Target,Target_Namespace,Target_Type,Target_Method,Job_Id,Job_AnalyzeLaunchVariance,Job_EvaluateOverhead,Job_MaxAbsoluteError,Job_MaxRelativeError,Job_MinInvokeCount,Job_MinIterationTime,Job_OutlierMode,Job_Affinity,Job_EnvironmentVariables,Job_Jit,Job_LargeAddressAware,Job_Platform,Job_PowerPlanMode,Job_Runtime,Job_AllowVeryLargeObjects,Job_Concurrent,Job_CpuGroups,Job_Force,Job_HeapAffinitizeMask,Job_HeapCount,Job_NoAffinitize,Job_RetainVm,Job_Server,Job_Arguments,Job_BuildConfiguration,Job_Clock,Job_EngineFactory,Job_Toolchain,Job_IsMutator,Job_InvocationCount,Job_IterationCount,Job_IterationTime,Job_LaunchCount,Job_MaxIterationCount,Job_MaxWarmupIterationCount,Job_MemoryRandomization,Job_MinIterationCount,Job_MinWarmupIterationCount,Job_RunStrategy,Job_UnrollFactor,Job_WarmupCount,Job_Display,Params,Measurement_LaunchIndex,Measurement_IterationMode,Measurement_IterationStage,Measurement_IterationIndex,Measurement_Nanoseconds,Measurement_Operations,Measurement_Value,Gen_0,Gen_1,Gen_2,Allocated_Bytes
VectorQuantisationBenchmarks.'HNSW search',Rowles.LeanCorpus.Benchmarks,VectorQuantisationBenchmarks,'HNSW search',DefaultJob,Default,Default,Default,Default,Default,Default,Default,Default,Default,Default,Default,Default,Default,Default,Default,Default,Default,Default,Default,Default,Default,Default,Default,Default,Default,Default,Default,Default,Default,Default,Default,Default,Default,Default,Default,Default,Default,Default,Default,Default,Default,DefaultJob,Dimension=64&Quantisation=None,1,Workload,Jitting,1,3824562,1,3824562,2,0,0,40939
VectorQuantisationBenchmarks.'HNSW search',Rowles.LeanCorpus.Benchmarks,VectorQuantisationBenchmarks,'HNSW search',DefaultJob,Default,Default,Default,Default,Default,Default,Default,Default,Default,Default,Default,Default,Default,Default,Default,Default,Default,Default,Default,Default,Default,Default,Default,Default,Default,Default,Default,Default,Default,Default,Default,Default,Default,Default,Default,Default,Default,Default,Default,Default,Default,DefaultJob,Dimension=64&Quantisation=None,1,Workload,Jitting,2,86420687,30,2880689.57,2,0,0,40939
VectorQuantisationBenchmarks.'HNSW search',Rowles.LeanCorpus.Benchmarks,VectorQuantisationBenchmarks,'HNSW search',DefaultJob,Default,Default,Default,Default,Default,Default,Default,Default,Default,Default,Default,Default,Default,Default,Default,Default,Default,Default,Default,Default,Default,Default,Default,Default,Default,Default,Default,Default,Default,Default,Default,Default,Default,Default,Default,Default,Default,Default,Default,Default,Default,DefaultJob,Dimension=64&Quantisation=None,1,Workload,Jitting,3,87639363,30,2921312.1,2,0,0,40939
VectorQuantisationBenchmarks.'HNSW search',Rowles.LeanCorpus.Benchmarks,VectorQuantisationBenchmarks,'HNSW search',DefaultJob,Default,Default,Default,Default,Default,Default,Default,Default,Default,Default,Default,Default,Default,Default,Default,Default,Default,Default,Default,Default,Default,Default,Default,Default,Default,Default,Default,Default,Default,Default,Default,Default,Default,Default,Default,Default,Default,Default,Default,Default,Default,DefaultJob,Dimension=64&Quantisation=None,1,Workload,Jitting,4,89093930,30,2969797.67,2,0,0,40939
VectorQuantisationBenchmarks.'HNSW search',Rowles.LeanCorpus.Benchmarks,VectorQuantisationBenchmarks,'HNSW search',DefaultJob,Default,Default,Default,Default,Default,Default,Default,Default,Default,Default,Default,Default,Default,Default,Default,Default,Default,Default,Default,Default,Default,Default,Default,Default,Default,Default,Default,Default,Default,Default,Default,Default,Default,Default,Default,Default,Default,Default,Default,Default,Default,DefaultJob,Dimension=64&Quantisation=None,1,Workload,Jitting,5,3532210,1,3532210,2,0,0,40939
VectorQuantisationBenchmarks.'HNSW search',Rowles.LeanCorpus.Benchmarks,VectorQuantisationBenchmarks,'HNSW search',DefaultJob,Default,Default,Default,Default,Default,Default,Default,Default,Default,Default,Default,Default,Default,Default,Default,Default,Default,Default,Default,Default,Default,Default,Default,Default,Default,Default,Default,Default,Default,Default,Default,Default,Default,Default,Default,Default,Default,Default,Default,Default,Default,DefaultJob,Dimension=64&Quantisation=None,1,Workload,Pilot,1,3788765,1,3788765,2,0,0,40939
VectorQuantisationBenchmarks.'HNSW search',Rowles.LeanCorpus.Benchmarks,VectorQuantisationBenchmarks,'HNSW search',DefaultJob,Default,Default,Default,Default,Default,Default,Default,Default,Default,Default,Default,Default,Default,Default,Default,Default,Default,Default,Default,Default,Default,Default,Default,Default,Default,Default,Default,Default,Default,Default,Default,Default,Default,Default,Default,Default,Default,Default,Default,Default,Default,DefaultJob,Dimension=64&Quantisation=None,1,Workload,Pilot,1,46863985,16,2928999.06,2,0,0,40939
VectorQuantisationBenchmarks.'HNSW search',Rowles.LeanCorpus.Benchmarks,VectorQuantisationBenchmarks,'HNSW search',DefaultJob,Default,Default,Default,Default,Default,Default,Default,Default,Default,Default,Default,Default,Default,Default,Default,Default,Default,Default,Default,Default,Default,Default,Default,Default,Default,Default,Default,Default,Default,Default,Default,Default,Default,Default,Default,Default,Default,Default,Default,Default,Default,DefaultJob,Dimension=64&Quantisation=None,1,Workload,Pilot,2,87664036,32,2739501.13,2,0,0,40939
VectorQuantisationBenchmarks.'HNSW search',Rowles.LeanCorpus.Benchmarks,VectorQuantisationBenchmarks,'HNSW search',DefaultJob,Default,Default,Default,Default,Default,Default,Default,Default,Default,Default,Default,Default,Default,Default,Default,Default,Default,Default,Default,Default,Default,Default,Default,Default,Default,Default,Default,Default,Default,Default,Default,Default,Default,Default,Default,Default,Default,Default,Default,Default,Default,DefaultJob,Dimension=64&Quantisation=None,1,Workload,Pilot,3,160427626,64,2506681.66,2,0,0,40939
VectorQuantisationBenchmarks.'HNSW search',Rowles.LeanCorpus.Benchmarks,VectorQuantisationBenchmarks,'HNSW search',DefaultJob,Default,Default,Default,Default,Default,Default,Default,Default,Default,Default,Default,Default,Default,Default,Default,Default,Default,Default,Default,Default,Default,Default,Default,Default,Default,Default,Default,Default,Default,Default,Default,Default,Default,Default,Default,Default,Default,Default,Default,Default,Default,DefaultJob,Dimension=64&Quantisation=None,1,Workload,Pilot,4,302005329,128,2359416.63,2,0,0,40939
VectorQuantisationBenchmarks.'HNSW search',Rowles.LeanCorpus.Benchmarks,VectorQuantisationBenchmarks,'HNSW search',DefaultJob,Default,Default,Default,Default,Default,Default,Default,Default,Default,Default,Default,Default,Default,Default,Default,Default,Default,Default,Default,Default,Default,Default,Default,Default,Default,Default,Default,Default,Default,Default,Default,Default,Default,Default,Default,Default,Default,Default,Default,Default,Default,DefaultJob,Dimension=64&Quantisation=None,1,Workload,Pilot,5,586818485,256,2292259.71,2,0,0,40939
VectorQuantisationBenchmarks.'HNSW search',Rowles.LeanCorpus.Benchmarks,VectorQuantisationBenchmarks,'HNSW search',DefaultJob,Default,Default,Default,Default,Default,Default,Default,Default,Default,Default,Default,Default,Default,Default,Default,Default,Default,Default,Default,Default,Default,Default,Default,Default,Default,Default,Default,Default,Default,Default,Default,Default,Default,Default,Default,Default,Default,Default,Default,Default,Default,DefaultJob,Dimension=64&Quantisation=None,1,Workload,Warmup,1,580764415,256,2268611,2,0,0,40939
VectorQuantisationBenchmarks.'HNSW search',Rowles.LeanCorpus.Benchmarks,VectorQuantisationBenchmarks,'HNSW search',DefaultJob,Default,Default,Default,Default,Default,Default,Default,Default,Default,Default,Default,Default,Default,Default,Default,Default,Default,Default,Default,Default,Default,Default,Default,Default,Default,Default,Default,Default,Default,Default,Default,Default,Default,Default,Default,Default,Default,Default,Default,Default,Default,DefaultJob,Dimension=64&Quantisation=None,1,Workload,Warmup,2,574472957,256,2244034.99,2,0,0,40939
VectorQuantisationBenchmarks.'HNSW search',Rowles.LeanCorpus.Benchmarks,VectorQuantisationBenchmarks,'HNSW search',DefaultJob,Default,Default,Default,Default,Default,Default,Default,Default,Default,Default,Default,Default,Default,Default,Default,Default,Default,Default,Default,Default,Default,Default,Default,Default,Default,Default,Default,Default,Default,Default,Default,Default,Default,Default,Default,Default,Default,Default,Default,Default,Default,DefaultJob,Dimension=64&Quantisation=None,1,Workload,Warmup,3,593796850,256,2319518.95,2,0,0,40939
VectorQuantisationBenchmarks.'HNSW search',Rowles.LeanCorpus.Benchmarks,VectorQuantisationBenchmarks,'HNSW search',DefaultJob,Default,Default,Default,Default,Default,Default,Default,Default,Default,Default,Default,Default,Default,Default,Default,Default,Default,Default,Default,Default,Default,Default,Default,Default,Default,Default,Default,Default,Default,Default,Default,Default,Default,Default,Default,Default,Default,Default,Default,Default,Default,DefaultJob,Dimension=64&Quantisation=None,1,Workload,Warmup,4,584119314,256,2281716.07,2,0,0,40939
VectorQuantisationBenchmarks.'HNSW search',Rowles.LeanCorpus.Benchmarks,VectorQuantisationBenchmarks,'HNSW search',DefaultJob,Default,Default,Default,Default,Default,Default,Default,Default,Default,Default,Default,Default,Default,Default,Default,Default,Default,Default,Default,Default,Default,Default,Default,Default,Default,Default,Default,Default,Default,Default,Default,Default,Default,Default,Default,Default,Default,Default,Default,Default,Default,DefaultJob,Dimension=64&Quantisation=None,1,Workload,Warmup,5,575960194,256,2249844.51,2,0,0,40939
VectorQuantisationBenchmarks.'HNSW search',Rowles.LeanCorpus.Benchmarks,VectorQuantisationBenchmarks,'HNSW search',DefaultJob,Default,Default,Default,Default,Default,Default,Default,Default,Default,Default,Default,Default,Default,Default,Default,Default,Default,Default,Default,Default,Default,Default,Default,Default,Default,Default,Default,Default,Default,Default,Default,Default,Default,Default,Default,Default,Default,Default,Default,Default,Default,DefaultJob,Dimension=64&Quantisation=None,1,Workload,Warmup,6,592597827,256,2314835.26,2,0,0,40939
VectorQuantisationBenchmarks.'HNSW search',Rowles.LeanCorpus.Benchmarks,VectorQuantisationBenchmarks,'HNSW search',DefaultJob,Default,Default,Default,Default,Default,Default,Default,Default,Default,Default,Default,Default,Default,Default,Default,Default,Default,Default,Default,Default,Default,Default,Default,Default,Default,Default,Default,Default,Default,Default,Default,Default,Default,Default,Default,Default,Default,Default,Default,Default,Default,DefaultJob,Dimension=64&Quantisation=None,1,Workload,Warmup,7,579032439,256,2261845.46,2,0,0,40939
VectorQuantisationBenchmarks.'HNSW search',Rowles.LeanCorpus.Benchmarks,VectorQuantisationBenchmarks,'HNSW search',DefaultJob,Default,Default,Default,Default,Default,Default,Default,Default,Default,Default,Default,Default,Default,Default,Default,Default,Default,Default,Default,Default,Default,Default,Default,Default,Default,Default,Default,Default,Default,Default,Default,Default,Default,Default,Default,Default,Default,Default,Default,Default,Default,DefaultJob,Dimension=64&Quantisation=None,1,Workload,Actual,1,585421771,256,2286803.79,2,0,0,40939
VectorQuantisationBenchmarks.'HNSW search',Rowles.LeanCorpus.Benchmarks,VectorQuantisationBenchmarks,'HNSW search',DefaultJob,Default,Default,Default,Default,Default,Default,Default,Default,Default,Default,Default,Default,Default,Default,Default,Default,Default,Default,Default,Default,Default,Default,Default,Default,Default,Default,Default,Default,Default,Default,Default,Default,Default,Default,Default,Default,Default,Default,Default,Default,Default,DefaultJob,Dimension=64&Quantisation=None,1,Workload,Actual,2,578469810,256,2259647.7,2,0,0,40939
VectorQuantisationBenchmarks.'HNSW search',Rowles.LeanCorpus.Benchmarks,VectorQuantisationBenchmarks,'HNSW search',DefaultJob,Default,Default,Default,Default,Default,Default,Default,Default,Default,Default,Default,Default,Default,Default,Default,Default,Default,Default,Default,Default,Default,Default,Default,Default,Default,Default,Default,Default,Default,Default,Default,Default,Default,Default,Default,Default,Default,Default,Default,Default,Default,DefaultJob,Dimension=64&Quantisation=None,1,Workload,Actual,3,590588769,256,2306987.38,2,0,0,40939
VectorQuantisationBenchmarks.'HNSW search',Rowles.LeanCorpus.Benchmarks,VectorQuantisationBenchmarks,'HNSW search',DefaultJob,Default,Default,Default,Default,Default,Default,Default,Default,Default,Default,Default,Default,Default,Default,Default,Default,Default,Default,Default,Default,Default,Default,Default,Default,Default,Default,Default,Default,Default,Default,Default,Default,Default,Default,Default,Default,Default,Default,Default,Default,Default,DefaultJob,Dimension=64&Quantisation=None,1,Workload,Actual,4,577572775,256,2256143.65,2,0,0,40939
VectorQuantisationBenchmarks.'HNSW search',Rowles.LeanCorpus.Benchmarks,VectorQuantisationBenchmarks,'HNSW search',DefaultJob,Default,Default,Default,Default,Default,Default,Default,Default,Default,Default,Default,Default,Default,Default,Default,Default,Default,Default,Default,Default,Default,Default,Default,Default,Default,Default,Default,Default,Default,Default,Default,Default,Default,Default,Default,Default,Default,Default,Default,Default,Default,DefaultJob,Dimension=64&Quantisation=None,1,Workload,Actual,5,584807033,256,2284402.47,2,0,0,40939
VectorQuantisationBenchmarks.'HNSW search',Rowles.LeanCorpus.Benchmarks,VectorQuantisationBenchmarks,'HNSW search',DefaultJob,Default,Default,Default,Default,Default,Default,Default,Default,Default,Default,Default,Default,Default,Default,Default,Default,Default,Default,Default,Default,Default,Default,Default,Default,Default,Default,Default,Default,Default,Default,Default,Default,Default,Default,Default,Default,Default,Default,Default,Default,Default,DefaultJob,Dimension=64&Quantisation=None,1,Workload,Actual,6,592483416,256,2314388.34,2,0,0,40939
VectorQuantisationBenchmarks.'HNSW search',Rowles.LeanCorpus.Benchmarks,VectorQuantisationBenchmarks,'HNSW search',DefaultJob,Default,Default,Default,Default,Default,Default,Default,Default,Default,Default,Default,Default,Default,Default,Default,Default,Default,Default,Default,Default,Default,Default,Default,Default,Default,Default,Default,Default,Default,Default,Default,Default,Default,Default,Default,Default,Default,Default,Default,Default,Default,DefaultJob,Dimension=64&Quantisation=None,1,Workload,Actual,7,609061899,256,2379148.04,2,0,0,40939
VectorQuantisationBenchmarks.'HNSW search',Rowles.LeanCorpus.Benchmarks,VectorQuantisationBenchmarks,'HNSW search',DefaultJob,Default,Default,Default,Default,Default,Default,Default,Default,Default,Default,Default,Default,Default,Default,Default,Default,Default,Default,Default,Default,Default,Default,Default,Default,Default,Default,Default,Default,Default,Default,Default,Default,Default,Default,Default,Default,Default,Default,Default,Default,Default,DefaultJob,Dimension=64&Quantisation=None,1,Workload,Actual,8,577817785,256,2257100.72,2,0,0,40939
VectorQuantisationBenchmarks.'HNSW search',Rowles.LeanCorpus.Benchmarks,VectorQuantisationBenchmarks,'HNSW search',DefaultJob,Default,Default,Default,Default,Default,Default,Default,Default,Default,Default,Default,Default,Default,Default,Default,Default,Default,Default,Default,Default,Default,Default,Default,Default,Default,Default,Default,Default,Default,Default,Default,Default,Default,Default,Default,Default,Default,Default,Default,Default,Default,DefaultJob,Dimension=64&Quantisation=None,1,Workload,Actual,9,576830591,256,2253244.5,2,0,0,40939
VectorQuantisationBenchmarks.'HNSW search',Rowles.LeanCorpus.Benchmarks,VectorQuantisationBenchmarks,'HNSW search',DefaultJob,Default,Default,Default,Default,Default,Default,Default,Default,Default,Default,Default,Default,Default,Default,Default,Default,Default,Default,Default,Default,Default,Default,Default,Default,Default,Default,Default,Default,Default,Default,Default,Default,Default,Default,Default,Default,Default,Default,Default,Default,Default,DefaultJob,Dimension=64&Quantisation=None,1,Workload,Actual,10,581741419,256,2272427.42,2,0,0,40939
VectorQuantisationBenchmarks.'HNSW search',Rowles.LeanCorpus.Benchmarks,VectorQuantisationBenchmarks,'HNSW search',DefaultJob,Default,Default,Default,Default,Default,Default,Default,Default,Default,Default,Default,Default,Default,Default,Default,Default,Default,Default,Default,Default,Default,Default,Default,Default,Default,Default,Default,Default,Default,Default,Default,Default,Default,Default,Default,Default,Default,Default,Default,Default,Default,DefaultJob,Dimension=64&Quantisation=None,1,Workload,Actual,11,602486623,256,2353463.37,2,0,0,40939
VectorQuantisationBenchmarks.'HNSW search',Rowles.LeanCorpus.Benchmarks,VectorQuantisationBenchmarks,'HNSW search',DefaultJob,Default,Default,Default,Default,Default,Default,Default,Default,Default,Default,Default,Default,Default,Default,Default,Default,Default,Default,Default,Default,Default,Default,Default,Default,Default,Default,Default,Default,Default,Default,Default,Default,Default,Default,Default,Default,Default,Default,Default,Default,Default,DefaultJob,Dimension=64&Quantisation=None,1,Workload,Actual,12,581763109,256,2272512.14,2,0,0,40939
VectorQuantisationBenchmarks.'HNSW search',Rowles.LeanCorpus.Benchmarks,VectorQuantisationBenchmarks,'HNSW search',DefaultJob,Default,Default,Default,Default,Default,Default,Default,Default,Default,Default,Default,Default,Default,Default,Default,Default,Default,Default,Default,Default,Default,Default,Default,Default,Default,Default,Default,Default,Default,Default,Default,Default,Default,Default,Default,Default,Default,Default,Default,Default,Default,DefaultJob,Dimension=64&Quantisation=None,1,Workload,Actual,13,579120906,256,2262191.04,2,0,0,40939
VectorQuantisationBenchmarks.'HNSW search',Rowles.LeanCorpus.Benchmarks,VectorQuantisationBenchmarks,'HNSW search',DefaultJob,Default,Default,Default,Default,Default,Default,Default,Default,Default,Default,Default,Default,Default,Default,Default,Default,Default,Default,Default,Default,Default,Default,Default,Default,Default,Default,Default,Default,Default,Default,Default,Default,Default,Default,Default,Default,Default,Default,Default,Default,Default,DefaultJob,Dimension=64&Quantisation=None,1,Workload,Actual,14,596743721,256,2331030.16,2,0,0,40939
VectorQuantisationBenchmarks.'HNSW search',Rowles.LeanCorpus.Benchmarks,VectorQuantisationBenchmarks,'HNSW search',DefaultJob,Default,Default,Default,Default,Default,Default,Default,Default,Default,Default,Default,Default,Default,Default,Default,Default,Default,Default,Default,Default,Default,Default,Default,Default,Default,Default,Default,Default,Default,Default,Default,Default,Default,Default,Default,Default,Default,Default,Default,Default,Default,DefaultJob,Dimension=64&Quantisation=None,1,Workload,Actual,15,581583646,256,2271811.12,2,0,0,40939
VectorQuantisationBenchmarks.'HNSW search',Rowles.LeanCorpus.Benchmarks,VectorQuantisationBenchmarks,'HNSW search',DefaultJob,Default,Default,Default,Default,Default,Default,Default,Default,Default,Default,Default,Default,Default,Default,Default,Default,Default,Default,Default,Default,Default,Default,Default,Default,Default,Default,Default,Default,Default,Default,Default,Default,Default,Default,Default,Default,Default,Default,Default,Default,Default,DefaultJob,Dimension=64&Quantisation=None,1,Workload,Extra,1,607604747,256,2373456.04,2,0,0,40939
VectorQuantisationBenchmarks.'HNSW search',Rowles.LeanCorpus.Benchmarks,VectorQuantisationBenchmarks,'HNSW search',DefaultJob,Default,Default,Default,Default,Default,Default,Default,Default,Default,Default,Default,Default,Default,Default,Default,Default,Default,Default,Default,Default,Default,Default,Default,Default,Default,Default,Default,Default,Default,Default,Default,Default,Default,Default,Default,Default,Default,Default,Default,Default,Default,DefaultJob,Dimension=64&Quantisation=None,1,Workload,Result,1,585421771,256,2286803.79,2,0,0,40939
VectorQuantisationBenchmarks.'HNSW search',Rowles.LeanCorpus.Benchmarks,VectorQuantisationBenchmarks,'HNSW search',DefaultJob,Default,Default,Default,Default,Default,Default,Default,Default,Default,Default,Default,Default,Default,Default,Default,Default,Default,Default,Default,Default,Default,Default,Default,Default,Default,Default,Default,Default,Default,Default,Default,Default,Default,Default,Default,Default,Default,Default,Default,Default,Default,DefaultJob,Dimension=64&Quantisation=None,1,Workload,Result,2,578469810,256,2259647.7,2,0,0,40939
VectorQuantisationBenchmarks.'HNSW search',Rowles.LeanCorpus.Benchmarks,VectorQuantisationBenchmarks,'HNSW search',DefaultJob,Default,Default,Default,Default,Default,Default,Default,Default,Default,Default,Default,Default,Default,Default,Default,Default,Default,Default,Default,Default,Default,Default,Default,Default,Default,Default,Default,Default,Default,Default,Default,Default,Default,Default,Default,Default,Default,Default,Default,Default,Default,DefaultJob,Dimension=64&Quantisation=None,1,Workload,Result,3,590588769,256,2306987.38,2,0,0,40939
VectorQuantisationBenchmarks.'HNSW search',Rowles.LeanCorpus.Benchmarks,VectorQuantisationBenchmarks,'HNSW search',DefaultJob,Default,Default,Default,Default,Default,Default,Default,Default,Default,Default,Default,Default,Default,Default,Default,Default,Default,Default,Default,Default,Default,Default,Default,Default,Default,Default,Default,Default,Default,Default,Default,Default,Default,Default,Default,Default,Default,Default,Default,Default,Default,DefaultJob,Dimension=64&Quantisation=None,1,Workload,Result,4,577572775,256,2256143.65,2,0,0,40939
VectorQuantisationBenchmarks.'HNSW search',Rowles.LeanCorpus.Benchmarks,VectorQuantisationBenchmarks,'HNSW search',DefaultJob,Default,Default,Default,Default,Default,Default,Default,Default,Default,Default,Default,Default,Default,Default,Default,Default,Default,Default,Default,Default,Default,Default,Default,Default,Default,Default,Default,Default,Default,Default,Default,Default,Default,Default,Default,Default,Default,Default,Default,Default,Default,DefaultJob,Dimension=64&Quantisation=None,1,Workload,Result,5,584807033,256,2284402.47,2,0,0,40939
VectorQuantisationBenchmarks.'HNSW search',Rowles.LeanCorpus.Benchmarks,VectorQuantisationBenchmarks,'HNSW search',DefaultJob,Default,Default,Default,Default,Default,Default,Default,Default,Default,Default,Default,Default,Default,Default,Default,Default,Default,Default,Default,Default,Default,Default,Default,Default,Default,Default,Default,Default,Default,Default,Default,Default,Default,Default,Default,Default,Default,Default,Default,Default,Default,DefaultJob,Dimension=64&Quantisation=None,1,Workload,Result,6,592483416,256,2314388.34,2,0,0,40939
VectorQuantisationBenchmarks.'HNSW search',Rowles.LeanCorpus.Benchmarks,VectorQuantisationBenchmarks,'HNSW search',DefaultJob,Default,Default,Default,Default,Default,Default,Default,Default,Default,Default,Default,Default,Default,Default,Default,Default,Default,Default,Default,Default,Default,Default,Default,Default,Default,Default,Default,Default,Default,Default,Default,Default,Default,Default,Default,Default,Default,Default,Default,Default,Default,DefaultJob,Dimension=64&Quantisation=None,1,Workload,Result,7,609061899,256,2379148.04,2,0,0,40939
VectorQuantisationBenchmarks.'HNSW search',Rowles.LeanCorpus.Benchmarks,VectorQuantisationBenchmarks,'HNSW search',DefaultJob,Default,Default,Default,Default,Default,Default,Default,Default,Default,Default,Default,Default,Default,Default,Default,Default,Default,Default,Default,Default,Default,Default,Default,Default,Default,Default,Default,Default,Default,Default,Default,Default,Default,Default,Default,Default,Default,Default,Default,Default,Default,DefaultJob,Dimension=64&Quantisation=None,1,Workload,Result,8,577817785,256,2257100.72,2,0,0,40939
VectorQuantisationBenchmarks.'HNSW search',Rowles.LeanCorpus.Benchmarks,VectorQuantisationBenchmarks,'HNSW search',DefaultJob,Default,Default,Default,Default,Default,Default,Default,Default,Default,Default,Default,Default,Default,Default,Default,Default,Default,Default,Default,Default,Default,Default,Default,Default,Default,Default,Default,Default,Default,Default,Default,Default,Default,Default,Default,Default,Default,Default,Default,Default,Default,DefaultJob,Dimension=64&Quantisation=None,1,Workload,Result,9,576830591,256,2253244.5,2,0,0,40939
VectorQuantisationBenchmarks.'HNSW search',Rowles.LeanCorpus.Benchmarks,VectorQuantisationBenchmarks,'HNSW search',DefaultJob,Default,Default,Default,Default,Default,Default,Default,Default,Default,Default,Default,Default,Default,Default,Default,Default,Default,Default,Default,Default,Default,Default,Default,Default,Default,Default,Default,Default,Default,Default,Default,Default,Default,Default,Default,Default,Default,Default,Default,Default,Default,DefaultJob,Dimension=64&Quantisation=None,1,Workload,Result,10,581741419,256,2272427.42,2,0,0,40939
VectorQuantisationBenchmarks.'HNSW search',Rowles.LeanCorpus.Benchmarks,VectorQuantisationBenchmarks,'HNSW search',DefaultJob,Default,Default,Default,Default,Default,Default,Default,Default,Default,Default,Default,Default,Default,Default,Default,Default,Default,Default,Default,Default,Default,Default,Default,Default,Default,Default,Default,Default,Default,Default,Default,Default,Default,Default,Default,Default,Default,Default,Default,Default,Default,DefaultJob,Dimension=64&Quantisation=None,1,Workload,Result,11,602486623,256,2353463.37,2,0,0,40939
VectorQuantisationBenchmarks.'HNSW search',Rowles.LeanCorpus.Benchmarks,VectorQuantisationBenchmarks,'HNSW search',DefaultJob,Default,Default,Default,Default,Default,Default,Default,Default,Default,Default,Default,Default,Default,Default,Default,Default,Default,Default,Default,Default,Default,Default,Default,Default,Default,Default,Default,Default,Default,Default,Default,Default,Default,Default,Default,Default,Default,Default,Default,Default,Default,DefaultJob,Dimension=64&Quantisation=None,1,Workload,Result,12,581763109,256,2272512.14,2,0,0,40939
VectorQuantisationBenchmarks.'HNSW search',Rowles.LeanCorpus.Benchmarks,VectorQuantisationBenchmarks,'HNSW search',DefaultJob,Default,Default,Default,Default,Default,Default,Default,Default,Default,Default,Default,Default,Default,Default,Default,Default,Default,Default,Default,Default,Default,Default,Default,Default,Default,Default,Default,Default,Default,Default,Default,Default,Default,Default,Default,Default,Default,Default,Default,Default,Default,DefaultJob,Dimension=64&Quantisation=None,1,Workload,Result,13,579120906,256,2262191.04,2,0,0,40939
VectorQuantisationBenchmarks.'HNSW search',Rowles.LeanCorpus.Benchmarks,VectorQuantisationBenchmarks,'HNSW search',DefaultJob,Default,Default,Default,Default,Default,Default,Default,Default,Default,Default,Default,Default,Default,Default,Default,Default,Default,Default,Default,Default,Default,Default,Default,Default,Default,Default,Default,Default,Default,Default,Default,Default,Default,Default,Default,Default,Default,Default,Default,Default,Default,DefaultJob,Dimension=64&Quantisation=None,1,Workload,Result,14,596743721,256,2331030.16,2,0,0,40939
VectorQuantisationBenchmarks.'HNSW search',Rowles.LeanCorpus.Benchmarks,VectorQuantisationBenchmarks,'HNSW search',DefaultJob,Default,Default,Default,Default,Default,Default,Default,Default,Default,Default,Default,Default,Default,Default,Default,Default,Default,Default,Default,Default,Default,Default,Default,Default,Default,Default,Default,Default,Default,Default,Default,Default,Default,Default,Default,Default,Default,Default,Default,Default,Default,DefaultJob,Dimension=64&Quantisation=None,1,Workload,Result,15,581583646,256,2271811.12,2,0,0,40939
VectorQuantisationBenchmarks.'Lucene.NET flat scan',Rowles.LeanCorpus.Benchmarks,VectorQuantisationBenchmarks,'Lucene.NET flat scan',DefaultJob,Default,Default,Default,Default,Default,Default,Default,Default,Default,Default,Default,Default,Default,Default,Default,Default,Default,Default,Default,Default,Default,Default,Default,Default,Default,Default,Default,Default,Default,Default,Default,Default,Default,Default,Default,Default,Default,Default,Default,Default,Default,DefaultJob,Dimension=64&Quantisation=None,1,Workload,Jitting,1,322160629,1,322160629,42,0,0,88800104
VectorQuantisationBenchmarks.'Lucene.NET flat scan',Rowles.LeanCorpus.Benchmarks,VectorQuantisationBenchmarks,'Lucene.NET flat scan',DefaultJob,Default,Default,Default,Default,Default,Default,Default,Default,Default,Default,Default,Default,Default,Default,Default,Default,Default,Default,Default,Default,Default,Default,Default,Default,Default,Default,Default,Default,Default,Default,Default,Default,Default,Default,Default,Default,Default,Default,Default,Default,Default,DefaultJob,Dimension=64&Quantisation=None,1,Workload,Jitting,2,7690360830,30,256345361,42,0,0,88800104
VectorQuantisationBenchmarks.'Lucene.NET flat scan',Rowles.LeanCorpus.Benchmarks,VectorQuantisationBenchmarks,'Lucene.NET flat scan',DefaultJob,Default,Default,Default,Default,Default,Default,Default,Default,Default,Default,Default,Default,Default,Default,Default,Default,Default,Default,Default,Default,Default,Default,Default,Default,Default,Default,Default,Default,Default,Default,Default,Default,Default,Default,Default,Default,Default,Default,Default,Default,Default,DefaultJob,Dimension=64&Quantisation=None,1,Workload,Jitting,3,1766516298,7,252359471.14,42,0,0,88800104
VectorQuantisationBenchmarks.'Lucene.NET flat scan',Rowles.LeanCorpus.Benchmarks,VectorQuantisationBenchmarks,'Lucene.NET flat scan',DefaultJob,Default,Default,Default,Default,Default,Default,Default,Default,Default,Default,Default,Default,Default,Default,Default,Default,Default,Default,Default,Default,Default,Default,Default,Default,Default,Default,Default,Default,Default,Default,Default,Default,Default,Default,Default,Default,Default,Default,Default,Default,Default,DefaultJob,Dimension=64&Quantisation=None,1,Workload,Jitting,4,254155215,1,254155215,42,0,0,88800104
VectorQuantisationBenchmarks.'Lucene.NET flat scan',Rowles.LeanCorpus.Benchmarks,VectorQuantisationBenchmarks,'Lucene.NET flat scan',DefaultJob,Default,Default,Default,Default,Default,Default,Default,Default,Default,Default,Default,Default,Default,Default,Default,Default,Default,Default,Default,Default,Default,Default,Default,Default,Default,Default,Default,Default,Default,Default,Default,Default,Default,Default,Default,Default,Default,Default,Default,Default,Default,DefaultJob,Dimension=64&Quantisation=None,1,Workload,Pilot,1,509422117,2,254711058.5,42,0,0,88800104
VectorQuantisationBenchmarks.'Lucene.NET flat scan',Rowles.LeanCorpus.Benchmarks,VectorQuantisationBenchmarks,'Lucene.NET flat scan',DefaultJob,Default,Default,Default,Default,Default,Default,Default,Default,Default,Default,Default,Default,Default,Default,Default,Default,Default,Default,Default,Default,Default,Default,Default,Default,Default,Default,Default,Default,Default,Default,Default,Default,Default,Default,Default,Default,Default,Default,Default,Default,Default,DefaultJob,Dimension=64&Quantisation=None,1,Workload,Warmup,1,511770017,2,255885008.5,42,0,0,88800104
VectorQuantisationBenchmarks.'Lucene.NET flat scan',Rowles.LeanCorpus.Benchmarks,VectorQuantisationBenchmarks,'Lucene.NET flat scan',DefaultJob,Default,Default,Default,Default,Default,Default,Default,Default,Default,Default,Default,Default,Default,Default,Default,Default,Default,Default,Default,Default,Default,Default,Default,Default,Default,Default,Default,Default,Default,Default,Default,Default,Default,Default,Default,Default,Default,Default,Default,Default,Default,DefaultJob,Dimension=64&Quantisation=None,1,Workload,Warmup,2,508221328,2,254110664,42,0,0,88800104
VectorQuantisationBenchmarks.'Lucene.NET flat scan',Rowles.LeanCorpus.Benchmarks,VectorQuantisationBenchmarks,'Lucene.NET flat scan',DefaultJob,Default,Default,Default,Default,Default,Default,Default,Default,Default,Default,Default,Default,Default,Default,Default,Default,Default,Default,Default,Default,Default,Default,Default,Default,Default,Default,Default,Default,Default,Default,Default,Default,Default,Default,Default,Default,Default,Default,Default,Default,Default,DefaultJob,Dimension=64&Quantisation=None,1,Workload,Warmup,3,508280309,2,254140154.5,42,0,0,88800104
VectorQuantisationBenchmarks.'Lucene.NET flat scan',Rowles.LeanCorpus.Benchmarks,VectorQuantisationBenchmarks,'Lucene.NET flat scan',DefaultJob,Default,Default,Default,Default,Default,Default,Default,Default,Default,Default,Default,Default,Default,Default,Default,Default,Default,Default,Default,Default,Default,Default,Default,Default,Default,Default,Default,Default,Default,Default,Default,Default,Default,Default,Default,Default,Default,Default,Default,Default,Default,DefaultJob,Dimension=64&Quantisation=None,1,Workload,Warmup,4,508306755,2,254153377.5,42,0,0,88800104
VectorQuantisationBenchmarks.'Lucene.NET flat scan',Rowles.LeanCorpus.Benchmarks,VectorQuantisationBenchmarks,'Lucene.NET flat scan',DefaultJob,Default,Default,Default,Default,Default,Default,Default,Default,Default,Default,Default,Default,Default,Default,Default,Default,Default,Default,Default,Default,Default,Default,Default,Default,Default,Default,Default,Default,Default,Default,Default,Default,Default,Default,Default,Default,Default,Default,Default,Default,Default,DefaultJob,Dimension=64&Quantisation=None,1,Workload,Warmup,5,507775182,2,253887591,42,0,0,88800104
VectorQuantisationBenchmarks.'Lucene.NET flat scan',Rowles.LeanCorpus.Benchmarks,VectorQuantisationBenchmarks,'Lucene.NET flat scan',DefaultJob,Default,Default,Default,Default,Default,Default,Default,Default,Default,Default,Default,Default,Default,Default,Default,Default,Default,Default,Default,Default,Default,Default,Default,Default,Default,Default,Default,Default,Default,Default,Default,Default,Default,Default,Default,Default,Default,Default,Default,Default,Default,DefaultJob,Dimension=64&Quantisation=None,1,Workload,Warmup,6,510077254,2,255038627,42,0,0,88800104
VectorQuantisationBenchmarks.'Lucene.NET flat scan',Rowles.LeanCorpus.Benchmarks,VectorQuantisationBenchmarks,'Lucene.NET flat scan',DefaultJob,Default,Default,Default,Default,Default,Default,Default,Default,Default,Default,Default,Default,Default,Default,Default,Default,Default,Default,Default,Default,Default,Default,Default,Default,Default,Default,Default,Default,Default,Default,Default,Default,Default,Default,Default,Default,Default,Default,Default,Default,Default,DefaultJob,Dimension=64&Quantisation=None,1,Workload,Warmup,7,507728708,2,253864354,42,0,0,88800104
VectorQuantisationBenchmarks.'Lucene.NET flat scan',Rowles.LeanCorpus.Benchmarks,VectorQuantisationBenchmarks,'Lucene.NET flat scan',DefaultJob,Default,Default,Default,Default,Default,Default,Default,Default,Default,Default,Default,Default,Default,Default,Default,Default,Default,Default,Default,Default,Default,Default,Default,Default,Default,Default,Default,Default,Default,Default,Default,Default,Default,Default,Default,Default,Default,Default,Default,Default,Default,DefaultJob,Dimension=64&Quantisation=None,1,Workload,Actual,1,509582209,2,254791104.5,42,0,0,88800104
VectorQuantisationBenchmarks.'Lucene.NET flat scan',Rowles.LeanCorpus.Benchmarks,VectorQuantisationBenchmarks,'Lucene.NET flat scan',DefaultJob,Default,Default,Default,Default,Default,Default,Default,Default,Default,Default,Default,Default,Default,Default,Default,Default,Default,Default,Default,Default,Default,Default,Default,Default,Default,Default,Default,Default,Default,Default,Default,Default,Default,Default,Default,Default,Default,Default,Default,Default,Default,DefaultJob,Dimension=64&Quantisation=None,1,Workload,Actual,2,508704991,2,254352495.5,42,0,0,88800104
VectorQuantisationBenchmarks.'Lucene.NET flat scan',Rowles.LeanCorpus.Benchmarks,VectorQuantisationBenchmarks,'Lucene.NET flat scan',DefaultJob,Default,Default,Default,Default,Default,Default,Default,Default,Default,Default,Default,Default,Default,Default,Default,Default,Default,Default,Default,Default,Default,Default,Default,Default,Default,Default,Default,Default,Default,Default,Default,Default,Default,Default,Default,Default,Default,Default,Default,Default,Default,DefaultJob,Dimension=64&Quantisation=None,1,Workload,Actual,3,511425610,2,255712805,42,0,0,88800104
VectorQuantisationBenchmarks.'Lucene.NET flat scan',Rowles.LeanCorpus.Benchmarks,VectorQuantisationBenchmarks,'Lucene.NET flat scan',DefaultJob,Default,Default,Default,Default,Default,Default,Default,Default,Default,Default,Default,Default,Default,Default,Default,Default,Default,Default,Default,Default,Default,Default,Default,Default,Default,Default,Default,Default,Default,Default,Default,Default,Default,Default,Default,Default,Default,Default,Default,Default,Default,DefaultJob,Dimension=64&Quantisation=None,1,Workload,Actual,4,501725676,2,250862838,42,0,0,88800104
VectorQuantisationBenchmarks.'Lucene.NET flat scan',Rowles.LeanCorpus.Benchmarks,VectorQuantisationBenchmarks,'Lucene.NET flat scan',DefaultJob,Default,Default,Default,Default,Default,Default,Default,Default,Default,Default,Default,Default,Default,Default,Default,Default,Default,Default,Default,Default,Default,Default,Default,Default,Default,Default,Default,Default,Default,Default,Default,Default,Default,Default,Default,Default,Default,Default,Default,Default,Default,DefaultJob,Dimension=64&Quantisation=None,1,Workload,Actual,5,502454347,2,251227173.5,42,0,0,88800104
VectorQuantisationBenchmarks.'Lucene.NET flat scan',Rowles.LeanCorpus.Benchmarks,VectorQuantisationBenchmarks,'Lucene.NET flat scan',DefaultJob,Default,Default,Default,Default,Default,Default,Default,Default,Default,Default,Default,Default,Default,Default,Default,Default,Default,Default,Default,Default,Default,Default,Default,Default,Default,Default,Default,Default,Default,Default,Default,Default,Default,Default,Default,Default,Default,Default,Default,Default,Default,DefaultJob,Dimension=64&Quantisation=None,1,Workload,Actual,6,501328089,2,250664044.5,42,0,0,88800104
VectorQuantisationBenchmarks.'Lucene.NET flat scan',Rowles.LeanCorpus.Benchmarks,VectorQuantisationBenchmarks,'Lucene.NET flat scan',DefaultJob,Default,Default,Default,Default,Default,Default,Default,Default,Default,Default,Default,Default,Default,Default,Default,Default,Default,Default,Default,Default,Default,Default,Default,Default,Default,Default,Default,Default,Default,Default,Default,Default,Default,Default,Default,Default,Default,Default,Default,Default,Default,DefaultJob,Dimension=64&Quantisation=None,1,Workload,Actual,7,501418685,2,250709342.5,42,0,0,88800104
VectorQuantisationBenchmarks.'Lucene.NET flat scan',Rowles.LeanCorpus.Benchmarks,VectorQuantisationBenchmarks,'Lucene.NET flat scan',DefaultJob,Default,Default,Default,Default,Default,Default,Default,Default,Default,Default,Default,Default,Default,Default,Default,Default,Default,Default,Default,Default,Default,Default,Default,Default,Default,Default,Default,Default,Default,Default,Default,Default,Default,Default,Default,Default,Default,Default,Default,Default,Default,DefaultJob,Dimension=64&Quantisation=None,1,Workload,Actual,8,501803455,2,250901727.5,42,0,0,88800104
VectorQuantisationBenchmarks.'Lucene.NET flat scan',Rowles.LeanCorpus.Benchmarks,VectorQuantisationBenchmarks,'Lucene.NET flat scan',DefaultJob,Default,Default,Default,Default,Default,Default,Default,Default,Default,Default,Default,Default,Default,Default,Default,Default,Default,Default,Default,Default,Default,Default,Default,Default,Default,Default,Default,Default,Default,Default,Default,Default,Default,Default,Default,Default,Default,Default,Default,Default,Default,DefaultJob,Dimension=64&Quantisation=None,1,Workload,Actual,9,502997077,2,251498538.5,42,0,0,88800104
VectorQuantisationBenchmarks.'Lucene.NET flat scan',Rowles.LeanCorpus.Benchmarks,VectorQuantisationBenchmarks,'Lucene.NET flat scan',DefaultJob,Default,Default,Default,Default,Default,Default,Default,Default,Default,Default,Default,Default,Default,Default,Default,Default,Default,Default,Default,Default,Default,Default,Default,Default,Default,Default,Default,Default,Default,Default,Default,Default,Default,Default,Default,Default,Default,Default,Default,Default,Default,DefaultJob,Dimension=64&Quantisation=None,1,Workload,Actual,10,497479771,2,248739885.5,42,0,0,88800104
VectorQuantisationBenchmarks.'Lucene.NET flat scan',Rowles.LeanCorpus.Benchmarks,VectorQuantisationBenchmarks,'Lucene.NET flat scan',DefaultJob,Default,Default,Default,Default,Default,Default,Default,Default,Default,Default,Default,Default,Default,Default,Default,Default,Default,Default,Default,Default,Default,Default,Default,Default,Default,Default,Default,Default,Default,Default,Default,Default,Default,Default,Default,Default,Default,Default,Default,Default,Default,DefaultJob,Dimension=64&Quantisation=None,1,Workload,Actual,11,504638246,2,252319123,42,0,0,88800104
VectorQuantisationBenchmarks.'Lucene.NET flat scan',Rowles.LeanCorpus.Benchmarks,VectorQuantisationBenchmarks,'Lucene.NET flat scan',DefaultJob,Default,Default,Default,Default,Default,Default,Default,Default,Default,Default,Default,Default,Default,Default,Default,Default,Default,Default,Default,Default,Default,Default,Default,Default,Default,Default,Default,Default,Default,Default,Default,Default,Default,Default,Default,Default,Default,Default,Default,Default,Default,DefaultJob,Dimension=64&Quantisation=None,1,Workload,Actual,12,499282101,2,249641050.5,42,0,0,88800104
VectorQuantisationBenchmarks.'Lucene.NET flat scan',Rowles.LeanCorpus.Benchmarks,VectorQuantisationBenchmarks,'Lucene.NET flat scan',DefaultJob,Default,Default,Default,Default,Default,Default,Default,Default,Default,Default,Default,Default,Default,Default,Default,Default,Default,Default,Default,Default,Default,Default,Default,Default,Default,Default,Default,Default,Default,Default,Default,Default,Default,Default,Default,Default,Default,Default,Default,Default,Default,DefaultJob,Dimension=64&Quantisation=None,1,Workload,Actual,13,503836377,2,251918188.5,42,0,0,88800104
VectorQuantisationBenchmarks.'Lucene.NET flat scan',Rowles.LeanCorpus.Benchmarks,VectorQuantisationBenchmarks,'Lucene.NET flat scan',DefaultJob,Default,Default,Default,Default,Default,Default,Default,Default,Default,Default,Default,Default,Default,Default,Default,Default,Default,Default,Default,Default,Default,Default,Default,Default,Default,Default,Default,Default,Default,Default,Default,Default,Default,Default,Default,Default,Default,Default,Default,Default,Default,DefaultJob,Dimension=64&Quantisation=None,1,Workload,Actual,14,499092844,2,249546422,42,0,0,88800104
VectorQuantisationBenchmarks.'Lucene.NET flat scan',Rowles.LeanCorpus.Benchmarks,VectorQuantisationBenchmarks,'Lucene.NET flat scan',DefaultJob,Default,Default,Default,Default,Default,Default,Default,Default,Default,Default,Default,Default,Default,Default,Default,Default,Default,Default,Default,Default,Default,Default,Default,Default,Default,Default,Default,Default,Default,Default,Default,Default,Default,Default,Default,Default,Default,Default,Default,Default,Default,DefaultJob,Dimension=64&Quantisation=None,1,Workload,Actual,15,500721084,2,250360542,42,0,0,88800104
VectorQuantisationBenchmarks.'Lucene.NET flat scan',Rowles.LeanCorpus.Benchmarks,VectorQuantisationBenchmarks,'Lucene.NET flat scan',DefaultJob,Default,Default,Default,Default,Default,Default,Default,Default,Default,Default,Default,Default,Default,Default,Default,Default,Default,Default,Default,Default,Default,Default,Default,Default,Default,Default,Default,Default,Default,Default,Default,Default,Default,Default,Default,Default,Default,Default,Default,Default,Default,DefaultJob,Dimension=64&Quantisation=None,1,Workload,Extra,1,500618637,2,250309318.5,42,0,0,88800104
VectorQuantisationBenchmarks.'Lucene.NET flat scan',Rowles.LeanCorpus.Benchmarks,VectorQuantisationBenchmarks,'Lucene.NET flat scan',DefaultJob,Default,Default,Default,Default,Default,Default,Default,Default,Default,Default,Default,Default,Default,Default,Default,Default,Default,Default,Default,Default,Default,Default,Default,Default,Default,Default,Default,Default,Default,Default,Default,Default,Default,Default,Default,Default,Default,Default,Default,Default,Default,DefaultJob,Dimension=64&Quantisation=None,1,Workload,Result,1,508704991,2,254352495.5,42,0,0,88800104
VectorQuantisationBenchmarks.'Lucene.NET flat scan',Rowles.LeanCorpus.Benchmarks,VectorQuantisationBenchmarks,'Lucene.NET flat scan',DefaultJob,Default,Default,Default,Default,Default,Default,Default,Default,Default,Default,Default,Default,Default,Default,Default,Default,Default,Default,Default,Default,Default,Default,Default,Default,Default,Default,Default,Default,Default,Default,Default,Default,Default,Default,Default,Default,Default,Default,Default,Default,Default,DefaultJob,Dimension=64&Quantisation=None,1,Workload,Result,2,501725676,2,250862838,42,0,0,88800104
VectorQuantisationBenchmarks.'Lucene.NET flat scan',Rowles.LeanCorpus.Benchmarks,VectorQuantisationBenchmarks,'Lucene.NET flat scan',DefaultJob,Default,Default,Default,Default,Default,Default,Default,Default,Default,Default,Default,Default,Default,Default,Default,Default,Default,Default,Default,Default,Default,Default,Default,Default,Default,Default,Default,Default,Default,Default,Default,Default,Default,Default,Default,Default,Default,Default,Default,Default,Default,DefaultJob,Dimension=64&Quantisation=None,1,Workload,Result,3,502454347,2,251227173.5,42,0,0,88800104
VectorQuantisationBenchmarks.'Lucene.NET flat scan',Rowles.LeanCorpus.Benchmarks,VectorQuantisationBenchmarks,'Lucene.NET flat scan',DefaultJob,Default,Default,Default,Default,Default,Default,Default,Default,Default,Default,Default,Default,Default,Default,Default,Default,Default,Default,Default,Default,Default,Default,Default,Default,Default,Default,Default,Default,Default,Default,Default,Default,Default,Default,Default,Default,Default,Default,Default,Default,Default,DefaultJob,Dimension=64&Quantisation=None,1,Workload,Result,4,501328089,2,250664044.5,42,0,0,88800104
VectorQuantisationBenchmarks.'Lucene.NET flat scan',Rowles.LeanCorpus.Benchmarks,VectorQuantisationBenchmarks,'Lucene.NET flat scan',DefaultJob,Default,Default,Default,Default,Default,Default,Default,Default,Default,Default,Default,Default,Default,Default,Default,Default,Default,Default,Default,Default,Default,Default,Default,Default,Default,Default,Default,Default,Default,Default,Default,Default,Default,Default,Default,Default,Default,Default,Default,Default,Default,DefaultJob,Dimension=64&Quantisation=None,1,Workload,Result,5,501418685,2,250709342.5,42,0,0,88800104
VectorQuantisationBenchmarks.'Lucene.NET flat scan',Rowles.LeanCorpus.Benchmarks,VectorQuantisationBenchmarks,'Lucene.NET flat scan',DefaultJob,Default,Default,Default,Default,Default,Default,Default,Default,Default,Default,Default,Default,Default,Default,Default,Default,Default,Default,Default,Default,Default,Default,Default,Default,Default,Default,Default,Default,Default,Default,Default,Default,Default,Default,Default,Default,Default,Default,Default,Default,Default,DefaultJob,Dimension=64&Quantisation=None,1,Workload,Result,6,501803455,2,250901727.5,42,0,0,88800104
VectorQuantisationBenchmarks.'Lucene.NET flat scan',Rowles.LeanCorpus.Benchmarks,VectorQuantisationBenchmarks,'Lucene.NET flat scan',DefaultJob,Default,Default,Default,Default,Default,Default,Default,Default,Default,Default,Default,Default,Default,Default,Default,Default,Default,Default,Default,Default,Default,Default,Default,Default,Default,Default,Default,Default,Default,Default,Default,Default,Default,Default,Default,Default,Default,Default,Default,Default,Default,DefaultJob,Dimension=64&Quantisation=None,1,Workload,Result,7,502997077,2,251498538.5,42,0,0,88800104
VectorQuantisationBenchmarks.'Lucene.NET flat scan',Rowles.LeanCorpus.Benchmarks,VectorQuantisationBenchmarks,'Lucene.NET flat scan',DefaultJob,Default,Default,Default,Default,Default,Default,Default,Default,Default,Default,Default,Default,Default,Default,Default,Default,Default,Default,Default,Default,Default,Default,Default,Default,Default,Default,Default,Default,Default,Default,Default,Default,Default,Default,Default,Default,Default,Default,Default,Default,Default,DefaultJob,Dimension=64&Quantisation=None,1,Workload,Result,8,497479771,2,248739885.5,42,0,0,88800104
VectorQuantisationBenchmarks.'Lucene.NET flat scan',Rowles.LeanCorpus.Benchmarks,VectorQuantisationBenchmarks,'Lucene.NET flat scan',DefaultJob,Default,Default,Default,Default,Default,Default,Default,Default,Default,Default,Default,Default,Default,Default,Default,Default,Default,Default,Default,Default,Default,Default,Default,Default,Default,Default,Default,Default,Default,Default,Default,Default,Default,Default,Default,Default,Default,Default,Default,Default,Default,DefaultJob,Dimension=64&Quantisation=None,1,Workload,Result,9,504638246,2,252319123,42,0,0,88800104
VectorQuantisationBenchmarks.'Lucene.NET flat scan',Rowles.LeanCorpus.Benchmarks,VectorQuantisationBenchmarks,'Lucene.NET flat scan',DefaultJob,Default,Default,Default,Default,Default,Default,Default,Default,Default,Default,Default,Default,Default,Default,Default,Default,Default,Default,Default,Default,Default,Default,Default,Default,Default,Default,Default,Default,Default,Default,Default,Default,Default,Default,Default,Default,Default,Default,Default,Default,Default,DefaultJob,Dimension=64&Quantisation=None,1,Workload,Result,10,499282101,2,249641050.5,42,0,0,88800104
VectorQuantisationBenchmarks.'Lucene.NET flat scan',Rowles.LeanCorpus.Benchmarks,VectorQuantisationBenchmarks,'Lucene.NET flat scan',DefaultJob,Default,Default,Default,Default,Default,Default,Default,Default,Default,Default,Default,Default,Default,Default,Default,Default,Default,Default,Default,Default,Default,Default,Default,Default,Default,Default,Default,Default,Default,Default,Default,Default,Default,Default,Default,Default,Default,Default,Default,Default,Default,DefaultJob,Dimension=64&Quantisation=None,1,Workload,Result,11,503836377,2,251918188.5,42,0,0,88800104
VectorQuantisationBenchmarks.'Lucene.NET flat scan',Rowles.LeanCorpus.Benchmarks,VectorQuantisationBenchmarks,'Lucene.NET flat scan',DefaultJob,Default,Default,Default,Default,Default,Default,Default,Default,Default,Default,Default,Default,Default,Default,Default,Default,Default,Default,Default,Default,Default,Default,Default,Default,Default,Default,Default,Default,Default,Default,Default,Default,Default,Default,Default,Default,Default,Default,Default,Default,Default,DefaultJob,Dimension=64&Quantisation=None,1,Workload,Result,12,499092844,2,249546422,42,0,0,88800104
VectorQuantisationBenchmarks.'Lucene.NET flat scan',Rowles.LeanCorpus.Benchmarks,VectorQuantisationBenchmarks,'Lucene.NET flat scan',DefaultJob,Default,Default,Default,Default,Default,Default,Default,Default,Default,Default,Default,Default,Default,Default,Default,Default,Default,Default,Default,Default,Default,Default,Default,Default,Default,Default,Default,Default,Default,Default,Default,Default,Default,Default,Default,Default,Default,Default,Default,Default,Default,DefaultJob,Dimension=64&Quantisation=None,1,Workload,Result,13,500721084,2,250360542,42,0,0,88800104
VectorQuantisationBenchmarks.'HNSW search',Rowles.LeanCorpus.Benchmarks,VectorQuantisationBenchmarks,'HNSW search',DefaultJob,Default,Default,Default,Default,Default,Default,Default,Default,Default,Default,Default,Default,Default,Default,Default,Default,Default,Default,Default,Default,Default,Default,Default,Default,Default,Default,Default,Default,Default,Default,Default,Default,Default,Default,Default,Default,Default,Default,Default,Default,Default,DefaultJob,Dimension=64&Quantisation=Int8,1,Workload,Jitting,1,4740543,1,4740543,2,0,0,40779
VectorQuantisationBenchmarks.'HNSW search',Rowles.LeanCorpus.Benchmarks,VectorQuantisationBenchmarks,'HNSW search',DefaultJob,Default,Default,Default,Default,Default,Default,Default,Default,Default,Default,Default,Default,Default,Default,Default,Default,Default,Default,Default,Default,Default,Default,Default,Default,Default,Default,Default,Default,Default,Default,Default,Default,Default,Default,Default,Default,Default,Default,Default,Default,Default,DefaultJob,Dimension=64&Quantisation=Int8,1,Workload,Jitting,2,98839374,30,3294645.8,2,0,0,40779
VectorQuantisationBenchmarks.'HNSW search',Rowles.LeanCorpus.Benchmarks,VectorQuantisationBenchmarks,'HNSW search',DefaultJob,Default,Default,Default,Default,Default,Default,Default,Default,Default,Default,Default,Default,Default,Default,Default,Default,Default,Default,Default,Default,Default,Default,Default,Default,Default,Default,Default,Default,Default,Default,Default,Default,Default,Default,Default,Default,Default,Default,Default,Default,Default,DefaultJob,Dimension=64&Quantisation=Int8,1,Workload,Jitting,3,96871732,30,3229057.73,2,0,0,40779
VectorQuantisationBenchmarks.'HNSW search',Rowles.LeanCorpus.Benchmarks,VectorQuantisationBenchmarks,'HNSW search',DefaultJob,Default,Default,Default,Default,Default,Default,Default,Default,Default,Default,Default,Default,Default,Default,Default,Default,Default,Default,Default,Default,Default,Default,Default,Default,Default,Default,Default,Default,Default,Default,Default,Default,Default,Default,Default,Default,Default,Default,Default,Default,Default,DefaultJob,Dimension=64&Quantisation=Int8,1,Workload,Jitting,4,91559786,30,3051992.87,2,0,0,40779
VectorQuantisationBenchmarks.'HNSW search',Rowles.LeanCorpus.Benchmarks,VectorQuantisationBenchmarks,'HNSW search',DefaultJob,Default,Default,Default,Default,Default,Default,Default,Default,Default,Default,Default,Default,Default,Default,Default,Default,Default,Default,Default,Default,Default,Default,Default,Default,Default,Default,Default,Default,Default,Default,Default,Default,Default,Default,Default,Default,Default,Default,Default,Default,Default,DefaultJob,Dimension=64&Quantisation=Int8,1,Workload,Jitting,5,4234828,1,4234828,2,0,0,40779
VectorQuantisationBenchmarks.'HNSW search',Rowles.LeanCorpus.Benchmarks,VectorQuantisationBenchmarks,'HNSW search',DefaultJob,Default,Default,Default,Default,Default,Default,Default,Default,Default,Default,Default,Default,Default,Default,Default,Default,Default,Default,Default,Default,Default,Default,Default,Default,Default,Default,Default,Default,Default,Default,Default,Default,Default,Default,Default,Default,Default,Default,Default,Default,Default,DefaultJob,Dimension=64&Quantisation=Int8,1,Workload,Pilot,1,4551913,1,4551913,2,0,0,40779
VectorQuantisationBenchmarks.'HNSW search',Rowles.LeanCorpus.Benchmarks,VectorQuantisationBenchmarks,'HNSW search',DefaultJob,Default,Default,Default,Default,Default,Default,Default,Default,Default,Default,Default,Default,Default,Default,Default,Default,Default,Default,Default,Default,Default,Default,Default,Default,Default,Default,Default,Default,Default,Default,Default,Default,Default,Default,Default,Default,Default,Default,Default,Default,Default,DefaultJob,Dimension=64&Quantisation=Int8,1,Workload,Pilot,1,50954301,16,3184643.81,2,0,0,40779
VectorQuantisationBenchmarks.'HNSW search',Rowles.LeanCorpus.Benchmarks,VectorQuantisationBenchmarks,'HNSW search',DefaultJob,Default,Default,Default,Default,Default,Default,Default,Default,Default,Default,Default,Default,Default,Default,Default,Default,Default,Default,Default,Default,Default,Default,Default,Default,Default,Default,Default,Default,Default,Default,Default,Default,Default,Default,Default,Default,Default,Default,Default,Default,Default,DefaultJob,Dimension=64&Quantisation=Int8,1,Workload,Pilot,2,96017290,32,3000540.31,2,0,0,40779
VectorQuantisationBenchmarks.'HNSW search',Rowles.LeanCorpus.Benchmarks,VectorQuantisationBenchmarks,'HNSW search',DefaultJob,Default,Default,Default,Default,Default,Default,Default,Default,Default,Default,Default,Default,Default,Default,Default,Default,Default,Default,Default,Default,Default,Default,Default,Default,Default,Default,Default,Default,Default,Default,Default,Default,Default,Default,Default,Default,Default,Default,Default,Default,Default,DefaultJob,Dimension=64&Quantisation=Int8,1,Workload,Pilot,3,181775091,64,2840235.8,2,0,0,40779
VectorQuantisationBenchmarks.'HNSW search',Rowles.LeanCorpus.Benchmarks,VectorQuantisationBenchmarks,'HNSW search',DefaultJob,Default,Default,Default,Default,Default,Default,Default,Default,Default,Default,Default,Default,Default,Default,Default,Default,Default,Default,Default,Default,Default,Default,Default,Default,Default,Default,Default,Default,Default,Default,Default,Default,Default,Default,Default,Default,Default,Default,Default,Default,Default,DefaultJob,Dimension=64&Quantisation=Int8,1,Workload,Pilot,4,356770215,128,2787267.3,2,0,0,40779
VectorQuantisationBenchmarks.'HNSW search',Rowles.LeanCorpus.Benchmarks,VectorQuantisationBenchmarks,'HNSW search',DefaultJob,Default,Default,Default,Default,Default,Default,Default,Default,Default,Default,Default,Default,Default,Default,Default,Default,Default,Default,Default,Default,Default,Default,Default,Default,Default,Default,Default,Default,Default,Default,Default,Default,Default,Default,Default,Default,Default,Default,Default,Default,Default,DefaultJob,Dimension=64&Quantisation=Int8,1,Workload,Pilot,5,703303325,256,2747278.61,2,0,0,40779
VectorQuantisationBenchmarks.'HNSW search',Rowles.LeanCorpus.Benchmarks,VectorQuantisationBenchmarks,'HNSW search',DefaultJob,Default,Default,Default,Default,Default,Default,Default,Default,Default,Default,Default,Default,Default,Default,Default,Default,Default,Default,Default,Default,Default,Default,Default,Default,Default,Default,Default,Default,Default,Default,Default,Default,Default,Default,Default,Default,Default,Default,Default,Default,Default,DefaultJob,Dimension=64&Quantisation=Int8,1,Workload,Warmup,1,702597617,256,2744521.94,2,0,0,40779
VectorQuantisationBenchmarks.'HNSW search',Rowles.LeanCorpus.Benchmarks,VectorQuantisationBenchmarks,'HNSW search',DefaultJob,Default,Default,Default,Default,Default,Default,Default,Default,Default,Default,Default,Default,Default,Default,Default,Default,Default,Default,Default,Default,Default,Default,Default,Default,Default,Default,Default,Default,Default,Default,Default,Default,Default,Default,Default,Default,Default,Default,Default,Default,Default,DefaultJob,Dimension=64&Quantisation=Int8,1,Workload,Warmup,2,697970378,256,2726446.79,2,0,0,40779
VectorQuantisationBenchmarks.'HNSW search',Rowles.LeanCorpus.Benchmarks,VectorQuantisationBenchmarks,'HNSW search',DefaultJob,Default,Default,Default,Default,Default,Default,Default,Default,Default,Default,Default,Default,Default,Default,Default,Default,Default,Default,Default,Default,Default,Default,Default,Default,Default,Default,Default,Default,Default,Default,Default,Default,Default,Default,Default,Default,Default,Default,Default,Default,Default,DefaultJob,Dimension=64&Quantisation=Int8,1,Workload,Warmup,3,708374269,256,2767086.99,2,0,0,40779
VectorQuantisationBenchmarks.'HNSW search',Rowles.LeanCorpus.Benchmarks,VectorQuantisationBenchmarks,'HNSW search',DefaultJob,Default,Default,Default,Default,Default,Default,Default,Default,Default,Default,Default,Default,Default,Default,Default,Default,Default,Default,Default,Default,Default,Default,Default,Default,Default,Default,Default,Default,Default,Default,Default,Default,Default,Default,Default,Default,Default,Default,Default,Default,Default,DefaultJob,Dimension=64&Quantisation=Int8,1,Workload,Warmup,4,704209551,256,2750818.56,2,0,0,40779
VectorQuantisationBenchmarks.'HNSW search',Rowles.LeanCorpus.Benchmarks,VectorQuantisationBenchmarks,'HNSW search',DefaultJob,Default,Default,Default,Default,Default,Default,Default,Default,Default,Default,Default,Default,Default,Default,Default,Default,Default,Default,Default,Default,Default,Default,Default,Default,Default,Default,Default,Default,Default,Default,Default,Default,Default,Default,Default,Default,Default,Default,Default,Default,Default,DefaultJob,Dimension=64&Quantisation=Int8,1,Workload,Warmup,5,701489832,256,2740194.66,2,0,0,40779
VectorQuantisationBenchmarks.'HNSW search',Rowles.LeanCorpus.Benchmarks,VectorQuantisationBenchmarks,'HNSW search',DefaultJob,Default,Default,Default,Default,Default,Default,Default,Default,Default,Default,Default,Default,Default,Default,Default,Default,Default,Default,Default,Default,Default,Default,Default,Default,Default,Default,Default,Default,Default,Default,Default,Default,Default,Default,Default,Default,Default,Default,Default,Default,Default,DefaultJob,Dimension=64&Quantisation=Int8,1,Workload,Warmup,6,697495848,256,2724593.16,2,0,0,40779
VectorQuantisationBenchmarks.'HNSW search',Rowles.LeanCorpus.Benchmarks,VectorQuantisationBenchmarks,'HNSW search',DefaultJob,Default,Default,Default,Default,Default,Default,Default,Default,Default,Default,Default,Default,Default,Default,Default,Default,Default,Default,Default,Default,Default,Default,Default,Default,Default,Default,Default,Default,Default,Default,Default,Default,Default,Default,Default,Default,Default,Default,Default,Default,Default,DefaultJob,Dimension=64&Quantisation=Int8,1,Workload,Warmup,7,699557610,256,2732646.91,2,0,0,40779
VectorQuantisationBenchmarks.'HNSW search',Rowles.LeanCorpus.Benchmarks,VectorQuantisationBenchmarks,'HNSW search',DefaultJob,Default,Default,Default,Default,Default,Default,Default,Default,Default,Default,Default,Default,Default,Default,Default,Default,Default,Default,Default,Default,Default,Default,Default,Default,Default,Default,Default,Default,Default,Default,Default,Default,Default,Default,Default,Default,Default,Default,Default,Default,Default,DefaultJob,Dimension=64&Quantisation=Int8,1,Workload,Warmup,8,697856661,256,2726002.58,2,0,0,40779
VectorQuantisationBenchmarks.'HNSW search',Rowles.LeanCorpus.Benchmarks,VectorQuantisationBenchmarks,'HNSW search',DefaultJob,Default,Default,Default,Default,Default,Default,Default,Default,Default,Default,Default,Default,Default,Default,Default,Default,Default,Default,Default,Default,Default,Default,Default,Default,Default,Default,Default,Default,Default,Default,Default,Default,Default,Default,Default,Default,Default,Default,Default,Default,Default,DefaultJob,Dimension=64&Quantisation=Int8,1,Workload,Actual,1,701935192,256,2741934.34,2,0,0,40779
VectorQuantisationBenchmarks.'HNSW search',Rowles.LeanCorpus.Benchmarks,VectorQuantisationBenchmarks,'HNSW search',DefaultJob,Default,Default,Default,Default,Default,Default,Default,Default,Default,Default,Default,Default,Default,Default,Default,Default,Default,Default,Default,Default,Default,Default,Default,Default,Default,Default,Default,Default,Default,Default,Default,Default,Default,Default,Default,Default,Default,Default,Default,Default,Default,DefaultJob,Dimension=64&Quantisation=Int8,1,Workload,Actual,2,689400604,256,2692971.11,2,0,0,40779
VectorQuantisationBenchmarks.'HNSW search',Rowles.LeanCorpus.Benchmarks,VectorQuantisationBenchmarks,'HNSW search',DefaultJob,Default,Default,Default,Default,Default,Default,Default,Default,Default,Default,Default,Default,Default,Default,Default,Default,Default,Default,Default,Default,Default,Default,Default,Default,Default,Default,Default,Default,Default,Default,Default,Default,Default,Default,Default,Default,Default,Default,Default,Default,Default,DefaultJob,Dimension=64&Quantisation=Int8,1,Workload,Actual,3,691132474,256,2699736.23,2,0,0,40779
VectorQuantisationBenchmarks.'HNSW search',Rowles.LeanCorpus.Benchmarks,VectorQuantisationBenchmarks,'HNSW search',DefaultJob,Default,Default,Default,Default,Default,Default,Default,Default,Default,Default,Default,Default,Default,Default,Default,Default,Default,Default,Default,Default,Default,Default,Default,Default,Default,Default,Default,Default,Default,Default,Default,Default,Default,Default,Default,Default,Default,Default,Default,Default,Default,DefaultJob,Dimension=64&Quantisation=Int8,1,Workload,Actual,4,705077291,256,2754208.17,2,0,0,40779
VectorQuantisationBenchmarks.'HNSW search',Rowles.LeanCorpus.Benchmarks,VectorQuantisationBenchmarks,'HNSW search',DefaultJob,Default,Default,Default,Default,Default,Default,Default,Default,Default,Default,Default,Default,Default,Default,Default,Default,Default,Default,Default,Default,Default,Default,Default,Default,Default,Default,Default,Default,Default,Default,Default,Default,Default,Default,Default,Default,Default,Default,Default,Default,Default,DefaultJob,Dimension=64&Quantisation=Int8,1,Workload,Actual,5,701892160,256,2741766.25,2,0,0,40779
VectorQuantisationBenchmarks.'HNSW search',Rowles.LeanCorpus.Benchmarks,VectorQuantisationBenchmarks,'HNSW search',DefaultJob,Default,Default,Default,Default,Default,Default,Default,Default,Default,Default,Default,Default,Default,Default,Default,Default,Default,Default,Default,Default,Default,Default,Default,Default,Default,Default,Default,Default,Default,Default,Default,Default,Default,Default,Default,Default,Default,Default,Default,Default,Default,DefaultJob,Dimension=64&Quantisation=Int8,1,Workload,Actual,6,701838669,256,2741557.3,2,0,0,40779
VectorQuantisationBenchmarks.'HNSW search',Rowles.LeanCorpus.Benchmarks,VectorQuantisationBenchmarks,'HNSW search',DefaultJob,Default,Default,Default,Default,Default,Default,Default,Default,Default,Default,Default,Default,Default,Default,Default,Default,Default,Default,Default,Default,Default,Default,Default,Default,Default,Default,Default,Default,Default,Default,Default,Default,Default,Default,Default,Default,Default,Default,Default,Default,Default,DefaultJob,Dimension=64&Quantisation=Int8,1,Workload,Actual,7,701467656,256,2740108.03,2,0,0,40779
VectorQuantisationBenchmarks.'HNSW search',Rowles.LeanCorpus.Benchmarks,VectorQuantisationBenchmarks,'HNSW search',DefaultJob,Default,Default,Default,Default,Default,Default,Default,Default,Default,Default,Default,Default,Default,Default,Default,Default,Default,Default,Default,Default,Default,Default,Default,Default,Default,Default,Default,Default,Default,Default,Default,Default,Default,Default,Default,Default,Default,Default,Default,Default,Default,DefaultJob,Dimension=64&Quantisation=Int8,1,Workload,Actual,8,693599624,256,2709373.53,2,0,0,40779
VectorQuantisationBenchmarks.'HNSW search',Rowles.LeanCorpus.Benchmarks,VectorQuantisationBenchmarks,'HNSW search',DefaultJob,Default,Default,Default,Default,Default,Default,Default,Default,Default,Default,Default,Default,Default,Default,Default,Default,Default,Default,Default,Default,Default,Default,Default,Default,Default,Default,Default,Default,Default,Default,Default,Default,Default,Default,Default,Default,Default,Default,Default,Default,Default,DefaultJob,Dimension=64&Quantisation=Int8,1,Workload,Actual,9,703206932,256,2746902.08,2,0,0,40779
VectorQuantisationBenchmarks.'HNSW search',Rowles.LeanCorpus.Benchmarks,VectorQuantisationBenchmarks,'HNSW search',DefaultJob,Default,Default,Default,Default,Default,Default,Default,Default,Default,Default,Default,Default,Default,Default,Default,Default,Default,Default,Default,Default,Default,Default,Default,Default,Default,Default,Default,Default,Default,Default,Default,Default,Default,Default,Default,Default,Default,Default,Default,Default,Default,DefaultJob,Dimension=64&Quantisation=Int8,1,Workload,Actual,10,702224781,256,2743065.55,2,0,0,40779
VectorQuantisationBenchmarks.'HNSW search',Rowles.LeanCorpus.Benchmarks,VectorQuantisationBenchmarks,'HNSW search',DefaultJob,Default,Default,Default,Default,Default,Default,Default,Default,Default,Default,Default,Default,Default,Default,Default,Default,Default,Default,Default,Default,Default,Default,Default,Default,Default,Default,Default,Default,Default,Default,Default,Default,Default,Default,Default,Default,Default,Default,Default,Default,Default,DefaultJob,Dimension=64&Quantisation=Int8,1,Workload,Actual,11,711450851,256,2779104.89,2,0,0,40779
VectorQuantisationBenchmarks.'HNSW search',Rowles.LeanCorpus.Benchmarks,VectorQuantisationBenchmarks,'HNSW search',DefaultJob,Default,Default,Default,Default,Default,Default,Default,Default,Default,Default,Default,Default,Default,Default,Default,Default,Default,Default,Default,Default,Default,Default,Default,Default,Default,Default,Default,Default,Default,Default,Default,Default,Default,Default,Default,Default,Default,Default,Default,Default,Default,DefaultJob,Dimension=64&Quantisation=Int8,1,Workload,Actual,12,706590984,256,2760121.03,2,0,0,40779
VectorQuantisationBenchmarks.'HNSW search',Rowles.LeanCorpus.Benchmarks,VectorQuantisationBenchmarks,'HNSW search',DefaultJob,Default,Default,Default,Default,Default,Default,Default,Default,Default,Default,Default,Default,Default,Default,Default,Default,Default,Default,Default,Default,Default,Default,Default,Default,Default,Default,Default,Default,Default,Default,Default,Default,Default,Default,Default,Default,Default,Default,Default,Default,Default,DefaultJob,Dimension=64&Quantisation=Int8,1,Workload,Actual,13,708453743,256,2767397.43,2,0,0,40779
VectorQuantisationBenchmarks.'HNSW search',Rowles.LeanCorpus.Benchmarks,VectorQuantisationBenchmarks,'HNSW search',DefaultJob,Default,Default,Default,Default,Default,Default,Default,Default,Default,Default,Default,Default,Default,Default,Default,Default,Default,Default,Default,Default,Default,Default,Default,Default,Default,Default,Default,Default,Default,Default,Default,Default,Default,Default,Default,Default,Default,Default,Default,Default,Default,DefaultJob,Dimension=64&Quantisation=Int8,1,Workload,Actual,14,705683560,256,2756576.41,2,0,0,40779
VectorQuantisationBenchmarks.'HNSW search',Rowles.LeanCorpus.Benchmarks,VectorQuantisationBenchmarks,'HNSW search',DefaultJob,Default,Default,Default,Default,Default,Default,Default,Default,Default,Default,Default,Default,Default,Default,Default,Default,Default,Default,Default,Default,Default,Default,Default,Default,Default,Default,Default,Default,Default,Default,Default,Default,Default,Default,Default,Default,Default,Default,Default,Default,Default,DefaultJob,Dimension=64&Quantisation=Int8,1,Workload,Actual,15,703482367,256,2747978,2,0,0,40779
VectorQuantisationBenchmarks.'HNSW search',Rowles.LeanCorpus.Benchmarks,VectorQuantisationBenchmarks,'HNSW search',DefaultJob,Default,Default,Default,Default,Default,Default,Default,Default,Default,Default,Default,Default,Default,Default,Default,Default,Default,Default,Default,Default,Default,Default,Default,Default,Default,Default,Default,Default,Default,Default,Default,Default,Default,Default,Default,Default,Default,Default,Default,Default,Default,DefaultJob,Dimension=64&Quantisation=Int8,1,Workload,Extra,1,700607019,256,2736746.17,2,0,0,40779
VectorQuantisationBenchmarks.'HNSW search',Rowles.LeanCorpus.Benchmarks,VectorQuantisationBenchmarks,'HNSW search',DefaultJob,Default,Default,Default,Default,Default,Default,Default,Default,Default,Default,Default,Default,Default,Default,Default,Default,Default,Default,Default,Default,Default,Default,Default,Default,Default,Default,Default,Default,Default,Default,Default,Default,Default,Default,Default,Default,Default,Default,Default,Default,Default,DefaultJob,Dimension=64&Quantisation=Int8,1,Workload,Result,1,701935192,256,2741934.34,2,0,0,40779
VectorQuantisationBenchmarks.'HNSW search',Rowles.LeanCorpus.Benchmarks,VectorQuantisationBenchmarks,'HNSW search',DefaultJob,Default,Default,Default,Default,Default,Default,Default,Default,Default,Default,Default,Default,Default,Default,Default,Default,Default,Default,Default,Default,Default,Default,Default,Default,Default,Default,Default,Default,Default,Default,Default,Default,Default,Default,Default,Default,Default,Default,Default,Default,Default,DefaultJob,Dimension=64&Quantisation=Int8,1,Workload,Result,2,689400604,256,2692971.11,2,0,0,40779
VectorQuantisationBenchmarks.'HNSW search',Rowles.LeanCorpus.Benchmarks,VectorQuantisationBenchmarks,'HNSW search',DefaultJob,Default,Default,Default,Default,Default,Default,Default,Default,Default,Default,Default,Default,Default,Default,Default,Default,Default,Default,Default,Default,Default,Default,Default,Default,Default,Default,Default,Default,Default,Default,Default,Default,Default,Default,Default,Default,Default,Default,Default,Default,Default,DefaultJob,Dimension=64&Quantisation=Int8,1,Workload,Result,3,691132474,256,2699736.23,2,0,0,40779
VectorQuantisationBenchmarks.'HNSW search',Rowles.LeanCorpus.Benchmarks,VectorQuantisationBenchmarks,'HNSW search',DefaultJob,Default,Default,Default,Default,Default,Default,Default,Default,Default,Default,Default,Default,Default,Default,Default,Default,Default,Default,Default,Default,Default,Default,Default,Default,Default,Default,Default,Default,Default,Default,Default,Default,Default,Default,Default,Default,Default,Default,Default,Default,Default,DefaultJob,Dimension=64&Quantisation=Int8,1,Workload,Result,4,705077291,256,2754208.17,2,0,0,40779
VectorQuantisationBenchmarks.'HNSW search',Rowles.LeanCorpus.Benchmarks,VectorQuantisationBenchmarks,'HNSW search',DefaultJob,Default,Default,Default,Default,Default,Default,Default,Default,Default,Default,Default,Default,Default,Default,Default,Default,Default,Default,Default,Default,Default,Default,Default,Default,Default,Default,Default,Default,Default,Default,Default,Default,Default,Default,Default,Default,Default,Default,Default,Default,Default,DefaultJob,Dimension=64&Quantisation=Int8,1,Workload,Result,5,701892160,256,2741766.25,2,0,0,40779
VectorQuantisationBenchmarks.'HNSW search',Rowles.LeanCorpus.Benchmarks,VectorQuantisationBenchmarks,'HNSW search',DefaultJob,Default,Default,Default,Default,Default,Default,Default,Default,Default,Default,Default,Default,Default,Default,Default,Default,Default,Default,Default,Default,Default,Default,Default,Default,Default,Default,Default,Default,Default,Default,Default,Default,Default,Default,Default,Default,Default,Default,Default,Default,Default,DefaultJob,Dimension=64&Quantisation=Int8,1,Workload,Result,6,701838669,256,2741557.3,2,0,0,40779
VectorQuantisationBenchmarks.'HNSW search',Rowles.LeanCorpus.Benchmarks,VectorQuantisationBenchmarks,'HNSW search',DefaultJob,Default,Default,Default,Default,Default,Default,Default,Default,Default,Default,Default,Default,Default,Default,Default,Default,Default,Default,Default,Default,Default,Default,Default,Default,Default,Default,Default,Default,Default,Default,Default,Default,Default,Default,Default,Default,Default,Default,Default,Default,Default,DefaultJob,Dimension=64&Quantisation=Int8,1,Workload,Result,7,701467656,256,2740108.03,2,0,0,40779
VectorQuantisationBenchmarks.'HNSW search',Rowles.LeanCorpus.Benchmarks,VectorQuantisationBenchmarks,'HNSW search',DefaultJob,Default,Default,Default,Default,Default,Default,Default,Default,Default,Default,Default,Default,Default,Default,Default,Default,Default,Default,Default,Default,Default,Default,Default,Default,Default,Default,Default,Default,Default,Default,Default,Default,Default,Default,Default,Default,Default,Default,Default,Default,Default,DefaultJob,Dimension=64&Quantisation=Int8,1,Workload,Result,8,693599624,256,2709373.53,2,0,0,40779
VectorQuantisationBenchmarks.'HNSW search',Rowles.LeanCorpus.Benchmarks,VectorQuantisationBenchmarks,'HNSW search',DefaultJob,Default,Default,Default,Default,Default,Default,Default,Default,Default,Default,Default,Default,Default,Default,Default,Default,Default,Default,Default,Default,Default,Default,Default,Default,Default,Default,Default,Default,Default,Default,Default,Default,Default,Default,Default,Default,Default,Default,Default,Default,Default,DefaultJob,Dimension=64&Quantisation=Int8,1,Workload,Result,9,703206932,256,2746902.08,2,0,0,40779
VectorQuantisationBenchmarks.'HNSW search',Rowles.LeanCorpus.Benchmarks,VectorQuantisationBenchmarks,'HNSW search',DefaultJob,Default,Default,Default,Default,Default,Default,Default,Default,Default,Default,Default,Default,Default,Default,Default,Default,Default,Default,Default,Default,Default,Default,Default,Default,Default,Default,Default,Default,Default,Default,Default,Default,Default,Default,Default,Default,Default,Default,Default,Default,Default,DefaultJob,Dimension=64&Quantisation=Int8,1,Workload,Result,10,702224781,256,2743065.55,2,0,0,40779
VectorQuantisationBenchmarks.'HNSW search',Rowles.LeanCorpus.Benchmarks,VectorQuantisationBenchmarks,'HNSW search',DefaultJob,Default,Default,Default,Default,Default,Default,Default,Default,Default,Default,Default,Default,Default,Default,Default,Default,Default,Default,Default,Default,Default,Default,Default,Default,Default,Default,Default,Default,Default,Default,Default,Default,Default,Default,Default,Default,Default,Default,Default,Default,Default,DefaultJob,Dimension=64&Quantisation=Int8,1,Workload,Result,11,706590984,256,2760121.03,2,0,0,40779
VectorQuantisationBenchmarks.'HNSW search',Rowles.LeanCorpus.Benchmarks,VectorQuantisationBenchmarks,'HNSW search',DefaultJob,Default,Default,Default,Default,Default,Default,Default,Default,Default,Default,Default,Default,Default,Default,Default,Default,Default,Default,Default,Default,Default,Default,Default,Default,Default,Default,Default,Default,Default,Default,Default,Default,Default,Default,Default,Default,Default,Default,Default,Default,Default,DefaultJob,Dimension=64&Quantisation=Int8,1,Workload,Result,12,708453743,256,2767397.43,2,0,0,40779
VectorQuantisationBenchmarks.'HNSW search',Rowles.LeanCorpus.Benchmarks,VectorQuantisationBenchmarks,'HNSW search',DefaultJob,Default,Default,Default,Default,Default,Default,Default,Default,Default,Default,Default,Default,Default,Default,Default,Default,Default,Default,Default,Default,Default,Default,Default,Default,Default,Default,Default,Default,Default,Default,Default,Default,Default,Default,Default,Default,Default,Default,Default,Default,Default,DefaultJob,Dimension=64&Quantisation=Int8,1,Workload,Result,13,705683560,256,2756576.41,2,0,0,40779
VectorQuantisationBenchmarks.'HNSW search',Rowles.LeanCorpus.Benchmarks,VectorQuantisationBenchmarks,'HNSW search',DefaultJob,Default,Default,Default,Default,Default,Default,Default,Default,Default,Default,Default,Default,Default,Default,Default,Default,Default,Default,Default,Default,Default,Default,Default,Default,Default,Default,Default,Default,Default,Default,Default,Default,Default,Default,Default,Default,Default,Default,Default,Default,Default,DefaultJob,Dimension=64&Quantisation=Int8,1,Workload,Result,14,703482367,256,2747978,2,0,0,40779
VectorQuantisationBenchmarks.'Lucene.NET flat scan',Rowles.LeanCorpus.Benchmarks,VectorQuantisationBenchmarks,'Lucene.NET flat scan',DefaultJob,Default,Default,Default,Default,Default,Default,Default,Default,Default,Default,Default,Default,Default,Default,Default,Default,Default,Default,Default,Default,Default,Default,Default,Default,Default,Default,Default,Default,Default,Default,Default,Default,Default,Default,Default,Default,Default,Default,Default,Default,Default,DefaultJob,Dimension=64&Quantisation=Int8,1,Workload,Jitting,1,324352790,1,324352790,42,0,0,88800104
VectorQuantisationBenchmarks.'Lucene.NET flat scan',Rowles.LeanCorpus.Benchmarks,VectorQuantisationBenchmarks,'Lucene.NET flat scan',DefaultJob,Default,Default,Default,Default,Default,Default,Default,Default,Default,Default,Default,Default,Default,Default,Default,Default,Default,Default,Default,Default,Default,Default,Default,Default,Default,Default,Default,Default,Default,Default,Default,Default,Default,Default,Default,Default,Default,Default,Default,Default,Default,DefaultJob,Dimension=64&Quantisation=Int8,1,Workload,Jitting,2,7795856282,30,259861876.07,42,0,0,88800104
VectorQuantisationBenchmarks.'Lucene.NET flat scan',Rowles.LeanCorpus.Benchmarks,VectorQuantisationBenchmarks,'Lucene.NET flat scan',DefaultJob,Default,Default,Default,Default,Default,Default,Default,Default,Default,Default,Default,Default,Default,Default,Default,Default,Default,Default,Default,Default,Default,Default,Default,Default,Default,Default,Default,Default,Default,Default,Default,Default,Default,Default,Default,Default,Default,Default,Default,Default,Default,DefaultJob,Dimension=64&Quantisation=Int8,1,Workload,Jitting,3,1789183289,7,255597612.71,42,0,0,88800104
VectorQuantisationBenchmarks.'Lucene.NET flat scan',Rowles.LeanCorpus.Benchmarks,VectorQuantisationBenchmarks,'Lucene.NET flat scan',DefaultJob,Default,Default,Default,Default,Default,Default,Default,Default,Default,Default,Default,Default,Default,Default,Default,Default,Default,Default,Default,Default,Default,Default,Default,Default,Default,Default,Default,Default,Default,Default,Default,Default,Default,Default,Default,Default,Default,Default,Default,Default,Default,DefaultJob,Dimension=64&Quantisation=Int8,1,Workload,Jitting,4,256941650,1,256941650,42,0,0,88800104
VectorQuantisationBenchmarks.'Lucene.NET flat scan',Rowles.LeanCorpus.Benchmarks,VectorQuantisationBenchmarks,'Lucene.NET flat scan',DefaultJob,Default,Default,Default,Default,Default,Default,Default,Default,Default,Default,Default,Default,Default,Default,Default,Default,Default,Default,Default,Default,Default,Default,Default,Default,Default,Default,Default,Default,Default,Default,Default,Default,Default,Default,Default,Default,Default,Default,Default,Default,Default,DefaultJob,Dimension=64&Quantisation=Int8,1,Workload,Pilot,1,502665057,2,251332528.5,42,0,0,88800104
VectorQuantisationBenchmarks.'Lucene.NET flat scan',Rowles.LeanCorpus.Benchmarks,VectorQuantisationBenchmarks,'Lucene.NET flat scan',DefaultJob,Default,Default,Default,Default,Default,Default,Default,Default,Default,Default,Default,Default,Default,Default,Default,Default,Default,Default,Default,Default,Default,Default,Default,Default,Default,Default,Default,Default,Default,Default,Default,Default,Default,Default,Default,Default,Default,Default,Default,Default,Default,DefaultJob,Dimension=64&Quantisation=Int8,1,Workload,Warmup,1,508864550,2,254432275,42,0,0,88800104
VectorQuantisationBenchmarks.'Lucene.NET flat scan',Rowles.LeanCorpus.Benchmarks,VectorQuantisationBenchmarks,'Lucene.NET flat scan',DefaultJob,Default,Default,Default,Default,Default,Default,Default,Default,Default,Default,Default,Default,Default,Default,Default,Default,Default,Default,Default,Default,Default,Default,Default,Default,Default,Default,Default,Default,Default,Default,Default,Default,Default,Default,Default,Default,Default,Default,Default,Default,Default,DefaultJob,Dimension=64&Quantisation=Int8,1,Workload,Warmup,2,507999377,2,253999688.5,42,0,0,88800104
VectorQuantisationBenchmarks.'Lucene.NET flat scan',Rowles.LeanCorpus.Benchmarks,VectorQuantisationBenchmarks,'Lucene.NET flat scan',DefaultJob,Default,Default,Default,Default,Default,Default,Default,Default,Default,Default,Default,Default,Default,Default,Default,Default,Default,Default,Default,Default,Default,Default,Default,Default,Default,Default,Default,Default,Default,Default,Default,Default,Default,Default,Default,Default,Default,Default,Default,Default,Default,DefaultJob,Dimension=64&Quantisation=Int8,1,Workload,Warmup,3,508765271,2,254382635.5,42,0,0,88800104
VectorQuantisationBenchmarks.'Lucene.NET flat scan',Rowles.LeanCorpus.Benchmarks,VectorQuantisationBenchmarks,'Lucene.NET flat scan',DefaultJob,Default,Default,Default,Default,Default,Default,Default,Default,Default,Default,Default,Default,Default,Default,Default,Default,Default,Default,Default,Default,Default,Default,Default,Default,Default,Default,Default,Default,Default,Default,Default,Default,Default,Default,Default,Default,Default,Default,Default,Default,Default,DefaultJob,Dimension=64&Quantisation=Int8,1,Workload,Warmup,4,503610061,2,251805030.5,42,0,0,88800104
VectorQuantisationBenchmarks.'Lucene.NET flat scan',Rowles.LeanCorpus.Benchmarks,VectorQuantisationBenchmarks,'Lucene.NET flat scan',DefaultJob,Default,Default,Default,Default,Default,Default,Default,Default,Default,Default,Default,Default,Default,Default,Default,Default,Default,Default,Default,Default,Default,Default,Default,Default,Default,Default,Default,Default,Default,Default,Default,Default,Default,Default,Default,Default,Default,Default,Default,Default,Default,DefaultJob,Dimension=64&Quantisation=Int8,1,Workload,Warmup,5,504985921,2,252492960.5,42,0,0,88800104
VectorQuantisationBenchmarks.'Lucene.NET flat scan',Rowles.LeanCorpus.Benchmarks,VectorQuantisationBenchmarks,'Lucene.NET flat scan',DefaultJob,Default,Default,Default,Default,Default,Default,Default,Default,Default,Default,Default,Default,Default,Default,Default,Default,Default,Default,Default,Default,Default,Default,Default,Default,Default,Default,Default,Default,Default,Default,Default,Default,Default,Default,Default,Default,Default,Default,Default,Default,Default,DefaultJob,Dimension=64&Quantisation=Int8,1,Workload,Warmup,6,511291031,2,255645515.5,42,0,0,88800104
VectorQuantisationBenchmarks.'Lucene.NET flat scan',Rowles.LeanCorpus.Benchmarks,VectorQuantisationBenchmarks,'Lucene.NET flat scan',DefaultJob,Default,Default,Default,Default,Default,Default,Default,Default,Default,Default,Default,Default,Default,Default,Default,Default,Default,Default,Default,Default,Default,Default,Default,Default,Default,Default,Default,Default,Default,Default,Default,Default,Default,Default,Default,Default,Default,Default,Default,Default,Default,DefaultJob,Dimension=64&Quantisation=Int8,1,Workload,Warmup,7,510400316,2,255200158,42,0,0,88800104
VectorQuantisationBenchmarks.'Lucene.NET flat scan',Rowles.LeanCorpus.Benchmarks,VectorQuantisationBenchmarks,'Lucene.NET flat scan',DefaultJob,Default,Default,Default,Default,Default,Default,Default,Default,Default,Default,Default,Default,Default,Default,Default,Default,Default,Default,Default,Default,Default,Default,Default,Default,Default,Default,Default,Default,Default,Default,Default,Default,Default,Default,Default,Default,Default,Default,Default,Default,Default,DefaultJob,Dimension=64&Quantisation=Int8,1,Workload,Actual,1,509520313,2,254760156.5,42,0,0,88800104
VectorQuantisationBenchmarks.'Lucene.NET flat scan',Rowles.LeanCorpus.Benchmarks,VectorQuantisationBenchmarks,'Lucene.NET flat scan',DefaultJob,Default,Default,Default,Default,Default,Default,Default,Default,Default,Default,Default,Default,Default,Default,Default,Default,Default,Default,Default,Default,Default,Default,Default,Default,Default,Default,Default,Default,Default,Default,Default,Default,Default,Default,Default,Default,Default,Default,Default,Default,Default,DefaultJob,Dimension=64&Quantisation=Int8,1,Workload,Actual,2,509902575,2,254951287.5,42,0,0,88800104
VectorQuantisationBenchmarks.'Lucene.NET flat scan',Rowles.LeanCorpus.Benchmarks,VectorQuantisationBenchmarks,'Lucene.NET flat scan',DefaultJob,Default,Default,Default,Default,Default,Default,Default,Default,Default,Default,Default,Default,Default,Default,Default,Default,Default,Default,Default,Default,Default,Default,Default,Default,Default,Default,Default,Default,Default,Default,Default,Default,Default,Default,Default,Default,Default,Default,Default,Default,Default,DefaultJob,Dimension=64&Quantisation=Int8,1,Workload,Actual,3,511258730,2,255629365,42,0,0,88800104
VectorQuantisationBenchmarks.'Lucene.NET flat scan',Rowles.LeanCorpus.Benchmarks,VectorQuantisationBenchmarks,'Lucene.NET flat scan',DefaultJob,Default,Default,Default,Default,Default,Default,Default,Default,Default,Default,Default,Default,Default,Default,Default,Default,Default,Default,Default,Default,Default,Default,Default,Default,Default,Default,Default,Default,Default,Default,Default,Default,Default,Default,Default,Default,Default,Default,Default,Default,Default,DefaultJob,Dimension=64&Quantisation=Int8,1,Workload,Actual,4,500905220,2,250452610,42,0,0,88800104
VectorQuantisationBenchmarks.'Lucene.NET flat scan',Rowles.LeanCorpus.Benchmarks,VectorQuantisationBenchmarks,'Lucene.NET flat scan',DefaultJob,Default,Default,Default,Default,Default,Default,Default,Default,Default,Default,Default,Default,Default,Default,Default,Default,Default,Default,Default,Default,Default,Default,Default,Default,Default,Default,Default,Default,Default,Default,Default,Default,Default,Default,Default,Default,Default,Default,Default,Default,Default,DefaultJob,Dimension=64&Quantisation=Int8,1,Workload,Actual,5,502374222,2,251187111,42,0,0,88800104
VectorQuantisationBenchmarks.'Lucene.NET flat scan',Rowles.LeanCorpus.Benchmarks,VectorQuantisationBenchmarks,'Lucene.NET flat scan',DefaultJob,Default,Default,Default,Default,Default,Default,Default,Default,Default,Default,Default,Default,Default,Default,Default,Default,Default,Default,Default,Default,Default,Default,Default,Default,Default,Default,Default,Default,Default,Default,Default,Default,Default,Default,Default,Default,Default,Default,Default,Default,Default,DefaultJob,Dimension=64&Quantisation=Int8,1,Workload,Actual,6,500249931,2,250124965.5,42,0,0,88800104
VectorQuantisationBenchmarks.'Lucene.NET flat scan',Rowles.LeanCorpus.Benchmarks,VectorQuantisationBenchmarks,'Lucene.NET flat scan',DefaultJob,Default,Default,Default,Default,Default,Default,Default,Default,Default,Default,Default,Default,Default,Default,Default,Default,Default,Default,Default,Default,Default,Default,Default,Default,Default,Default,Default,Default,Default,Default,Default,Default,Default,Default,Default,Default,Default,Default,Default,Default,Default,DefaultJob,Dimension=64&Quantisation=Int8,1,Workload,Actual,7,502836964,2,251418482,42,0,0,88800104
VectorQuantisationBenchmarks.'Lucene.NET flat scan',Rowles.LeanCorpus.Benchmarks,VectorQuantisationBenchmarks,'Lucene.NET flat scan',DefaultJob,Default,Default,Default,Default,Default,Default,Default,Default,Default,Default,Default,Default,Default,Default,Default,Default,Default,Default,Default,Default,Default,Default,Default,Default,Default,Default,Default,Default,Default,Default,Default,Default,Default,Default,Default,Default,Default,Default,Default,Default,Default,DefaultJob,Dimension=64&Quantisation=Int8,1,Workload,Actual,8,503089316,2,251544658,42,0,0,88800104
VectorQuantisationBenchmarks.'Lucene.NET flat scan',Rowles.LeanCorpus.Benchmarks,VectorQuantisationBenchmarks,'Lucene.NET flat scan',DefaultJob,Default,Default,Default,Default,Default,Default,Default,Default,Default,Default,Default,Default,Default,Default,Default,Default,Default,Default,Default,Default,Default,Default,Default,Default,Default,Default,Default,Default,Default,Default,Default,Default,Default,Default,Default,Default,Default,Default,Default,Default,Default,DefaultJob,Dimension=64&Quantisation=Int8,1,Workload,Actual,9,506216652,2,253108326,42,0,0,88800104
VectorQuantisationBenchmarks.'Lucene.NET flat scan',Rowles.LeanCorpus.Benchmarks,VectorQuantisationBenchmarks,'Lucene.NET flat scan',DefaultJob,Default,Default,Default,Default,Default,Default,Default,Default,Default,Default,Default,Default,Default,Default,Default,Default,Default,Default,Default,Default,Default,Default,Default,Default,Default,Default,Default,Default,Default,Default,Default,Default,Default,Default,Default,Default,Default,Default,Default,Default,Default,DefaultJob,Dimension=64&Quantisation=Int8,1,Workload,Actual,10,506198204,2,253099102,42,0,0,88800104
VectorQuantisationBenchmarks.'Lucene.NET flat scan',Rowles.LeanCorpus.Benchmarks,VectorQuantisationBenchmarks,'Lucene.NET flat scan',DefaultJob,Default,Default,Default,Default,Default,Default,Default,Default,Default,Default,Default,Default,Default,Default,Default,Default,Default,Default,Default,Default,Default,Default,Default,Default,Default,Default,Default,Default,Default,Default,Default,Default,Default,Default,Default,Default,Default,Default,Default,Default,Default,DefaultJob,Dimension=64&Quantisation=Int8,1,Workload,Actual,11,506109887,2,253054943.5,42,0,0,88800104
VectorQuantisationBenchmarks.'Lucene.NET flat scan',Rowles.LeanCorpus.Benchmarks,VectorQuantisationBenchmarks,'Lucene.NET flat scan',DefaultJob,Default,Default,Default,Default,Default,Default,Default,Default,Default,Default,Default,Default,Default,Default,Default,Default,Default,Default,Default,Default,Default,Default,Default,Default,Default,Default,Default,Default,Default,Default,Default,Default,Default,Default,Default,Default,Default,Default,Default,Default,Default,DefaultJob,Dimension=64&Quantisation=Int8,1,Workload,Actual,12,507082092,2,253541046,42,0,0,88800104
VectorQuantisationBenchmarks.'Lucene.NET flat scan',Rowles.LeanCorpus.Benchmarks,VectorQuantisationBenchmarks,'Lucene.NET flat scan',DefaultJob,Default,Default,Default,Default,Default,Default,Default,Default,Default,Default,Default,Default,Default,Default,Default,Default,Default,Default,Default,Default,Default,Default,Default,Default,Default,Default,Default,Default,Default,Default,Default,Default,Default,Default,Default,Default,Default,Default,Default,Default,Default,DefaultJob,Dimension=64&Quantisation=Int8,1,Workload,Actual,13,505890121,2,252945060.5,42,0,0,88800104
VectorQuantisationBenchmarks.'Lucene.NET flat scan',Rowles.LeanCorpus.Benchmarks,VectorQuantisationBenchmarks,'Lucene.NET flat scan',DefaultJob,Default,Default,Default,Default,Default,Default,Default,Default,Default,Default,Default,Default,Default,Default,Default,Default,Default,Default,Default,Default,Default,Default,Default,Default,Default,Default,Default,Default,Default,Default,Default,Default,Default,Default,Default,Default,Default,Default,Default,Default,Default,DefaultJob,Dimension=64&Quantisation=Int8,1,Workload,Actual,14,506344385,2,253172192.5,42,0,0,88800104
VectorQuantisationBenchmarks.'Lucene.NET flat scan',Rowles.LeanCorpus.Benchmarks,VectorQuantisationBenchmarks,'Lucene.NET flat scan',DefaultJob,Default,Default,Default,Default,Default,Default,Default,Default,Default,Default,Default,Default,Default,Default,Default,Default,Default,Default,Default,Default,Default,Default,Default,Default,Default,Default,Default,Default,Default,Default,Default,Default,Default,Default,Default,Default,Default,Default,Default,Default,Default,DefaultJob,Dimension=64&Quantisation=Int8,1,Workload,Actual,15,506371189,2,253185594.5,42,0,0,88800104
VectorQuantisationBenchmarks.'Lucene.NET flat scan',Rowles.LeanCorpus.Benchmarks,VectorQuantisationBenchmarks,'Lucene.NET flat scan',DefaultJob,Default,Default,Default,Default,Default,Default,Default,Default,Default,Default,Default,Default,Default,Default,Default,Default,Default,Default,Default,Default,Default,Default,Default,Default,Default,Default,Default,Default,Default,Default,Default,Default,Default,Default,Default,Default,Default,Default,Default,Default,Default,DefaultJob,Dimension=64&Quantisation=Int8,1,Workload,Extra,1,504365707,2,252182853.5,42,0,0,88800104
VectorQuantisationBenchmarks.'Lucene.NET flat scan',Rowles.LeanCorpus.Benchmarks,VectorQuantisationBenchmarks,'Lucene.NET flat scan',DefaultJob,Default,Default,Default,Default,Default,Default,Default,Default,Default,Default,Default,Default,Default,Default,Default,Default,Default,Default,Default,Default,Default,Default,Default,Default,Default,Default,Default,Default,Default,Default,Default,Default,Default,Default,Default,Default,Default,Default,Default,Default,Default,DefaultJob,Dimension=64&Quantisation=Int8,1,Workload,Result,1,509520313,2,254760156.5,42,0,0,88800104
VectorQuantisationBenchmarks.'Lucene.NET flat scan',Rowles.LeanCorpus.Benchmarks,VectorQuantisationBenchmarks,'Lucene.NET flat scan',DefaultJob,Default,Default,Default,Default,Default,Default,Default,Default,Default,Default,Default,Default,Default,Default,Default,Default,Default,Default,Default,Default,Default,Default,Default,Default,Default,Default,Default,Default,Default,Default,Default,Default,Default,Default,Default,Default,Default,Default,Default,Default,Default,DefaultJob,Dimension=64&Quantisation=Int8,1,Workload,Result,2,509902575,2,254951287.5,42,0,0,88800104
VectorQuantisationBenchmarks.'Lucene.NET flat scan',Rowles.LeanCorpus.Benchmarks,VectorQuantisationBenchmarks,'Lucene.NET flat scan',DefaultJob,Default,Default,Default,Default,Default,Default,Default,Default,Default,Default,Default,Default,Default,Default,Default,Default,Default,Default,Default,Default,Default,Default,Default,Default,Default,Default,Default,Default,Default,Default,Default,Default,Default,Default,Default,Default,Default,Default,Default,Default,Default,DefaultJob,Dimension=64&Quantisation=Int8,1,Workload,Result,3,511258730,2,255629365,42,0,0,88800104
VectorQuantisationBenchmarks.'Lucene.NET flat scan',Rowles.LeanCorpus.Benchmarks,VectorQuantisationBenchmarks,'Lucene.NET flat scan',DefaultJob,Default,Default,Default,Default,Default,Default,Default,Default,Default,Default,Default,Default,Default,Default,Default,Default,Default,Default,Default,Default,Default,Default,Default,Default,Default,Default,Default,Default,Default,Default,Default,Default,Default,Default,Default,Default,Default,Default,Default,Default,Default,DefaultJob,Dimension=64&Quantisation=Int8,1,Workload,Result,4,500905220,2,250452610,42,0,0,88800104
VectorQuantisationBenchmarks.'Lucene.NET flat scan',Rowles.LeanCorpus.Benchmarks,VectorQuantisationBenchmarks,'Lucene.NET flat scan',DefaultJob,Default,Default,Default,Default,Default,Default,Default,Default,Default,Default,Default,Default,Default,Default,Default,Default,Default,Default,Default,Default,Default,Default,Default,Default,Default,Default,Default,Default,Default,Default,Default,Default,Default,Default,Default,Default,Default,Default,Default,Default,Default,DefaultJob,Dimension=64&Quantisation=Int8,1,Workload,Result,5,502374222,2,251187111,42,0,0,88800104
VectorQuantisationBenchmarks.'Lucene.NET flat scan',Rowles.LeanCorpus.Benchmarks,VectorQuantisationBenchmarks,'Lucene.NET flat scan',DefaultJob,Default,Default,Default,Default,Default,Default,Default,Default,Default,Default,Default,Default,Default,Default,Default,Default,Default,Default,Default,Default,Default,Default,Default,Default,Default,Default,Default,Default,Default,Default,Default,Default,Default,Default,Default,Default,Default,Default,Default,Default,Default,DefaultJob,Dimension=64&Quantisation=Int8,1,Workload,Result,6,500249931,2,250124965.5,42,0,0,88800104
VectorQuantisationBenchmarks.'Lucene.NET flat scan',Rowles.LeanCorpus.Benchmarks,VectorQuantisationBenchmarks,'Lucene.NET flat scan',DefaultJob,Default,Default,Default,Default,Default,Default,Default,Default,Default,Default,Default,Default,Default,Default,Default,Default,Default,Default,Default,Default,Default,Default,Default,Default,Default,Default,Default,Default,Default,Default,Default,Default,Default,Default,Default,Default,Default,Default,Default,Default,Default,DefaultJob,Dimension=64&Quantisation=Int8,1,Workload,Result,7,502836964,2,251418482,42,0,0,88800104
VectorQuantisationBenchmarks.'Lucene.NET flat scan',Rowles.LeanCorpus.Benchmarks,VectorQuantisationBenchmarks,'Lucene.NET flat scan',DefaultJob,Default,Default,Default,Default,Default,Default,Default,Default,Default,Default,Default,Default,Default,Default,Default,Default,Default,Default,Default,Default,Default,Default,Default,Default,Default,Default,Default,Default,Default,Default,Default,Default,Default,Default,Default,Default,Default,Default,Default,Default,Default,DefaultJob,Dimension=64&Quantisation=Int8,1,Workload,Result,8,503089316,2,251544658,42,0,0,88800104
VectorQuantisationBenchmarks.'Lucene.NET flat scan',Rowles.LeanCorpus.Benchmarks,VectorQuantisationBenchmarks,'Lucene.NET flat scan',DefaultJob,Default,Default,Default,Default,Default,Default,Default,Default,Default,Default,Default,Default,Default,Default,Default,Default,Default,Default,Default,Default,Default,Default,Default,Default,Default,Default,Default,Default,Default,Default,Default,Default,Default,Default,Default,Default,Default,Default,Default,Default,Default,DefaultJob,Dimension=64&Quantisation=Int8,1,Workload,Result,9,506216652,2,253108326,42,0,0,88800104
VectorQuantisationBenchmarks.'Lucene.NET flat scan',Rowles.LeanCorpus.Benchmarks,VectorQuantisationBenchmarks,'Lucene.NET flat scan',DefaultJob,Default,Default,Default,Default,Default,Default,Default,Default,Default,Default,Default,Default,Default,Default,Default,Default,Default,Default,Default,Default,Default,Default,Default,Default,Default,Default,Default,Default,Default,Default,Default,Default,Default,Default,Default,Default,Default,Default,Default,Default,Default,DefaultJob,Dimension=64&Quantisation=Int8,1,Workload,Result,10,506198204,2,253099102,42,0,0,88800104
VectorQuantisationBenchmarks.'Lucene.NET flat scan',Rowles.LeanCorpus.Benchmarks,VectorQuantisationBenchmarks,'Lucene.NET flat scan',DefaultJob,Default,Default,Default,Default,Default,Default,Default,Default,Default,Default,Default,Default,Default,Default,Default,Default,Default,Default,Default,Default,Default,Default,Default,Default,Default,Default,Default,Default,Default,Default,Default,Default,Default,Default,Default,Default,Default,Default,Default,Default,Default,DefaultJob,Dimension=64&Quantisation=Int8,1,Workload,Result,11,506109887,2,253054943.5,42,0,0,88800104
VectorQuantisationBenchmarks.'Lucene.NET flat scan',Rowles.LeanCorpus.Benchmarks,VectorQuantisationBenchmarks,'Lucene.NET flat scan',DefaultJob,Default,Default,Default,Default,Default,Default,Default,Default,Default,Default,Default,Default,Default,Default,Default,Default,Default,Default,Default,Default,Default,Default,Default,Default,Default,Default,Default,Default,Default,Default,Default,Default,Default,Default,Default,Default,Default,Default,Default,Default,Default,DefaultJob,Dimension=64&Quantisation=Int8,1,Workload,Result,12,507082092,2,253541046,42,0,0,88800104
VectorQuantisationBenchmarks.'Lucene.NET flat scan',Rowles.LeanCorpus.Benchmarks,VectorQuantisationBenchmarks,'Lucene.NET flat scan',DefaultJob,Default,Default,Default,Default,Default,Default,Default,Default,Default,Default,Default,Default,Default,Default,Default,Default,Default,Default,Default,Default,Default,Default,Default,Default,Default,Default,Default,Default,Default,Default,Default,Default,Default,Default,Default,Default,Default,Default,Default,Default,Default,DefaultJob,Dimension=64&Quantisation=Int8,1,Workload,Result,13,505890121,2,252945060.5,42,0,0,88800104
VectorQuantisationBenchmarks.'Lucene.NET flat scan',Rowles.LeanCorpus.Benchmarks,VectorQuantisationBenchmarks,'Lucene.NET flat scan',DefaultJob,Default,Default,Default,Default,Default,Default,Default,Default,Default,Default,Default,Default,Default,Default,Default,Default,Default,Default,Default,Default,Default,Default,Default,Default,Default,Default,Default,Default,Default,Default,Default,Default,Default,Default,Default,Default,Default,Default,Default,Default,Default,DefaultJob,Dimension=64&Quantisation=Int8,1,Workload,Result,14,506344385,2,253172192.5,42,0,0,88800104
VectorQuantisationBenchmarks.'Lucene.NET flat scan',Rowles.LeanCorpus.Benchmarks,VectorQuantisationBenchmarks,'Lucene.NET flat scan',DefaultJob,Default,Default,Default,Default,Default,Default,Default,Default,Default,Default,Default,Default,Default,Default,Default,Default,Default,Default,Default,Default,Default,Default,Default,Default,Default,Default,Default,Default,Default,Default,Default,Default,Default,Default,Default,Default,Default,Default,Default,Default,Default,DefaultJob,Dimension=64&Quantisation=Int8,1,Workload,Result,15,506371189,2,253185594.5,42,0,0,88800104
VectorQuantisationBenchmarks.'HNSW search',Rowles.LeanCorpus.Benchmarks,VectorQuantisationBenchmarks,'HNSW search',DefaultJob,Default,Default,Default,Default,Default,Default,Default,Default,Default,Default,Default,Default,Default,Default,Default,Default,Default,Default,Default,Default,Default,Default,Default,Default,Default,Default,Default,Default,Default,Default,Default,Default,Default,Default,Default,Default,Default,Default,Default,Default,Default,DefaultJob,Dimension=64&Quantisation=BBQ,1,Workload,Jitting,1,5169461,1,5169461,2,0,0,44203
VectorQuantisationBenchmarks.'HNSW search',Rowles.LeanCorpus.Benchmarks,VectorQuantisationBenchmarks,'HNSW search',DefaultJob,Default,Default,Default,Default,Default,Default,Default,Default,Default,Default,Default,Default,Default,Default,Default,Default,Default,Default,Default,Default,Default,Default,Default,Default,Default,Default,Default,Default,Default,Default,Default,Default,Default,Default,Default,Default,Default,Default,Default,Default,Default,DefaultJob,Dimension=64&Quantisation=BBQ,1,Workload,Jitting,2,116907346,30,3896911.53,2,0,0,44203
VectorQuantisationBenchmarks.'HNSW search',Rowles.LeanCorpus.Benchmarks,VectorQuantisationBenchmarks,'HNSW search',DefaultJob,Default,Default,Default,Default,Default,Default,Default,Default,Default,Default,Default,Default,Default,Default,Default,Default,Default,Default,Default,Default,Default,Default,Default,Default,Default,Default,Default,Default,Default,Default,Default,Default,Default,Default,Default,Default,Default,Default,Default,Default,Default,DefaultJob,Dimension=64&Quantisation=BBQ,1,Workload,Jitting,3,116708569,30,3890285.63,2,0,0,44203
VectorQuantisationBenchmarks.'HNSW search',Rowles.LeanCorpus.Benchmarks,VectorQuantisationBenchmarks,'HNSW search',DefaultJob,Default,Default,Default,Default,Default,Default,Default,Default,Default,Default,Default,Default,Default,Default,Default,Default,Default,Default,Default,Default,Default,Default,Default,Default,Default,Default,Default,Default,Default,Default,Default,Default,Default,Default,Default,Default,Default,Default,Default,Default,Default,DefaultJob,Dimension=64&Quantisation=BBQ,1,Workload,Jitting,4,113986970,30,3799565.67,2,0,0,44203
VectorQuantisationBenchmarks.'HNSW search',Rowles.LeanCorpus.Benchmarks,VectorQuantisationBenchmarks,'HNSW search',DefaultJob,Default,Default,Default,Default,Default,Default,Default,Default,Default,Default,Default,Default,Default,Default,Default,Default,Default,Default,Default,Default,Default,Default,Default,Default,Default,Default,Default,Default,Default,Default,Default,Default,Default,Default,Default,Default,Default,Default,Default,Default,Default,DefaultJob,Dimension=64&Quantisation=BBQ,1,Workload,Jitting,5,4877902,1,4877902,2,0,0,44203
VectorQuantisationBenchmarks.'HNSW search',Rowles.LeanCorpus.Benchmarks,VectorQuantisationBenchmarks,'HNSW search',DefaultJob,Default,Default,Default,Default,Default,Default,Default,Default,Default,Default,Default,Default,Default,Default,Default,Default,Default,Default,Default,Default,Default,Default,Default,Default,Default,Default,Default,Default,Default,Default,Default,Default,Default,Default,Default,Default,Default,Default,Default,Default,Default,DefaultJob,Dimension=64&Quantisation=BBQ,1,Workload,Pilot,1,5407575,1,5407575,2,0,0,44203
VectorQuantisationBenchmarks.'HNSW search',Rowles.LeanCorpus.Benchmarks,VectorQuantisationBenchmarks,'HNSW search',DefaultJob,Default,Default,Default,Default,Default,Default,Default,Default,Default,Default,Default,Default,Default,Default,Default,Default,Default,Default,Default,Default,Default,Default,Default,Default,Default,Default,Default,Default,Default,Default,Default,Default,Default,Default,Default,Default,Default,Default,Default,Default,Default,DefaultJob,Dimension=64&Quantisation=BBQ,1,Workload,Pilot,1,62579497,16,3911218.56,2,0,0,44203
VectorQuantisationBenchmarks.'HNSW search',Rowles.LeanCorpus.Benchmarks,VectorQuantisationBenchmarks,'HNSW search',DefaultJob,Default,Default,Default,Default,Default,Default,Default,Default,Default,Default,Default,Default,Default,Default,Default,Default,Default,Default,Default,Default,Default,Default,Default,Default,Default,Default,Default,Default,Default,Default,Default,Default,Default,Default,Default,Default,Default,Default,Default,Default,Default,DefaultJob,Dimension=64&Quantisation=BBQ,1,Workload,Pilot,2,122015071,32,3812970.97,2,0,0,44203
VectorQuantisationBenchmarks.'HNSW search',Rowles.LeanCorpus.Benchmarks,VectorQuantisationBenchmarks,'HNSW search',DefaultJob,Default,Default,Default,Default,Default,Default,Default,Default,Default,Default,Default,Default,Default,Default,Default,Default,Default,Default,Default,Default,Default,Default,Default,Default,Default,Default,Default,Default,Default,Default,Default,Default,Default,Default,Default,Default,Default,Default,Default,Default,Default,DefaultJob,Dimension=64&Quantisation=BBQ,1,Workload,Pilot,3,240196427,64,3753069.17,2,0,0,44203
VectorQuantisationBenchmarks.'HNSW search',Rowles.LeanCorpus.Benchmarks,VectorQuantisationBenchmarks,'HNSW search',DefaultJob,Default,Default,Default,Default,Default,Default,Default,Default,Default,Default,Default,Default,Default,Default,Default,Default,Default,Default,Default,Default,Default,Default,Default,Default,Default,Default,Default,Default,Default,Default,Default,Default,Default,Default,Default,Default,Default,Default,Default,Default,Default,DefaultJob,Dimension=64&Quantisation=BBQ,1,Workload,Pilot,4,474136605,128,3704192.23,2,0,0,44203
VectorQuantisationBenchmarks.'HNSW search',Rowles.LeanCorpus.Benchmarks,VectorQuantisationBenchmarks,'HNSW search',DefaultJob,Default,Default,Default,Default,Default,Default,Default,Default,Default,Default,Default,Default,Default,Default,Default,Default,Default,Default,Default,Default,Default,Default,Default,Default,Default,Default,Default,Default,Default,Default,Default,Default,Default,Default,Default,Default,Default,Default,Default,Default,Default,DefaultJob,Dimension=64&Quantisation=BBQ,1,Workload,Pilot,5,940121574,256,3672349.9,2,0,0,44203
VectorQuantisationBenchmarks.'HNSW search',Rowles.LeanCorpus.Benchmarks,VectorQuantisationBenchmarks,'HNSW search',DefaultJob,Default,Default,Default,Default,Default,Default,Default,Default,Default,Default,Default,Default,Default,Default,Default,Default,Default,Default,Default,Default,Default,Default,Default,Default,Default,Default,Default,Default,Default,Default,Default,Default,Default,Default,Default,Default,Default,Default,Default,Default,Default,DefaultJob,Dimension=64&Quantisation=BBQ,1,Workload,Warmup,1,948555924,256,3705296.58,2,0,0,44203
VectorQuantisationBenchmarks.'HNSW search',Rowles.LeanCorpus.Benchmarks,VectorQuantisationBenchmarks,'HNSW search',DefaultJob,Default,Default,Default,Default,Default,Default,Default,Default,Default,Default,Default,Default,Default,Default,Default,Default,Default,Default,Default,Default,Default,Default,Default,Default,Default,Default,Default,Default,Default,Default,Default,Default,Default,Default,Default,Default,Default,Default,Default,Default,Default,DefaultJob,Dimension=64&Quantisation=BBQ,1,Workload,Warmup,2,949872250,256,3710438.48,2,0,0,44203
VectorQuantisationBenchmarks.'HNSW search',Rowles.LeanCorpus.Benchmarks,VectorQuantisationBenchmarks,'HNSW search',DefaultJob,Default,Default,Default,Default,Default,Default,Default,Default,Default,Default,Default,Default,Default,Default,Default,Default,Default,Default,Default,Default,Default,Default,Default,Default,Default,Default,Default,Default,Default,Default,Default,Default,Default,Default,Default,Default,Default,Default,Default,Default,Default,DefaultJob,Dimension=64&Quantisation=BBQ,1,Workload,Warmup,3,937664804,256,3662753.14,2,0,0,44203
VectorQuantisationBenchmarks.'HNSW search',Rowles.LeanCorpus.Benchmarks,VectorQuantisationBenchmarks,'HNSW search',DefaultJob,Default,Default,Default,Default,Default,Default,Default,Default,Default,Default,Default,Default,Default,Default,Default,Default,Default,Default,Default,Default,Default,Default,Default,Default,Default,Default,Default,Default,Default,Default,Default,Default,Default,Default,Default,Default,Default,Default,Default,Default,Default,DefaultJob,Dimension=64&Quantisation=BBQ,1,Workload,Warmup,4,943366473,256,3685025.29,2,0,0,44203
VectorQuantisationBenchmarks.'HNSW search',Rowles.LeanCorpus.Benchmarks,VectorQuantisationBenchmarks,'HNSW search',DefaultJob,Default,Default,Default,Default,Default,Default,Default,Default,Default,Default,Default,Default,Default,Default,Default,Default,Default,Default,Default,Default,Default,Default,Default,Default,Default,Default,Default,Default,Default,Default,Default,Default,Default,Default,Default,Default,Default,Default,Default,Default,Default,DefaultJob,Dimension=64&Quantisation=BBQ,1,Workload,Warmup,5,951402677,256,3716416.71,2,0,0,44203
VectorQuantisationBenchmarks.'HNSW search',Rowles.LeanCorpus.Benchmarks,VectorQuantisationBenchmarks,'HNSW search',DefaultJob,Default,Default,Default,Default,Default,Default,Default,Default,Default,Default,Default,Default,Default,Default,Default,Default,Default,Default,Default,Default,Default,Default,Default,Default,Default,Default,Default,Default,Default,Default,Default,Default,Default,Default,Default,Default,Default,Default,Default,Default,Default,DefaultJob,Dimension=64&Quantisation=BBQ,1,Workload,Warmup,6,946103922,256,3695718.45,2,0,0,44203
VectorQuantisationBenchmarks.'HNSW search',Rowles.LeanCorpus.Benchmarks,VectorQuantisationBenchmarks,'HNSW search',DefaultJob,Default,Default,Default,Default,Default,Default,Default,Default,Default,Default,Default,Default,Default,Default,Default,Default,Default,Default,Default,Default,Default,Default,Default,Default,Default,Default,Default,Default,Default,Default,Default,Default,Default,Default,Default,Default,Default,Default,Default,Default,Default,DefaultJob,Dimension=64&Quantisation=BBQ,1,Workload,Actual,1,944045097,256,3687676.16,2,0,0,44203
VectorQuantisationBenchmarks.'HNSW search',Rowles.LeanCorpus.Benchmarks,VectorQuantisationBenchmarks,'HNSW search',DefaultJob,Default,Default,Default,Default,Default,Default,Default,Default,Default,Default,Default,Default,Default,Default,Default,Default,Default,Default,Default,Default,Default,Default,Default,Default,Default,Default,Default,Default,Default,Default,Default,Default,Default,Default,Default,Default,Default,Default,Default,Default,Default,DefaultJob,Dimension=64&Quantisation=BBQ,1,Workload,Actual,2,948849862,256,3706444.77,2,0,0,44203
VectorQuantisationBenchmarks.'HNSW search',Rowles.LeanCorpus.Benchmarks,VectorQuantisationBenchmarks,'HNSW search',DefaultJob,Default,Default,Default,Default,Default,Default,Default,Default,Default,Default,Default,Default,Default,Default,Default,Default,Default,Default,Default,Default,Default,Default,Default,Default,Default,Default,Default,Default,Default,Default,Default,Default,Default,Default,Default,Default,Default,Default,Default,Default,Default,DefaultJob,Dimension=64&Quantisation=BBQ,1,Workload,Actual,3,954807794,256,3729717.95,2,0,0,44203
VectorQuantisationBenchmarks.'HNSW search',Rowles.LeanCorpus.Benchmarks,VectorQuantisationBenchmarks,'HNSW search',DefaultJob,Default,Default,Default,Default,Default,Default,Default,Default,Default,Default,Default,Default,Default,Default,Default,Default,Default,Default,Default,Default,Default,Default,Default,Default,Default,Default,Default,Default,Default,Default,Default,Default,Default,Default,Default,Default,Default,Default,Default,Default,Default,DefaultJob,Dimension=64&Quantisation=BBQ,1,Workload,Actual,4,951664457,256,3717439.29,2,0,0,44203
VectorQuantisationBenchmarks.'HNSW search',Rowles.LeanCorpus.Benchmarks,VectorQuantisationBenchmarks,'HNSW search',DefaultJob,Default,Default,Default,Default,Default,Default,Default,Default,Default,Default,Default,Default,Default,Default,Default,Default,Default,Default,Default,Default,Default,Default,Default,Default,Default,Default,Default,Default,Default,Default,Default,Default,Default,Default,Default,Default,Default,Default,Default,Default,Default,DefaultJob,Dimension=64&Quantisation=BBQ,1,Workload,Actual,5,952435929,256,3720452.85,2,0,0,44203
VectorQuantisationBenchmarks.'HNSW search',Rowles.LeanCorpus.Benchmarks,VectorQuantisationBenchmarks,'HNSW search',DefaultJob,Default,Default,Default,Default,Default,Default,Default,Default,Default,Default,Default,Default,Default,Default,Default,Default,Default,Default,Default,Default,Default,Default,Default,Default,Default,Default,Default,Default,Default,Default,Default,Default,Default,Default,Default,Default,Default,Default,Default,Default,Default,DefaultJob,Dimension=64&Quantisation=BBQ,1,Workload,Actual,6,945462910,256,3693214.49,2,0,0,44203
VectorQuantisationBenchmarks.'HNSW search',Rowles.LeanCorpus.Benchmarks,VectorQuantisationBenchmarks,'HNSW search',DefaultJob,Default,Default,Default,Default,Default,Default,Default,Default,Default,Default,Default,Default,Default,Default,Default,Default,Default,Default,Default,Default,Default,Default,Default,Default,Default,Default,Default,Default,Default,Default,Default,Default,Default,Default,Default,Default,Default,Default,Default,Default,Default,DefaultJob,Dimension=64&Quantisation=BBQ,1,Workload,Actual,7,946618577,256,3697728.82,2,0,0,44203
VectorQuantisationBenchmarks.'HNSW search',Rowles.LeanCorpus.Benchmarks,VectorQuantisationBenchmarks,'HNSW search',DefaultJob,Default,Default,Default,Default,Default,Default,Default,Default,Default,Default,Default,Default,Default,Default,Default,Default,Default,Default,Default,Default,Default,Default,Default,Default,Default,Default,Default,Default,Default,Default,Default,Default,Default,Default,Default,Default,Default,Default,Default,Default,Default,DefaultJob,Dimension=64&Quantisation=BBQ,1,Workload,Actual,8,954487585,256,3728467.13,2,0,0,44203
VectorQuantisationBenchmarks.'HNSW search',Rowles.LeanCorpus.Benchmarks,VectorQuantisationBenchmarks,'HNSW search',DefaultJob,Default,Default,Default,Default,Default,Default,Default,Default,Default,Default,Default,Default,Default,Default,Default,Default,Default,Default,Default,Default,Default,Default,Default,Default,Default,Default,Default,Default,Default,Default,Default,Default,Default,Default,Default,Default,Default,Default,Default,Default,Default,DefaultJob,Dimension=64&Quantisation=BBQ,1,Workload,Actual,9,954104460,256,3726970.55,2,0,0,44203
VectorQuantisationBenchmarks.'HNSW search',Rowles.LeanCorpus.Benchmarks,VectorQuantisationBenchmarks,'HNSW search',DefaultJob,Default,Default,Default,Default,Default,Default,Default,Default,Default,Default,Default,Default,Default,Default,Default,Default,Default,Default,Default,Default,Default,Default,Default,Default,Default,Default,Default,Default,Default,Default,Default,Default,Default,Default,Default,Default,Default,Default,Default,Default,Default,DefaultJob,Dimension=64&Quantisation=BBQ,1,Workload,Actual,10,955768973,256,3733472.55,2,0,0,44203
VectorQuantisationBenchmarks.'HNSW search',Rowles.LeanCorpus.Benchmarks,VectorQuantisationBenchmarks,'HNSW search',DefaultJob,Default,Default,Default,Default,Default,Default,Default,Default,Default,Default,Default,Default,Default,Default,Default,Default,Default,Default,Default,Default,Default,Default,Default,Default,Default,Default,Default,Default,Default,Default,Default,Default,Default,Default,Default,Default,Default,Default,Default,Default,Default,DefaultJob,Dimension=64&Quantisation=BBQ,1,Workload,Actual,11,955226570,256,3731353.79,2,0,0,44203
VectorQuantisationBenchmarks.'HNSW search',Rowles.LeanCorpus.Benchmarks,VectorQuantisationBenchmarks,'HNSW search',DefaultJob,Default,Default,Default,Default,Default,Default,Default,Default,Default,Default,Default,Default,Default,Default,Default,Default,Default,Default,Default,Default,Default,Default,Default,Default,Default,Default,Default,Default,Default,Default,Default,Default,Default,Default,Default,Default,Default,Default,Default,Default,Default,DefaultJob,Dimension=64&Quantisation=BBQ,1,Workload,Actual,12,951074873,256,3715136.22,2,0,0,44203
VectorQuantisationBenchmarks.'HNSW search',Rowles.LeanCorpus.Benchmarks,VectorQuantisationBenchmarks,'HNSW search',DefaultJob,Default,Default,Default,Default,Default,Default,Default,Default,Default,Default,Default,Default,Default,Default,Default,Default,Default,Default,Default,Default,Default,Default,Default,Default,Default,Default,Default,Default,Default,Default,Default,Default,Default,Default,Default,Default,Default,Default,Default,Default,Default,DefaultJob,Dimension=64&Quantisation=BBQ,1,Workload,Actual,13,955328425,256,3731751.66,2,0,0,44203
VectorQuantisationBenchmarks.'HNSW search',Rowles.LeanCorpus.Benchmarks,VectorQuantisationBenchmarks,'HNSW search',DefaultJob,Default,Default,Default,Default,Default,Default,Default,Default,Default,Default,Default,Default,Default,Default,Default,Default,Default,Default,Default,Default,Default,Default,Default,Default,Default,Default,Default,Default,Default,Default,Default,Default,Default,Default,Default,Default,Default,Default,Default,Default,Default,DefaultJob,Dimension=64&Quantisation=BBQ,1,Workload,Actual,14,954296676,256,3727721.39,2,0,0,44203
VectorQuantisationBenchmarks.'HNSW search',Rowles.LeanCorpus.Benchmarks,VectorQuantisationBenchmarks,'HNSW search',DefaultJob,Default,Default,Default,Default,Default,Default,Default,Default,Default,Default,Default,Default,Default,Default,Default,Default,Default,Default,Default,Default,Default,Default,Default,Default,Default,Default,Default,Default,Default,Default,Default,Default,Default,Default,Default,Default,Default,Default,Default,Default,Default,DefaultJob,Dimension=64&Quantisation=BBQ,1,Workload,Actual,15,958771294,256,3745200.37,2,0,0,44203
VectorQuantisationBenchmarks.'HNSW search',Rowles.LeanCorpus.Benchmarks,VectorQuantisationBenchmarks,'HNSW search',DefaultJob,Default,Default,Default,Default,Default,Default,Default,Default,Default,Default,Default,Default,Default,Default,Default,Default,Default,Default,Default,Default,Default,Default,Default,Default,Default,Default,Default,Default,Default,Default,Default,Default,Default,Default,Default,Default,Default,Default,Default,Default,Default,DefaultJob,Dimension=64&Quantisation=BBQ,1,Workload,Extra,1,946085262,256,3695645.55,2,0,0,44203
VectorQuantisationBenchmarks.'HNSW search',Rowles.LeanCorpus.Benchmarks,VectorQuantisationBenchmarks,'HNSW search',DefaultJob,Default,Default,Default,Default,Default,Default,Default,Default,Default,Default,Default,Default,Default,Default,Default,Default,Default,Default,Default,Default,Default,Default,Default,Default,Default,Default,Default,Default,Default,Default,Default,Default,Default,Default,Default,Default,Default,Default,Default,Default,Default,DefaultJob,Dimension=64&Quantisation=BBQ,1,Workload,Result,1,944045097,256,3687676.16,2,0,0,44203
VectorQuantisationBenchmarks.'HNSW search',Rowles.LeanCorpus.Benchmarks,VectorQuantisationBenchmarks,'HNSW search',DefaultJob,Default,Default,Default,Default,Default,Default,Default,Default,Default,Default,Default,Default,Default,Default,Default,Default,Default,Default,Default,Default,Default,Default,Default,Default,Default,Default,Default,Default,Default,Default,Default,Default,Default,Default,Default,Default,Default,Default,Default,Default,Default,DefaultJob,Dimension=64&Quantisation=BBQ,1,Workload,Result,2,948849862,256,3706444.77,2,0,0,44203
VectorQuantisationBenchmarks.'HNSW search',Rowles.LeanCorpus.Benchmarks,VectorQuantisationBenchmarks,'HNSW search',DefaultJob,Default,Default,Default,Default,Default,Default,Default,Default,Default,Default,Default,Default,Default,Default,Default,Default,Default,Default,Default,Default,Default,Default,Default,Default,Default,Default,Default,Default,Default,Default,Default,Default,Default,Default,Default,Default,Default,Default,Default,Default,Default,DefaultJob,Dimension=64&Quantisation=BBQ,1,Workload,Result,3,954807794,256,3729717.95,2,0,0,44203
VectorQuantisationBenchmarks.'HNSW search',Rowles.LeanCorpus.Benchmarks,VectorQuantisationBenchmarks,'HNSW search',DefaultJob,Default,Default,Default,Default,Default,Default,Default,Default,Default,Default,Default,Default,Default,Default,Default,Default,Default,Default,Default,Default,Default,Default,Default,Default,Default,Default,Default,Default,Default,Default,Default,Default,Default,Default,Default,Default,Default,Default,Default,Default,Default,DefaultJob,Dimension=64&Quantisation=BBQ,1,Workload,Result,4,951664457,256,3717439.29,2,0,0,44203
VectorQuantisationBenchmarks.'HNSW search',Rowles.LeanCorpus.Benchmarks,VectorQuantisationBenchmarks,'HNSW search',DefaultJob,Default,Default,Default,Default,Default,Default,Default,Default,Default,Default,Default,Default,Default,Default,Default,Default,Default,Default,Default,Default,Default,Default,Default,Default,Default,Default,Default,Default,Default,Default,Default,Default,Default,Default,Default,Default,Default,Default,Default,Default,Default,DefaultJob,Dimension=64&Quantisation=BBQ,1,Workload,Result,5,952435929,256,3720452.85,2,0,0,44203
VectorQuantisationBenchmarks.'HNSW search',Rowles.LeanCorpus.Benchmarks,VectorQuantisationBenchmarks,'HNSW search',DefaultJob,Default,Default,Default,Default,Default,Default,Default,Default,Default,Default,Default,Default,Default,Default,Default,Default,Default,Default,Default,Default,Default,Default,Default,Default,Default,Default,Default,Default,Default,Default,Default,Default,Default,Default,Default,Default,Default,Default,Default,Default,Default,DefaultJob,Dimension=64&Quantisation=BBQ,1,Workload,Result,6,945462910,256,3693214.49,2,0,0,44203
VectorQuantisationBenchmarks.'HNSW search',Rowles.LeanCorpus.Benchmarks,VectorQuantisationBenchmarks,'HNSW search',DefaultJob,Default,Default,Default,Default,Default,Default,Default,Default,Default,Default,Default,Default,Default,Default,Default,Default,Default,Default,Default,Default,Default,Default,Default,Default,Default,Default,Default,Default,Default,Default,Default,Default,Default,Default,Default,Default,Default,Default,Default,Default,Default,DefaultJob,Dimension=64&Quantisation=BBQ,1,Workload,Result,7,946618577,256,3697728.82,2,0,0,44203
VectorQuantisationBenchmarks.'HNSW search',Rowles.LeanCorpus.Benchmarks,VectorQuantisationBenchmarks,'HNSW search',DefaultJob,Default,Default,Default,Default,Default,Default,Default,Default,Default,Default,Default,Default,Default,Default,Default,Default,Default,Default,Default,Default,Default,Default,Default,Default,Default,Default,Default,Default,Default,Default,Default,Default,Default,Default,Default,Default,Default,Default,Default,Default,Default,DefaultJob,Dimension=64&Quantisation=BBQ,1,Workload,Result,8,954487585,256,3728467.13,2,0,0,44203
VectorQuantisationBenchmarks.'HNSW search',Rowles.LeanCorpus.Benchmarks,VectorQuantisationBenchmarks,'HNSW search',DefaultJob,Default,Default,Default,Default,Default,Default,Default,Default,Default,Default,Default,Default,Default,Default,Default,Default,Default,Default,Default,Default,Default,Default,Default,Default,Default,Default,Default,Default,Default,Default,Default,Default,Default,Default,Default,Default,Default,Default,Default,Default,Default,DefaultJob,Dimension=64&Quantisation=BBQ,1,Workload,Result,9,954104460,256,3726970.55,2,0,0,44203
VectorQuantisationBenchmarks.'HNSW search',Rowles.LeanCorpus.Benchmarks,VectorQuantisationBenchmarks,'HNSW search',DefaultJob,Default,Default,Default,Default,Default,Default,Default,Default,Default,Default,Default,Default,Default,Default,Default,Default,Default,Default,Default,Default,Default,Default,Default,Default,Default,Default,Default,Default,Default,Default,Default,Default,Default,Default,Default,Default,Default,Default,Default,Default,Default,DefaultJob,Dimension=64&Quantisation=BBQ,1,Workload,Result,10,955768973,256,3733472.55,2,0,0,44203
VectorQuantisationBenchmarks.'HNSW search',Rowles.LeanCorpus.Benchmarks,VectorQuantisationBenchmarks,'HNSW search',DefaultJob,Default,Default,Default,Default,Default,Default,Default,Default,Default,Default,Default,Default,Default,Default,Default,Default,Default,Default,Default,Default,Default,Default,Default,Default,Default,Default,Default,Default,Default,Default,Default,Default,Default,Default,Default,Default,Default,Default,Default,Default,Default,DefaultJob,Dimension=64&Quantisation=BBQ,1,Workload,Result,11,955226570,256,3731353.79,2,0,0,44203
VectorQuantisationBenchmarks.'HNSW search',Rowles.LeanCorpus.Benchmarks,VectorQuantisationBenchmarks,'HNSW search',DefaultJob,Default,Default,Default,Default,Default,Default,Default,Default,Default,Default,Default,Default,Default,Default,Default,Default,Default,Default,Default,Default,Default,Default,Default,Default,Default,Default,Default,Default,Default,Default,Default,Default,Default,Default,Default,Default,Default,Default,Default,Default,Default,DefaultJob,Dimension=64&Quantisation=BBQ,1,Workload,Result,12,951074873,256,3715136.22,2,0,0,44203
VectorQuantisationBenchmarks.'HNSW search',Rowles.LeanCorpus.Benchmarks,VectorQuantisationBenchmarks,'HNSW search',DefaultJob,Default,Default,Default,Default,Default,Default,Default,Default,Default,Default,Default,Default,Default,Default,Default,Default,Default,Default,Default,Default,Default,Default,Default,Default,Default,Default,Default,Default,Default,Default,Default,Default,Default,Default,Default,Default,Default,Default,Default,Default,Default,DefaultJob,Dimension=64&Quantisation=BBQ,1,Workload,Result,13,955328425,256,3731751.66,2,0,0,44203
VectorQuantisationBenchmarks.'HNSW search',Rowles.LeanCorpus.Benchmarks,VectorQuantisationBenchmarks,'HNSW search',DefaultJob,Default,Default,Default,Default,Default,Default,Default,Default,Default,Default,Default,Default,Default,Default,Default,Default,Default,Default,Default,Default,Default,Default,Default,Default,Default,Default,Default,Default,Default,Default,Default,Default,Default,Default,Default,Default,Default,Default,Default,Default,Default,DefaultJob,Dimension=64&Quantisation=BBQ,1,Workload,Result,14,954296676,256,3727721.39,2,0,0,44203
VectorQuantisationBenchmarks.'HNSW search',Rowles.LeanCorpus.Benchmarks,VectorQuantisationBenchmarks,'HNSW search',DefaultJob,Default,Default,Default,Default,Default,Default,Default,Default,Default,Default,Default,Default,Default,Default,Default,Default,Default,Default,Default,Default,Default,Default,Default,Default,Default,Default,Default,Default,Default,Default,Default,Default,Default,Default,Default,Default,Default,Default,Default,Default,Default,DefaultJob,Dimension=64&Quantisation=BBQ,1,Workload,Result,15,958771294,256,3745200.37,2,0,0,44203
VectorQuantisationBenchmarks.'Lucene.NET flat scan',Rowles.LeanCorpus.Benchmarks,VectorQuantisationBenchmarks,'Lucene.NET flat scan',DefaultJob,Default,Default,Default,Default,Default,Default,Default,Default,Default,Default,Default,Default,Default,Default,Default,Default,Default,Default,Default,Default,Default,Default,Default,Default,Default,Default,Default,Default,Default,Default,Default,Default,Default,Default,Default,Default,Default,Default,Default,Default,Default,DefaultJob,Dimension=64&Quantisation=BBQ,1,Workload,Jitting,1,321197135,1,321197135,42,0,0,88800104
VectorQuantisationBenchmarks.'Lucene.NET flat scan',Rowles.LeanCorpus.Benchmarks,VectorQuantisationBenchmarks,'Lucene.NET flat scan',DefaultJob,Default,Default,Default,Default,Default,Default,Default,Default,Default,Default,Default,Default,Default,Default,Default,Default,Default,Default,Default,Default,Default,Default,Default,Default,Default,Default,Default,Default,Default,Default,Default,Default,Default,Default,Default,Default,Default,Default,Default,Default,Default,DefaultJob,Dimension=64&Quantisation=BBQ,1,Workload,Jitting,2,7891337567,30,263044585.57,42,0,0,88800104
VectorQuantisationBenchmarks.'Lucene.NET flat scan',Rowles.LeanCorpus.Benchmarks,VectorQuantisationBenchmarks,'Lucene.NET flat scan',DefaultJob,Default,Default,Default,Default,Default,Default,Default,Default,Default,Default,Default,Default,Default,Default,Default,Default,Default,Default,Default,Default,Default,Default,Default,Default,Default,Default,Default,Default,Default,Default,Default,Default,Default,Default,Default,Default,Default,Default,Default,Default,Default,DefaultJob,Dimension=64&Quantisation=BBQ,1,Workload,Jitting,3,1547419035,6,257903172.5,42,0,0,88800104
VectorQuantisationBenchmarks.'Lucene.NET flat scan',Rowles.LeanCorpus.Benchmarks,VectorQuantisationBenchmarks,'Lucene.NET flat scan',DefaultJob,Default,Default,Default,Default,Default,Default,Default,Default,Default,Default,Default,Default,Default,Default,Default,Default,Default,Default,Default,Default,Default,Default,Default,Default,Default,Default,Default,Default,Default,Default,Default,Default,Default,Default,Default,Default,Default,Default,Default,Default,Default,DefaultJob,Dimension=64&Quantisation=BBQ,1,Workload,Jitting,4,262278380,1,262278380,42,0,0,88800104
VectorQuantisationBenchmarks.'Lucene.NET flat scan',Rowles.LeanCorpus.Benchmarks,VectorQuantisationBenchmarks,'Lucene.NET flat scan',DefaultJob,Default,Default,Default,Default,Default,Default,Default,Default,Default,Default,Default,Default,Default,Default,Default,Default,Default,Default,Default,Default,Default,Default,Default,Default,Default,Default,Default,Default,Default,Default,Default,Default,Default,Default,Default,Default,Default,Default,Default,Default,Default,DefaultJob,Dimension=64&Quantisation=BBQ,1,Workload,Pilot,1,514809103,2,257404551.5,42,0,0,88800104
VectorQuantisationBenchmarks.'Lucene.NET flat scan',Rowles.LeanCorpus.Benchmarks,VectorQuantisationBenchmarks,'Lucene.NET flat scan',DefaultJob,Default,Default,Default,Default,Default,Default,Default,Default,Default,Default,Default,Default,Default,Default,Default,Default,Default,Default,Default,Default,Default,Default,Default,Default,Default,Default,Default,Default,Default,Default,Default,Default,Default,Default,Default,Default,Default,Default,Default,Default,Default,DefaultJob,Dimension=64&Quantisation=BBQ,1,Workload,Warmup,1,514672418,2,257336209,42,0,0,88800104
VectorQuantisationBenchmarks.'Lucene.NET flat scan',Rowles.LeanCorpus.Benchmarks,VectorQuantisationBenchmarks,'Lucene.NET flat scan',DefaultJob,Default,Default,Default,Default,Default,Default,Default,Default,Default,Default,Default,Default,Default,Default,Default,Default,Default,Default,Default,Default,Default,Default,Default,Default,Default,Default,Default,Default,Default,Default,Default,Default,Default,Default,Default,Default,Default,Default,Default,Default,Default,DefaultJob,Dimension=64&Quantisation=BBQ,1,Workload,Warmup,2,512935438,2,256467719,42,0,0,88800104
VectorQuantisationBenchmarks.'Lucene.NET flat scan',Rowles.LeanCorpus.Benchmarks,VectorQuantisationBenchmarks,'Lucene.NET flat scan',DefaultJob,Default,Default,Default,Default,Default,Default,Default,Default,Default,Default,Default,Default,Default,Default,Default,Default,Default,Default,Default,Default,Default,Default,Default,Default,Default,Default,Default,Default,Default,Default,Default,Default,Default,Default,Default,Default,Default,Default,Default,Default,Default,DefaultJob,Dimension=64&Quantisation=BBQ,1,Workload,Warmup,3,518323760,2,259161880,42,0,0,88800104
VectorQuantisationBenchmarks.'Lucene.NET flat scan',Rowles.LeanCorpus.Benchmarks,VectorQuantisationBenchmarks,'Lucene.NET flat scan',DefaultJob,Default,Default,Default,Default,Default,Default,Default,Default,Default,Default,Default,Default,Default,Default,Default,Default,Default,Default,Default,Default,Default,Default,Default,Default,Default,Default,Default,Default,Default,Default,Default,Default,Default,Default,Default,Default,Default,Default,Default,Default,Default,DefaultJob,Dimension=64&Quantisation=BBQ,1,Workload,Warmup,4,519103697,2,259551848.5,42,0,0,88800104
VectorQuantisationBenchmarks.'Lucene.NET flat scan',Rowles.LeanCorpus.Benchmarks,VectorQuantisationBenchmarks,'Lucene.NET flat scan',DefaultJob,Default,Default,Default,Default,Default,Default,Default,Default,Default,Default,Default,Default,Default,Default,Default,Default,Default,Default,Default,Default,Default,Default,Default,Default,Default,Default,Default,Default,Default,Default,Default,Default,Default,Default,Default,Default,Default,Default,Default,Default,Default,DefaultJob,Dimension=64&Quantisation=BBQ,1,Workload,Warmup,5,520289362,2,260144681,42,0,0,88800104
VectorQuantisationBenchmarks.'Lucene.NET flat scan',Rowles.LeanCorpus.Benchmarks,VectorQuantisationBenchmarks,'Lucene.NET flat scan',DefaultJob,Default,Default,Default,Default,Default,Default,Default,Default,Default,Default,Default,Default,Default,Default,Default,Default,Default,Default,Default,Default,Default,Default,Default,Default,Default,Default,Default,Default,Default,Default,Default,Default,Default,Default,Default,Default,Default,Default,Default,Default,Default,DefaultJob,Dimension=64&Quantisation=BBQ,1,Workload,Warmup,6,522564269,2,261282134.5,42,0,0,88800104
VectorQuantisationBenchmarks.'Lucene.NET flat scan',Rowles.LeanCorpus.Benchmarks,VectorQuantisationBenchmarks,'Lucene.NET flat scan',DefaultJob,Default,Default,Default,Default,Default,Default,Default,Default,Default,Default,Default,Default,Default,Default,Default,Default,Default,Default,Default,Default,Default,Default,Default,Default,Default,Default,Default,Default,Default,Default,Default,Default,Default,Default,Default,Default,Default,Default,Default,Default,Default,DefaultJob,Dimension=64&Quantisation=BBQ,1,Workload,Warmup,7,519454770,2,259727385,42,0,0,88800104
VectorQuantisationBenchmarks.'Lucene.NET flat scan',Rowles.LeanCorpus.Benchmarks,VectorQuantisationBenchmarks,'Lucene.NET flat scan',DefaultJob,Default,Default,Default,Default,Default,Default,Default,Default,Default,Default,Default,Default,Default,Default,Default,Default,Default,Default,Default,Default,Default,Default,Default,Default,Default,Default,Default,Default,Default,Default,Default,Default,Default,Default,Default,Default,Default,Default,Default,Default,Default,DefaultJob,Dimension=64&Quantisation=BBQ,1,Workload,Warmup,8,518377747,2,259188873.5,42,0,0,88800104
VectorQuantisationBenchmarks.'Lucene.NET flat scan',Rowles.LeanCorpus.Benchmarks,VectorQuantisationBenchmarks,'Lucene.NET flat scan',DefaultJob,Default,Default,Default,Default,Default,Default,Default,Default,Default,Default,Default,Default,Default,Default,Default,Default,Default,Default,Default,Default,Default,Default,Default,Default,Default,Default,Default,Default,Default,Default,Default,Default,Default,Default,Default,Default,Default,Default,Default,Default,Default,DefaultJob,Dimension=64&Quantisation=BBQ,1,Workload,Warmup,9,523313348,2,261656674,42,0,0,88800104
VectorQuantisationBenchmarks.'Lucene.NET flat scan',Rowles.LeanCorpus.Benchmarks,VectorQuantisationBenchmarks,'Lucene.NET flat scan',DefaultJob,Default,Default,Default,Default,Default,Default,Default,Default,Default,Default,Default,Default,Default,Default,Default,Default,Default,Default,Default,Default,Default,Default,Default,Default,Default,Default,Default,Default,Default,Default,Default,Default,Default,Default,Default,Default,Default,Default,Default,Default,Default,DefaultJob,Dimension=64&Quantisation=BBQ,1,Workload,Warmup,10,522786909,2,261393454.5,42,0,0,88800104
VectorQuantisationBenchmarks.'Lucene.NET flat scan',Rowles.LeanCorpus.Benchmarks,VectorQuantisationBenchmarks,'Lucene.NET flat scan',DefaultJob,Default,Default,Default,Default,Default,Default,Default,Default,Default,Default,Default,Default,Default,Default,Default,Default,Default,Default,Default,Default,Default,Default,Default,Default,Default,Default,Default,Default,Default,Default,Default,Default,Default,Default,Default,Default,Default,Default,Default,Default,Default,DefaultJob,Dimension=64&Quantisation=BBQ,1,Workload,Actual,1,521288922,2,260644461,42,0,0,88800104
VectorQuantisationBenchmarks.'Lucene.NET flat scan',Rowles.LeanCorpus.Benchmarks,VectorQuantisationBenchmarks,'Lucene.NET flat scan',DefaultJob,Default,Default,Default,Default,Default,Default,Default,Default,Default,Default,Default,Default,Default,Default,Default,Default,Default,Default,Default,Default,Default,Default,Default,Default,Default,Default,Default,Default,Default,Default,Default,Default,Default,Default,Default,Default,Default,Default,Default,Default,Default,DefaultJob,Dimension=64&Quantisation=BBQ,1,Workload,Actual,2,509646141,2,254823070.5,42,0,0,88800104
VectorQuantisationBenchmarks.'Lucene.NET flat scan',Rowles.LeanCorpus.Benchmarks,VectorQuantisationBenchmarks,'Lucene.NET flat scan',DefaultJob,Default,Default,Default,Default,Default,Default,Default,Default,Default,Default,Default,Default,Default,Default,Default,Default,Default,Default,Default,Default,Default,Default,Default,Default,Default,Default,Default,Default,Default,Default,Default,Default,Default,Default,Default,Default,Default,Default,Default,Default,Default,DefaultJob,Dimension=64&Quantisation=BBQ,1,Workload,Actual,3,512251850,2,256125925,42,0,0,88800104
VectorQuantisationBenchmarks.'Lucene.NET flat scan',Rowles.LeanCorpus.Benchmarks,VectorQuantisationBenchmarks,'Lucene.NET flat scan',DefaultJob,Default,Default,Default,Default,Default,Default,Default,Default,Default,Default,Default,Default,Default,Default,Default,Default,Default,Default,Default,Default,Default,Default,Default,Default,Default,Default,Default,Default,Default,Default,Default,Default,Default,Default,Default,Default,Default,Default,Default,Default,Default,DefaultJob,Dimension=64&Quantisation=BBQ,1,Workload,Actual,4,516185987,2,258092993.5,42,0,0,88800104
VectorQuantisationBenchmarks.'Lucene.NET flat scan',Rowles.LeanCorpus.Benchmarks,VectorQuantisationBenchmarks,'Lucene.NET flat scan',DefaultJob,Default,Default,Default,Default,Default,Default,Default,Default,Default,Default,Default,Default,Default,Default,Default,Default,Default,Default,Default,Default,Default,Default,Default,Default,Default,Default,Default,Default,Default,Default,Default,Default,Default,Default,Default,Default,Default,Default,Default,Default,Default,DefaultJob,Dimension=64&Quantisation=BBQ,1,Workload,Actual,5,515591047,2,257795523.5,42,0,0,88800104
VectorQuantisationBenchmarks.'Lucene.NET flat scan',Rowles.LeanCorpus.Benchmarks,VectorQuantisationBenchmarks,'Lucene.NET flat scan',DefaultJob,Default,Default,Default,Default,Default,Default,Default,Default,Default,Default,Default,Default,Default,Default,Default,Default,Default,Default,Default,Default,Default,Default,Default,Default,Default,Default,Default,Default,Default,Default,Default,Default,Default,Default,Default,Default,Default,Default,Default,Default,Default,DefaultJob,Dimension=64&Quantisation=BBQ,1,Workload,Actual,6,509118736,2,254559368,42,0,0,88800104
VectorQuantisationBenchmarks.'Lucene.NET flat scan',Rowles.LeanCorpus.Benchmarks,VectorQuantisationBenchmarks,'Lucene.NET flat scan',DefaultJob,Default,Default,Default,Default,Default,Default,Default,Default,Default,Default,Default,Default,Default,Default,Default,Default,Default,Default,Default,Default,Default,Default,Default,Default,Default,Default,Default,Default,Default,Default,Default,Default,Default,Default,Default,Default,Default,Default,Default,Default,Default,DefaultJob,Dimension=64&Quantisation=BBQ,1,Workload,Actual,7,514012625,2,257006312.5,42,0,0,88800104
VectorQuantisationBenchmarks.'Lucene.NET flat scan',Rowles.LeanCorpus.Benchmarks,VectorQuantisationBenchmarks,'Lucene.NET flat scan',DefaultJob,Default,Default,Default,Default,Default,Default,Default,Default,Default,Default,Default,Default,Default,Default,Default,Default,Default,Default,Default,Default,Default,Default,Default,Default,Default,Default,Default,Default,Default,Default,Default,Default,Default,Default,Default,Default,Default,Default,Default,Default,Default,DefaultJob,Dimension=64&Quantisation=BBQ,1,Workload,Actual,8,507749012,2,253874506,42,0,0,88800104
VectorQuantisationBenchmarks.'Lucene.NET flat scan',Rowles.LeanCorpus.Benchmarks,VectorQuantisationBenchmarks,'Lucene.NET flat scan',DefaultJob,Default,Default,Default,Default,Default,Default,Default,Default,Default,Default,Default,Default,Default,Default,Default,Default,Default,Default,Default,Default,Default,Default,Default,Default,Default,Default,Default,Default,Default,Default,Default,Default,Default,Default,Default,Default,Default,Default,Default,Default,Default,DefaultJob,Dimension=64&Quantisation=BBQ,1,Workload,Actual,9,511097348,2,255548674,42,0,0,88800104
VectorQuantisationBenchmarks.'Lucene.NET flat scan',Rowles.LeanCorpus.Benchmarks,VectorQuantisationBenchmarks,'Lucene.NET flat scan',DefaultJob,Default,Default,Default,Default,Default,Default,Default,Default,Default,Default,Default,Default,Default,Default,Default,Default,Default,Default,Default,Default,Default,Default,Default,Default,Default,Default,Default,Default,Default,Default,Default,Default,Default,Default,Default,Default,Default,Default,Default,Default,Default,DefaultJob,Dimension=64&Quantisation=BBQ,1,Workload,Actual,10,516185694,2,258092847,42,0,0,88800104
VectorQuantisationBenchmarks.'Lucene.NET flat scan',Rowles.LeanCorpus.Benchmarks,VectorQuantisationBenchmarks,'Lucene.NET flat scan',DefaultJob,Default,Default,Default,Default,Default,Default,Default,Default,Default,Default,Default,Default,Default,Default,Default,Default,Default,Default,Default,Default,Default,Default,Default,Default,Default,Default,Default,Default,Default,Default,Default,Default,Default,Default,Default,Default,Default,Default,Default,Default,Default,DefaultJob,Dimension=64&Quantisation=BBQ,1,Workload,Actual,11,508119502,2,254059751,42,0,0,88800104
VectorQuantisationBenchmarks.'Lucene.NET flat scan',Rowles.LeanCorpus.Benchmarks,VectorQuantisationBenchmarks,'Lucene.NET flat scan',DefaultJob,Default,Default,Default,Default,Default,Default,Default,Default,Default,Default,Default,Default,Default,Default,Default,Default,Default,Default,Default,Default,Default,Default,Default,Default,Default,Default,Default,Default,Default,Default,Default,Default,Default,Default,Default,Default,Default,Default,Default,Default,Default,DefaultJob,Dimension=64&Quantisation=BBQ,1,Workload,Actual,12,511145450,2,255572725,42,0,0,88800104
VectorQuantisationBenchmarks.'Lucene.NET flat scan',Rowles.LeanCorpus.Benchmarks,VectorQuantisationBenchmarks,'Lucene.NET flat scan',DefaultJob,Default,Default,Default,Default,Default,Default,Default,Default,Default,Default,Default,Default,Default,Default,Default,Default,Default,Default,Default,Default,Default,Default,Default,Default,Default,Default,Default,Default,Default,Default,Default,Default,Default,Default,Default,Default,Default,Default,Default,Default,Default,DefaultJob,Dimension=64&Quantisation=BBQ,1,Workload,Actual,13,511021911,2,255510955.5,42,0,0,88800104
VectorQuantisationBenchmarks.'Lucene.NET flat scan',Rowles.LeanCorpus.Benchmarks,VectorQuantisationBenchmarks,'Lucene.NET flat scan',DefaultJob,Default,Default,Default,Default,Default,Default,Default,Default,Default,Default,Default,Default,Default,Default,Default,Default,Default,Default,Default,Default,Default,Default,Default,Default,Default,Default,Default,Default,Default,Default,Default,Default,Default,Default,Default,Default,Default,Default,Default,Default,Default,DefaultJob,Dimension=64&Quantisation=BBQ,1,Workload,Actual,14,510842528,2,255421264,42,0,0,88800104
VectorQuantisationBenchmarks.'Lucene.NET flat scan',Rowles.LeanCorpus.Benchmarks,VectorQuantisationBenchmarks,'Lucene.NET flat scan',DefaultJob,Default,Default,Default,Default,Default,Default,Default,Default,Default,Default,Default,Default,Default,Default,Default,Default,Default,Default,Default,Default,Default,Default,Default,Default,Default,Default,Default,Default,Default,Default,Default,Default,Default,Default,Default,Default,Default,Default,Default,Default,Default,DefaultJob,Dimension=64&Quantisation=BBQ,1,Workload,Actual,15,510488645,2,255244322.5,42,0,0,88800104
VectorQuantisationBenchmarks.'Lucene.NET flat scan',Rowles.LeanCorpus.Benchmarks,VectorQuantisationBenchmarks,'Lucene.NET flat scan',DefaultJob,Default,Default,Default,Default,Default,Default,Default,Default,Default,Default,Default,Default,Default,Default,Default,Default,Default,Default,Default,Default,Default,Default,Default,Default,Default,Default,Default,Default,Default,Default,Default,Default,Default,Default,Default,Default,Default,Default,Default,Default,Default,DefaultJob,Dimension=64&Quantisation=BBQ,1,Workload,Extra,1,516076776,2,258038388,42,0,0,88800104
VectorQuantisationBenchmarks.'Lucene.NET flat scan',Rowles.LeanCorpus.Benchmarks,VectorQuantisationBenchmarks,'Lucene.NET flat scan',DefaultJob,Default,Default,Default,Default,Default,Default,Default,Default,Default,Default,Default,Default,Default,Default,Default,Default,Default,Default,Default,Default,Default,Default,Default,Default,Default,Default,Default,Default,Default,Default,Default,Default,Default,Default,Default,Default,Default,Default,Default,Default,Default,DefaultJob,Dimension=64&Quantisation=BBQ,1,Workload,Result,1,521288922,2,260644461,42,0,0,88800104
VectorQuantisationBenchmarks.'Lucene.NET flat scan',Rowles.LeanCorpus.Benchmarks,VectorQuantisationBenchmarks,'Lucene.NET flat scan',DefaultJob,Default,Default,Default,Default,Default,Default,Default,Default,Default,Default,Default,Default,Default,Default,Default,Default,Default,Default,Default,Default,Default,Default,Default,Default,Default,Default,Default,Default,Default,Default,Default,Default,Default,Default,Default,Default,Default,Default,Default,Default,Default,DefaultJob,Dimension=64&Quantisation=BBQ,1,Workload,Result,2,509646141,2,254823070.5,42,0,0,88800104
VectorQuantisationBenchmarks.'Lucene.NET flat scan',Rowles.LeanCorpus.Benchmarks,VectorQuantisationBenchmarks,'Lucene.NET flat scan',DefaultJob,Default,Default,Default,Default,Default,Default,Default,Default,Default,Default,Default,Default,Default,Default,Default,Default,Default,Default,Default,Default,Default,Default,Default,Default,Default,Default,Default,Default,Default,Default,Default,Default,Default,Default,Default,Default,Default,Default,Default,Default,Default,DefaultJob,Dimension=64&Quantisation=BBQ,1,Workload,Result,3,512251850,2,256125925,42,0,0,88800104
VectorQuantisationBenchmarks.'Lucene.NET flat scan',Rowles.LeanCorpus.Benchmarks,VectorQuantisationBenchmarks,'Lucene.NET flat scan',DefaultJob,Default,Default,Default,Default,Default,Default,Default,Default,Default,Default,Default,Default,Default,Default,Default,Default,Default,Default,Default,Default,Default,Default,Default,Default,Default,Default,Default,Default,Default,Default,Default,Default,Default,Default,Default,Default,Default,Default,Default,Default,Default,DefaultJob,Dimension=64&Quantisation=BBQ,1,Workload,Result,4,516185987,2,258092993.5,42,0,0,88800104
VectorQuantisationBenchmarks.'Lucene.NET flat scan',Rowles.LeanCorpus.Benchmarks,VectorQuantisationBenchmarks,'Lucene.NET flat scan',DefaultJob,Default,Default,Default,Default,Default,Default,Default,Default,Default,Default,Default,Default,Default,Default,Default,Default,Default,Default,Default,Default,Default,Default,Default,Default,Default,Default,Default,Default,Default,Default,Default,Default,Default,Default,Default,Default,Default,Default,Default,Default,Default,DefaultJob,Dimension=64&Quantisation=BBQ,1,Workload,Result,5,515591047,2,257795523.5,42,0,0,88800104
VectorQuantisationBenchmarks.'Lucene.NET flat scan',Rowles.LeanCorpus.Benchmarks,VectorQuantisationBenchmarks,'Lucene.NET flat scan',DefaultJob,Default,Default,Default,Default,Default,Default,Default,Default,Default,Default,Default,Default,Default,Default,Default,Default,Default,Default,Default,Default,Default,Default,Default,Default,Default,Default,Default,Default,Default,Default,Default,Default,Default,Default,Default,Default,Default,Default,Default,Default,Default,DefaultJob,Dimension=64&Quantisation=BBQ,1,Workload,Result,6,509118736,2,254559368,42,0,0,88800104
VectorQuantisationBenchmarks.'Lucene.NET flat scan',Rowles.LeanCorpus.Benchmarks,VectorQuantisationBenchmarks,'Lucene.NET flat scan',DefaultJob,Default,Default,Default,Default,Default,Default,Default,Default,Default,Default,Default,Default,Default,Default,Default,Default,Default,Default,Default,Default,Default,Default,Default,Default,Default,Default,Default,Default,Default,Default,Default,Default,Default,Default,Default,Default,Default,Default,Default,Default,Default,DefaultJob,Dimension=64&Quantisation=BBQ,1,Workload,Result,7,514012625,2,257006312.5,42,0,0,88800104
VectorQuantisationBenchmarks.'Lucene.NET flat scan',Rowles.LeanCorpus.Benchmarks,VectorQuantisationBenchmarks,'Lucene.NET flat scan',DefaultJob,Default,Default,Default,Default,Default,Default,Default,Default,Default,Default,Default,Default,Default,Default,Default,Default,Default,Default,Default,Default,Default,Default,Default,Default,Default,Default,Default,Default,Default,Default,Default,Default,Default,Default,Default,Default,Default,Default,Default,Default,Default,DefaultJob,Dimension=64&Quantisation=BBQ,1,Workload,Result,8,507749012,2,253874506,42,0,0,88800104
VectorQuantisationBenchmarks.'Lucene.NET flat scan',Rowles.LeanCorpus.Benchmarks,VectorQuantisationBenchmarks,'Lucene.NET flat scan',DefaultJob,Default,Default,Default,Default,Default,Default,Default,Default,Default,Default,Default,Default,Default,Default,Default,Default,Default,Default,Default,Default,Default,Default,Default,Default,Default,Default,Default,Default,Default,Default,Default,Default,Default,Default,Default,Default,Default,Default,Default,Default,Default,DefaultJob,Dimension=64&Quantisation=BBQ,1,Workload,Result,9,511097348,2,255548674,42,0,0,88800104
VectorQuantisationBenchmarks.'Lucene.NET flat scan',Rowles.LeanCorpus.Benchmarks,VectorQuantisationBenchmarks,'Lucene.NET flat scan',DefaultJob,Default,Default,Default,Default,Default,Default,Default,Default,Default,Default,Default,Default,Default,Default,Default,Default,Default,Default,Default,Default,Default,Default,Default,Default,Default,Default,Default,Default,Default,Default,Default,Default,Default,Default,Default,Default,Default,Default,Default,Default,Default,DefaultJob,Dimension=64&Quantisation=BBQ,1,Workload,Result,10,516185694,2,258092847,42,0,0,88800104
VectorQuantisationBenchmarks.'Lucene.NET flat scan',Rowles.LeanCorpus.Benchmarks,VectorQuantisationBenchmarks,'Lucene.NET flat scan',DefaultJob,Default,Default,Default,Default,Default,Default,Default,Default,Default,Default,Default,Default,Default,Default,Default,Default,Default,Default,Default,Default,Default,Default,Default,Default,Default,Default,Default,Default,Default,Default,Default,Default,Default,Default,Default,Default,Default,Default,Default,Default,Default,DefaultJob,Dimension=64&Quantisation=BBQ,1,Workload,Result,11,508119502,2,254059751,42,0,0,88800104
VectorQuantisationBenchmarks.'Lucene.NET flat scan',Rowles.LeanCorpus.Benchmarks,VectorQuantisationBenchmarks,'Lucene.NET flat scan',DefaultJob,Default,Default,Default,Default,Default,Default,Default,Default,Default,Default,Default,Default,Default,Default,Default,Default,Default,Default,Default,Default,Default,Default,Default,Default,Default,Default,Default,Default,Default,Default,Default,Default,Default,Default,Default,Default,Default,Default,Default,Default,Default,DefaultJob,Dimension=64&Quantisation=BBQ,1,Workload,Result,12,511145450,2,255572725,42,0,0,88800104
VectorQuantisationBenchmarks.'Lucene.NET flat scan',Rowles.LeanCorpus.Benchmarks,VectorQuantisationBenchmarks,'Lucene.NET flat scan',DefaultJob,Default,Default,Default,Default,Default,Default,Default,Default,Default,Default,Default,Default,Default,Default,Default,Default,Default,Default,Default,Default,Default,Default,Default,Default,Default,Default,Default,Default,Default,Default,Default,Default,Default,Default,Default,Default,Default,Default,Default,Default,Default,DefaultJob,Dimension=64&Quantisation=BBQ,1,Workload,Result,13,511021911,2,255510955.5,42,0,0,88800104
VectorQuantisationBenchmarks.'Lucene.NET flat scan',Rowles.LeanCorpus.Benchmarks,VectorQuantisationBenchmarks,'Lucene.NET flat scan',DefaultJob,Default,Default,Default,Default,Default,Default,Default,Default,Default,Default,Default,Default,Default,Default,Default,Default,Default,Default,Default,Default,Default,Default,Default,Default,Default,Default,Default,Default,Default,Default,Default,Default,Default,Default,Default,Default,Default,Default,Default,Default,Default,DefaultJob,Dimension=64&Quantisation=BBQ,1,Workload,Result,14,510842528,2,255421264,42,0,0,88800104
VectorQuantisationBenchmarks.'Lucene.NET flat scan',Rowles.LeanCorpus.Benchmarks,VectorQuantisationBenchmarks,'Lucene.NET flat scan',DefaultJob,Default,Default,Default,Default,Default,Default,Default,Default,Default,Default,Default,Default,Default,Default,Default,Default,Default,Default,Default,Default,Default,Default,Default,Default,Default,Default,Default,Default,Default,Default,Default,Default,Default,Default,Default,Default,Default,Default,Default,Default,Default,DefaultJob,Dimension=64&Quantisation=BBQ,1,Workload,Result,15,510488645,2,255244322.5,42,0,0,88800104
VectorQuantisationBenchmarks.'HNSW search',Rowles.LeanCorpus.Benchmarks,VectorQuantisationBenchmarks,'HNSW search',DefaultJob,Default,Default,Default,Default,Default,Default,Default,Default,Default,Default,Default,Default,Default,Default,Default,Default,Default,Default,Default,Default,Default,Default,Default,Default,Default,Default,Default,Default,Default,Default,Default,Default,Default,Default,Default,Default,Default,Default,Default,Default,Default,DefaultJob,Dimension=64&Quantisation=Int4,1,Workload,Jitting,1,6666313,1,6666313,150,0,0,4923235
VectorQuantisationBenchmarks.'HNSW search',Rowles.LeanCorpus.Benchmarks,VectorQuantisationBenchmarks,'HNSW search',DefaultJob,Default,Default,Default,Default,Default,Default,Default,Default,Default,Default,Default,Default,Default,Default,Default,Default,Default,Default,Default,Default,Default,Default,Default,Default,Default,Default,Default,Default,Default,Default,Default,Default,Default,Default,Default,Default,Default,Default,Default,Default,Default,DefaultJob,Dimension=64&Quantisation=Int4,1,Workload,Jitting,2,158941402,30,5298046.73,150,0,0,4923235
VectorQuantisationBenchmarks.'HNSW search',Rowles.LeanCorpus.Benchmarks,VectorQuantisationBenchmarks,'HNSW search',DefaultJob,Default,Default,Default,Default,Default,Default,Default,Default,Default,Default,Default,Default,Default,Default,Default,Default,Default,Default,Default,Default,Default,Default,Default,Default,Default,Default,Default,Default,Default,Default,Default,Default,Default,Default,Default,Default,Default,Default,Default,Default,Default,DefaultJob,Dimension=64&Quantisation=Int4,1,Workload,Jitting,3,158181553,30,5272718.43,150,0,0,4923235
VectorQuantisationBenchmarks.'HNSW search',Rowles.LeanCorpus.Benchmarks,VectorQuantisationBenchmarks,'HNSW search',DefaultJob,Default,Default,Default,Default,Default,Default,Default,Default,Default,Default,Default,Default,Default,Default,Default,Default,Default,Default,Default,Default,Default,Default,Default,Default,Default,Default,Default,Default,Default,Default,Default,Default,Default,Default,Default,Default,Default,Default,Default,Default,Default,DefaultJob,Dimension=64&Quantisation=Int4,1,Workload,Jitting,4,149386899,30,4979563.3,150,0,0,4923235
VectorQuantisationBenchmarks.'HNSW search',Rowles.LeanCorpus.Benchmarks,VectorQuantisationBenchmarks,'HNSW search',DefaultJob,Default,Default,Default,Default,Default,Default,Default,Default,Default,Default,Default,Default,Default,Default,Default,Default,Default,Default,Default,Default,Default,Default,Default,Default,Default,Default,Default,Default,Default,Default,Default,Default,Default,Default,Default,Default,Default,Default,Default,Default,Default,DefaultJob,Dimension=64&Quantisation=Int4,1,Workload,Jitting,5,8334561,1,8334561,150,0,0,4923235
VectorQuantisationBenchmarks.'HNSW search',Rowles.LeanCorpus.Benchmarks,VectorQuantisationBenchmarks,'HNSW search',DefaultJob,Default,Default,Default,Default,Default,Default,Default,Default,Default,Default,Default,Default,Default,Default,Default,Default,Default,Default,Default,Default,Default,Default,Default,Default,Default,Default,Default,Default,Default,Default,Default,Default,Default,Default,Default,Default,Default,Default,Default,Default,Default,DefaultJob,Dimension=64&Quantisation=Int4,1,Workload,Pilot,1,8800629,1,8800629,150,0,0,4923235
VectorQuantisationBenchmarks.'HNSW search',Rowles.LeanCorpus.Benchmarks,VectorQuantisationBenchmarks,'HNSW search',DefaultJob,Default,Default,Default,Default,Default,Default,Default,Default,Default,Default,Default,Default,Default,Default,Default,Default,Default,Default,Default,Default,Default,Default,Default,Default,Default,Default,Default,Default,Default,Default,Default,Default,Default,Default,Default,Default,Default,Default,Default,Default,Default,DefaultJob,Dimension=64&Quantisation=Int4,1,Workload,Pilot,1,84959662,16,5309978.88,150,0,0,4923235
VectorQuantisationBenchmarks.'HNSW search',Rowles.LeanCorpus.Benchmarks,VectorQuantisationBenchmarks,'HNSW search',DefaultJob,Default,Default,Default,Default,Default,Default,Default,Default,Default,Default,Default,Default,Default,Default,Default,Default,Default,Default,Default,Default,Default,Default,Default,Default,Default,Default,Default,Default,Default,Default,Default,Default,Default,Default,Default,Default,Default,Default,Default,Default,Default,DefaultJob,Dimension=64&Quantisation=Int4,1,Workload,Pilot,2,163113987,32,5097312.09,150,0,0,4923235
VectorQuantisationBenchmarks.'HNSW search',Rowles.LeanCorpus.Benchmarks,VectorQuantisationBenchmarks,'HNSW search',DefaultJob,Default,Default,Default,Default,Default,Default,Default,Default,Default,Default,Default,Default,Default,Default,Default,Default,Default,Default,Default,Default,Default,Default,Default,Default,Default,Default,Default,Default,Default,Default,Default,Default,Default,Default,Default,Default,Default,Default,Default,Default,Default,DefaultJob,Dimension=64&Quantisation=Int4,1,Workload,Pilot,3,317077820,64,4954340.94,150,0,0,4923235
VectorQuantisationBenchmarks.'HNSW search',Rowles.LeanCorpus.Benchmarks,VectorQuantisationBenchmarks,'HNSW search',DefaultJob,Default,Default,Default,Default,Default,Default,Default,Default,Default,Default,Default,Default,Default,Default,Default,Default,Default,Default,Default,Default,Default,Default,Default,Default,Default,Default,Default,Default,Default,Default,Default,Default,Default,Default,Default,Default,Default,Default,Default,Default,Default,DefaultJob,Dimension=64&Quantisation=Int4,1,Workload,Pilot,4,630242296,128,4923767.94,150,0,0,4923235
VectorQuantisationBenchmarks.'HNSW search',Rowles.LeanCorpus.Benchmarks,VectorQuantisationBenchmarks,'HNSW search',DefaultJob,Default,Default,Default,Default,Default,Default,Default,Default,Default,Default,Default,Default,Default,Default,Default,Default,Default,Default,Default,Default,Default,Default,Default,Default,Default,Default,Default,Default,Default,Default,Default,Default,Default,Default,Default,Default,Default,Default,Default,Default,Default,DefaultJob,Dimension=64&Quantisation=Int4,1,Workload,Warmup,1,629421506,128,4917355.52,150,0,0,4923235
VectorQuantisationBenchmarks.'HNSW search',Rowles.LeanCorpus.Benchmarks,VectorQuantisationBenchmarks,'HNSW search',DefaultJob,Default,Default,Default,Default,Default,Default,Default,Default,Default,Default,Default,Default,Default,Default,Default,Default,Default,Default,Default,Default,Default,Default,Default,Default,Default,Default,Default,Default,Default,Default,Default,Default,Default,Default,Default,Default,Default,Default,Default,Default,Default,DefaultJob,Dimension=64&Quantisation=Int4,1,Workload,Warmup,2,626870431,128,4897425.24,150,0,0,4923235
VectorQuantisationBenchmarks.'HNSW search',Rowles.LeanCorpus.Benchmarks,VectorQuantisationBenchmarks,'HNSW search',DefaultJob,Default,Default,Default,Default,Default,Default,Default,Default,Default,Default,Default,Default,Default,Default,Default,Default,Default,Default,Default,Default,Default,Default,Default,Default,Default,Default,Default,Default,Default,Default,Default,Default,Default,Default,Default,Default,Default,Default,Default,Default,Default,DefaultJob,Dimension=64&Quantisation=Int4,1,Workload,Warmup,3,624435713,128,4878404.01,150,0,0,4923235
VectorQuantisationBenchmarks.'HNSW search',Rowles.LeanCorpus.Benchmarks,VectorQuantisationBenchmarks,'HNSW search',DefaultJob,Default,Default,Default,Default,Default,Default,Default,Default,Default,Default,Default,Default,Default,Default,Default,Default,Default,Default,Default,Default,Default,Default,Default,Default,Default,Default,Default,Default,Default,Default,Default,Default,Default,Default,Default,Default,Default,Default,Default,Default,Default,DefaultJob,Dimension=64&Quantisation=Int4,1,Workload,Warmup,4,628133487,128,4907292.87,150,0,0,4923235
VectorQuantisationBenchmarks.'HNSW search',Rowles.LeanCorpus.Benchmarks,VectorQuantisationBenchmarks,'HNSW search',DefaultJob,Default,Default,Default,Default,Default,Default,Default,Default,Default,Default,Default,Default,Default,Default,Default,Default,Default,Default,Default,Default,Default,Default,Default,Default,Default,Default,Default,Default,Default,Default,Default,Default,Default,Default,Default,Default,Default,Default,Default,Default,Default,DefaultJob,Dimension=64&Quantisation=Int4,1,Workload,Warmup,5,615780388,128,4810784.28,150,0,0,4923235
VectorQuantisationBenchmarks.'HNSW search',Rowles.LeanCorpus.Benchmarks,VectorQuantisationBenchmarks,'HNSW search',DefaultJob,Default,Default,Default,Default,Default,Default,Default,Default,Default,Default,Default,Default,Default,Default,Default,Default,Default,Default,Default,Default,Default,Default,Default,Default,Default,Default,Default,Default,Default,Default,Default,Default,Default,Default,Default,Default,Default,Default,Default,Default,Default,DefaultJob,Dimension=64&Quantisation=Int4,1,Workload,Warmup,6,626164531,128,4891910.4,150,0,0,4923235
VectorQuantisationBenchmarks.'HNSW search',Rowles.LeanCorpus.Benchmarks,VectorQuantisationBenchmarks,'HNSW search',DefaultJob,Default,Default,Default,Default,Default,Default,Default,Default,Default,Default,Default,Default,Default,Default,Default,Default,Default,Default,Default,Default,Default,Default,Default,Default,Default,Default,Default,Default,Default,Default,Default,Default,Default,Default,Default,Default,Default,Default,Default,Default,Default,DefaultJob,Dimension=64&Quantisation=Int4,1,Workload,Warmup,7,627456405,128,4902003.16,150,0,0,4923235
VectorQuantisationBenchmarks.'HNSW search',Rowles.LeanCorpus.Benchmarks,VectorQuantisationBenchmarks,'HNSW search',DefaultJob,Default,Default,Default,Default,Default,Default,Default,Default,Default,Default,Default,Default,Default,Default,Default,Default,Default,Default,Default,Default,Default,Default,Default,Default,Default,Default,Default,Default,Default,Default,Default,Default,Default,Default,Default,Default,Default,Default,Default,Default,Default,DefaultJob,Dimension=64&Quantisation=Int4,1,Workload,Warmup,8,629144339,128,4915190.15,150,0,0,4923235
VectorQuantisationBenchmarks.'HNSW search',Rowles.LeanCorpus.Benchmarks,VectorQuantisationBenchmarks,'HNSW search',DefaultJob,Default,Default,Default,Default,Default,Default,Default,Default,Default,Default,Default,Default,Default,Default,Default,Default,Default,Default,Default,Default,Default,Default,Default,Default,Default,Default,Default,Default,Default,Default,Default,Default,Default,Default,Default,Default,Default,Default,Default,Default,Default,DefaultJob,Dimension=64&Quantisation=Int4,1,Workload,Warmup,9,625156471,128,4884034.93,150,0,0,4923235
VectorQuantisationBenchmarks.'HNSW search',Rowles.LeanCorpus.Benchmarks,VectorQuantisationBenchmarks,'HNSW search',DefaultJob,Default,Default,Default,Default,Default,Default,Default,Default,Default,Default,Default,Default,Default,Default,Default,Default,Default,Default,Default,Default,Default,Default,Default,Default,Default,Default,Default,Default,Default,Default,Default,Default,Default,Default,Default,Default,Default,Default,Default,Default,Default,DefaultJob,Dimension=64&Quantisation=Int4,1,Workload,Actual,1,631760188,128,4935626.47,150,0,0,4923235
VectorQuantisationBenchmarks.'HNSW search',Rowles.LeanCorpus.Benchmarks,VectorQuantisationBenchmarks,'HNSW search',DefaultJob,Default,Default,Default,Default,Default,Default,Default,Default,Default,Default,Default,Default,Default,Default,Default,Default,Default,Default,Default,Default,Default,Default,Default,Default,Default,Default,Default,Default,Default,Default,Default,Default,Default,Default,Default,Default,Default,Default,Default,Default,Default,DefaultJob,Dimension=64&Quantisation=Int4,1,Workload,Actual,2,625185995,128,4884265.59,150,0,0,4923235
VectorQuantisationBenchmarks.'HNSW search',Rowles.LeanCorpus.Benchmarks,VectorQuantisationBenchmarks,'HNSW search',DefaultJob,Default,Default,Default,Default,Default,Default,Default,Default,Default,Default,Default,Default,Default,Default,Default,Default,Default,Default,Default,Default,Default,Default,Default,Default,Default,Default,Default,Default,Default,Default,Default,Default,Default,Default,Default,Default,Default,Default,Default,Default,Default,DefaultJob,Dimension=64&Quantisation=Int4,1,Workload,Actual,3,629874510,128,4920894.61,150,0,0,4923235
VectorQuantisationBenchmarks.'HNSW search',Rowles.LeanCorpus.Benchmarks,VectorQuantisationBenchmarks,'HNSW search',DefaultJob,Default,Default,Default,Default,Default,Default,Default,Default,Default,Default,Default,Default,Default,Default,Default,Default,Default,Default,Default,Default,Default,Default,Default,Default,Default,Default,Default,Default,Default,Default,Default,Default,Default,Default,Default,Default,Default,Default,Default,Default,Default,DefaultJob,Dimension=64&Quantisation=Int4,1,Workload,Actual,4,626262542,128,4892676.11,150,0,0,4923235
VectorQuantisationBenchmarks.'HNSW search',Rowles.LeanCorpus.Benchmarks,VectorQuantisationBenchmarks,'HNSW search',DefaultJob,Default,Default,Default,Default,Default,Default,Default,Default,Default,Default,Default,Default,Default,Default,Default,Default,Default,Default,Default,Default,Default,Default,Default,Default,Default,Default,Default,Default,Default,Default,Default,Default,Default,Default,Default,Default,Default,Default,Default,Default,Default,DefaultJob,Dimension=64&Quantisation=Int4,1,Workload,Actual,5,616817026,128,4818883.02,150,0,0,4923235
VectorQuantisationBenchmarks.'HNSW search',Rowles.LeanCorpus.Benchmarks,VectorQuantisationBenchmarks,'HNSW search',DefaultJob,Default,Default,Default,Default,Default,Default,Default,Default,Default,Default,Default,Default,Default,Default,Default,Default,Default,Default,Default,Default,Default,Default,Default,Default,Default,Default,Default,Default,Default,Default,Default,Default,Default,Default,Default,Default,Default,Default,Default,Default,Default,DefaultJob,Dimension=64&Quantisation=Int4,1,Workload,Actual,6,622312324,128,4861815.03,150,0,0,4923235
VectorQuantisationBenchmarks.'HNSW search',Rowles.LeanCorpus.Benchmarks,VectorQuantisationBenchmarks,'HNSW search',DefaultJob,Default,Default,Default,Default,Default,Default,Default,Default,Default,Default,Default,Default,Default,Default,Default,Default,Default,Default,Default,Default,Default,Default,Default,Default,Default,Default,Default,Default,Default,Default,Default,Default,Default,Default,Default,Default,Default,Default,Default,Default,Default,DefaultJob,Dimension=64&Quantisation=Int4,1,Workload,Actual,7,626087336,128,4891307.31,150,0,0,4923235
VectorQuantisationBenchmarks.'HNSW search',Rowles.LeanCorpus.Benchmarks,VectorQuantisationBenchmarks,'HNSW search',DefaultJob,Default,Default,Default,Default,Default,Default,Default,Default,Default,Default,Default,Default,Default,Default,Default,Default,Default,Default,Default,Default,Default,Default,Default,Default,Default,Default,Default,Default,Default,Default,Default,Default,Default,Default,Default,Default,Default,Default,Default,Default,Default,DefaultJob,Dimension=64&Quantisation=Int4,1,Workload,Actual,8,625552163,128,4887126.27,150,0,0,4923235
VectorQuantisationBenchmarks.'HNSW search',Rowles.LeanCorpus.Benchmarks,VectorQuantisationBenchmarks,'HNSW search',DefaultJob,Default,Default,Default,Default,Default,Default,Default,Default,Default,Default,Default,Default,Default,Default,Default,Default,Default,Default,Default,Default,Default,Default,Default,Default,Default,Default,Default,Default,Default,Default,Default,Default,Default,Default,Default,Default,Default,Default,Default,Default,Default,DefaultJob,Dimension=64&Quantisation=Int4,1,Workload,Actual,9,626167187,128,4891931.15,150,0,0,4923235
VectorQuantisationBenchmarks.'HNSW search',Rowles.LeanCorpus.Benchmarks,VectorQuantisationBenchmarks,'HNSW search',DefaultJob,Default,Default,Default,Default,Default,Default,Default,Default,Default,Default,Default,Default,Default,Default,Default,Default,Default,Default,Default,Default,Default,Default,Default,Default,Default,Default,Default,Default,Default,Default,Default,Default,Default,Default,Default,Default,Default,Default,Default,Default,Default,DefaultJob,Dimension=64&Quantisation=Int4,1,Workload,Actual,10,626054558,128,4891051.23,150,0,0,4923235
VectorQuantisationBenchmarks.'HNSW search',Rowles.LeanCorpus.Benchmarks,VectorQuantisationBenchmarks,'HNSW search',DefaultJob,Default,Default,Default,Default,Default,Default,Default,Default,Default,Default,Default,Default,Default,Default,Default,Default,Default,Default,Default,Default,Default,Default,Default,Default,Default,Default,Default,Default,Default,Default,Default,Default,Default,Default,Default,Default,Default,Default,Default,Default,Default,DefaultJob,Dimension=64&Quantisation=Int4,1,Workload,Actual,11,626582143,128,4895172.99,150,0,0,4923235
VectorQuantisationBenchmarks.'HNSW search',Rowles.LeanCorpus.Benchmarks,VectorQuantisationBenchmarks,'HNSW search',DefaultJob,Default,Default,Default,Default,Default,Default,Default,Default,Default,Default,Default,Default,Default,Default,Default,Default,Default,Default,Default,Default,Default,Default,Default,Default,Default,Default,Default,Default,Default,Default,Default,Default,Default,Default,Default,Default,Default,Default,Default,Default,Default,DefaultJob,Dimension=64&Quantisation=Int4,1,Workload,Actual,12,625186374,128,4884268.55,150,0,0,4923235
VectorQuantisationBenchmarks.'HNSW search',Rowles.LeanCorpus.Benchmarks,VectorQuantisationBenchmarks,'HNSW search',DefaultJob,Default,Default,Default,Default,Default,Default,Default,Default,Default,Default,Default,Default,Default,Default,Default,Default,Default,Default,Default,Default,Default,Default,Default,Default,Default,Default,Default,Default,Default,Default,Default,Default,Default,Default,Default,Default,Default,Default,Default,Default,Default,DefaultJob,Dimension=64&Quantisation=Int4,1,Workload,Actual,13,628342621,128,4908926.73,150,0,0,4923235
VectorQuantisationBenchmarks.'HNSW search',Rowles.LeanCorpus.Benchmarks,VectorQuantisationBenchmarks,'HNSW search',DefaultJob,Default,Default,Default,Default,Default,Default,Default,Default,Default,Default,Default,Default,Default,Default,Default,Default,Default,Default,Default,Default,Default,Default,Default,Default,Default,Default,Default,Default,Default,Default,Default,Default,Default,Default,Default,Default,Default,Default,Default,Default,Default,DefaultJob,Dimension=64&Quantisation=Int4,1,Workload,Actual,14,628534148,128,4910423.03,150,0,0,4923235
VectorQuantisationBenchmarks.'HNSW search',Rowles.LeanCorpus.Benchmarks,VectorQuantisationBenchmarks,'HNSW search',DefaultJob,Default,Default,Default,Default,Default,Default,Default,Default,Default,Default,Default,Default,Default,Default,Default,Default,Default,Default,Default,Default,Default,Default,Default,Default,Default,Default,Default,Default,Default,Default,Default,Default,Default,Default,Default,Default,Default,Default,Default,Default,Default,DefaultJob,Dimension=64&Quantisation=Int4,1,Workload,Actual,15,629923884,128,4921280.34,150,0,0,4923235
VectorQuantisationBenchmarks.'HNSW search',Rowles.LeanCorpus.Benchmarks,VectorQuantisationBenchmarks,'HNSW search',DefaultJob,Default,Default,Default,Default,Default,Default,Default,Default,Default,Default,Default,Default,Default,Default,Default,Default,Default,Default,Default,Default,Default,Default,Default,Default,Default,Default,Default,Default,Default,Default,Default,Default,Default,Default,Default,Default,Default,Default,Default,Default,Default,DefaultJob,Dimension=64&Quantisation=Int4,1,Workload,Extra,1,633401358,128,4948448.11,150,0,0,4923235
VectorQuantisationBenchmarks.'HNSW search',Rowles.LeanCorpus.Benchmarks,VectorQuantisationBenchmarks,'HNSW search',DefaultJob,Default,Default,Default,Default,Default,Default,Default,Default,Default,Default,Default,Default,Default,Default,Default,Default,Default,Default,Default,Default,Default,Default,Default,Default,Default,Default,Default,Default,Default,Default,Default,Default,Default,Default,Default,Default,Default,Default,Default,Default,Default,DefaultJob,Dimension=64&Quantisation=Int4,1,Workload,Result,1,631760188,128,4935626.47,150,0,0,4923235
VectorQuantisationBenchmarks.'HNSW search',Rowles.LeanCorpus.Benchmarks,VectorQuantisationBenchmarks,'HNSW search',DefaultJob,Default,Default,Default,Default,Default,Default,Default,Default,Default,Default,Default,Default,Default,Default,Default,Default,Default,Default,Default,Default,Default,Default,Default,Default,Default,Default,Default,Default,Default,Default,Default,Default,Default,Default,Default,Default,Default,Default,Default,Default,Default,DefaultJob,Dimension=64&Quantisation=Int4,1,Workload,Result,2,625185995,128,4884265.59,150,0,0,4923235
VectorQuantisationBenchmarks.'HNSW search',Rowles.LeanCorpus.Benchmarks,VectorQuantisationBenchmarks,'HNSW search',DefaultJob,Default,Default,Default,Default,Default,Default,Default,Default,Default,Default,Default,Default,Default,Default,Default,Default,Default,Default,Default,Default,Default,Default,Default,Default,Default,Default,Default,Default,Default,Default,Default,Default,Default,Default,Default,Default,Default,Default,Default,Default,Default,DefaultJob,Dimension=64&Quantisation=Int4,1,Workload,Result,3,629874510,128,4920894.61,150,0,0,4923235
VectorQuantisationBenchmarks.'HNSW search',Rowles.LeanCorpus.Benchmarks,VectorQuantisationBenchmarks,'HNSW search',DefaultJob,Default,Default,Default,Default,Default,Default,Default,Default,Default,Default,Default,Default,Default,Default,Default,Default,Default,Default,Default,Default,Default,Default,Default,Default,Default,Default,Default,Default,Default,Default,Default,Default,Default,Default,Default,Default,Default,Default,Default,Default,Default,DefaultJob,Dimension=64&Quantisation=Int4,1,Workload,Result,4,626262542,128,4892676.11,150,0,0,4923235
VectorQuantisationBenchmarks.'HNSW search',Rowles.LeanCorpus.Benchmarks,VectorQuantisationBenchmarks,'HNSW search',DefaultJob,Default,Default,Default,Default,Default,Default,Default,Default,Default,Default,Default,Default,Default,Default,Default,Default,Default,Default,Default,Default,Default,Default,Default,Default,Default,Default,Default,Default,Default,Default,Default,Default,Default,Default,Default,Default,Default,Default,Default,Default,Default,DefaultJob,Dimension=64&Quantisation=Int4,1,Workload,Result,5,616817026,128,4818883.02,150,0,0,4923235
VectorQuantisationBenchmarks.'HNSW search',Rowles.LeanCorpus.Benchmarks,VectorQuantisationBenchmarks,'HNSW search',DefaultJob,Default,Default,Default,Default,Default,Default,Default,Default,Default,Default,Default,Default,Default,Default,Default,Default,Default,Default,Default,Default,Default,Default,Default,Default,Default,Default,Default,Default,Default,Default,Default,Default,Default,Default,Default,Default,Default,Default,Default,Default,Default,DefaultJob,Dimension=64&Quantisation=Int4,1,Workload,Result,6,622312324,128,4861815.03,150,0,0,4923235
VectorQuantisationBenchmarks.'HNSW search',Rowles.LeanCorpus.Benchmarks,VectorQuantisationBenchmarks,'HNSW search',DefaultJob,Default,Default,Default,Default,Default,Default,Default,Default,Default,Default,Default,Default,Default,Default,Default,Default,Default,Default,Default,Default,Default,Default,Default,Default,Default,Default,Default,Default,Default,Default,Default,Default,Default,Default,Default,Default,Default,Default,Default,Default,Default,DefaultJob,Dimension=64&Quantisation=Int4,1,Workload,Result,7,626087336,128,4891307.31,150,0,0,4923235
VectorQuantisationBenchmarks.'HNSW search',Rowles.LeanCorpus.Benchmarks,VectorQuantisationBenchmarks,'HNSW search',DefaultJob,Default,Default,Default,Default,Default,Default,Default,Default,Default,Default,Default,Default,Default,Default,Default,Default,Default,Default,Default,Default,Default,Default,Default,Default,Default,Default,Default,Default,Default,Default,Default,Default,Default,Default,Default,Default,Default,Default,Default,Default,Default,DefaultJob,Dimension=64&Quantisation=Int4,1,Workload,Result,8,625552163,128,4887126.27,150,0,0,4923235
VectorQuantisationBenchmarks.'HNSW search',Rowles.LeanCorpus.Benchmarks,VectorQuantisationBenchmarks,'HNSW search',DefaultJob,Default,Default,Default,Default,Default,Default,Default,Default,Default,Default,Default,Default,Default,Default,Default,Default,Default,Default,Default,Default,Default,Default,Default,Default,Default,Default,Default,Default,Default,Default,Default,Default,Default,Default,Default,Default,Default,Default,Default,Default,Default,DefaultJob,Dimension=64&Quantisation=Int4,1,Workload,Result,9,626167187,128,4891931.15,150,0,0,4923235
VectorQuantisationBenchmarks.'HNSW search',Rowles.LeanCorpus.Benchmarks,VectorQuantisationBenchmarks,'HNSW search',DefaultJob,Default,Default,Default,Default,Default,Default,Default,Default,Default,Default,Default,Default,Default,Default,Default,Default,Default,Default,Default,Default,Default,Default,Default,Default,Default,Default,Default,Default,Default,Default,Default,Default,Default,Default,Default,Default,Default,Default,Default,Default,Default,DefaultJob,Dimension=64&Quantisation=Int4,1,Workload,Result,10,626054558,128,4891051.23,150,0,0,4923235
VectorQuantisationBenchmarks.'HNSW search',Rowles.LeanCorpus.Benchmarks,VectorQuantisationBenchmarks,'HNSW search',DefaultJob,Default,Default,Default,Default,Default,Default,Default,Default,Default,Default,Default,Default,Default,Default,Default,Default,Default,Default,Default,Default,Default,Default,Default,Default,Default,Default,Default,Default,Default,Default,Default,Default,Default,Default,Default,Default,Default,Default,Default,Default,Default,DefaultJob,Dimension=64&Quantisation=Int4,1,Workload,Result,11,626582143,128,4895172.99,150,0,0,4923235
VectorQuantisationBenchmarks.'HNSW search',Rowles.LeanCorpus.Benchmarks,VectorQuantisationBenchmarks,'HNSW search',DefaultJob,Default,Default,Default,Default,Default,Default,Default,Default,Default,Default,Default,Default,Default,Default,Default,Default,Default,Default,Default,Default,Default,Default,Default,Default,Default,Default,Default,Default,Default,Default,Default,Default,Default,Default,Default,Default,Default,Default,Default,Default,Default,DefaultJob,Dimension=64&Quantisation=Int4,1,Workload,Result,12,625186374,128,4884268.55,150,0,0,4923235
VectorQuantisationBenchmarks.'HNSW search',Rowles.LeanCorpus.Benchmarks,VectorQuantisationBenchmarks,'HNSW search',DefaultJob,Default,Default,Default,Default,Default,Default,Default,Default,Default,Default,Default,Default,Default,Default,Default,Default,Default,Default,Default,Default,Default,Default,Default,Default,Default,Default,Default,Default,Default,Default,Default,Default,Default,Default,Default,Default,Default,Default,Default,Default,Default,DefaultJob,Dimension=64&Quantisation=Int4,1,Workload,Result,13,628342621,128,4908926.73,150,0,0,4923235
VectorQuantisationBenchmarks.'HNSW search',Rowles.LeanCorpus.Benchmarks,VectorQuantisationBenchmarks,'HNSW search',DefaultJob,Default,Default,Default,Default,Default,Default,Default,Default,Default,Default,Default,Default,Default,Default,Default,Default,Default,Default,Default,Default,Default,Default,Default,Default,Default,Default,Default,Default,Default,Default,Default,Default,Default,Default,Default,Default,Default,Default,Default,Default,Default,DefaultJob,Dimension=64&Quantisation=Int4,1,Workload,Result,14,628534148,128,4910423.03,150,0,0,4923235
VectorQuantisationBenchmarks.'HNSW search',Rowles.LeanCorpus.Benchmarks,VectorQuantisationBenchmarks,'HNSW search',DefaultJob,Default,Default,Default,Default,Default,Default,Default,Default,Default,Default,Default,Default,Default,Default,Default,Default,Default,Default,Default,Default,Default,Default,Default,Default,Default,Default,Default,Default,Default,Default,Default,Default,Default,Default,Default,Default,Default,Default,Default,Default,Default,DefaultJob,Dimension=64&Quantisation=Int4,1,Workload,Result,15,629923884,128,4921280.34,150,0,0,4923235
VectorQuantisationBenchmarks.'Lucene.NET flat scan',Rowles.LeanCorpus.Benchmarks,VectorQuantisationBenchmarks,'Lucene.NET flat scan',DefaultJob,Default,Default,Default,Default,Default,Default,Default,Default,Default,Default,Default,Default,Default,Default,Default,Default,Default,Default,Default,Default,Default,Default,Default,Default,Default,Default,Default,Default,Default,Default,Default,Default,Default,Default,Default,Default,Default,Default,Default,Default,Default,DefaultJob,Dimension=64&Quantisation=Int4,1,Workload,Jitting,1,321036879,1,321036879,42,0,0,88800104
VectorQuantisationBenchmarks.'Lucene.NET flat scan',Rowles.LeanCorpus.Benchmarks,VectorQuantisationBenchmarks,'Lucene.NET flat scan',DefaultJob,Default,Default,Default,Default,Default,Default,Default,Default,Default,Default,Default,Default,Default,Default,Default,Default,Default,Default,Default,Default,Default,Default,Default,Default,Default,Default,Default,Default,Default,Default,Default,Default,Default,Default,Default,Default,Default,Default,Default,Default,Default,DefaultJob,Dimension=64&Quantisation=Int4,1,Workload,Jitting,2,7712019851,30,257067328.37,42,0,0,88800104
VectorQuantisationBenchmarks.'Lucene.NET flat scan',Rowles.LeanCorpus.Benchmarks,VectorQuantisationBenchmarks,'Lucene.NET flat scan',DefaultJob,Default,Default,Default,Default,Default,Default,Default,Default,Default,Default,Default,Default,Default,Default,Default,Default,Default,Default,Default,Default,Default,Default,Default,Default,Default,Default,Default,Default,Default,Default,Default,Default,Default,Default,Default,Default,Default,Default,Default,Default,Default,DefaultJob,Dimension=64&Quantisation=Int4,1,Workload,Jitting,3,1767723275,7,252531896.43,42,0,0,88800104
VectorQuantisationBenchmarks.'Lucene.NET flat scan',Rowles.LeanCorpus.Benchmarks,VectorQuantisationBenchmarks,'Lucene.NET flat scan',DefaultJob,Default,Default,Default,Default,Default,Default,Default,Default,Default,Default,Default,Default,Default,Default,Default,Default,Default,Default,Default,Default,Default,Default,Default,Default,Default,Default,Default,Default,Default,Default,Default,Default,Default,Default,Default,Default,Default,Default,Default,Default,Default,DefaultJob,Dimension=64&Quantisation=Int4,1,Workload,Jitting,4,257309845,1,257309845,42,0,0,88800104
VectorQuantisationBenchmarks.'Lucene.NET flat scan',Rowles.LeanCorpus.Benchmarks,VectorQuantisationBenchmarks,'Lucene.NET flat scan',DefaultJob,Default,Default,Default,Default,Default,Default,Default,Default,Default,Default,Default,Default,Default,Default,Default,Default,Default,Default,Default,Default,Default,Default,Default,Default,Default,Default,Default,Default,Default,Default,Default,Default,Default,Default,Default,Default,Default,Default,Default,Default,Default,DefaultJob,Dimension=64&Quantisation=Int4,1,Workload,Pilot,1,510452405,2,255226202.5,42,0,0,88800104
VectorQuantisationBenchmarks.'Lucene.NET flat scan',Rowles.LeanCorpus.Benchmarks,VectorQuantisationBenchmarks,'Lucene.NET flat scan',DefaultJob,Default,Default,Default,Default,Default,Default,Default,Default,Default,Default,Default,Default,Default,Default,Default,Default,Default,Default,Default,Default,Default,Default,Default,Default,Default,Default,Default,Default,Default,Default,Default,Default,Default,Default,Default,Default,Default,Default,Default,Default,Default,DefaultJob,Dimension=64&Quantisation=Int4,1,Workload,Warmup,1,508035963,2,254017981.5,42,0,0,88800104
VectorQuantisationBenchmarks.'Lucene.NET flat scan',Rowles.LeanCorpus.Benchmarks,VectorQuantisationBenchmarks,'Lucene.NET flat scan',DefaultJob,Default,Default,Default,Default,Default,Default,Default,Default,Default,Default,Default,Default,Default,Default,Default,Default,Default,Default,Default,Default,Default,Default,Default,Default,Default,Default,Default,Default,Default,Default,Default,Default,Default,Default,Default,Default,Default,Default,Default,Default,Default,DefaultJob,Dimension=64&Quantisation=Int4,1,Workload,Warmup,2,508580421,2,254290210.5,42,0,0,88800104
VectorQuantisationBenchmarks.'Lucene.NET flat scan',Rowles.LeanCorpus.Benchmarks,VectorQuantisationBenchmarks,'Lucene.NET flat scan',DefaultJob,Default,Default,Default,Default,Default,Default,Default,Default,Default,Default,Default,Default,Default,Default,Default,Default,Default,Default,Default,Default,Default,Default,Default,Default,Default,Default,Default,Default,Default,Default,Default,Default,Default,Default,Default,Default,Default,Default,Default,Default,Default,DefaultJob,Dimension=64&Quantisation=Int4,1,Workload,Warmup,3,508401903,2,254200951.5,42,0,0,88800104
VectorQuantisationBenchmarks.'Lucene.NET flat scan',Rowles.LeanCorpus.Benchmarks,VectorQuantisationBenchmarks,'Lucene.NET flat scan',DefaultJob,Default,Default,Default,Default,Default,Default,Default,Default,Default,Default,Default,Default,Default,Default,Default,Default,Default,Default,Default,Default,Default,Default,Default,Default,Default,Default,Default,Default,Default,Default,Default,Default,Default,Default,Default,Default,Default,Default,Default,Default,Default,DefaultJob,Dimension=64&Quantisation=Int4,1,Workload,Warmup,4,506024158,2,253012079,42,0,0,88800104
VectorQuantisationBenchmarks.'Lucene.NET flat scan',Rowles.LeanCorpus.Benchmarks,VectorQuantisationBenchmarks,'Lucene.NET flat scan',DefaultJob,Default,Default,Default,Default,Default,Default,Default,Default,Default,Default,Default,Default,Default,Default,Default,Default,Default,Default,Default,Default,Default,Default,Default,Default,Default,Default,Default,Default,Default,Default,Default,Default,Default,Default,Default,Default,Default,Default,Default,Default,Default,DefaultJob,Dimension=64&Quantisation=Int4,1,Workload,Warmup,5,509009528,2,254504764,42,0,0,88800104
VectorQuantisationBenchmarks.'Lucene.NET flat scan',Rowles.LeanCorpus.Benchmarks,VectorQuantisationBenchmarks,'Lucene.NET flat scan',DefaultJob,Default,Default,Default,Default,Default,Default,Default,Default,Default,Default,Default,Default,Default,Default,Default,Default,Default,Default,Default,Default,Default,Default,Default,Default,Default,Default,Default,Default,Default,Default,Default,Default,Default,Default,Default,Default,Default,Default,Default,Default,Default,DefaultJob,Dimension=64&Quantisation=Int4,1,Workload,Warmup,6,506497637,2,253248818.5,42,0,0,88800104
VectorQuantisationBenchmarks.'Lucene.NET flat scan',Rowles.LeanCorpus.Benchmarks,VectorQuantisationBenchmarks,'Lucene.NET flat scan',DefaultJob,Default,Default,Default,Default,Default,Default,Default,Default,Default,Default,Default,Default,Default,Default,Default,Default,Default,Default,Default,Default,Default,Default,Default,Default,Default,Default,Default,Default,Default,Default,Default,Default,Default,Default,Default,Default,Default,Default,Default,Default,Default,DefaultJob,Dimension=64&Quantisation=Int4,1,Workload,Actual,1,510860596,2,255430298,42,0,0,88800104
VectorQuantisationBenchmarks.'Lucene.NET flat scan',Rowles.LeanCorpus.Benchmarks,VectorQuantisationBenchmarks,'Lucene.NET flat scan',DefaultJob,Default,Default,Default,Default,Default,Default,Default,Default,Default,Default,Default,Default,Default,Default,Default,Default,Default,Default,Default,Default,Default,Default,Default,Default,Default,Default,Default,Default,Default,Default,Default,Default,Default,Default,Default,Default,Default,Default,Default,Default,Default,DefaultJob,Dimension=64&Quantisation=Int4,1,Workload,Actual,2,508541300,2,254270650,42,0,0,88800104
VectorQuantisationBenchmarks.'Lucene.NET flat scan',Rowles.LeanCorpus.Benchmarks,VectorQuantisationBenchmarks,'Lucene.NET flat scan',DefaultJob,Default,Default,Default,Default,Default,Default,Default,Default,Default,Default,Default,Default,Default,Default,Default,Default,Default,Default,Default,Default,Default,Default,Default,Default,Default,Default,Default,Default,Default,Default,Default,Default,Default,Default,Default,Default,Default,Default,Default,Default,Default,DefaultJob,Dimension=64&Quantisation=Int4,1,Workload,Actual,3,510896037,2,255448018.5,42,0,0,88800104
VectorQuantisationBenchmarks.'Lucene.NET flat scan',Rowles.LeanCorpus.Benchmarks,VectorQuantisationBenchmarks,'Lucene.NET flat scan',DefaultJob,Default,Default,Default,Default,Default,Default,Default,Default,Default,Default,Default,Default,Default,Default,Default,Default,Default,Default,Default,Default,Default,Default,Default,Default,Default,Default,Default,Default,Default,Default,Default,Default,Default,Default,Default,Default,Default,Default,Default,Default,Default,DefaultJob,Dimension=64&Quantisation=Int4,1,Workload,Actual,4,508387230,2,254193615,42,0,0,88800104
VectorQuantisationBenchmarks.'Lucene.NET flat scan',Rowles.LeanCorpus.Benchmarks,VectorQuantisationBenchmarks,'Lucene.NET flat scan',DefaultJob,Default,Default,Default,Default,Default,Default,Default,Default,Default,Default,Default,Default,Default,Default,Default,Default,Default,Default,Default,Default,Default,Default,Default,Default,Default,Default,Default,Default,Default,Default,Default,Default,Default,Default,Default,Default,Default,Default,Default,Default,Default,DefaultJob,Dimension=64&Quantisation=Int4,1,Workload,Actual,5,504210302,2,252105151,42,0,0,88800104
VectorQuantisationBenchmarks.'Lucene.NET flat scan',Rowles.LeanCorpus.Benchmarks,VectorQuantisationBenchmarks,'Lucene.NET flat scan',DefaultJob,Default,Default,Default,Default,Default,Default,Default,Default,Default,Default,Default,Default,Default,Default,Default,Default,Default,Default,Default,Default,Default,Default,Default,Default,Default,Default,Default,Default,Default,Default,Default,Default,Default,Default,Default,Default,Default,Default,Default,Default,Default,DefaultJob,Dimension=64&Quantisation=Int4,1,Workload,Actual,6,501170756,2,250585378,42,0,0,88800104
VectorQuantisationBenchmarks.'Lucene.NET flat scan',Rowles.LeanCorpus.Benchmarks,VectorQuantisationBenchmarks,'Lucene.NET flat scan',DefaultJob,Default,Default,Default,Default,Default,Default,Default,Default,Default,Default,Default,Default,Default,Default,Default,Default,Default,Default,Default,Default,Default,Default,Default,Default,Default,Default,Default,Default,Default,Default,Default,Default,Default,Default,Default,Default,Default,Default,Default,Default,Default,DefaultJob,Dimension=64&Quantisation=Int4,1,Workload,Actual,7,500875709,2,250437854.5,42,0,0,88800104
VectorQuantisationBenchmarks.'Lucene.NET flat scan',Rowles.LeanCorpus.Benchmarks,VectorQuantisationBenchmarks,'Lucene.NET flat scan',DefaultJob,Default,Default,Default,Default,Default,Default,Default,Default,Default,Default,Default,Default,Default,Default,Default,Default,Default,Default,Default,Default,Default,Default,Default,Default,Default,Default,Default,Default,Default,Default,Default,Default,Default,Default,Default,Default,Default,Default,Default,Default,Default,DefaultJob,Dimension=64&Quantisation=Int4,1,Workload,Actual,8,503730215,2,251865107.5,42,0,0,88800104
VectorQuantisationBenchmarks.'Lucene.NET flat scan',Rowles.LeanCorpus.Benchmarks,VectorQuantisationBenchmarks,'Lucene.NET flat scan',DefaultJob,Default,Default,Default,Default,Default,Default,Default,Default,Default,Default,Default,Default,Default,Default,Default,Default,Default,Default,Default,Default,Default,Default,Default,Default,Default,Default,Default,Default,Default,Default,Default,Default,Default,Default,Default,Default,Default,Default,Default,Default,Default,DefaultJob,Dimension=64&Quantisation=Int4,1,Workload,Actual,9,504075844,2,252037922,42,0,0,88800104
VectorQuantisationBenchmarks.'Lucene.NET flat scan',Rowles.LeanCorpus.Benchmarks,VectorQuantisationBenchmarks,'Lucene.NET flat scan',DefaultJob,Default,Default,Default,Default,Default,Default,Default,Default,Default,Default,Default,Default,Default,Default,Default,Default,Default,Default,Default,Default,Default,Default,Default,Default,Default,Default,Default,Default,Default,Default,Default,Default,Default,Default,Default,Default,Default,Default,Default,Default,Default,DefaultJob,Dimension=64&Quantisation=Int4,1,Workload,Actual,10,502454206,2,251227103,42,0,0,88800104
VectorQuantisationBenchmarks.'Lucene.NET flat scan',Rowles.LeanCorpus.Benchmarks,VectorQuantisationBenchmarks,'Lucene.NET flat scan',DefaultJob,Default,Default,Default,Default,Default,Default,Default,Default,Default,Default,Default,Default,Default,Default,Default,Default,Default,Default,Default,Default,Default,Default,Default,Default,Default,Default,Default,Default,Default,Default,Default,Default,Default,Default,Default,Default,Default,Default,Default,Default,Default,DefaultJob,Dimension=64&Quantisation=Int4,1,Workload,Actual,11,499547145,2,249773572.5,42,0,0,88800104
VectorQuantisationBenchmarks.'Lucene.NET flat scan',Rowles.LeanCorpus.Benchmarks,VectorQuantisationBenchmarks,'Lucene.NET flat scan',DefaultJob,Default,Default,Default,Default,Default,Default,Default,Default,Default,Default,Default,Default,Default,Default,Default,Default,Default,Default,Default,Default,Default,Default,Default,Default,Default,Default,Default,Default,Default,Default,Default,Default,Default,Default,Default,Default,Default,Default,Default,Default,Default,DefaultJob,Dimension=64&Quantisation=Int4,1,Workload,Actual,12,506619361,2,253309680.5,42,0,0,88800104
VectorQuantisationBenchmarks.'Lucene.NET flat scan',Rowles.LeanCorpus.Benchmarks,VectorQuantisationBenchmarks,'Lucene.NET flat scan',DefaultJob,Default,Default,Default,Default,Default,Default,Default,Default,Default,Default,Default,Default,Default,Default,Default,Default,Default,Default,Default,Default,Default,Default,Default,Default,Default,Default,Default,Default,Default,Default,Default,Default,Default,Default,Default,Default,Default,Default,Default,Default,Default,DefaultJob,Dimension=64&Quantisation=Int4,1,Workload,Actual,13,506387282,2,253193641,42,0,0,88800104
VectorQuantisationBenchmarks.'Lucene.NET flat scan',Rowles.LeanCorpus.Benchmarks,VectorQuantisationBenchmarks,'Lucene.NET flat scan',DefaultJob,Default,Default,Default,Default,Default,Default,Default,Default,Default,Default,Default,Default,Default,Default,Default,Default,Default,Default,Default,Default,Default,Default,Default,Default,Default,Default,Default,Default,Default,Default,Default,Default,Default,Default,Default,Default,Default,Default,Default,Default,Default,DefaultJob,Dimension=64&Quantisation=Int4,1,Workload,Actual,14,506766562,2,253383281,42,0,0,88800104
VectorQuantisationBenchmarks.'Lucene.NET flat scan',Rowles.LeanCorpus.Benchmarks,VectorQuantisationBenchmarks,'Lucene.NET flat scan',DefaultJob,Default,Default,Default,Default,Default,Default,Default,Default,Default,Default,Default,Default,Default,Default,Default,Default,Default,Default,Default,Default,Default,Default,Default,Default,Default,Default,Default,Default,Default,Default,Default,Default,Default,Default,Default,Default,Default,Default,Default,Default,Default,DefaultJob,Dimension=64&Quantisation=Int4,1,Workload,Actual,15,506814766,2,253407383,42,0,0,88800104
VectorQuantisationBenchmarks.'Lucene.NET flat scan',Rowles.LeanCorpus.Benchmarks,VectorQuantisationBenchmarks,'Lucene.NET flat scan',DefaultJob,Default,Default,Default,Default,Default,Default,Default,Default,Default,Default,Default,Default,Default,Default,Default,Default,Default,Default,Default,Default,Default,Default,Default,Default,Default,Default,Default,Default,Default,Default,Default,Default,Default,Default,Default,Default,Default,Default,Default,Default,Default,DefaultJob,Dimension=64&Quantisation=Int4,1,Workload,Extra,1,507820565,2,253910282.5,42,0,0,88800104
VectorQuantisationBenchmarks.'Lucene.NET flat scan',Rowles.LeanCorpus.Benchmarks,VectorQuantisationBenchmarks,'Lucene.NET flat scan',DefaultJob,Default,Default,Default,Default,Default,Default,Default,Default,Default,Default,Default,Default,Default,Default,Default,Default,Default,Default,Default,Default,Default,Default,Default,Default,Default,Default,Default,Default,Default,Default,Default,Default,Default,Default,Default,Default,Default,Default,Default,Default,Default,DefaultJob,Dimension=64&Quantisation=Int4,1,Workload,Result,1,510860596,2,255430298,42,0,0,88800104
VectorQuantisationBenchmarks.'Lucene.NET flat scan',Rowles.LeanCorpus.Benchmarks,VectorQuantisationBenchmarks,'Lucene.NET flat scan',DefaultJob,Default,Default,Default,Default,Default,Default,Default,Default,Default,Default,Default,Default,Default,Default,Default,Default,Default,Default,Default,Default,Default,Default,Default,Default,Default,Default,Default,Default,Default,Default,Default,Default,Default,Default,Default,Default,Default,Default,Default,Default,Default,DefaultJob,Dimension=64&Quantisation=Int4,1,Workload,Result,2,508541300,2,254270650,42,0,0,88800104
VectorQuantisationBenchmarks.'Lucene.NET flat scan',Rowles.LeanCorpus.Benchmarks,VectorQuantisationBenchmarks,'Lucene.NET flat scan',DefaultJob,Default,Default,Default,Default,Default,Default,Default,Default,Default,Default,Default,Default,Default,Default,Default,Default,Default,Default,Default,Default,Default,Default,Default,Default,Default,Default,Default,Default,Default,Default,Default,Default,Default,Default,Default,Default,Default,Default,Default,Default,Default,DefaultJob,Dimension=64&Quantisation=Int4,1,Workload,Result,3,510896037,2,255448018.5,42,0,0,88800104
VectorQuantisationBenchmarks.'Lucene.NET flat scan',Rowles.LeanCorpus.Benchmarks,VectorQuantisationBenchmarks,'Lucene.NET flat scan',DefaultJob,Default,Default,Default,Default,Default,Default,Default,Default,Default,Default,Default,Default,Default,Default,Default,Default,Default,Default,Default,Default,Default,Default,Default,Default,Default,Default,Default,Default,Default,Default,Default,Default,Default,Default,Default,Default,Default,Default,Default,Default,Default,DefaultJob,Dimension=64&Quantisation=Int4,1,Workload,Result,4,508387230,2,254193615,42,0,0,88800104
VectorQuantisationBenchmarks.'Lucene.NET flat scan',Rowles.LeanCorpus.Benchmarks,VectorQuantisationBenchmarks,'Lucene.NET flat scan',DefaultJob,Default,Default,Default,Default,Default,Default,Default,Default,Default,Default,Default,Default,Default,Default,Default,Default,Default,Default,Default,Default,Default,Default,Default,Default,Default,Default,Default,Default,Default,Default,Default,Default,Default,Default,Default,Default,Default,Default,Default,Default,Default,DefaultJob,Dimension=64&Quantisation=Int4,1,Workload,Result,5,504210302,2,252105151,42,0,0,88800104
VectorQuantisationBenchmarks.'Lucene.NET flat scan',Rowles.LeanCorpus.Benchmarks,VectorQuantisationBenchmarks,'Lucene.NET flat scan',DefaultJob,Default,Default,Default,Default,Default,Default,Default,Default,Default,Default,Default,Default,Default,Default,Default,Default,Default,Default,Default,Default,Default,Default,Default,Default,Default,Default,Default,Default,Default,Default,Default,Default,Default,Default,Default,Default,Default,Default,Default,Default,Default,DefaultJob,Dimension=64&Quantisation=Int4,1,Workload,Result,6,501170756,2,250585378,42,0,0,88800104
VectorQuantisationBenchmarks.'Lucene.NET flat scan',Rowles.LeanCorpus.Benchmarks,VectorQuantisationBenchmarks,'Lucene.NET flat scan',DefaultJob,Default,Default,Default,Default,Default,Default,Default,Default,Default,Default,Default,Default,Default,Default,Default,Default,Default,Default,Default,Default,Default,Default,Default,Default,Default,Default,Default,Default,Default,Default,Default,Default,Default,Default,Default,Default,Default,Default,Default,Default,Default,DefaultJob,Dimension=64&Quantisation=Int4,1,Workload,Result,7,500875709,2,250437854.5,42,0,0,88800104
VectorQuantisationBenchmarks.'Lucene.NET flat scan',Rowles.LeanCorpus.Benchmarks,VectorQuantisationBenchmarks,'Lucene.NET flat scan',DefaultJob,Default,Default,Default,Default,Default,Default,Default,Default,Default,Default,Default,Default,Default,Default,Default,Default,Default,Default,Default,Default,Default,Default,Default,Default,Default,Default,Default,Default,Default,Default,Default,Default,Default,Default,Default,Default,Default,Default,Default,Default,Default,DefaultJob,Dimension=64&Quantisation=Int4,1,Workload,Result,8,503730215,2,251865107.5,42,0,0,88800104
VectorQuantisationBenchmarks.'Lucene.NET flat scan',Rowles.LeanCorpus.Benchmarks,VectorQuantisationBenchmarks,'Lucene.NET flat scan',DefaultJob,Default,Default,Default,Default,Default,Default,Default,Default,Default,Default,Default,Default,Default,Default,Default,Default,Default,Default,Default,Default,Default,Default,Default,Default,Default,Default,Default,Default,Default,Default,Default,Default,Default,Default,Default,Default,Default,Default,Default,Default,Default,DefaultJob,Dimension=64&Quantisation=Int4,1,Workload,Result,9,504075844,2,252037922,42,0,0,88800104
VectorQuantisationBenchmarks.'Lucene.NET flat scan',Rowles.LeanCorpus.Benchmarks,VectorQuantisationBenchmarks,'Lucene.NET flat scan',DefaultJob,Default,Default,Default,Default,Default,Default,Default,Default,Default,Default,Default,Default,Default,Default,Default,Default,Default,Default,Default,Default,Default,Default,Default,Default,Default,Default,Default,Default,Default,Default,Default,Default,Default,Default,Default,Default,Default,Default,Default,Default,Default,DefaultJob,Dimension=64&Quantisation=Int4,1,Workload,Result,10,502454206,2,251227103,42,0,0,88800104
VectorQuantisationBenchmarks.'Lucene.NET flat scan',Rowles.LeanCorpus.Benchmarks,VectorQuantisationBenchmarks,'Lucene.NET flat scan',DefaultJob,Default,Default,Default,Default,Default,Default,Default,Default,Default,Default,Default,Default,Default,Default,Default,Default,Default,Default,Default,Default,Default,Default,Default,Default,Default,Default,Default,Default,Default,Default,Default,Default,Default,Default,Default,Default,Default,Default,Default,Default,Default,DefaultJob,Dimension=64&Quantisation=Int4,1,Workload,Result,11,499547145,2,249773572.5,42,0,0,88800104
VectorQuantisationBenchmarks.'Lucene.NET flat scan',Rowles.LeanCorpus.Benchmarks,VectorQuantisationBenchmarks,'Lucene.NET flat scan',DefaultJob,Default,Default,Default,Default,Default,Default,Default,Default,Default,Default,Default,Default,Default,Default,Default,Default,Default,Default,Default,Default,Default,Default,Default,Default,Default,Default,Default,Default,Default,Default,Default,Default,Default,Default,Default,Default,Default,Default,Default,Default,Default,DefaultJob,Dimension=64&Quantisation=Int4,1,Workload,Result,12,506619361,2,253309680.5,42,0,0,88800104
VectorQuantisationBenchmarks.'Lucene.NET flat scan',Rowles.LeanCorpus.Benchmarks,VectorQuantisationBenchmarks,'Lucene.NET flat scan',DefaultJob,Default,Default,Default,Default,Default,Default,Default,Default,Default,Default,Default,Default,Default,Default,Default,Default,Default,Default,Default,Default,Default,Default,Default,Default,Default,Default,Default,Default,Default,Default,Default,Default,Default,Default,Default,Default,Default,Default,Default,Default,Default,DefaultJob,Dimension=64&Quantisation=Int4,1,Workload,Result,13,506387282,2,253193641,42,0,0,88800104
VectorQuantisationBenchmarks.'Lucene.NET flat scan',Rowles.LeanCorpus.Benchmarks,VectorQuantisationBenchmarks,'Lucene.NET flat scan',DefaultJob,Default,Default,Default,Default,Default,Default,Default,Default,Default,Default,Default,Default,Default,Default,Default,Default,Default,Default,Default,Default,Default,Default,Default,Default,Default,Default,Default,Default,Default,Default,Default,Default,Default,Default,Default,Default,Default,Default,Default,Default,Default,DefaultJob,Dimension=64&Quantisation=Int4,1,Workload,Result,14,506766562,2,253383281,42,0,0,88800104
VectorQuantisationBenchmarks.'Lucene.NET flat scan',Rowles.LeanCorpus.Benchmarks,VectorQuantisationBenchmarks,'Lucene.NET flat scan',DefaultJob,Default,Default,Default,Default,Default,Default,Default,Default,Default,Default,Default,Default,Default,Default,Default,Default,Default,Default,Default,Default,Default,Default,Default,Default,Default,Default,Default,Default,Default,Default,Default,Default,Default,Default,Default,Default,Default,Default,Default,Default,Default,DefaultJob,Dimension=64&Quantisation=Int4,1,Workload,Result,15,506814766,2,253407383,42,0,0,88800104
VectorQuantisationBenchmarks.'HNSW search',Rowles.LeanCorpus.Benchmarks,VectorQuantisationBenchmarks,'HNSW search',DefaultJob,Default,Default,Default,Default,Default,Default,Default,Default,Default,Default,Default,Default,Default,Default,Default,Default,Default,Default,Default,Default,Default,Default,Default,Default,Default,Default,Default,Default,Default,Default,Default,Default,Default,Default,Default,Default,Default,Default,Default,Default,Default,DefaultJob,Dimension=64&Quantisation=ProductQuantisation,1,Workload,Jitting,1,2892297,1,2892297,15,0,0,123248
VectorQuantisationBenchmarks.'HNSW search',Rowles.LeanCorpus.Benchmarks,VectorQuantisationBenchmarks,'HNSW search',DefaultJob,Default,Default,Default,Default,Default,Default,Default,Default,Default,Default,Default,Default,Default,Default,Default,Default,Default,Default,Default,Default,Default,Default,Default,Default,Default,Default,Default,Default,Default,Default,Default,Default,Default,Default,Default,Default,Default,Default,Default,Default,Default,DefaultJob,Dimension=64&Quantisation=ProductQuantisation,1,Workload,Jitting,2,57172209,30,1905740.3,15,0,0,123248
VectorQuantisationBenchmarks.'HNSW search',Rowles.LeanCorpus.Benchmarks,VectorQuantisationBenchmarks,'HNSW search',DefaultJob,Default,Default,Default,Default,Default,Default,Default,Default,Default,Default,Default,Default,Default,Default,Default,Default,Default,Default,Default,Default,Default,Default,Default,Default,Default,Default,Default,Default,Default,Default,Default,Default,Default,Default,Default,Default,Default,Default,Default,Default,Default,DefaultJob,Dimension=64&Quantisation=ProductQuantisation,1,Workload,Jitting,3,54665047,30,1822168.23,15,0,0,123248
VectorQuantisationBenchmarks.'HNSW search',Rowles.LeanCorpus.Benchmarks,VectorQuantisationBenchmarks,'HNSW search',DefaultJob,Default,Default,Default,Default,Default,Default,Default,Default,Default,Default,Default,Default,Default,Default,Default,Default,Default,Default,Default,Default,Default,Default,Default,Default,Default,Default,Default,Default,Default,Default,Default,Default,Default,Default,Default,Default,Default,Default,Default,Default,Default,DefaultJob,Dimension=64&Quantisation=ProductQuantisation,1,Workload,Jitting,4,53092034,30,1769734.47,15,0,0,123248
VectorQuantisationBenchmarks.'HNSW search',Rowles.LeanCorpus.Benchmarks,VectorQuantisationBenchmarks,'HNSW search',DefaultJob,Default,Default,Default,Default,Default,Default,Default,Default,Default,Default,Default,Default,Default,Default,Default,Default,Default,Default,Default,Default,Default,Default,Default,Default,Default,Default,Default,Default,Default,Default,Default,Default,Default,Default,Default,Default,Default,Default,Default,Default,Default,DefaultJob,Dimension=64&Quantisation=ProductQuantisation,1,Workload,Jitting,5,2749388,1,2749388,15,0,0,123248
VectorQuantisationBenchmarks.'HNSW search',Rowles.LeanCorpus.Benchmarks,VectorQuantisationBenchmarks,'HNSW search',DefaultJob,Default,Default,Default,Default,Default,Default,Default,Default,Default,Default,Default,Default,Default,Default,Default,Default,Default,Default,Default,Default,Default,Default,Default,Default,Default,Default,Default,Default,Default,Default,Default,Default,Default,Default,Default,Default,Default,Default,Default,Default,Default,DefaultJob,Dimension=64&Quantisation=ProductQuantisation,1,Workload,Pilot,1,2733948,1,2733948,15,0,0,123248
VectorQuantisationBenchmarks.'HNSW search',Rowles.LeanCorpus.Benchmarks,VectorQuantisationBenchmarks,'HNSW search',DefaultJob,Default,Default,Default,Default,Default,Default,Default,Default,Default,Default,Default,Default,Default,Default,Default,Default,Default,Default,Default,Default,Default,Default,Default,Default,Default,Default,Default,Default,Default,Default,Default,Default,Default,Default,Default,Default,Default,Default,Default,Default,Default,DefaultJob,Dimension=64&Quantisation=ProductQuantisation,1,Workload,Pilot,1,29480873,16,1842554.56,15,0,0,123248
VectorQuantisationBenchmarks.'HNSW search',Rowles.LeanCorpus.Benchmarks,VectorQuantisationBenchmarks,'HNSW search',DefaultJob,Default,Default,Default,Default,Default,Default,Default,Default,Default,Default,Default,Default,Default,Default,Default,Default,Default,Default,Default,Default,Default,Default,Default,Default,Default,Default,Default,Default,Default,Default,Default,Default,Default,Default,Default,Default,Default,Default,Default,Default,Default,DefaultJob,Dimension=64&Quantisation=ProductQuantisation,1,Workload,Pilot,2,56199433,32,1756232.28,15,0,0,123248
VectorQuantisationBenchmarks.'HNSW search',Rowles.LeanCorpus.Benchmarks,VectorQuantisationBenchmarks,'HNSW search',DefaultJob,Default,Default,Default,Default,Default,Default,Default,Default,Default,Default,Default,Default,Default,Default,Default,Default,Default,Default,Default,Default,Default,Default,Default,Default,Default,Default,Default,Default,Default,Default,Default,Default,Default,Default,Default,Default,Default,Default,Default,Default,Default,DefaultJob,Dimension=64&Quantisation=ProductQuantisation,1,Workload,Pilot,3,109889548,64,1717024.19,15,0,0,123248
VectorQuantisationBenchmarks.'HNSW search',Rowles.LeanCorpus.Benchmarks,VectorQuantisationBenchmarks,'HNSW search',DefaultJob,Default,Default,Default,Default,Default,Default,Default,Default,Default,Default,Default,Default,Default,Default,Default,Default,Default,Default,Default,Default,Default,Default,Default,Default,Default,Default,Default,Default,Default,Default,Default,Default,Default,Default,Default,Default,Default,Default,Default,Default,Default,DefaultJob,Dimension=64&Quantisation=ProductQuantisation,1,Workload,Pilot,4,208302707,128,1627364.9,15,0,0,123248
VectorQuantisationBenchmarks.'HNSW search',Rowles.LeanCorpus.Benchmarks,VectorQuantisationBenchmarks,'HNSW search',DefaultJob,Default,Default,Default,Default,Default,Default,Default,Default,Default,Default,Default,Default,Default,Default,Default,Default,Default,Default,Default,Default,Default,Default,Default,Default,Default,Default,Default,Default,Default,Default,Default,Default,Default,Default,Default,Default,Default,Default,Default,Default,Default,DefaultJob,Dimension=64&Quantisation=ProductQuantisation,1,Workload,Pilot,5,411621312,256,1607895.75,15,0,0,123248
VectorQuantisationBenchmarks.'HNSW search',Rowles.LeanCorpus.Benchmarks,VectorQuantisationBenchmarks,'HNSW search',DefaultJob,Default,Default,Default,Default,Default,Default,Default,Default,Default,Default,Default,Default,Default,Default,Default,Default,Default,Default,Default,Default,Default,Default,Default,Default,Default,Default,Default,Default,Default,Default,Default,Default,Default,Default,Default,Default,Default,Default,Default,Default,Default,DefaultJob,Dimension=64&Quantisation=ProductQuantisation,1,Workload,Pilot,6,820680826,512,1602892.24,15,0,0,123248
VectorQuantisationBenchmarks.'HNSW search',Rowles.LeanCorpus.Benchmarks,VectorQuantisationBenchmarks,'HNSW search',DefaultJob,Default,Default,Default,Default,Default,Default,Default,Default,Default,Default,Default,Default,Default,Default,Default,Default,Default,Default,Default,Default,Default,Default,Default,Default,Default,Default,Default,Default,Default,Default,Default,Default,Default,Default,Default,Default,Default,Default,Default,Default,Default,DefaultJob,Dimension=64&Quantisation=ProductQuantisation,1,Workload,Warmup,1,831513500,512,1624049.8,15,0,0,123248
VectorQuantisationBenchmarks.'HNSW search',Rowles.LeanCorpus.Benchmarks,VectorQuantisationBenchmarks,'HNSW search',DefaultJob,Default,Default,Default,Default,Default,Default,Default,Default,Default,Default,Default,Default,Default,Default,Default,Default,Default,Default,Default,Default,Default,Default,Default,Default,Default,Default,Default,Default,Default,Default,Default,Default,Default,Default,Default,Default,Default,Default,Default,Default,Default,DefaultJob,Dimension=64&Quantisation=ProductQuantisation,1,Workload,Warmup,2,828540311,512,1618242.79,15,0,0,123248
VectorQuantisationBenchmarks.'HNSW search',Rowles.LeanCorpus.Benchmarks,VectorQuantisationBenchmarks,'HNSW search',DefaultJob,Default,Default,Default,Default,Default,Default,Default,Default,Default,Default,Default,Default,Default,Default,Default,Default,Default,Default,Default,Default,Default,Default,Default,Default,Default,Default,Default,Default,Default,Default,Default,Default,Default,Default,Default,Default,Default,Default,Default,Default,Default,DefaultJob,Dimension=64&Quantisation=ProductQuantisation,1,Workload,Warmup,3,827971703,512,1617132.23,15,0,0,123248
VectorQuantisationBenchmarks.'HNSW search',Rowles.LeanCorpus.Benchmarks,VectorQuantisationBenchmarks,'HNSW search',DefaultJob,Default,Default,Default,Default,Default,Default,Default,Default,Default,Default,Default,Default,Default,Default,Default,Default,Default,Default,Default,Default,Default,Default,Default,Default,Default,Default,Default,Default,Default,Default,Default,Default,Default,Default,Default,Default,Default,Default,Default,Default,Default,DefaultJob,Dimension=64&Quantisation=ProductQuantisation,1,Workload,Warmup,4,820718899,512,1602966.6,15,0,0,123248
VectorQuantisationBenchmarks.'HNSW search',Rowles.LeanCorpus.Benchmarks,VectorQuantisationBenchmarks,'HNSW search',DefaultJob,Default,Default,Default,Default,Default,Default,Default,Default,Default,Default,Default,Default,Default,Default,Default,Default,Default,Default,Default,Default,Default,Default,Default,Default,Default,Default,Default,Default,Default,Default,Default,Default,Default,Default,Default,Default,Default,Default,Default,Default,Default,DefaultJob,Dimension=64&Quantisation=ProductQuantisation,1,Workload,Warmup,5,827261995,512,1615746.08,15,0,0,123248
VectorQuantisationBenchmarks.'HNSW search',Rowles.LeanCorpus.Benchmarks,VectorQuantisationBenchmarks,'HNSW search',DefaultJob,Default,Default,Default,Default,Default,Default,Default,Default,Default,Default,Default,Default,Default,Default,Default,Default,Default,Default,Default,Default,Default,Default,Default,Default,Default,Default,Default,Default,Default,Default,Default,Default,Default,Default,Default,Default,Default,Default,Default,Default,Default,DefaultJob,Dimension=64&Quantisation=ProductQuantisation,1,Workload,Warmup,6,824375653,512,1610108.7,15,0,0,123248
VectorQuantisationBenchmarks.'HNSW search',Rowles.LeanCorpus.Benchmarks,VectorQuantisationBenchmarks,'HNSW search',DefaultJob,Default,Default,Default,Default,Default,Default,Default,Default,Default,Default,Default,Default,Default,Default,Default,Default,Default,Default,Default,Default,Default,Default,Default,Default,Default,Default,Default,Default,Default,Default,Default,Default,Default,Default,Default,Default,Default,Default,Default,Default,Default,DefaultJob,Dimension=64&Quantisation=ProductQuantisation,1,Workload,Warmup,7,819402079,512,1600394.69,15,0,0,123248
VectorQuantisationBenchmarks.'HNSW search',Rowles.LeanCorpus.Benchmarks,VectorQuantisationBenchmarks,'HNSW search',DefaultJob,Default,Default,Default,Default,Default,Default,Default,Default,Default,Default,Default,Default,Default,Default,Default,Default,Default,Default,Default,Default,Default,Default,Default,Default,Default,Default,Default,Default,Default,Default,Default,Default,Default,Default,Default,Default,Default,Default,Default,Default,Default,DefaultJob,Dimension=64&Quantisation=ProductQuantisation,1,Workload,Warmup,8,830904155,512,1622859.68,15,0,0,123248
VectorQuantisationBenchmarks.'HNSW search',Rowles.LeanCorpus.Benchmarks,VectorQuantisationBenchmarks,'HNSW search',DefaultJob,Default,Default,Default,Default,Default,Default,Default,Default,Default,Default,Default,Default,Default,Default,Default,Default,Default,Default,Default,Default,Default,Default,Default,Default,Default,Default,Default,Default,Default,Default,Default,Default,Default,Default,Default,Default,Default,Default,Default,Default,Default,DefaultJob,Dimension=64&Quantisation=ProductQuantisation,1,Workload,Warmup,9,830260774,512,1621603.07,15,0,0,123248
VectorQuantisationBenchmarks.'HNSW search',Rowles.LeanCorpus.Benchmarks,VectorQuantisationBenchmarks,'HNSW search',DefaultJob,Default,Default,Default,Default,Default,Default,Default,Default,Default,Default,Default,Default,Default,Default,Default,Default,Default,Default,Default,Default,Default,Default,Default,Default,Default,Default,Default,Default,Default,Default,Default,Default,Default,Default,Default,Default,Default,Default,Default,Default,Default,DefaultJob,Dimension=64&Quantisation=ProductQuantisation,1,Workload,Actual,1,830273001,512,1621626.96,15,0,0,123248
VectorQuantisationBenchmarks.'HNSW search',Rowles.LeanCorpus.Benchmarks,VectorQuantisationBenchmarks,'HNSW search',DefaultJob,Default,Default,Default,Default,Default,Default,Default,Default,Default,Default,Default,Default,Default,Default,Default,Default,Default,Default,Default,Default,Default,Default,Default,Default,Default,Default,Default,Default,Default,Default,Default,Default,Default,Default,Default,Default,Default,Default,Default,Default,Default,DefaultJob,Dimension=64&Quantisation=ProductQuantisation,1,Workload,Actual,2,827180313,512,1615586.55,15,0,0,123248
VectorQuantisationBenchmarks.'HNSW search',Rowles.LeanCorpus.Benchmarks,VectorQuantisationBenchmarks,'HNSW search',DefaultJob,Default,Default,Default,Default,Default,Default,Default,Default,Default,Default,Default,Default,Default,Default,Default,Default,Default,Default,Default,Default,Default,Default,Default,Default,Default,Default,Default,Default,Default,Default,Default,Default,Default,Default,Default,Default,Default,Default,Default,Default,Default,DefaultJob,Dimension=64&Quantisation=ProductQuantisation,1,Workload,Actual,3,827880423,512,1616953.95,15,0,0,123248
VectorQuantisationBenchmarks.'HNSW search',Rowles.LeanCorpus.Benchmarks,VectorQuantisationBenchmarks,'HNSW search',DefaultJob,Default,Default,Default,Default,Default,Default,Default,Default,Default,Default,Default,Default,Default,Default,Default,Default,Default,Default,Default,Default,Default,Default,Default,Default,Default,Default,Default,Default,Default,Default,Default,Default,Default,Default,Default,Default,Default,Default,Default,Default,Default,DefaultJob,Dimension=64&Quantisation=ProductQuantisation,1,Workload,Actual,4,829581883,512,1620277.12,15,0,0,123248
VectorQuantisationBenchmarks.'HNSW search',Rowles.LeanCorpus.Benchmarks,VectorQuantisationBenchmarks,'HNSW search',DefaultJob,Default,Default,Default,Default,Default,Default,Default,Default,Default,Default,Default,Default,Default,Default,Default,Default,Default,Default,Default,Default,Default,Default,Default,Default,Default,Default,Default,Default,Default,Default,Default,Default,Default,Default,Default,Default,Default,Default,Default,Default,Default,DefaultJob,Dimension=64&Quantisation=ProductQuantisation,1,Workload,Actual,5,827852426,512,1616899.27,15,0,0,123248
VectorQuantisationBenchmarks.'HNSW search',Rowles.LeanCorpus.Benchmarks,VectorQuantisationBenchmarks,'HNSW search',DefaultJob,Default,Default,Default,Default,Default,Default,Default,Default,Default,Default,Default,Default,Default,Default,Default,Default,Default,Default,Default,Default,Default,Default,Default,Default,Default,Default,Default,Default,Default,Default,Default,Default,Default,Default,Default,Default,Default,Default,Default,Default,Default,DefaultJob,Dimension=64&Quantisation=ProductQuantisation,1,Workload,Actual,6,824873209,512,1611080.49,15,0,0,123248
VectorQuantisationBenchmarks.'HNSW search',Rowles.LeanCorpus.Benchmarks,VectorQuantisationBenchmarks,'HNSW search',DefaultJob,Default,Default,Default,Default,Default,Default,Default,Default,Default,Default,Default,Default,Default,Default,Default,Default,Default,Default,Default,Default,Default,Default,Default,Default,Default,Default,Default,Default,Default,Default,Default,Default,Default,Default,Default,Default,Default,Default,Default,Default,Default,DefaultJob,Dimension=64&Quantisation=ProductQuantisation,1,Workload,Actual,7,828134374,512,1617449.95,15,0,0,123248
VectorQuantisationBenchmarks.'HNSW search',Rowles.LeanCorpus.Benchmarks,VectorQuantisationBenchmarks,'HNSW search',DefaultJob,Default,Default,Default,Default,Default,Default,Default,Default,Default,Default,Default,Default,Default,Default,Default,Default,Default,Default,Default,Default,Default,Default,Default,Default,Default,Default,Default,Default,Default,Default,Default,Default,Default,Default,Default,Default,Default,Default,Default,Default,Default,DefaultJob,Dimension=64&Quantisation=ProductQuantisation,1,Workload,Actual,8,828232345,512,1617641.3,15,0,0,123248
VectorQuantisationBenchmarks.'HNSW search',Rowles.LeanCorpus.Benchmarks,VectorQuantisationBenchmarks,'HNSW search',DefaultJob,Default,Default,Default,Default,Default,Default,Default,Default,Default,Default,Default,Default,Default,Default,Default,Default,Default,Default,Default,Default,Default,Default,Default,Default,Default,Default,Default,Default,Default,Default,Default,Default,Default,Default,Default,Default,Default,Default,Default,Default,Default,DefaultJob,Dimension=64&Quantisation=ProductQuantisation,1,Workload,Actual,9,827751795,512,1616702.72,15,0,0,123248
VectorQuantisationBenchmarks.'HNSW search',Rowles.LeanCorpus.Benchmarks,VectorQuantisationBenchmarks,'HNSW search',DefaultJob,Default,Default,Default,Default,Default,Default,Default,Default,Default,Default,Default,Default,Default,Default,Default,Default,Default,Default,Default,Default,Default,Default,Default,Default,Default,Default,Default,Default,Default,Default,Default,Default,Default,Default,Default,Default,Default,Default,Default,Default,Default,DefaultJob,Dimension=64&Quantisation=ProductQuantisation,1,Workload,Actual,10,826567305,512,1614389.27,15,0,0,123248
VectorQuantisationBenchmarks.'HNSW search',Rowles.LeanCorpus.Benchmarks,VectorQuantisationBenchmarks,'HNSW search',DefaultJob,Default,Default,Default,Default,Default,Default,Default,Default,Default,Default,Default,Default,Default,Default,Default,Default,Default,Default,Default,Default,Default,Default,Default,Default,Default,Default,Default,Default,Default,Default,Default,Default,Default,Default,Default,Default,Default,Default,Default,Default,Default,DefaultJob,Dimension=64&Quantisation=ProductQuantisation,1,Workload,Actual,11,832513994,512,1626003.89,15,0,0,123248
VectorQuantisationBenchmarks.'HNSW search',Rowles.LeanCorpus.Benchmarks,VectorQuantisationBenchmarks,'HNSW search',DefaultJob,Default,Default,Default,Default,Default,Default,Default,Default,Default,Default,Default,Default,Default,Default,Default,Default,Default,Default,Default,Default,Default,Default,Default,Default,Default,Default,Default,Default,Default,Default,Default,Default,Default,Default,Default,Default,Default,Default,Default,Default,Default,DefaultJob,Dimension=64&Quantisation=ProductQuantisation,1,Workload,Actual,12,830594053,512,1622254.01,15,0,0,123248
VectorQuantisationBenchmarks.'HNSW search',Rowles.LeanCorpus.Benchmarks,VectorQuantisationBenchmarks,'HNSW search',DefaultJob,Default,Default,Default,Default,Default,Default,Default,Default,Default,Default,Default,Default,Default,Default,Default,Default,Default,Default,Default,Default,Default,Default,Default,Default,Default,Default,Default,Default,Default,Default,Default,Default,Default,Default,Default,Default,Default,Default,Default,Default,Default,DefaultJob,Dimension=64&Quantisation=ProductQuantisation,1,Workload,Actual,13,829792941,512,1620689.34,15,0,0,123248
VectorQuantisationBenchmarks.'HNSW search',Rowles.LeanCorpus.Benchmarks,VectorQuantisationBenchmarks,'HNSW search',DefaultJob,Default,Default,Default,Default,Default,Default,Default,Default,Default,Default,Default,Default,Default,Default,Default,Default,Default,Default,Default,Default,Default,Default,Default,Default,Default,Default,Default,Default,Default,Default,Default,Default,Default,Default,Default,Default,Default,Default,Default,Default,Default,DefaultJob,Dimension=64&Quantisation=ProductQuantisation,1,Workload,Actual,14,831001118,512,1623049.06,15,0,0,123248
VectorQuantisationBenchmarks.'HNSW search',Rowles.LeanCorpus.Benchmarks,VectorQuantisationBenchmarks,'HNSW search',DefaultJob,Default,Default,Default,Default,Default,Default,Default,Default,Default,Default,Default,Default,Default,Default,Default,Default,Default,Default,Default,Default,Default,Default,Default,Default,Default,Default,Default,Default,Default,Default,Default,Default,Default,Default,Default,Default,Default,Default,Default,Default,Default,DefaultJob,Dimension=64&Quantisation=ProductQuantisation,1,Workload,Actual,15,833378139,512,1627691.68,15,0,0,123248
VectorQuantisationBenchmarks.'HNSW search',Rowles.LeanCorpus.Benchmarks,VectorQuantisationBenchmarks,'HNSW search',DefaultJob,Default,Default,Default,Default,Default,Default,Default,Default,Default,Default,Default,Default,Default,Default,Default,Default,Default,Default,Default,Default,Default,Default,Default,Default,Default,Default,Default,Default,Default,Default,Default,Default,Default,Default,Default,Default,Default,Default,Default,Default,Default,DefaultJob,Dimension=64&Quantisation=ProductQuantisation,1,Workload,Extra,1,829283773,512,1619694.87,15,0,0,123248
VectorQuantisationBenchmarks.'HNSW search',Rowles.LeanCorpus.Benchmarks,VectorQuantisationBenchmarks,'HNSW search',DefaultJob,Default,Default,Default,Default,Default,Default,Default,Default,Default,Default,Default,Default,Default,Default,Default,Default,Default,Default,Default,Default,Default,Default,Default,Default,Default,Default,Default,Default,Default,Default,Default,Default,Default,Default,Default,Default,Default,Default,Default,Default,Default,DefaultJob,Dimension=64&Quantisation=ProductQuantisation,1,Workload,Result,1,830273001,512,1621626.96,15,0,0,123248
VectorQuantisationBenchmarks.'HNSW search',Rowles.LeanCorpus.Benchmarks,VectorQuantisationBenchmarks,'HNSW search',DefaultJob,Default,Default,Default,Default,Default,Default,Default,Default,Default,Default,Default,Default,Default,Default,Default,Default,Default,Default,Default,Default,Default,Default,Default,Default,Default,Default,Default,Default,Default,Default,Default,Default,Default,Default,Default,Default,Default,Default,Default,Default,Default,DefaultJob,Dimension=64&Quantisation=ProductQuantisation,1,Workload,Result,2,827180313,512,1615586.55,15,0,0,123248
VectorQuantisationBenchmarks.'HNSW search',Rowles.LeanCorpus.Benchmarks,VectorQuantisationBenchmarks,'HNSW search',DefaultJob,Default,Default,Default,Default,Default,Default,Default,Default,Default,Default,Default,Default,Default,Default,Default,Default,Default,Default,Default,Default,Default,Default,Default,Default,Default,Default,Default,Default,Default,Default,Default,Default,Default,Default,Default,Default,Default,Default,Default,Default,Default,DefaultJob,Dimension=64&Quantisation=ProductQuantisation,1,Workload,Result,3,827880423,512,1616953.95,15,0,0,123248
VectorQuantisationBenchmarks.'HNSW search',Rowles.LeanCorpus.Benchmarks,VectorQuantisationBenchmarks,'HNSW search',DefaultJob,Default,Default,Default,Default,Default,Default,Default,Default,Default,Default,Default,Default,Default,Default,Default,Default,Default,Default,Default,Default,Default,Default,Default,Default,Default,Default,Default,Default,Default,Default,Default,Default,Default,Default,Default,Default,Default,Default,Default,Default,Default,DefaultJob,Dimension=64&Quantisation=ProductQuantisation,1,Workload,Result,4,829581883,512,1620277.12,15,0,0,123248
VectorQuantisationBenchmarks.'HNSW search',Rowles.LeanCorpus.Benchmarks,VectorQuantisationBenchmarks,'HNSW search',DefaultJob,Default,Default,Default,Default,Default,Default,Default,Default,Default,Default,Default,Default,Default,Default,Default,Default,Default,Default,Default,Default,Default,Default,Default,Default,Default,Default,Default,Default,Default,Default,Default,Default,Default,Default,Default,Default,Default,Default,Default,Default,Default,DefaultJob,Dimension=64&Quantisation=ProductQuantisation,1,Workload,Result,5,827852426,512,1616899.27,15,0,0,123248
VectorQuantisationBenchmarks.'HNSW search',Rowles.LeanCorpus.Benchmarks,VectorQuantisationBenchmarks,'HNSW search',DefaultJob,Default,Default,Default,Default,Default,Default,Default,Default,Default,Default,Default,Default,Default,Default,Default,Default,Default,Default,Default,Default,Default,Default,Default,Default,Default,Default,Default,Default,Default,Default,Default,Default,Default,Default,Default,Default,Default,Default,Default,Default,Default,DefaultJob,Dimension=64&Quantisation=ProductQuantisation,1,Workload,Result,6,824873209,512,1611080.49,15,0,0,123248
VectorQuantisationBenchmarks.'HNSW search',Rowles.LeanCorpus.Benchmarks,VectorQuantisationBenchmarks,'HNSW search',DefaultJob,Default,Default,Default,Default,Default,Default,Default,Default,Default,Default,Default,Default,Default,Default,Default,Default,Default,Default,Default,Default,Default,Default,Default,Default,Default,Default,Default,Default,Default,Default,Default,Default,Default,Default,Default,Default,Default,Default,Default,Default,Default,DefaultJob,Dimension=64&Quantisation=ProductQuantisation,1,Workload,Result,7,828134374,512,1617449.95,15,0,0,123248
VectorQuantisationBenchmarks.'HNSW search',Rowles.LeanCorpus.Benchmarks,VectorQuantisationBenchmarks,'HNSW search',DefaultJob,Default,Default,Default,Default,Default,Default,Default,Default,Default,Default,Default,Default,Default,Default,Default,Default,Default,Default,Default,Default,Default,Default,Default,Default,Default,Default,Default,Default,Default,Default,Default,Default,Default,Default,Default,Default,Default,Default,Default,Default,Default,DefaultJob,Dimension=64&Quantisation=ProductQuantisation,1,Workload,Result,8,828232345,512,1617641.3,15,0,0,123248
VectorQuantisationBenchmarks.'HNSW search',Rowles.LeanCorpus.Benchmarks,VectorQuantisationBenchmarks,'HNSW search',DefaultJob,Default,Default,Default,Default,Default,Default,Default,Default,Default,Default,Default,Default,Default,Default,Default,Default,Default,Default,Default,Default,Default,Default,Default,Default,Default,Default,Default,Default,Default,Default,Default,Default,Default,Default,Default,Default,Default,Default,Default,Default,Default,DefaultJob,Dimension=64&Quantisation=ProductQuantisation,1,Workload,Result,9,827751795,512,1616702.72,15,0,0,123248
VectorQuantisationBenchmarks.'HNSW search',Rowles.LeanCorpus.Benchmarks,VectorQuantisationBenchmarks,'HNSW search',DefaultJob,Default,Default,Default,Default,Default,Default,Default,Default,Default,Default,Default,Default,Default,Default,Default,Default,Default,Default,Default,Default,Default,Default,Default,Default,Default,Default,Default,Default,Default,Default,Default,Default,Default,Default,Default,Default,Default,Default,Default,Default,Default,DefaultJob,Dimension=64&Quantisation=ProductQuantisation,1,Workload,Result,10,826567305,512,1614389.27,15,0,0,123248
VectorQuantisationBenchmarks.'HNSW search',Rowles.LeanCorpus.Benchmarks,VectorQuantisationBenchmarks,'HNSW search',DefaultJob,Default,Default,Default,Default,Default,Default,Default,Default,Default,Default,Default,Default,Default,Default,Default,Default,Default,Default,Default,Default,Default,Default,Default,Default,Default,Default,Default,Default,Default,Default,Default,Default,Default,Default,Default,Default,Default,Default,Default,Default,Default,DefaultJob,Dimension=64&Quantisation=ProductQuantisation,1,Workload,Result,11,832513994,512,1626003.89,15,0,0,123248
VectorQuantisationBenchmarks.'HNSW search',Rowles.LeanCorpus.Benchmarks,VectorQuantisationBenchmarks,'HNSW search',DefaultJob,Default,Default,Default,Default,Default,Default,Default,Default,Default,Default,Default,Default,Default,Default,Default,Default,Default,Default,Default,Default,Default,Default,Default,Default,Default,Default,Default,Default,Default,Default,Default,Default,Default,Default,Default,Default,Default,Default,Default,Default,Default,DefaultJob,Dimension=64&Quantisation=ProductQuantisation,1,Workload,Result,12,830594053,512,1622254.01,15,0,0,123248
VectorQuantisationBenchmarks.'HNSW search',Rowles.LeanCorpus.Benchmarks,VectorQuantisationBenchmarks,'HNSW search',DefaultJob,Default,Default,Default,Default,Default,Default,Default,Default,Default,Default,Default,Default,Default,Default,Default,Default,Default,Default,Default,Default,Default,Default,Default,Default,Default,Default,Default,Default,Default,Default,Default,Default,Default,Default,Default,Default,Default,Default,Default,Default,Default,DefaultJob,Dimension=64&Quantisation=ProductQuantisation,1,Workload,Result,13,829792941,512,1620689.34,15,0,0,123248
VectorQuantisationBenchmarks.'HNSW search',Rowles.LeanCorpus.Benchmarks,VectorQuantisationBenchmarks,'HNSW search',DefaultJob,Default,Default,Default,Default,Default,Default,Default,Default,Default,Default,Default,Default,Default,Default,Default,Default,Default,Default,Default,Default,Default,Default,Default,Default,Default,Default,Default,Default,Default,Default,Default,Default,Default,Default,Default,Default,Default,Default,Default,Default,Default,DefaultJob,Dimension=64&Quantisation=ProductQuantisation,1,Workload,Result,14,831001118,512,1623049.06,15,0,0,123248
VectorQuantisationBenchmarks.'HNSW search',Rowles.LeanCorpus.Benchmarks,VectorQuantisationBenchmarks,'HNSW search',DefaultJob,Default,Default,Default,Default,Default,Default,Default,Default,Default,Default,Default,Default,Default,Default,Default,Default,Default,Default,Default,Default,Default,Default,Default,Default,Default,Default,Default,Default,Default,Default,Default,Default,Default,Default,Default,Default,Default,Default,Default,Default,Default,DefaultJob,Dimension=64&Quantisation=ProductQuantisation,1,Workload,Result,15,833378139,512,1627691.68,15,0,0,123248
VectorQuantisationBenchmarks.'Lucene.NET flat scan',Rowles.LeanCorpus.Benchmarks,VectorQuantisationBenchmarks,'Lucene.NET flat scan',DefaultJob,Default,Default,Default,Default,Default,Default,Default,Default,Default,Default,Default,Default,Default,Default,Default,Default,Default,Default,Default,Default,Default,Default,Default,Default,Default,Default,Default,Default,Default,Default,Default,Default,Default,Default,Default,Default,Default,Default,Default,Default,Default,DefaultJob,Dimension=64&Quantisation=ProductQuantisation,1,Workload,Jitting,1,327859493,1,327859493,42,0,0,88800104
VectorQuantisationBenchmarks.'Lucene.NET flat scan',Rowles.LeanCorpus.Benchmarks,VectorQuantisationBenchmarks,'Lucene.NET flat scan',DefaultJob,Default,Default,Default,Default,Default,Default,Default,Default,Default,Default,Default,Default,Default,Default,Default,Default,Default,Default,Default,Default,Default,Default,Default,Default,Default,Default,Default,Default,Default,Default,Default,Default,Default,Default,Default,Default,Default,Default,Default,Default,Default,DefaultJob,Dimension=64&Quantisation=ProductQuantisation,1,Workload,Jitting,2,7641043908,30,254701463.6,42,0,0,88800104
VectorQuantisationBenchmarks.'Lucene.NET flat scan',Rowles.LeanCorpus.Benchmarks,VectorQuantisationBenchmarks,'Lucene.NET flat scan',DefaultJob,Default,Default,Default,Default,Default,Default,Default,Default,Default,Default,Default,Default,Default,Default,Default,Default,Default,Default,Default,Default,Default,Default,Default,Default,Default,Default,Default,Default,Default,Default,Default,Default,Default,Default,Default,Default,Default,Default,Default,Default,Default,DefaultJob,Dimension=64&Quantisation=ProductQuantisation,1,Workload,Jitting,3,2034719425,8,254339928.13,42,0,0,88800104
VectorQuantisationBenchmarks.'Lucene.NET flat scan',Rowles.LeanCorpus.Benchmarks,VectorQuantisationBenchmarks,'Lucene.NET flat scan',DefaultJob,Default,Default,Default,Default,Default,Default,Default,Default,Default,Default,Default,Default,Default,Default,Default,Default,Default,Default,Default,Default,Default,Default,Default,Default,Default,Default,Default,Default,Default,Default,Default,Default,Default,Default,Default,Default,Default,Default,Default,Default,Default,DefaultJob,Dimension=64&Quantisation=ProductQuantisation,1,Workload,Pilot,1,508195310,2,254097655,42,0,0,88800104
VectorQuantisationBenchmarks.'Lucene.NET flat scan',Rowles.LeanCorpus.Benchmarks,VectorQuantisationBenchmarks,'Lucene.NET flat scan',DefaultJob,Default,Default,Default,Default,Default,Default,Default,Default,Default,Default,Default,Default,Default,Default,Default,Default,Default,Default,Default,Default,Default,Default,Default,Default,Default,Default,Default,Default,Default,Default,Default,Default,Default,Default,Default,Default,Default,Default,Default,Default,Default,DefaultJob,Dimension=64&Quantisation=ProductQuantisation,1,Workload,Warmup,1,506341684,2,253170842,42,0,0,88800104
VectorQuantisationBenchmarks.'Lucene.NET flat scan',Rowles.LeanCorpus.Benchmarks,VectorQuantisationBenchmarks,'Lucene.NET flat scan',DefaultJob,Default,Default,Default,Default,Default,Default,Default,Default,Default,Default,Default,Default,Default,Default,Default,Default,Default,Default,Default,Default,Default,Default,Default,Default,Default,Default,Default,Default,Default,Default,Default,Default,Default,Default,Default,Default,Default,Default,Default,Default,Default,DefaultJob,Dimension=64&Quantisation=ProductQuantisation,1,Workload,Warmup,2,499096259,2,249548129.5,42,0,0,88800104
VectorQuantisationBenchmarks.'Lucene.NET flat scan',Rowles.LeanCorpus.Benchmarks,VectorQuantisationBenchmarks,'Lucene.NET flat scan',DefaultJob,Default,Default,Default,Default,Default,Default,Default,Default,Default,Default,Default,Default,Default,Default,Default,Default,Default,Default,Default,Default,Default,Default,Default,Default,Default,Default,Default,Default,Default,Default,Default,Default,Default,Default,Default,Default,Default,Default,Default,Default,Default,DefaultJob,Dimension=64&Quantisation=ProductQuantisation,1,Workload,Warmup,3,500385414,2,250192707,42,0,0,88800104
VectorQuantisationBenchmarks.'Lucene.NET flat scan',Rowles.LeanCorpus.Benchmarks,VectorQuantisationBenchmarks,'Lucene.NET flat scan',DefaultJob,Default,Default,Default,Default,Default,Default,Default,Default,Default,Default,Default,Default,Default,Default,Default,Default,Default,Default,Default,Default,Default,Default,Default,Default,Default,Default,Default,Default,Default,Default,Default,Default,Default,Default,Default,Default,Default,Default,Default,Default,Default,DefaultJob,Dimension=64&Quantisation=ProductQuantisation,1,Workload,Warmup,4,506788742,2,253394371,42,0,0,88800104
VectorQuantisationBenchmarks.'Lucene.NET flat scan',Rowles.LeanCorpus.Benchmarks,VectorQuantisationBenchmarks,'Lucene.NET flat scan',DefaultJob,Default,Default,Default,Default,Default,Default,Default,Default,Default,Default,Default,Default,Default,Default,Default,Default,Default,Default,Default,Default,Default,Default,Default,Default,Default,Default,Default,Default,Default,Default,Default,Default,Default,Default,Default,Default,Default,Default,Default,Default,Default,DefaultJob,Dimension=64&Quantisation=ProductQuantisation,1,Workload,Warmup,5,509446088,2,254723044,42,0,0,88800104
VectorQuantisationBenchmarks.'Lucene.NET flat scan',Rowles.LeanCorpus.Benchmarks,VectorQuantisationBenchmarks,'Lucene.NET flat scan',DefaultJob,Default,Default,Default,Default,Default,Default,Default,Default,Default,Default,Default,Default,Default,Default,Default,Default,Default,Default,Default,Default,Default,Default,Default,Default,Default,Default,Default,Default,Default,Default,Default,Default,Default,Default,Default,Default,Default,Default,Default,Default,Default,DefaultJob,Dimension=64&Quantisation=ProductQuantisation,1,Workload,Warmup,6,508999818,2,254499909,42,0,0,88800104
VectorQuantisationBenchmarks.'Lucene.NET flat scan',Rowles.LeanCorpus.Benchmarks,VectorQuantisationBenchmarks,'Lucene.NET flat scan',DefaultJob,Default,Default,Default,Default,Default,Default,Default,Default,Default,Default,Default,Default,Default,Default,Default,Default,Default,Default,Default,Default,Default,Default,Default,Default,Default,Default,Default,Default,Default,Default,Default,Default,Default,Default,Default,Default,Default,Default,Default,Default,Default,DefaultJob,Dimension=64&Quantisation=ProductQuantisation,1,Workload,Warmup,7,509599429,2,254799714.5,42,0,0,88800104
VectorQuantisationBenchmarks.'Lucene.NET flat scan',Rowles.LeanCorpus.Benchmarks,VectorQuantisationBenchmarks,'Lucene.NET flat scan',DefaultJob,Default,Default,Default,Default,Default,Default,Default,Default,Default,Default,Default,Default,Default,Default,Default,Default,Default,Default,Default,Default,Default,Default,Default,Default,Default,Default,Default,Default,Default,Default,Default,Default,Default,Default,Default,Default,Default,Default,Default,Default,Default,DefaultJob,Dimension=64&Quantisation=ProductQuantisation,1,Workload,Warmup,8,510095221,2,255047610.5,42,0,0,88800104
VectorQuantisationBenchmarks.'Lucene.NET flat scan',Rowles.LeanCorpus.Benchmarks,VectorQuantisationBenchmarks,'Lucene.NET flat scan',DefaultJob,Default,Default,Default,Default,Default,Default,Default,Default,Default,Default,Default,Default,Default,Default,Default,Default,Default,Default,Default,Default,Default,Default,Default,Default,Default,Default,Default,Default,Default,Default,Default,Default,Default,Default,Default,Default,Default,Default,Default,Default,Default,DefaultJob,Dimension=64&Quantisation=ProductQuantisation,1,Workload,Warmup,9,508036302,2,254018151,42,0,0,88800104
VectorQuantisationBenchmarks.'Lucene.NET flat scan',Rowles.LeanCorpus.Benchmarks,VectorQuantisationBenchmarks,'Lucene.NET flat scan',DefaultJob,Default,Default,Default,Default,Default,Default,Default,Default,Default,Default,Default,Default,Default,Default,Default,Default,Default,Default,Default,Default,Default,Default,Default,Default,Default,Default,Default,Default,Default,Default,Default,Default,Default,Default,Default,Default,Default,Default,Default,Default,Default,DefaultJob,Dimension=64&Quantisation=ProductQuantisation,1,Workload,Actual,1,509381834,2,254690917,42,0,0,88800104
VectorQuantisationBenchmarks.'Lucene.NET flat scan',Rowles.LeanCorpus.Benchmarks,VectorQuantisationBenchmarks,'Lucene.NET flat scan',DefaultJob,Default,Default,Default,Default,Default,Default,Default,Default,Default,Default,Default,Default,Default,Default,Default,Default,Default,Default,Default,Default,Default,Default,Default,Default,Default,Default,Default,Default,Default,Default,Default,Default,Default,Default,Default,Default,Default,Default,Default,Default,Default,DefaultJob,Dimension=64&Quantisation=ProductQuantisation,1,Workload,Actual,2,502595363,2,251297681.5,42,0,0,88800104
VectorQuantisationBenchmarks.'Lucene.NET flat scan',Rowles.LeanCorpus.Benchmarks,VectorQuantisationBenchmarks,'Lucene.NET flat scan',DefaultJob,Default,Default,Default,Default,Default,Default,Default,Default,Default,Default,Default,Default,Default,Default,Default,Default,Default,Default,Default,Default,Default,Default,Default,Default,Default,Default,Default,Default,Default,Default,Default,Default,Default,Default,Default,Default,Default,Default,Default,Default,Default,DefaultJob,Dimension=64&Quantisation=ProductQuantisation,1,Workload,Actual,3,505212510,2,252606255,42,0,0,88800104
VectorQuantisationBenchmarks.'Lucene.NET flat scan',Rowles.LeanCorpus.Benchmarks,VectorQuantisationBenchmarks,'Lucene.NET flat scan',DefaultJob,Default,Default,Default,Default,Default,Default,Default,Default,Default,Default,Default,Default,Default,Default,Default,Default,Default,Default,Default,Default,Default,Default,Default,Default,Default,Default,Default,Default,Default,Default,Default,Default,Default,Default,Default,Default,Default,Default,Default,Default,Default,DefaultJob,Dimension=64&Quantisation=ProductQuantisation,1,Workload,Actual,4,500814079,2,250407039.5,42,0,0,88800104
VectorQuantisationBenchmarks.'Lucene.NET flat scan',Rowles.LeanCorpus.Benchmarks,VectorQuantisationBenchmarks,'Lucene.NET flat scan',DefaultJob,Default,Default,Default,Default,Default,Default,Default,Default,Default,Default,Default,Default,Default,Default,Default,Default,Default,Default,Default,Default,Default,Default,Default,Default,Default,Default,Default,Default,Default,Default,Default,Default,Default,Default,Default,Default,Default,Default,Default,Default,Default,DefaultJob,Dimension=64&Quantisation=ProductQuantisation,1,Workload,Actual,5,502395604,2,251197802,42,0,0,88800104
VectorQuantisationBenchmarks.'Lucene.NET flat scan',Rowles.LeanCorpus.Benchmarks,VectorQuantisationBenchmarks,'Lucene.NET flat scan',DefaultJob,Default,Default,Default,Default,Default,Default,Default,Default,Default,Default,Default,Default,Default,Default,Default,Default,Default,Default,Default,Default,Default,Default,Default,Default,Default,Default,Default,Default,Default,Default,Default,Default,Default,Default,Default,Default,Default,Default,Default,Default,Default,DefaultJob,Dimension=64&Quantisation=ProductQuantisation,1,Workload,Actual,6,501279178,2,250639589,42,0,0,88800104
VectorQuantisationBenchmarks.'Lucene.NET flat scan',Rowles.LeanCorpus.Benchmarks,VectorQuantisationBenchmarks,'Lucene.NET flat scan',DefaultJob,Default,Default,Default,Default,Default,Default,Default,Default,Default,Default,Default,Default,Default,Default,Default,Default,Default,Default,Default,Default,Default,Default,Default,Default,Default,Default,Default,Default,Default,Default,Default,Default,Default,Default,Default,Default,Default,Default,Default,Default,Default,DefaultJob,Dimension=64&Quantisation=ProductQuantisation,1,Workload,Actual,7,502081351,2,251040675.5,42,0,0,88800104
VectorQuantisationBenchmarks.'Lucene.NET flat scan',Rowles.LeanCorpus.Benchmarks,VectorQuantisationBenchmarks,'Lucene.NET flat scan',DefaultJob,Default,Default,Default,Default,Default,Default,Default,Default,Default,Default,Default,Default,Default,Default,Default,Default,Default,Default,Default,Default,Default,Default,Default,Default,Default,Default,Default,Default,Default,Default,Default,Default,Default,Default,Default,Default,Default,Default,Default,Default,Default,DefaultJob,Dimension=64&Quantisation=ProductQuantisation,1,Workload,Actual,8,502176501,2,251088250.5,42,0,0,88800104
VectorQuantisationBenchmarks.'Lucene.NET flat scan',Rowles.LeanCorpus.Benchmarks,VectorQuantisationBenchmarks,'Lucene.NET flat scan',DefaultJob,Default,Default,Default,Default,Default,Default,Default,Default,Default,Default,Default,Default,Default,Default,Default,Default,Default,Default,Default,Default,Default,Default,Default,Default,Default,Default,Default,Default,Default,Default,Default,Default,Default,Default,Default,Default,Default,Default,Default,Default,Default,DefaultJob,Dimension=64&Quantisation=ProductQuantisation,1,Workload,Actual,9,500833193,2,250416596.5,42,0,0,88800104
VectorQuantisationBenchmarks.'Lucene.NET flat scan',Rowles.LeanCorpus.Benchmarks,VectorQuantisationBenchmarks,'Lucene.NET flat scan',DefaultJob,Default,Default,Default,Default,Default,Default,Default,Default,Default,Default,Default,Default,Default,Default,Default,Default,Default,Default,Default,Default,Default,Default,Default,Default,Default,Default,Default,Default,Default,Default,Default,Default,Default,Default,Default,Default,Default,Default,Default,Default,Default,DefaultJob,Dimension=64&Quantisation=ProductQuantisation,1,Workload,Actual,10,500469286,2,250234643,42,0,0,88800104
VectorQuantisationBenchmarks.'Lucene.NET flat scan',Rowles.LeanCorpus.Benchmarks,VectorQuantisationBenchmarks,'Lucene.NET flat scan',DefaultJob,Default,Default,Default,Default,Default,Default,Default,Default,Default,Default,Default,Default,Default,Default,Default,Default,Default,Default,Default,Default,Default,Default,Default,Default,Default,Default,Default,Default,Default,Default,Default,Default,Default,Default,Default,Default,Default,Default,Default,Default,Default,DefaultJob,Dimension=64&Quantisation=ProductQuantisation,1,Workload,Actual,11,501724901,2,250862450.5,42,0,0,88800104
VectorQuantisationBenchmarks.'Lucene.NET flat scan',Rowles.LeanCorpus.Benchmarks,VectorQuantisationBenchmarks,'Lucene.NET flat scan',DefaultJob,Default,Default,Default,Default,Default,Default,Default,Default,Default,Default,Default,Default,Default,Default,Default,Default,Default,Default,Default,Default,Default,Default,Default,Default,Default,Default,Default,Default,Default,Default,Default,Default,Default,Default,Default,Default,Default,Default,Default,Default,Default,DefaultJob,Dimension=64&Quantisation=ProductQuantisation,1,Workload,Actual,12,504442361,2,252221180.5,42,0,0,88800104
VectorQuantisationBenchmarks.'Lucene.NET flat scan',Rowles.LeanCorpus.Benchmarks,VectorQuantisationBenchmarks,'Lucene.NET flat scan',DefaultJob,Default,Default,Default,Default,Default,Default,Default,Default,Default,Default,Default,Default,Default,Default,Default,Default,Default,Default,Default,Default,Default,Default,Default,Default,Default,Default,Default,Default,Default,Default,Default,Default,Default,Default,Default,Default,Default,Default,Default,Default,Default,DefaultJob,Dimension=64&Quantisation=ProductQuantisation,1,Workload,Actual,13,505214098,2,252607049,42,0,0,88800104
VectorQuantisationBenchmarks.'Lucene.NET flat scan',Rowles.LeanCorpus.Benchmarks,VectorQuantisationBenchmarks,'Lucene.NET flat scan',DefaultJob,Default,Default,Default,Default,Default,Default,Default,Default,Default,Default,Default,Default,Default,Default,Default,Default,Default,Default,Default,Default,Default,Default,Default,Default,Default,Default,Default,Default,Default,Default,Default,Default,Default,Default,Default,Default,Default,Default,Default,Default,Default,DefaultJob,Dimension=64&Quantisation=ProductQuantisation,1,Workload,Actual,14,497221977,2,248610988.5,42,0,0,88800104
VectorQuantisationBenchmarks.'Lucene.NET flat scan',Rowles.LeanCorpus.Benchmarks,VectorQuantisationBenchmarks,'Lucene.NET flat scan',DefaultJob,Default,Default,Default,Default,Default,Default,Default,Default,Default,Default,Default,Default,Default,Default,Default,Default,Default,Default,Default,Default,Default,Default,Default,Default,Default,Default,Default,Default,Default,Default,Default,Default,Default,Default,Default,Default,Default,Default,Default,Default,Default,DefaultJob,Dimension=64&Quantisation=ProductQuantisation,1,Workload,Actual,15,495381316,2,247690658,42,0,0,88800104
VectorQuantisationBenchmarks.'Lucene.NET flat scan',Rowles.LeanCorpus.Benchmarks,VectorQuantisationBenchmarks,'Lucene.NET flat scan',DefaultJob,Default,Default,Default,Default,Default,Default,Default,Default,Default,Default,Default,Default,Default,Default,Default,Default,Default,Default,Default,Default,Default,Default,Default,Default,Default,Default,Default,Default,Default,Default,Default,Default,Default,Default,Default,Default,Default,Default,Default,Default,Default,DefaultJob,Dimension=64&Quantisation=ProductQuantisation,1,Workload,Extra,1,495640407,2,247820203.5,42,0,0,88800104
VectorQuantisationBenchmarks.'Lucene.NET flat scan',Rowles.LeanCorpus.Benchmarks,VectorQuantisationBenchmarks,'Lucene.NET flat scan',DefaultJob,Default,Default,Default,Default,Default,Default,Default,Default,Default,Default,Default,Default,Default,Default,Default,Default,Default,Default,Default,Default,Default,Default,Default,Default,Default,Default,Default,Default,Default,Default,Default,Default,Default,Default,Default,Default,Default,Default,Default,Default,Default,DefaultJob,Dimension=64&Quantisation=ProductQuantisation,1,Workload,Result,1,502595363,2,251297681.5,42,0,0,88800104
VectorQuantisationBenchmarks.'Lucene.NET flat scan',Rowles.LeanCorpus.Benchmarks,VectorQuantisationBenchmarks,'Lucene.NET flat scan',DefaultJob,Default,Default,Default,Default,Default,Default,Default,Default,Default,Default,Default,Default,Default,Default,Default,Default,Default,Default,Default,Default,Default,Default,Default,Default,Default,Default,Default,Default,Default,Default,Default,Default,Default,Default,Default,Default,Default,Default,Default,Default,Default,DefaultJob,Dimension=64&Quantisation=ProductQuantisation,1,Workload,Result,2,505212510,2,252606255,42,0,0,88800104
VectorQuantisationBenchmarks.'Lucene.NET flat scan',Rowles.LeanCorpus.Benchmarks,VectorQuantisationBenchmarks,'Lucene.NET flat scan',DefaultJob,Default,Default,Default,Default,Default,Default,Default,Default,Default,Default,Default,Default,Default,Default,Default,Default,Default,Default,Default,Default,Default,Default,Default,Default,Default,Default,Default,Default,Default,Default,Default,Default,Default,Default,Default,Default,Default,Default,Default,Default,Default,DefaultJob,Dimension=64&Quantisation=ProductQuantisation,1,Workload,Result,3,500814079,2,250407039.5,42,0,0,88800104
VectorQuantisationBenchmarks.'Lucene.NET flat scan',Rowles.LeanCorpus.Benchmarks,VectorQuantisationBenchmarks,'Lucene.NET flat scan',DefaultJob,Default,Default,Default,Default,Default,Default,Default,Default,Default,Default,Default,Default,Default,Default,Default,Default,Default,Default,Default,Default,Default,Default,Default,Default,Default,Default,Default,Default,Default,Default,Default,Default,Default,Default,Default,Default,Default,Default,Default,Default,Default,DefaultJob,Dimension=64&Quantisation=ProductQuantisation,1,Workload,Result,4,502395604,2,251197802,42,0,0,88800104
VectorQuantisationBenchmarks.'Lucene.NET flat scan',Rowles.LeanCorpus.Benchmarks,VectorQuantisationBenchmarks,'Lucene.NET flat scan',DefaultJob,Default,Default,Default,Default,Default,Default,Default,Default,Default,Default,Default,Default,Default,Default,Default,Default,Default,Default,Default,Default,Default,Default,Default,Default,Default,Default,Default,Default,Default,Default,Default,Default,Default,Default,Default,Default,Default,Default,Default,Default,Default,DefaultJob,Dimension=64&Quantisation=ProductQuantisation,1,Workload,Result,5,501279178,2,250639589,42,0,0,88800104
VectorQuantisationBenchmarks.'Lucene.NET flat scan',Rowles.LeanCorpus.Benchmarks,VectorQuantisationBenchmarks,'Lucene.NET flat scan',DefaultJob,Default,Default,Default,Default,Default,Default,Default,Default,Default,Default,Default,Default,Default,Default,Default,Default,Default,Default,Default,Default,Default,Default,Default,Default,Default,Default,Default,Default,Default,Default,Default,Default,Default,Default,Default,Default,Default,Default,Default,Default,Default,DefaultJob,Dimension=64&Quantisation=ProductQuantisation,1,Workload,Result,6,502081351,2,251040675.5,42,0,0,88800104
VectorQuantisationBenchmarks.'Lucene.NET flat scan',Rowles.LeanCorpus.Benchmarks,VectorQuantisationBenchmarks,'Lucene.NET flat scan',DefaultJob,Default,Default,Default,Default,Default,Default,Default,Default,Default,Default,Default,Default,Default,Default,Default,Default,Default,Default,Default,Default,Default,Default,Default,Default,Default,Default,Default,Default,Default,Default,Default,Default,Default,Default,Default,Default,Default,Default,Default,Default,Default,DefaultJob,Dimension=64&Quantisation=ProductQuantisation,1,Workload,Result,7,502176501,2,251088250.5,42,0,0,88800104
VectorQuantisationBenchmarks.'Lucene.NET flat scan',Rowles.LeanCorpus.Benchmarks,VectorQuantisationBenchmarks,'Lucene.NET flat scan',DefaultJob,Default,Default,Default,Default,Default,Default,Default,Default,Default,Default,Default,Default,Default,Default,Default,Default,Default,Default,Default,Default,Default,Default,Default,Default,Default,Default,Default,Default,Default,Default,Default,Default,Default,Default,Default,Default,Default,Default,Default,Default,Default,DefaultJob,Dimension=64&Quantisation=ProductQuantisation,1,Workload,Result,8,500833193,2,250416596.5,42,0,0,88800104
VectorQuantisationBenchmarks.'Lucene.NET flat scan',Rowles.LeanCorpus.Benchmarks,VectorQuantisationBenchmarks,'Lucene.NET flat scan',DefaultJob,Default,Default,Default,Default,Default,Default,Default,Default,Default,Default,Default,Default,Default,Default,Default,Default,Default,Default,Default,Default,Default,Default,Default,Default,Default,Default,Default,Default,Default,Default,Default,Default,Default,Default,Default,Default,Default,Default,Default,Default,Default,DefaultJob,Dimension=64&Quantisation=ProductQuantisation,1,Workload,Result,9,500469286,2,250234643,42,0,0,88800104
VectorQuantisationBenchmarks.'Lucene.NET flat scan',Rowles.LeanCorpus.Benchmarks,VectorQuantisationBenchmarks,'Lucene.NET flat scan',DefaultJob,Default,Default,Default,Default,Default,Default,Default,Default,Default,Default,Default,Default,Default,Default,Default,Default,Default,Default,Default,Default,Default,Default,Default,Default,Default,Default,Default,Default,Default,Default,Default,Default,Default,Default,Default,Default,Default,Default,Default,Default,Default,DefaultJob,Dimension=64&Quantisation=ProductQuantisation,1,Workload,Result,10,501724901,2,250862450.5,42,0,0,88800104
VectorQuantisationBenchmarks.'Lucene.NET flat scan',Rowles.LeanCorpus.Benchmarks,VectorQuantisationBenchmarks,'Lucene.NET flat scan',DefaultJob,Default,Default,Default,Default,Default,Default,Default,Default,Default,Default,Default,Default,Default,Default,Default,Default,Default,Default,Default,Default,Default,Default,Default,Default,Default,Default,Default,Default,Default,Default,Default,Default,Default,Default,Default,Default,Default,Default,Default,Default,Default,DefaultJob,Dimension=64&Quantisation=ProductQuantisation,1,Workload,Result,11,504442361,2,252221180.5,42,0,0,88800104
VectorQuantisationBenchmarks.'Lucene.NET flat scan',Rowles.LeanCorpus.Benchmarks,VectorQuantisationBenchmarks,'Lucene.NET flat scan',DefaultJob,Default,Default,Default,Default,Default,Default,Default,Default,Default,Default,Default,Default,Default,Default,Default,Default,Default,Default,Default,Default,Default,Default,Default,Default,Default,Default,Default,Default,Default,Default,Default,Default,Default,Default,Default,Default,Default,Default,Default,Default,Default,DefaultJob,Dimension=64&Quantisation=ProductQuantisation,1,Workload,Result,12,505214098,2,252607049,42,0,0,88800104
VectorQuantisationBenchmarks.'Lucene.NET flat scan',Rowles.LeanCorpus.Benchmarks,VectorQuantisationBenchmarks,'Lucene.NET flat scan',DefaultJob,Default,Default,Default,Default,Default,Default,Default,Default,Default,Default,Default,Default,Default,Default,Default,Default,Default,Default,Default,Default,Default,Default,Default,Default,Default,Default,Default,Default,Default,Default,Default,Default,Default,Default,Default,Default,Default,Default,Default,Default,Default,DefaultJob,Dimension=64&Quantisation=ProductQuantisation,1,Workload,Result,13,497221977,2,248610988.5,42,0,0,88800104
VectorQuantisationBenchmarks.'Lucene.NET flat scan',Rowles.LeanCorpus.Benchmarks,VectorQuantisationBenchmarks,'Lucene.NET flat scan',DefaultJob,Default,Default,Default,Default,Default,Default,Default,Default,Default,Default,Default,Default,Default,Default,Default,Default,Default,Default,Default,Default,Default,Default,Default,Default,Default,Default,Default,Default,Default,Default,Default,Default,Default,Default,Default,Default,Default,Default,Default,Default,Default,DefaultJob,Dimension=64&Quantisation=ProductQuantisation,1,Workload,Result,14,495381316,2,247690658,42,0,0,88800104
VectorQuantisationBenchmarks.'HNSW search',Rowles.LeanCorpus.Benchmarks,VectorQuantisationBenchmarks,'HNSW search',DefaultJob,Default,Default,Default,Default,Default,Default,Default,Default,Default,Default,Default,Default,Default,Default,Default,Default,Default,Default,Default,Default,Default,Default,Default,Default,Default,Default,Default,Default,Default,Default,Default,Default,Default,Default,Default,Default,Default,Default,Default,Default,Default,DefaultJob,Dimension=128&Quantisation=None,1,Workload,Jitting,1,5620864,1,5620864,1,0,0,47084
VectorQuantisationBenchmarks.'HNSW search',Rowles.LeanCorpus.Benchmarks,VectorQuantisationBenchmarks,'HNSW search',DefaultJob,Default,Default,Default,Default,Default,Default,Default,Default,Default,Default,Default,Default,Default,Default,Default,Default,Default,Default,Default,Default,Default,Default,Default,Default,Default,Default,Default,Default,Default,Default,Default,Default,Default,Default,Default,Default,Default,Default,Default,Default,Default,DefaultJob,Dimension=128&Quantisation=None,1,Workload,Jitting,2,132858280,30,4428609.33,1,0,0,47084
VectorQuantisationBenchmarks.'HNSW search',Rowles.LeanCorpus.Benchmarks,VectorQuantisationBenchmarks,'HNSW search',DefaultJob,Default,Default,Default,Default,Default,Default,Default,Default,Default,Default,Default,Default,Default,Default,Default,Default,Default,Default,Default,Default,Default,Default,Default,Default,Default,Default,Default,Default,Default,Default,Default,Default,Default,Default,Default,Default,Default,Default,Default,Default,Default,DefaultJob,Dimension=128&Quantisation=None,1,Workload,Jitting,3,131514427,30,4383814.23,1,0,0,47084
VectorQuantisationBenchmarks.'HNSW search',Rowles.LeanCorpus.Benchmarks,VectorQuantisationBenchmarks,'HNSW search',DefaultJob,Default,Default,Default,Default,Default,Default,Default,Default,Default,Default,Default,Default,Default,Default,Default,Default,Default,Default,Default,Default,Default,Default,Default,Default,Default,Default,Default,Default,Default,Default,Default,Default,Default,Default,Default,Default,Default,Default,Default,Default,Default,DefaultJob,Dimension=128&Quantisation=None,1,Workload,Jitting,4,126259602,30,4208653.4,1,0,0,47084
VectorQuantisationBenchmarks.'HNSW search',Rowles.LeanCorpus.Benchmarks,VectorQuantisationBenchmarks,'HNSW search',DefaultJob,Default,Default,Default,Default,Default,Default,Default,Default,Default,Default,Default,Default,Default,Default,Default,Default,Default,Default,Default,Default,Default,Default,Default,Default,Default,Default,Default,Default,Default,Default,Default,Default,Default,Default,Default,Default,Default,Default,Default,Default,Default,DefaultJob,Dimension=128&Quantisation=None,1,Workload,Jitting,5,5253917,1,5253917,1,0,0,47084
VectorQuantisationBenchmarks.'HNSW search',Rowles.LeanCorpus.Benchmarks,VectorQuantisationBenchmarks,'HNSW search',DefaultJob,Default,Default,Default,Default,Default,Default,Default,Default,Default,Default,Default,Default,Default,Default,Default,Default,Default,Default,Default,Default,Default,Default,Default,Default,Default,Default,Default,Default,Default,Default,Default,Default,Default,Default,Default,Default,Default,Default,Default,Default,Default,DefaultJob,Dimension=128&Quantisation=None,1,Workload,Pilot,1,5542450,1,5542450,1,0,0,47084
VectorQuantisationBenchmarks.'HNSW search',Rowles.LeanCorpus.Benchmarks,VectorQuantisationBenchmarks,'HNSW search',DefaultJob,Default,Default,Default,Default,Default,Default,Default,Default,Default,Default,Default,Default,Default,Default,Default,Default,Default,Default,Default,Default,Default,Default,Default,Default,Default,Default,Default,Default,Default,Default,Default,Default,Default,Default,Default,Default,Default,Default,Default,Default,Default,DefaultJob,Dimension=128&Quantisation=None,1,Workload,Pilot,1,69686180,16,4355386.25,1,0,0,47084
VectorQuantisationBenchmarks.'HNSW search',Rowles.LeanCorpus.Benchmarks,VectorQuantisationBenchmarks,'HNSW search',DefaultJob,Default,Default,Default,Default,Default,Default,Default,Default,Default,Default,Default,Default,Default,Default,Default,Default,Default,Default,Default,Default,Default,Default,Default,Default,Default,Default,Default,Default,Default,Default,Default,Default,Default,Default,Default,Default,Default,Default,Default,Default,Default,DefaultJob,Dimension=128&Quantisation=None,1,Workload,Pilot,2,135197190,32,4224912.19,1,0,0,47084
VectorQuantisationBenchmarks.'HNSW search',Rowles.LeanCorpus.Benchmarks,VectorQuantisationBenchmarks,'HNSW search',DefaultJob,Default,Default,Default,Default,Default,Default,Default,Default,Default,Default,Default,Default,Default,Default,Default,Default,Default,Default,Default,Default,Default,Default,Default,Default,Default,Default,Default,Default,Default,Default,Default,Default,Default,Default,Default,Default,Default,Default,Default,Default,Default,DefaultJob,Dimension=128&Quantisation=None,1,Workload,Pilot,3,267155402,64,4174303.16,1,0,0,47084
VectorQuantisationBenchmarks.'HNSW search',Rowles.LeanCorpus.Benchmarks,VectorQuantisationBenchmarks,'HNSW search',DefaultJob,Default,Default,Default,Default,Default,Default,Default,Default,Default,Default,Default,Default,Default,Default,Default,Default,Default,Default,Default,Default,Default,Default,Default,Default,Default,Default,Default,Default,Default,Default,Default,Default,Default,Default,Default,Default,Default,Default,Default,Default,Default,DefaultJob,Dimension=128&Quantisation=None,1,Workload,Pilot,4,528471783,128,4128685.8,1,0,0,47084
VectorQuantisationBenchmarks.'HNSW search',Rowles.LeanCorpus.Benchmarks,VectorQuantisationBenchmarks,'HNSW search',DefaultJob,Default,Default,Default,Default,Default,Default,Default,Default,Default,Default,Default,Default,Default,Default,Default,Default,Default,Default,Default,Default,Default,Default,Default,Default,Default,Default,Default,Default,Default,Default,Default,Default,Default,Default,Default,Default,Default,Default,Default,Default,Default,DefaultJob,Dimension=128&Quantisation=None,1,Workload,Warmup,1,526363976,128,4112218.56,1,0,0,47084
VectorQuantisationBenchmarks.'HNSW search',Rowles.LeanCorpus.Benchmarks,VectorQuantisationBenchmarks,'HNSW search',DefaultJob,Default,Default,Default,Default,Default,Default,Default,Default,Default,Default,Default,Default,Default,Default,Default,Default,Default,Default,Default,Default,Default,Default,Default,Default,Default,Default,Default,Default,Default,Default,Default,Default,Default,Default,Default,Default,Default,Default,Default,Default,Default,DefaultJob,Dimension=128&Quantisation=None,1,Workload,Warmup,2,519310561,128,4057113.76,1,0,0,47084
VectorQuantisationBenchmarks.'HNSW search',Rowles.LeanCorpus.Benchmarks,VectorQuantisationBenchmarks,'HNSW search',DefaultJob,Default,Default,Default,Default,Default,Default,Default,Default,Default,Default,Default,Default,Default,Default,Default,Default,Default,Default,Default,Default,Default,Default,Default,Default,Default,Default,Default,Default,Default,Default,Default,Default,Default,Default,Default,Default,Default,Default,Default,Default,Default,DefaultJob,Dimension=128&Quantisation=None,1,Workload,Warmup,3,530283007,128,4142835.99,1,0,0,47084
VectorQuantisationBenchmarks.'HNSW search',Rowles.LeanCorpus.Benchmarks,VectorQuantisationBenchmarks,'HNSW search',DefaultJob,Default,Default,Default,Default,Default,Default,Default,Default,Default,Default,Default,Default,Default,Default,Default,Default,Default,Default,Default,Default,Default,Default,Default,Default,Default,Default,Default,Default,Default,Default,Default,Default,Default,Default,Default,Default,Default,Default,Default,Default,Default,DefaultJob,Dimension=128&Quantisation=None,1,Workload,Warmup,4,522368502,128,4081003.92,1,0,0,47084
VectorQuantisationBenchmarks.'HNSW search',Rowles.LeanCorpus.Benchmarks,VectorQuantisationBenchmarks,'HNSW search',DefaultJob,Default,Default,Default,Default,Default,Default,Default,Default,Default,Default,Default,Default,Default,Default,Default,Default,Default,Default,Default,Default,Default,Default,Default,Default,Default,Default,Default,Default,Default,Default,Default,Default,Default,Default,Default,Default,Default,Default,Default,Default,Default,DefaultJob,Dimension=128&Quantisation=None,1,Workload,Warmup,5,523648958,128,4091007.48,1,0,0,47084
VectorQuantisationBenchmarks.'HNSW search',Rowles.LeanCorpus.Benchmarks,VectorQuantisationBenchmarks,'HNSW search',DefaultJob,Default,Default,Default,Default,Default,Default,Default,Default,Default,Default,Default,Default,Default,Default,Default,Default,Default,Default,Default,Default,Default,Default,Default,Default,Default,Default,Default,Default,Default,Default,Default,Default,Default,Default,Default,Default,Default,Default,Default,Default,Default,DefaultJob,Dimension=128&Quantisation=None,1,Workload,Warmup,6,525868892,128,4108350.72,1,0,0,47084
VectorQuantisationBenchmarks.'HNSW search',Rowles.LeanCorpus.Benchmarks,VectorQuantisationBenchmarks,'HNSW search',DefaultJob,Default,Default,Default,Default,Default,Default,Default,Default,Default,Default,Default,Default,Default,Default,Default,Default,Default,Default,Default,Default,Default,Default,Default,Default,Default,Default,Default,Default,Default,Default,Default,Default,Default,Default,Default,Default,Default,Default,Default,Default,Default,DefaultJob,Dimension=128&Quantisation=None,1,Workload,Warmup,7,522278155,128,4080298.09,1,0,0,47084
VectorQuantisationBenchmarks.'HNSW search',Rowles.LeanCorpus.Benchmarks,VectorQuantisationBenchmarks,'HNSW search',DefaultJob,Default,Default,Default,Default,Default,Default,Default,Default,Default,Default,Default,Default,Default,Default,Default,Default,Default,Default,Default,Default,Default,Default,Default,Default,Default,Default,Default,Default,Default,Default,Default,Default,Default,Default,Default,Default,Default,Default,Default,Default,Default,DefaultJob,Dimension=128&Quantisation=None,1,Workload,Actual,1,524931004,128,4101023.47,1,0,0,47084
VectorQuantisationBenchmarks.'HNSW search',Rowles.LeanCorpus.Benchmarks,VectorQuantisationBenchmarks,'HNSW search',DefaultJob,Default,Default,Default,Default,Default,Default,Default,Default,Default,Default,Default,Default,Default,Default,Default,Default,Default,Default,Default,Default,Default,Default,Default,Default,Default,Default,Default,Default,Default,Default,Default,Default,Default,Default,Default,Default,Default,Default,Default,Default,Default,DefaultJob,Dimension=128&Quantisation=None,1,Workload,Actual,2,517295169,128,4041368.51,1,0,0,47084
VectorQuantisationBenchmarks.'HNSW search',Rowles.LeanCorpus.Benchmarks,VectorQuantisationBenchmarks,'HNSW search',DefaultJob,Default,Default,Default,Default,Default,Default,Default,Default,Default,Default,Default,Default,Default,Default,Default,Default,Default,Default,Default,Default,Default,Default,Default,Default,Default,Default,Default,Default,Default,Default,Default,Default,Default,Default,Default,Default,Default,Default,Default,Default,Default,DefaultJob,Dimension=128&Quantisation=None,1,Workload,Actual,3,524067214,128,4094275.11,1,0,0,47084
VectorQuantisationBenchmarks.'HNSW search',Rowles.LeanCorpus.Benchmarks,VectorQuantisationBenchmarks,'HNSW search',DefaultJob,Default,Default,Default,Default,Default,Default,Default,Default,Default,Default,Default,Default,Default,Default,Default,Default,Default,Default,Default,Default,Default,Default,Default,Default,Default,Default,Default,Default,Default,Default,Default,Default,Default,Default,Default,Default,Default,Default,Default,Default,Default,DefaultJob,Dimension=128&Quantisation=None,1,Workload,Actual,4,521021153,128,4070477.76,1,0,0,47084
VectorQuantisationBenchmarks.'HNSW search',Rowles.LeanCorpus.Benchmarks,VectorQuantisationBenchmarks,'HNSW search',DefaultJob,Default,Default,Default,Default,Default,Default,Default,Default,Default,Default,Default,Default,Default,Default,Default,Default,Default,Default,Default,Default,Default,Default,Default,Default,Default,Default,Default,Default,Default,Default,Default,Default,Default,Default,Default,Default,Default,Default,Default,Default,Default,DefaultJob,Dimension=128&Quantisation=None,1,Workload,Actual,5,521966408,128,4077862.56,1,0,0,47084
VectorQuantisationBenchmarks.'HNSW search',Rowles.LeanCorpus.Benchmarks,VectorQuantisationBenchmarks,'HNSW search',DefaultJob,Default,Default,Default,Default,Default,Default,Default,Default,Default,Default,Default,Default,Default,Default,Default,Default,Default,Default,Default,Default,Default,Default,Default,Default,Default,Default,Default,Default,Default,Default,Default,Default,Default,Default,Default,Default,Default,Default,Default,Default,Default,DefaultJob,Dimension=128&Quantisation=None,1,Workload,Actual,6,521858622,128,4077020.48,1,0,0,47084
VectorQuantisationBenchmarks.'HNSW search',Rowles.LeanCorpus.Benchmarks,VectorQuantisationBenchmarks,'HNSW search',DefaultJob,Default,Default,Default,Default,Default,Default,Default,Default,Default,Default,Default,Default,Default,Default,Default,Default,Default,Default,Default,Default,Default,Default,Default,Default,Default,Default,Default,Default,Default,Default,Default,Default,Default,Default,Default,Default,Default,Default,Default,Default,Default,DefaultJob,Dimension=128&Quantisation=None,1,Workload,Actual,7,521835811,128,4076842.27,1,0,0,47084
VectorQuantisationBenchmarks.'HNSW search',Rowles.LeanCorpus.Benchmarks,VectorQuantisationBenchmarks,'HNSW search',DefaultJob,Default,Default,Default,Default,Default,Default,Default,Default,Default,Default,Default,Default,Default,Default,Default,Default,Default,Default,Default,Default,Default,Default,Default,Default,Default,Default,Default,Default,Default,Default,Default,Default,Default,Default,Default,Default,Default,Default,Default,Default,Default,DefaultJob,Dimension=128&Quantisation=None,1,Workload,Actual,8,518502842,128,4050803.45,1,0,0,47084
VectorQuantisationBenchmarks.'HNSW search',Rowles.LeanCorpus.Benchmarks,VectorQuantisationBenchmarks,'HNSW search',DefaultJob,Default,Default,Default,Default,Default,Default,Default,Default,Default,Default,Default,Default,Default,Default,Default,Default,Default,Default,Default,Default,Default,Default,Default,Default,Default,Default,Default,Default,Default,Default,Default,Default,Default,Default,Default,Default,Default,Default,Default,Default,Default,DefaultJob,Dimension=128&Quantisation=None,1,Workload,Actual,9,529498658,128,4136708.27,1,0,0,47084
VectorQuantisationBenchmarks.'HNSW search',Rowles.LeanCorpus.Benchmarks,VectorQuantisationBenchmarks,'HNSW search',DefaultJob,Default,Default,Default,Default,Default,Default,Default,Default,Default,Default,Default,Default,Default,Default,Default,Default,Default,Default,Default,Default,Default,Default,Default,Default,Default,Default,Default,Default,Default,Default,Default,Default,Default,Default,Default,Default,Default,Default,Default,Default,Default,DefaultJob,Dimension=128&Quantisation=None,1,Workload,Actual,10,524473220,128,4097447.03,1,0,0,47084
VectorQuantisationBenchmarks.'HNSW search',Rowles.LeanCorpus.Benchmarks,VectorQuantisationBenchmarks,'HNSW search',DefaultJob,Default,Default,Default,Default,Default,Default,Default,Default,Default,Default,Default,Default,Default,Default,Default,Default,Default,Default,Default,Default,Default,Default,Default,Default,Default,Default,Default,Default,Default,Default,Default,Default,Default,Default,Default,Default,Default,Default,Default,Default,Default,DefaultJob,Dimension=128&Quantisation=None,1,Workload,Actual,11,524468665,128,4097411.45,1,0,0,47084
VectorQuantisationBenchmarks.'HNSW search',Rowles.LeanCorpus.Benchmarks,VectorQuantisationBenchmarks,'HNSW search',DefaultJob,Default,Default,Default,Default,Default,Default,Default,Default,Default,Default,Default,Default,Default,Default,Default,Default,Default,Default,Default,Default,Default,Default,Default,Default,Default,Default,Default,Default,Default,Default,Default,Default,Default,Default,Default,Default,Default,Default,Default,Default,Default,DefaultJob,Dimension=128&Quantisation=None,1,Workload,Actual,12,527775697,128,4123247.63,1,0,0,47084
VectorQuantisationBenchmarks.'HNSW search',Rowles.LeanCorpus.Benchmarks,VectorQuantisationBenchmarks,'HNSW search',DefaultJob,Default,Default,Default,Default,Default,Default,Default,Default,Default,Default,Default,Default,Default,Default,Default,Default,Default,Default,Default,Default,Default,Default,Default,Default,Default,Default,Default,Default,Default,Default,Default,Default,Default,Default,Default,Default,Default,Default,Default,Default,Default,DefaultJob,Dimension=128&Quantisation=None,1,Workload,Actual,13,529455987,128,4136374.9,1,0,0,47084
VectorQuantisationBenchmarks.'HNSW search',Rowles.LeanCorpus.Benchmarks,VectorQuantisationBenchmarks,'HNSW search',DefaultJob,Default,Default,Default,Default,Default,Default,Default,Default,Default,Default,Default,Default,Default,Default,Default,Default,Default,Default,Default,Default,Default,Default,Default,Default,Default,Default,Default,Default,Default,Default,Default,Default,Default,Default,Default,Default,Default,Default,Default,Default,Default,DefaultJob,Dimension=128&Quantisation=None,1,Workload,Actual,14,523644427,128,4090972.09,1,0,0,47084
VectorQuantisationBenchmarks.'HNSW search',Rowles.LeanCorpus.Benchmarks,VectorQuantisationBenchmarks,'HNSW search',DefaultJob,Default,Default,Default,Default,Default,Default,Default,Default,Default,Default,Default,Default,Default,Default,Default,Default,Default,Default,Default,Default,Default,Default,Default,Default,Default,Default,Default,Default,Default,Default,Default,Default,Default,Default,Default,Default,Default,Default,Default,Default,Default,DefaultJob,Dimension=128&Quantisation=None,1,Workload,Actual,15,532260741,128,4158287.04,1,0,0,47084
VectorQuantisationBenchmarks.'HNSW search',Rowles.LeanCorpus.Benchmarks,VectorQuantisationBenchmarks,'HNSW search',DefaultJob,Default,Default,Default,Default,Default,Default,Default,Default,Default,Default,Default,Default,Default,Default,Default,Default,Default,Default,Default,Default,Default,Default,Default,Default,Default,Default,Default,Default,Default,Default,Default,Default,Default,Default,Default,Default,Default,Default,Default,Default,Default,DefaultJob,Dimension=128&Quantisation=None,1,Workload,Extra,1,526482424,128,4113143.94,1,0,0,47084
VectorQuantisationBenchmarks.'HNSW search',Rowles.LeanCorpus.Benchmarks,VectorQuantisationBenchmarks,'HNSW search',DefaultJob,Default,Default,Default,Default,Default,Default,Default,Default,Default,Default,Default,Default,Default,Default,Default,Default,Default,Default,Default,Default,Default,Default,Default,Default,Default,Default,Default,Default,Default,Default,Default,Default,Default,Default,Default,Default,Default,Default,Default,Default,Default,DefaultJob,Dimension=128&Quantisation=None,1,Workload,Result,1,524931004,128,4101023.47,1,0,0,47084
VectorQuantisationBenchmarks.'HNSW search',Rowles.LeanCorpus.Benchmarks,VectorQuantisationBenchmarks,'HNSW search',DefaultJob,Default,Default,Default,Default,Default,Default,Default,Default,Default,Default,Default,Default,Default,Default,Default,Default,Default,Default,Default,Default,Default,Default,Default,Default,Default,Default,Default,Default,Default,Default,Default,Default,Default,Default,Default,Default,Default,Default,Default,Default,Default,DefaultJob,Dimension=128&Quantisation=None,1,Workload,Result,2,517295169,128,4041368.51,1,0,0,47084
VectorQuantisationBenchmarks.'HNSW search',Rowles.LeanCorpus.Benchmarks,VectorQuantisationBenchmarks,'HNSW search',DefaultJob,Default,Default,Default,Default,Default,Default,Default,Default,Default,Default,Default,Default,Default,Default,Default,Default,Default,Default,Default,Default,Default,Default,Default,Default,Default,Default,Default,Default,Default,Default,Default,Default,Default,Default,Default,Default,Default,Default,Default,Default,Default,DefaultJob,Dimension=128&Quantisation=None,1,Workload,Result,3,524067214,128,4094275.11,1,0,0,47084
VectorQuantisationBenchmarks.'HNSW search',Rowles.LeanCorpus.Benchmarks,VectorQuantisationBenchmarks,'HNSW search',DefaultJob,Default,Default,Default,Default,Default,Default,Default,Default,Default,Default,Default,Default,Default,Default,Default,Default,Default,Default,Default,Default,Default,Default,Default,Default,Default,Default,Default,Default,Default,Default,Default,Default,Default,Default,Default,Default,Default,Default,Default,Default,Default,DefaultJob,Dimension=128&Quantisation=None,1,Workload,Result,4,521021153,128,4070477.76,1,0,0,47084
VectorQuantisationBenchmarks.'HNSW search',Rowles.LeanCorpus.Benchmarks,VectorQuantisationBenchmarks,'HNSW search',DefaultJob,Default,Default,Default,Default,Default,Default,Default,Default,Default,Default,Default,Default,Default,Default,Default,Default,Default,Default,Default,Default,Default,Default,Default,Default,Default,Default,Default,Default,Default,Default,Default,Default,Default,Default,Default,Default,Default,Default,Default,Default,Default,DefaultJob,Dimension=128&Quantisation=None,1,Workload,Result,5,521966408,128,4077862.56,1,0,0,47084
VectorQuantisationBenchmarks.'HNSW search',Rowles.LeanCorpus.Benchmarks,VectorQuantisationBenchmarks,'HNSW search',DefaultJob,Default,Default,Default,Default,Default,Default,Default,Default,Default,Default,Default,Default,Default,Default,Default,Default,Default,Default,Default,Default,Default,Default,Default,Default,Default,Default,Default,Default,Default,Default,Default,Default,Default,Default,Default,Default,Default,Default,Default,Default,Default,DefaultJob,Dimension=128&Quantisation=None,1,Workload,Result,6,521858622,128,4077020.48,1,0,0,47084
VectorQuantisationBenchmarks.'HNSW search',Rowles.LeanCorpus.Benchmarks,VectorQuantisationBenchmarks,'HNSW search',DefaultJob,Default,Default,Default,Default,Default,Default,Default,Default,Default,Default,Default,Default,Default,Default,Default,Default,Default,Default,Default,Default,Default,Default,Default,Default,Default,Default,Default,Default,Default,Default,Default,Default,Default,Default,Default,Default,Default,Default,Default,Default,Default,DefaultJob,Dimension=128&Quantisation=None,1,Workload,Result,7,521835811,128,4076842.27,1,0,0,47084
VectorQuantisationBenchmarks.'HNSW search',Rowles.LeanCorpus.Benchmarks,VectorQuantisationBenchmarks,'HNSW search',DefaultJob,Default,Default,Default,Default,Default,Default,Default,Default,Default,Default,Default,Default,Default,Default,Default,Default,Default,Default,Default,Default,Default,Default,Default,Default,Default,Default,Default,Default,Default,Default,Default,Default,Default,Default,Default,Default,Default,Default,Default,Default,Default,DefaultJob,Dimension=128&Quantisation=None,1,Workload,Result,8,518502842,128,4050803.45,1,0,0,47084
VectorQuantisationBenchmarks.'HNSW search',Rowles.LeanCorpus.Benchmarks,VectorQuantisationBenchmarks,'HNSW search',DefaultJob,Default,Default,Default,Default,Default,Default,Default,Default,Default,Default,Default,Default,Default,Default,Default,Default,Default,Default,Default,Default,Default,Default,Default,Default,Default,Default,Default,Default,Default,Default,Default,Default,Default,Default,Default,Default,Default,Default,Default,Default,Default,DefaultJob,Dimension=128&Quantisation=None,1,Workload,Result,9,529498658,128,4136708.27,1,0,0,47084
VectorQuantisationBenchmarks.'HNSW search',Rowles.LeanCorpus.Benchmarks,VectorQuantisationBenchmarks,'HNSW search',DefaultJob,Default,Default,Default,Default,Default,Default,Default,Default,Default,Default,Default,Default,Default,Default,Default,Default,Default,Default,Default,Default,Default,Default,Default,Default,Default,Default,Default,Default,Default,Default,Default,Default,Default,Default,Default,Default,Default,Default,Default,Default,Default,DefaultJob,Dimension=128&Quantisation=None,1,Workload,Result,10,524473220,128,4097447.03,1,0,0,47084
VectorQuantisationBenchmarks.'HNSW search',Rowles.LeanCorpus.Benchmarks,VectorQuantisationBenchmarks,'HNSW search',DefaultJob,Default,Default,Default,Default,Default,Default,Default,Default,Default,Default,Default,Default,Default,Default,Default,Default,Default,Default,Default,Default,Default,Default,Default,Default,Default,Default,Default,Default,Default,Default,Default,Default,Default,Default,Default,Default,Default,Default,Default,Default,Default,DefaultJob,Dimension=128&Quantisation=None,1,Workload,Result,11,524468665,128,4097411.45,1,0,0,47084
VectorQuantisationBenchmarks.'HNSW search',Rowles.LeanCorpus.Benchmarks,VectorQuantisationBenchmarks,'HNSW search',DefaultJob,Default,Default,Default,Default,Default,Default,Default,Default,Default,Default,Default,Default,Default,Default,Default,Default,Default,Default,Default,Default,Default,Default,Default,Default,Default,Default,Default,Default,Default,Default,Default,Default,Default,Default,Default,Default,Default,Default,Default,Default,Default,DefaultJob,Dimension=128&Quantisation=None,1,Workload,Result,12,527775697,128,4123247.63,1,0,0,47084
VectorQuantisationBenchmarks.'HNSW search',Rowles.LeanCorpus.Benchmarks,VectorQuantisationBenchmarks,'HNSW search',DefaultJob,Default,Default,Default,Default,Default,Default,Default,Default,Default,Default,Default,Default,Default,Default,Default,Default,Default,Default,Default,Default,Default,Default,Default,Default,Default,Default,Default,Default,Default,Default,Default,Default,Default,Default,Default,Default,Default,Default,Default,Default,Default,DefaultJob,Dimension=128&Quantisation=None,1,Workload,Result,13,529455987,128,4136374.9,1,0,0,47084
VectorQuantisationBenchmarks.'HNSW search',Rowles.LeanCorpus.Benchmarks,VectorQuantisationBenchmarks,'HNSW search',DefaultJob,Default,Default,Default,Default,Default,Default,Default,Default,Default,Default,Default,Default,Default,Default,Default,Default,Default,Default,Default,Default,Default,Default,Default,Default,Default,Default,Default,Default,Default,Default,Default,Default,Default,Default,Default,Default,Default,Default,Default,Default,Default,DefaultJob,Dimension=128&Quantisation=None,1,Workload,Result,14,523644427,128,4090972.09,1,0,0,47084
VectorQuantisationBenchmarks.'HNSW search',Rowles.LeanCorpus.Benchmarks,VectorQuantisationBenchmarks,'HNSW search',DefaultJob,Default,Default,Default,Default,Default,Default,Default,Default,Default,Default,Default,Default,Default,Default,Default,Default,Default,Default,Default,Default,Default,Default,Default,Default,Default,Default,Default,Default,Default,Default,Default,Default,Default,Default,Default,Default,Default,Default,Default,Default,Default,DefaultJob,Dimension=128&Quantisation=None,1,Workload,Result,15,532260741,128,4158287.04,1,0,0,47084
VectorQuantisationBenchmarks.'Lucene.NET flat scan',Rowles.LeanCorpus.Benchmarks,VectorQuantisationBenchmarks,'Lucene.NET flat scan',DefaultJob,Default,Default,Default,Default,Default,Default,Default,Default,Default,Default,Default,Default,Default,Default,Default,Default,Default,Default,Default,Default,Default,Default,Default,Default,Default,Default,Default,Default,Default,Default,Default,Default,Default,Default,Default,Default,Default,Default,Default,Default,Default,DefaultJob,Dimension=128&Quantisation=None,1,Workload,Jitting,1,318520187,1,318520187,100,0,0,140000104
VectorQuantisationBenchmarks.'Lucene.NET flat scan',Rowles.LeanCorpus.Benchmarks,VectorQuantisationBenchmarks,'Lucene.NET flat scan',DefaultJob,Default,Default,Default,Default,Default,Default,Default,Default,Default,Default,Default,Default,Default,Default,Default,Default,Default,Default,Default,Default,Default,Default,Default,Default,Default,Default,Default,Default,Default,Default,Default,Default,Default,Default,Default,Default,Default,Default,Default,Default,Default,DefaultJob,Dimension=128&Quantisation=None,1,Workload,Jitting,2,7654726873,30,255157562.43,100,0,0,140000104
VectorQuantisationBenchmarks.'Lucene.NET flat scan',Rowles.LeanCorpus.Benchmarks,VectorQuantisationBenchmarks,'Lucene.NET flat scan',DefaultJob,Default,Default,Default,Default,Default,Default,Default,Default,Default,Default,Default,Default,Default,Default,Default,Default,Default,Default,Default,Default,Default,Default,Default,Default,Default,Default,Default,Default,Default,Default,Default,Default,Default,Default,Default,Default,Default,Default,Default,Default,Default,DefaultJob,Dimension=128&Quantisation=None,1,Workload,Jitting,3,1995504136,8,249438017,100,0,0,140000104
VectorQuantisationBenchmarks.'Lucene.NET flat scan',Rowles.LeanCorpus.Benchmarks,VectorQuantisationBenchmarks,'Lucene.NET flat scan',DefaultJob,Default,Default,Default,Default,Default,Default,Default,Default,Default,Default,Default,Default,Default,Default,Default,Default,Default,Default,Default,Default,Default,Default,Default,Default,Default,Default,Default,Default,Default,Default,Default,Default,Default,Default,Default,Default,Default,Default,Default,Default,Default,DefaultJob,Dimension=128&Quantisation=None,1,Workload,Pilot,1,499710742,2,249855371,100,0,0,140000104
VectorQuantisationBenchmarks.'Lucene.NET flat scan',Rowles.LeanCorpus.Benchmarks,VectorQuantisationBenchmarks,'Lucene.NET flat scan',DefaultJob,Default,Default,Default,Default,Default,Default,Default,Default,Default,Default,Default,Default,Default,Default,Default,Default,Default,Default,Default,Default,Default,Default,Default,Default,Default,Default,Default,Default,Default,Default,Default,Default,Default,Default,Default,Default,Default,Default,Default,Default,Default,DefaultJob,Dimension=128&Quantisation=None,1,Workload,Pilot,2,746967877,3,248989292.33,100,0,0,140000104
VectorQuantisationBenchmarks.'Lucene.NET flat scan',Rowles.LeanCorpus.Benchmarks,VectorQuantisationBenchmarks,'Lucene.NET flat scan',DefaultJob,Default,Default,Default,Default,Default,Default,Default,Default,Default,Default,Default,Default,Default,Default,Default,Default,Default,Default,Default,Default,Default,Default,Default,Default,Default,Default,Default,Default,Default,Default,Default,Default,Default,Default,Default,Default,Default,Default,Default,Default,Default,DefaultJob,Dimension=128&Quantisation=None,1,Workload,Warmup,1,746970485,3,248990161.67,100,0,0,140000104
VectorQuantisationBenchmarks.'Lucene.NET flat scan',Rowles.LeanCorpus.Benchmarks,VectorQuantisationBenchmarks,'Lucene.NET flat scan',DefaultJob,Default,Default,Default,Default,Default,Default,Default,Default,Default,Default,Default,Default,Default,Default,Default,Default,Default,Default,Default,Default,Default,Default,Default,Default,Default,Default,Default,Default,Default,Default,Default,Default,Default,Default,Default,Default,Default,Default,Default,Default,Default,DefaultJob,Dimension=128&Quantisation=None,1,Workload,Warmup,2,738526126,3,246175375.33,100,0,0,140000104
VectorQuantisationBenchmarks.'Lucene.NET flat scan',Rowles.LeanCorpus.Benchmarks,VectorQuantisationBenchmarks,'Lucene.NET flat scan',DefaultJob,Default,Default,Default,Default,Default,Default,Default,Default,Default,Default,Default,Default,Default,Default,Default,Default,Default,Default,Default,Default,Default,Default,Default,Default,Default,Default,Default,Default,Default,Default,Default,Default,Default,Default,Default,Default,Default,Default,Default,Default,Default,DefaultJob,Dimension=128&Quantisation=None,1,Workload,Warmup,3,757612255,3,252537418.33,100,0,0,140000104
VectorQuantisationBenchmarks.'Lucene.NET flat scan',Rowles.LeanCorpus.Benchmarks,VectorQuantisationBenchmarks,'Lucene.NET flat scan',DefaultJob,Default,Default,Default,Default,Default,Default,Default,Default,Default,Default,Default,Default,Default,Default,Default,Default,Default,Default,Default,Default,Default,Default,Default,Default,Default,Default,Default,Default,Default,Default,Default,Default,Default,Default,Default,Default,Default,Default,Default,Default,Default,DefaultJob,Dimension=128&Quantisation=None,1,Workload,Warmup,4,734683987,3,244894662.33,100,0,0,140000104
VectorQuantisationBenchmarks.'Lucene.NET flat scan',Rowles.LeanCorpus.Benchmarks,VectorQuantisationBenchmarks,'Lucene.NET flat scan',DefaultJob,Default,Default,Default,Default,Default,Default,Default,Default,Default,Default,Default,Default,Default,Default,Default,Default,Default,Default,Default,Default,Default,Default,Default,Default,Default,Default,Default,Default,Default,Default,Default,Default,Default,Default,Default,Default,Default,Default,Default,Default,Default,DefaultJob,Dimension=128&Quantisation=None,1,Workload,Warmup,5,746191800,3,248730600,100,0,0,140000104
VectorQuantisationBenchmarks.'Lucene.NET flat scan',Rowles.LeanCorpus.Benchmarks,VectorQuantisationBenchmarks,'Lucene.NET flat scan',DefaultJob,Default,Default,Default,Default,Default,Default,Default,Default,Default,Default,Default,Default,Default,Default,Default,Default,Default,Default,Default,Default,Default,Default,Default,Default,Default,Default,Default,Default,Default,Default,Default,Default,Default,Default,Default,Default,Default,Default,Default,Default,Default,DefaultJob,Dimension=128&Quantisation=None,1,Workload,Warmup,6,744137540,3,248045846.67,100,0,0,140000104
VectorQuantisationBenchmarks.'Lucene.NET flat scan',Rowles.LeanCorpus.Benchmarks,VectorQuantisationBenchmarks,'Lucene.NET flat scan',DefaultJob,Default,Default,Default,Default,Default,Default,Default,Default,Default,Default,Default,Default,Default,Default,Default,Default,Default,Default,Default,Default,Default,Default,Default,Default,Default,Default,Default,Default,Default,Default,Default,Default,Default,Default,Default,Default,Default,Default,Default,Default,Default,DefaultJob,Dimension=128&Quantisation=None,1,Workload,Actual,1,727220172,3,242406724,100,0,0,140000104
VectorQuantisationBenchmarks.'Lucene.NET flat scan',Rowles.LeanCorpus.Benchmarks,VectorQuantisationBenchmarks,'Lucene.NET flat scan',DefaultJob,Default,Default,Default,Default,Default,Default,Default,Default,Default,Default,Default,Default,Default,Default,Default,Default,Default,Default,Default,Default,Default,Default,Default,Default,Default,Default,Default,Default,Default,Default,Default,Default,Default,Default,Default,Default,Default,Default,Default,Default,Default,DefaultJob,Dimension=128&Quantisation=None,1,Workload,Actual,2,732145910,3,244048636.67,100,0,0,140000104
VectorQuantisationBenchmarks.'Lucene.NET flat scan',Rowles.LeanCorpus.Benchmarks,VectorQuantisationBenchmarks,'Lucene.NET flat scan',DefaultJob,Default,Default,Default,Default,Default,Default,Default,Default,Default,Default,Default,Default,Default,Default,Default,Default,Default,Default,Default,Default,Default,Default,Default,Default,Default,Default,Default,Default,Default,Default,Default,Default,Default,Default,Default,Default,Default,Default,Default,Default,Default,DefaultJob,Dimension=128&Quantisation=None,1,Workload,Actual,3,736961610,3,245653870,100,0,0,140000104
VectorQuantisationBenchmarks.'Lucene.NET flat scan',Rowles.LeanCorpus.Benchmarks,VectorQuantisationBenchmarks,'Lucene.NET flat scan',DefaultJob,Default,Default,Default,Default,Default,Default,Default,Default,Default,Default,Default,Default,Default,Default,Default,Default,Default,Default,Default,Default,Default,Default,Default,Default,Default,Default,Default,Default,Default,Default,Default,Default,Default,Default,Default,Default,Default,Default,Default,Default,Default,DefaultJob,Dimension=128&Quantisation=None,1,Workload,Actual,4,732319066,3,244106355.33,100,0,0,140000104
VectorQuantisationBenchmarks.'Lucene.NET flat scan',Rowles.LeanCorpus.Benchmarks,VectorQuantisationBenchmarks,'Lucene.NET flat scan',DefaultJob,Default,Default,Default,Default,Default,Default,Default,Default,Default,Default,Default,Default,Default,Default,Default,Default,Default,Default,Default,Default,Default,Default,Default,Default,Default,Default,Default,Default,Default,Default,Default,Default,Default,Default,Default,Default,Default,Default,Default,Default,Default,DefaultJob,Dimension=128&Quantisation=None,1,Workload,Actual,5,735056822,3,245018940.67,100,0,0,140000104
VectorQuantisationBenchmarks.'Lucene.NET flat scan',Rowles.LeanCorpus.Benchmarks,VectorQuantisationBenchmarks,'Lucene.NET flat scan',DefaultJob,Default,Default,Default,Default,Default,Default,Default,Default,Default,Default,Default,Default,Default,Default,Default,Default,Default,Default,Default,Default,Default,Default,Default,Default,Default,Default,Default,Default,Default,Default,Default,Default,Default,Default,Default,Default,Default,Default,Default,Default,Default,DefaultJob,Dimension=128&Quantisation=None,1,Workload,Actual,6,734722221,3,244907407,100,0,0,140000104
VectorQuantisationBenchmarks.'Lucene.NET flat scan',Rowles.LeanCorpus.Benchmarks,VectorQuantisationBenchmarks,'Lucene.NET flat scan',DefaultJob,Default,Default,Default,Default,Default,Default,Default,Default,Default,Default,Default,Default,Default,Default,Default,Default,Default,Default,Default,Default,Default,Default,Default,Default,Default,Default,Default,Default,Default,Default,Default,Default,Default,Default,Default,Default,Default,Default,Default,Default,Default,DefaultJob,Dimension=128&Quantisation=None,1,Workload,Actual,7,734218070,3,244739356.67,100,0,0,140000104
VectorQuantisationBenchmarks.'Lucene.NET flat scan',Rowles.LeanCorpus.Benchmarks,VectorQuantisationBenchmarks,'Lucene.NET flat scan',DefaultJob,Default,Default,Default,Default,Default,Default,Default,Default,Default,Default,Default,Default,Default,Default,Default,Default,Default,Default,Default,Default,Default,Default,Default,Default,Default,Default,Default,Default,Default,Default,Default,Default,Default,Default,Default,Default,Default,Default,Default,Default,Default,DefaultJob,Dimension=128&Quantisation=None,1,Workload,Actual,8,736711587,3,245570529,100,0,0,140000104
VectorQuantisationBenchmarks.'Lucene.NET flat scan',Rowles.LeanCorpus.Benchmarks,VectorQuantisationBenchmarks,'Lucene.NET flat scan',DefaultJob,Default,Default,Default,Default,Default,Default,Default,Default,Default,Default,Default,Default,Default,Default,Default,Default,Default,Default,Default,Default,Default,Default,Default,Default,Default,Default,Default,Default,Default,Default,Default,Default,Default,Default,Default,Default,Default,Default,Default,Default,Default,DefaultJob,Dimension=128&Quantisation=None,1,Workload,Actual,9,732360850,3,244120283.33,100,0,0,140000104
VectorQuantisationBenchmarks.'Lucene.NET flat scan',Rowles.LeanCorpus.Benchmarks,VectorQuantisationBenchmarks,'Lucene.NET flat scan',DefaultJob,Default,Default,Default,Default,Default,Default,Default,Default,Default,Default,Default,Default,Default,Default,Default,Default,Default,Default,Default,Default,Default,Default,Default,Default,Default,Default,Default,Default,Default,Default,Default,Default,Default,Default,Default,Default,Default,Default,Default,Default,Default,DefaultJob,Dimension=128&Quantisation=None,1,Workload,Actual,10,725829393,3,241943131,100,0,0,140000104
VectorQuantisationBenchmarks.'Lucene.NET flat scan',Rowles.LeanCorpus.Benchmarks,VectorQuantisationBenchmarks,'Lucene.NET flat scan',DefaultJob,Default,Default,Default,Default,Default,Default,Default,Default,Default,Default,Default,Default,Default,Default,Default,Default,Default,Default,Default,Default,Default,Default,Default,Default,Default,Default,Default,Default,Default,Default,Default,Default,Default,Default,Default,Default,Default,Default,Default,Default,Default,DefaultJob,Dimension=128&Quantisation=None,1,Workload,Actual,11,738730662,3,246243554,100,0,0,140000104
VectorQuantisationBenchmarks.'Lucene.NET flat scan',Rowles.LeanCorpus.Benchmarks,VectorQuantisationBenchmarks,'Lucene.NET flat scan',DefaultJob,Default,Default,Default,Default,Default,Default,Default,Default,Default,Default,Default,Default,Default,Default,Default,Default,Default,Default,Default,Default,Default,Default,Default,Default,Default,Default,Default,Default,Default,Default,Default,Default,Default,Default,Default,Default,Default,Default,Default,Default,Default,DefaultJob,Dimension=128&Quantisation=None,1,Workload,Actual,12,731143029,3,243714343,100,0,0,140000104
VectorQuantisationBenchmarks.'Lucene.NET flat scan',Rowles.LeanCorpus.Benchmarks,VectorQuantisationBenchmarks,'Lucene.NET flat scan',DefaultJob,Default,Default,Default,Default,Default,Default,Default,Default,Default,Default,Default,Default,Default,Default,Default,Default,Default,Default,Default,Default,Default,Default,Default,Default,Default,Default,Default,Default,Default,Default,Default,Default,Default,Default,Default,Default,Default,Default,Default,Default,Default,DefaultJob,Dimension=128&Quantisation=None,1,Workload,Actual,13,728094183,3,242698061,100,0,0,140000104
VectorQuantisationBenchmarks.'Lucene.NET flat scan',Rowles.LeanCorpus.Benchmarks,VectorQuantisationBenchmarks,'Lucene.NET flat scan',DefaultJob,Default,Default,Default,Default,Default,Default,Default,Default,Default,Default,Default,Default,Default,Default,Default,Default,Default,Default,Default,Default,Default,Default,Default,Default,Default,Default,Default,Default,Default,Default,Default,Default,Default,Default,Default,Default,Default,Default,Default,Default,Default,DefaultJob,Dimension=128&Quantisation=None,1,Workload,Actual,14,732566947,3,244188982.33,100,0,0,140000104
VectorQuantisationBenchmarks.'Lucene.NET flat scan',Rowles.LeanCorpus.Benchmarks,VectorQuantisationBenchmarks,'Lucene.NET flat scan',DefaultJob,Default,Default,Default,Default,Default,Default,Default,Default,Default,Default,Default,Default,Default,Default,Default,Default,Default,Default,Default,Default,Default,Default,Default,Default,Default,Default,Default,Default,Default,Default,Default,Default,Default,Default,Default,Default,Default,Default,Default,Default,Default,DefaultJob,Dimension=128&Quantisation=None,1,Workload,Actual,15,736122219,3,245374073,100,0,0,140000104
VectorQuantisationBenchmarks.'Lucene.NET flat scan',Rowles.LeanCorpus.Benchmarks,VectorQuantisationBenchmarks,'Lucene.NET flat scan',DefaultJob,Default,Default,Default,Default,Default,Default,Default,Default,Default,Default,Default,Default,Default,Default,Default,Default,Default,Default,Default,Default,Default,Default,Default,Default,Default,Default,Default,Default,Default,Default,Default,Default,Default,Default,Default,Default,Default,Default,Default,Default,Default,DefaultJob,Dimension=128&Quantisation=None,1,Workload,Extra,1,739152477,3,246384159,100,0,0,140000104
VectorQuantisationBenchmarks.'Lucene.NET flat scan',Rowles.LeanCorpus.Benchmarks,VectorQuantisationBenchmarks,'Lucene.NET flat scan',DefaultJob,Default,Default,Default,Default,Default,Default,Default,Default,Default,Default,Default,Default,Default,Default,Default,Default,Default,Default,Default,Default,Default,Default,Default,Default,Default,Default,Default,Default,Default,Default,Default,Default,Default,Default,Default,Default,Default,Default,Default,Default,Default,DefaultJob,Dimension=128&Quantisation=None,1,Workload,Result,1,727220172,3,242406724,100,0,0,140000104
VectorQuantisationBenchmarks.'Lucene.NET flat scan',Rowles.LeanCorpus.Benchmarks,VectorQuantisationBenchmarks,'Lucene.NET flat scan',DefaultJob,Default,Default,Default,Default,Default,Default,Default,Default,Default,Default,Default,Default,Default,Default,Default,Default,Default,Default,Default,Default,Default,Default,Default,Default,Default,Default,Default,Default,Default,Default,Default,Default,Default,Default,Default,Default,Default,Default,Default,Default,Default,DefaultJob,Dimension=128&Quantisation=None,1,Workload,Result,2,732145910,3,244048636.67,100,0,0,140000104
VectorQuantisationBenchmarks.'Lucene.NET flat scan',Rowles.LeanCorpus.Benchmarks,VectorQuantisationBenchmarks,'Lucene.NET flat scan',DefaultJob,Default,Default,Default,Default,Default,Default,Default,Default,Default,Default,Default,Default,Default,Default,Default,Default,Default,Default,Default,Default,Default,Default,Default,Default,Default,Default,Default,Default,Default,Default,Default,Default,Default,Default,Default,Default,Default,Default,Default,Default,Default,DefaultJob,Dimension=128&Quantisation=None,1,Workload,Result,3,736961610,3,245653870,100,0,0,140000104
VectorQuantisationBenchmarks.'Lucene.NET flat scan',Rowles.LeanCorpus.Benchmarks,VectorQuantisationBenchmarks,'Lucene.NET flat scan',DefaultJob,Default,Default,Default,Default,Default,Default,Default,Default,Default,Default,Default,Default,Default,Default,Default,Default,Default,Default,Default,Default,Default,Default,Default,Default,Default,Default,Default,Default,Default,Default,Default,Default,Default,Default,Default,Default,Default,Default,Default,Default,Default,DefaultJob,Dimension=128&Quantisation=None,1,Workload,Result,4,732319066,3,244106355.33,100,0,0,140000104
VectorQuantisationBenchmarks.'Lucene.NET flat scan',Rowles.LeanCorpus.Benchmarks,VectorQuantisationBenchmarks,'Lucene.NET flat scan',DefaultJob,Default,Default,Default,Default,Default,Default,Default,Default,Default,Default,Default,Default,Default,Default,Default,Default,Default,Default,Default,Default,Default,Default,Default,Default,Default,Default,Default,Default,Default,Default,Default,Default,Default,Default,Default,Default,Default,Default,Default,Default,Default,DefaultJob,Dimension=128&Quantisation=None,1,Workload,Result,5,735056822,3,245018940.67,100,0,0,140000104
VectorQuantisationBenchmarks.'Lucene.NET flat scan',Rowles.LeanCorpus.Benchmarks,VectorQuantisationBenchmarks,'Lucene.NET flat scan',DefaultJob,Default,Default,Default,Default,Default,Default,Default,Default,Default,Default,Default,Default,Default,Default,Default,Default,Default,Default,Default,Default,Default,Default,Default,Default,Default,Default,Default,Default,Default,Default,Default,Default,Default,Default,Default,Default,Default,Default,Default,Default,Default,DefaultJob,Dimension=128&Quantisation=None,1,Workload,Result,6,734722221,3,244907407,100,0,0,140000104
VectorQuantisationBenchmarks.'Lucene.NET flat scan',Rowles.LeanCorpus.Benchmarks,VectorQuantisationBenchmarks,'Lucene.NET flat scan',DefaultJob,Default,Default,Default,Default,Default,Default,Default,Default,Default,Default,Default,Default,Default,Default,Default,Default,Default,Default,Default,Default,Default,Default,Default,Default,Default,Default,Default,Default,Default,Default,Default,Default,Default,Default,Default,Default,Default,Default,Default,Default,Default,DefaultJob,Dimension=128&Quantisation=None,1,Workload,Result,7,734218070,3,244739356.67,100,0,0,140000104
VectorQuantisationBenchmarks.'Lucene.NET flat scan',Rowles.LeanCorpus.Benchmarks,VectorQuantisationBenchmarks,'Lucene.NET flat scan',DefaultJob,Default,Default,Default,Default,Default,Default,Default,Default,Default,Default,Default,Default,Default,Default,Default,Default,Default,Default,Default,Default,Default,Default,Default,Default,Default,Default,Default,Default,Default,Default,Default,Default,Default,Default,Default,Default,Default,Default,Default,Default,Default,DefaultJob,Dimension=128&Quantisation=None,1,Workload,Result,8,736711587,3,245570529,100,0,0,140000104
VectorQuantisationBenchmarks.'Lucene.NET flat scan',Rowles.LeanCorpus.Benchmarks,VectorQuantisationBenchmarks,'Lucene.NET flat scan',DefaultJob,Default,Default,Default,Default,Default,Default,Default,Default,Default,Default,Default,Default,Default,Default,Default,Default,Default,Default,Default,Default,Default,Default,Default,Default,Default,Default,Default,Default,Default,Default,Default,Default,Default,Default,Default,Default,Default,Default,Default,Default,Default,DefaultJob,Dimension=128&Quantisation=None,1,Workload,Result,9,732360850,3,244120283.33,100,0,0,140000104
VectorQuantisationBenchmarks.'Lucene.NET flat scan',Rowles.LeanCorpus.Benchmarks,VectorQuantisationBenchmarks,'Lucene.NET flat scan',DefaultJob,Default,Default,Default,Default,Default,Default,Default,Default,Default,Default,Default,Default,Default,Default,Default,Default,Default,Default,Default,Default,Default,Default,Default,Default,Default,Default,Default,Default,Default,Default,Default,Default,Default,Default,Default,Default,Default,Default,Default,Default,Default,DefaultJob,Dimension=128&Quantisation=None,1,Workload,Result,10,725829393,3,241943131,100,0,0,140000104
VectorQuantisationBenchmarks.'Lucene.NET flat scan',Rowles.LeanCorpus.Benchmarks,VectorQuantisationBenchmarks,'Lucene.NET flat scan',DefaultJob,Default,Default,Default,Default,Default,Default,Default,Default,Default,Default,Default,Default,Default,Default,Default,Default,Default,Default,Default,Default,Default,Default,Default,Default,Default,Default,Default,Default,Default,Default,Default,Default,Default,Default,Default,Default,Default,Default,Default,Default,Default,DefaultJob,Dimension=128&Quantisation=None,1,Workload,Result,11,738730662,3,246243554,100,0,0,140000104
VectorQuantisationBenchmarks.'Lucene.NET flat scan',Rowles.LeanCorpus.Benchmarks,VectorQuantisationBenchmarks,'Lucene.NET flat scan',DefaultJob,Default,Default,Default,Default,Default,Default,Default,Default,Default,Default,Default,Default,Default,Default,Default,Default,Default,Default,Default,Default,Default,Default,Default,Default,Default,Default,Default,Default,Default,Default,Default,Default,Default,Default,Default,Default,Default,Default,Default,Default,Default,DefaultJob,Dimension=128&Quantisation=None,1,Workload,Result,12,731143029,3,243714343,100,0,0,140000104
VectorQuantisationBenchmarks.'Lucene.NET flat scan',Rowles.LeanCorpus.Benchmarks,VectorQuantisationBenchmarks,'Lucene.NET flat scan',DefaultJob,Default,Default,Default,Default,Default,Default,Default,Default,Default,Default,Default,Default,Default,Default,Default,Default,Default,Default,Default,Default,Default,Default,Default,Default,Default,Default,Default,Default,Default,Default,Default,Default,Default,Default,Default,Default,Default,Default,Default,Default,Default,DefaultJob,Dimension=128&Quantisation=None,1,Workload,Result,13,728094183,3,242698061,100,0,0,140000104
VectorQuantisationBenchmarks.'Lucene.NET flat scan',Rowles.LeanCorpus.Benchmarks,VectorQuantisationBenchmarks,'Lucene.NET flat scan',DefaultJob,Default,Default,Default,Default,Default,Default,Default,Default,Default,Default,Default,Default,Default,Default,Default,Default,Default,Default,Default,Default,Default,Default,Default,Default,Default,Default,Default,Default,Default,Default,Default,Default,Default,Default,Default,Default,Default,Default,Default,Default,Default,DefaultJob,Dimension=128&Quantisation=None,1,Workload,Result,14,732566947,3,244188982.33,100,0,0,140000104
VectorQuantisationBenchmarks.'Lucene.NET flat scan',Rowles.LeanCorpus.Benchmarks,VectorQuantisationBenchmarks,'Lucene.NET flat scan',DefaultJob,Default,Default,Default,Default,Default,Default,Default,Default,Default,Default,Default,Default,Default,Default,Default,Default,Default,Default,Default,Default,Default,Default,Default,Default,Default,Default,Default,Default,Default,Default,Default,Default,Default,Default,Default,Default,Default,Default,Default,Default,Default,DefaultJob,Dimension=128&Quantisation=None,1,Workload,Result,15,736122219,3,245374073,100,0,0,140000104
VectorQuantisationBenchmarks.'HNSW search',Rowles.LeanCorpus.Benchmarks,VectorQuantisationBenchmarks,'HNSW search',DefaultJob,Default,Default,Default,Default,Default,Default,Default,Default,Default,Default,Default,Default,Default,Default,Default,Default,Default,Default,Default,Default,Default,Default,Default,Default,Default,Default,Default,Default,Default,Default,Default,Default,Default,Default,Default,Default,Default,Default,Default,Default,Default,DefaultJob,Dimension=128&Quantisation=Int8,1,Workload,Jitting,1,6192532,1,6192532,1,0,0,46348
VectorQuantisationBenchmarks.'HNSW search',Rowles.LeanCorpus.Benchmarks,VectorQuantisationBenchmarks,'HNSW search',DefaultJob,Default,Default,Default,Default,Default,Default,Default,Default,Default,Default,Default,Default,Default,Default,Default,Default,Default,Default,Default,Default,Default,Default,Default,Default,Default,Default,Default,Default,Default,Default,Default,Default,Default,Default,Default,Default,Default,Default,Default,Default,Default,DefaultJob,Dimension=128&Quantisation=Int8,1,Workload,Jitting,2,150346511,30,5011550.37,1,0,0,46348
VectorQuantisationBenchmarks.'HNSW search',Rowles.LeanCorpus.Benchmarks,VectorQuantisationBenchmarks,'HNSW search',DefaultJob,Default,Default,Default,Default,Default,Default,Default,Default,Default,Default,Default,Default,Default,Default,Default,Default,Default,Default,Default,Default,Default,Default,Default,Default,Default,Default,Default,Default,Default,Default,Default,Default,Default,Default,Default,Default,Default,Default,Default,Default,Default,DefaultJob,Dimension=128&Quantisation=Int8,1,Workload,Jitting,3,149593948,30,4986464.93,1,0,0,46348
VectorQuantisationBenchmarks.'HNSW search',Rowles.LeanCorpus.Benchmarks,VectorQuantisationBenchmarks,'HNSW search',DefaultJob,Default,Default,Default,Default,Default,Default,Default,Default,Default,Default,Default,Default,Default,Default,Default,Default,Default,Default,Default,Default,Default,Default,Default,Default,Default,Default,Default,Default,Default,Default,Default,Default,Default,Default,Default,Default,Default,Default,Default,Default,Default,DefaultJob,Dimension=128&Quantisation=Int8,1,Workload,Jitting,4,143637113,30,4787903.77,1,0,0,46348
VectorQuantisationBenchmarks.'HNSW search',Rowles.LeanCorpus.Benchmarks,VectorQuantisationBenchmarks,'HNSW search',DefaultJob,Default,Default,Default,Default,Default,Default,Default,Default,Default,Default,Default,Default,Default,Default,Default,Default,Default,Default,Default,Default,Default,Default,Default,Default,Default,Default,Default,Default,Default,Default,Default,Default,Default,Default,Default,Default,Default,Default,Default,Default,Default,DefaultJob,Dimension=128&Quantisation=Int8,1,Workload,Jitting,5,5848496,1,5848496,1,0,0,46348
VectorQuantisationBenchmarks.'HNSW search',Rowles.LeanCorpus.Benchmarks,VectorQuantisationBenchmarks,'HNSW search',DefaultJob,Default,Default,Default,Default,Default,Default,Default,Default,Default,Default,Default,Default,Default,Default,Default,Default,Default,Default,Default,Default,Default,Default,Default,Default,Default,Default,Default,Default,Default,Default,Default,Default,Default,Default,Default,Default,Default,Default,Default,Default,Default,DefaultJob,Dimension=128&Quantisation=Int8,1,Workload,Pilot,1,6062738,1,6062738,1,0,0,46348
VectorQuantisationBenchmarks.'HNSW search',Rowles.LeanCorpus.Benchmarks,VectorQuantisationBenchmarks,'HNSW search',DefaultJob,Default,Default,Default,Default,Default,Default,Default,Default,Default,Default,Default,Default,Default,Default,Default,Default,Default,Default,Default,Default,Default,Default,Default,Default,Default,Default,Default,Default,Default,Default,Default,Default,Default,Default,Default,Default,Default,Default,Default,Default,Default,DefaultJob,Dimension=128&Quantisation=Int8,1,Workload,Pilot,1,75491560,16,4718222.5,1,0,0,46348
VectorQuantisationBenchmarks.'HNSW search',Rowles.LeanCorpus.Benchmarks,VectorQuantisationBenchmarks,'HNSW search',DefaultJob,Default,Default,Default,Default,Default,Default,Default,Default,Default,Default,Default,Default,Default,Default,Default,Default,Default,Default,Default,Default,Default,Default,Default,Default,Default,Default,Default,Default,Default,Default,Default,Default,Default,Default,Default,Default,Default,Default,Default,Default,Default,DefaultJob,Dimension=128&Quantisation=Int8,1,Workload,Pilot,2,149438762,32,4669961.31,1,0,0,46348
VectorQuantisationBenchmarks.'HNSW search',Rowles.LeanCorpus.Benchmarks,VectorQuantisationBenchmarks,'HNSW search',DefaultJob,Default,Default,Default,Default,Default,Default,Default,Default,Default,Default,Default,Default,Default,Default,Default,Default,Default,Default,Default,Default,Default,Default,Default,Default,Default,Default,Default,Default,Default,Default,Default,Default,Default,Default,Default,Default,Default,Default,Default,Default,Default,DefaultJob,Dimension=128&Quantisation=Int8,1,Workload,Pilot,3,293706988,64,4589171.69,1,0,0,46348
VectorQuantisationBenchmarks.'HNSW search',Rowles.LeanCorpus.Benchmarks,VectorQuantisationBenchmarks,'HNSW search',DefaultJob,Default,Default,Default,Default,Default,Default,Default,Default,Default,Default,Default,Default,Default,Default,Default,Default,Default,Default,Default,Default,Default,Default,Default,Default,Default,Default,Default,Default,Default,Default,Default,Default,Default,Default,Default,Default,Default,Default,Default,Default,Default,DefaultJob,Dimension=128&Quantisation=Int8,1,Workload,Pilot,4,584916674,128,4569661.52,1,0,0,46348
VectorQuantisationBenchmarks.'HNSW search',Rowles.LeanCorpus.Benchmarks,VectorQuantisationBenchmarks,'HNSW search',DefaultJob,Default,Default,Default,Default,Default,Default,Default,Default,Default,Default,Default,Default,Default,Default,Default,Default,Default,Default,Default,Default,Default,Default,Default,Default,Default,Default,Default,Default,Default,Default,Default,Default,Default,Default,Default,Default,Default,Default,Default,Default,Default,DefaultJob,Dimension=128&Quantisation=Int8,1,Workload,Warmup,1,579954951,128,4530898.05,1,0,0,46348
VectorQuantisationBenchmarks.'HNSW search',Rowles.LeanCorpus.Benchmarks,VectorQuantisationBenchmarks,'HNSW search',DefaultJob,Default,Default,Default,Default,Default,Default,Default,Default,Default,Default,Default,Default,Default,Default,Default,Default,Default,Default,Default,Default,Default,Default,Default,Default,Default,Default,Default,Default,Default,Default,Default,Default,Default,Default,Default,Default,Default,Default,Default,Default,Default,DefaultJob,Dimension=128&Quantisation=Int8,1,Workload,Warmup,2,572899563,128,4475777.84,1,0,0,46348
VectorQuantisationBenchmarks.'HNSW search',Rowles.LeanCorpus.Benchmarks,VectorQuantisationBenchmarks,'HNSW search',DefaultJob,Default,Default,Default,Default,Default,Default,Default,Default,Default,Default,Default,Default,Default,Default,Default,Default,Default,Default,Default,Default,Default,Default,Default,Default,Default,Default,Default,Default,Default,Default,Default,Default,Default,Default,Default,Default,Default,Default,Default,Default,Default,DefaultJob,Dimension=128&Quantisation=Int8,1,Workload,Warmup,3,575329398,128,4494760.92,1,0,0,46348
VectorQuantisationBenchmarks.'HNSW search',Rowles.LeanCorpus.Benchmarks,VectorQuantisationBenchmarks,'HNSW search',DefaultJob,Default,Default,Default,Default,Default,Default,Default,Default,Default,Default,Default,Default,Default,Default,Default,Default,Default,Default,Default,Default,Default,Default,Default,Default,Default,Default,Default,Default,Default,Default,Default,Default,Default,Default,Default,Default,Default,Default,Default,Default,Default,DefaultJob,Dimension=128&Quantisation=Int8,1,Workload,Warmup,4,578212453,128,4517284.79,1,0,0,46348
VectorQuantisationBenchmarks.'HNSW search',Rowles.LeanCorpus.Benchmarks,VectorQuantisationBenchmarks,'HNSW search',DefaultJob,Default,Default,Default,Default,Default,Default,Default,Default,Default,Default,Default,Default,Default,Default,Default,Default,Default,Default,Default,Default,Default,Default,Default,Default,Default,Default,Default,Default,Default,Default,Default,Default,Default,Default,Default,Default,Default,Default,Default,Default,Default,DefaultJob,Dimension=128&Quantisation=Int8,1,Workload,Warmup,5,577989126,128,4515540.05,1,0,0,46348
VectorQuantisationBenchmarks.'HNSW search',Rowles.LeanCorpus.Benchmarks,VectorQuantisationBenchmarks,'HNSW search',DefaultJob,Default,Default,Default,Default,Default,Default,Default,Default,Default,Default,Default,Default,Default,Default,Default,Default,Default,Default,Default,Default,Default,Default,Default,Default,Default,Default,Default,Default,Default,Default,Default,Default,Default,Default,Default,Default,Default,Default,Default,Default,Default,DefaultJob,Dimension=128&Quantisation=Int8,1,Workload,Warmup,6,593126787,128,4633803.02,1,0,0,46348
VectorQuantisationBenchmarks.'HNSW search',Rowles.LeanCorpus.Benchmarks,VectorQuantisationBenchmarks,'HNSW search',DefaultJob,Default,Default,Default,Default,Default,Default,Default,Default,Default,Default,Default,Default,Default,Default,Default,Default,Default,Default,Default,Default,Default,Default,Default,Default,Default,Default,Default,Default,Default,Default,Default,Default,Default,Default,Default,Default,Default,Default,Default,Default,Default,DefaultJob,Dimension=128&Quantisation=Int8,1,Workload,Warmup,7,584329175,128,4565071.68,1,0,0,46348
VectorQuantisationBenchmarks.'HNSW search',Rowles.LeanCorpus.Benchmarks,VectorQuantisationBenchmarks,'HNSW search',DefaultJob,Default,Default,Default,Default,Default,Default,Default,Default,Default,Default,Default,Default,Default,Default,Default,Default,Default,Default,Default,Default,Default,Default,Default,Default,Default,Default,Default,Default,Default,Default,Default,Default,Default,Default,Default,Default,Default,Default,Default,Default,Default,DefaultJob,Dimension=128&Quantisation=Int8,1,Workload,Actual,1,587600991,128,4590632.74,1,0,0,46348
VectorQuantisationBenchmarks.'HNSW search',Rowles.LeanCorpus.Benchmarks,VectorQuantisationBenchmarks,'HNSW search',DefaultJob,Default,Default,Default,Default,Default,Default,Default,Default,Default,Default,Default,Default,Default,Default,Default,Default,Default,Default,Default,Default,Default,Default,Default,Default,Default,Default,Default,Default,Default,Default,Default,Default,Default,Default,Default,Default,Default,Default,Default,Default,Default,DefaultJob,Dimension=128&Quantisation=Int8,1,Workload,Actual,2,576314125,128,4502454.1,1,0,0,46348
VectorQuantisationBenchmarks.'HNSW search',Rowles.LeanCorpus.Benchmarks,VectorQuantisationBenchmarks,'HNSW search',DefaultJob,Default,Default,Default,Default,Default,Default,Default,Default,Default,Default,Default,Default,Default,Default,Default,Default,Default,Default,Default,Default,Default,Default,Default,Default,Default,Default,Default,Default,Default,Default,Default,Default,Default,Default,Default,Default,Default,Default,Default,Default,Default,DefaultJob,Dimension=128&Quantisation=Int8,1,Workload,Actual,3,580878247,128,4538111.3,1,0,0,46348
VectorQuantisationBenchmarks.'HNSW search',Rowles.LeanCorpus.Benchmarks,VectorQuantisationBenchmarks,'HNSW search',DefaultJob,Default,Default,Default,Default,Default,Default,Default,Default,Default,Default,Default,Default,Default,Default,Default,Default,Default,Default,Default,Default,Default,Default,Default,Default,Default,Default,Default,Default,Default,Default,Default,Default,Default,Default,Default,Default,Default,Default,Default,Default,Default,DefaultJob,Dimension=128&Quantisation=Int8,1,Workload,Actual,4,577002422,128,4507831.42,1,0,0,46348
VectorQuantisationBenchmarks.'HNSW search',Rowles.LeanCorpus.Benchmarks,VectorQuantisationBenchmarks,'HNSW search',DefaultJob,Default,Default,Default,Default,Default,Default,Default,Default,Default,Default,Default,Default,Default,Default,Default,Default,Default,Default,Default,Default,Default,Default,Default,Default,Default,Default,Default,Default,Default,Default,Default,Default,Default,Default,Default,Default,Default,Default,Default,Default,Default,DefaultJob,Dimension=128&Quantisation=Int8,1,Workload,Actual,5,575512714,128,4496193.08,1,0,0,46348
VectorQuantisationBenchmarks.'HNSW search',Rowles.LeanCorpus.Benchmarks,VectorQuantisationBenchmarks,'HNSW search',DefaultJob,Default,Default,Default,Default,Default,Default,Default,Default,Default,Default,Default,Default,Default,Default,Default,Default,Default,Default,Default,Default,Default,Default,Default,Default,Default,Default,Default,Default,Default,Default,Default,Default,Default,Default,Default,Default,Default,Default,Default,Default,Default,DefaultJob,Dimension=128&Quantisation=Int8,1,Workload,Actual,6,575955339,128,4499651.09,1,0,0,46348
VectorQuantisationBenchmarks.'HNSW search',Rowles.LeanCorpus.Benchmarks,VectorQuantisationBenchmarks,'HNSW search',DefaultJob,Default,Default,Default,Default,Default,Default,Default,Default,Default,Default,Default,Default,Default,Default,Default,Default,Default,Default,Default,Default,Default,Default,Default,Default,Default,Default,Default,Default,Default,Default,Default,Default,Default,Default,Default,Default,Default,Default,Default,Default,Default,DefaultJob,Dimension=128&Quantisation=Int8,1,Workload,Actual,7,575457555,128,4495762.15,1,0,0,46348
VectorQuantisationBenchmarks.'HNSW search',Rowles.LeanCorpus.Benchmarks,VectorQuantisationBenchmarks,'HNSW search',DefaultJob,Default,Default,Default,Default,Default,Default,Default,Default,Default,Default,Default,Default,Default,Default,Default,Default,Default,Default,Default,Default,Default,Default,Default,Default,Default,Default,Default,Default,Default,Default,Default,Default,Default,Default,Default,Default,Default,Default,Default,Default,Default,DefaultJob,Dimension=128&Quantisation=Int8,1,Workload,Actual,8,581855943,128,4545749.55,1,0,0,46348
VectorQuantisationBenchmarks.'HNSW search',Rowles.LeanCorpus.Benchmarks,VectorQuantisationBenchmarks,'HNSW search',DefaultJob,Default,Default,Default,Default,Default,Default,Default,Default,Default,Default,Default,Default,Default,Default,Default,Default,Default,Default,Default,Default,Default,Default,Default,Default,Default,Default,Default,Default,Default,Default,Default,Default,Default,Default,Default,Default,Default,Default,Default,Default,Default,DefaultJob,Dimension=128&Quantisation=Int8,1,Workload,Actual,9,580705934,128,4536765.11,1,0,0,46348
VectorQuantisationBenchmarks.'HNSW search',Rowles.LeanCorpus.Benchmarks,VectorQuantisationBenchmarks,'HNSW search',DefaultJob,Default,Default,Default,Default,Default,Default,Default,Default,Default,Default,Default,Default,Default,Default,Default,Default,Default,Default,Default,Default,Default,Default,Default,Default,Default,Default,Default,Default,Default,Default,Default,Default,Default,Default,Default,Default,Default,Default,Default,Default,Default,DefaultJob,Dimension=128&Quantisation=Int8,1,Workload,Actual,10,582375858,128,4549811.39,1,0,0,46348
VectorQuantisationBenchmarks.'HNSW search',Rowles.LeanCorpus.Benchmarks,VectorQuantisationBenchmarks,'HNSW search',DefaultJob,Default,Default,Default,Default,Default,Default,Default,Default,Default,Default,Default,Default,Default,Default,Default,Default,Default,Default,Default,Default,Default,Default,Default,Default,Default,Default,Default,Default,Default,Default,Default,Default,Default,Default,Default,Default,Default,Default,Default,Default,Default,DefaultJob,Dimension=128&Quantisation=Int8,1,Workload,Actual,11,580568278,128,4535689.67,1,0,0,46348
VectorQuantisationBenchmarks.'HNSW search',Rowles.LeanCorpus.Benchmarks,VectorQuantisationBenchmarks,'HNSW search',DefaultJob,Default,Default,Default,Default,Default,Default,Default,Default,Default,Default,Default,Default,Default,Default,Default,Default,Default,Default,Default,Default,Default,Default,Default,Default,Default,Default,Default,Default,Default,Default,Default,Default,Default,Default,Default,Default,Default,Default,Default,Default,Default,DefaultJob,Dimension=128&Quantisation=Int8,1,Workload,Actual,12,579083907,128,4524093.02,1,0,0,46348
VectorQuantisationBenchmarks.'HNSW search',Rowles.LeanCorpus.Benchmarks,VectorQuantisationBenchmarks,'HNSW search',DefaultJob,Default,Default,Default,Default,Default,Default,Default,Default,Default,Default,Default,Default,Default,Default,Default,Default,Default,Default,Default,Default,Default,Default,Default,Default,Default,Default,Default,Default,Default,Default,Default,Default,Default,Default,Default,Default,Default,Default,Default,Default,Default,DefaultJob,Dimension=128&Quantisation=Int8,1,Workload,Actual,13,582518619,128,4550926.71,1,0,0,46348
VectorQuantisationBenchmarks.'HNSW search',Rowles.LeanCorpus.Benchmarks,VectorQuantisationBenchmarks,'HNSW search',DefaultJob,Default,Default,Default,Default,Default,Default,Default,Default,Default,Default,Default,Default,Default,Default,Default,Default,Default,Default,Default,Default,Default,Default,Default,Default,Default,Default,Default,Default,Default,Default,Default,Default,Default,Default,Default,Default,Default,Default,Default,Default,Default,DefaultJob,Dimension=128&Quantisation=Int8,1,Workload,Actual,14,584023231,128,4562681.49,1,0,0,46348
VectorQuantisationBenchmarks.'HNSW search',Rowles.LeanCorpus.Benchmarks,VectorQuantisationBenchmarks,'HNSW search',DefaultJob,Default,Default,Default,Default,Default,Default,Default,Default,Default,Default,Default,Default,Default,Default,Default,Default,Default,Default,Default,Default,Default,Default,Default,Default,Default,Default,Default,Default,Default,Default,Default,Default,Default,Default,Default,Default,Default,Default,Default,Default,Default,DefaultJob,Dimension=128&Quantisation=Int8,1,Workload,Actual,15,586686010,128,4583484.45,1,0,0,46348
VectorQuantisationBenchmarks.'HNSW search',Rowles.LeanCorpus.Benchmarks,VectorQuantisationBenchmarks,'HNSW search',DefaultJob,Default,Default,Default,Default,Default,Default,Default,Default,Default,Default,Default,Default,Default,Default,Default,Default,Default,Default,Default,Default,Default,Default,Default,Default,Default,Default,Default,Default,Default,Default,Default,Default,Default,Default,Default,Default,Default,Default,Default,Default,Default,DefaultJob,Dimension=128&Quantisation=Int8,1,Workload,Extra,1,588006495,128,4593800.74,1,0,0,46348
VectorQuantisationBenchmarks.'HNSW search',Rowles.LeanCorpus.Benchmarks,VectorQuantisationBenchmarks,'HNSW search',DefaultJob,Default,Default,Default,Default,Default,Default,Default,Default,Default,Default,Default,Default,Default,Default,Default,Default,Default,Default,Default,Default,Default,Default,Default,Default,Default,Default,Default,Default,Default,Default,Default,Default,Default,Default,Default,Default,Default,Default,Default,Default,Default,DefaultJob,Dimension=128&Quantisation=Int8,1,Workload,Result,1,587600991,128,4590632.74,1,0,0,46348
VectorQuantisationBenchmarks.'HNSW search',Rowles.LeanCorpus.Benchmarks,VectorQuantisationBenchmarks,'HNSW search',DefaultJob,Default,Default,Default,Default,Default,Default,Default,Default,Default,Default,Default,Default,Default,Default,Default,Default,Default,Default,Default,Default,Default,Default,Default,Default,Default,Default,Default,Default,Default,Default,Default,Default,Default,Default,Default,Default,Default,Default,Default,Default,Default,DefaultJob,Dimension=128&Quantisation=Int8,1,Workload,Result,2,576314125,128,4502454.1,1,0,0,46348
VectorQuantisationBenchmarks.'HNSW search',Rowles.LeanCorpus.Benchmarks,VectorQuantisationBenchmarks,'HNSW search',DefaultJob,Default,Default,Default,Default,Default,Default,Default,Default,Default,Default,Default,Default,Default,Default,Default,Default,Default,Default,Default,Default,Default,Default,Default,Default,Default,Default,Default,Default,Default,Default,Default,Default,Default,Default,Default,Default,Default,Default,Default,Default,Default,DefaultJob,Dimension=128&Quantisation=Int8,1,Workload,Result,3,580878247,128,4538111.3,1,0,0,46348
VectorQuantisationBenchmarks.'HNSW search',Rowles.LeanCorpus.Benchmarks,VectorQuantisationBenchmarks,'HNSW search',DefaultJob,Default,Default,Default,Default,Default,Default,Default,Default,Default,Default,Default,Default,Default,Default,Default,Default,Default,Default,Default,Default,Default,Default,Default,Default,Default,Default,Default,Default,Default,Default,Default,Default,Default,Default,Default,Default,Default,Default,Default,Default,Default,DefaultJob,Dimension=128&Quantisation=Int8,1,Workload,Result,4,577002422,128,4507831.42,1,0,0,46348
VectorQuantisationBenchmarks.'HNSW search',Rowles.LeanCorpus.Benchmarks,VectorQuantisationBenchmarks,'HNSW search',DefaultJob,Default,Default,Default,Default,Default,Default,Default,Default,Default,Default,Default,Default,Default,Default,Default,Default,Default,Default,Default,Default,Default,Default,Default,Default,Default,Default,Default,Default,Default,Default,Default,Default,Default,Default,Default,Default,Default,Default,Default,Default,Default,DefaultJob,Dimension=128&Quantisation=Int8,1,Workload,Result,5,575512714,128,4496193.08,1,0,0,46348
VectorQuantisationBenchmarks.'HNSW search',Rowles.LeanCorpus.Benchmarks,VectorQuantisationBenchmarks,'HNSW search',DefaultJob,Default,Default,Default,Default,Default,Default,Default,Default,Default,Default,Default,Default,Default,Default,Default,Default,Default,Default,Default,Default,Default,Default,Default,Default,Default,Default,Default,Default,Default,Default,Default,Default,Default,Default,Default,Default,Default,Default,Default,Default,Default,DefaultJob,Dimension=128&Quantisation=Int8,1,Workload,Result,6,575955339,128,4499651.09,1,0,0,46348
VectorQuantisationBenchmarks.'HNSW search',Rowles.LeanCorpus.Benchmarks,VectorQuantisationBenchmarks,'HNSW search',DefaultJob,Default,Default,Default,Default,Default,Default,Default,Default,Default,Default,Default,Default,Default,Default,Default,Default,Default,Default,Default,Default,Default,Default,Default,Default,Default,Default,Default,Default,Default,Default,Default,Default,Default,Default,Default,Default,Default,Default,Default,Default,Default,DefaultJob,Dimension=128&Quantisation=Int8,1,Workload,Result,7,575457555,128,4495762.15,1,0,0,46348
VectorQuantisationBenchmarks.'HNSW search',Rowles.LeanCorpus.Benchmarks,VectorQuantisationBenchmarks,'HNSW search',DefaultJob,Default,Default,Default,Default,Default,Default,Default,Default,Default,Default,Default,Default,Default,Default,Default,Default,Default,Default,Default,Default,Default,Default,Default,Default,Default,Default,Default,Default,Default,Default,Default,Default,Default,Default,Default,Default,Default,Default,Default,Default,Default,DefaultJob,Dimension=128&Quantisation=Int8,1,Workload,Result,8,581855943,128,4545749.55,1,0,0,46348
VectorQuantisationBenchmarks.'HNSW search',Rowles.LeanCorpus.Benchmarks,VectorQuantisationBenchmarks,'HNSW search',DefaultJob,Default,Default,Default,Default,Default,Default,Default,Default,Default,Default,Default,Default,Default,Default,Default,Default,Default,Default,Default,Default,Default,Default,Default,Default,Default,Default,Default,Default,Default,Default,Default,Default,Default,Default,Default,Default,Default,Default,Default,Default,Default,DefaultJob,Dimension=128&Quantisation=Int8,1,Workload,Result,9,580705934,128,4536765.11,1,0,0,46348
VectorQuantisationBenchmarks.'HNSW search',Rowles.LeanCorpus.Benchmarks,VectorQuantisationBenchmarks,'HNSW search',DefaultJob,Default,Default,Default,Default,Default,Default,Default,Default,Default,Default,Default,Default,Default,Default,Default,Default,Default,Default,Default,Default,Default,Default,Default,Default,Default,Default,Default,Default,Default,Default,Default,Default,Default,Default,Default,Default,Default,Default,Default,Default,Default,DefaultJob,Dimension=128&Quantisation=Int8,1,Workload,Result,10,582375858,128,4549811.39,1,0,0,46348
VectorQuantisationBenchmarks.'HNSW search',Rowles.LeanCorpus.Benchmarks,VectorQuantisationBenchmarks,'HNSW search',DefaultJob,Default,Default,Default,Default,Default,Default,Default,Default,Default,Default,Default,Default,Default,Default,Default,Default,Default,Default,Default,Default,Default,Default,Default,Default,Default,Default,Default,Default,Default,Default,Default,Default,Default,Default,Default,Default,Default,Default,Default,Default,Default,DefaultJob,Dimension=128&Quantisation=Int8,1,Workload,Result,11,580568278,128,4535689.67,1,0,0,46348
VectorQuantisationBenchmarks.'HNSW search',Rowles.LeanCorpus.Benchmarks,VectorQuantisationBenchmarks,'HNSW search',DefaultJob,Default,Default,Default,Default,Default,Default,Default,Default,Default,Default,Default,Default,Default,Default,Default,Default,Default,Default,Default,Default,Default,Default,Default,Default,Default,Default,Default,Default,Default,Default,Default,Default,Default,Default,Default,Default,Default,Default,Default,Default,Default,DefaultJob,Dimension=128&Quantisation=Int8,1,Workload,Result,12,579083907,128,4524093.02,1,0,0,46348
VectorQuantisationBenchmarks.'HNSW search',Rowles.LeanCorpus.Benchmarks,VectorQuantisationBenchmarks,'HNSW search',DefaultJob,Default,Default,Default,Default,Default,Default,Default,Default,Default,Default,Default,Default,Default,Default,Default,Default,Default,Default,Default,Default,Default,Default,Default,Default,Default,Default,Default,Default,Default,Default,Default,Default,Default,Default,Default,Default,Default,Default,Default,Default,Default,DefaultJob,Dimension=128&Quantisation=Int8,1,Workload,Result,13,582518619,128,4550926.71,1,0,0,46348
VectorQuantisationBenchmarks.'HNSW search',Rowles.LeanCorpus.Benchmarks,VectorQuantisationBenchmarks,'HNSW search',DefaultJob,Default,Default,Default,Default,Default,Default,Default,Default,Default,Default,Default,Default,Default,Default,Default,Default,Default,Default,Default,Default,Default,Default,Default,Default,Default,Default,Default,Default,Default,Default,Default,Default,Default,Default,Default,Default,Default,Default,Default,Default,Default,DefaultJob,Dimension=128&Quantisation=Int8,1,Workload,Result,14,584023231,128,4562681.49,1,0,0,46348
VectorQuantisationBenchmarks.'HNSW search',Rowles.LeanCorpus.Benchmarks,VectorQuantisationBenchmarks,'HNSW search',DefaultJob,Default,Default,Default,Default,Default,Default,Default,Default,Default,Default,Default,Default,Default,Default,Default,Default,Default,Default,Default,Default,Default,Default,Default,Default,Default,Default,Default,Default,Default,Default,Default,Default,Default,Default,Default,Default,Default,Default,Default,Default,Default,DefaultJob,Dimension=128&Quantisation=Int8,1,Workload,Result,15,586686010,128,4583484.45,1,0,0,46348
VectorQuantisationBenchmarks.'Lucene.NET flat scan',Rowles.LeanCorpus.Benchmarks,VectorQuantisationBenchmarks,'Lucene.NET flat scan',DefaultJob,Default,Default,Default,Default,Default,Default,Default,Default,Default,Default,Default,Default,Default,Default,Default,Default,Default,Default,Default,Default,Default,Default,Default,Default,Default,Default,Default,Default,Default,Default,Default,Default,Default,Default,Default,Default,Default,Default,Default,Default,Default,DefaultJob,Dimension=128&Quantisation=Int8,1,Workload,Jitting,1,295269281,1,295269281,100,0,0,140000104
VectorQuantisationBenchmarks.'Lucene.NET flat scan',Rowles.LeanCorpus.Benchmarks,VectorQuantisationBenchmarks,'Lucene.NET flat scan',DefaultJob,Default,Default,Default,Default,Default,Default,Default,Default,Default,Default,Default,Default,Default,Default,Default,Default,Default,Default,Default,Default,Default,Default,Default,Default,Default,Default,Default,Default,Default,Default,Default,Default,Default,Default,Default,Default,Default,Default,Default,Default,Default,DefaultJob,Dimension=128&Quantisation=Int8,1,Workload,Jitting,2,7031867931,30,234395597.7,100,0,0,140000104
VectorQuantisationBenchmarks.'Lucene.NET flat scan',Rowles.LeanCorpus.Benchmarks,VectorQuantisationBenchmarks,'Lucene.NET flat scan',DefaultJob,Default,Default,Default,Default,Default,Default,Default,Default,Default,Default,Default,Default,Default,Default,Default,Default,Default,Default,Default,Default,Default,Default,Default,Default,Default,Default,Default,Default,Default,Default,Default,Default,Default,Default,Default,Default,Default,Default,Default,Default,Default,DefaultJob,Dimension=128&Quantisation=Int8,1,Workload,Jitting,3,2513514110,11,228501282.73,100,0,0,140000104
VectorQuantisationBenchmarks.'Lucene.NET flat scan',Rowles.LeanCorpus.Benchmarks,VectorQuantisationBenchmarks,'Lucene.NET flat scan',DefaultJob,Default,Default,Default,Default,Default,Default,Default,Default,Default,Default,Default,Default,Default,Default,Default,Default,Default,Default,Default,Default,Default,Default,Default,Default,Default,Default,Default,Default,Default,Default,Default,Default,Default,Default,Default,Default,Default,Default,Default,Default,Default,DefaultJob,Dimension=128&Quantisation=Int8,1,Workload,Jitting,4,228844931,1,228844931,100,0,0,140000104
VectorQuantisationBenchmarks.'Lucene.NET flat scan',Rowles.LeanCorpus.Benchmarks,VectorQuantisationBenchmarks,'Lucene.NET flat scan',DefaultJob,Default,Default,Default,Default,Default,Default,Default,Default,Default,Default,Default,Default,Default,Default,Default,Default,Default,Default,Default,Default,Default,Default,Default,Default,Default,Default,Default,Default,Default,Default,Default,Default,Default,Default,Default,Default,Default,Default,Default,Default,Default,DefaultJob,Dimension=128&Quantisation=Int8,1,Workload,Pilot,1,455863581,2,227931790.5,100,0,0,140000104
VectorQuantisationBenchmarks.'Lucene.NET flat scan',Rowles.LeanCorpus.Benchmarks,VectorQuantisationBenchmarks,'Lucene.NET flat scan',DefaultJob,Default,Default,Default,Default,Default,Default,Default,Default,Default,Default,Default,Default,Default,Default,Default,Default,Default,Default,Default,Default,Default,Default,Default,Default,Default,Default,Default,Default,Default,Default,Default,Default,Default,Default,Default,Default,Default,Default,Default,Default,Default,DefaultJob,Dimension=128&Quantisation=Int8,1,Workload,Pilot,2,691305987,3,230435329,100,0,0,140000104
VectorQuantisationBenchmarks.'Lucene.NET flat scan',Rowles.LeanCorpus.Benchmarks,VectorQuantisationBenchmarks,'Lucene.NET flat scan',DefaultJob,Default,Default,Default,Default,Default,Default,Default,Default,Default,Default,Default,Default,Default,Default,Default,Default,Default,Default,Default,Default,Default,Default,Default,Default,Default,Default,Default,Default,Default,Default,Default,Default,Default,Default,Default,Default,Default,Default,Default,Default,Default,DefaultJob,Dimension=128&Quantisation=Int8,1,Workload,Warmup,1,682940396,3,227646798.67,100,0,0,140000104
VectorQuantisationBenchmarks.'Lucene.NET flat scan',Rowles.LeanCorpus.Benchmarks,VectorQuantisationBenchmarks,'Lucene.NET flat scan',DefaultJob,Default,Default,Default,Default,Default,Default,Default,Default,Default,Default,Default,Default,Default,Default,Default,Default,Default,Default,Default,Default,Default,Default,Default,Default,Default,Default,Default,Default,Default,Default,Default,Default,Default,Default,Default,Default,Default,Default,Default,Default,Default,DefaultJob,Dimension=128&Quantisation=Int8,1,Workload,Warmup,2,686719398,3,228906466,100,0,0,140000104
VectorQuantisationBenchmarks.'Lucene.NET flat scan',Rowles.LeanCorpus.Benchmarks,VectorQuantisationBenchmarks,'Lucene.NET flat scan',DefaultJob,Default,Default,Default,Default,Default,Default,Default,Default,Default,Default,Default,Default,Default,Default,Default,Default,Default,Default,Default,Default,Default,Default,Default,Default,Default,Default,Default,Default,Default,Default,Default,Default,Default,Default,Default,Default,Default,Default,Default,Default,Default,DefaultJob,Dimension=128&Quantisation=Int8,1,Workload,Warmup,3,688132351,3,229377450.33,100,0,0,140000104
VectorQuantisationBenchmarks.'Lucene.NET flat scan',Rowles.LeanCorpus.Benchmarks,VectorQuantisationBenchmarks,'Lucene.NET flat scan',DefaultJob,Default,Default,Default,Default,Default,Default,Default,Default,Default,Default,Default,Default,Default,Default,Default,Default,Default,Default,Default,Default,Default,Default,Default,Default,Default,Default,Default,Default,Default,Default,Default,Default,Default,Default,Default,Default,Default,Default,Default,Default,Default,DefaultJob,Dimension=128&Quantisation=Int8,1,Workload,Warmup,4,688663263,3,229554421,100,0,0,140000104
VectorQuantisationBenchmarks.'Lucene.NET flat scan',Rowles.LeanCorpus.Benchmarks,VectorQuantisationBenchmarks,'Lucene.NET flat scan',DefaultJob,Default,Default,Default,Default,Default,Default,Default,Default,Default,Default,Default,Default,Default,Default,Default,Default,Default,Default,Default,Default,Default,Default,Default,Default,Default,Default,Default,Default,Default,Default,Default,Default,Default,Default,Default,Default,Default,Default,Default,Default,Default,DefaultJob,Dimension=128&Quantisation=Int8,1,Workload,Warmup,5,675003206,3,225001068.67,100,0,0,140000104
VectorQuantisationBenchmarks.'Lucene.NET flat scan',Rowles.LeanCorpus.Benchmarks,VectorQuantisationBenchmarks,'Lucene.NET flat scan',DefaultJob,Default,Default,Default,Default,Default,Default,Default,Default,Default,Default,Default,Default,Default,Default,Default,Default,Default,Default,Default,Default,Default,Default,Default,Default,Default,Default,Default,Default,Default,Default,Default,Default,Default,Default,Default,Default,Default,Default,Default,Default,Default,DefaultJob,Dimension=128&Quantisation=Int8,1,Workload,Warmup,6,673763224,3,224587741.33,100,0,0,140000104
VectorQuantisationBenchmarks.'Lucene.NET flat scan',Rowles.LeanCorpus.Benchmarks,VectorQuantisationBenchmarks,'Lucene.NET flat scan',DefaultJob,Default,Default,Default,Default,Default,Default,Default,Default,Default,Default,Default,Default,Default,Default,Default,Default,Default,Default,Default,Default,Default,Default,Default,Default,Default,Default,Default,Default,Default,Default,Default,Default,Default,Default,Default,Default,Default,Default,Default,Default,Default,DefaultJob,Dimension=128&Quantisation=Int8,1,Workload,Warmup,7,673163541,3,224387847,100,0,0,140000104
VectorQuantisationBenchmarks.'Lucene.NET flat scan',Rowles.LeanCorpus.Benchmarks,VectorQuantisationBenchmarks,'Lucene.NET flat scan',DefaultJob,Default,Default,Default,Default,Default,Default,Default,Default,Default,Default,Default,Default,Default,Default,Default,Default,Default,Default,Default,Default,Default,Default,Default,Default,Default,Default,Default,Default,Default,Default,Default,Default,Default,Default,Default,Default,Default,Default,Default,Default,Default,DefaultJob,Dimension=128&Quantisation=Int8,1,Workload,Warmup,8,663773866,3,221257955.33,100,0,0,140000104
VectorQuantisationBenchmarks.'Lucene.NET flat scan',Rowles.LeanCorpus.Benchmarks,VectorQuantisationBenchmarks,'Lucene.NET flat scan',DefaultJob,Default,Default,Default,Default,Default,Default,Default,Default,Default,Default,Default,Default,Default,Default,Default,Default,Default,Default,Default,Default,Default,Default,Default,Default,Default,Default,Default,Default,Default,Default,Default,Default,Default,Default,Default,Default,Default,Default,Default,Default,Default,DefaultJob,Dimension=128&Quantisation=Int8,1,Workload,Warmup,9,673332353,3,224444117.67,100,0,0,140000104
VectorQuantisationBenchmarks.'Lucene.NET flat scan',Rowles.LeanCorpus.Benchmarks,VectorQuantisationBenchmarks,'Lucene.NET flat scan',DefaultJob,Default,Default,Default,Default,Default,Default,Default,Default,Default,Default,Default,Default,Default,Default,Default,Default,Default,Default,Default,Default,Default,Default,Default,Default,Default,Default,Default,Default,Default,Default,Default,Default,Default,Default,Default,Default,Default,Default,Default,Default,Default,DefaultJob,Dimension=128&Quantisation=Int8,1,Workload,Warmup,10,673336668,3,224445556,100,0,0,140000104
VectorQuantisationBenchmarks.'Lucene.NET flat scan',Rowles.LeanCorpus.Benchmarks,VectorQuantisationBenchmarks,'Lucene.NET flat scan',DefaultJob,Default,Default,Default,Default,Default,Default,Default,Default,Default,Default,Default,Default,Default,Default,Default,Default,Default,Default,Default,Default,Default,Default,Default,Default,Default,Default,Default,Default,Default,Default,Default,Default,Default,Default,Default,Default,Default,Default,Default,Default,Default,DefaultJob,Dimension=128&Quantisation=Int8,1,Workload,Warmup,11,671935868,3,223978622.67,100,0,0,140000104
VectorQuantisationBenchmarks.'Lucene.NET flat scan',Rowles.LeanCorpus.Benchmarks,VectorQuantisationBenchmarks,'Lucene.NET flat scan',DefaultJob,Default,Default,Default,Default,Default,Default,Default,Default,Default,Default,Default,Default,Default,Default,Default,Default,Default,Default,Default,Default,Default,Default,Default,Default,Default,Default,Default,Default,Default,Default,Default,Default,Default,Default,Default,Default,Default,Default,Default,Default,Default,DefaultJob,Dimension=128&Quantisation=Int8,1,Workload,Actual,1,674263662,3,224754554,100,0,0,140000104
VectorQuantisationBenchmarks.'Lucene.NET flat scan',Rowles.LeanCorpus.Benchmarks,VectorQuantisationBenchmarks,'Lucene.NET flat scan',DefaultJob,Default,Default,Default,Default,Default,Default,Default,Default,Default,Default,Default,Default,Default,Default,Default,Default,Default,Default,Default,Default,Default,Default,Default,Default,Default,Default,Default,Default,Default,Default,Default,Default,Default,Default,Default,Default,Default,Default,Default,Default,Default,DefaultJob,Dimension=128&Quantisation=Int8,1,Workload,Actual,2,672590797,3,224196932.33,100,0,0,140000104
VectorQuantisationBenchmarks.'Lucene.NET flat scan',Rowles.LeanCorpus.Benchmarks,VectorQuantisationBenchmarks,'Lucene.NET flat scan',DefaultJob,Default,Default,Default,Default,Default,Default,Default,Default,Default,Default,Default,Default,Default,Default,Default,Default,Default,Default,Default,Default,Default,Default,Default,Default,Default,Default,Default,Default,Default,Default,Default,Default,Default,Default,Default,Default,Default,Default,Default,Default,Default,DefaultJob,Dimension=128&Quantisation=Int8,1,Workload,Actual,3,672566460,3,224188820,100,0,0,140000104
VectorQuantisationBenchmarks.'Lucene.NET flat scan',Rowles.LeanCorpus.Benchmarks,VectorQuantisationBenchmarks,'Lucene.NET flat scan',DefaultJob,Default,Default,Default,Default,Default,Default,Default,Default,Default,Default,Default,Default,Default,Default,Default,Default,Default,Default,Default,Default,Default,Default,Default,Default,Default,Default,Default,Default,Default,Default,Default,Default,Default,Default,Default,Default,Default,Default,Default,Default,Default,DefaultJob,Dimension=128&Quantisation=Int8,1,Workload,Actual,4,670147434,3,223382478,100,0,0,140000104
VectorQuantisationBenchmarks.'Lucene.NET flat scan',Rowles.LeanCorpus.Benchmarks,VectorQuantisationBenchmarks,'Lucene.NET flat scan',DefaultJob,Default,Default,Default,Default,Default,Default,Default,Default,Default,Default,Default,Default,Default,Default,Default,Default,Default,Default,Default,Default,Default,Default,Default,Default,Default,Default,Default,Default,Default,Default,Default,Default,Default,Default,Default,Default,Default,Default,Default,Default,Default,DefaultJob,Dimension=128&Quantisation=Int8,1,Workload,Actual,5,658919535,3,219639845,100,0,0,140000104
VectorQuantisationBenchmarks.'Lucene.NET flat scan',Rowles.LeanCorpus.Benchmarks,VectorQuantisationBenchmarks,'Lucene.NET flat scan',DefaultJob,Default,Default,Default,Default,Default,Default,Default,Default,Default,Default,Default,Default,Default,Default,Default,Default,Default,Default,Default,Default,Default,Default,Default,Default,Default,Default,Default,Default,Default,Default,Default,Default,Default,Default,Default,Default,Default,Default,Default,Default,Default,DefaultJob,Dimension=128&Quantisation=Int8,1,Workload,Actual,6,660049632,3,220016544,100,0,0,140000104
VectorQuantisationBenchmarks.'Lucene.NET flat scan',Rowles.LeanCorpus.Benchmarks,VectorQuantisationBenchmarks,'Lucene.NET flat scan',DefaultJob,Default,Default,Default,Default,Default,Default,Default,Default,Default,Default,Default,Default,Default,Default,Default,Default,Default,Default,Default,Default,Default,Default,Default,Default,Default,Default,Default,Default,Default,Default,Default,Default,Default,Default,Default,Default,Default,Default,Default,Default,Default,DefaultJob,Dimension=128&Quantisation=Int8,1,Workload,Actual,7,661000192,3,220333397.33,100,0,0,140000104
VectorQuantisationBenchmarks.'Lucene.NET flat scan',Rowles.LeanCorpus.Benchmarks,VectorQuantisationBenchmarks,'Lucene.NET flat scan',DefaultJob,Default,Default,Default,Default,Default,Default,Default,Default,Default,Default,Default,Default,Default,Default,Default,Default,Default,Default,Default,Default,Default,Default,Default,Default,Default,Default,Default,Default,Default,Default,Default,Default,Default,Default,Default,Default,Default,Default,Default,Default,Default,DefaultJob,Dimension=128&Quantisation=Int8,1,Workload,Actual,8,667013177,3,222337725.67,100,0,0,140000104
VectorQuantisationBenchmarks.'Lucene.NET flat scan',Rowles.LeanCorpus.Benchmarks,VectorQuantisationBenchmarks,'Lucene.NET flat scan',DefaultJob,Default,Default,Default,Default,Default,Default,Default,Default,Default,Default,Default,Default,Default,Default,Default,Default,Default,Default,Default,Default,Default,Default,Default,Default,Default,Default,Default,Default,Default,Default,Default,Default,Default,Default,Default,Default,Default,Default,Default,Default,Default,DefaultJob,Dimension=128&Quantisation=Int8,1,Workload,Actual,9,663678457,3,221226152.33,100,0,0,140000104
VectorQuantisationBenchmarks.'Lucene.NET flat scan',Rowles.LeanCorpus.Benchmarks,VectorQuantisationBenchmarks,'Lucene.NET flat scan',DefaultJob,Default,Default,Default,Default,Default,Default,Default,Default,Default,Default,Default,Default,Default,Default,Default,Default,Default,Default,Default,Default,Default,Default,Default,Default,Default,Default,Default,Default,Default,Default,Default,Default,Default,Default,Default,Default,Default,Default,Default,Default,Default,DefaultJob,Dimension=128&Quantisation=Int8,1,Workload,Actual,10,669636192,3,223212064,100,0,0,140000104
VectorQuantisationBenchmarks.'Lucene.NET flat scan',Rowles.LeanCorpus.Benchmarks,VectorQuantisationBenchmarks,'Lucene.NET flat scan',DefaultJob,Default,Default,Default,Default,Default,Default,Default,Default,Default,Default,Default,Default,Default,Default,Default,Default,Default,Default,Default,Default,Default,Default,Default,Default,Default,Default,Default,Default,Default,Default,Default,Default,Default,Default,Default,Default,Default,Default,Default,Default,Default,DefaultJob,Dimension=128&Quantisation=Int8,1,Workload,Actual,11,670049258,3,223349752.67,100,0,0,140000104
VectorQuantisationBenchmarks.'Lucene.NET flat scan',Rowles.LeanCorpus.Benchmarks,VectorQuantisationBenchmarks,'Lucene.NET flat scan',DefaultJob,Default,Default,Default,Default,Default,Default,Default,Default,Default,Default,Default,Default,Default,Default,Default,Default,Default,Default,Default,Default,Default,Default,Default,Default,Default,Default,Default,Default,Default,Default,Default,Default,Default,Default,Default,Default,Default,Default,Default,Default,Default,DefaultJob,Dimension=128&Quantisation=Int8,1,Workload,Actual,12,669626250,3,223208750,100,0,0,140000104
VectorQuantisationBenchmarks.'Lucene.NET flat scan',Rowles.LeanCorpus.Benchmarks,VectorQuantisationBenchmarks,'Lucene.NET flat scan',DefaultJob,Default,Default,Default,Default,Default,Default,Default,Default,Default,Default,Default,Default,Default,Default,Default,Default,Default,Default,Default,Default,Default,Default,Default,Default,Default,Default,Default,Default,Default,Default,Default,Default,Default,Default,Default,Default,Default,Default,Default,Default,Default,DefaultJob,Dimension=128&Quantisation=Int8,1,Workload,Actual,13,673208031,3,224402677,100,0,0,140000104
VectorQuantisationBenchmarks.'Lucene.NET flat scan',Rowles.LeanCorpus.Benchmarks,VectorQuantisationBenchmarks,'Lucene.NET flat scan',DefaultJob,Default,Default,Default,Default,Default,Default,Default,Default,Default,Default,Default,Default,Default,Default,Default,Default,Default,Default,Default,Default,Default,Default,Default,Default,Default,Default,Default,Default,Default,Default,Default,Default,Default,Default,Default,Default,Default,Default,Default,Default,Default,DefaultJob,Dimension=128&Quantisation=Int8,1,Workload,Actual,14,674218216,3,224739405.33,100,0,0,140000104
VectorQuantisationBenchmarks.'Lucene.NET flat scan',Rowles.LeanCorpus.Benchmarks,VectorQuantisationBenchmarks,'Lucene.NET flat scan',DefaultJob,Default,Default,Default,Default,Default,Default,Default,Default,Default,Default,Default,Default,Default,Default,Default,Default,Default,Default,Default,Default,Default,Default,Default,Default,Default,Default,Default,Default,Default,Default,Default,Default,Default,Default,Default,Default,Default,Default,Default,Default,Default,DefaultJob,Dimension=128&Quantisation=Int8,1,Workload,Actual,15,675183557,3,225061185.67,100,0,0,140000104
VectorQuantisationBenchmarks.'Lucene.NET flat scan',Rowles.LeanCorpus.Benchmarks,VectorQuantisationBenchmarks,'Lucene.NET flat scan',DefaultJob,Default,Default,Default,Default,Default,Default,Default,Default,Default,Default,Default,Default,Default,Default,Default,Default,Default,Default,Default,Default,Default,Default,Default,Default,Default,Default,Default,Default,Default,Default,Default,Default,Default,Default,Default,Default,Default,Default,Default,Default,Default,DefaultJob,Dimension=128&Quantisation=Int8,1,Workload,Extra,1,674905927,3,224968642.33,100,0,0,140000104
VectorQuantisationBenchmarks.'Lucene.NET flat scan',Rowles.LeanCorpus.Benchmarks,VectorQuantisationBenchmarks,'Lucene.NET flat scan',DefaultJob,Default,Default,Default,Default,Default,Default,Default,Default,Default,Default,Default,Default,Default,Default,Default,Default,Default,Default,Default,Default,Default,Default,Default,Default,Default,Default,Default,Default,Default,Default,Default,Default,Default,Default,Default,Default,Default,Default,Default,Default,Default,DefaultJob,Dimension=128&Quantisation=Int8,1,Workload,Result,1,674263662,3,224754554,100,0,0,140000104
VectorQuantisationBenchmarks.'Lucene.NET flat scan',Rowles.LeanCorpus.Benchmarks,VectorQuantisationBenchmarks,'Lucene.NET flat scan',DefaultJob,Default,Default,Default,Default,Default,Default,Default,Default,Default,Default,Default,Default,Default,Default,Default,Default,Default,Default,Default,Default,Default,Default,Default,Default,Default,Default,Default,Default,Default,Default,Default,Default,Default,Default,Default,Default,Default,Default,Default,Default,Default,DefaultJob,Dimension=128&Quantisation=Int8,1,Workload,Result,2,672590797,3,224196932.33,100,0,0,140000104
VectorQuantisationBenchmarks.'Lucene.NET flat scan',Rowles.LeanCorpus.Benchmarks,VectorQuantisationBenchmarks,'Lucene.NET flat scan',DefaultJob,Default,Default,Default,Default,Default,Default,Default,Default,Default,Default,Default,Default,Default,Default,Default,Default,Default,Default,Default,Default,Default,Default,Default,Default,Default,Default,Default,Default,Default,Default,Default,Default,Default,Default,Default,Default,Default,Default,Default,Default,Default,DefaultJob,Dimension=128&Quantisation=Int8,1,Workload,Result,3,672566460,3,224188820,100,0,0,140000104
VectorQuantisationBenchmarks.'Lucene.NET flat scan',Rowles.LeanCorpus.Benchmarks,VectorQuantisationBenchmarks,'Lucene.NET flat scan',DefaultJob,Default,Default,Default,Default,Default,Default,Default,Default,Default,Default,Default,Default,Default,Default,Default,Default,Default,Default,Default,Default,Default,Default,Default,Default,Default,Default,Default,Default,Default,Default,Default,Default,Default,Default,Default,Default,Default,Default,Default,Default,Default,DefaultJob,Dimension=128&Quantisation=Int8,1,Workload,Result,4,670147434,3,223382478,100,0,0,140000104
VectorQuantisationBenchmarks.'Lucene.NET flat scan',Rowles.LeanCorpus.Benchmarks,VectorQuantisationBenchmarks,'Lucene.NET flat scan',DefaultJob,Default,Default,Default,Default,Default,Default,Default,Default,Default,Default,Default,Default,Default,Default,Default,Default,Default,Default,Default,Default,Default,Default,Default,Default,Default,Default,Default,Default,Default,Default,Default,Default,Default,Default,Default,Default,Default,Default,Default,Default,Default,DefaultJob,Dimension=128&Quantisation=Int8,1,Workload,Result,5,658919535,3,219639845,100,0,0,140000104
VectorQuantisationBenchmarks.'Lucene.NET flat scan',Rowles.LeanCorpus.Benchmarks,VectorQuantisationBenchmarks,'Lucene.NET flat scan',DefaultJob,Default,Default,Default,Default,Default,Default,Default,Default,Default,Default,Default,Default,Default,Default,Default,Default,Default,Default,Default,Default,Default,Default,Default,Default,Default,Default,Default,Default,Default,Default,Default,Default,Default,Default,Default,Default,Default,Default,Default,Default,Default,DefaultJob,Dimension=128&Quantisation=Int8,1,Workload,Result,6,660049632,3,220016544,100,0,0,140000104
VectorQuantisationBenchmarks.'Lucene.NET flat scan',Rowles.LeanCorpus.Benchmarks,VectorQuantisationBenchmarks,'Lucene.NET flat scan',DefaultJob,Default,Default,Default,Default,Default,Default,Default,Default,Default,Default,Default,Default,Default,Default,Default,Default,Default,Default,Default,Default,Default,Default,Default,Default,Default,Default,Default,Default,Default,Default,Default,Default,Default,Default,Default,Default,Default,Default,Default,Default,Default,DefaultJob,Dimension=128&Quantisation=Int8,1,Workload,Result,7,661000192,3,220333397.33,100,0,0,140000104
VectorQuantisationBenchmarks.'Lucene.NET flat scan',Rowles.LeanCorpus.Benchmarks,VectorQuantisationBenchmarks,'Lucene.NET flat scan',DefaultJob,Default,Default,Default,Default,Default,Default,Default,Default,Default,Default,Default,Default,Default,Default,Default,Default,Default,Default,Default,Default,Default,Default,Default,Default,Default,Default,Default,Default,Default,Default,Default,Default,Default,Default,Default,Default,Default,Default,Default,Default,Default,DefaultJob,Dimension=128&Quantisation=Int8,1,Workload,Result,8,667013177,3,222337725.67,100,0,0,140000104
VectorQuantisationBenchmarks.'Lucene.NET flat scan',Rowles.LeanCorpus.Benchmarks,VectorQuantisationBenchmarks,'Lucene.NET flat scan',DefaultJob,Default,Default,Default,Default,Default,Default,Default,Default,Default,Default,Default,Default,Default,Default,Default,Default,Default,Default,Default,Default,Default,Default,Default,Default,Default,Default,Default,Default,Default,Default,Default,Default,Default,Default,Default,Default,Default,Default,Default,Default,Default,DefaultJob,Dimension=128&Quantisation=Int8,1,Workload,Result,9,663678457,3,221226152.33,100,0,0,140000104
VectorQuantisationBenchmarks.'Lucene.NET flat scan',Rowles.LeanCorpus.Benchmarks,VectorQuantisationBenchmarks,'Lucene.NET flat scan',DefaultJob,Default,Default,Default,Default,Default,Default,Default,Default,Default,Default,Default,Default,Default,Default,Default,Default,Default,Default,Default,Default,Default,Default,Default,Default,Default,Default,Default,Default,Default,Default,Default,Default,Default,Default,Default,Default,Default,Default,Default,Default,Default,DefaultJob,Dimension=128&Quantisation=Int8,1,Workload,Result,10,669636192,3,223212064,100,0,0,140000104
VectorQuantisationBenchmarks.'Lucene.NET flat scan',Rowles.LeanCorpus.Benchmarks,VectorQuantisationBenchmarks,'Lucene.NET flat scan',DefaultJob,Default,Default,Default,Default,Default,Default,Default,Default,Default,Default,Default,Default,Default,Default,Default,Default,Default,Default,Default,Default,Default,Default,Default,Default,Default,Default,Default,Default,Default,Default,Default,Default,Default,Default,Default,Default,Default,Default,Default,Default,Default,DefaultJob,Dimension=128&Quantisation=Int8,1,Workload,Result,11,670049258,3,223349752.67,100,0,0,140000104
VectorQuantisationBenchmarks.'Lucene.NET flat scan',Rowles.LeanCorpus.Benchmarks,VectorQuantisationBenchmarks,'Lucene.NET flat scan',DefaultJob,Default,Default,Default,Default,Default,Default,Default,Default,Default,Default,Default,Default,Default,Default,Default,Default,Default,Default,Default,Default,Default,Default,Default,Default,Default,Default,Default,Default,Default,Default,Default,Default,Default,Default,Default,Default,Default,Default,Default,Default,Default,DefaultJob,Dimension=128&Quantisation=Int8,1,Workload,Result,12,669626250,3,223208750,100,0,0,140000104
VectorQuantisationBenchmarks.'Lucene.NET flat scan',Rowles.LeanCorpus.Benchmarks,VectorQuantisationBenchmarks,'Lucene.NET flat scan',DefaultJob,Default,Default,Default,Default,Default,Default,Default,Default,Default,Default,Default,Default,Default,Default,Default,Default,Default,Default,Default,Default,Default,Default,Default,Default,Default,Default,Default,Default,Default,Default,Default,Default,Default,Default,Default,Default,Default,Default,Default,Default,Default,DefaultJob,Dimension=128&Quantisation=Int8,1,Workload,Result,13,673208031,3,224402677,100,0,0,140000104
VectorQuantisationBenchmarks.'Lucene.NET flat scan',Rowles.LeanCorpus.Benchmarks,VectorQuantisationBenchmarks,'Lucene.NET flat scan',DefaultJob,Default,Default,Default,Default,Default,Default,Default,Default,Default,Default,Default,Default,Default,Default,Default,Default,Default,Default,Default,Default,Default,Default,Default,Default,Default,Default,Default,Default,Default,Default,Default,Default,Default,Default,Default,Default,Default,Default,Default,Default,Default,DefaultJob,Dimension=128&Quantisation=Int8,1,Workload,Result,14,674218216,3,224739405.33,100,0,0,140000104
VectorQuantisationBenchmarks.'Lucene.NET flat scan',Rowles.LeanCorpus.Benchmarks,VectorQuantisationBenchmarks,'Lucene.NET flat scan',DefaultJob,Default,Default,Default,Default,Default,Default,Default,Default,Default,Default,Default,Default,Default,Default,Default,Default,Default,Default,Default,Default,Default,Default,Default,Default,Default,Default,Default,Default,Default,Default,Default,Default,Default,Default,Default,Default,Default,Default,Default,Default,Default,DefaultJob,Dimension=128&Quantisation=Int8,1,Workload,Result,15,675183557,3,225061185.67,100,0,0,140000104
VectorQuantisationBenchmarks.'HNSW search',Rowles.LeanCorpus.Benchmarks,VectorQuantisationBenchmarks,'HNSW search',DefaultJob,Default,Default,Default,Default,Default,Default,Default,Default,Default,Default,Default,Default,Default,Default,Default,Default,Default,Default,Default,Default,Default,Default,Default,Default,Default,Default,Default,Default,Default,Default,Default,Default,Default,Default,Default,Default,Default,Default,Default,Default,Default,DefaultJob,Dimension=128&Quantisation=BBQ,1,Workload,Jitting,1,7577684,1,7577684,1,0,0,48076
VectorQuantisationBenchmarks.'HNSW search',Rowles.LeanCorpus.Benchmarks,VectorQuantisationBenchmarks,'HNSW search',DefaultJob,Default,Default,Default,Default,Default,Default,Default,Default,Default,Default,Default,Default,Default,Default,Default,Default,Default,Default,Default,Default,Default,Default,Default,Default,Default,Default,Default,Default,Default,Default,Default,Default,Default,Default,Default,Default,Default,Default,Default,Default,Default,DefaultJob,Dimension=128&Quantisation=BBQ,1,Workload,Jitting,2,178006041,30,5933534.7,1,0,0,48076
VectorQuantisationBenchmarks.'HNSW search',Rowles.LeanCorpus.Benchmarks,VectorQuantisationBenchmarks,'HNSW search',DefaultJob,Default,Default,Default,Default,Default,Default,Default,Default,Default,Default,Default,Default,Default,Default,Default,Default,Default,Default,Default,Default,Default,Default,Default,Default,Default,Default,Default,Default,Default,Default,Default,Default,Default,Default,Default,Default,Default,Default,Default,Default,Default,DefaultJob,Dimension=128&Quantisation=BBQ,1,Workload,Jitting,3,178993113,30,5966437.1,1,0,0,48076
VectorQuantisationBenchmarks.'HNSW search',Rowles.LeanCorpus.Benchmarks,VectorQuantisationBenchmarks,'HNSW search',DefaultJob,Default,Default,Default,Default,Default,Default,Default,Default,Default,Default,Default,Default,Default,Default,Default,Default,Default,Default,Default,Default,Default,Default,Default,Default,Default,Default,Default,Default,Default,Default,Default,Default,Default,Default,Default,Default,Default,Default,Default,Default,Default,DefaultJob,Dimension=128&Quantisation=BBQ,1,Workload,Jitting,4,176050487,30,5868349.57,1,0,0,48076
VectorQuantisationBenchmarks.'HNSW search',Rowles.LeanCorpus.Benchmarks,VectorQuantisationBenchmarks,'HNSW search',DefaultJob,Default,Default,Default,Default,Default,Default,Default,Default,Default,Default,Default,Default,Default,Default,Default,Default,Default,Default,Default,Default,Default,Default,Default,Default,Default,Default,Default,Default,Default,Default,Default,Default,Default,Default,Default,Default,Default,Default,Default,Default,Default,DefaultJob,Dimension=128&Quantisation=BBQ,1,Workload,Jitting,5,7292971,1,7292971,1,0,0,48076
VectorQuantisationBenchmarks.'HNSW search',Rowles.LeanCorpus.Benchmarks,VectorQuantisationBenchmarks,'HNSW search',DefaultJob,Default,Default,Default,Default,Default,Default,Default,Default,Default,Default,Default,Default,Default,Default,Default,Default,Default,Default,Default,Default,Default,Default,Default,Default,Default,Default,Default,Default,Default,Default,Default,Default,Default,Default,Default,Default,Default,Default,Default,Default,Default,DefaultJob,Dimension=128&Quantisation=BBQ,1,Workload,Pilot,1,7226507,1,7226507,1,0,0,48076
VectorQuantisationBenchmarks.'HNSW search',Rowles.LeanCorpus.Benchmarks,VectorQuantisationBenchmarks,'HNSW search',DefaultJob,Default,Default,Default,Default,Default,Default,Default,Default,Default,Default,Default,Default,Default,Default,Default,Default,Default,Default,Default,Default,Default,Default,Default,Default,Default,Default,Default,Default,Default,Default,Default,Default,Default,Default,Default,Default,Default,Default,Default,Default,Default,DefaultJob,Dimension=128&Quantisation=BBQ,1,Workload,Pilot,1,95667483,16,5979217.69,1,0,0,48076
VectorQuantisationBenchmarks.'HNSW search',Rowles.LeanCorpus.Benchmarks,VectorQuantisationBenchmarks,'HNSW search',DefaultJob,Default,Default,Default,Default,Default,Default,Default,Default,Default,Default,Default,Default,Default,Default,Default,Default,Default,Default,Default,Default,Default,Default,Default,Default,Default,Default,Default,Default,Default,Default,Default,Default,Default,Default,Default,Default,Default,Default,Default,Default,Default,DefaultJob,Dimension=128&Quantisation=BBQ,1,Workload,Pilot,2,188315218,32,5884850.56,1,0,0,48076
VectorQuantisationBenchmarks.'HNSW search',Rowles.LeanCorpus.Benchmarks,VectorQuantisationBenchmarks,'HNSW search',DefaultJob,Default,Default,Default,Default,Default,Default,Default,Default,Default,Default,Default,Default,Default,Default,Default,Default,Default,Default,Default,Default,Default,Default,Default,Default,Default,Default,Default,Default,Default,Default,Default,Default,Default,Default,Default,Default,Default,Default,Default,Default,Default,DefaultJob,Dimension=128&Quantisation=BBQ,1,Workload,Pilot,3,369433332,64,5772395.81,1,0,0,48076
VectorQuantisationBenchmarks.'HNSW search',Rowles.LeanCorpus.Benchmarks,VectorQuantisationBenchmarks,'HNSW search',DefaultJob,Default,Default,Default,Default,Default,Default,Default,Default,Default,Default,Default,Default,Default,Default,Default,Default,Default,Default,Default,Default,Default,Default,Default,Default,Default,Default,Default,Default,Default,Default,Default,Default,Default,Default,Default,Default,Default,Default,Default,Default,Default,DefaultJob,Dimension=128&Quantisation=BBQ,1,Workload,Pilot,4,734744558,128,5740191.86,1,0,0,48076
VectorQuantisationBenchmarks.'HNSW search',Rowles.LeanCorpus.Benchmarks,VectorQuantisationBenchmarks,'HNSW search',DefaultJob,Default,Default,Default,Default,Default,Default,Default,Default,Default,Default,Default,Default,Default,Default,Default,Default,Default,Default,Default,Default,Default,Default,Default,Default,Default,Default,Default,Default,Default,Default,Default,Default,Default,Default,Default,Default,Default,Default,Default,Default,Default,DefaultJob,Dimension=128&Quantisation=BBQ,1,Workload,Warmup,1,727304035,128,5682062.77,1,0,0,48076
VectorQuantisationBenchmarks.'HNSW search',Rowles.LeanCorpus.Benchmarks,VectorQuantisationBenchmarks,'HNSW search',DefaultJob,Default,Default,Default,Default,Default,Default,Default,Default,Default,Default,Default,Default,Default,Default,Default,Default,Default,Default,Default,Default,Default,Default,Default,Default,Default,Default,Default,Default,Default,Default,Default,Default,Default,Default,Default,Default,Default,Default,Default,Default,Default,DefaultJob,Dimension=128&Quantisation=BBQ,1,Workload,Warmup,2,722463489,128,5644246.01,1,0,0,48076
VectorQuantisationBenchmarks.'HNSW search',Rowles.LeanCorpus.Benchmarks,VectorQuantisationBenchmarks,'HNSW search',DefaultJob,Default,Default,Default,Default,Default,Default,Default,Default,Default,Default,Default,Default,Default,Default,Default,Default,Default,Default,Default,Default,Default,Default,Default,Default,Default,Default,Default,Default,Default,Default,Default,Default,Default,Default,Default,Default,Default,Default,Default,Default,Default,DefaultJob,Dimension=128&Quantisation=BBQ,1,Workload,Warmup,3,723867021,128,5655211.1,1,0,0,48076
VectorQuantisationBenchmarks.'HNSW search',Rowles.LeanCorpus.Benchmarks,VectorQuantisationBenchmarks,'HNSW search',DefaultJob,Default,Default,Default,Default,Default,Default,Default,Default,Default,Default,Default,Default,Default,Default,Default,Default,Default,Default,Default,Default,Default,Default,Default,Default,Default,Default,Default,Default,Default,Default,Default,Default,Default,Default,Default,Default,Default,Default,Default,Default,Default,DefaultJob,Dimension=128&Quantisation=BBQ,1,Workload,Warmup,4,724637661,128,5661231.73,1,0,0,48076
VectorQuantisationBenchmarks.'HNSW search',Rowles.LeanCorpus.Benchmarks,VectorQuantisationBenchmarks,'HNSW search',DefaultJob,Default,Default,Default,Default,Default,Default,Default,Default,Default,Default,Default,Default,Default,Default,Default,Default,Default,Default,Default,Default,Default,Default,Default,Default,Default,Default,Default,Default,Default,Default,Default,Default,Default,Default,Default,Default,Default,Default,Default,Default,Default,DefaultJob,Dimension=128&Quantisation=BBQ,1,Workload,Warmup,5,727181319,128,5681104.05,1,0,0,48076
VectorQuantisationBenchmarks.'HNSW search',Rowles.LeanCorpus.Benchmarks,VectorQuantisationBenchmarks,'HNSW search',DefaultJob,Default,Default,Default,Default,Default,Default,Default,Default,Default,Default,Default,Default,Default,Default,Default,Default,Default,Default,Default,Default,Default,Default,Default,Default,Default,Default,Default,Default,Default,Default,Default,Default,Default,Default,Default,Default,Default,Default,Default,Default,Default,DefaultJob,Dimension=128&Quantisation=BBQ,1,Workload,Warmup,6,721849534,128,5639449.48,1,0,0,48076
VectorQuantisationBenchmarks.'HNSW search',Rowles.LeanCorpus.Benchmarks,VectorQuantisationBenchmarks,'HNSW search',DefaultJob,Default,Default,Default,Default,Default,Default,Default,Default,Default,Default,Default,Default,Default,Default,Default,Default,Default,Default,Default,Default,Default,Default,Default,Default,Default,Default,Default,Default,Default,Default,Default,Default,Default,Default,Default,Default,Default,Default,Default,Default,Default,DefaultJob,Dimension=128&Quantisation=BBQ,1,Workload,Warmup,7,725026895,128,5664272.62,1,0,0,48076
VectorQuantisationBenchmarks.'HNSW search',Rowles.LeanCorpus.Benchmarks,VectorQuantisationBenchmarks,'HNSW search',DefaultJob,Default,Default,Default,Default,Default,Default,Default,Default,Default,Default,Default,Default,Default,Default,Default,Default,Default,Default,Default,Default,Default,Default,Default,Default,Default,Default,Default,Default,Default,Default,Default,Default,Default,Default,Default,Default,Default,Default,Default,Default,Default,DefaultJob,Dimension=128&Quantisation=BBQ,1,Workload,Warmup,8,729194934,128,5696835.42,1,0,0,48076
VectorQuantisationBenchmarks.'HNSW search',Rowles.LeanCorpus.Benchmarks,VectorQuantisationBenchmarks,'HNSW search',DefaultJob,Default,Default,Default,Default,Default,Default,Default,Default,Default,Default,Default,Default,Default,Default,Default,Default,Default,Default,Default,Default,Default,Default,Default,Default,Default,Default,Default,Default,Default,Default,Default,Default,Default,Default,Default,Default,Default,Default,Default,Default,Default,DefaultJob,Dimension=128&Quantisation=BBQ,1,Workload,Warmup,9,729095228,128,5696056.47,1,0,0,48076
VectorQuantisationBenchmarks.'HNSW search',Rowles.LeanCorpus.Benchmarks,VectorQuantisationBenchmarks,'HNSW search',DefaultJob,Default,Default,Default,Default,Default,Default,Default,Default,Default,Default,Default,Default,Default,Default,Default,Default,Default,Default,Default,Default,Default,Default,Default,Default,Default,Default,Default,Default,Default,Default,Default,Default,Default,Default,Default,Default,Default,Default,Default,Default,Default,DefaultJob,Dimension=128&Quantisation=BBQ,1,Workload,Actual,1,723827493,128,5654902.29,1,0,0,48076
VectorQuantisationBenchmarks.'HNSW search',Rowles.LeanCorpus.Benchmarks,VectorQuantisationBenchmarks,'HNSW search',DefaultJob,Default,Default,Default,Default,Default,Default,Default,Default,Default,Default,Default,Default,Default,Default,Default,Default,Default,Default,Default,Default,Default,Default,Default,Default,Default,Default,Default,Default,Default,Default,Default,Default,Default,Default,Default,Default,Default,Default,Default,Default,Default,DefaultJob,Dimension=128&Quantisation=BBQ,1,Workload,Actual,2,723140071,128,5649531.8,1,0,0,48076
VectorQuantisationBenchmarks.'HNSW search',Rowles.LeanCorpus.Benchmarks,VectorQuantisationBenchmarks,'HNSW search',DefaultJob,Default,Default,Default,Default,Default,Default,Default,Default,Default,Default,Default,Default,Default,Default,Default,Default,Default,Default,Default,Default,Default,Default,Default,Default,Default,Default,Default,Default,Default,Default,Default,Default,Default,Default,Default,Default,Default,Default,Default,Default,Default,DefaultJob,Dimension=128&Quantisation=BBQ,1,Workload,Actual,3,728271972,128,5689624.78,1,0,0,48076
VectorQuantisationBenchmarks.'HNSW search',Rowles.LeanCorpus.Benchmarks,VectorQuantisationBenchmarks,'HNSW search',DefaultJob,Default,Default,Default,Default,Default,Default,Default,Default,Default,Default,Default,Default,Default,Default,Default,Default,Default,Default,Default,Default,Default,Default,Default,Default,Default,Default,Default,Default,Default,Default,Default,Default,Default,Default,Default,Default,Default,Default,Default,Default,Default,DefaultJob,Dimension=128&Quantisation=BBQ,1,Workload,Actual,4,721826862,128,5639272.36,1,0,0,48076
VectorQuantisationBenchmarks.'HNSW search',Rowles.LeanCorpus.Benchmarks,VectorQuantisationBenchmarks,'HNSW search',DefaultJob,Default,Default,Default,Default,Default,Default,Default,Default,Default,Default,Default,Default,Default,Default,Default,Default,Default,Default,Default,Default,Default,Default,Default,Default,Default,Default,Default,Default,Default,Default,Default,Default,Default,Default,Default,Default,Default,Default,Default,Default,Default,DefaultJob,Dimension=128&Quantisation=BBQ,1,Workload,Actual,5,725402864,128,5667209.88,1,0,0,48076
VectorQuantisationBenchmarks.'HNSW search',Rowles.LeanCorpus.Benchmarks,VectorQuantisationBenchmarks,'HNSW search',DefaultJob,Default,Default,Default,Default,Default,Default,Default,Default,Default,Default,Default,Default,Default,Default,Default,Default,Default,Default,Default,Default,Default,Default,Default,Default,Default,Default,Default,Default,Default,Default,Default,Default,Default,Default,Default,Default,Default,Default,Default,Default,Default,DefaultJob,Dimension=128&Quantisation=BBQ,1,Workload,Actual,6,712584072,128,5567063.06,1,0,0,48076
VectorQuantisationBenchmarks.'HNSW search',Rowles.LeanCorpus.Benchmarks,VectorQuantisationBenchmarks,'HNSW search',DefaultJob,Default,Default,Default,Default,Default,Default,Default,Default,Default,Default,Default,Default,Default,Default,Default,Default,Default,Default,Default,Default,Default,Default,Default,Default,Default,Default,Default,Default,Default,Default,Default,Default,Default,Default,Default,Default,Default,Default,Default,Default,Default,DefaultJob,Dimension=128&Quantisation=BBQ,1,Workload,Actual,7,713207014,128,5571929.8,1,0,0,48076
VectorQuantisationBenchmarks.'HNSW search',Rowles.LeanCorpus.Benchmarks,VectorQuantisationBenchmarks,'HNSW search',DefaultJob,Default,Default,Default,Default,Default,Default,Default,Default,Default,Default,Default,Default,Default,Default,Default,Default,Default,Default,Default,Default,Default,Default,Default,Default,Default,Default,Default,Default,Default,Default,Default,Default,Default,Default,Default,Default,Default,Default,Default,Default,Default,DefaultJob,Dimension=128&Quantisation=BBQ,1,Workload,Actual,8,710580153,128,5551407.45,1,0,0,48076
VectorQuantisationBenchmarks.'HNSW search',Rowles.LeanCorpus.Benchmarks,VectorQuantisationBenchmarks,'HNSW search',DefaultJob,Default,Default,Default,Default,Default,Default,Default,Default,Default,Default,Default,Default,Default,Default,Default,Default,Default,Default,Default,Default,Default,Default,Default,Default,Default,Default,Default,Default,Default,Default,Default,Default,Default,Default,Default,Default,Default,Default,Default,Default,Default,DefaultJob,Dimension=128&Quantisation=BBQ,1,Workload,Actual,9,723537484,128,5652636.59,1,0,0,48076
VectorQuantisationBenchmarks.'HNSW search',Rowles.LeanCorpus.Benchmarks,VectorQuantisationBenchmarks,'HNSW search',DefaultJob,Default,Default,Default,Default,Default,Default,Default,Default,Default,Default,Default,Default,Default,Default,Default,Default,Default,Default,Default,Default,Default,Default,Default,Default,Default,Default,Default,Default,Default,Default,Default,Default,Default,Default,Default,Default,Default,Default,Default,Default,Default,DefaultJob,Dimension=128&Quantisation=BBQ,1,Workload,Actual,10,726219607,128,5673590.68,1,0,0,48076
VectorQuantisationBenchmarks.'HNSW search',Rowles.LeanCorpus.Benchmarks,VectorQuantisationBenchmarks,'HNSW search',DefaultJob,Default,Default,Default,Default,Default,Default,Default,Default,Default,Default,Default,Default,Default,Default,Default,Default,Default,Default,Default,Default,Default,Default,Default,Default,Default,Default,Default,Default,Default,Default,Default,Default,Default,Default,Default,Default,Default,Default,Default,Default,Default,DefaultJob,Dimension=128&Quantisation=BBQ,1,Workload,Actual,11,728815486,128,5693870.98,1,0,0,48076
VectorQuantisationBenchmarks.'HNSW search',Rowles.LeanCorpus.Benchmarks,VectorQuantisationBenchmarks,'HNSW search',DefaultJob,Default,Default,Default,Default,Default,Default,Default,Default,Default,Default,Default,Default,Default,Default,Default,Default,Default,Default,Default,Default,Default,Default,Default,Default,Default,Default,Default,Default,Default,Default,Default,Default,Default,Default,Default,Default,Default,Default,Default,Default,Default,DefaultJob,Dimension=128&Quantisation=BBQ,1,Workload,Actual,12,722716949,128,5646226.16,1,0,0,48076
VectorQuantisationBenchmarks.'HNSW search',Rowles.LeanCorpus.Benchmarks,VectorQuantisationBenchmarks,'HNSW search',DefaultJob,Default,Default,Default,Default,Default,Default,Default,Default,Default,Default,Default,Default,Default,Default,Default,Default,Default,Default,Default,Default,Default,Default,Default,Default,Default,Default,Default,Default,Default,Default,Default,Default,Default,Default,Default,Default,Default,Default,Default,Default,Default,DefaultJob,Dimension=128&Quantisation=BBQ,1,Workload,Actual,13,725901714,128,5671107.14,1,0,0,48076
VectorQuantisationBenchmarks.'HNSW search',Rowles.LeanCorpus.Benchmarks,VectorQuantisationBenchmarks,'HNSW search',DefaultJob,Default,Default,Default,Default,Default,Default,Default,Default,Default,Default,Default,Default,Default,Default,Default,Default,Default,Default,Default,Default,Default,Default,Default,Default,Default,Default,Default,Default,Default,Default,Default,Default,Default,Default,Default,Default,Default,Default,Default,Default,Default,DefaultJob,Dimension=128&Quantisation=BBQ,1,Workload,Actual,14,729754915,128,5701210.27,1,0,0,48076
VectorQuantisationBenchmarks.'HNSW search',Rowles.LeanCorpus.Benchmarks,VectorQuantisationBenchmarks,'HNSW search',DefaultJob,Default,Default,Default,Default,Default,Default,Default,Default,Default,Default,Default,Default,Default,Default,Default,Default,Default,Default,Default,Default,Default,Default,Default,Default,Default,Default,Default,Default,Default,Default,Default,Default,Default,Default,Default,Default,Default,Default,Default,Default,Default,DefaultJob,Dimension=128&Quantisation=BBQ,1,Workload,Actual,15,725669007,128,5669289.12,1,0,0,48076
VectorQuantisationBenchmarks.'HNSW search',Rowles.LeanCorpus.Benchmarks,VectorQuantisationBenchmarks,'HNSW search',DefaultJob,Default,Default,Default,Default,Default,Default,Default,Default,Default,Default,Default,Default,Default,Default,Default,Default,Default,Default,Default,Default,Default,Default,Default,Default,Default,Default,Default,Default,Default,Default,Default,Default,Default,Default,Default,Default,Default,Default,Default,Default,Default,DefaultJob,Dimension=128&Quantisation=BBQ,1,Workload,Extra,1,721735225,128,5638556.45,1,0,0,48076
VectorQuantisationBenchmarks.'HNSW search',Rowles.LeanCorpus.Benchmarks,VectorQuantisationBenchmarks,'HNSW search',DefaultJob,Default,Default,Default,Default,Default,Default,Default,Default,Default,Default,Default,Default,Default,Default,Default,Default,Default,Default,Default,Default,Default,Default,Default,Default,Default,Default,Default,Default,Default,Default,Default,Default,Default,Default,Default,Default,Default,Default,Default,Default,Default,DefaultJob,Dimension=128&Quantisation=BBQ,1,Workload,Result,1,723827493,128,5654902.29,1,0,0,48076
VectorQuantisationBenchmarks.'HNSW search',Rowles.LeanCorpus.Benchmarks,VectorQuantisationBenchmarks,'HNSW search',DefaultJob,Default,Default,Default,Default,Default,Default,Default,Default,Default,Default,Default,Default,Default,Default,Default,Default,Default,Default,Default,Default,Default,Default,Default,Default,Default,Default,Default,Default,Default,Default,Default,Default,Default,Default,Default,Default,Default,Default,Default,Default,Default,DefaultJob,Dimension=128&Quantisation=BBQ,1,Workload,Result,2,723140071,128,5649531.8,1,0,0,48076
VectorQuantisationBenchmarks.'HNSW search',Rowles.LeanCorpus.Benchmarks,VectorQuantisationBenchmarks,'HNSW search',DefaultJob,Default,Default,Default,Default,Default,Default,Default,Default,Default,Default,Default,Default,Default,Default,Default,Default,Default,Default,Default,Default,Default,Default,Default,Default,Default,Default,Default,Default,Default,Default,Default,Default,Default,Default,Default,Default,Default,Default,Default,Default,Default,DefaultJob,Dimension=128&Quantisation=BBQ,1,Workload,Result,3,728271972,128,5689624.78,1,0,0,48076
VectorQuantisationBenchmarks.'HNSW search',Rowles.LeanCorpus.Benchmarks,VectorQuantisationBenchmarks,'HNSW search',DefaultJob,Default,Default,Default,Default,Default,Default,Default,Default,Default,Default,Default,Default,Default,Default,Default,Default,Default,Default,Default,Default,Default,Default,Default,Default,Default,Default,Default,Default,Default,Default,Default,Default,Default,Default,Default,Default,Default,Default,Default,Default,Default,DefaultJob,Dimension=128&Quantisation=BBQ,1,Workload,Result,4,721826862,128,5639272.36,1,0,0,48076
VectorQuantisationBenchmarks.'HNSW search',Rowles.LeanCorpus.Benchmarks,VectorQuantisationBenchmarks,'HNSW search',DefaultJob,Default,Default,Default,Default,Default,Default,Default,Default,Default,Default,Default,Default,Default,Default,Default,Default,Default,Default,Default,Default,Default,Default,Default,Default,Default,Default,Default,Default,Default,Default,Default,Default,Default,Default,Default,Default,Default,Default,Default,Default,Default,DefaultJob,Dimension=128&Quantisation=BBQ,1,Workload,Result,5,725402864,128,5667209.88,1,0,0,48076
VectorQuantisationBenchmarks.'HNSW search',Rowles.LeanCorpus.Benchmarks,VectorQuantisationBenchmarks,'HNSW search',DefaultJob,Default,Default,Default,Default,Default,Default,Default,Default,Default,Default,Default,Default,Default,Default,Default,Default,Default,Default,Default,Default,Default,Default,Default,Default,Default,Default,Default,Default,Default,Default,Default,Default,Default,Default,Default,Default,Default,Default,Default,Default,Default,DefaultJob,Dimension=128&Quantisation=BBQ,1,Workload,Result,6,712584072,128,5567063.06,1,0,0,48076
VectorQuantisationBenchmarks.'HNSW search',Rowles.LeanCorpus.Benchmarks,VectorQuantisationBenchmarks,'HNSW search',DefaultJob,Default,Default,Default,Default,Default,Default,Default,Default,Default,Default,Default,Default,Default,Default,Default,Default,Default,Default,Default,Default,Default,Default,Default,Default,Default,Default,Default,Default,Default,Default,Default,Default,Default,Default,Default,Default,Default,Default,Default,Default,Default,DefaultJob,Dimension=128&Quantisation=BBQ,1,Workload,Result,7,713207014,128,5571929.8,1,0,0,48076
VectorQuantisationBenchmarks.'HNSW search',Rowles.LeanCorpus.Benchmarks,VectorQuantisationBenchmarks,'HNSW search',DefaultJob,Default,Default,Default,Default,Default,Default,Default,Default,Default,Default,Default,Default,Default,Default,Default,Default,Default,Default,Default,Default,Default,Default,Default,Default,Default,Default,Default,Default,Default,Default,Default,Default,Default,Default,Default,Default,Default,Default,Default,Default,Default,DefaultJob,Dimension=128&Quantisation=BBQ,1,Workload,Result,8,710580153,128,5551407.45,1,0,0,48076
VectorQuantisationBenchmarks.'HNSW search',Rowles.LeanCorpus.Benchmarks,VectorQuantisationBenchmarks,'HNSW search',DefaultJob,Default,Default,Default,Default,Default,Default,Default,Default,Default,Default,Default,Default,Default,Default,Default,Default,Default,Default,Default,Default,Default,Default,Default,Default,Default,Default,Default,Default,Default,Default,Default,Default,Default,Default,Default,Default,Default,Default,Default,Default,Default,DefaultJob,Dimension=128&Quantisation=BBQ,1,Workload,Result,9,723537484,128,5652636.59,1,0,0,48076
VectorQuantisationBenchmarks.'HNSW search',Rowles.LeanCorpus.Benchmarks,VectorQuantisationBenchmarks,'HNSW search',DefaultJob,Default,Default,Default,Default,Default,Default,Default,Default,Default,Default,Default,Default,Default,Default,Default,Default,Default,Default,Default,Default,Default,Default,Default,Default,Default,Default,Default,Default,Default,Default,Default,Default,Default,Default,Default,Default,Default,Default,Default,Default,Default,DefaultJob,Dimension=128&Quantisation=BBQ,1,Workload,Result,10,726219607,128,5673590.68,1,0,0,48076
VectorQuantisationBenchmarks.'HNSW search',Rowles.LeanCorpus.Benchmarks,VectorQuantisationBenchmarks,'HNSW search',DefaultJob,Default,Default,Default,Default,Default,Default,Default,Default,Default,Default,Default,Default,Default,Default,Default,Default,Default,Default,Default,Default,Default,Default,Default,Default,Default,Default,Default,Default,Default,Default,Default,Default,Default,Default,Default,Default,Default,Default,Default,Default,Default,DefaultJob,Dimension=128&Quantisation=BBQ,1,Workload,Result,11,728815486,128,5693870.98,1,0,0,48076
VectorQuantisationBenchmarks.'HNSW search',Rowles.LeanCorpus.Benchmarks,VectorQuantisationBenchmarks,'HNSW search',DefaultJob,Default,Default,Default,Default,Default,Default,Default,Default,Default,Default,Default,Default,Default,Default,Default,Default,Default,Default,Default,Default,Default,Default,Default,Default,Default,Default,Default,Default,Default,Default,Default,Default,Default,Default,Default,Default,Default,Default,Default,Default,Default,DefaultJob,Dimension=128&Quantisation=BBQ,1,Workload,Result,12,722716949,128,5646226.16,1,0,0,48076
VectorQuantisationBenchmarks.'HNSW search',Rowles.LeanCorpus.Benchmarks,VectorQuantisationBenchmarks,'HNSW search',DefaultJob,Default,Default,Default,Default,Default,Default,Default,Default,Default,Default,Default,Default,Default,Default,Default,Default,Default,Default,Default,Default,Default,Default,Default,Default,Default,Default,Default,Default,Default,Default,Default,Default,Default,Default,Default,Default,Default,Default,Default,Default,Default,DefaultJob,Dimension=128&Quantisation=BBQ,1,Workload,Result,13,725901714,128,5671107.14,1,0,0,48076
VectorQuantisationBenchmarks.'HNSW search',Rowles.LeanCorpus.Benchmarks,VectorQuantisationBenchmarks,'HNSW search',DefaultJob,Default,Default,Default,Default,Default,Default,Default,Default,Default,Default,Default,Default,Default,Default,Default,Default,Default,Default,Default,Default,Default,Default,Default,Default,Default,Default,Default,Default,Default,Default,Default,Default,Default,Default,Default,Default,Default,Default,Default,Default,Default,DefaultJob,Dimension=128&Quantisation=BBQ,1,Workload,Result,14,729754915,128,5701210.27,1,0,0,48076
VectorQuantisationBenchmarks.'HNSW search',Rowles.LeanCorpus.Benchmarks,VectorQuantisationBenchmarks,'HNSW search',DefaultJob,Default,Default,Default,Default,Default,Default,Default,Default,Default,Default,Default,Default,Default,Default,Default,Default,Default,Default,Default,Default,Default,Default,Default,Default,Default,Default,Default,Default,Default,Default,Default,Default,Default,Default,Default,Default,Default,Default,Default,Default,Default,DefaultJob,Dimension=128&Quantisation=BBQ,1,Workload,Result,15,725669007,128,5669289.12,1,0,0,48076
VectorQuantisationBenchmarks.'Lucene.NET flat scan',Rowles.LeanCorpus.Benchmarks,VectorQuantisationBenchmarks,'Lucene.NET flat scan',DefaultJob,Default,Default,Default,Default,Default,Default,Default,Default,Default,Default,Default,Default,Default,Default,Default,Default,Default,Default,Default,Default,Default,Default,Default,Default,Default,Default,Default,Default,Default,Default,Default,Default,Default,Default,Default,Default,Default,Default,Default,Default,Default,DefaultJob,Dimension=128&Quantisation=BBQ,1,Workload,Jitting,1,294491214,1,294491214,100,0,0,140000104
VectorQuantisationBenchmarks.'Lucene.NET flat scan',Rowles.LeanCorpus.Benchmarks,VectorQuantisationBenchmarks,'Lucene.NET flat scan',DefaultJob,Default,Default,Default,Default,Default,Default,Default,Default,Default,Default,Default,Default,Default,Default,Default,Default,Default,Default,Default,Default,Default,Default,Default,Default,Default,Default,Default,Default,Default,Default,Default,Default,Default,Default,Default,Default,Default,Default,Default,Default,Default,DefaultJob,Dimension=128&Quantisation=BBQ,1,Workload,Jitting,2,7102045436,30,236734847.87,100,0,0,140000104
VectorQuantisationBenchmarks.'Lucene.NET flat scan',Rowles.LeanCorpus.Benchmarks,VectorQuantisationBenchmarks,'Lucene.NET flat scan',DefaultJob,Default,Default,Default,Default,Default,Default,Default,Default,Default,Default,Default,Default,Default,Default,Default,Default,Default,Default,Default,Default,Default,Default,Default,Default,Default,Default,Default,Default,Default,Default,Default,Default,Default,Default,Default,Default,Default,Default,Default,Default,Default,DefaultJob,Dimension=128&Quantisation=BBQ,1,Workload,Jitting,3,2283826723,10,228382672.3,100,0,0,140000104
VectorQuantisationBenchmarks.'Lucene.NET flat scan',Rowles.LeanCorpus.Benchmarks,VectorQuantisationBenchmarks,'Lucene.NET flat scan',DefaultJob,Default,Default,Default,Default,Default,Default,Default,Default,Default,Default,Default,Default,Default,Default,Default,Default,Default,Default,Default,Default,Default,Default,Default,Default,Default,Default,Default,Default,Default,Default,Default,Default,Default,Default,Default,Default,Default,Default,Default,Default,Default,DefaultJob,Dimension=128&Quantisation=BBQ,1,Workload,Jitting,4,229667508,1,229667508,100,0,0,140000104
VectorQuantisationBenchmarks.'Lucene.NET flat scan',Rowles.LeanCorpus.Benchmarks,VectorQuantisationBenchmarks,'Lucene.NET flat scan',DefaultJob,Default,Default,Default,Default,Default,Default,Default,Default,Default,Default,Default,Default,Default,Default,Default,Default,Default,Default,Default,Default,Default,Default,Default,Default,Default,Default,Default,Default,Default,Default,Default,Default,Default,Default,Default,Default,Default,Default,Default,Default,Default,DefaultJob,Dimension=128&Quantisation=BBQ,1,Workload,Pilot,1,461192961,2,230596480.5,100,0,0,140000104
VectorQuantisationBenchmarks.'Lucene.NET flat scan',Rowles.LeanCorpus.Benchmarks,VectorQuantisationBenchmarks,'Lucene.NET flat scan',DefaultJob,Default,Default,Default,Default,Default,Default,Default,Default,Default,Default,Default,Default,Default,Default,Default,Default,Default,Default,Default,Default,Default,Default,Default,Default,Default,Default,Default,Default,Default,Default,Default,Default,Default,Default,Default,Default,Default,Default,Default,Default,Default,DefaultJob,Dimension=128&Quantisation=BBQ,1,Workload,Pilot,2,690830490,3,230276830,100,0,0,140000104
VectorQuantisationBenchmarks.'Lucene.NET flat scan',Rowles.LeanCorpus.Benchmarks,VectorQuantisationBenchmarks,'Lucene.NET flat scan',DefaultJob,Default,Default,Default,Default,Default,Default,Default,Default,Default,Default,Default,Default,Default,Default,Default,Default,Default,Default,Default,Default,Default,Default,Default,Default,Default,Default,Default,Default,Default,Default,Default,Default,Default,Default,Default,Default,Default,Default,Default,Default,Default,DefaultJob,Dimension=128&Quantisation=BBQ,1,Workload,Warmup,1,689966807,3,229988935.67,100,0,0,140000104
VectorQuantisationBenchmarks.'Lucene.NET flat scan',Rowles.LeanCorpus.Benchmarks,VectorQuantisationBenchmarks,'Lucene.NET flat scan',DefaultJob,Default,Default,Default,Default,Default,Default,Default,Default,Default,Default,Default,Default,Default,Default,Default,Default,Default,Default,Default,Default,Default,Default,Default,Default,Default,Default,Default,Default,Default,Default,Default,Default,Default,Default,Default,Default,Default,Default,Default,Default,Default,DefaultJob,Dimension=128&Quantisation=BBQ,1,Workload,Warmup,2,690284975,3,230094991.67,100,0,0,140000104
VectorQuantisationBenchmarks.'Lucene.NET flat scan',Rowles.LeanCorpus.Benchmarks,VectorQuantisationBenchmarks,'Lucene.NET flat scan',DefaultJob,Default,Default,Default,Default,Default,Default,Default,Default,Default,Default,Default,Default,Default,Default,Default,Default,Default,Default,Default,Default,Default,Default,Default,Default,Default,Default,Default,Default,Default,Default,Default,Default,Default,Default,Default,Default,Default,Default,Default,Default,Default,DefaultJob,Dimension=128&Quantisation=BBQ,1,Workload,Warmup,3,686980475,3,228993491.67,100,0,0,140000104
VectorQuantisationBenchmarks.'Lucene.NET flat scan',Rowles.LeanCorpus.Benchmarks,VectorQuantisationBenchmarks,'Lucene.NET flat scan',DefaultJob,Default,Default,Default,Default,Default,Default,Default,Default,Default,Default,Default,Default,Default,Default,Default,Default,Default,Default,Default,Default,Default,Default,Default,Default,Default,Default,Default,Default,Default,Default,Default,Default,Default,Default,Default,Default,Default,Default,Default,Default,Default,DefaultJob,Dimension=128&Quantisation=BBQ,1,Workload,Warmup,4,687210717,3,229070239,100,0,0,140000104
VectorQuantisationBenchmarks.'Lucene.NET flat scan',Rowles.LeanCorpus.Benchmarks,VectorQuantisationBenchmarks,'Lucene.NET flat scan',DefaultJob,Default,Default,Default,Default,Default,Default,Default,Default,Default,Default,Default,Default,Default,Default,Default,Default,Default,Default,Default,Default,Default,Default,Default,Default,Default,Default,Default,Default,Default,Default,Default,Default,Default,Default,Default,Default,Default,Default,Default,Default,Default,DefaultJob,Dimension=128&Quantisation=BBQ,1,Workload,Warmup,5,677812063,3,225937354.33,100,0,0,140000104
VectorQuantisationBenchmarks.'Lucene.NET flat scan',Rowles.LeanCorpus.Benchmarks,VectorQuantisationBenchmarks,'Lucene.NET flat scan',DefaultJob,Default,Default,Default,Default,Default,Default,Default,Default,Default,Default,Default,Default,Default,Default,Default,Default,Default,Default,Default,Default,Default,Default,Default,Default,Default,Default,Default,Default,Default,Default,Default,Default,Default,Default,Default,Default,Default,Default,Default,Default,Default,DefaultJob,Dimension=128&Quantisation=BBQ,1,Workload,Warmup,6,676126406,3,225375468.67,100,0,0,140000104
VectorQuantisationBenchmarks.'Lucene.NET flat scan',Rowles.LeanCorpus.Benchmarks,VectorQuantisationBenchmarks,'Lucene.NET flat scan',DefaultJob,Default,Default,Default,Default,Default,Default,Default,Default,Default,Default,Default,Default,Default,Default,Default,Default,Default,Default,Default,Default,Default,Default,Default,Default,Default,Default,Default,Default,Default,Default,Default,Default,Default,Default,Default,Default,Default,Default,Default,Default,Default,DefaultJob,Dimension=128&Quantisation=BBQ,1,Workload,Actual,1,675500927,3,225166975.67,100,0,0,140000104
VectorQuantisationBenchmarks.'Lucene.NET flat scan',Rowles.LeanCorpus.Benchmarks,VectorQuantisationBenchmarks,'Lucene.NET flat scan',DefaultJob,Default,Default,Default,Default,Default,Default,Default,Default,Default,Default,Default,Default,Default,Default,Default,Default,Default,Default,Default,Default,Default,Default,Default,Default,Default,Default,Default,Default,Default,Default,Default,Default,Default,Default,Default,Default,Default,Default,Default,Default,Default,DefaultJob,Dimension=128&Quantisation=BBQ,1,Workload,Actual,2,672916876,3,224305625.33,100,0,0,140000104
VectorQuantisationBenchmarks.'Lucene.NET flat scan',Rowles.LeanCorpus.Benchmarks,VectorQuantisationBenchmarks,'Lucene.NET flat scan',DefaultJob,Default,Default,Default,Default,Default,Default,Default,Default,Default,Default,Default,Default,Default,Default,Default,Default,Default,Default,Default,Default,Default,Default,Default,Default,Default,Default,Default,Default,Default,Default,Default,Default,Default,Default,Default,Default,Default,Default,Default,Default,Default,DefaultJob,Dimension=128&Quantisation=BBQ,1,Workload,Actual,3,678328843,3,226109614.33,100,0,0,140000104
VectorQuantisationBenchmarks.'Lucene.NET flat scan',Rowles.LeanCorpus.Benchmarks,VectorQuantisationBenchmarks,'Lucene.NET flat scan',DefaultJob,Default,Default,Default,Default,Default,Default,Default,Default,Default,Default,Default,Default,Default,Default,Default,Default,Default,Default,Default,Default,Default,Default,Default,Default,Default,Default,Default,Default,Default,Default,Default,Default,Default,Default,Default,Default,Default,Default,Default,Default,Default,DefaultJob,Dimension=128&Quantisation=BBQ,1,Workload,Actual,4,668672141,3,222890713.67,100,0,0,140000104
VectorQuantisationBenchmarks.'Lucene.NET flat scan',Rowles.LeanCorpus.Benchmarks,VectorQuantisationBenchmarks,'Lucene.NET flat scan',DefaultJob,Default,Default,Default,Default,Default,Default,Default,Default,Default,Default,Default,Default,Default,Default,Default,Default,Default,Default,Default,Default,Default,Default,Default,Default,Default,Default,Default,Default,Default,Default,Default,Default,Default,Default,Default,Default,Default,Default,Default,Default,Default,DefaultJob,Dimension=128&Quantisation=BBQ,1,Workload,Actual,5,674596508,3,224865502.67,100,0,0,140000104
VectorQuantisationBenchmarks.'Lucene.NET flat scan',Rowles.LeanCorpus.Benchmarks,VectorQuantisationBenchmarks,'Lucene.NET flat scan',DefaultJob,Default,Default,Default,Default,Default,Default,Default,Default,Default,Default,Default,Default,Default,Default,Default,Default,Default,Default,Default,Default,Default,Default,Default,Default,Default,Default,Default,Default,Default,Default,Default,Default,Default,Default,Default,Default,Default,Default,Default,Default,Default,DefaultJob,Dimension=128&Quantisation=BBQ,1,Workload,Actual,6,672934380,3,224311460,100,0,0,140000104
VectorQuantisationBenchmarks.'Lucene.NET flat scan',Rowles.LeanCorpus.Benchmarks,VectorQuantisationBenchmarks,'Lucene.NET flat scan',DefaultJob,Default,Default,Default,Default,Default,Default,Default,Default,Default,Default,Default,Default,Default,Default,Default,Default,Default,Default,Default,Default,Default,Default,Default,Default,Default,Default,Default,Default,Default,Default,Default,Default,Default,Default,Default,Default,Default,Default,Default,Default,Default,DefaultJob,Dimension=128&Quantisation=BBQ,1,Workload,Actual,7,674273941,3,224757980.33,100,0,0,140000104
VectorQuantisationBenchmarks.'Lucene.NET flat scan',Rowles.LeanCorpus.Benchmarks,VectorQuantisationBenchmarks,'Lucene.NET flat scan',DefaultJob,Default,Default,Default,Default,Default,Default,Default,Default,Default,Default,Default,Default,Default,Default,Default,Default,Default,Default,Default,Default,Default,Default,Default,Default,Default,Default,Default,Default,Default,Default,Default,Default,Default,Default,Default,Default,Default,Default,Default,Default,Default,DefaultJob,Dimension=128&Quantisation=BBQ,1,Workload,Actual,8,665204163,3,221734721,100,0,0,140000104
VectorQuantisationBenchmarks.'Lucene.NET flat scan',Rowles.LeanCorpus.Benchmarks,VectorQuantisationBenchmarks,'Lucene.NET flat scan',DefaultJob,Default,Default,Default,Default,Default,Default,Default,Default,Default,Default,Default,Default,Default,Default,Default,Default,Default,Default,Default,Default,Default,Default,Default,Default,Default,Default,Default,Default,Default,Default,Default,Default,Default,Default,Default,Default,Default,Default,Default,Default,Default,DefaultJob,Dimension=128&Quantisation=BBQ,1,Workload,Actual,9,671725705,3,223908568.33,100,0,0,140000104
VectorQuantisationBenchmarks.'Lucene.NET flat scan',Rowles.LeanCorpus.Benchmarks,VectorQuantisationBenchmarks,'Lucene.NET flat scan',DefaultJob,Default,Default,Default,Default,Default,Default,Default,Default,Default,Default,Default,Default,Default,Default,Default,Default,Default,Default,Default,Default,Default,Default,Default,Default,Default,Default,Default,Default,Default,Default,Default,Default,Default,Default,Default,Default,Default,Default,Default,Default,Default,DefaultJob,Dimension=128&Quantisation=BBQ,1,Workload,Actual,10,670903542,3,223634514,100,0,0,140000104
VectorQuantisationBenchmarks.'Lucene.NET flat scan',Rowles.LeanCorpus.Benchmarks,VectorQuantisationBenchmarks,'Lucene.NET flat scan',DefaultJob,Default,Default,Default,Default,Default,Default,Default,Default,Default,Default,Default,Default,Default,Default,Default,Default,Default,Default,Default,Default,Default,Default,Default,Default,Default,Default,Default,Default,Default,Default,Default,Default,Default,Default,Default,Default,Default,Default,Default,Default,Default,DefaultJob,Dimension=128&Quantisation=BBQ,1,Workload,Actual,11,664974912,3,221658304,100,0,0,140000104
VectorQuantisationBenchmarks.'Lucene.NET flat scan',Rowles.LeanCorpus.Benchmarks,VectorQuantisationBenchmarks,'Lucene.NET flat scan',DefaultJob,Default,Default,Default,Default,Default,Default,Default,Default,Default,Default,Default,Default,Default,Default,Default,Default,Default,Default,Default,Default,Default,Default,Default,Default,Default,Default,Default,Default,Default,Default,Default,Default,Default,Default,Default,Default,Default,Default,Default,Default,Default,DefaultJob,Dimension=128&Quantisation=BBQ,1,Workload,Actual,12,674444855,3,224814951.67,100,0,0,140000104
VectorQuantisationBenchmarks.'Lucene.NET flat scan',Rowles.LeanCorpus.Benchmarks,VectorQuantisationBenchmarks,'Lucene.NET flat scan',DefaultJob,Default,Default,Default,Default,Default,Default,Default,Default,Default,Default,Default,Default,Default,Default,Default,Default,Default,Default,Default,Default,Default,Default,Default,Default,Default,Default,Default,Default,Default,Default,Default,Default,Default,Default,Default,Default,Default,Default,Default,Default,Default,DefaultJob,Dimension=128&Quantisation=BBQ,1,Workload,Actual,13,677057765,3,225685921.67,100,0,0,140000104
VectorQuantisationBenchmarks.'Lucene.NET flat scan',Rowles.LeanCorpus.Benchmarks,VectorQuantisationBenchmarks,'Lucene.NET flat scan',DefaultJob,Default,Default,Default,Default,Default,Default,Default,Default,Default,Default,Default,Default,Default,Default,Default,Default,Default,Default,Default,Default,Default,Default,Default,Default,Default,Default,Default,Default,Default,Default,Default,Default,Default,Default,Default,Default,Default,Default,Default,Default,Default,DefaultJob,Dimension=128&Quantisation=BBQ,1,Workload,Actual,14,674002210,3,224667403.33,100,0,0,140000104
VectorQuantisationBenchmarks.'Lucene.NET flat scan',Rowles.LeanCorpus.Benchmarks,VectorQuantisationBenchmarks,'Lucene.NET flat scan',DefaultJob,Default,Default,Default,Default,Default,Default,Default,Default,Default,Default,Default,Default,Default,Default,Default,Default,Default,Default,Default,Default,Default,Default,Default,Default,Default,Default,Default,Default,Default,Default,Default,Default,Default,Default,Default,Default,Default,Default,Default,Default,Default,DefaultJob,Dimension=128&Quantisation=BBQ,1,Workload,Actual,15,668455698,3,222818566,100,0,0,140000104
VectorQuantisationBenchmarks.'Lucene.NET flat scan',Rowles.LeanCorpus.Benchmarks,VectorQuantisationBenchmarks,'Lucene.NET flat scan',DefaultJob,Default,Default,Default,Default,Default,Default,Default,Default,Default,Default,Default,Default,Default,Default,Default,Default,Default,Default,Default,Default,Default,Default,Default,Default,Default,Default,Default,Default,Default,Default,Default,Default,Default,Default,Default,Default,Default,Default,Default,Default,Default,DefaultJob,Dimension=128&Quantisation=BBQ,1,Workload,Extra,1,667835541,3,222611847,100,0,0,140000104
VectorQuantisationBenchmarks.'Lucene.NET flat scan',Rowles.LeanCorpus.Benchmarks,VectorQuantisationBenchmarks,'Lucene.NET flat scan',DefaultJob,Default,Default,Default,Default,Default,Default,Default,Default,Default,Default,Default,Default,Default,Default,Default,Default,Default,Default,Default,Default,Default,Default,Default,Default,Default,Default,Default,Default,Default,Default,Default,Default,Default,Default,Default,Default,Default,Default,Default,Default,Default,DefaultJob,Dimension=128&Quantisation=BBQ,1,Workload,Result,1,675500927,3,225166975.67,100,0,0,140000104
VectorQuantisationBenchmarks.'Lucene.NET flat scan',Rowles.LeanCorpus.Benchmarks,VectorQuantisationBenchmarks,'Lucene.NET flat scan',DefaultJob,Default,Default,Default,Default,Default,Default,Default,Default,Default,Default,Default,Default,Default,Default,Default,Default,Default,Default,Default,Default,Default,Default,Default,Default,Default,Default,Default,Default,Default,Default,Default,Default,Default,Default,Default,Default,Default,Default,Default,Default,Default,DefaultJob,Dimension=128&Quantisation=BBQ,1,Workload,Result,2,672916876,3,224305625.33,100,0,0,140000104
VectorQuantisationBenchmarks.'Lucene.NET flat scan',Rowles.LeanCorpus.Benchmarks,VectorQuantisationBenchmarks,'Lucene.NET flat scan',DefaultJob,Default,Default,Default,Default,Default,Default,Default,Default,Default,Default,Default,Default,Default,Default,Default,Default,Default,Default,Default,Default,Default,Default,Default,Default,Default,Default,Default,Default,Default,Default,Default,Default,Default,Default,Default,Default,Default,Default,Default,Default,Default,DefaultJob,Dimension=128&Quantisation=BBQ,1,Workload,Result,3,678328843,3,226109614.33,100,0,0,140000104
VectorQuantisationBenchmarks.'Lucene.NET flat scan',Rowles.LeanCorpus.Benchmarks,VectorQuantisationBenchmarks,'Lucene.NET flat scan',DefaultJob,Default,Default,Default,Default,Default,Default,Default,Default,Default,Default,Default,Default,Default,Default,Default,Default,Default,Default,Default,Default,Default,Default,Default,Default,Default,Default,Default,Default,Default,Default,Default,Default,Default,Default,Default,Default,Default,Default,Default,Default,Default,DefaultJob,Dimension=128&Quantisation=BBQ,1,Workload,Result,4,668672141,3,222890713.67,100,0,0,140000104
VectorQuantisationBenchmarks.'Lucene.NET flat scan',Rowles.LeanCorpus.Benchmarks,VectorQuantisationBenchmarks,'Lucene.NET flat scan',DefaultJob,Default,Default,Default,Default,Default,Default,Default,Default,Default,Default,Default,Default,Default,Default,Default,Default,Default,Default,Default,Default,Default,Default,Default,Default,Default,Default,Default,Default,Default,Default,Default,Default,Default,Default,Default,Default,Default,Default,Default,Default,Default,DefaultJob,Dimension=128&Quantisation=BBQ,1,Workload,Result,5,674596508,3,224865502.67,100,0,0,140000104
VectorQuantisationBenchmarks.'Lucene.NET flat scan',Rowles.LeanCorpus.Benchmarks,VectorQuantisationBenchmarks,'Lucene.NET flat scan',DefaultJob,Default,Default,Default,Default,Default,Default,Default,Default,Default,Default,Default,Default,Default,Default,Default,Default,Default,Default,Default,Default,Default,Default,Default,Default,Default,Default,Default,Default,Default,Default,Default,Default,Default,Default,Default,Default,Default,Default,Default,Default,Default,DefaultJob,Dimension=128&Quantisation=BBQ,1,Workload,Result,6,672934380,3,224311460,100,0,0,140000104
VectorQuantisationBenchmarks.'Lucene.NET flat scan',Rowles.LeanCorpus.Benchmarks,VectorQuantisationBenchmarks,'Lucene.NET flat scan',DefaultJob,Default,Default,Default,Default,Default,Default,Default,Default,Default,Default,Default,Default,Default,Default,Default,Default,Default,Default,Default,Default,Default,Default,Default,Default,Default,Default,Default,Default,Default,Default,Default,Default,Default,Default,Default,Default,Default,Default,Default,Default,Default,DefaultJob,Dimension=128&Quantisation=BBQ,1,Workload,Result,7,674273941,3,224757980.33,100,0,0,140000104
VectorQuantisationBenchmarks.'Lucene.NET flat scan',Rowles.LeanCorpus.Benchmarks,VectorQuantisationBenchmarks,'Lucene.NET flat scan',DefaultJob,Default,Default,Default,Default,Default,Default,Default,Default,Default,Default,Default,Default,Default,Default,Default,Default,Default,Default,Default,Default,Default,Default,Default,Default,Default,Default,Default,Default,Default,Default,Default,Default,Default,Default,Default,Default,Default,Default,Default,Default,Default,DefaultJob,Dimension=128&Quantisation=BBQ,1,Workload,Result,8,665204163,3,221734721,100,0,0,140000104
VectorQuantisationBenchmarks.'Lucene.NET flat scan',Rowles.LeanCorpus.Benchmarks,VectorQuantisationBenchmarks,'Lucene.NET flat scan',DefaultJob,Default,Default,Default,Default,Default,Default,Default,Default,Default,Default,Default,Default,Default,Default,Default,Default,Default,Default,Default,Default,Default,Default,Default,Default,Default,Default,Default,Default,Default,Default,Default,Default,Default,Default,Default,Default,Default,Default,Default,Default,Default,DefaultJob,Dimension=128&Quantisation=BBQ,1,Workload,Result,9,671725705,3,223908568.33,100,0,0,140000104
VectorQuantisationBenchmarks.'Lucene.NET flat scan',Rowles.LeanCorpus.Benchmarks,VectorQuantisationBenchmarks,'Lucene.NET flat scan',DefaultJob,Default,Default,Default,Default,Default,Default,Default,Default,Default,Default,Default,Default,Default,Default,Default,Default,Default,Default,Default,Default,Default,Default,Default,Default,Default,Default,Default,Default,Default,Default,Default,Default,Default,Default,Default,Default,Default,Default,Default,Default,Default,DefaultJob,Dimension=128&Quantisation=BBQ,1,Workload,Result,10,670903542,3,223634514,100,0,0,140000104
VectorQuantisationBenchmarks.'Lucene.NET flat scan',Rowles.LeanCorpus.Benchmarks,VectorQuantisationBenchmarks,'Lucene.NET flat scan',DefaultJob,Default,Default,Default,Default,Default,Default,Default,Default,Default,Default,Default,Default,Default,Default,Default,Default,Default,Default,Default,Default,Default,Default,Default,Default,Default,Default,Default,Default,Default,Default,Default,Default,Default,Default,Default,Default,Default,Default,Default,Default,Default,DefaultJob,Dimension=128&Quantisation=BBQ,1,Workload,Result,11,664974912,3,221658304,100,0,0,140000104
VectorQuantisationBenchmarks.'Lucene.NET flat scan',Rowles.LeanCorpus.Benchmarks,VectorQuantisationBenchmarks,'Lucene.NET flat scan',DefaultJob,Default,Default,Default,Default,Default,Default,Default,Default,Default,Default,Default,Default,Default,Default,Default,Default,Default,Default,Default,Default,Default,Default,Default,Default,Default,Default,Default,Default,Default,Default,Default,Default,Default,Default,Default,Default,Default,Default,Default,Default,Default,DefaultJob,Dimension=128&Quantisation=BBQ,1,Workload,Result,12,674444855,3,224814951.67,100,0,0,140000104
VectorQuantisationBenchmarks.'Lucene.NET flat scan',Rowles.LeanCorpus.Benchmarks,VectorQuantisationBenchmarks,'Lucene.NET flat scan',DefaultJob,Default,Default,Default,Default,Default,Default,Default,Default,Default,Default,Default,Default,Default,Default,Default,Default,Default,Default,Default,Default,Default,Default,Default,Default,Default,Default,Default,Default,Default,Default,Default,Default,Default,Default,Default,Default,Default,Default,Default,Default,Default,DefaultJob,Dimension=128&Quantisation=BBQ,1,Workload,Result,13,677057765,3,225685921.67,100,0,0,140000104
VectorQuantisationBenchmarks.'Lucene.NET flat scan',Rowles.LeanCorpus.Benchmarks,VectorQuantisationBenchmarks,'Lucene.NET flat scan',DefaultJob,Default,Default,Default,Default,Default,Default,Default,Default,Default,Default,Default,Default,Default,Default,Default,Default,Default,Default,Default,Default,Default,Default,Default,Default,Default,Default,Default,Default,Default,Default,Default,Default,Default,Default,Default,Default,Default,Default,Default,Default,Default,DefaultJob,Dimension=128&Quantisation=BBQ,1,Workload,Result,14,674002210,3,224667403.33,100,0,0,140000104
VectorQuantisationBenchmarks.'Lucene.NET flat scan',Rowles.LeanCorpus.Benchmarks,VectorQuantisationBenchmarks,'Lucene.NET flat scan',DefaultJob,Default,Default,Default,Default,Default,Default,Default,Default,Default,Default,Default,Default,Default,Default,Default,Default,Default,Default,Default,Default,Default,Default,Default,Default,Default,Default,Default,Default,Default,Default,Default,Default,Default,Default,Default,Default,Default,Default,Default,Default,Default,DefaultJob,Dimension=128&Quantisation=BBQ,1,Workload,Result,15,668455698,3,222818566,100,0,0,140000104
VectorQuantisationBenchmarks.'HNSW search',Rowles.LeanCorpus.Benchmarks,VectorQuantisationBenchmarks,'HNSW search',DefaultJob,Default,Default,Default,Default,Default,Default,Default,Default,Default,Default,Default,Default,Default,Default,Default,Default,Default,Default,Default,Default,Default,Default,Default,Default,Default,Default,Default,Default,Default,Default,Default,Default,Default,Default,Default,Default,Default,Default,Default,Default,Default,DefaultJob,Dimension=128&Quantisation=Int4,1,Workload,Jitting,1,12615784,1,12615784,154,0,0,10121525
VectorQuantisationBenchmarks.'HNSW search',Rowles.LeanCorpus.Benchmarks,VectorQuantisationBenchmarks,'HNSW search',DefaultJob,Default,Default,Default,Default,Default,Default,Default,Default,Default,Default,Default,Default,Default,Default,Default,Default,Default,Default,Default,Default,Default,Default,Default,Default,Default,Default,Default,Default,Default,Default,Default,Default,Default,Default,Default,Default,Default,Default,Default,Default,Default,DefaultJob,Dimension=128&Quantisation=Int4,1,Workload,Jitting,2,269618691,30,8987289.7,154,0,0,10121525
VectorQuantisationBenchmarks.'HNSW search',Rowles.LeanCorpus.Benchmarks,VectorQuantisationBenchmarks,'HNSW search',DefaultJob,Default,Default,Default,Default,Default,Default,Default,Default,Default,Default,Default,Default,Default,Default,Default,Default,Default,Default,Default,Default,Default,Default,Default,Default,Default,Default,Default,Default,Default,Default,Default,Default,Default,Default,Default,Default,Default,Default,Default,Default,Default,DefaultJob,Dimension=128&Quantisation=Int4,1,Workload,Jitting,3,267320680,30,8910689.33,154,0,0,10121525
VectorQuantisationBenchmarks.'HNSW search',Rowles.LeanCorpus.Benchmarks,VectorQuantisationBenchmarks,'HNSW search',DefaultJob,Default,Default,Default,Default,Default,Default,Default,Default,Default,Default,Default,Default,Default,Default,Default,Default,Default,Default,Default,Default,Default,Default,Default,Default,Default,Default,Default,Default,Default,Default,Default,Default,Default,Default,Default,Default,Default,Default,Default,Default,Default,DefaultJob,Dimension=128&Quantisation=Int4,1,Workload,Jitting,4,266965023,30,8898834.1,154,0,0,10121525
VectorQuantisationBenchmarks.'HNSW search',Rowles.LeanCorpus.Benchmarks,VectorQuantisationBenchmarks,'HNSW search',DefaultJob,Default,Default,Default,Default,Default,Default,Default,Default,Default,Default,Default,Default,Default,Default,Default,Default,Default,Default,Default,Default,Default,Default,Default,Default,Default,Default,Default,Default,Default,Default,Default,Default,Default,Default,Default,Default,Default,Default,Default,Default,Default,DefaultJob,Dimension=128&Quantisation=Int4,1,Workload,Jitting,5,11622476,1,11622476,154,0,0,10121525
VectorQuantisationBenchmarks.'HNSW search',Rowles.LeanCorpus.Benchmarks,VectorQuantisationBenchmarks,'HNSW search',DefaultJob,Default,Default,Default,Default,Default,Default,Default,Default,Default,Default,Default,Default,Default,Default,Default,Default,Default,Default,Default,Default,Default,Default,Default,Default,Default,Default,Default,Default,Default,Default,Default,Default,Default,Default,Default,Default,Default,Default,Default,Default,Default,DefaultJob,Dimension=128&Quantisation=Int4,1,Workload,Pilot,1,11922266,1,11922266,154,0,0,10121525
VectorQuantisationBenchmarks.'HNSW search',Rowles.LeanCorpus.Benchmarks,VectorQuantisationBenchmarks,'HNSW search',DefaultJob,Default,Default,Default,Default,Default,Default,Default,Default,Default,Default,Default,Default,Default,Default,Default,Default,Default,Default,Default,Default,Default,Default,Default,Default,Default,Default,Default,Default,Default,Default,Default,Default,Default,Default,Default,Default,Default,Default,Default,Default,Default,DefaultJob,Dimension=128&Quantisation=Int4,1,Workload,Pilot,1,140880047,16,8805002.94,154,0,0,10121525
VectorQuantisationBenchmarks.'HNSW search',Rowles.LeanCorpus.Benchmarks,VectorQuantisationBenchmarks,'HNSW search',DefaultJob,Default,Default,Default,Default,Default,Default,Default,Default,Default,Default,Default,Default,Default,Default,Default,Default,Default,Default,Default,Default,Default,Default,Default,Default,Default,Default,Default,Default,Default,Default,Default,Default,Default,Default,Default,Default,Default,Default,Default,Default,Default,DefaultJob,Dimension=128&Quantisation=Int4,1,Workload,Pilot,2,281869841,32,8808432.53,154,0,0,10121525
VectorQuantisationBenchmarks.'HNSW search',Rowles.LeanCorpus.Benchmarks,VectorQuantisationBenchmarks,'HNSW search',DefaultJob,Default,Default,Default,Default,Default,Default,Default,Default,Default,Default,Default,Default,Default,Default,Default,Default,Default,Default,Default,Default,Default,Default,Default,Default,Default,Default,Default,Default,Default,Default,Default,Default,Default,Default,Default,Default,Default,Default,Default,Default,Default,DefaultJob,Dimension=128&Quantisation=Int4,1,Workload,Pilot,3,542267492,64,8472929.56,154,0,0,10121525
VectorQuantisationBenchmarks.'HNSW search',Rowles.LeanCorpus.Benchmarks,VectorQuantisationBenchmarks,'HNSW search',DefaultJob,Default,Default,Default,Default,Default,Default,Default,Default,Default,Default,Default,Default,Default,Default,Default,Default,Default,Default,Default,Default,Default,Default,Default,Default,Default,Default,Default,Default,Default,Default,Default,Default,Default,Default,Default,Default,Default,Default,Default,Default,Default,DefaultJob,Dimension=128&Quantisation=Int4,1,Workload,Warmup,1,548209558,64,8565774.34,154,0,0,10121525
VectorQuantisationBenchmarks.'HNSW search',Rowles.LeanCorpus.Benchmarks,VectorQuantisationBenchmarks,'HNSW search',DefaultJob,Default,Default,Default,Default,Default,Default,Default,Default,Default,Default,Default,Default,Default,Default,Default,Default,Default,Default,Default,Default,Default,Default,Default,Default,Default,Default,Default,Default,Default,Default,Default,Default,Default,Default,Default,Default,Default,Default,Default,Default,Default,DefaultJob,Dimension=128&Quantisation=Int4,1,Workload,Warmup,2,548195792,64,8565559.25,154,0,0,10121525
VectorQuantisationBenchmarks.'HNSW search',Rowles.LeanCorpus.Benchmarks,VectorQuantisationBenchmarks,'HNSW search',DefaultJob,Default,Default,Default,Default,Default,Default,Default,Default,Default,Default,Default,Default,Default,Default,Default,Default,Default,Default,Default,Default,Default,Default,Default,Default,Default,Default,Default,Default,Default,Default,Default,Default,Default,Default,Default,Default,Default,Default,Default,Default,Default,DefaultJob,Dimension=128&Quantisation=Int4,1,Workload,Warmup,3,549920977,64,8592515.27,154,0,0,10121525
VectorQuantisationBenchmarks.'HNSW search',Rowles.LeanCorpus.Benchmarks,VectorQuantisationBenchmarks,'HNSW search',DefaultJob,Default,Default,Default,Default,Default,Default,Default,Default,Default,Default,Default,Default,Default,Default,Default,Default,Default,Default,Default,Default,Default,Default,Default,Default,Default,Default,Default,Default,Default,Default,Default,Default,Default,Default,Default,Default,Default,Default,Default,Default,Default,DefaultJob,Dimension=128&Quantisation=Int4,1,Workload,Warmup,4,549415942,64,8584624.09,154,0,0,10121525
VectorQuantisationBenchmarks.'HNSW search',Rowles.LeanCorpus.Benchmarks,VectorQuantisationBenchmarks,'HNSW search',DefaultJob,Default,Default,Default,Default,Default,Default,Default,Default,Default,Default,Default,Default,Default,Default,Default,Default,Default,Default,Default,Default,Default,Default,Default,Default,Default,Default,Default,Default,Default,Default,Default,Default,Default,Default,Default,Default,Default,Default,Default,Default,Default,DefaultJob,Dimension=128&Quantisation=Int4,1,Workload,Warmup,5,549292843,64,8582700.67,154,0,0,10121525
VectorQuantisationBenchmarks.'HNSW search',Rowles.LeanCorpus.Benchmarks,VectorQuantisationBenchmarks,'HNSW search',DefaultJob,Default,Default,Default,Default,Default,Default,Default,Default,Default,Default,Default,Default,Default,Default,Default,Default,Default,Default,Default,Default,Default,Default,Default,Default,Default,Default,Default,Default,Default,Default,Default,Default,Default,Default,Default,Default,Default,Default,Default,Default,Default,DefaultJob,Dimension=128&Quantisation=Int4,1,Workload,Warmup,6,554349248,64,8661707,154,0,0,10121525
VectorQuantisationBenchmarks.'HNSW search',Rowles.LeanCorpus.Benchmarks,VectorQuantisationBenchmarks,'HNSW search',DefaultJob,Default,Default,Default,Default,Default,Default,Default,Default,Default,Default,Default,Default,Default,Default,Default,Default,Default,Default,Default,Default,Default,Default,Default,Default,Default,Default,Default,Default,Default,Default,Default,Default,Default,Default,Default,Default,Default,Default,Default,Default,Default,DefaultJob,Dimension=128&Quantisation=Int4,1,Workload,Warmup,7,546230430,64,8534850.47,154,0,0,10121525
VectorQuantisationBenchmarks.'HNSW search',Rowles.LeanCorpus.Benchmarks,VectorQuantisationBenchmarks,'HNSW search',DefaultJob,Default,Default,Default,Default,Default,Default,Default,Default,Default,Default,Default,Default,Default,Default,Default,Default,Default,Default,Default,Default,Default,Default,Default,Default,Default,Default,Default,Default,Default,Default,Default,Default,Default,Default,Default,Default,Default,Default,Default,Default,Default,DefaultJob,Dimension=128&Quantisation=Int4,1,Workload,Actual,1,544461518,64,8507211.22,154,0,0,10121525
VectorQuantisationBenchmarks.'HNSW search',Rowles.LeanCorpus.Benchmarks,VectorQuantisationBenchmarks,'HNSW search',DefaultJob,Default,Default,Default,Default,Default,Default,Default,Default,Default,Default,Default,Default,Default,Default,Default,Default,Default,Default,Default,Default,Default,Default,Default,Default,Default,Default,Default,Default,Default,Default,Default,Default,Default,Default,Default,Default,Default,Default,Default,Default,Default,DefaultJob,Dimension=128&Quantisation=Int4,1,Workload,Actual,2,541114267,64,8454910.42,154,0,0,10121525
VectorQuantisationBenchmarks.'HNSW search',Rowles.LeanCorpus.Benchmarks,VectorQuantisationBenchmarks,'HNSW search',DefaultJob,Default,Default,Default,Default,Default,Default,Default,Default,Default,Default,Default,Default,Default,Default,Default,Default,Default,Default,Default,Default,Default,Default,Default,Default,Default,Default,Default,Default,Default,Default,Default,Default,Default,Default,Default,Default,Default,Default,Default,Default,Default,DefaultJob,Dimension=128&Quantisation=Int4,1,Workload,Actual,3,543159961,64,8486874.39,154,0,0,10121525
VectorQuantisationBenchmarks.'HNSW search',Rowles.LeanCorpus.Benchmarks,VectorQuantisationBenchmarks,'HNSW search',DefaultJob,Default,Default,Default,Default,Default,Default,Default,Default,Default,Default,Default,Default,Default,Default,Default,Default,Default,Default,Default,Default,Default,Default,Default,Default,Default,Default,Default,Default,Default,Default,Default,Default,Default,Default,Default,Default,Default,Default,Default,Default,Default,DefaultJob,Dimension=128&Quantisation=Int4,1,Workload,Actual,4,538150443,64,8408600.67,154,0,0,10121525
VectorQuantisationBenchmarks.'HNSW search',Rowles.LeanCorpus.Benchmarks,VectorQuantisationBenchmarks,'HNSW search',DefaultJob,Default,Default,Default,Default,Default,Default,Default,Default,Default,Default,Default,Default,Default,Default,Default,Default,Default,Default,Default,Default,Default,Default,Default,Default,Default,Default,Default,Default,Default,Default,Default,Default,Default,Default,Default,Default,Default,Default,Default,Default,Default,DefaultJob,Dimension=128&Quantisation=Int4,1,Workload,Actual,5,538311262,64,8411113.47,154,0,0,10121525
VectorQuantisationBenchmarks.'HNSW search',Rowles.LeanCorpus.Benchmarks,VectorQuantisationBenchmarks,'HNSW search',DefaultJob,Default,Default,Default,Default,Default,Default,Default,Default,Default,Default,Default,Default,Default,Default,Default,Default,Default,Default,Default,Default,Default,Default,Default,Default,Default,Default,Default,Default,Default,Default,Default,Default,Default,Default,Default,Default,Default,Default,Default,Default,Default,DefaultJob,Dimension=128&Quantisation=Int4,1,Workload,Actual,6,534225611,64,8347275.17,154,0,0,10121525
VectorQuantisationBenchmarks.'HNSW search',Rowles.LeanCorpus.Benchmarks,VectorQuantisationBenchmarks,'HNSW search',DefaultJob,Default,Default,Default,Default,Default,Default,Default,Default,Default,Default,Default,Default,Default,Default,Default,Default,Default,Default,Default,Default,Default,Default,Default,Default,Default,Default,Default,Default,Default,Default,Default,Default,Default,Default,Default,Default,Default,Default,Default,Default,Default,DefaultJob,Dimension=128&Quantisation=Int4,1,Workload,Actual,7,540483311,64,8445051.73,154,0,0,10121525
VectorQuantisationBenchmarks.'HNSW search',Rowles.LeanCorpus.Benchmarks,VectorQuantisationBenchmarks,'HNSW search',DefaultJob,Default,Default,Default,Default,Default,Default,Default,Default,Default,Default,Default,Default,Default,Default,Default,Default,Default,Default,Default,Default,Default,Default,Default,Default,Default,Default,Default,Default,Default,Default,Default,Default,Default,Default,Default,Default,Default,Default,Default,Default,Default,DefaultJob,Dimension=128&Quantisation=Int4,1,Workload,Actual,8,545598105,64,8524970.39,154,0,0,10121525
VectorQuantisationBenchmarks.'HNSW search',Rowles.LeanCorpus.Benchmarks,VectorQuantisationBenchmarks,'HNSW search',DefaultJob,Default,Default,Default,Default,Default,Default,Default,Default,Default,Default,Default,Default,Default,Default,Default,Default,Default,Default,Default,Default,Default,Default,Default,Default,Default,Default,Default,Default,Default,Default,Default,Default,Default,Default,Default,Default,Default,Default,Default,Default,Default,DefaultJob,Dimension=128&Quantisation=Int4,1,Workload,Actual,9,601765146,64,9402580.41,154,0,0,10121525
VectorQuantisationBenchmarks.'HNSW search',Rowles.LeanCorpus.Benchmarks,VectorQuantisationBenchmarks,'HNSW search',DefaultJob,Default,Default,Default,Default,Default,Default,Default,Default,Default,Default,Default,Default,Default,Default,Default,Default,Default,Default,Default,Default,Default,Default,Default,Default,Default,Default,Default,Default,Default,Default,Default,Default,Default,Default,Default,Default,Default,Default,Default,Default,Default,DefaultJob,Dimension=128&Quantisation=Int4,1,Workload,Actual,10,533132452,64,8330194.56,154,0,0,10121525
VectorQuantisationBenchmarks.'HNSW search',Rowles.LeanCorpus.Benchmarks,VectorQuantisationBenchmarks,'HNSW search',DefaultJob,Default,Default,Default,Default,Default,Default,Default,Default,Default,Default,Default,Default,Default,Default,Default,Default,Default,Default,Default,Default,Default,Default,Default,Default,Default,Default,Default,Default,Default,Default,Default,Default,Default,Default,Default,Default,Default,Default,Default,Default,Default,DefaultJob,Dimension=128&Quantisation=Int4,1,Workload,Actual,11,540819587,64,8450306.05,154,0,0,10121525
VectorQuantisationBenchmarks.'HNSW search',Rowles.LeanCorpus.Benchmarks,VectorQuantisationBenchmarks,'HNSW search',DefaultJob,Default,Default,Default,Default,Default,Default,Default,Default,Default,Default,Default,Default,Default,Default,Default,Default,Default,Default,Default,Default,Default,Default,Default,Default,Default,Default,Default,Default,Default,Default,Default,Default,Default,Default,Default,Default,Default,Default,Default,Default,Default,DefaultJob,Dimension=128&Quantisation=Int4,1,Workload,Actual,12,543310242,64,8489222.53,154,0,0,10121525
VectorQuantisationBenchmarks.'HNSW search',Rowles.LeanCorpus.Benchmarks,VectorQuantisationBenchmarks,'HNSW search',DefaultJob,Default,Default,Default,Default,Default,Default,Default,Default,Default,Default,Default,Default,Default,Default,Default,Default,Default,Default,Default,Default,Default,Default,Default,Default,Default,Default,Default,Default,Default,Default,Default,Default,Default,Default,Default,Default,Default,Default,Default,Default,Default,DefaultJob,Dimension=128&Quantisation=Int4,1,Workload,Actual,13,545067241,64,8516675.64,154,0,0,10121525
VectorQuantisationBenchmarks.'HNSW search',Rowles.LeanCorpus.Benchmarks,VectorQuantisationBenchmarks,'HNSW search',DefaultJob,Default,Default,Default,Default,Default,Default,Default,Default,Default,Default,Default,Default,Default,Default,Default,Default,Default,Default,Default,Default,Default,Default,Default,Default,Default,Default,Default,Default,Default,Default,Default,Default,Default,Default,Default,Default,Default,Default,Default,Default,Default,DefaultJob,Dimension=128&Quantisation=Int4,1,Workload,Actual,14,543517603,64,8492462.55,154,0,0,10121525
VectorQuantisationBenchmarks.'HNSW search',Rowles.LeanCorpus.Benchmarks,VectorQuantisationBenchmarks,'HNSW search',DefaultJob,Default,Default,Default,Default,Default,Default,Default,Default,Default,Default,Default,Default,Default,Default,Default,Default,Default,Default,Default,Default,Default,Default,Default,Default,Default,Default,Default,Default,Default,Default,Default,Default,Default,Default,Default,Default,Default,Default,Default,Default,Default,DefaultJob,Dimension=128&Quantisation=Int4,1,Workload,Actual,15,540112186,64,8439252.91,154,0,0,10121525
VectorQuantisationBenchmarks.'HNSW search',Rowles.LeanCorpus.Benchmarks,VectorQuantisationBenchmarks,'HNSW search',DefaultJob,Default,Default,Default,Default,Default,Default,Default,Default,Default,Default,Default,Default,Default,Default,Default,Default,Default,Default,Default,Default,Default,Default,Default,Default,Default,Default,Default,Default,Default,Default,Default,Default,Default,Default,Default,Default,Default,Default,Default,Default,Default,DefaultJob,Dimension=128&Quantisation=Int4,1,Workload,Extra,1,537989577,64,8406087.14,154,0,0,10121525
VectorQuantisationBenchmarks.'HNSW search',Rowles.LeanCorpus.Benchmarks,VectorQuantisationBenchmarks,'HNSW search',DefaultJob,Default,Default,Default,Default,Default,Default,Default,Default,Default,Default,Default,Default,Default,Default,Default,Default,Default,Default,Default,Default,Default,Default,Default,Default,Default,Default,Default,Default,Default,Default,Default,Default,Default,Default,Default,Default,Default,Default,Default,Default,Default,DefaultJob,Dimension=128&Quantisation=Int4,1,Workload,Result,1,544461518,64,8507211.22,154,0,0,10121525
VectorQuantisationBenchmarks.'HNSW search',Rowles.LeanCorpus.Benchmarks,VectorQuantisationBenchmarks,'HNSW search',DefaultJob,Default,Default,Default,Default,Default,Default,Default,Default,Default,Default,Default,Default,Default,Default,Default,Default,Default,Default,Default,Default,Default,Default,Default,Default,Default,Default,Default,Default,Default,Default,Default,Default,Default,Default,Default,Default,Default,Default,Default,Default,Default,DefaultJob,Dimension=128&Quantisation=Int4,1,Workload,Result,2,541114267,64,8454910.42,154,0,0,10121525
VectorQuantisationBenchmarks.'HNSW search',Rowles.LeanCorpus.Benchmarks,VectorQuantisationBenchmarks,'HNSW search',DefaultJob,Default,Default,Default,Default,Default,Default,Default,Default,Default,Default,Default,Default,Default,Default,Default,Default,Default,Default,Default,Default,Default,Default,Default,Default,Default,Default,Default,Default,Default,Default,Default,Default,Default,Default,Default,Default,Default,Default,Default,Default,Default,DefaultJob,Dimension=128&Quantisation=Int4,1,Workload,Result,3,543159961,64,8486874.39,154,0,0,10121525
VectorQuantisationBenchmarks.'HNSW search',Rowles.LeanCorpus.Benchmarks,VectorQuantisationBenchmarks,'HNSW search',DefaultJob,Default,Default,Default,Default,Default,Default,Default,Default,Default,Default,Default,Default,Default,Default,Default,Default,Default,Default,Default,Default,Default,Default,Default,Default,Default,Default,Default,Default,Default,Default,Default,Default,Default,Default,Default,Default,Default,Default,Default,Default,Default,DefaultJob,Dimension=128&Quantisation=Int4,1,Workload,Result,4,538150443,64,8408600.67,154,0,0,10121525
VectorQuantisationBenchmarks.'HNSW search',Rowles.LeanCorpus.Benchmarks,VectorQuantisationBenchmarks,'HNSW search',DefaultJob,Default,Default,Default,Default,Default,Default,Default,Default,Default,Default,Default,Default,Default,Default,Default,Default,Default,Default,Default,Default,Default,Default,Default,Default,Default,Default,Default,Default,Default,Default,Default,Default,Default,Default,Default,Default,Default,Default,Default,Default,Default,DefaultJob,Dimension=128&Quantisation=Int4,1,Workload,Result,5,538311262,64,8411113.47,154,0,0,10121525
VectorQuantisationBenchmarks.'HNSW search',Rowles.LeanCorpus.Benchmarks,VectorQuantisationBenchmarks,'HNSW search',DefaultJob,Default,Default,Default,Default,Default,Default,Default,Default,Default,Default,Default,Default,Default,Default,Default,Default,Default,Default,Default,Default,Default,Default,Default,Default,Default,Default,Default,Default,Default,Default,Default,Default,Default,Default,Default,Default,Default,Default,Default,Default,Default,DefaultJob,Dimension=128&Quantisation=Int4,1,Workload,Result,6,534225611,64,8347275.17,154,0,0,10121525
VectorQuantisationBenchmarks.'HNSW search',Rowles.LeanCorpus.Benchmarks,VectorQuantisationBenchmarks,'HNSW search',DefaultJob,Default,Default,Default,Default,Default,Default,Default,Default,Default,Default,Default,Default,Default,Default,Default,Default,Default,Default,Default,Default,Default,Default,Default,Default,Default,Default,Default,Default,Default,Default,Default,Default,Default,Default,Default,Default,Default,Default,Default,Default,Default,DefaultJob,Dimension=128&Quantisation=Int4,1,Workload,Result,7,540483311,64,8445051.73,154,0,0,10121525
VectorQuantisationBenchmarks.'HNSW search',Rowles.LeanCorpus.Benchmarks,VectorQuantisationBenchmarks,'HNSW search',DefaultJob,Default,Default,Default,Default,Default,Default,Default,Default,Default,Default,Default,Default,Default,Default,Default,Default,Default,Default,Default,Default,Default,Default,Default,Default,Default,Default,Default,Default,Default,Default,Default,Default,Default,Default,Default,Default,Default,Default,Default,Default,Default,DefaultJob,Dimension=128&Quantisation=Int4,1,Workload,Result,8,545598105,64,8524970.39,154,0,0,10121525
VectorQuantisationBenchmarks.'HNSW search',Rowles.LeanCorpus.Benchmarks,VectorQuantisationBenchmarks,'HNSW search',DefaultJob,Default,Default,Default,Default,Default,Default,Default,Default,Default,Default,Default,Default,Default,Default,Default,Default,Default,Default,Default,Default,Default,Default,Default,Default,Default,Default,Default,Default,Default,Default,Default,Default,Default,Default,Default,Default,Default,Default,Default,Default,Default,DefaultJob,Dimension=128&Quantisation=Int4,1,Workload,Result,9,533132452,64,8330194.56,154,0,0,10121525
VectorQuantisationBenchmarks.'HNSW search',Rowles.LeanCorpus.Benchmarks,VectorQuantisationBenchmarks,'HNSW search',DefaultJob,Default,Default,Default,Default,Default,Default,Default,Default,Default,Default,Default,Default,Default,Default,Default,Default,Default,Default,Default,Default,Default,Default,Default,Default,Default,Default,Default,Default,Default,Default,Default,Default,Default,Default,Default,Default,Default,Default,Default,Default,Default,DefaultJob,Dimension=128&Quantisation=Int4,1,Workload,Result,10,540819587,64,8450306.05,154,0,0,10121525
VectorQuantisationBenchmarks.'HNSW search',Rowles.LeanCorpus.Benchmarks,VectorQuantisationBenchmarks,'HNSW search',DefaultJob,Default,Default,Default,Default,Default,Default,Default,Default,Default,Default,Default,Default,Default,Default,Default,Default,Default,Default,Default,Default,Default,Default,Default,Default,Default,Default,Default,Default,Default,Default,Default,Default,Default,Default,Default,Default,Default,Default,Default,Default,Default,DefaultJob,Dimension=128&Quantisation=Int4,1,Workload,Result,11,543310242,64,8489222.53,154,0,0,10121525
VectorQuantisationBenchmarks.'HNSW search',Rowles.LeanCorpus.Benchmarks,VectorQuantisationBenchmarks,'HNSW search',DefaultJob,Default,Default,Default,Default,Default,Default,Default,Default,Default,Default,Default,Default,Default,Default,Default,Default,Default,Default,Default,Default,Default,Default,Default,Default,Default,Default,Default,Default,Default,Default,Default,Default,Default,Default,Default,Default,Default,Default,Default,Default,Default,DefaultJob,Dimension=128&Quantisation=Int4,1,Workload,Result,12,545067241,64,8516675.64,154,0,0,10121525
VectorQuantisationBenchmarks.'HNSW search',Rowles.LeanCorpus.Benchmarks,VectorQuantisationBenchmarks,'HNSW search',DefaultJob,Default,Default,Default,Default,Default,Default,Default,Default,Default,Default,Default,Default,Default,Default,Default,Default,Default,Default,Default,Default,Default,Default,Default,Default,Default,Default,Default,Default,Default,Default,Default,Default,Default,Default,Default,Default,Default,Default,Default,Default,Default,DefaultJob,Dimension=128&Quantisation=Int4,1,Workload,Result,13,543517603,64,8492462.55,154,0,0,10121525
VectorQuantisationBenchmarks.'HNSW search',Rowles.LeanCorpus.Benchmarks,VectorQuantisationBenchmarks,'HNSW search',DefaultJob,Default,Default,Default,Default,Default,Default,Default,Default,Default,Default,Default,Default,Default,Default,Default,Default,Default,Default,Default,Default,Default,Default,Default,Default,Default,Default,Default,Default,Default,Default,Default,Default,Default,Default,Default,Default,Default,Default,Default,Default,Default,DefaultJob,Dimension=128&Quantisation=Int4,1,Workload,Result,14,540112186,64,8439252.91,154,0,0,10121525
VectorQuantisationBenchmarks.'Lucene.NET flat scan',Rowles.LeanCorpus.Benchmarks,VectorQuantisationBenchmarks,'Lucene.NET flat scan',DefaultJob,Default,Default,Default,Default,Default,Default,Default,Default,Default,Default,Default,Default,Default,Default,Default,Default,Default,Default,Default,Default,Default,Default,Default,Default,Default,Default,Default,Default,Default,Default,Default,Default,Default,Default,Default,Default,Default,Default,Default,Default,Default,DefaultJob,Dimension=128&Quantisation=Int4,1,Workload,Jitting,1,291660831,1,291660831,100,0,0,140000104
VectorQuantisationBenchmarks.'Lucene.NET flat scan',Rowles.LeanCorpus.Benchmarks,VectorQuantisationBenchmarks,'Lucene.NET flat scan',DefaultJob,Default,Default,Default,Default,Default,Default,Default,Default,Default,Default,Default,Default,Default,Default,Default,Default,Default,Default,Default,Default,Default,Default,Default,Default,Default,Default,Default,Default,Default,Default,Default,Default,Default,Default,Default,Default,Default,Default,Default,Default,Default,DefaultJob,Dimension=128&Quantisation=Int4,1,Workload,Jitting,2,7047449727,30,234914990.9,100,0,0,140000104
VectorQuantisationBenchmarks.'Lucene.NET flat scan',Rowles.LeanCorpus.Benchmarks,VectorQuantisationBenchmarks,'Lucene.NET flat scan',DefaultJob,Default,Default,Default,Default,Default,Default,Default,Default,Default,Default,Default,Default,Default,Default,Default,Default,Default,Default,Default,Default,Default,Default,Default,Default,Default,Default,Default,Default,Default,Default,Default,Default,Default,Default,Default,Default,Default,Default,Default,Default,Default,DefaultJob,Dimension=128&Quantisation=Int4,1,Workload,Jitting,3,2577073726,11,234279429.64,100,0,0,140000104
VectorQuantisationBenchmarks.'Lucene.NET flat scan',Rowles.LeanCorpus.Benchmarks,VectorQuantisationBenchmarks,'Lucene.NET flat scan',DefaultJob,Default,Default,Default,Default,Default,Default,Default,Default,Default,Default,Default,Default,Default,Default,Default,Default,Default,Default,Default,Default,Default,Default,Default,Default,Default,Default,Default,Default,Default,Default,Default,Default,Default,Default,Default,Default,Default,Default,Default,Default,Default,DefaultJob,Dimension=128&Quantisation=Int4,1,Workload,Jitting,4,234367968,1,234367968,100,0,0,140000104
VectorQuantisationBenchmarks.'Lucene.NET flat scan',Rowles.LeanCorpus.Benchmarks,VectorQuantisationBenchmarks,'Lucene.NET flat scan',DefaultJob,Default,Default,Default,Default,Default,Default,Default,Default,Default,Default,Default,Default,Default,Default,Default,Default,Default,Default,Default,Default,Default,Default,Default,Default,Default,Default,Default,Default,Default,Default,Default,Default,Default,Default,Default,Default,Default,Default,Default,Default,Default,DefaultJob,Dimension=128&Quantisation=Int4,1,Workload,Pilot,1,467242354,2,233621177,100,0,0,140000104
VectorQuantisationBenchmarks.'Lucene.NET flat scan',Rowles.LeanCorpus.Benchmarks,VectorQuantisationBenchmarks,'Lucene.NET flat scan',DefaultJob,Default,Default,Default,Default,Default,Default,Default,Default,Default,Default,Default,Default,Default,Default,Default,Default,Default,Default,Default,Default,Default,Default,Default,Default,Default,Default,Default,Default,Default,Default,Default,Default,Default,Default,Default,Default,Default,Default,Default,Default,Default,DefaultJob,Dimension=128&Quantisation=Int4,1,Workload,Pilot,2,705039321,3,235013107,100,0,0,140000104
VectorQuantisationBenchmarks.'Lucene.NET flat scan',Rowles.LeanCorpus.Benchmarks,VectorQuantisationBenchmarks,'Lucene.NET flat scan',DefaultJob,Default,Default,Default,Default,Default,Default,Default,Default,Default,Default,Default,Default,Default,Default,Default,Default,Default,Default,Default,Default,Default,Default,Default,Default,Default,Default,Default,Default,Default,Default,Default,Default,Default,Default,Default,Default,Default,Default,Default,Default,Default,DefaultJob,Dimension=128&Quantisation=Int4,1,Workload,Warmup,1,703184883,3,234394961,100,0,0,140000104
VectorQuantisationBenchmarks.'Lucene.NET flat scan',Rowles.LeanCorpus.Benchmarks,VectorQuantisationBenchmarks,'Lucene.NET flat scan',DefaultJob,Default,Default,Default,Default,Default,Default,Default,Default,Default,Default,Default,Default,Default,Default,Default,Default,Default,Default,Default,Default,Default,Default,Default,Default,Default,Default,Default,Default,Default,Default,Default,Default,Default,Default,Default,Default,Default,Default,Default,Default,Default,DefaultJob,Dimension=128&Quantisation=Int4,1,Workload,Warmup,2,696011082,3,232003694,100,0,0,140000104
VectorQuantisationBenchmarks.'Lucene.NET flat scan',Rowles.LeanCorpus.Benchmarks,VectorQuantisationBenchmarks,'Lucene.NET flat scan',DefaultJob,Default,Default,Default,Default,Default,Default,Default,Default,Default,Default,Default,Default,Default,Default,Default,Default,Default,Default,Default,Default,Default,Default,Default,Default,Default,Default,Default,Default,Default,Default,Default,Default,Default,Default,Default,Default,Default,Default,Default,Default,Default,DefaultJob,Dimension=128&Quantisation=Int4,1,Workload,Warmup,3,702052076,3,234017358.67,100,0,0,140000104
VectorQuantisationBenchmarks.'Lucene.NET flat scan',Rowles.LeanCorpus.Benchmarks,VectorQuantisationBenchmarks,'Lucene.NET flat scan',DefaultJob,Default,Default,Default,Default,Default,Default,Default,Default,Default,Default,Default,Default,Default,Default,Default,Default,Default,Default,Default,Default,Default,Default,Default,Default,Default,Default,Default,Default,Default,Default,Default,Default,Default,Default,Default,Default,Default,Default,Default,Default,Default,DefaultJob,Dimension=128&Quantisation=Int4,1,Workload,Warmup,4,699008050,3,233002683.33,100,0,0,140000104
VectorQuantisationBenchmarks.'Lucene.NET flat scan',Rowles.LeanCorpus.Benchmarks,VectorQuantisationBenchmarks,'Lucene.NET flat scan',DefaultJob,Default,Default,Default,Default,Default,Default,Default,Default,Default,Default,Default,Default,Default,Default,Default,Default,Default,Default,Default,Default,Default,Default,Default,Default,Default,Default,Default,Default,Default,Default,Default,Default,Default,Default,Default,Default,Default,Default,Default,Default,Default,DefaultJob,Dimension=128&Quantisation=Int4,1,Workload,Warmup,5,686595331,3,228865110.33,100,0,0,140000104
VectorQuantisationBenchmarks.'Lucene.NET flat scan',Rowles.LeanCorpus.Benchmarks,VectorQuantisationBenchmarks,'Lucene.NET flat scan',DefaultJob,Default,Default,Default,Default,Default,Default,Default,Default,Default,Default,Default,Default,Default,Default,Default,Default,Default,Default,Default,Default,Default,Default,Default,Default,Default,Default,Default,Default,Default,Default,Default,Default,Default,Default,Default,Default,Default,Default,Default,Default,Default,DefaultJob,Dimension=128&Quantisation=Int4,1,Workload,Warmup,6,680971437,3,226990479,100,0,0,140000104
VectorQuantisationBenchmarks.'Lucene.NET flat scan',Rowles.LeanCorpus.Benchmarks,VectorQuantisationBenchmarks,'Lucene.NET flat scan',DefaultJob,Default,Default,Default,Default,Default,Default,Default,Default,Default,Default,Default,Default,Default,Default,Default,Default,Default,Default,Default,Default,Default,Default,Default,Default,Default,Default,Default,Default,Default,Default,Default,Default,Default,Default,Default,Default,Default,Default,Default,Default,Default,DefaultJob,Dimension=128&Quantisation=Int4,1,Workload,Warmup,7,687671102,3,229223700.67,100,0,0,140000104
VectorQuantisationBenchmarks.'Lucene.NET flat scan',Rowles.LeanCorpus.Benchmarks,VectorQuantisationBenchmarks,'Lucene.NET flat scan',DefaultJob,Default,Default,Default,Default,Default,Default,Default,Default,Default,Default,Default,Default,Default,Default,Default,Default,Default,Default,Default,Default,Default,Default,Default,Default,Default,Default,Default,Default,Default,Default,Default,Default,Default,Default,Default,Default,Default,Default,Default,Default,Default,DefaultJob,Dimension=128&Quantisation=Int4,1,Workload,Warmup,8,692033621,3,230677873.67,100,0,0,140000104
VectorQuantisationBenchmarks.'Lucene.NET flat scan',Rowles.LeanCorpus.Benchmarks,VectorQuantisationBenchmarks,'Lucene.NET flat scan',DefaultJob,Default,Default,Default,Default,Default,Default,Default,Default,Default,Default,Default,Default,Default,Default,Default,Default,Default,Default,Default,Default,Default,Default,Default,Default,Default,Default,Default,Default,Default,Default,Default,Default,Default,Default,Default,Default,Default,Default,Default,Default,Default,DefaultJob,Dimension=128&Quantisation=Int4,1,Workload,Warmup,9,690544761,3,230181587,100,0,0,140000104
VectorQuantisationBenchmarks.'Lucene.NET flat scan',Rowles.LeanCorpus.Benchmarks,VectorQuantisationBenchmarks,'Lucene.NET flat scan',DefaultJob,Default,Default,Default,Default,Default,Default,Default,Default,Default,Default,Default,Default,Default,Default,Default,Default,Default,Default,Default,Default,Default,Default,Default,Default,Default,Default,Default,Default,Default,Default,Default,Default,Default,Default,Default,Default,Default,Default,Default,Default,Default,DefaultJob,Dimension=128&Quantisation=Int4,1,Workload,Actual,1,690107988,3,230035996,100,0,0,140000104
VectorQuantisationBenchmarks.'Lucene.NET flat scan',Rowles.LeanCorpus.Benchmarks,VectorQuantisationBenchmarks,'Lucene.NET flat scan',DefaultJob,Default,Default,Default,Default,Default,Default,Default,Default,Default,Default,Default,Default,Default,Default,Default,Default,Default,Default,Default,Default,Default,Default,Default,Default,Default,Default,Default,Default,Default,Default,Default,Default,Default,Default,Default,Default,Default,Default,Default,Default,Default,DefaultJob,Dimension=128&Quantisation=Int4,1,Workload,Actual,2,689841916,3,229947305.33,100,0,0,140000104
VectorQuantisationBenchmarks.'Lucene.NET flat scan',Rowles.LeanCorpus.Benchmarks,VectorQuantisationBenchmarks,'Lucene.NET flat scan',DefaultJob,Default,Default,Default,Default,Default,Default,Default,Default,Default,Default,Default,Default,Default,Default,Default,Default,Default,Default,Default,Default,Default,Default,Default,Default,Default,Default,Default,Default,Default,Default,Default,Default,Default,Default,Default,Default,Default,Default,Default,Default,Default,DefaultJob,Dimension=128&Quantisation=Int4,1,Workload,Actual,3,685357503,3,228452501,100,0,0,140000104
VectorQuantisationBenchmarks.'Lucene.NET flat scan',Rowles.LeanCorpus.Benchmarks,VectorQuantisationBenchmarks,'Lucene.NET flat scan',DefaultJob,Default,Default,Default,Default,Default,Default,Default,Default,Default,Default,Default,Default,Default,Default,Default,Default,Default,Default,Default,Default,Default,Default,Default,Default,Default,Default,Default,Default,Default,Default,Default,Default,Default,Default,Default,Default,Default,Default,Default,Default,Default,DefaultJob,Dimension=128&Quantisation=Int4,1,Workload,Actual,4,682538673,3,227512891,100,0,0,140000104
VectorQuantisationBenchmarks.'Lucene.NET flat scan',Rowles.LeanCorpus.Benchmarks,VectorQuantisationBenchmarks,'Lucene.NET flat scan',DefaultJob,Default,Default,Default,Default,Default,Default,Default,Default,Default,Default,Default,Default,Default,Default,Default,Default,Default,Default,Default,Default,Default,Default,Default,Default,Default,Default,Default,Default,Default,Default,Default,Default,Default,Default,Default,Default,Default,Default,Default,Default,Default,DefaultJob,Dimension=128&Quantisation=Int4,1,Workload,Actual,5,688704216,3,229568072,100,0,0,140000104
VectorQuantisationBenchmarks.'Lucene.NET flat scan',Rowles.LeanCorpus.Benchmarks,VectorQuantisationBenchmarks,'Lucene.NET flat scan',DefaultJob,Default,Default,Default,Default,Default,Default,Default,Default,Default,Default,Default,Default,Default,Default,Default,Default,Default,Default,Default,Default,Default,Default,Default,Default,Default,Default,Default,Default,Default,Default,Default,Default,Default,Default,Default,Default,Default,Default,Default,Default,Default,DefaultJob,Dimension=128&Quantisation=Int4,1,Workload,Actual,6,688934825,3,229644941.67,100,0,0,140000104
VectorQuantisationBenchmarks.'Lucene.NET flat scan',Rowles.LeanCorpus.Benchmarks,VectorQuantisationBenchmarks,'Lucene.NET flat scan',DefaultJob,Default,Default,Default,Default,Default,Default,Default,Default,Default,Default,Default,Default,Default,Default,Default,Default,Default,Default,Default,Default,Default,Default,Default,Default,Default,Default,Default,Default,Default,Default,Default,Default,Default,Default,Default,Default,Default,Default,Default,Default,Default,DefaultJob,Dimension=128&Quantisation=Int4,1,Workload,Actual,7,688768666,3,229589555.33,100,0,0,140000104
VectorQuantisationBenchmarks.'Lucene.NET flat scan',Rowles.LeanCorpus.Benchmarks,VectorQuantisationBenchmarks,'Lucene.NET flat scan',DefaultJob,Default,Default,Default,Default,Default,Default,Default,Default,Default,Default,Default,Default,Default,Default,Default,Default,Default,Default,Default,Default,Default,Default,Default,Default,Default,Default,Default,Default,Default,Default,Default,Default,Default,Default,Default,Default,Default,Default,Default,Default,Default,DefaultJob,Dimension=128&Quantisation=Int4,1,Workload,Actual,8,688100714,3,229366904.67,100,0,0,140000104
VectorQuantisationBenchmarks.'Lucene.NET flat scan',Rowles.LeanCorpus.Benchmarks,VectorQuantisationBenchmarks,'Lucene.NET flat scan',DefaultJob,Default,Default,Default,Default,Default,Default,Default,Default,Default,Default,Default,Default,Default,Default,Default,Default,Default,Default,Default,Default,Default,Default,Default,Default,Default,Default,Default,Default,Default,Default,Default,Default,Default,Default,Default,Default,Default,Default,Default,Default,Default,DefaultJob,Dimension=128&Quantisation=Int4,1,Workload,Actual,9,688299836,3,229433278.67,100,0,0,140000104
VectorQuantisationBenchmarks.'Lucene.NET flat scan',Rowles.LeanCorpus.Benchmarks,VectorQuantisationBenchmarks,'Lucene.NET flat scan',DefaultJob,Default,Default,Default,Default,Default,Default,Default,Default,Default,Default,Default,Default,Default,Default,Default,Default,Default,Default,Default,Default,Default,Default,Default,Default,Default,Default,Default,Default,Default,Default,Default,Default,Default,Default,Default,Default,Default,Default,Default,Default,Default,DefaultJob,Dimension=128&Quantisation=Int4,1,Workload,Actual,10,680488509,3,226829503,100,0,0,140000104
VectorQuantisationBenchmarks.'Lucene.NET flat scan',Rowles.LeanCorpus.Benchmarks,VectorQuantisationBenchmarks,'Lucene.NET flat scan',DefaultJob,Default,Default,Default,Default,Default,Default,Default,Default,Default,Default,Default,Default,Default,Default,Default,Default,Default,Default,Default,Default,Default,Default,Default,Default,Default,Default,Default,Default,Default,Default,Default,Default,Default,Default,Default,Default,Default,Default,Default,Default,Default,DefaultJob,Dimension=128&Quantisation=Int4,1,Workload,Actual,11,686735835,3,228911945,100,0,0,140000104
VectorQuantisationBenchmarks.'Lucene.NET flat scan',Rowles.LeanCorpus.Benchmarks,VectorQuantisationBenchmarks,'Lucene.NET flat scan',DefaultJob,Default,Default,Default,Default,Default,Default,Default,Default,Default,Default,Default,Default,Default,Default,Default,Default,Default,Default,Default,Default,Default,Default,Default,Default,Default,Default,Default,Default,Default,Default,Default,Default,Default,Default,Default,Default,Default,Default,Default,Default,Default,DefaultJob,Dimension=128&Quantisation=Int4,1,Workload,Actual,12,685837870,3,228612623.33,100,0,0,140000104
VectorQuantisationBenchmarks.'Lucene.NET flat scan',Rowles.LeanCorpus.Benchmarks,VectorQuantisationBenchmarks,'Lucene.NET flat scan',DefaultJob,Default,Default,Default,Default,Default,Default,Default,Default,Default,Default,Default,Default,Default,Default,Default,Default,Default,Default,Default,Default,Default,Default,Default,Default,Default,Default,Default,Default,Default,Default,Default,Default,Default,Default,Default,Default,Default,Default,Default,Default,Default,DefaultJob,Dimension=128&Quantisation=Int4,1,Workload,Actual,13,691358126,3,230452708.67,100,0,0,140000104
VectorQuantisationBenchmarks.'Lucene.NET flat scan',Rowles.LeanCorpus.Benchmarks,VectorQuantisationBenchmarks,'Lucene.NET flat scan',DefaultJob,Default,Default,Default,Default,Default,Default,Default,Default,Default,Default,Default,Default,Default,Default,Default,Default,Default,Default,Default,Default,Default,Default,Default,Default,Default,Default,Default,Default,Default,Default,Default,Default,Default,Default,Default,Default,Default,Default,Default,Default,Default,DefaultJob,Dimension=128&Quantisation=Int4,1,Workload,Actual,14,688773146,3,229591048.67,100,0,0,140000104
VectorQuantisationBenchmarks.'Lucene.NET flat scan',Rowles.LeanCorpus.Benchmarks,VectorQuantisationBenchmarks,'Lucene.NET flat scan',DefaultJob,Default,Default,Default,Default,Default,Default,Default,Default,Default,Default,Default,Default,Default,Default,Default,Default,Default,Default,Default,Default,Default,Default,Default,Default,Default,Default,Default,Default,Default,Default,Default,Default,Default,Default,Default,Default,Default,Default,Default,Default,Default,DefaultJob,Dimension=128&Quantisation=Int4,1,Workload,Actual,15,692491980,3,230830660,100,0,0,140000104
VectorQuantisationBenchmarks.'Lucene.NET flat scan',Rowles.LeanCorpus.Benchmarks,VectorQuantisationBenchmarks,'Lucene.NET flat scan',DefaultJob,Default,Default,Default,Default,Default,Default,Default,Default,Default,Default,Default,Default,Default,Default,Default,Default,Default,Default,Default,Default,Default,Default,Default,Default,Default,Default,Default,Default,Default,Default,Default,Default,Default,Default,Default,Default,Default,Default,Default,Default,Default,DefaultJob,Dimension=128&Quantisation=Int4,1,Workload,Extra,1,682832979,3,227610993,100,0,0,140000104
VectorQuantisationBenchmarks.'Lucene.NET flat scan',Rowles.LeanCorpus.Benchmarks,VectorQuantisationBenchmarks,'Lucene.NET flat scan',DefaultJob,Default,Default,Default,Default,Default,Default,Default,Default,Default,Default,Default,Default,Default,Default,Default,Default,Default,Default,Default,Default,Default,Default,Default,Default,Default,Default,Default,Default,Default,Default,Default,Default,Default,Default,Default,Default,Default,Default,Default,Default,Default,DefaultJob,Dimension=128&Quantisation=Int4,1,Workload,Result,1,690107988,3,230035996,100,0,0,140000104
VectorQuantisationBenchmarks.'Lucene.NET flat scan',Rowles.LeanCorpus.Benchmarks,VectorQuantisationBenchmarks,'Lucene.NET flat scan',DefaultJob,Default,Default,Default,Default,Default,Default,Default,Default,Default,Default,Default,Default,Default,Default,Default,Default,Default,Default,Default,Default,Default,Default,Default,Default,Default,Default,Default,Default,Default,Default,Default,Default,Default,Default,Default,Default,Default,Default,Default,Default,Default,DefaultJob,Dimension=128&Quantisation=Int4,1,Workload,Result,2,689841916,3,229947305.33,100,0,0,140000104
VectorQuantisationBenchmarks.'Lucene.NET flat scan',Rowles.LeanCorpus.Benchmarks,VectorQuantisationBenchmarks,'Lucene.NET flat scan',DefaultJob,Default,Default,Default,Default,Default,Default,Default,Default,Default,Default,Default,Default,Default,Default,Default,Default,Default,Default,Default,Default,Default,Default,Default,Default,Default,Default,Default,Default,Default,Default,Default,Default,Default,Default,Default,Default,Default,Default,Default,Default,Default,DefaultJob,Dimension=128&Quantisation=Int4,1,Workload,Result,3,685357503,3,228452501,100,0,0,140000104
VectorQuantisationBenchmarks.'Lucene.NET flat scan',Rowles.LeanCorpus.Benchmarks,VectorQuantisationBenchmarks,'Lucene.NET flat scan',DefaultJob,Default,Default,Default,Default,Default,Default,Default,Default,Default,Default,Default,Default,Default,Default,Default,Default,Default,Default,Default,Default,Default,Default,Default,Default,Default,Default,Default,Default,Default,Default,Default,Default,Default,Default,Default,Default,Default,Default,Default,Default,Default,DefaultJob,Dimension=128&Quantisation=Int4,1,Workload,Result,4,682538673,3,227512891,100,0,0,140000104
VectorQuantisationBenchmarks.'Lucene.NET flat scan',Rowles.LeanCorpus.Benchmarks,VectorQuantisationBenchmarks,'Lucene.NET flat scan',DefaultJob,Default,Default,Default,Default,Default,Default,Default,Default,Default,Default,Default,Default,Default,Default,Default,Default,Default,Default,Default,Default,Default,Default,Default,Default,Default,Default,Default,Default,Default,Default,Default,Default,Default,Default,Default,Default,Default,Default,Default,Default,Default,DefaultJob,Dimension=128&Quantisation=Int4,1,Workload,Result,5,688704216,3,229568072,100,0,0,140000104
VectorQuantisationBenchmarks.'Lucene.NET flat scan',Rowles.LeanCorpus.Benchmarks,VectorQuantisationBenchmarks,'Lucene.NET flat scan',DefaultJob,Default,Default,Default,Default,Default,Default,Default,Default,Default,Default,Default,Default,Default,Default,Default,Default,Default,Default,Default,Default,Default,Default,Default,Default,Default,Default,Default,Default,Default,Default,Default,Default,Default,Default,Default,Default,Default,Default,Default,Default,Default,DefaultJob,Dimension=128&Quantisation=Int4,1,Workload,Result,6,688934825,3,229644941.67,100,0,0,140000104
VectorQuantisationBenchmarks.'Lucene.NET flat scan',Rowles.LeanCorpus.Benchmarks,VectorQuantisationBenchmarks,'Lucene.NET flat scan',DefaultJob,Default,Default,Default,Default,Default,Default,Default,Default,Default,Default,Default,Default,Default,Default,Default,Default,Default,Default,Default,Default,Default,Default,Default,Default,Default,Default,Default,Default,Default,Default,Default,Default,Default,Default,Default,Default,Default,Default,Default,Default,Default,DefaultJob,Dimension=128&Quantisation=Int4,1,Workload,Result,7,688768666,3,229589555.33,100,0,0,140000104
VectorQuantisationBenchmarks.'Lucene.NET flat scan',Rowles.LeanCorpus.Benchmarks,VectorQuantisationBenchmarks,'Lucene.NET flat scan',DefaultJob,Default,Default,Default,Default,Default,Default,Default,Default,Default,Default,Default,Default,Default,Default,Default,Default,Default,Default,Default,Default,Default,Default,Default,Default,Default,Default,Default,Default,Default,Default,Default,Default,Default,Default,Default,Default,Default,Default,Default,Default,Default,DefaultJob,Dimension=128&Quantisation=Int4,1,Workload,Result,8,688100714,3,229366904.67,100,0,0,140000104
VectorQuantisationBenchmarks.'Lucene.NET flat scan',Rowles.LeanCorpus.Benchmarks,VectorQuantisationBenchmarks,'Lucene.NET flat scan',DefaultJob,Default,Default,Default,Default,Default,Default,Default,Default,Default,Default,Default,Default,Default,Default,Default,Default,Default,Default,Default,Default,Default,Default,Default,Default,Default,Default,Default,Default,Default,Default,Default,Default,Default,Default,Default,Default,Default,Default,Default,Default,Default,DefaultJob,Dimension=128&Quantisation=Int4,1,Workload,Result,9,688299836,3,229433278.67,100,0,0,140000104
VectorQuantisationBenchmarks.'Lucene.NET flat scan',Rowles.LeanCorpus.Benchmarks,VectorQuantisationBenchmarks,'Lucene.NET flat scan',DefaultJob,Default,Default,Default,Default,Default,Default,Default,Default,Default,Default,Default,Default,Default,Default,Default,Default,Default,Default,Default,Default,Default,Default,Default,Default,Default,Default,Default,Default,Default,Default,Default,Default,Default,Default,Default,Default,Default,Default,Default,Default,Default,DefaultJob,Dimension=128&Quantisation=Int4,1,Workload,Result,10,680488509,3,226829503,100,0,0,140000104
VectorQuantisationBenchmarks.'Lucene.NET flat scan',Rowles.LeanCorpus.Benchmarks,VectorQuantisationBenchmarks,'Lucene.NET flat scan',DefaultJob,Default,Default,Default,Default,Default,Default,Default,Default,Default,Default,Default,Default,Default,Default,Default,Default,Default,Default,Default,Default,Default,Default,Default,Default,Default,Default,Default,Default,Default,Default,Default,Default,Default,Default,Default,Default,Default,Default,Default,Default,Default,DefaultJob,Dimension=128&Quantisation=Int4,1,Workload,Result,11,686735835,3,228911945,100,0,0,140000104
VectorQuantisationBenchmarks.'Lucene.NET flat scan',Rowles.LeanCorpus.Benchmarks,VectorQuantisationBenchmarks,'Lucene.NET flat scan',DefaultJob,Default,Default,Default,Default,Default,Default,Default,Default,Default,Default,Default,Default,Default,Default,Default,Default,Default,Default,Default,Default,Default,Default,Default,Default,Default,Default,Default,Default,Default,Default,Default,Default,Default,Default,Default,Default,Default,Default,Default,Default,Default,DefaultJob,Dimension=128&Quantisation=Int4,1,Workload,Result,12,685837870,3,228612623.33,100,0,0,140000104
VectorQuantisationBenchmarks.'Lucene.NET flat scan',Rowles.LeanCorpus.Benchmarks,VectorQuantisationBenchmarks,'Lucene.NET flat scan',DefaultJob,Default,Default,Default,Default,Default,Default,Default,Default,Default,Default,Default,Default,Default,Default,Default,Default,Default,Default,Default,Default,Default,Default,Default,Default,Default,Default,Default,Default,Default,Default,Default,Default,Default,Default,Default,Default,Default,Default,Default,Default,Default,DefaultJob,Dimension=128&Quantisation=Int4,1,Workload,Result,13,691358126,3,230452708.67,100,0,0,140000104
VectorQuantisationBenchmarks.'Lucene.NET flat scan',Rowles.LeanCorpus.Benchmarks,VectorQuantisationBenchmarks,'Lucene.NET flat scan',DefaultJob,Default,Default,Default,Default,Default,Default,Default,Default,Default,Default,Default,Default,Default,Default,Default,Default,Default,Default,Default,Default,Default,Default,Default,Default,Default,Default,Default,Default,Default,Default,Default,Default,Default,Default,Default,Default,Default,Default,Default,Default,Default,DefaultJob,Dimension=128&Quantisation=Int4,1,Workload,Result,14,688773146,3,229591048.67,100,0,0,140000104
VectorQuantisationBenchmarks.'Lucene.NET flat scan',Rowles.LeanCorpus.Benchmarks,VectorQuantisationBenchmarks,'Lucene.NET flat scan',DefaultJob,Default,Default,Default,Default,Default,Default,Default,Default,Default,Default,Default,Default,Default,Default,Default,Default,Default,Default,Default,Default,Default,Default,Default,Default,Default,Default,Default,Default,Default,Default,Default,Default,Default,Default,Default,Default,Default,Default,Default,Default,Default,DefaultJob,Dimension=128&Quantisation=Int4,1,Workload,Result,15,692491980,3,230830660,100,0,0,140000104
VectorQuantisationBenchmarks.'HNSW search',Rowles.LeanCorpus.Benchmarks,VectorQuantisationBenchmarks,'HNSW search',DefaultJob,Default,Default,Default,Default,Default,Default,Default,Default,Default,Default,Default,Default,Default,Default,Default,Default,Default,Default,Default,Default,Default,Default,Default,Default,Default,Default,Default,Default,Default,Default,Default,Default,Default,Default,Default,Default,Default,Default,Default,Default,Default,DefaultJob,Dimension=128&Quantisation=ProductQuantisation,1,Workload,Jitting,1,3725819,1,3725819,12,0,0,211060
VectorQuantisationBenchmarks.'HNSW search',Rowles.LeanCorpus.Benchmarks,VectorQuantisationBenchmarks,'HNSW search',DefaultJob,Default,Default,Default,Default,Default,Default,Default,Default,Default,Default,Default,Default,Default,Default,Default,Default,Default,Default,Default,Default,Default,Default,Default,Default,Default,Default,Default,Default,Default,Default,Default,Default,Default,Default,Default,Default,Default,Default,Default,Default,Default,DefaultJob,Dimension=128&Quantisation=ProductQuantisation,1,Workload,Jitting,2,78129236,30,2604307.87,12,0,0,211060
VectorQuantisationBenchmarks.'HNSW search',Rowles.LeanCorpus.Benchmarks,VectorQuantisationBenchmarks,'HNSW search',DefaultJob,Default,Default,Default,Default,Default,Default,Default,Default,Default,Default,Default,Default,Default,Default,Default,Default,Default,Default,Default,Default,Default,Default,Default,Default,Default,Default,Default,Default,Default,Default,Default,Default,Default,Default,Default,Default,Default,Default,Default,Default,Default,DefaultJob,Dimension=128&Quantisation=ProductQuantisation,1,Workload,Jitting,3,77217983,30,2573932.77,12,0,0,211060
VectorQuantisationBenchmarks.'HNSW search',Rowles.LeanCorpus.Benchmarks,VectorQuantisationBenchmarks,'HNSW search',DefaultJob,Default,Default,Default,Default,Default,Default,Default,Default,Default,Default,Default,Default,Default,Default,Default,Default,Default,Default,Default,Default,Default,Default,Default,Default,Default,Default,Default,Default,Default,Default,Default,Default,Default,Default,Default,Default,Default,Default,Default,Default,Default,DefaultJob,Dimension=128&Quantisation=ProductQuantisation,1,Workload,Jitting,4,70272800,30,2342426.67,12,0,0,211060
VectorQuantisationBenchmarks.'HNSW search',Rowles.LeanCorpus.Benchmarks,VectorQuantisationBenchmarks,'HNSW search',DefaultJob,Default,Default,Default,Default,Default,Default,Default,Default,Default,Default,Default,Default,Default,Default,Default,Default,Default,Default,Default,Default,Default,Default,Default,Default,Default,Default,Default,Default,Default,Default,Default,Default,Default,Default,Default,Default,Default,Default,Default,Default,Default,DefaultJob,Dimension=128&Quantisation=ProductQuantisation,1,Workload,Jitting,5,3535922,1,3535922,12,0,0,211060
VectorQuantisationBenchmarks.'HNSW search',Rowles.LeanCorpus.Benchmarks,VectorQuantisationBenchmarks,'HNSW search',DefaultJob,Default,Default,Default,Default,Default,Default,Default,Default,Default,Default,Default,Default,Default,Default,Default,Default,Default,Default,Default,Default,Default,Default,Default,Default,Default,Default,Default,Default,Default,Default,Default,Default,Default,Default,Default,Default,Default,Default,Default,Default,Default,DefaultJob,Dimension=128&Quantisation=ProductQuantisation,1,Workload,Pilot,1,3573028,1,3573028,12,0,0,211060
VectorQuantisationBenchmarks.'HNSW search',Rowles.LeanCorpus.Benchmarks,VectorQuantisationBenchmarks,'HNSW search',DefaultJob,Default,Default,Default,Default,Default,Default,Default,Default,Default,Default,Default,Default,Default,Default,Default,Default,Default,Default,Default,Default,Default,Default,Default,Default,Default,Default,Default,Default,Default,Default,Default,Default,Default,Default,Default,Default,Default,Default,Default,Default,Default,DefaultJob,Dimension=128&Quantisation=ProductQuantisation,1,Workload,Pilot,1,39913720,16,2494607.5,12,0,0,211060
VectorQuantisationBenchmarks.'HNSW search',Rowles.LeanCorpus.Benchmarks,VectorQuantisationBenchmarks,'HNSW search',DefaultJob,Default,Default,Default,Default,Default,Default,Default,Default,Default,Default,Default,Default,Default,Default,Default,Default,Default,Default,Default,Default,Default,Default,Default,Default,Default,Default,Default,Default,Default,Default,Default,Default,Default,Default,Default,Default,Default,Default,Default,Default,Default,DefaultJob,Dimension=128&Quantisation=ProductQuantisation,1,Workload,Pilot,2,76446699,32,2388959.34,12,0,0,211060
VectorQuantisationBenchmarks.'HNSW search',Rowles.LeanCorpus.Benchmarks,VectorQuantisationBenchmarks,'HNSW search',DefaultJob,Default,Default,Default,Default,Default,Default,Default,Default,Default,Default,Default,Default,Default,Default,Default,Default,Default,Default,Default,Default,Default,Default,Default,Default,Default,Default,Default,Default,Default,Default,Default,Default,Default,Default,Default,Default,Default,Default,Default,Default,Default,DefaultJob,Dimension=128&Quantisation=ProductQuantisation,1,Workload,Pilot,3,147580212,64,2305940.81,12,0,0,211060
VectorQuantisationBenchmarks.'HNSW search',Rowles.LeanCorpus.Benchmarks,VectorQuantisationBenchmarks,'HNSW search',DefaultJob,Default,Default,Default,Default,Default,Default,Default,Default,Default,Default,Default,Default,Default,Default,Default,Default,Default,Default,Default,Default,Default,Default,Default,Default,Default,Default,Default,Default,Default,Default,Default,Default,Default,Default,Default,Default,Default,Default,Default,Default,Default,DefaultJob,Dimension=128&Quantisation=ProductQuantisation,1,Workload,Pilot,4,292434988,128,2284648.34,12,0,0,211060
VectorQuantisationBenchmarks.'HNSW search',Rowles.LeanCorpus.Benchmarks,VectorQuantisationBenchmarks,'HNSW search',DefaultJob,Default,Default,Default,Default,Default,Default,Default,Default,Default,Default,Default,Default,Default,Default,Default,Default,Default,Default,Default,Default,Default,Default,Default,Default,Default,Default,Default,Default,Default,Default,Default,Default,Default,Default,Default,Default,Default,Default,Default,Default,Default,DefaultJob,Dimension=128&Quantisation=ProductQuantisation,1,Workload,Pilot,5,579341294,256,2263051.93,12,0,0,211060
VectorQuantisationBenchmarks.'HNSW search',Rowles.LeanCorpus.Benchmarks,VectorQuantisationBenchmarks,'HNSW search',DefaultJob,Default,Default,Default,Default,Default,Default,Default,Default,Default,Default,Default,Default,Default,Default,Default,Default,Default,Default,Default,Default,Default,Default,Default,Default,Default,Default,Default,Default,Default,Default,Default,Default,Default,Default,Default,Default,Default,Default,Default,Default,Default,DefaultJob,Dimension=128&Quantisation=ProductQuantisation,1,Workload,Warmup,1,577866462,256,2257290.87,12,0,0,211060
VectorQuantisationBenchmarks.'HNSW search',Rowles.LeanCorpus.Benchmarks,VectorQuantisationBenchmarks,'HNSW search',DefaultJob,Default,Default,Default,Default,Default,Default,Default,Default,Default,Default,Default,Default,Default,Default,Default,Default,Default,Default,Default,Default,Default,Default,Default,Default,Default,Default,Default,Default,Default,Default,Default,Default,Default,Default,Default,Default,Default,Default,Default,Default,Default,DefaultJob,Dimension=128&Quantisation=ProductQuantisation,1,Workload,Warmup,2,572748901,256,2237300.39,12,0,0,211060
VectorQuantisationBenchmarks.'HNSW search',Rowles.LeanCorpus.Benchmarks,VectorQuantisationBenchmarks,'HNSW search',DefaultJob,Default,Default,Default,Default,Default,Default,Default,Default,Default,Default,Default,Default,Default,Default,Default,Default,Default,Default,Default,Default,Default,Default,Default,Default,Default,Default,Default,Default,Default,Default,Default,Default,Default,Default,Default,Default,Default,Default,Default,Default,Default,DefaultJob,Dimension=128&Quantisation=ProductQuantisation,1,Workload,Warmup,3,576741947,256,2252898.23,12,0,0,211060
VectorQuantisationBenchmarks.'HNSW search',Rowles.LeanCorpus.Benchmarks,VectorQuantisationBenchmarks,'HNSW search',DefaultJob,Default,Default,Default,Default,Default,Default,Default,Default,Default,Default,Default,Default,Default,Default,Default,Default,Default,Default,Default,Default,Default,Default,Default,Default,Default,Default,Default,Default,Default,Default,Default,Default,Default,Default,Default,Default,Default,Default,Default,Default,Default,DefaultJob,Dimension=128&Quantisation=ProductQuantisation,1,Workload,Warmup,4,577692472,256,2256611.22,12,0,0,211060
VectorQuantisationBenchmarks.'HNSW search',Rowles.LeanCorpus.Benchmarks,VectorQuantisationBenchmarks,'HNSW search',DefaultJob,Default,Default,Default,Default,Default,Default,Default,Default,Default,Default,Default,Default,Default,Default,Default,Default,Default,Default,Default,Default,Default,Default,Default,Default,Default,Default,Default,Default,Default,Default,Default,Default,Default,Default,Default,Default,Default,Default,Default,Default,Default,DefaultJob,Dimension=128&Quantisation=ProductQuantisation,1,Workload,Warmup,5,577760884,256,2256878.45,12,0,0,211060
VectorQuantisationBenchmarks.'HNSW search',Rowles.LeanCorpus.Benchmarks,VectorQuantisationBenchmarks,'HNSW search',DefaultJob,Default,Default,Default,Default,Default,Default,Default,Default,Default,Default,Default,Default,Default,Default,Default,Default,Default,Default,Default,Default,Default,Default,Default,Default,Default,Default,Default,Default,Default,Default,Default,Default,Default,Default,Default,Default,Default,Default,Default,Default,Default,DefaultJob,Dimension=128&Quantisation=ProductQuantisation,1,Workload,Warmup,6,574694310,256,2244899.65,12,0,0,211060
VectorQuantisationBenchmarks.'HNSW search',Rowles.LeanCorpus.Benchmarks,VectorQuantisationBenchmarks,'HNSW search',DefaultJob,Default,Default,Default,Default,Default,Default,Default,Default,Default,Default,Default,Default,Default,Default,Default,Default,Default,Default,Default,Default,Default,Default,Default,Default,Default,Default,Default,Default,Default,Default,Default,Default,Default,Default,Default,Default,Default,Default,Default,Default,Default,DefaultJob,Dimension=128&Quantisation=ProductQuantisation,1,Workload,Warmup,7,571222201,256,2231336.72,12,0,0,211060
VectorQuantisationBenchmarks.'HNSW search',Rowles.LeanCorpus.Benchmarks,VectorQuantisationBenchmarks,'HNSW search',DefaultJob,Default,Default,Default,Default,Default,Default,Default,Default,Default,Default,Default,Default,Default,Default,Default,Default,Default,Default,Default,Default,Default,Default,Default,Default,Default,Default,Default,Default,Default,Default,Default,Default,Default,Default,Default,Default,Default,Default,Default,Default,Default,DefaultJob,Dimension=128&Quantisation=ProductQuantisation,1,Workload,Warmup,8,571323098,256,2231730.85,12,0,0,211060
VectorQuantisationBenchmarks.'HNSW search',Rowles.LeanCorpus.Benchmarks,VectorQuantisationBenchmarks,'HNSW search',DefaultJob,Default,Default,Default,Default,Default,Default,Default,Default,Default,Default,Default,Default,Default,Default,Default,Default,Default,Default,Default,Default,Default,Default,Default,Default,Default,Default,Default,Default,Default,Default,Default,Default,Default,Default,Default,Default,Default,Default,Default,Default,Default,DefaultJob,Dimension=128&Quantisation=ProductQuantisation,1,Workload,Warmup,9,578130712,256,2258323.09,12,0,0,211060
VectorQuantisationBenchmarks.'HNSW search',Rowles.LeanCorpus.Benchmarks,VectorQuantisationBenchmarks,'HNSW search',DefaultJob,Default,Default,Default,Default,Default,Default,Default,Default,Default,Default,Default,Default,Default,Default,Default,Default,Default,Default,Default,Default,Default,Default,Default,Default,Default,Default,Default,Default,Default,Default,Default,Default,Default,Default,Default,Default,Default,Default,Default,Default,Default,DefaultJob,Dimension=128&Quantisation=ProductQuantisation,1,Workload,Warmup,10,576584172,256,2252281.92,12,0,0,211060
VectorQuantisationBenchmarks.'HNSW search',Rowles.LeanCorpus.Benchmarks,VectorQuantisationBenchmarks,'HNSW search',DefaultJob,Default,Default,Default,Default,Default,Default,Default,Default,Default,Default,Default,Default,Default,Default,Default,Default,Default,Default,Default,Default,Default,Default,Default,Default,Default,Default,Default,Default,Default,Default,Default,Default,Default,Default,Default,Default,Default,Default,Default,Default,Default,DefaultJob,Dimension=128&Quantisation=ProductQuantisation,1,Workload,Actual,1,580089777,256,2265975.69,12,0,0,211060
VectorQuantisationBenchmarks.'HNSW search',Rowles.LeanCorpus.Benchmarks,VectorQuantisationBenchmarks,'HNSW search',DefaultJob,Default,Default,Default,Default,Default,Default,Default,Default,Default,Default,Default,Default,Default,Default,Default,Default,Default,Default,Default,Default,Default,Default,Default,Default,Default,Default,Default,Default,Default,Default,Default,Default,Default,Default,Default,Default,Default,Default,Default,Default,Default,DefaultJob,Dimension=128&Quantisation=ProductQuantisation,1,Workload,Actual,2,576764297,256,2252985.54,12,0,0,211060
VectorQuantisationBenchmarks.'HNSW search',Rowles.LeanCorpus.Benchmarks,VectorQuantisationBenchmarks,'HNSW search',DefaultJob,Default,Default,Default,Default,Default,Default,Default,Default,Default,Default,Default,Default,Default,Default,Default,Default,Default,Default,Default,Default,Default,Default,Default,Default,Default,Default,Default,Default,Default,Default,Default,Default,Default,Default,Default,Default,Default,Default,Default,Default,Default,DefaultJob,Dimension=128&Quantisation=ProductQuantisation,1,Workload,Actual,3,579622796,256,2264151.55,12,0,0,211060
VectorQuantisationBenchmarks.'HNSW search',Rowles.LeanCorpus.Benchmarks,VectorQuantisationBenchmarks,'HNSW search',DefaultJob,Default,Default,Default,Default,Default,Default,Default,Default,Default,Default,Default,Default,Default,Default,Default,Default,Default,Default,Default,Default,Default,Default,Default,Default,Default,Default,Default,Default,Default,Default,Default,Default,Default,Default,Default,Default,Default,Default,Default,Default,Default,DefaultJob,Dimension=128&Quantisation=ProductQuantisation,1,Workload,Actual,4,576425173,256,2251660.83,12,0,0,211060
VectorQuantisationBenchmarks.'HNSW search',Rowles.LeanCorpus.Benchmarks,VectorQuantisationBenchmarks,'HNSW search',DefaultJob,Default,Default,Default,Default,Default,Default,Default,Default,Default,Default,Default,Default,Default,Default,Default,Default,Default,Default,Default,Default,Default,Default,Default,Default,Default,Default,Default,Default,Default,Default,Default,Default,Default,Default,Default,Default,Default,Default,Default,Default,Default,DefaultJob,Dimension=128&Quantisation=ProductQuantisation,1,Workload,Actual,5,576899573,256,2253513.96,12,0,0,211060
VectorQuantisationBenchmarks.'HNSW search',Rowles.LeanCorpus.Benchmarks,VectorQuantisationBenchmarks,'HNSW search',DefaultJob,Default,Default,Default,Default,Default,Default,Default,Default,Default,Default,Default,Default,Default,Default,Default,Default,Default,Default,Default,Default,Default,Default,Default,Default,Default,Default,Default,Default,Default,Default,Default,Default,Default,Default,Default,Default,Default,Default,Default,Default,Default,DefaultJob,Dimension=128&Quantisation=ProductQuantisation,1,Workload,Actual,6,577226964,256,2254792.83,12,0,0,211060
VectorQuantisationBenchmarks.'HNSW search',Rowles.LeanCorpus.Benchmarks,VectorQuantisationBenchmarks,'HNSW search',DefaultJob,Default,Default,Default,Default,Default,Default,Default,Default,Default,Default,Default,Default,Default,Default,Default,Default,Default,Default,Default,Default,Default,Default,Default,Default,Default,Default,Default,Default,Default,Default,Default,Default,Default,Default,Default,Default,Default,Default,Default,Default,Default,DefaultJob,Dimension=128&Quantisation=ProductQuantisation,1,Workload,Actual,7,581184737,256,2270252.88,12,0,0,211060
VectorQuantisationBenchmarks.'HNSW search',Rowles.LeanCorpus.Benchmarks,VectorQuantisationBenchmarks,'HNSW search',DefaultJob,Default,Default,Default,Default,Default,Default,Default,Default,Default,Default,Default,Default,Default,Default,Default,Default,Default,Default,Default,Default,Default,Default,Default,Default,Default,Default,Default,Default,Default,Default,Default,Default,Default,Default,Default,Default,Default,Default,Default,Default,Default,DefaultJob,Dimension=128&Quantisation=ProductQuantisation,1,Workload,Actual,8,576445009,256,2251738.32,12,0,0,211060
VectorQuantisationBenchmarks.'HNSW search',Rowles.LeanCorpus.Benchmarks,VectorQuantisationBenchmarks,'HNSW search',DefaultJob,Default,Default,Default,Default,Default,Default,Default,Default,Default,Default,Default,Default,Default,Default,Default,Default,Default,Default,Default,Default,Default,Default,Default,Default,Default,Default,Default,Default,Default,Default,Default,Default,Default,Default,Default,Default,Default,Default,Default,Default,Default,DefaultJob,Dimension=128&Quantisation=ProductQuantisation,1,Workload,Actual,9,577506894,256,2255886.3,12,0,0,211060
VectorQuantisationBenchmarks.'HNSW search',Rowles.LeanCorpus.Benchmarks,VectorQuantisationBenchmarks,'HNSW search',DefaultJob,Default,Default,Default,Default,Default,Default,Default,Default,Default,Default,Default,Default,Default,Default,Default,Default,Default,Default,Default,Default,Default,Default,Default,Default,Default,Default,Default,Default,Default,Default,Default,Default,Default,Default,Default,Default,Default,Default,Default,Default,Default,DefaultJob,Dimension=128&Quantisation=ProductQuantisation,1,Workload,Actual,10,573776857,256,2241315.85,12,0,0,211060
VectorQuantisationBenchmarks.'HNSW search',Rowles.LeanCorpus.Benchmarks,VectorQuantisationBenchmarks,'HNSW search',DefaultJob,Default,Default,Default,Default,Default,Default,Default,Default,Default,Default,Default,Default,Default,Default,Default,Default,Default,Default,Default,Default,Default,Default,Default,Default,Default,Default,Default,Default,Default,Default,Default,Default,Default,Default,Default,Default,Default,Default,Default,Default,Default,DefaultJob,Dimension=128&Quantisation=ProductQuantisation,1,Workload,Actual,11,576646536,256,2252525.53,12,0,0,211060
VectorQuantisationBenchmarks.'HNSW search',Rowles.LeanCorpus.Benchmarks,VectorQuantisationBenchmarks,'HNSW search',DefaultJob,Default,Default,Default,Default,Default,Default,Default,Default,Default,Default,Default,Default,Default,Default,Default,Default,Default,Default,Default,Default,Default,Default,Default,Default,Default,Default,Default,Default,Default,Default,Default,Default,Default,Default,Default,Default,Default,Default,Default,Default,Default,DefaultJob,Dimension=128&Quantisation=ProductQuantisation,1,Workload,Actual,12,580675407,256,2268263.31,12,0,0,211060
VectorQuantisationBenchmarks.'HNSW search',Rowles.LeanCorpus.Benchmarks,VectorQuantisationBenchmarks,'HNSW search',DefaultJob,Default,Default,Default,Default,Default,Default,Default,Default,Default,Default,Default,Default,Default,Default,Default,Default,Default,Default,Default,Default,Default,Default,Default,Default,Default,Default,Default,Default,Default,Default,Default,Default,Default,Default,Default,Default,Default,Default,Default,Default,Default,DefaultJob,Dimension=128&Quantisation=ProductQuantisation,1,Workload,Actual,13,579109351,256,2262145.9,12,0,0,211060
VectorQuantisationBenchmarks.'HNSW search',Rowles.LeanCorpus.Benchmarks,VectorQuantisationBenchmarks,'HNSW search',DefaultJob,Default,Default,Default,Default,Default,Default,Default,Default,Default,Default,Default,Default,Default,Default,Default,Default,Default,Default,Default,Default,Default,Default,Default,Default,Default,Default,Default,Default,Default,Default,Default,Default,Default,Default,Default,Default,Default,Default,Default,Default,Default,DefaultJob,Dimension=128&Quantisation=ProductQuantisation,1,Workload,Actual,14,579085832,256,2262054.03,12,0,0,211060
VectorQuantisationBenchmarks.'HNSW search',Rowles.LeanCorpus.Benchmarks,VectorQuantisationBenchmarks,'HNSW search',DefaultJob,Default,Default,Default,Default,Default,Default,Default,Default,Default,Default,Default,Default,Default,Default,Default,Default,Default,Default,Default,Default,Default,Default,Default,Default,Default,Default,Default,Default,Default,Default,Default,Default,Default,Default,Default,Default,Default,Default,Default,Default,Default,DefaultJob,Dimension=128&Quantisation=ProductQuantisation,1,Workload,Actual,15,583319472,256,2278591.69,12,0,0,211060
VectorQuantisationBenchmarks.'HNSW search',Rowles.LeanCorpus.Benchmarks,VectorQuantisationBenchmarks,'HNSW search',DefaultJob,Default,Default,Default,Default,Default,Default,Default,Default,Default,Default,Default,Default,Default,Default,Default,Default,Default,Default,Default,Default,Default,Default,Default,Default,Default,Default,Default,Default,Default,Default,Default,Default,Default,Default,Default,Default,Default,Default,Default,Default,Default,DefaultJob,Dimension=128&Quantisation=ProductQuantisation,1,Workload,Extra,1,577297586,256,2255068.7,12,0,0,211060
VectorQuantisationBenchmarks.'HNSW search',Rowles.LeanCorpus.Benchmarks,VectorQuantisationBenchmarks,'HNSW search',DefaultJob,Default,Default,Default,Default,Default,Default,Default,Default,Default,Default,Default,Default,Default,Default,Default,Default,Default,Default,Default,Default,Default,Default,Default,Default,Default,Default,Default,Default,Default,Default,Default,Default,Default,Default,Default,Default,Default,Default,Default,Default,Default,DefaultJob,Dimension=128&Quantisation=ProductQuantisation,1,Workload,Result,1,580089777,256,2265975.69,12,0,0,211060
VectorQuantisationBenchmarks.'HNSW search',Rowles.LeanCorpus.Benchmarks,VectorQuantisationBenchmarks,'HNSW search',DefaultJob,Default,Default,Default,Default,Default,Default,Default,Default,Default,Default,Default,Default,Default,Default,Default,Default,Default,Default,Default,Default,Default,Default,Default,Default,Default,Default,Default,Default,Default,Default,Default,Default,Default,Default,Default,Default,Default,Default,Default,Default,Default,DefaultJob,Dimension=128&Quantisation=ProductQuantisation,1,Workload,Result,2,576764297,256,2252985.54,12,0,0,211060
VectorQuantisationBenchmarks.'HNSW search',Rowles.LeanCorpus.Benchmarks,VectorQuantisationBenchmarks,'HNSW search',DefaultJob,Default,Default,Default,Default,Default,Default,Default,Default,Default,Default,Default,Default,Default,Default,Default,Default,Default,Default,Default,Default,Default,Default,Default,Default,Default,Default,Default,Default,Default,Default,Default,Default,Default,Default,Default,Default,Default,Default,Default,Default,Default,DefaultJob,Dimension=128&Quantisation=ProductQuantisation,1,Workload,Result,3,579622796,256,2264151.55,12,0,0,211060
VectorQuantisationBenchmarks.'HNSW search',Rowles.LeanCorpus.Benchmarks,VectorQuantisationBenchmarks,'HNSW search',DefaultJob,Default,Default,Default,Default,Default,Default,Default,Default,Default,Default,Default,Default,Default,Default,Default,Default,Default,Default,Default,Default,Default,Default,Default,Default,Default,Default,Default,Default,Default,Default,Default,Default,Default,Default,Default,Default,Default,Default,Default,Default,Default,DefaultJob,Dimension=128&Quantisation=ProductQuantisation,1,Workload,Result,4,576425173,256,2251660.83,12,0,0,211060
VectorQuantisationBenchmarks.'HNSW search',Rowles.LeanCorpus.Benchmarks,VectorQuantisationBenchmarks,'HNSW search',DefaultJob,Default,Default,Default,Default,Default,Default,Default,Default,Default,Default,Default,Default,Default,Default,Default,Default,Default,Default,Default,Default,Default,Default,Default,Default,Default,Default,Default,Default,Default,Default,Default,Default,Default,Default,Default,Default,Default,Default,Default,Default,Default,DefaultJob,Dimension=128&Quantisation=ProductQuantisation,1,Workload,Result,5,576899573,256,2253513.96,12,0,0,211060
VectorQuantisationBenchmarks.'HNSW search',Rowles.LeanCorpus.Benchmarks,VectorQuantisationBenchmarks,'HNSW search',DefaultJob,Default,Default,Default,Default,Default,Default,Default,Default,Default,Default,Default,Default,Default,Default,Default,Default,Default,Default,Default,Default,Default,Default,Default,Default,Default,Default,Default,Default,Default,Default,Default,Default,Default,Default,Default,Default,Default,Default,Default,Default,Default,DefaultJob,Dimension=128&Quantisation=ProductQuantisation,1,Workload,Result,6,577226964,256,2254792.83,12,0,0,211060
VectorQuantisationBenchmarks.'HNSW search',Rowles.LeanCorpus.Benchmarks,VectorQuantisationBenchmarks,'HNSW search',DefaultJob,Default,Default,Default,Default,Default,Default,Default,Default,Default,Default,Default,Default,Default,Default,Default,Default,Default,Default,Default,Default,Default,Default,Default,Default,Default,Default,Default,Default,Default,Default,Default,Default,Default,Default,Default,Default,Default,Default,Default,Default,Default,DefaultJob,Dimension=128&Quantisation=ProductQuantisation,1,Workload,Result,7,581184737,256,2270252.88,12,0,0,211060
VectorQuantisationBenchmarks.'HNSW search',Rowles.LeanCorpus.Benchmarks,VectorQuantisationBenchmarks,'HNSW search',DefaultJob,Default,Default,Default,Default,Default,Default,Default,Default,Default,Default,Default,Default,Default,Default,Default,Default,Default,Default,Default,Default,Default,Default,Default,Default,Default,Default,Default,Default,Default,Default,Default,Default,Default,Default,Default,Default,Default,Default,Default,Default,Default,DefaultJob,Dimension=128&Quantisation=ProductQuantisation,1,Workload,Result,8,576445009,256,2251738.32,12,0,0,211060
VectorQuantisationBenchmarks.'HNSW search',Rowles.LeanCorpus.Benchmarks,VectorQuantisationBenchmarks,'HNSW search',DefaultJob,Default,Default,Default,Default,Default,Default,Default,Default,Default,Default,Default,Default,Default,Default,Default,Default,Default,Default,Default,Default,Default,Default,Default,Default,Default,Default,Default,Default,Default,Default,Default,Default,Default,Default,Default,Default,Default,Default,Default,Default,Default,DefaultJob,Dimension=128&Quantisation=ProductQuantisation,1,Workload,Result,9,577506894,256,2255886.3,12,0,0,211060
VectorQuantisationBenchmarks.'HNSW search',Rowles.LeanCorpus.Benchmarks,VectorQuantisationBenchmarks,'HNSW search',DefaultJob,Default,Default,Default,Default,Default,Default,Default,Default,Default,Default,Default,Default,Default,Default,Default,Default,Default,Default,Default,Default,Default,Default,Default,Default,Default,Default,Default,Default,Default,Default,Default,Default,Default,Default,Default,Default,Default,Default,Default,Default,Default,DefaultJob,Dimension=128&Quantisation=ProductQuantisation,1,Workload,Result,10,573776857,256,2241315.85,12,0,0,211060
VectorQuantisationBenchmarks.'HNSW search',Rowles.LeanCorpus.Benchmarks,VectorQuantisationBenchmarks,'HNSW search',DefaultJob,Default,Default,Default,Default,Default,Default,Default,Default,Default,Default,Default,Default,Default,Default,Default,Default,Default,Default,Default,Default,Default,Default,Default,Default,Default,Default,Default,Default,Default,Default,Default,Default,Default,Default,Default,Default,Default,Default,Default,Default,Default,DefaultJob,Dimension=128&Quantisation=ProductQuantisation,1,Workload,Result,11,576646536,256,2252525.53,12,0,0,211060
VectorQuantisationBenchmarks.'HNSW search',Rowles.LeanCorpus.Benchmarks,VectorQuantisationBenchmarks,'HNSW search',DefaultJob,Default,Default,Default,Default,Default,Default,Default,Default,Default,Default,Default,Default,Default,Default,Default,Default,Default,Default,Default,Default,Default,Default,Default,Default,Default,Default,Default,Default,Default,Default,Default,Default,Default,Default,Default,Default,Default,Default,Default,Default,Default,DefaultJob,Dimension=128&Quantisation=ProductQuantisation,1,Workload,Result,12,580675407,256,2268263.31,12,0,0,211060
VectorQuantisationBenchmarks.'HNSW search',Rowles.LeanCorpus.Benchmarks,VectorQuantisationBenchmarks,'HNSW search',DefaultJob,Default,Default,Default,Default,Default,Default,Default,Default,Default,Default,Default,Default,Default,Default,Default,Default,Default,Default,Default,Default,Default,Default,Default,Default,Default,Default,Default,Default,Default,Default,Default,Default,Default,Default,Default,Default,Default,Default,Default,Default,Default,DefaultJob,Dimension=128&Quantisation=ProductQuantisation,1,Workload,Result,13,579109351,256,2262145.9,12,0,0,211060
VectorQuantisationBenchmarks.'HNSW search',Rowles.LeanCorpus.Benchmarks,VectorQuantisationBenchmarks,'HNSW search',DefaultJob,Default,Default,Default,Default,Default,Default,Default,Default,Default,Default,Default,Default,Default,Default,Default,Default,Default,Default,Default,Default,Default,Default,Default,Default,Default,Default,Default,Default,Default,Default,Default,Default,Default,Default,Default,Default,Default,Default,Default,Default,Default,DefaultJob,Dimension=128&Quantisation=ProductQuantisation,1,Workload,Result,14,579085832,256,2262054.03,12,0,0,211060
VectorQuantisationBenchmarks.'HNSW search',Rowles.LeanCorpus.Benchmarks,VectorQuantisationBenchmarks,'HNSW search',DefaultJob,Default,Default,Default,Default,Default,Default,Default,Default,Default,Default,Default,Default,Default,Default,Default,Default,Default,Default,Default,Default,Default,Default,Default,Default,Default,Default,Default,Default,Default,Default,Default,Default,Default,Default,Default,Default,Default,Default,Default,Default,Default,DefaultJob,Dimension=128&Quantisation=ProductQuantisation,1,Workload,Result,15,583319472,256,2278591.69,12,0,0,211060
VectorQuantisationBenchmarks.'Lucene.NET flat scan',Rowles.LeanCorpus.Benchmarks,VectorQuantisationBenchmarks,'Lucene.NET flat scan',DefaultJob,Default,Default,Default,Default,Default,Default,Default,Default,Default,Default,Default,Default,Default,Default,Default,Default,Default,Default,Default,Default,Default,Default,Default,Default,Default,Default,Default,Default,Default,Default,Default,Default,Default,Default,Default,Default,Default,Default,Default,Default,Default,DefaultJob,Dimension=128&Quantisation=ProductQuantisation,1,Workload,Jitting,1,295572758,1,295572758,100,0,0,140000104
VectorQuantisationBenchmarks.'Lucene.NET flat scan',Rowles.LeanCorpus.Benchmarks,VectorQuantisationBenchmarks,'Lucene.NET flat scan',DefaultJob,Default,Default,Default,Default,Default,Default,Default,Default,Default,Default,Default,Default,Default,Default,Default,Default,Default,Default,Default,Default,Default,Default,Default,Default,Default,Default,Default,Default,Default,Default,Default,Default,Default,Default,Default,Default,Default,Default,Default,Default,Default,DefaultJob,Dimension=128&Quantisation=ProductQuantisation,1,Workload,Jitting,2,7042787029,30,234759567.63,100,0,0,140000104
VectorQuantisationBenchmarks.'Lucene.NET flat scan',Rowles.LeanCorpus.Benchmarks,VectorQuantisationBenchmarks,'Lucene.NET flat scan',DefaultJob,Default,Default,Default,Default,Default,Default,Default,Default,Default,Default,Default,Default,Default,Default,Default,Default,Default,Default,Default,Default,Default,Default,Default,Default,Default,Default,Default,Default,Default,Default,Default,Default,Default,Default,Default,Default,Default,Default,Default,Default,Default,DefaultJob,Dimension=128&Quantisation=ProductQuantisation,1,Workload,Jitting,3,2522801465,11,229345587.73,100,0,0,140000104
VectorQuantisationBenchmarks.'Lucene.NET flat scan',Rowles.LeanCorpus.Benchmarks,VectorQuantisationBenchmarks,'Lucene.NET flat scan',DefaultJob,Default,Default,Default,Default,Default,Default,Default,Default,Default,Default,Default,Default,Default,Default,Default,Default,Default,Default,Default,Default,Default,Default,Default,Default,Default,Default,Default,Default,Default,Default,Default,Default,Default,Default,Default,Default,Default,Default,Default,Default,Default,DefaultJob,Dimension=128&Quantisation=ProductQuantisation,1,Workload,Jitting,4,229088466,1,229088466,100,0,0,140000104
VectorQuantisationBenchmarks.'Lucene.NET flat scan',Rowles.LeanCorpus.Benchmarks,VectorQuantisationBenchmarks,'Lucene.NET flat scan',DefaultJob,Default,Default,Default,Default,Default,Default,Default,Default,Default,Default,Default,Default,Default,Default,Default,Default,Default,Default,Default,Default,Default,Default,Default,Default,Default,Default,Default,Default,Default,Default,Default,Default,Default,Default,Default,Default,Default,Default,Default,Default,Default,DefaultJob,Dimension=128&Quantisation=ProductQuantisation,1,Workload,Pilot,1,453198541,2,226599270.5,100,0,0,140000104
VectorQuantisationBenchmarks.'Lucene.NET flat scan',Rowles.LeanCorpus.Benchmarks,VectorQuantisationBenchmarks,'Lucene.NET flat scan',DefaultJob,Default,Default,Default,Default,Default,Default,Default,Default,Default,Default,Default,Default,Default,Default,Default,Default,Default,Default,Default,Default,Default,Default,Default,Default,Default,Default,Default,Default,Default,Default,Default,Default,Default,Default,Default,Default,Default,Default,Default,Default,Default,DefaultJob,Dimension=128&Quantisation=ProductQuantisation,1,Workload,Pilot,2,687596328,3,229198776,100,0,0,140000104
VectorQuantisationBenchmarks.'Lucene.NET flat scan',Rowles.LeanCorpus.Benchmarks,VectorQuantisationBenchmarks,'Lucene.NET flat scan',DefaultJob,Default,Default,Default,Default,Default,Default,Default,Default,Default,Default,Default,Default,Default,Default,Default,Default,Default,Default,Default,Default,Default,Default,Default,Default,Default,Default,Default,Default,Default,Default,Default,Default,Default,Default,Default,Default,Default,Default,Default,Default,Default,DefaultJob,Dimension=128&Quantisation=ProductQuantisation,1,Workload,Warmup,1,687568846,3,229189615.33,100,0,0,140000104
VectorQuantisationBenchmarks.'Lucene.NET flat scan',Rowles.LeanCorpus.Benchmarks,VectorQuantisationBenchmarks,'Lucene.NET flat scan',DefaultJob,Default,Default,Default,Default,Default,Default,Default,Default,Default,Default,Default,Default,Default,Default,Default,Default,Default,Default,Default,Default,Default,Default,Default,Default,Default,Default,Default,Default,Default,Default,Default,Default,Default,Default,Default,Default,Default,Default,Default,Default,Default,DefaultJob,Dimension=128&Quantisation=ProductQuantisation,1,Workload,Warmup,2,682504282,3,227501427.33,100,0,0,140000104
VectorQuantisationBenchmarks.'Lucene.NET flat scan',Rowles.LeanCorpus.Benchmarks,VectorQuantisationBenchmarks,'Lucene.NET flat scan',DefaultJob,Default,Default,Default,Default,Default,Default,Default,Default,Default,Default,Default,Default,Default,Default,Default,Default,Default,Default,Default,Default,Default,Default,Default,Default,Default,Default,Default,Default,Default,Default,Default,Default,Default,Default,Default,Default,Default,Default,Default,Default,Default,DefaultJob,Dimension=128&Quantisation=ProductQuantisation,1,Workload,Warmup,3,685553041,3,228517680.33,100,0,0,140000104
VectorQuantisationBenchmarks.'Lucene.NET flat scan',Rowles.LeanCorpus.Benchmarks,VectorQuantisationBenchmarks,'Lucene.NET flat scan',DefaultJob,Default,Default,Default,Default,Default,Default,Default,Default,Default,Default,Default,Default,Default,Default,Default,Default,Default,Default,Default,Default,Default,Default,Default,Default,Default,Default,Default,Default,Default,Default,Default,Default,Default,Default,Default,Default,Default,Default,Default,Default,Default,DefaultJob,Dimension=128&Quantisation=ProductQuantisation,1,Workload,Warmup,4,685062241,3,228354080.33,100,0,0,140000104
VectorQuantisationBenchmarks.'Lucene.NET flat scan',Rowles.LeanCorpus.Benchmarks,VectorQuantisationBenchmarks,'Lucene.NET flat scan',DefaultJob,Default,Default,Default,Default,Default,Default,Default,Default,Default,Default,Default,Default,Default,Default,Default,Default,Default,Default,Default,Default,Default,Default,Default,Default,Default,Default,Default,Default,Default,Default,Default,Default,Default,Default,Default,Default,Default,Default,Default,Default,Default,DefaultJob,Dimension=128&Quantisation=ProductQuantisation,1,Workload,Warmup,5,677065726,3,225688575.33,100,0,0,140000104
VectorQuantisationBenchmarks.'Lucene.NET flat scan',Rowles.LeanCorpus.Benchmarks,VectorQuantisationBenchmarks,'Lucene.NET flat scan',DefaultJob,Default,Default,Default,Default,Default,Default,Default,Default,Default,Default,Default,Default,Default,Default,Default,Default,Default,Default,Default,Default,Default,Default,Default,Default,Default,Default,Default,Default,Default,Default,Default,Default,Default,Default,Default,Default,Default,Default,Default,Default,Default,DefaultJob,Dimension=128&Quantisation=ProductQuantisation,1,Workload,Warmup,6,675007097,3,225002365.67,100,0,0,140000104
VectorQuantisationBenchmarks.'Lucene.NET flat scan',Rowles.LeanCorpus.Benchmarks,VectorQuantisationBenchmarks,'Lucene.NET flat scan',DefaultJob,Default,Default,Default,Default,Default,Default,Default,Default,Default,Default,Default,Default,Default,Default,Default,Default,Default,Default,Default,Default,Default,Default,Default,Default,Default,Default,Default,Default,Default,Default,Default,Default,Default,Default,Default,Default,Default,Default,Default,Default,Default,DefaultJob,Dimension=128&Quantisation=ProductQuantisation,1,Workload,Warmup,7,673127901,3,224375967,100,0,0,140000104
VectorQuantisationBenchmarks.'Lucene.NET flat scan',Rowles.LeanCorpus.Benchmarks,VectorQuantisationBenchmarks,'Lucene.NET flat scan',DefaultJob,Default,Default,Default,Default,Default,Default,Default,Default,Default,Default,Default,Default,Default,Default,Default,Default,Default,Default,Default,Default,Default,Default,Default,Default,Default,Default,Default,Default,Default,Default,Default,Default,Default,Default,Default,Default,Default,Default,Default,Default,Default,DefaultJob,Dimension=128&Quantisation=ProductQuantisation,1,Workload,Warmup,8,675239676,3,225079892,100,0,0,140000104
VectorQuantisationBenchmarks.'Lucene.NET flat scan',Rowles.LeanCorpus.Benchmarks,VectorQuantisationBenchmarks,'Lucene.NET flat scan',DefaultJob,Default,Default,Default,Default,Default,Default,Default,Default,Default,Default,Default,Default,Default,Default,Default,Default,Default,Default,Default,Default,Default,Default,Default,Default,Default,Default,Default,Default,Default,Default,Default,Default,Default,Default,Default,Default,Default,Default,Default,Default,Default,DefaultJob,Dimension=128&Quantisation=ProductQuantisation,1,Workload,Warmup,9,674916238,3,224972079.33,100,0,0,140000104
VectorQuantisationBenchmarks.'Lucene.NET flat scan',Rowles.LeanCorpus.Benchmarks,VectorQuantisationBenchmarks,'Lucene.NET flat scan',DefaultJob,Default,Default,Default,Default,Default,Default,Default,Default,Default,Default,Default,Default,Default,Default,Default,Default,Default,Default,Default,Default,Default,Default,Default,Default,Default,Default,Default,Default,Default,Default,Default,Default,Default,Default,Default,Default,Default,Default,Default,Default,Default,DefaultJob,Dimension=128&Quantisation=ProductQuantisation,1,Workload,Actual,1,674320719,3,224773573,100,0,0,140000104
VectorQuantisationBenchmarks.'Lucene.NET flat scan',Rowles.LeanCorpus.Benchmarks,VectorQuantisationBenchmarks,'Lucene.NET flat scan',DefaultJob,Default,Default,Default,Default,Default,Default,Default,Default,Default,Default,Default,Default,Default,Default,Default,Default,Default,Default,Default,Default,Default,Default,Default,Default,Default,Default,Default,Default,Default,Default,Default,Default,Default,Default,Default,Default,Default,Default,Default,Default,Default,DefaultJob,Dimension=128&Quantisation=ProductQuantisation,1,Workload,Actual,2,669831734,3,223277244.67,100,0,0,140000104
VectorQuantisationBenchmarks.'Lucene.NET flat scan',Rowles.LeanCorpus.Benchmarks,VectorQuantisationBenchmarks,'Lucene.NET flat scan',DefaultJob,Default,Default,Default,Default,Default,Default,Default,Default,Default,Default,Default,Default,Default,Default,Default,Default,Default,Default,Default,Default,Default,Default,Default,Default,Default,Default,Default,Default,Default,Default,Default,Default,Default,Default,Default,Default,Default,Default,Default,Default,Default,DefaultJob,Dimension=128&Quantisation=ProductQuantisation,1,Workload,Actual,3,665229665,3,221743221.67,100,0,0,140000104
VectorQuantisationBenchmarks.'Lucene.NET flat scan',Rowles.LeanCorpus.Benchmarks,VectorQuantisationBenchmarks,'Lucene.NET flat scan',DefaultJob,Default,Default,Default,Default,Default,Default,Default,Default,Default,Default,Default,Default,Default,Default,Default,Default,Default,Default,Default,Default,Default,Default,Default,Default,Default,Default,Default,Default,Default,Default,Default,Default,Default,Default,Default,Default,Default,Default,Default,Default,Default,DefaultJob,Dimension=128&Quantisation=ProductQuantisation,1,Workload,Actual,4,662041671,3,220680557,100,0,0,140000104
VectorQuantisationBenchmarks.'Lucene.NET flat scan',Rowles.LeanCorpus.Benchmarks,VectorQuantisationBenchmarks,'Lucene.NET flat scan',DefaultJob,Default,Default,Default,Default,Default,Default,Default,Default,Default,Default,Default,Default,Default,Default,Default,Default,Default,Default,Default,Default,Default,Default,Default,Default,Default,Default,Default,Default,Default,Default,Default,Default,Default,Default,Default,Default,Default,Default,Default,Default,Default,DefaultJob,Dimension=128&Quantisation=ProductQuantisation,1,Workload,Actual,5,667014430,3,222338143.33,100,0,0,140000104
VectorQuantisationBenchmarks.'Lucene.NET flat scan',Rowles.LeanCorpus.Benchmarks,VectorQuantisationBenchmarks,'Lucene.NET flat scan',DefaultJob,Default,Default,Default,Default,Default,Default,Default,Default,Default,Default,Default,Default,Default,Default,Default,Default,Default,Default,Default,Default,Default,Default,Default,Default,Default,Default,Default,Default,Default,Default,Default,Default,Default,Default,Default,Default,Default,Default,Default,Default,Default,DefaultJob,Dimension=128&Quantisation=ProductQuantisation,1,Workload,Actual,6,668425506,3,222808502,100,0,0,140000104
VectorQuantisationBenchmarks.'Lucene.NET flat scan',Rowles.LeanCorpus.Benchmarks,VectorQuantisationBenchmarks,'Lucene.NET flat scan',DefaultJob,Default,Default,Default,Default,Default,Default,Default,Default,Default,Default,Default,Default,Default,Default,Default,Default,Default,Default,Default,Default,Default,Default,Default,Default,Default,Default,Default,Default,Default,Default,Default,Default,Default,Default,Default,Default,Default,Default,Default,Default,Default,DefaultJob,Dimension=128&Quantisation=ProductQuantisation,1,Workload,Actual,7,672220688,3,224073562.67,100,0,0,140000104
VectorQuantisationBenchmarks.'Lucene.NET flat scan',Rowles.LeanCorpus.Benchmarks,VectorQuantisationBenchmarks,'Lucene.NET flat scan',DefaultJob,Default,Default,Default,Default,Default,Default,Default,Default,Default,Default,Default,Default,Default,Default,Default,Default,Default,Default,Default,Default,Default,Default,Default,Default,Default,Default,Default,Default,Default,Default,Default,Default,Default,Default,Default,Default,Default,Default,Default,Default,Default,DefaultJob,Dimension=128&Quantisation=ProductQuantisation,1,Workload,Actual,8,672620660,3,224206886.67,100,0,0,140000104
VectorQuantisationBenchmarks.'Lucene.NET flat scan',Rowles.LeanCorpus.Benchmarks,VectorQuantisationBenchmarks,'Lucene.NET flat scan',DefaultJob,Default,Default,Default,Default,Default,Default,Default,Default,Default,Default,Default,Default,Default,Default,Default,Default,Default,Default,Default,Default,Default,Default,Default,Default,Default,Default,Default,Default,Default,Default,Default,Default,Default,Default,Default,Default,Default,Default,Default,Default,Default,DefaultJob,Dimension=128&Quantisation=ProductQuantisation,1,Workload,Actual,9,673017961,3,224339320.33,100,0,0,140000104
VectorQuantisationBenchmarks.'Lucene.NET flat scan',Rowles.LeanCorpus.Benchmarks,VectorQuantisationBenchmarks,'Lucene.NET flat scan',DefaultJob,Default,Default,Default,Default,Default,Default,Default,Default,Default,Default,Default,Default,Default,Default,Default,Default,Default,Default,Default,Default,Default,Default,Default,Default,Default,Default,Default,Default,Default,Default,Default,Default,Default,Default,Default,Default,Default,Default,Default,Default,Default,DefaultJob,Dimension=128&Quantisation=ProductQuantisation,1,Workload,Actual,10,672799794,3,224266598,100,0,0,140000104
VectorQuantisationBenchmarks.'Lucene.NET flat scan',Rowles.LeanCorpus.Benchmarks,VectorQuantisationBenchmarks,'Lucene.NET flat scan',DefaultJob,Default,Default,Default,Default,Default,Default,Default,Default,Default,Default,Default,Default,Default,Default,Default,Default,Default,Default,Default,Default,Default,Default,Default,Default,Default,Default,Default,Default,Default,Default,Default,Default,Default,Default,Default,Default,Default,Default,Default,Default,Default,DefaultJob,Dimension=128&Quantisation=ProductQuantisation,1,Workload,Actual,11,674988649,3,224996216.33,100,0,0,140000104
VectorQuantisationBenchmarks.'Lucene.NET flat scan',Rowles.LeanCorpus.Benchmarks,VectorQuantisationBenchmarks,'Lucene.NET flat scan',DefaultJob,Default,Default,Default,Default,Default,Default,Default,Default,Default,Default,Default,Default,Default,Default,Default,Default,Default,Default,Default,Default,Default,Default,Default,Default,Default,Default,Default,Default,Default,Default,Default,Default,Default,Default,Default,Default,Default,Default,Default,Default,Default,DefaultJob,Dimension=128&Quantisation=ProductQuantisation,1,Workload,Actual,12,668556589,3,222852196.33,100,0,0,140000104
VectorQuantisationBenchmarks.'Lucene.NET flat scan',Rowles.LeanCorpus.Benchmarks,VectorQuantisationBenchmarks,'Lucene.NET flat scan',DefaultJob,Default,Default,Default,Default,Default,Default,Default,Default,Default,Default,Default,Default,Default,Default,Default,Default,Default,Default,Default,Default,Default,Default,Default,Default,Default,Default,Default,Default,Default,Default,Default,Default,Default,Default,Default,Default,Default,Default,Default,Default,Default,DefaultJob,Dimension=128&Quantisation=ProductQuantisation,1,Workload,Actual,13,672463763,3,224154587.67,100,0,0,140000104
VectorQuantisationBenchmarks.'Lucene.NET flat scan',Rowles.LeanCorpus.Benchmarks,VectorQuantisationBenchmarks,'Lucene.NET flat scan',DefaultJob,Default,Default,Default,Default,Default,Default,Default,Default,Default,Default,Default,Default,Default,Default,Default,Default,Default,Default,Default,Default,Default,Default,Default,Default,Default,Default,Default,Default,Default,Default,Default,Default,Default,Default,Default,Default,Default,Default,Default,Default,Default,DefaultJob,Dimension=128&Quantisation=ProductQuantisation,1,Workload,Actual,14,676316923,3,225438974.33,100,0,0,140000104
VectorQuantisationBenchmarks.'Lucene.NET flat scan',Rowles.LeanCorpus.Benchmarks,VectorQuantisationBenchmarks,'Lucene.NET flat scan',DefaultJob,Default,Default,Default,Default,Default,Default,Default,Default,Default,Default,Default,Default,Default,Default,Default,Default,Default,Default,Default,Default,Default,Default,Default,Default,Default,Default,Default,Default,Default,Default,Default,Default,Default,Default,Default,Default,Default,Default,Default,Default,Default,DefaultJob,Dimension=128&Quantisation=ProductQuantisation,1,Workload,Actual,15,675473993,3,225157997.67,100,0,0,140000104
VectorQuantisationBenchmarks.'Lucene.NET flat scan',Rowles.LeanCorpus.Benchmarks,VectorQuantisationBenchmarks,'Lucene.NET flat scan',DefaultJob,Default,Default,Default,Default,Default,Default,Default,Default,Default,Default,Default,Default,Default,Default,Default,Default,Default,Default,Default,Default,Default,Default,Default,Default,Default,Default,Default,Default,Default,Default,Default,Default,Default,Default,Default,Default,Default,Default,Default,Default,Default,DefaultJob,Dimension=128&Quantisation=ProductQuantisation,1,Workload,Extra,1,667119675,3,222373225,100,0,0,140000104
VectorQuantisationBenchmarks.'Lucene.NET flat scan',Rowles.LeanCorpus.Benchmarks,VectorQuantisationBenchmarks,'Lucene.NET flat scan',DefaultJob,Default,Default,Default,Default,Default,Default,Default,Default,Default,Default,Default,Default,Default,Default,Default,Default,Default,Default,Default,Default,Default,Default,Default,Default,Default,Default,Default,Default,Default,Default,Default,Default,Default,Default,Default,Default,Default,Default,Default,Default,Default,DefaultJob,Dimension=128&Quantisation=ProductQuantisation,1,Workload,Result,1,674320719,3,224773573,100,0,0,140000104
VectorQuantisationBenchmarks.'Lucene.NET flat scan',Rowles.LeanCorpus.Benchmarks,VectorQuantisationBenchmarks,'Lucene.NET flat scan',DefaultJob,Default,Default,Default,Default,Default,Default,Default,Default,Default,Default,Default,Default,Default,Default,Default,Default,Default,Default,Default,Default,Default,Default,Default,Default,Default,Default,Default,Default,Default,Default,Default,Default,Default,Default,Default,Default,Default,Default,Default,Default,Default,DefaultJob,Dimension=128&Quantisation=ProductQuantisation,1,Workload,Result,2,669831734,3,223277244.67,100,0,0,140000104
VectorQuantisationBenchmarks.'Lucene.NET flat scan',Rowles.LeanCorpus.Benchmarks,VectorQuantisationBenchmarks,'Lucene.NET flat scan',DefaultJob,Default,Default,Default,Default,Default,Default,Default,Default,Default,Default,Default,Default,Default,Default,Default,Default,Default,Default,Default,Default,Default,Default,Default,Default,Default,Default,Default,Default,Default,Default,Default,Default,Default,Default,Default,Default,Default,Default,Default,Default,Default,DefaultJob,Dimension=128&Quantisation=ProductQuantisation,1,Workload,Result,3,665229665,3,221743221.67,100,0,0,140000104
VectorQuantisationBenchmarks.'Lucene.NET flat scan',Rowles.LeanCorpus.Benchmarks,VectorQuantisationBenchmarks,'Lucene.NET flat scan',DefaultJob,Default,Default,Default,Default,Default,Default,Default,Default,Default,Default,Default,Default,Default,Default,Default,Default,Default,Default,Default,Default,Default,Default,Default,Default,Default,Default,Default,Default,Default,Default,Default,Default,Default,Default,Default,Default,Default,Default,Default,Default,Default,DefaultJob,Dimension=128&Quantisation=ProductQuantisation,1,Workload,Result,4,662041671,3,220680557,100,0,0,140000104
VectorQuantisationBenchmarks.'Lucene.NET flat scan',Rowles.LeanCorpus.Benchmarks,VectorQuantisationBenchmarks,'Lucene.NET flat scan',DefaultJob,Default,Default,Default,Default,Default,Default,Default,Default,Default,Default,Default,Default,Default,Default,Default,Default,Default,Default,Default,Default,Default,Default,Default,Default,Default,Default,Default,Default,Default,Default,Default,Default,Default,Default,Default,Default,Default,Default,Default,Default,Default,DefaultJob,Dimension=128&Quantisation=ProductQuantisation,1,Workload,Result,5,667014430,3,222338143.33,100,0,0,140000104
VectorQuantisationBenchmarks.'Lucene.NET flat scan',Rowles.LeanCorpus.Benchmarks,VectorQuantisationBenchmarks,'Lucene.NET flat scan',DefaultJob,Default,Default,Default,Default,Default,Default,Default,Default,Default,Default,Default,Default,Default,Default,Default,Default,Default,Default,Default,Default,Default,Default,Default,Default,Default,Default,Default,Default,Default,Default,Default,Default,Default,Default,Default,Default,Default,Default,Default,Default,Default,DefaultJob,Dimension=128&Quantisation=ProductQuantisation,1,Workload,Result,6,668425506,3,222808502,100,0,0,140000104
VectorQuantisationBenchmarks.'Lucene.NET flat scan',Rowles.LeanCorpus.Benchmarks,VectorQuantisationBenchmarks,'Lucene.NET flat scan',DefaultJob,Default,Default,Default,Default,Default,Default,Default,Default,Default,Default,Default,Default,Default,Default,Default,Default,Default,Default,Default,Default,Default,Default,Default,Default,Default,Default,Default,Default,Default,Default,Default,Default,Default,Default,Default,Default,Default,Default,Default,Default,Default,DefaultJob,Dimension=128&Quantisation=ProductQuantisation,1,Workload,Result,7,672220688,3,224073562.67,100,0,0,140000104
VectorQuantisationBenchmarks.'Lucene.NET flat scan',Rowles.LeanCorpus.Benchmarks,VectorQuantisationBenchmarks,'Lucene.NET flat scan',DefaultJob,Default,Default,Default,Default,Default,Default,Default,Default,Default,Default,Default,Default,Default,Default,Default,Default,Default,Default,Default,Default,Default,Default,Default,Default,Default,Default,Default,Default,Default,Default,Default,Default,Default,Default,Default,Default,Default,Default,Default,Default,Default,DefaultJob,Dimension=128&Quantisation=ProductQuantisation,1,Workload,Result,8,672620660,3,224206886.67,100,0,0,140000104
VectorQuantisationBenchmarks.'Lucene.NET flat scan',Rowles.LeanCorpus.Benchmarks,VectorQuantisationBenchmarks,'Lucene.NET flat scan',DefaultJob,Default,Default,Default,Default,Default,Default,Default,Default,Default,Default,Default,Default,Default,Default,Default,Default,Default,Default,Default,Default,Default,Default,Default,Default,Default,Default,Default,Default,Default,Default,Default,Default,Default,Default,Default,Default,Default,Default,Default,Default,Default,DefaultJob,Dimension=128&Quantisation=ProductQuantisation,1,Workload,Result,9,673017961,3,224339320.33,100,0,0,140000104
VectorQuantisationBenchmarks.'Lucene.NET flat scan',Rowles.LeanCorpus.Benchmarks,VectorQuantisationBenchmarks,'Lucene.NET flat scan',DefaultJob,Default,Default,Default,Default,Default,Default,Default,Default,Default,Default,Default,Default,Default,Default,Default,Default,Default,Default,Default,Default,Default,Default,Default,Default,Default,Default,Default,Default,Default,Default,Default,Default,Default,Default,Default,Default,Default,Default,Default,Default,Default,DefaultJob,Dimension=128&Quantisation=ProductQuantisation,1,Workload,Result,10,672799794,3,224266598,100,0,0,140000104
VectorQuantisationBenchmarks.'Lucene.NET flat scan',Rowles.LeanCorpus.Benchmarks,VectorQuantisationBenchmarks,'Lucene.NET flat scan',DefaultJob,Default,Default,Default,Default,Default,Default,Default,Default,Default,Default,Default,Default,Default,Default,Default,Default,Default,Default,Default,Default,Default,Default,Default,Default,Default,Default,Default,Default,Default,Default,Default,Default,Default,Default,Default,Default,Default,Default,Default,Default,Default,DefaultJob,Dimension=128&Quantisation=ProductQuantisation,1,Workload,Result,11,674988649,3,224996216.33,100,0,0,140000104
VectorQuantisationBenchmarks.'Lucene.NET flat scan',Rowles.LeanCorpus.Benchmarks,VectorQuantisationBenchmarks,'Lucene.NET flat scan',DefaultJob,Default,Default,Default,Default,Default,Default,Default,Default,Default,Default,Default,Default,Default,Default,Default,Default,Default,Default,Default,Default,Default,Default,Default,Default,Default,Default,Default,Default,Default,Default,Default,Default,Default,Default,Default,Default,Default,Default,Default,Default,Default,DefaultJob,Dimension=128&Quantisation=ProductQuantisation,1,Workload,Result,12,668556589,3,222852196.33,100,0,0,140000104
VectorQuantisationBenchmarks.'Lucene.NET flat scan',Rowles.LeanCorpus.Benchmarks,VectorQuantisationBenchmarks,'Lucene.NET flat scan',DefaultJob,Default,Default,Default,Default,Default,Default,Default,Default,Default,Default,Default,Default,Default,Default,Default,Default,Default,Default,Default,Default,Default,Default,Default,Default,Default,Default,Default,Default,Default,Default,Default,Default,Default,Default,Default,Default,Default,Default,Default,Default,Default,DefaultJob,Dimension=128&Quantisation=ProductQuantisation,1,Workload,Result,13,672463763,3,224154587.67,100,0,0,140000104
VectorQuantisationBenchmarks.'Lucene.NET flat scan',Rowles.LeanCorpus.Benchmarks,VectorQuantisationBenchmarks,'Lucene.NET flat scan',DefaultJob,Default,Default,Default,Default,Default,Default,Default,Default,Default,Default,Default,Default,Default,Default,Default,Default,Default,Default,Default,Default,Default,Default,Default,Default,Default,Default,Default,Default,Default,Default,Default,Default,Default,Default,Default,Default,Default,Default,Default,Default,Default,DefaultJob,Dimension=128&Quantisation=ProductQuantisation,1,Workload,Result,14,676316923,3,225438974.33,100,0,0,140000104
VectorQuantisationBenchmarks.'Lucene.NET flat scan',Rowles.LeanCorpus.Benchmarks,VectorQuantisationBenchmarks,'Lucene.NET flat scan',DefaultJob,Default,Default,Default,Default,Default,Default,Default,Default,Default,Default,Default,Default,Default,Default,Default,Default,Default,Default,Default,Default,Default,Default,Default,Default,Default,Default,Default,Default,Default,Default,Default,Default,Default,Default,Default,Default,Default,Default,Default,Default,Default,DefaultJob,Dimension=128&Quantisation=ProductQuantisation,1,Workload,Result,15,675473993,3,225157997.67,100,0,0,140000104
