// Validating benchmarks:
// ***** BenchmarkRunner: Start   *****
// ***** Found 24 benchmark(s) in total *****
// ***** Building 1 exe(s) in Parallel: Start   *****
// start dotnet  restore "/home/jordan/leancorpus/working_directory/src/devops/Rowles.LeanCorpus.Benchmarks/bin/Release/net10.0/Rowles.LeanCorpus.Benchmarks-DefaultJob-1/DllGatherer.csproj" --nodeReuse:false /p:UseSharedCompilation=false /p:Deterministic=true /p:Optimize=true /p:ArtifactsPath="/home/jordan/leancorpus/working_directory/src/devops/Rowles.LeanCorpus.Benchmarks/bin/Release/net10.0/Rowles.LeanCorpus.Benchmarks-DefaultJob-1/.artifacts/" /p:OutDir="/home/jordan/leancorpus/working_directory/src/devops/Rowles.LeanCorpus.Benchmarks/bin/Release/net10.0/Rowles.LeanCorpus.Benchmarks-DefaultJob-1/bin/Release/net10.0/" /p:OutputPath="/home/jordan/leancorpus/working_directory/src/devops/Rowles.LeanCorpus.Benchmarks/bin/Release/net10.0/Rowles.LeanCorpus.Benchmarks-DefaultJob-1/bin/Release/net10.0/" /p:PublishDir="/home/jordan/leancorpus/working_directory/src/devops/Rowles.LeanCorpus.Benchmarks/bin/Release/net10.0/Rowles.LeanCorpus.Benchmarks-DefaultJob-1/publish/" in /home/jordan/leancorpus/working_directory/src/devops/Rowles.LeanCorpus.Benchmarks/bin/Release/net10.0/Rowles.LeanCorpus.Benchmarks-DefaultJob-1
// command took 6.29 sec and exited with 0
// start dotnet  build "/home/jordan/leancorpus/working_directory/src/devops/Rowles.LeanCorpus.Benchmarks/bin/Release/net10.0/Rowles.LeanCorpus.Benchmarks-DefaultJob-1/DllGatherer.csproj" -f net10.0 -c Release --no-restore --nodeReuse:false /p:UseSharedCompilation=false /p:Deterministic=true /p:Optimize=true /p:ArtifactsPath="/home/jordan/leancorpus/working_directory/src/devops/Rowles.LeanCorpus.Benchmarks/bin/Release/net10.0/Rowles.LeanCorpus.Benchmarks-DefaultJob-1/.artifacts/" /p:OutDir="/home/jordan/leancorpus/working_directory/src/devops/Rowles.LeanCorpus.Benchmarks/bin/Release/net10.0/Rowles.LeanCorpus.Benchmarks-DefaultJob-1/bin/Release/net10.0/" /p:OutputPath="/home/jordan/leancorpus/working_directory/src/devops/Rowles.LeanCorpus.Benchmarks/bin/Release/net10.0/Rowles.LeanCorpus.Benchmarks-DefaultJob-1/bin/Release/net10.0/" /p:PublishDir="/home/jordan/leancorpus/working_directory/src/devops/Rowles.LeanCorpus.Benchmarks/bin/Release/net10.0/Rowles.LeanCorpus.Benchmarks-DefaultJob-1/publish/" --output "/home/jordan/leancorpus/working_directory/src/devops/Rowles.LeanCorpus.Benchmarks/bin/Release/net10.0/Rowles.LeanCorpus.Benchmarks-DefaultJob-1/bin/Release/net10.0/" in /home/jordan/leancorpus/working_directory/src/devops/Rowles.LeanCorpus.Benchmarks/bin/Release/net10.0/Rowles.LeanCorpus.Benchmarks-DefaultJob-1
// command took 44.5 sec and exited with 0
// start dotnet  restore "/home/jordan/leancorpus/working_directory/src/devops/Rowles.LeanCorpus.Benchmarks/bin/Release/net10.0/Rowles.LeanCorpus.Benchmarks-DefaultJob-1/BenchmarkDotNet.Autogenerated.csproj" --nodeReuse:false /p:UseSharedCompilation=false /p:Deterministic=true /p:Optimize=true /p:ArtifactsPath="/home/jordan/leancorpus/working_directory/src/devops/Rowles.LeanCorpus.Benchmarks/bin/Release/net10.0/Rowles.LeanCorpus.Benchmarks-DefaultJob-1/.artifacts/" /p:OutDir="/home/jordan/leancorpus/working_directory/src/devops/Rowles.LeanCorpus.Benchmarks/bin/Release/net10.0/Rowles.LeanCorpus.Benchmarks-DefaultJob-1/bin/Release/net10.0/" /p:OutputPath="/home/jordan/leancorpus/working_directory/src/devops/Rowles.LeanCorpus.Benchmarks/bin/Release/net10.0/Rowles.LeanCorpus.Benchmarks-DefaultJob-1/bin/Release/net10.0/" /p:PublishDir="/home/jordan/leancorpus/working_directory/src/devops/Rowles.LeanCorpus.Benchmarks/bin/Release/net10.0/Rowles.LeanCorpus.Benchmarks-DefaultJob-1/publish/" in /home/jordan/leancorpus/working_directory/src/devops/Rowles.LeanCorpus.Benchmarks/bin/Release/net10.0/Rowles.LeanCorpus.Benchmarks-DefaultJob-1
// command took 4.96 sec and exited with 0
// start dotnet  build "/home/jordan/leancorpus/working_directory/src/devops/Rowles.LeanCorpus.Benchmarks/bin/Release/net10.0/Rowles.LeanCorpus.Benchmarks-DefaultJob-1/BenchmarkDotNet.Autogenerated.csproj" -f net10.0 -c Release --no-restore --nodeReuse:false /p:UseSharedCompilation=false /p:Deterministic=true /p:Optimize=true /p:ArtifactsPath="/home/jordan/leancorpus/working_directory/src/devops/Rowles.LeanCorpus.Benchmarks/bin/Release/net10.0/Rowles.LeanCorpus.Benchmarks-DefaultJob-1/.artifacts/" /p:OutDir="/home/jordan/leancorpus/working_directory/src/devops/Rowles.LeanCorpus.Benchmarks/bin/Release/net10.0/Rowles.LeanCorpus.Benchmarks-DefaultJob-1/bin/Release/net10.0/" /p:OutputPath="/home/jordan/leancorpus/working_directory/src/devops/Rowles.LeanCorpus.Benchmarks/bin/Release/net10.0/Rowles.LeanCorpus.Benchmarks-DefaultJob-1/bin/Release/net10.0/" /p:PublishDir="/home/jordan/leancorpus/working_directory/src/devops/Rowles.LeanCorpus.Benchmarks/bin/Release/net10.0/Rowles.LeanCorpus.Benchmarks-DefaultJob-1/publish/" --output "/home/jordan/leancorpus/working_directory/src/devops/Rowles.LeanCorpus.Benchmarks/bin/Release/net10.0/Rowles.LeanCorpus.Benchmarks-DefaultJob-1/bin/Release/net10.0/" in /home/jordan/leancorpus/working_directory/src/devops/Rowles.LeanCorpus.Benchmarks/bin/Release/net10.0/Rowles.LeanCorpus.Benchmarks-DefaultJob-1
// command took 17.88 sec and exited with 0
// ***** Done, took 00:01:13 (73.99 sec)   *****
// Found 24 benchmarks:
//   HybridRetrievalBenchmarks.'Filtered exact scan': DefaultJob [Dimension=64, FilterPercentage=1]
//   HybridRetrievalBenchmarks.'Filtered HNSW planner': DefaultJob [Dimension=64, FilterPercentage=1]
//   HybridRetrievalBenchmarks.'Full-vector HNSW': DefaultJob [Dimension=64, FilterPercentage=1]
//   HybridRetrievalBenchmarks.'Sparse+dense fusion': DefaultJob [Dimension=64, FilterPercentage=1]
//   HybridRetrievalBenchmarks.'Sparse-seeded dense fusion': DefaultJob [Dimension=64, FilterPercentage=1]
//   HybridRetrievalBenchmarks.'Matryoshka prefix rerank': DefaultJob [Dimension=64, FilterPercentage=1]
//   HybridRetrievalBenchmarks.'Filtered exact scan': DefaultJob [Dimension=64, FilterPercentage=10]
//   HybridRetrievalBenchmarks.'Filtered HNSW planner': DefaultJob [Dimension=64, FilterPercentage=10]
//   HybridRetrievalBenchmarks.'Full-vector HNSW': DefaultJob [Dimension=64, FilterPercentage=10]
//   HybridRetrievalBenchmarks.'Sparse+dense fusion': DefaultJob [Dimension=64, FilterPercentage=10]
//   HybridRetrievalBenchmarks.'Sparse-seeded dense fusion': DefaultJob [Dimension=64, FilterPercentage=10]
//   HybridRetrievalBenchmarks.'Matryoshka prefix rerank': DefaultJob [Dimension=64, FilterPercentage=10]
//   HybridRetrievalBenchmarks.'Filtered exact scan': DefaultJob [Dimension=128, FilterPercentage=1]
//   HybridRetrievalBenchmarks.'Filtered HNSW planner': DefaultJob [Dimension=128, FilterPercentage=1]
//   HybridRetrievalBenchmarks.'Full-vector HNSW': DefaultJob [Dimension=128, FilterPercentage=1]
//   HybridRetrievalBenchmarks.'Sparse+dense fusion': DefaultJob [Dimension=128, FilterPercentage=1]
//   HybridRetrievalBenchmarks.'Sparse-seeded dense fusion': DefaultJob [Dimension=128, FilterPercentage=1]
//   HybridRetrievalBenchmarks.'Matryoshka prefix rerank': DefaultJob [Dimension=128, FilterPercentage=1]
//   HybridRetrievalBenchmarks.'Filtered exact scan': DefaultJob [Dimension=128, FilterPercentage=10]
//   HybridRetrievalBenchmarks.'Filtered HNSW planner': DefaultJob [Dimension=128, FilterPercentage=10]
//   HybridRetrievalBenchmarks.'Full-vector HNSW': DefaultJob [Dimension=128, FilterPercentage=10]
//   HybridRetrievalBenchmarks.'Sparse+dense fusion': DefaultJob [Dimension=128, FilterPercentage=10]
//   HybridRetrievalBenchmarks.'Sparse-seeded dense fusion': DefaultJob [Dimension=128, FilterPercentage=10]
//   HybridRetrievalBenchmarks.'Matryoshka prefix rerank': DefaultJob [Dimension=128, FilterPercentage=10]

// **************************
// Benchmark: HybridRetrievalBenchmarks.'Filtered exact scan': DefaultJob [Dimension=64, FilterPercentage=1]
// *** Execute ***
// Launch: 1 / 1
// Execute: dotnet Rowles.LeanCorpus.Benchmarks-DefaultJob-1.dll --ipcPort 37113 --benchmarkName "Rowles.LeanCorpus.Benchmarks.HybridRetrievalBenchmarks.FilteredExactScan(Dimension: 64, FilterPercentage: 1)" --job Default --diagnoserRunMode 3 --benchmarkId 0 in /home/jordan/leancorpus/working_directory/src/devops/Rowles.LeanCorpus.Benchmarks/bin/Release/net10.0/Rowles.LeanCorpus.Benchmarks-DefaultJob-1/bin/Release/net10.0
// Failed to set up high priority (Permission denied). In order to run benchmarks with high priority, make sure you have the right permissions.
// BeforeAnythingElse

// Benchmark Process Environment Information:
// BenchmarkDotNet v0.16.0-nightly.20260427.506
// Runtime=.NET 10.0.3 (10.0.3, 10.0.326.7603), X64 RyuJIT x86-64-v2
// GC=Concurrent Workstation
// HardwareIntrinsics=AVX,SSE3+SSSE3+SSE4.1+SSE4.2+POPCNT,X86Base+SSE+SSE2,AES+PCLMUL VectorSize=128
// Job: DefaultJob

WorkloadJitting  1: 1 op, 3242143.00 ns, 3.2421 ms/op
WorkloadJitting  2: 30 op, 92284843.00 ns, 3.0762 ms/op
WorkloadJitting  3: 30 op, 74726287.00 ns, 2.4909 ms/op
WorkloadJitting  4: 30 op, 71525354.00 ns, 2.3842 ms/op
WorkloadJitting  5: 1 op, 2695651.00 ns, 2.6957 ms/op

WorkloadPilot    1: 1 op, 2806253.00 ns, 2.8063 ms/op

WorkloadPilot    1: 16 op, 38678556.00 ns, 2.4174 ms/op
WorkloadPilot    2: 32 op, 77769215.00 ns, 2.4303 ms/op
WorkloadPilot    3: 64 op, 154901078.00 ns, 2.4203 ms/op
WorkloadPilot    4: 128 op, 307572101.00 ns, 2.4029 ms/op
WorkloadPilot    5: 256 op, 614896592.00 ns, 2.4019 ms/op

WorkloadWarmup   1: 256 op, 612524132.00 ns, 2.3927 ms/op
WorkloadWarmup   2: 256 op, 607996073.00 ns, 2.3750 ms/op
WorkloadWarmup   3: 256 op, 606918121.00 ns, 2.3708 ms/op
WorkloadWarmup   4: 256 op, 615802951.00 ns, 2.4055 ms/op
WorkloadWarmup   5: 256 op, 616785325.00 ns, 2.4093 ms/op
WorkloadWarmup   6: 256 op, 616640486.00 ns, 2.4088 ms/op
WorkloadWarmup   7: 256 op, 618400646.00 ns, 2.4156 ms/op
WorkloadWarmup   8: 256 op, 618433059.00 ns, 2.4158 ms/op
WorkloadWarmup   9: 256 op, 619332510.00 ns, 2.4193 ms/op
WorkloadWarmup  10: 256 op, 618866915.00 ns, 2.4174 ms/op

// BeforeActualRun
WorkloadActual   1: 256 op, 616664513.00 ns, 2.4088 ms/op
WorkloadActual   2: 256 op, 615802858.00 ns, 2.4055 ms/op
WorkloadActual   3: 256 op, 616176111.00 ns, 2.4069 ms/op
WorkloadActual   4: 256 op, 614072295.00 ns, 2.3987 ms/op
WorkloadActual   5: 256 op, 614377113.00 ns, 2.3999 ms/op
WorkloadActual   6: 256 op, 616108133.00 ns, 2.4067 ms/op
WorkloadActual   7: 256 op, 610056694.00 ns, 2.3830 ms/op
WorkloadActual   8: 256 op, 616602725.00 ns, 2.4086 ms/op
WorkloadActual   9: 256 op, 616561091.00 ns, 2.4084 ms/op
WorkloadActual  10: 256 op, 616573824.00 ns, 2.4085 ms/op
WorkloadActual  11: 256 op, 616354758.00 ns, 2.4076 ms/op
WorkloadActual  12: 256 op, 618985215.00 ns, 2.4179 ms/op
WorkloadActual  13: 256 op, 619007320.00 ns, 2.4180 ms/op
WorkloadActual  14: 256 op, 618435240.00 ns, 2.4158 ms/op
WorkloadActual  15: 256 op, 615546664.00 ns, 2.4045 ms/op

// AfterActualRun
// BeforeExtraIteration
// AfterExtraIteration
WorkloadExtra    1: 256 op, 620776220.00 ns, 2.4249 ms/op
WorkloadResult   1: 256 op, 616664513.00 ns, 2.4088 ms/op
WorkloadResult   2: 256 op, 615802858.00 ns, 2.4055 ms/op
WorkloadResult   3: 256 op, 616176111.00 ns, 2.4069 ms/op
WorkloadResult   4: 256 op, 614072295.00 ns, 2.3987 ms/op
WorkloadResult   5: 256 op, 614377113.00 ns, 2.3999 ms/op
WorkloadResult   6: 256 op, 616108133.00 ns, 2.4067 ms/op
WorkloadResult   7: 256 op, 610056694.00 ns, 2.3830 ms/op
WorkloadResult   8: 256 op, 616602725.00 ns, 2.4086 ms/op
WorkloadResult   9: 256 op, 616561091.00 ns, 2.4084 ms/op
WorkloadResult  10: 256 op, 616573824.00 ns, 2.4085 ms/op
WorkloadResult  11: 256 op, 616354758.00 ns, 2.4076 ms/op
WorkloadResult  12: 256 op, 615546664.00 ns, 2.4045 ms/op
// GC:  0 0 0 2203888 256

// AfterAll
// Benchmark Process 347565 has exited with code 0.

Mean = 2.404 ms, StdErr = 0.002 ms (0.09%), N = 12, StdDev = 0.007 ms
Min = 2.383 ms, Q1 = 2.403 ms, Median = 2.407 ms, Q3 = 2.408 ms, Max = 2.409 ms
IQR = 0.005 ms, LowerFence = 2.396 ms, UpperFence = 2.416 ms
ConfidenceInterval = [2.394 ms; 2.413 ms] (CI 99.9%), Margin = 0.009 ms (0.39% of Mean)
Skewness = -1.83, Kurtosis = 5.44, MValue = 2

// ** Remained 23 (95.8%) benchmark(s) to run. Estimated finish 2026-07-30 12:35 (0h 29m from now) **
// **************************
// Benchmark: HybridRetrievalBenchmarks.'Filtered HNSW planner': DefaultJob [Dimension=64, FilterPercentage=1]
// *** Execute ***
// Launch: 1 / 1
// Execute: dotnet Rowles.LeanCorpus.Benchmarks-DefaultJob-1.dll --ipcPort 38253 --benchmarkName "Rowles.LeanCorpus.Benchmarks.HybridRetrievalBenchmarks.FilteredHnswPlanner(Dimension: 64, FilterPercentage: 1)" --job Default --diagnoserRunMode 3 --benchmarkId 1 in /home/jordan/leancorpus/working_directory/src/devops/Rowles.LeanCorpus.Benchmarks/bin/Release/net10.0/Rowles.LeanCorpus.Benchmarks-DefaultJob-1/bin/Release/net10.0
// Failed to set up high priority (Permission denied). In order to run benchmarks with high priority, make sure you have the right permissions.
// BeforeAnythingElse

// Benchmark Process Environment Information:
// BenchmarkDotNet v0.16.0-nightly.20260427.506
// Runtime=.NET 10.0.3 (10.0.3, 10.0.326.7603), X64 RyuJIT x86-64-v2
// GC=Concurrent Workstation
// HardwareIntrinsics=AVX,SSE3+SSSE3+SSE4.1+SSE4.2+POPCNT,X86Base+SSE+SSE2,AES+PCLMUL VectorSize=128
// Job: DefaultJob

WorkloadJitting  1: 1 op, 3195775.00 ns, 3.1958 ms/op
WorkloadJitting  2: 30 op, 92490536.00 ns, 3.0830 ms/op
WorkloadJitting  3: 30 op, 77457899.00 ns, 2.5819 ms/op
WorkloadJitting  4: 30 op, 73695289.00 ns, 2.4565 ms/op
WorkloadJitting  5: 1 op, 2673511.00 ns, 2.6735 ms/op

WorkloadPilot    1: 1 op, 2650334.00 ns, 2.6503 ms/op

WorkloadPilot    1: 16 op, 39630339.00 ns, 2.4769 ms/op
WorkloadPilot    2: 32 op, 78688091.00 ns, 2.4590 ms/op
WorkloadPilot    3: 64 op, 156100311.00 ns, 2.4391 ms/op
WorkloadPilot    4: 128 op, 309484829.00 ns, 2.4179 ms/op
WorkloadPilot    5: 256 op, 614623775.00 ns, 2.4009 ms/op

WorkloadWarmup   1: 256 op, 612640167.00 ns, 2.3931 ms/op
WorkloadWarmup   2: 256 op, 617235163.00 ns, 2.4111 ms/op
WorkloadWarmup   3: 256 op, 616525620.00 ns, 2.4083 ms/op
WorkloadWarmup   4: 256 op, 607891723.00 ns, 2.3746 ms/op
WorkloadWarmup   5: 256 op, 616641847.00 ns, 2.4088 ms/op
WorkloadWarmup   6: 256 op, 615566520.00 ns, 2.4046 ms/op

// BeforeActualRun
WorkloadActual   1: 256 op, 616544646.00 ns, 2.4084 ms/op
WorkloadActual   2: 256 op, 616015366.00 ns, 2.4063 ms/op
WorkloadActual   3: 256 op, 616761998.00 ns, 2.4092 ms/op
WorkloadActual   4: 256 op, 608254481.00 ns, 2.3760 ms/op
WorkloadActual   5: 256 op, 606705095.00 ns, 2.3699 ms/op
WorkloadActual   6: 256 op, 612708873.00 ns, 2.3934 ms/op
WorkloadActual   7: 256 op, 616229516.00 ns, 2.4071 ms/op
WorkloadActual   8: 256 op, 618328467.00 ns, 2.4153 ms/op
WorkloadActual   9: 256 op, 618333490.00 ns, 2.4154 ms/op
WorkloadActual  10: 256 op, 614111378.00 ns, 2.3989 ms/op
WorkloadActual  11: 256 op, 617356867.00 ns, 2.4116 ms/op
WorkloadActual  12: 256 op, 622482499.00 ns, 2.4316 ms/op
WorkloadActual  13: 256 op, 614919459.00 ns, 2.4020 ms/op
WorkloadActual  14: 256 op, 614014489.00 ns, 2.3985 ms/op
WorkloadActual  15: 256 op, 618653633.00 ns, 2.4166 ms/op

// AfterActualRun
// BeforeExtraIteration
// AfterExtraIteration
WorkloadExtra    1: 256 op, 609590416.00 ns, 2.3812 ms/op
WorkloadResult   1: 256 op, 616544646.00 ns, 2.4084 ms/op
WorkloadResult   2: 256 op, 616015366.00 ns, 2.4063 ms/op
WorkloadResult   3: 256 op, 616761998.00 ns, 2.4092 ms/op
WorkloadResult   4: 256 op, 608254481.00 ns, 2.3760 ms/op
WorkloadResult   5: 256 op, 606705095.00 ns, 2.3699 ms/op
WorkloadResult   6: 256 op, 612708873.00 ns, 2.3934 ms/op
WorkloadResult   7: 256 op, 616229516.00 ns, 2.4071 ms/op
WorkloadResult   8: 256 op, 618328467.00 ns, 2.4153 ms/op
WorkloadResult   9: 256 op, 618333490.00 ns, 2.4154 ms/op
WorkloadResult  10: 256 op, 614111378.00 ns, 2.3989 ms/op
WorkloadResult  11: 256 op, 617356867.00 ns, 2.4116 ms/op
WorkloadResult  12: 256 op, 622482499.00 ns, 2.4316 ms/op
WorkloadResult  13: 256 op, 614919459.00 ns, 2.4020 ms/op
WorkloadResult  14: 256 op, 614014489.00 ns, 2.3985 ms/op
WorkloadResult  15: 256 op, 618653633.00 ns, 2.4166 ms/op
// GC:  0 0 0 2203888 256

// AfterAll
// Benchmark Process 347707 has exited with code 0.

Mean = 2.404 ms, StdErr = 0.004 ms (0.17%), N = 15, StdDev = 0.016 ms
Min = 2.370 ms, Q1 = 2.399 ms, Median = 2.407 ms, Q3 = 2.413 ms, Max = 2.432 ms
IQR = 0.015 ms, LowerFence = 2.377 ms, UpperFence = 2.436 ms
ConfidenceInterval = [2.387 ms; 2.421 ms] (CI 99.9%), Margin = 0.017 ms (0.69% of Mean)
Skewness = -0.64, Kurtosis = 2.94, MValue = 2

// ** Remained 22 (91.7%) benchmark(s) to run. Estimated finish 2026-07-30 12:34 (0h 28m from now) **
// **************************
// Benchmark: HybridRetrievalBenchmarks.'Full-vector HNSW': DefaultJob [Dimension=64, FilterPercentage=1]
// *** Execute ***
// Launch: 1 / 1
// Execute: dotnet Rowles.LeanCorpus.Benchmarks-DefaultJob-1.dll --ipcPort 38955 --benchmarkName "Rowles.LeanCorpus.Benchmarks.HybridRetrievalBenchmarks.FullVectorHnsw(Dimension: 64, FilterPercentage: 1)" --job Default --diagnoserRunMode 3 --benchmarkId 2 in /home/jordan/leancorpus/working_directory/src/devops/Rowles.LeanCorpus.Benchmarks/bin/Release/net10.0/Rowles.LeanCorpus.Benchmarks-DefaultJob-1/bin/Release/net10.0
// Failed to set up high priority (Permission denied). In order to run benchmarks with high priority, make sure you have the right permissions.
// BeforeAnythingElse

// Benchmark Process Environment Information:
// BenchmarkDotNet v0.16.0-nightly.20260427.506
// Runtime=.NET 10.0.3 (10.0.3, 10.0.326.7603), X64 RyuJIT x86-64-v2
// GC=Concurrent Workstation
// HardwareIntrinsics=AVX,SSE3+SSSE3+SSE4.1+SSE4.2+POPCNT,X86Base+SSE+SSE2,AES+PCLMUL VectorSize=128
// Job: DefaultJob

WorkloadJitting  1: 1 op, 10582833.00 ns, 10.5828 ms/op
WorkloadJitting  2: 30 op, 97567603.00 ns, 3.2523 ms/op
WorkloadJitting  3: 30 op, 79296079.00 ns, 2.6432 ms/op
WorkloadJitting  4: 30 op, 80284897.00 ns, 2.6762 ms/op
WorkloadJitting  5: 1 op, 4019557.00 ns, 4.0196 ms/op

WorkloadPilot    1: 1 op, 4425212.00 ns, 4.4252 ms/op

WorkloadPilot    1: 16 op, 51192344.00 ns, 3.1995 ms/op
WorkloadPilot    2: 32 op, 84800305.00 ns, 2.6500 ms/op
WorkloadPilot    3: 64 op, 162220091.00 ns, 2.5347 ms/op
WorkloadPilot    4: 128 op, 303495078.00 ns, 2.3711 ms/op
WorkloadPilot    5: 256 op, 597849450.00 ns, 2.3353 ms/op

WorkloadWarmup   1: 256 op, 589732035.00 ns, 2.3036 ms/op
WorkloadWarmup   2: 256 op, 579903076.00 ns, 2.2652 ms/op
WorkloadWarmup   3: 256 op, 583717558.00 ns, 2.2801 ms/op
WorkloadWarmup   4: 256 op, 591840271.00 ns, 2.3119 ms/op
WorkloadWarmup   5: 256 op, 585185885.00 ns, 2.2859 ms/op
WorkloadWarmup   6: 256 op, 589958470.00 ns, 2.3045 ms/op
WorkloadWarmup   7: 256 op, 576331691.00 ns, 2.2513 ms/op

// BeforeActualRun
WorkloadActual   1: 256 op, 592798752.00 ns, 2.3156 ms/op
WorkloadActual   2: 256 op, 588131209.00 ns, 2.2974 ms/op
WorkloadActual   3: 256 op, 576234876.00 ns, 2.2509 ms/op
WorkloadActual   4: 256 op, 576570275.00 ns, 2.2522 ms/op
WorkloadActual   5: 256 op, 569088453.00 ns, 2.2230 ms/op
WorkloadActual   6: 256 op, 581675627.00 ns, 2.2722 ms/op
WorkloadActual   7: 256 op, 585023602.00 ns, 2.2852 ms/op
WorkloadActual   8: 256 op, 572160756.00 ns, 2.2350 ms/op
WorkloadActual   9: 256 op, 577185006.00 ns, 2.2546 ms/op
WorkloadActual  10: 256 op, 572831951.00 ns, 2.2376 ms/op
WorkloadActual  11: 256 op, 595326323.00 ns, 2.3255 ms/op
WorkloadActual  12: 256 op, 585882841.00 ns, 2.2886 ms/op
WorkloadActual  13: 256 op, 587792706.00 ns, 2.2961 ms/op
WorkloadActual  14: 256 op, 595576497.00 ns, 2.3265 ms/op
WorkloadActual  15: 256 op, 578287773.00 ns, 2.2589 ms/op

// AfterActualRun
// BeforeExtraIteration
// AfterExtraIteration
WorkloadExtra    1: 256 op, 561387978.00 ns, 2.1929 ms/op
WorkloadResult   1: 256 op, 592798752.00 ns, 2.3156 ms/op
WorkloadResult   2: 256 op, 588131209.00 ns, 2.2974 ms/op
WorkloadResult   3: 256 op, 576234876.00 ns, 2.2509 ms/op
WorkloadResult   4: 256 op, 576570275.00 ns, 2.2522 ms/op
WorkloadResult   5: 256 op, 569088453.00 ns, 2.2230 ms/op
WorkloadResult   6: 256 op, 581675627.00 ns, 2.2722 ms/op
WorkloadResult   7: 256 op, 585023602.00 ns, 2.2852 ms/op
WorkloadResult   8: 256 op, 572160756.00 ns, 2.2350 ms/op
WorkloadResult   9: 256 op, 577185006.00 ns, 2.2546 ms/op
WorkloadResult  10: 256 op, 572831951.00 ns, 2.2376 ms/op
WorkloadResult  11: 256 op, 595326323.00 ns, 2.3255 ms/op
WorkloadResult  12: 256 op, 585882841.00 ns, 2.2886 ms/op
WorkloadResult  13: 256 op, 587792706.00 ns, 2.2961 ms/op
WorkloadResult  14: 256 op, 595576497.00 ns, 2.3265 ms/op
WorkloadResult  15: 256 op, 578287773.00 ns, 2.2589 ms/op
// GC:  2 0 0 10392272 256

// AfterAll
// Benchmark Process 347812 has exited with code 0.

Mean = 2.275 ms, StdErr = 0.009 ms (0.38%), N = 15, StdDev = 0.033 ms
Min = 2.223 ms, Q1 = 2.252 ms, Median = 2.272 ms, Q3 = 2.297 ms, Max = 2.326 ms
IQR = 0.045 ms, LowerFence = 2.184 ms, UpperFence = 2.364 ms
ConfidenceInterval = [2.239 ms; 2.310 ms] (CI 99.9%), Margin = 0.036 ms (1.57% of Mean)
Skewness = 0.14, Kurtosis = 1.59, MValue = 2

// ** Remained 21 (87.5%) benchmark(s) to run. Estimated finish 2026-07-30 12:34 (0h 26m from now) **
// **************************
// Benchmark: HybridRetrievalBenchmarks.'Sparse+dense fusion': DefaultJob [Dimension=64, FilterPercentage=1]
// *** Execute ***
// Launch: 1 / 1
// Execute: dotnet Rowles.LeanCorpus.Benchmarks-DefaultJob-1.dll --ipcPort 33969 --benchmarkName "Rowles.LeanCorpus.Benchmarks.HybridRetrievalBenchmarks.FusionWithoutSparseSeeds(Dimension: 64, FilterPercentage: 1)" --job Default --diagnoserRunMode 3 --benchmarkId 3 in /home/jordan/leancorpus/working_directory/src/devops/Rowles.LeanCorpus.Benchmarks/bin/Release/net10.0/Rowles.LeanCorpus.Benchmarks-DefaultJob-1/bin/Release/net10.0
// Failed to set up high priority (Permission denied). In order to run benchmarks with high priority, make sure you have the right permissions.
// BeforeAnythingElse

// Benchmark Process Environment Information:
// BenchmarkDotNet v0.16.0-nightly.20260427.506
// Runtime=.NET 10.0.3 (10.0.3, 10.0.326.7603), X64 RyuJIT x86-64-v2
// GC=Concurrent Workstation
// HardwareIntrinsics=AVX,SSE3+SSSE3+SSE4.1+SSE4.2+POPCNT,X86Base+SSE+SSE2,AES+PCLMUL VectorSize=128
// Job: DefaultJob

WorkloadJitting  1: 1 op, 89016926.00 ns, 89.0169 ms/op
WorkloadJitting  2: 30 op, 332445190.00 ns, 11.0815 ms/op
WorkloadJitting  3: 30 op, 286537313.00 ns, 9.5512 ms/op
WorkloadJitting  4: 30 op, 285990650.00 ns, 9.5330 ms/op
WorkloadJitting  5: 1 op, 11417974.00 ns, 11.4180 ms/op

WorkloadPilot    1: 1 op, 11438172.00 ns, 11.4382 ms/op

WorkloadPilot    1: 16 op, 153320410.00 ns, 9.5825 ms/op
WorkloadPilot    2: 32 op, 300737695.00 ns, 9.3981 ms/op
WorkloadPilot    3: 64 op, 606559764.00 ns, 9.4775 ms/op

WorkloadWarmup   1: 64 op, 607860726.00 ns, 9.4978 ms/op
WorkloadWarmup   2: 64 op, 603181194.00 ns, 9.4247 ms/op
WorkloadWarmup   3: 64 op, 604001939.00 ns, 9.4375 ms/op
WorkloadWarmup   4: 64 op, 601531482.00 ns, 9.3989 ms/op
WorkloadWarmup   5: 64 op, 602340559.00 ns, 9.4116 ms/op
WorkloadWarmup   6: 64 op, 595135703.00 ns, 9.2990 ms/op

// BeforeActualRun
WorkloadActual   1: 64 op, 605620165.00 ns, 9.4628 ms/op
WorkloadActual   2: 64 op, 606231992.00 ns, 9.4724 ms/op
WorkloadActual   3: 64 op, 608045943.00 ns, 9.5007 ms/op
WorkloadActual   4: 64 op, 597751854.00 ns, 9.3399 ms/op
WorkloadActual   5: 64 op, 598768018.00 ns, 9.3558 ms/op
WorkloadActual   6: 64 op, 601751252.00 ns, 9.4024 ms/op
WorkloadActual   7: 64 op, 624905954.00 ns, 9.7642 ms/op
WorkloadActual   8: 64 op, 606861892.00 ns, 9.4822 ms/op
WorkloadActual   9: 64 op, 606002320.00 ns, 9.4688 ms/op
WorkloadActual  10: 64 op, 604641421.00 ns, 9.4475 ms/op
WorkloadActual  11: 64 op, 613073132.00 ns, 9.5793 ms/op
WorkloadActual  12: 64 op, 599829671.00 ns, 9.3723 ms/op
WorkloadActual  13: 64 op, 601095809.00 ns, 9.3921 ms/op
WorkloadActual  14: 64 op, 599155456.00 ns, 9.3618 ms/op
WorkloadActual  15: 64 op, 603949203.00 ns, 9.4367 ms/op

// AfterActualRun
// BeforeExtraIteration
// AfterExtraIteration
WorkloadExtra    1: 64 op, 597667816.00 ns, 9.3386 ms/op
WorkloadResult   1: 64 op, 605620165.00 ns, 9.4628 ms/op
WorkloadResult   2: 64 op, 606231992.00 ns, 9.4724 ms/op
WorkloadResult   3: 64 op, 608045943.00 ns, 9.5007 ms/op
WorkloadResult   4: 64 op, 597751854.00 ns, 9.3399 ms/op
WorkloadResult   5: 64 op, 598768018.00 ns, 9.3558 ms/op
WorkloadResult   6: 64 op, 601751252.00 ns, 9.4024 ms/op
WorkloadResult   7: 64 op, 606861892.00 ns, 9.4822 ms/op
WorkloadResult   8: 64 op, 606002320.00 ns, 9.4688 ms/op
WorkloadResult   9: 64 op, 604641421.00 ns, 9.4475 ms/op
WorkloadResult  10: 64 op, 613073132.00 ns, 9.5793 ms/op
WorkloadResult  11: 64 op, 599829671.00 ns, 9.3723 ms/op
WorkloadResult  12: 64 op, 601095809.00 ns, 9.3921 ms/op
WorkloadResult  13: 64 op, 599155456.00 ns, 9.3618 ms/op
WorkloadResult  14: 64 op, 603949203.00 ns, 9.4367 ms/op
// GC:  51 0 0 214693152 64

// AfterAll
// Benchmark Process 347890 has exited with code 0.

Mean = 9.434 ms, StdErr = 0.018 ms (0.19%), N = 14, StdDev = 0.067 ms
Min = 9.340 ms, Q1 = 9.377 ms, Median = 9.442 ms, Q3 = 9.471 ms, Max = 9.579 ms
IQR = 0.094 ms, LowerFence = 9.236 ms, UpperFence = 9.613 ms
ConfidenceInterval = [9.358 ms; 9.509 ms] (CI 99.9%), Margin = 0.076 ms (0.80% of Mean)
Skewness = 0.38, Kurtosis = 2.26, MValue = 2

// ** Remained 20 (83.3%) benchmark(s) to run. Estimated finish 2026-07-30 12:34 (0h 25m from now) **
// **************************
// Benchmark: HybridRetrievalBenchmarks.'Sparse-seeded dense fusion': DefaultJob [Dimension=64, FilterPercentage=1]
// *** Execute ***
// Launch: 1 / 1
// Execute: dotnet Rowles.LeanCorpus.Benchmarks-DefaultJob-1.dll --ipcPort 42679 --benchmarkName "Rowles.LeanCorpus.Benchmarks.HybridRetrievalBenchmarks.FusionWithSparseSeeds(Dimension: 64, FilterPercentage: 1)" --job Default --diagnoserRunMode 3 --benchmarkId 4 in /home/jordan/leancorpus/working_directory/src/devops/Rowles.LeanCorpus.Benchmarks/bin/Release/net10.0/Rowles.LeanCorpus.Benchmarks-DefaultJob-1/bin/Release/net10.0
// Failed to set up high priority (Permission denied). In order to run benchmarks with high priority, make sure you have the right permissions.
// BeforeAnythingElse

// Benchmark Process Environment Information:
// BenchmarkDotNet v0.16.0-nightly.20260427.506
// Runtime=.NET 10.0.3 (10.0.3, 10.0.326.7603), X64 RyuJIT x86-64-v2
// GC=Concurrent Workstation
// HardwareIntrinsics=AVX,SSE3+SSSE3+SSE4.1+SSE4.2+POPCNT,X86Base+SSE+SSE2,AES+PCLMUL VectorSize=128
// Job: DefaultJob

WorkloadJitting  1: 1 op, 91070098.00 ns, 91.0701 ms/op
WorkloadJitting  2: 30 op, 323085808.00 ns, 10.7695 ms/op
WorkloadJitting  3: 30 op, 284349436.00 ns, 9.4783 ms/op
WorkloadJitting  4: 30 op, 286540546.00 ns, 9.5514 ms/op
WorkloadJitting  5: 1 op, 11483839.00 ns, 11.4838 ms/op

WorkloadPilot    1: 1 op, 11283748.00 ns, 11.2837 ms/op

WorkloadPilot    1: 16 op, 155494350.00 ns, 9.7184 ms/op
WorkloadPilot    2: 32 op, 307820509.00 ns, 9.6194 ms/op
WorkloadPilot    3: 64 op, 604052754.00 ns, 9.4383 ms/op

WorkloadWarmup   1: 64 op, 612335463.00 ns, 9.5677 ms/op
WorkloadWarmup   2: 64 op, 609109340.00 ns, 9.5173 ms/op
WorkloadWarmup   3: 64 op, 605969604.00 ns, 9.4683 ms/op
WorkloadWarmup   4: 64 op, 610684746.00 ns, 9.5419 ms/op
WorkloadWarmup   5: 64 op, 610732049.00 ns, 9.5427 ms/op
WorkloadWarmup   6: 64 op, 610130343.00 ns, 9.5333 ms/op
WorkloadWarmup   7: 64 op, 610112668.00 ns, 9.5330 ms/op
WorkloadWarmup   8: 64 op, 612228409.00 ns, 9.5661 ms/op
WorkloadWarmup   9: 64 op, 609561480.00 ns, 9.5244 ms/op

// BeforeActualRun
WorkloadActual   1: 64 op, 604498930.00 ns, 9.4453 ms/op
WorkloadActual   2: 64 op, 600115589.00 ns, 9.3768 ms/op
WorkloadActual   3: 64 op, 602850186.00 ns, 9.4195 ms/op
WorkloadActual   4: 64 op, 601236512.00 ns, 9.3943 ms/op
WorkloadActual   5: 64 op, 601475209.00 ns, 9.3981 ms/op
WorkloadActual   6: 64 op, 605486981.00 ns, 9.4607 ms/op
WorkloadActual   7: 64 op, 610591363.00 ns, 9.5405 ms/op
WorkloadActual   8: 64 op, 610413109.00 ns, 9.5377 ms/op
WorkloadActual   9: 64 op, 609452337.00 ns, 9.5227 ms/op
WorkloadActual  10: 64 op, 610065121.00 ns, 9.5323 ms/op
WorkloadActual  11: 64 op, 612640141.00 ns, 9.5725 ms/op
WorkloadActual  12: 64 op, 609564987.00 ns, 9.5245 ms/op
WorkloadActual  13: 64 op, 614033241.00 ns, 9.5943 ms/op
WorkloadActual  14: 64 op, 605561884.00 ns, 9.4619 ms/op
WorkloadActual  15: 64 op, 613029644.00 ns, 9.5786 ms/op

// AfterActualRun
// BeforeExtraIteration
// AfterExtraIteration
WorkloadExtra    1: 64 op, 606227438.00 ns, 9.4723 ms/op
WorkloadResult   1: 64 op, 604498930.00 ns, 9.4453 ms/op
WorkloadResult   2: 64 op, 600115589.00 ns, 9.3768 ms/op
WorkloadResult   3: 64 op, 602850186.00 ns, 9.4195 ms/op
WorkloadResult   4: 64 op, 601236512.00 ns, 9.3943 ms/op
WorkloadResult   5: 64 op, 601475209.00 ns, 9.3981 ms/op
WorkloadResult   6: 64 op, 605486981.00 ns, 9.4607 ms/op
WorkloadResult   7: 64 op, 610591363.00 ns, 9.5405 ms/op
WorkloadResult   8: 64 op, 610413109.00 ns, 9.5377 ms/op
WorkloadResult   9: 64 op, 609452337.00 ns, 9.5227 ms/op
WorkloadResult  10: 64 op, 610065121.00 ns, 9.5323 ms/op
WorkloadResult  11: 64 op, 612640141.00 ns, 9.5725 ms/op
WorkloadResult  12: 64 op, 609564987.00 ns, 9.5245 ms/op
WorkloadResult  13: 64 op, 614033241.00 ns, 9.5943 ms/op
WorkloadResult  14: 64 op, 605561884.00 ns, 9.4619 ms/op
WorkloadResult  15: 64 op, 613029644.00 ns, 9.5786 ms/op
// GC:  51 0 0 215536416 64

// AfterAll
// Benchmark Process 348049 has exited with code 0.

Mean = 9.491 ms, StdErr = 0.019 ms (0.20%), N = 15, StdDev = 0.072 ms
Min = 9.377 ms, Q1 = 9.432 ms, Median = 9.523 ms, Q3 = 9.539 ms, Max = 9.594 ms
IQR = 0.107 ms, LowerFence = 9.272 ms, UpperFence = 9.699 ms
ConfidenceInterval = [9.413 ms; 9.568 ms] (CI 99.9%), Margin = 0.077 ms (0.82% of Mean)
Skewness = -0.17, Kurtosis = 1.44, MValue = 2

// ** Remained 19 (79.2%) benchmark(s) to run. Estimated finish 2026-07-30 12:34 (0h 24m from now) **
// **************************
// Benchmark: HybridRetrievalBenchmarks.'Matryoshka prefix rerank': DefaultJob [Dimension=64, FilterPercentage=1]
// *** Execute ***
// Launch: 1 / 1
// Execute: dotnet Rowles.LeanCorpus.Benchmarks-DefaultJob-1.dll --ipcPort 34495 --benchmarkName "Rowles.LeanCorpus.Benchmarks.HybridRetrievalBenchmarks.MatryoshkaPrefixRerank(Dimension: 64, FilterPercentage: 1)" --job Default --diagnoserRunMode 3 --benchmarkId 5 in /home/jordan/leancorpus/working_directory/src/devops/Rowles.LeanCorpus.Benchmarks/bin/Release/net10.0/Rowles.LeanCorpus.Benchmarks-DefaultJob-1/bin/Release/net10.0
// Failed to set up high priority (Permission denied). In order to run benchmarks with high priority, make sure you have the right permissions.
// BeforeAnythingElse

// Benchmark Process Environment Information:
// BenchmarkDotNet v0.16.0-nightly.20260427.506
// Runtime=.NET 10.0.3 (10.0.3, 10.0.326.7603), X64 RyuJIT x86-64-v2
// GC=Concurrent Workstation
// HardwareIntrinsics=AVX,SSE3+SSSE3+SSE4.1+SSE4.2+POPCNT,X86Base+SSE+SSE2,AES+PCLMUL VectorSize=128
// Job: DefaultJob

WorkloadJitting  1: 1 op, 62932344.00 ns, 62.9323 ms/op
WorkloadJitting  2: 30 op, 832523422.00 ns, 27.7508 ms/op
WorkloadJitting  3: 30 op, 789044948.00 ns, 26.3015 ms/op
WorkloadJitting  4: 30 op, 794998208.00 ns, 26.4999 ms/op
WorkloadJitting  5: 1 op, 26231577.00 ns, 26.2316 ms/op

WorkloadPilot    1: 1 op, 28652450.00 ns, 28.6525 ms/op

WorkloadPilot    1: 16 op, 423600912.00 ns, 26.4751 ms/op
WorkloadPilot    2: 32 op, 852582300.00 ns, 26.6432 ms/op

WorkloadWarmup   1: 32 op, 853227347.00 ns, 26.6634 ms/op
WorkloadWarmup   2: 32 op, 854459788.00 ns, 26.7019 ms/op
WorkloadWarmup   3: 32 op, 848322027.00 ns, 26.5101 ms/op
WorkloadWarmup   4: 32 op, 853400285.00 ns, 26.6688 ms/op
WorkloadWarmup   5: 32 op, 850304503.00 ns, 26.5720 ms/op
WorkloadWarmup   6: 32 op, 849366573.00 ns, 26.5427 ms/op

// BeforeActualRun
WorkloadActual   1: 32 op, 850310243.00 ns, 26.5722 ms/op
WorkloadActual   2: 32 op, 849919531.00 ns, 26.5600 ms/op
WorkloadActual   3: 32 op, 851921342.00 ns, 26.6225 ms/op
WorkloadActual   4: 32 op, 854230276.00 ns, 26.6947 ms/op
WorkloadActual   5: 32 op, 849226940.00 ns, 26.5383 ms/op
WorkloadActual   6: 32 op, 854066786.00 ns, 26.6896 ms/op
WorkloadActual   7: 32 op, 847514523.00 ns, 26.4848 ms/op
WorkloadActual   8: 32 op, 837588245.00 ns, 26.1746 ms/op
WorkloadActual   9: 32 op, 843272463.00 ns, 26.3523 ms/op
WorkloadActual  10: 32 op, 849934875.00 ns, 26.5605 ms/op
WorkloadActual  11: 32 op, 847195374.00 ns, 26.4749 ms/op
WorkloadActual  12: 32 op, 850855213.00 ns, 26.5892 ms/op
WorkloadActual  13: 32 op, 852011449.00 ns, 26.6254 ms/op
WorkloadActual  14: 32 op, 848702284.00 ns, 26.5219 ms/op
WorkloadActual  15: 32 op, 853365010.00 ns, 26.6677 ms/op

// AfterActualRun
// BeforeExtraIteration
// AfterExtraIteration
WorkloadExtra    1: 32 op, 854259972.00 ns, 26.6956 ms/op
WorkloadResult   1: 32 op, 850310243.00 ns, 26.5722 ms/op
WorkloadResult   2: 32 op, 849919531.00 ns, 26.5600 ms/op
WorkloadResult   3: 32 op, 851921342.00 ns, 26.6225 ms/op
WorkloadResult   4: 32 op, 854230276.00 ns, 26.6947 ms/op
WorkloadResult   5: 32 op, 849226940.00 ns, 26.5383 ms/op
WorkloadResult   6: 32 op, 854066786.00 ns, 26.6896 ms/op
WorkloadResult   7: 32 op, 847514523.00 ns, 26.4848 ms/op
WorkloadResult   8: 32 op, 837588245.00 ns, 26.1746 ms/op
WorkloadResult   9: 32 op, 843272463.00 ns, 26.3523 ms/op
WorkloadResult  10: 32 op, 849934875.00 ns, 26.5605 ms/op
WorkloadResult  11: 32 op, 847195374.00 ns, 26.4749 ms/op
WorkloadResult  12: 32 op, 850855213.00 ns, 26.5892 ms/op
WorkloadResult  13: 32 op, 852011449.00 ns, 26.6254 ms/op
WorkloadResult  14: 32 op, 848702284.00 ns, 26.5219 ms/op
WorkloadResult  15: 32 op, 853365010.00 ns, 26.6677 ms/op
// GC:  227 10 2 983842504 32

// AfterAll
// Benchmark Process 348145 has exited with code 0.

Mean = 26.542 ms, StdErr = 0.035 ms (0.13%), N = 15, StdDev = 0.136 ms
Min = 26.175 ms, Q1 = 26.503 ms, Median = 26.560 ms, Q3 = 26.624 ms, Max = 26.695 ms
IQR = 0.121 ms, LowerFence = 26.323 ms, UpperFence = 26.805 ms
ConfidenceInterval = [26.397 ms; 26.687 ms] (CI 99.9%), Margin = 0.145 ms (0.55% of Mean)
Skewness = -1.25, Kurtosis = 4.12, MValue = 2

// ** Remained 18 (75.0%) benchmark(s) to run. Estimated finish 2026-07-30 12:34 (0h 23m from now) **
// **************************
// Benchmark: HybridRetrievalBenchmarks.'Filtered exact scan': DefaultJob [Dimension=64, FilterPercentage=10]
// *** Execute ***
// Launch: 1 / 1
// Execute: dotnet Rowles.LeanCorpus.Benchmarks-DefaultJob-1.dll --ipcPort 40225 --benchmarkName "Rowles.LeanCorpus.Benchmarks.HybridRetrievalBenchmarks.FilteredExactScan(Dimension: 64, FilterPercentage: 10)" --job Default --diagnoserRunMode 3 --benchmarkId 6 in /home/jordan/leancorpus/working_directory/src/devops/Rowles.LeanCorpus.Benchmarks/bin/Release/net10.0/Rowles.LeanCorpus.Benchmarks-DefaultJob-1/bin/Release/net10.0
// Failed to set up high priority (Permission denied). In order to run benchmarks with high priority, make sure you have the right permissions.
// BeforeAnythingElse

// Benchmark Process Environment Information:
// BenchmarkDotNet v0.16.0-nightly.20260427.506
// Runtime=.NET 10.0.3 (10.0.3, 10.0.326.7603), X64 RyuJIT x86-64-v2
// GC=Concurrent Workstation
// HardwareIntrinsics=AVX,SSE3+SSSE3+SSE4.1+SSE4.2+POPCNT,X86Base+SSE+SSE2,AES+PCLMUL VectorSize=128
// Job: DefaultJob

WorkloadJitting  1: 1 op, 4816793.00 ns, 4.8168 ms/op
WorkloadJitting  2: 30 op, 138550337.00 ns, 4.6183 ms/op
WorkloadJitting  3: 30 op, 108669901.00 ns, 3.6223 ms/op
WorkloadJitting  4: 30 op, 106286935.00 ns, 3.5429 ms/op
WorkloadJitting  5: 1 op, 3921238.00 ns, 3.9212 ms/op

WorkloadPilot    1: 1 op, 3931773.00 ns, 3.9318 ms/op

WorkloadPilot    1: 16 op, 59125966.00 ns, 3.6954 ms/op
WorkloadPilot    2: 32 op, 115981836.00 ns, 3.6244 ms/op
WorkloadPilot    3: 64 op, 229077313.00 ns, 3.5793 ms/op
WorkloadPilot    4: 128 op, 461121754.00 ns, 3.6025 ms/op
WorkloadPilot    5: 256 op, 920801730.00 ns, 3.5969 ms/op

WorkloadWarmup   1: 256 op, 920300841.00 ns, 3.5949 ms/op
WorkloadWarmup   2: 256 op, 919606974.00 ns, 3.5922 ms/op
WorkloadWarmup   3: 256 op, 919340792.00 ns, 3.5912 ms/op
WorkloadWarmup   4: 256 op, 922082934.00 ns, 3.6019 ms/op
WorkloadWarmup   5: 256 op, 915815430.00 ns, 3.5774 ms/op
WorkloadWarmup   6: 256 op, 920391557.00 ns, 3.5953 ms/op
WorkloadWarmup   7: 256 op, 920821817.00 ns, 3.5970 ms/op
WorkloadWarmup   8: 256 op, 920730309.00 ns, 3.5966 ms/op

// BeforeActualRun
WorkloadActual   1: 256 op, 921788685.00 ns, 3.6007 ms/op
WorkloadActual   2: 256 op, 910009319.00 ns, 3.5547 ms/op
WorkloadActual   3: 256 op, 915013839.00 ns, 3.5743 ms/op
WorkloadActual   4: 256 op, 919278958.00 ns, 3.5909 ms/op
WorkloadActual   5: 256 op, 920350742.00 ns, 3.5951 ms/op
WorkloadActual   6: 256 op, 918623829.00 ns, 3.5884 ms/op
WorkloadActual   7: 256 op, 908096945.00 ns, 3.5473 ms/op
WorkloadActual   8: 256 op, 908146792.00 ns, 3.5474 ms/op
WorkloadActual   9: 256 op, 918550538.00 ns, 3.5881 ms/op
WorkloadActual  10: 256 op, 918892057.00 ns, 3.5894 ms/op
WorkloadActual  11: 256 op, 921335391.00 ns, 3.5990 ms/op
WorkloadActual  12: 256 op, 919770532.00 ns, 3.5929 ms/op
WorkloadActual  13: 256 op, 917587378.00 ns, 3.5843 ms/op
WorkloadActual  14: 256 op, 921310665.00 ns, 3.5989 ms/op
WorkloadActual  15: 256 op, 921247738.00 ns, 3.5986 ms/op

// AfterActualRun
// BeforeExtraIteration
// AfterExtraIteration
WorkloadExtra    1: 256 op, 914264690.00 ns, 3.5713 ms/op
WorkloadResult   1: 256 op, 921788685.00 ns, 3.6007 ms/op
WorkloadResult   2: 256 op, 910009319.00 ns, 3.5547 ms/op
WorkloadResult   3: 256 op, 915013839.00 ns, 3.5743 ms/op
WorkloadResult   4: 256 op, 919278958.00 ns, 3.5909 ms/op
WorkloadResult   5: 256 op, 920350742.00 ns, 3.5951 ms/op
WorkloadResult   6: 256 op, 918623829.00 ns, 3.5884 ms/op
WorkloadResult   7: 256 op, 908096945.00 ns, 3.5473 ms/op
WorkloadResult   8: 256 op, 908146792.00 ns, 3.5474 ms/op
WorkloadResult   9: 256 op, 918550538.00 ns, 3.5881 ms/op
WorkloadResult  10: 256 op, 918892057.00 ns, 3.5894 ms/op
WorkloadResult  11: 256 op, 921335391.00 ns, 3.5990 ms/op
WorkloadResult  12: 256 op, 919770532.00 ns, 3.5929 ms/op
WorkloadResult  13: 256 op, 917587378.00 ns, 3.5843 ms/op
WorkloadResult  14: 256 op, 921310665.00 ns, 3.5989 ms/op
WorkloadResult  15: 256 op, 921247738.00 ns, 3.5986 ms/op
// GC:  0 0 0 2203888 256

// AfterAll
// Benchmark Process 348241 has exited with code 0.

Mean = 3.583 ms, StdErr = 0.005 ms (0.13%), N = 15, StdDev = 0.019 ms
Min = 3.547 ms, Q1 = 3.579 ms, Median = 3.589 ms, Q3 = 3.597 ms, Max = 3.601 ms
IQR = 0.018 ms, LowerFence = 3.553 ms, UpperFence = 3.623 ms
ConfidenceInterval = [3.563 ms; 3.603 ms] (CI 99.9%), Margin = 0.020 ms (0.56% of Mean)
Skewness = -1, Kurtosis = 2.37, MValue = 2

// ** Remained 17 (70.8%) benchmark(s) to run. Estimated finish 2026-07-30 12:35 (0h 22m from now) **
// **************************
// Benchmark: HybridRetrievalBenchmarks.'Filtered HNSW planner': DefaultJob [Dimension=64, FilterPercentage=10]
// *** Execute ***
// Launch: 1 / 1
// Execute: dotnet Rowles.LeanCorpus.Benchmarks-DefaultJob-1.dll --ipcPort 41409 --benchmarkName "Rowles.LeanCorpus.Benchmarks.HybridRetrievalBenchmarks.FilteredHnswPlanner(Dimension: 64, FilterPercentage: 10)" --job Default --diagnoserRunMode 3 --benchmarkId 7 in /home/jordan/leancorpus/working_directory/src/devops/Rowles.LeanCorpus.Benchmarks/bin/Release/net10.0/Rowles.LeanCorpus.Benchmarks-DefaultJob-1/bin/Release/net10.0
// Failed to set up high priority (Permission denied). In order to run benchmarks with high priority, make sure you have the right permissions.
// BeforeAnythingElse

// Benchmark Process Environment Information:
// BenchmarkDotNet v0.16.0-nightly.20260427.506
// Runtime=.NET 10.0.3 (10.0.3, 10.0.326.7603), X64 RyuJIT x86-64-v2
// GC=Concurrent Workstation
// HardwareIntrinsics=AVX,SSE3+SSSE3+SSE4.1+SSE4.2+POPCNT,X86Base+SSE+SSE2,AES+PCLMUL VectorSize=128
// Job: DefaultJob

WorkloadJitting  1: 1 op, 4869780.00 ns, 4.8698 ms/op
WorkloadJitting  2: 30 op, 136546913.00 ns, 4.5516 ms/op
WorkloadJitting  3: 30 op, 107340251.00 ns, 3.5780 ms/op
WorkloadJitting  4: 30 op, 108297940.00 ns, 3.6099 ms/op
WorkloadJitting  5: 1 op, 3897520.00 ns, 3.8975 ms/op

WorkloadPilot    1: 1 op, 3968135.00 ns, 3.9681 ms/op

WorkloadPilot    1: 16 op, 58408117.00 ns, 3.6505 ms/op
WorkloadPilot    2: 32 op, 116199213.00 ns, 3.6312 ms/op
WorkloadPilot    3: 64 op, 231455873.00 ns, 3.6165 ms/op
WorkloadPilot    4: 128 op, 461220372.00 ns, 3.6033 ms/op
WorkloadPilot    5: 256 op, 921838700.00 ns, 3.6009 ms/op

WorkloadWarmup   1: 256 op, 923052383.00 ns, 3.6057 ms/op
WorkloadWarmup   2: 256 op, 920537017.00 ns, 3.5958 ms/op
WorkloadWarmup   3: 256 op, 908960286.00 ns, 3.5506 ms/op
WorkloadWarmup   4: 256 op, 921609538.00 ns, 3.6000 ms/op
WorkloadWarmup   5: 256 op, 920716503.00 ns, 3.5965 ms/op
WorkloadWarmup   6: 256 op, 913278917.00 ns, 3.5675 ms/op
WorkloadWarmup   7: 256 op, 922241730.00 ns, 3.6025 ms/op
WorkloadWarmup   8: 256 op, 920812443.00 ns, 3.5969 ms/op

// BeforeActualRun
WorkloadActual   1: 256 op, 922821216.00 ns, 3.6048 ms/op
WorkloadActual   2: 256 op, 919387834.00 ns, 3.5914 ms/op
WorkloadActual   3: 256 op, 922399314.00 ns, 3.6031 ms/op
WorkloadActual   4: 256 op, 917766165.00 ns, 3.5850 ms/op
WorkloadActual   5: 256 op, 915490647.00 ns, 3.5761 ms/op
WorkloadActual   6: 256 op, 906354277.00 ns, 3.5404 ms/op
WorkloadActual   7: 256 op, 908474834.00 ns, 3.5487 ms/op
WorkloadActual   8: 256 op, 911894287.00 ns, 3.5621 ms/op
WorkloadActual   9: 256 op, 918404479.00 ns, 3.5875 ms/op
WorkloadActual  10: 256 op, 922424665.00 ns, 3.6032 ms/op
WorkloadActual  11: 256 op, 922518923.00 ns, 3.6036 ms/op
WorkloadActual  12: 256 op, 922424120.00 ns, 3.6032 ms/op
WorkloadActual  13: 256 op, 920137503.00 ns, 3.5943 ms/op
WorkloadActual  14: 256 op, 915194802.00 ns, 3.5750 ms/op
WorkloadActual  15: 256 op, 920963930.00 ns, 3.5975 ms/op

// AfterActualRun
// BeforeExtraIteration
// AfterExtraIteration
WorkloadExtra    1: 256 op, 905735425.00 ns, 3.5380 ms/op
WorkloadResult   1: 256 op, 922821216.00 ns, 3.6048 ms/op
WorkloadResult   2: 256 op, 919387834.00 ns, 3.5914 ms/op
WorkloadResult   3: 256 op, 922399314.00 ns, 3.6031 ms/op
WorkloadResult   4: 256 op, 917766165.00 ns, 3.5850 ms/op
WorkloadResult   5: 256 op, 915490647.00 ns, 3.5761 ms/op
WorkloadResult   6: 256 op, 906354277.00 ns, 3.5404 ms/op
WorkloadResult   7: 256 op, 908474834.00 ns, 3.5487 ms/op
WorkloadResult   8: 256 op, 911894287.00 ns, 3.5621 ms/op
WorkloadResult   9: 256 op, 918404479.00 ns, 3.5875 ms/op
WorkloadResult  10: 256 op, 922424665.00 ns, 3.6032 ms/op
WorkloadResult  11: 256 op, 922518923.00 ns, 3.6036 ms/op
WorkloadResult  12: 256 op, 922424120.00 ns, 3.6032 ms/op
WorkloadResult  13: 256 op, 920137503.00 ns, 3.5943 ms/op
WorkloadResult  14: 256 op, 915194802.00 ns, 3.5750 ms/op
WorkloadResult  15: 256 op, 920963930.00 ns, 3.5975 ms/op
// GC:  0 0 0 2203888 256

// AfterAll
// Benchmark Process 348337 has exited with code 0.

Mean = 3.585 ms, StdErr = 0.005 ms (0.15%), N = 15, StdDev = 0.021 ms
Min = 3.540 ms, Q1 = 3.576 ms, Median = 3.591 ms, Q3 = 3.603 ms, Max = 3.605 ms
IQR = 0.028 ms, LowerFence = 3.534 ms, UpperFence = 3.645 ms
ConfidenceInterval = [3.563 ms; 3.607 ms] (CI 99.9%), Margin = 0.022 ms (0.62% of Mean)
Skewness = -0.87, Kurtosis = 2.39, MValue = 2

// ** Remained 16 (66.7%) benchmark(s) to run. Estimated finish 2026-07-30 12:35 (0h 21m from now) **
// **************************
// Benchmark: HybridRetrievalBenchmarks.'Full-vector HNSW': DefaultJob [Dimension=64, FilterPercentage=10]
// *** Execute ***
// Launch: 1 / 1
// Execute: dotnet Rowles.LeanCorpus.Benchmarks-DefaultJob-1.dll --ipcPort 35911 --benchmarkName "Rowles.LeanCorpus.Benchmarks.HybridRetrievalBenchmarks.FullVectorHnsw(Dimension: 64, FilterPercentage: 10)" --job Default --diagnoserRunMode 3 --benchmarkId 8 in /home/jordan/leancorpus/working_directory/src/devops/Rowles.LeanCorpus.Benchmarks/bin/Release/net10.0/Rowles.LeanCorpus.Benchmarks-DefaultJob-1/bin/Release/net10.0
// Failed to set up high priority (Permission denied). In order to run benchmarks with high priority, make sure you have the right permissions.
// BeforeAnythingElse

// Benchmark Process Environment Information:
// BenchmarkDotNet v0.16.0-nightly.20260427.506
// Runtime=.NET 10.0.3 (10.0.3, 10.0.326.7603), X64 RyuJIT x86-64-v2
// GC=Concurrent Workstation
// HardwareIntrinsics=AVX,SSE3+SSSE3+SSE4.1+SSE4.2+POPCNT,X86Base+SSE+SSE2,AES+PCLMUL VectorSize=128
// Job: DefaultJob

WorkloadJitting  1: 1 op, 11040427.00 ns, 11.0404 ms/op
WorkloadJitting  2: 30 op, 100937046.00 ns, 3.3646 ms/op
WorkloadJitting  3: 30 op, 83583393.00 ns, 2.7861 ms/op
WorkloadJitting  4: 30 op, 86897013.00 ns, 2.8966 ms/op
WorkloadJitting  5: 1 op, 3686884.00 ns, 3.6869 ms/op

WorkloadPilot    1: 1 op, 3786394.00 ns, 3.7864 ms/op

WorkloadPilot    1: 16 op, 46322010.00 ns, 2.8951 ms/op
WorkloadPilot    2: 32 op, 86167633.00 ns, 2.6927 ms/op
WorkloadPilot    3: 64 op, 160538287.00 ns, 2.5084 ms/op
WorkloadPilot    4: 128 op, 303010031.00 ns, 2.3673 ms/op
WorkloadPilot    5: 256 op, 579417425.00 ns, 2.2633 ms/op

WorkloadWarmup   1: 256 op, 585578824.00 ns, 2.2874 ms/op
WorkloadWarmup   2: 256 op, 574972712.00 ns, 2.2460 ms/op
WorkloadWarmup   3: 256 op, 579249415.00 ns, 2.2627 ms/op
WorkloadWarmup   4: 256 op, 578760667.00 ns, 2.2608 ms/op
WorkloadWarmup   5: 256 op, 596287616.00 ns, 2.3292 ms/op
WorkloadWarmup   6: 256 op, 577199508.00 ns, 2.2547 ms/op

// BeforeActualRun
WorkloadActual   1: 256 op, 587343252.00 ns, 2.2943 ms/op
WorkloadActual   2: 256 op, 581632588.00 ns, 2.2720 ms/op
WorkloadActual   3: 256 op, 587773530.00 ns, 2.2960 ms/op
WorkloadActual   4: 256 op, 580545128.00 ns, 2.2678 ms/op
WorkloadActual   5: 256 op, 580456263.00 ns, 2.2674 ms/op
WorkloadActual   6: 256 op, 581190045.00 ns, 2.2703 ms/op
WorkloadActual   7: 256 op, 583997061.00 ns, 2.2812 ms/op
WorkloadActual   8: 256 op, 602663679.00 ns, 2.3542 ms/op
WorkloadActual   9: 256 op, 580562271.00 ns, 2.2678 ms/op
WorkloadActual  10: 256 op, 586375316.00 ns, 2.2905 ms/op
WorkloadActual  11: 256 op, 585758285.00 ns, 2.2881 ms/op
WorkloadActual  12: 256 op, 585351539.00 ns, 2.2865 ms/op
WorkloadActual  13: 256 op, 588976773.00 ns, 2.3007 ms/op
WorkloadActual  14: 256 op, 588567520.00 ns, 2.2991 ms/op
WorkloadActual  15: 256 op, 590578572.00 ns, 2.3069 ms/op

// AfterActualRun
// BeforeExtraIteration
// AfterExtraIteration
WorkloadExtra    1: 256 op, 597343077.00 ns, 2.3334 ms/op
WorkloadResult   1: 256 op, 587343252.00 ns, 2.2943 ms/op
WorkloadResult   2: 256 op, 581632588.00 ns, 2.2720 ms/op
WorkloadResult   3: 256 op, 587773530.00 ns, 2.2960 ms/op
WorkloadResult   4: 256 op, 580545128.00 ns, 2.2678 ms/op
WorkloadResult   5: 256 op, 580456263.00 ns, 2.2674 ms/op
WorkloadResult   6: 256 op, 581190045.00 ns, 2.2703 ms/op
WorkloadResult   7: 256 op, 583997061.00 ns, 2.2812 ms/op
WorkloadResult   8: 256 op, 580562271.00 ns, 2.2678 ms/op
WorkloadResult   9: 256 op, 586375316.00 ns, 2.2905 ms/op
WorkloadResult  10: 256 op, 585758285.00 ns, 2.2881 ms/op
WorkloadResult  11: 256 op, 585351539.00 ns, 2.2865 ms/op
WorkloadResult  12: 256 op, 588976773.00 ns, 2.3007 ms/op
WorkloadResult  13: 256 op, 588567520.00 ns, 2.2991 ms/op
WorkloadResult  14: 256 op, 590578572.00 ns, 2.3069 ms/op
// GC:  2 0 0 10392272 256

// AfterAll
// Benchmark Process 348424 has exited with code 0.

Mean = 2.285 ms, StdErr = 0.004 ms (0.16%), N = 14, StdDev = 0.014 ms
Min = 2.267 ms, Q1 = 2.271 ms, Median = 2.287 ms, Q3 = 2.296 ms, Max = 2.307 ms
IQR = 0.025 ms, LowerFence = 2.233 ms, UpperFence = 2.333 ms
ConfidenceInterval = [2.269 ms; 2.300 ms] (CI 99.9%), Margin = 0.016 ms (0.68% of Mean)
Skewness = -0.02, Kurtosis = 1.38, MValue = 2

// ** Remained 15 (62.5%) benchmark(s) to run. Estimated finish 2026-07-30 12:35 (0h 19m from now) **
// **************************
// Benchmark: HybridRetrievalBenchmarks.'Sparse+dense fusion': DefaultJob [Dimension=64, FilterPercentage=10]
// *** Execute ***
// Launch: 1 / 1
// Execute: dotnet Rowles.LeanCorpus.Benchmarks-DefaultJob-1.dll --ipcPort 45503 --benchmarkName "Rowles.LeanCorpus.Benchmarks.HybridRetrievalBenchmarks.FusionWithoutSparseSeeds(Dimension: 64, FilterPercentage: 10)" --job Default --diagnoserRunMode 3 --benchmarkId 9 in /home/jordan/leancorpus/working_directory/src/devops/Rowles.LeanCorpus.Benchmarks/bin/Release/net10.0/Rowles.LeanCorpus.Benchmarks-DefaultJob-1/bin/Release/net10.0
// Failed to set up high priority (Permission denied). In order to run benchmarks with high priority, make sure you have the right permissions.
// BeforeAnythingElse

// Benchmark Process Environment Information:
// BenchmarkDotNet v0.16.0-nightly.20260427.506
// Runtime=.NET 10.0.3 (10.0.3, 10.0.326.7603), X64 RyuJIT x86-64-v2
// GC=Concurrent Workstation
// HardwareIntrinsics=AVX,SSE3+SSSE3+SSE4.1+SSE4.2+POPCNT,X86Base+SSE+SSE2,AES+PCLMUL VectorSize=128
// Job: DefaultJob

WorkloadJitting  1: 1 op, 89471484.00 ns, 89.4715 ms/op
WorkloadJitting  2: 30 op, 319587643.00 ns, 10.6529 ms/op
WorkloadJitting  3: 30 op, 282006107.00 ns, 9.4002 ms/op
WorkloadJitting  4: 30 op, 279813928.00 ns, 9.3271 ms/op
WorkloadJitting  5: 1 op, 11192328.00 ns, 11.1923 ms/op

WorkloadPilot    1: 1 op, 11259702.00 ns, 11.2597 ms/op

WorkloadPilot    1: 16 op, 148621345.00 ns, 9.2888 ms/op
WorkloadPilot    2: 32 op, 295128822.00 ns, 9.2228 ms/op
WorkloadPilot    3: 64 op, 590332378.00 ns, 9.2239 ms/op

WorkloadWarmup   1: 64 op, 588833500.00 ns, 9.2005 ms/op
WorkloadWarmup   2: 64 op, 586704615.00 ns, 9.1673 ms/op
WorkloadWarmup   3: 64 op, 587185310.00 ns, 9.1748 ms/op
WorkloadWarmup   4: 64 op, 590583558.00 ns, 9.2279 ms/op
WorkloadWarmup   5: 64 op, 590466635.00 ns, 9.2260 ms/op
WorkloadWarmup   6: 64 op, 591830262.00 ns, 9.2473 ms/op
WorkloadWarmup   7: 64 op, 593479696.00 ns, 9.2731 ms/op
WorkloadWarmup   8: 64 op, 590832005.00 ns, 9.2318 ms/op

// BeforeActualRun
WorkloadActual   1: 64 op, 594325984.00 ns, 9.2863 ms/op
WorkloadActual   2: 64 op, 592158537.00 ns, 9.2525 ms/op
WorkloadActual   3: 64 op, 594487630.00 ns, 9.2889 ms/op
WorkloadActual   4: 64 op, 587241672.00 ns, 9.1757 ms/op
WorkloadActual   5: 64 op, 586214868.00 ns, 9.1596 ms/op
WorkloadActual   6: 64 op, 590409955.00 ns, 9.2252 ms/op
WorkloadActual   7: 64 op, 620347446.00 ns, 9.6929 ms/op
WorkloadActual   8: 64 op, 590921975.00 ns, 9.2332 ms/op
WorkloadActual   9: 64 op, 592939214.00 ns, 9.2647 ms/op
WorkloadActual  10: 64 op, 590245124.00 ns, 9.2226 ms/op
WorkloadActual  11: 64 op, 594610094.00 ns, 9.2908 ms/op
WorkloadActual  12: 64 op, 594030276.00 ns, 9.2817 ms/op
WorkloadActual  13: 64 op, 590618015.00 ns, 9.2284 ms/op
WorkloadActual  14: 64 op, 592373347.00 ns, 9.2558 ms/op
WorkloadActual  15: 64 op, 594371710.00 ns, 9.2871 ms/op

// AfterActualRun
// BeforeExtraIteration
// AfterExtraIteration
WorkloadExtra    1: 64 op, 584846843.00 ns, 9.1382 ms/op
WorkloadResult   1: 64 op, 594325984.00 ns, 9.2863 ms/op
WorkloadResult   2: 64 op, 592158537.00 ns, 9.2525 ms/op
WorkloadResult   3: 64 op, 594487630.00 ns, 9.2889 ms/op
WorkloadResult   4: 64 op, 587241672.00 ns, 9.1757 ms/op
WorkloadResult   5: 64 op, 586214868.00 ns, 9.1596 ms/op
WorkloadResult   6: 64 op, 590409955.00 ns, 9.2252 ms/op
WorkloadResult   7: 64 op, 590921975.00 ns, 9.2332 ms/op
WorkloadResult   8: 64 op, 592939214.00 ns, 9.2647 ms/op
WorkloadResult   9: 64 op, 590245124.00 ns, 9.2226 ms/op
WorkloadResult  10: 64 op, 594610094.00 ns, 9.2908 ms/op
WorkloadResult  11: 64 op, 594030276.00 ns, 9.2817 ms/op
WorkloadResult  12: 64 op, 590618015.00 ns, 9.2284 ms/op
WorkloadResult  13: 64 op, 592373347.00 ns, 9.2558 ms/op
WorkloadResult  14: 64 op, 594371710.00 ns, 9.2871 ms/op
// GC:  49 0 0 208959824 64

// AfterAll
// Benchmark Process 348535 has exited with code 0.

Mean = 9.247 ms, StdErr = 0.011 ms (0.12%), N = 14, StdDev = 0.042 ms
Min = 9.160 ms, Q1 = 9.226 ms, Median = 9.254 ms, Q3 = 9.285 ms, Max = 9.291 ms
IQR = 0.059 ms, LowerFence = 9.137 ms, UpperFence = 9.374 ms
ConfidenceInterval = [9.199 ms; 9.294 ms] (CI 99.9%), Margin = 0.047 ms (0.51% of Mean)
Skewness = -0.69, Kurtosis = 2.26, MValue = 2

// ** Remained 14 (58.3%) benchmark(s) to run. Estimated finish 2026-07-30 12:35 (0h 18m from now) **
// **************************
// Benchmark: HybridRetrievalBenchmarks.'Sparse-seeded dense fusion': DefaultJob [Dimension=64, FilterPercentage=10]
// *** Execute ***
// Launch: 1 / 1
// Execute: dotnet Rowles.LeanCorpus.Benchmarks-DefaultJob-1.dll --ipcPort 38977 --benchmarkName "Rowles.LeanCorpus.Benchmarks.HybridRetrievalBenchmarks.FusionWithSparseSeeds(Dimension: 64, FilterPercentage: 10)" --job Default --diagnoserRunMode 3 --benchmarkId 10 in /home/jordan/leancorpus/working_directory/src/devops/Rowles.LeanCorpus.Benchmarks/bin/Release/net10.0/Rowles.LeanCorpus.Benchmarks-DefaultJob-1/bin/Release/net10.0
// Failed to set up high priority (Permission denied). In order to run benchmarks with high priority, make sure you have the right permissions.
// BeforeAnythingElse

// Benchmark Process Environment Information:
// BenchmarkDotNet v0.16.0-nightly.20260427.506
// Runtime=.NET 10.0.3 (10.0.3, 10.0.326.7603), X64 RyuJIT x86-64-v2
// GC=Concurrent Workstation
// HardwareIntrinsics=AVX,SSE3+SSSE3+SSE4.1+SSE4.2+POPCNT,X86Base+SSE+SSE2,AES+PCLMUL VectorSize=128
// Job: DefaultJob

WorkloadJitting  1: 1 op, 90292194.00 ns, 90.2922 ms/op
WorkloadJitting  2: 30 op, 323871703.00 ns, 10.7957 ms/op
WorkloadJitting  3: 30 op, 283275864.00 ns, 9.4425 ms/op
WorkloadJitting  4: 30 op, 279663235.00 ns, 9.3221 ms/op
WorkloadJitting  5: 1 op, 11269145.00 ns, 11.2691 ms/op

WorkloadPilot    1: 1 op, 11332904.00 ns, 11.3329 ms/op

WorkloadPilot    1: 16 op, 150537457.00 ns, 9.4086 ms/op
WorkloadPilot    2: 32 op, 299397743.00 ns, 9.3562 ms/op
WorkloadPilot    3: 64 op, 595610215.00 ns, 9.3064 ms/op

WorkloadWarmup   1: 64 op, 597138727.00 ns, 9.3303 ms/op
WorkloadWarmup   2: 64 op, 599053066.00 ns, 9.3602 ms/op
WorkloadWarmup   3: 64 op, 599679853.00 ns, 9.3700 ms/op
WorkloadWarmup   4: 64 op, 598876123.00 ns, 9.3574 ms/op
WorkloadWarmup   5: 64 op, 598662466.00 ns, 9.3541 ms/op
WorkloadWarmup   6: 64 op, 598943025.00 ns, 9.3585 ms/op
WorkloadWarmup   7: 64 op, 602584450.00 ns, 9.4154 ms/op
WorkloadWarmup   8: 64 op, 601323961.00 ns, 9.3957 ms/op

// BeforeActualRun
WorkloadActual   1: 64 op, 602142056.00 ns, 9.4085 ms/op
WorkloadActual   2: 64 op, 598383550.00 ns, 9.3497 ms/op
WorkloadActual   3: 64 op, 600839837.00 ns, 9.3881 ms/op
WorkloadActual   4: 64 op, 597968919.00 ns, 9.3433 ms/op
WorkloadActual   5: 64 op, 597204788.00 ns, 9.3313 ms/op
WorkloadActual   6: 64 op, 599579199.00 ns, 9.3684 ms/op
WorkloadActual   7: 64 op, 598894449.00 ns, 9.3577 ms/op
WorkloadActual   8: 64 op, 593072326.00 ns, 9.2668 ms/op
WorkloadActual   9: 64 op, 588799663.00 ns, 9.2000 ms/op
WorkloadActual  10: 64 op, 600254175.00 ns, 9.3790 ms/op
WorkloadActual  11: 64 op, 598154144.00 ns, 9.3462 ms/op
WorkloadActual  12: 64 op, 600745594.00 ns, 9.3866 ms/op
WorkloadActual  13: 64 op, 601172811.00 ns, 9.3933 ms/op
WorkloadActual  14: 64 op, 601984089.00 ns, 9.4060 ms/op
WorkloadActual  15: 64 op, 602096498.00 ns, 9.4078 ms/op

// AfterActualRun
// BeforeExtraIteration
// AfterExtraIteration
WorkloadExtra    1: 64 op, 601597964.00 ns, 9.4000 ms/op
WorkloadResult   1: 64 op, 602142056.00 ns, 9.4085 ms/op
WorkloadResult   2: 64 op, 598383550.00 ns, 9.3497 ms/op
WorkloadResult   3: 64 op, 600839837.00 ns, 9.3881 ms/op
WorkloadResult   4: 64 op, 597968919.00 ns, 9.3433 ms/op
WorkloadResult   5: 64 op, 597204788.00 ns, 9.3313 ms/op
WorkloadResult   6: 64 op, 599579199.00 ns, 9.3684 ms/op
WorkloadResult   7: 64 op, 598894449.00 ns, 9.3577 ms/op
WorkloadResult   8: 64 op, 593072326.00 ns, 9.2668 ms/op
WorkloadResult   9: 64 op, 588799663.00 ns, 9.2000 ms/op
WorkloadResult  10: 64 op, 600254175.00 ns, 9.3790 ms/op
WorkloadResult  11: 64 op, 598154144.00 ns, 9.3462 ms/op
WorkloadResult  12: 64 op, 600745594.00 ns, 9.3866 ms/op
WorkloadResult  13: 64 op, 601172811.00 ns, 9.3933 ms/op
WorkloadResult  14: 64 op, 601984089.00 ns, 9.4060 ms/op
WorkloadResult  15: 64 op, 602096498.00 ns, 9.4078 ms/op
// GC:  50 0 0 209803576 64

// AfterAll
// Benchmark Process 348640 has exited with code 0.

Mean = 9.356 ms, StdErr = 0.015 ms (0.16%), N = 15, StdDev = 0.057 ms
Min = 9.200 ms, Q1 = 9.345 ms, Median = 9.368 ms, Q3 = 9.391 ms, Max = 9.408 ms
IQR = 0.046 ms, LowerFence = 9.276 ms, UpperFence = 9.460 ms
ConfidenceInterval = [9.295 ms; 9.416 ms] (CI 99.9%), Margin = 0.061 ms (0.65% of Mean)
Skewness = -1.43, Kurtosis = 4.31, MValue = 2

// ** Remained 13 (54.2%) benchmark(s) to run. Estimated finish 2026-07-30 12:35 (0h 16m from now) **
// **************************
// Benchmark: HybridRetrievalBenchmarks.'Matryoshka prefix rerank': DefaultJob [Dimension=64, FilterPercentage=10]
// *** Execute ***
// Launch: 1 / 1
// Execute: dotnet Rowles.LeanCorpus.Benchmarks-DefaultJob-1.dll --ipcPort 42255 --benchmarkName "Rowles.LeanCorpus.Benchmarks.HybridRetrievalBenchmarks.MatryoshkaPrefixRerank(Dimension: 64, FilterPercentage: 10)" --job Default --diagnoserRunMode 3 --benchmarkId 11 in /home/jordan/leancorpus/working_directory/src/devops/Rowles.LeanCorpus.Benchmarks/bin/Release/net10.0/Rowles.LeanCorpus.Benchmarks-DefaultJob-1/bin/Release/net10.0
// Failed to set up high priority (Permission denied). In order to run benchmarks with high priority, make sure you have the right permissions.
// BeforeAnythingElse

// Benchmark Process Environment Information:
// BenchmarkDotNet v0.16.0-nightly.20260427.506
// Runtime=.NET 10.0.3 (10.0.3, 10.0.326.7603), X64 RyuJIT x86-64-v2
// GC=Concurrent Workstation
// HardwareIntrinsics=AVX,SSE3+SSSE3+SSE4.1+SSE4.2+POPCNT,X86Base+SSE+SSE2,AES+PCLMUL VectorSize=128
// Job: DefaultJob

WorkloadJitting  1: 1 op, 54693076.00 ns, 54.6931 ms/op
WorkloadJitting  2: 30 op, 805845047.00 ns, 26.8615 ms/op
WorkloadJitting  3: 30 op, 778159682.00 ns, 25.9387 ms/op
WorkloadJitting  4: 30 op, 777792187.00 ns, 25.9264 ms/op
WorkloadJitting  5: 1 op, 26138763.00 ns, 26.1388 ms/op

WorkloadPilot    1: 1 op, 28648150.00 ns, 28.6482 ms/op

WorkloadPilot    1: 16 op, 419582577.00 ns, 26.2239 ms/op
WorkloadPilot    2: 32 op, 842357639.00 ns, 26.3237 ms/op

WorkloadWarmup   1: 32 op, 841813741.00 ns, 26.3067 ms/op
WorkloadWarmup   2: 32 op, 837467570.00 ns, 26.1709 ms/op
WorkloadWarmup   3: 32 op, 832851210.00 ns, 26.0266 ms/op
WorkloadWarmup   4: 32 op, 842412620.00 ns, 26.3254 ms/op
WorkloadWarmup   5: 32 op, 836822840.00 ns, 26.1507 ms/op
WorkloadWarmup   6: 32 op, 839300655.00 ns, 26.2281 ms/op
WorkloadWarmup   7: 32 op, 840738005.00 ns, 26.2731 ms/op
WorkloadWarmup   8: 32 op, 839220292.00 ns, 26.2256 ms/op

// BeforeActualRun
WorkloadActual   1: 32 op, 839789371.00 ns, 26.2434 ms/op
WorkloadActual   2: 32 op, 838218628.00 ns, 26.1943 ms/op
WorkloadActual   3: 32 op, 839926852.00 ns, 26.2477 ms/op
WorkloadActual   4: 32 op, 836760959.00 ns, 26.1488 ms/op
WorkloadActual   5: 32 op, 835184474.00 ns, 26.0995 ms/op
WorkloadActual   6: 32 op, 835980527.00 ns, 26.1244 ms/op
WorkloadActual   7: 32 op, 836672161.00 ns, 26.1460 ms/op
WorkloadActual   8: 32 op, 837321859.00 ns, 26.1663 ms/op
WorkloadActual   9: 32 op, 834539694.00 ns, 26.0794 ms/op
WorkloadActual  10: 32 op, 842545118.00 ns, 26.3295 ms/op
WorkloadActual  11: 32 op, 842569504.00 ns, 26.3303 ms/op
WorkloadActual  12: 32 op, 836455773.00 ns, 26.1392 ms/op
WorkloadActual  13: 32 op, 835989181.00 ns, 26.1247 ms/op
WorkloadActual  14: 32 op, 841016214.00 ns, 26.2818 ms/op
WorkloadActual  15: 32 op, 839166254.00 ns, 26.2239 ms/op

// AfterActualRun
// BeforeExtraIteration
// AfterExtraIteration
WorkloadExtra    1: 32 op, 852597376.00 ns, 26.6437 ms/op
WorkloadResult   1: 32 op, 839789371.00 ns, 26.2434 ms/op
WorkloadResult   2: 32 op, 838218628.00 ns, 26.1943 ms/op
WorkloadResult   3: 32 op, 839926852.00 ns, 26.2477 ms/op
WorkloadResult   4: 32 op, 836760959.00 ns, 26.1488 ms/op
WorkloadResult   5: 32 op, 835184474.00 ns, 26.0995 ms/op
WorkloadResult   6: 32 op, 835980527.00 ns, 26.1244 ms/op
WorkloadResult   7: 32 op, 836672161.00 ns, 26.1460 ms/op
WorkloadResult   8: 32 op, 837321859.00 ns, 26.1663 ms/op
WorkloadResult   9: 32 op, 834539694.00 ns, 26.0794 ms/op
WorkloadResult  10: 32 op, 842545118.00 ns, 26.3295 ms/op
WorkloadResult  11: 32 op, 842569504.00 ns, 26.3303 ms/op
WorkloadResult  12: 32 op, 836455773.00 ns, 26.1392 ms/op
WorkloadResult  13: 32 op, 835989181.00 ns, 26.1247 ms/op
WorkloadResult  14: 32 op, 841016214.00 ns, 26.2818 ms/op
WorkloadResult  15: 32 op, 839166254.00 ns, 26.2239 ms/op
// GC:  227 10 2 983840704 32

// AfterAll
// Benchmark Process 348715 has exited with code 0.

Mean = 26.192 ms, StdErr = 0.021 ms (0.08%), N = 15, StdDev = 0.080 ms
Min = 26.079 ms, Q1 = 26.132 ms, Median = 26.166 ms, Q3 = 26.246 ms, Max = 26.330 ms
IQR = 0.114 ms, LowerFence = 25.962 ms, UpperFence = 26.416 ms
ConfidenceInterval = [26.106 ms; 26.278 ms] (CI 99.9%), Margin = 0.086 ms (0.33% of Mean)
Skewness = 0.4, Kurtosis = 1.75, MValue = 2

// ** Remained 12 (50.0%) benchmark(s) to run. Estimated finish 2026-07-30 12:35 (0h 15m from now) **
// **************************
// Benchmark: HybridRetrievalBenchmarks.'Filtered exact scan': DefaultJob [Dimension=128, FilterPercentage=1]
// *** Execute ***
// Launch: 1 / 1
// Execute: dotnet Rowles.LeanCorpus.Benchmarks-DefaultJob-1.dll --ipcPort 38191 --benchmarkName "Rowles.LeanCorpus.Benchmarks.HybridRetrievalBenchmarks.FilteredExactScan(Dimension: 128, FilterPercentage: 1)" --job Default --diagnoserRunMode 3 --benchmarkId 12 in /home/jordan/leancorpus/working_directory/src/devops/Rowles.LeanCorpus.Benchmarks/bin/Release/net10.0/Rowles.LeanCorpus.Benchmarks-DefaultJob-1/bin/Release/net10.0
// Failed to set up high priority (Permission denied). In order to run benchmarks with high priority, make sure you have the right permissions.
// BeforeAnythingElse

// Benchmark Process Environment Information:
// BenchmarkDotNet v0.16.0-nightly.20260427.506
// Runtime=.NET 10.0.3 (10.0.3, 10.0.326.7603), X64 RyuJIT x86-64-v2
// GC=Concurrent Workstation
// HardwareIntrinsics=AVX,SSE3+SSSE3+SSE4.1+SSE4.2+POPCNT,X86Base+SSE+SSE2,AES+PCLMUL VectorSize=128
// Job: DefaultJob

WorkloadJitting  1: 1 op, 3190570.00 ns, 3.1906 ms/op
WorkloadJitting  2: 30 op, 97478998.00 ns, 3.2493 ms/op
WorkloadJitting  3: 30 op, 78831165.00 ns, 2.6277 ms/op
WorkloadJitting  4: 30 op, 74994356.00 ns, 2.4998 ms/op
WorkloadJitting  5: 1 op, 2763877.00 ns, 2.7639 ms/op

WorkloadPilot    1: 1 op, 2924614.00 ns, 2.9246 ms/op

WorkloadPilot    1: 16 op, 41494846.00 ns, 2.5934 ms/op
WorkloadPilot    2: 32 op, 81591311.00 ns, 2.5497 ms/op
WorkloadPilot    3: 64 op, 160220630.00 ns, 2.5034 ms/op
WorkloadPilot    4: 128 op, 318538148.00 ns, 2.4886 ms/op
WorkloadPilot    5: 256 op, 633507174.00 ns, 2.4746 ms/op

WorkloadWarmup   1: 256 op, 623742676.00 ns, 2.4365 ms/op
WorkloadWarmup   2: 256 op, 629916629.00 ns, 2.4606 ms/op
WorkloadWarmup   3: 256 op, 630207221.00 ns, 2.4617 ms/op
WorkloadWarmup   4: 256 op, 630029449.00 ns, 2.4611 ms/op
WorkloadWarmup   5: 256 op, 631584650.00 ns, 2.4671 ms/op
WorkloadWarmup   6: 256 op, 620986244.00 ns, 2.4257 ms/op

// BeforeActualRun
WorkloadActual   1: 256 op, 632517569.00 ns, 2.4708 ms/op
WorkloadActual   2: 256 op, 630534576.00 ns, 2.4630 ms/op
WorkloadActual   3: 256 op, 634036373.00 ns, 2.4767 ms/op
WorkloadActual   4: 256 op, 630404967.00 ns, 2.4625 ms/op
WorkloadActual   5: 256 op, 628800328.00 ns, 2.4563 ms/op
WorkloadActual   6: 256 op, 628195112.00 ns, 2.4539 ms/op
WorkloadActual   7: 256 op, 630580822.00 ns, 2.4632 ms/op
WorkloadActual   8: 256 op, 630627232.00 ns, 2.4634 ms/op
WorkloadActual   9: 256 op, 631216143.00 ns, 2.4657 ms/op
WorkloadActual  10: 256 op, 631876441.00 ns, 2.4683 ms/op
WorkloadActual  11: 256 op, 630510254.00 ns, 2.4629 ms/op
WorkloadActual  12: 256 op, 625219042.00 ns, 2.4423 ms/op
WorkloadActual  13: 256 op, 624288744.00 ns, 2.4386 ms/op
WorkloadActual  14: 256 op, 634514175.00 ns, 2.4786 ms/op
WorkloadActual  15: 256 op, 635183663.00 ns, 2.4812 ms/op

// AfterActualRun
// BeforeExtraIteration
// AfterExtraIteration
WorkloadExtra    1: 256 op, 625877175.00 ns, 2.4448 ms/op
WorkloadResult   1: 256 op, 632517569.00 ns, 2.4708 ms/op
WorkloadResult   2: 256 op, 630534576.00 ns, 2.4630 ms/op
WorkloadResult   3: 256 op, 634036373.00 ns, 2.4767 ms/op
WorkloadResult   4: 256 op, 630404967.00 ns, 2.4625 ms/op
WorkloadResult   5: 256 op, 628800328.00 ns, 2.4563 ms/op
WorkloadResult   6: 256 op, 628195112.00 ns, 2.4539 ms/op
WorkloadResult   7: 256 op, 630580822.00 ns, 2.4632 ms/op
WorkloadResult   8: 256 op, 630627232.00 ns, 2.4634 ms/op
WorkloadResult   9: 256 op, 631216143.00 ns, 2.4657 ms/op
WorkloadResult  10: 256 op, 631876441.00 ns, 2.4683 ms/op
WorkloadResult  11: 256 op, 630510254.00 ns, 2.4629 ms/op
WorkloadResult  12: 256 op, 625219042.00 ns, 2.4423 ms/op
WorkloadResult  13: 256 op, 624288744.00 ns, 2.4386 ms/op
WorkloadResult  14: 256 op, 634514175.00 ns, 2.4786 ms/op
WorkloadResult  15: 256 op, 635183663.00 ns, 2.4812 ms/op
// GC:  0 0 0 3514608 256

// AfterAll
// Benchmark Process 348805 has exited with code 0.

Mean = 2.463 ms, StdErr = 0.003 ms (0.13%), N = 15, StdDev = 0.012 ms
Min = 2.439 ms, Q1 = 2.459 ms, Median = 2.463 ms, Q3 = 2.470 ms, Max = 2.481 ms
IQR = 0.010 ms, LowerFence = 2.444 ms, UpperFence = 2.485 ms
ConfidenceInterval = [2.450 ms; 2.476 ms] (CI 99.9%), Margin = 0.013 ms (0.52% of Mean)
Skewness = -0.48, Kurtosis = 2.47, MValue = 2

// ** Remained 11 (45.8%) benchmark(s) to run. Estimated finish 2026-07-30 12:36 (0h 14m from now) **
// **************************
// Benchmark: HybridRetrievalBenchmarks.'Filtered HNSW planner': DefaultJob [Dimension=128, FilterPercentage=1]
// *** Execute ***
// Launch: 1 / 1
// Execute: dotnet Rowles.LeanCorpus.Benchmarks-DefaultJob-1.dll --ipcPort 45667 --benchmarkName "Rowles.LeanCorpus.Benchmarks.HybridRetrievalBenchmarks.FilteredHnswPlanner(Dimension: 128, FilterPercentage: 1)" --job Default --diagnoserRunMode 3 --benchmarkId 13 in /home/jordan/leancorpus/working_directory/src/devops/Rowles.LeanCorpus.Benchmarks/bin/Release/net10.0/Rowles.LeanCorpus.Benchmarks-DefaultJob-1/bin/Release/net10.0
// Failed to set up high priority (Permission denied). In order to run benchmarks with high priority, make sure you have the right permissions.
// BeforeAnythingElse

// Benchmark Process Environment Information:
// BenchmarkDotNet v0.16.0-nightly.20260427.506
// Runtime=.NET 10.0.3 (10.0.3, 10.0.326.7603), X64 RyuJIT x86-64-v2
// GC=Concurrent Workstation
// HardwareIntrinsics=AVX,SSE3+SSSE3+SSE4.1+SSE4.2+POPCNT,X86Base+SSE+SSE2,AES+PCLMUL VectorSize=128
// Job: DefaultJob

WorkloadJitting  1: 1 op, 3225122.00 ns, 3.2251 ms/op
WorkloadJitting  2: 30 op, 95719348.00 ns, 3.1906 ms/op
WorkloadJitting  3: 30 op, 73393178.00 ns, 2.4464 ms/op
WorkloadJitting  4: 30 op, 73416144.00 ns, 2.4472 ms/op
WorkloadJitting  5: 1 op, 2775686.00 ns, 2.7757 ms/op

WorkloadPilot    1: 1 op, 2763090.00 ns, 2.7631 ms/op

WorkloadPilot    1: 16 op, 43438315.00 ns, 2.7149 ms/op
WorkloadPilot    2: 32 op, 79764589.00 ns, 2.4926 ms/op
WorkloadPilot    3: 64 op, 157123359.00 ns, 2.4551 ms/op
WorkloadPilot    4: 128 op, 309872269.00 ns, 2.4209 ms/op
WorkloadPilot    5: 256 op, 619586139.00 ns, 2.4203 ms/op

WorkloadWarmup   1: 256 op, 618970583.00 ns, 2.4179 ms/op
WorkloadWarmup   2: 256 op, 616751529.00 ns, 2.4092 ms/op
WorkloadWarmup   3: 256 op, 618662065.00 ns, 2.4166 ms/op
WorkloadWarmup   4: 256 op, 625913776.00 ns, 2.4450 ms/op
WorkloadWarmup   5: 256 op, 627084842.00 ns, 2.4496 ms/op
WorkloadWarmup   6: 256 op, 621553729.00 ns, 2.4279 ms/op
WorkloadWarmup   7: 256 op, 629275814.00 ns, 2.4581 ms/op
WorkloadWarmup   8: 256 op, 629229273.00 ns, 2.4579 ms/op

// BeforeActualRun
WorkloadActual   1: 256 op, 617995021.00 ns, 2.4140 ms/op
WorkloadActual   2: 256 op, 616688589.00 ns, 2.4089 ms/op
WorkloadActual   3: 256 op, 625278233.00 ns, 2.4425 ms/op
WorkloadActual   4: 256 op, 623678657.00 ns, 2.4362 ms/op
WorkloadActual   5: 256 op, 624007732.00 ns, 2.4375 ms/op
WorkloadActual   6: 256 op, 618081366.00 ns, 2.4144 ms/op
WorkloadActual   7: 256 op, 614310812.00 ns, 2.3997 ms/op
WorkloadActual   8: 256 op, 625401217.00 ns, 2.4430 ms/op
WorkloadActual   9: 256 op, 623924684.00 ns, 2.4372 ms/op
WorkloadActual  10: 256 op, 619335862.00 ns, 2.4193 ms/op
WorkloadActual  11: 256 op, 618527951.00 ns, 2.4161 ms/op
WorkloadActual  12: 256 op, 617250612.00 ns, 2.4111 ms/op
WorkloadActual  13: 256 op, 624188507.00 ns, 2.4382 ms/op
WorkloadActual  14: 256 op, 626451128.00 ns, 2.4471 ms/op
WorkloadActual  15: 256 op, 624359378.00 ns, 2.4389 ms/op

// AfterActualRun
// BeforeExtraIteration
// AfterExtraIteration
WorkloadExtra    1: 256 op, 617258821.00 ns, 2.4112 ms/op
WorkloadResult   1: 256 op, 617995021.00 ns, 2.4140 ms/op
WorkloadResult   2: 256 op, 616688589.00 ns, 2.4089 ms/op
WorkloadResult   3: 256 op, 625278233.00 ns, 2.4425 ms/op
WorkloadResult   4: 256 op, 623678657.00 ns, 2.4362 ms/op
WorkloadResult   5: 256 op, 624007732.00 ns, 2.4375 ms/op
WorkloadResult   6: 256 op, 618081366.00 ns, 2.4144 ms/op
WorkloadResult   7: 256 op, 614310812.00 ns, 2.3997 ms/op
WorkloadResult   8: 256 op, 625401217.00 ns, 2.4430 ms/op
WorkloadResult   9: 256 op, 623924684.00 ns, 2.4372 ms/op
WorkloadResult  10: 256 op, 619335862.00 ns, 2.4193 ms/op
WorkloadResult  11: 256 op, 618527951.00 ns, 2.4161 ms/op
WorkloadResult  12: 256 op, 617250612.00 ns, 2.4111 ms/op
WorkloadResult  13: 256 op, 624188507.00 ns, 2.4382 ms/op
WorkloadResult  14: 256 op, 626451128.00 ns, 2.4471 ms/op
WorkloadResult  15: 256 op, 624359378.00 ns, 2.4389 ms/op
// GC:  0 0 0 3514608 256

// AfterAll
// Benchmark Process 348938 has exited with code 0.

Mean = 2.427 ms, StdErr = 0.004 ms (0.16%), N = 15, StdDev = 0.015 ms
Min = 2.400 ms, Q1 = 2.414 ms, Median = 2.436 ms, Q3 = 2.439 ms, Max = 2.447 ms
IQR = 0.024 ms, LowerFence = 2.378 ms, UpperFence = 2.475 ms
ConfidenceInterval = [2.411 ms; 2.443 ms] (CI 99.9%), Margin = 0.016 ms (0.68% of Mean)
Skewness = -0.25, Kurtosis = 1.38, MValue = 2

// ** Remained 10 (41.7%) benchmark(s) to run. Estimated finish 2026-07-30 12:37 (0h 14m from now) **
// **************************
// Benchmark: HybridRetrievalBenchmarks.'Full-vector HNSW': DefaultJob [Dimension=128, FilterPercentage=1]
// *** Execute ***
// Launch: 1 / 1
// Execute: dotnet Rowles.LeanCorpus.Benchmarks-DefaultJob-1.dll --ipcPort 41203 --benchmarkName "Rowles.LeanCorpus.Benchmarks.HybridRetrievalBenchmarks.FullVectorHnsw(Dimension: 128, FilterPercentage: 1)" --job Default --diagnoserRunMode 3 --benchmarkId 14 in /home/jordan/leancorpus/working_directory/src/devops/Rowles.LeanCorpus.Benchmarks/bin/Release/net10.0/Rowles.LeanCorpus.Benchmarks-DefaultJob-1/bin/Release/net10.0
// Failed to set up high priority (Permission denied). In order to run benchmarks with high priority, make sure you have the right permissions.
// BeforeAnythingElse

// Benchmark Process Environment Information:
// BenchmarkDotNet v0.16.0-nightly.20260427.506
// Runtime=.NET 10.0.3 (10.0.3, 10.0.326.7603), X64 RyuJIT x86-64-v2
// GC=Concurrent Workstation
// HardwareIntrinsics=AVX,SSE3+SSSE3+SSE4.1+SSE4.2+POPCNT,X86Base+SSE+SSE2,AES+PCLMUL VectorSize=128
// Job: DefaultJob

WorkloadJitting  1: 1 op, 12381792.00 ns, 12.3818 ms/op
WorkloadJitting  2: 30 op, 147919165.00 ns, 4.9306 ms/op
WorkloadJitting  3: 30 op, 128047486.00 ns, 4.2682 ms/op
WorkloadJitting  4: 30 op, 128312170.00 ns, 4.2771 ms/op
WorkloadJitting  5: 1 op, 5262019.00 ns, 5.2620 ms/op

WorkloadPilot    1: 1 op, 5787306.00 ns, 5.7873 ms/op

WorkloadPilot    1: 16 op, 71156953.00 ns, 4.4473 ms/op
WorkloadPilot    2: 32 op, 135546581.00 ns, 4.2358 ms/op
WorkloadPilot    3: 64 op, 269676344.00 ns, 4.2137 ms/op
WorkloadPilot    4: 128 op, 529301897.00 ns, 4.1352 ms/op

WorkloadWarmup   1: 128 op, 525128564.00 ns, 4.1026 ms/op
WorkloadWarmup   2: 128 op, 520555847.00 ns, 4.0668 ms/op
WorkloadWarmup   3: 128 op, 523609085.00 ns, 4.0907 ms/op
WorkloadWarmup   4: 128 op, 524030694.00 ns, 4.0940 ms/op
WorkloadWarmup   5: 128 op, 522209320.00 ns, 4.0798 ms/op
WorkloadWarmup   6: 128 op, 525669187.00 ns, 4.1068 ms/op
WorkloadWarmup   7: 128 op, 531990961.00 ns, 4.1562 ms/op
WorkloadWarmup   8: 128 op, 526298678.00 ns, 4.1117 ms/op

// BeforeActualRun
WorkloadActual   1: 128 op, 531540862.00 ns, 4.1527 ms/op
WorkloadActual   2: 128 op, 525653443.00 ns, 4.1067 ms/op
WorkloadActual   3: 128 op, 530027175.00 ns, 4.1408 ms/op
WorkloadActual   4: 128 op, 519150847.00 ns, 4.0559 ms/op
WorkloadActual   5: 128 op, 526559447.00 ns, 4.1137 ms/op
WorkloadActual   6: 128 op, 517215874.00 ns, 4.0407 ms/op
WorkloadActual   7: 128 op, 525261287.00 ns, 4.1036 ms/op
WorkloadActual   8: 128 op, 524119914.00 ns, 4.0947 ms/op
WorkloadActual   9: 128 op, 525163704.00 ns, 4.1028 ms/op
WorkloadActual  10: 128 op, 530483011.00 ns, 4.1444 ms/op
WorkloadActual  11: 128 op, 532093330.00 ns, 4.1570 ms/op
WorkloadActual  12: 128 op, 528815580.00 ns, 4.1314 ms/op
WorkloadActual  13: 128 op, 530112317.00 ns, 4.1415 ms/op
WorkloadActual  14: 128 op, 539359221.00 ns, 4.2137 ms/op
WorkloadActual  15: 128 op, 523832413.00 ns, 4.0924 ms/op

// AfterActualRun
// BeforeExtraIteration
// AfterExtraIteration
WorkloadExtra    1: 128 op, 524565314.00 ns, 4.0982 ms/op
WorkloadResult   1: 128 op, 531540862.00 ns, 4.1527 ms/op
WorkloadResult   2: 128 op, 525653443.00 ns, 4.1067 ms/op
WorkloadResult   3: 128 op, 530027175.00 ns, 4.1408 ms/op
WorkloadResult   4: 128 op, 519150847.00 ns, 4.0559 ms/op
WorkloadResult   5: 128 op, 526559447.00 ns, 4.1137 ms/op
WorkloadResult   6: 128 op, 517215874.00 ns, 4.0407 ms/op
WorkloadResult   7: 128 op, 525261287.00 ns, 4.1036 ms/op
WorkloadResult   8: 128 op, 524119914.00 ns, 4.0947 ms/op
WorkloadResult   9: 128 op, 525163704.00 ns, 4.1028 ms/op
WorkloadResult  10: 128 op, 530483011.00 ns, 4.1444 ms/op
WorkloadResult  11: 128 op, 532093330.00 ns, 4.1570 ms/op
WorkloadResult  12: 128 op, 528815580.00 ns, 4.1314 ms/op
WorkloadResult  13: 128 op, 530112317.00 ns, 4.1415 ms/op
WorkloadResult  14: 128 op, 523832413.00 ns, 4.0924 ms/op
// GC:  1 0 0 5974496 128

// AfterAll
// Benchmark Process 349052 has exited with code 0.

Mean = 4.113 ms, StdErr = 0.009 ms (0.23%), N = 14, StdDev = 0.035 ms
Min = 4.041 ms, Q1 = 4.097 ms, Median = 4.110 ms, Q3 = 4.141 ms, Max = 4.157 ms
IQR = 0.045 ms, LowerFence = 4.030 ms, UpperFence = 4.208 ms
ConfidenceInterval = [4.073 ms; 4.152 ms] (CI 99.9%), Margin = 0.039 ms (0.96% of Mean)
Skewness = -0.57, Kurtosis = 2.22, MValue = 2

// ** Remained 9 (37.5%) benchmark(s) to run. Estimated finish 2026-07-30 12:38 (0h 13m from now) **
// **************************
// Benchmark: HybridRetrievalBenchmarks.'Sparse+dense fusion': DefaultJob [Dimension=128, FilterPercentage=1]
// *** Execute ***
// Launch: 1 / 1
// Execute: dotnet Rowles.LeanCorpus.Benchmarks-DefaultJob-1.dll --ipcPort 46465 --benchmarkName "Rowles.LeanCorpus.Benchmarks.HybridRetrievalBenchmarks.FusionWithoutSparseSeeds(Dimension: 128, FilterPercentage: 1)" --job Default --diagnoserRunMode 3 --benchmarkId 15 in /home/jordan/leancorpus/working_directory/src/devops/Rowles.LeanCorpus.Benchmarks/bin/Release/net10.0/Rowles.LeanCorpus.Benchmarks-DefaultJob-1/bin/Release/net10.0
// Failed to set up high priority (Permission denied). In order to run benchmarks with high priority, make sure you have the right permissions.
// BeforeAnythingElse

// Benchmark Process Environment Information:
// BenchmarkDotNet v0.16.0-nightly.20260427.506
// Runtime=.NET 10.0.3 (10.0.3, 10.0.326.7603), X64 RyuJIT x86-64-v2
// GC=Concurrent Workstation
// HardwareIntrinsics=AVX,SSE3+SSSE3+SSE4.1+SSE4.2+POPCNT,X86Base+SSE+SSE2,AES+PCLMUL VectorSize=128
// Job: DefaultJob

WorkloadJitting  1: 1 op, 88855736.00 ns, 88.8557 ms/op
WorkloadJitting  2: 30 op, 366943338.00 ns, 12.2314 ms/op
WorkloadJitting  3: 30 op, 329656127.00 ns, 10.9885 ms/op
WorkloadJitting  4: 30 op, 328685837.00 ns, 10.9562 ms/op
WorkloadJitting  5: 1 op, 13345782.00 ns, 13.3458 ms/op

WorkloadPilot    1: 1 op, 13198795.00 ns, 13.1988 ms/op

WorkloadPilot    1: 16 op, 178368110.00 ns, 11.1480 ms/op
WorkloadPilot    2: 32 op, 355607522.00 ns, 11.1127 ms/op
WorkloadPilot    3: 64 op, 707745728.00 ns, 11.0585 ms/op

WorkloadWarmup   1: 64 op, 715285240.00 ns, 11.1763 ms/op
WorkloadWarmup   2: 64 op, 700776691.00 ns, 10.9496 ms/op
WorkloadWarmup   3: 64 op, 702561815.00 ns, 10.9775 ms/op
WorkloadWarmup   4: 64 op, 711871049.00 ns, 11.1230 ms/op
WorkloadWarmup   5: 64 op, 710017504.00 ns, 11.0940 ms/op
WorkloadWarmup   6: 64 op, 709332860.00 ns, 11.0833 ms/op
WorkloadWarmup   7: 64 op, 705772317.00 ns, 11.0277 ms/op
WorkloadWarmup   8: 64 op, 710971469.00 ns, 11.1089 ms/op
WorkloadWarmup   9: 64 op, 698482083.00 ns, 10.9138 ms/op

// BeforeActualRun
WorkloadActual   1: 64 op, 696865452.00 ns, 10.8885 ms/op
WorkloadActual   2: 64 op, 703125989.00 ns, 10.9863 ms/op
WorkloadActual   3: 64 op, 705972028.00 ns, 11.0308 ms/op
WorkloadActual   4: 64 op, 702370893.00 ns, 10.9745 ms/op
WorkloadActual   5: 64 op, 699030829.00 ns, 10.9224 ms/op
WorkloadActual   6: 64 op, 703085797.00 ns, 10.9857 ms/op
WorkloadActual   7: 64 op, 702830339.00 ns, 10.9817 ms/op
WorkloadActual   8: 64 op, 701222733.00 ns, 10.9566 ms/op
WorkloadActual   9: 64 op, 700904234.00 ns, 10.9516 ms/op
WorkloadActual  10: 64 op, 690959367.00 ns, 10.7962 ms/op
WorkloadActual  11: 64 op, 727653652.00 ns, 11.3696 ms/op
WorkloadActual  12: 64 op, 704705022.00 ns, 11.0110 ms/op
WorkloadActual  13: 64 op, 704150637.00 ns, 11.0024 ms/op
WorkloadActual  14: 64 op, 705306141.00 ns, 11.0204 ms/op
WorkloadActual  15: 64 op, 697158564.00 ns, 10.8931 ms/op

// AfterActualRun
// BeforeExtraIteration
// AfterExtraIteration
WorkloadExtra    1: 64 op, 695505393.00 ns, 10.8673 ms/op
WorkloadResult   1: 64 op, 696865452.00 ns, 10.8885 ms/op
WorkloadResult   2: 64 op, 703125989.00 ns, 10.9863 ms/op
WorkloadResult   3: 64 op, 705972028.00 ns, 11.0308 ms/op
WorkloadResult   4: 64 op, 702370893.00 ns, 10.9745 ms/op
WorkloadResult   5: 64 op, 699030829.00 ns, 10.9224 ms/op
WorkloadResult   6: 64 op, 703085797.00 ns, 10.9857 ms/op
WorkloadResult   7: 64 op, 702830339.00 ns, 10.9817 ms/op
WorkloadResult   8: 64 op, 701222733.00 ns, 10.9566 ms/op
WorkloadResult   9: 64 op, 700904234.00 ns, 10.9516 ms/op
WorkloadResult  10: 64 op, 690959367.00 ns, 10.7962 ms/op
WorkloadResult  11: 64 op, 704705022.00 ns, 11.0110 ms/op
WorkloadResult  12: 64 op, 704150637.00 ns, 11.0024 ms/op
WorkloadResult  13: 64 op, 705306141.00 ns, 11.0204 ms/op
WorkloadResult  14: 64 op, 697158564.00 ns, 10.8931 ms/op
// GC:  51 0 0 215082272 64

// AfterAll
// Benchmark Process 349863 has exited with code 0.

Mean = 10.957 ms, StdErr = 0.017 ms (0.16%), N = 14, StdDev = 0.064 ms
Min = 10.796 ms, Q1 = 10.930 ms, Median = 10.978 ms, Q3 = 10.998 ms, Max = 11.031 ms
IQR = 0.069 ms, LowerFence = 10.827 ms, UpperFence = 11.101 ms
ConfidenceInterval = [10.885 ms; 11.029 ms] (CI 99.9%), Margin = 0.072 ms (0.66% of Mean)
Skewness = -1.06, Kurtosis = 3.33, MValue = 2

// ** Remained 8 (33.3%) benchmark(s) to run. Estimated finish 2026-07-30 12:39 (0h 11m from now) **
// **************************
// Benchmark: HybridRetrievalBenchmarks.'Sparse-seeded dense fusion': DefaultJob [Dimension=128, FilterPercentage=1]
// *** Execute ***
// Launch: 1 / 1
// Execute: dotnet Rowles.LeanCorpus.Benchmarks-DefaultJob-1.dll --ipcPort 43047 --benchmarkName "Rowles.LeanCorpus.Benchmarks.HybridRetrievalBenchmarks.FusionWithSparseSeeds(Dimension: 128, FilterPercentage: 1)" --job Default --diagnoserRunMode 3 --benchmarkId 16 in /home/jordan/leancorpus/working_directory/src/devops/Rowles.LeanCorpus.Benchmarks/bin/Release/net10.0/Rowles.LeanCorpus.Benchmarks-DefaultJob-1/bin/Release/net10.0
// Failed to set up high priority (Permission denied). In order to run benchmarks with high priority, make sure you have the right permissions.
// BeforeAnythingElse

// Benchmark Process Environment Information:
// BenchmarkDotNet v0.16.0-nightly.20260427.506
// Runtime=.NET 10.0.3 (10.0.3, 10.0.326.7603), X64 RyuJIT x86-64-v2
// GC=Concurrent Workstation
// HardwareIntrinsics=AVX,SSE3+SSSE3+SSE4.1+SSE4.2+POPCNT,X86Base+SSE+SSE2,AES+PCLMUL VectorSize=128
// Job: DefaultJob

WorkloadJitting  1: 1 op, 90549853.00 ns, 90.5499 ms/op
WorkloadJitting  2: 30 op, 368144988.00 ns, 12.2715 ms/op
WorkloadJitting  3: 30 op, 330564386.00 ns, 11.0188 ms/op
WorkloadJitting  4: 30 op, 331844206.00 ns, 11.0615 ms/op
WorkloadJitting  5: 1 op, 13064590.00 ns, 13.0646 ms/op

WorkloadPilot    1: 1 op, 12823184.00 ns, 12.8232 ms/op

WorkloadPilot    1: 16 op, 178374968.00 ns, 11.1484 ms/op
WorkloadPilot    2: 32 op, 356451350.00 ns, 11.1391 ms/op
WorkloadPilot    3: 64 op, 705058480.00 ns, 11.0165 ms/op

WorkloadWarmup   1: 64 op, 703749852.00 ns, 10.9961 ms/op
WorkloadWarmup   2: 64 op, 695888756.00 ns, 10.8733 ms/op
WorkloadWarmup   3: 64 op, 697248562.00 ns, 10.8945 ms/op
WorkloadWarmup   4: 64 op, 689083205.00 ns, 10.7669 ms/op
WorkloadWarmup   5: 64 op, 695566687.00 ns, 10.8682 ms/op
WorkloadWarmup   6: 64 op, 698106170.00 ns, 10.9079 ms/op
WorkloadWarmup   7: 64 op, 709080338.00 ns, 11.0794 ms/op
WorkloadWarmup   8: 64 op, 703640540.00 ns, 10.9944 ms/op

// BeforeActualRun
WorkloadActual   1: 64 op, 710752982.00 ns, 11.1055 ms/op
WorkloadActual   2: 64 op, 702322724.00 ns, 10.9738 ms/op
WorkloadActual   3: 64 op, 702219369.00 ns, 10.9722 ms/op
WorkloadActual   4: 64 op, 699364070.00 ns, 10.9276 ms/op
WorkloadActual   5: 64 op, 700078444.00 ns, 10.9387 ms/op
WorkloadActual   6: 64 op, 688983394.00 ns, 10.7654 ms/op
WorkloadActual   7: 64 op, 699692555.00 ns, 10.9327 ms/op
WorkloadActual   8: 64 op, 695647311.00 ns, 10.8695 ms/op
WorkloadActual   9: 64 op, 694837304.00 ns, 10.8568 ms/op
WorkloadActual  10: 64 op, 706823825.00 ns, 11.0441 ms/op
WorkloadActual  11: 64 op, 705678920.00 ns, 11.0262 ms/op
WorkloadActual  12: 64 op, 710466341.00 ns, 11.1010 ms/op
WorkloadActual  13: 64 op, 702150683.00 ns, 10.9711 ms/op
WorkloadActual  14: 64 op, 712115057.00 ns, 11.1268 ms/op
WorkloadActual  15: 64 op, 701646179.00 ns, 10.9632 ms/op

// AfterActualRun
// BeforeExtraIteration
// AfterExtraIteration
WorkloadExtra    1: 64 op, 701381076.00 ns, 10.9591 ms/op
WorkloadResult   1: 64 op, 710752982.00 ns, 11.1055 ms/op
WorkloadResult   2: 64 op, 702322724.00 ns, 10.9738 ms/op
WorkloadResult   3: 64 op, 702219369.00 ns, 10.9722 ms/op
WorkloadResult   4: 64 op, 699364070.00 ns, 10.9276 ms/op
WorkloadResult   5: 64 op, 700078444.00 ns, 10.9387 ms/op
WorkloadResult   6: 64 op, 688983394.00 ns, 10.7654 ms/op
WorkloadResult   7: 64 op, 699692555.00 ns, 10.9327 ms/op
WorkloadResult   8: 64 op, 695647311.00 ns, 10.8695 ms/op
WorkloadResult   9: 64 op, 694837304.00 ns, 10.8568 ms/op
WorkloadResult  10: 64 op, 706823825.00 ns, 11.0441 ms/op
WorkloadResult  11: 64 op, 705678920.00 ns, 11.0262 ms/op
WorkloadResult  12: 64 op, 710466341.00 ns, 11.1010 ms/op
WorkloadResult  13: 64 op, 702150683.00 ns, 10.9711 ms/op
WorkloadResult  14: 64 op, 712115057.00 ns, 11.1268 ms/op
WorkloadResult  15: 64 op, 701646179.00 ns, 10.9632 ms/op
// GC:  51 0 0 216466208 64

// AfterAll
// Benchmark Process 350013 has exited with code 0.

Mean = 10.972 ms, StdErr = 0.026 ms (0.23%), N = 15, StdDev = 0.099 ms
Min = 10.765 ms, Q1 = 10.930 ms, Median = 10.971 ms, Q3 = 11.035 ms, Max = 11.127 ms
IQR = 0.105 ms, LowerFence = 10.773 ms, UpperFence = 11.193 ms
ConfidenceInterval = [10.866 ms; 11.078 ms] (CI 99.9%), Margin = 0.106 ms (0.97% of Mean)
Skewness = -0.18, Kurtosis = 2.28, MValue = 2

// ** Remained 7 (29.2%) benchmark(s) to run. Estimated finish 2026-07-30 12:40 (0h 10m from now) **
// **************************
// Benchmark: HybridRetrievalBenchmarks.'Matryoshka prefix rerank': DefaultJob [Dimension=128, FilterPercentage=1]
// *** Execute ***
// Launch: 1 / 1
// Execute: dotnet Rowles.LeanCorpus.Benchmarks-DefaultJob-1.dll --ipcPort 40563 --benchmarkName "Rowles.LeanCorpus.Benchmarks.HybridRetrievalBenchmarks.MatryoshkaPrefixRerank(Dimension: 128, FilterPercentage: 1)" --job Default --diagnoserRunMode 3 --benchmarkId 17 in /home/jordan/leancorpus/working_directory/src/devops/Rowles.LeanCorpus.Benchmarks/bin/Release/net10.0/Rowles.LeanCorpus.Benchmarks-DefaultJob-1/bin/Release/net10.0
// Failed to set up high priority (Permission denied). In order to run benchmarks with high priority, make sure you have the right permissions.
// BeforeAnythingElse

// Benchmark Process Environment Information:
// BenchmarkDotNet v0.16.0-nightly.20260427.506
// Runtime=.NET 10.0.3 (10.0.3, 10.0.326.7603), X64 RyuJIT x86-64-v2
// GC=Concurrent Workstation
// HardwareIntrinsics=AVX,SSE3+SSSE3+SSE4.1+SSE4.2+POPCNT,X86Base+SSE+SSE2,AES+PCLMUL VectorSize=128
// Job: DefaultJob

WorkloadJitting  1: 1 op, 57444884.00 ns, 57.4449 ms/op
WorkloadJitting  2: 30 op, 964769037.00 ns, 32.1590 ms/op
WorkloadJitting  3: 30 op, 915304690.00 ns, 30.5102 ms/op
WorkloadJitting  4: 30 op, 927679108.00 ns, 30.9226 ms/op
WorkloadJitting  5: 1 op, 33006530.00 ns, 33.0065 ms/op

WorkloadPilot    1: 1 op, 33127334.00 ns, 33.1273 ms/op

WorkloadPilot    1: 16 op, 488457377.00 ns, 30.5286 ms/op
WorkloadPilot    2: 32 op, 993909919.00 ns, 31.0597 ms/op

WorkloadWarmup   1: 32 op, 985403942.00 ns, 30.7939 ms/op
WorkloadWarmup   2: 32 op, 982814536.00 ns, 30.7130 ms/op
WorkloadWarmup   3: 32 op, 979441617.00 ns, 30.6076 ms/op
WorkloadWarmup   4: 32 op, 977165557.00 ns, 30.5364 ms/op
WorkloadWarmup   5: 32 op, 976021999.00 ns, 30.5007 ms/op
WorkloadWarmup   6: 32 op, 993929681.00 ns, 31.0603 ms/op
WorkloadWarmup   7: 32 op, 970442697.00 ns, 30.3263 ms/op
WorkloadWarmup   8: 32 op, 984794274.00 ns, 30.7748 ms/op
WorkloadWarmup   9: 32 op, 986271142.00 ns, 30.8210 ms/op
WorkloadWarmup  10: 32 op, 996385401.00 ns, 31.1370 ms/op
WorkloadWarmup  11: 32 op, 978874198.00 ns, 30.5898 ms/op

// BeforeActualRun
WorkloadActual   1: 32 op, 987030084.00 ns, 30.8447 ms/op
WorkloadActual   2: 32 op, 980664119.00 ns, 30.6458 ms/op
WorkloadActual   3: 32 op, 983335731.00 ns, 30.7292 ms/op
WorkloadActual   4: 32 op, 976616372.00 ns, 30.5193 ms/op
WorkloadActual   5: 32 op, 976071993.00 ns, 30.5022 ms/op
WorkloadActual   6: 32 op, 980136541.00 ns, 30.6293 ms/op
WorkloadActual   7: 32 op, 980666736.00 ns, 30.6458 ms/op
WorkloadActual   8: 32 op, 981781815.00 ns, 30.6807 ms/op
WorkloadActual   9: 32 op, 976240444.00 ns, 30.5075 ms/op
WorkloadActual  10: 32 op, 973894856.00 ns, 30.4342 ms/op
WorkloadActual  11: 32 op, 983094738.00 ns, 30.7217 ms/op
WorkloadActual  12: 32 op, 979065938.00 ns, 30.5958 ms/op
WorkloadActual  13: 32 op, 978555332.00 ns, 30.5799 ms/op
WorkloadActual  14: 32 op, 983133187.00 ns, 30.7229 ms/op
WorkloadActual  15: 32 op, 1014806162.00 ns, 31.7127 ms/op

// AfterActualRun
// BeforeExtraIteration
// AfterExtraIteration
WorkloadExtra    1: 32 op, 1026631777.00 ns, 32.0822 ms/op
WorkloadResult   1: 32 op, 987030084.00 ns, 30.8447 ms/op
WorkloadResult   2: 32 op, 980664119.00 ns, 30.6458 ms/op
WorkloadResult   3: 32 op, 983335731.00 ns, 30.7292 ms/op
WorkloadResult   4: 32 op, 976616372.00 ns, 30.5193 ms/op
WorkloadResult   5: 32 op, 976071993.00 ns, 30.5022 ms/op
WorkloadResult   6: 32 op, 980136541.00 ns, 30.6293 ms/op
WorkloadResult   7: 32 op, 980666736.00 ns, 30.6458 ms/op
WorkloadResult   8: 32 op, 981781815.00 ns, 30.6807 ms/op
WorkloadResult   9: 32 op, 976240444.00 ns, 30.5075 ms/op
WorkloadResult  10: 32 op, 973894856.00 ns, 30.4342 ms/op
WorkloadResult  11: 32 op, 983094738.00 ns, 30.7217 ms/op
WorkloadResult  12: 32 op, 979065938.00 ns, 30.5958 ms/op
WorkloadResult  13: 32 op, 978555332.00 ns, 30.5799 ms/op
WorkloadResult  14: 32 op, 983133187.00 ns, 30.7229 ms/op
// GC:  424 45 3 1806467408 32

// AfterAll
// Benchmark Process 350316 has exited with code 0.

Mean = 30.626 ms, StdErr = 0.030 ms (0.10%), N = 14, StdDev = 0.111 ms
Min = 30.434 ms, Q1 = 30.534 ms, Median = 30.638 ms, Q3 = 30.711 ms, Max = 30.845 ms
IQR = 0.177 ms, LowerFence = 30.269 ms, UpperFence = 30.977 ms
ConfidenceInterval = [30.500 ms; 30.751 ms] (CI 99.9%), Margin = 0.126 ms (0.41% of Mean)
Skewness = 0.09, Kurtosis = 2.09, MValue = 2

// ** Remained 6 (25.0%) benchmark(s) to run. Estimated finish 2026-07-30 12:41 (0h 9m from now) **
// **************************
// Benchmark: HybridRetrievalBenchmarks.'Filtered exact scan': DefaultJob [Dimension=128, FilterPercentage=10]
// *** Execute ***
// Launch: 1 / 1
// Execute: dotnet Rowles.LeanCorpus.Benchmarks-DefaultJob-1.dll --ipcPort 41339 --benchmarkName "Rowles.LeanCorpus.Benchmarks.HybridRetrievalBenchmarks.FilteredExactScan(Dimension: 128, FilterPercentage: 10)" --job Default --diagnoserRunMode 3 --benchmarkId 18 in /home/jordan/leancorpus/working_directory/src/devops/Rowles.LeanCorpus.Benchmarks/bin/Release/net10.0/Rowles.LeanCorpus.Benchmarks-DefaultJob-1/bin/Release/net10.0
// Failed to set up high priority (Permission denied). In order to run benchmarks with high priority, make sure you have the right permissions.
// BeforeAnythingElse

// Benchmark Process Environment Information:
// BenchmarkDotNet v0.16.0-nightly.20260427.506
// Runtime=.NET 10.0.3 (10.0.3, 10.0.326.7603), X64 RyuJIT x86-64-v2
// GC=Concurrent Workstation
// HardwareIntrinsics=AVX,SSE3+SSSE3+SSE4.1+SSE4.2+POPCNT,X86Base+SSE+SSE2,AES+PCLMUL VectorSize=128
// Job: DefaultJob

WorkloadJitting  1: 1 op, 5187754.00 ns, 5.1878 ms/op
WorkloadJitting  2: 30 op, 147643918.00 ns, 4.9215 ms/op
WorkloadJitting  3: 30 op, 136863780.00 ns, 4.5621 ms/op
WorkloadJitting  4: 30 op, 117992341.00 ns, 3.9331 ms/op
WorkloadJitting  5: 1 op, 4231344.00 ns, 4.2313 ms/op

WorkloadPilot    1: 1 op, 4224792.00 ns, 4.2248 ms/op

WorkloadPilot    1: 16 op, 64021456.00 ns, 4.0013 ms/op
WorkloadPilot    2: 32 op, 126931672.00 ns, 3.9666 ms/op
WorkloadPilot    3: 64 op, 251631395.00 ns, 3.9317 ms/op
WorkloadPilot    4: 128 op, 500315473.00 ns, 3.9087 ms/op

WorkloadWarmup   1: 128 op, 499772663.00 ns, 3.9045 ms/op
WorkloadWarmup   2: 128 op, 495747936.00 ns, 3.8730 ms/op
WorkloadWarmup   3: 128 op, 497051663.00 ns, 3.8832 ms/op
WorkloadWarmup   4: 128 op, 498473970.00 ns, 3.8943 ms/op
WorkloadWarmup   5: 128 op, 497758439.00 ns, 3.8887 ms/op
WorkloadWarmup   6: 128 op, 498946721.00 ns, 3.8980 ms/op
WorkloadWarmup   7: 128 op, 500573606.00 ns, 3.9107 ms/op
WorkloadWarmup   8: 128 op, 499170205.00 ns, 3.8998 ms/op

// BeforeActualRun
WorkloadActual   1: 128 op, 501842262.00 ns, 3.9206 ms/op
WorkloadActual   2: 128 op, 497852176.00 ns, 3.8895 ms/op
WorkloadActual   3: 128 op, 499796245.00 ns, 3.9047 ms/op
WorkloadActual   4: 128 op, 495371653.00 ns, 3.8701 ms/op
WorkloadActual   5: 128 op, 495478064.00 ns, 3.8709 ms/op
WorkloadActual   6: 128 op, 489101291.00 ns, 3.8211 ms/op
WorkloadActual   7: 128 op, 493613618.00 ns, 3.8564 ms/op
WorkloadActual   8: 128 op, 497907758.00 ns, 3.8899 ms/op
WorkloadActual   9: 128 op, 498722467.00 ns, 3.8963 ms/op
WorkloadActual  10: 128 op, 500368420.00 ns, 3.9091 ms/op
WorkloadActual  11: 128 op, 500037448.00 ns, 3.9065 ms/op
WorkloadActual  12: 128 op, 498948993.00 ns, 3.8980 ms/op
WorkloadActual  13: 128 op, 501321976.00 ns, 3.9166 ms/op
WorkloadActual  14: 128 op, 502827163.00 ns, 3.9283 ms/op
WorkloadActual  15: 128 op, 499932749.00 ns, 3.9057 ms/op

// AfterActualRun
// BeforeExtraIteration
// AfterExtraIteration
WorkloadExtra    1: 128 op, 490186660.00 ns, 3.8296 ms/op
WorkloadResult   1: 128 op, 501842262.00 ns, 3.9206 ms/op
WorkloadResult   2: 128 op, 497852176.00 ns, 3.8895 ms/op
WorkloadResult   3: 128 op, 499796245.00 ns, 3.9047 ms/op
WorkloadResult   4: 128 op, 495371653.00 ns, 3.8701 ms/op
WorkloadResult   5: 128 op, 495478064.00 ns, 3.8709 ms/op
WorkloadResult   6: 128 op, 489101291.00 ns, 3.8211 ms/op
WorkloadResult   7: 128 op, 493613618.00 ns, 3.8564 ms/op
WorkloadResult   8: 128 op, 497907758.00 ns, 3.8899 ms/op
WorkloadResult   9: 128 op, 498722467.00 ns, 3.8963 ms/op
WorkloadResult  10: 128 op, 500368420.00 ns, 3.9091 ms/op
WorkloadResult  11: 128 op, 500037448.00 ns, 3.9065 ms/op
WorkloadResult  12: 128 op, 498948993.00 ns, 3.8980 ms/op
WorkloadResult  13: 128 op, 501321976.00 ns, 3.9166 ms/op
WorkloadResult  14: 128 op, 502827163.00 ns, 3.9283 ms/op
WorkloadResult  15: 128 op, 499932749.00 ns, 3.9057 ms/op
// GC:  0 0 0 1757424 128

// AfterAll
// Benchmark Process 350471 has exited with code 0.

Mean = 3.892 ms, StdErr = 0.007 ms (0.18%), N = 15, StdDev = 0.028 ms
Min = 3.821 ms, Q1 = 3.880 ms, Median = 3.898 ms, Q3 = 3.908 ms, Max = 3.928 ms
IQR = 0.028 ms, LowerFence = 3.839 ms, UpperFence = 3.949 ms
ConfidenceInterval = [3.862 ms; 3.922 ms] (CI 99.9%), Margin = 0.030 ms (0.77% of Mean)
Skewness = -1.02, Kurtosis = 3.38, MValue = 2

// ** Remained 5 (20.8%) benchmark(s) to run. Estimated finish 2026-07-30 12:41 (0h 7m from now) **
// **************************
// Benchmark: HybridRetrievalBenchmarks.'Filtered HNSW planner': DefaultJob [Dimension=128, FilterPercentage=10]
// *** Execute ***
// Launch: 1 / 1
// Execute: dotnet Rowles.LeanCorpus.Benchmarks-DefaultJob-1.dll --ipcPort 45575 --benchmarkName "Rowles.LeanCorpus.Benchmarks.HybridRetrievalBenchmarks.FilteredHnswPlanner(Dimension: 128, FilterPercentage: 10)" --job Default --diagnoserRunMode 3 --benchmarkId 19 in /home/jordan/leancorpus/working_directory/src/devops/Rowles.LeanCorpus.Benchmarks/bin/Release/net10.0/Rowles.LeanCorpus.Benchmarks-DefaultJob-1/bin/Release/net10.0
// Failed to set up high priority (Permission denied). In order to run benchmarks with high priority, make sure you have the right permissions.
// BeforeAnythingElse

// Benchmark Process Environment Information:
// BenchmarkDotNet v0.16.0-nightly.20260427.506
// Runtime=.NET 10.0.3 (10.0.3, 10.0.326.7603), X64 RyuJIT x86-64-v2
// GC=Concurrent Workstation
// HardwareIntrinsics=AVX,SSE3+SSSE3+SSE4.1+SSE4.2+POPCNT,X86Base+SSE+SSE2,AES+PCLMUL VectorSize=128
// Job: DefaultJob

WorkloadJitting  1: 1 op, 5219859.00 ns, 5.2199 ms/op
WorkloadJitting  2: 30 op, 146416715.00 ns, 4.8806 ms/op
WorkloadJitting  3: 30 op, 117916896.00 ns, 3.9306 ms/op
WorkloadJitting  4: 30 op, 116481384.00 ns, 3.8827 ms/op
WorkloadJitting  5: 1 op, 4185512.00 ns, 4.1855 ms/op

WorkloadPilot    1: 1 op, 4212052.00 ns, 4.2121 ms/op

WorkloadPilot    1: 16 op, 64267066.00 ns, 4.0167 ms/op
WorkloadPilot    2: 32 op, 124751337.00 ns, 3.8985 ms/op
WorkloadPilot    3: 64 op, 246372083.00 ns, 3.8496 ms/op
WorkloadPilot    4: 128 op, 497414396.00 ns, 3.8860 ms/op
WorkloadPilot    5: 256 op, 989525603.00 ns, 3.8653 ms/op

WorkloadWarmup   1: 256 op, 978076403.00 ns, 3.8206 ms/op
WorkloadWarmup   2: 256 op, 988185236.00 ns, 3.8601 ms/op
WorkloadWarmup   3: 256 op, 989693259.00 ns, 3.8660 ms/op
WorkloadWarmup   4: 256 op, 989071950.00 ns, 3.8636 ms/op
WorkloadWarmup   5: 256 op, 984987158.00 ns, 3.8476 ms/op
WorkloadWarmup   6: 256 op, 988098604.00 ns, 3.8598 ms/op
WorkloadWarmup   7: 256 op, 992964010.00 ns, 3.8788 ms/op
WorkloadWarmup   8: 256 op, 992338131.00 ns, 3.8763 ms/op

// BeforeActualRun
WorkloadActual   1: 256 op, 994372716.00 ns, 3.8843 ms/op
WorkloadActual   2: 256 op, 983429904.00 ns, 3.8415 ms/op
WorkloadActual   3: 256 op, 993113824.00 ns, 3.8794 ms/op
WorkloadActual   4: 256 op, 986850302.00 ns, 3.8549 ms/op
WorkloadActual   5: 256 op, 989332231.00 ns, 3.8646 ms/op
WorkloadActual   6: 256 op, 989836508.00 ns, 3.8665 ms/op
WorkloadActual   7: 256 op, 991316277.00 ns, 3.8723 ms/op
WorkloadActual   8: 256 op, 987136605.00 ns, 3.8560 ms/op
WorkloadActual   9: 256 op, 986761005.00 ns, 3.8545 ms/op
WorkloadActual  10: 256 op, 976556766.00 ns, 3.8147 ms/op
WorkloadActual  11: 256 op, 991016781.00 ns, 3.8712 ms/op
WorkloadActual  12: 256 op, 983442553.00 ns, 3.8416 ms/op
WorkloadActual  13: 256 op, 980722844.00 ns, 3.8309 ms/op
WorkloadActual  14: 256 op, 976983174.00 ns, 3.8163 ms/op
WorkloadActual  15: 256 op, 989748634.00 ns, 3.8662 ms/op

// AfterActualRun
// BeforeExtraIteration
// AfterExtraIteration
WorkloadExtra    1: 256 op, 992695852.00 ns, 3.8777 ms/op
WorkloadResult   1: 256 op, 994372716.00 ns, 3.8843 ms/op
WorkloadResult   2: 256 op, 983429904.00 ns, 3.8415 ms/op
WorkloadResult   3: 256 op, 993113824.00 ns, 3.8794 ms/op
WorkloadResult   4: 256 op, 986850302.00 ns, 3.8549 ms/op
WorkloadResult   5: 256 op, 989332231.00 ns, 3.8646 ms/op
WorkloadResult   6: 256 op, 989836508.00 ns, 3.8665 ms/op
WorkloadResult   7: 256 op, 991316277.00 ns, 3.8723 ms/op
WorkloadResult   8: 256 op, 987136605.00 ns, 3.8560 ms/op
WorkloadResult   9: 256 op, 986761005.00 ns, 3.8545 ms/op
WorkloadResult  10: 256 op, 976556766.00 ns, 3.8147 ms/op
WorkloadResult  11: 256 op, 991016781.00 ns, 3.8712 ms/op
WorkloadResult  12: 256 op, 983442553.00 ns, 3.8416 ms/op
WorkloadResult  13: 256 op, 980722844.00 ns, 3.8309 ms/op
WorkloadResult  14: 256 op, 976983174.00 ns, 3.8163 ms/op
WorkloadResult  15: 256 op, 989748634.00 ns, 3.8662 ms/op
// GC:  0 0 0 3514608 256

// AfterAll
// Benchmark Process 350589 has exited with code 0.

Mean = 3.854 ms, StdErr = 0.006 ms (0.14%), N = 15, StdDev = 0.021 ms
Min = 3.815 ms, Q1 = 3.842 ms, Median = 3.856 ms, Q3 = 3.869 ms, Max = 3.884 ms
IQR = 0.027 ms, LowerFence = 3.801 ms, UpperFence = 3.910 ms
ConfidenceInterval = [3.831 ms; 3.877 ms] (CI 99.9%), Margin = 0.023 ms (0.59% of Mean)
Skewness = -0.52, Kurtosis = 2.01, MValue = 2

// ** Remained 4 (16.7%) benchmark(s) to run. Estimated finish 2026-07-30 12:42 (0h 6m from now) **
// **************************
// Benchmark: HybridRetrievalBenchmarks.'Full-vector HNSW': DefaultJob [Dimension=128, FilterPercentage=10]
// *** Execute ***
// Launch: 1 / 1
// Execute: dotnet Rowles.LeanCorpus.Benchmarks-DefaultJob-1.dll --ipcPort 41809 --benchmarkName "Rowles.LeanCorpus.Benchmarks.HybridRetrievalBenchmarks.FullVectorHnsw(Dimension: 128, FilterPercentage: 10)" --job Default --diagnoserRunMode 3 --benchmarkId 20 in /home/jordan/leancorpus/working_directory/src/devops/Rowles.LeanCorpus.Benchmarks/bin/Release/net10.0/Rowles.LeanCorpus.Benchmarks-DefaultJob-1/bin/Release/net10.0
// Failed to set up high priority (Permission denied). In order to run benchmarks with high priority, make sure you have the right permissions.
// BeforeAnythingElse

// Benchmark Process Environment Information:
// BenchmarkDotNet v0.16.0-nightly.20260427.506
// Runtime=.NET 10.0.3 (10.0.3, 10.0.326.7603), X64 RyuJIT x86-64-v2
// GC=Concurrent Workstation
// HardwareIntrinsics=AVX,SSE3+SSSE3+SSE4.1+SSE4.2+POPCNT,X86Base+SSE+SSE2,AES+PCLMUL VectorSize=128
// Job: DefaultJob

WorkloadJitting  1: 1 op, 12507867.00 ns, 12.5079 ms/op
WorkloadJitting  2: 30 op, 145835543.00 ns, 4.8612 ms/op
WorkloadJitting  3: 30 op, 130969176.00 ns, 4.3656 ms/op
WorkloadJitting  4: 30 op, 128707393.00 ns, 4.2902 ms/op
WorkloadJitting  5: 1 op, 5314547.00 ns, 5.3145 ms/op

WorkloadPilot    1: 1 op, 5323963.00 ns, 5.3240 ms/op

WorkloadPilot    1: 16 op, 70825581.00 ns, 4.4266 ms/op
WorkloadPilot    2: 32 op, 137257101.00 ns, 4.2893 ms/op
WorkloadPilot    3: 64 op, 267768356.00 ns, 4.1839 ms/op
WorkloadPilot    4: 128 op, 528151638.00 ns, 4.1262 ms/op

WorkloadWarmup   1: 128 op, 528262257.00 ns, 4.1270 ms/op
WorkloadWarmup   2: 128 op, 520113864.00 ns, 4.0634 ms/op
WorkloadWarmup   3: 128 op, 527351124.00 ns, 4.1199 ms/op
WorkloadWarmup   4: 128 op, 523067407.00 ns, 4.0865 ms/op
WorkloadWarmup   5: 128 op, 519183526.00 ns, 4.0561 ms/op
WorkloadWarmup   6: 128 op, 526072048.00 ns, 4.1099 ms/op
WorkloadWarmup   7: 128 op, 527192071.00 ns, 4.1187 ms/op
WorkloadWarmup   8: 128 op, 528397616.00 ns, 4.1281 ms/op
WorkloadWarmup   9: 128 op, 531035035.00 ns, 4.1487 ms/op
WorkloadWarmup  10: 128 op, 525284431.00 ns, 4.1038 ms/op

// BeforeActualRun
WorkloadActual   1: 128 op, 528221967.00 ns, 4.1267 ms/op
WorkloadActual   2: 128 op, 524384952.00 ns, 4.0968 ms/op
WorkloadActual   3: 128 op, 528351534.00 ns, 4.1277 ms/op
WorkloadActual   4: 128 op, 519940250.00 ns, 4.0620 ms/op
WorkloadActual   5: 128 op, 522844568.00 ns, 4.0847 ms/op
WorkloadActual   6: 128 op, 522464758.00 ns, 4.0818 ms/op
WorkloadActual   7: 128 op, 517859236.00 ns, 4.0458 ms/op
WorkloadActual   8: 128 op, 519685731.00 ns, 4.0600 ms/op
WorkloadActual   9: 128 op, 522707059.00 ns, 4.0836 ms/op
WorkloadActual  10: 128 op, 519000998.00 ns, 4.0547 ms/op
WorkloadActual  11: 128 op, 523150282.00 ns, 4.0871 ms/op
WorkloadActual  12: 128 op, 537534991.00 ns, 4.1995 ms/op
WorkloadActual  13: 128 op, 529549048.00 ns, 4.1371 ms/op
WorkloadActual  14: 128 op, 524296670.00 ns, 4.0961 ms/op
WorkloadActual  15: 128 op, 526930896.00 ns, 4.1166 ms/op

// AfterActualRun
// BeforeExtraIteration
// AfterExtraIteration
WorkloadExtra    1: 128 op, 522406729.00 ns, 4.0813 ms/op
WorkloadResult   1: 128 op, 528221967.00 ns, 4.1267 ms/op
WorkloadResult   2: 128 op, 524384952.00 ns, 4.0968 ms/op
WorkloadResult   3: 128 op, 528351534.00 ns, 4.1277 ms/op
WorkloadResult   4: 128 op, 519940250.00 ns, 4.0620 ms/op
WorkloadResult   5: 128 op, 522844568.00 ns, 4.0847 ms/op
WorkloadResult   6: 128 op, 522464758.00 ns, 4.0818 ms/op
WorkloadResult   7: 128 op, 517859236.00 ns, 4.0458 ms/op
WorkloadResult   8: 128 op, 519685731.00 ns, 4.0600 ms/op
WorkloadResult   9: 128 op, 522707059.00 ns, 4.0836 ms/op
WorkloadResult  10: 128 op, 519000998.00 ns, 4.0547 ms/op
WorkloadResult  11: 128 op, 523150282.00 ns, 4.0871 ms/op
WorkloadResult  12: 128 op, 529549048.00 ns, 4.1371 ms/op
WorkloadResult  13: 128 op, 524296670.00 ns, 4.0961 ms/op
WorkloadResult  14: 128 op, 526930896.00 ns, 4.1166 ms/op
// GC:  1 0 0 5974496 128

// AfterAll
// Benchmark Process 350723 has exited with code 0.

Mean = 4.090 ms, StdErr = 0.008 ms (0.19%), N = 14, StdDev = 0.029 ms
Min = 4.046 ms, Q1 = 4.067 ms, Median = 4.086 ms, Q3 = 4.112 ms, Max = 4.137 ms
IQR = 0.045 ms, LowerFence = 4.000 ms, UpperFence = 4.179 ms
ConfidenceInterval = [4.058 ms; 4.123 ms] (CI 99.9%), Margin = 0.033 ms (0.80% of Mean)
Skewness = 0.13, Kurtosis = 1.66, MValue = 2

// ** Remained 3 (12.5%) benchmark(s) to run. Estimated finish 2026-07-30 12:43 (0h 4m from now) **
// **************************
// Benchmark: HybridRetrievalBenchmarks.'Sparse+dense fusion': DefaultJob [Dimension=128, FilterPercentage=10]
// *** Execute ***
// Launch: 1 / 1
// Execute: dotnet Rowles.LeanCorpus.Benchmarks-DefaultJob-1.dll --ipcPort 35321 --benchmarkName "Rowles.LeanCorpus.Benchmarks.HybridRetrievalBenchmarks.FusionWithoutSparseSeeds(Dimension: 128, FilterPercentage: 10)" --job Default --diagnoserRunMode 3 --benchmarkId 21 in /home/jordan/leancorpus/working_directory/src/devops/Rowles.LeanCorpus.Benchmarks/bin/Release/net10.0/Rowles.LeanCorpus.Benchmarks-DefaultJob-1/bin/Release/net10.0
// Failed to set up high priority (Permission denied). In order to run benchmarks with high priority, make sure you have the right permissions.
// BeforeAnythingElse

// Benchmark Process Environment Information:
// BenchmarkDotNet v0.16.0-nightly.20260427.506
// Runtime=.NET 10.0.3 (10.0.3, 10.0.326.7603), X64 RyuJIT x86-64-v2
// GC=Concurrent Workstation
// HardwareIntrinsics=AVX,SSE3+SSSE3+SSE4.1+SSE4.2+POPCNT,X86Base+SSE+SSE2,AES+PCLMUL VectorSize=128
// Job: DefaultJob

WorkloadJitting  1: 1 op, 88169875.00 ns, 88.1699 ms/op
WorkloadJitting  2: 30 op, 363584206.00 ns, 12.1195 ms/op
WorkloadJitting  3: 30 op, 330144334.00 ns, 11.0048 ms/op
WorkloadJitting  4: 30 op, 352510272.00 ns, 11.7503 ms/op
WorkloadJitting  5: 1 op, 13692155.00 ns, 13.6922 ms/op

WorkloadPilot    1: 1 op, 13735356.00 ns, 13.7354 ms/op

WorkloadPilot    1: 16 op, 188377585.00 ns, 11.7736 ms/op
WorkloadPilot    2: 32 op, 373253604.00 ns, 11.6642 ms/op
WorkloadPilot    3: 64 op, 749535995.00 ns, 11.7115 ms/op

WorkloadWarmup   1: 64 op, 752832715.00 ns, 11.7630 ms/op
WorkloadWarmup   2: 64 op, 744491572.00 ns, 11.6327 ms/op
WorkloadWarmup   3: 64 op, 747457484.00 ns, 11.6790 ms/op
WorkloadWarmup   4: 64 op, 747532538.00 ns, 11.6802 ms/op
WorkloadWarmup   5: 64 op, 739684781.00 ns, 11.5576 ms/op
WorkloadWarmup   6: 64 op, 745601568.00 ns, 11.6500 ms/op
WorkloadWarmup   7: 64 op, 753943294.00 ns, 11.7804 ms/op
WorkloadWarmup   8: 64 op, 750178676.00 ns, 11.7215 ms/op

// BeforeActualRun
WorkloadActual   1: 64 op, 753915238.00 ns, 11.7799 ms/op
WorkloadActual   2: 64 op, 749997603.00 ns, 11.7187 ms/op
WorkloadActual   3: 64 op, 751440746.00 ns, 11.7413 ms/op
WorkloadActual   4: 64 op, 745379832.00 ns, 11.6466 ms/op
WorkloadActual   5: 64 op, 751819912.00 ns, 11.7472 ms/op
WorkloadActual   6: 64 op, 750576518.00 ns, 11.7278 ms/op
WorkloadActual   7: 64 op, 751839179.00 ns, 11.7475 ms/op
WorkloadActual   8: 64 op, 751503951.00 ns, 11.7422 ms/op
WorkloadActual   9: 64 op, 750265110.00 ns, 11.7229 ms/op
WorkloadActual  10: 64 op, 753893932.00 ns, 11.7796 ms/op
WorkloadActual  11: 64 op, 751566423.00 ns, 11.7432 ms/op
WorkloadActual  12: 64 op, 753022782.00 ns, 11.7660 ms/op
WorkloadActual  13: 64 op, 752245205.00 ns, 11.7538 ms/op
WorkloadActual  14: 64 op, 746404352.00 ns, 11.6626 ms/op
WorkloadActual  15: 64 op, 750653833.00 ns, 11.7290 ms/op

// AfterActualRun
// BeforeExtraIteration
// AfterExtraIteration
WorkloadExtra    1: 64 op, 693967900.00 ns, 10.8432 ms/op
WorkloadResult   1: 64 op, 753915238.00 ns, 11.7799 ms/op
WorkloadResult   2: 64 op, 749997603.00 ns, 11.7187 ms/op
WorkloadResult   3: 64 op, 751440746.00 ns, 11.7413 ms/op
WorkloadResult   4: 64 op, 745379832.00 ns, 11.6466 ms/op
WorkloadResult   5: 64 op, 751819912.00 ns, 11.7472 ms/op
WorkloadResult   6: 64 op, 750576518.00 ns, 11.7278 ms/op
WorkloadResult   7: 64 op, 751839179.00 ns, 11.7475 ms/op
WorkloadResult   8: 64 op, 751503951.00 ns, 11.7422 ms/op
WorkloadResult   9: 64 op, 750265110.00 ns, 11.7229 ms/op
WorkloadResult  10: 64 op, 753893932.00 ns, 11.7796 ms/op
WorkloadResult  11: 64 op, 751566423.00 ns, 11.7432 ms/op
WorkloadResult  12: 64 op, 753022782.00 ns, 11.7660 ms/op
WorkloadResult  13: 64 op, 752245205.00 ns, 11.7538 ms/op
WorkloadResult  14: 64 op, 746404352.00 ns, 11.6626 ms/op
WorkloadResult  15: 64 op, 750653833.00 ns, 11.7290 ms/op
// GC:  50 0 0 209349432 64

// AfterAll
// Benchmark Process 350854 has exited with code 0.

Mean = 11.734 ms, StdErr = 0.010 ms (0.08%), N = 15, StdDev = 0.037 ms
Min = 11.647 ms, Q1 = 11.725 ms, Median = 11.742 ms, Q3 = 11.751 ms, Max = 11.780 ms
IQR = 0.025 ms, LowerFence = 11.687 ms, UpperFence = 11.789 ms
ConfidenceInterval = [11.694 ms; 11.774 ms] (CI 99.9%), Margin = 0.040 ms (0.34% of Mean)
Skewness = -1.03, Kurtosis = 3.29, MValue = 2

// ** Remained 2 (8.3%) benchmark(s) to run. Estimated finish 2026-07-30 12:43 (0h 3m from now) **
// **************************
// Benchmark: HybridRetrievalBenchmarks.'Sparse-seeded dense fusion': DefaultJob [Dimension=128, FilterPercentage=10]
// *** Execute ***
// Launch: 1 / 1
// Execute: dotnet Rowles.LeanCorpus.Benchmarks-DefaultJob-1.dll --ipcPort 43881 --benchmarkName "Rowles.LeanCorpus.Benchmarks.HybridRetrievalBenchmarks.FusionWithSparseSeeds(Dimension: 128, FilterPercentage: 10)" --job Default --diagnoserRunMode 3 --benchmarkId 22 in /home/jordan/leancorpus/working_directory/src/devops/Rowles.LeanCorpus.Benchmarks/bin/Release/net10.0/Rowles.LeanCorpus.Benchmarks-DefaultJob-1/bin/Release/net10.0
// Failed to set up high priority (Permission denied). In order to run benchmarks with high priority, make sure you have the right permissions.
// BeforeAnythingElse

// Benchmark Process Environment Information:
// BenchmarkDotNet v0.16.0-nightly.20260427.506
// Runtime=.NET 10.0.3 (10.0.3, 10.0.326.7603), X64 RyuJIT x86-64-v2
// GC=Concurrent Workstation
// HardwareIntrinsics=AVX,SSE3+SSSE3+SSE4.1+SSE4.2+POPCNT,X86Base+SSE+SSE2,AES+PCLMUL VectorSize=128
// Job: DefaultJob

WorkloadJitting  1: 1 op, 92244267.00 ns, 92.2443 ms/op
WorkloadJitting  2: 30 op, 370406463.00 ns, 12.3469 ms/op
WorkloadJitting  3: 30 op, 326190482.00 ns, 10.8730 ms/op
WorkloadJitting  4: 30 op, 331010248.00 ns, 11.0337 ms/op
WorkloadJitting  5: 1 op, 13062370.00 ns, 13.0624 ms/op

WorkloadPilot    1: 1 op, 13011011.00 ns, 13.0110 ms/op

WorkloadPilot    1: 16 op, 175049523.00 ns, 10.9406 ms/op
WorkloadPilot    2: 32 op, 348868554.00 ns, 10.9021 ms/op
WorkloadPilot    3: 64 op, 689051801.00 ns, 10.7664 ms/op

WorkloadWarmup   1: 64 op, 696290375.00 ns, 10.8795 ms/op
WorkloadWarmup   2: 64 op, 695146874.00 ns, 10.8617 ms/op
WorkloadWarmup   3: 64 op, 688251250.00 ns, 10.7539 ms/op
WorkloadWarmup   4: 64 op, 688661783.00 ns, 10.7603 ms/op
WorkloadWarmup   5: 64 op, 693291234.00 ns, 10.8327 ms/op
WorkloadWarmup   6: 64 op, 695773573.00 ns, 10.8715 ms/op
WorkloadWarmup   7: 64 op, 698129119.00 ns, 10.9083 ms/op
WorkloadWarmup   8: 64 op, 700294419.00 ns, 10.9421 ms/op
WorkloadWarmup   9: 64 op, 692568074.00 ns, 10.8214 ms/op
WorkloadWarmup  10: 64 op, 696766411.00 ns, 10.8870 ms/op
WorkloadWarmup  11: 64 op, 698182345.00 ns, 10.9091 ms/op
WorkloadWarmup  12: 64 op, 693257555.00 ns, 10.8321 ms/op

// BeforeActualRun
WorkloadActual   1: 64 op, 689122381.00 ns, 10.7675 ms/op
WorkloadActual   2: 64 op, 688322762.00 ns, 10.7550 ms/op
WorkloadActual   3: 64 op, 691289937.00 ns, 10.8014 ms/op
WorkloadActual   4: 64 op, 697589549.00 ns, 10.8998 ms/op
WorkloadActual   5: 64 op, 691918702.00 ns, 10.8112 ms/op
WorkloadActual   6: 64 op, 698160828.00 ns, 10.9088 ms/op
WorkloadActual   7: 64 op, 689903880.00 ns, 10.7797 ms/op
WorkloadActual   8: 64 op, 695092548.00 ns, 10.8608 ms/op
WorkloadActual   9: 64 op, 697754067.00 ns, 10.9024 ms/op
WorkloadActual  10: 64 op, 699100009.00 ns, 10.9234 ms/op
WorkloadActual  11: 64 op, 691362764.00 ns, 10.8025 ms/op
WorkloadActual  12: 64 op, 696304094.00 ns, 10.8798 ms/op
WorkloadActual  13: 64 op, 697361241.00 ns, 10.8963 ms/op
WorkloadActual  14: 64 op, 707284295.00 ns, 11.0513 ms/op
WorkloadActual  15: 64 op, 697068789.00 ns, 10.8917 ms/op

// AfterActualRun
// BeforeExtraIteration
// AfterExtraIteration
WorkloadExtra    1: 64 op, 705130401.00 ns, 11.0177 ms/op
WorkloadResult   1: 64 op, 689122381.00 ns, 10.7675 ms/op
WorkloadResult   2: 64 op, 688322762.00 ns, 10.7550 ms/op
WorkloadResult   3: 64 op, 691289937.00 ns, 10.8014 ms/op
WorkloadResult   4: 64 op, 697589549.00 ns, 10.8998 ms/op
WorkloadResult   5: 64 op, 691918702.00 ns, 10.8112 ms/op
WorkloadResult   6: 64 op, 698160828.00 ns, 10.9088 ms/op
WorkloadResult   7: 64 op, 689903880.00 ns, 10.7797 ms/op
WorkloadResult   8: 64 op, 695092548.00 ns, 10.8608 ms/op
WorkloadResult   9: 64 op, 697754067.00 ns, 10.9024 ms/op
WorkloadResult  10: 64 op, 699100009.00 ns, 10.9234 ms/op
WorkloadResult  11: 64 op, 691362764.00 ns, 10.8025 ms/op
WorkloadResult  12: 64 op, 696304094.00 ns, 10.8798 ms/op
WorkloadResult  13: 64 op, 697361241.00 ns, 10.8963 ms/op
WorkloadResult  14: 64 op, 697068789.00 ns, 10.8917 ms/op
// GC:  50 0 0 210733368 64

// AfterAll
// Benchmark Process 351035 has exited with code 0.

Mean = 10.849 ms, StdErr = 0.016 ms (0.15%), N = 14, StdDev = 0.059 ms
Min = 10.755 ms, Q1 = 10.802 ms, Median = 10.870 ms, Q3 = 10.899 ms, Max = 10.923 ms
IQR = 0.097 ms, LowerFence = 10.656 ms, UpperFence = 11.045 ms
ConfidenceInterval = [10.782 ms; 10.916 ms] (CI 99.9%), Margin = 0.067 ms (0.62% of Mean)
Skewness = -0.27, Kurtosis = 1.28, MValue = 2

// ** Remained 1 (4.2%) benchmark(s) to run. Estimated finish 2026-07-30 12:44 (0h 1m from now) **
// **************************
// Benchmark: HybridRetrievalBenchmarks.'Matryoshka prefix rerank': DefaultJob [Dimension=128, FilterPercentage=10]
// *** Execute ***
// Launch: 1 / 1
// Execute: dotnet Rowles.LeanCorpus.Benchmarks-DefaultJob-1.dll --ipcPort 41421 --benchmarkName "Rowles.LeanCorpus.Benchmarks.HybridRetrievalBenchmarks.MatryoshkaPrefixRerank(Dimension: 128, FilterPercentage: 10)" --job Default --diagnoserRunMode 3 --benchmarkId 23 in /home/jordan/leancorpus/working_directory/src/devops/Rowles.LeanCorpus.Benchmarks/bin/Release/net10.0/Rowles.LeanCorpus.Benchmarks-DefaultJob-1/bin/Release/net10.0
// Failed to set up high priority (Permission denied). In order to run benchmarks with high priority, make sure you have the right permissions.
// BeforeAnythingElse

// Benchmark Process Environment Information:
// BenchmarkDotNet v0.16.0-nightly.20260427.506
// Runtime=.NET 10.0.3 (10.0.3, 10.0.326.7603), X64 RyuJIT x86-64-v2
// GC=Concurrent Workstation
// HardwareIntrinsics=AVX,SSE3+SSSE3+SSE4.1+SSE4.2+POPCNT,X86Base+SSE+SSE2,AES+PCLMUL VectorSize=128
// Job: DefaultJob

WorkloadJitting  1: 1 op, 56524336.00 ns, 56.5243 ms/op
WorkloadJitting  2: 30 op, 958899196.00 ns, 31.9633 ms/op
WorkloadJitting  3: 30 op, 938719083.00 ns, 31.2906 ms/op
WorkloadJitting  4: 30 op, 934051728.00 ns, 31.1351 ms/op
WorkloadJitting  5: 1 op, 33021549.00 ns, 33.0215 ms/op

WorkloadPilot    1: 1 op, 33580248.00 ns, 33.5802 ms/op

WorkloadPilot    1: 2 op, 63916559.00 ns, 31.9583 ms/op
WorkloadPilot    2: 3 op, 93989540.00 ns, 31.3298 ms/op
WorkloadPilot    3: 4 op, 122239987.00 ns, 30.5600 ms/op
WorkloadPilot    4: 5 op, 152815043.00 ns, 30.5630 ms/op
WorkloadPilot    5: 6 op, 182980236.00 ns, 30.4967 ms/op
WorkloadPilot    6: 7 op, 216735615.00 ns, 30.9622 ms/op
WorkloadPilot    7: 8 op, 246043743.00 ns, 30.7555 ms/op
WorkloadPilot    8: 9 op, 278466395.00 ns, 30.9407 ms/op
WorkloadPilot    9: 10 op, 308971162.00 ns, 30.8971 ms/op
WorkloadPilot   10: 11 op, 340665682.00 ns, 30.9696 ms/op
WorkloadPilot   11: 12 op, 372096584.00 ns, 31.0080 ms/op
WorkloadPilot   12: 13 op, 403439884.00 ns, 31.0338 ms/op
WorkloadPilot   13: 14 op, 434063817.00 ns, 31.0046 ms/op
WorkloadPilot   14: 15 op, 463962229.00 ns, 30.9308 ms/op
WorkloadPilot   15: 16 op, 496110076.00 ns, 31.0069 ms/op
WorkloadPilot   16: 32 op, 1000764028.00 ns, 31.2739 ms/op

WorkloadWarmup   1: 32 op, 996957767.00 ns, 31.1549 ms/op
WorkloadWarmup   2: 32 op, 991239212.00 ns, 30.9762 ms/op
WorkloadWarmup   3: 32 op, 990946976.00 ns, 30.9671 ms/op
WorkloadWarmup   4: 32 op, 983421390.00 ns, 30.7319 ms/op
WorkloadWarmup   5: 32 op, 975884154.00 ns, 30.4964 ms/op
WorkloadWarmup   6: 32 op, 985171748.00 ns, 30.7866 ms/op
WorkloadWarmup   7: 32 op, 991231174.00 ns, 30.9760 ms/op
WorkloadWarmup   8: 32 op, 989642517.00 ns, 30.9263 ms/op
WorkloadWarmup   9: 32 op, 991719598.00 ns, 30.9912 ms/op
WorkloadWarmup  10: 32 op, 986491906.00 ns, 30.8279 ms/op

// BeforeActualRun
WorkloadActual   1: 32 op, 989921112.00 ns, 30.9350 ms/op
WorkloadActual   2: 32 op, 991604574.00 ns, 30.9876 ms/op
WorkloadActual   3: 32 op, 995527451.00 ns, 31.1102 ms/op
WorkloadActual   4: 32 op, 993333995.00 ns, 31.0417 ms/op
WorkloadActual   5: 32 op, 992391036.00 ns, 31.0122 ms/op
WorkloadActual   6: 32 op, 991917651.00 ns, 30.9974 ms/op
WorkloadActual   7: 32 op, 991847141.00 ns, 30.9952 ms/op
WorkloadActual   8: 32 op, 993195691.00 ns, 31.0374 ms/op
WorkloadActual   9: 32 op, 994770702.00 ns, 31.0866 ms/op
WorkloadActual  10: 32 op, 993465051.00 ns, 31.0458 ms/op
WorkloadActual  11: 32 op, 992754590.00 ns, 31.0236 ms/op
WorkloadActual  12: 32 op, 1023144569.00 ns, 31.9733 ms/op
WorkloadActual  13: 32 op, 1021597045.00 ns, 31.9249 ms/op
WorkloadActual  14: 32 op, 1003609714.00 ns, 31.3628 ms/op
WorkloadActual  15: 32 op, 1008552852.00 ns, 31.5173 ms/op

// AfterActualRun
// BeforeExtraIteration
// AfterExtraIteration
WorkloadExtra    1: 32 op, 1022508810.00 ns, 31.9534 ms/op
WorkloadResult   1: 32 op, 989921112.00 ns, 30.9350 ms/op
WorkloadResult   2: 32 op, 991604574.00 ns, 30.9876 ms/op
WorkloadResult   3: 32 op, 995527451.00 ns, 31.1102 ms/op
WorkloadResult   4: 32 op, 993333995.00 ns, 31.0417 ms/op
WorkloadResult   5: 32 op, 992391036.00 ns, 31.0122 ms/op
WorkloadResult   6: 32 op, 991917651.00 ns, 30.9974 ms/op
WorkloadResult   7: 32 op, 991847141.00 ns, 30.9952 ms/op
WorkloadResult   8: 32 op, 993195691.00 ns, 31.0374 ms/op
WorkloadResult   9: 32 op, 994770702.00 ns, 31.0866 ms/op
WorkloadResult  10: 32 op, 993465051.00 ns, 31.0458 ms/op
WorkloadResult  11: 32 op, 992754590.00 ns, 31.0236 ms/op
WorkloadResult  12: 32 op, 1003609714.00 ns, 31.3628 ms/op
WorkloadResult  13: 32 op, 1008552852.00 ns, 31.5173 ms/op
// GC:  424 45 3 1806467408 32

// AfterAll
// Benchmark Process 351149 has exited with code 0.

Mean = 31.089 ms, StdErr = 0.046 ms (0.15%), N = 13, StdDev = 0.165 ms
Min = 30.935 ms, Q1 = 30.997 ms, Median = 31.037 ms, Q3 = 31.087 ms, Max = 31.517 ms
IQR = 0.089 ms, LowerFence = 30.864 ms, UpperFence = 31.220 ms
ConfidenceInterval = [30.891 ms; 31.286 ms] (CI 99.9%), Margin = 0.198 ms (0.64% of Mean)
Skewness = 1.57, Kurtosis = 4.17, MValue = 2

// ** Remained 0 (0.0%) benchmark(s) to run. Estimated finish 2026-07-30 12:44 (0h 0m from now) **
// ***** BenchmarkRunner: Finish  *****

// * Export *
  bench/debian/2026-07-30/11-02/_runner/results/Rowles.LeanCorpus.Benchmarks.HybridRetrievalBenchmarks-report.csv
  bench/debian/2026-07-30/11-02/_runner/results/Rowles.LeanCorpus.Benchmarks.HybridRetrievalBenchmarks-report-github.md
  bench/debian/2026-07-30/11-02/_runner/results/Rowles.LeanCorpus.Benchmarks.HybridRetrievalBenchmarks-report.html
  bench/debian/2026-07-30/11-02/_runner/results/Rowles.LeanCorpus.Benchmarks.HybridRetrievalBenchmarks-report-full.json

// * Detailed results *
HybridRetrievalBenchmarks.'Filtered exact scan': DefaultJob [Dimension=64, FilterPercentage=1]
Runtime = .NET 10.0.3 (10.0.3, 10.0.326.7603), X64 RyuJIT x86-64-v2; GC = Concurrent Workstation
Mean = 2.404 ms, StdErr = 0.002 ms (0.09%), N = 12, StdDev = 0.007 ms
Min = 2.383 ms, Q1 = 2.403 ms, Median = 2.407 ms, Q3 = 2.408 ms, Max = 2.409 ms
IQR = 0.005 ms, LowerFence = 2.396 ms, UpperFence = 2.416 ms
ConfidenceInterval = [2.394 ms; 2.413 ms] (CI 99.9%), Margin = 0.009 ms (0.39% of Mean)
Skewness = -1.83, Kurtosis = 5.44, MValue = 2
-------------------- Histogram --------------------
[2.379 ms ; 2.413 ms) | @@@@@@@@@@@@
---------------------------------------------------

HybridRetrievalBenchmarks.'Filtered HNSW planner': DefaultJob [Dimension=64, FilterPercentage=1]
Runtime = .NET 10.0.3 (10.0.3, 10.0.326.7603), X64 RyuJIT x86-64-v2; GC = Concurrent Workstation
Mean = 2.404 ms, StdErr = 0.004 ms (0.17%), N = 15, StdDev = 0.016 ms
Min = 2.370 ms, Q1 = 2.399 ms, Median = 2.407 ms, Q3 = 2.413 ms, Max = 2.432 ms
IQR = 0.015 ms, LowerFence = 2.377 ms, UpperFence = 2.436 ms
ConfidenceInterval = [2.387 ms; 2.421 ms] (CI 99.9%), Margin = 0.017 ms (0.69% of Mean)
Skewness = -0.64, Kurtosis = 2.94, MValue = 2
-------------------- Histogram --------------------
[2.362 ms ; 2.433 ms) | @@@@@@@@@@@@@@@
---------------------------------------------------

HybridRetrievalBenchmarks.'Full-vector HNSW': DefaultJob [Dimension=64, FilterPercentage=1]
Runtime = .NET 10.0.3 (10.0.3, 10.0.326.7603), X64 RyuJIT x86-64-v2; GC = Concurrent Workstation
Mean = 2.275 ms, StdErr = 0.009 ms (0.38%), N = 15, StdDev = 0.033 ms
Min = 2.223 ms, Q1 = 2.252 ms, Median = 2.272 ms, Q3 = 2.297 ms, Max = 2.326 ms
IQR = 0.045 ms, LowerFence = 2.184 ms, UpperFence = 2.364 ms
ConfidenceInterval = [2.239 ms; 2.310 ms] (CI 99.9%), Margin = 0.036 ms (1.57% of Mean)
Skewness = 0.14, Kurtosis = 1.59, MValue = 2
-------------------- Histogram --------------------
[2.205 ms ; 2.269 ms) | @@@@@@@
[2.269 ms ; 2.344 ms) | @@@@@@@@
---------------------------------------------------

HybridRetrievalBenchmarks.'Sparse+dense fusion': DefaultJob [Dimension=64, FilterPercentage=1]
Runtime = .NET 10.0.3 (10.0.3, 10.0.326.7603), X64 RyuJIT x86-64-v2; GC = Concurrent Workstation
Mean = 9.434 ms, StdErr = 0.018 ms (0.19%), N = 14, StdDev = 0.067 ms
Min = 9.340 ms, Q1 = 9.377 ms, Median = 9.442 ms, Q3 = 9.471 ms, Max = 9.579 ms
IQR = 0.094 ms, LowerFence = 9.236 ms, UpperFence = 9.613 ms
ConfidenceInterval = [9.358 ms; 9.509 ms] (CI 99.9%), Margin = 0.076 ms (0.80% of Mean)
Skewness = 0.38, Kurtosis = 2.26, MValue = 2
-------------------- Histogram --------------------
[9.303 ms ; 9.616 ms) | @@@@@@@@@@@@@@
---------------------------------------------------

HybridRetrievalBenchmarks.'Sparse-seeded dense fusion': DefaultJob [Dimension=64, FilterPercentage=1]
Runtime = .NET 10.0.3 (10.0.3, 10.0.326.7603), X64 RyuJIT x86-64-v2; GC = Concurrent Workstation
Mean = 9.491 ms, StdErr = 0.019 ms (0.20%), N = 15, StdDev = 0.072 ms
Min = 9.377 ms, Q1 = 9.432 ms, Median = 9.523 ms, Q3 = 9.539 ms, Max = 9.594 ms
IQR = 0.107 ms, LowerFence = 9.272 ms, UpperFence = 9.699 ms
ConfidenceInterval = [9.413 ms; 9.568 ms] (CI 99.9%), Margin = 0.077 ms (0.82% of Mean)
Skewness = -0.17, Kurtosis = 1.44, MValue = 2
-------------------- Histogram --------------------
[9.338 ms ; 9.633 ms) | @@@@@@@@@@@@@@@
---------------------------------------------------

HybridRetrievalBenchmarks.'Matryoshka prefix rerank': DefaultJob [Dimension=64, FilterPercentage=1]
Runtime = .NET 10.0.3 (10.0.3, 10.0.326.7603), X64 RyuJIT x86-64-v2; GC = Concurrent Workstation
Mean = 26.542 ms, StdErr = 0.035 ms (0.13%), N = 15, StdDev = 0.136 ms
Min = 26.175 ms, Q1 = 26.503 ms, Median = 26.560 ms, Q3 = 26.624 ms, Max = 26.695 ms
IQR = 0.121 ms, LowerFence = 26.323 ms, UpperFence = 26.805 ms
ConfidenceInterval = [26.397 ms; 26.687 ms] (CI 99.9%), Margin = 0.145 ms (0.55% of Mean)
Skewness = -1.25, Kurtosis = 4.12, MValue = 2
-------------------- Histogram --------------------
[26.102 ms ; 26.767 ms) | @@@@@@@@@@@@@@@
---------------------------------------------------

HybridRetrievalBenchmarks.'Filtered exact scan': DefaultJob [Dimension=64, FilterPercentage=10]
Runtime = .NET 10.0.3 (10.0.3, 10.0.326.7603), X64 RyuJIT x86-64-v2; GC = Concurrent Workstation
Mean = 3.583 ms, StdErr = 0.005 ms (0.13%), N = 15, StdDev = 0.019 ms
Min = 3.547 ms, Q1 = 3.579 ms, Median = 3.589 ms, Q3 = 3.597 ms, Max = 3.601 ms
IQR = 0.018 ms, LowerFence = 3.553 ms, UpperFence = 3.623 ms
ConfidenceInterval = [3.563 ms; 3.603 ms] (CI 99.9%), Margin = 0.020 ms (0.56% of Mean)
Skewness = -1, Kurtosis = 2.37, MValue = 2
-------------------- Histogram --------------------
[3.537 ms ; 3.611 ms) | @@@@@@@@@@@@@@@
---------------------------------------------------

HybridRetrievalBenchmarks.'Filtered HNSW planner': DefaultJob [Dimension=64, FilterPercentage=10]
Runtime = .NET 10.0.3 (10.0.3, 10.0.326.7603), X64 RyuJIT x86-64-v2; GC = Concurrent Workstation
Mean = 3.585 ms, StdErr = 0.005 ms (0.15%), N = 15, StdDev = 0.021 ms
Min = 3.540 ms, Q1 = 3.576 ms, Median = 3.591 ms, Q3 = 3.603 ms, Max = 3.605 ms
IQR = 0.028 ms, LowerFence = 3.534 ms, UpperFence = 3.645 ms
ConfidenceInterval = [3.563 ms; 3.607 ms] (CI 99.9%), Margin = 0.022 ms (0.62% of Mean)
Skewness = -0.87, Kurtosis = 2.39, MValue = 2
-------------------- Histogram --------------------
[3.529 ms ; 3.616 ms) | @@@@@@@@@@@@@@@
---------------------------------------------------

HybridRetrievalBenchmarks.'Full-vector HNSW': DefaultJob [Dimension=64, FilterPercentage=10]
Runtime = .NET 10.0.3 (10.0.3, 10.0.326.7603), X64 RyuJIT x86-64-v2; GC = Concurrent Workstation
Mean = 2.285 ms, StdErr = 0.004 ms (0.16%), N = 14, StdDev = 0.014 ms
Min = 2.267 ms, Q1 = 2.271 ms, Median = 2.287 ms, Q3 = 2.296 ms, Max = 2.307 ms
IQR = 0.025 ms, LowerFence = 2.233 ms, UpperFence = 2.333 ms
ConfidenceInterval = [2.269 ms; 2.300 ms] (CI 99.9%), Margin = 0.016 ms (0.68% of Mean)
Skewness = -0.02, Kurtosis = 1.38, MValue = 2
-------------------- Histogram --------------------
[2.260 ms ; 2.314 ms) | @@@@@@@@@@@@@@
---------------------------------------------------

HybridRetrievalBenchmarks.'Sparse+dense fusion': DefaultJob [Dimension=64, FilterPercentage=10]
Runtime = .NET 10.0.3 (10.0.3, 10.0.326.7603), X64 RyuJIT x86-64-v2; GC = Concurrent Workstation
Mean = 9.247 ms, StdErr = 0.011 ms (0.12%), N = 14, StdDev = 0.042 ms
Min = 9.160 ms, Q1 = 9.226 ms, Median = 9.254 ms, Q3 = 9.285 ms, Max = 9.291 ms
IQR = 0.059 ms, LowerFence = 9.137 ms, UpperFence = 9.374 ms
ConfidenceInterval = [9.199 ms; 9.294 ms] (CI 99.9%), Margin = 0.047 ms (0.51% of Mean)
Skewness = -0.69, Kurtosis = 2.26, MValue = 2
-------------------- Histogram --------------------
[9.137 ms ; 9.314 ms) | @@@@@@@@@@@@@@
---------------------------------------------------

HybridRetrievalBenchmarks.'Sparse-seeded dense fusion': DefaultJob [Dimension=64, FilterPercentage=10]
Runtime = .NET 10.0.3 (10.0.3, 10.0.326.7603), X64 RyuJIT x86-64-v2; GC = Concurrent Workstation
Mean = 9.356 ms, StdErr = 0.015 ms (0.16%), N = 15, StdDev = 0.057 ms
Min = 9.200 ms, Q1 = 9.345 ms, Median = 9.368 ms, Q3 = 9.391 ms, Max = 9.408 ms
IQR = 0.046 ms, LowerFence = 9.276 ms, UpperFence = 9.460 ms
ConfidenceInterval = [9.295 ms; 9.416 ms] (CI 99.9%), Margin = 0.061 ms (0.65% of Mean)
Skewness = -1.43, Kurtosis = 4.31, MValue = 2
-------------------- Histogram --------------------
[9.170 ms ; 9.439 ms) | @@@@@@@@@@@@@@@
---------------------------------------------------

HybridRetrievalBenchmarks.'Matryoshka prefix rerank': DefaultJob [Dimension=64, FilterPercentage=10]
Runtime = .NET 10.0.3 (10.0.3, 10.0.326.7603), X64 RyuJIT x86-64-v2; GC = Concurrent Workstation
Mean = 26.192 ms, StdErr = 0.021 ms (0.08%), N = 15, StdDev = 0.080 ms
Min = 26.079 ms, Q1 = 26.132 ms, Median = 26.166 ms, Q3 = 26.246 ms, Max = 26.330 ms
IQR = 0.114 ms, LowerFence = 25.962 ms, UpperFence = 26.416 ms
ConfidenceInterval = [26.106 ms; 26.278 ms] (CI 99.9%), Margin = 0.086 ms (0.33% of Mean)
Skewness = 0.4, Kurtosis = 1.75, MValue = 2
-------------------- Histogram --------------------
[26.037 ms ; 26.373 ms) | @@@@@@@@@@@@@@@
---------------------------------------------------

HybridRetrievalBenchmarks.'Filtered exact scan': DefaultJob [Dimension=128, FilterPercentage=1]
Runtime = .NET 10.0.3 (10.0.3, 10.0.326.7603), X64 RyuJIT x86-64-v2; GC = Concurrent Workstation
Mean = 2.463 ms, StdErr = 0.003 ms (0.13%), N = 15, StdDev = 0.012 ms
Min = 2.439 ms, Q1 = 2.459 ms, Median = 2.463 ms, Q3 = 2.470 ms, Max = 2.481 ms
IQR = 0.010 ms, LowerFence = 2.444 ms, UpperFence = 2.485 ms
ConfidenceInterval = [2.450 ms; 2.476 ms] (CI 99.9%), Margin = 0.013 ms (0.52% of Mean)
Skewness = -0.48, Kurtosis = 2.47, MValue = 2
-------------------- Histogram --------------------
[2.432 ms ; 2.488 ms) | @@@@@@@@@@@@@@@
---------------------------------------------------

HybridRetrievalBenchmarks.'Filtered HNSW planner': DefaultJob [Dimension=128, FilterPercentage=1]
Runtime = .NET 10.0.3 (10.0.3, 10.0.326.7603), X64 RyuJIT x86-64-v2; GC = Concurrent Workstation
Mean = 2.427 ms, StdErr = 0.004 ms (0.16%), N = 15, StdDev = 0.015 ms
Min = 2.400 ms, Q1 = 2.414 ms, Median = 2.436 ms, Q3 = 2.439 ms, Max = 2.447 ms
IQR = 0.024 ms, LowerFence = 2.378 ms, UpperFence = 2.475 ms
ConfidenceInterval = [2.411 ms; 2.443 ms] (CI 99.9%), Margin = 0.016 ms (0.68% of Mean)
Skewness = -0.25, Kurtosis = 1.38, MValue = 2
-------------------- Histogram --------------------
[2.391 ms ; 2.455 ms) | @@@@@@@@@@@@@@@
---------------------------------------------------

HybridRetrievalBenchmarks.'Full-vector HNSW': DefaultJob [Dimension=128, FilterPercentage=1]
Runtime = .NET 10.0.3 (10.0.3, 10.0.326.7603), X64 RyuJIT x86-64-v2; GC = Concurrent Workstation
Mean = 4.113 ms, StdErr = 0.009 ms (0.23%), N = 14, StdDev = 0.035 ms
Min = 4.041 ms, Q1 = 4.097 ms, Median = 4.110 ms, Q3 = 4.141 ms, Max = 4.157 ms
IQR = 0.045 ms, LowerFence = 4.030 ms, UpperFence = 4.208 ms
ConfidenceInterval = [4.073 ms; 4.152 ms] (CI 99.9%), Margin = 0.039 ms (0.96% of Mean)
Skewness = -0.57, Kurtosis = 2.22, MValue = 2
-------------------- Histogram --------------------
[4.022 ms ; 4.176 ms) | @@@@@@@@@@@@@@
---------------------------------------------------

HybridRetrievalBenchmarks.'Sparse+dense fusion': DefaultJob [Dimension=128, FilterPercentage=1]
Runtime = .NET 10.0.3 (10.0.3, 10.0.326.7603), X64 RyuJIT x86-64-v2; GC = Concurrent Workstation
Mean = 10.957 ms, StdErr = 0.017 ms (0.16%), N = 14, StdDev = 0.064 ms
Min = 10.796 ms, Q1 = 10.930 ms, Median = 10.978 ms, Q3 = 10.998 ms, Max = 11.031 ms
IQR = 0.069 ms, LowerFence = 10.827 ms, UpperFence = 11.101 ms
ConfidenceInterval = [10.885 ms; 11.029 ms] (CI 99.9%), Margin = 0.072 ms (0.66% of Mean)
Skewness = -1.06, Kurtosis = 3.33, MValue = 2
-------------------- Histogram --------------------
[10.762 ms ; 11.066 ms) | @@@@@@@@@@@@@@
---------------------------------------------------

HybridRetrievalBenchmarks.'Sparse-seeded dense fusion': DefaultJob [Dimension=128, FilterPercentage=1]
Runtime = .NET 10.0.3 (10.0.3, 10.0.326.7603), X64 RyuJIT x86-64-v2; GC = Concurrent Workstation
Mean = 10.972 ms, StdErr = 0.026 ms (0.23%), N = 15, StdDev = 0.099 ms
Min = 10.765 ms, Q1 = 10.930 ms, Median = 10.971 ms, Q3 = 11.035 ms, Max = 11.127 ms
IQR = 0.105 ms, LowerFence = 10.773 ms, UpperFence = 11.193 ms
ConfidenceInterval = [10.866 ms; 11.078 ms] (CI 99.9%), Margin = 0.106 ms (0.97% of Mean)
Skewness = -0.18, Kurtosis = 2.28, MValue = 2
-------------------- Histogram --------------------
[10.713 ms ; 11.180 ms) | @@@@@@@@@@@@@@@
---------------------------------------------------

HybridRetrievalBenchmarks.'Matryoshka prefix rerank': DefaultJob [Dimension=128, FilterPercentage=1]
Runtime = .NET 10.0.3 (10.0.3, 10.0.326.7603), X64 RyuJIT x86-64-v2; GC = Concurrent Workstation
Mean = 30.626 ms, StdErr = 0.030 ms (0.10%), N = 14, StdDev = 0.111 ms
Min = 30.434 ms, Q1 = 30.534 ms, Median = 30.638 ms, Q3 = 30.711 ms, Max = 30.845 ms
IQR = 0.177 ms, LowerFence = 30.269 ms, UpperFence = 30.977 ms
ConfidenceInterval = [30.500 ms; 30.751 ms] (CI 99.9%), Margin = 0.126 ms (0.41% of Mean)
Skewness = 0.09, Kurtosis = 2.09, MValue = 2
-------------------- Histogram --------------------
[30.374 ms ; 30.905 ms) | @@@@@@@@@@@@@@
---------------------------------------------------

HybridRetrievalBenchmarks.'Filtered exact scan': DefaultJob [Dimension=128, FilterPercentage=10]
Runtime = .NET 10.0.3 (10.0.3, 10.0.326.7603), X64 RyuJIT x86-64-v2; GC = Concurrent Workstation
Mean = 3.892 ms, StdErr = 0.007 ms (0.18%), N = 15, StdDev = 0.028 ms
Min = 3.821 ms, Q1 = 3.880 ms, Median = 3.898 ms, Q3 = 3.908 ms, Max = 3.928 ms
IQR = 0.028 ms, LowerFence = 3.839 ms, UpperFence = 3.949 ms
ConfidenceInterval = [3.862 ms; 3.922 ms] (CI 99.9%), Margin = 0.030 ms (0.77% of Mean)
Skewness = -1.02, Kurtosis = 3.38, MValue = 2
-------------------- Histogram --------------------
[3.806 ms ; 3.943 ms) | @@@@@@@@@@@@@@@
---------------------------------------------------

HybridRetrievalBenchmarks.'Filtered HNSW planner': DefaultJob [Dimension=128, FilterPercentage=10]
Runtime = .NET 10.0.3 (10.0.3, 10.0.326.7603), X64 RyuJIT x86-64-v2; GC = Concurrent Workstation
Mean = 3.854 ms, StdErr = 0.006 ms (0.14%), N = 15, StdDev = 0.021 ms
Min = 3.815 ms, Q1 = 3.842 ms, Median = 3.856 ms, Q3 = 3.869 ms, Max = 3.884 ms
IQR = 0.027 ms, LowerFence = 3.801 ms, UpperFence = 3.910 ms
ConfidenceInterval = [3.831 ms; 3.877 ms] (CI 99.9%), Margin = 0.023 ms (0.59% of Mean)
Skewness = -0.52, Kurtosis = 2.01, MValue = 2
-------------------- Histogram --------------------
[3.803 ms ; 3.896 ms) | @@@@@@@@@@@@@@@
---------------------------------------------------

HybridRetrievalBenchmarks.'Full-vector HNSW': DefaultJob [Dimension=128, FilterPercentage=10]
Runtime = .NET 10.0.3 (10.0.3, 10.0.326.7603), X64 RyuJIT x86-64-v2; GC = Concurrent Workstation
Mean = 4.090 ms, StdErr = 0.008 ms (0.19%), N = 14, StdDev = 0.029 ms
Min = 4.046 ms, Q1 = 4.067 ms, Median = 4.086 ms, Q3 = 4.112 ms, Max = 4.137 ms
IQR = 0.045 ms, LowerFence = 4.000 ms, UpperFence = 4.179 ms
ConfidenceInterval = [4.058 ms; 4.123 ms] (CI 99.9%), Margin = 0.033 ms (0.80% of Mean)
Skewness = 0.13, Kurtosis = 1.66, MValue = 2
-------------------- Histogram --------------------
[4.030 ms ; 4.153 ms) | @@@@@@@@@@@@@@
---------------------------------------------------

HybridRetrievalBenchmarks.'Sparse+dense fusion': DefaultJob [Dimension=128, FilterPercentage=10]
Runtime = .NET 10.0.3 (10.0.3, 10.0.326.7603), X64 RyuJIT x86-64-v2; GC = Concurrent Workstation
Mean = 11.734 ms, StdErr = 0.010 ms (0.08%), N = 15, StdDev = 0.037 ms
Min = 11.647 ms, Q1 = 11.725 ms, Median = 11.742 ms, Q3 = 11.751 ms, Max = 11.780 ms
IQR = 0.025 ms, LowerFence = 11.687 ms, UpperFence = 11.789 ms
ConfidenceInterval = [11.694 ms; 11.774 ms] (CI 99.9%), Margin = 0.040 ms (0.34% of Mean)
Skewness = -1.03, Kurtosis = 3.29, MValue = 2
-------------------- Histogram --------------------
[11.627 ms ; 11.800 ms) | @@@@@@@@@@@@@@@
---------------------------------------------------

HybridRetrievalBenchmarks.'Sparse-seeded dense fusion': DefaultJob [Dimension=128, FilterPercentage=10]
Runtime = .NET 10.0.3 (10.0.3, 10.0.326.7603), X64 RyuJIT x86-64-v2; GC = Concurrent Workstation
Mean = 10.849 ms, StdErr = 0.016 ms (0.15%), N = 14, StdDev = 0.059 ms
Min = 10.755 ms, Q1 = 10.802 ms, Median = 10.870 ms, Q3 = 10.899 ms, Max = 10.923 ms
IQR = 0.097 ms, LowerFence = 10.656 ms, UpperFence = 11.045 ms
ConfidenceInterval = [10.782 ms; 10.916 ms] (CI 99.9%), Margin = 0.067 ms (0.62% of Mean)
Skewness = -0.27, Kurtosis = 1.28, MValue = 2
-------------------- Histogram --------------------
[10.723 ms ; 10.956 ms) | @@@@@@@@@@@@@@
---------------------------------------------------

HybridRetrievalBenchmarks.'Matryoshka prefix rerank': DefaultJob [Dimension=128, FilterPercentage=10]
Runtime = .NET 10.0.3 (10.0.3, 10.0.326.7603), X64 RyuJIT x86-64-v2; GC = Concurrent Workstation
Mean = 31.089 ms, StdErr = 0.046 ms (0.15%), N = 13, StdDev = 0.165 ms
Min = 30.935 ms, Q1 = 30.997 ms, Median = 31.037 ms, Q3 = 31.087 ms, Max = 31.517 ms
IQR = 0.089 ms, LowerFence = 30.864 ms, UpperFence = 31.220 ms
ConfidenceInterval = [30.891 ms; 31.286 ms] (CI 99.9%), Margin = 0.198 ms (0.64% of Mean)
Skewness = 1.57, Kurtosis = 4.17, MValue = 2
-------------------- Histogram --------------------
[30.843 ms ; 31.609 ms) | @@@@@@@@@@@@@
---------------------------------------------------

// * Summary *

BenchmarkDotNet v0.16.0-nightly.20260427.506, Linux Debian GNU/Linux 13 (trixie)
Intel Xeon CPU E3-1220 V2 3.10GHz (Max: 1.60GHz), 1 CPU, 4 logical and 4 physical cores
Memory: 23.45 GB Total, 5.68 GB Available
.NET SDK 11.0.100-preview.1.26104.118
  [Host]     : .NET 10.0.3 (10.0.3, 10.0.326.7603), X64 RyuJIT x86-64-v2
  DefaultJob : .NET 10.0.3 (10.0.3, 10.0.326.7603), X64 RyuJIT x86-64-v2


| Method                       | Dimension | FilterPercentage | Mean      | Error     | StdDev    | Ratio | RatioSD | Gen0       | Gen1      | Gen2    | Allocated   | Alloc Ratio |
|----------------------------- |---------- |----------------- |----------:|----------:|----------:|------:|--------:|-----------:|----------:|--------:|------------:|------------:|
| 'Filtered exact scan'        | 64        | 1                |  2.404 ms | 0.0095 ms | 0.0074 ms |  1.00 |    0.00 |          - |         - |       - |     8.41 KB |        1.00 |
| 'Filtered HNSW planner'      | 64        | 1                |  2.404 ms | 0.0167 ms | 0.0156 ms |  1.00 |    0.01 |          - |         - |       - |     8.41 KB |        1.00 |
| 'Full-vector HNSW'           | 64        | 1                |  2.275 ms | 0.0356 ms | 0.0333 ms |  0.95 |    0.01 |     7.8125 |         - |       - |    39.64 KB |        4.72 |
| 'Sparse+dense fusion'        | 64        | 1                |  9.434 ms | 0.0756 ms | 0.0670 ms |  3.92 |    0.03 |   796.8750 |         - |       - |  3275.96 KB |      389.66 |
| 'Sparse-seeded dense fusion' | 64        | 1                |  9.491 ms | 0.0774 ms | 0.0724 ms |  3.95 |    0.03 |   796.8750 |         - |       - |  3288.82 KB |      391.19 |
| 'Matryoshka prefix rerank'   | 64        | 1                | 26.542 ms | 0.1449 ms | 0.1356 ms | 11.04 |    0.06 |  7093.7500 |  312.5000 | 62.5000 | 30024.49 KB |    3,571.27 |
|                              |           |                  |           |           |           |       |         |            |           |         |             |             |
| 'Filtered exact scan'        | 64        | 10               |  3.583 ms | 0.0200 ms | 0.0187 ms |  1.00 |    0.00 |          - |         - |       - |     8.41 KB |        1.00 |
| 'Filtered HNSW planner'      | 64        | 10               |  3.585 ms | 0.0222 ms | 0.0207 ms |  1.00 |    0.01 |          - |         - |       - |     8.41 KB |        1.00 |
| 'Full-vector HNSW'           | 64        | 10               |  2.285 ms | 0.0156 ms | 0.0138 ms |  0.64 |    0.00 |     7.8125 |         - |       - |    39.64 KB |        4.72 |
| 'Sparse+dense fusion'        | 64        | 10               |  9.247 ms | 0.0472 ms | 0.0419 ms |  2.58 |    0.02 |   765.6250 |         - |       - |  3188.47 KB |      379.25 |
| 'Sparse-seeded dense fusion' | 64        | 10               |  9.356 ms | 0.0607 ms | 0.0568 ms |  2.61 |    0.02 |   781.2500 |         - |       - |  3201.35 KB |      380.79 |
| 'Matryoshka prefix rerank'   | 64        | 10               | 26.192 ms | 0.0860 ms | 0.0805 ms |  7.31 |    0.04 |  7093.7500 |  312.5000 | 62.5000 | 30024.44 KB |    3,571.27 |
|                              |           |                  |           |           |           |       |         |            |           |         |             |             |
| 'Filtered exact scan'        | 128       | 1                |  2.463 ms | 0.0128 ms | 0.0120 ms |  1.00 |    0.00 |          - |         - |       - |    13.41 KB |        1.00 |
| 'Filtered HNSW planner'      | 128       | 1                |  2.427 ms | 0.0164 ms | 0.0153 ms |  0.99 |    0.01 |          - |         - |       - |    13.41 KB |        1.00 |
| 'Full-vector HNSW'           | 128       | 1                |  4.113 ms | 0.0394 ms | 0.0350 ms |  1.67 |    0.02 |     7.8125 |         - |       - |    45.58 KB |        3.40 |
| 'Sparse+dense fusion'        | 128       | 1                | 10.957 ms | 0.0720 ms | 0.0638 ms |  4.45 |    0.03 |   796.8750 |         - |       - |  3281.89 KB |      244.79 |
| 'Sparse-seeded dense fusion' | 128       | 1                | 10.972 ms | 0.1060 ms | 0.0992 ms |  4.45 |    0.04 |   796.8750 |         - |       - |  3303.01 KB |      246.36 |
| 'Matryoshka prefix rerank'   | 128       | 1                | 30.626 ms | 0.1257 ms | 0.1114 ms | 12.43 |    0.07 | 13250.0000 | 1406.2500 | 93.7500 | 55129.01 KB |    4,111.89 |
|                              |           |                  |           |           |           |       |         |            |           |         |             |             |
| 'Filtered exact scan'        | 128       | 10               |  3.892 ms | 0.0298 ms | 0.0279 ms |  1.00 |    0.00 |          - |         - |       - |    13.41 KB |        1.00 |
| 'Filtered HNSW planner'      | 128       | 10               |  3.854 ms | 0.0229 ms | 0.0214 ms |  0.99 |    0.01 |          - |         - |       - |    13.41 KB |        1.00 |
| 'Full-vector HNSW'           | 128       | 10               |  4.090 ms | 0.0325 ms | 0.0288 ms |  1.05 |    0.01 |     7.8125 |         - |       - |    45.58 KB |        3.40 |
| 'Sparse+dense fusion'        | 128       | 10               | 11.734 ms | 0.0397 ms | 0.0372 ms |  3.01 |    0.02 |   781.2500 |         - |       - |  3194.42 KB |      238.24 |
| 'Sparse-seeded dense fusion' | 128       | 10               | 10.849 ms | 0.0670 ms | 0.0594 ms |  2.79 |    0.02 |   781.2500 |         - |       - |  3215.54 KB |      239.82 |
| 'Matryoshka prefix rerank'   | 128       | 10               | 31.089 ms | 0.1977 ms | 0.1651 ms |  7.99 |    0.07 | 13250.0000 | 1406.2500 | 93.7500 | 55129.01 KB |    4,111.59 |

// * Hints *
Outliers
  HybridRetrievalBenchmarks.'Filtered exact scan': Default        -> 3 outliers were removed, 5 outliers were detected (2.38 ms, 2.40 ms, 2.42 ms..2.42 ms)
  HybridRetrievalBenchmarks.'Filtered HNSW planner': Default      -> 2 outliers were detected (2.37 ms, 2.38 ms)
  HybridRetrievalBenchmarks.'Sparse+dense fusion': Default        -> 1 outlier  was  removed (9.76 ms)
  HybridRetrievalBenchmarks.'Matryoshka prefix rerank': Default   -> 1 outlier  was  detected (26.17 ms)
  HybridRetrievalBenchmarks.'Filtered exact scan': Default        -> 2 outliers were detected (3.55 ms, 3.55 ms)
  HybridRetrievalBenchmarks.'Full-vector HNSW': Default           -> 1 outlier  was  removed (2.35 ms)
  HybridRetrievalBenchmarks.'Sparse+dense fusion': Default        -> 1 outlier  was  removed (9.69 ms)
  HybridRetrievalBenchmarks.'Sparse-seeded dense fusion': Default -> 2 outliers were detected (9.20 ms, 9.27 ms)
  HybridRetrievalBenchmarks.'Filtered exact scan': Default        -> 2 outliers were detected (2.44 ms, 2.44 ms)
  HybridRetrievalBenchmarks.'Full-vector HNSW': Default           -> 1 outlier  was  removed (4.21 ms)
  HybridRetrievalBenchmarks.'Sparse+dense fusion': Default        -> 1 outlier  was  removed, 2 outliers were detected (10.80 ms, 11.37 ms)
  HybridRetrievalBenchmarks.'Sparse-seeded dense fusion': Default -> 1 outlier  was  detected (10.77 ms)
  HybridRetrievalBenchmarks.'Matryoshka prefix rerank': Default   -> 1 outlier  was  removed (31.71 ms)
  HybridRetrievalBenchmarks.'Filtered exact scan': Default        -> 1 outlier  was  detected (3.82 ms)
  HybridRetrievalBenchmarks.'Full-vector HNSW': Default           -> 1 outlier  was  removed (4.20 ms)
  HybridRetrievalBenchmarks.'Sparse+dense fusion': Default        -> 2 outliers were detected (11.65 ms, 11.66 ms)
  HybridRetrievalBenchmarks.'Sparse-seeded dense fusion': Default -> 1 outlier  was  removed (11.05 ms)
  HybridRetrievalBenchmarks.'Matryoshka prefix rerank': Default   -> 2 outliers were removed (31.92 ms, 31.97 ms)

// * Legends *
  Dimension        : Value of the 'Dimension' parameter
  FilterPercentage : Value of the 'FilterPercentage' parameter
  Mean             : Arithmetic mean of all measurements
  Error            : Half of 99.9% confidence interval
  StdDev           : Standard deviation of all measurements
  Ratio            : Mean of the ratio distribution ([Current]/[Baseline])
  RatioSD          : Standard deviation of the ratio distribution ([Current]/[Baseline])
  Gen0             : GC Generation 0 collects per 1000 operations
  Gen1             : GC Generation 1 collects per 1000 operations
  Gen2             : GC Generation 2 collects per 1000 operations
  Allocated        : Allocated memory per single operation (managed only, inclusive, 1KB = 1024B)
  Alloc Ratio      : Allocated memory ratio distribution ([Current]/[Baseline])
  1 ms             : 1 Millisecond (0.001 sec)

// * Diagnostic Output - MemoryDiagnoser *


// ***** BenchmarkRunner: End *****
Run time: 00:40:36 (2436.1 sec), executed benchmarks: 24

Global total time: 00:41:50 (2510.57 sec), executed benchmarks: 24
// * Artifacts cleanup *
Artifacts cleanup is finished
