Target,Target_Namespace,Target_Type,Target_Method,Job_Id,Job_AnalyzeLaunchVariance,Job_EvaluateOverhead,Job_MaxAbsoluteError,Job_MaxRelativeError,Job_MinInvokeCount,Job_MinIterationTime,Job_OutlierMode,Job_Affinity,Job_EnvironmentVariables,Job_Jit,Job_LargeAddressAware,Job_Platform,Job_PowerPlanMode,Job_Runtime,Job_AllowVeryLargeObjects,Job_Concurrent,Job_CpuGroups,Job_Force,Job_HeapAffinitizeMask,Job_HeapCount,Job_NoAffinitize,Job_RetainVm,Job_Server,Job_Arguments,Job_BuildConfiguration,Job_Clock,Job_EngineFactory,Job_Toolchain,Job_IsMutator,Job_InvocationCount,Job_IterationCount,Job_IterationTime,Job_LaunchCount,Job_MaxIterationCount,Job_MaxWarmupIterationCount,Job_MemoryRandomization,Job_MinIterationCount,Job_MinWarmupIterationCount,Job_RunStrategy,Job_UnrollFactor,Job_WarmupCount,Job_Display,Params,Measurement_LaunchIndex,Measurement_IterationMode,Measurement_IterationStage,Measurement_IterationIndex,Measurement_Nanoseconds,Measurement_Operations,Measurement_Value,Gen_0,Gen_1,Gen_2,Allocated_Bytes
DisjunctionMaxQueryBenchmarks.LeanCorpus_DisjunctionMaxQuery,Rowles.LeanCorpus.Benchmarks,DisjunctionMaxQueryBenchmarks,LeanCorpus_DisjunctionMaxQuery,DefaultJob,Default,Default,Default,Default,Default,Default,Default,Default,Default,Default,Default,Default,Default,Default,Default,Default,Default,Default,Default,Default,Default,Default,Default,Default,Default,Default,Default,Default,Default,Default,Default,Default,Default,Default,Default,Default,Default,Default,Default,Default,Default,DefaultJob,TieBreakerMultiplier=0&DocumentCount=100000,1,Workload,Jitting,1,81324617,1,81324617,0,0,0,3464
DisjunctionMaxQueryBenchmarks.LeanCorpus_DisjunctionMaxQuery,Rowles.LeanCorpus.Benchmarks,DisjunctionMaxQueryBenchmarks,LeanCorpus_DisjunctionMaxQuery,DefaultJob,Default,Default,Default,Default,Default,Default,Default,Default,Default,Default,Default,Default,Default,Default,Default,Default,Default,Default,Default,Default,Default,Default,Default,Default,Default,Default,Default,Default,Default,Default,Default,Default,Default,Default,Default,Default,Default,Default,Default,Default,Default,DefaultJob,TieBreakerMultiplier=0&DocumentCount=100000,1,Workload,Jitting,2,49729311,30,1657643.7,0,0,0,3464
DisjunctionMaxQueryBenchmarks.LeanCorpus_DisjunctionMaxQuery,Rowles.LeanCorpus.Benchmarks,DisjunctionMaxQueryBenchmarks,LeanCorpus_DisjunctionMaxQuery,DefaultJob,Default,Default,Default,Default,Default,Default,Default,Default,Default,Default,Default,Default,Default,Default,Default,Default,Default,Default,Default,Default,Default,Default,Default,Default,Default,Default,Default,Default,Default,Default,Default,Default,Default,Default,Default,Default,Default,Default,Default,Default,Default,DefaultJob,TieBreakerMultiplier=0&DocumentCount=100000,1,Workload,Jitting,3,43825226,30,1460840.87,0,0,0,3464
DisjunctionMaxQueryBenchmarks.LeanCorpus_DisjunctionMaxQuery,Rowles.LeanCorpus.Benchmarks,DisjunctionMaxQueryBenchmarks,LeanCorpus_DisjunctionMaxQuery,DefaultJob,Default,Default,Default,Default,Default,Default,Default,Default,Default,Default,Default,Default,Default,Default,Default,Default,Default,Default,Default,Default,Default,Default,Default,Default,Default,Default,Default,Default,Default,Default,Default,Default,Default,Default,Default,Default,Default,Default,Default,Default,Default,DefaultJob,TieBreakerMultiplier=0&DocumentCount=100000,1,Workload,Jitting,4,25692771,30,856425.7,0,0,0,3464
DisjunctionMaxQueryBenchmarks.LeanCorpus_DisjunctionMaxQuery,Rowles.LeanCorpus.Benchmarks,DisjunctionMaxQueryBenchmarks,LeanCorpus_DisjunctionMaxQuery,DefaultJob,Default,Default,Default,Default,Default,Default,Default,Default,Default,Default,Default,Default,Default,Default,Default,Default,Default,Default,Default,Default,Default,Default,Default,Default,Default,Default,Default,Default,Default,Default,Default,Default,Default,Default,Default,Default,Default,Default,Default,Default,Default,DefaultJob,TieBreakerMultiplier=0&DocumentCount=100000,1,Workload,Jitting,5,1294875,1,1294875,0,0,0,3464
DisjunctionMaxQueryBenchmarks.LeanCorpus_DisjunctionMaxQuery,Rowles.LeanCorpus.Benchmarks,DisjunctionMaxQueryBenchmarks,LeanCorpus_DisjunctionMaxQuery,DefaultJob,Default,Default,Default,Default,Default,Default,Default,Default,Default,Default,Default,Default,Default,Default,Default,Default,Default,Default,Default,Default,Default,Default,Default,Default,Default,Default,Default,Default,Default,Default,Default,Default,Default,Default,Default,Default,Default,Default,Default,Default,Default,DefaultJob,TieBreakerMultiplier=0&DocumentCount=100000,1,Workload,Pilot,1,1292503,1,1292503,0,0,0,3464
DisjunctionMaxQueryBenchmarks.LeanCorpus_DisjunctionMaxQuery,Rowles.LeanCorpus.Benchmarks,DisjunctionMaxQueryBenchmarks,LeanCorpus_DisjunctionMaxQuery,DefaultJob,Default,Default,Default,Default,Default,Default,Default,Default,Default,Default,Default,Default,Default,Default,Default,Default,Default,Default,Default,Default,Default,Default,Default,Default,Default,Default,Default,Default,Default,Default,Default,Default,Default,Default,Default,Default,Default,Default,Default,Default,Default,DefaultJob,TieBreakerMultiplier=0&DocumentCount=100000,1,Workload,Pilot,1,19889584,16,1243099,0,0,0,3464
DisjunctionMaxQueryBenchmarks.LeanCorpus_DisjunctionMaxQuery,Rowles.LeanCorpus.Benchmarks,DisjunctionMaxQueryBenchmarks,LeanCorpus_DisjunctionMaxQuery,DefaultJob,Default,Default,Default,Default,Default,Default,Default,Default,Default,Default,Default,Default,Default,Default,Default,Default,Default,Default,Default,Default,Default,Default,Default,Default,Default,Default,Default,Default,Default,Default,Default,Default,Default,Default,Default,Default,Default,Default,Default,Default,Default,DefaultJob,TieBreakerMultiplier=0&DocumentCount=100000,1,Workload,Pilot,2,35292439,32,1102888.72,0,0,0,3464
DisjunctionMaxQueryBenchmarks.LeanCorpus_DisjunctionMaxQuery,Rowles.LeanCorpus.Benchmarks,DisjunctionMaxQueryBenchmarks,LeanCorpus_DisjunctionMaxQuery,DefaultJob,Default,Default,Default,Default,Default,Default,Default,Default,Default,Default,Default,Default,Default,Default,Default,Default,Default,Default,Default,Default,Default,Default,Default,Default,Default,Default,Default,Default,Default,Default,Default,Default,Default,Default,Default,Default,Default,Default,Default,Default,Default,DefaultJob,TieBreakerMultiplier=0&DocumentCount=100000,1,Workload,Pilot,3,52815399,64,825240.61,0,0,0,3464
DisjunctionMaxQueryBenchmarks.LeanCorpus_DisjunctionMaxQuery,Rowles.LeanCorpus.Benchmarks,DisjunctionMaxQueryBenchmarks,LeanCorpus_DisjunctionMaxQuery,DefaultJob,Default,Default,Default,Default,Default,Default,Default,Default,Default,Default,Default,Default,Default,Default,Default,Default,Default,Default,Default,Default,Default,Default,Default,Default,Default,Default,Default,Default,Default,Default,Default,Default,Default,Default,Default,Default,Default,Default,Default,Default,Default,DefaultJob,TieBreakerMultiplier=0&DocumentCount=100000,1,Workload,Pilot,4,94320508,128,736878.97,0,0,0,3464
DisjunctionMaxQueryBenchmarks.LeanCorpus_DisjunctionMaxQuery,Rowles.LeanCorpus.Benchmarks,DisjunctionMaxQueryBenchmarks,LeanCorpus_DisjunctionMaxQuery,DefaultJob,Default,Default,Default,Default,Default,Default,Default,Default,Default,Default,Default,Default,Default,Default,Default,Default,Default,Default,Default,Default,Default,Default,Default,Default,Default,Default,Default,Default,Default,Default,Default,Default,Default,Default,Default,Default,Default,Default,Default,Default,Default,DefaultJob,TieBreakerMultiplier=0&DocumentCount=100000,1,Workload,Pilot,5,187822423,256,733681.34,0,0,0,3464
DisjunctionMaxQueryBenchmarks.LeanCorpus_DisjunctionMaxQuery,Rowles.LeanCorpus.Benchmarks,DisjunctionMaxQueryBenchmarks,LeanCorpus_DisjunctionMaxQuery,DefaultJob,Default,Default,Default,Default,Default,Default,Default,Default,Default,Default,Default,Default,Default,Default,Default,Default,Default,Default,Default,Default,Default,Default,Default,Default,Default,Default,Default,Default,Default,Default,Default,Default,Default,Default,Default,Default,Default,Default,Default,Default,Default,DefaultJob,TieBreakerMultiplier=0&DocumentCount=100000,1,Workload,Pilot,6,377260064,512,736836.06,0,0,0,3464
DisjunctionMaxQueryBenchmarks.LeanCorpus_DisjunctionMaxQuery,Rowles.LeanCorpus.Benchmarks,DisjunctionMaxQueryBenchmarks,LeanCorpus_DisjunctionMaxQuery,DefaultJob,Default,Default,Default,Default,Default,Default,Default,Default,Default,Default,Default,Default,Default,Default,Default,Default,Default,Default,Default,Default,Default,Default,Default,Default,Default,Default,Default,Default,Default,Default,Default,Default,Default,Default,Default,Default,Default,Default,Default,Default,Default,DefaultJob,TieBreakerMultiplier=0&DocumentCount=100000,1,Workload,Pilot,7,764174470,1024,746264.13,0,0,0,3464
DisjunctionMaxQueryBenchmarks.LeanCorpus_DisjunctionMaxQuery,Rowles.LeanCorpus.Benchmarks,DisjunctionMaxQueryBenchmarks,LeanCorpus_DisjunctionMaxQuery,DefaultJob,Default,Default,Default,Default,Default,Default,Default,Default,Default,Default,Default,Default,Default,Default,Default,Default,Default,Default,Default,Default,Default,Default,Default,Default,Default,Default,Default,Default,Default,Default,Default,Default,Default,Default,Default,Default,Default,Default,Default,Default,Default,DefaultJob,TieBreakerMultiplier=0&DocumentCount=100000,1,Workload,Warmup,1,766402216,1024,748439.66,0,0,0,3464
DisjunctionMaxQueryBenchmarks.LeanCorpus_DisjunctionMaxQuery,Rowles.LeanCorpus.Benchmarks,DisjunctionMaxQueryBenchmarks,LeanCorpus_DisjunctionMaxQuery,DefaultJob,Default,Default,Default,Default,Default,Default,Default,Default,Default,Default,Default,Default,Default,Default,Default,Default,Default,Default,Default,Default,Default,Default,Default,Default,Default,Default,Default,Default,Default,Default,Default,Default,Default,Default,Default,Default,Default,Default,Default,Default,Default,DefaultJob,TieBreakerMultiplier=0&DocumentCount=100000,1,Workload,Warmup,2,764759301,1024,746835.25,0,0,0,3464
DisjunctionMaxQueryBenchmarks.LeanCorpus_DisjunctionMaxQuery,Rowles.LeanCorpus.Benchmarks,DisjunctionMaxQueryBenchmarks,LeanCorpus_DisjunctionMaxQuery,DefaultJob,Default,Default,Default,Default,Default,Default,Default,Default,Default,Default,Default,Default,Default,Default,Default,Default,Default,Default,Default,Default,Default,Default,Default,Default,Default,Default,Default,Default,Default,Default,Default,Default,Default,Default,Default,Default,Default,Default,Default,Default,Default,DefaultJob,TieBreakerMultiplier=0&DocumentCount=100000,1,Workload,Warmup,3,759305544,1024,741509.32,0,0,0,3464
DisjunctionMaxQueryBenchmarks.LeanCorpus_DisjunctionMaxQuery,Rowles.LeanCorpus.Benchmarks,DisjunctionMaxQueryBenchmarks,LeanCorpus_DisjunctionMaxQuery,DefaultJob,Default,Default,Default,Default,Default,Default,Default,Default,Default,Default,Default,Default,Default,Default,Default,Default,Default,Default,Default,Default,Default,Default,Default,Default,Default,Default,Default,Default,Default,Default,Default,Default,Default,Default,Default,Default,Default,Default,Default,Default,Default,DefaultJob,TieBreakerMultiplier=0&DocumentCount=100000,1,Workload,Warmup,4,764430801,1024,746514.45,0,0,0,3464
DisjunctionMaxQueryBenchmarks.LeanCorpus_DisjunctionMaxQuery,Rowles.LeanCorpus.Benchmarks,DisjunctionMaxQueryBenchmarks,LeanCorpus_DisjunctionMaxQuery,DefaultJob,Default,Default,Default,Default,Default,Default,Default,Default,Default,Default,Default,Default,Default,Default,Default,Default,Default,Default,Default,Default,Default,Default,Default,Default,Default,Default,Default,Default,Default,Default,Default,Default,Default,Default,Default,Default,Default,Default,Default,Default,Default,DefaultJob,TieBreakerMultiplier=0&DocumentCount=100000,1,Workload,Warmup,5,763957560,1024,746052.3,0,0,0,3464
DisjunctionMaxQueryBenchmarks.LeanCorpus_DisjunctionMaxQuery,Rowles.LeanCorpus.Benchmarks,DisjunctionMaxQueryBenchmarks,LeanCorpus_DisjunctionMaxQuery,DefaultJob,Default,Default,Default,Default,Default,Default,Default,Default,Default,Default,Default,Default,Default,Default,Default,Default,Default,Default,Default,Default,Default,Default,Default,Default,Default,Default,Default,Default,Default,Default,Default,Default,Default,Default,Default,Default,Default,Default,Default,Default,Default,DefaultJob,TieBreakerMultiplier=0&DocumentCount=100000,1,Workload,Warmup,6,765057936,1024,747126.89,0,0,0,3464
DisjunctionMaxQueryBenchmarks.LeanCorpus_DisjunctionMaxQuery,Rowles.LeanCorpus.Benchmarks,DisjunctionMaxQueryBenchmarks,LeanCorpus_DisjunctionMaxQuery,DefaultJob,Default,Default,Default,Default,Default,Default,Default,Default,Default,Default,Default,Default,Default,Default,Default,Default,Default,Default,Default,Default,Default,Default,Default,Default,Default,Default,Default,Default,Default,Default,Default,Default,Default,Default,Default,Default,Default,Default,Default,Default,Default,DefaultJob,TieBreakerMultiplier=0&DocumentCount=100000,1,Workload,Warmup,7,764653131,1024,746731.57,0,0,0,3464
DisjunctionMaxQueryBenchmarks.LeanCorpus_DisjunctionMaxQuery,Rowles.LeanCorpus.Benchmarks,DisjunctionMaxQueryBenchmarks,LeanCorpus_DisjunctionMaxQuery,DefaultJob,Default,Default,Default,Default,Default,Default,Default,Default,Default,Default,Default,Default,Default,Default,Default,Default,Default,Default,Default,Default,Default,Default,Default,Default,Default,Default,Default,Default,Default,Default,Default,Default,Default,Default,Default,Default,Default,Default,Default,Default,Default,DefaultJob,TieBreakerMultiplier=0&DocumentCount=100000,1,Workload,Actual,1,751557007,1024,733942.39,0,0,0,3464
DisjunctionMaxQueryBenchmarks.LeanCorpus_DisjunctionMaxQuery,Rowles.LeanCorpus.Benchmarks,DisjunctionMaxQueryBenchmarks,LeanCorpus_DisjunctionMaxQuery,DefaultJob,Default,Default,Default,Default,Default,Default,Default,Default,Default,Default,Default,Default,Default,Default,Default,Default,Default,Default,Default,Default,Default,Default,Default,Default,Default,Default,Default,Default,Default,Default,Default,Default,Default,Default,Default,Default,Default,Default,Default,Default,Default,DefaultJob,TieBreakerMultiplier=0&DocumentCount=100000,1,Workload,Actual,2,753315188,1024,735659.36,0,0,0,3464
DisjunctionMaxQueryBenchmarks.LeanCorpus_DisjunctionMaxQuery,Rowles.LeanCorpus.Benchmarks,DisjunctionMaxQueryBenchmarks,LeanCorpus_DisjunctionMaxQuery,DefaultJob,Default,Default,Default,Default,Default,Default,Default,Default,Default,Default,Default,Default,Default,Default,Default,Default,Default,Default,Default,Default,Default,Default,Default,Default,Default,Default,Default,Default,Default,Default,Default,Default,Default,Default,Default,Default,Default,Default,Default,Default,Default,DefaultJob,TieBreakerMultiplier=0&DocumentCount=100000,1,Workload,Actual,3,752304165,1024,734672.04,0,0,0,3464
DisjunctionMaxQueryBenchmarks.LeanCorpus_DisjunctionMaxQuery,Rowles.LeanCorpus.Benchmarks,DisjunctionMaxQueryBenchmarks,LeanCorpus_DisjunctionMaxQuery,DefaultJob,Default,Default,Default,Default,Default,Default,Default,Default,Default,Default,Default,Default,Default,Default,Default,Default,Default,Default,Default,Default,Default,Default,Default,Default,Default,Default,Default,Default,Default,Default,Default,Default,Default,Default,Default,Default,Default,Default,Default,Default,Default,DefaultJob,TieBreakerMultiplier=0&DocumentCount=100000,1,Workload,Actual,4,757332971,1024,739582.98,0,0,0,3464
DisjunctionMaxQueryBenchmarks.LeanCorpus_DisjunctionMaxQuery,Rowles.LeanCorpus.Benchmarks,DisjunctionMaxQueryBenchmarks,LeanCorpus_DisjunctionMaxQuery,DefaultJob,Default,Default,Default,Default,Default,Default,Default,Default,Default,Default,Default,Default,Default,Default,Default,Default,Default,Default,Default,Default,Default,Default,Default,Default,Default,Default,Default,Default,Default,Default,Default,Default,Default,Default,Default,Default,Default,Default,Default,Default,Default,DefaultJob,TieBreakerMultiplier=0&DocumentCount=100000,1,Workload,Actual,5,751367373,1024,733757.2,0,0,0,3464
DisjunctionMaxQueryBenchmarks.LeanCorpus_DisjunctionMaxQuery,Rowles.LeanCorpus.Benchmarks,DisjunctionMaxQueryBenchmarks,LeanCorpus_DisjunctionMaxQuery,DefaultJob,Default,Default,Default,Default,Default,Default,Default,Default,Default,Default,Default,Default,Default,Default,Default,Default,Default,Default,Default,Default,Default,Default,Default,Default,Default,Default,Default,Default,Default,Default,Default,Default,Default,Default,Default,Default,Default,Default,Default,Default,Default,DefaultJob,TieBreakerMultiplier=0&DocumentCount=100000,1,Workload,Actual,6,764750699,1024,746826.85,0,0,0,3464
DisjunctionMaxQueryBenchmarks.LeanCorpus_DisjunctionMaxQuery,Rowles.LeanCorpus.Benchmarks,DisjunctionMaxQueryBenchmarks,LeanCorpus_DisjunctionMaxQuery,DefaultJob,Default,Default,Default,Default,Default,Default,Default,Default,Default,Default,Default,Default,Default,Default,Default,Default,Default,Default,Default,Default,Default,Default,Default,Default,Default,Default,Default,Default,Default,Default,Default,Default,Default,Default,Default,Default,Default,Default,Default,Default,Default,DefaultJob,TieBreakerMultiplier=0&DocumentCount=100000,1,Workload,Actual,7,765013324,1024,747083.32,0,0,0,3464
DisjunctionMaxQueryBenchmarks.LeanCorpus_DisjunctionMaxQuery,Rowles.LeanCorpus.Benchmarks,DisjunctionMaxQueryBenchmarks,LeanCorpus_DisjunctionMaxQuery,DefaultJob,Default,Default,Default,Default,Default,Default,Default,Default,Default,Default,Default,Default,Default,Default,Default,Default,Default,Default,Default,Default,Default,Default,Default,Default,Default,Default,Default,Default,Default,Default,Default,Default,Default,Default,Default,Default,Default,Default,Default,Default,Default,DefaultJob,TieBreakerMultiplier=0&DocumentCount=100000,1,Workload,Actual,8,765073758,1024,747142.34,0,0,0,3464
DisjunctionMaxQueryBenchmarks.LeanCorpus_DisjunctionMaxQuery,Rowles.LeanCorpus.Benchmarks,DisjunctionMaxQueryBenchmarks,LeanCorpus_DisjunctionMaxQuery,DefaultJob,Default,Default,Default,Default,Default,Default,Default,Default,Default,Default,Default,Default,Default,Default,Default,Default,Default,Default,Default,Default,Default,Default,Default,Default,Default,Default,Default,Default,Default,Default,Default,Default,Default,Default,Default,Default,Default,Default,Default,Default,Default,DefaultJob,TieBreakerMultiplier=0&DocumentCount=100000,1,Workload,Actual,9,764265641,1024,746353.17,0,0,0,3464
DisjunctionMaxQueryBenchmarks.LeanCorpus_DisjunctionMaxQuery,Rowles.LeanCorpus.Benchmarks,DisjunctionMaxQueryBenchmarks,LeanCorpus_DisjunctionMaxQuery,DefaultJob,Default,Default,Default,Default,Default,Default,Default,Default,Default,Default,Default,Default,Default,Default,Default,Default,Default,Default,Default,Default,Default,Default,Default,Default,Default,Default,Default,Default,Default,Default,Default,Default,Default,Default,Default,Default,Default,Default,Default,Default,Default,DefaultJob,TieBreakerMultiplier=0&DocumentCount=100000,1,Workload,Actual,10,765025545,1024,747095.26,0,0,0,3464
DisjunctionMaxQueryBenchmarks.LeanCorpus_DisjunctionMaxQuery,Rowles.LeanCorpus.Benchmarks,DisjunctionMaxQueryBenchmarks,LeanCorpus_DisjunctionMaxQuery,DefaultJob,Default,Default,Default,Default,Default,Default,Default,Default,Default,Default,Default,Default,Default,Default,Default,Default,Default,Default,Default,Default,Default,Default,Default,Default,Default,Default,Default,Default,Default,Default,Default,Default,Default,Default,Default,Default,Default,Default,Default,Default,Default,DefaultJob,TieBreakerMultiplier=0&DocumentCount=100000,1,Workload,Actual,11,757927951,1024,740164.01,0,0,0,3464
DisjunctionMaxQueryBenchmarks.LeanCorpus_DisjunctionMaxQuery,Rowles.LeanCorpus.Benchmarks,DisjunctionMaxQueryBenchmarks,LeanCorpus_DisjunctionMaxQuery,DefaultJob,Default,Default,Default,Default,Default,Default,Default,Default,Default,Default,Default,Default,Default,Default,Default,Default,Default,Default,Default,Default,Default,Default,Default,Default,Default,Default,Default,Default,Default,Default,Default,Default,Default,Default,Default,Default,Default,Default,Default,Default,Default,DefaultJob,TieBreakerMultiplier=0&DocumentCount=100000,1,Workload,Actual,12,764574335,1024,746654.62,0,0,0,3464
DisjunctionMaxQueryBenchmarks.LeanCorpus_DisjunctionMaxQuery,Rowles.LeanCorpus.Benchmarks,DisjunctionMaxQueryBenchmarks,LeanCorpus_DisjunctionMaxQuery,DefaultJob,Default,Default,Default,Default,Default,Default,Default,Default,Default,Default,Default,Default,Default,Default,Default,Default,Default,Default,Default,Default,Default,Default,Default,Default,Default,Default,Default,Default,Default,Default,Default,Default,Default,Default,Default,Default,Default,Default,Default,Default,Default,DefaultJob,TieBreakerMultiplier=0&DocumentCount=100000,1,Workload,Actual,13,764333702,1024,746419.63,0,0,0,3464
DisjunctionMaxQueryBenchmarks.LeanCorpus_DisjunctionMaxQuery,Rowles.LeanCorpus.Benchmarks,DisjunctionMaxQueryBenchmarks,LeanCorpus_DisjunctionMaxQuery,DefaultJob,Default,Default,Default,Default,Default,Default,Default,Default,Default,Default,Default,Default,Default,Default,Default,Default,Default,Default,Default,Default,Default,Default,Default,Default,Default,Default,Default,Default,Default,Default,Default,Default,Default,Default,Default,Default,Default,Default,Default,Default,Default,DefaultJob,TieBreakerMultiplier=0&DocumentCount=100000,1,Workload,Actual,14,764400043,1024,746484.42,0,0,0,3464
DisjunctionMaxQueryBenchmarks.LeanCorpus_DisjunctionMaxQuery,Rowles.LeanCorpus.Benchmarks,DisjunctionMaxQueryBenchmarks,LeanCorpus_DisjunctionMaxQuery,DefaultJob,Default,Default,Default,Default,Default,Default,Default,Default,Default,Default,Default,Default,Default,Default,Default,Default,Default,Default,Default,Default,Default,Default,Default,Default,Default,Default,Default,Default,Default,Default,Default,Default,Default,Default,Default,Default,Default,Default,Default,Default,Default,DefaultJob,TieBreakerMultiplier=0&DocumentCount=100000,1,Workload,Actual,15,763933363,1024,746028.67,0,0,0,3464
DisjunctionMaxQueryBenchmarks.LeanCorpus_DisjunctionMaxQuery,Rowles.LeanCorpus.Benchmarks,DisjunctionMaxQueryBenchmarks,LeanCorpus_DisjunctionMaxQuery,DefaultJob,Default,Default,Default,Default,Default,Default,Default,Default,Default,Default,Default,Default,Default,Default,Default,Default,Default,Default,Default,Default,Default,Default,Default,Default,Default,Default,Default,Default,Default,Default,Default,Default,Default,Default,Default,Default,Default,Default,Default,Default,Default,DefaultJob,TieBreakerMultiplier=0&DocumentCount=100000,1,Workload,Extra,1,764223451,1024,746311.96,0,0,0,3464
DisjunctionMaxQueryBenchmarks.LeanCorpus_DisjunctionMaxQuery,Rowles.LeanCorpus.Benchmarks,DisjunctionMaxQueryBenchmarks,LeanCorpus_DisjunctionMaxQuery,DefaultJob,Default,Default,Default,Default,Default,Default,Default,Default,Default,Default,Default,Default,Default,Default,Default,Default,Default,Default,Default,Default,Default,Default,Default,Default,Default,Default,Default,Default,Default,Default,Default,Default,Default,Default,Default,Default,Default,Default,Default,Default,Default,DefaultJob,TieBreakerMultiplier=0&DocumentCount=100000,1,Workload,Result,1,751557007,1024,733942.39,0,0,0,3464
DisjunctionMaxQueryBenchmarks.LeanCorpus_DisjunctionMaxQuery,Rowles.LeanCorpus.Benchmarks,DisjunctionMaxQueryBenchmarks,LeanCorpus_DisjunctionMaxQuery,DefaultJob,Default,Default,Default,Default,Default,Default,Default,Default,Default,Default,Default,Default,Default,Default,Default,Default,Default,Default,Default,Default,Default,Default,Default,Default,Default,Default,Default,Default,Default,Default,Default,Default,Default,Default,Default,Default,Default,Default,Default,Default,Default,DefaultJob,TieBreakerMultiplier=0&DocumentCount=100000,1,Workload,Result,2,753315188,1024,735659.36,0,0,0,3464
DisjunctionMaxQueryBenchmarks.LeanCorpus_DisjunctionMaxQuery,Rowles.LeanCorpus.Benchmarks,DisjunctionMaxQueryBenchmarks,LeanCorpus_DisjunctionMaxQuery,DefaultJob,Default,Default,Default,Default,Default,Default,Default,Default,Default,Default,Default,Default,Default,Default,Default,Default,Default,Default,Default,Default,Default,Default,Default,Default,Default,Default,Default,Default,Default,Default,Default,Default,Default,Default,Default,Default,Default,Default,Default,Default,Default,DefaultJob,TieBreakerMultiplier=0&DocumentCount=100000,1,Workload,Result,3,752304165,1024,734672.04,0,0,0,3464
DisjunctionMaxQueryBenchmarks.LeanCorpus_DisjunctionMaxQuery,Rowles.LeanCorpus.Benchmarks,DisjunctionMaxQueryBenchmarks,LeanCorpus_DisjunctionMaxQuery,DefaultJob,Default,Default,Default,Default,Default,Default,Default,Default,Default,Default,Default,Default,Default,Default,Default,Default,Default,Default,Default,Default,Default,Default,Default,Default,Default,Default,Default,Default,Default,Default,Default,Default,Default,Default,Default,Default,Default,Default,Default,Default,Default,DefaultJob,TieBreakerMultiplier=0&DocumentCount=100000,1,Workload,Result,4,757332971,1024,739582.98,0,0,0,3464
DisjunctionMaxQueryBenchmarks.LeanCorpus_DisjunctionMaxQuery,Rowles.LeanCorpus.Benchmarks,DisjunctionMaxQueryBenchmarks,LeanCorpus_DisjunctionMaxQuery,DefaultJob,Default,Default,Default,Default,Default,Default,Default,Default,Default,Default,Default,Default,Default,Default,Default,Default,Default,Default,Default,Default,Default,Default,Default,Default,Default,Default,Default,Default,Default,Default,Default,Default,Default,Default,Default,Default,Default,Default,Default,Default,Default,DefaultJob,TieBreakerMultiplier=0&DocumentCount=100000,1,Workload,Result,5,751367373,1024,733757.2,0,0,0,3464
DisjunctionMaxQueryBenchmarks.LeanCorpus_DisjunctionMaxQuery,Rowles.LeanCorpus.Benchmarks,DisjunctionMaxQueryBenchmarks,LeanCorpus_DisjunctionMaxQuery,DefaultJob,Default,Default,Default,Default,Default,Default,Default,Default,Default,Default,Default,Default,Default,Default,Default,Default,Default,Default,Default,Default,Default,Default,Default,Default,Default,Default,Default,Default,Default,Default,Default,Default,Default,Default,Default,Default,Default,Default,Default,Default,Default,DefaultJob,TieBreakerMultiplier=0&DocumentCount=100000,1,Workload,Result,6,764750699,1024,746826.85,0,0,0,3464
DisjunctionMaxQueryBenchmarks.LeanCorpus_DisjunctionMaxQuery,Rowles.LeanCorpus.Benchmarks,DisjunctionMaxQueryBenchmarks,LeanCorpus_DisjunctionMaxQuery,DefaultJob,Default,Default,Default,Default,Default,Default,Default,Default,Default,Default,Default,Default,Default,Default,Default,Default,Default,Default,Default,Default,Default,Default,Default,Default,Default,Default,Default,Default,Default,Default,Default,Default,Default,Default,Default,Default,Default,Default,Default,Default,Default,DefaultJob,TieBreakerMultiplier=0&DocumentCount=100000,1,Workload,Result,7,765013324,1024,747083.32,0,0,0,3464
DisjunctionMaxQueryBenchmarks.LeanCorpus_DisjunctionMaxQuery,Rowles.LeanCorpus.Benchmarks,DisjunctionMaxQueryBenchmarks,LeanCorpus_DisjunctionMaxQuery,DefaultJob,Default,Default,Default,Default,Default,Default,Default,Default,Default,Default,Default,Default,Default,Default,Default,Default,Default,Default,Default,Default,Default,Default,Default,Default,Default,Default,Default,Default,Default,Default,Default,Default,Default,Default,Default,Default,Default,Default,Default,Default,Default,DefaultJob,TieBreakerMultiplier=0&DocumentCount=100000,1,Workload,Result,8,765073758,1024,747142.34,0,0,0,3464
DisjunctionMaxQueryBenchmarks.LeanCorpus_DisjunctionMaxQuery,Rowles.LeanCorpus.Benchmarks,DisjunctionMaxQueryBenchmarks,LeanCorpus_DisjunctionMaxQuery,DefaultJob,Default,Default,Default,Default,Default,Default,Default,Default,Default,Default,Default,Default,Default,Default,Default,Default,Default,Default,Default,Default,Default,Default,Default,Default,Default,Default,Default,Default,Default,Default,Default,Default,Default,Default,Default,Default,Default,Default,Default,Default,Default,DefaultJob,TieBreakerMultiplier=0&DocumentCount=100000,1,Workload,Result,9,764265641,1024,746353.17,0,0,0,3464
DisjunctionMaxQueryBenchmarks.LeanCorpus_DisjunctionMaxQuery,Rowles.LeanCorpus.Benchmarks,DisjunctionMaxQueryBenchmarks,LeanCorpus_DisjunctionMaxQuery,DefaultJob,Default,Default,Default,Default,Default,Default,Default,Default,Default,Default,Default,Default,Default,Default,Default,Default,Default,Default,Default,Default,Default,Default,Default,Default,Default,Default,Default,Default,Default,Default,Default,Default,Default,Default,Default,Default,Default,Default,Default,Default,Default,DefaultJob,TieBreakerMultiplier=0&DocumentCount=100000,1,Workload,Result,10,765025545,1024,747095.26,0,0,0,3464
DisjunctionMaxQueryBenchmarks.LeanCorpus_DisjunctionMaxQuery,Rowles.LeanCorpus.Benchmarks,DisjunctionMaxQueryBenchmarks,LeanCorpus_DisjunctionMaxQuery,DefaultJob,Default,Default,Default,Default,Default,Default,Default,Default,Default,Default,Default,Default,Default,Default,Default,Default,Default,Default,Default,Default,Default,Default,Default,Default,Default,Default,Default,Default,Default,Default,Default,Default,Default,Default,Default,Default,Default,Default,Default,Default,Default,DefaultJob,TieBreakerMultiplier=0&DocumentCount=100000,1,Workload,Result,11,757927951,1024,740164.01,0,0,0,3464
DisjunctionMaxQueryBenchmarks.LeanCorpus_DisjunctionMaxQuery,Rowles.LeanCorpus.Benchmarks,DisjunctionMaxQueryBenchmarks,LeanCorpus_DisjunctionMaxQuery,DefaultJob,Default,Default,Default,Default,Default,Default,Default,Default,Default,Default,Default,Default,Default,Default,Default,Default,Default,Default,Default,Default,Default,Default,Default,Default,Default,Default,Default,Default,Default,Default,Default,Default,Default,Default,Default,Default,Default,Default,Default,Default,Default,DefaultJob,TieBreakerMultiplier=0&DocumentCount=100000,1,Workload,Result,12,764574335,1024,746654.62,0,0,0,3464
DisjunctionMaxQueryBenchmarks.LeanCorpus_DisjunctionMaxQuery,Rowles.LeanCorpus.Benchmarks,DisjunctionMaxQueryBenchmarks,LeanCorpus_DisjunctionMaxQuery,DefaultJob,Default,Default,Default,Default,Default,Default,Default,Default,Default,Default,Default,Default,Default,Default,Default,Default,Default,Default,Default,Default,Default,Default,Default,Default,Default,Default,Default,Default,Default,Default,Default,Default,Default,Default,Default,Default,Default,Default,Default,Default,Default,DefaultJob,TieBreakerMultiplier=0&DocumentCount=100000,1,Workload,Result,13,764333702,1024,746419.63,0,0,0,3464
DisjunctionMaxQueryBenchmarks.LeanCorpus_DisjunctionMaxQuery,Rowles.LeanCorpus.Benchmarks,DisjunctionMaxQueryBenchmarks,LeanCorpus_DisjunctionMaxQuery,DefaultJob,Default,Default,Default,Default,Default,Default,Default,Default,Default,Default,Default,Default,Default,Default,Default,Default,Default,Default,Default,Default,Default,Default,Default,Default,Default,Default,Default,Default,Default,Default,Default,Default,Default,Default,Default,Default,Default,Default,Default,Default,Default,DefaultJob,TieBreakerMultiplier=0&DocumentCount=100000,1,Workload,Result,14,764400043,1024,746484.42,0,0,0,3464
DisjunctionMaxQueryBenchmarks.LeanCorpus_DisjunctionMaxQuery,Rowles.LeanCorpus.Benchmarks,DisjunctionMaxQueryBenchmarks,LeanCorpus_DisjunctionMaxQuery,DefaultJob,Default,Default,Default,Default,Default,Default,Default,Default,Default,Default,Default,Default,Default,Default,Default,Default,Default,Default,Default,Default,Default,Default,Default,Default,Default,Default,Default,Default,Default,Default,Default,Default,Default,Default,Default,Default,Default,Default,Default,Default,Default,DefaultJob,TieBreakerMultiplier=0&DocumentCount=100000,1,Workload,Result,15,763933363,1024,746028.67,0,0,0,3464
DisjunctionMaxQueryBenchmarks.LuceneNet_DisjunctionMaxQuery,Rowles.LeanCorpus.Benchmarks,DisjunctionMaxQueryBenchmarks,LuceneNet_DisjunctionMaxQuery,DefaultJob,Default,Default,Default,Default,Default,Default,Default,Default,Default,Default,Default,Default,Default,Default,Default,Default,Default,Default,Default,Default,Default,Default,Default,Default,Default,Default,Default,Default,Default,Default,Default,Default,Default,Default,Default,Default,Default,Default,Default,Default,Default,DefaultJob,TieBreakerMultiplier=0&DocumentCount=100000,1,Workload,Jitting,1,46680250,1,46680250,40,1,0,166540
DisjunctionMaxQueryBenchmarks.LuceneNet_DisjunctionMaxQuery,Rowles.LeanCorpus.Benchmarks,DisjunctionMaxQueryBenchmarks,LuceneNet_DisjunctionMaxQuery,DefaultJob,Default,Default,Default,Default,Default,Default,Default,Default,Default,Default,Default,Default,Default,Default,Default,Default,Default,Default,Default,Default,Default,Default,Default,Default,Default,Default,Default,Default,Default,Default,Default,Default,Default,Default,Default,Default,Default,Default,Default,Default,Default,DefaultJob,TieBreakerMultiplier=0&DocumentCount=100000,1,Workload,Jitting,2,162643670,30,5421455.67,40,1,0,166540
DisjunctionMaxQueryBenchmarks.LuceneNet_DisjunctionMaxQuery,Rowles.LeanCorpus.Benchmarks,DisjunctionMaxQueryBenchmarks,LuceneNet_DisjunctionMaxQuery,DefaultJob,Default,Default,Default,Default,Default,Default,Default,Default,Default,Default,Default,Default,Default,Default,Default,Default,Default,Default,Default,Default,Default,Default,Default,Default,Default,Default,Default,Default,Default,Default,Default,Default,Default,Default,Default,Default,Default,Default,Default,Default,Default,DefaultJob,TieBreakerMultiplier=0&DocumentCount=100000,1,Workload,Jitting,3,36948438,30,1231614.6,40,1,0,166540
DisjunctionMaxQueryBenchmarks.LuceneNet_DisjunctionMaxQuery,Rowles.LeanCorpus.Benchmarks,DisjunctionMaxQueryBenchmarks,LuceneNet_DisjunctionMaxQuery,DefaultJob,Default,Default,Default,Default,Default,Default,Default,Default,Default,Default,Default,Default,Default,Default,Default,Default,Default,Default,Default,Default,Default,Default,Default,Default,Default,Default,Default,Default,Default,Default,Default,Default,Default,Default,Default,Default,Default,Default,Default,Default,Default,DefaultJob,TieBreakerMultiplier=0&DocumentCount=100000,1,Workload,Jitting,4,49604895,30,1653496.5,40,1,0,166540
DisjunctionMaxQueryBenchmarks.LuceneNet_DisjunctionMaxQuery,Rowles.LeanCorpus.Benchmarks,DisjunctionMaxQueryBenchmarks,LuceneNet_DisjunctionMaxQuery,DefaultJob,Default,Default,Default,Default,Default,Default,Default,Default,Default,Default,Default,Default,Default,Default,Default,Default,Default,Default,Default,Default,Default,Default,Default,Default,Default,Default,Default,Default,Default,Default,Default,Default,Default,Default,Default,Default,Default,Default,Default,Default,Default,DefaultJob,TieBreakerMultiplier=0&DocumentCount=100000,1,Workload,Jitting,5,1768630,1,1768630,40,1,0,166540
DisjunctionMaxQueryBenchmarks.LuceneNet_DisjunctionMaxQuery,Rowles.LeanCorpus.Benchmarks,DisjunctionMaxQueryBenchmarks,LuceneNet_DisjunctionMaxQuery,DefaultJob,Default,Default,Default,Default,Default,Default,Default,Default,Default,Default,Default,Default,Default,Default,Default,Default,Default,Default,Default,Default,Default,Default,Default,Default,Default,Default,Default,Default,Default,Default,Default,Default,Default,Default,Default,Default,Default,Default,Default,Default,Default,DefaultJob,TieBreakerMultiplier=0&DocumentCount=100000,1,Workload,Pilot,1,1772721,1,1772721,40,1,0,166540
DisjunctionMaxQueryBenchmarks.LuceneNet_DisjunctionMaxQuery,Rowles.LeanCorpus.Benchmarks,DisjunctionMaxQueryBenchmarks,LuceneNet_DisjunctionMaxQuery,DefaultJob,Default,Default,Default,Default,Default,Default,Default,Default,Default,Default,Default,Default,Default,Default,Default,Default,Default,Default,Default,Default,Default,Default,Default,Default,Default,Default,Default,Default,Default,Default,Default,Default,Default,Default,Default,Default,Default,Default,Default,Default,Default,DefaultJob,TieBreakerMultiplier=0&DocumentCount=100000,1,Workload,Pilot,1,29844953,16,1865309.56,40,1,0,166540
DisjunctionMaxQueryBenchmarks.LuceneNet_DisjunctionMaxQuery,Rowles.LeanCorpus.Benchmarks,DisjunctionMaxQueryBenchmarks,LuceneNet_DisjunctionMaxQuery,DefaultJob,Default,Default,Default,Default,Default,Default,Default,Default,Default,Default,Default,Default,Default,Default,Default,Default,Default,Default,Default,Default,Default,Default,Default,Default,Default,Default,Default,Default,Default,Default,Default,Default,Default,Default,Default,Default,Default,Default,Default,Default,Default,DefaultJob,TieBreakerMultiplier=0&DocumentCount=100000,1,Workload,Pilot,2,47532602,32,1485393.81,40,1,0,166540
DisjunctionMaxQueryBenchmarks.LuceneNet_DisjunctionMaxQuery,Rowles.LeanCorpus.Benchmarks,DisjunctionMaxQueryBenchmarks,LuceneNet_DisjunctionMaxQuery,DefaultJob,Default,Default,Default,Default,Default,Default,Default,Default,Default,Default,Default,Default,Default,Default,Default,Default,Default,Default,Default,Default,Default,Default,Default,Default,Default,Default,Default,Default,Default,Default,Default,Default,Default,Default,Default,Default,Default,Default,Default,Default,Default,DefaultJob,TieBreakerMultiplier=0&DocumentCount=100000,1,Workload,Pilot,3,66758848,64,1043107,40,1,0,166540
DisjunctionMaxQueryBenchmarks.LuceneNet_DisjunctionMaxQuery,Rowles.LeanCorpus.Benchmarks,DisjunctionMaxQueryBenchmarks,LuceneNet_DisjunctionMaxQuery,DefaultJob,Default,Default,Default,Default,Default,Default,Default,Default,Default,Default,Default,Default,Default,Default,Default,Default,Default,Default,Default,Default,Default,Default,Default,Default,Default,Default,Default,Default,Default,Default,Default,Default,Default,Default,Default,Default,Default,Default,Default,Default,Default,DefaultJob,TieBreakerMultiplier=0&DocumentCount=100000,1,Workload,Pilot,4,120787351,128,943651.18,40,1,0,166540
DisjunctionMaxQueryBenchmarks.LuceneNet_DisjunctionMaxQuery,Rowles.LeanCorpus.Benchmarks,DisjunctionMaxQueryBenchmarks,LuceneNet_DisjunctionMaxQuery,DefaultJob,Default,Default,Default,Default,Default,Default,Default,Default,Default,Default,Default,Default,Default,Default,Default,Default,Default,Default,Default,Default,Default,Default,Default,Default,Default,Default,Default,Default,Default,Default,Default,Default,Default,Default,Default,Default,Default,Default,Default,Default,Default,DefaultJob,TieBreakerMultiplier=0&DocumentCount=100000,1,Workload,Pilot,5,236419683,256,923514.39,40,1,0,166540
DisjunctionMaxQueryBenchmarks.LuceneNet_DisjunctionMaxQuery,Rowles.LeanCorpus.Benchmarks,DisjunctionMaxQueryBenchmarks,LuceneNet_DisjunctionMaxQuery,DefaultJob,Default,Default,Default,Default,Default,Default,Default,Default,Default,Default,Default,Default,Default,Default,Default,Default,Default,Default,Default,Default,Default,Default,Default,Default,Default,Default,Default,Default,Default,Default,Default,Default,Default,Default,Default,Default,Default,Default,Default,Default,Default,DefaultJob,TieBreakerMultiplier=0&DocumentCount=100000,1,Workload,Pilot,6,475859352,512,929412.8,40,1,0,166540
DisjunctionMaxQueryBenchmarks.LuceneNet_DisjunctionMaxQuery,Rowles.LeanCorpus.Benchmarks,DisjunctionMaxQueryBenchmarks,LuceneNet_DisjunctionMaxQuery,DefaultJob,Default,Default,Default,Default,Default,Default,Default,Default,Default,Default,Default,Default,Default,Default,Default,Default,Default,Default,Default,Default,Default,Default,Default,Default,Default,Default,Default,Default,Default,Default,Default,Default,Default,Default,Default,Default,Default,Default,Default,Default,Default,DefaultJob,TieBreakerMultiplier=0&DocumentCount=100000,1,Workload,Pilot,7,966632940,1024,943977.48,40,1,0,166540
DisjunctionMaxQueryBenchmarks.LuceneNet_DisjunctionMaxQuery,Rowles.LeanCorpus.Benchmarks,DisjunctionMaxQueryBenchmarks,LuceneNet_DisjunctionMaxQuery,DefaultJob,Default,Default,Default,Default,Default,Default,Default,Default,Default,Default,Default,Default,Default,Default,Default,Default,Default,Default,Default,Default,Default,Default,Default,Default,Default,Default,Default,Default,Default,Default,Default,Default,Default,Default,Default,Default,Default,Default,Default,Default,Default,DefaultJob,TieBreakerMultiplier=0&DocumentCount=100000,1,Workload,Warmup,1,969764467,1024,947035.61,40,1,0,166540
DisjunctionMaxQueryBenchmarks.LuceneNet_DisjunctionMaxQuery,Rowles.LeanCorpus.Benchmarks,DisjunctionMaxQueryBenchmarks,LuceneNet_DisjunctionMaxQuery,DefaultJob,Default,Default,Default,Default,Default,Default,Default,Default,Default,Default,Default,Default,Default,Default,Default,Default,Default,Default,Default,Default,Default,Default,Default,Default,Default,Default,Default,Default,Default,Default,Default,Default,Default,Default,Default,Default,Default,Default,Default,Default,Default,DefaultJob,TieBreakerMultiplier=0&DocumentCount=100000,1,Workload,Warmup,2,968808497,1024,946102.05,40,1,0,166540
DisjunctionMaxQueryBenchmarks.LuceneNet_DisjunctionMaxQuery,Rowles.LeanCorpus.Benchmarks,DisjunctionMaxQueryBenchmarks,LuceneNet_DisjunctionMaxQuery,DefaultJob,Default,Default,Default,Default,Default,Default,Default,Default,Default,Default,Default,Default,Default,Default,Default,Default,Default,Default,Default,Default,Default,Default,Default,Default,Default,Default,Default,Default,Default,Default,Default,Default,Default,Default,Default,Default,Default,Default,Default,Default,Default,DefaultJob,TieBreakerMultiplier=0&DocumentCount=100000,1,Workload,Warmup,3,973035137,1024,950229.63,40,1,0,166540
DisjunctionMaxQueryBenchmarks.LuceneNet_DisjunctionMaxQuery,Rowles.LeanCorpus.Benchmarks,DisjunctionMaxQueryBenchmarks,LuceneNet_DisjunctionMaxQuery,DefaultJob,Default,Default,Default,Default,Default,Default,Default,Default,Default,Default,Default,Default,Default,Default,Default,Default,Default,Default,Default,Default,Default,Default,Default,Default,Default,Default,Default,Default,Default,Default,Default,Default,Default,Default,Default,Default,Default,Default,Default,Default,Default,DefaultJob,TieBreakerMultiplier=0&DocumentCount=100000,1,Workload,Warmup,4,955947392,1024,933542.38,40,1,0,166540
DisjunctionMaxQueryBenchmarks.LuceneNet_DisjunctionMaxQuery,Rowles.LeanCorpus.Benchmarks,DisjunctionMaxQueryBenchmarks,LuceneNet_DisjunctionMaxQuery,DefaultJob,Default,Default,Default,Default,Default,Default,Default,Default,Default,Default,Default,Default,Default,Default,Default,Default,Default,Default,Default,Default,Default,Default,Default,Default,Default,Default,Default,Default,Default,Default,Default,Default,Default,Default,Default,Default,Default,Default,Default,Default,Default,DefaultJob,TieBreakerMultiplier=0&DocumentCount=100000,1,Workload,Warmup,5,962555578,1024,939995.68,40,1,0,166540
DisjunctionMaxQueryBenchmarks.LuceneNet_DisjunctionMaxQuery,Rowles.LeanCorpus.Benchmarks,DisjunctionMaxQueryBenchmarks,LuceneNet_DisjunctionMaxQuery,DefaultJob,Default,Default,Default,Default,Default,Default,Default,Default,Default,Default,Default,Default,Default,Default,Default,Default,Default,Default,Default,Default,Default,Default,Default,Default,Default,Default,Default,Default,Default,Default,Default,Default,Default,Default,Default,Default,Default,Default,Default,Default,Default,DefaultJob,TieBreakerMultiplier=0&DocumentCount=100000,1,Workload,Warmup,6,969047365,1024,946335.32,40,1,0,166540
DisjunctionMaxQueryBenchmarks.LuceneNet_DisjunctionMaxQuery,Rowles.LeanCorpus.Benchmarks,DisjunctionMaxQueryBenchmarks,LuceneNet_DisjunctionMaxQuery,DefaultJob,Default,Default,Default,Default,Default,Default,Default,Default,Default,Default,Default,Default,Default,Default,Default,Default,Default,Default,Default,Default,Default,Default,Default,Default,Default,Default,Default,Default,Default,Default,Default,Default,Default,Default,Default,Default,Default,Default,Default,Default,Default,DefaultJob,TieBreakerMultiplier=0&DocumentCount=100000,1,Workload,Warmup,7,962327245,1024,939772.7,40,1,0,166540
DisjunctionMaxQueryBenchmarks.LuceneNet_DisjunctionMaxQuery,Rowles.LeanCorpus.Benchmarks,DisjunctionMaxQueryBenchmarks,LuceneNet_DisjunctionMaxQuery,DefaultJob,Default,Default,Default,Default,Default,Default,Default,Default,Default,Default,Default,Default,Default,Default,Default,Default,Default,Default,Default,Default,Default,Default,Default,Default,Default,Default,Default,Default,Default,Default,Default,Default,Default,Default,Default,Default,Default,Default,Default,Default,Default,DefaultJob,TieBreakerMultiplier=0&DocumentCount=100000,1,Workload,Actual,1,957901613,1024,935450.79,40,1,0,166540
DisjunctionMaxQueryBenchmarks.LuceneNet_DisjunctionMaxQuery,Rowles.LeanCorpus.Benchmarks,DisjunctionMaxQueryBenchmarks,LuceneNet_DisjunctionMaxQuery,DefaultJob,Default,Default,Default,Default,Default,Default,Default,Default,Default,Default,Default,Default,Default,Default,Default,Default,Default,Default,Default,Default,Default,Default,Default,Default,Default,Default,Default,Default,Default,Default,Default,Default,Default,Default,Default,Default,Default,Default,Default,Default,Default,DefaultJob,TieBreakerMultiplier=0&DocumentCount=100000,1,Workload,Actual,2,955575716,1024,933179.41,40,1,0,166540
DisjunctionMaxQueryBenchmarks.LuceneNet_DisjunctionMaxQuery,Rowles.LeanCorpus.Benchmarks,DisjunctionMaxQueryBenchmarks,LuceneNet_DisjunctionMaxQuery,DefaultJob,Default,Default,Default,Default,Default,Default,Default,Default,Default,Default,Default,Default,Default,Default,Default,Default,Default,Default,Default,Default,Default,Default,Default,Default,Default,Default,Default,Default,Default,Default,Default,Default,Default,Default,Default,Default,Default,Default,Default,Default,Default,DefaultJob,TieBreakerMultiplier=0&DocumentCount=100000,1,Workload,Actual,3,968378580,1024,945682.21,40,1,0,166540
DisjunctionMaxQueryBenchmarks.LuceneNet_DisjunctionMaxQuery,Rowles.LeanCorpus.Benchmarks,DisjunctionMaxQueryBenchmarks,LuceneNet_DisjunctionMaxQuery,DefaultJob,Default,Default,Default,Default,Default,Default,Default,Default,Default,Default,Default,Default,Default,Default,Default,Default,Default,Default,Default,Default,Default,Default,Default,Default,Default,Default,Default,Default,Default,Default,Default,Default,Default,Default,Default,Default,Default,Default,Default,Default,Default,DefaultJob,TieBreakerMultiplier=0&DocumentCount=100000,1,Workload,Actual,4,964603609,1024,941995.71,40,1,0,166540
DisjunctionMaxQueryBenchmarks.LuceneNet_DisjunctionMaxQuery,Rowles.LeanCorpus.Benchmarks,DisjunctionMaxQueryBenchmarks,LuceneNet_DisjunctionMaxQuery,DefaultJob,Default,Default,Default,Default,Default,Default,Default,Default,Default,Default,Default,Default,Default,Default,Default,Default,Default,Default,Default,Default,Default,Default,Default,Default,Default,Default,Default,Default,Default,Default,Default,Default,Default,Default,Default,Default,Default,Default,Default,Default,Default,DefaultJob,TieBreakerMultiplier=0&DocumentCount=100000,1,Workload,Actual,5,971268885,1024,948504.77,40,1,0,166540
DisjunctionMaxQueryBenchmarks.LuceneNet_DisjunctionMaxQuery,Rowles.LeanCorpus.Benchmarks,DisjunctionMaxQueryBenchmarks,LuceneNet_DisjunctionMaxQuery,DefaultJob,Default,Default,Default,Default,Default,Default,Default,Default,Default,Default,Default,Default,Default,Default,Default,Default,Default,Default,Default,Default,Default,Default,Default,Default,Default,Default,Default,Default,Default,Default,Default,Default,Default,Default,Default,Default,Default,Default,Default,Default,Default,DefaultJob,TieBreakerMultiplier=0&DocumentCount=100000,1,Workload,Actual,6,973077076,1024,950270.58,40,1,0,166540
DisjunctionMaxQueryBenchmarks.LuceneNet_DisjunctionMaxQuery,Rowles.LeanCorpus.Benchmarks,DisjunctionMaxQueryBenchmarks,LuceneNet_DisjunctionMaxQuery,DefaultJob,Default,Default,Default,Default,Default,Default,Default,Default,Default,Default,Default,Default,Default,Default,Default,Default,Default,Default,Default,Default,Default,Default,Default,Default,Default,Default,Default,Default,Default,Default,Default,Default,Default,Default,Default,Default,Default,Default,Default,Default,Default,DefaultJob,TieBreakerMultiplier=0&DocumentCount=100000,1,Workload,Actual,7,968523315,1024,945823.55,40,1,0,166540
DisjunctionMaxQueryBenchmarks.LuceneNet_DisjunctionMaxQuery,Rowles.LeanCorpus.Benchmarks,DisjunctionMaxQueryBenchmarks,LuceneNet_DisjunctionMaxQuery,DefaultJob,Default,Default,Default,Default,Default,Default,Default,Default,Default,Default,Default,Default,Default,Default,Default,Default,Default,Default,Default,Default,Default,Default,Default,Default,Default,Default,Default,Default,Default,Default,Default,Default,Default,Default,Default,Default,Default,Default,Default,Default,Default,DefaultJob,TieBreakerMultiplier=0&DocumentCount=100000,1,Workload,Actual,8,968106804,1024,945416.8,40,1,0,166540
DisjunctionMaxQueryBenchmarks.LuceneNet_DisjunctionMaxQuery,Rowles.LeanCorpus.Benchmarks,DisjunctionMaxQueryBenchmarks,LuceneNet_DisjunctionMaxQuery,DefaultJob,Default,Default,Default,Default,Default,Default,Default,Default,Default,Default,Default,Default,Default,Default,Default,Default,Default,Default,Default,Default,Default,Default,Default,Default,Default,Default,Default,Default,Default,Default,Default,Default,Default,Default,Default,Default,Default,Default,Default,Default,Default,DefaultJob,TieBreakerMultiplier=0&DocumentCount=100000,1,Workload,Actual,9,962588818,1024,940028.14,40,1,0,166540
DisjunctionMaxQueryBenchmarks.LuceneNet_DisjunctionMaxQuery,Rowles.LeanCorpus.Benchmarks,DisjunctionMaxQueryBenchmarks,LuceneNet_DisjunctionMaxQuery,DefaultJob,Default,Default,Default,Default,Default,Default,Default,Default,Default,Default,Default,Default,Default,Default,Default,Default,Default,Default,Default,Default,Default,Default,Default,Default,Default,Default,Default,Default,Default,Default,Default,Default,Default,Default,Default,Default,Default,Default,Default,Default,Default,DefaultJob,TieBreakerMultiplier=0&DocumentCount=100000,1,Workload,Actual,10,967192925,1024,944524.34,40,1,0,166540
DisjunctionMaxQueryBenchmarks.LuceneNet_DisjunctionMaxQuery,Rowles.LeanCorpus.Benchmarks,DisjunctionMaxQueryBenchmarks,LuceneNet_DisjunctionMaxQuery,DefaultJob,Default,Default,Default,Default,Default,Default,Default,Default,Default,Default,Default,Default,Default,Default,Default,Default,Default,Default,Default,Default,Default,Default,Default,Default,Default,Default,Default,Default,Default,Default,Default,Default,Default,Default,Default,Default,Default,Default,Default,Default,Default,DefaultJob,TieBreakerMultiplier=0&DocumentCount=100000,1,Workload,Actual,11,969356137,1024,946636.85,40,1,0,166540
DisjunctionMaxQueryBenchmarks.LuceneNet_DisjunctionMaxQuery,Rowles.LeanCorpus.Benchmarks,DisjunctionMaxQueryBenchmarks,LuceneNet_DisjunctionMaxQuery,DefaultJob,Default,Default,Default,Default,Default,Default,Default,Default,Default,Default,Default,Default,Default,Default,Default,Default,Default,Default,Default,Default,Default,Default,Default,Default,Default,Default,Default,Default,Default,Default,Default,Default,Default,Default,Default,Default,Default,Default,Default,Default,Default,DefaultJob,TieBreakerMultiplier=0&DocumentCount=100000,1,Workload,Actual,12,973228321,1024,950418.28,40,1,0,166540
DisjunctionMaxQueryBenchmarks.LuceneNet_DisjunctionMaxQuery,Rowles.LeanCorpus.Benchmarks,DisjunctionMaxQueryBenchmarks,LuceneNet_DisjunctionMaxQuery,DefaultJob,Default,Default,Default,Default,Default,Default,Default,Default,Default,Default,Default,Default,Default,Default,Default,Default,Default,Default,Default,Default,Default,Default,Default,Default,Default,Default,Default,Default,Default,Default,Default,Default,Default,Default,Default,Default,Default,Default,Default,Default,Default,DefaultJob,TieBreakerMultiplier=0&DocumentCount=100000,1,Workload,Actual,13,972529061,1024,949735.41,40,1,0,166540
DisjunctionMaxQueryBenchmarks.LuceneNet_DisjunctionMaxQuery,Rowles.LeanCorpus.Benchmarks,DisjunctionMaxQueryBenchmarks,LuceneNet_DisjunctionMaxQuery,DefaultJob,Default,Default,Default,Default,Default,Default,Default,Default,Default,Default,Default,Default,Default,Default,Default,Default,Default,Default,Default,Default,Default,Default,Default,Default,Default,Default,Default,Default,Default,Default,Default,Default,Default,Default,Default,Default,Default,Default,Default,Default,Default,DefaultJob,TieBreakerMultiplier=0&DocumentCount=100000,1,Workload,Actual,14,969028547,1024,946316.94,40,1,0,166540
DisjunctionMaxQueryBenchmarks.LuceneNet_DisjunctionMaxQuery,Rowles.LeanCorpus.Benchmarks,DisjunctionMaxQueryBenchmarks,LuceneNet_DisjunctionMaxQuery,DefaultJob,Default,Default,Default,Default,Default,Default,Default,Default,Default,Default,Default,Default,Default,Default,Default,Default,Default,Default,Default,Default,Default,Default,Default,Default,Default,Default,Default,Default,Default,Default,Default,Default,Default,Default,Default,Default,Default,Default,Default,Default,Default,DefaultJob,TieBreakerMultiplier=0&DocumentCount=100000,1,Workload,Actual,15,970935539,1024,948179.24,40,1,0,166540
DisjunctionMaxQueryBenchmarks.LuceneNet_DisjunctionMaxQuery,Rowles.LeanCorpus.Benchmarks,DisjunctionMaxQueryBenchmarks,LuceneNet_DisjunctionMaxQuery,DefaultJob,Default,Default,Default,Default,Default,Default,Default,Default,Default,Default,Default,Default,Default,Default,Default,Default,Default,Default,Default,Default,Default,Default,Default,Default,Default,Default,Default,Default,Default,Default,Default,Default,Default,Default,Default,Default,Default,Default,Default,Default,Default,DefaultJob,TieBreakerMultiplier=0&DocumentCount=100000,1,Workload,Extra,1,969343595,1024,946624.6,40,1,0,166540
DisjunctionMaxQueryBenchmarks.LuceneNet_DisjunctionMaxQuery,Rowles.LeanCorpus.Benchmarks,DisjunctionMaxQueryBenchmarks,LuceneNet_DisjunctionMaxQuery,DefaultJob,Default,Default,Default,Default,Default,Default,Default,Default,Default,Default,Default,Default,Default,Default,Default,Default,Default,Default,Default,Default,Default,Default,Default,Default,Default,Default,Default,Default,Default,Default,Default,Default,Default,Default,Default,Default,Default,Default,Default,Default,Default,DefaultJob,TieBreakerMultiplier=0&DocumentCount=100000,1,Workload,Result,1,957901613,1024,935450.79,40,1,0,166540
DisjunctionMaxQueryBenchmarks.LuceneNet_DisjunctionMaxQuery,Rowles.LeanCorpus.Benchmarks,DisjunctionMaxQueryBenchmarks,LuceneNet_DisjunctionMaxQuery,DefaultJob,Default,Default,Default,Default,Default,Default,Default,Default,Default,Default,Default,Default,Default,Default,Default,Default,Default,Default,Default,Default,Default,Default,Default,Default,Default,Default,Default,Default,Default,Default,Default,Default,Default,Default,Default,Default,Default,Default,Default,Default,Default,DefaultJob,TieBreakerMultiplier=0&DocumentCount=100000,1,Workload,Result,2,955575716,1024,933179.41,40,1,0,166540
DisjunctionMaxQueryBenchmarks.LuceneNet_DisjunctionMaxQuery,Rowles.LeanCorpus.Benchmarks,DisjunctionMaxQueryBenchmarks,LuceneNet_DisjunctionMaxQuery,DefaultJob,Default,Default,Default,Default,Default,Default,Default,Default,Default,Default,Default,Default,Default,Default,Default,Default,Default,Default,Default,Default,Default,Default,Default,Default,Default,Default,Default,Default,Default,Default,Default,Default,Default,Default,Default,Default,Default,Default,Default,Default,Default,DefaultJob,TieBreakerMultiplier=0&DocumentCount=100000,1,Workload,Result,3,968378580,1024,945682.21,40,1,0,166540
DisjunctionMaxQueryBenchmarks.LuceneNet_DisjunctionMaxQuery,Rowles.LeanCorpus.Benchmarks,DisjunctionMaxQueryBenchmarks,LuceneNet_DisjunctionMaxQuery,DefaultJob,Default,Default,Default,Default,Default,Default,Default,Default,Default,Default,Default,Default,Default,Default,Default,Default,Default,Default,Default,Default,Default,Default,Default,Default,Default,Default,Default,Default,Default,Default,Default,Default,Default,Default,Default,Default,Default,Default,Default,Default,Default,DefaultJob,TieBreakerMultiplier=0&DocumentCount=100000,1,Workload,Result,4,964603609,1024,941995.71,40,1,0,166540
DisjunctionMaxQueryBenchmarks.LuceneNet_DisjunctionMaxQuery,Rowles.LeanCorpus.Benchmarks,DisjunctionMaxQueryBenchmarks,LuceneNet_DisjunctionMaxQuery,DefaultJob,Default,Default,Default,Default,Default,Default,Default,Default,Default,Default,Default,Default,Default,Default,Default,Default,Default,Default,Default,Default,Default,Default,Default,Default,Default,Default,Default,Default,Default,Default,Default,Default,Default,Default,Default,Default,Default,Default,Default,Default,Default,DefaultJob,TieBreakerMultiplier=0&DocumentCount=100000,1,Workload,Result,5,971268885,1024,948504.77,40,1,0,166540
DisjunctionMaxQueryBenchmarks.LuceneNet_DisjunctionMaxQuery,Rowles.LeanCorpus.Benchmarks,DisjunctionMaxQueryBenchmarks,LuceneNet_DisjunctionMaxQuery,DefaultJob,Default,Default,Default,Default,Default,Default,Default,Default,Default,Default,Default,Default,Default,Default,Default,Default,Default,Default,Default,Default,Default,Default,Default,Default,Default,Default,Default,Default,Default,Default,Default,Default,Default,Default,Default,Default,Default,Default,Default,Default,Default,DefaultJob,TieBreakerMultiplier=0&DocumentCount=100000,1,Workload,Result,6,973077076,1024,950270.58,40,1,0,166540
DisjunctionMaxQueryBenchmarks.LuceneNet_DisjunctionMaxQuery,Rowles.LeanCorpus.Benchmarks,DisjunctionMaxQueryBenchmarks,LuceneNet_DisjunctionMaxQuery,DefaultJob,Default,Default,Default,Default,Default,Default,Default,Default,Default,Default,Default,Default,Default,Default,Default,Default,Default,Default,Default,Default,Default,Default,Default,Default,Default,Default,Default,Default,Default,Default,Default,Default,Default,Default,Default,Default,Default,Default,Default,Default,Default,DefaultJob,TieBreakerMultiplier=0&DocumentCount=100000,1,Workload,Result,7,968523315,1024,945823.55,40,1,0,166540
DisjunctionMaxQueryBenchmarks.LuceneNet_DisjunctionMaxQuery,Rowles.LeanCorpus.Benchmarks,DisjunctionMaxQueryBenchmarks,LuceneNet_DisjunctionMaxQuery,DefaultJob,Default,Default,Default,Default,Default,Default,Default,Default,Default,Default,Default,Default,Default,Default,Default,Default,Default,Default,Default,Default,Default,Default,Default,Default,Default,Default,Default,Default,Default,Default,Default,Default,Default,Default,Default,Default,Default,Default,Default,Default,Default,DefaultJob,TieBreakerMultiplier=0&DocumentCount=100000,1,Workload,Result,8,968106804,1024,945416.8,40,1,0,166540
DisjunctionMaxQueryBenchmarks.LuceneNet_DisjunctionMaxQuery,Rowles.LeanCorpus.Benchmarks,DisjunctionMaxQueryBenchmarks,LuceneNet_DisjunctionMaxQuery,DefaultJob,Default,Default,Default,Default,Default,Default,Default,Default,Default,Default,Default,Default,Default,Default,Default,Default,Default,Default,Default,Default,Default,Default,Default,Default,Default,Default,Default,Default,Default,Default,Default,Default,Default,Default,Default,Default,Default,Default,Default,Default,Default,DefaultJob,TieBreakerMultiplier=0&DocumentCount=100000,1,Workload,Result,9,962588818,1024,940028.14,40,1,0,166540
DisjunctionMaxQueryBenchmarks.LuceneNet_DisjunctionMaxQuery,Rowles.LeanCorpus.Benchmarks,DisjunctionMaxQueryBenchmarks,LuceneNet_DisjunctionMaxQuery,DefaultJob,Default,Default,Default,Default,Default,Default,Default,Default,Default,Default,Default,Default,Default,Default,Default,Default,Default,Default,Default,Default,Default,Default,Default,Default,Default,Default,Default,Default,Default,Default,Default,Default,Default,Default,Default,Default,Default,Default,Default,Default,Default,DefaultJob,TieBreakerMultiplier=0&DocumentCount=100000,1,Workload,Result,10,967192925,1024,944524.34,40,1,0,166540
DisjunctionMaxQueryBenchmarks.LuceneNet_DisjunctionMaxQuery,Rowles.LeanCorpus.Benchmarks,DisjunctionMaxQueryBenchmarks,LuceneNet_DisjunctionMaxQuery,DefaultJob,Default,Default,Default,Default,Default,Default,Default,Default,Default,Default,Default,Default,Default,Default,Default,Default,Default,Default,Default,Default,Default,Default,Default,Default,Default,Default,Default,Default,Default,Default,Default,Default,Default,Default,Default,Default,Default,Default,Default,Default,Default,DefaultJob,TieBreakerMultiplier=0&DocumentCount=100000,1,Workload,Result,11,969356137,1024,946636.85,40,1,0,166540
DisjunctionMaxQueryBenchmarks.LuceneNet_DisjunctionMaxQuery,Rowles.LeanCorpus.Benchmarks,DisjunctionMaxQueryBenchmarks,LuceneNet_DisjunctionMaxQuery,DefaultJob,Default,Default,Default,Default,Default,Default,Default,Default,Default,Default,Default,Default,Default,Default,Default,Default,Default,Default,Default,Default,Default,Default,Default,Default,Default,Default,Default,Default,Default,Default,Default,Default,Default,Default,Default,Default,Default,Default,Default,Default,Default,DefaultJob,TieBreakerMultiplier=0&DocumentCount=100000,1,Workload,Result,12,973228321,1024,950418.28,40,1,0,166540
DisjunctionMaxQueryBenchmarks.LuceneNet_DisjunctionMaxQuery,Rowles.LeanCorpus.Benchmarks,DisjunctionMaxQueryBenchmarks,LuceneNet_DisjunctionMaxQuery,DefaultJob,Default,Default,Default,Default,Default,Default,Default,Default,Default,Default,Default,Default,Default,Default,Default,Default,Default,Default,Default,Default,Default,Default,Default,Default,Default,Default,Default,Default,Default,Default,Default,Default,Default,Default,Default,Default,Default,Default,Default,Default,Default,DefaultJob,TieBreakerMultiplier=0&DocumentCount=100000,1,Workload,Result,13,972529061,1024,949735.41,40,1,0,166540
DisjunctionMaxQueryBenchmarks.LuceneNet_DisjunctionMaxQuery,Rowles.LeanCorpus.Benchmarks,DisjunctionMaxQueryBenchmarks,LuceneNet_DisjunctionMaxQuery,DefaultJob,Default,Default,Default,Default,Default,Default,Default,Default,Default,Default,Default,Default,Default,Default,Default,Default,Default,Default,Default,Default,Default,Default,Default,Default,Default,Default,Default,Default,Default,Default,Default,Default,Default,Default,Default,Default,Default,Default,Default,Default,Default,DefaultJob,TieBreakerMultiplier=0&DocumentCount=100000,1,Workload,Result,14,969028547,1024,946316.94,40,1,0,166540
DisjunctionMaxQueryBenchmarks.LuceneNet_DisjunctionMaxQuery,Rowles.LeanCorpus.Benchmarks,DisjunctionMaxQueryBenchmarks,LuceneNet_DisjunctionMaxQuery,DefaultJob,Default,Default,Default,Default,Default,Default,Default,Default,Default,Default,Default,Default,Default,Default,Default,Default,Default,Default,Default,Default,Default,Default,Default,Default,Default,Default,Default,Default,Default,Default,Default,Default,Default,Default,Default,Default,Default,Default,Default,Default,Default,DefaultJob,TieBreakerMultiplier=0&DocumentCount=100000,1,Workload,Result,15,970935539,1024,948179.24,40,1,0,166540
DisjunctionMaxQueryBenchmarks.LeanCorpus_DisjunctionMaxQuery,Rowles.LeanCorpus.Benchmarks,DisjunctionMaxQueryBenchmarks,LeanCorpus_DisjunctionMaxQuery,DefaultJob,Default,Default,Default,Default,Default,Default,Default,Default,Default,Default,Default,Default,Default,Default,Default,Default,Default,Default,Default,Default,Default,Default,Default,Default,Default,Default,Default,Default,Default,Default,Default,Default,Default,Default,Default,Default,Default,Default,Default,Default,Default,DefaultJob,TieBreakerMultiplier=0.1&DocumentCount=100000,1,Workload,Jitting,1,78800625,1,78800625,0,0,0,3464
DisjunctionMaxQueryBenchmarks.LeanCorpus_DisjunctionMaxQuery,Rowles.LeanCorpus.Benchmarks,DisjunctionMaxQueryBenchmarks,LeanCorpus_DisjunctionMaxQuery,DefaultJob,Default,Default,Default,Default,Default,Default,Default,Default,Default,Default,Default,Default,Default,Default,Default,Default,Default,Default,Default,Default,Default,Default,Default,Default,Default,Default,Default,Default,Default,Default,Default,Default,Default,Default,Default,Default,Default,Default,Default,Default,Default,DefaultJob,TieBreakerMultiplier=0.1&DocumentCount=100000,1,Workload,Jitting,2,49743145,30,1658104.83,0,0,0,3464
DisjunctionMaxQueryBenchmarks.LeanCorpus_DisjunctionMaxQuery,Rowles.LeanCorpus.Benchmarks,DisjunctionMaxQueryBenchmarks,LeanCorpus_DisjunctionMaxQuery,DefaultJob,Default,Default,Default,Default,Default,Default,Default,Default,Default,Default,Default,Default,Default,Default,Default,Default,Default,Default,Default,Default,Default,Default,Default,Default,Default,Default,Default,Default,Default,Default,Default,Default,Default,Default,Default,Default,Default,Default,Default,Default,Default,DefaultJob,TieBreakerMultiplier=0.1&DocumentCount=100000,1,Workload,Jitting,3,42517764,30,1417258.8,0,0,0,3464
DisjunctionMaxQueryBenchmarks.LeanCorpus_DisjunctionMaxQuery,Rowles.LeanCorpus.Benchmarks,DisjunctionMaxQueryBenchmarks,LeanCorpus_DisjunctionMaxQuery,DefaultJob,Default,Default,Default,Default,Default,Default,Default,Default,Default,Default,Default,Default,Default,Default,Default,Default,Default,Default,Default,Default,Default,Default,Default,Default,Default,Default,Default,Default,Default,Default,Default,Default,Default,Default,Default,Default,Default,Default,Default,Default,Default,DefaultJob,TieBreakerMultiplier=0.1&DocumentCount=100000,1,Workload,Jitting,4,27765284,30,925509.47,0,0,0,3464
DisjunctionMaxQueryBenchmarks.LeanCorpus_DisjunctionMaxQuery,Rowles.LeanCorpus.Benchmarks,DisjunctionMaxQueryBenchmarks,LeanCorpus_DisjunctionMaxQuery,DefaultJob,Default,Default,Default,Default,Default,Default,Default,Default,Default,Default,Default,Default,Default,Default,Default,Default,Default,Default,Default,Default,Default,Default,Default,Default,Default,Default,Default,Default,Default,Default,Default,Default,Default,Default,Default,Default,Default,Default,Default,Default,Default,DefaultJob,TieBreakerMultiplier=0.1&DocumentCount=100000,1,Workload,Jitting,5,1706088,1,1706088,0,0,0,3464
DisjunctionMaxQueryBenchmarks.LeanCorpus_DisjunctionMaxQuery,Rowles.LeanCorpus.Benchmarks,DisjunctionMaxQueryBenchmarks,LeanCorpus_DisjunctionMaxQuery,DefaultJob,Default,Default,Default,Default,Default,Default,Default,Default,Default,Default,Default,Default,Default,Default,Default,Default,Default,Default,Default,Default,Default,Default,Default,Default,Default,Default,Default,Default,Default,Default,Default,Default,Default,Default,Default,Default,Default,Default,Default,Default,Default,DefaultJob,TieBreakerMultiplier=0.1&DocumentCount=100000,1,Workload,Pilot,1,1756180,1,1756180,0,0,0,3464
DisjunctionMaxQueryBenchmarks.LeanCorpus_DisjunctionMaxQuery,Rowles.LeanCorpus.Benchmarks,DisjunctionMaxQueryBenchmarks,LeanCorpus_DisjunctionMaxQuery,DefaultJob,Default,Default,Default,Default,Default,Default,Default,Default,Default,Default,Default,Default,Default,Default,Default,Default,Default,Default,Default,Default,Default,Default,Default,Default,Default,Default,Default,Default,Default,Default,Default,Default,Default,Default,Default,Default,Default,Default,Default,Default,Default,DefaultJob,TieBreakerMultiplier=0.1&DocumentCount=100000,1,Workload,Pilot,1,26224493,16,1639030.81,0,0,0,3464
DisjunctionMaxQueryBenchmarks.LeanCorpus_DisjunctionMaxQuery,Rowles.LeanCorpus.Benchmarks,DisjunctionMaxQueryBenchmarks,LeanCorpus_DisjunctionMaxQuery,DefaultJob,Default,Default,Default,Default,Default,Default,Default,Default,Default,Default,Default,Default,Default,Default,Default,Default,Default,Default,Default,Default,Default,Default,Default,Default,Default,Default,Default,Default,Default,Default,Default,Default,Default,Default,Default,Default,Default,Default,Default,Default,Default,DefaultJob,TieBreakerMultiplier=0.1&DocumentCount=100000,1,Workload,Pilot,2,40308315,32,1259634.84,0,0,0,3464
DisjunctionMaxQueryBenchmarks.LeanCorpus_DisjunctionMaxQuery,Rowles.LeanCorpus.Benchmarks,DisjunctionMaxQueryBenchmarks,LeanCorpus_DisjunctionMaxQuery,DefaultJob,Default,Default,Default,Default,Default,Default,Default,Default,Default,Default,Default,Default,Default,Default,Default,Default,Default,Default,Default,Default,Default,Default,Default,Default,Default,Default,Default,Default,Default,Default,Default,Default,Default,Default,Default,Default,Default,Default,Default,Default,Default,DefaultJob,TieBreakerMultiplier=0.1&DocumentCount=100000,1,Workload,Pilot,3,55593926,64,868655.09,0,0,0,3464
DisjunctionMaxQueryBenchmarks.LeanCorpus_DisjunctionMaxQuery,Rowles.LeanCorpus.Benchmarks,DisjunctionMaxQueryBenchmarks,LeanCorpus_DisjunctionMaxQuery,DefaultJob,Default,Default,Default,Default,Default,Default,Default,Default,Default,Default,Default,Default,Default,Default,Default,Default,Default,Default,Default,Default,Default,Default,Default,Default,Default,Default,Default,Default,Default,Default,Default,Default,Default,Default,Default,Default,Default,Default,Default,Default,Default,DefaultJob,TieBreakerMultiplier=0.1&DocumentCount=100000,1,Workload,Pilot,4,96564586,128,754410.83,0,0,0,3464
DisjunctionMaxQueryBenchmarks.LeanCorpus_DisjunctionMaxQuery,Rowles.LeanCorpus.Benchmarks,DisjunctionMaxQueryBenchmarks,LeanCorpus_DisjunctionMaxQuery,DefaultJob,Default,Default,Default,Default,Default,Default,Default,Default,Default,Default,Default,Default,Default,Default,Default,Default,Default,Default,Default,Default,Default,Default,Default,Default,Default,Default,Default,Default,Default,Default,Default,Default,Default,Default,Default,Default,Default,Default,Default,Default,Default,DefaultJob,TieBreakerMultiplier=0.1&DocumentCount=100000,1,Workload,Pilot,5,193188100,256,754641.02,0,0,0,3464
DisjunctionMaxQueryBenchmarks.LeanCorpus_DisjunctionMaxQuery,Rowles.LeanCorpus.Benchmarks,DisjunctionMaxQueryBenchmarks,LeanCorpus_DisjunctionMaxQuery,DefaultJob,Default,Default,Default,Default,Default,Default,Default,Default,Default,Default,Default,Default,Default,Default,Default,Default,Default,Default,Default,Default,Default,Default,Default,Default,Default,Default,Default,Default,Default,Default,Default,Default,Default,Default,Default,Default,Default,Default,Default,Default,Default,DefaultJob,TieBreakerMultiplier=0.1&DocumentCount=100000,1,Workload,Pilot,6,375691685,512,733772.82,0,0,0,3464
DisjunctionMaxQueryBenchmarks.LeanCorpus_DisjunctionMaxQuery,Rowles.LeanCorpus.Benchmarks,DisjunctionMaxQueryBenchmarks,LeanCorpus_DisjunctionMaxQuery,DefaultJob,Default,Default,Default,Default,Default,Default,Default,Default,Default,Default,Default,Default,Default,Default,Default,Default,Default,Default,Default,Default,Default,Default,Default,Default,Default,Default,Default,Default,Default,Default,Default,Default,Default,Default,Default,Default,Default,Default,Default,Default,Default,DefaultJob,TieBreakerMultiplier=0.1&DocumentCount=100000,1,Workload,Pilot,7,762030867,1024,744170.77,0,0,0,3464
DisjunctionMaxQueryBenchmarks.LeanCorpus_DisjunctionMaxQuery,Rowles.LeanCorpus.Benchmarks,DisjunctionMaxQueryBenchmarks,LeanCorpus_DisjunctionMaxQuery,DefaultJob,Default,Default,Default,Default,Default,Default,Default,Default,Default,Default,Default,Default,Default,Default,Default,Default,Default,Default,Default,Default,Default,Default,Default,Default,Default,Default,Default,Default,Default,Default,Default,Default,Default,Default,Default,Default,Default,Default,Default,Default,Default,DefaultJob,TieBreakerMultiplier=0.1&DocumentCount=100000,1,Workload,Warmup,1,765135913,1024,747203.04,0,0,0,3464
DisjunctionMaxQueryBenchmarks.LeanCorpus_DisjunctionMaxQuery,Rowles.LeanCorpus.Benchmarks,DisjunctionMaxQueryBenchmarks,LeanCorpus_DisjunctionMaxQuery,DefaultJob,Default,Default,Default,Default,Default,Default,Default,Default,Default,Default,Default,Default,Default,Default,Default,Default,Default,Default,Default,Default,Default,Default,Default,Default,Default,Default,Default,Default,Default,Default,Default,Default,Default,Default,Default,Default,Default,Default,Default,Default,Default,DefaultJob,TieBreakerMultiplier=0.1&DocumentCount=100000,1,Workload,Warmup,2,754639017,1024,736952.17,0,0,0,3464
DisjunctionMaxQueryBenchmarks.LeanCorpus_DisjunctionMaxQuery,Rowles.LeanCorpus.Benchmarks,DisjunctionMaxQueryBenchmarks,LeanCorpus_DisjunctionMaxQuery,DefaultJob,Default,Default,Default,Default,Default,Default,Default,Default,Default,Default,Default,Default,Default,Default,Default,Default,Default,Default,Default,Default,Default,Default,Default,Default,Default,Default,Default,Default,Default,Default,Default,Default,Default,Default,Default,Default,Default,Default,Default,Default,Default,DefaultJob,TieBreakerMultiplier=0.1&DocumentCount=100000,1,Workload,Warmup,3,753215626,1024,735562.13,0,0,0,3464
DisjunctionMaxQueryBenchmarks.LeanCorpus_DisjunctionMaxQuery,Rowles.LeanCorpus.Benchmarks,DisjunctionMaxQueryBenchmarks,LeanCorpus_DisjunctionMaxQuery,DefaultJob,Default,Default,Default,Default,Default,Default,Default,Default,Default,Default,Default,Default,Default,Default,Default,Default,Default,Default,Default,Default,Default,Default,Default,Default,Default,Default,Default,Default,Default,Default,Default,Default,Default,Default,Default,Default,Default,Default,Default,Default,Default,DefaultJob,TieBreakerMultiplier=0.1&DocumentCount=100000,1,Workload,Warmup,4,755309119,1024,737606.56,0,0,0,3464
DisjunctionMaxQueryBenchmarks.LeanCorpus_DisjunctionMaxQuery,Rowles.LeanCorpus.Benchmarks,DisjunctionMaxQueryBenchmarks,LeanCorpus_DisjunctionMaxQuery,DefaultJob,Default,Default,Default,Default,Default,Default,Default,Default,Default,Default,Default,Default,Default,Default,Default,Default,Default,Default,Default,Default,Default,Default,Default,Default,Default,Default,Default,Default,Default,Default,Default,Default,Default,Default,Default,Default,Default,Default,Default,Default,Default,DefaultJob,TieBreakerMultiplier=0.1&DocumentCount=100000,1,Workload,Warmup,5,755738846,1024,738026.22,0,0,0,3464
DisjunctionMaxQueryBenchmarks.LeanCorpus_DisjunctionMaxQuery,Rowles.LeanCorpus.Benchmarks,DisjunctionMaxQueryBenchmarks,LeanCorpus_DisjunctionMaxQuery,DefaultJob,Default,Default,Default,Default,Default,Default,Default,Default,Default,Default,Default,Default,Default,Default,Default,Default,Default,Default,Default,Default,Default,Default,Default,Default,Default,Default,Default,Default,Default,Default,Default,Default,Default,Default,Default,Default,Default,Default,Default,Default,Default,DefaultJob,TieBreakerMultiplier=0.1&DocumentCount=100000,1,Workload,Warmup,6,761092926,1024,743254.81,0,0,0,3464
DisjunctionMaxQueryBenchmarks.LeanCorpus_DisjunctionMaxQuery,Rowles.LeanCorpus.Benchmarks,DisjunctionMaxQueryBenchmarks,LeanCorpus_DisjunctionMaxQuery,DefaultJob,Default,Default,Default,Default,Default,Default,Default,Default,Default,Default,Default,Default,Default,Default,Default,Default,Default,Default,Default,Default,Default,Default,Default,Default,Default,Default,Default,Default,Default,Default,Default,Default,Default,Default,Default,Default,Default,Default,Default,Default,Default,DefaultJob,TieBreakerMultiplier=0.1&DocumentCount=100000,1,Workload,Warmup,7,759908677,1024,742098.32,0,0,0,3464
DisjunctionMaxQueryBenchmarks.LeanCorpus_DisjunctionMaxQuery,Rowles.LeanCorpus.Benchmarks,DisjunctionMaxQueryBenchmarks,LeanCorpus_DisjunctionMaxQuery,DefaultJob,Default,Default,Default,Default,Default,Default,Default,Default,Default,Default,Default,Default,Default,Default,Default,Default,Default,Default,Default,Default,Default,Default,Default,Default,Default,Default,Default,Default,Default,Default,Default,Default,Default,Default,Default,Default,Default,Default,Default,Default,Default,DefaultJob,TieBreakerMultiplier=0.1&DocumentCount=100000,1,Workload,Warmup,8,753958131,1024,736287.24,0,0,0,3464
DisjunctionMaxQueryBenchmarks.LeanCorpus_DisjunctionMaxQuery,Rowles.LeanCorpus.Benchmarks,DisjunctionMaxQueryBenchmarks,LeanCorpus_DisjunctionMaxQuery,DefaultJob,Default,Default,Default,Default,Default,Default,Default,Default,Default,Default,Default,Default,Default,Default,Default,Default,Default,Default,Default,Default,Default,Default,Default,Default,Default,Default,Default,Default,Default,Default,Default,Default,Default,Default,Default,Default,Default,Default,Default,Default,Default,DefaultJob,TieBreakerMultiplier=0.1&DocumentCount=100000,1,Workload,Warmup,9,760098226,1024,742283.42,0,0,0,3464
DisjunctionMaxQueryBenchmarks.LeanCorpus_DisjunctionMaxQuery,Rowles.LeanCorpus.Benchmarks,DisjunctionMaxQueryBenchmarks,LeanCorpus_DisjunctionMaxQuery,DefaultJob,Default,Default,Default,Default,Default,Default,Default,Default,Default,Default,Default,Default,Default,Default,Default,Default,Default,Default,Default,Default,Default,Default,Default,Default,Default,Default,Default,Default,Default,Default,Default,Default,Default,Default,Default,Default,Default,Default,Default,Default,Default,DefaultJob,TieBreakerMultiplier=0.1&DocumentCount=100000,1,Workload,Warmup,10,758600772,1024,740821.07,0,0,0,3464
DisjunctionMaxQueryBenchmarks.LeanCorpus_DisjunctionMaxQuery,Rowles.LeanCorpus.Benchmarks,DisjunctionMaxQueryBenchmarks,LeanCorpus_DisjunctionMaxQuery,DefaultJob,Default,Default,Default,Default,Default,Default,Default,Default,Default,Default,Default,Default,Default,Default,Default,Default,Default,Default,Default,Default,Default,Default,Default,Default,Default,Default,Default,Default,Default,Default,Default,Default,Default,Default,Default,Default,Default,Default,Default,Default,Default,DefaultJob,TieBreakerMultiplier=0.1&DocumentCount=100000,1,Workload,Actual,1,754258825,1024,736580.88,0,0,0,3464
DisjunctionMaxQueryBenchmarks.LeanCorpus_DisjunctionMaxQuery,Rowles.LeanCorpus.Benchmarks,DisjunctionMaxQueryBenchmarks,LeanCorpus_DisjunctionMaxQuery,DefaultJob,Default,Default,Default,Default,Default,Default,Default,Default,Default,Default,Default,Default,Default,Default,Default,Default,Default,Default,Default,Default,Default,Default,Default,Default,Default,Default,Default,Default,Default,Default,Default,Default,Default,Default,Default,Default,Default,Default,Default,Default,Default,DefaultJob,TieBreakerMultiplier=0.1&DocumentCount=100000,1,Workload,Actual,2,747820339,1024,730293.3,0,0,0,3464
DisjunctionMaxQueryBenchmarks.LeanCorpus_DisjunctionMaxQuery,Rowles.LeanCorpus.Benchmarks,DisjunctionMaxQueryBenchmarks,LeanCorpus_DisjunctionMaxQuery,DefaultJob,Default,Default,Default,Default,Default,Default,Default,Default,Default,Default,Default,Default,Default,Default,Default,Default,Default,Default,Default,Default,Default,Default,Default,Default,Default,Default,Default,Default,Default,Default,Default,Default,Default,Default,Default,Default,Default,Default,Default,Default,Default,DefaultJob,TieBreakerMultiplier=0.1&DocumentCount=100000,1,Workload,Actual,3,753042844,1024,735393.4,0,0,0,3464
DisjunctionMaxQueryBenchmarks.LeanCorpus_DisjunctionMaxQuery,Rowles.LeanCorpus.Benchmarks,DisjunctionMaxQueryBenchmarks,LeanCorpus_DisjunctionMaxQuery,DefaultJob,Default,Default,Default,Default,Default,Default,Default,Default,Default,Default,Default,Default,Default,Default,Default,Default,Default,Default,Default,Default,Default,Default,Default,Default,Default,Default,Default,Default,Default,Default,Default,Default,Default,Default,Default,Default,Default,Default,Default,Default,Default,DefaultJob,TieBreakerMultiplier=0.1&DocumentCount=100000,1,Workload,Actual,4,758285397,1024,740513.08,0,0,0,3464
DisjunctionMaxQueryBenchmarks.LeanCorpus_DisjunctionMaxQuery,Rowles.LeanCorpus.Benchmarks,DisjunctionMaxQueryBenchmarks,LeanCorpus_DisjunctionMaxQuery,DefaultJob,Default,Default,Default,Default,Default,Default,Default,Default,Default,Default,Default,Default,Default,Default,Default,Default,Default,Default,Default,Default,Default,Default,Default,Default,Default,Default,Default,Default,Default,Default,Default,Default,Default,Default,Default,Default,Default,Default,Default,Default,Default,DefaultJob,TieBreakerMultiplier=0.1&DocumentCount=100000,1,Workload,Actual,5,761913079,1024,744055.74,0,0,0,3464
DisjunctionMaxQueryBenchmarks.LeanCorpus_DisjunctionMaxQuery,Rowles.LeanCorpus.Benchmarks,DisjunctionMaxQueryBenchmarks,LeanCorpus_DisjunctionMaxQuery,DefaultJob,Default,Default,Default,Default,Default,Default,Default,Default,Default,Default,Default,Default,Default,Default,Default,Default,Default,Default,Default,Default,Default,Default,Default,Default,Default,Default,Default,Default,Default,Default,Default,Default,Default,Default,Default,Default,Default,Default,Default,Default,Default,DefaultJob,TieBreakerMultiplier=0.1&DocumentCount=100000,1,Workload,Actual,6,760317680,1024,742497.73,0,0,0,3464
DisjunctionMaxQueryBenchmarks.LeanCorpus_DisjunctionMaxQuery,Rowles.LeanCorpus.Benchmarks,DisjunctionMaxQueryBenchmarks,LeanCorpus_DisjunctionMaxQuery,DefaultJob,Default,Default,Default,Default,Default,Default,Default,Default,Default,Default,Default,Default,Default,Default,Default,Default,Default,Default,Default,Default,Default,Default,Default,Default,Default,Default,Default,Default,Default,Default,Default,Default,Default,Default,Default,Default,Default,Default,Default,Default,Default,DefaultJob,TieBreakerMultiplier=0.1&DocumentCount=100000,1,Workload,Actual,7,761184975,1024,743344.7,0,0,0,3464
DisjunctionMaxQueryBenchmarks.LeanCorpus_DisjunctionMaxQuery,Rowles.LeanCorpus.Benchmarks,DisjunctionMaxQueryBenchmarks,LeanCorpus_DisjunctionMaxQuery,DefaultJob,Default,Default,Default,Default,Default,Default,Default,Default,Default,Default,Default,Default,Default,Default,Default,Default,Default,Default,Default,Default,Default,Default,Default,Default,Default,Default,Default,Default,Default,Default,Default,Default,Default,Default,Default,Default,Default,Default,Default,Default,Default,DefaultJob,TieBreakerMultiplier=0.1&DocumentCount=100000,1,Workload,Actual,8,752904232,1024,735258.04,0,0,0,3464
DisjunctionMaxQueryBenchmarks.LeanCorpus_DisjunctionMaxQuery,Rowles.LeanCorpus.Benchmarks,DisjunctionMaxQueryBenchmarks,LeanCorpus_DisjunctionMaxQuery,DefaultJob,Default,Default,Default,Default,Default,Default,Default,Default,Default,Default,Default,Default,Default,Default,Default,Default,Default,Default,Default,Default,Default,Default,Default,Default,Default,Default,Default,Default,Default,Default,Default,Default,Default,Default,Default,Default,Default,Default,Default,Default,Default,DefaultJob,TieBreakerMultiplier=0.1&DocumentCount=100000,1,Workload,Actual,9,761831526,1024,743976.1,0,0,0,3464
DisjunctionMaxQueryBenchmarks.LeanCorpus_DisjunctionMaxQuery,Rowles.LeanCorpus.Benchmarks,DisjunctionMaxQueryBenchmarks,LeanCorpus_DisjunctionMaxQuery,DefaultJob,Default,Default,Default,Default,Default,Default,Default,Default,Default,Default,Default,Default,Default,Default,Default,Default,Default,Default,Default,Default,Default,Default,Default,Default,Default,Default,Default,Default,Default,Default,Default,Default,Default,Default,Default,Default,Default,Default,Default,Default,Default,DefaultJob,TieBreakerMultiplier=0.1&DocumentCount=100000,1,Workload,Actual,10,760294048,1024,742474.66,0,0,0,3464
DisjunctionMaxQueryBenchmarks.LeanCorpus_DisjunctionMaxQuery,Rowles.LeanCorpus.Benchmarks,DisjunctionMaxQueryBenchmarks,LeanCorpus_DisjunctionMaxQuery,DefaultJob,Default,Default,Default,Default,Default,Default,Default,Default,Default,Default,Default,Default,Default,Default,Default,Default,Default,Default,Default,Default,Default,Default,Default,Default,Default,Default,Default,Default,Default,Default,Default,Default,Default,Default,Default,Default,Default,Default,Default,Default,Default,DefaultJob,TieBreakerMultiplier=0.1&DocumentCount=100000,1,Workload,Actual,11,760904369,1024,743070.67,0,0,0,3464
DisjunctionMaxQueryBenchmarks.LeanCorpus_DisjunctionMaxQuery,Rowles.LeanCorpus.Benchmarks,DisjunctionMaxQueryBenchmarks,LeanCorpus_DisjunctionMaxQuery,DefaultJob,Default,Default,Default,Default,Default,Default,Default,Default,Default,Default,Default,Default,Default,Default,Default,Default,Default,Default,Default,Default,Default,Default,Default,Default,Default,Default,Default,Default,Default,Default,Default,Default,Default,Default,Default,Default,Default,Default,Default,Default,Default,DefaultJob,TieBreakerMultiplier=0.1&DocumentCount=100000,1,Workload,Actual,12,761481261,1024,743634.04,0,0,0,3464
DisjunctionMaxQueryBenchmarks.LeanCorpus_DisjunctionMaxQuery,Rowles.LeanCorpus.Benchmarks,DisjunctionMaxQueryBenchmarks,LeanCorpus_DisjunctionMaxQuery,DefaultJob,Default,Default,Default,Default,Default,Default,Default,Default,Default,Default,Default,Default,Default,Default,Default,Default,Default,Default,Default,Default,Default,Default,Default,Default,Default,Default,Default,Default,Default,Default,Default,Default,Default,Default,Default,Default,Default,Default,Default,Default,Default,DefaultJob,TieBreakerMultiplier=0.1&DocumentCount=100000,1,Workload,Actual,13,761119052,1024,743280.32,0,0,0,3464
DisjunctionMaxQueryBenchmarks.LeanCorpus_DisjunctionMaxQuery,Rowles.LeanCorpus.Benchmarks,DisjunctionMaxQueryBenchmarks,LeanCorpus_DisjunctionMaxQuery,DefaultJob,Default,Default,Default,Default,Default,Default,Default,Default,Default,Default,Default,Default,Default,Default,Default,Default,Default,Default,Default,Default,Default,Default,Default,Default,Default,Default,Default,Default,Default,Default,Default,Default,Default,Default,Default,Default,Default,Default,Default,Default,Default,DefaultJob,TieBreakerMultiplier=0.1&DocumentCount=100000,1,Workload,Actual,14,765013772,1024,747083.76,0,0,0,3464
DisjunctionMaxQueryBenchmarks.LeanCorpus_DisjunctionMaxQuery,Rowles.LeanCorpus.Benchmarks,DisjunctionMaxQueryBenchmarks,LeanCorpus_DisjunctionMaxQuery,DefaultJob,Default,Default,Default,Default,Default,Default,Default,Default,Default,Default,Default,Default,Default,Default,Default,Default,Default,Default,Default,Default,Default,Default,Default,Default,Default,Default,Default,Default,Default,Default,Default,Default,Default,Default,Default,Default,Default,Default,Default,Default,Default,DefaultJob,TieBreakerMultiplier=0.1&DocumentCount=100000,1,Workload,Actual,15,756387536,1024,738659.7,0,0,0,3464
DisjunctionMaxQueryBenchmarks.LeanCorpus_DisjunctionMaxQuery,Rowles.LeanCorpus.Benchmarks,DisjunctionMaxQueryBenchmarks,LeanCorpus_DisjunctionMaxQuery,DefaultJob,Default,Default,Default,Default,Default,Default,Default,Default,Default,Default,Default,Default,Default,Default,Default,Default,Default,Default,Default,Default,Default,Default,Default,Default,Default,Default,Default,Default,Default,Default,Default,Default,Default,Default,Default,Default,Default,Default,Default,Default,Default,DefaultJob,TieBreakerMultiplier=0.1&DocumentCount=100000,1,Workload,Extra,1,776319460,1024,758124.47,0,0,0,3464
DisjunctionMaxQueryBenchmarks.LeanCorpus_DisjunctionMaxQuery,Rowles.LeanCorpus.Benchmarks,DisjunctionMaxQueryBenchmarks,LeanCorpus_DisjunctionMaxQuery,DefaultJob,Default,Default,Default,Default,Default,Default,Default,Default,Default,Default,Default,Default,Default,Default,Default,Default,Default,Default,Default,Default,Default,Default,Default,Default,Default,Default,Default,Default,Default,Default,Default,Default,Default,Default,Default,Default,Default,Default,Default,Default,Default,DefaultJob,TieBreakerMultiplier=0.1&DocumentCount=100000,1,Workload,Result,1,754258825,1024,736580.88,0,0,0,3464
DisjunctionMaxQueryBenchmarks.LeanCorpus_DisjunctionMaxQuery,Rowles.LeanCorpus.Benchmarks,DisjunctionMaxQueryBenchmarks,LeanCorpus_DisjunctionMaxQuery,DefaultJob,Default,Default,Default,Default,Default,Default,Default,Default,Default,Default,Default,Default,Default,Default,Default,Default,Default,Default,Default,Default,Default,Default,Default,Default,Default,Default,Default,Default,Default,Default,Default,Default,Default,Default,Default,Default,Default,Default,Default,Default,Default,DefaultJob,TieBreakerMultiplier=0.1&DocumentCount=100000,1,Workload,Result,2,747820339,1024,730293.3,0,0,0,3464
DisjunctionMaxQueryBenchmarks.LeanCorpus_DisjunctionMaxQuery,Rowles.LeanCorpus.Benchmarks,DisjunctionMaxQueryBenchmarks,LeanCorpus_DisjunctionMaxQuery,DefaultJob,Default,Default,Default,Default,Default,Default,Default,Default,Default,Default,Default,Default,Default,Default,Default,Default,Default,Default,Default,Default,Default,Default,Default,Default,Default,Default,Default,Default,Default,Default,Default,Default,Default,Default,Default,Default,Default,Default,Default,Default,Default,DefaultJob,TieBreakerMultiplier=0.1&DocumentCount=100000,1,Workload,Result,3,753042844,1024,735393.4,0,0,0,3464
DisjunctionMaxQueryBenchmarks.LeanCorpus_DisjunctionMaxQuery,Rowles.LeanCorpus.Benchmarks,DisjunctionMaxQueryBenchmarks,LeanCorpus_DisjunctionMaxQuery,DefaultJob,Default,Default,Default,Default,Default,Default,Default,Default,Default,Default,Default,Default,Default,Default,Default,Default,Default,Default,Default,Default,Default,Default,Default,Default,Default,Default,Default,Default,Default,Default,Default,Default,Default,Default,Default,Default,Default,Default,Default,Default,Default,DefaultJob,TieBreakerMultiplier=0.1&DocumentCount=100000,1,Workload,Result,4,758285397,1024,740513.08,0,0,0,3464
DisjunctionMaxQueryBenchmarks.LeanCorpus_DisjunctionMaxQuery,Rowles.LeanCorpus.Benchmarks,DisjunctionMaxQueryBenchmarks,LeanCorpus_DisjunctionMaxQuery,DefaultJob,Default,Default,Default,Default,Default,Default,Default,Default,Default,Default,Default,Default,Default,Default,Default,Default,Default,Default,Default,Default,Default,Default,Default,Default,Default,Default,Default,Default,Default,Default,Default,Default,Default,Default,Default,Default,Default,Default,Default,Default,Default,DefaultJob,TieBreakerMultiplier=0.1&DocumentCount=100000,1,Workload,Result,5,761913079,1024,744055.74,0,0,0,3464
DisjunctionMaxQueryBenchmarks.LeanCorpus_DisjunctionMaxQuery,Rowles.LeanCorpus.Benchmarks,DisjunctionMaxQueryBenchmarks,LeanCorpus_DisjunctionMaxQuery,DefaultJob,Default,Default,Default,Default,Default,Default,Default,Default,Default,Default,Default,Default,Default,Default,Default,Default,Default,Default,Default,Default,Default,Default,Default,Default,Default,Default,Default,Default,Default,Default,Default,Default,Default,Default,Default,Default,Default,Default,Default,Default,Default,DefaultJob,TieBreakerMultiplier=0.1&DocumentCount=100000,1,Workload,Result,6,760317680,1024,742497.73,0,0,0,3464
DisjunctionMaxQueryBenchmarks.LeanCorpus_DisjunctionMaxQuery,Rowles.LeanCorpus.Benchmarks,DisjunctionMaxQueryBenchmarks,LeanCorpus_DisjunctionMaxQuery,DefaultJob,Default,Default,Default,Default,Default,Default,Default,Default,Default,Default,Default,Default,Default,Default,Default,Default,Default,Default,Default,Default,Default,Default,Default,Default,Default,Default,Default,Default,Default,Default,Default,Default,Default,Default,Default,Default,Default,Default,Default,Default,Default,DefaultJob,TieBreakerMultiplier=0.1&DocumentCount=100000,1,Workload,Result,7,761184975,1024,743344.7,0,0,0,3464
DisjunctionMaxQueryBenchmarks.LeanCorpus_DisjunctionMaxQuery,Rowles.LeanCorpus.Benchmarks,DisjunctionMaxQueryBenchmarks,LeanCorpus_DisjunctionMaxQuery,DefaultJob,Default,Default,Default,Default,Default,Default,Default,Default,Default,Default,Default,Default,Default,Default,Default,Default,Default,Default,Default,Default,Default,Default,Default,Default,Default,Default,Default,Default,Default,Default,Default,Default,Default,Default,Default,Default,Default,Default,Default,Default,Default,DefaultJob,TieBreakerMultiplier=0.1&DocumentCount=100000,1,Workload,Result,8,752904232,1024,735258.04,0,0,0,3464
DisjunctionMaxQueryBenchmarks.LeanCorpus_DisjunctionMaxQuery,Rowles.LeanCorpus.Benchmarks,DisjunctionMaxQueryBenchmarks,LeanCorpus_DisjunctionMaxQuery,DefaultJob,Default,Default,Default,Default,Default,Default,Default,Default,Default,Default,Default,Default,Default,Default,Default,Default,Default,Default,Default,Default,Default,Default,Default,Default,Default,Default,Default,Default,Default,Default,Default,Default,Default,Default,Default,Default,Default,Default,Default,Default,Default,DefaultJob,TieBreakerMultiplier=0.1&DocumentCount=100000,1,Workload,Result,9,761831526,1024,743976.1,0,0,0,3464
DisjunctionMaxQueryBenchmarks.LeanCorpus_DisjunctionMaxQuery,Rowles.LeanCorpus.Benchmarks,DisjunctionMaxQueryBenchmarks,LeanCorpus_DisjunctionMaxQuery,DefaultJob,Default,Default,Default,Default,Default,Default,Default,Default,Default,Default,Default,Default,Default,Default,Default,Default,Default,Default,Default,Default,Default,Default,Default,Default,Default,Default,Default,Default,Default,Default,Default,Default,Default,Default,Default,Default,Default,Default,Default,Default,Default,DefaultJob,TieBreakerMultiplier=0.1&DocumentCount=100000,1,Workload,Result,10,760294048,1024,742474.66,0,0,0,3464
DisjunctionMaxQueryBenchmarks.LeanCorpus_DisjunctionMaxQuery,Rowles.LeanCorpus.Benchmarks,DisjunctionMaxQueryBenchmarks,LeanCorpus_DisjunctionMaxQuery,DefaultJob,Default,Default,Default,Default,Default,Default,Default,Default,Default,Default,Default,Default,Default,Default,Default,Default,Default,Default,Default,Default,Default,Default,Default,Default,Default,Default,Default,Default,Default,Default,Default,Default,Default,Default,Default,Default,Default,Default,Default,Default,Default,DefaultJob,TieBreakerMultiplier=0.1&DocumentCount=100000,1,Workload,Result,11,760904369,1024,743070.67,0,0,0,3464
DisjunctionMaxQueryBenchmarks.LeanCorpus_DisjunctionMaxQuery,Rowles.LeanCorpus.Benchmarks,DisjunctionMaxQueryBenchmarks,LeanCorpus_DisjunctionMaxQuery,DefaultJob,Default,Default,Default,Default,Default,Default,Default,Default,Default,Default,Default,Default,Default,Default,Default,Default,Default,Default,Default,Default,Default,Default,Default,Default,Default,Default,Default,Default,Default,Default,Default,Default,Default,Default,Default,Default,Default,Default,Default,Default,Default,DefaultJob,TieBreakerMultiplier=0.1&DocumentCount=100000,1,Workload,Result,12,761481261,1024,743634.04,0,0,0,3464
DisjunctionMaxQueryBenchmarks.LeanCorpus_DisjunctionMaxQuery,Rowles.LeanCorpus.Benchmarks,DisjunctionMaxQueryBenchmarks,LeanCorpus_DisjunctionMaxQuery,DefaultJob,Default,Default,Default,Default,Default,Default,Default,Default,Default,Default,Default,Default,Default,Default,Default,Default,Default,Default,Default,Default,Default,Default,Default,Default,Default,Default,Default,Default,Default,Default,Default,Default,Default,Default,Default,Default,Default,Default,Default,Default,Default,DefaultJob,TieBreakerMultiplier=0.1&DocumentCount=100000,1,Workload,Result,13,761119052,1024,743280.32,0,0,0,3464
DisjunctionMaxQueryBenchmarks.LeanCorpus_DisjunctionMaxQuery,Rowles.LeanCorpus.Benchmarks,DisjunctionMaxQueryBenchmarks,LeanCorpus_DisjunctionMaxQuery,DefaultJob,Default,Default,Default,Default,Default,Default,Default,Default,Default,Default,Default,Default,Default,Default,Default,Default,Default,Default,Default,Default,Default,Default,Default,Default,Default,Default,Default,Default,Default,Default,Default,Default,Default,Default,Default,Default,Default,Default,Default,Default,Default,DefaultJob,TieBreakerMultiplier=0.1&DocumentCount=100000,1,Workload,Result,14,765013772,1024,747083.76,0,0,0,3464
DisjunctionMaxQueryBenchmarks.LeanCorpus_DisjunctionMaxQuery,Rowles.LeanCorpus.Benchmarks,DisjunctionMaxQueryBenchmarks,LeanCorpus_DisjunctionMaxQuery,DefaultJob,Default,Default,Default,Default,Default,Default,Default,Default,Default,Default,Default,Default,Default,Default,Default,Default,Default,Default,Default,Default,Default,Default,Default,Default,Default,Default,Default,Default,Default,Default,Default,Default,Default,Default,Default,Default,Default,Default,Default,Default,Default,DefaultJob,TieBreakerMultiplier=0.1&DocumentCount=100000,1,Workload,Result,15,756387536,1024,738659.7,0,0,0,3464
DisjunctionMaxQueryBenchmarks.LuceneNet_DisjunctionMaxQuery,Rowles.LeanCorpus.Benchmarks,DisjunctionMaxQueryBenchmarks,LuceneNet_DisjunctionMaxQuery,DefaultJob,Default,Default,Default,Default,Default,Default,Default,Default,Default,Default,Default,Default,Default,Default,Default,Default,Default,Default,Default,Default,Default,Default,Default,Default,Default,Default,Default,Default,Default,Default,Default,Default,Default,Default,Default,Default,Default,Default,Default,Default,Default,DefaultJob,TieBreakerMultiplier=0.1&DocumentCount=100000,1,Workload,Jitting,1,46572326,1,46572326,40,1,0,166540
DisjunctionMaxQueryBenchmarks.LuceneNet_DisjunctionMaxQuery,Rowles.LeanCorpus.Benchmarks,DisjunctionMaxQueryBenchmarks,LuceneNet_DisjunctionMaxQuery,DefaultJob,Default,Default,Default,Default,Default,Default,Default,Default,Default,Default,Default,Default,Default,Default,Default,Default,Default,Default,Default,Default,Default,Default,Default,Default,Default,Default,Default,Default,Default,Default,Default,Default,Default,Default,Default,Default,Default,Default,Default,Default,Default,DefaultJob,TieBreakerMultiplier=0.1&DocumentCount=100000,1,Workload,Jitting,2,164692505,30,5489750.17,40,1,0,166540
DisjunctionMaxQueryBenchmarks.LuceneNet_DisjunctionMaxQuery,Rowles.LeanCorpus.Benchmarks,DisjunctionMaxQueryBenchmarks,LuceneNet_DisjunctionMaxQuery,DefaultJob,Default,Default,Default,Default,Default,Default,Default,Default,Default,Default,Default,Default,Default,Default,Default,Default,Default,Default,Default,Default,Default,Default,Default,Default,Default,Default,Default,Default,Default,Default,Default,Default,Default,Default,Default,Default,Default,Default,Default,Default,Default,DefaultJob,TieBreakerMultiplier=0.1&DocumentCount=100000,1,Workload,Jitting,3,36420767,30,1214025.57,40,1,0,166540
DisjunctionMaxQueryBenchmarks.LuceneNet_DisjunctionMaxQuery,Rowles.LeanCorpus.Benchmarks,DisjunctionMaxQueryBenchmarks,LuceneNet_DisjunctionMaxQuery,DefaultJob,Default,Default,Default,Default,Default,Default,Default,Default,Default,Default,Default,Default,Default,Default,Default,Default,Default,Default,Default,Default,Default,Default,Default,Default,Default,Default,Default,Default,Default,Default,Default,Default,Default,Default,Default,Default,Default,Default,Default,Default,Default,DefaultJob,TieBreakerMultiplier=0.1&DocumentCount=100000,1,Workload,Jitting,4,49413663,30,1647122.1,40,1,0,166540
DisjunctionMaxQueryBenchmarks.LuceneNet_DisjunctionMaxQuery,Rowles.LeanCorpus.Benchmarks,DisjunctionMaxQueryBenchmarks,LuceneNet_DisjunctionMaxQuery,DefaultJob,Default,Default,Default,Default,Default,Default,Default,Default,Default,Default,Default,Default,Default,Default,Default,Default,Default,Default,Default,Default,Default,Default,Default,Default,Default,Default,Default,Default,Default,Default,Default,Default,Default,Default,Default,Default,Default,Default,Default,Default,Default,DefaultJob,TieBreakerMultiplier=0.1&DocumentCount=100000,1,Workload,Jitting,5,1760575,1,1760575,40,1,0,166540
DisjunctionMaxQueryBenchmarks.LuceneNet_DisjunctionMaxQuery,Rowles.LeanCorpus.Benchmarks,DisjunctionMaxQueryBenchmarks,LuceneNet_DisjunctionMaxQuery,DefaultJob,Default,Default,Default,Default,Default,Default,Default,Default,Default,Default,Default,Default,Default,Default,Default,Default,Default,Default,Default,Default,Default,Default,Default,Default,Default,Default,Default,Default,Default,Default,Default,Default,Default,Default,Default,Default,Default,Default,Default,Default,Default,DefaultJob,TieBreakerMultiplier=0.1&DocumentCount=100000,1,Workload,Pilot,1,1752871,1,1752871,40,1,0,166540
DisjunctionMaxQueryBenchmarks.LuceneNet_DisjunctionMaxQuery,Rowles.LeanCorpus.Benchmarks,DisjunctionMaxQueryBenchmarks,LuceneNet_DisjunctionMaxQuery,DefaultJob,Default,Default,Default,Default,Default,Default,Default,Default,Default,Default,Default,Default,Default,Default,Default,Default,Default,Default,Default,Default,Default,Default,Default,Default,Default,Default,Default,Default,Default,Default,Default,Default,Default,Default,Default,Default,Default,Default,Default,Default,Default,DefaultJob,TieBreakerMultiplier=0.1&DocumentCount=100000,1,Workload,Pilot,1,29781723,16,1861357.69,40,1,0,166540
DisjunctionMaxQueryBenchmarks.LuceneNet_DisjunctionMaxQuery,Rowles.LeanCorpus.Benchmarks,DisjunctionMaxQueryBenchmarks,LuceneNet_DisjunctionMaxQuery,DefaultJob,Default,Default,Default,Default,Default,Default,Default,Default,Default,Default,Default,Default,Default,Default,Default,Default,Default,Default,Default,Default,Default,Default,Default,Default,Default,Default,Default,Default,Default,Default,Default,Default,Default,Default,Default,Default,Default,Default,Default,Default,Default,DefaultJob,TieBreakerMultiplier=0.1&DocumentCount=100000,1,Workload,Pilot,2,46538196,32,1454318.63,40,1,0,166540
DisjunctionMaxQueryBenchmarks.LuceneNet_DisjunctionMaxQuery,Rowles.LeanCorpus.Benchmarks,DisjunctionMaxQueryBenchmarks,LuceneNet_DisjunctionMaxQuery,DefaultJob,Default,Default,Default,Default,Default,Default,Default,Default,Default,Default,Default,Default,Default,Default,Default,Default,Default,Default,Default,Default,Default,Default,Default,Default,Default,Default,Default,Default,Default,Default,Default,Default,Default,Default,Default,Default,Default,Default,Default,Default,Default,DefaultJob,TieBreakerMultiplier=0.1&DocumentCount=100000,1,Workload,Pilot,3,65763763,64,1027558.8,40,1,0,166540
DisjunctionMaxQueryBenchmarks.LuceneNet_DisjunctionMaxQuery,Rowles.LeanCorpus.Benchmarks,DisjunctionMaxQueryBenchmarks,LuceneNet_DisjunctionMaxQuery,DefaultJob,Default,Default,Default,Default,Default,Default,Default,Default,Default,Default,Default,Default,Default,Default,Default,Default,Default,Default,Default,Default,Default,Default,Default,Default,Default,Default,Default,Default,Default,Default,Default,Default,Default,Default,Default,Default,Default,Default,Default,Default,Default,DefaultJob,TieBreakerMultiplier=0.1&DocumentCount=100000,1,Workload,Pilot,4,120442694,128,940958.55,40,1,0,166540
DisjunctionMaxQueryBenchmarks.LuceneNet_DisjunctionMaxQuery,Rowles.LeanCorpus.Benchmarks,DisjunctionMaxQueryBenchmarks,LuceneNet_DisjunctionMaxQuery,DefaultJob,Default,Default,Default,Default,Default,Default,Default,Default,Default,Default,Default,Default,Default,Default,Default,Default,Default,Default,Default,Default,Default,Default,Default,Default,Default,Default,Default,Default,Default,Default,Default,Default,Default,Default,Default,Default,Default,Default,Default,Default,Default,DefaultJob,TieBreakerMultiplier=0.1&DocumentCount=100000,1,Workload,Pilot,5,240312093,256,938719.11,40,1,0,166540
DisjunctionMaxQueryBenchmarks.LuceneNet_DisjunctionMaxQuery,Rowles.LeanCorpus.Benchmarks,DisjunctionMaxQueryBenchmarks,LuceneNet_DisjunctionMaxQuery,DefaultJob,Default,Default,Default,Default,Default,Default,Default,Default,Default,Default,Default,Default,Default,Default,Default,Default,Default,Default,Default,Default,Default,Default,Default,Default,Default,Default,Default,Default,Default,Default,Default,Default,Default,Default,Default,Default,Default,Default,Default,Default,Default,DefaultJob,TieBreakerMultiplier=0.1&DocumentCount=100000,1,Workload,Pilot,6,482911685,512,943186.88,40,1,0,166540
DisjunctionMaxQueryBenchmarks.LuceneNet_DisjunctionMaxQuery,Rowles.LeanCorpus.Benchmarks,DisjunctionMaxQueryBenchmarks,LuceneNet_DisjunctionMaxQuery,DefaultJob,Default,Default,Default,Default,Default,Default,Default,Default,Default,Default,Default,Default,Default,Default,Default,Default,Default,Default,Default,Default,Default,Default,Default,Default,Default,Default,Default,Default,Default,Default,Default,Default,Default,Default,Default,Default,Default,Default,Default,Default,Default,DefaultJob,TieBreakerMultiplier=0.1&DocumentCount=100000,1,Workload,Pilot,7,973726966,1024,950905.24,40,1,0,166540
DisjunctionMaxQueryBenchmarks.LuceneNet_DisjunctionMaxQuery,Rowles.LeanCorpus.Benchmarks,DisjunctionMaxQueryBenchmarks,LuceneNet_DisjunctionMaxQuery,DefaultJob,Default,Default,Default,Default,Default,Default,Default,Default,Default,Default,Default,Default,Default,Default,Default,Default,Default,Default,Default,Default,Default,Default,Default,Default,Default,Default,Default,Default,Default,Default,Default,Default,Default,Default,Default,Default,Default,Default,Default,Default,Default,DefaultJob,TieBreakerMultiplier=0.1&DocumentCount=100000,1,Workload,Warmup,1,954835201,1024,932456.25,40,1,0,166540
DisjunctionMaxQueryBenchmarks.LuceneNet_DisjunctionMaxQuery,Rowles.LeanCorpus.Benchmarks,DisjunctionMaxQueryBenchmarks,LuceneNet_DisjunctionMaxQuery,DefaultJob,Default,Default,Default,Default,Default,Default,Default,Default,Default,Default,Default,Default,Default,Default,Default,Default,Default,Default,Default,Default,Default,Default,Default,Default,Default,Default,Default,Default,Default,Default,Default,Default,Default,Default,Default,Default,Default,Default,Default,Default,Default,DefaultJob,TieBreakerMultiplier=0.1&DocumentCount=100000,1,Workload,Warmup,2,968237385,1024,945544.32,40,1,0,166540
DisjunctionMaxQueryBenchmarks.LuceneNet_DisjunctionMaxQuery,Rowles.LeanCorpus.Benchmarks,DisjunctionMaxQueryBenchmarks,LuceneNet_DisjunctionMaxQuery,DefaultJob,Default,Default,Default,Default,Default,Default,Default,Default,Default,Default,Default,Default,Default,Default,Default,Default,Default,Default,Default,Default,Default,Default,Default,Default,Default,Default,Default,Default,Default,Default,Default,Default,Default,Default,Default,Default,Default,Default,Default,Default,Default,DefaultJob,TieBreakerMultiplier=0.1&DocumentCount=100000,1,Workload,Warmup,3,965557335,1024,942927.08,40,1,0,166540
DisjunctionMaxQueryBenchmarks.LuceneNet_DisjunctionMaxQuery,Rowles.LeanCorpus.Benchmarks,DisjunctionMaxQueryBenchmarks,LuceneNet_DisjunctionMaxQuery,DefaultJob,Default,Default,Default,Default,Default,Default,Default,Default,Default,Default,Default,Default,Default,Default,Default,Default,Default,Default,Default,Default,Default,Default,Default,Default,Default,Default,Default,Default,Default,Default,Default,Default,Default,Default,Default,Default,Default,Default,Default,Default,Default,DefaultJob,TieBreakerMultiplier=0.1&DocumentCount=100000,1,Workload,Warmup,4,962409064,1024,939852.6,40,1,0,166540
DisjunctionMaxQueryBenchmarks.LuceneNet_DisjunctionMaxQuery,Rowles.LeanCorpus.Benchmarks,DisjunctionMaxQueryBenchmarks,LuceneNet_DisjunctionMaxQuery,DefaultJob,Default,Default,Default,Default,Default,Default,Default,Default,Default,Default,Default,Default,Default,Default,Default,Default,Default,Default,Default,Default,Default,Default,Default,Default,Default,Default,Default,Default,Default,Default,Default,Default,Default,Default,Default,Default,Default,Default,Default,Default,Default,DefaultJob,TieBreakerMultiplier=0.1&DocumentCount=100000,1,Workload,Warmup,5,969374058,1024,946654.35,40,1,0,166540
DisjunctionMaxQueryBenchmarks.LuceneNet_DisjunctionMaxQuery,Rowles.LeanCorpus.Benchmarks,DisjunctionMaxQueryBenchmarks,LuceneNet_DisjunctionMaxQuery,DefaultJob,Default,Default,Default,Default,Default,Default,Default,Default,Default,Default,Default,Default,Default,Default,Default,Default,Default,Default,Default,Default,Default,Default,Default,Default,Default,Default,Default,Default,Default,Default,Default,Default,Default,Default,Default,Default,Default,Default,Default,Default,Default,DefaultJob,TieBreakerMultiplier=0.1&DocumentCount=100000,1,Workload,Warmup,6,970211807,1024,947472.47,40,1,0,166540
DisjunctionMaxQueryBenchmarks.LuceneNet_DisjunctionMaxQuery,Rowles.LeanCorpus.Benchmarks,DisjunctionMaxQueryBenchmarks,LuceneNet_DisjunctionMaxQuery,DefaultJob,Default,Default,Default,Default,Default,Default,Default,Default,Default,Default,Default,Default,Default,Default,Default,Default,Default,Default,Default,Default,Default,Default,Default,Default,Default,Default,Default,Default,Default,Default,Default,Default,Default,Default,Default,Default,Default,Default,Default,Default,Default,DefaultJob,TieBreakerMultiplier=0.1&DocumentCount=100000,1,Workload,Warmup,7,971681891,1024,948908.1,40,1,0,166540
DisjunctionMaxQueryBenchmarks.LuceneNet_DisjunctionMaxQuery,Rowles.LeanCorpus.Benchmarks,DisjunctionMaxQueryBenchmarks,LuceneNet_DisjunctionMaxQuery,DefaultJob,Default,Default,Default,Default,Default,Default,Default,Default,Default,Default,Default,Default,Default,Default,Default,Default,Default,Default,Default,Default,Default,Default,Default,Default,Default,Default,Default,Default,Default,Default,Default,Default,Default,Default,Default,Default,Default,Default,Default,Default,Default,DefaultJob,TieBreakerMultiplier=0.1&DocumentCount=100000,1,Workload,Warmup,8,972686694,1024,949889.35,40,1,0,166540
DisjunctionMaxQueryBenchmarks.LuceneNet_DisjunctionMaxQuery,Rowles.LeanCorpus.Benchmarks,DisjunctionMaxQueryBenchmarks,LuceneNet_DisjunctionMaxQuery,DefaultJob,Default,Default,Default,Default,Default,Default,Default,Default,Default,Default,Default,Default,Default,Default,Default,Default,Default,Default,Default,Default,Default,Default,Default,Default,Default,Default,Default,Default,Default,Default,Default,Default,Default,Default,Default,Default,Default,Default,Default,Default,Default,DefaultJob,TieBreakerMultiplier=0.1&DocumentCount=100000,1,Workload,Warmup,9,966825555,1024,944165.58,40,1,0,166540
DisjunctionMaxQueryBenchmarks.LuceneNet_DisjunctionMaxQuery,Rowles.LeanCorpus.Benchmarks,DisjunctionMaxQueryBenchmarks,LuceneNet_DisjunctionMaxQuery,DefaultJob,Default,Default,Default,Default,Default,Default,Default,Default,Default,Default,Default,Default,Default,Default,Default,Default,Default,Default,Default,Default,Default,Default,Default,Default,Default,Default,Default,Default,Default,Default,Default,Default,Default,Default,Default,Default,Default,Default,Default,Default,Default,DefaultJob,TieBreakerMultiplier=0.1&DocumentCount=100000,1,Workload,Actual,1,966357060,1024,943708.07,40,1,0,166540
DisjunctionMaxQueryBenchmarks.LuceneNet_DisjunctionMaxQuery,Rowles.LeanCorpus.Benchmarks,DisjunctionMaxQueryBenchmarks,LuceneNet_DisjunctionMaxQuery,DefaultJob,Default,Default,Default,Default,Default,Default,Default,Default,Default,Default,Default,Default,Default,Default,Default,Default,Default,Default,Default,Default,Default,Default,Default,Default,Default,Default,Default,Default,Default,Default,Default,Default,Default,Default,Default,Default,Default,Default,Default,Default,Default,DefaultJob,TieBreakerMultiplier=0.1&DocumentCount=100000,1,Workload,Actual,2,958151823,1024,935695.14,40,1,0,166540
DisjunctionMaxQueryBenchmarks.LuceneNet_DisjunctionMaxQuery,Rowles.LeanCorpus.Benchmarks,DisjunctionMaxQueryBenchmarks,LuceneNet_DisjunctionMaxQuery,DefaultJob,Default,Default,Default,Default,Default,Default,Default,Default,Default,Default,Default,Default,Default,Default,Default,Default,Default,Default,Default,Default,Default,Default,Default,Default,Default,Default,Default,Default,Default,Default,Default,Default,Default,Default,Default,Default,Default,Default,Default,Default,Default,DefaultJob,TieBreakerMultiplier=0.1&DocumentCount=100000,1,Workload,Actual,3,963580415,1024,940996.5,40,1,0,166540
DisjunctionMaxQueryBenchmarks.LuceneNet_DisjunctionMaxQuery,Rowles.LeanCorpus.Benchmarks,DisjunctionMaxQueryBenchmarks,LuceneNet_DisjunctionMaxQuery,DefaultJob,Default,Default,Default,Default,Default,Default,Default,Default,Default,Default,Default,Default,Default,Default,Default,Default,Default,Default,Default,Default,Default,Default,Default,Default,Default,Default,Default,Default,Default,Default,Default,Default,Default,Default,Default,Default,Default,Default,Default,Default,Default,DefaultJob,TieBreakerMultiplier=0.1&DocumentCount=100000,1,Workload,Actual,4,954631455,1024,932257.28,40,1,0,166540
DisjunctionMaxQueryBenchmarks.LuceneNet_DisjunctionMaxQuery,Rowles.LeanCorpus.Benchmarks,DisjunctionMaxQueryBenchmarks,LuceneNet_DisjunctionMaxQuery,DefaultJob,Default,Default,Default,Default,Default,Default,Default,Default,Default,Default,Default,Default,Default,Default,Default,Default,Default,Default,Default,Default,Default,Default,Default,Default,Default,Default,Default,Default,Default,Default,Default,Default,Default,Default,Default,Default,Default,Default,Default,Default,Default,DefaultJob,TieBreakerMultiplier=0.1&DocumentCount=100000,1,Workload,Actual,5,963915677,1024,941323.9,40,1,0,166540
DisjunctionMaxQueryBenchmarks.LuceneNet_DisjunctionMaxQuery,Rowles.LeanCorpus.Benchmarks,DisjunctionMaxQueryBenchmarks,LuceneNet_DisjunctionMaxQuery,DefaultJob,Default,Default,Default,Default,Default,Default,Default,Default,Default,Default,Default,Default,Default,Default,Default,Default,Default,Default,Default,Default,Default,Default,Default,Default,Default,Default,Default,Default,Default,Default,Default,Default,Default,Default,Default,Default,Default,Default,Default,Default,Default,DefaultJob,TieBreakerMultiplier=0.1&DocumentCount=100000,1,Workload,Actual,6,961586088,1024,939048.91,40,1,0,166540
DisjunctionMaxQueryBenchmarks.LuceneNet_DisjunctionMaxQuery,Rowles.LeanCorpus.Benchmarks,DisjunctionMaxQueryBenchmarks,LuceneNet_DisjunctionMaxQuery,DefaultJob,Default,Default,Default,Default,Default,Default,Default,Default,Default,Default,Default,Default,Default,Default,Default,Default,Default,Default,Default,Default,Default,Default,Default,Default,Default,Default,Default,Default,Default,Default,Default,Default,Default,Default,Default,Default,Default,Default,Default,Default,Default,DefaultJob,TieBreakerMultiplier=0.1&DocumentCount=100000,1,Workload,Actual,7,970975943,1024,948218.69,40,1,0,166540
DisjunctionMaxQueryBenchmarks.LuceneNet_DisjunctionMaxQuery,Rowles.LeanCorpus.Benchmarks,DisjunctionMaxQueryBenchmarks,LuceneNet_DisjunctionMaxQuery,DefaultJob,Default,Default,Default,Default,Default,Default,Default,Default,Default,Default,Default,Default,Default,Default,Default,Default,Default,Default,Default,Default,Default,Default,Default,Default,Default,Default,Default,Default,Default,Default,Default,Default,Default,Default,Default,Default,Default,Default,Default,Default,Default,DefaultJob,TieBreakerMultiplier=0.1&DocumentCount=100000,1,Workload,Actual,8,971787909,1024,949011.63,40,1,0,166540
DisjunctionMaxQueryBenchmarks.LuceneNet_DisjunctionMaxQuery,Rowles.LeanCorpus.Benchmarks,DisjunctionMaxQueryBenchmarks,LuceneNet_DisjunctionMaxQuery,DefaultJob,Default,Default,Default,Default,Default,Default,Default,Default,Default,Default,Default,Default,Default,Default,Default,Default,Default,Default,Default,Default,Default,Default,Default,Default,Default,Default,Default,Default,Default,Default,Default,Default,Default,Default,Default,Default,Default,Default,Default,Default,Default,DefaultJob,TieBreakerMultiplier=0.1&DocumentCount=100000,1,Workload,Actual,9,969145236,1024,946430.89,40,1,0,166540
DisjunctionMaxQueryBenchmarks.LuceneNet_DisjunctionMaxQuery,Rowles.LeanCorpus.Benchmarks,DisjunctionMaxQueryBenchmarks,LuceneNet_DisjunctionMaxQuery,DefaultJob,Default,Default,Default,Default,Default,Default,Default,Default,Default,Default,Default,Default,Default,Default,Default,Default,Default,Default,Default,Default,Default,Default,Default,Default,Default,Default,Default,Default,Default,Default,Default,Default,Default,Default,Default,Default,Default,Default,Default,Default,Default,DefaultJob,TieBreakerMultiplier=0.1&DocumentCount=100000,1,Workload,Actual,10,972208041,1024,949421.92,40,1,0,166540
DisjunctionMaxQueryBenchmarks.LuceneNet_DisjunctionMaxQuery,Rowles.LeanCorpus.Benchmarks,DisjunctionMaxQueryBenchmarks,LuceneNet_DisjunctionMaxQuery,DefaultJob,Default,Default,Default,Default,Default,Default,Default,Default,Default,Default,Default,Default,Default,Default,Default,Default,Default,Default,Default,Default,Default,Default,Default,Default,Default,Default,Default,Default,Default,Default,Default,Default,Default,Default,Default,Default,Default,Default,Default,Default,Default,DefaultJob,TieBreakerMultiplier=0.1&DocumentCount=100000,1,Workload,Actual,11,966775769,1024,944116.96,40,1,0,166540
DisjunctionMaxQueryBenchmarks.LuceneNet_DisjunctionMaxQuery,Rowles.LeanCorpus.Benchmarks,DisjunctionMaxQueryBenchmarks,LuceneNet_DisjunctionMaxQuery,DefaultJob,Default,Default,Default,Default,Default,Default,Default,Default,Default,Default,Default,Default,Default,Default,Default,Default,Default,Default,Default,Default,Default,Default,Default,Default,Default,Default,Default,Default,Default,Default,Default,Default,Default,Default,Default,Default,Default,Default,Default,Default,Default,DefaultJob,TieBreakerMultiplier=0.1&DocumentCount=100000,1,Workload,Actual,12,971862865,1024,949084.83,40,1,0,166540
DisjunctionMaxQueryBenchmarks.LuceneNet_DisjunctionMaxQuery,Rowles.LeanCorpus.Benchmarks,DisjunctionMaxQueryBenchmarks,LuceneNet_DisjunctionMaxQuery,DefaultJob,Default,Default,Default,Default,Default,Default,Default,Default,Default,Default,Default,Default,Default,Default,Default,Default,Default,Default,Default,Default,Default,Default,Default,Default,Default,Default,Default,Default,Default,Default,Default,Default,Default,Default,Default,Default,Default,Default,Default,Default,Default,DefaultJob,TieBreakerMultiplier=0.1&DocumentCount=100000,1,Workload,Actual,13,963798891,1024,941209.85,40,1,0,166540
DisjunctionMaxQueryBenchmarks.LuceneNet_DisjunctionMaxQuery,Rowles.LeanCorpus.Benchmarks,DisjunctionMaxQueryBenchmarks,LuceneNet_DisjunctionMaxQuery,DefaultJob,Default,Default,Default,Default,Default,Default,Default,Default,Default,Default,Default,Default,Default,Default,Default,Default,Default,Default,Default,Default,Default,Default,Default,Default,Default,Default,Default,Default,Default,Default,Default,Default,Default,Default,Default,Default,Default,Default,Default,Default,Default,DefaultJob,TieBreakerMultiplier=0.1&DocumentCount=100000,1,Workload,Actual,14,952880447,1024,930547.31,40,1,0,166540
DisjunctionMaxQueryBenchmarks.LuceneNet_DisjunctionMaxQuery,Rowles.LeanCorpus.Benchmarks,DisjunctionMaxQueryBenchmarks,LuceneNet_DisjunctionMaxQuery,DefaultJob,Default,Default,Default,Default,Default,Default,Default,Default,Default,Default,Default,Default,Default,Default,Default,Default,Default,Default,Default,Default,Default,Default,Default,Default,Default,Default,Default,Default,Default,Default,Default,Default,Default,Default,Default,Default,Default,Default,Default,Default,Default,DefaultJob,TieBreakerMultiplier=0.1&DocumentCount=100000,1,Workload,Actual,15,969670988,1024,946944.32,40,1,0,166540
DisjunctionMaxQueryBenchmarks.LuceneNet_DisjunctionMaxQuery,Rowles.LeanCorpus.Benchmarks,DisjunctionMaxQueryBenchmarks,LuceneNet_DisjunctionMaxQuery,DefaultJob,Default,Default,Default,Default,Default,Default,Default,Default,Default,Default,Default,Default,Default,Default,Default,Default,Default,Default,Default,Default,Default,Default,Default,Default,Default,Default,Default,Default,Default,Default,Default,Default,Default,Default,Default,Default,Default,Default,Default,Default,Default,DefaultJob,TieBreakerMultiplier=0.1&DocumentCount=100000,1,Workload,Extra,1,975319700,1024,952460.64,40,1,0,166540
DisjunctionMaxQueryBenchmarks.LuceneNet_DisjunctionMaxQuery,Rowles.LeanCorpus.Benchmarks,DisjunctionMaxQueryBenchmarks,LuceneNet_DisjunctionMaxQuery,DefaultJob,Default,Default,Default,Default,Default,Default,Default,Default,Default,Default,Default,Default,Default,Default,Default,Default,Default,Default,Default,Default,Default,Default,Default,Default,Default,Default,Default,Default,Default,Default,Default,Default,Default,Default,Default,Default,Default,Default,Default,Default,Default,DefaultJob,TieBreakerMultiplier=0.1&DocumentCount=100000,1,Workload,Result,1,966357060,1024,943708.07,40,1,0,166540
DisjunctionMaxQueryBenchmarks.LuceneNet_DisjunctionMaxQuery,Rowles.LeanCorpus.Benchmarks,DisjunctionMaxQueryBenchmarks,LuceneNet_DisjunctionMaxQuery,DefaultJob,Default,Default,Default,Default,Default,Default,Default,Default,Default,Default,Default,Default,Default,Default,Default,Default,Default,Default,Default,Default,Default,Default,Default,Default,Default,Default,Default,Default,Default,Default,Default,Default,Default,Default,Default,Default,Default,Default,Default,Default,Default,DefaultJob,TieBreakerMultiplier=0.1&DocumentCount=100000,1,Workload,Result,2,958151823,1024,935695.14,40,1,0,166540
DisjunctionMaxQueryBenchmarks.LuceneNet_DisjunctionMaxQuery,Rowles.LeanCorpus.Benchmarks,DisjunctionMaxQueryBenchmarks,LuceneNet_DisjunctionMaxQuery,DefaultJob,Default,Default,Default,Default,Default,Default,Default,Default,Default,Default,Default,Default,Default,Default,Default,Default,Default,Default,Default,Default,Default,Default,Default,Default,Default,Default,Default,Default,Default,Default,Default,Default,Default,Default,Default,Default,Default,Default,Default,Default,Default,DefaultJob,TieBreakerMultiplier=0.1&DocumentCount=100000,1,Workload,Result,3,963580415,1024,940996.5,40,1,0,166540
DisjunctionMaxQueryBenchmarks.LuceneNet_DisjunctionMaxQuery,Rowles.LeanCorpus.Benchmarks,DisjunctionMaxQueryBenchmarks,LuceneNet_DisjunctionMaxQuery,DefaultJob,Default,Default,Default,Default,Default,Default,Default,Default,Default,Default,Default,Default,Default,Default,Default,Default,Default,Default,Default,Default,Default,Default,Default,Default,Default,Default,Default,Default,Default,Default,Default,Default,Default,Default,Default,Default,Default,Default,Default,Default,Default,DefaultJob,TieBreakerMultiplier=0.1&DocumentCount=100000,1,Workload,Result,4,954631455,1024,932257.28,40,1,0,166540
DisjunctionMaxQueryBenchmarks.LuceneNet_DisjunctionMaxQuery,Rowles.LeanCorpus.Benchmarks,DisjunctionMaxQueryBenchmarks,LuceneNet_DisjunctionMaxQuery,DefaultJob,Default,Default,Default,Default,Default,Default,Default,Default,Default,Default,Default,Default,Default,Default,Default,Default,Default,Default,Default,Default,Default,Default,Default,Default,Default,Default,Default,Default,Default,Default,Default,Default,Default,Default,Default,Default,Default,Default,Default,Default,Default,DefaultJob,TieBreakerMultiplier=0.1&DocumentCount=100000,1,Workload,Result,5,963915677,1024,941323.9,40,1,0,166540
DisjunctionMaxQueryBenchmarks.LuceneNet_DisjunctionMaxQuery,Rowles.LeanCorpus.Benchmarks,DisjunctionMaxQueryBenchmarks,LuceneNet_DisjunctionMaxQuery,DefaultJob,Default,Default,Default,Default,Default,Default,Default,Default,Default,Default,Default,Default,Default,Default,Default,Default,Default,Default,Default,Default,Default,Default,Default,Default,Default,Default,Default,Default,Default,Default,Default,Default,Default,Default,Default,Default,Default,Default,Default,Default,Default,DefaultJob,TieBreakerMultiplier=0.1&DocumentCount=100000,1,Workload,Result,6,961586088,1024,939048.91,40,1,0,166540
DisjunctionMaxQueryBenchmarks.LuceneNet_DisjunctionMaxQuery,Rowles.LeanCorpus.Benchmarks,DisjunctionMaxQueryBenchmarks,LuceneNet_DisjunctionMaxQuery,DefaultJob,Default,Default,Default,Default,Default,Default,Default,Default,Default,Default,Default,Default,Default,Default,Default,Default,Default,Default,Default,Default,Default,Default,Default,Default,Default,Default,Default,Default,Default,Default,Default,Default,Default,Default,Default,Default,Default,Default,Default,Default,Default,DefaultJob,TieBreakerMultiplier=0.1&DocumentCount=100000,1,Workload,Result,7,970975943,1024,948218.69,40,1,0,166540
DisjunctionMaxQueryBenchmarks.LuceneNet_DisjunctionMaxQuery,Rowles.LeanCorpus.Benchmarks,DisjunctionMaxQueryBenchmarks,LuceneNet_DisjunctionMaxQuery,DefaultJob,Default,Default,Default,Default,Default,Default,Default,Default,Default,Default,Default,Default,Default,Default,Default,Default,Default,Default,Default,Default,Default,Default,Default,Default,Default,Default,Default,Default,Default,Default,Default,Default,Default,Default,Default,Default,Default,Default,Default,Default,Default,DefaultJob,TieBreakerMultiplier=0.1&DocumentCount=100000,1,Workload,Result,8,971787909,1024,949011.63,40,1,0,166540
DisjunctionMaxQueryBenchmarks.LuceneNet_DisjunctionMaxQuery,Rowles.LeanCorpus.Benchmarks,DisjunctionMaxQueryBenchmarks,LuceneNet_DisjunctionMaxQuery,DefaultJob,Default,Default,Default,Default,Default,Default,Default,Default,Default,Default,Default,Default,Default,Default,Default,Default,Default,Default,Default,Default,Default,Default,Default,Default,Default,Default,Default,Default,Default,Default,Default,Default,Default,Default,Default,Default,Default,Default,Default,Default,Default,DefaultJob,TieBreakerMultiplier=0.1&DocumentCount=100000,1,Workload,Result,9,969145236,1024,946430.89,40,1,0,166540
DisjunctionMaxQueryBenchmarks.LuceneNet_DisjunctionMaxQuery,Rowles.LeanCorpus.Benchmarks,DisjunctionMaxQueryBenchmarks,LuceneNet_DisjunctionMaxQuery,DefaultJob,Default,Default,Default,Default,Default,Default,Default,Default,Default,Default,Default,Default,Default,Default,Default,Default,Default,Default,Default,Default,Default,Default,Default,Default,Default,Default,Default,Default,Default,Default,Default,Default,Default,Default,Default,Default,Default,Default,Default,Default,Default,DefaultJob,TieBreakerMultiplier=0.1&DocumentCount=100000,1,Workload,Result,10,972208041,1024,949421.92,40,1,0,166540
DisjunctionMaxQueryBenchmarks.LuceneNet_DisjunctionMaxQuery,Rowles.LeanCorpus.Benchmarks,DisjunctionMaxQueryBenchmarks,LuceneNet_DisjunctionMaxQuery,DefaultJob,Default,Default,Default,Default,Default,Default,Default,Default,Default,Default,Default,Default,Default,Default,Default,Default,Default,Default,Default,Default,Default,Default,Default,Default,Default,Default,Default,Default,Default,Default,Default,Default,Default,Default,Default,Default,Default,Default,Default,Default,Default,DefaultJob,TieBreakerMultiplier=0.1&DocumentCount=100000,1,Workload,Result,11,966775769,1024,944116.96,40,1,0,166540
DisjunctionMaxQueryBenchmarks.LuceneNet_DisjunctionMaxQuery,Rowles.LeanCorpus.Benchmarks,DisjunctionMaxQueryBenchmarks,LuceneNet_DisjunctionMaxQuery,DefaultJob,Default,Default,Default,Default,Default,Default,Default,Default,Default,Default,Default,Default,Default,Default,Default,Default,Default,Default,Default,Default,Default,Default,Default,Default,Default,Default,Default,Default,Default,Default,Default,Default,Default,Default,Default,Default,Default,Default,Default,Default,Default,DefaultJob,TieBreakerMultiplier=0.1&DocumentCount=100000,1,Workload,Result,12,971862865,1024,949084.83,40,1,0,166540
DisjunctionMaxQueryBenchmarks.LuceneNet_DisjunctionMaxQuery,Rowles.LeanCorpus.Benchmarks,DisjunctionMaxQueryBenchmarks,LuceneNet_DisjunctionMaxQuery,DefaultJob,Default,Default,Default,Default,Default,Default,Default,Default,Default,Default,Default,Default,Default,Default,Default,Default,Default,Default,Default,Default,Default,Default,Default,Default,Default,Default,Default,Default,Default,Default,Default,Default,Default,Default,Default,Default,Default,Default,Default,Default,Default,DefaultJob,TieBreakerMultiplier=0.1&DocumentCount=100000,1,Workload,Result,13,963798891,1024,941209.85,40,1,0,166540
DisjunctionMaxQueryBenchmarks.LuceneNet_DisjunctionMaxQuery,Rowles.LeanCorpus.Benchmarks,DisjunctionMaxQueryBenchmarks,LuceneNet_DisjunctionMaxQuery,DefaultJob,Default,Default,Default,Default,Default,Default,Default,Default,Default,Default,Default,Default,Default,Default,Default,Default,Default,Default,Default,Default,Default,Default,Default,Default,Default,Default,Default,Default,Default,Default,Default,Default,Default,Default,Default,Default,Default,Default,Default,Default,Default,DefaultJob,TieBreakerMultiplier=0.1&DocumentCount=100000,1,Workload,Result,14,952880447,1024,930547.31,40,1,0,166540
DisjunctionMaxQueryBenchmarks.LuceneNet_DisjunctionMaxQuery,Rowles.LeanCorpus.Benchmarks,DisjunctionMaxQueryBenchmarks,LuceneNet_DisjunctionMaxQuery,DefaultJob,Default,Default,Default,Default,Default,Default,Default,Default,Default,Default,Default,Default,Default,Default,Default,Default,Default,Default,Default,Default,Default,Default,Default,Default,Default,Default,Default,Default,Default,Default,Default,Default,Default,Default,Default,Default,Default,Default,Default,Default,Default,DefaultJob,TieBreakerMultiplier=0.1&DocumentCount=100000,1,Workload,Result,15,969670988,1024,946944.32,40,1,0,166540
DisjunctionMaxQueryBenchmarks.LeanCorpus_DisjunctionMaxQuery,Rowles.LeanCorpus.Benchmarks,DisjunctionMaxQueryBenchmarks,LeanCorpus_DisjunctionMaxQuery,DefaultJob,Default,Default,Default,Default,Default,Default,Default,Default,Default,Default,Default,Default,Default,Default,Default,Default,Default,Default,Default,Default,Default,Default,Default,Default,Default,Default,Default,Default,Default,Default,Default,Default,Default,Default,Default,Default,Default,Default,Default,Default,Default,DefaultJob,TieBreakerMultiplier=0.5&DocumentCount=100000,1,Workload,Jitting,1,78018246,1,78018246,0,0,0,3464
DisjunctionMaxQueryBenchmarks.LeanCorpus_DisjunctionMaxQuery,Rowles.LeanCorpus.Benchmarks,DisjunctionMaxQueryBenchmarks,LeanCorpus_DisjunctionMaxQuery,DefaultJob,Default,Default,Default,Default,Default,Default,Default,Default,Default,Default,Default,Default,Default,Default,Default,Default,Default,Default,Default,Default,Default,Default,Default,Default,Default,Default,Default,Default,Default,Default,Default,Default,Default,Default,Default,Default,Default,Default,Default,Default,Default,DefaultJob,TieBreakerMultiplier=0.5&DocumentCount=100000,1,Workload,Jitting,2,49959818,30,1665327.27,0,0,0,3464
DisjunctionMaxQueryBenchmarks.LeanCorpus_DisjunctionMaxQuery,Rowles.LeanCorpus.Benchmarks,DisjunctionMaxQueryBenchmarks,LeanCorpus_DisjunctionMaxQuery,DefaultJob,Default,Default,Default,Default,Default,Default,Default,Default,Default,Default,Default,Default,Default,Default,Default,Default,Default,Default,Default,Default,Default,Default,Default,Default,Default,Default,Default,Default,Default,Default,Default,Default,Default,Default,Default,Default,Default,Default,Default,Default,Default,DefaultJob,TieBreakerMultiplier=0.5&DocumentCount=100000,1,Workload,Jitting,3,42491164,30,1416372.13,0,0,0,3464
DisjunctionMaxQueryBenchmarks.LeanCorpus_DisjunctionMaxQuery,Rowles.LeanCorpus.Benchmarks,DisjunctionMaxQueryBenchmarks,LeanCorpus_DisjunctionMaxQuery,DefaultJob,Default,Default,Default,Default,Default,Default,Default,Default,Default,Default,Default,Default,Default,Default,Default,Default,Default,Default,Default,Default,Default,Default,Default,Default,Default,Default,Default,Default,Default,Default,Default,Default,Default,Default,Default,Default,Default,Default,Default,Default,Default,DefaultJob,TieBreakerMultiplier=0.5&DocumentCount=100000,1,Workload,Jitting,4,33242076,30,1108069.2,0,0,0,3464
DisjunctionMaxQueryBenchmarks.LeanCorpus_DisjunctionMaxQuery,Rowles.LeanCorpus.Benchmarks,DisjunctionMaxQueryBenchmarks,LeanCorpus_DisjunctionMaxQuery,DefaultJob,Default,Default,Default,Default,Default,Default,Default,Default,Default,Default,Default,Default,Default,Default,Default,Default,Default,Default,Default,Default,Default,Default,Default,Default,Default,Default,Default,Default,Default,Default,Default,Default,Default,Default,Default,Default,Default,Default,Default,Default,Default,DefaultJob,TieBreakerMultiplier=0.5&DocumentCount=100000,1,Workload,Jitting,5,1497833,1,1497833,0,0,0,3464
DisjunctionMaxQueryBenchmarks.LeanCorpus_DisjunctionMaxQuery,Rowles.LeanCorpus.Benchmarks,DisjunctionMaxQueryBenchmarks,LeanCorpus_DisjunctionMaxQuery,DefaultJob,Default,Default,Default,Default,Default,Default,Default,Default,Default,Default,Default,Default,Default,Default,Default,Default,Default,Default,Default,Default,Default,Default,Default,Default,Default,Default,Default,Default,Default,Default,Default,Default,Default,Default,Default,Default,Default,Default,Default,Default,Default,DefaultJob,TieBreakerMultiplier=0.5&DocumentCount=100000,1,Workload,Pilot,1,1082362,1,1082362,0,0,0,3464
DisjunctionMaxQueryBenchmarks.LeanCorpus_DisjunctionMaxQuery,Rowles.LeanCorpus.Benchmarks,DisjunctionMaxQueryBenchmarks,LeanCorpus_DisjunctionMaxQuery,DefaultJob,Default,Default,Default,Default,Default,Default,Default,Default,Default,Default,Default,Default,Default,Default,Default,Default,Default,Default,Default,Default,Default,Default,Default,Default,Default,Default,Default,Default,Default,Default,Default,Default,Default,Default,Default,Default,Default,Default,Default,Default,Default,DefaultJob,TieBreakerMultiplier=0.5&DocumentCount=100000,1,Workload,Pilot,1,23871543,16,1491971.44,0,0,0,3464
DisjunctionMaxQueryBenchmarks.LeanCorpus_DisjunctionMaxQuery,Rowles.LeanCorpus.Benchmarks,DisjunctionMaxQueryBenchmarks,LeanCorpus_DisjunctionMaxQuery,DefaultJob,Default,Default,Default,Default,Default,Default,Default,Default,Default,Default,Default,Default,Default,Default,Default,Default,Default,Default,Default,Default,Default,Default,Default,Default,Default,Default,Default,Default,Default,Default,Default,Default,Default,Default,Default,Default,Default,Default,Default,Default,Default,DefaultJob,TieBreakerMultiplier=0.5&DocumentCount=100000,1,Workload,Pilot,2,38365523,32,1198922.59,0,0,0,3464
DisjunctionMaxQueryBenchmarks.LeanCorpus_DisjunctionMaxQuery,Rowles.LeanCorpus.Benchmarks,DisjunctionMaxQueryBenchmarks,LeanCorpus_DisjunctionMaxQuery,DefaultJob,Default,Default,Default,Default,Default,Default,Default,Default,Default,Default,Default,Default,Default,Default,Default,Default,Default,Default,Default,Default,Default,Default,Default,Default,Default,Default,Default,Default,Default,Default,Default,Default,Default,Default,Default,Default,Default,Default,Default,Default,Default,DefaultJob,TieBreakerMultiplier=0.5&DocumentCount=100000,1,Workload,Pilot,3,54629144,64,853580.38,0,0,0,3464
DisjunctionMaxQueryBenchmarks.LeanCorpus_DisjunctionMaxQuery,Rowles.LeanCorpus.Benchmarks,DisjunctionMaxQueryBenchmarks,LeanCorpus_DisjunctionMaxQuery,DefaultJob,Default,Default,Default,Default,Default,Default,Default,Default,Default,Default,Default,Default,Default,Default,Default,Default,Default,Default,Default,Default,Default,Default,Default,Default,Default,Default,Default,Default,Default,Default,Default,Default,Default,Default,Default,Default,Default,Default,Default,Default,Default,DefaultJob,TieBreakerMultiplier=0.5&DocumentCount=100000,1,Workload,Pilot,4,94759713,128,740310.26,0,0,0,3464
DisjunctionMaxQueryBenchmarks.LeanCorpus_DisjunctionMaxQuery,Rowles.LeanCorpus.Benchmarks,DisjunctionMaxQueryBenchmarks,LeanCorpus_DisjunctionMaxQuery,DefaultJob,Default,Default,Default,Default,Default,Default,Default,Default,Default,Default,Default,Default,Default,Default,Default,Default,Default,Default,Default,Default,Default,Default,Default,Default,Default,Default,Default,Default,Default,Default,Default,Default,Default,Default,Default,Default,Default,Default,Default,Default,Default,DefaultJob,TieBreakerMultiplier=0.5&DocumentCount=100000,1,Workload,Pilot,5,189641447,256,740786.9,0,0,0,3464
DisjunctionMaxQueryBenchmarks.LeanCorpus_DisjunctionMaxQuery,Rowles.LeanCorpus.Benchmarks,DisjunctionMaxQueryBenchmarks,LeanCorpus_DisjunctionMaxQuery,DefaultJob,Default,Default,Default,Default,Default,Default,Default,Default,Default,Default,Default,Default,Default,Default,Default,Default,Default,Default,Default,Default,Default,Default,Default,Default,Default,Default,Default,Default,Default,Default,Default,Default,Default,Default,Default,Default,Default,Default,Default,Default,Default,DefaultJob,TieBreakerMultiplier=0.5&DocumentCount=100000,1,Workload,Pilot,6,378989741,512,740214.34,0,0,0,3464
DisjunctionMaxQueryBenchmarks.LeanCorpus_DisjunctionMaxQuery,Rowles.LeanCorpus.Benchmarks,DisjunctionMaxQueryBenchmarks,LeanCorpus_DisjunctionMaxQuery,DefaultJob,Default,Default,Default,Default,Default,Default,Default,Default,Default,Default,Default,Default,Default,Default,Default,Default,Default,Default,Default,Default,Default,Default,Default,Default,Default,Default,Default,Default,Default,Default,Default,Default,Default,Default,Default,Default,Default,Default,Default,Default,Default,DefaultJob,TieBreakerMultiplier=0.5&DocumentCount=100000,1,Workload,Pilot,7,757781748,1024,740021.24,0,0,0,3464
DisjunctionMaxQueryBenchmarks.LeanCorpus_DisjunctionMaxQuery,Rowles.LeanCorpus.Benchmarks,DisjunctionMaxQueryBenchmarks,LeanCorpus_DisjunctionMaxQuery,DefaultJob,Default,Default,Default,Default,Default,Default,Default,Default,Default,Default,Default,Default,Default,Default,Default,Default,Default,Default,Default,Default,Default,Default,Default,Default,Default,Default,Default,Default,Default,Default,Default,Default,Default,Default,Default,Default,Default,Default,Default,Default,Default,DefaultJob,TieBreakerMultiplier=0.5&DocumentCount=100000,1,Workload,Warmup,1,755049476,1024,737353,0,0,0,3464
DisjunctionMaxQueryBenchmarks.LeanCorpus_DisjunctionMaxQuery,Rowles.LeanCorpus.Benchmarks,DisjunctionMaxQueryBenchmarks,LeanCorpus_DisjunctionMaxQuery,DefaultJob,Default,Default,Default,Default,Default,Default,Default,Default,Default,Default,Default,Default,Default,Default,Default,Default,Default,Default,Default,Default,Default,Default,Default,Default,Default,Default,Default,Default,Default,Default,Default,Default,Default,Default,Default,Default,Default,Default,Default,Default,Default,DefaultJob,TieBreakerMultiplier=0.5&DocumentCount=100000,1,Workload,Warmup,2,755062038,1024,737365.27,0,0,0,3464
DisjunctionMaxQueryBenchmarks.LeanCorpus_DisjunctionMaxQuery,Rowles.LeanCorpus.Benchmarks,DisjunctionMaxQueryBenchmarks,LeanCorpus_DisjunctionMaxQuery,DefaultJob,Default,Default,Default,Default,Default,Default,Default,Default,Default,Default,Default,Default,Default,Default,Default,Default,Default,Default,Default,Default,Default,Default,Default,Default,Default,Default,Default,Default,Default,Default,Default,Default,Default,Default,Default,Default,Default,Default,Default,Default,Default,DefaultJob,TieBreakerMultiplier=0.5&DocumentCount=100000,1,Workload,Warmup,3,747086336,1024,729576.5,0,0,0,3464
DisjunctionMaxQueryBenchmarks.LeanCorpus_DisjunctionMaxQuery,Rowles.LeanCorpus.Benchmarks,DisjunctionMaxQueryBenchmarks,LeanCorpus_DisjunctionMaxQuery,DefaultJob,Default,Default,Default,Default,Default,Default,Default,Default,Default,Default,Default,Default,Default,Default,Default,Default,Default,Default,Default,Default,Default,Default,Default,Default,Default,Default,Default,Default,Default,Default,Default,Default,Default,Default,Default,Default,Default,Default,Default,Default,Default,DefaultJob,TieBreakerMultiplier=0.5&DocumentCount=100000,1,Workload,Warmup,4,755449354,1024,737743.51,0,0,0,3464
DisjunctionMaxQueryBenchmarks.LeanCorpus_DisjunctionMaxQuery,Rowles.LeanCorpus.Benchmarks,DisjunctionMaxQueryBenchmarks,LeanCorpus_DisjunctionMaxQuery,DefaultJob,Default,Default,Default,Default,Default,Default,Default,Default,Default,Default,Default,Default,Default,Default,Default,Default,Default,Default,Default,Default,Default,Default,Default,Default,Default,Default,Default,Default,Default,Default,Default,Default,Default,Default,Default,Default,Default,Default,Default,Default,Default,DefaultJob,TieBreakerMultiplier=0.5&DocumentCount=100000,1,Workload,Warmup,5,754754592,1024,737065.03,0,0,0,3464
DisjunctionMaxQueryBenchmarks.LeanCorpus_DisjunctionMaxQuery,Rowles.LeanCorpus.Benchmarks,DisjunctionMaxQueryBenchmarks,LeanCorpus_DisjunctionMaxQuery,DefaultJob,Default,Default,Default,Default,Default,Default,Default,Default,Default,Default,Default,Default,Default,Default,Default,Default,Default,Default,Default,Default,Default,Default,Default,Default,Default,Default,Default,Default,Default,Default,Default,Default,Default,Default,Default,Default,Default,Default,Default,Default,Default,DefaultJob,TieBreakerMultiplier=0.5&DocumentCount=100000,1,Workload,Warmup,6,753112620,1024,735461.54,0,0,0,3464
DisjunctionMaxQueryBenchmarks.LeanCorpus_DisjunctionMaxQuery,Rowles.LeanCorpus.Benchmarks,DisjunctionMaxQueryBenchmarks,LeanCorpus_DisjunctionMaxQuery,DefaultJob,Default,Default,Default,Default,Default,Default,Default,Default,Default,Default,Default,Default,Default,Default,Default,Default,Default,Default,Default,Default,Default,Default,Default,Default,Default,Default,Default,Default,Default,Default,Default,Default,Default,Default,Default,Default,Default,Default,Default,Default,Default,DefaultJob,TieBreakerMultiplier=0.5&DocumentCount=100000,1,Workload,Actual,1,754971910,1024,737277.26,0,0,0,3464
DisjunctionMaxQueryBenchmarks.LeanCorpus_DisjunctionMaxQuery,Rowles.LeanCorpus.Benchmarks,DisjunctionMaxQueryBenchmarks,LeanCorpus_DisjunctionMaxQuery,DefaultJob,Default,Default,Default,Default,Default,Default,Default,Default,Default,Default,Default,Default,Default,Default,Default,Default,Default,Default,Default,Default,Default,Default,Default,Default,Default,Default,Default,Default,Default,Default,Default,Default,Default,Default,Default,Default,Default,Default,Default,Default,Default,DefaultJob,TieBreakerMultiplier=0.5&DocumentCount=100000,1,Workload,Actual,2,754732901,1024,737043.85,0,0,0,3464
DisjunctionMaxQueryBenchmarks.LeanCorpus_DisjunctionMaxQuery,Rowles.LeanCorpus.Benchmarks,DisjunctionMaxQueryBenchmarks,LeanCorpus_DisjunctionMaxQuery,DefaultJob,Default,Default,Default,Default,Default,Default,Default,Default,Default,Default,Default,Default,Default,Default,Default,Default,Default,Default,Default,Default,Default,Default,Default,Default,Default,Default,Default,Default,Default,Default,Default,Default,Default,Default,Default,Default,Default,Default,Default,Default,Default,DefaultJob,TieBreakerMultiplier=0.5&DocumentCount=100000,1,Workload,Actual,3,755324779,1024,737621.85,0,0,0,3464
DisjunctionMaxQueryBenchmarks.LeanCorpus_DisjunctionMaxQuery,Rowles.LeanCorpus.Benchmarks,DisjunctionMaxQueryBenchmarks,LeanCorpus_DisjunctionMaxQuery,DefaultJob,Default,Default,Default,Default,Default,Default,Default,Default,Default,Default,Default,Default,Default,Default,Default,Default,Default,Default,Default,Default,Default,Default,Default,Default,Default,Default,Default,Default,Default,Default,Default,Default,Default,Default,Default,Default,Default,Default,Default,Default,Default,DefaultJob,TieBreakerMultiplier=0.5&DocumentCount=100000,1,Workload,Actual,4,754608182,1024,736922.05,0,0,0,3464
DisjunctionMaxQueryBenchmarks.LeanCorpus_DisjunctionMaxQuery,Rowles.LeanCorpus.Benchmarks,DisjunctionMaxQueryBenchmarks,LeanCorpus_DisjunctionMaxQuery,DefaultJob,Default,Default,Default,Default,Default,Default,Default,Default,Default,Default,Default,Default,Default,Default,Default,Default,Default,Default,Default,Default,Default,Default,Default,Default,Default,Default,Default,Default,Default,Default,Default,Default,Default,Default,Default,Default,Default,Default,Default,Default,Default,DefaultJob,TieBreakerMultiplier=0.5&DocumentCount=100000,1,Workload,Actual,5,743473963,1024,726048.79,0,0,0,3464
DisjunctionMaxQueryBenchmarks.LeanCorpus_DisjunctionMaxQuery,Rowles.LeanCorpus.Benchmarks,DisjunctionMaxQueryBenchmarks,LeanCorpus_DisjunctionMaxQuery,DefaultJob,Default,Default,Default,Default,Default,Default,Default,Default,Default,Default,Default,Default,Default,Default,Default,Default,Default,Default,Default,Default,Default,Default,Default,Default,Default,Default,Default,Default,Default,Default,Default,Default,Default,Default,Default,Default,Default,Default,Default,Default,Default,DefaultJob,TieBreakerMultiplier=0.5&DocumentCount=100000,1,Workload,Actual,6,744745466,1024,727290.49,0,0,0,3464
DisjunctionMaxQueryBenchmarks.LeanCorpus_DisjunctionMaxQuery,Rowles.LeanCorpus.Benchmarks,DisjunctionMaxQueryBenchmarks,LeanCorpus_DisjunctionMaxQuery,DefaultJob,Default,Default,Default,Default,Default,Default,Default,Default,Default,Default,Default,Default,Default,Default,Default,Default,Default,Default,Default,Default,Default,Default,Default,Default,Default,Default,Default,Default,Default,Default,Default,Default,Default,Default,Default,Default,Default,Default,Default,Default,Default,DefaultJob,TieBreakerMultiplier=0.5&DocumentCount=100000,1,Workload,Actual,7,755523609,1024,737816.02,0,0,0,3464
DisjunctionMaxQueryBenchmarks.LeanCorpus_DisjunctionMaxQuery,Rowles.LeanCorpus.Benchmarks,DisjunctionMaxQueryBenchmarks,LeanCorpus_DisjunctionMaxQuery,DefaultJob,Default,Default,Default,Default,Default,Default,Default,Default,Default,Default,Default,Default,Default,Default,Default,Default,Default,Default,Default,Default,Default,Default,Default,Default,Default,Default,Default,Default,Default,Default,Default,Default,Default,Default,Default,Default,Default,Default,Default,Default,Default,DefaultJob,TieBreakerMultiplier=0.5&DocumentCount=100000,1,Workload,Actual,8,754942297,1024,737248.34,0,0,0,3464
DisjunctionMaxQueryBenchmarks.LeanCorpus_DisjunctionMaxQuery,Rowles.LeanCorpus.Benchmarks,DisjunctionMaxQueryBenchmarks,LeanCorpus_DisjunctionMaxQuery,DefaultJob,Default,Default,Default,Default,Default,Default,Default,Default,Default,Default,Default,Default,Default,Default,Default,Default,Default,Default,Default,Default,Default,Default,Default,Default,Default,Default,Default,Default,Default,Default,Default,Default,Default,Default,Default,Default,Default,Default,Default,Default,Default,DefaultJob,TieBreakerMultiplier=0.5&DocumentCount=100000,1,Workload,Actual,9,755330854,1024,737627.79,0,0,0,3464
DisjunctionMaxQueryBenchmarks.LeanCorpus_DisjunctionMaxQuery,Rowles.LeanCorpus.Benchmarks,DisjunctionMaxQueryBenchmarks,LeanCorpus_DisjunctionMaxQuery,DefaultJob,Default,Default,Default,Default,Default,Default,Default,Default,Default,Default,Default,Default,Default,Default,Default,Default,Default,Default,Default,Default,Default,Default,Default,Default,Default,Default,Default,Default,Default,Default,Default,Default,Default,Default,Default,Default,Default,Default,Default,Default,Default,DefaultJob,TieBreakerMultiplier=0.5&DocumentCount=100000,1,Workload,Actual,10,755567225,1024,737858.62,0,0,0,3464
DisjunctionMaxQueryBenchmarks.LeanCorpus_DisjunctionMaxQuery,Rowles.LeanCorpus.Benchmarks,DisjunctionMaxQueryBenchmarks,LeanCorpus_DisjunctionMaxQuery,DefaultJob,Default,Default,Default,Default,Default,Default,Default,Default,Default,Default,Default,Default,Default,Default,Default,Default,Default,Default,Default,Default,Default,Default,Default,Default,Default,Default,Default,Default,Default,Default,Default,Default,Default,Default,Default,Default,Default,Default,Default,Default,Default,DefaultJob,TieBreakerMultiplier=0.5&DocumentCount=100000,1,Workload,Actual,11,754981994,1024,737287.1,0,0,0,3464
DisjunctionMaxQueryBenchmarks.LeanCorpus_DisjunctionMaxQuery,Rowles.LeanCorpus.Benchmarks,DisjunctionMaxQueryBenchmarks,LeanCorpus_DisjunctionMaxQuery,DefaultJob,Default,Default,Default,Default,Default,Default,Default,Default,Default,Default,Default,Default,Default,Default,Default,Default,Default,Default,Default,Default,Default,Default,Default,Default,Default,Default,Default,Default,Default,Default,Default,Default,Default,Default,Default,Default,Default,Default,Default,Default,Default,DefaultJob,TieBreakerMultiplier=0.5&DocumentCount=100000,1,Workload,Actual,12,756329517,1024,738603.04,0,0,0,3464
DisjunctionMaxQueryBenchmarks.LeanCorpus_DisjunctionMaxQuery,Rowles.LeanCorpus.Benchmarks,DisjunctionMaxQueryBenchmarks,LeanCorpus_DisjunctionMaxQuery,DefaultJob,Default,Default,Default,Default,Default,Default,Default,Default,Default,Default,Default,Default,Default,Default,Default,Default,Default,Default,Default,Default,Default,Default,Default,Default,Default,Default,Default,Default,Default,Default,Default,Default,Default,Default,Default,Default,Default,Default,Default,Default,Default,DefaultJob,TieBreakerMultiplier=0.5&DocumentCount=100000,1,Workload,Actual,13,748355754,1024,730816.17,0,0,0,3464
DisjunctionMaxQueryBenchmarks.LeanCorpus_DisjunctionMaxQuery,Rowles.LeanCorpus.Benchmarks,DisjunctionMaxQueryBenchmarks,LeanCorpus_DisjunctionMaxQuery,DefaultJob,Default,Default,Default,Default,Default,Default,Default,Default,Default,Default,Default,Default,Default,Default,Default,Default,Default,Default,Default,Default,Default,Default,Default,Default,Default,Default,Default,Default,Default,Default,Default,Default,Default,Default,Default,Default,Default,Default,Default,Default,Default,DefaultJob,TieBreakerMultiplier=0.5&DocumentCount=100000,1,Workload,Actual,14,742683847,1024,725277.19,0,0,0,3464
DisjunctionMaxQueryBenchmarks.LeanCorpus_DisjunctionMaxQuery,Rowles.LeanCorpus.Benchmarks,DisjunctionMaxQueryBenchmarks,LeanCorpus_DisjunctionMaxQuery,DefaultJob,Default,Default,Default,Default,Default,Default,Default,Default,Default,Default,Default,Default,Default,Default,Default,Default,Default,Default,Default,Default,Default,Default,Default,Default,Default,Default,Default,Default,Default,Default,Default,Default,Default,Default,Default,Default,Default,Default,Default,Default,Default,DefaultJob,TieBreakerMultiplier=0.5&DocumentCount=100000,1,Workload,Actual,15,743477088,1024,726051.84,0,0,0,3464
DisjunctionMaxQueryBenchmarks.LeanCorpus_DisjunctionMaxQuery,Rowles.LeanCorpus.Benchmarks,DisjunctionMaxQueryBenchmarks,LeanCorpus_DisjunctionMaxQuery,DefaultJob,Default,Default,Default,Default,Default,Default,Default,Default,Default,Default,Default,Default,Default,Default,Default,Default,Default,Default,Default,Default,Default,Default,Default,Default,Default,Default,Default,Default,Default,Default,Default,Default,Default,Default,Default,Default,Default,Default,Default,Default,Default,DefaultJob,TieBreakerMultiplier=0.5&DocumentCount=100000,1,Workload,Extra,1,759602156,1024,741798.98,0,0,0,3464
DisjunctionMaxQueryBenchmarks.LeanCorpus_DisjunctionMaxQuery,Rowles.LeanCorpus.Benchmarks,DisjunctionMaxQueryBenchmarks,LeanCorpus_DisjunctionMaxQuery,DefaultJob,Default,Default,Default,Default,Default,Default,Default,Default,Default,Default,Default,Default,Default,Default,Default,Default,Default,Default,Default,Default,Default,Default,Default,Default,Default,Default,Default,Default,Default,Default,Default,Default,Default,Default,Default,Default,Default,Default,Default,Default,Default,DefaultJob,TieBreakerMultiplier=0.5&DocumentCount=100000,1,Workload,Result,1,754971910,1024,737277.26,0,0,0,3464
DisjunctionMaxQueryBenchmarks.LeanCorpus_DisjunctionMaxQuery,Rowles.LeanCorpus.Benchmarks,DisjunctionMaxQueryBenchmarks,LeanCorpus_DisjunctionMaxQuery,DefaultJob,Default,Default,Default,Default,Default,Default,Default,Default,Default,Default,Default,Default,Default,Default,Default,Default,Default,Default,Default,Default,Default,Default,Default,Default,Default,Default,Default,Default,Default,Default,Default,Default,Default,Default,Default,Default,Default,Default,Default,Default,Default,DefaultJob,TieBreakerMultiplier=0.5&DocumentCount=100000,1,Workload,Result,2,754732901,1024,737043.85,0,0,0,3464
DisjunctionMaxQueryBenchmarks.LeanCorpus_DisjunctionMaxQuery,Rowles.LeanCorpus.Benchmarks,DisjunctionMaxQueryBenchmarks,LeanCorpus_DisjunctionMaxQuery,DefaultJob,Default,Default,Default,Default,Default,Default,Default,Default,Default,Default,Default,Default,Default,Default,Default,Default,Default,Default,Default,Default,Default,Default,Default,Default,Default,Default,Default,Default,Default,Default,Default,Default,Default,Default,Default,Default,Default,Default,Default,Default,Default,DefaultJob,TieBreakerMultiplier=0.5&DocumentCount=100000,1,Workload,Result,3,755324779,1024,737621.85,0,0,0,3464
DisjunctionMaxQueryBenchmarks.LeanCorpus_DisjunctionMaxQuery,Rowles.LeanCorpus.Benchmarks,DisjunctionMaxQueryBenchmarks,LeanCorpus_DisjunctionMaxQuery,DefaultJob,Default,Default,Default,Default,Default,Default,Default,Default,Default,Default,Default,Default,Default,Default,Default,Default,Default,Default,Default,Default,Default,Default,Default,Default,Default,Default,Default,Default,Default,Default,Default,Default,Default,Default,Default,Default,Default,Default,Default,Default,Default,DefaultJob,TieBreakerMultiplier=0.5&DocumentCount=100000,1,Workload,Result,4,754608182,1024,736922.05,0,0,0,3464
DisjunctionMaxQueryBenchmarks.LeanCorpus_DisjunctionMaxQuery,Rowles.LeanCorpus.Benchmarks,DisjunctionMaxQueryBenchmarks,LeanCorpus_DisjunctionMaxQuery,DefaultJob,Default,Default,Default,Default,Default,Default,Default,Default,Default,Default,Default,Default,Default,Default,Default,Default,Default,Default,Default,Default,Default,Default,Default,Default,Default,Default,Default,Default,Default,Default,Default,Default,Default,Default,Default,Default,Default,Default,Default,Default,Default,DefaultJob,TieBreakerMultiplier=0.5&DocumentCount=100000,1,Workload,Result,5,743473963,1024,726048.79,0,0,0,3464
DisjunctionMaxQueryBenchmarks.LeanCorpus_DisjunctionMaxQuery,Rowles.LeanCorpus.Benchmarks,DisjunctionMaxQueryBenchmarks,LeanCorpus_DisjunctionMaxQuery,DefaultJob,Default,Default,Default,Default,Default,Default,Default,Default,Default,Default,Default,Default,Default,Default,Default,Default,Default,Default,Default,Default,Default,Default,Default,Default,Default,Default,Default,Default,Default,Default,Default,Default,Default,Default,Default,Default,Default,Default,Default,Default,Default,DefaultJob,TieBreakerMultiplier=0.5&DocumentCount=100000,1,Workload,Result,6,744745466,1024,727290.49,0,0,0,3464
DisjunctionMaxQueryBenchmarks.LeanCorpus_DisjunctionMaxQuery,Rowles.LeanCorpus.Benchmarks,DisjunctionMaxQueryBenchmarks,LeanCorpus_DisjunctionMaxQuery,DefaultJob,Default,Default,Default,Default,Default,Default,Default,Default,Default,Default,Default,Default,Default,Default,Default,Default,Default,Default,Default,Default,Default,Default,Default,Default,Default,Default,Default,Default,Default,Default,Default,Default,Default,Default,Default,Default,Default,Default,Default,Default,Default,DefaultJob,TieBreakerMultiplier=0.5&DocumentCount=100000,1,Workload,Result,7,755523609,1024,737816.02,0,0,0,3464
DisjunctionMaxQueryBenchmarks.LeanCorpus_DisjunctionMaxQuery,Rowles.LeanCorpus.Benchmarks,DisjunctionMaxQueryBenchmarks,LeanCorpus_DisjunctionMaxQuery,DefaultJob,Default,Default,Default,Default,Default,Default,Default,Default,Default,Default,Default,Default,Default,Default,Default,Default,Default,Default,Default,Default,Default,Default,Default,Default,Default,Default,Default,Default,Default,Default,Default,Default,Default,Default,Default,Default,Default,Default,Default,Default,Default,DefaultJob,TieBreakerMultiplier=0.5&DocumentCount=100000,1,Workload,Result,8,754942297,1024,737248.34,0,0,0,3464
DisjunctionMaxQueryBenchmarks.LeanCorpus_DisjunctionMaxQuery,Rowles.LeanCorpus.Benchmarks,DisjunctionMaxQueryBenchmarks,LeanCorpus_DisjunctionMaxQuery,DefaultJob,Default,Default,Default,Default,Default,Default,Default,Default,Default,Default,Default,Default,Default,Default,Default,Default,Default,Default,Default,Default,Default,Default,Default,Default,Default,Default,Default,Default,Default,Default,Default,Default,Default,Default,Default,Default,Default,Default,Default,Default,Default,DefaultJob,TieBreakerMultiplier=0.5&DocumentCount=100000,1,Workload,Result,9,755330854,1024,737627.79,0,0,0,3464
DisjunctionMaxQueryBenchmarks.LeanCorpus_DisjunctionMaxQuery,Rowles.LeanCorpus.Benchmarks,DisjunctionMaxQueryBenchmarks,LeanCorpus_DisjunctionMaxQuery,DefaultJob,Default,Default,Default,Default,Default,Default,Default,Default,Default,Default,Default,Default,Default,Default,Default,Default,Default,Default,Default,Default,Default,Default,Default,Default,Default,Default,Default,Default,Default,Default,Default,Default,Default,Default,Default,Default,Default,Default,Default,Default,Default,DefaultJob,TieBreakerMultiplier=0.5&DocumentCount=100000,1,Workload,Result,10,755567225,1024,737858.62,0,0,0,3464
DisjunctionMaxQueryBenchmarks.LeanCorpus_DisjunctionMaxQuery,Rowles.LeanCorpus.Benchmarks,DisjunctionMaxQueryBenchmarks,LeanCorpus_DisjunctionMaxQuery,DefaultJob,Default,Default,Default,Default,Default,Default,Default,Default,Default,Default,Default,Default,Default,Default,Default,Default,Default,Default,Default,Default,Default,Default,Default,Default,Default,Default,Default,Default,Default,Default,Default,Default,Default,Default,Default,Default,Default,Default,Default,Default,Default,DefaultJob,TieBreakerMultiplier=0.5&DocumentCount=100000,1,Workload,Result,11,754981994,1024,737287.1,0,0,0,3464
DisjunctionMaxQueryBenchmarks.LeanCorpus_DisjunctionMaxQuery,Rowles.LeanCorpus.Benchmarks,DisjunctionMaxQueryBenchmarks,LeanCorpus_DisjunctionMaxQuery,DefaultJob,Default,Default,Default,Default,Default,Default,Default,Default,Default,Default,Default,Default,Default,Default,Default,Default,Default,Default,Default,Default,Default,Default,Default,Default,Default,Default,Default,Default,Default,Default,Default,Default,Default,Default,Default,Default,Default,Default,Default,Default,Default,DefaultJob,TieBreakerMultiplier=0.5&DocumentCount=100000,1,Workload,Result,12,756329517,1024,738603.04,0,0,0,3464
DisjunctionMaxQueryBenchmarks.LeanCorpus_DisjunctionMaxQuery,Rowles.LeanCorpus.Benchmarks,DisjunctionMaxQueryBenchmarks,LeanCorpus_DisjunctionMaxQuery,DefaultJob,Default,Default,Default,Default,Default,Default,Default,Default,Default,Default,Default,Default,Default,Default,Default,Default,Default,Default,Default,Default,Default,Default,Default,Default,Default,Default,Default,Default,Default,Default,Default,Default,Default,Default,Default,Default,Default,Default,Default,Default,Default,DefaultJob,TieBreakerMultiplier=0.5&DocumentCount=100000,1,Workload,Result,13,748355754,1024,730816.17,0,0,0,3464
DisjunctionMaxQueryBenchmarks.LeanCorpus_DisjunctionMaxQuery,Rowles.LeanCorpus.Benchmarks,DisjunctionMaxQueryBenchmarks,LeanCorpus_DisjunctionMaxQuery,DefaultJob,Default,Default,Default,Default,Default,Default,Default,Default,Default,Default,Default,Default,Default,Default,Default,Default,Default,Default,Default,Default,Default,Default,Default,Default,Default,Default,Default,Default,Default,Default,Default,Default,Default,Default,Default,Default,Default,Default,Default,Default,Default,DefaultJob,TieBreakerMultiplier=0.5&DocumentCount=100000,1,Workload,Result,14,742683847,1024,725277.19,0,0,0,3464
DisjunctionMaxQueryBenchmarks.LeanCorpus_DisjunctionMaxQuery,Rowles.LeanCorpus.Benchmarks,DisjunctionMaxQueryBenchmarks,LeanCorpus_DisjunctionMaxQuery,DefaultJob,Default,Default,Default,Default,Default,Default,Default,Default,Default,Default,Default,Default,Default,Default,Default,Default,Default,Default,Default,Default,Default,Default,Default,Default,Default,Default,Default,Default,Default,Default,Default,Default,Default,Default,Default,Default,Default,Default,Default,Default,Default,DefaultJob,TieBreakerMultiplier=0.5&DocumentCount=100000,1,Workload,Result,15,743477088,1024,726051.84,0,0,0,3464
DisjunctionMaxQueryBenchmarks.LuceneNet_DisjunctionMaxQuery,Rowles.LeanCorpus.Benchmarks,DisjunctionMaxQueryBenchmarks,LuceneNet_DisjunctionMaxQuery,DefaultJob,Default,Default,Default,Default,Default,Default,Default,Default,Default,Default,Default,Default,Default,Default,Default,Default,Default,Default,Default,Default,Default,Default,Default,Default,Default,Default,Default,Default,Default,Default,Default,Default,Default,Default,Default,Default,Default,Default,Default,Default,Default,DefaultJob,TieBreakerMultiplier=0.5&DocumentCount=100000,1,Workload,Jitting,1,46466549,1,46466549,40,1,0,166540
DisjunctionMaxQueryBenchmarks.LuceneNet_DisjunctionMaxQuery,Rowles.LeanCorpus.Benchmarks,DisjunctionMaxQueryBenchmarks,LuceneNet_DisjunctionMaxQuery,DefaultJob,Default,Default,Default,Default,Default,Default,Default,Default,Default,Default,Default,Default,Default,Default,Default,Default,Default,Default,Default,Default,Default,Default,Default,Default,Default,Default,Default,Default,Default,Default,Default,Default,Default,Default,Default,Default,Default,Default,Default,Default,Default,DefaultJob,TieBreakerMultiplier=0.5&DocumentCount=100000,1,Workload,Jitting,2,165526722,30,5517557.4,40,1,0,166540
DisjunctionMaxQueryBenchmarks.LuceneNet_DisjunctionMaxQuery,Rowles.LeanCorpus.Benchmarks,DisjunctionMaxQueryBenchmarks,LuceneNet_DisjunctionMaxQuery,DefaultJob,Default,Default,Default,Default,Default,Default,Default,Default,Default,Default,Default,Default,Default,Default,Default,Default,Default,Default,Default,Default,Default,Default,Default,Default,Default,Default,Default,Default,Default,Default,Default,Default,Default,Default,Default,Default,Default,Default,Default,Default,Default,DefaultJob,TieBreakerMultiplier=0.5&DocumentCount=100000,1,Workload,Jitting,3,36336354,30,1211211.8,40,1,0,166540
DisjunctionMaxQueryBenchmarks.LuceneNet_DisjunctionMaxQuery,Rowles.LeanCorpus.Benchmarks,DisjunctionMaxQueryBenchmarks,LuceneNet_DisjunctionMaxQuery,DefaultJob,Default,Default,Default,Default,Default,Default,Default,Default,Default,Default,Default,Default,Default,Default,Default,Default,Default,Default,Default,Default,Default,Default,Default,Default,Default,Default,Default,Default,Default,Default,Default,Default,Default,Default,Default,Default,Default,Default,Default,Default,Default,DefaultJob,TieBreakerMultiplier=0.5&DocumentCount=100000,1,Workload,Jitting,4,49901497,30,1663383.23,40,1,0,166540
DisjunctionMaxQueryBenchmarks.LuceneNet_DisjunctionMaxQuery,Rowles.LeanCorpus.Benchmarks,DisjunctionMaxQueryBenchmarks,LuceneNet_DisjunctionMaxQuery,DefaultJob,Default,Default,Default,Default,Default,Default,Default,Default,Default,Default,Default,Default,Default,Default,Default,Default,Default,Default,Default,Default,Default,Default,Default,Default,Default,Default,Default,Default,Default,Default,Default,Default,Default,Default,Default,Default,Default,Default,Default,Default,Default,DefaultJob,TieBreakerMultiplier=0.5&DocumentCount=100000,1,Workload,Jitting,5,1776255,1,1776255,40,1,0,166540
DisjunctionMaxQueryBenchmarks.LuceneNet_DisjunctionMaxQuery,Rowles.LeanCorpus.Benchmarks,DisjunctionMaxQueryBenchmarks,LuceneNet_DisjunctionMaxQuery,DefaultJob,Default,Default,Default,Default,Default,Default,Default,Default,Default,Default,Default,Default,Default,Default,Default,Default,Default,Default,Default,Default,Default,Default,Default,Default,Default,Default,Default,Default,Default,Default,Default,Default,Default,Default,Default,Default,Default,Default,Default,Default,Default,DefaultJob,TieBreakerMultiplier=0.5&DocumentCount=100000,1,Workload,Pilot,1,1782586,1,1782586,40,1,0,166540
DisjunctionMaxQueryBenchmarks.LuceneNet_DisjunctionMaxQuery,Rowles.LeanCorpus.Benchmarks,DisjunctionMaxQueryBenchmarks,LuceneNet_DisjunctionMaxQuery,DefaultJob,Default,Default,Default,Default,Default,Default,Default,Default,Default,Default,Default,Default,Default,Default,Default,Default,Default,Default,Default,Default,Default,Default,Default,Default,Default,Default,Default,Default,Default,Default,Default,Default,Default,Default,Default,Default,Default,Default,Default,Default,Default,DefaultJob,TieBreakerMultiplier=0.5&DocumentCount=100000,1,Workload,Pilot,1,30118075,16,1882379.69,40,1,0,166540
DisjunctionMaxQueryBenchmarks.LuceneNet_DisjunctionMaxQuery,Rowles.LeanCorpus.Benchmarks,DisjunctionMaxQueryBenchmarks,LuceneNet_DisjunctionMaxQuery,DefaultJob,Default,Default,Default,Default,Default,Default,Default,Default,Default,Default,Default,Default,Default,Default,Default,Default,Default,Default,Default,Default,Default,Default,Default,Default,Default,Default,Default,Default,Default,Default,Default,Default,Default,Default,Default,Default,Default,Default,Default,Default,Default,DefaultJob,TieBreakerMultiplier=0.5&DocumentCount=100000,1,Workload,Pilot,2,47152823,32,1473525.72,40,1,0,166540
DisjunctionMaxQueryBenchmarks.LuceneNet_DisjunctionMaxQuery,Rowles.LeanCorpus.Benchmarks,DisjunctionMaxQueryBenchmarks,LuceneNet_DisjunctionMaxQuery,DefaultJob,Default,Default,Default,Default,Default,Default,Default,Default,Default,Default,Default,Default,Default,Default,Default,Default,Default,Default,Default,Default,Default,Default,Default,Default,Default,Default,Default,Default,Default,Default,Default,Default,Default,Default,Default,Default,Default,Default,Default,Default,Default,DefaultJob,TieBreakerMultiplier=0.5&DocumentCount=100000,1,Workload,Pilot,3,64030803,64,1000481.3,40,1,0,166540
DisjunctionMaxQueryBenchmarks.LuceneNet_DisjunctionMaxQuery,Rowles.LeanCorpus.Benchmarks,DisjunctionMaxQueryBenchmarks,LuceneNet_DisjunctionMaxQuery,DefaultJob,Default,Default,Default,Default,Default,Default,Default,Default,Default,Default,Default,Default,Default,Default,Default,Default,Default,Default,Default,Default,Default,Default,Default,Default,Default,Default,Default,Default,Default,Default,Default,Default,Default,Default,Default,Default,Default,Default,Default,Default,Default,DefaultJob,TieBreakerMultiplier=0.5&DocumentCount=100000,1,Workload,Pilot,4,121748922,128,951163.45,40,1,0,166540
DisjunctionMaxQueryBenchmarks.LuceneNet_DisjunctionMaxQuery,Rowles.LeanCorpus.Benchmarks,DisjunctionMaxQueryBenchmarks,LuceneNet_DisjunctionMaxQuery,DefaultJob,Default,Default,Default,Default,Default,Default,Default,Default,Default,Default,Default,Default,Default,Default,Default,Default,Default,Default,Default,Default,Default,Default,Default,Default,Default,Default,Default,Default,Default,Default,Default,Default,Default,Default,Default,Default,Default,Default,Default,Default,Default,DefaultJob,TieBreakerMultiplier=0.5&DocumentCount=100000,1,Workload,Pilot,5,242921814,256,948913.34,40,1,0,166540
DisjunctionMaxQueryBenchmarks.LuceneNet_DisjunctionMaxQuery,Rowles.LeanCorpus.Benchmarks,DisjunctionMaxQueryBenchmarks,LuceneNet_DisjunctionMaxQuery,DefaultJob,Default,Default,Default,Default,Default,Default,Default,Default,Default,Default,Default,Default,Default,Default,Default,Default,Default,Default,Default,Default,Default,Default,Default,Default,Default,Default,Default,Default,Default,Default,Default,Default,Default,Default,Default,Default,Default,Default,Default,Default,Default,DefaultJob,TieBreakerMultiplier=0.5&DocumentCount=100000,1,Workload,Pilot,6,487439828,512,952030.91,40,1,0,166540
DisjunctionMaxQueryBenchmarks.LuceneNet_DisjunctionMaxQuery,Rowles.LeanCorpus.Benchmarks,DisjunctionMaxQueryBenchmarks,LuceneNet_DisjunctionMaxQuery,DefaultJob,Default,Default,Default,Default,Default,Default,Default,Default,Default,Default,Default,Default,Default,Default,Default,Default,Default,Default,Default,Default,Default,Default,Default,Default,Default,Default,Default,Default,Default,Default,Default,Default,Default,Default,Default,Default,Default,Default,Default,Default,Default,DefaultJob,TieBreakerMultiplier=0.5&DocumentCount=100000,1,Workload,Pilot,7,981964385,1024,958949.59,40,1,0,166540
DisjunctionMaxQueryBenchmarks.LuceneNet_DisjunctionMaxQuery,Rowles.LeanCorpus.Benchmarks,DisjunctionMaxQueryBenchmarks,LuceneNet_DisjunctionMaxQuery,DefaultJob,Default,Default,Default,Default,Default,Default,Default,Default,Default,Default,Default,Default,Default,Default,Default,Default,Default,Default,Default,Default,Default,Default,Default,Default,Default,Default,Default,Default,Default,Default,Default,Default,Default,Default,Default,Default,Default,Default,Default,Default,Default,DefaultJob,TieBreakerMultiplier=0.5&DocumentCount=100000,1,Workload,Warmup,1,975047051,1024,952194.39,40,1,0,166540
DisjunctionMaxQueryBenchmarks.LuceneNet_DisjunctionMaxQuery,Rowles.LeanCorpus.Benchmarks,DisjunctionMaxQueryBenchmarks,LuceneNet_DisjunctionMaxQuery,DefaultJob,Default,Default,Default,Default,Default,Default,Default,Default,Default,Default,Default,Default,Default,Default,Default,Default,Default,Default,Default,Default,Default,Default,Default,Default,Default,Default,Default,Default,Default,Default,Default,Default,Default,Default,Default,Default,Default,Default,Default,Default,Default,DefaultJob,TieBreakerMultiplier=0.5&DocumentCount=100000,1,Workload,Warmup,2,979751166,1024,956788.25,40,1,0,166540
DisjunctionMaxQueryBenchmarks.LuceneNet_DisjunctionMaxQuery,Rowles.LeanCorpus.Benchmarks,DisjunctionMaxQueryBenchmarks,LuceneNet_DisjunctionMaxQuery,DefaultJob,Default,Default,Default,Default,Default,Default,Default,Default,Default,Default,Default,Default,Default,Default,Default,Default,Default,Default,Default,Default,Default,Default,Default,Default,Default,Default,Default,Default,Default,Default,Default,Default,Default,Default,Default,Default,Default,Default,Default,Default,Default,DefaultJob,TieBreakerMultiplier=0.5&DocumentCount=100000,1,Workload,Warmup,3,981396685,1024,958395.2,40,1,0,166540
DisjunctionMaxQueryBenchmarks.LuceneNet_DisjunctionMaxQuery,Rowles.LeanCorpus.Benchmarks,DisjunctionMaxQueryBenchmarks,LuceneNet_DisjunctionMaxQuery,DefaultJob,Default,Default,Default,Default,Default,Default,Default,Default,Default,Default,Default,Default,Default,Default,Default,Default,Default,Default,Default,Default,Default,Default,Default,Default,Default,Default,Default,Default,Default,Default,Default,Default,Default,Default,Default,Default,Default,Default,Default,Default,Default,DefaultJob,TieBreakerMultiplier=0.5&DocumentCount=100000,1,Workload,Warmup,4,977842398,1024,954924.22,40,1,0,166540
DisjunctionMaxQueryBenchmarks.LuceneNet_DisjunctionMaxQuery,Rowles.LeanCorpus.Benchmarks,DisjunctionMaxQueryBenchmarks,LuceneNet_DisjunctionMaxQuery,DefaultJob,Default,Default,Default,Default,Default,Default,Default,Default,Default,Default,Default,Default,Default,Default,Default,Default,Default,Default,Default,Default,Default,Default,Default,Default,Default,Default,Default,Default,Default,Default,Default,Default,Default,Default,Default,Default,Default,Default,Default,Default,Default,DefaultJob,TieBreakerMultiplier=0.5&DocumentCount=100000,1,Workload,Warmup,5,981221952,1024,958224.56,40,1,0,166540
DisjunctionMaxQueryBenchmarks.LuceneNet_DisjunctionMaxQuery,Rowles.LeanCorpus.Benchmarks,DisjunctionMaxQueryBenchmarks,LuceneNet_DisjunctionMaxQuery,DefaultJob,Default,Default,Default,Default,Default,Default,Default,Default,Default,Default,Default,Default,Default,Default,Default,Default,Default,Default,Default,Default,Default,Default,Default,Default,Default,Default,Default,Default,Default,Default,Default,Default,Default,Default,Default,Default,Default,Default,Default,Default,Default,DefaultJob,TieBreakerMultiplier=0.5&DocumentCount=100000,1,Workload,Warmup,6,975670057,1024,952802.79,40,1,0,166540
DisjunctionMaxQueryBenchmarks.LuceneNet_DisjunctionMaxQuery,Rowles.LeanCorpus.Benchmarks,DisjunctionMaxQueryBenchmarks,LuceneNet_DisjunctionMaxQuery,DefaultJob,Default,Default,Default,Default,Default,Default,Default,Default,Default,Default,Default,Default,Default,Default,Default,Default,Default,Default,Default,Default,Default,Default,Default,Default,Default,Default,Default,Default,Default,Default,Default,Default,Default,Default,Default,Default,Default,Default,Default,Default,Default,DefaultJob,TieBreakerMultiplier=0.5&DocumentCount=100000,1,Workload,Actual,1,976297864,1024,953415.88,40,1,0,166540
DisjunctionMaxQueryBenchmarks.LuceneNet_DisjunctionMaxQuery,Rowles.LeanCorpus.Benchmarks,DisjunctionMaxQueryBenchmarks,LuceneNet_DisjunctionMaxQuery,DefaultJob,Default,Default,Default,Default,Default,Default,Default,Default,Default,Default,Default,Default,Default,Default,Default,Default,Default,Default,Default,Default,Default,Default,Default,Default,Default,Default,Default,Default,Default,Default,Default,Default,Default,Default,Default,Default,Default,Default,Default,Default,Default,DefaultJob,TieBreakerMultiplier=0.5&DocumentCount=100000,1,Workload,Actual,2,964278423,1024,941678.15,40,1,0,166540
DisjunctionMaxQueryBenchmarks.LuceneNet_DisjunctionMaxQuery,Rowles.LeanCorpus.Benchmarks,DisjunctionMaxQueryBenchmarks,LuceneNet_DisjunctionMaxQuery,DefaultJob,Default,Default,Default,Default,Default,Default,Default,Default,Default,Default,Default,Default,Default,Default,Default,Default,Default,Default,Default,Default,Default,Default,Default,Default,Default,Default,Default,Default,Default,Default,Default,Default,Default,Default,Default,Default,Default,Default,Default,Default,Default,DefaultJob,TieBreakerMultiplier=0.5&DocumentCount=100000,1,Workload,Actual,3,969159132,1024,946444.46,40,1,0,166540
DisjunctionMaxQueryBenchmarks.LuceneNet_DisjunctionMaxQuery,Rowles.LeanCorpus.Benchmarks,DisjunctionMaxQueryBenchmarks,LuceneNet_DisjunctionMaxQuery,DefaultJob,Default,Default,Default,Default,Default,Default,Default,Default,Default,Default,Default,Default,Default,Default,Default,Default,Default,Default,Default,Default,Default,Default,Default,Default,Default,Default,Default,Default,Default,Default,Default,Default,Default,Default,Default,Default,Default,Default,Default,Default,Default,DefaultJob,TieBreakerMultiplier=0.5&DocumentCount=100000,1,Workload,Actual,4,980750499,1024,957764.16,40,1,0,166540
DisjunctionMaxQueryBenchmarks.LuceneNet_DisjunctionMaxQuery,Rowles.LeanCorpus.Benchmarks,DisjunctionMaxQueryBenchmarks,LuceneNet_DisjunctionMaxQuery,DefaultJob,Default,Default,Default,Default,Default,Default,Default,Default,Default,Default,Default,Default,Default,Default,Default,Default,Default,Default,Default,Default,Default,Default,Default,Default,Default,Default,Default,Default,Default,Default,Default,Default,Default,Default,Default,Default,Default,Default,Default,Default,Default,DefaultJob,TieBreakerMultiplier=0.5&DocumentCount=100000,1,Workload,Actual,5,974376081,1024,951539.14,40,1,0,166540
DisjunctionMaxQueryBenchmarks.LuceneNet_DisjunctionMaxQuery,Rowles.LeanCorpus.Benchmarks,DisjunctionMaxQueryBenchmarks,LuceneNet_DisjunctionMaxQuery,DefaultJob,Default,Default,Default,Default,Default,Default,Default,Default,Default,Default,Default,Default,Default,Default,Default,Default,Default,Default,Default,Default,Default,Default,Default,Default,Default,Default,Default,Default,Default,Default,Default,Default,Default,Default,Default,Default,Default,Default,Default,Default,Default,DefaultJob,TieBreakerMultiplier=0.5&DocumentCount=100000,1,Workload,Actual,6,982110461,1024,959092.25,40,1,0,166540
DisjunctionMaxQueryBenchmarks.LuceneNet_DisjunctionMaxQuery,Rowles.LeanCorpus.Benchmarks,DisjunctionMaxQueryBenchmarks,LuceneNet_DisjunctionMaxQuery,DefaultJob,Default,Default,Default,Default,Default,Default,Default,Default,Default,Default,Default,Default,Default,Default,Default,Default,Default,Default,Default,Default,Default,Default,Default,Default,Default,Default,Default,Default,Default,Default,Default,Default,Default,Default,Default,Default,Default,Default,Default,Default,Default,DefaultJob,TieBreakerMultiplier=0.5&DocumentCount=100000,1,Workload,Actual,7,982476239,1024,959449.45,40,1,0,166540
DisjunctionMaxQueryBenchmarks.LuceneNet_DisjunctionMaxQuery,Rowles.LeanCorpus.Benchmarks,DisjunctionMaxQueryBenchmarks,LuceneNet_DisjunctionMaxQuery,DefaultJob,Default,Default,Default,Default,Default,Default,Default,Default,Default,Default,Default,Default,Default,Default,Default,Default,Default,Default,Default,Default,Default,Default,Default,Default,Default,Default,Default,Default,Default,Default,Default,Default,Default,Default,Default,Default,Default,Default,Default,Default,Default,DefaultJob,TieBreakerMultiplier=0.5&DocumentCount=100000,1,Workload,Actual,8,976637417,1024,953747.48,40,1,0,166540
DisjunctionMaxQueryBenchmarks.LuceneNet_DisjunctionMaxQuery,Rowles.LeanCorpus.Benchmarks,DisjunctionMaxQueryBenchmarks,LuceneNet_DisjunctionMaxQuery,DefaultJob,Default,Default,Default,Default,Default,Default,Default,Default,Default,Default,Default,Default,Default,Default,Default,Default,Default,Default,Default,Default,Default,Default,Default,Default,Default,Default,Default,Default,Default,Default,Default,Default,Default,Default,Default,Default,Default,Default,Default,Default,Default,DefaultJob,TieBreakerMultiplier=0.5&DocumentCount=100000,1,Workload,Actual,9,980027442,1024,957058.05,40,1,0,166540
DisjunctionMaxQueryBenchmarks.LuceneNet_DisjunctionMaxQuery,Rowles.LeanCorpus.Benchmarks,DisjunctionMaxQueryBenchmarks,LuceneNet_DisjunctionMaxQuery,DefaultJob,Default,Default,Default,Default,Default,Default,Default,Default,Default,Default,Default,Default,Default,Default,Default,Default,Default,Default,Default,Default,Default,Default,Default,Default,Default,Default,Default,Default,Default,Default,Default,Default,Default,Default,Default,Default,Default,Default,Default,Default,Default,DefaultJob,TieBreakerMultiplier=0.5&DocumentCount=100000,1,Workload,Actual,10,977099954,1024,954199.17,40,1,0,166540
DisjunctionMaxQueryBenchmarks.LuceneNet_DisjunctionMaxQuery,Rowles.LeanCorpus.Benchmarks,DisjunctionMaxQueryBenchmarks,LuceneNet_DisjunctionMaxQuery,DefaultJob,Default,Default,Default,Default,Default,Default,Default,Default,Default,Default,Default,Default,Default,Default,Default,Default,Default,Default,Default,Default,Default,Default,Default,Default,Default,Default,Default,Default,Default,Default,Default,Default,Default,Default,Default,Default,Default,Default,Default,Default,Default,DefaultJob,TieBreakerMultiplier=0.5&DocumentCount=100000,1,Workload,Actual,11,978634512,1024,955697.77,40,1,0,166540
DisjunctionMaxQueryBenchmarks.LuceneNet_DisjunctionMaxQuery,Rowles.LeanCorpus.Benchmarks,DisjunctionMaxQueryBenchmarks,LuceneNet_DisjunctionMaxQuery,DefaultJob,Default,Default,Default,Default,Default,Default,Default,Default,Default,Default,Default,Default,Default,Default,Default,Default,Default,Default,Default,Default,Default,Default,Default,Default,Default,Default,Default,Default,Default,Default,Default,Default,Default,Default,Default,Default,Default,Default,Default,Default,Default,DefaultJob,TieBreakerMultiplier=0.5&DocumentCount=100000,1,Workload,Actual,12,981248128,1024,958250.13,40,1,0,166540
DisjunctionMaxQueryBenchmarks.LuceneNet_DisjunctionMaxQuery,Rowles.LeanCorpus.Benchmarks,DisjunctionMaxQueryBenchmarks,LuceneNet_DisjunctionMaxQuery,DefaultJob,Default,Default,Default,Default,Default,Default,Default,Default,Default,Default,Default,Default,Default,Default,Default,Default,Default,Default,Default,Default,Default,Default,Default,Default,Default,Default,Default,Default,Default,Default,Default,Default,Default,Default,Default,Default,Default,Default,Default,Default,Default,DefaultJob,TieBreakerMultiplier=0.5&DocumentCount=100000,1,Workload,Actual,13,976683540,1024,953792.52,40,1,0,166540
DisjunctionMaxQueryBenchmarks.LuceneNet_DisjunctionMaxQuery,Rowles.LeanCorpus.Benchmarks,DisjunctionMaxQueryBenchmarks,LuceneNet_DisjunctionMaxQuery,DefaultJob,Default,Default,Default,Default,Default,Default,Default,Default,Default,Default,Default,Default,Default,Default,Default,Default,Default,Default,Default,Default,Default,Default,Default,Default,Default,Default,Default,Default,Default,Default,Default,Default,Default,Default,Default,Default,Default,Default,Default,Default,Default,DefaultJob,TieBreakerMultiplier=0.5&DocumentCount=100000,1,Workload,Actual,14,980079376,1024,957108.77,40,1,0,166540
DisjunctionMaxQueryBenchmarks.LuceneNet_DisjunctionMaxQuery,Rowles.LeanCorpus.Benchmarks,DisjunctionMaxQueryBenchmarks,LuceneNet_DisjunctionMaxQuery,DefaultJob,Default,Default,Default,Default,Default,Default,Default,Default,Default,Default,Default,Default,Default,Default,Default,Default,Default,Default,Default,Default,Default,Default,Default,Default,Default,Default,Default,Default,Default,Default,Default,Default,Default,Default,Default,Default,Default,Default,Default,Default,Default,DefaultJob,TieBreakerMultiplier=0.5&DocumentCount=100000,1,Workload,Actual,15,971250135,1024,948486.46,40,1,0,166540
DisjunctionMaxQueryBenchmarks.LuceneNet_DisjunctionMaxQuery,Rowles.LeanCorpus.Benchmarks,DisjunctionMaxQueryBenchmarks,LuceneNet_DisjunctionMaxQuery,DefaultJob,Default,Default,Default,Default,Default,Default,Default,Default,Default,Default,Default,Default,Default,Default,Default,Default,Default,Default,Default,Default,Default,Default,Default,Default,Default,Default,Default,Default,Default,Default,Default,Default,Default,Default,Default,Default,Default,Default,Default,Default,Default,DefaultJob,TieBreakerMultiplier=0.5&DocumentCount=100000,1,Workload,Extra,1,980209360,1024,957235.7,40,1,0,166540
DisjunctionMaxQueryBenchmarks.LuceneNet_DisjunctionMaxQuery,Rowles.LeanCorpus.Benchmarks,DisjunctionMaxQueryBenchmarks,LuceneNet_DisjunctionMaxQuery,DefaultJob,Default,Default,Default,Default,Default,Default,Default,Default,Default,Default,Default,Default,Default,Default,Default,Default,Default,Default,Default,Default,Default,Default,Default,Default,Default,Default,Default,Default,Default,Default,Default,Default,Default,Default,Default,Default,Default,Default,Default,Default,Default,DefaultJob,TieBreakerMultiplier=0.5&DocumentCount=100000,1,Workload,Result,1,976297864,1024,953415.88,40,1,0,166540
DisjunctionMaxQueryBenchmarks.LuceneNet_DisjunctionMaxQuery,Rowles.LeanCorpus.Benchmarks,DisjunctionMaxQueryBenchmarks,LuceneNet_DisjunctionMaxQuery,DefaultJob,Default,Default,Default,Default,Default,Default,Default,Default,Default,Default,Default,Default,Default,Default,Default,Default,Default,Default,Default,Default,Default,Default,Default,Default,Default,Default,Default,Default,Default,Default,Default,Default,Default,Default,Default,Default,Default,Default,Default,Default,Default,DefaultJob,TieBreakerMultiplier=0.5&DocumentCount=100000,1,Workload,Result,2,964278423,1024,941678.15,40,1,0,166540
DisjunctionMaxQueryBenchmarks.LuceneNet_DisjunctionMaxQuery,Rowles.LeanCorpus.Benchmarks,DisjunctionMaxQueryBenchmarks,LuceneNet_DisjunctionMaxQuery,DefaultJob,Default,Default,Default,Default,Default,Default,Default,Default,Default,Default,Default,Default,Default,Default,Default,Default,Default,Default,Default,Default,Default,Default,Default,Default,Default,Default,Default,Default,Default,Default,Default,Default,Default,Default,Default,Default,Default,Default,Default,Default,Default,DefaultJob,TieBreakerMultiplier=0.5&DocumentCount=100000,1,Workload,Result,3,969159132,1024,946444.46,40,1,0,166540
DisjunctionMaxQueryBenchmarks.LuceneNet_DisjunctionMaxQuery,Rowles.LeanCorpus.Benchmarks,DisjunctionMaxQueryBenchmarks,LuceneNet_DisjunctionMaxQuery,DefaultJob,Default,Default,Default,Default,Default,Default,Default,Default,Default,Default,Default,Default,Default,Default,Default,Default,Default,Default,Default,Default,Default,Default,Default,Default,Default,Default,Default,Default,Default,Default,Default,Default,Default,Default,Default,Default,Default,Default,Default,Default,Default,DefaultJob,TieBreakerMultiplier=0.5&DocumentCount=100000,1,Workload,Result,4,980750499,1024,957764.16,40,1,0,166540
DisjunctionMaxQueryBenchmarks.LuceneNet_DisjunctionMaxQuery,Rowles.LeanCorpus.Benchmarks,DisjunctionMaxQueryBenchmarks,LuceneNet_DisjunctionMaxQuery,DefaultJob,Default,Default,Default,Default,Default,Default,Default,Default,Default,Default,Default,Default,Default,Default,Default,Default,Default,Default,Default,Default,Default,Default,Default,Default,Default,Default,Default,Default,Default,Default,Default,Default,Default,Default,Default,Default,Default,Default,Default,Default,Default,DefaultJob,TieBreakerMultiplier=0.5&DocumentCount=100000,1,Workload,Result,5,974376081,1024,951539.14,40,1,0,166540
DisjunctionMaxQueryBenchmarks.LuceneNet_DisjunctionMaxQuery,Rowles.LeanCorpus.Benchmarks,DisjunctionMaxQueryBenchmarks,LuceneNet_DisjunctionMaxQuery,DefaultJob,Default,Default,Default,Default,Default,Default,Default,Default,Default,Default,Default,Default,Default,Default,Default,Default,Default,Default,Default,Default,Default,Default,Default,Default,Default,Default,Default,Default,Default,Default,Default,Default,Default,Default,Default,Default,Default,Default,Default,Default,Default,DefaultJob,TieBreakerMultiplier=0.5&DocumentCount=100000,1,Workload,Result,6,982110461,1024,959092.25,40,1,0,166540
DisjunctionMaxQueryBenchmarks.LuceneNet_DisjunctionMaxQuery,Rowles.LeanCorpus.Benchmarks,DisjunctionMaxQueryBenchmarks,LuceneNet_DisjunctionMaxQuery,DefaultJob,Default,Default,Default,Default,Default,Default,Default,Default,Default,Default,Default,Default,Default,Default,Default,Default,Default,Default,Default,Default,Default,Default,Default,Default,Default,Default,Default,Default,Default,Default,Default,Default,Default,Default,Default,Default,Default,Default,Default,Default,Default,DefaultJob,TieBreakerMultiplier=0.5&DocumentCount=100000,1,Workload,Result,7,982476239,1024,959449.45,40,1,0,166540
DisjunctionMaxQueryBenchmarks.LuceneNet_DisjunctionMaxQuery,Rowles.LeanCorpus.Benchmarks,DisjunctionMaxQueryBenchmarks,LuceneNet_DisjunctionMaxQuery,DefaultJob,Default,Default,Default,Default,Default,Default,Default,Default,Default,Default,Default,Default,Default,Default,Default,Default,Default,Default,Default,Default,Default,Default,Default,Default,Default,Default,Default,Default,Default,Default,Default,Default,Default,Default,Default,Default,Default,Default,Default,Default,Default,DefaultJob,TieBreakerMultiplier=0.5&DocumentCount=100000,1,Workload,Result,8,976637417,1024,953747.48,40,1,0,166540
DisjunctionMaxQueryBenchmarks.LuceneNet_DisjunctionMaxQuery,Rowles.LeanCorpus.Benchmarks,DisjunctionMaxQueryBenchmarks,LuceneNet_DisjunctionMaxQuery,DefaultJob,Default,Default,Default,Default,Default,Default,Default,Default,Default,Default,Default,Default,Default,Default,Default,Default,Default,Default,Default,Default,Default,Default,Default,Default,Default,Default,Default,Default,Default,Default,Default,Default,Default,Default,Default,Default,Default,Default,Default,Default,Default,DefaultJob,TieBreakerMultiplier=0.5&DocumentCount=100000,1,Workload,Result,9,980027442,1024,957058.05,40,1,0,166540
DisjunctionMaxQueryBenchmarks.LuceneNet_DisjunctionMaxQuery,Rowles.LeanCorpus.Benchmarks,DisjunctionMaxQueryBenchmarks,LuceneNet_DisjunctionMaxQuery,DefaultJob,Default,Default,Default,Default,Default,Default,Default,Default,Default,Default,Default,Default,Default,Default,Default,Default,Default,Default,Default,Default,Default,Default,Default,Default,Default,Default,Default,Default,Default,Default,Default,Default,Default,Default,Default,Default,Default,Default,Default,Default,Default,DefaultJob,TieBreakerMultiplier=0.5&DocumentCount=100000,1,Workload,Result,10,977099954,1024,954199.17,40,1,0,166540
DisjunctionMaxQueryBenchmarks.LuceneNet_DisjunctionMaxQuery,Rowles.LeanCorpus.Benchmarks,DisjunctionMaxQueryBenchmarks,LuceneNet_DisjunctionMaxQuery,DefaultJob,Default,Default,Default,Default,Default,Default,Default,Default,Default,Default,Default,Default,Default,Default,Default,Default,Default,Default,Default,Default,Default,Default,Default,Default,Default,Default,Default,Default,Default,Default,Default,Default,Default,Default,Default,Default,Default,Default,Default,Default,Default,DefaultJob,TieBreakerMultiplier=0.5&DocumentCount=100000,1,Workload,Result,11,978634512,1024,955697.77,40,1,0,166540
DisjunctionMaxQueryBenchmarks.LuceneNet_DisjunctionMaxQuery,Rowles.LeanCorpus.Benchmarks,DisjunctionMaxQueryBenchmarks,LuceneNet_DisjunctionMaxQuery,DefaultJob,Default,Default,Default,Default,Default,Default,Default,Default,Default,Default,Default,Default,Default,Default,Default,Default,Default,Default,Default,Default,Default,Default,Default,Default,Default,Default,Default,Default,Default,Default,Default,Default,Default,Default,Default,Default,Default,Default,Default,Default,Default,DefaultJob,TieBreakerMultiplier=0.5&DocumentCount=100000,1,Workload,Result,12,981248128,1024,958250.13,40,1,0,166540
DisjunctionMaxQueryBenchmarks.LuceneNet_DisjunctionMaxQuery,Rowles.LeanCorpus.Benchmarks,DisjunctionMaxQueryBenchmarks,LuceneNet_DisjunctionMaxQuery,DefaultJob,Default,Default,Default,Default,Default,Default,Default,Default,Default,Default,Default,Default,Default,Default,Default,Default,Default,Default,Default,Default,Default,Default,Default,Default,Default,Default,Default,Default,Default,Default,Default,Default,Default,Default,Default,Default,Default,Default,Default,Default,Default,DefaultJob,TieBreakerMultiplier=0.5&DocumentCount=100000,1,Workload,Result,13,976683540,1024,953792.52,40,1,0,166540
DisjunctionMaxQueryBenchmarks.LuceneNet_DisjunctionMaxQuery,Rowles.LeanCorpus.Benchmarks,DisjunctionMaxQueryBenchmarks,LuceneNet_DisjunctionMaxQuery,DefaultJob,Default,Default,Default,Default,Default,Default,Default,Default,Default,Default,Default,Default,Default,Default,Default,Default,Default,Default,Default,Default,Default,Default,Default,Default,Default,Default,Default,Default,Default,Default,Default,Default,Default,Default,Default,Default,Default,Default,Default,Default,Default,DefaultJob,TieBreakerMultiplier=0.5&DocumentCount=100000,1,Workload,Result,14,980079376,1024,957108.77,40,1,0,166540
DisjunctionMaxQueryBenchmarks.LuceneNet_DisjunctionMaxQuery,Rowles.LeanCorpus.Benchmarks,DisjunctionMaxQueryBenchmarks,LuceneNet_DisjunctionMaxQuery,DefaultJob,Default,Default,Default,Default,Default,Default,Default,Default,Default,Default,Default,Default,Default,Default,Default,Default,Default,Default,Default,Default,Default,Default,Default,Default,Default,Default,Default,Default,Default,Default,Default,Default,Default,Default,Default,Default,Default,Default,Default,Default,Default,DefaultJob,TieBreakerMultiplier=0.5&DocumentCount=100000,1,Workload,Result,15,971250135,1024,948486.46,40,1,0,166540
