Target,Target_Namespace,Target_Type,Target_Method,Job_Id,Job_AnalyzeLaunchVariance,Job_EvaluateOverhead,Job_MaxAbsoluteError,Job_MaxRelativeError,Job_MinInvokeCount,Job_MinIterationTime,Job_OutlierMode,Job_Affinity,Job_EnvironmentVariables,Job_Jit,Job_LargeAddressAware,Job_Platform,Job_PowerPlanMode,Job_Runtime,Job_AllowVeryLargeObjects,Job_Concurrent,Job_CpuGroups,Job_Force,Job_HeapAffinitizeMask,Job_HeapCount,Job_NoAffinitize,Job_RetainVm,Job_Server,Job_Arguments,Job_BuildConfiguration,Job_Clock,Job_EngineFactory,Job_Toolchain,Job_IsMutator,Job_InvocationCount,Job_IterationCount,Job_IterationTime,Job_LaunchCount,Job_MaxIterationCount,Job_MaxWarmupIterationCount,Job_MemoryRandomization,Job_MinIterationCount,Job_MinWarmupIterationCount,Job_RunStrategy,Job_UnrollFactor,Job_WarmupCount,Job_Display,Params,Measurement_LaunchIndex,Measurement_IterationMode,Measurement_IterationStage,Measurement_IterationIndex,Measurement_Nanoseconds,Measurement_Operations,Measurement_Value,Gen_0,Gen_1,Gen_2,Allocated_Bytes
TermVectorHighlighterBenchmarks.LeanCorpus_HybridHighlighter_NoOffsets,Rowles.LeanCorpus.Benchmarks,TermVectorHighlighterBenchmarks,LeanCorpus_HybridHighlighter_NoOffsets,DefaultJob,Default,Default,Default,Default,Default,Default,Default,Default,Default,Default,Default,Default,Default,Default,Default,Default,Default,Default,Default,Default,Default,Default,Default,Default,Default,Default,Default,Default,Default,Default,Default,Default,Default,Default,Default,Default,Default,Default,Default,Default,Default,DefaultJob,DocumentCount=100000,1,Workload,Jitting,1,4407786,1,4407786,83,0,0,85008
TermVectorHighlighterBenchmarks.LeanCorpus_HybridHighlighter_NoOffsets,Rowles.LeanCorpus.Benchmarks,TermVectorHighlighterBenchmarks,LeanCorpus_HybridHighlighter_NoOffsets,DefaultJob,Default,Default,Default,Default,Default,Default,Default,Default,Default,Default,Default,Default,Default,Default,Default,Default,Default,Default,Default,Default,Default,Default,Default,Default,Default,Default,Default,Default,Default,Default,Default,Default,Default,Default,Default,Default,Default,Default,Default,Default,Default,DefaultJob,DocumentCount=100000,1,Workload,Jitting,2,11799508,30,393316.93,83,0,0,85008
TermVectorHighlighterBenchmarks.LeanCorpus_HybridHighlighter_NoOffsets,Rowles.LeanCorpus.Benchmarks,TermVectorHighlighterBenchmarks,LeanCorpus_HybridHighlighter_NoOffsets,DefaultJob,Default,Default,Default,Default,Default,Default,Default,Default,Default,Default,Default,Default,Default,Default,Default,Default,Default,Default,Default,Default,Default,Default,Default,Default,Default,Default,Default,Default,Default,Default,Default,Default,Default,Default,Default,Default,Default,Default,Default,Default,Default,DefaultJob,DocumentCount=100000,1,Workload,Jitting,3,3635507,30,121183.57,83,0,0,85008
TermVectorHighlighterBenchmarks.LeanCorpus_HybridHighlighter_NoOffsets,Rowles.LeanCorpus.Benchmarks,TermVectorHighlighterBenchmarks,LeanCorpus_HybridHighlighter_NoOffsets,DefaultJob,Default,Default,Default,Default,Default,Default,Default,Default,Default,Default,Default,Default,Default,Default,Default,Default,Default,Default,Default,Default,Default,Default,Default,Default,Default,Default,Default,Default,Default,Default,Default,Default,Default,Default,Default,Default,Default,Default,Default,Default,Default,DefaultJob,DocumentCount=100000,1,Workload,Jitting,4,5678969,30,189298.97,83,0,0,85008
TermVectorHighlighterBenchmarks.LeanCorpus_HybridHighlighter_NoOffsets,Rowles.LeanCorpus.Benchmarks,TermVectorHighlighterBenchmarks,LeanCorpus_HybridHighlighter_NoOffsets,DefaultJob,Default,Default,Default,Default,Default,Default,Default,Default,Default,Default,Default,Default,Default,Default,Default,Default,Default,Default,Default,Default,Default,Default,Default,Default,Default,Default,Default,Default,Default,Default,Default,Default,Default,Default,Default,Default,Default,Default,Default,Default,Default,DefaultJob,DocumentCount=100000,1,Workload,Jitting,5,332662,1,332662,83,0,0,85008
TermVectorHighlighterBenchmarks.LeanCorpus_HybridHighlighter_NoOffsets,Rowles.LeanCorpus.Benchmarks,TermVectorHighlighterBenchmarks,LeanCorpus_HybridHighlighter_NoOffsets,DefaultJob,Default,Default,Default,Default,Default,Default,Default,Default,Default,Default,Default,Default,Default,Default,Default,Default,Default,Default,Default,Default,Default,Default,Default,Default,Default,Default,Default,Default,Default,Default,Default,Default,Default,Default,Default,Default,Default,Default,Default,Default,Default,DefaultJob,DocumentCount=100000,1,Workload,Pilot,1,336669,1,336669,83,0,0,85008
TermVectorHighlighterBenchmarks.LeanCorpus_HybridHighlighter_NoOffsets,Rowles.LeanCorpus.Benchmarks,TermVectorHighlighterBenchmarks,LeanCorpus_HybridHighlighter_NoOffsets,DefaultJob,Default,Default,Default,Default,Default,Default,Default,Default,Default,Default,Default,Default,Default,Default,Default,Default,Default,Default,Default,Default,Default,Default,Default,Default,Default,Default,Default,Default,Default,Default,Default,Default,Default,Default,Default,Default,Default,Default,Default,Default,Default,DefaultJob,DocumentCount=100000,1,Workload,Pilot,1,3791120,16,236945,83,0,0,85008
TermVectorHighlighterBenchmarks.LeanCorpus_HybridHighlighter_NoOffsets,Rowles.LeanCorpus.Benchmarks,TermVectorHighlighterBenchmarks,LeanCorpus_HybridHighlighter_NoOffsets,DefaultJob,Default,Default,Default,Default,Default,Default,Default,Default,Default,Default,Default,Default,Default,Default,Default,Default,Default,Default,Default,Default,Default,Default,Default,Default,Default,Default,Default,Default,Default,Default,Default,Default,Default,Default,Default,Default,Default,Default,Default,Default,Default,DefaultJob,DocumentCount=100000,1,Workload,Pilot,2,6327731,32,197741.59,83,0,0,85008
TermVectorHighlighterBenchmarks.LeanCorpus_HybridHighlighter_NoOffsets,Rowles.LeanCorpus.Benchmarks,TermVectorHighlighterBenchmarks,LeanCorpus_HybridHighlighter_NoOffsets,DefaultJob,Default,Default,Default,Default,Default,Default,Default,Default,Default,Default,Default,Default,Default,Default,Default,Default,Default,Default,Default,Default,Default,Default,Default,Default,Default,Default,Default,Default,Default,Default,Default,Default,Default,Default,Default,Default,Default,Default,Default,Default,Default,DefaultJob,DocumentCount=100000,1,Workload,Pilot,3,12171830,64,190184.84,83,0,0,85008
TermVectorHighlighterBenchmarks.LeanCorpus_HybridHighlighter_NoOffsets,Rowles.LeanCorpus.Benchmarks,TermVectorHighlighterBenchmarks,LeanCorpus_HybridHighlighter_NoOffsets,DefaultJob,Default,Default,Default,Default,Default,Default,Default,Default,Default,Default,Default,Default,Default,Default,Default,Default,Default,Default,Default,Default,Default,Default,Default,Default,Default,Default,Default,Default,Default,Default,Default,Default,Default,Default,Default,Default,Default,Default,Default,Default,Default,DefaultJob,DocumentCount=100000,1,Workload,Pilot,4,18484853,128,144412.91,83,0,0,85008
TermVectorHighlighterBenchmarks.LeanCorpus_HybridHighlighter_NoOffsets,Rowles.LeanCorpus.Benchmarks,TermVectorHighlighterBenchmarks,LeanCorpus_HybridHighlighter_NoOffsets,DefaultJob,Default,Default,Default,Default,Default,Default,Default,Default,Default,Default,Default,Default,Default,Default,Default,Default,Default,Default,Default,Default,Default,Default,Default,Default,Default,Default,Default,Default,Default,Default,Default,Default,Default,Default,Default,Default,Default,Default,Default,Default,Default,DefaultJob,DocumentCount=100000,1,Workload,Pilot,5,37453370,256,146302.23,83,0,0,85008
TermVectorHighlighterBenchmarks.LeanCorpus_HybridHighlighter_NoOffsets,Rowles.LeanCorpus.Benchmarks,TermVectorHighlighterBenchmarks,LeanCorpus_HybridHighlighter_NoOffsets,DefaultJob,Default,Default,Default,Default,Default,Default,Default,Default,Default,Default,Default,Default,Default,Default,Default,Default,Default,Default,Default,Default,Default,Default,Default,Default,Default,Default,Default,Default,Default,Default,Default,Default,Default,Default,Default,Default,Default,Default,Default,Default,Default,DefaultJob,DocumentCount=100000,1,Workload,Pilot,6,75984458,512,148407.14,83,0,0,85008
TermVectorHighlighterBenchmarks.LeanCorpus_HybridHighlighter_NoOffsets,Rowles.LeanCorpus.Benchmarks,TermVectorHighlighterBenchmarks,LeanCorpus_HybridHighlighter_NoOffsets,DefaultJob,Default,Default,Default,Default,Default,Default,Default,Default,Default,Default,Default,Default,Default,Default,Default,Default,Default,Default,Default,Default,Default,Default,Default,Default,Default,Default,Default,Default,Default,Default,Default,Default,Default,Default,Default,Default,Default,Default,Default,Default,Default,DefaultJob,DocumentCount=100000,1,Workload,Pilot,7,145994651,1024,142572.9,83,0,0,85008
TermVectorHighlighterBenchmarks.LeanCorpus_HybridHighlighter_NoOffsets,Rowles.LeanCorpus.Benchmarks,TermVectorHighlighterBenchmarks,LeanCorpus_HybridHighlighter_NoOffsets,DefaultJob,Default,Default,Default,Default,Default,Default,Default,Default,Default,Default,Default,Default,Default,Default,Default,Default,Default,Default,Default,Default,Default,Default,Default,Default,Default,Default,Default,Default,Default,Default,Default,Default,Default,Default,Default,Default,Default,Default,Default,Default,Default,DefaultJob,DocumentCount=100000,1,Workload,Pilot,8,293162889,2048,143145.94,83,0,0,85008
TermVectorHighlighterBenchmarks.LeanCorpus_HybridHighlighter_NoOffsets,Rowles.LeanCorpus.Benchmarks,TermVectorHighlighterBenchmarks,LeanCorpus_HybridHighlighter_NoOffsets,DefaultJob,Default,Default,Default,Default,Default,Default,Default,Default,Default,Default,Default,Default,Default,Default,Default,Default,Default,Default,Default,Default,Default,Default,Default,Default,Default,Default,Default,Default,Default,Default,Default,Default,Default,Default,Default,Default,Default,Default,Default,Default,Default,DefaultJob,DocumentCount=100000,1,Workload,Pilot,9,586099171,4096,143090.62,83,0,0,85008
TermVectorHighlighterBenchmarks.LeanCorpus_HybridHighlighter_NoOffsets,Rowles.LeanCorpus.Benchmarks,TermVectorHighlighterBenchmarks,LeanCorpus_HybridHighlighter_NoOffsets,DefaultJob,Default,Default,Default,Default,Default,Default,Default,Default,Default,Default,Default,Default,Default,Default,Default,Default,Default,Default,Default,Default,Default,Default,Default,Default,Default,Default,Default,Default,Default,Default,Default,Default,Default,Default,Default,Default,Default,Default,Default,Default,Default,DefaultJob,DocumentCount=100000,1,Workload,Warmup,1,584789670,4096,142770.92,83,0,0,85008
TermVectorHighlighterBenchmarks.LeanCorpus_HybridHighlighter_NoOffsets,Rowles.LeanCorpus.Benchmarks,TermVectorHighlighterBenchmarks,LeanCorpus_HybridHighlighter_NoOffsets,DefaultJob,Default,Default,Default,Default,Default,Default,Default,Default,Default,Default,Default,Default,Default,Default,Default,Default,Default,Default,Default,Default,Default,Default,Default,Default,Default,Default,Default,Default,Default,Default,Default,Default,Default,Default,Default,Default,Default,Default,Default,Default,Default,DefaultJob,DocumentCount=100000,1,Workload,Warmup,2,586133683,4096,143099.04,83,0,0,85008
TermVectorHighlighterBenchmarks.LeanCorpus_HybridHighlighter_NoOffsets,Rowles.LeanCorpus.Benchmarks,TermVectorHighlighterBenchmarks,LeanCorpus_HybridHighlighter_NoOffsets,DefaultJob,Default,Default,Default,Default,Default,Default,Default,Default,Default,Default,Default,Default,Default,Default,Default,Default,Default,Default,Default,Default,Default,Default,Default,Default,Default,Default,Default,Default,Default,Default,Default,Default,Default,Default,Default,Default,Default,Default,Default,Default,Default,DefaultJob,DocumentCount=100000,1,Workload,Warmup,3,586236918,4096,143124.25,83,0,0,85008
TermVectorHighlighterBenchmarks.LeanCorpus_HybridHighlighter_NoOffsets,Rowles.LeanCorpus.Benchmarks,TermVectorHighlighterBenchmarks,LeanCorpus_HybridHighlighter_NoOffsets,DefaultJob,Default,Default,Default,Default,Default,Default,Default,Default,Default,Default,Default,Default,Default,Default,Default,Default,Default,Default,Default,Default,Default,Default,Default,Default,Default,Default,Default,Default,Default,Default,Default,Default,Default,Default,Default,Default,Default,Default,Default,Default,Default,DefaultJob,DocumentCount=100000,1,Workload,Warmup,4,585825214,4096,143023.73,83,0,0,85008
TermVectorHighlighterBenchmarks.LeanCorpus_HybridHighlighter_NoOffsets,Rowles.LeanCorpus.Benchmarks,TermVectorHighlighterBenchmarks,LeanCorpus_HybridHighlighter_NoOffsets,DefaultJob,Default,Default,Default,Default,Default,Default,Default,Default,Default,Default,Default,Default,Default,Default,Default,Default,Default,Default,Default,Default,Default,Default,Default,Default,Default,Default,Default,Default,Default,Default,Default,Default,Default,Default,Default,Default,Default,Default,Default,Default,Default,DefaultJob,DocumentCount=100000,1,Workload,Warmup,5,585813812,4096,143020.95,83,0,0,85008
TermVectorHighlighterBenchmarks.LeanCorpus_HybridHighlighter_NoOffsets,Rowles.LeanCorpus.Benchmarks,TermVectorHighlighterBenchmarks,LeanCorpus_HybridHighlighter_NoOffsets,DefaultJob,Default,Default,Default,Default,Default,Default,Default,Default,Default,Default,Default,Default,Default,Default,Default,Default,Default,Default,Default,Default,Default,Default,Default,Default,Default,Default,Default,Default,Default,Default,Default,Default,Default,Default,Default,Default,Default,Default,Default,Default,Default,DefaultJob,DocumentCount=100000,1,Workload,Warmup,6,586377253,4096,143158.51,83,0,0,85008
TermVectorHighlighterBenchmarks.LeanCorpus_HybridHighlighter_NoOffsets,Rowles.LeanCorpus.Benchmarks,TermVectorHighlighterBenchmarks,LeanCorpus_HybridHighlighter_NoOffsets,DefaultJob,Default,Default,Default,Default,Default,Default,Default,Default,Default,Default,Default,Default,Default,Default,Default,Default,Default,Default,Default,Default,Default,Default,Default,Default,Default,Default,Default,Default,Default,Default,Default,Default,Default,Default,Default,Default,Default,Default,Default,Default,Default,DefaultJob,DocumentCount=100000,1,Workload,Warmup,7,584849802,4096,142785.6,83,0,0,85008
TermVectorHighlighterBenchmarks.LeanCorpus_HybridHighlighter_NoOffsets,Rowles.LeanCorpus.Benchmarks,TermVectorHighlighterBenchmarks,LeanCorpus_HybridHighlighter_NoOffsets,DefaultJob,Default,Default,Default,Default,Default,Default,Default,Default,Default,Default,Default,Default,Default,Default,Default,Default,Default,Default,Default,Default,Default,Default,Default,Default,Default,Default,Default,Default,Default,Default,Default,Default,Default,Default,Default,Default,Default,Default,Default,Default,Default,DefaultJob,DocumentCount=100000,1,Workload,Actual,1,587352635,4096,143396.64,83,0,0,85008
TermVectorHighlighterBenchmarks.LeanCorpus_HybridHighlighter_NoOffsets,Rowles.LeanCorpus.Benchmarks,TermVectorHighlighterBenchmarks,LeanCorpus_HybridHighlighter_NoOffsets,DefaultJob,Default,Default,Default,Default,Default,Default,Default,Default,Default,Default,Default,Default,Default,Default,Default,Default,Default,Default,Default,Default,Default,Default,Default,Default,Default,Default,Default,Default,Default,Default,Default,Default,Default,Default,Default,Default,Default,Default,Default,Default,Default,DefaultJob,DocumentCount=100000,1,Workload,Actual,2,588138419,4096,143588.48,83,0,0,85008
TermVectorHighlighterBenchmarks.LeanCorpus_HybridHighlighter_NoOffsets,Rowles.LeanCorpus.Benchmarks,TermVectorHighlighterBenchmarks,LeanCorpus_HybridHighlighter_NoOffsets,DefaultJob,Default,Default,Default,Default,Default,Default,Default,Default,Default,Default,Default,Default,Default,Default,Default,Default,Default,Default,Default,Default,Default,Default,Default,Default,Default,Default,Default,Default,Default,Default,Default,Default,Default,Default,Default,Default,Default,Default,Default,Default,Default,DefaultJob,DocumentCount=100000,1,Workload,Actual,3,590041307,4096,144053.05,83,0,0,85008
TermVectorHighlighterBenchmarks.LeanCorpus_HybridHighlighter_NoOffsets,Rowles.LeanCorpus.Benchmarks,TermVectorHighlighterBenchmarks,LeanCorpus_HybridHighlighter_NoOffsets,DefaultJob,Default,Default,Default,Default,Default,Default,Default,Default,Default,Default,Default,Default,Default,Default,Default,Default,Default,Default,Default,Default,Default,Default,Default,Default,Default,Default,Default,Default,Default,Default,Default,Default,Default,Default,Default,Default,Default,Default,Default,Default,Default,DefaultJob,DocumentCount=100000,1,Workload,Actual,4,587867142,4096,143522.25,83,0,0,85008
TermVectorHighlighterBenchmarks.LeanCorpus_HybridHighlighter_NoOffsets,Rowles.LeanCorpus.Benchmarks,TermVectorHighlighterBenchmarks,LeanCorpus_HybridHighlighter_NoOffsets,DefaultJob,Default,Default,Default,Default,Default,Default,Default,Default,Default,Default,Default,Default,Default,Default,Default,Default,Default,Default,Default,Default,Default,Default,Default,Default,Default,Default,Default,Default,Default,Default,Default,Default,Default,Default,Default,Default,Default,Default,Default,Default,Default,DefaultJob,DocumentCount=100000,1,Workload,Actual,5,587771448,4096,143498.89,83,0,0,85008
TermVectorHighlighterBenchmarks.LeanCorpus_HybridHighlighter_NoOffsets,Rowles.LeanCorpus.Benchmarks,TermVectorHighlighterBenchmarks,LeanCorpus_HybridHighlighter_NoOffsets,DefaultJob,Default,Default,Default,Default,Default,Default,Default,Default,Default,Default,Default,Default,Default,Default,Default,Default,Default,Default,Default,Default,Default,Default,Default,Default,Default,Default,Default,Default,Default,Default,Default,Default,Default,Default,Default,Default,Default,Default,Default,Default,Default,DefaultJob,DocumentCount=100000,1,Workload,Actual,6,587903909,4096,143531.23,83,0,0,85008
TermVectorHighlighterBenchmarks.LeanCorpus_HybridHighlighter_NoOffsets,Rowles.LeanCorpus.Benchmarks,TermVectorHighlighterBenchmarks,LeanCorpus_HybridHighlighter_NoOffsets,DefaultJob,Default,Default,Default,Default,Default,Default,Default,Default,Default,Default,Default,Default,Default,Default,Default,Default,Default,Default,Default,Default,Default,Default,Default,Default,Default,Default,Default,Default,Default,Default,Default,Default,Default,Default,Default,Default,Default,Default,Default,Default,Default,DefaultJob,DocumentCount=100000,1,Workload,Actual,7,587834044,4096,143514.17,83,0,0,85008
TermVectorHighlighterBenchmarks.LeanCorpus_HybridHighlighter_NoOffsets,Rowles.LeanCorpus.Benchmarks,TermVectorHighlighterBenchmarks,LeanCorpus_HybridHighlighter_NoOffsets,DefaultJob,Default,Default,Default,Default,Default,Default,Default,Default,Default,Default,Default,Default,Default,Default,Default,Default,Default,Default,Default,Default,Default,Default,Default,Default,Default,Default,Default,Default,Default,Default,Default,Default,Default,Default,Default,Default,Default,Default,Default,Default,Default,DefaultJob,DocumentCount=100000,1,Workload,Actual,8,584152381,4096,142615.33,83,0,0,85008
TermVectorHighlighterBenchmarks.LeanCorpus_HybridHighlighter_NoOffsets,Rowles.LeanCorpus.Benchmarks,TermVectorHighlighterBenchmarks,LeanCorpus_HybridHighlighter_NoOffsets,DefaultJob,Default,Default,Default,Default,Default,Default,Default,Default,Default,Default,Default,Default,Default,Default,Default,Default,Default,Default,Default,Default,Default,Default,Default,Default,Default,Default,Default,Default,Default,Default,Default,Default,Default,Default,Default,Default,Default,Default,Default,Default,Default,DefaultJob,DocumentCount=100000,1,Workload,Actual,9,585016046,4096,142826.18,83,0,0,85008
TermVectorHighlighterBenchmarks.LeanCorpus_HybridHighlighter_NoOffsets,Rowles.LeanCorpus.Benchmarks,TermVectorHighlighterBenchmarks,LeanCorpus_HybridHighlighter_NoOffsets,DefaultJob,Default,Default,Default,Default,Default,Default,Default,Default,Default,Default,Default,Default,Default,Default,Default,Default,Default,Default,Default,Default,Default,Default,Default,Default,Default,Default,Default,Default,Default,Default,Default,Default,Default,Default,Default,Default,Default,Default,Default,Default,Default,DefaultJob,DocumentCount=100000,1,Workload,Actual,10,590080344,4096,144062.58,83,0,0,85008
TermVectorHighlighterBenchmarks.LeanCorpus_HybridHighlighter_NoOffsets,Rowles.LeanCorpus.Benchmarks,TermVectorHighlighterBenchmarks,LeanCorpus_HybridHighlighter_NoOffsets,DefaultJob,Default,Default,Default,Default,Default,Default,Default,Default,Default,Default,Default,Default,Default,Default,Default,Default,Default,Default,Default,Default,Default,Default,Default,Default,Default,Default,Default,Default,Default,Default,Default,Default,Default,Default,Default,Default,Default,Default,Default,Default,Default,DefaultJob,DocumentCount=100000,1,Workload,Actual,11,585775307,4096,143011.55,83,0,0,85008
TermVectorHighlighterBenchmarks.LeanCorpus_HybridHighlighter_NoOffsets,Rowles.LeanCorpus.Benchmarks,TermVectorHighlighterBenchmarks,LeanCorpus_HybridHighlighter_NoOffsets,DefaultJob,Default,Default,Default,Default,Default,Default,Default,Default,Default,Default,Default,Default,Default,Default,Default,Default,Default,Default,Default,Default,Default,Default,Default,Default,Default,Default,Default,Default,Default,Default,Default,Default,Default,Default,Default,Default,Default,Default,Default,Default,Default,DefaultJob,DocumentCount=100000,1,Workload,Actual,12,583455196,4096,142445.12,83,0,0,85008
TermVectorHighlighterBenchmarks.LeanCorpus_HybridHighlighter_NoOffsets,Rowles.LeanCorpus.Benchmarks,TermVectorHighlighterBenchmarks,LeanCorpus_HybridHighlighter_NoOffsets,DefaultJob,Default,Default,Default,Default,Default,Default,Default,Default,Default,Default,Default,Default,Default,Default,Default,Default,Default,Default,Default,Default,Default,Default,Default,Default,Default,Default,Default,Default,Default,Default,Default,Default,Default,Default,Default,Default,Default,Default,Default,Default,Default,DefaultJob,DocumentCount=100000,1,Workload,Actual,13,587573652,4096,143450.6,83,0,0,85008
TermVectorHighlighterBenchmarks.LeanCorpus_HybridHighlighter_NoOffsets,Rowles.LeanCorpus.Benchmarks,TermVectorHighlighterBenchmarks,LeanCorpus_HybridHighlighter_NoOffsets,DefaultJob,Default,Default,Default,Default,Default,Default,Default,Default,Default,Default,Default,Default,Default,Default,Default,Default,Default,Default,Default,Default,Default,Default,Default,Default,Default,Default,Default,Default,Default,Default,Default,Default,Default,Default,Default,Default,Default,Default,Default,Default,Default,DefaultJob,DocumentCount=100000,1,Workload,Actual,14,588231665,4096,143611.25,83,0,0,85008
TermVectorHighlighterBenchmarks.LeanCorpus_HybridHighlighter_NoOffsets,Rowles.LeanCorpus.Benchmarks,TermVectorHighlighterBenchmarks,LeanCorpus_HybridHighlighter_NoOffsets,DefaultJob,Default,Default,Default,Default,Default,Default,Default,Default,Default,Default,Default,Default,Default,Default,Default,Default,Default,Default,Default,Default,Default,Default,Default,Default,Default,Default,Default,Default,Default,Default,Default,Default,Default,Default,Default,Default,Default,Default,Default,Default,Default,DefaultJob,DocumentCount=100000,1,Workload,Actual,15,586496900,4096,143187.72,83,0,0,85008
TermVectorHighlighterBenchmarks.LeanCorpus_HybridHighlighter_NoOffsets,Rowles.LeanCorpus.Benchmarks,TermVectorHighlighterBenchmarks,LeanCorpus_HybridHighlighter_NoOffsets,DefaultJob,Default,Default,Default,Default,Default,Default,Default,Default,Default,Default,Default,Default,Default,Default,Default,Default,Default,Default,Default,Default,Default,Default,Default,Default,Default,Default,Default,Default,Default,Default,Default,Default,Default,Default,Default,Default,Default,Default,Default,Default,Default,DefaultJob,DocumentCount=100000,1,Workload,Extra,1,580884776,4096,141817.57,83,0,0,85008
TermVectorHighlighterBenchmarks.LeanCorpus_HybridHighlighter_NoOffsets,Rowles.LeanCorpus.Benchmarks,TermVectorHighlighterBenchmarks,LeanCorpus_HybridHighlighter_NoOffsets,DefaultJob,Default,Default,Default,Default,Default,Default,Default,Default,Default,Default,Default,Default,Default,Default,Default,Default,Default,Default,Default,Default,Default,Default,Default,Default,Default,Default,Default,Default,Default,Default,Default,Default,Default,Default,Default,Default,Default,Default,Default,Default,Default,DefaultJob,DocumentCount=100000,1,Workload,Result,1,587352635,4096,143396.64,83,0,0,85008
TermVectorHighlighterBenchmarks.LeanCorpus_HybridHighlighter_NoOffsets,Rowles.LeanCorpus.Benchmarks,TermVectorHighlighterBenchmarks,LeanCorpus_HybridHighlighter_NoOffsets,DefaultJob,Default,Default,Default,Default,Default,Default,Default,Default,Default,Default,Default,Default,Default,Default,Default,Default,Default,Default,Default,Default,Default,Default,Default,Default,Default,Default,Default,Default,Default,Default,Default,Default,Default,Default,Default,Default,Default,Default,Default,Default,Default,DefaultJob,DocumentCount=100000,1,Workload,Result,2,588138419,4096,143588.48,83,0,0,85008
TermVectorHighlighterBenchmarks.LeanCorpus_HybridHighlighter_NoOffsets,Rowles.LeanCorpus.Benchmarks,TermVectorHighlighterBenchmarks,LeanCorpus_HybridHighlighter_NoOffsets,DefaultJob,Default,Default,Default,Default,Default,Default,Default,Default,Default,Default,Default,Default,Default,Default,Default,Default,Default,Default,Default,Default,Default,Default,Default,Default,Default,Default,Default,Default,Default,Default,Default,Default,Default,Default,Default,Default,Default,Default,Default,Default,Default,DefaultJob,DocumentCount=100000,1,Workload,Result,3,590041307,4096,144053.05,83,0,0,85008
TermVectorHighlighterBenchmarks.LeanCorpus_HybridHighlighter_NoOffsets,Rowles.LeanCorpus.Benchmarks,TermVectorHighlighterBenchmarks,LeanCorpus_HybridHighlighter_NoOffsets,DefaultJob,Default,Default,Default,Default,Default,Default,Default,Default,Default,Default,Default,Default,Default,Default,Default,Default,Default,Default,Default,Default,Default,Default,Default,Default,Default,Default,Default,Default,Default,Default,Default,Default,Default,Default,Default,Default,Default,Default,Default,Default,Default,DefaultJob,DocumentCount=100000,1,Workload,Result,4,587867142,4096,143522.25,83,0,0,85008
TermVectorHighlighterBenchmarks.LeanCorpus_HybridHighlighter_NoOffsets,Rowles.LeanCorpus.Benchmarks,TermVectorHighlighterBenchmarks,LeanCorpus_HybridHighlighter_NoOffsets,DefaultJob,Default,Default,Default,Default,Default,Default,Default,Default,Default,Default,Default,Default,Default,Default,Default,Default,Default,Default,Default,Default,Default,Default,Default,Default,Default,Default,Default,Default,Default,Default,Default,Default,Default,Default,Default,Default,Default,Default,Default,Default,Default,DefaultJob,DocumentCount=100000,1,Workload,Result,5,587771448,4096,143498.89,83,0,0,85008
TermVectorHighlighterBenchmarks.LeanCorpus_HybridHighlighter_NoOffsets,Rowles.LeanCorpus.Benchmarks,TermVectorHighlighterBenchmarks,LeanCorpus_HybridHighlighter_NoOffsets,DefaultJob,Default,Default,Default,Default,Default,Default,Default,Default,Default,Default,Default,Default,Default,Default,Default,Default,Default,Default,Default,Default,Default,Default,Default,Default,Default,Default,Default,Default,Default,Default,Default,Default,Default,Default,Default,Default,Default,Default,Default,Default,Default,DefaultJob,DocumentCount=100000,1,Workload,Result,6,587903909,4096,143531.23,83,0,0,85008
TermVectorHighlighterBenchmarks.LeanCorpus_HybridHighlighter_NoOffsets,Rowles.LeanCorpus.Benchmarks,TermVectorHighlighterBenchmarks,LeanCorpus_HybridHighlighter_NoOffsets,DefaultJob,Default,Default,Default,Default,Default,Default,Default,Default,Default,Default,Default,Default,Default,Default,Default,Default,Default,Default,Default,Default,Default,Default,Default,Default,Default,Default,Default,Default,Default,Default,Default,Default,Default,Default,Default,Default,Default,Default,Default,Default,Default,DefaultJob,DocumentCount=100000,1,Workload,Result,7,587834044,4096,143514.17,83,0,0,85008
TermVectorHighlighterBenchmarks.LeanCorpus_HybridHighlighter_NoOffsets,Rowles.LeanCorpus.Benchmarks,TermVectorHighlighterBenchmarks,LeanCorpus_HybridHighlighter_NoOffsets,DefaultJob,Default,Default,Default,Default,Default,Default,Default,Default,Default,Default,Default,Default,Default,Default,Default,Default,Default,Default,Default,Default,Default,Default,Default,Default,Default,Default,Default,Default,Default,Default,Default,Default,Default,Default,Default,Default,Default,Default,Default,Default,Default,DefaultJob,DocumentCount=100000,1,Workload,Result,8,584152381,4096,142615.33,83,0,0,85008
TermVectorHighlighterBenchmarks.LeanCorpus_HybridHighlighter_NoOffsets,Rowles.LeanCorpus.Benchmarks,TermVectorHighlighterBenchmarks,LeanCorpus_HybridHighlighter_NoOffsets,DefaultJob,Default,Default,Default,Default,Default,Default,Default,Default,Default,Default,Default,Default,Default,Default,Default,Default,Default,Default,Default,Default,Default,Default,Default,Default,Default,Default,Default,Default,Default,Default,Default,Default,Default,Default,Default,Default,Default,Default,Default,Default,Default,DefaultJob,DocumentCount=100000,1,Workload,Result,9,585016046,4096,142826.18,83,0,0,85008
TermVectorHighlighterBenchmarks.LeanCorpus_HybridHighlighter_NoOffsets,Rowles.LeanCorpus.Benchmarks,TermVectorHighlighterBenchmarks,LeanCorpus_HybridHighlighter_NoOffsets,DefaultJob,Default,Default,Default,Default,Default,Default,Default,Default,Default,Default,Default,Default,Default,Default,Default,Default,Default,Default,Default,Default,Default,Default,Default,Default,Default,Default,Default,Default,Default,Default,Default,Default,Default,Default,Default,Default,Default,Default,Default,Default,Default,DefaultJob,DocumentCount=100000,1,Workload,Result,10,590080344,4096,144062.58,83,0,0,85008
TermVectorHighlighterBenchmarks.LeanCorpus_HybridHighlighter_NoOffsets,Rowles.LeanCorpus.Benchmarks,TermVectorHighlighterBenchmarks,LeanCorpus_HybridHighlighter_NoOffsets,DefaultJob,Default,Default,Default,Default,Default,Default,Default,Default,Default,Default,Default,Default,Default,Default,Default,Default,Default,Default,Default,Default,Default,Default,Default,Default,Default,Default,Default,Default,Default,Default,Default,Default,Default,Default,Default,Default,Default,Default,Default,Default,Default,DefaultJob,DocumentCount=100000,1,Workload,Result,11,585775307,4096,143011.55,83,0,0,85008
TermVectorHighlighterBenchmarks.LeanCorpus_HybridHighlighter_NoOffsets,Rowles.LeanCorpus.Benchmarks,TermVectorHighlighterBenchmarks,LeanCorpus_HybridHighlighter_NoOffsets,DefaultJob,Default,Default,Default,Default,Default,Default,Default,Default,Default,Default,Default,Default,Default,Default,Default,Default,Default,Default,Default,Default,Default,Default,Default,Default,Default,Default,Default,Default,Default,Default,Default,Default,Default,Default,Default,Default,Default,Default,Default,Default,Default,DefaultJob,DocumentCount=100000,1,Workload,Result,12,583455196,4096,142445.12,83,0,0,85008
TermVectorHighlighterBenchmarks.LeanCorpus_HybridHighlighter_NoOffsets,Rowles.LeanCorpus.Benchmarks,TermVectorHighlighterBenchmarks,LeanCorpus_HybridHighlighter_NoOffsets,DefaultJob,Default,Default,Default,Default,Default,Default,Default,Default,Default,Default,Default,Default,Default,Default,Default,Default,Default,Default,Default,Default,Default,Default,Default,Default,Default,Default,Default,Default,Default,Default,Default,Default,Default,Default,Default,Default,Default,Default,Default,Default,Default,DefaultJob,DocumentCount=100000,1,Workload,Result,13,587573652,4096,143450.6,83,0,0,85008
TermVectorHighlighterBenchmarks.LeanCorpus_HybridHighlighter_NoOffsets,Rowles.LeanCorpus.Benchmarks,TermVectorHighlighterBenchmarks,LeanCorpus_HybridHighlighter_NoOffsets,DefaultJob,Default,Default,Default,Default,Default,Default,Default,Default,Default,Default,Default,Default,Default,Default,Default,Default,Default,Default,Default,Default,Default,Default,Default,Default,Default,Default,Default,Default,Default,Default,Default,Default,Default,Default,Default,Default,Default,Default,Default,Default,Default,DefaultJob,DocumentCount=100000,1,Workload,Result,14,588231665,4096,143611.25,83,0,0,85008
TermVectorHighlighterBenchmarks.LeanCorpus_HybridHighlighter_NoOffsets,Rowles.LeanCorpus.Benchmarks,TermVectorHighlighterBenchmarks,LeanCorpus_HybridHighlighter_NoOffsets,DefaultJob,Default,Default,Default,Default,Default,Default,Default,Default,Default,Default,Default,Default,Default,Default,Default,Default,Default,Default,Default,Default,Default,Default,Default,Default,Default,Default,Default,Default,Default,Default,Default,Default,Default,Default,Default,Default,Default,Default,Default,Default,Default,DefaultJob,DocumentCount=100000,1,Workload,Result,15,586496900,4096,143187.72,83,0,0,85008
TermVectorHighlighterBenchmarks.LeanCorpus_Highlighter,Rowles.LeanCorpus.Benchmarks,TermVectorHighlighterBenchmarks,LeanCorpus_Highlighter,DefaultJob,Default,Default,Default,Default,Default,Default,Default,Default,Default,Default,Default,Default,Default,Default,Default,Default,Default,Default,Default,Default,Default,Default,Default,Default,Default,Default,Default,Default,Default,Default,Default,Default,Default,Default,Default,Default,Default,Default,Default,Default,Default,DefaultJob,DocumentCount=100000,1,Workload,Jitting,1,2062114,1,2062114,125,0,0,64160
TermVectorHighlighterBenchmarks.LeanCorpus_Highlighter,Rowles.LeanCorpus.Benchmarks,TermVectorHighlighterBenchmarks,LeanCorpus_Highlighter,DefaultJob,Default,Default,Default,Default,Default,Default,Default,Default,Default,Default,Default,Default,Default,Default,Default,Default,Default,Default,Default,Default,Default,Default,Default,Default,Default,Default,Default,Default,Default,Default,Default,Default,Default,Default,Default,Default,Default,Default,Default,Default,Default,DefaultJob,DocumentCount=100000,1,Workload,Jitting,2,5744051,30,191468.37,125,0,0,64160
TermVectorHighlighterBenchmarks.LeanCorpus_Highlighter,Rowles.LeanCorpus.Benchmarks,TermVectorHighlighterBenchmarks,LeanCorpus_Highlighter,DefaultJob,Default,Default,Default,Default,Default,Default,Default,Default,Default,Default,Default,Default,Default,Default,Default,Default,Default,Default,Default,Default,Default,Default,Default,Default,Default,Default,Default,Default,Default,Default,Default,Default,Default,Default,Default,Default,Default,Default,Default,Default,Default,DefaultJob,DocumentCount=100000,1,Workload,Jitting,3,2864806,30,95493.53,125,0,0,64160
TermVectorHighlighterBenchmarks.LeanCorpus_Highlighter,Rowles.LeanCorpus.Benchmarks,TermVectorHighlighterBenchmarks,LeanCorpus_Highlighter,DefaultJob,Default,Default,Default,Default,Default,Default,Default,Default,Default,Default,Default,Default,Default,Default,Default,Default,Default,Default,Default,Default,Default,Default,Default,Default,Default,Default,Default,Default,Default,Default,Default,Default,Default,Default,Default,Default,Default,Default,Default,Default,Default,DefaultJob,DocumentCount=100000,1,Workload,Jitting,4,4112780,30,137092.67,125,0,0,64160
TermVectorHighlighterBenchmarks.LeanCorpus_Highlighter,Rowles.LeanCorpus.Benchmarks,TermVectorHighlighterBenchmarks,LeanCorpus_Highlighter,DefaultJob,Default,Default,Default,Default,Default,Default,Default,Default,Default,Default,Default,Default,Default,Default,Default,Default,Default,Default,Default,Default,Default,Default,Default,Default,Default,Default,Default,Default,Default,Default,Default,Default,Default,Default,Default,Default,Default,Default,Default,Default,Default,DefaultJob,DocumentCount=100000,1,Workload,Jitting,5,238272,1,238272,125,0,0,64160
TermVectorHighlighterBenchmarks.LeanCorpus_Highlighter,Rowles.LeanCorpus.Benchmarks,TermVectorHighlighterBenchmarks,LeanCorpus_Highlighter,DefaultJob,Default,Default,Default,Default,Default,Default,Default,Default,Default,Default,Default,Default,Default,Default,Default,Default,Default,Default,Default,Default,Default,Default,Default,Default,Default,Default,Default,Default,Default,Default,Default,Default,Default,Default,Default,Default,Default,Default,Default,Default,Default,DefaultJob,DocumentCount=100000,1,Workload,Pilot,1,232615,1,232615,125,0,0,64160
TermVectorHighlighterBenchmarks.LeanCorpus_Highlighter,Rowles.LeanCorpus.Benchmarks,TermVectorHighlighterBenchmarks,LeanCorpus_Highlighter,DefaultJob,Default,Default,Default,Default,Default,Default,Default,Default,Default,Default,Default,Default,Default,Default,Default,Default,Default,Default,Default,Default,Default,Default,Default,Default,Default,Default,Default,Default,Default,Default,Default,Default,Default,Default,Default,Default,Default,Default,Default,Default,Default,DefaultJob,DocumentCount=100000,1,Workload,Pilot,1,2711478,16,169467.38,125,0,0,64160
TermVectorHighlighterBenchmarks.LeanCorpus_Highlighter,Rowles.LeanCorpus.Benchmarks,TermVectorHighlighterBenchmarks,LeanCorpus_Highlighter,DefaultJob,Default,Default,Default,Default,Default,Default,Default,Default,Default,Default,Default,Default,Default,Default,Default,Default,Default,Default,Default,Default,Default,Default,Default,Default,Default,Default,Default,Default,Default,Default,Default,Default,Default,Default,Default,Default,Default,Default,Default,Default,Default,DefaultJob,DocumentCount=100000,1,Workload,Pilot,2,4626571,32,144580.34,125,0,0,64160
TermVectorHighlighterBenchmarks.LeanCorpus_Highlighter,Rowles.LeanCorpus.Benchmarks,TermVectorHighlighterBenchmarks,LeanCorpus_Highlighter,DefaultJob,Default,Default,Default,Default,Default,Default,Default,Default,Default,Default,Default,Default,Default,Default,Default,Default,Default,Default,Default,Default,Default,Default,Default,Default,Default,Default,Default,Default,Default,Default,Default,Default,Default,Default,Default,Default,Default,Default,Default,Default,Default,DefaultJob,DocumentCount=100000,1,Workload,Pilot,3,7613443,64,118960.05,125,0,0,64160
TermVectorHighlighterBenchmarks.LeanCorpus_Highlighter,Rowles.LeanCorpus.Benchmarks,TermVectorHighlighterBenchmarks,LeanCorpus_Highlighter,DefaultJob,Default,Default,Default,Default,Default,Default,Default,Default,Default,Default,Default,Default,Default,Default,Default,Default,Default,Default,Default,Default,Default,Default,Default,Default,Default,Default,Default,Default,Default,Default,Default,Default,Default,Default,Default,Default,Default,Default,Default,Default,Default,DefaultJob,DocumentCount=100000,1,Workload,Pilot,4,14047407,128,109745.37,125,0,0,64160
TermVectorHighlighterBenchmarks.LeanCorpus_Highlighter,Rowles.LeanCorpus.Benchmarks,TermVectorHighlighterBenchmarks,LeanCorpus_Highlighter,DefaultJob,Default,Default,Default,Default,Default,Default,Default,Default,Default,Default,Default,Default,Default,Default,Default,Default,Default,Default,Default,Default,Default,Default,Default,Default,Default,Default,Default,Default,Default,Default,Default,Default,Default,Default,Default,Default,Default,Default,Default,Default,Default,DefaultJob,DocumentCount=100000,1,Workload,Pilot,5,25779584,256,100701.5,125,0,0,64160
TermVectorHighlighterBenchmarks.LeanCorpus_Highlighter,Rowles.LeanCorpus.Benchmarks,TermVectorHighlighterBenchmarks,LeanCorpus_Highlighter,DefaultJob,Default,Default,Default,Default,Default,Default,Default,Default,Default,Default,Default,Default,Default,Default,Default,Default,Default,Default,Default,Default,Default,Default,Default,Default,Default,Default,Default,Default,Default,Default,Default,Default,Default,Default,Default,Default,Default,Default,Default,Default,Default,DefaultJob,DocumentCount=100000,1,Workload,Pilot,6,53892059,512,105257.93,125,0,0,64160
TermVectorHighlighterBenchmarks.LeanCorpus_Highlighter,Rowles.LeanCorpus.Benchmarks,TermVectorHighlighterBenchmarks,LeanCorpus_Highlighter,DefaultJob,Default,Default,Default,Default,Default,Default,Default,Default,Default,Default,Default,Default,Default,Default,Default,Default,Default,Default,Default,Default,Default,Default,Default,Default,Default,Default,Default,Default,Default,Default,Default,Default,Default,Default,Default,Default,Default,Default,Default,Default,Default,DefaultJob,DocumentCount=100000,1,Workload,Pilot,7,102461844,1024,100060.39,125,0,0,64160
TermVectorHighlighterBenchmarks.LeanCorpus_Highlighter,Rowles.LeanCorpus.Benchmarks,TermVectorHighlighterBenchmarks,LeanCorpus_Highlighter,DefaultJob,Default,Default,Default,Default,Default,Default,Default,Default,Default,Default,Default,Default,Default,Default,Default,Default,Default,Default,Default,Default,Default,Default,Default,Default,Default,Default,Default,Default,Default,Default,Default,Default,Default,Default,Default,Default,Default,Default,Default,Default,Default,DefaultJob,DocumentCount=100000,1,Workload,Pilot,8,205868273,2048,100521.62,125,0,0,64160
TermVectorHighlighterBenchmarks.LeanCorpus_Highlighter,Rowles.LeanCorpus.Benchmarks,TermVectorHighlighterBenchmarks,LeanCorpus_Highlighter,DefaultJob,Default,Default,Default,Default,Default,Default,Default,Default,Default,Default,Default,Default,Default,Default,Default,Default,Default,Default,Default,Default,Default,Default,Default,Default,Default,Default,Default,Default,Default,Default,Default,Default,Default,Default,Default,Default,Default,Default,Default,Default,Default,DefaultJob,DocumentCount=100000,1,Workload,Pilot,9,409211026,4096,99905.04,125,0,0,64160
TermVectorHighlighterBenchmarks.LeanCorpus_Highlighter,Rowles.LeanCorpus.Benchmarks,TermVectorHighlighterBenchmarks,LeanCorpus_Highlighter,DefaultJob,Default,Default,Default,Default,Default,Default,Default,Default,Default,Default,Default,Default,Default,Default,Default,Default,Default,Default,Default,Default,Default,Default,Default,Default,Default,Default,Default,Default,Default,Default,Default,Default,Default,Default,Default,Default,Default,Default,Default,Default,Default,DefaultJob,DocumentCount=100000,1,Workload,Pilot,10,827477512,8192,101010.44,125,0,0,64160
TermVectorHighlighterBenchmarks.LeanCorpus_Highlighter,Rowles.LeanCorpus.Benchmarks,TermVectorHighlighterBenchmarks,LeanCorpus_Highlighter,DefaultJob,Default,Default,Default,Default,Default,Default,Default,Default,Default,Default,Default,Default,Default,Default,Default,Default,Default,Default,Default,Default,Default,Default,Default,Default,Default,Default,Default,Default,Default,Default,Default,Default,Default,Default,Default,Default,Default,Default,Default,Default,Default,DefaultJob,DocumentCount=100000,1,Workload,Warmup,1,835965159,8192,102046.53,125,0,0,64160
TermVectorHighlighterBenchmarks.LeanCorpus_Highlighter,Rowles.LeanCorpus.Benchmarks,TermVectorHighlighterBenchmarks,LeanCorpus_Highlighter,DefaultJob,Default,Default,Default,Default,Default,Default,Default,Default,Default,Default,Default,Default,Default,Default,Default,Default,Default,Default,Default,Default,Default,Default,Default,Default,Default,Default,Default,Default,Default,Default,Default,Default,Default,Default,Default,Default,Default,Default,Default,Default,Default,DefaultJob,DocumentCount=100000,1,Workload,Warmup,2,832827434,8192,101663.51,125,0,0,64160
TermVectorHighlighterBenchmarks.LeanCorpus_Highlighter,Rowles.LeanCorpus.Benchmarks,TermVectorHighlighterBenchmarks,LeanCorpus_Highlighter,DefaultJob,Default,Default,Default,Default,Default,Default,Default,Default,Default,Default,Default,Default,Default,Default,Default,Default,Default,Default,Default,Default,Default,Default,Default,Default,Default,Default,Default,Default,Default,Default,Default,Default,Default,Default,Default,Default,Default,Default,Default,Default,Default,DefaultJob,DocumentCount=100000,1,Workload,Warmup,3,832531773,8192,101627.41,125,0,0,64160
TermVectorHighlighterBenchmarks.LeanCorpus_Highlighter,Rowles.LeanCorpus.Benchmarks,TermVectorHighlighterBenchmarks,LeanCorpus_Highlighter,DefaultJob,Default,Default,Default,Default,Default,Default,Default,Default,Default,Default,Default,Default,Default,Default,Default,Default,Default,Default,Default,Default,Default,Default,Default,Default,Default,Default,Default,Default,Default,Default,Default,Default,Default,Default,Default,Default,Default,Default,Default,Default,Default,DefaultJob,DocumentCount=100000,1,Workload,Warmup,4,833176199,8192,101706.08,125,0,0,64160
TermVectorHighlighterBenchmarks.LeanCorpus_Highlighter,Rowles.LeanCorpus.Benchmarks,TermVectorHighlighterBenchmarks,LeanCorpus_Highlighter,DefaultJob,Default,Default,Default,Default,Default,Default,Default,Default,Default,Default,Default,Default,Default,Default,Default,Default,Default,Default,Default,Default,Default,Default,Default,Default,Default,Default,Default,Default,Default,Default,Default,Default,Default,Default,Default,Default,Default,Default,Default,Default,Default,DefaultJob,DocumentCount=100000,1,Workload,Warmup,5,824700976,8192,100671.51,125,0,0,64160
TermVectorHighlighterBenchmarks.LeanCorpus_Highlighter,Rowles.LeanCorpus.Benchmarks,TermVectorHighlighterBenchmarks,LeanCorpus_Highlighter,DefaultJob,Default,Default,Default,Default,Default,Default,Default,Default,Default,Default,Default,Default,Default,Default,Default,Default,Default,Default,Default,Default,Default,Default,Default,Default,Default,Default,Default,Default,Default,Default,Default,Default,Default,Default,Default,Default,Default,Default,Default,Default,Default,DefaultJob,DocumentCount=100000,1,Workload,Warmup,6,822805291,8192,100440.1,125,0,0,64160
TermVectorHighlighterBenchmarks.LeanCorpus_Highlighter,Rowles.LeanCorpus.Benchmarks,TermVectorHighlighterBenchmarks,LeanCorpus_Highlighter,DefaultJob,Default,Default,Default,Default,Default,Default,Default,Default,Default,Default,Default,Default,Default,Default,Default,Default,Default,Default,Default,Default,Default,Default,Default,Default,Default,Default,Default,Default,Default,Default,Default,Default,Default,Default,Default,Default,Default,Default,Default,Default,Default,DefaultJob,DocumentCount=100000,1,Workload,Warmup,7,833852769,8192,101788.67,125,0,0,64160
TermVectorHighlighterBenchmarks.LeanCorpus_Highlighter,Rowles.LeanCorpus.Benchmarks,TermVectorHighlighterBenchmarks,LeanCorpus_Highlighter,DefaultJob,Default,Default,Default,Default,Default,Default,Default,Default,Default,Default,Default,Default,Default,Default,Default,Default,Default,Default,Default,Default,Default,Default,Default,Default,Default,Default,Default,Default,Default,Default,Default,Default,Default,Default,Default,Default,Default,Default,Default,Default,Default,DefaultJob,DocumentCount=100000,1,Workload,Warmup,8,830872381,8192,101424.85,125,0,0,64160
TermVectorHighlighterBenchmarks.LeanCorpus_Highlighter,Rowles.LeanCorpus.Benchmarks,TermVectorHighlighterBenchmarks,LeanCorpus_Highlighter,DefaultJob,Default,Default,Default,Default,Default,Default,Default,Default,Default,Default,Default,Default,Default,Default,Default,Default,Default,Default,Default,Default,Default,Default,Default,Default,Default,Default,Default,Default,Default,Default,Default,Default,Default,Default,Default,Default,Default,Default,Default,Default,Default,DefaultJob,DocumentCount=100000,1,Workload,Actual,1,835465244,8192,101985.5,125,0,0,64160
TermVectorHighlighterBenchmarks.LeanCorpus_Highlighter,Rowles.LeanCorpus.Benchmarks,TermVectorHighlighterBenchmarks,LeanCorpus_Highlighter,DefaultJob,Default,Default,Default,Default,Default,Default,Default,Default,Default,Default,Default,Default,Default,Default,Default,Default,Default,Default,Default,Default,Default,Default,Default,Default,Default,Default,Default,Default,Default,Default,Default,Default,Default,Default,Default,Default,Default,Default,Default,Default,Default,DefaultJob,DocumentCount=100000,1,Workload,Actual,2,834698175,8192,101891.87,125,0,0,64160
TermVectorHighlighterBenchmarks.LeanCorpus_Highlighter,Rowles.LeanCorpus.Benchmarks,TermVectorHighlighterBenchmarks,LeanCorpus_Highlighter,DefaultJob,Default,Default,Default,Default,Default,Default,Default,Default,Default,Default,Default,Default,Default,Default,Default,Default,Default,Default,Default,Default,Default,Default,Default,Default,Default,Default,Default,Default,Default,Default,Default,Default,Default,Default,Default,Default,Default,Default,Default,Default,Default,DefaultJob,DocumentCount=100000,1,Workload,Actual,3,832875796,8192,101669.41,125,0,0,64160
TermVectorHighlighterBenchmarks.LeanCorpus_Highlighter,Rowles.LeanCorpus.Benchmarks,TermVectorHighlighterBenchmarks,LeanCorpus_Highlighter,DefaultJob,Default,Default,Default,Default,Default,Default,Default,Default,Default,Default,Default,Default,Default,Default,Default,Default,Default,Default,Default,Default,Default,Default,Default,Default,Default,Default,Default,Default,Default,Default,Default,Default,Default,Default,Default,Default,Default,Default,Default,Default,Default,DefaultJob,DocumentCount=100000,1,Workload,Actual,4,834764480,8192,101899.96,125,0,0,64160
TermVectorHighlighterBenchmarks.LeanCorpus_Highlighter,Rowles.LeanCorpus.Benchmarks,TermVectorHighlighterBenchmarks,LeanCorpus_Highlighter,DefaultJob,Default,Default,Default,Default,Default,Default,Default,Default,Default,Default,Default,Default,Default,Default,Default,Default,Default,Default,Default,Default,Default,Default,Default,Default,Default,Default,Default,Default,Default,Default,Default,Default,Default,Default,Default,Default,Default,Default,Default,Default,Default,DefaultJob,DocumentCount=100000,1,Workload,Actual,5,834907535,8192,101917.42,125,0,0,64160
TermVectorHighlighterBenchmarks.LeanCorpus_Highlighter,Rowles.LeanCorpus.Benchmarks,TermVectorHighlighterBenchmarks,LeanCorpus_Highlighter,DefaultJob,Default,Default,Default,Default,Default,Default,Default,Default,Default,Default,Default,Default,Default,Default,Default,Default,Default,Default,Default,Default,Default,Default,Default,Default,Default,Default,Default,Default,Default,Default,Default,Default,Default,Default,Default,Default,Default,Default,Default,Default,Default,DefaultJob,DocumentCount=100000,1,Workload,Actual,6,833592091,8192,101756.85,125,0,0,64160
TermVectorHighlighterBenchmarks.LeanCorpus_Highlighter,Rowles.LeanCorpus.Benchmarks,TermVectorHighlighterBenchmarks,LeanCorpus_Highlighter,DefaultJob,Default,Default,Default,Default,Default,Default,Default,Default,Default,Default,Default,Default,Default,Default,Default,Default,Default,Default,Default,Default,Default,Default,Default,Default,Default,Default,Default,Default,Default,Default,Default,Default,Default,Default,Default,Default,Default,Default,Default,Default,Default,DefaultJob,DocumentCount=100000,1,Workload,Actual,7,834774346,8192,101901.17,125,0,0,64160
TermVectorHighlighterBenchmarks.LeanCorpus_Highlighter,Rowles.LeanCorpus.Benchmarks,TermVectorHighlighterBenchmarks,LeanCorpus_Highlighter,DefaultJob,Default,Default,Default,Default,Default,Default,Default,Default,Default,Default,Default,Default,Default,Default,Default,Default,Default,Default,Default,Default,Default,Default,Default,Default,Default,Default,Default,Default,Default,Default,Default,Default,Default,Default,Default,Default,Default,Default,Default,Default,Default,DefaultJob,DocumentCount=100000,1,Workload,Actual,8,835323107,8192,101968.15,125,0,0,64160
TermVectorHighlighterBenchmarks.LeanCorpus_Highlighter,Rowles.LeanCorpus.Benchmarks,TermVectorHighlighterBenchmarks,LeanCorpus_Highlighter,DefaultJob,Default,Default,Default,Default,Default,Default,Default,Default,Default,Default,Default,Default,Default,Default,Default,Default,Default,Default,Default,Default,Default,Default,Default,Default,Default,Default,Default,Default,Default,Default,Default,Default,Default,Default,Default,Default,Default,Default,Default,Default,Default,DefaultJob,DocumentCount=100000,1,Workload,Actual,9,825115591,8192,100722.12,125,0,0,64160
TermVectorHighlighterBenchmarks.LeanCorpus_Highlighter,Rowles.LeanCorpus.Benchmarks,TermVectorHighlighterBenchmarks,LeanCorpus_Highlighter,DefaultJob,Default,Default,Default,Default,Default,Default,Default,Default,Default,Default,Default,Default,Default,Default,Default,Default,Default,Default,Default,Default,Default,Default,Default,Default,Default,Default,Default,Default,Default,Default,Default,Default,Default,Default,Default,Default,Default,Default,Default,Default,Default,DefaultJob,DocumentCount=100000,1,Workload,Actual,10,825073617,8192,100716.99,125,0,0,64160
TermVectorHighlighterBenchmarks.LeanCorpus_Highlighter,Rowles.LeanCorpus.Benchmarks,TermVectorHighlighterBenchmarks,LeanCorpus_Highlighter,DefaultJob,Default,Default,Default,Default,Default,Default,Default,Default,Default,Default,Default,Default,Default,Default,Default,Default,Default,Default,Default,Default,Default,Default,Default,Default,Default,Default,Default,Default,Default,Default,Default,Default,Default,Default,Default,Default,Default,Default,Default,Default,Default,DefaultJob,DocumentCount=100000,1,Workload,Actual,11,832458200,8192,101618.43,125,0,0,64160
TermVectorHighlighterBenchmarks.LeanCorpus_Highlighter,Rowles.LeanCorpus.Benchmarks,TermVectorHighlighterBenchmarks,LeanCorpus_Highlighter,DefaultJob,Default,Default,Default,Default,Default,Default,Default,Default,Default,Default,Default,Default,Default,Default,Default,Default,Default,Default,Default,Default,Default,Default,Default,Default,Default,Default,Default,Default,Default,Default,Default,Default,Default,Default,Default,Default,Default,Default,Default,Default,Default,DefaultJob,DocumentCount=100000,1,Workload,Actual,12,834813251,8192,101905.91,125,0,0,64160
TermVectorHighlighterBenchmarks.LeanCorpus_Highlighter,Rowles.LeanCorpus.Benchmarks,TermVectorHighlighterBenchmarks,LeanCorpus_Highlighter,DefaultJob,Default,Default,Default,Default,Default,Default,Default,Default,Default,Default,Default,Default,Default,Default,Default,Default,Default,Default,Default,Default,Default,Default,Default,Default,Default,Default,Default,Default,Default,Default,Default,Default,Default,Default,Default,Default,Default,Default,Default,Default,Default,DefaultJob,DocumentCount=100000,1,Workload,Actual,13,833621802,8192,101760.47,125,0,0,64160
TermVectorHighlighterBenchmarks.LeanCorpus_Highlighter,Rowles.LeanCorpus.Benchmarks,TermVectorHighlighterBenchmarks,LeanCorpus_Highlighter,DefaultJob,Default,Default,Default,Default,Default,Default,Default,Default,Default,Default,Default,Default,Default,Default,Default,Default,Default,Default,Default,Default,Default,Default,Default,Default,Default,Default,Default,Default,Default,Default,Default,Default,Default,Default,Default,Default,Default,Default,Default,Default,Default,DefaultJob,DocumentCount=100000,1,Workload,Actual,14,834963471,8192,101924.25,125,0,0,64160
TermVectorHighlighterBenchmarks.LeanCorpus_Highlighter,Rowles.LeanCorpus.Benchmarks,TermVectorHighlighterBenchmarks,LeanCorpus_Highlighter,DefaultJob,Default,Default,Default,Default,Default,Default,Default,Default,Default,Default,Default,Default,Default,Default,Default,Default,Default,Default,Default,Default,Default,Default,Default,Default,Default,Default,Default,Default,Default,Default,Default,Default,Default,Default,Default,Default,Default,Default,Default,Default,Default,DefaultJob,DocumentCount=100000,1,Workload,Actual,15,836175671,8192,102072.23,125,0,0,64160
TermVectorHighlighterBenchmarks.LeanCorpus_Highlighter,Rowles.LeanCorpus.Benchmarks,TermVectorHighlighterBenchmarks,LeanCorpus_Highlighter,DefaultJob,Default,Default,Default,Default,Default,Default,Default,Default,Default,Default,Default,Default,Default,Default,Default,Default,Default,Default,Default,Default,Default,Default,Default,Default,Default,Default,Default,Default,Default,Default,Default,Default,Default,Default,Default,Default,Default,Default,Default,Default,Default,DefaultJob,DocumentCount=100000,1,Workload,Extra,1,831321760,8192,101479.71,125,0,0,64160
TermVectorHighlighterBenchmarks.LeanCorpus_Highlighter,Rowles.LeanCorpus.Benchmarks,TermVectorHighlighterBenchmarks,LeanCorpus_Highlighter,DefaultJob,Default,Default,Default,Default,Default,Default,Default,Default,Default,Default,Default,Default,Default,Default,Default,Default,Default,Default,Default,Default,Default,Default,Default,Default,Default,Default,Default,Default,Default,Default,Default,Default,Default,Default,Default,Default,Default,Default,Default,Default,Default,DefaultJob,DocumentCount=100000,1,Workload,Result,1,835465244,8192,101985.5,125,0,0,64160
TermVectorHighlighterBenchmarks.LeanCorpus_Highlighter,Rowles.LeanCorpus.Benchmarks,TermVectorHighlighterBenchmarks,LeanCorpus_Highlighter,DefaultJob,Default,Default,Default,Default,Default,Default,Default,Default,Default,Default,Default,Default,Default,Default,Default,Default,Default,Default,Default,Default,Default,Default,Default,Default,Default,Default,Default,Default,Default,Default,Default,Default,Default,Default,Default,Default,Default,Default,Default,Default,Default,DefaultJob,DocumentCount=100000,1,Workload,Result,2,834698175,8192,101891.87,125,0,0,64160
TermVectorHighlighterBenchmarks.LeanCorpus_Highlighter,Rowles.LeanCorpus.Benchmarks,TermVectorHighlighterBenchmarks,LeanCorpus_Highlighter,DefaultJob,Default,Default,Default,Default,Default,Default,Default,Default,Default,Default,Default,Default,Default,Default,Default,Default,Default,Default,Default,Default,Default,Default,Default,Default,Default,Default,Default,Default,Default,Default,Default,Default,Default,Default,Default,Default,Default,Default,Default,Default,Default,DefaultJob,DocumentCount=100000,1,Workload,Result,3,832875796,8192,101669.41,125,0,0,64160
TermVectorHighlighterBenchmarks.LeanCorpus_Highlighter,Rowles.LeanCorpus.Benchmarks,TermVectorHighlighterBenchmarks,LeanCorpus_Highlighter,DefaultJob,Default,Default,Default,Default,Default,Default,Default,Default,Default,Default,Default,Default,Default,Default,Default,Default,Default,Default,Default,Default,Default,Default,Default,Default,Default,Default,Default,Default,Default,Default,Default,Default,Default,Default,Default,Default,Default,Default,Default,Default,Default,DefaultJob,DocumentCount=100000,1,Workload,Result,4,834764480,8192,101899.96,125,0,0,64160
TermVectorHighlighterBenchmarks.LeanCorpus_Highlighter,Rowles.LeanCorpus.Benchmarks,TermVectorHighlighterBenchmarks,LeanCorpus_Highlighter,DefaultJob,Default,Default,Default,Default,Default,Default,Default,Default,Default,Default,Default,Default,Default,Default,Default,Default,Default,Default,Default,Default,Default,Default,Default,Default,Default,Default,Default,Default,Default,Default,Default,Default,Default,Default,Default,Default,Default,Default,Default,Default,Default,DefaultJob,DocumentCount=100000,1,Workload,Result,5,834907535,8192,101917.42,125,0,0,64160
TermVectorHighlighterBenchmarks.LeanCorpus_Highlighter,Rowles.LeanCorpus.Benchmarks,TermVectorHighlighterBenchmarks,LeanCorpus_Highlighter,DefaultJob,Default,Default,Default,Default,Default,Default,Default,Default,Default,Default,Default,Default,Default,Default,Default,Default,Default,Default,Default,Default,Default,Default,Default,Default,Default,Default,Default,Default,Default,Default,Default,Default,Default,Default,Default,Default,Default,Default,Default,Default,Default,DefaultJob,DocumentCount=100000,1,Workload,Result,6,833592091,8192,101756.85,125,0,0,64160
TermVectorHighlighterBenchmarks.LeanCorpus_Highlighter,Rowles.LeanCorpus.Benchmarks,TermVectorHighlighterBenchmarks,LeanCorpus_Highlighter,DefaultJob,Default,Default,Default,Default,Default,Default,Default,Default,Default,Default,Default,Default,Default,Default,Default,Default,Default,Default,Default,Default,Default,Default,Default,Default,Default,Default,Default,Default,Default,Default,Default,Default,Default,Default,Default,Default,Default,Default,Default,Default,Default,DefaultJob,DocumentCount=100000,1,Workload,Result,7,834774346,8192,101901.17,125,0,0,64160
TermVectorHighlighterBenchmarks.LeanCorpus_Highlighter,Rowles.LeanCorpus.Benchmarks,TermVectorHighlighterBenchmarks,LeanCorpus_Highlighter,DefaultJob,Default,Default,Default,Default,Default,Default,Default,Default,Default,Default,Default,Default,Default,Default,Default,Default,Default,Default,Default,Default,Default,Default,Default,Default,Default,Default,Default,Default,Default,Default,Default,Default,Default,Default,Default,Default,Default,Default,Default,Default,Default,DefaultJob,DocumentCount=100000,1,Workload,Result,8,835323107,8192,101968.15,125,0,0,64160
TermVectorHighlighterBenchmarks.LeanCorpus_Highlighter,Rowles.LeanCorpus.Benchmarks,TermVectorHighlighterBenchmarks,LeanCorpus_Highlighter,DefaultJob,Default,Default,Default,Default,Default,Default,Default,Default,Default,Default,Default,Default,Default,Default,Default,Default,Default,Default,Default,Default,Default,Default,Default,Default,Default,Default,Default,Default,Default,Default,Default,Default,Default,Default,Default,Default,Default,Default,Default,Default,Default,DefaultJob,DocumentCount=100000,1,Workload,Result,9,825115591,8192,100722.12,125,0,0,64160
TermVectorHighlighterBenchmarks.LeanCorpus_Highlighter,Rowles.LeanCorpus.Benchmarks,TermVectorHighlighterBenchmarks,LeanCorpus_Highlighter,DefaultJob,Default,Default,Default,Default,Default,Default,Default,Default,Default,Default,Default,Default,Default,Default,Default,Default,Default,Default,Default,Default,Default,Default,Default,Default,Default,Default,Default,Default,Default,Default,Default,Default,Default,Default,Default,Default,Default,Default,Default,Default,Default,DefaultJob,DocumentCount=100000,1,Workload,Result,10,825073617,8192,100716.99,125,0,0,64160
TermVectorHighlighterBenchmarks.LeanCorpus_Highlighter,Rowles.LeanCorpus.Benchmarks,TermVectorHighlighterBenchmarks,LeanCorpus_Highlighter,DefaultJob,Default,Default,Default,Default,Default,Default,Default,Default,Default,Default,Default,Default,Default,Default,Default,Default,Default,Default,Default,Default,Default,Default,Default,Default,Default,Default,Default,Default,Default,Default,Default,Default,Default,Default,Default,Default,Default,Default,Default,Default,Default,DefaultJob,DocumentCount=100000,1,Workload,Result,11,832458200,8192,101618.43,125,0,0,64160
TermVectorHighlighterBenchmarks.LeanCorpus_Highlighter,Rowles.LeanCorpus.Benchmarks,TermVectorHighlighterBenchmarks,LeanCorpus_Highlighter,DefaultJob,Default,Default,Default,Default,Default,Default,Default,Default,Default,Default,Default,Default,Default,Default,Default,Default,Default,Default,Default,Default,Default,Default,Default,Default,Default,Default,Default,Default,Default,Default,Default,Default,Default,Default,Default,Default,Default,Default,Default,Default,Default,DefaultJob,DocumentCount=100000,1,Workload,Result,12,834813251,8192,101905.91,125,0,0,64160
TermVectorHighlighterBenchmarks.LeanCorpus_Highlighter,Rowles.LeanCorpus.Benchmarks,TermVectorHighlighterBenchmarks,LeanCorpus_Highlighter,DefaultJob,Default,Default,Default,Default,Default,Default,Default,Default,Default,Default,Default,Default,Default,Default,Default,Default,Default,Default,Default,Default,Default,Default,Default,Default,Default,Default,Default,Default,Default,Default,Default,Default,Default,Default,Default,Default,Default,Default,Default,Default,Default,DefaultJob,DocumentCount=100000,1,Workload,Result,13,833621802,8192,101760.47,125,0,0,64160
TermVectorHighlighterBenchmarks.LeanCorpus_Highlighter,Rowles.LeanCorpus.Benchmarks,TermVectorHighlighterBenchmarks,LeanCorpus_Highlighter,DefaultJob,Default,Default,Default,Default,Default,Default,Default,Default,Default,Default,Default,Default,Default,Default,Default,Default,Default,Default,Default,Default,Default,Default,Default,Default,Default,Default,Default,Default,Default,Default,Default,Default,Default,Default,Default,Default,Default,Default,Default,Default,Default,DefaultJob,DocumentCount=100000,1,Workload,Result,14,834963471,8192,101924.25,125,0,0,64160
TermVectorHighlighterBenchmarks.LeanCorpus_Highlighter,Rowles.LeanCorpus.Benchmarks,TermVectorHighlighterBenchmarks,LeanCorpus_Highlighter,DefaultJob,Default,Default,Default,Default,Default,Default,Default,Default,Default,Default,Default,Default,Default,Default,Default,Default,Default,Default,Default,Default,Default,Default,Default,Default,Default,Default,Default,Default,Default,Default,Default,Default,Default,Default,Default,Default,Default,Default,Default,Default,Default,DefaultJob,DocumentCount=100000,1,Workload,Result,15,836175671,8192,102072.23,125,0,0,64160
TermVectorHighlighterBenchmarks.LuceneNet_Highlighter,Rowles.LeanCorpus.Benchmarks,TermVectorHighlighterBenchmarks,LuceneNet_Highlighter,DefaultJob,Default,Default,Default,Default,Default,Default,Default,Default,Default,Default,Default,Default,Default,Default,Default,Default,Default,Default,Default,Default,Default,Default,Default,Default,Default,Default,Default,Default,Default,Default,Default,Default,Default,Default,Default,Default,Default,Default,Default,Default,Default,DefaultJob,DocumentCount=100000,1,Workload,Jitting,1,9107448,1,9107448,231,0,0,236000
TermVectorHighlighterBenchmarks.LuceneNet_Highlighter,Rowles.LeanCorpus.Benchmarks,TermVectorHighlighterBenchmarks,LuceneNet_Highlighter,DefaultJob,Default,Default,Default,Default,Default,Default,Default,Default,Default,Default,Default,Default,Default,Default,Default,Default,Default,Default,Default,Default,Default,Default,Default,Default,Default,Default,Default,Default,Default,Default,Default,Default,Default,Default,Default,Default,Default,Default,Default,Default,Default,DefaultJob,DocumentCount=100000,1,Workload,Jitting,2,11923760,30,397458.67,231,0,0,236000
TermVectorHighlighterBenchmarks.LuceneNet_Highlighter,Rowles.LeanCorpus.Benchmarks,TermVectorHighlighterBenchmarks,LuceneNet_Highlighter,DefaultJob,Default,Default,Default,Default,Default,Default,Default,Default,Default,Default,Default,Default,Default,Default,Default,Default,Default,Default,Default,Default,Default,Default,Default,Default,Default,Default,Default,Default,Default,Default,Default,Default,Default,Default,Default,Default,Default,Default,Default,Default,Default,DefaultJob,DocumentCount=100000,1,Workload,Jitting,3,4332964,30,144432.13,231,0,0,236000
TermVectorHighlighterBenchmarks.LuceneNet_Highlighter,Rowles.LeanCorpus.Benchmarks,TermVectorHighlighterBenchmarks,LuceneNet_Highlighter,DefaultJob,Default,Default,Default,Default,Default,Default,Default,Default,Default,Default,Default,Default,Default,Default,Default,Default,Default,Default,Default,Default,Default,Default,Default,Default,Default,Default,Default,Default,Default,Default,Default,Default,Default,Default,Default,Default,Default,Default,Default,Default,Default,DefaultJob,DocumentCount=100000,1,Workload,Jitting,4,5291586,30,176386.2,231,0,0,236000
TermVectorHighlighterBenchmarks.LuceneNet_Highlighter,Rowles.LeanCorpus.Benchmarks,TermVectorHighlighterBenchmarks,LuceneNet_Highlighter,DefaultJob,Default,Default,Default,Default,Default,Default,Default,Default,Default,Default,Default,Default,Default,Default,Default,Default,Default,Default,Default,Default,Default,Default,Default,Default,Default,Default,Default,Default,Default,Default,Default,Default,Default,Default,Default,Default,Default,Default,Default,Default,Default,DefaultJob,DocumentCount=100000,1,Workload,Jitting,5,315638,1,315638,231,0,0,236000
TermVectorHighlighterBenchmarks.LuceneNet_Highlighter,Rowles.LeanCorpus.Benchmarks,TermVectorHighlighterBenchmarks,LuceneNet_Highlighter,DefaultJob,Default,Default,Default,Default,Default,Default,Default,Default,Default,Default,Default,Default,Default,Default,Default,Default,Default,Default,Default,Default,Default,Default,Default,Default,Default,Default,Default,Default,Default,Default,Default,Default,Default,Default,Default,Default,Default,Default,Default,Default,Default,DefaultJob,DocumentCount=100000,1,Workload,Pilot,1,296914,1,296914,231,0,0,236000
TermVectorHighlighterBenchmarks.LuceneNet_Highlighter,Rowles.LeanCorpus.Benchmarks,TermVectorHighlighterBenchmarks,LuceneNet_Highlighter,DefaultJob,Default,Default,Default,Default,Default,Default,Default,Default,Default,Default,Default,Default,Default,Default,Default,Default,Default,Default,Default,Default,Default,Default,Default,Default,Default,Default,Default,Default,Default,Default,Default,Default,Default,Default,Default,Default,Default,Default,Default,Default,Default,DefaultJob,DocumentCount=100000,1,Workload,Pilot,1,3601225,16,225076.56,231,0,0,236000
TermVectorHighlighterBenchmarks.LuceneNet_Highlighter,Rowles.LeanCorpus.Benchmarks,TermVectorHighlighterBenchmarks,LuceneNet_Highlighter,DefaultJob,Default,Default,Default,Default,Default,Default,Default,Default,Default,Default,Default,Default,Default,Default,Default,Default,Default,Default,Default,Default,Default,Default,Default,Default,Default,Default,Default,Default,Default,Default,Default,Default,Default,Default,Default,Default,Default,Default,Default,Default,Default,DefaultJob,DocumentCount=100000,1,Workload,Pilot,2,6445912,32,201434.75,231,0,0,236000
TermVectorHighlighterBenchmarks.LuceneNet_Highlighter,Rowles.LeanCorpus.Benchmarks,TermVectorHighlighterBenchmarks,LuceneNet_Highlighter,DefaultJob,Default,Default,Default,Default,Default,Default,Default,Default,Default,Default,Default,Default,Default,Default,Default,Default,Default,Default,Default,Default,Default,Default,Default,Default,Default,Default,Default,Default,Default,Default,Default,Default,Default,Default,Default,Default,Default,Default,Default,Default,Default,DefaultJob,DocumentCount=100000,1,Workload,Pilot,3,10237500,64,159960.94,231,0,0,236000
TermVectorHighlighterBenchmarks.LuceneNet_Highlighter,Rowles.LeanCorpus.Benchmarks,TermVectorHighlighterBenchmarks,LuceneNet_Highlighter,DefaultJob,Default,Default,Default,Default,Default,Default,Default,Default,Default,Default,Default,Default,Default,Default,Default,Default,Default,Default,Default,Default,Default,Default,Default,Default,Default,Default,Default,Default,Default,Default,Default,Default,Default,Default,Default,Default,Default,Default,Default,Default,Default,DefaultJob,DocumentCount=100000,1,Workload,Pilot,4,17902945,128,139866.76,231,0,0,236000
TermVectorHighlighterBenchmarks.LuceneNet_Highlighter,Rowles.LeanCorpus.Benchmarks,TermVectorHighlighterBenchmarks,LuceneNet_Highlighter,DefaultJob,Default,Default,Default,Default,Default,Default,Default,Default,Default,Default,Default,Default,Default,Default,Default,Default,Default,Default,Default,Default,Default,Default,Default,Default,Default,Default,Default,Default,Default,Default,Default,Default,Default,Default,Default,Default,Default,Default,Default,Default,Default,DefaultJob,DocumentCount=100000,1,Workload,Pilot,5,35230563,256,137619.39,231,0,0,236000
TermVectorHighlighterBenchmarks.LuceneNet_Highlighter,Rowles.LeanCorpus.Benchmarks,TermVectorHighlighterBenchmarks,LuceneNet_Highlighter,DefaultJob,Default,Default,Default,Default,Default,Default,Default,Default,Default,Default,Default,Default,Default,Default,Default,Default,Default,Default,Default,Default,Default,Default,Default,Default,Default,Default,Default,Default,Default,Default,Default,Default,Default,Default,Default,Default,Default,Default,Default,Default,Default,DefaultJob,DocumentCount=100000,1,Workload,Pilot,6,71137124,512,138939.7,231,0,0,236000
TermVectorHighlighterBenchmarks.LuceneNet_Highlighter,Rowles.LeanCorpus.Benchmarks,TermVectorHighlighterBenchmarks,LuceneNet_Highlighter,DefaultJob,Default,Default,Default,Default,Default,Default,Default,Default,Default,Default,Default,Default,Default,Default,Default,Default,Default,Default,Default,Default,Default,Default,Default,Default,Default,Default,Default,Default,Default,Default,Default,Default,Default,Default,Default,Default,Default,Default,Default,Default,Default,DefaultJob,DocumentCount=100000,1,Workload,Pilot,7,137990335,1024,134756.19,231,0,0,236000
TermVectorHighlighterBenchmarks.LuceneNet_Highlighter,Rowles.LeanCorpus.Benchmarks,TermVectorHighlighterBenchmarks,LuceneNet_Highlighter,DefaultJob,Default,Default,Default,Default,Default,Default,Default,Default,Default,Default,Default,Default,Default,Default,Default,Default,Default,Default,Default,Default,Default,Default,Default,Default,Default,Default,Default,Default,Default,Default,Default,Default,Default,Default,Default,Default,Default,Default,Default,Default,Default,DefaultJob,DocumentCount=100000,1,Workload,Pilot,8,278729636,2048,136098.46,231,0,0,236000
TermVectorHighlighterBenchmarks.LuceneNet_Highlighter,Rowles.LeanCorpus.Benchmarks,TermVectorHighlighterBenchmarks,LuceneNet_Highlighter,DefaultJob,Default,Default,Default,Default,Default,Default,Default,Default,Default,Default,Default,Default,Default,Default,Default,Default,Default,Default,Default,Default,Default,Default,Default,Default,Default,Default,Default,Default,Default,Default,Default,Default,Default,Default,Default,Default,Default,Default,Default,Default,Default,DefaultJob,DocumentCount=100000,1,Workload,Pilot,9,551998567,4096,134765.28,231,0,0,236000
TermVectorHighlighterBenchmarks.LuceneNet_Highlighter,Rowles.LeanCorpus.Benchmarks,TermVectorHighlighterBenchmarks,LuceneNet_Highlighter,DefaultJob,Default,Default,Default,Default,Default,Default,Default,Default,Default,Default,Default,Default,Default,Default,Default,Default,Default,Default,Default,Default,Default,Default,Default,Default,Default,Default,Default,Default,Default,Default,Default,Default,Default,Default,Default,Default,Default,Default,Default,Default,Default,DefaultJob,DocumentCount=100000,1,Workload,Warmup,1,560192238,4096,136765.68,231,0,0,236000
TermVectorHighlighterBenchmarks.LuceneNet_Highlighter,Rowles.LeanCorpus.Benchmarks,TermVectorHighlighterBenchmarks,LuceneNet_Highlighter,DefaultJob,Default,Default,Default,Default,Default,Default,Default,Default,Default,Default,Default,Default,Default,Default,Default,Default,Default,Default,Default,Default,Default,Default,Default,Default,Default,Default,Default,Default,Default,Default,Default,Default,Default,Default,Default,Default,Default,Default,Default,Default,Default,DefaultJob,DocumentCount=100000,1,Workload,Warmup,2,550728003,4096,134455.08,231,0,0,236000
TermVectorHighlighterBenchmarks.LuceneNet_Highlighter,Rowles.LeanCorpus.Benchmarks,TermVectorHighlighterBenchmarks,LuceneNet_Highlighter,DefaultJob,Default,Default,Default,Default,Default,Default,Default,Default,Default,Default,Default,Default,Default,Default,Default,Default,Default,Default,Default,Default,Default,Default,Default,Default,Default,Default,Default,Default,Default,Default,Default,Default,Default,Default,Default,Default,Default,Default,Default,Default,Default,DefaultJob,DocumentCount=100000,1,Workload,Warmup,3,549407717,4096,134132.74,231,0,0,236000
TermVectorHighlighterBenchmarks.LuceneNet_Highlighter,Rowles.LeanCorpus.Benchmarks,TermVectorHighlighterBenchmarks,LuceneNet_Highlighter,DefaultJob,Default,Default,Default,Default,Default,Default,Default,Default,Default,Default,Default,Default,Default,Default,Default,Default,Default,Default,Default,Default,Default,Default,Default,Default,Default,Default,Default,Default,Default,Default,Default,Default,Default,Default,Default,Default,Default,Default,Default,Default,Default,DefaultJob,DocumentCount=100000,1,Workload,Warmup,4,547437750,4096,133651.79,231,0,0,236000
TermVectorHighlighterBenchmarks.LuceneNet_Highlighter,Rowles.LeanCorpus.Benchmarks,TermVectorHighlighterBenchmarks,LuceneNet_Highlighter,DefaultJob,Default,Default,Default,Default,Default,Default,Default,Default,Default,Default,Default,Default,Default,Default,Default,Default,Default,Default,Default,Default,Default,Default,Default,Default,Default,Default,Default,Default,Default,Default,Default,Default,Default,Default,Default,Default,Default,Default,Default,Default,Default,DefaultJob,DocumentCount=100000,1,Workload,Warmup,5,557172163,4096,136028.36,231,0,0,236000
TermVectorHighlighterBenchmarks.LuceneNet_Highlighter,Rowles.LeanCorpus.Benchmarks,TermVectorHighlighterBenchmarks,LuceneNet_Highlighter,DefaultJob,Default,Default,Default,Default,Default,Default,Default,Default,Default,Default,Default,Default,Default,Default,Default,Default,Default,Default,Default,Default,Default,Default,Default,Default,Default,Default,Default,Default,Default,Default,Default,Default,Default,Default,Default,Default,Default,Default,Default,Default,Default,DefaultJob,DocumentCount=100000,1,Workload,Warmup,6,558224730,4096,136285.33,231,0,0,236000
TermVectorHighlighterBenchmarks.LuceneNet_Highlighter,Rowles.LeanCorpus.Benchmarks,TermVectorHighlighterBenchmarks,LuceneNet_Highlighter,DefaultJob,Default,Default,Default,Default,Default,Default,Default,Default,Default,Default,Default,Default,Default,Default,Default,Default,Default,Default,Default,Default,Default,Default,Default,Default,Default,Default,Default,Default,Default,Default,Default,Default,Default,Default,Default,Default,Default,Default,Default,Default,Default,DefaultJob,DocumentCount=100000,1,Workload,Warmup,7,557063668,4096,136001.87,231,0,0,236000
TermVectorHighlighterBenchmarks.LuceneNet_Highlighter,Rowles.LeanCorpus.Benchmarks,TermVectorHighlighterBenchmarks,LuceneNet_Highlighter,DefaultJob,Default,Default,Default,Default,Default,Default,Default,Default,Default,Default,Default,Default,Default,Default,Default,Default,Default,Default,Default,Default,Default,Default,Default,Default,Default,Default,Default,Default,Default,Default,Default,Default,Default,Default,Default,Default,Default,Default,Default,Default,Default,DefaultJob,DocumentCount=100000,1,Workload,Warmup,8,553883325,4096,135225.42,231,0,0,236000
TermVectorHighlighterBenchmarks.LuceneNet_Highlighter,Rowles.LeanCorpus.Benchmarks,TermVectorHighlighterBenchmarks,LuceneNet_Highlighter,DefaultJob,Default,Default,Default,Default,Default,Default,Default,Default,Default,Default,Default,Default,Default,Default,Default,Default,Default,Default,Default,Default,Default,Default,Default,Default,Default,Default,Default,Default,Default,Default,Default,Default,Default,Default,Default,Default,Default,Default,Default,Default,Default,DefaultJob,DocumentCount=100000,1,Workload,Warmup,9,557956380,4096,136219.82,231,0,0,236000
TermVectorHighlighterBenchmarks.LuceneNet_Highlighter,Rowles.LeanCorpus.Benchmarks,TermVectorHighlighterBenchmarks,LuceneNet_Highlighter,DefaultJob,Default,Default,Default,Default,Default,Default,Default,Default,Default,Default,Default,Default,Default,Default,Default,Default,Default,Default,Default,Default,Default,Default,Default,Default,Default,Default,Default,Default,Default,Default,Default,Default,Default,Default,Default,Default,Default,Default,Default,Default,Default,DefaultJob,DocumentCount=100000,1,Workload,Warmup,10,556197437,4096,135790.39,231,0,0,236000
TermVectorHighlighterBenchmarks.LuceneNet_Highlighter,Rowles.LeanCorpus.Benchmarks,TermVectorHighlighterBenchmarks,LuceneNet_Highlighter,DefaultJob,Default,Default,Default,Default,Default,Default,Default,Default,Default,Default,Default,Default,Default,Default,Default,Default,Default,Default,Default,Default,Default,Default,Default,Default,Default,Default,Default,Default,Default,Default,Default,Default,Default,Default,Default,Default,Default,Default,Default,Default,Default,DefaultJob,DocumentCount=100000,1,Workload,Actual,1,563034673,4096,137459.64,231,0,0,236000
TermVectorHighlighterBenchmarks.LuceneNet_Highlighter,Rowles.LeanCorpus.Benchmarks,TermVectorHighlighterBenchmarks,LuceneNet_Highlighter,DefaultJob,Default,Default,Default,Default,Default,Default,Default,Default,Default,Default,Default,Default,Default,Default,Default,Default,Default,Default,Default,Default,Default,Default,Default,Default,Default,Default,Default,Default,Default,Default,Default,Default,Default,Default,Default,Default,Default,Default,Default,Default,Default,DefaultJob,DocumentCount=100000,1,Workload,Actual,2,558702539,4096,136401.99,231,0,0,236000
TermVectorHighlighterBenchmarks.LuceneNet_Highlighter,Rowles.LeanCorpus.Benchmarks,TermVectorHighlighterBenchmarks,LuceneNet_Highlighter,DefaultJob,Default,Default,Default,Default,Default,Default,Default,Default,Default,Default,Default,Default,Default,Default,Default,Default,Default,Default,Default,Default,Default,Default,Default,Default,Default,Default,Default,Default,Default,Default,Default,Default,Default,Default,Default,Default,Default,Default,Default,Default,Default,DefaultJob,DocumentCount=100000,1,Workload,Actual,3,565369152,4096,138029.58,231,0,0,236000
TermVectorHighlighterBenchmarks.LuceneNet_Highlighter,Rowles.LeanCorpus.Benchmarks,TermVectorHighlighterBenchmarks,LuceneNet_Highlighter,DefaultJob,Default,Default,Default,Default,Default,Default,Default,Default,Default,Default,Default,Default,Default,Default,Default,Default,Default,Default,Default,Default,Default,Default,Default,Default,Default,Default,Default,Default,Default,Default,Default,Default,Default,Default,Default,Default,Default,Default,Default,Default,Default,DefaultJob,DocumentCount=100000,1,Workload,Actual,4,564057277,4096,137709.3,231,0,0,236000
TermVectorHighlighterBenchmarks.LuceneNet_Highlighter,Rowles.LeanCorpus.Benchmarks,TermVectorHighlighterBenchmarks,LuceneNet_Highlighter,DefaultJob,Default,Default,Default,Default,Default,Default,Default,Default,Default,Default,Default,Default,Default,Default,Default,Default,Default,Default,Default,Default,Default,Default,Default,Default,Default,Default,Default,Default,Default,Default,Default,Default,Default,Default,Default,Default,Default,Default,Default,Default,Default,DefaultJob,DocumentCount=100000,1,Workload,Actual,5,564019100,4096,137699.98,231,0,0,236000
TermVectorHighlighterBenchmarks.LuceneNet_Highlighter,Rowles.LeanCorpus.Benchmarks,TermVectorHighlighterBenchmarks,LuceneNet_Highlighter,DefaultJob,Default,Default,Default,Default,Default,Default,Default,Default,Default,Default,Default,Default,Default,Default,Default,Default,Default,Default,Default,Default,Default,Default,Default,Default,Default,Default,Default,Default,Default,Default,Default,Default,Default,Default,Default,Default,Default,Default,Default,Default,Default,DefaultJob,DocumentCount=100000,1,Workload,Actual,6,563656667,4096,137611.49,231,0,0,236000
TermVectorHighlighterBenchmarks.LuceneNet_Highlighter,Rowles.LeanCorpus.Benchmarks,TermVectorHighlighterBenchmarks,LuceneNet_Highlighter,DefaultJob,Default,Default,Default,Default,Default,Default,Default,Default,Default,Default,Default,Default,Default,Default,Default,Default,Default,Default,Default,Default,Default,Default,Default,Default,Default,Default,Default,Default,Default,Default,Default,Default,Default,Default,Default,Default,Default,Default,Default,Default,Default,DefaultJob,DocumentCount=100000,1,Workload,Actual,7,561787312,4096,137155.11,231,0,0,236000
TermVectorHighlighterBenchmarks.LuceneNet_Highlighter,Rowles.LeanCorpus.Benchmarks,TermVectorHighlighterBenchmarks,LuceneNet_Highlighter,DefaultJob,Default,Default,Default,Default,Default,Default,Default,Default,Default,Default,Default,Default,Default,Default,Default,Default,Default,Default,Default,Default,Default,Default,Default,Default,Default,Default,Default,Default,Default,Default,Default,Default,Default,Default,Default,Default,Default,Default,Default,Default,Default,DefaultJob,DocumentCount=100000,1,Workload,Actual,8,561259414,4096,137026.22,231,0,0,236000
TermVectorHighlighterBenchmarks.LuceneNet_Highlighter,Rowles.LeanCorpus.Benchmarks,TermVectorHighlighterBenchmarks,LuceneNet_Highlighter,DefaultJob,Default,Default,Default,Default,Default,Default,Default,Default,Default,Default,Default,Default,Default,Default,Default,Default,Default,Default,Default,Default,Default,Default,Default,Default,Default,Default,Default,Default,Default,Default,Default,Default,Default,Default,Default,Default,Default,Default,Default,Default,Default,DefaultJob,DocumentCount=100000,1,Workload,Actual,9,560800124,4096,136914.09,231,0,0,236000
TermVectorHighlighterBenchmarks.LuceneNet_Highlighter,Rowles.LeanCorpus.Benchmarks,TermVectorHighlighterBenchmarks,LuceneNet_Highlighter,DefaultJob,Default,Default,Default,Default,Default,Default,Default,Default,Default,Default,Default,Default,Default,Default,Default,Default,Default,Default,Default,Default,Default,Default,Default,Default,Default,Default,Default,Default,Default,Default,Default,Default,Default,Default,Default,Default,Default,Default,Default,Default,Default,DefaultJob,DocumentCount=100000,1,Workload,Actual,10,558149977,4096,136267.08,231,0,0,236000
TermVectorHighlighterBenchmarks.LuceneNet_Highlighter,Rowles.LeanCorpus.Benchmarks,TermVectorHighlighterBenchmarks,LuceneNet_Highlighter,DefaultJob,Default,Default,Default,Default,Default,Default,Default,Default,Default,Default,Default,Default,Default,Default,Default,Default,Default,Default,Default,Default,Default,Default,Default,Default,Default,Default,Default,Default,Default,Default,Default,Default,Default,Default,Default,Default,Default,Default,Default,Default,Default,DefaultJob,DocumentCount=100000,1,Workload,Actual,11,553328597,4096,135089.99,231,0,0,236000
TermVectorHighlighterBenchmarks.LuceneNet_Highlighter,Rowles.LeanCorpus.Benchmarks,TermVectorHighlighterBenchmarks,LuceneNet_Highlighter,DefaultJob,Default,Default,Default,Default,Default,Default,Default,Default,Default,Default,Default,Default,Default,Default,Default,Default,Default,Default,Default,Default,Default,Default,Default,Default,Default,Default,Default,Default,Default,Default,Default,Default,Default,Default,Default,Default,Default,Default,Default,Default,Default,DefaultJob,DocumentCount=100000,1,Workload,Actual,12,560888047,4096,136935.56,231,0,0,236000
TermVectorHighlighterBenchmarks.LuceneNet_Highlighter,Rowles.LeanCorpus.Benchmarks,TermVectorHighlighterBenchmarks,LuceneNet_Highlighter,DefaultJob,Default,Default,Default,Default,Default,Default,Default,Default,Default,Default,Default,Default,Default,Default,Default,Default,Default,Default,Default,Default,Default,Default,Default,Default,Default,Default,Default,Default,Default,Default,Default,Default,Default,Default,Default,Default,Default,Default,Default,Default,Default,DefaultJob,DocumentCount=100000,1,Workload,Actual,13,561960111,4096,137197.29,231,0,0,236000
TermVectorHighlighterBenchmarks.LuceneNet_Highlighter,Rowles.LeanCorpus.Benchmarks,TermVectorHighlighterBenchmarks,LuceneNet_Highlighter,DefaultJob,Default,Default,Default,Default,Default,Default,Default,Default,Default,Default,Default,Default,Default,Default,Default,Default,Default,Default,Default,Default,Default,Default,Default,Default,Default,Default,Default,Default,Default,Default,Default,Default,Default,Default,Default,Default,Default,Default,Default,Default,Default,DefaultJob,DocumentCount=100000,1,Workload,Actual,14,561975480,4096,137201.04,231,0,0,236000
TermVectorHighlighterBenchmarks.LuceneNet_Highlighter,Rowles.LeanCorpus.Benchmarks,TermVectorHighlighterBenchmarks,LuceneNet_Highlighter,DefaultJob,Default,Default,Default,Default,Default,Default,Default,Default,Default,Default,Default,Default,Default,Default,Default,Default,Default,Default,Default,Default,Default,Default,Default,Default,Default,Default,Default,Default,Default,Default,Default,Default,Default,Default,Default,Default,Default,Default,Default,Default,Default,DefaultJob,DocumentCount=100000,1,Workload,Actual,15,563262756,4096,137515.32,231,0,0,236000
TermVectorHighlighterBenchmarks.LuceneNet_Highlighter,Rowles.LeanCorpus.Benchmarks,TermVectorHighlighterBenchmarks,LuceneNet_Highlighter,DefaultJob,Default,Default,Default,Default,Default,Default,Default,Default,Default,Default,Default,Default,Default,Default,Default,Default,Default,Default,Default,Default,Default,Default,Default,Default,Default,Default,Default,Default,Default,Default,Default,Default,Default,Default,Default,Default,Default,Default,Default,Default,Default,DefaultJob,DocumentCount=100000,1,Workload,Extra,1,564818955,4096,137895.25,231,0,0,236000
TermVectorHighlighterBenchmarks.LuceneNet_Highlighter,Rowles.LeanCorpus.Benchmarks,TermVectorHighlighterBenchmarks,LuceneNet_Highlighter,DefaultJob,Default,Default,Default,Default,Default,Default,Default,Default,Default,Default,Default,Default,Default,Default,Default,Default,Default,Default,Default,Default,Default,Default,Default,Default,Default,Default,Default,Default,Default,Default,Default,Default,Default,Default,Default,Default,Default,Default,Default,Default,Default,DefaultJob,DocumentCount=100000,1,Workload,Result,1,563034673,4096,137459.64,231,0,0,236000
TermVectorHighlighterBenchmarks.LuceneNet_Highlighter,Rowles.LeanCorpus.Benchmarks,TermVectorHighlighterBenchmarks,LuceneNet_Highlighter,DefaultJob,Default,Default,Default,Default,Default,Default,Default,Default,Default,Default,Default,Default,Default,Default,Default,Default,Default,Default,Default,Default,Default,Default,Default,Default,Default,Default,Default,Default,Default,Default,Default,Default,Default,Default,Default,Default,Default,Default,Default,Default,Default,DefaultJob,DocumentCount=100000,1,Workload,Result,2,558702539,4096,136401.99,231,0,0,236000
TermVectorHighlighterBenchmarks.LuceneNet_Highlighter,Rowles.LeanCorpus.Benchmarks,TermVectorHighlighterBenchmarks,LuceneNet_Highlighter,DefaultJob,Default,Default,Default,Default,Default,Default,Default,Default,Default,Default,Default,Default,Default,Default,Default,Default,Default,Default,Default,Default,Default,Default,Default,Default,Default,Default,Default,Default,Default,Default,Default,Default,Default,Default,Default,Default,Default,Default,Default,Default,Default,DefaultJob,DocumentCount=100000,1,Workload,Result,3,565369152,4096,138029.58,231,0,0,236000
TermVectorHighlighterBenchmarks.LuceneNet_Highlighter,Rowles.LeanCorpus.Benchmarks,TermVectorHighlighterBenchmarks,LuceneNet_Highlighter,DefaultJob,Default,Default,Default,Default,Default,Default,Default,Default,Default,Default,Default,Default,Default,Default,Default,Default,Default,Default,Default,Default,Default,Default,Default,Default,Default,Default,Default,Default,Default,Default,Default,Default,Default,Default,Default,Default,Default,Default,Default,Default,Default,DefaultJob,DocumentCount=100000,1,Workload,Result,4,564057277,4096,137709.3,231,0,0,236000
TermVectorHighlighterBenchmarks.LuceneNet_Highlighter,Rowles.LeanCorpus.Benchmarks,TermVectorHighlighterBenchmarks,LuceneNet_Highlighter,DefaultJob,Default,Default,Default,Default,Default,Default,Default,Default,Default,Default,Default,Default,Default,Default,Default,Default,Default,Default,Default,Default,Default,Default,Default,Default,Default,Default,Default,Default,Default,Default,Default,Default,Default,Default,Default,Default,Default,Default,Default,Default,Default,DefaultJob,DocumentCount=100000,1,Workload,Result,5,564019100,4096,137699.98,231,0,0,236000
TermVectorHighlighterBenchmarks.LuceneNet_Highlighter,Rowles.LeanCorpus.Benchmarks,TermVectorHighlighterBenchmarks,LuceneNet_Highlighter,DefaultJob,Default,Default,Default,Default,Default,Default,Default,Default,Default,Default,Default,Default,Default,Default,Default,Default,Default,Default,Default,Default,Default,Default,Default,Default,Default,Default,Default,Default,Default,Default,Default,Default,Default,Default,Default,Default,Default,Default,Default,Default,Default,DefaultJob,DocumentCount=100000,1,Workload,Result,6,563656667,4096,137611.49,231,0,0,236000
TermVectorHighlighterBenchmarks.LuceneNet_Highlighter,Rowles.LeanCorpus.Benchmarks,TermVectorHighlighterBenchmarks,LuceneNet_Highlighter,DefaultJob,Default,Default,Default,Default,Default,Default,Default,Default,Default,Default,Default,Default,Default,Default,Default,Default,Default,Default,Default,Default,Default,Default,Default,Default,Default,Default,Default,Default,Default,Default,Default,Default,Default,Default,Default,Default,Default,Default,Default,Default,Default,DefaultJob,DocumentCount=100000,1,Workload,Result,7,561787312,4096,137155.11,231,0,0,236000
TermVectorHighlighterBenchmarks.LuceneNet_Highlighter,Rowles.LeanCorpus.Benchmarks,TermVectorHighlighterBenchmarks,LuceneNet_Highlighter,DefaultJob,Default,Default,Default,Default,Default,Default,Default,Default,Default,Default,Default,Default,Default,Default,Default,Default,Default,Default,Default,Default,Default,Default,Default,Default,Default,Default,Default,Default,Default,Default,Default,Default,Default,Default,Default,Default,Default,Default,Default,Default,Default,DefaultJob,DocumentCount=100000,1,Workload,Result,8,561259414,4096,137026.22,231,0,0,236000
TermVectorHighlighterBenchmarks.LuceneNet_Highlighter,Rowles.LeanCorpus.Benchmarks,TermVectorHighlighterBenchmarks,LuceneNet_Highlighter,DefaultJob,Default,Default,Default,Default,Default,Default,Default,Default,Default,Default,Default,Default,Default,Default,Default,Default,Default,Default,Default,Default,Default,Default,Default,Default,Default,Default,Default,Default,Default,Default,Default,Default,Default,Default,Default,Default,Default,Default,Default,Default,Default,DefaultJob,DocumentCount=100000,1,Workload,Result,9,560800124,4096,136914.09,231,0,0,236000
TermVectorHighlighterBenchmarks.LuceneNet_Highlighter,Rowles.LeanCorpus.Benchmarks,TermVectorHighlighterBenchmarks,LuceneNet_Highlighter,DefaultJob,Default,Default,Default,Default,Default,Default,Default,Default,Default,Default,Default,Default,Default,Default,Default,Default,Default,Default,Default,Default,Default,Default,Default,Default,Default,Default,Default,Default,Default,Default,Default,Default,Default,Default,Default,Default,Default,Default,Default,Default,Default,DefaultJob,DocumentCount=100000,1,Workload,Result,10,558149977,4096,136267.08,231,0,0,236000
TermVectorHighlighterBenchmarks.LuceneNet_Highlighter,Rowles.LeanCorpus.Benchmarks,TermVectorHighlighterBenchmarks,LuceneNet_Highlighter,DefaultJob,Default,Default,Default,Default,Default,Default,Default,Default,Default,Default,Default,Default,Default,Default,Default,Default,Default,Default,Default,Default,Default,Default,Default,Default,Default,Default,Default,Default,Default,Default,Default,Default,Default,Default,Default,Default,Default,Default,Default,Default,Default,DefaultJob,DocumentCount=100000,1,Workload,Result,11,553328597,4096,135089.99,231,0,0,236000
TermVectorHighlighterBenchmarks.LuceneNet_Highlighter,Rowles.LeanCorpus.Benchmarks,TermVectorHighlighterBenchmarks,LuceneNet_Highlighter,DefaultJob,Default,Default,Default,Default,Default,Default,Default,Default,Default,Default,Default,Default,Default,Default,Default,Default,Default,Default,Default,Default,Default,Default,Default,Default,Default,Default,Default,Default,Default,Default,Default,Default,Default,Default,Default,Default,Default,Default,Default,Default,Default,DefaultJob,DocumentCount=100000,1,Workload,Result,12,560888047,4096,136935.56,231,0,0,236000
TermVectorHighlighterBenchmarks.LuceneNet_Highlighter,Rowles.LeanCorpus.Benchmarks,TermVectorHighlighterBenchmarks,LuceneNet_Highlighter,DefaultJob,Default,Default,Default,Default,Default,Default,Default,Default,Default,Default,Default,Default,Default,Default,Default,Default,Default,Default,Default,Default,Default,Default,Default,Default,Default,Default,Default,Default,Default,Default,Default,Default,Default,Default,Default,Default,Default,Default,Default,Default,Default,DefaultJob,DocumentCount=100000,1,Workload,Result,13,561960111,4096,137197.29,231,0,0,236000
TermVectorHighlighterBenchmarks.LuceneNet_Highlighter,Rowles.LeanCorpus.Benchmarks,TermVectorHighlighterBenchmarks,LuceneNet_Highlighter,DefaultJob,Default,Default,Default,Default,Default,Default,Default,Default,Default,Default,Default,Default,Default,Default,Default,Default,Default,Default,Default,Default,Default,Default,Default,Default,Default,Default,Default,Default,Default,Default,Default,Default,Default,Default,Default,Default,Default,Default,Default,Default,Default,DefaultJob,DocumentCount=100000,1,Workload,Result,14,561975480,4096,137201.04,231,0,0,236000
TermVectorHighlighterBenchmarks.LuceneNet_Highlighter,Rowles.LeanCorpus.Benchmarks,TermVectorHighlighterBenchmarks,LuceneNet_Highlighter,DefaultJob,Default,Default,Default,Default,Default,Default,Default,Default,Default,Default,Default,Default,Default,Default,Default,Default,Default,Default,Default,Default,Default,Default,Default,Default,Default,Default,Default,Default,Default,Default,Default,Default,Default,Default,Default,Default,Default,Default,Default,Default,Default,DefaultJob,DocumentCount=100000,1,Workload,Result,15,563262756,4096,137515.32,231,0,0,236000
TermVectorHighlighterBenchmarks.LeanCorpus_TermVectorHighlighter,Rowles.LeanCorpus.Benchmarks,TermVectorHighlighterBenchmarks,LeanCorpus_TermVectorHighlighter,DefaultJob,Default,Default,Default,Default,Default,Default,Default,Default,Default,Default,Default,Default,Default,Default,Default,Default,Default,Default,Default,Default,Default,Default,Default,Default,Default,Default,Default,Default,Default,Default,Default,Default,Default,Default,Default,Default,Default,Default,Default,Default,Default,DefaultJob,DocumentCount=100000,1,Workload,Jitting,1,5082944,1,5082944,30,0,0,122560
TermVectorHighlighterBenchmarks.LeanCorpus_TermVectorHighlighter,Rowles.LeanCorpus.Benchmarks,TermVectorHighlighterBenchmarks,LeanCorpus_TermVectorHighlighter,DefaultJob,Default,Default,Default,Default,Default,Default,Default,Default,Default,Default,Default,Default,Default,Default,Default,Default,Default,Default,Default,Default,Default,Default,Default,Default,Default,Default,Default,Default,Default,Default,Default,Default,Default,Default,Default,Default,Default,Default,Default,Default,Default,DefaultJob,DocumentCount=100000,1,Workload,Jitting,2,33021913,30,1100730.43,30,0,0,122560
TermVectorHighlighterBenchmarks.LeanCorpus_TermVectorHighlighter,Rowles.LeanCorpus.Benchmarks,TermVectorHighlighterBenchmarks,LeanCorpus_TermVectorHighlighter,DefaultJob,Default,Default,Default,Default,Default,Default,Default,Default,Default,Default,Default,Default,Default,Default,Default,Default,Default,Default,Default,Default,Default,Default,Default,Default,Default,Default,Default,Default,Default,Default,Default,Default,Default,Default,Default,Default,Default,Default,Default,Default,Default,DefaultJob,DocumentCount=100000,1,Workload,Jitting,3,16561158,30,552038.6,30,0,0,122560
TermVectorHighlighterBenchmarks.LeanCorpus_TermVectorHighlighter,Rowles.LeanCorpus.Benchmarks,TermVectorHighlighterBenchmarks,LeanCorpus_TermVectorHighlighter,DefaultJob,Default,Default,Default,Default,Default,Default,Default,Default,Default,Default,Default,Default,Default,Default,Default,Default,Default,Default,Default,Default,Default,Default,Default,Default,Default,Default,Default,Default,Default,Default,Default,Default,Default,Default,Default,Default,Default,Default,Default,Default,Default,DefaultJob,DocumentCount=100000,1,Workload,Jitting,4,18721237,30,624041.23,30,0,0,122560
TermVectorHighlighterBenchmarks.LeanCorpus_TermVectorHighlighter,Rowles.LeanCorpus.Benchmarks,TermVectorHighlighterBenchmarks,LeanCorpus_TermVectorHighlighter,DefaultJob,Default,Default,Default,Default,Default,Default,Default,Default,Default,Default,Default,Default,Default,Default,Default,Default,Default,Default,Default,Default,Default,Default,Default,Default,Default,Default,Default,Default,Default,Default,Default,Default,Default,Default,Default,Default,Default,Default,Default,Default,Default,DefaultJob,DocumentCount=100000,1,Workload,Jitting,5,851012,1,851012,30,0,0,122560
TermVectorHighlighterBenchmarks.LeanCorpus_TermVectorHighlighter,Rowles.LeanCorpus.Benchmarks,TermVectorHighlighterBenchmarks,LeanCorpus_TermVectorHighlighter,DefaultJob,Default,Default,Default,Default,Default,Default,Default,Default,Default,Default,Default,Default,Default,Default,Default,Default,Default,Default,Default,Default,Default,Default,Default,Default,Default,Default,Default,Default,Default,Default,Default,Default,Default,Default,Default,Default,Default,Default,Default,Default,Default,DefaultJob,DocumentCount=100000,1,Workload,Pilot,1,867527,1,867527,30,0,0,122560
TermVectorHighlighterBenchmarks.LeanCorpus_TermVectorHighlighter,Rowles.LeanCorpus.Benchmarks,TermVectorHighlighterBenchmarks,LeanCorpus_TermVectorHighlighter,DefaultJob,Default,Default,Default,Default,Default,Default,Default,Default,Default,Default,Default,Default,Default,Default,Default,Default,Default,Default,Default,Default,Default,Default,Default,Default,Default,Default,Default,Default,Default,Default,Default,Default,Default,Default,Default,Default,Default,Default,Default,Default,Default,DefaultJob,DocumentCount=100000,1,Workload,Pilot,1,12161360,16,760085,30,0,0,122560
TermVectorHighlighterBenchmarks.LeanCorpus_TermVectorHighlighter,Rowles.LeanCorpus.Benchmarks,TermVectorHighlighterBenchmarks,LeanCorpus_TermVectorHighlighter,DefaultJob,Default,Default,Default,Default,Default,Default,Default,Default,Default,Default,Default,Default,Default,Default,Default,Default,Default,Default,Default,Default,Default,Default,Default,Default,Default,Default,Default,Default,Default,Default,Default,Default,Default,Default,Default,Default,Default,Default,Default,Default,Default,DefaultJob,DocumentCount=100000,1,Workload,Pilot,2,20043059,32,626345.59,30,0,0,122560
TermVectorHighlighterBenchmarks.LeanCorpus_TermVectorHighlighter,Rowles.LeanCorpus.Benchmarks,TermVectorHighlighterBenchmarks,LeanCorpus_TermVectorHighlighter,DefaultJob,Default,Default,Default,Default,Default,Default,Default,Default,Default,Default,Default,Default,Default,Default,Default,Default,Default,Default,Default,Default,Default,Default,Default,Default,Default,Default,Default,Default,Default,Default,Default,Default,Default,Default,Default,Default,Default,Default,Default,Default,Default,DefaultJob,DocumentCount=100000,1,Workload,Pilot,3,35984791,64,562262.36,30,0,0,122560
TermVectorHighlighterBenchmarks.LeanCorpus_TermVectorHighlighter,Rowles.LeanCorpus.Benchmarks,TermVectorHighlighterBenchmarks,LeanCorpus_TermVectorHighlighter,DefaultJob,Default,Default,Default,Default,Default,Default,Default,Default,Default,Default,Default,Default,Default,Default,Default,Default,Default,Default,Default,Default,Default,Default,Default,Default,Default,Default,Default,Default,Default,Default,Default,Default,Default,Default,Default,Default,Default,Default,Default,Default,Default,DefaultJob,DocumentCount=100000,1,Workload,Pilot,4,70539796,128,551092.16,30,0,0,122560
TermVectorHighlighterBenchmarks.LeanCorpus_TermVectorHighlighter,Rowles.LeanCorpus.Benchmarks,TermVectorHighlighterBenchmarks,LeanCorpus_TermVectorHighlighter,DefaultJob,Default,Default,Default,Default,Default,Default,Default,Default,Default,Default,Default,Default,Default,Default,Default,Default,Default,Default,Default,Default,Default,Default,Default,Default,Default,Default,Default,Default,Default,Default,Default,Default,Default,Default,Default,Default,Default,Default,Default,Default,Default,DefaultJob,DocumentCount=100000,1,Workload,Pilot,5,138978861,256,542886.18,30,0,0,122560
TermVectorHighlighterBenchmarks.LeanCorpus_TermVectorHighlighter,Rowles.LeanCorpus.Benchmarks,TermVectorHighlighterBenchmarks,LeanCorpus_TermVectorHighlighter,DefaultJob,Default,Default,Default,Default,Default,Default,Default,Default,Default,Default,Default,Default,Default,Default,Default,Default,Default,Default,Default,Default,Default,Default,Default,Default,Default,Default,Default,Default,Default,Default,Default,Default,Default,Default,Default,Default,Default,Default,Default,Default,Default,DefaultJob,DocumentCount=100000,1,Workload,Pilot,6,280610022,512,548066.45,30,0,0,122560
TermVectorHighlighterBenchmarks.LeanCorpus_TermVectorHighlighter,Rowles.LeanCorpus.Benchmarks,TermVectorHighlighterBenchmarks,LeanCorpus_TermVectorHighlighter,DefaultJob,Default,Default,Default,Default,Default,Default,Default,Default,Default,Default,Default,Default,Default,Default,Default,Default,Default,Default,Default,Default,Default,Default,Default,Default,Default,Default,Default,Default,Default,Default,Default,Default,Default,Default,Default,Default,Default,Default,Default,Default,Default,DefaultJob,DocumentCount=100000,1,Workload,Pilot,7,559169974,1024,546064.43,30,0,0,122560
TermVectorHighlighterBenchmarks.LeanCorpus_TermVectorHighlighter,Rowles.LeanCorpus.Benchmarks,TermVectorHighlighterBenchmarks,LeanCorpus_TermVectorHighlighter,DefaultJob,Default,Default,Default,Default,Default,Default,Default,Default,Default,Default,Default,Default,Default,Default,Default,Default,Default,Default,Default,Default,Default,Default,Default,Default,Default,Default,Default,Default,Default,Default,Default,Default,Default,Default,Default,Default,Default,Default,Default,Default,Default,DefaultJob,DocumentCount=100000,1,Workload,Warmup,1,562558544,1024,549373.58,30,0,0,122560
TermVectorHighlighterBenchmarks.LeanCorpus_TermVectorHighlighter,Rowles.LeanCorpus.Benchmarks,TermVectorHighlighterBenchmarks,LeanCorpus_TermVectorHighlighter,DefaultJob,Default,Default,Default,Default,Default,Default,Default,Default,Default,Default,Default,Default,Default,Default,Default,Default,Default,Default,Default,Default,Default,Default,Default,Default,Default,Default,Default,Default,Default,Default,Default,Default,Default,Default,Default,Default,Default,Default,Default,Default,Default,DefaultJob,DocumentCount=100000,1,Workload,Warmup,2,559439697,1024,546327.83,30,0,0,122560
TermVectorHighlighterBenchmarks.LeanCorpus_TermVectorHighlighter,Rowles.LeanCorpus.Benchmarks,TermVectorHighlighterBenchmarks,LeanCorpus_TermVectorHighlighter,DefaultJob,Default,Default,Default,Default,Default,Default,Default,Default,Default,Default,Default,Default,Default,Default,Default,Default,Default,Default,Default,Default,Default,Default,Default,Default,Default,Default,Default,Default,Default,Default,Default,Default,Default,Default,Default,Default,Default,Default,Default,Default,Default,DefaultJob,DocumentCount=100000,1,Workload,Warmup,3,560705679,1024,547564.14,30,0,0,122560
TermVectorHighlighterBenchmarks.LeanCorpus_TermVectorHighlighter,Rowles.LeanCorpus.Benchmarks,TermVectorHighlighterBenchmarks,LeanCorpus_TermVectorHighlighter,DefaultJob,Default,Default,Default,Default,Default,Default,Default,Default,Default,Default,Default,Default,Default,Default,Default,Default,Default,Default,Default,Default,Default,Default,Default,Default,Default,Default,Default,Default,Default,Default,Default,Default,Default,Default,Default,Default,Default,Default,Default,Default,Default,DefaultJob,DocumentCount=100000,1,Workload,Warmup,4,556919764,1024,543866.96,30,0,0,122560
TermVectorHighlighterBenchmarks.LeanCorpus_TermVectorHighlighter,Rowles.LeanCorpus.Benchmarks,TermVectorHighlighterBenchmarks,LeanCorpus_TermVectorHighlighter,DefaultJob,Default,Default,Default,Default,Default,Default,Default,Default,Default,Default,Default,Default,Default,Default,Default,Default,Default,Default,Default,Default,Default,Default,Default,Default,Default,Default,Default,Default,Default,Default,Default,Default,Default,Default,Default,Default,Default,Default,Default,Default,Default,DefaultJob,DocumentCount=100000,1,Workload,Warmup,5,560172453,1024,547043.41,30,0,0,122560
TermVectorHighlighterBenchmarks.LeanCorpus_TermVectorHighlighter,Rowles.LeanCorpus.Benchmarks,TermVectorHighlighterBenchmarks,LeanCorpus_TermVectorHighlighter,DefaultJob,Default,Default,Default,Default,Default,Default,Default,Default,Default,Default,Default,Default,Default,Default,Default,Default,Default,Default,Default,Default,Default,Default,Default,Default,Default,Default,Default,Default,Default,Default,Default,Default,Default,Default,Default,Default,Default,Default,Default,Default,Default,DefaultJob,DocumentCount=100000,1,Workload,Warmup,6,559227801,1024,546120.9,30,0,0,122560
TermVectorHighlighterBenchmarks.LeanCorpus_TermVectorHighlighter,Rowles.LeanCorpus.Benchmarks,TermVectorHighlighterBenchmarks,LeanCorpus_TermVectorHighlighter,DefaultJob,Default,Default,Default,Default,Default,Default,Default,Default,Default,Default,Default,Default,Default,Default,Default,Default,Default,Default,Default,Default,Default,Default,Default,Default,Default,Default,Default,Default,Default,Default,Default,Default,Default,Default,Default,Default,Default,Default,Default,Default,Default,DefaultJob,DocumentCount=100000,1,Workload,Actual,1,559066285,1024,545963.17,30,0,0,122560
TermVectorHighlighterBenchmarks.LeanCorpus_TermVectorHighlighter,Rowles.LeanCorpus.Benchmarks,TermVectorHighlighterBenchmarks,LeanCorpus_TermVectorHighlighter,DefaultJob,Default,Default,Default,Default,Default,Default,Default,Default,Default,Default,Default,Default,Default,Default,Default,Default,Default,Default,Default,Default,Default,Default,Default,Default,Default,Default,Default,Default,Default,Default,Default,Default,Default,Default,Default,Default,Default,Default,Default,Default,Default,DefaultJob,DocumentCount=100000,1,Workload,Actual,2,560228329,1024,547097.98,30,0,0,122560
TermVectorHighlighterBenchmarks.LeanCorpus_TermVectorHighlighter,Rowles.LeanCorpus.Benchmarks,TermVectorHighlighterBenchmarks,LeanCorpus_TermVectorHighlighter,DefaultJob,Default,Default,Default,Default,Default,Default,Default,Default,Default,Default,Default,Default,Default,Default,Default,Default,Default,Default,Default,Default,Default,Default,Default,Default,Default,Default,Default,Default,Default,Default,Default,Default,Default,Default,Default,Default,Default,Default,Default,Default,Default,DefaultJob,DocumentCount=100000,1,Workload,Actual,3,561997315,1024,548825.5,30,0,0,122560
TermVectorHighlighterBenchmarks.LeanCorpus_TermVectorHighlighter,Rowles.LeanCorpus.Benchmarks,TermVectorHighlighterBenchmarks,LeanCorpus_TermVectorHighlighter,DefaultJob,Default,Default,Default,Default,Default,Default,Default,Default,Default,Default,Default,Default,Default,Default,Default,Default,Default,Default,Default,Default,Default,Default,Default,Default,Default,Default,Default,Default,Default,Default,Default,Default,Default,Default,Default,Default,Default,Default,Default,Default,Default,DefaultJob,DocumentCount=100000,1,Workload,Actual,4,558643917,1024,545550.7,30,0,0,122560
TermVectorHighlighterBenchmarks.LeanCorpus_TermVectorHighlighter,Rowles.LeanCorpus.Benchmarks,TermVectorHighlighterBenchmarks,LeanCorpus_TermVectorHighlighter,DefaultJob,Default,Default,Default,Default,Default,Default,Default,Default,Default,Default,Default,Default,Default,Default,Default,Default,Default,Default,Default,Default,Default,Default,Default,Default,Default,Default,Default,Default,Default,Default,Default,Default,Default,Default,Default,Default,Default,Default,Default,Default,Default,DefaultJob,DocumentCount=100000,1,Workload,Actual,5,560008614,1024,546883.41,30,0,0,122560
TermVectorHighlighterBenchmarks.LeanCorpus_TermVectorHighlighter,Rowles.LeanCorpus.Benchmarks,TermVectorHighlighterBenchmarks,LeanCorpus_TermVectorHighlighter,DefaultJob,Default,Default,Default,Default,Default,Default,Default,Default,Default,Default,Default,Default,Default,Default,Default,Default,Default,Default,Default,Default,Default,Default,Default,Default,Default,Default,Default,Default,Default,Default,Default,Default,Default,Default,Default,Default,Default,Default,Default,Default,Default,DefaultJob,DocumentCount=100000,1,Workload,Actual,6,554999017,1024,541991.23,30,0,0,122560
TermVectorHighlighterBenchmarks.LeanCorpus_TermVectorHighlighter,Rowles.LeanCorpus.Benchmarks,TermVectorHighlighterBenchmarks,LeanCorpus_TermVectorHighlighter,DefaultJob,Default,Default,Default,Default,Default,Default,Default,Default,Default,Default,Default,Default,Default,Default,Default,Default,Default,Default,Default,Default,Default,Default,Default,Default,Default,Default,Default,Default,Default,Default,Default,Default,Default,Default,Default,Default,Default,Default,Default,Default,Default,DefaultJob,DocumentCount=100000,1,Workload,Actual,7,558578909,1024,545487.22,30,0,0,122560
TermVectorHighlighterBenchmarks.LeanCorpus_TermVectorHighlighter,Rowles.LeanCorpus.Benchmarks,TermVectorHighlighterBenchmarks,LeanCorpus_TermVectorHighlighter,DefaultJob,Default,Default,Default,Default,Default,Default,Default,Default,Default,Default,Default,Default,Default,Default,Default,Default,Default,Default,Default,Default,Default,Default,Default,Default,Default,Default,Default,Default,Default,Default,Default,Default,Default,Default,Default,Default,Default,Default,Default,Default,Default,DefaultJob,DocumentCount=100000,1,Workload,Actual,8,559336870,1024,546227.41,30,0,0,122560
TermVectorHighlighterBenchmarks.LeanCorpus_TermVectorHighlighter,Rowles.LeanCorpus.Benchmarks,TermVectorHighlighterBenchmarks,LeanCorpus_TermVectorHighlighter,DefaultJob,Default,Default,Default,Default,Default,Default,Default,Default,Default,Default,Default,Default,Default,Default,Default,Default,Default,Default,Default,Default,Default,Default,Default,Default,Default,Default,Default,Default,Default,Default,Default,Default,Default,Default,Default,Default,Default,Default,Default,Default,Default,DefaultJob,DocumentCount=100000,1,Workload,Actual,9,559522075,1024,546408.28,30,0,0,122560
TermVectorHighlighterBenchmarks.LeanCorpus_TermVectorHighlighter,Rowles.LeanCorpus.Benchmarks,TermVectorHighlighterBenchmarks,LeanCorpus_TermVectorHighlighter,DefaultJob,Default,Default,Default,Default,Default,Default,Default,Default,Default,Default,Default,Default,Default,Default,Default,Default,Default,Default,Default,Default,Default,Default,Default,Default,Default,Default,Default,Default,Default,Default,Default,Default,Default,Default,Default,Default,Default,Default,Default,Default,Default,DefaultJob,DocumentCount=100000,1,Workload,Actual,10,560733948,1024,547591.75,30,0,0,122560
TermVectorHighlighterBenchmarks.LeanCorpus_TermVectorHighlighter,Rowles.LeanCorpus.Benchmarks,TermVectorHighlighterBenchmarks,LeanCorpus_TermVectorHighlighter,DefaultJob,Default,Default,Default,Default,Default,Default,Default,Default,Default,Default,Default,Default,Default,Default,Default,Default,Default,Default,Default,Default,Default,Default,Default,Default,Default,Default,Default,Default,Default,Default,Default,Default,Default,Default,Default,Default,Default,Default,Default,Default,Default,DefaultJob,DocumentCount=100000,1,Workload,Actual,11,560179208,1024,547050.01,30,0,0,122560
TermVectorHighlighterBenchmarks.LeanCorpus_TermVectorHighlighter,Rowles.LeanCorpus.Benchmarks,TermVectorHighlighterBenchmarks,LeanCorpus_TermVectorHighlighter,DefaultJob,Default,Default,Default,Default,Default,Default,Default,Default,Default,Default,Default,Default,Default,Default,Default,Default,Default,Default,Default,Default,Default,Default,Default,Default,Default,Default,Default,Default,Default,Default,Default,Default,Default,Default,Default,Default,Default,Default,Default,Default,Default,DefaultJob,DocumentCount=100000,1,Workload,Actual,12,560488145,1024,547351.7,30,0,0,122560
TermVectorHighlighterBenchmarks.LeanCorpus_TermVectorHighlighter,Rowles.LeanCorpus.Benchmarks,TermVectorHighlighterBenchmarks,LeanCorpus_TermVectorHighlighter,DefaultJob,Default,Default,Default,Default,Default,Default,Default,Default,Default,Default,Default,Default,Default,Default,Default,Default,Default,Default,Default,Default,Default,Default,Default,Default,Default,Default,Default,Default,Default,Default,Default,Default,Default,Default,Default,Default,Default,Default,Default,Default,Default,DefaultJob,DocumentCount=100000,1,Workload,Actual,13,560899283,1024,547753.21,30,0,0,122560
TermVectorHighlighterBenchmarks.LeanCorpus_TermVectorHighlighter,Rowles.LeanCorpus.Benchmarks,TermVectorHighlighterBenchmarks,LeanCorpus_TermVectorHighlighter,DefaultJob,Default,Default,Default,Default,Default,Default,Default,Default,Default,Default,Default,Default,Default,Default,Default,Default,Default,Default,Default,Default,Default,Default,Default,Default,Default,Default,Default,Default,Default,Default,Default,Default,Default,Default,Default,Default,Default,Default,Default,Default,Default,DefaultJob,DocumentCount=100000,1,Workload,Actual,14,563945170,1024,550727.71,30,0,0,122560
TermVectorHighlighterBenchmarks.LeanCorpus_TermVectorHighlighter,Rowles.LeanCorpus.Benchmarks,TermVectorHighlighterBenchmarks,LeanCorpus_TermVectorHighlighter,DefaultJob,Default,Default,Default,Default,Default,Default,Default,Default,Default,Default,Default,Default,Default,Default,Default,Default,Default,Default,Default,Default,Default,Default,Default,Default,Default,Default,Default,Default,Default,Default,Default,Default,Default,Default,Default,Default,Default,Default,Default,Default,Default,DefaultJob,DocumentCount=100000,1,Workload,Actual,15,559727012,1024,546608.41,30,0,0,122560
TermVectorHighlighterBenchmarks.LeanCorpus_TermVectorHighlighter,Rowles.LeanCorpus.Benchmarks,TermVectorHighlighterBenchmarks,LeanCorpus_TermVectorHighlighter,DefaultJob,Default,Default,Default,Default,Default,Default,Default,Default,Default,Default,Default,Default,Default,Default,Default,Default,Default,Default,Default,Default,Default,Default,Default,Default,Default,Default,Default,Default,Default,Default,Default,Default,Default,Default,Default,Default,Default,Default,Default,Default,Default,DefaultJob,DocumentCount=100000,1,Workload,Extra,1,552160986,1024,539219.71,30,0,0,122560
TermVectorHighlighterBenchmarks.LeanCorpus_TermVectorHighlighter,Rowles.LeanCorpus.Benchmarks,TermVectorHighlighterBenchmarks,LeanCorpus_TermVectorHighlighter,DefaultJob,Default,Default,Default,Default,Default,Default,Default,Default,Default,Default,Default,Default,Default,Default,Default,Default,Default,Default,Default,Default,Default,Default,Default,Default,Default,Default,Default,Default,Default,Default,Default,Default,Default,Default,Default,Default,Default,Default,Default,Default,Default,DefaultJob,DocumentCount=100000,1,Workload,Result,1,559066285,1024,545963.17,30,0,0,122560
TermVectorHighlighterBenchmarks.LeanCorpus_TermVectorHighlighter,Rowles.LeanCorpus.Benchmarks,TermVectorHighlighterBenchmarks,LeanCorpus_TermVectorHighlighter,DefaultJob,Default,Default,Default,Default,Default,Default,Default,Default,Default,Default,Default,Default,Default,Default,Default,Default,Default,Default,Default,Default,Default,Default,Default,Default,Default,Default,Default,Default,Default,Default,Default,Default,Default,Default,Default,Default,Default,Default,Default,Default,Default,DefaultJob,DocumentCount=100000,1,Workload,Result,2,560228329,1024,547097.98,30,0,0,122560
TermVectorHighlighterBenchmarks.LeanCorpus_TermVectorHighlighter,Rowles.LeanCorpus.Benchmarks,TermVectorHighlighterBenchmarks,LeanCorpus_TermVectorHighlighter,DefaultJob,Default,Default,Default,Default,Default,Default,Default,Default,Default,Default,Default,Default,Default,Default,Default,Default,Default,Default,Default,Default,Default,Default,Default,Default,Default,Default,Default,Default,Default,Default,Default,Default,Default,Default,Default,Default,Default,Default,Default,Default,Default,DefaultJob,DocumentCount=100000,1,Workload,Result,3,561997315,1024,548825.5,30,0,0,122560
TermVectorHighlighterBenchmarks.LeanCorpus_TermVectorHighlighter,Rowles.LeanCorpus.Benchmarks,TermVectorHighlighterBenchmarks,LeanCorpus_TermVectorHighlighter,DefaultJob,Default,Default,Default,Default,Default,Default,Default,Default,Default,Default,Default,Default,Default,Default,Default,Default,Default,Default,Default,Default,Default,Default,Default,Default,Default,Default,Default,Default,Default,Default,Default,Default,Default,Default,Default,Default,Default,Default,Default,Default,Default,DefaultJob,DocumentCount=100000,1,Workload,Result,4,558643917,1024,545550.7,30,0,0,122560
TermVectorHighlighterBenchmarks.LeanCorpus_TermVectorHighlighter,Rowles.LeanCorpus.Benchmarks,TermVectorHighlighterBenchmarks,LeanCorpus_TermVectorHighlighter,DefaultJob,Default,Default,Default,Default,Default,Default,Default,Default,Default,Default,Default,Default,Default,Default,Default,Default,Default,Default,Default,Default,Default,Default,Default,Default,Default,Default,Default,Default,Default,Default,Default,Default,Default,Default,Default,Default,Default,Default,Default,Default,Default,DefaultJob,DocumentCount=100000,1,Workload,Result,5,560008614,1024,546883.41,30,0,0,122560
TermVectorHighlighterBenchmarks.LeanCorpus_TermVectorHighlighter,Rowles.LeanCorpus.Benchmarks,TermVectorHighlighterBenchmarks,LeanCorpus_TermVectorHighlighter,DefaultJob,Default,Default,Default,Default,Default,Default,Default,Default,Default,Default,Default,Default,Default,Default,Default,Default,Default,Default,Default,Default,Default,Default,Default,Default,Default,Default,Default,Default,Default,Default,Default,Default,Default,Default,Default,Default,Default,Default,Default,Default,Default,DefaultJob,DocumentCount=100000,1,Workload,Result,6,554999017,1024,541991.23,30,0,0,122560
TermVectorHighlighterBenchmarks.LeanCorpus_TermVectorHighlighter,Rowles.LeanCorpus.Benchmarks,TermVectorHighlighterBenchmarks,LeanCorpus_TermVectorHighlighter,DefaultJob,Default,Default,Default,Default,Default,Default,Default,Default,Default,Default,Default,Default,Default,Default,Default,Default,Default,Default,Default,Default,Default,Default,Default,Default,Default,Default,Default,Default,Default,Default,Default,Default,Default,Default,Default,Default,Default,Default,Default,Default,Default,DefaultJob,DocumentCount=100000,1,Workload,Result,7,558578909,1024,545487.22,30,0,0,122560
TermVectorHighlighterBenchmarks.LeanCorpus_TermVectorHighlighter,Rowles.LeanCorpus.Benchmarks,TermVectorHighlighterBenchmarks,LeanCorpus_TermVectorHighlighter,DefaultJob,Default,Default,Default,Default,Default,Default,Default,Default,Default,Default,Default,Default,Default,Default,Default,Default,Default,Default,Default,Default,Default,Default,Default,Default,Default,Default,Default,Default,Default,Default,Default,Default,Default,Default,Default,Default,Default,Default,Default,Default,Default,DefaultJob,DocumentCount=100000,1,Workload,Result,8,559336870,1024,546227.41,30,0,0,122560
TermVectorHighlighterBenchmarks.LeanCorpus_TermVectorHighlighter,Rowles.LeanCorpus.Benchmarks,TermVectorHighlighterBenchmarks,LeanCorpus_TermVectorHighlighter,DefaultJob,Default,Default,Default,Default,Default,Default,Default,Default,Default,Default,Default,Default,Default,Default,Default,Default,Default,Default,Default,Default,Default,Default,Default,Default,Default,Default,Default,Default,Default,Default,Default,Default,Default,Default,Default,Default,Default,Default,Default,Default,Default,DefaultJob,DocumentCount=100000,1,Workload,Result,9,559522075,1024,546408.28,30,0,0,122560
TermVectorHighlighterBenchmarks.LeanCorpus_TermVectorHighlighter,Rowles.LeanCorpus.Benchmarks,TermVectorHighlighterBenchmarks,LeanCorpus_TermVectorHighlighter,DefaultJob,Default,Default,Default,Default,Default,Default,Default,Default,Default,Default,Default,Default,Default,Default,Default,Default,Default,Default,Default,Default,Default,Default,Default,Default,Default,Default,Default,Default,Default,Default,Default,Default,Default,Default,Default,Default,Default,Default,Default,Default,Default,DefaultJob,DocumentCount=100000,1,Workload,Result,10,560733948,1024,547591.75,30,0,0,122560
TermVectorHighlighterBenchmarks.LeanCorpus_TermVectorHighlighter,Rowles.LeanCorpus.Benchmarks,TermVectorHighlighterBenchmarks,LeanCorpus_TermVectorHighlighter,DefaultJob,Default,Default,Default,Default,Default,Default,Default,Default,Default,Default,Default,Default,Default,Default,Default,Default,Default,Default,Default,Default,Default,Default,Default,Default,Default,Default,Default,Default,Default,Default,Default,Default,Default,Default,Default,Default,Default,Default,Default,Default,Default,DefaultJob,DocumentCount=100000,1,Workload,Result,11,560179208,1024,547050.01,30,0,0,122560
TermVectorHighlighterBenchmarks.LeanCorpus_TermVectorHighlighter,Rowles.LeanCorpus.Benchmarks,TermVectorHighlighterBenchmarks,LeanCorpus_TermVectorHighlighter,DefaultJob,Default,Default,Default,Default,Default,Default,Default,Default,Default,Default,Default,Default,Default,Default,Default,Default,Default,Default,Default,Default,Default,Default,Default,Default,Default,Default,Default,Default,Default,Default,Default,Default,Default,Default,Default,Default,Default,Default,Default,Default,Default,DefaultJob,DocumentCount=100000,1,Workload,Result,12,560488145,1024,547351.7,30,0,0,122560
TermVectorHighlighterBenchmarks.LeanCorpus_TermVectorHighlighter,Rowles.LeanCorpus.Benchmarks,TermVectorHighlighterBenchmarks,LeanCorpus_TermVectorHighlighter,DefaultJob,Default,Default,Default,Default,Default,Default,Default,Default,Default,Default,Default,Default,Default,Default,Default,Default,Default,Default,Default,Default,Default,Default,Default,Default,Default,Default,Default,Default,Default,Default,Default,Default,Default,Default,Default,Default,Default,Default,Default,Default,Default,DefaultJob,DocumentCount=100000,1,Workload,Result,13,560899283,1024,547753.21,30,0,0,122560
TermVectorHighlighterBenchmarks.LeanCorpus_TermVectorHighlighter,Rowles.LeanCorpus.Benchmarks,TermVectorHighlighterBenchmarks,LeanCorpus_TermVectorHighlighter,DefaultJob,Default,Default,Default,Default,Default,Default,Default,Default,Default,Default,Default,Default,Default,Default,Default,Default,Default,Default,Default,Default,Default,Default,Default,Default,Default,Default,Default,Default,Default,Default,Default,Default,Default,Default,Default,Default,Default,Default,Default,Default,Default,DefaultJob,DocumentCount=100000,1,Workload,Result,14,559727012,1024,546608.41,30,0,0,122560
TermVectorHighlighterBenchmarks.LuceneNet_FastVectorHighlighter,Rowles.LeanCorpus.Benchmarks,TermVectorHighlighterBenchmarks,LuceneNet_FastVectorHighlighter,DefaultJob,Default,Default,Default,Default,Default,Default,Default,Default,Default,Default,Default,Default,Default,Default,Default,Default,Default,Default,Default,Default,Default,Default,Default,Default,Default,Default,Default,Default,Default,Default,Default,Default,Default,Default,Default,Default,Default,Default,Default,Default,Default,DefaultJob,DocumentCount=100000,1,Workload,Jitting,1,77829804,1,77829804,141,2,0,4655073
TermVectorHighlighterBenchmarks.LuceneNet_FastVectorHighlighter,Rowles.LeanCorpus.Benchmarks,TermVectorHighlighterBenchmarks,LuceneNet_FastVectorHighlighter,DefaultJob,Default,Default,Default,Default,Default,Default,Default,Default,Default,Default,Default,Default,Default,Default,Default,Default,Default,Default,Default,Default,Default,Default,Default,Default,Default,Default,Default,Default,Default,Default,Default,Default,Default,Default,Default,Default,Default,Default,Default,Default,Default,DefaultJob,DocumentCount=100000,1,Workload,Jitting,2,366236815,30,12207893.83,141,2,0,4655073
TermVectorHighlighterBenchmarks.LuceneNet_FastVectorHighlighter,Rowles.LeanCorpus.Benchmarks,TermVectorHighlighterBenchmarks,LuceneNet_FastVectorHighlighter,DefaultJob,Default,Default,Default,Default,Default,Default,Default,Default,Default,Default,Default,Default,Default,Default,Default,Default,Default,Default,Default,Default,Default,Default,Default,Default,Default,Default,Default,Default,Default,Default,Default,Default,Default,Default,Default,Default,Default,Default,Default,Default,Default,DefaultJob,DocumentCount=100000,1,Workload,Jitting,3,232401712,30,7746723.73,141,2,0,4655073
TermVectorHighlighterBenchmarks.LuceneNet_FastVectorHighlighter,Rowles.LeanCorpus.Benchmarks,TermVectorHighlighterBenchmarks,LuceneNet_FastVectorHighlighter,DefaultJob,Default,Default,Default,Default,Default,Default,Default,Default,Default,Default,Default,Default,Default,Default,Default,Default,Default,Default,Default,Default,Default,Default,Default,Default,Default,Default,Default,Default,Default,Default,Default,Default,Default,Default,Default,Default,Default,Default,Default,Default,Default,DefaultJob,DocumentCount=100000,1,Workload,Jitting,4,231169275,30,7705642.5,141,2,0,4655073
TermVectorHighlighterBenchmarks.LuceneNet_FastVectorHighlighter,Rowles.LeanCorpus.Benchmarks,TermVectorHighlighterBenchmarks,LuceneNet_FastVectorHighlighter,DefaultJob,Default,Default,Default,Default,Default,Default,Default,Default,Default,Default,Default,Default,Default,Default,Default,Default,Default,Default,Default,Default,Default,Default,Default,Default,Default,Default,Default,Default,Default,Default,Default,Default,Default,Default,Default,Default,Default,Default,Default,Default,Default,DefaultJob,DocumentCount=100000,1,Workload,Jitting,5,9120321,1,9120321,141,2,0,4655073
TermVectorHighlighterBenchmarks.LuceneNet_FastVectorHighlighter,Rowles.LeanCorpus.Benchmarks,TermVectorHighlighterBenchmarks,LuceneNet_FastVectorHighlighter,DefaultJob,Default,Default,Default,Default,Default,Default,Default,Default,Default,Default,Default,Default,Default,Default,Default,Default,Default,Default,Default,Default,Default,Default,Default,Default,Default,Default,Default,Default,Default,Default,Default,Default,Default,Default,Default,Default,Default,Default,Default,Default,Default,DefaultJob,DocumentCount=100000,1,Workload,Pilot,1,9167309,1,9167309,141,2,0,4655073
TermVectorHighlighterBenchmarks.LuceneNet_FastVectorHighlighter,Rowles.LeanCorpus.Benchmarks,TermVectorHighlighterBenchmarks,LuceneNet_FastVectorHighlighter,DefaultJob,Default,Default,Default,Default,Default,Default,Default,Default,Default,Default,Default,Default,Default,Default,Default,Default,Default,Default,Default,Default,Default,Default,Default,Default,Default,Default,Default,Default,Default,Default,Default,Default,Default,Default,Default,Default,Default,Default,Default,Default,Default,DefaultJob,DocumentCount=100000,1,Workload,Pilot,1,120633744,16,7539609,141,2,0,4655073
TermVectorHighlighterBenchmarks.LuceneNet_FastVectorHighlighter,Rowles.LeanCorpus.Benchmarks,TermVectorHighlighterBenchmarks,LuceneNet_FastVectorHighlighter,DefaultJob,Default,Default,Default,Default,Default,Default,Default,Default,Default,Default,Default,Default,Default,Default,Default,Default,Default,Default,Default,Default,Default,Default,Default,Default,Default,Default,Default,Default,Default,Default,Default,Default,Default,Default,Default,Default,Default,Default,Default,Default,Default,DefaultJob,DocumentCount=100000,1,Workload,Pilot,2,248449859,32,7764058.09,141,2,0,4655073
TermVectorHighlighterBenchmarks.LuceneNet_FastVectorHighlighter,Rowles.LeanCorpus.Benchmarks,TermVectorHighlighterBenchmarks,LuceneNet_FastVectorHighlighter,DefaultJob,Default,Default,Default,Default,Default,Default,Default,Default,Default,Default,Default,Default,Default,Default,Default,Default,Default,Default,Default,Default,Default,Default,Default,Default,Default,Default,Default,Default,Default,Default,Default,Default,Default,Default,Default,Default,Default,Default,Default,Default,Default,DefaultJob,DocumentCount=100000,1,Workload,Pilot,3,490689469,64,7667022.95,141,2,0,4655073
TermVectorHighlighterBenchmarks.LuceneNet_FastVectorHighlighter,Rowles.LeanCorpus.Benchmarks,TermVectorHighlighterBenchmarks,LuceneNet_FastVectorHighlighter,DefaultJob,Default,Default,Default,Default,Default,Default,Default,Default,Default,Default,Default,Default,Default,Default,Default,Default,Default,Default,Default,Default,Default,Default,Default,Default,Default,Default,Default,Default,Default,Default,Default,Default,Default,Default,Default,Default,Default,Default,Default,Default,Default,DefaultJob,DocumentCount=100000,1,Workload,Pilot,4,1036250221,128,8095704.85,141,2,0,4655073
TermVectorHighlighterBenchmarks.LuceneNet_FastVectorHighlighter,Rowles.LeanCorpus.Benchmarks,TermVectorHighlighterBenchmarks,LuceneNet_FastVectorHighlighter,DefaultJob,Default,Default,Default,Default,Default,Default,Default,Default,Default,Default,Default,Default,Default,Default,Default,Default,Default,Default,Default,Default,Default,Default,Default,Default,Default,Default,Default,Default,Default,Default,Default,Default,Default,Default,Default,Default,Default,Default,Default,Default,Default,DefaultJob,DocumentCount=100000,1,Workload,Warmup,1,1046599484,128,8176558.47,141,2,0,4655073
TermVectorHighlighterBenchmarks.LuceneNet_FastVectorHighlighter,Rowles.LeanCorpus.Benchmarks,TermVectorHighlighterBenchmarks,LuceneNet_FastVectorHighlighter,DefaultJob,Default,Default,Default,Default,Default,Default,Default,Default,Default,Default,Default,Default,Default,Default,Default,Default,Default,Default,Default,Default,Default,Default,Default,Default,Default,Default,Default,Default,Default,Default,Default,Default,Default,Default,Default,Default,Default,Default,Default,Default,Default,DefaultJob,DocumentCount=100000,1,Workload,Warmup,2,1042822049,128,8147047.26,141,2,0,4655073
TermVectorHighlighterBenchmarks.LuceneNet_FastVectorHighlighter,Rowles.LeanCorpus.Benchmarks,TermVectorHighlighterBenchmarks,LuceneNet_FastVectorHighlighter,DefaultJob,Default,Default,Default,Default,Default,Default,Default,Default,Default,Default,Default,Default,Default,Default,Default,Default,Default,Default,Default,Default,Default,Default,Default,Default,Default,Default,Default,Default,Default,Default,Default,Default,Default,Default,Default,Default,Default,Default,Default,Default,Default,DefaultJob,DocumentCount=100000,1,Workload,Warmup,3,1044915313,128,8163400.88,141,2,0,4655073
TermVectorHighlighterBenchmarks.LuceneNet_FastVectorHighlighter,Rowles.LeanCorpus.Benchmarks,TermVectorHighlighterBenchmarks,LuceneNet_FastVectorHighlighter,DefaultJob,Default,Default,Default,Default,Default,Default,Default,Default,Default,Default,Default,Default,Default,Default,Default,Default,Default,Default,Default,Default,Default,Default,Default,Default,Default,Default,Default,Default,Default,Default,Default,Default,Default,Default,Default,Default,Default,Default,Default,Default,Default,DefaultJob,DocumentCount=100000,1,Workload,Warmup,4,1046422589,128,8175176.48,141,2,0,4655073
TermVectorHighlighterBenchmarks.LuceneNet_FastVectorHighlighter,Rowles.LeanCorpus.Benchmarks,TermVectorHighlighterBenchmarks,LuceneNet_FastVectorHighlighter,DefaultJob,Default,Default,Default,Default,Default,Default,Default,Default,Default,Default,Default,Default,Default,Default,Default,Default,Default,Default,Default,Default,Default,Default,Default,Default,Default,Default,Default,Default,Default,Default,Default,Default,Default,Default,Default,Default,Default,Default,Default,Default,Default,DefaultJob,DocumentCount=100000,1,Workload,Warmup,5,1049049891,128,8195702.27,141,2,0,4655073
TermVectorHighlighterBenchmarks.LuceneNet_FastVectorHighlighter,Rowles.LeanCorpus.Benchmarks,TermVectorHighlighterBenchmarks,LuceneNet_FastVectorHighlighter,DefaultJob,Default,Default,Default,Default,Default,Default,Default,Default,Default,Default,Default,Default,Default,Default,Default,Default,Default,Default,Default,Default,Default,Default,Default,Default,Default,Default,Default,Default,Default,Default,Default,Default,Default,Default,Default,Default,Default,Default,Default,Default,Default,DefaultJob,DocumentCount=100000,1,Workload,Warmup,6,1032312517,128,8064941.54,141,2,0,4655073
TermVectorHighlighterBenchmarks.LuceneNet_FastVectorHighlighter,Rowles.LeanCorpus.Benchmarks,TermVectorHighlighterBenchmarks,LuceneNet_FastVectorHighlighter,DefaultJob,Default,Default,Default,Default,Default,Default,Default,Default,Default,Default,Default,Default,Default,Default,Default,Default,Default,Default,Default,Default,Default,Default,Default,Default,Default,Default,Default,Default,Default,Default,Default,Default,Default,Default,Default,Default,Default,Default,Default,Default,Default,DefaultJob,DocumentCount=100000,1,Workload,Warmup,7,1047868055,128,8186469.18,141,2,0,4655073
TermVectorHighlighterBenchmarks.LuceneNet_FastVectorHighlighter,Rowles.LeanCorpus.Benchmarks,TermVectorHighlighterBenchmarks,LuceneNet_FastVectorHighlighter,DefaultJob,Default,Default,Default,Default,Default,Default,Default,Default,Default,Default,Default,Default,Default,Default,Default,Default,Default,Default,Default,Default,Default,Default,Default,Default,Default,Default,Default,Default,Default,Default,Default,Default,Default,Default,Default,Default,Default,Default,Default,Default,Default,DefaultJob,DocumentCount=100000,1,Workload,Warmup,8,1046830251,128,8178361.34,141,2,0,4655073
TermVectorHighlighterBenchmarks.LuceneNet_FastVectorHighlighter,Rowles.LeanCorpus.Benchmarks,TermVectorHighlighterBenchmarks,LuceneNet_FastVectorHighlighter,DefaultJob,Default,Default,Default,Default,Default,Default,Default,Default,Default,Default,Default,Default,Default,Default,Default,Default,Default,Default,Default,Default,Default,Default,Default,Default,Default,Default,Default,Default,Default,Default,Default,Default,Default,Default,Default,Default,Default,Default,Default,Default,Default,DefaultJob,DocumentCount=100000,1,Workload,Actual,1,1044849908,128,8162889.91,141,2,0,4655073
TermVectorHighlighterBenchmarks.LuceneNet_FastVectorHighlighter,Rowles.LeanCorpus.Benchmarks,TermVectorHighlighterBenchmarks,LuceneNet_FastVectorHighlighter,DefaultJob,Default,Default,Default,Default,Default,Default,Default,Default,Default,Default,Default,Default,Default,Default,Default,Default,Default,Default,Default,Default,Default,Default,Default,Default,Default,Default,Default,Default,Default,Default,Default,Default,Default,Default,Default,Default,Default,Default,Default,Default,Default,DefaultJob,DocumentCount=100000,1,Workload,Actual,2,1035487878,128,8089749.05,141,2,0,4655073
TermVectorHighlighterBenchmarks.LuceneNet_FastVectorHighlighter,Rowles.LeanCorpus.Benchmarks,TermVectorHighlighterBenchmarks,LuceneNet_FastVectorHighlighter,DefaultJob,Default,Default,Default,Default,Default,Default,Default,Default,Default,Default,Default,Default,Default,Default,Default,Default,Default,Default,Default,Default,Default,Default,Default,Default,Default,Default,Default,Default,Default,Default,Default,Default,Default,Default,Default,Default,Default,Default,Default,Default,Default,DefaultJob,DocumentCount=100000,1,Workload,Actual,3,1048823744,128,8193935.5,141,2,0,4655073
TermVectorHighlighterBenchmarks.LuceneNet_FastVectorHighlighter,Rowles.LeanCorpus.Benchmarks,TermVectorHighlighterBenchmarks,LuceneNet_FastVectorHighlighter,DefaultJob,Default,Default,Default,Default,Default,Default,Default,Default,Default,Default,Default,Default,Default,Default,Default,Default,Default,Default,Default,Default,Default,Default,Default,Default,Default,Default,Default,Default,Default,Default,Default,Default,Default,Default,Default,Default,Default,Default,Default,Default,Default,DefaultJob,DocumentCount=100000,1,Workload,Actual,4,1034125610,128,8079106.33,141,2,0,4655073
TermVectorHighlighterBenchmarks.LuceneNet_FastVectorHighlighter,Rowles.LeanCorpus.Benchmarks,TermVectorHighlighterBenchmarks,LuceneNet_FastVectorHighlighter,DefaultJob,Default,Default,Default,Default,Default,Default,Default,Default,Default,Default,Default,Default,Default,Default,Default,Default,Default,Default,Default,Default,Default,Default,Default,Default,Default,Default,Default,Default,Default,Default,Default,Default,Default,Default,Default,Default,Default,Default,Default,Default,Default,DefaultJob,DocumentCount=100000,1,Workload,Actual,5,1043454838,128,8151990.92,141,2,0,4655073
TermVectorHighlighterBenchmarks.LuceneNet_FastVectorHighlighter,Rowles.LeanCorpus.Benchmarks,TermVectorHighlighterBenchmarks,LuceneNet_FastVectorHighlighter,DefaultJob,Default,Default,Default,Default,Default,Default,Default,Default,Default,Default,Default,Default,Default,Default,Default,Default,Default,Default,Default,Default,Default,Default,Default,Default,Default,Default,Default,Default,Default,Default,Default,Default,Default,Default,Default,Default,Default,Default,Default,Default,Default,DefaultJob,DocumentCount=100000,1,Workload,Actual,6,1045773357,128,8170104.35,141,2,0,4655073
TermVectorHighlighterBenchmarks.LuceneNet_FastVectorHighlighter,Rowles.LeanCorpus.Benchmarks,TermVectorHighlighterBenchmarks,LuceneNet_FastVectorHighlighter,DefaultJob,Default,Default,Default,Default,Default,Default,Default,Default,Default,Default,Default,Default,Default,Default,Default,Default,Default,Default,Default,Default,Default,Default,Default,Default,Default,Default,Default,Default,Default,Default,Default,Default,Default,Default,Default,Default,Default,Default,Default,Default,Default,DefaultJob,DocumentCount=100000,1,Workload,Actual,7,1036412683,128,8096974.09,141,2,0,4655073
TermVectorHighlighterBenchmarks.LuceneNet_FastVectorHighlighter,Rowles.LeanCorpus.Benchmarks,TermVectorHighlighterBenchmarks,LuceneNet_FastVectorHighlighter,DefaultJob,Default,Default,Default,Default,Default,Default,Default,Default,Default,Default,Default,Default,Default,Default,Default,Default,Default,Default,Default,Default,Default,Default,Default,Default,Default,Default,Default,Default,Default,Default,Default,Default,Default,Default,Default,Default,Default,Default,Default,Default,Default,DefaultJob,DocumentCount=100000,1,Workload,Actual,8,1045795603,128,8170278.15,141,2,0,4655073
TermVectorHighlighterBenchmarks.LuceneNet_FastVectorHighlighter,Rowles.LeanCorpus.Benchmarks,TermVectorHighlighterBenchmarks,LuceneNet_FastVectorHighlighter,DefaultJob,Default,Default,Default,Default,Default,Default,Default,Default,Default,Default,Default,Default,Default,Default,Default,Default,Default,Default,Default,Default,Default,Default,Default,Default,Default,Default,Default,Default,Default,Default,Default,Default,Default,Default,Default,Default,Default,Default,Default,Default,Default,DefaultJob,DocumentCount=100000,1,Workload,Actual,9,1042368104,128,8143500.81,141,2,0,4655073
TermVectorHighlighterBenchmarks.LuceneNet_FastVectorHighlighter,Rowles.LeanCorpus.Benchmarks,TermVectorHighlighterBenchmarks,LuceneNet_FastVectorHighlighter,DefaultJob,Default,Default,Default,Default,Default,Default,Default,Default,Default,Default,Default,Default,Default,Default,Default,Default,Default,Default,Default,Default,Default,Default,Default,Default,Default,Default,Default,Default,Default,Default,Default,Default,Default,Default,Default,Default,Default,Default,Default,Default,Default,DefaultJob,DocumentCount=100000,1,Workload,Actual,10,1047157391,128,8180917.12,141,2,0,4655073
TermVectorHighlighterBenchmarks.LuceneNet_FastVectorHighlighter,Rowles.LeanCorpus.Benchmarks,TermVectorHighlighterBenchmarks,LuceneNet_FastVectorHighlighter,DefaultJob,Default,Default,Default,Default,Default,Default,Default,Default,Default,Default,Default,Default,Default,Default,Default,Default,Default,Default,Default,Default,Default,Default,Default,Default,Default,Default,Default,Default,Default,Default,Default,Default,Default,Default,Default,Default,Default,Default,Default,Default,Default,DefaultJob,DocumentCount=100000,1,Workload,Actual,11,1044694196,128,8161673.41,141,2,0,4655073
TermVectorHighlighterBenchmarks.LuceneNet_FastVectorHighlighter,Rowles.LeanCorpus.Benchmarks,TermVectorHighlighterBenchmarks,LuceneNet_FastVectorHighlighter,DefaultJob,Default,Default,Default,Default,Default,Default,Default,Default,Default,Default,Default,Default,Default,Default,Default,Default,Default,Default,Default,Default,Default,Default,Default,Default,Default,Default,Default,Default,Default,Default,Default,Default,Default,Default,Default,Default,Default,Default,Default,Default,Default,DefaultJob,DocumentCount=100000,1,Workload,Actual,12,1048982179,128,8195173.27,141,2,0,4655073
TermVectorHighlighterBenchmarks.LuceneNet_FastVectorHighlighter,Rowles.LeanCorpus.Benchmarks,TermVectorHighlighterBenchmarks,LuceneNet_FastVectorHighlighter,DefaultJob,Default,Default,Default,Default,Default,Default,Default,Default,Default,Default,Default,Default,Default,Default,Default,Default,Default,Default,Default,Default,Default,Default,Default,Default,Default,Default,Default,Default,Default,Default,Default,Default,Default,Default,Default,Default,Default,Default,Default,Default,Default,DefaultJob,DocumentCount=100000,1,Workload,Actual,13,1044306338,128,8158643.27,141,2,0,4655073
TermVectorHighlighterBenchmarks.LuceneNet_FastVectorHighlighter,Rowles.LeanCorpus.Benchmarks,TermVectorHighlighterBenchmarks,LuceneNet_FastVectorHighlighter,DefaultJob,Default,Default,Default,Default,Default,Default,Default,Default,Default,Default,Default,Default,Default,Default,Default,Default,Default,Default,Default,Default,Default,Default,Default,Default,Default,Default,Default,Default,Default,Default,Default,Default,Default,Default,Default,Default,Default,Default,Default,Default,Default,DefaultJob,DocumentCount=100000,1,Workload,Actual,14,1049186740,128,8196771.41,141,2,0,4655073
TermVectorHighlighterBenchmarks.LuceneNet_FastVectorHighlighter,Rowles.LeanCorpus.Benchmarks,TermVectorHighlighterBenchmarks,LuceneNet_FastVectorHighlighter,DefaultJob,Default,Default,Default,Default,Default,Default,Default,Default,Default,Default,Default,Default,Default,Default,Default,Default,Default,Default,Default,Default,Default,Default,Default,Default,Default,Default,Default,Default,Default,Default,Default,Default,Default,Default,Default,Default,Default,Default,Default,Default,Default,DefaultJob,DocumentCount=100000,1,Workload,Actual,15,1049610157,128,8200079.35,141,2,0,4655073
TermVectorHighlighterBenchmarks.LuceneNet_FastVectorHighlighter,Rowles.LeanCorpus.Benchmarks,TermVectorHighlighterBenchmarks,LuceneNet_FastVectorHighlighter,DefaultJob,Default,Default,Default,Default,Default,Default,Default,Default,Default,Default,Default,Default,Default,Default,Default,Default,Default,Default,Default,Default,Default,Default,Default,Default,Default,Default,Default,Default,Default,Default,Default,Default,Default,Default,Default,Default,Default,Default,Default,Default,Default,DefaultJob,DocumentCount=100000,1,Workload,Extra,1,1053632828,128,8231506.47,141,2,0,4655073
TermVectorHighlighterBenchmarks.LuceneNet_FastVectorHighlighter,Rowles.LeanCorpus.Benchmarks,TermVectorHighlighterBenchmarks,LuceneNet_FastVectorHighlighter,DefaultJob,Default,Default,Default,Default,Default,Default,Default,Default,Default,Default,Default,Default,Default,Default,Default,Default,Default,Default,Default,Default,Default,Default,Default,Default,Default,Default,Default,Default,Default,Default,Default,Default,Default,Default,Default,Default,Default,Default,Default,Default,Default,DefaultJob,DocumentCount=100000,1,Workload,Result,1,1044849908,128,8162889.91,141,2,0,4655073
TermVectorHighlighterBenchmarks.LuceneNet_FastVectorHighlighter,Rowles.LeanCorpus.Benchmarks,TermVectorHighlighterBenchmarks,LuceneNet_FastVectorHighlighter,DefaultJob,Default,Default,Default,Default,Default,Default,Default,Default,Default,Default,Default,Default,Default,Default,Default,Default,Default,Default,Default,Default,Default,Default,Default,Default,Default,Default,Default,Default,Default,Default,Default,Default,Default,Default,Default,Default,Default,Default,Default,Default,Default,DefaultJob,DocumentCount=100000,1,Workload,Result,2,1035487878,128,8089749.05,141,2,0,4655073
TermVectorHighlighterBenchmarks.LuceneNet_FastVectorHighlighter,Rowles.LeanCorpus.Benchmarks,TermVectorHighlighterBenchmarks,LuceneNet_FastVectorHighlighter,DefaultJob,Default,Default,Default,Default,Default,Default,Default,Default,Default,Default,Default,Default,Default,Default,Default,Default,Default,Default,Default,Default,Default,Default,Default,Default,Default,Default,Default,Default,Default,Default,Default,Default,Default,Default,Default,Default,Default,Default,Default,Default,Default,DefaultJob,DocumentCount=100000,1,Workload,Result,3,1048823744,128,8193935.5,141,2,0,4655073
TermVectorHighlighterBenchmarks.LuceneNet_FastVectorHighlighter,Rowles.LeanCorpus.Benchmarks,TermVectorHighlighterBenchmarks,LuceneNet_FastVectorHighlighter,DefaultJob,Default,Default,Default,Default,Default,Default,Default,Default,Default,Default,Default,Default,Default,Default,Default,Default,Default,Default,Default,Default,Default,Default,Default,Default,Default,Default,Default,Default,Default,Default,Default,Default,Default,Default,Default,Default,Default,Default,Default,Default,Default,DefaultJob,DocumentCount=100000,1,Workload,Result,4,1034125610,128,8079106.33,141,2,0,4655073
TermVectorHighlighterBenchmarks.LuceneNet_FastVectorHighlighter,Rowles.LeanCorpus.Benchmarks,TermVectorHighlighterBenchmarks,LuceneNet_FastVectorHighlighter,DefaultJob,Default,Default,Default,Default,Default,Default,Default,Default,Default,Default,Default,Default,Default,Default,Default,Default,Default,Default,Default,Default,Default,Default,Default,Default,Default,Default,Default,Default,Default,Default,Default,Default,Default,Default,Default,Default,Default,Default,Default,Default,Default,DefaultJob,DocumentCount=100000,1,Workload,Result,5,1043454838,128,8151990.92,141,2,0,4655073
TermVectorHighlighterBenchmarks.LuceneNet_FastVectorHighlighter,Rowles.LeanCorpus.Benchmarks,TermVectorHighlighterBenchmarks,LuceneNet_FastVectorHighlighter,DefaultJob,Default,Default,Default,Default,Default,Default,Default,Default,Default,Default,Default,Default,Default,Default,Default,Default,Default,Default,Default,Default,Default,Default,Default,Default,Default,Default,Default,Default,Default,Default,Default,Default,Default,Default,Default,Default,Default,Default,Default,Default,Default,DefaultJob,DocumentCount=100000,1,Workload,Result,6,1045773357,128,8170104.35,141,2,0,4655073
TermVectorHighlighterBenchmarks.LuceneNet_FastVectorHighlighter,Rowles.LeanCorpus.Benchmarks,TermVectorHighlighterBenchmarks,LuceneNet_FastVectorHighlighter,DefaultJob,Default,Default,Default,Default,Default,Default,Default,Default,Default,Default,Default,Default,Default,Default,Default,Default,Default,Default,Default,Default,Default,Default,Default,Default,Default,Default,Default,Default,Default,Default,Default,Default,Default,Default,Default,Default,Default,Default,Default,Default,Default,DefaultJob,DocumentCount=100000,1,Workload,Result,7,1036412683,128,8096974.09,141,2,0,4655073
TermVectorHighlighterBenchmarks.LuceneNet_FastVectorHighlighter,Rowles.LeanCorpus.Benchmarks,TermVectorHighlighterBenchmarks,LuceneNet_FastVectorHighlighter,DefaultJob,Default,Default,Default,Default,Default,Default,Default,Default,Default,Default,Default,Default,Default,Default,Default,Default,Default,Default,Default,Default,Default,Default,Default,Default,Default,Default,Default,Default,Default,Default,Default,Default,Default,Default,Default,Default,Default,Default,Default,Default,Default,DefaultJob,DocumentCount=100000,1,Workload,Result,8,1045795603,128,8170278.15,141,2,0,4655073
TermVectorHighlighterBenchmarks.LuceneNet_FastVectorHighlighter,Rowles.LeanCorpus.Benchmarks,TermVectorHighlighterBenchmarks,LuceneNet_FastVectorHighlighter,DefaultJob,Default,Default,Default,Default,Default,Default,Default,Default,Default,Default,Default,Default,Default,Default,Default,Default,Default,Default,Default,Default,Default,Default,Default,Default,Default,Default,Default,Default,Default,Default,Default,Default,Default,Default,Default,Default,Default,Default,Default,Default,Default,DefaultJob,DocumentCount=100000,1,Workload,Result,9,1042368104,128,8143500.81,141,2,0,4655073
TermVectorHighlighterBenchmarks.LuceneNet_FastVectorHighlighter,Rowles.LeanCorpus.Benchmarks,TermVectorHighlighterBenchmarks,LuceneNet_FastVectorHighlighter,DefaultJob,Default,Default,Default,Default,Default,Default,Default,Default,Default,Default,Default,Default,Default,Default,Default,Default,Default,Default,Default,Default,Default,Default,Default,Default,Default,Default,Default,Default,Default,Default,Default,Default,Default,Default,Default,Default,Default,Default,Default,Default,Default,DefaultJob,DocumentCount=100000,1,Workload,Result,10,1047157391,128,8180917.12,141,2,0,4655073
TermVectorHighlighterBenchmarks.LuceneNet_FastVectorHighlighter,Rowles.LeanCorpus.Benchmarks,TermVectorHighlighterBenchmarks,LuceneNet_FastVectorHighlighter,DefaultJob,Default,Default,Default,Default,Default,Default,Default,Default,Default,Default,Default,Default,Default,Default,Default,Default,Default,Default,Default,Default,Default,Default,Default,Default,Default,Default,Default,Default,Default,Default,Default,Default,Default,Default,Default,Default,Default,Default,Default,Default,Default,DefaultJob,DocumentCount=100000,1,Workload,Result,11,1044694196,128,8161673.41,141,2,0,4655073
TermVectorHighlighterBenchmarks.LuceneNet_FastVectorHighlighter,Rowles.LeanCorpus.Benchmarks,TermVectorHighlighterBenchmarks,LuceneNet_FastVectorHighlighter,DefaultJob,Default,Default,Default,Default,Default,Default,Default,Default,Default,Default,Default,Default,Default,Default,Default,Default,Default,Default,Default,Default,Default,Default,Default,Default,Default,Default,Default,Default,Default,Default,Default,Default,Default,Default,Default,Default,Default,Default,Default,Default,Default,DefaultJob,DocumentCount=100000,1,Workload,Result,12,1048982179,128,8195173.27,141,2,0,4655073
TermVectorHighlighterBenchmarks.LuceneNet_FastVectorHighlighter,Rowles.LeanCorpus.Benchmarks,TermVectorHighlighterBenchmarks,LuceneNet_FastVectorHighlighter,DefaultJob,Default,Default,Default,Default,Default,Default,Default,Default,Default,Default,Default,Default,Default,Default,Default,Default,Default,Default,Default,Default,Default,Default,Default,Default,Default,Default,Default,Default,Default,Default,Default,Default,Default,Default,Default,Default,Default,Default,Default,Default,Default,DefaultJob,DocumentCount=100000,1,Workload,Result,13,1044306338,128,8158643.27,141,2,0,4655073
TermVectorHighlighterBenchmarks.LuceneNet_FastVectorHighlighter,Rowles.LeanCorpus.Benchmarks,TermVectorHighlighterBenchmarks,LuceneNet_FastVectorHighlighter,DefaultJob,Default,Default,Default,Default,Default,Default,Default,Default,Default,Default,Default,Default,Default,Default,Default,Default,Default,Default,Default,Default,Default,Default,Default,Default,Default,Default,Default,Default,Default,Default,Default,Default,Default,Default,Default,Default,Default,Default,Default,Default,Default,DefaultJob,DocumentCount=100000,1,Workload,Result,14,1049186740,128,8196771.41,141,2,0,4655073
TermVectorHighlighterBenchmarks.LuceneNet_FastVectorHighlighter,Rowles.LeanCorpus.Benchmarks,TermVectorHighlighterBenchmarks,LuceneNet_FastVectorHighlighter,DefaultJob,Default,Default,Default,Default,Default,Default,Default,Default,Default,Default,Default,Default,Default,Default,Default,Default,Default,Default,Default,Default,Default,Default,Default,Default,Default,Default,Default,Default,Default,Default,Default,Default,Default,Default,Default,Default,Default,Default,Default,Default,Default,DefaultJob,DocumentCount=100000,1,Workload,Result,15,1049610157,128,8200079.35,141,2,0,4655073
