Target,Target_Namespace,Target_Type,Target_Method,Job_Id,Job_AnalyzeLaunchVariance,Job_EvaluateOverhead,Job_MaxAbsoluteError,Job_MaxRelativeError,Job_MinInvokeCount,Job_MinIterationTime,Job_OutlierMode,Job_Affinity,Job_EnvironmentVariables,Job_Jit,Job_LargeAddressAware,Job_Platform,Job_PowerPlanMode,Job_Runtime,Job_AllowVeryLargeObjects,Job_Concurrent,Job_CpuGroups,Job_Force,Job_HeapAffinitizeMask,Job_HeapCount,Job_NoAffinitize,Job_RetainVm,Job_Server,Job_Arguments,Job_BuildConfiguration,Job_Clock,Job_EngineFactory,Job_Toolchain,Job_IsMutator,Job_InvocationCount,Job_IterationCount,Job_IterationTime,Job_LaunchCount,Job_MaxIterationCount,Job_MaxWarmupIterationCount,Job_MemoryRandomization,Job_MinIterationCount,Job_MinWarmupIterationCount,Job_RunStrategy,Job_UnrollFactor,Job_WarmupCount,Job_Display,Params,Measurement_LaunchIndex,Measurement_IterationMode,Measurement_IterationStage,Measurement_IterationIndex,Measurement_Nanoseconds,Measurement_Operations,Measurement_Value,Gen_0,Gen_1,Gen_2,Allocated_Bytes
MoreLikeThisBenchmarks.'LeanCorpus MLT Scalar (DefaultParams)',Rowles.LeanCorpus.Benchmarks,MoreLikeThisBenchmarks,'LeanCorpus MLT Scalar (DefaultParams)',DefaultJob,Default,Default,Default,Default,Default,Default,Default,Default,Default,Default,Default,Default,Default,Default,Default,Default,Default,Default,Default,Default,Default,Default,Default,Default,Default,Default,Default,Default,Default,Default,Default,Default,Default,Default,Default,Default,Default,Default,Default,Default,Default,DefaultJob,DocumentCount=100000,1,Workload,Jitting,1,58822801,1,58822801,7,2,0,118589
MoreLikeThisBenchmarks.'LeanCorpus MLT Scalar (DefaultParams)',Rowles.LeanCorpus.Benchmarks,MoreLikeThisBenchmarks,'LeanCorpus MLT Scalar (DefaultParams)',DefaultJob,Default,Default,Default,Default,Default,Default,Default,Default,Default,Default,Default,Default,Default,Default,Default,Default,Default,Default,Default,Default,Default,Default,Default,Default,Default,Default,Default,Default,Default,Default,Default,Default,Default,Default,Default,Default,Default,Default,Default,Default,Default,DefaultJob,DocumentCount=100000,1,Workload,Jitting,2,131645670,30,4388189,7,2,0,118589
MoreLikeThisBenchmarks.'LeanCorpus MLT Scalar (DefaultParams)',Rowles.LeanCorpus.Benchmarks,MoreLikeThisBenchmarks,'LeanCorpus MLT Scalar (DefaultParams)',DefaultJob,Default,Default,Default,Default,Default,Default,Default,Default,Default,Default,Default,Default,Default,Default,Default,Default,Default,Default,Default,Default,Default,Default,Default,Default,Default,Default,Default,Default,Default,Default,Default,Default,Default,Default,Default,Default,Default,Default,Default,Default,Default,DefaultJob,DocumentCount=100000,1,Workload,Jitting,3,95091155,30,3169705.17,7,2,0,118589
MoreLikeThisBenchmarks.'LeanCorpus MLT Scalar (DefaultParams)',Rowles.LeanCorpus.Benchmarks,MoreLikeThisBenchmarks,'LeanCorpus MLT Scalar (DefaultParams)',DefaultJob,Default,Default,Default,Default,Default,Default,Default,Default,Default,Default,Default,Default,Default,Default,Default,Default,Default,Default,Default,Default,Default,Default,Default,Default,Default,Default,Default,Default,Default,Default,Default,Default,Default,Default,Default,Default,Default,Default,Default,Default,Default,DefaultJob,DocumentCount=100000,1,Workload,Jitting,4,78014296,30,2600476.53,7,2,0,118589
MoreLikeThisBenchmarks.'LeanCorpus MLT Scalar (DefaultParams)',Rowles.LeanCorpus.Benchmarks,MoreLikeThisBenchmarks,'LeanCorpus MLT Scalar (DefaultParams)',DefaultJob,Default,Default,Default,Default,Default,Default,Default,Default,Default,Default,Default,Default,Default,Default,Default,Default,Default,Default,Default,Default,Default,Default,Default,Default,Default,Default,Default,Default,Default,Default,Default,Default,Default,Default,Default,Default,Default,Default,Default,Default,Default,DefaultJob,DocumentCount=100000,1,Workload,Jitting,5,3625462,1,3625462,7,2,0,118589
MoreLikeThisBenchmarks.'LeanCorpus MLT Scalar (DefaultParams)',Rowles.LeanCorpus.Benchmarks,MoreLikeThisBenchmarks,'LeanCorpus MLT Scalar (DefaultParams)',DefaultJob,Default,Default,Default,Default,Default,Default,Default,Default,Default,Default,Default,Default,Default,Default,Default,Default,Default,Default,Default,Default,Default,Default,Default,Default,Default,Default,Default,Default,Default,Default,Default,Default,Default,Default,Default,Default,Default,Default,Default,Default,Default,DefaultJob,DocumentCount=100000,1,Workload,Pilot,1,2659949,1,2659949,7,2,0,118589
MoreLikeThisBenchmarks.'LeanCorpus MLT Scalar (DefaultParams)',Rowles.LeanCorpus.Benchmarks,MoreLikeThisBenchmarks,'LeanCorpus MLT Scalar (DefaultParams)',DefaultJob,Default,Default,Default,Default,Default,Default,Default,Default,Default,Default,Default,Default,Default,Default,Default,Default,Default,Default,Default,Default,Default,Default,Default,Default,Default,Default,Default,Default,Default,Default,Default,Default,Default,Default,Default,Default,Default,Default,Default,Default,Default,DefaultJob,DocumentCount=100000,1,Workload,Pilot,1,37963442,16,2372715.13,7,2,0,118589
MoreLikeThisBenchmarks.'LeanCorpus MLT Scalar (DefaultParams)',Rowles.LeanCorpus.Benchmarks,MoreLikeThisBenchmarks,'LeanCorpus MLT Scalar (DefaultParams)',DefaultJob,Default,Default,Default,Default,Default,Default,Default,Default,Default,Default,Default,Default,Default,Default,Default,Default,Default,Default,Default,Default,Default,Default,Default,Default,Default,Default,Default,Default,Default,Default,Default,Default,Default,Default,Default,Default,Default,Default,Default,Default,Default,DefaultJob,DocumentCount=100000,1,Workload,Pilot,2,85658142,32,2676816.94,7,2,0,118589
MoreLikeThisBenchmarks.'LeanCorpus MLT Scalar (DefaultParams)',Rowles.LeanCorpus.Benchmarks,MoreLikeThisBenchmarks,'LeanCorpus MLT Scalar (DefaultParams)',DefaultJob,Default,Default,Default,Default,Default,Default,Default,Default,Default,Default,Default,Default,Default,Default,Default,Default,Default,Default,Default,Default,Default,Default,Default,Default,Default,Default,Default,Default,Default,Default,Default,Default,Default,Default,Default,Default,Default,Default,Default,Default,Default,DefaultJob,DocumentCount=100000,1,Workload,Pilot,3,181987909,64,2843561.08,7,2,0,118589
MoreLikeThisBenchmarks.'LeanCorpus MLT Scalar (DefaultParams)',Rowles.LeanCorpus.Benchmarks,MoreLikeThisBenchmarks,'LeanCorpus MLT Scalar (DefaultParams)',DefaultJob,Default,Default,Default,Default,Default,Default,Default,Default,Default,Default,Default,Default,Default,Default,Default,Default,Default,Default,Default,Default,Default,Default,Default,Default,Default,Default,Default,Default,Default,Default,Default,Default,Default,Default,Default,Default,Default,Default,Default,Default,Default,DefaultJob,DocumentCount=100000,1,Workload,Pilot,4,347628434,128,2715847.14,7,2,0,118589
MoreLikeThisBenchmarks.'LeanCorpus MLT Scalar (DefaultParams)',Rowles.LeanCorpus.Benchmarks,MoreLikeThisBenchmarks,'LeanCorpus MLT Scalar (DefaultParams)',DefaultJob,Default,Default,Default,Default,Default,Default,Default,Default,Default,Default,Default,Default,Default,Default,Default,Default,Default,Default,Default,Default,Default,Default,Default,Default,Default,Default,Default,Default,Default,Default,Default,Default,Default,Default,Default,Default,Default,Default,Default,Default,Default,DefaultJob,DocumentCount=100000,1,Workload,Pilot,5,703884403,256,2749548.45,7,2,0,118589
MoreLikeThisBenchmarks.'LeanCorpus MLT Scalar (DefaultParams)',Rowles.LeanCorpus.Benchmarks,MoreLikeThisBenchmarks,'LeanCorpus MLT Scalar (DefaultParams)',DefaultJob,Default,Default,Default,Default,Default,Default,Default,Default,Default,Default,Default,Default,Default,Default,Default,Default,Default,Default,Default,Default,Default,Default,Default,Default,Default,Default,Default,Default,Default,Default,Default,Default,Default,Default,Default,Default,Default,Default,Default,Default,Default,DefaultJob,DocumentCount=100000,1,Workload,Warmup,1,692896108,256,2706625.42,7,2,0,118589
MoreLikeThisBenchmarks.'LeanCorpus MLT Scalar (DefaultParams)',Rowles.LeanCorpus.Benchmarks,MoreLikeThisBenchmarks,'LeanCorpus MLT Scalar (DefaultParams)',DefaultJob,Default,Default,Default,Default,Default,Default,Default,Default,Default,Default,Default,Default,Default,Default,Default,Default,Default,Default,Default,Default,Default,Default,Default,Default,Default,Default,Default,Default,Default,Default,Default,Default,Default,Default,Default,Default,Default,Default,Default,Default,Default,DefaultJob,DocumentCount=100000,1,Workload,Warmup,2,655624631,256,2561033.71,7,2,0,118589
MoreLikeThisBenchmarks.'LeanCorpus MLT Scalar (DefaultParams)',Rowles.LeanCorpus.Benchmarks,MoreLikeThisBenchmarks,'LeanCorpus MLT Scalar (DefaultParams)',DefaultJob,Default,Default,Default,Default,Default,Default,Default,Default,Default,Default,Default,Default,Default,Default,Default,Default,Default,Default,Default,Default,Default,Default,Default,Default,Default,Default,Default,Default,Default,Default,Default,Default,Default,Default,Default,Default,Default,Default,Default,Default,Default,DefaultJob,DocumentCount=100000,1,Workload,Warmup,3,659421889,256,2575866.75,7,2,0,118589
MoreLikeThisBenchmarks.'LeanCorpus MLT Scalar (DefaultParams)',Rowles.LeanCorpus.Benchmarks,MoreLikeThisBenchmarks,'LeanCorpus MLT Scalar (DefaultParams)',DefaultJob,Default,Default,Default,Default,Default,Default,Default,Default,Default,Default,Default,Default,Default,Default,Default,Default,Default,Default,Default,Default,Default,Default,Default,Default,Default,Default,Default,Default,Default,Default,Default,Default,Default,Default,Default,Default,Default,Default,Default,Default,Default,DefaultJob,DocumentCount=100000,1,Workload,Warmup,4,650676160,256,2541703.75,7,2,0,118589
MoreLikeThisBenchmarks.'LeanCorpus MLT Scalar (DefaultParams)',Rowles.LeanCorpus.Benchmarks,MoreLikeThisBenchmarks,'LeanCorpus MLT Scalar (DefaultParams)',DefaultJob,Default,Default,Default,Default,Default,Default,Default,Default,Default,Default,Default,Default,Default,Default,Default,Default,Default,Default,Default,Default,Default,Default,Default,Default,Default,Default,Default,Default,Default,Default,Default,Default,Default,Default,Default,Default,Default,Default,Default,Default,Default,DefaultJob,DocumentCount=100000,1,Workload,Warmup,5,648015714,256,2531311.38,7,2,0,118589
MoreLikeThisBenchmarks.'LeanCorpus MLT Scalar (DefaultParams)',Rowles.LeanCorpus.Benchmarks,MoreLikeThisBenchmarks,'LeanCorpus MLT Scalar (DefaultParams)',DefaultJob,Default,Default,Default,Default,Default,Default,Default,Default,Default,Default,Default,Default,Default,Default,Default,Default,Default,Default,Default,Default,Default,Default,Default,Default,Default,Default,Default,Default,Default,Default,Default,Default,Default,Default,Default,Default,Default,Default,Default,Default,Default,DefaultJob,DocumentCount=100000,1,Workload,Warmup,6,642772544,256,2510830.25,7,2,0,118589
MoreLikeThisBenchmarks.'LeanCorpus MLT Scalar (DefaultParams)',Rowles.LeanCorpus.Benchmarks,MoreLikeThisBenchmarks,'LeanCorpus MLT Scalar (DefaultParams)',DefaultJob,Default,Default,Default,Default,Default,Default,Default,Default,Default,Default,Default,Default,Default,Default,Default,Default,Default,Default,Default,Default,Default,Default,Default,Default,Default,Default,Default,Default,Default,Default,Default,Default,Default,Default,Default,Default,Default,Default,Default,Default,Default,DefaultJob,DocumentCount=100000,1,Workload,Warmup,7,648475282,256,2533106.57,7,2,0,118589
MoreLikeThisBenchmarks.'LeanCorpus MLT Scalar (DefaultParams)',Rowles.LeanCorpus.Benchmarks,MoreLikeThisBenchmarks,'LeanCorpus MLT Scalar (DefaultParams)',DefaultJob,Default,Default,Default,Default,Default,Default,Default,Default,Default,Default,Default,Default,Default,Default,Default,Default,Default,Default,Default,Default,Default,Default,Default,Default,Default,Default,Default,Default,Default,Default,Default,Default,Default,Default,Default,Default,Default,Default,Default,Default,Default,DefaultJob,DocumentCount=100000,1,Workload,Warmup,8,620083960,256,2422202.97,7,2,0,118589
MoreLikeThisBenchmarks.'LeanCorpus MLT Scalar (DefaultParams)',Rowles.LeanCorpus.Benchmarks,MoreLikeThisBenchmarks,'LeanCorpus MLT Scalar (DefaultParams)',DefaultJob,Default,Default,Default,Default,Default,Default,Default,Default,Default,Default,Default,Default,Default,Default,Default,Default,Default,Default,Default,Default,Default,Default,Default,Default,Default,Default,Default,Default,Default,Default,Default,Default,Default,Default,Default,Default,Default,Default,Default,Default,Default,DefaultJob,DocumentCount=100000,1,Workload,Actual,1,616357829,256,2407647.77,7,2,0,118589
MoreLikeThisBenchmarks.'LeanCorpus MLT Scalar (DefaultParams)',Rowles.LeanCorpus.Benchmarks,MoreLikeThisBenchmarks,'LeanCorpus MLT Scalar (DefaultParams)',DefaultJob,Default,Default,Default,Default,Default,Default,Default,Default,Default,Default,Default,Default,Default,Default,Default,Default,Default,Default,Default,Default,Default,Default,Default,Default,Default,Default,Default,Default,Default,Default,Default,Default,Default,Default,Default,Default,Default,Default,Default,Default,Default,DefaultJob,DocumentCount=100000,1,Workload,Actual,2,636181719,256,2485084.84,7,2,0,118589
MoreLikeThisBenchmarks.'LeanCorpus MLT Scalar (DefaultParams)',Rowles.LeanCorpus.Benchmarks,MoreLikeThisBenchmarks,'LeanCorpus MLT Scalar (DefaultParams)',DefaultJob,Default,Default,Default,Default,Default,Default,Default,Default,Default,Default,Default,Default,Default,Default,Default,Default,Default,Default,Default,Default,Default,Default,Default,Default,Default,Default,Default,Default,Default,Default,Default,Default,Default,Default,Default,Default,Default,Default,Default,Default,Default,DefaultJob,DocumentCount=100000,1,Workload,Actual,3,652965590,256,2550646.84,7,2,0,118589
MoreLikeThisBenchmarks.'LeanCorpus MLT Scalar (DefaultParams)',Rowles.LeanCorpus.Benchmarks,MoreLikeThisBenchmarks,'LeanCorpus MLT Scalar (DefaultParams)',DefaultJob,Default,Default,Default,Default,Default,Default,Default,Default,Default,Default,Default,Default,Default,Default,Default,Default,Default,Default,Default,Default,Default,Default,Default,Default,Default,Default,Default,Default,Default,Default,Default,Default,Default,Default,Default,Default,Default,Default,Default,Default,Default,DefaultJob,DocumentCount=100000,1,Workload,Actual,4,645626938,256,2521980.23,7,2,0,118589
MoreLikeThisBenchmarks.'LeanCorpus MLT Scalar (DefaultParams)',Rowles.LeanCorpus.Benchmarks,MoreLikeThisBenchmarks,'LeanCorpus MLT Scalar (DefaultParams)',DefaultJob,Default,Default,Default,Default,Default,Default,Default,Default,Default,Default,Default,Default,Default,Default,Default,Default,Default,Default,Default,Default,Default,Default,Default,Default,Default,Default,Default,Default,Default,Default,Default,Default,Default,Default,Default,Default,Default,Default,Default,Default,Default,DefaultJob,DocumentCount=100000,1,Workload,Actual,5,652798011,256,2549992.23,7,2,0,118589
MoreLikeThisBenchmarks.'LeanCorpus MLT Scalar (DefaultParams)',Rowles.LeanCorpus.Benchmarks,MoreLikeThisBenchmarks,'LeanCorpus MLT Scalar (DefaultParams)',DefaultJob,Default,Default,Default,Default,Default,Default,Default,Default,Default,Default,Default,Default,Default,Default,Default,Default,Default,Default,Default,Default,Default,Default,Default,Default,Default,Default,Default,Default,Default,Default,Default,Default,Default,Default,Default,Default,Default,Default,Default,Default,Default,DefaultJob,DocumentCount=100000,1,Workload,Actual,6,662444483,256,2587673.76,7,2,0,118589
MoreLikeThisBenchmarks.'LeanCorpus MLT Scalar (DefaultParams)',Rowles.LeanCorpus.Benchmarks,MoreLikeThisBenchmarks,'LeanCorpus MLT Scalar (DefaultParams)',DefaultJob,Default,Default,Default,Default,Default,Default,Default,Default,Default,Default,Default,Default,Default,Default,Default,Default,Default,Default,Default,Default,Default,Default,Default,Default,Default,Default,Default,Default,Default,Default,Default,Default,Default,Default,Default,Default,Default,Default,Default,Default,Default,DefaultJob,DocumentCount=100000,1,Workload,Actual,7,652914692,256,2550448.02,7,2,0,118589
MoreLikeThisBenchmarks.'LeanCorpus MLT Scalar (DefaultParams)',Rowles.LeanCorpus.Benchmarks,MoreLikeThisBenchmarks,'LeanCorpus MLT Scalar (DefaultParams)',DefaultJob,Default,Default,Default,Default,Default,Default,Default,Default,Default,Default,Default,Default,Default,Default,Default,Default,Default,Default,Default,Default,Default,Default,Default,Default,Default,Default,Default,Default,Default,Default,Default,Default,Default,Default,Default,Default,Default,Default,Default,Default,Default,DefaultJob,DocumentCount=100000,1,Workload,Actual,8,645716937,256,2522331.79,7,2,0,118589
MoreLikeThisBenchmarks.'LeanCorpus MLT Scalar (DefaultParams)',Rowles.LeanCorpus.Benchmarks,MoreLikeThisBenchmarks,'LeanCorpus MLT Scalar (DefaultParams)',DefaultJob,Default,Default,Default,Default,Default,Default,Default,Default,Default,Default,Default,Default,Default,Default,Default,Default,Default,Default,Default,Default,Default,Default,Default,Default,Default,Default,Default,Default,Default,Default,Default,Default,Default,Default,Default,Default,Default,Default,Default,Default,Default,DefaultJob,DocumentCount=100000,1,Workload,Actual,9,638274959,256,2493261.56,7,2,0,118589
MoreLikeThisBenchmarks.'LeanCorpus MLT Scalar (DefaultParams)',Rowles.LeanCorpus.Benchmarks,MoreLikeThisBenchmarks,'LeanCorpus MLT Scalar (DefaultParams)',DefaultJob,Default,Default,Default,Default,Default,Default,Default,Default,Default,Default,Default,Default,Default,Default,Default,Default,Default,Default,Default,Default,Default,Default,Default,Default,Default,Default,Default,Default,Default,Default,Default,Default,Default,Default,Default,Default,Default,Default,Default,Default,Default,DefaultJob,DocumentCount=100000,1,Workload,Actual,10,646423827,256,2525093.07,7,2,0,118589
MoreLikeThisBenchmarks.'LeanCorpus MLT Scalar (DefaultParams)',Rowles.LeanCorpus.Benchmarks,MoreLikeThisBenchmarks,'LeanCorpus MLT Scalar (DefaultParams)',DefaultJob,Default,Default,Default,Default,Default,Default,Default,Default,Default,Default,Default,Default,Default,Default,Default,Default,Default,Default,Default,Default,Default,Default,Default,Default,Default,Default,Default,Default,Default,Default,Default,Default,Default,Default,Default,Default,Default,Default,Default,Default,Default,DefaultJob,DocumentCount=100000,1,Workload,Actual,11,660299278,256,2579294.05,7,2,0,118589
MoreLikeThisBenchmarks.'LeanCorpus MLT Scalar (DefaultParams)',Rowles.LeanCorpus.Benchmarks,MoreLikeThisBenchmarks,'LeanCorpus MLT Scalar (DefaultParams)',DefaultJob,Default,Default,Default,Default,Default,Default,Default,Default,Default,Default,Default,Default,Default,Default,Default,Default,Default,Default,Default,Default,Default,Default,Default,Default,Default,Default,Default,Default,Default,Default,Default,Default,Default,Default,Default,Default,Default,Default,Default,Default,Default,DefaultJob,DocumentCount=100000,1,Workload,Actual,12,643618399,256,2514134.37,7,2,0,118589
MoreLikeThisBenchmarks.'LeanCorpus MLT Scalar (DefaultParams)',Rowles.LeanCorpus.Benchmarks,MoreLikeThisBenchmarks,'LeanCorpus MLT Scalar (DefaultParams)',DefaultJob,Default,Default,Default,Default,Default,Default,Default,Default,Default,Default,Default,Default,Default,Default,Default,Default,Default,Default,Default,Default,Default,Default,Default,Default,Default,Default,Default,Default,Default,Default,Default,Default,Default,Default,Default,Default,Default,Default,Default,Default,Default,DefaultJob,DocumentCount=100000,1,Workload,Actual,13,654865189,256,2558067.14,7,2,0,118589
MoreLikeThisBenchmarks.'LeanCorpus MLT Scalar (DefaultParams)',Rowles.LeanCorpus.Benchmarks,MoreLikeThisBenchmarks,'LeanCorpus MLT Scalar (DefaultParams)',DefaultJob,Default,Default,Default,Default,Default,Default,Default,Default,Default,Default,Default,Default,Default,Default,Default,Default,Default,Default,Default,Default,Default,Default,Default,Default,Default,Default,Default,Default,Default,Default,Default,Default,Default,Default,Default,Default,Default,Default,Default,Default,Default,DefaultJob,DocumentCount=100000,1,Workload,Actual,14,645428939,256,2521206.79,7,2,0,118589
MoreLikeThisBenchmarks.'LeanCorpus MLT Scalar (DefaultParams)',Rowles.LeanCorpus.Benchmarks,MoreLikeThisBenchmarks,'LeanCorpus MLT Scalar (DefaultParams)',DefaultJob,Default,Default,Default,Default,Default,Default,Default,Default,Default,Default,Default,Default,Default,Default,Default,Default,Default,Default,Default,Default,Default,Default,Default,Default,Default,Default,Default,Default,Default,Default,Default,Default,Default,Default,Default,Default,Default,Default,Default,Default,Default,DefaultJob,DocumentCount=100000,1,Workload,Actual,15,643609269,256,2514098.71,7,2,0,118589
MoreLikeThisBenchmarks.'LeanCorpus MLT Scalar (DefaultParams)',Rowles.LeanCorpus.Benchmarks,MoreLikeThisBenchmarks,'LeanCorpus MLT Scalar (DefaultParams)',DefaultJob,Default,Default,Default,Default,Default,Default,Default,Default,Default,Default,Default,Default,Default,Default,Default,Default,Default,Default,Default,Default,Default,Default,Default,Default,Default,Default,Default,Default,Default,Default,Default,Default,Default,Default,Default,Default,Default,Default,Default,Default,Default,DefaultJob,DocumentCount=100000,1,Workload,Extra,1,643251516,256,2512701.23,7,2,0,118589
MoreLikeThisBenchmarks.'LeanCorpus MLT Scalar (DefaultParams)',Rowles.LeanCorpus.Benchmarks,MoreLikeThisBenchmarks,'LeanCorpus MLT Scalar (DefaultParams)',DefaultJob,Default,Default,Default,Default,Default,Default,Default,Default,Default,Default,Default,Default,Default,Default,Default,Default,Default,Default,Default,Default,Default,Default,Default,Default,Default,Default,Default,Default,Default,Default,Default,Default,Default,Default,Default,Default,Default,Default,Default,Default,Default,DefaultJob,DocumentCount=100000,1,Workload,Result,1,616357829,256,2407647.77,7,2,0,118589
MoreLikeThisBenchmarks.'LeanCorpus MLT Scalar (DefaultParams)',Rowles.LeanCorpus.Benchmarks,MoreLikeThisBenchmarks,'LeanCorpus MLT Scalar (DefaultParams)',DefaultJob,Default,Default,Default,Default,Default,Default,Default,Default,Default,Default,Default,Default,Default,Default,Default,Default,Default,Default,Default,Default,Default,Default,Default,Default,Default,Default,Default,Default,Default,Default,Default,Default,Default,Default,Default,Default,Default,Default,Default,Default,Default,DefaultJob,DocumentCount=100000,1,Workload,Result,2,636181719,256,2485084.84,7,2,0,118589
MoreLikeThisBenchmarks.'LeanCorpus MLT Scalar (DefaultParams)',Rowles.LeanCorpus.Benchmarks,MoreLikeThisBenchmarks,'LeanCorpus MLT Scalar (DefaultParams)',DefaultJob,Default,Default,Default,Default,Default,Default,Default,Default,Default,Default,Default,Default,Default,Default,Default,Default,Default,Default,Default,Default,Default,Default,Default,Default,Default,Default,Default,Default,Default,Default,Default,Default,Default,Default,Default,Default,Default,Default,Default,Default,Default,DefaultJob,DocumentCount=100000,1,Workload,Result,3,652965590,256,2550646.84,7,2,0,118589
MoreLikeThisBenchmarks.'LeanCorpus MLT Scalar (DefaultParams)',Rowles.LeanCorpus.Benchmarks,MoreLikeThisBenchmarks,'LeanCorpus MLT Scalar (DefaultParams)',DefaultJob,Default,Default,Default,Default,Default,Default,Default,Default,Default,Default,Default,Default,Default,Default,Default,Default,Default,Default,Default,Default,Default,Default,Default,Default,Default,Default,Default,Default,Default,Default,Default,Default,Default,Default,Default,Default,Default,Default,Default,Default,Default,DefaultJob,DocumentCount=100000,1,Workload,Result,4,645626938,256,2521980.23,7,2,0,118589
MoreLikeThisBenchmarks.'LeanCorpus MLT Scalar (DefaultParams)',Rowles.LeanCorpus.Benchmarks,MoreLikeThisBenchmarks,'LeanCorpus MLT Scalar (DefaultParams)',DefaultJob,Default,Default,Default,Default,Default,Default,Default,Default,Default,Default,Default,Default,Default,Default,Default,Default,Default,Default,Default,Default,Default,Default,Default,Default,Default,Default,Default,Default,Default,Default,Default,Default,Default,Default,Default,Default,Default,Default,Default,Default,Default,DefaultJob,DocumentCount=100000,1,Workload,Result,5,652798011,256,2549992.23,7,2,0,118589
MoreLikeThisBenchmarks.'LeanCorpus MLT Scalar (DefaultParams)',Rowles.LeanCorpus.Benchmarks,MoreLikeThisBenchmarks,'LeanCorpus MLT Scalar (DefaultParams)',DefaultJob,Default,Default,Default,Default,Default,Default,Default,Default,Default,Default,Default,Default,Default,Default,Default,Default,Default,Default,Default,Default,Default,Default,Default,Default,Default,Default,Default,Default,Default,Default,Default,Default,Default,Default,Default,Default,Default,Default,Default,Default,Default,DefaultJob,DocumentCount=100000,1,Workload,Result,6,662444483,256,2587673.76,7,2,0,118589
MoreLikeThisBenchmarks.'LeanCorpus MLT Scalar (DefaultParams)',Rowles.LeanCorpus.Benchmarks,MoreLikeThisBenchmarks,'LeanCorpus MLT Scalar (DefaultParams)',DefaultJob,Default,Default,Default,Default,Default,Default,Default,Default,Default,Default,Default,Default,Default,Default,Default,Default,Default,Default,Default,Default,Default,Default,Default,Default,Default,Default,Default,Default,Default,Default,Default,Default,Default,Default,Default,Default,Default,Default,Default,Default,Default,DefaultJob,DocumentCount=100000,1,Workload,Result,7,652914692,256,2550448.02,7,2,0,118589
MoreLikeThisBenchmarks.'LeanCorpus MLT Scalar (DefaultParams)',Rowles.LeanCorpus.Benchmarks,MoreLikeThisBenchmarks,'LeanCorpus MLT Scalar (DefaultParams)',DefaultJob,Default,Default,Default,Default,Default,Default,Default,Default,Default,Default,Default,Default,Default,Default,Default,Default,Default,Default,Default,Default,Default,Default,Default,Default,Default,Default,Default,Default,Default,Default,Default,Default,Default,Default,Default,Default,Default,Default,Default,Default,Default,DefaultJob,DocumentCount=100000,1,Workload,Result,8,645716937,256,2522331.79,7,2,0,118589
MoreLikeThisBenchmarks.'LeanCorpus MLT Scalar (DefaultParams)',Rowles.LeanCorpus.Benchmarks,MoreLikeThisBenchmarks,'LeanCorpus MLT Scalar (DefaultParams)',DefaultJob,Default,Default,Default,Default,Default,Default,Default,Default,Default,Default,Default,Default,Default,Default,Default,Default,Default,Default,Default,Default,Default,Default,Default,Default,Default,Default,Default,Default,Default,Default,Default,Default,Default,Default,Default,Default,Default,Default,Default,Default,Default,DefaultJob,DocumentCount=100000,1,Workload,Result,9,638274959,256,2493261.56,7,2,0,118589
MoreLikeThisBenchmarks.'LeanCorpus MLT Scalar (DefaultParams)',Rowles.LeanCorpus.Benchmarks,MoreLikeThisBenchmarks,'LeanCorpus MLT Scalar (DefaultParams)',DefaultJob,Default,Default,Default,Default,Default,Default,Default,Default,Default,Default,Default,Default,Default,Default,Default,Default,Default,Default,Default,Default,Default,Default,Default,Default,Default,Default,Default,Default,Default,Default,Default,Default,Default,Default,Default,Default,Default,Default,Default,Default,Default,DefaultJob,DocumentCount=100000,1,Workload,Result,10,646423827,256,2525093.07,7,2,0,118589
MoreLikeThisBenchmarks.'LeanCorpus MLT Scalar (DefaultParams)',Rowles.LeanCorpus.Benchmarks,MoreLikeThisBenchmarks,'LeanCorpus MLT Scalar (DefaultParams)',DefaultJob,Default,Default,Default,Default,Default,Default,Default,Default,Default,Default,Default,Default,Default,Default,Default,Default,Default,Default,Default,Default,Default,Default,Default,Default,Default,Default,Default,Default,Default,Default,Default,Default,Default,Default,Default,Default,Default,Default,Default,Default,Default,DefaultJob,DocumentCount=100000,1,Workload,Result,11,660299278,256,2579294.05,7,2,0,118589
MoreLikeThisBenchmarks.'LeanCorpus MLT Scalar (DefaultParams)',Rowles.LeanCorpus.Benchmarks,MoreLikeThisBenchmarks,'LeanCorpus MLT Scalar (DefaultParams)',DefaultJob,Default,Default,Default,Default,Default,Default,Default,Default,Default,Default,Default,Default,Default,Default,Default,Default,Default,Default,Default,Default,Default,Default,Default,Default,Default,Default,Default,Default,Default,Default,Default,Default,Default,Default,Default,Default,Default,Default,Default,Default,Default,DefaultJob,DocumentCount=100000,1,Workload,Result,12,643618399,256,2514134.37,7,2,0,118589
MoreLikeThisBenchmarks.'LeanCorpus MLT Scalar (DefaultParams)',Rowles.LeanCorpus.Benchmarks,MoreLikeThisBenchmarks,'LeanCorpus MLT Scalar (DefaultParams)',DefaultJob,Default,Default,Default,Default,Default,Default,Default,Default,Default,Default,Default,Default,Default,Default,Default,Default,Default,Default,Default,Default,Default,Default,Default,Default,Default,Default,Default,Default,Default,Default,Default,Default,Default,Default,Default,Default,Default,Default,Default,Default,Default,DefaultJob,DocumentCount=100000,1,Workload,Result,13,654865189,256,2558067.14,7,2,0,118589
MoreLikeThisBenchmarks.'LeanCorpus MLT Scalar (DefaultParams)',Rowles.LeanCorpus.Benchmarks,MoreLikeThisBenchmarks,'LeanCorpus MLT Scalar (DefaultParams)',DefaultJob,Default,Default,Default,Default,Default,Default,Default,Default,Default,Default,Default,Default,Default,Default,Default,Default,Default,Default,Default,Default,Default,Default,Default,Default,Default,Default,Default,Default,Default,Default,Default,Default,Default,Default,Default,Default,Default,Default,Default,Default,Default,DefaultJob,DocumentCount=100000,1,Workload,Result,14,645428939,256,2521206.79,7,2,0,118589
MoreLikeThisBenchmarks.'LeanCorpus MLT Scalar (DefaultParams)',Rowles.LeanCorpus.Benchmarks,MoreLikeThisBenchmarks,'LeanCorpus MLT Scalar (DefaultParams)',DefaultJob,Default,Default,Default,Default,Default,Default,Default,Default,Default,Default,Default,Default,Default,Default,Default,Default,Default,Default,Default,Default,Default,Default,Default,Default,Default,Default,Default,Default,Default,Default,Default,Default,Default,Default,Default,Default,Default,Default,Default,Default,Default,DefaultJob,DocumentCount=100000,1,Workload,Result,15,643609269,256,2514098.71,7,2,0,118589
MoreLikeThisBenchmarks.'LeanCorpus MLT Scalar (HighMinDocFreq)',Rowles.LeanCorpus.Benchmarks,MoreLikeThisBenchmarks,'LeanCorpus MLT Scalar (HighMinDocFreq)',DefaultJob,Default,Default,Default,Default,Default,Default,Default,Default,Default,Default,Default,Default,Default,Default,Default,Default,Default,Default,Default,Default,Default,Default,Default,Default,Default,Default,Default,Default,Default,Default,Default,Default,Default,Default,Default,Default,Default,Default,Default,Default,Default,DefaultJob,DocumentCount=100000,1,Workload,Jitting,1,59315335,1,59315335,2,0,0,38464
MoreLikeThisBenchmarks.'LeanCorpus MLT Scalar (HighMinDocFreq)',Rowles.LeanCorpus.Benchmarks,MoreLikeThisBenchmarks,'LeanCorpus MLT Scalar (HighMinDocFreq)',DefaultJob,Default,Default,Default,Default,Default,Default,Default,Default,Default,Default,Default,Default,Default,Default,Default,Default,Default,Default,Default,Default,Default,Default,Default,Default,Default,Default,Default,Default,Default,Default,Default,Default,Default,Default,Default,Default,Default,Default,Default,Default,Default,DefaultJob,DocumentCount=100000,1,Workload,Jitting,2,126586847,30,4219561.57,2,0,0,38464
MoreLikeThisBenchmarks.'LeanCorpus MLT Scalar (HighMinDocFreq)',Rowles.LeanCorpus.Benchmarks,MoreLikeThisBenchmarks,'LeanCorpus MLT Scalar (HighMinDocFreq)',DefaultJob,Default,Default,Default,Default,Default,Default,Default,Default,Default,Default,Default,Default,Default,Default,Default,Default,Default,Default,Default,Default,Default,Default,Default,Default,Default,Default,Default,Default,Default,Default,Default,Default,Default,Default,Default,Default,Default,Default,Default,Default,Default,DefaultJob,DocumentCount=100000,1,Workload,Jitting,3,93672096,30,3122403.2,2,0,0,38464
MoreLikeThisBenchmarks.'LeanCorpus MLT Scalar (HighMinDocFreq)',Rowles.LeanCorpus.Benchmarks,MoreLikeThisBenchmarks,'LeanCorpus MLT Scalar (HighMinDocFreq)',DefaultJob,Default,Default,Default,Default,Default,Default,Default,Default,Default,Default,Default,Default,Default,Default,Default,Default,Default,Default,Default,Default,Default,Default,Default,Default,Default,Default,Default,Default,Default,Default,Default,Default,Default,Default,Default,Default,Default,Default,Default,Default,Default,DefaultJob,DocumentCount=100000,1,Workload,Jitting,4,80646735,30,2688224.5,2,0,0,38464
MoreLikeThisBenchmarks.'LeanCorpus MLT Scalar (HighMinDocFreq)',Rowles.LeanCorpus.Benchmarks,MoreLikeThisBenchmarks,'LeanCorpus MLT Scalar (HighMinDocFreq)',DefaultJob,Default,Default,Default,Default,Default,Default,Default,Default,Default,Default,Default,Default,Default,Default,Default,Default,Default,Default,Default,Default,Default,Default,Default,Default,Default,Default,Default,Default,Default,Default,Default,Default,Default,Default,Default,Default,Default,Default,Default,Default,Default,DefaultJob,DocumentCount=100000,1,Workload,Jitting,5,3282515,1,3282515,2,0,0,38464
MoreLikeThisBenchmarks.'LeanCorpus MLT Scalar (HighMinDocFreq)',Rowles.LeanCorpus.Benchmarks,MoreLikeThisBenchmarks,'LeanCorpus MLT Scalar (HighMinDocFreq)',DefaultJob,Default,Default,Default,Default,Default,Default,Default,Default,Default,Default,Default,Default,Default,Default,Default,Default,Default,Default,Default,Default,Default,Default,Default,Default,Default,Default,Default,Default,Default,Default,Default,Default,Default,Default,Default,Default,Default,Default,Default,Default,Default,DefaultJob,DocumentCount=100000,1,Workload,Pilot,1,2671408,1,2671408,2,0,0,38464
MoreLikeThisBenchmarks.'LeanCorpus MLT Scalar (HighMinDocFreq)',Rowles.LeanCorpus.Benchmarks,MoreLikeThisBenchmarks,'LeanCorpus MLT Scalar (HighMinDocFreq)',DefaultJob,Default,Default,Default,Default,Default,Default,Default,Default,Default,Default,Default,Default,Default,Default,Default,Default,Default,Default,Default,Default,Default,Default,Default,Default,Default,Default,Default,Default,Default,Default,Default,Default,Default,Default,Default,Default,Default,Default,Default,Default,Default,DefaultJob,DocumentCount=100000,1,Workload,Pilot,1,42877648,16,2679853,2,0,0,38464
MoreLikeThisBenchmarks.'LeanCorpus MLT Scalar (HighMinDocFreq)',Rowles.LeanCorpus.Benchmarks,MoreLikeThisBenchmarks,'LeanCorpus MLT Scalar (HighMinDocFreq)',DefaultJob,Default,Default,Default,Default,Default,Default,Default,Default,Default,Default,Default,Default,Default,Default,Default,Default,Default,Default,Default,Default,Default,Default,Default,Default,Default,Default,Default,Default,Default,Default,Default,Default,Default,Default,Default,Default,Default,Default,Default,Default,Default,DefaultJob,DocumentCount=100000,1,Workload,Pilot,2,85959656,32,2686239.25,2,0,0,38464
MoreLikeThisBenchmarks.'LeanCorpus MLT Scalar (HighMinDocFreq)',Rowles.LeanCorpus.Benchmarks,MoreLikeThisBenchmarks,'LeanCorpus MLT Scalar (HighMinDocFreq)',DefaultJob,Default,Default,Default,Default,Default,Default,Default,Default,Default,Default,Default,Default,Default,Default,Default,Default,Default,Default,Default,Default,Default,Default,Default,Default,Default,Default,Default,Default,Default,Default,Default,Default,Default,Default,Default,Default,Default,Default,Default,Default,Default,DefaultJob,DocumentCount=100000,1,Workload,Pilot,3,170158092,64,2658720.19,2,0,0,38464
MoreLikeThisBenchmarks.'LeanCorpus MLT Scalar (HighMinDocFreq)',Rowles.LeanCorpus.Benchmarks,MoreLikeThisBenchmarks,'LeanCorpus MLT Scalar (HighMinDocFreq)',DefaultJob,Default,Default,Default,Default,Default,Default,Default,Default,Default,Default,Default,Default,Default,Default,Default,Default,Default,Default,Default,Default,Default,Default,Default,Default,Default,Default,Default,Default,Default,Default,Default,Default,Default,Default,Default,Default,Default,Default,Default,Default,Default,DefaultJob,DocumentCount=100000,1,Workload,Pilot,4,340363513,128,2659089.95,2,0,0,38464
MoreLikeThisBenchmarks.'LeanCorpus MLT Scalar (HighMinDocFreq)',Rowles.LeanCorpus.Benchmarks,MoreLikeThisBenchmarks,'LeanCorpus MLT Scalar (HighMinDocFreq)',DefaultJob,Default,Default,Default,Default,Default,Default,Default,Default,Default,Default,Default,Default,Default,Default,Default,Default,Default,Default,Default,Default,Default,Default,Default,Default,Default,Default,Default,Default,Default,Default,Default,Default,Default,Default,Default,Default,Default,Default,Default,Default,Default,DefaultJob,DocumentCount=100000,1,Workload,Pilot,5,680378095,256,2657726.93,2,0,0,38464
MoreLikeThisBenchmarks.'LeanCorpus MLT Scalar (HighMinDocFreq)',Rowles.LeanCorpus.Benchmarks,MoreLikeThisBenchmarks,'LeanCorpus MLT Scalar (HighMinDocFreq)',DefaultJob,Default,Default,Default,Default,Default,Default,Default,Default,Default,Default,Default,Default,Default,Default,Default,Default,Default,Default,Default,Default,Default,Default,Default,Default,Default,Default,Default,Default,Default,Default,Default,Default,Default,Default,Default,Default,Default,Default,Default,Default,Default,DefaultJob,DocumentCount=100000,1,Workload,Warmup,1,650300111,256,2540234.81,2,0,0,38464
MoreLikeThisBenchmarks.'LeanCorpus MLT Scalar (HighMinDocFreq)',Rowles.LeanCorpus.Benchmarks,MoreLikeThisBenchmarks,'LeanCorpus MLT Scalar (HighMinDocFreq)',DefaultJob,Default,Default,Default,Default,Default,Default,Default,Default,Default,Default,Default,Default,Default,Default,Default,Default,Default,Default,Default,Default,Default,Default,Default,Default,Default,Default,Default,Default,Default,Default,Default,Default,Default,Default,Default,Default,Default,Default,Default,Default,Default,DefaultJob,DocumentCount=100000,1,Workload,Warmup,2,661422290,256,2583680.82,2,0,0,38464
MoreLikeThisBenchmarks.'LeanCorpus MLT Scalar (HighMinDocFreq)',Rowles.LeanCorpus.Benchmarks,MoreLikeThisBenchmarks,'LeanCorpus MLT Scalar (HighMinDocFreq)',DefaultJob,Default,Default,Default,Default,Default,Default,Default,Default,Default,Default,Default,Default,Default,Default,Default,Default,Default,Default,Default,Default,Default,Default,Default,Default,Default,Default,Default,Default,Default,Default,Default,Default,Default,Default,Default,Default,Default,Default,Default,Default,Default,DefaultJob,DocumentCount=100000,1,Workload,Warmup,3,647995944,256,2531234.16,2,0,0,38464
MoreLikeThisBenchmarks.'LeanCorpus MLT Scalar (HighMinDocFreq)',Rowles.LeanCorpus.Benchmarks,MoreLikeThisBenchmarks,'LeanCorpus MLT Scalar (HighMinDocFreq)',DefaultJob,Default,Default,Default,Default,Default,Default,Default,Default,Default,Default,Default,Default,Default,Default,Default,Default,Default,Default,Default,Default,Default,Default,Default,Default,Default,Default,Default,Default,Default,Default,Default,Default,Default,Default,Default,Default,Default,Default,Default,Default,Default,DefaultJob,DocumentCount=100000,1,Workload,Warmup,4,654092276,256,2555047.95,2,0,0,38464
MoreLikeThisBenchmarks.'LeanCorpus MLT Scalar (HighMinDocFreq)',Rowles.LeanCorpus.Benchmarks,MoreLikeThisBenchmarks,'LeanCorpus MLT Scalar (HighMinDocFreq)',DefaultJob,Default,Default,Default,Default,Default,Default,Default,Default,Default,Default,Default,Default,Default,Default,Default,Default,Default,Default,Default,Default,Default,Default,Default,Default,Default,Default,Default,Default,Default,Default,Default,Default,Default,Default,Default,Default,Default,Default,Default,Default,Default,DefaultJob,DocumentCount=100000,1,Workload,Warmup,5,651394432,256,2544509.5,2,0,0,38464
MoreLikeThisBenchmarks.'LeanCorpus MLT Scalar (HighMinDocFreq)',Rowles.LeanCorpus.Benchmarks,MoreLikeThisBenchmarks,'LeanCorpus MLT Scalar (HighMinDocFreq)',DefaultJob,Default,Default,Default,Default,Default,Default,Default,Default,Default,Default,Default,Default,Default,Default,Default,Default,Default,Default,Default,Default,Default,Default,Default,Default,Default,Default,Default,Default,Default,Default,Default,Default,Default,Default,Default,Default,Default,Default,Default,Default,Default,DefaultJob,DocumentCount=100000,1,Workload,Warmup,6,665386710,256,2599166.84,2,0,0,38464
MoreLikeThisBenchmarks.'LeanCorpus MLT Scalar (HighMinDocFreq)',Rowles.LeanCorpus.Benchmarks,MoreLikeThisBenchmarks,'LeanCorpus MLT Scalar (HighMinDocFreq)',DefaultJob,Default,Default,Default,Default,Default,Default,Default,Default,Default,Default,Default,Default,Default,Default,Default,Default,Default,Default,Default,Default,Default,Default,Default,Default,Default,Default,Default,Default,Default,Default,Default,Default,Default,Default,Default,Default,Default,Default,Default,Default,Default,DefaultJob,DocumentCount=100000,1,Workload,Actual,1,669301287,256,2614458.15,2,0,0,38464
MoreLikeThisBenchmarks.'LeanCorpus MLT Scalar (HighMinDocFreq)',Rowles.LeanCorpus.Benchmarks,MoreLikeThisBenchmarks,'LeanCorpus MLT Scalar (HighMinDocFreq)',DefaultJob,Default,Default,Default,Default,Default,Default,Default,Default,Default,Default,Default,Default,Default,Default,Default,Default,Default,Default,Default,Default,Default,Default,Default,Default,Default,Default,Default,Default,Default,Default,Default,Default,Default,Default,Default,Default,Default,Default,Default,Default,Default,DefaultJob,DocumentCount=100000,1,Workload,Actual,2,640813550,256,2503177.93,2,0,0,38464
MoreLikeThisBenchmarks.'LeanCorpus MLT Scalar (HighMinDocFreq)',Rowles.LeanCorpus.Benchmarks,MoreLikeThisBenchmarks,'LeanCorpus MLT Scalar (HighMinDocFreq)',DefaultJob,Default,Default,Default,Default,Default,Default,Default,Default,Default,Default,Default,Default,Default,Default,Default,Default,Default,Default,Default,Default,Default,Default,Default,Default,Default,Default,Default,Default,Default,Default,Default,Default,Default,Default,Default,Default,Default,Default,Default,Default,Default,DefaultJob,DocumentCount=100000,1,Workload,Actual,3,612124680,256,2391112.03,2,0,0,38464
MoreLikeThisBenchmarks.'LeanCorpus MLT Scalar (HighMinDocFreq)',Rowles.LeanCorpus.Benchmarks,MoreLikeThisBenchmarks,'LeanCorpus MLT Scalar (HighMinDocFreq)',DefaultJob,Default,Default,Default,Default,Default,Default,Default,Default,Default,Default,Default,Default,Default,Default,Default,Default,Default,Default,Default,Default,Default,Default,Default,Default,Default,Default,Default,Default,Default,Default,Default,Default,Default,Default,Default,Default,Default,Default,Default,Default,Default,DefaultJob,DocumentCount=100000,1,Workload,Actual,4,638586770,256,2494479.57,2,0,0,38464
MoreLikeThisBenchmarks.'LeanCorpus MLT Scalar (HighMinDocFreq)',Rowles.LeanCorpus.Benchmarks,MoreLikeThisBenchmarks,'LeanCorpus MLT Scalar (HighMinDocFreq)',DefaultJob,Default,Default,Default,Default,Default,Default,Default,Default,Default,Default,Default,Default,Default,Default,Default,Default,Default,Default,Default,Default,Default,Default,Default,Default,Default,Default,Default,Default,Default,Default,Default,Default,Default,Default,Default,Default,Default,Default,Default,Default,Default,DefaultJob,DocumentCount=100000,1,Workload,Actual,5,645524142,256,2521578.68,2,0,0,38464
MoreLikeThisBenchmarks.'LeanCorpus MLT Scalar (HighMinDocFreq)',Rowles.LeanCorpus.Benchmarks,MoreLikeThisBenchmarks,'LeanCorpus MLT Scalar (HighMinDocFreq)',DefaultJob,Default,Default,Default,Default,Default,Default,Default,Default,Default,Default,Default,Default,Default,Default,Default,Default,Default,Default,Default,Default,Default,Default,Default,Default,Default,Default,Default,Default,Default,Default,Default,Default,Default,Default,Default,Default,Default,Default,Default,Default,Default,DefaultJob,DocumentCount=100000,1,Workload,Actual,6,664971455,256,2597544.75,2,0,0,38464
MoreLikeThisBenchmarks.'LeanCorpus MLT Scalar (HighMinDocFreq)',Rowles.LeanCorpus.Benchmarks,MoreLikeThisBenchmarks,'LeanCorpus MLT Scalar (HighMinDocFreq)',DefaultJob,Default,Default,Default,Default,Default,Default,Default,Default,Default,Default,Default,Default,Default,Default,Default,Default,Default,Default,Default,Default,Default,Default,Default,Default,Default,Default,Default,Default,Default,Default,Default,Default,Default,Default,Default,Default,Default,Default,Default,Default,Default,DefaultJob,DocumentCount=100000,1,Workload,Actual,7,657864567,256,2569783.46,2,0,0,38464
MoreLikeThisBenchmarks.'LeanCorpus MLT Scalar (HighMinDocFreq)',Rowles.LeanCorpus.Benchmarks,MoreLikeThisBenchmarks,'LeanCorpus MLT Scalar (HighMinDocFreq)',DefaultJob,Default,Default,Default,Default,Default,Default,Default,Default,Default,Default,Default,Default,Default,Default,Default,Default,Default,Default,Default,Default,Default,Default,Default,Default,Default,Default,Default,Default,Default,Default,Default,Default,Default,Default,Default,Default,Default,Default,Default,Default,Default,DefaultJob,DocumentCount=100000,1,Workload,Actual,8,638201394,256,2492974.2,2,0,0,38464
MoreLikeThisBenchmarks.'LeanCorpus MLT Scalar (HighMinDocFreq)',Rowles.LeanCorpus.Benchmarks,MoreLikeThisBenchmarks,'LeanCorpus MLT Scalar (HighMinDocFreq)',DefaultJob,Default,Default,Default,Default,Default,Default,Default,Default,Default,Default,Default,Default,Default,Default,Default,Default,Default,Default,Default,Default,Default,Default,Default,Default,Default,Default,Default,Default,Default,Default,Default,Default,Default,Default,Default,Default,Default,Default,Default,Default,Default,DefaultJob,DocumentCount=100000,1,Workload,Actual,9,645546052,256,2521664.27,2,0,0,38464
MoreLikeThisBenchmarks.'LeanCorpus MLT Scalar (HighMinDocFreq)',Rowles.LeanCorpus.Benchmarks,MoreLikeThisBenchmarks,'LeanCorpus MLT Scalar (HighMinDocFreq)',DefaultJob,Default,Default,Default,Default,Default,Default,Default,Default,Default,Default,Default,Default,Default,Default,Default,Default,Default,Default,Default,Default,Default,Default,Default,Default,Default,Default,Default,Default,Default,Default,Default,Default,Default,Default,Default,Default,Default,Default,Default,Default,Default,DefaultJob,DocumentCount=100000,1,Workload,Actual,10,620292730,256,2423018.48,2,0,0,38464
MoreLikeThisBenchmarks.'LeanCorpus MLT Scalar (HighMinDocFreq)',Rowles.LeanCorpus.Benchmarks,MoreLikeThisBenchmarks,'LeanCorpus MLT Scalar (HighMinDocFreq)',DefaultJob,Default,Default,Default,Default,Default,Default,Default,Default,Default,Default,Default,Default,Default,Default,Default,Default,Default,Default,Default,Default,Default,Default,Default,Default,Default,Default,Default,Default,Default,Default,Default,Default,Default,Default,Default,Default,Default,Default,Default,Default,Default,DefaultJob,DocumentCount=100000,1,Workload,Actual,11,621332517,256,2427080.14,2,0,0,38464
MoreLikeThisBenchmarks.'LeanCorpus MLT Scalar (HighMinDocFreq)',Rowles.LeanCorpus.Benchmarks,MoreLikeThisBenchmarks,'LeanCorpus MLT Scalar (HighMinDocFreq)',DefaultJob,Default,Default,Default,Default,Default,Default,Default,Default,Default,Default,Default,Default,Default,Default,Default,Default,Default,Default,Default,Default,Default,Default,Default,Default,Default,Default,Default,Default,Default,Default,Default,Default,Default,Default,Default,Default,Default,Default,Default,Default,Default,DefaultJob,DocumentCount=100000,1,Workload,Actual,12,642889432,256,2511286.84,2,0,0,38464
MoreLikeThisBenchmarks.'LeanCorpus MLT Scalar (HighMinDocFreq)',Rowles.LeanCorpus.Benchmarks,MoreLikeThisBenchmarks,'LeanCorpus MLT Scalar (HighMinDocFreq)',DefaultJob,Default,Default,Default,Default,Default,Default,Default,Default,Default,Default,Default,Default,Default,Default,Default,Default,Default,Default,Default,Default,Default,Default,Default,Default,Default,Default,Default,Default,Default,Default,Default,Default,Default,Default,Default,Default,Default,Default,Default,Default,Default,DefaultJob,DocumentCount=100000,1,Workload,Actual,13,655012856,256,2558643.97,2,0,0,38464
MoreLikeThisBenchmarks.'LeanCorpus MLT Scalar (HighMinDocFreq)',Rowles.LeanCorpus.Benchmarks,MoreLikeThisBenchmarks,'LeanCorpus MLT Scalar (HighMinDocFreq)',DefaultJob,Default,Default,Default,Default,Default,Default,Default,Default,Default,Default,Default,Default,Default,Default,Default,Default,Default,Default,Default,Default,Default,Default,Default,Default,Default,Default,Default,Default,Default,Default,Default,Default,Default,Default,Default,Default,Default,Default,Default,Default,Default,DefaultJob,DocumentCount=100000,1,Workload,Actual,14,641052566,256,2504111.59,2,0,0,38464
MoreLikeThisBenchmarks.'LeanCorpus MLT Scalar (HighMinDocFreq)',Rowles.LeanCorpus.Benchmarks,MoreLikeThisBenchmarks,'LeanCorpus MLT Scalar (HighMinDocFreq)',DefaultJob,Default,Default,Default,Default,Default,Default,Default,Default,Default,Default,Default,Default,Default,Default,Default,Default,Default,Default,Default,Default,Default,Default,Default,Default,Default,Default,Default,Default,Default,Default,Default,Default,Default,Default,Default,Default,Default,Default,Default,Default,Default,DefaultJob,DocumentCount=100000,1,Workload,Actual,15,645763496,256,2522513.66,2,0,0,38464
MoreLikeThisBenchmarks.'LeanCorpus MLT Scalar (HighMinDocFreq)',Rowles.LeanCorpus.Benchmarks,MoreLikeThisBenchmarks,'LeanCorpus MLT Scalar (HighMinDocFreq)',DefaultJob,Default,Default,Default,Default,Default,Default,Default,Default,Default,Default,Default,Default,Default,Default,Default,Default,Default,Default,Default,Default,Default,Default,Default,Default,Default,Default,Default,Default,Default,Default,Default,Default,Default,Default,Default,Default,Default,Default,Default,Default,Default,DefaultJob,DocumentCount=100000,1,Workload,Actual,16,611873830,256,2390132.15,2,0,0,38464
MoreLikeThisBenchmarks.'LeanCorpus MLT Scalar (HighMinDocFreq)',Rowles.LeanCorpus.Benchmarks,MoreLikeThisBenchmarks,'LeanCorpus MLT Scalar (HighMinDocFreq)',DefaultJob,Default,Default,Default,Default,Default,Default,Default,Default,Default,Default,Default,Default,Default,Default,Default,Default,Default,Default,Default,Default,Default,Default,Default,Default,Default,Default,Default,Default,Default,Default,Default,Default,Default,Default,Default,Default,Default,Default,Default,Default,Default,DefaultJob,DocumentCount=100000,1,Workload,Actual,17,642560870,256,2510003.4,2,0,0,38464
MoreLikeThisBenchmarks.'LeanCorpus MLT Scalar (HighMinDocFreq)',Rowles.LeanCorpus.Benchmarks,MoreLikeThisBenchmarks,'LeanCorpus MLT Scalar (HighMinDocFreq)',DefaultJob,Default,Default,Default,Default,Default,Default,Default,Default,Default,Default,Default,Default,Default,Default,Default,Default,Default,Default,Default,Default,Default,Default,Default,Default,Default,Default,Default,Default,Default,Default,Default,Default,Default,Default,Default,Default,Default,Default,Default,Default,Default,DefaultJob,DocumentCount=100000,1,Workload,Actual,18,650187608,256,2539795.34,2,0,0,38464
MoreLikeThisBenchmarks.'LeanCorpus MLT Scalar (HighMinDocFreq)',Rowles.LeanCorpus.Benchmarks,MoreLikeThisBenchmarks,'LeanCorpus MLT Scalar (HighMinDocFreq)',DefaultJob,Default,Default,Default,Default,Default,Default,Default,Default,Default,Default,Default,Default,Default,Default,Default,Default,Default,Default,Default,Default,Default,Default,Default,Default,Default,Default,Default,Default,Default,Default,Default,Default,Default,Default,Default,Default,Default,Default,Default,Default,Default,DefaultJob,DocumentCount=100000,1,Workload,Actual,19,611357810,256,2388116.45,2,0,0,38464
MoreLikeThisBenchmarks.'LeanCorpus MLT Scalar (HighMinDocFreq)',Rowles.LeanCorpus.Benchmarks,MoreLikeThisBenchmarks,'LeanCorpus MLT Scalar (HighMinDocFreq)',DefaultJob,Default,Default,Default,Default,Default,Default,Default,Default,Default,Default,Default,Default,Default,Default,Default,Default,Default,Default,Default,Default,Default,Default,Default,Default,Default,Default,Default,Default,Default,Default,Default,Default,Default,Default,Default,Default,Default,Default,Default,Default,Default,DefaultJob,DocumentCount=100000,1,Workload,Actual,20,633957795,256,2476397.64,2,0,0,38464
MoreLikeThisBenchmarks.'LeanCorpus MLT Scalar (HighMinDocFreq)',Rowles.LeanCorpus.Benchmarks,MoreLikeThisBenchmarks,'LeanCorpus MLT Scalar (HighMinDocFreq)',DefaultJob,Default,Default,Default,Default,Default,Default,Default,Default,Default,Default,Default,Default,Default,Default,Default,Default,Default,Default,Default,Default,Default,Default,Default,Default,Default,Default,Default,Default,Default,Default,Default,Default,Default,Default,Default,Default,Default,Default,Default,Default,Default,DefaultJob,DocumentCount=100000,1,Workload,Actual,21,667994452,256,2609353.33,2,0,0,38464
MoreLikeThisBenchmarks.'LeanCorpus MLT Scalar (HighMinDocFreq)',Rowles.LeanCorpus.Benchmarks,MoreLikeThisBenchmarks,'LeanCorpus MLT Scalar (HighMinDocFreq)',DefaultJob,Default,Default,Default,Default,Default,Default,Default,Default,Default,Default,Default,Default,Default,Default,Default,Default,Default,Default,Default,Default,Default,Default,Default,Default,Default,Default,Default,Default,Default,Default,Default,Default,Default,Default,Default,Default,Default,Default,Default,Default,Default,DefaultJob,DocumentCount=100000,1,Workload,Actual,22,592440139,256,2314219.29,2,0,0,38464
MoreLikeThisBenchmarks.'LeanCorpus MLT Scalar (HighMinDocFreq)',Rowles.LeanCorpus.Benchmarks,MoreLikeThisBenchmarks,'LeanCorpus MLT Scalar (HighMinDocFreq)',DefaultJob,Default,Default,Default,Default,Default,Default,Default,Default,Default,Default,Default,Default,Default,Default,Default,Default,Default,Default,Default,Default,Default,Default,Default,Default,Default,Default,Default,Default,Default,Default,Default,Default,Default,Default,Default,Default,Default,Default,Default,Default,Default,DefaultJob,DocumentCount=100000,1,Workload,Actual,23,669421660,256,2614928.36,2,0,0,38464
MoreLikeThisBenchmarks.'LeanCorpus MLT Scalar (HighMinDocFreq)',Rowles.LeanCorpus.Benchmarks,MoreLikeThisBenchmarks,'LeanCorpus MLT Scalar (HighMinDocFreq)',DefaultJob,Default,Default,Default,Default,Default,Default,Default,Default,Default,Default,Default,Default,Default,Default,Default,Default,Default,Default,Default,Default,Default,Default,Default,Default,Default,Default,Default,Default,Default,Default,Default,Default,Default,Default,Default,Default,Default,Default,Default,Default,Default,DefaultJob,DocumentCount=100000,1,Workload,Actual,24,666370148,256,2603008.39,2,0,0,38464
MoreLikeThisBenchmarks.'LeanCorpus MLT Scalar (HighMinDocFreq)',Rowles.LeanCorpus.Benchmarks,MoreLikeThisBenchmarks,'LeanCorpus MLT Scalar (HighMinDocFreq)',DefaultJob,Default,Default,Default,Default,Default,Default,Default,Default,Default,Default,Default,Default,Default,Default,Default,Default,Default,Default,Default,Default,Default,Default,Default,Default,Default,Default,Default,Default,Default,Default,Default,Default,Default,Default,Default,Default,Default,Default,Default,Default,Default,DefaultJob,DocumentCount=100000,1,Workload,Actual,25,621314690,256,2427010.51,2,0,0,38464
MoreLikeThisBenchmarks.'LeanCorpus MLT Scalar (HighMinDocFreq)',Rowles.LeanCorpus.Benchmarks,MoreLikeThisBenchmarks,'LeanCorpus MLT Scalar (HighMinDocFreq)',DefaultJob,Default,Default,Default,Default,Default,Default,Default,Default,Default,Default,Default,Default,Default,Default,Default,Default,Default,Default,Default,Default,Default,Default,Default,Default,Default,Default,Default,Default,Default,Default,Default,Default,Default,Default,Default,Default,Default,Default,Default,Default,Default,DefaultJob,DocumentCount=100000,1,Workload,Actual,26,648313404,256,2532474.23,2,0,0,38464
MoreLikeThisBenchmarks.'LeanCorpus MLT Scalar (HighMinDocFreq)',Rowles.LeanCorpus.Benchmarks,MoreLikeThisBenchmarks,'LeanCorpus MLT Scalar (HighMinDocFreq)',DefaultJob,Default,Default,Default,Default,Default,Default,Default,Default,Default,Default,Default,Default,Default,Default,Default,Default,Default,Default,Default,Default,Default,Default,Default,Default,Default,Default,Default,Default,Default,Default,Default,Default,Default,Default,Default,Default,Default,Default,Default,Default,Default,DefaultJob,DocumentCount=100000,1,Workload,Actual,27,642777722,256,2510850.48,2,0,0,38464
MoreLikeThisBenchmarks.'LeanCorpus MLT Scalar (HighMinDocFreq)',Rowles.LeanCorpus.Benchmarks,MoreLikeThisBenchmarks,'LeanCorpus MLT Scalar (HighMinDocFreq)',DefaultJob,Default,Default,Default,Default,Default,Default,Default,Default,Default,Default,Default,Default,Default,Default,Default,Default,Default,Default,Default,Default,Default,Default,Default,Default,Default,Default,Default,Default,Default,Default,Default,Default,Default,Default,Default,Default,Default,Default,Default,Default,Default,DefaultJob,DocumentCount=100000,1,Workload,Actual,28,600444714,256,2345487.16,2,0,0,38464
MoreLikeThisBenchmarks.'LeanCorpus MLT Scalar (HighMinDocFreq)',Rowles.LeanCorpus.Benchmarks,MoreLikeThisBenchmarks,'LeanCorpus MLT Scalar (HighMinDocFreq)',DefaultJob,Default,Default,Default,Default,Default,Default,Default,Default,Default,Default,Default,Default,Default,Default,Default,Default,Default,Default,Default,Default,Default,Default,Default,Default,Default,Default,Default,Default,Default,Default,Default,Default,Default,Default,Default,Default,Default,Default,Default,Default,Default,DefaultJob,DocumentCount=100000,1,Workload,Actual,29,623911638,256,2437154.84,2,0,0,38464
MoreLikeThisBenchmarks.'LeanCorpus MLT Scalar (HighMinDocFreq)',Rowles.LeanCorpus.Benchmarks,MoreLikeThisBenchmarks,'LeanCorpus MLT Scalar (HighMinDocFreq)',DefaultJob,Default,Default,Default,Default,Default,Default,Default,Default,Default,Default,Default,Default,Default,Default,Default,Default,Default,Default,Default,Default,Default,Default,Default,Default,Default,Default,Default,Default,Default,Default,Default,Default,Default,Default,Default,Default,Default,Default,Default,Default,Default,DefaultJob,DocumentCount=100000,1,Workload,Actual,30,651968466,256,2546751.82,2,0,0,38464
MoreLikeThisBenchmarks.'LeanCorpus MLT Scalar (HighMinDocFreq)',Rowles.LeanCorpus.Benchmarks,MoreLikeThisBenchmarks,'LeanCorpus MLT Scalar (HighMinDocFreq)',DefaultJob,Default,Default,Default,Default,Default,Default,Default,Default,Default,Default,Default,Default,Default,Default,Default,Default,Default,Default,Default,Default,Default,Default,Default,Default,Default,Default,Default,Default,Default,Default,Default,Default,Default,Default,Default,Default,Default,Default,Default,Default,Default,DefaultJob,DocumentCount=100000,1,Workload,Actual,31,658764014,256,2573296.93,2,0,0,38464
MoreLikeThisBenchmarks.'LeanCorpus MLT Scalar (HighMinDocFreq)',Rowles.LeanCorpus.Benchmarks,MoreLikeThisBenchmarks,'LeanCorpus MLT Scalar (HighMinDocFreq)',DefaultJob,Default,Default,Default,Default,Default,Default,Default,Default,Default,Default,Default,Default,Default,Default,Default,Default,Default,Default,Default,Default,Default,Default,Default,Default,Default,Default,Default,Default,Default,Default,Default,Default,Default,Default,Default,Default,Default,Default,Default,Default,Default,DefaultJob,DocumentCount=100000,1,Workload,Actual,32,677766922,256,2647527.04,2,0,0,38464
MoreLikeThisBenchmarks.'LeanCorpus MLT Scalar (HighMinDocFreq)',Rowles.LeanCorpus.Benchmarks,MoreLikeThisBenchmarks,'LeanCorpus MLT Scalar (HighMinDocFreq)',DefaultJob,Default,Default,Default,Default,Default,Default,Default,Default,Default,Default,Default,Default,Default,Default,Default,Default,Default,Default,Default,Default,Default,Default,Default,Default,Default,Default,Default,Default,Default,Default,Default,Default,Default,Default,Default,Default,Default,Default,Default,Default,Default,DefaultJob,DocumentCount=100000,1,Workload,Actual,33,653438976,256,2552496,2,0,0,38464
MoreLikeThisBenchmarks.'LeanCorpus MLT Scalar (HighMinDocFreq)',Rowles.LeanCorpus.Benchmarks,MoreLikeThisBenchmarks,'LeanCorpus MLT Scalar (HighMinDocFreq)',DefaultJob,Default,Default,Default,Default,Default,Default,Default,Default,Default,Default,Default,Default,Default,Default,Default,Default,Default,Default,Default,Default,Default,Default,Default,Default,Default,Default,Default,Default,Default,Default,Default,Default,Default,Default,Default,Default,Default,Default,Default,Default,Default,DefaultJob,DocumentCount=100000,1,Workload,Actual,34,642585501,256,2510099.61,2,0,0,38464
MoreLikeThisBenchmarks.'LeanCorpus MLT Scalar (HighMinDocFreq)',Rowles.LeanCorpus.Benchmarks,MoreLikeThisBenchmarks,'LeanCorpus MLT Scalar (HighMinDocFreq)',DefaultJob,Default,Default,Default,Default,Default,Default,Default,Default,Default,Default,Default,Default,Default,Default,Default,Default,Default,Default,Default,Default,Default,Default,Default,Default,Default,Default,Default,Default,Default,Default,Default,Default,Default,Default,Default,Default,Default,Default,Default,Default,Default,DefaultJob,DocumentCount=100000,1,Workload,Actual,35,639721063,256,2498910.4,2,0,0,38464
MoreLikeThisBenchmarks.'LeanCorpus MLT Scalar (HighMinDocFreq)',Rowles.LeanCorpus.Benchmarks,MoreLikeThisBenchmarks,'LeanCorpus MLT Scalar (HighMinDocFreq)',DefaultJob,Default,Default,Default,Default,Default,Default,Default,Default,Default,Default,Default,Default,Default,Default,Default,Default,Default,Default,Default,Default,Default,Default,Default,Default,Default,Default,Default,Default,Default,Default,Default,Default,Default,Default,Default,Default,Default,Default,Default,Default,Default,DefaultJob,DocumentCount=100000,1,Workload,Extra,1,630347902,256,2462296.49,2,0,0,38464
MoreLikeThisBenchmarks.'LeanCorpus MLT Scalar (HighMinDocFreq)',Rowles.LeanCorpus.Benchmarks,MoreLikeThisBenchmarks,'LeanCorpus MLT Scalar (HighMinDocFreq)',DefaultJob,Default,Default,Default,Default,Default,Default,Default,Default,Default,Default,Default,Default,Default,Default,Default,Default,Default,Default,Default,Default,Default,Default,Default,Default,Default,Default,Default,Default,Default,Default,Default,Default,Default,Default,Default,Default,Default,Default,Default,Default,Default,DefaultJob,DocumentCount=100000,1,Workload,Result,1,669301287,256,2614458.15,2,0,0,38464
MoreLikeThisBenchmarks.'LeanCorpus MLT Scalar (HighMinDocFreq)',Rowles.LeanCorpus.Benchmarks,MoreLikeThisBenchmarks,'LeanCorpus MLT Scalar (HighMinDocFreq)',DefaultJob,Default,Default,Default,Default,Default,Default,Default,Default,Default,Default,Default,Default,Default,Default,Default,Default,Default,Default,Default,Default,Default,Default,Default,Default,Default,Default,Default,Default,Default,Default,Default,Default,Default,Default,Default,Default,Default,Default,Default,Default,Default,DefaultJob,DocumentCount=100000,1,Workload,Result,2,640813550,256,2503177.93,2,0,0,38464
MoreLikeThisBenchmarks.'LeanCorpus MLT Scalar (HighMinDocFreq)',Rowles.LeanCorpus.Benchmarks,MoreLikeThisBenchmarks,'LeanCorpus MLT Scalar (HighMinDocFreq)',DefaultJob,Default,Default,Default,Default,Default,Default,Default,Default,Default,Default,Default,Default,Default,Default,Default,Default,Default,Default,Default,Default,Default,Default,Default,Default,Default,Default,Default,Default,Default,Default,Default,Default,Default,Default,Default,Default,Default,Default,Default,Default,Default,DefaultJob,DocumentCount=100000,1,Workload,Result,3,612124680,256,2391112.03,2,0,0,38464
MoreLikeThisBenchmarks.'LeanCorpus MLT Scalar (HighMinDocFreq)',Rowles.LeanCorpus.Benchmarks,MoreLikeThisBenchmarks,'LeanCorpus MLT Scalar (HighMinDocFreq)',DefaultJob,Default,Default,Default,Default,Default,Default,Default,Default,Default,Default,Default,Default,Default,Default,Default,Default,Default,Default,Default,Default,Default,Default,Default,Default,Default,Default,Default,Default,Default,Default,Default,Default,Default,Default,Default,Default,Default,Default,Default,Default,Default,DefaultJob,DocumentCount=100000,1,Workload,Result,4,638586770,256,2494479.57,2,0,0,38464
MoreLikeThisBenchmarks.'LeanCorpus MLT Scalar (HighMinDocFreq)',Rowles.LeanCorpus.Benchmarks,MoreLikeThisBenchmarks,'LeanCorpus MLT Scalar (HighMinDocFreq)',DefaultJob,Default,Default,Default,Default,Default,Default,Default,Default,Default,Default,Default,Default,Default,Default,Default,Default,Default,Default,Default,Default,Default,Default,Default,Default,Default,Default,Default,Default,Default,Default,Default,Default,Default,Default,Default,Default,Default,Default,Default,Default,Default,DefaultJob,DocumentCount=100000,1,Workload,Result,5,645524142,256,2521578.68,2,0,0,38464
MoreLikeThisBenchmarks.'LeanCorpus MLT Scalar (HighMinDocFreq)',Rowles.LeanCorpus.Benchmarks,MoreLikeThisBenchmarks,'LeanCorpus MLT Scalar (HighMinDocFreq)',DefaultJob,Default,Default,Default,Default,Default,Default,Default,Default,Default,Default,Default,Default,Default,Default,Default,Default,Default,Default,Default,Default,Default,Default,Default,Default,Default,Default,Default,Default,Default,Default,Default,Default,Default,Default,Default,Default,Default,Default,Default,Default,Default,DefaultJob,DocumentCount=100000,1,Workload,Result,6,664971455,256,2597544.75,2,0,0,38464
MoreLikeThisBenchmarks.'LeanCorpus MLT Scalar (HighMinDocFreq)',Rowles.LeanCorpus.Benchmarks,MoreLikeThisBenchmarks,'LeanCorpus MLT Scalar (HighMinDocFreq)',DefaultJob,Default,Default,Default,Default,Default,Default,Default,Default,Default,Default,Default,Default,Default,Default,Default,Default,Default,Default,Default,Default,Default,Default,Default,Default,Default,Default,Default,Default,Default,Default,Default,Default,Default,Default,Default,Default,Default,Default,Default,Default,Default,DefaultJob,DocumentCount=100000,1,Workload,Result,7,657864567,256,2569783.46,2,0,0,38464
MoreLikeThisBenchmarks.'LeanCorpus MLT Scalar (HighMinDocFreq)',Rowles.LeanCorpus.Benchmarks,MoreLikeThisBenchmarks,'LeanCorpus MLT Scalar (HighMinDocFreq)',DefaultJob,Default,Default,Default,Default,Default,Default,Default,Default,Default,Default,Default,Default,Default,Default,Default,Default,Default,Default,Default,Default,Default,Default,Default,Default,Default,Default,Default,Default,Default,Default,Default,Default,Default,Default,Default,Default,Default,Default,Default,Default,Default,DefaultJob,DocumentCount=100000,1,Workload,Result,8,638201394,256,2492974.2,2,0,0,38464
MoreLikeThisBenchmarks.'LeanCorpus MLT Scalar (HighMinDocFreq)',Rowles.LeanCorpus.Benchmarks,MoreLikeThisBenchmarks,'LeanCorpus MLT Scalar (HighMinDocFreq)',DefaultJob,Default,Default,Default,Default,Default,Default,Default,Default,Default,Default,Default,Default,Default,Default,Default,Default,Default,Default,Default,Default,Default,Default,Default,Default,Default,Default,Default,Default,Default,Default,Default,Default,Default,Default,Default,Default,Default,Default,Default,Default,Default,DefaultJob,DocumentCount=100000,1,Workload,Result,9,645546052,256,2521664.27,2,0,0,38464
MoreLikeThisBenchmarks.'LeanCorpus MLT Scalar (HighMinDocFreq)',Rowles.LeanCorpus.Benchmarks,MoreLikeThisBenchmarks,'LeanCorpus MLT Scalar (HighMinDocFreq)',DefaultJob,Default,Default,Default,Default,Default,Default,Default,Default,Default,Default,Default,Default,Default,Default,Default,Default,Default,Default,Default,Default,Default,Default,Default,Default,Default,Default,Default,Default,Default,Default,Default,Default,Default,Default,Default,Default,Default,Default,Default,Default,Default,DefaultJob,DocumentCount=100000,1,Workload,Result,10,620292730,256,2423018.48,2,0,0,38464
MoreLikeThisBenchmarks.'LeanCorpus MLT Scalar (HighMinDocFreq)',Rowles.LeanCorpus.Benchmarks,MoreLikeThisBenchmarks,'LeanCorpus MLT Scalar (HighMinDocFreq)',DefaultJob,Default,Default,Default,Default,Default,Default,Default,Default,Default,Default,Default,Default,Default,Default,Default,Default,Default,Default,Default,Default,Default,Default,Default,Default,Default,Default,Default,Default,Default,Default,Default,Default,Default,Default,Default,Default,Default,Default,Default,Default,Default,DefaultJob,DocumentCount=100000,1,Workload,Result,11,621332517,256,2427080.14,2,0,0,38464
MoreLikeThisBenchmarks.'LeanCorpus MLT Scalar (HighMinDocFreq)',Rowles.LeanCorpus.Benchmarks,MoreLikeThisBenchmarks,'LeanCorpus MLT Scalar (HighMinDocFreq)',DefaultJob,Default,Default,Default,Default,Default,Default,Default,Default,Default,Default,Default,Default,Default,Default,Default,Default,Default,Default,Default,Default,Default,Default,Default,Default,Default,Default,Default,Default,Default,Default,Default,Default,Default,Default,Default,Default,Default,Default,Default,Default,Default,DefaultJob,DocumentCount=100000,1,Workload,Result,12,642889432,256,2511286.84,2,0,0,38464
MoreLikeThisBenchmarks.'LeanCorpus MLT Scalar (HighMinDocFreq)',Rowles.LeanCorpus.Benchmarks,MoreLikeThisBenchmarks,'LeanCorpus MLT Scalar (HighMinDocFreq)',DefaultJob,Default,Default,Default,Default,Default,Default,Default,Default,Default,Default,Default,Default,Default,Default,Default,Default,Default,Default,Default,Default,Default,Default,Default,Default,Default,Default,Default,Default,Default,Default,Default,Default,Default,Default,Default,Default,Default,Default,Default,Default,Default,DefaultJob,DocumentCount=100000,1,Workload,Result,13,655012856,256,2558643.97,2,0,0,38464
MoreLikeThisBenchmarks.'LeanCorpus MLT Scalar (HighMinDocFreq)',Rowles.LeanCorpus.Benchmarks,MoreLikeThisBenchmarks,'LeanCorpus MLT Scalar (HighMinDocFreq)',DefaultJob,Default,Default,Default,Default,Default,Default,Default,Default,Default,Default,Default,Default,Default,Default,Default,Default,Default,Default,Default,Default,Default,Default,Default,Default,Default,Default,Default,Default,Default,Default,Default,Default,Default,Default,Default,Default,Default,Default,Default,Default,Default,DefaultJob,DocumentCount=100000,1,Workload,Result,14,641052566,256,2504111.59,2,0,0,38464
MoreLikeThisBenchmarks.'LeanCorpus MLT Scalar (HighMinDocFreq)',Rowles.LeanCorpus.Benchmarks,MoreLikeThisBenchmarks,'LeanCorpus MLT Scalar (HighMinDocFreq)',DefaultJob,Default,Default,Default,Default,Default,Default,Default,Default,Default,Default,Default,Default,Default,Default,Default,Default,Default,Default,Default,Default,Default,Default,Default,Default,Default,Default,Default,Default,Default,Default,Default,Default,Default,Default,Default,Default,Default,Default,Default,Default,Default,DefaultJob,DocumentCount=100000,1,Workload,Result,15,645763496,256,2522513.66,2,0,0,38464
MoreLikeThisBenchmarks.'LeanCorpus MLT Scalar (HighMinDocFreq)',Rowles.LeanCorpus.Benchmarks,MoreLikeThisBenchmarks,'LeanCorpus MLT Scalar (HighMinDocFreq)',DefaultJob,Default,Default,Default,Default,Default,Default,Default,Default,Default,Default,Default,Default,Default,Default,Default,Default,Default,Default,Default,Default,Default,Default,Default,Default,Default,Default,Default,Default,Default,Default,Default,Default,Default,Default,Default,Default,Default,Default,Default,Default,Default,DefaultJob,DocumentCount=100000,1,Workload,Result,16,611873830,256,2390132.15,2,0,0,38464
MoreLikeThisBenchmarks.'LeanCorpus MLT Scalar (HighMinDocFreq)',Rowles.LeanCorpus.Benchmarks,MoreLikeThisBenchmarks,'LeanCorpus MLT Scalar (HighMinDocFreq)',DefaultJob,Default,Default,Default,Default,Default,Default,Default,Default,Default,Default,Default,Default,Default,Default,Default,Default,Default,Default,Default,Default,Default,Default,Default,Default,Default,Default,Default,Default,Default,Default,Default,Default,Default,Default,Default,Default,Default,Default,Default,Default,Default,DefaultJob,DocumentCount=100000,1,Workload,Result,17,642560870,256,2510003.4,2,0,0,38464
MoreLikeThisBenchmarks.'LeanCorpus MLT Scalar (HighMinDocFreq)',Rowles.LeanCorpus.Benchmarks,MoreLikeThisBenchmarks,'LeanCorpus MLT Scalar (HighMinDocFreq)',DefaultJob,Default,Default,Default,Default,Default,Default,Default,Default,Default,Default,Default,Default,Default,Default,Default,Default,Default,Default,Default,Default,Default,Default,Default,Default,Default,Default,Default,Default,Default,Default,Default,Default,Default,Default,Default,Default,Default,Default,Default,Default,Default,DefaultJob,DocumentCount=100000,1,Workload,Result,18,650187608,256,2539795.34,2,0,0,38464
MoreLikeThisBenchmarks.'LeanCorpus MLT Scalar (HighMinDocFreq)',Rowles.LeanCorpus.Benchmarks,MoreLikeThisBenchmarks,'LeanCorpus MLT Scalar (HighMinDocFreq)',DefaultJob,Default,Default,Default,Default,Default,Default,Default,Default,Default,Default,Default,Default,Default,Default,Default,Default,Default,Default,Default,Default,Default,Default,Default,Default,Default,Default,Default,Default,Default,Default,Default,Default,Default,Default,Default,Default,Default,Default,Default,Default,Default,DefaultJob,DocumentCount=100000,1,Workload,Result,19,611357810,256,2388116.45,2,0,0,38464
MoreLikeThisBenchmarks.'LeanCorpus MLT Scalar (HighMinDocFreq)',Rowles.LeanCorpus.Benchmarks,MoreLikeThisBenchmarks,'LeanCorpus MLT Scalar (HighMinDocFreq)',DefaultJob,Default,Default,Default,Default,Default,Default,Default,Default,Default,Default,Default,Default,Default,Default,Default,Default,Default,Default,Default,Default,Default,Default,Default,Default,Default,Default,Default,Default,Default,Default,Default,Default,Default,Default,Default,Default,Default,Default,Default,Default,Default,DefaultJob,DocumentCount=100000,1,Workload,Result,20,633957795,256,2476397.64,2,0,0,38464
MoreLikeThisBenchmarks.'LeanCorpus MLT Scalar (HighMinDocFreq)',Rowles.LeanCorpus.Benchmarks,MoreLikeThisBenchmarks,'LeanCorpus MLT Scalar (HighMinDocFreq)',DefaultJob,Default,Default,Default,Default,Default,Default,Default,Default,Default,Default,Default,Default,Default,Default,Default,Default,Default,Default,Default,Default,Default,Default,Default,Default,Default,Default,Default,Default,Default,Default,Default,Default,Default,Default,Default,Default,Default,Default,Default,Default,Default,DefaultJob,DocumentCount=100000,1,Workload,Result,21,667994452,256,2609353.33,2,0,0,38464
MoreLikeThisBenchmarks.'LeanCorpus MLT Scalar (HighMinDocFreq)',Rowles.LeanCorpus.Benchmarks,MoreLikeThisBenchmarks,'LeanCorpus MLT Scalar (HighMinDocFreq)',DefaultJob,Default,Default,Default,Default,Default,Default,Default,Default,Default,Default,Default,Default,Default,Default,Default,Default,Default,Default,Default,Default,Default,Default,Default,Default,Default,Default,Default,Default,Default,Default,Default,Default,Default,Default,Default,Default,Default,Default,Default,Default,Default,DefaultJob,DocumentCount=100000,1,Workload,Result,22,592440139,256,2314219.29,2,0,0,38464
MoreLikeThisBenchmarks.'LeanCorpus MLT Scalar (HighMinDocFreq)',Rowles.LeanCorpus.Benchmarks,MoreLikeThisBenchmarks,'LeanCorpus MLT Scalar (HighMinDocFreq)',DefaultJob,Default,Default,Default,Default,Default,Default,Default,Default,Default,Default,Default,Default,Default,Default,Default,Default,Default,Default,Default,Default,Default,Default,Default,Default,Default,Default,Default,Default,Default,Default,Default,Default,Default,Default,Default,Default,Default,Default,Default,Default,Default,DefaultJob,DocumentCount=100000,1,Workload,Result,23,669421660,256,2614928.36,2,0,0,38464
MoreLikeThisBenchmarks.'LeanCorpus MLT Scalar (HighMinDocFreq)',Rowles.LeanCorpus.Benchmarks,MoreLikeThisBenchmarks,'LeanCorpus MLT Scalar (HighMinDocFreq)',DefaultJob,Default,Default,Default,Default,Default,Default,Default,Default,Default,Default,Default,Default,Default,Default,Default,Default,Default,Default,Default,Default,Default,Default,Default,Default,Default,Default,Default,Default,Default,Default,Default,Default,Default,Default,Default,Default,Default,Default,Default,Default,Default,DefaultJob,DocumentCount=100000,1,Workload,Result,24,666370148,256,2603008.39,2,0,0,38464
MoreLikeThisBenchmarks.'LeanCorpus MLT Scalar (HighMinDocFreq)',Rowles.LeanCorpus.Benchmarks,MoreLikeThisBenchmarks,'LeanCorpus MLT Scalar (HighMinDocFreq)',DefaultJob,Default,Default,Default,Default,Default,Default,Default,Default,Default,Default,Default,Default,Default,Default,Default,Default,Default,Default,Default,Default,Default,Default,Default,Default,Default,Default,Default,Default,Default,Default,Default,Default,Default,Default,Default,Default,Default,Default,Default,Default,Default,DefaultJob,DocumentCount=100000,1,Workload,Result,25,621314690,256,2427010.51,2,0,0,38464
MoreLikeThisBenchmarks.'LeanCorpus MLT Scalar (HighMinDocFreq)',Rowles.LeanCorpus.Benchmarks,MoreLikeThisBenchmarks,'LeanCorpus MLT Scalar (HighMinDocFreq)',DefaultJob,Default,Default,Default,Default,Default,Default,Default,Default,Default,Default,Default,Default,Default,Default,Default,Default,Default,Default,Default,Default,Default,Default,Default,Default,Default,Default,Default,Default,Default,Default,Default,Default,Default,Default,Default,Default,Default,Default,Default,Default,Default,DefaultJob,DocumentCount=100000,1,Workload,Result,26,648313404,256,2532474.23,2,0,0,38464
MoreLikeThisBenchmarks.'LeanCorpus MLT Scalar (HighMinDocFreq)',Rowles.LeanCorpus.Benchmarks,MoreLikeThisBenchmarks,'LeanCorpus MLT Scalar (HighMinDocFreq)',DefaultJob,Default,Default,Default,Default,Default,Default,Default,Default,Default,Default,Default,Default,Default,Default,Default,Default,Default,Default,Default,Default,Default,Default,Default,Default,Default,Default,Default,Default,Default,Default,Default,Default,Default,Default,Default,Default,Default,Default,Default,Default,Default,DefaultJob,DocumentCount=100000,1,Workload,Result,27,642777722,256,2510850.48,2,0,0,38464
MoreLikeThisBenchmarks.'LeanCorpus MLT Scalar (HighMinDocFreq)',Rowles.LeanCorpus.Benchmarks,MoreLikeThisBenchmarks,'LeanCorpus MLT Scalar (HighMinDocFreq)',DefaultJob,Default,Default,Default,Default,Default,Default,Default,Default,Default,Default,Default,Default,Default,Default,Default,Default,Default,Default,Default,Default,Default,Default,Default,Default,Default,Default,Default,Default,Default,Default,Default,Default,Default,Default,Default,Default,Default,Default,Default,Default,Default,DefaultJob,DocumentCount=100000,1,Workload,Result,28,600444714,256,2345487.16,2,0,0,38464
MoreLikeThisBenchmarks.'LeanCorpus MLT Scalar (HighMinDocFreq)',Rowles.LeanCorpus.Benchmarks,MoreLikeThisBenchmarks,'LeanCorpus MLT Scalar (HighMinDocFreq)',DefaultJob,Default,Default,Default,Default,Default,Default,Default,Default,Default,Default,Default,Default,Default,Default,Default,Default,Default,Default,Default,Default,Default,Default,Default,Default,Default,Default,Default,Default,Default,Default,Default,Default,Default,Default,Default,Default,Default,Default,Default,Default,Default,DefaultJob,DocumentCount=100000,1,Workload,Result,29,623911638,256,2437154.84,2,0,0,38464
MoreLikeThisBenchmarks.'LeanCorpus MLT Scalar (HighMinDocFreq)',Rowles.LeanCorpus.Benchmarks,MoreLikeThisBenchmarks,'LeanCorpus MLT Scalar (HighMinDocFreq)',DefaultJob,Default,Default,Default,Default,Default,Default,Default,Default,Default,Default,Default,Default,Default,Default,Default,Default,Default,Default,Default,Default,Default,Default,Default,Default,Default,Default,Default,Default,Default,Default,Default,Default,Default,Default,Default,Default,Default,Default,Default,Default,Default,DefaultJob,DocumentCount=100000,1,Workload,Result,30,651968466,256,2546751.82,2,0,0,38464
MoreLikeThisBenchmarks.'LeanCorpus MLT Scalar (HighMinDocFreq)',Rowles.LeanCorpus.Benchmarks,MoreLikeThisBenchmarks,'LeanCorpus MLT Scalar (HighMinDocFreq)',DefaultJob,Default,Default,Default,Default,Default,Default,Default,Default,Default,Default,Default,Default,Default,Default,Default,Default,Default,Default,Default,Default,Default,Default,Default,Default,Default,Default,Default,Default,Default,Default,Default,Default,Default,Default,Default,Default,Default,Default,Default,Default,Default,DefaultJob,DocumentCount=100000,1,Workload,Result,31,658764014,256,2573296.93,2,0,0,38464
MoreLikeThisBenchmarks.'LeanCorpus MLT Scalar (HighMinDocFreq)',Rowles.LeanCorpus.Benchmarks,MoreLikeThisBenchmarks,'LeanCorpus MLT Scalar (HighMinDocFreq)',DefaultJob,Default,Default,Default,Default,Default,Default,Default,Default,Default,Default,Default,Default,Default,Default,Default,Default,Default,Default,Default,Default,Default,Default,Default,Default,Default,Default,Default,Default,Default,Default,Default,Default,Default,Default,Default,Default,Default,Default,Default,Default,Default,DefaultJob,DocumentCount=100000,1,Workload,Result,32,677766922,256,2647527.04,2,0,0,38464
MoreLikeThisBenchmarks.'LeanCorpus MLT Scalar (HighMinDocFreq)',Rowles.LeanCorpus.Benchmarks,MoreLikeThisBenchmarks,'LeanCorpus MLT Scalar (HighMinDocFreq)',DefaultJob,Default,Default,Default,Default,Default,Default,Default,Default,Default,Default,Default,Default,Default,Default,Default,Default,Default,Default,Default,Default,Default,Default,Default,Default,Default,Default,Default,Default,Default,Default,Default,Default,Default,Default,Default,Default,Default,Default,Default,Default,Default,DefaultJob,DocumentCount=100000,1,Workload,Result,33,653438976,256,2552496,2,0,0,38464
MoreLikeThisBenchmarks.'LeanCorpus MLT Scalar (HighMinDocFreq)',Rowles.LeanCorpus.Benchmarks,MoreLikeThisBenchmarks,'LeanCorpus MLT Scalar (HighMinDocFreq)',DefaultJob,Default,Default,Default,Default,Default,Default,Default,Default,Default,Default,Default,Default,Default,Default,Default,Default,Default,Default,Default,Default,Default,Default,Default,Default,Default,Default,Default,Default,Default,Default,Default,Default,Default,Default,Default,Default,Default,Default,Default,Default,Default,DefaultJob,DocumentCount=100000,1,Workload,Result,34,642585501,256,2510099.61,2,0,0,38464
MoreLikeThisBenchmarks.'LeanCorpus MLT Scalar (HighMinDocFreq)',Rowles.LeanCorpus.Benchmarks,MoreLikeThisBenchmarks,'LeanCorpus MLT Scalar (HighMinDocFreq)',DefaultJob,Default,Default,Default,Default,Default,Default,Default,Default,Default,Default,Default,Default,Default,Default,Default,Default,Default,Default,Default,Default,Default,Default,Default,Default,Default,Default,Default,Default,Default,Default,Default,Default,Default,Default,Default,Default,Default,Default,Default,Default,Default,DefaultJob,DocumentCount=100000,1,Workload,Result,35,639721063,256,2498910.4,2,0,0,38464
MoreLikeThisBenchmarks.'LeanCorpus MLT Scalar (NoBoost)',Rowles.LeanCorpus.Benchmarks,MoreLikeThisBenchmarks,'LeanCorpus MLT Scalar (NoBoost)',DefaultJob,Default,Default,Default,Default,Default,Default,Default,Default,Default,Default,Default,Default,Default,Default,Default,Default,Default,Default,Default,Default,Default,Default,Default,Default,Default,Default,Default,Default,Default,Default,Default,Default,Default,Default,Default,Default,Default,Default,Default,Default,Default,DefaultJob,DocumentCount=100000,1,Workload,Jitting,1,58313790,1,58313790,7,1,0,117375
MoreLikeThisBenchmarks.'LeanCorpus MLT Scalar (NoBoost)',Rowles.LeanCorpus.Benchmarks,MoreLikeThisBenchmarks,'LeanCorpus MLT Scalar (NoBoost)',DefaultJob,Default,Default,Default,Default,Default,Default,Default,Default,Default,Default,Default,Default,Default,Default,Default,Default,Default,Default,Default,Default,Default,Default,Default,Default,Default,Default,Default,Default,Default,Default,Default,Default,Default,Default,Default,Default,Default,Default,Default,Default,Default,DefaultJob,DocumentCount=100000,1,Workload,Jitting,2,133143033,30,4438101.1,7,1,0,117375
MoreLikeThisBenchmarks.'LeanCorpus MLT Scalar (NoBoost)',Rowles.LeanCorpus.Benchmarks,MoreLikeThisBenchmarks,'LeanCorpus MLT Scalar (NoBoost)',DefaultJob,Default,Default,Default,Default,Default,Default,Default,Default,Default,Default,Default,Default,Default,Default,Default,Default,Default,Default,Default,Default,Default,Default,Default,Default,Default,Default,Default,Default,Default,Default,Default,Default,Default,Default,Default,Default,Default,Default,Default,Default,Default,DefaultJob,DocumentCount=100000,1,Workload,Jitting,3,92654752,30,3088491.73,7,1,0,117375
MoreLikeThisBenchmarks.'LeanCorpus MLT Scalar (NoBoost)',Rowles.LeanCorpus.Benchmarks,MoreLikeThisBenchmarks,'LeanCorpus MLT Scalar (NoBoost)',DefaultJob,Default,Default,Default,Default,Default,Default,Default,Default,Default,Default,Default,Default,Default,Default,Default,Default,Default,Default,Default,Default,Default,Default,Default,Default,Default,Default,Default,Default,Default,Default,Default,Default,Default,Default,Default,Default,Default,Default,Default,Default,Default,DefaultJob,DocumentCount=100000,1,Workload,Jitting,4,76343586,30,2544786.2,7,1,0,117375
MoreLikeThisBenchmarks.'LeanCorpus MLT Scalar (NoBoost)',Rowles.LeanCorpus.Benchmarks,MoreLikeThisBenchmarks,'LeanCorpus MLT Scalar (NoBoost)',DefaultJob,Default,Default,Default,Default,Default,Default,Default,Default,Default,Default,Default,Default,Default,Default,Default,Default,Default,Default,Default,Default,Default,Default,Default,Default,Default,Default,Default,Default,Default,Default,Default,Default,Default,Default,Default,Default,Default,Default,Default,Default,Default,DefaultJob,DocumentCount=100000,1,Workload,Jitting,5,3991377,1,3991377,7,1,0,117375
MoreLikeThisBenchmarks.'LeanCorpus MLT Scalar (NoBoost)',Rowles.LeanCorpus.Benchmarks,MoreLikeThisBenchmarks,'LeanCorpus MLT Scalar (NoBoost)',DefaultJob,Default,Default,Default,Default,Default,Default,Default,Default,Default,Default,Default,Default,Default,Default,Default,Default,Default,Default,Default,Default,Default,Default,Default,Default,Default,Default,Default,Default,Default,Default,Default,Default,Default,Default,Default,Default,Default,Default,Default,Default,Default,DefaultJob,DocumentCount=100000,1,Workload,Pilot,1,2784557,1,2784557,7,1,0,117375
MoreLikeThisBenchmarks.'LeanCorpus MLT Scalar (NoBoost)',Rowles.LeanCorpus.Benchmarks,MoreLikeThisBenchmarks,'LeanCorpus MLT Scalar (NoBoost)',DefaultJob,Default,Default,Default,Default,Default,Default,Default,Default,Default,Default,Default,Default,Default,Default,Default,Default,Default,Default,Default,Default,Default,Default,Default,Default,Default,Default,Default,Default,Default,Default,Default,Default,Default,Default,Default,Default,Default,Default,Default,Default,Default,DefaultJob,DocumentCount=100000,1,Workload,Pilot,1,40986039,16,2561627.44,7,1,0,117375
MoreLikeThisBenchmarks.'LeanCorpus MLT Scalar (NoBoost)',Rowles.LeanCorpus.Benchmarks,MoreLikeThisBenchmarks,'LeanCorpus MLT Scalar (NoBoost)',DefaultJob,Default,Default,Default,Default,Default,Default,Default,Default,Default,Default,Default,Default,Default,Default,Default,Default,Default,Default,Default,Default,Default,Default,Default,Default,Default,Default,Default,Default,Default,Default,Default,Default,Default,Default,Default,Default,Default,Default,Default,Default,Default,DefaultJob,DocumentCount=100000,1,Workload,Pilot,2,93032445,32,2907263.91,7,1,0,117375
MoreLikeThisBenchmarks.'LeanCorpus MLT Scalar (NoBoost)',Rowles.LeanCorpus.Benchmarks,MoreLikeThisBenchmarks,'LeanCorpus MLT Scalar (NoBoost)',DefaultJob,Default,Default,Default,Default,Default,Default,Default,Default,Default,Default,Default,Default,Default,Default,Default,Default,Default,Default,Default,Default,Default,Default,Default,Default,Default,Default,Default,Default,Default,Default,Default,Default,Default,Default,Default,Default,Default,Default,Default,Default,Default,DefaultJob,DocumentCount=100000,1,Workload,Pilot,3,173810564,64,2715790.06,7,1,0,117375
MoreLikeThisBenchmarks.'LeanCorpus MLT Scalar (NoBoost)',Rowles.LeanCorpus.Benchmarks,MoreLikeThisBenchmarks,'LeanCorpus MLT Scalar (NoBoost)',DefaultJob,Default,Default,Default,Default,Default,Default,Default,Default,Default,Default,Default,Default,Default,Default,Default,Default,Default,Default,Default,Default,Default,Default,Default,Default,Default,Default,Default,Default,Default,Default,Default,Default,Default,Default,Default,Default,Default,Default,Default,Default,Default,DefaultJob,DocumentCount=100000,1,Workload,Pilot,4,333687910,128,2606936.8,7,1,0,117375
MoreLikeThisBenchmarks.'LeanCorpus MLT Scalar (NoBoost)',Rowles.LeanCorpus.Benchmarks,MoreLikeThisBenchmarks,'LeanCorpus MLT Scalar (NoBoost)',DefaultJob,Default,Default,Default,Default,Default,Default,Default,Default,Default,Default,Default,Default,Default,Default,Default,Default,Default,Default,Default,Default,Default,Default,Default,Default,Default,Default,Default,Default,Default,Default,Default,Default,Default,Default,Default,Default,Default,Default,Default,Default,Default,DefaultJob,DocumentCount=100000,1,Workload,Pilot,5,654941222,256,2558364.15,7,1,0,117375
MoreLikeThisBenchmarks.'LeanCorpus MLT Scalar (NoBoost)',Rowles.LeanCorpus.Benchmarks,MoreLikeThisBenchmarks,'LeanCorpus MLT Scalar (NoBoost)',DefaultJob,Default,Default,Default,Default,Default,Default,Default,Default,Default,Default,Default,Default,Default,Default,Default,Default,Default,Default,Default,Default,Default,Default,Default,Default,Default,Default,Default,Default,Default,Default,Default,Default,Default,Default,Default,Default,Default,Default,Default,Default,Default,DefaultJob,DocumentCount=100000,1,Workload,Warmup,1,651545101,256,2545098.05,7,1,0,117375
MoreLikeThisBenchmarks.'LeanCorpus MLT Scalar (NoBoost)',Rowles.LeanCorpus.Benchmarks,MoreLikeThisBenchmarks,'LeanCorpus MLT Scalar (NoBoost)',DefaultJob,Default,Default,Default,Default,Default,Default,Default,Default,Default,Default,Default,Default,Default,Default,Default,Default,Default,Default,Default,Default,Default,Default,Default,Default,Default,Default,Default,Default,Default,Default,Default,Default,Default,Default,Default,Default,Default,Default,Default,Default,Default,DefaultJob,DocumentCount=100000,1,Workload,Warmup,2,648379943,256,2532734.15,7,1,0,117375
MoreLikeThisBenchmarks.'LeanCorpus MLT Scalar (NoBoost)',Rowles.LeanCorpus.Benchmarks,MoreLikeThisBenchmarks,'LeanCorpus MLT Scalar (NoBoost)',DefaultJob,Default,Default,Default,Default,Default,Default,Default,Default,Default,Default,Default,Default,Default,Default,Default,Default,Default,Default,Default,Default,Default,Default,Default,Default,Default,Default,Default,Default,Default,Default,Default,Default,Default,Default,Default,Default,Default,Default,Default,Default,Default,DefaultJob,DocumentCount=100000,1,Workload,Warmup,3,638788619,256,2495268.04,7,1,0,117375
MoreLikeThisBenchmarks.'LeanCorpus MLT Scalar (NoBoost)',Rowles.LeanCorpus.Benchmarks,MoreLikeThisBenchmarks,'LeanCorpus MLT Scalar (NoBoost)',DefaultJob,Default,Default,Default,Default,Default,Default,Default,Default,Default,Default,Default,Default,Default,Default,Default,Default,Default,Default,Default,Default,Default,Default,Default,Default,Default,Default,Default,Default,Default,Default,Default,Default,Default,Default,Default,Default,Default,Default,Default,Default,Default,DefaultJob,DocumentCount=100000,1,Workload,Warmup,4,631274408,256,2465915.66,7,1,0,117375
MoreLikeThisBenchmarks.'LeanCorpus MLT Scalar (NoBoost)',Rowles.LeanCorpus.Benchmarks,MoreLikeThisBenchmarks,'LeanCorpus MLT Scalar (NoBoost)',DefaultJob,Default,Default,Default,Default,Default,Default,Default,Default,Default,Default,Default,Default,Default,Default,Default,Default,Default,Default,Default,Default,Default,Default,Default,Default,Default,Default,Default,Default,Default,Default,Default,Default,Default,Default,Default,Default,Default,Default,Default,Default,Default,DefaultJob,DocumentCount=100000,1,Workload,Warmup,5,635424934,256,2482128.65,7,1,0,117375
MoreLikeThisBenchmarks.'LeanCorpus MLT Scalar (NoBoost)',Rowles.LeanCorpus.Benchmarks,MoreLikeThisBenchmarks,'LeanCorpus MLT Scalar (NoBoost)',DefaultJob,Default,Default,Default,Default,Default,Default,Default,Default,Default,Default,Default,Default,Default,Default,Default,Default,Default,Default,Default,Default,Default,Default,Default,Default,Default,Default,Default,Default,Default,Default,Default,Default,Default,Default,Default,Default,Default,Default,Default,Default,Default,DefaultJob,DocumentCount=100000,1,Workload,Warmup,6,650948848,256,2542768.94,7,1,0,117375
MoreLikeThisBenchmarks.'LeanCorpus MLT Scalar (NoBoost)',Rowles.LeanCorpus.Benchmarks,MoreLikeThisBenchmarks,'LeanCorpus MLT Scalar (NoBoost)',DefaultJob,Default,Default,Default,Default,Default,Default,Default,Default,Default,Default,Default,Default,Default,Default,Default,Default,Default,Default,Default,Default,Default,Default,Default,Default,Default,Default,Default,Default,Default,Default,Default,Default,Default,Default,Default,Default,Default,Default,Default,Default,Default,DefaultJob,DocumentCount=100000,1,Workload,Warmup,7,654800700,256,2557815.23,7,1,0,117375
MoreLikeThisBenchmarks.'LeanCorpus MLT Scalar (NoBoost)',Rowles.LeanCorpus.Benchmarks,MoreLikeThisBenchmarks,'LeanCorpus MLT Scalar (NoBoost)',DefaultJob,Default,Default,Default,Default,Default,Default,Default,Default,Default,Default,Default,Default,Default,Default,Default,Default,Default,Default,Default,Default,Default,Default,Default,Default,Default,Default,Default,Default,Default,Default,Default,Default,Default,Default,Default,Default,Default,Default,Default,Default,Default,DefaultJob,DocumentCount=100000,1,Workload,Warmup,8,657888602,256,2569877.35,7,1,0,117375
MoreLikeThisBenchmarks.'LeanCorpus MLT Scalar (NoBoost)',Rowles.LeanCorpus.Benchmarks,MoreLikeThisBenchmarks,'LeanCorpus MLT Scalar (NoBoost)',DefaultJob,Default,Default,Default,Default,Default,Default,Default,Default,Default,Default,Default,Default,Default,Default,Default,Default,Default,Default,Default,Default,Default,Default,Default,Default,Default,Default,Default,Default,Default,Default,Default,Default,Default,Default,Default,Default,Default,Default,Default,Default,Default,DefaultJob,DocumentCount=100000,1,Workload,Warmup,9,653395447,256,2552325.96,7,1,0,117375
MoreLikeThisBenchmarks.'LeanCorpus MLT Scalar (NoBoost)',Rowles.LeanCorpus.Benchmarks,MoreLikeThisBenchmarks,'LeanCorpus MLT Scalar (NoBoost)',DefaultJob,Default,Default,Default,Default,Default,Default,Default,Default,Default,Default,Default,Default,Default,Default,Default,Default,Default,Default,Default,Default,Default,Default,Default,Default,Default,Default,Default,Default,Default,Default,Default,Default,Default,Default,Default,Default,Default,Default,Default,Default,Default,DefaultJob,DocumentCount=100000,1,Workload,Warmup,10,641775771,256,2506936.61,7,1,0,117375
MoreLikeThisBenchmarks.'LeanCorpus MLT Scalar (NoBoost)',Rowles.LeanCorpus.Benchmarks,MoreLikeThisBenchmarks,'LeanCorpus MLT Scalar (NoBoost)',DefaultJob,Default,Default,Default,Default,Default,Default,Default,Default,Default,Default,Default,Default,Default,Default,Default,Default,Default,Default,Default,Default,Default,Default,Default,Default,Default,Default,Default,Default,Default,Default,Default,Default,Default,Default,Default,Default,Default,Default,Default,Default,Default,DefaultJob,DocumentCount=100000,1,Workload,Warmup,11,621874785,256,2429198.38,7,1,0,117375
MoreLikeThisBenchmarks.'LeanCorpus MLT Scalar (NoBoost)',Rowles.LeanCorpus.Benchmarks,MoreLikeThisBenchmarks,'LeanCorpus MLT Scalar (NoBoost)',DefaultJob,Default,Default,Default,Default,Default,Default,Default,Default,Default,Default,Default,Default,Default,Default,Default,Default,Default,Default,Default,Default,Default,Default,Default,Default,Default,Default,Default,Default,Default,Default,Default,Default,Default,Default,Default,Default,Default,Default,Default,Default,Default,DefaultJob,DocumentCount=100000,1,Workload,Warmup,12,641802492,256,2507040.98,7,1,0,117375
MoreLikeThisBenchmarks.'LeanCorpus MLT Scalar (NoBoost)',Rowles.LeanCorpus.Benchmarks,MoreLikeThisBenchmarks,'LeanCorpus MLT Scalar (NoBoost)',DefaultJob,Default,Default,Default,Default,Default,Default,Default,Default,Default,Default,Default,Default,Default,Default,Default,Default,Default,Default,Default,Default,Default,Default,Default,Default,Default,Default,Default,Default,Default,Default,Default,Default,Default,Default,Default,Default,Default,Default,Default,Default,Default,DefaultJob,DocumentCount=100000,1,Workload,Warmup,13,641941177,256,2507582.72,7,1,0,117375
MoreLikeThisBenchmarks.'LeanCorpus MLT Scalar (NoBoost)',Rowles.LeanCorpus.Benchmarks,MoreLikeThisBenchmarks,'LeanCorpus MLT Scalar (NoBoost)',DefaultJob,Default,Default,Default,Default,Default,Default,Default,Default,Default,Default,Default,Default,Default,Default,Default,Default,Default,Default,Default,Default,Default,Default,Default,Default,Default,Default,Default,Default,Default,Default,Default,Default,Default,Default,Default,Default,Default,Default,Default,Default,Default,DefaultJob,DocumentCount=100000,1,Workload,Warmup,14,646977070,256,2527254.18,7,1,0,117375
MoreLikeThisBenchmarks.'LeanCorpus MLT Scalar (NoBoost)',Rowles.LeanCorpus.Benchmarks,MoreLikeThisBenchmarks,'LeanCorpus MLT Scalar (NoBoost)',DefaultJob,Default,Default,Default,Default,Default,Default,Default,Default,Default,Default,Default,Default,Default,Default,Default,Default,Default,Default,Default,Default,Default,Default,Default,Default,Default,Default,Default,Default,Default,Default,Default,Default,Default,Default,Default,Default,Default,Default,Default,Default,Default,DefaultJob,DocumentCount=100000,1,Workload,Warmup,15,635590903,256,2482776.96,7,1,0,117375
MoreLikeThisBenchmarks.'LeanCorpus MLT Scalar (NoBoost)',Rowles.LeanCorpus.Benchmarks,MoreLikeThisBenchmarks,'LeanCorpus MLT Scalar (NoBoost)',DefaultJob,Default,Default,Default,Default,Default,Default,Default,Default,Default,Default,Default,Default,Default,Default,Default,Default,Default,Default,Default,Default,Default,Default,Default,Default,Default,Default,Default,Default,Default,Default,Default,Default,Default,Default,Default,Default,Default,Default,Default,Default,Default,DefaultJob,DocumentCount=100000,1,Workload,Actual,1,649492231,256,2537079.03,7,1,0,117375
MoreLikeThisBenchmarks.'LeanCorpus MLT Scalar (NoBoost)',Rowles.LeanCorpus.Benchmarks,MoreLikeThisBenchmarks,'LeanCorpus MLT Scalar (NoBoost)',DefaultJob,Default,Default,Default,Default,Default,Default,Default,Default,Default,Default,Default,Default,Default,Default,Default,Default,Default,Default,Default,Default,Default,Default,Default,Default,Default,Default,Default,Default,Default,Default,Default,Default,Default,Default,Default,Default,Default,Default,Default,Default,Default,DefaultJob,DocumentCount=100000,1,Workload,Actual,2,657370712,256,2567854.34,7,1,0,117375
MoreLikeThisBenchmarks.'LeanCorpus MLT Scalar (NoBoost)',Rowles.LeanCorpus.Benchmarks,MoreLikeThisBenchmarks,'LeanCorpus MLT Scalar (NoBoost)',DefaultJob,Default,Default,Default,Default,Default,Default,Default,Default,Default,Default,Default,Default,Default,Default,Default,Default,Default,Default,Default,Default,Default,Default,Default,Default,Default,Default,Default,Default,Default,Default,Default,Default,Default,Default,Default,Default,Default,Default,Default,Default,Default,DefaultJob,DocumentCount=100000,1,Workload,Actual,3,637166134,256,2488930.21,7,1,0,117375
MoreLikeThisBenchmarks.'LeanCorpus MLT Scalar (NoBoost)',Rowles.LeanCorpus.Benchmarks,MoreLikeThisBenchmarks,'LeanCorpus MLT Scalar (NoBoost)',DefaultJob,Default,Default,Default,Default,Default,Default,Default,Default,Default,Default,Default,Default,Default,Default,Default,Default,Default,Default,Default,Default,Default,Default,Default,Default,Default,Default,Default,Default,Default,Default,Default,Default,Default,Default,Default,Default,Default,Default,Default,Default,Default,DefaultJob,DocumentCount=100000,1,Workload,Actual,4,618989382,256,2417927.27,7,1,0,117375
MoreLikeThisBenchmarks.'LeanCorpus MLT Scalar (NoBoost)',Rowles.LeanCorpus.Benchmarks,MoreLikeThisBenchmarks,'LeanCorpus MLT Scalar (NoBoost)',DefaultJob,Default,Default,Default,Default,Default,Default,Default,Default,Default,Default,Default,Default,Default,Default,Default,Default,Default,Default,Default,Default,Default,Default,Default,Default,Default,Default,Default,Default,Default,Default,Default,Default,Default,Default,Default,Default,Default,Default,Default,Default,Default,DefaultJob,DocumentCount=100000,1,Workload,Actual,5,637277660,256,2489365.86,7,1,0,117375
MoreLikeThisBenchmarks.'LeanCorpus MLT Scalar (NoBoost)',Rowles.LeanCorpus.Benchmarks,MoreLikeThisBenchmarks,'LeanCorpus MLT Scalar (NoBoost)',DefaultJob,Default,Default,Default,Default,Default,Default,Default,Default,Default,Default,Default,Default,Default,Default,Default,Default,Default,Default,Default,Default,Default,Default,Default,Default,Default,Default,Default,Default,Default,Default,Default,Default,Default,Default,Default,Default,Default,Default,Default,Default,Default,DefaultJob,DocumentCount=100000,1,Workload,Actual,6,646378568,256,2524916.28,7,1,0,117375
MoreLikeThisBenchmarks.'LeanCorpus MLT Scalar (NoBoost)',Rowles.LeanCorpus.Benchmarks,MoreLikeThisBenchmarks,'LeanCorpus MLT Scalar (NoBoost)',DefaultJob,Default,Default,Default,Default,Default,Default,Default,Default,Default,Default,Default,Default,Default,Default,Default,Default,Default,Default,Default,Default,Default,Default,Default,Default,Default,Default,Default,Default,Default,Default,Default,Default,Default,Default,Default,Default,Default,Default,Default,Default,Default,DefaultJob,DocumentCount=100000,1,Workload,Actual,7,643249029,256,2512691.52,7,1,0,117375
MoreLikeThisBenchmarks.'LeanCorpus MLT Scalar (NoBoost)',Rowles.LeanCorpus.Benchmarks,MoreLikeThisBenchmarks,'LeanCorpus MLT Scalar (NoBoost)',DefaultJob,Default,Default,Default,Default,Default,Default,Default,Default,Default,Default,Default,Default,Default,Default,Default,Default,Default,Default,Default,Default,Default,Default,Default,Default,Default,Default,Default,Default,Default,Default,Default,Default,Default,Default,Default,Default,Default,Default,Default,Default,Default,DefaultJob,DocumentCount=100000,1,Workload,Actual,8,648860843,256,2534612.67,7,1,0,117375
MoreLikeThisBenchmarks.'LeanCorpus MLT Scalar (NoBoost)',Rowles.LeanCorpus.Benchmarks,MoreLikeThisBenchmarks,'LeanCorpus MLT Scalar (NoBoost)',DefaultJob,Default,Default,Default,Default,Default,Default,Default,Default,Default,Default,Default,Default,Default,Default,Default,Default,Default,Default,Default,Default,Default,Default,Default,Default,Default,Default,Default,Default,Default,Default,Default,Default,Default,Default,Default,Default,Default,Default,Default,Default,Default,DefaultJob,DocumentCount=100000,1,Workload,Actual,9,610614039,256,2385211.09,7,1,0,117375
MoreLikeThisBenchmarks.'LeanCorpus MLT Scalar (NoBoost)',Rowles.LeanCorpus.Benchmarks,MoreLikeThisBenchmarks,'LeanCorpus MLT Scalar (NoBoost)',DefaultJob,Default,Default,Default,Default,Default,Default,Default,Default,Default,Default,Default,Default,Default,Default,Default,Default,Default,Default,Default,Default,Default,Default,Default,Default,Default,Default,Default,Default,Default,Default,Default,Default,Default,Default,Default,Default,Default,Default,Default,Default,Default,DefaultJob,DocumentCount=100000,1,Workload,Actual,10,660632201,256,2580594.54,7,1,0,117375
MoreLikeThisBenchmarks.'LeanCorpus MLT Scalar (NoBoost)',Rowles.LeanCorpus.Benchmarks,MoreLikeThisBenchmarks,'LeanCorpus MLT Scalar (NoBoost)',DefaultJob,Default,Default,Default,Default,Default,Default,Default,Default,Default,Default,Default,Default,Default,Default,Default,Default,Default,Default,Default,Default,Default,Default,Default,Default,Default,Default,Default,Default,Default,Default,Default,Default,Default,Default,Default,Default,Default,Default,Default,Default,Default,DefaultJob,DocumentCount=100000,1,Workload,Actual,11,647262938,256,2528370.85,7,1,0,117375
MoreLikeThisBenchmarks.'LeanCorpus MLT Scalar (NoBoost)',Rowles.LeanCorpus.Benchmarks,MoreLikeThisBenchmarks,'LeanCorpus MLT Scalar (NoBoost)',DefaultJob,Default,Default,Default,Default,Default,Default,Default,Default,Default,Default,Default,Default,Default,Default,Default,Default,Default,Default,Default,Default,Default,Default,Default,Default,Default,Default,Default,Default,Default,Default,Default,Default,Default,Default,Default,Default,Default,Default,Default,Default,Default,DefaultJob,DocumentCount=100000,1,Workload,Actual,12,651867989,256,2546359.33,7,1,0,117375
MoreLikeThisBenchmarks.'LeanCorpus MLT Scalar (NoBoost)',Rowles.LeanCorpus.Benchmarks,MoreLikeThisBenchmarks,'LeanCorpus MLT Scalar (NoBoost)',DefaultJob,Default,Default,Default,Default,Default,Default,Default,Default,Default,Default,Default,Default,Default,Default,Default,Default,Default,Default,Default,Default,Default,Default,Default,Default,Default,Default,Default,Default,Default,Default,Default,Default,Default,Default,Default,Default,Default,Default,Default,Default,Default,DefaultJob,DocumentCount=100000,1,Workload,Actual,13,629892846,256,2460518.93,7,1,0,117375
MoreLikeThisBenchmarks.'LeanCorpus MLT Scalar (NoBoost)',Rowles.LeanCorpus.Benchmarks,MoreLikeThisBenchmarks,'LeanCorpus MLT Scalar (NoBoost)',DefaultJob,Default,Default,Default,Default,Default,Default,Default,Default,Default,Default,Default,Default,Default,Default,Default,Default,Default,Default,Default,Default,Default,Default,Default,Default,Default,Default,Default,Default,Default,Default,Default,Default,Default,Default,Default,Default,Default,Default,Default,Default,Default,DefaultJob,DocumentCount=100000,1,Workload,Actual,14,634051839,256,2476765,7,1,0,117375
MoreLikeThisBenchmarks.'LeanCorpus MLT Scalar (NoBoost)',Rowles.LeanCorpus.Benchmarks,MoreLikeThisBenchmarks,'LeanCorpus MLT Scalar (NoBoost)',DefaultJob,Default,Default,Default,Default,Default,Default,Default,Default,Default,Default,Default,Default,Default,Default,Default,Default,Default,Default,Default,Default,Default,Default,Default,Default,Default,Default,Default,Default,Default,Default,Default,Default,Default,Default,Default,Default,Default,Default,Default,Default,Default,DefaultJob,DocumentCount=100000,1,Workload,Actual,15,642568241,256,2510032.19,7,1,0,117375
MoreLikeThisBenchmarks.'LeanCorpus MLT Scalar (NoBoost)',Rowles.LeanCorpus.Benchmarks,MoreLikeThisBenchmarks,'LeanCorpus MLT Scalar (NoBoost)',DefaultJob,Default,Default,Default,Default,Default,Default,Default,Default,Default,Default,Default,Default,Default,Default,Default,Default,Default,Default,Default,Default,Default,Default,Default,Default,Default,Default,Default,Default,Default,Default,Default,Default,Default,Default,Default,Default,Default,Default,Default,Default,Default,DefaultJob,DocumentCount=100000,1,Workload,Actual,16,638540200,256,2494297.66,7,1,0,117375
MoreLikeThisBenchmarks.'LeanCorpus MLT Scalar (NoBoost)',Rowles.LeanCorpus.Benchmarks,MoreLikeThisBenchmarks,'LeanCorpus MLT Scalar (NoBoost)',DefaultJob,Default,Default,Default,Default,Default,Default,Default,Default,Default,Default,Default,Default,Default,Default,Default,Default,Default,Default,Default,Default,Default,Default,Default,Default,Default,Default,Default,Default,Default,Default,Default,Default,Default,Default,Default,Default,Default,Default,Default,Default,Default,DefaultJob,DocumentCount=100000,1,Workload,Actual,17,644184432,256,2516345.44,7,1,0,117375
MoreLikeThisBenchmarks.'LeanCorpus MLT Scalar (NoBoost)',Rowles.LeanCorpus.Benchmarks,MoreLikeThisBenchmarks,'LeanCorpus MLT Scalar (NoBoost)',DefaultJob,Default,Default,Default,Default,Default,Default,Default,Default,Default,Default,Default,Default,Default,Default,Default,Default,Default,Default,Default,Default,Default,Default,Default,Default,Default,Default,Default,Default,Default,Default,Default,Default,Default,Default,Default,Default,Default,Default,Default,Default,Default,DefaultJob,DocumentCount=100000,1,Workload,Extra,1,642756043,256,2510765.79,7,1,0,117375
MoreLikeThisBenchmarks.'LeanCorpus MLT Scalar (NoBoost)',Rowles.LeanCorpus.Benchmarks,MoreLikeThisBenchmarks,'LeanCorpus MLT Scalar (NoBoost)',DefaultJob,Default,Default,Default,Default,Default,Default,Default,Default,Default,Default,Default,Default,Default,Default,Default,Default,Default,Default,Default,Default,Default,Default,Default,Default,Default,Default,Default,Default,Default,Default,Default,Default,Default,Default,Default,Default,Default,Default,Default,Default,Default,DefaultJob,DocumentCount=100000,1,Workload,Result,1,649492231,256,2537079.03,7,1,0,117375
MoreLikeThisBenchmarks.'LeanCorpus MLT Scalar (NoBoost)',Rowles.LeanCorpus.Benchmarks,MoreLikeThisBenchmarks,'LeanCorpus MLT Scalar (NoBoost)',DefaultJob,Default,Default,Default,Default,Default,Default,Default,Default,Default,Default,Default,Default,Default,Default,Default,Default,Default,Default,Default,Default,Default,Default,Default,Default,Default,Default,Default,Default,Default,Default,Default,Default,Default,Default,Default,Default,Default,Default,Default,Default,Default,DefaultJob,DocumentCount=100000,1,Workload,Result,2,657370712,256,2567854.34,7,1,0,117375
MoreLikeThisBenchmarks.'LeanCorpus MLT Scalar (NoBoost)',Rowles.LeanCorpus.Benchmarks,MoreLikeThisBenchmarks,'LeanCorpus MLT Scalar (NoBoost)',DefaultJob,Default,Default,Default,Default,Default,Default,Default,Default,Default,Default,Default,Default,Default,Default,Default,Default,Default,Default,Default,Default,Default,Default,Default,Default,Default,Default,Default,Default,Default,Default,Default,Default,Default,Default,Default,Default,Default,Default,Default,Default,Default,DefaultJob,DocumentCount=100000,1,Workload,Result,3,637166134,256,2488930.21,7,1,0,117375
MoreLikeThisBenchmarks.'LeanCorpus MLT Scalar (NoBoost)',Rowles.LeanCorpus.Benchmarks,MoreLikeThisBenchmarks,'LeanCorpus MLT Scalar (NoBoost)',DefaultJob,Default,Default,Default,Default,Default,Default,Default,Default,Default,Default,Default,Default,Default,Default,Default,Default,Default,Default,Default,Default,Default,Default,Default,Default,Default,Default,Default,Default,Default,Default,Default,Default,Default,Default,Default,Default,Default,Default,Default,Default,Default,DefaultJob,DocumentCount=100000,1,Workload,Result,4,618989382,256,2417927.27,7,1,0,117375
MoreLikeThisBenchmarks.'LeanCorpus MLT Scalar (NoBoost)',Rowles.LeanCorpus.Benchmarks,MoreLikeThisBenchmarks,'LeanCorpus MLT Scalar (NoBoost)',DefaultJob,Default,Default,Default,Default,Default,Default,Default,Default,Default,Default,Default,Default,Default,Default,Default,Default,Default,Default,Default,Default,Default,Default,Default,Default,Default,Default,Default,Default,Default,Default,Default,Default,Default,Default,Default,Default,Default,Default,Default,Default,Default,DefaultJob,DocumentCount=100000,1,Workload,Result,5,637277660,256,2489365.86,7,1,0,117375
MoreLikeThisBenchmarks.'LeanCorpus MLT Scalar (NoBoost)',Rowles.LeanCorpus.Benchmarks,MoreLikeThisBenchmarks,'LeanCorpus MLT Scalar (NoBoost)',DefaultJob,Default,Default,Default,Default,Default,Default,Default,Default,Default,Default,Default,Default,Default,Default,Default,Default,Default,Default,Default,Default,Default,Default,Default,Default,Default,Default,Default,Default,Default,Default,Default,Default,Default,Default,Default,Default,Default,Default,Default,Default,Default,DefaultJob,DocumentCount=100000,1,Workload,Result,6,646378568,256,2524916.28,7,1,0,117375
MoreLikeThisBenchmarks.'LeanCorpus MLT Scalar (NoBoost)',Rowles.LeanCorpus.Benchmarks,MoreLikeThisBenchmarks,'LeanCorpus MLT Scalar (NoBoost)',DefaultJob,Default,Default,Default,Default,Default,Default,Default,Default,Default,Default,Default,Default,Default,Default,Default,Default,Default,Default,Default,Default,Default,Default,Default,Default,Default,Default,Default,Default,Default,Default,Default,Default,Default,Default,Default,Default,Default,Default,Default,Default,Default,DefaultJob,DocumentCount=100000,1,Workload,Result,7,643249029,256,2512691.52,7,1,0,117375
MoreLikeThisBenchmarks.'LeanCorpus MLT Scalar (NoBoost)',Rowles.LeanCorpus.Benchmarks,MoreLikeThisBenchmarks,'LeanCorpus MLT Scalar (NoBoost)',DefaultJob,Default,Default,Default,Default,Default,Default,Default,Default,Default,Default,Default,Default,Default,Default,Default,Default,Default,Default,Default,Default,Default,Default,Default,Default,Default,Default,Default,Default,Default,Default,Default,Default,Default,Default,Default,Default,Default,Default,Default,Default,Default,DefaultJob,DocumentCount=100000,1,Workload,Result,8,648860843,256,2534612.67,7,1,0,117375
MoreLikeThisBenchmarks.'LeanCorpus MLT Scalar (NoBoost)',Rowles.LeanCorpus.Benchmarks,MoreLikeThisBenchmarks,'LeanCorpus MLT Scalar (NoBoost)',DefaultJob,Default,Default,Default,Default,Default,Default,Default,Default,Default,Default,Default,Default,Default,Default,Default,Default,Default,Default,Default,Default,Default,Default,Default,Default,Default,Default,Default,Default,Default,Default,Default,Default,Default,Default,Default,Default,Default,Default,Default,Default,Default,DefaultJob,DocumentCount=100000,1,Workload,Result,9,610614039,256,2385211.09,7,1,0,117375
MoreLikeThisBenchmarks.'LeanCorpus MLT Scalar (NoBoost)',Rowles.LeanCorpus.Benchmarks,MoreLikeThisBenchmarks,'LeanCorpus MLT Scalar (NoBoost)',DefaultJob,Default,Default,Default,Default,Default,Default,Default,Default,Default,Default,Default,Default,Default,Default,Default,Default,Default,Default,Default,Default,Default,Default,Default,Default,Default,Default,Default,Default,Default,Default,Default,Default,Default,Default,Default,Default,Default,Default,Default,Default,Default,DefaultJob,DocumentCount=100000,1,Workload,Result,10,660632201,256,2580594.54,7,1,0,117375
MoreLikeThisBenchmarks.'LeanCorpus MLT Scalar (NoBoost)',Rowles.LeanCorpus.Benchmarks,MoreLikeThisBenchmarks,'LeanCorpus MLT Scalar (NoBoost)',DefaultJob,Default,Default,Default,Default,Default,Default,Default,Default,Default,Default,Default,Default,Default,Default,Default,Default,Default,Default,Default,Default,Default,Default,Default,Default,Default,Default,Default,Default,Default,Default,Default,Default,Default,Default,Default,Default,Default,Default,Default,Default,Default,DefaultJob,DocumentCount=100000,1,Workload,Result,11,647262938,256,2528370.85,7,1,0,117375
MoreLikeThisBenchmarks.'LeanCorpus MLT Scalar (NoBoost)',Rowles.LeanCorpus.Benchmarks,MoreLikeThisBenchmarks,'LeanCorpus MLT Scalar (NoBoost)',DefaultJob,Default,Default,Default,Default,Default,Default,Default,Default,Default,Default,Default,Default,Default,Default,Default,Default,Default,Default,Default,Default,Default,Default,Default,Default,Default,Default,Default,Default,Default,Default,Default,Default,Default,Default,Default,Default,Default,Default,Default,Default,Default,DefaultJob,DocumentCount=100000,1,Workload,Result,12,651867989,256,2546359.33,7,1,0,117375
MoreLikeThisBenchmarks.'LeanCorpus MLT Scalar (NoBoost)',Rowles.LeanCorpus.Benchmarks,MoreLikeThisBenchmarks,'LeanCorpus MLT Scalar (NoBoost)',DefaultJob,Default,Default,Default,Default,Default,Default,Default,Default,Default,Default,Default,Default,Default,Default,Default,Default,Default,Default,Default,Default,Default,Default,Default,Default,Default,Default,Default,Default,Default,Default,Default,Default,Default,Default,Default,Default,Default,Default,Default,Default,Default,DefaultJob,DocumentCount=100000,1,Workload,Result,13,629892846,256,2460518.93,7,1,0,117375
MoreLikeThisBenchmarks.'LeanCorpus MLT Scalar (NoBoost)',Rowles.LeanCorpus.Benchmarks,MoreLikeThisBenchmarks,'LeanCorpus MLT Scalar (NoBoost)',DefaultJob,Default,Default,Default,Default,Default,Default,Default,Default,Default,Default,Default,Default,Default,Default,Default,Default,Default,Default,Default,Default,Default,Default,Default,Default,Default,Default,Default,Default,Default,Default,Default,Default,Default,Default,Default,Default,Default,Default,Default,Default,Default,DefaultJob,DocumentCount=100000,1,Workload,Result,14,634051839,256,2476765,7,1,0,117375
MoreLikeThisBenchmarks.'LeanCorpus MLT Scalar (NoBoost)',Rowles.LeanCorpus.Benchmarks,MoreLikeThisBenchmarks,'LeanCorpus MLT Scalar (NoBoost)',DefaultJob,Default,Default,Default,Default,Default,Default,Default,Default,Default,Default,Default,Default,Default,Default,Default,Default,Default,Default,Default,Default,Default,Default,Default,Default,Default,Default,Default,Default,Default,Default,Default,Default,Default,Default,Default,Default,Default,Default,Default,Default,Default,DefaultJob,DocumentCount=100000,1,Workload,Result,15,642568241,256,2510032.19,7,1,0,117375
MoreLikeThisBenchmarks.'LeanCorpus MLT Scalar (NoBoost)',Rowles.LeanCorpus.Benchmarks,MoreLikeThisBenchmarks,'LeanCorpus MLT Scalar (NoBoost)',DefaultJob,Default,Default,Default,Default,Default,Default,Default,Default,Default,Default,Default,Default,Default,Default,Default,Default,Default,Default,Default,Default,Default,Default,Default,Default,Default,Default,Default,Default,Default,Default,Default,Default,Default,Default,Default,Default,Default,Default,Default,Default,Default,DefaultJob,DocumentCount=100000,1,Workload,Result,16,638540200,256,2494297.66,7,1,0,117375
MoreLikeThisBenchmarks.'LeanCorpus MLT Scalar (NoBoost)',Rowles.LeanCorpus.Benchmarks,MoreLikeThisBenchmarks,'LeanCorpus MLT Scalar (NoBoost)',DefaultJob,Default,Default,Default,Default,Default,Default,Default,Default,Default,Default,Default,Default,Default,Default,Default,Default,Default,Default,Default,Default,Default,Default,Default,Default,Default,Default,Default,Default,Default,Default,Default,Default,Default,Default,Default,Default,Default,Default,Default,Default,Default,DefaultJob,DocumentCount=100000,1,Workload,Result,17,644184432,256,2516345.44,7,1,0,117375
MoreLikeThisBenchmarks.'LeanCorpus MLT WAND (DefaultParams)',Rowles.LeanCorpus.Benchmarks,MoreLikeThisBenchmarks,'LeanCorpus MLT WAND (DefaultParams)',DefaultJob,Default,Default,Default,Default,Default,Default,Default,Default,Default,Default,Default,Default,Default,Default,Default,Default,Default,Default,Default,Default,Default,Default,Default,Default,Default,Default,Default,Default,Default,Default,Default,Default,Default,Default,Default,Default,Default,Default,Default,Default,Default,DefaultJob,DocumentCount=100000,1,Workload,Jitting,1,65302791,1,65302791,12,3,0,202865
MoreLikeThisBenchmarks.'LeanCorpus MLT WAND (DefaultParams)',Rowles.LeanCorpus.Benchmarks,MoreLikeThisBenchmarks,'LeanCorpus MLT WAND (DefaultParams)',DefaultJob,Default,Default,Default,Default,Default,Default,Default,Default,Default,Default,Default,Default,Default,Default,Default,Default,Default,Default,Default,Default,Default,Default,Default,Default,Default,Default,Default,Default,Default,Default,Default,Default,Default,Default,Default,Default,Default,Default,Default,Default,Default,DefaultJob,DocumentCount=100000,1,Workload,Jitting,2,149182508,30,4972750.27,12,3,0,202865
MoreLikeThisBenchmarks.'LeanCorpus MLT WAND (DefaultParams)',Rowles.LeanCorpus.Benchmarks,MoreLikeThisBenchmarks,'LeanCorpus MLT WAND (DefaultParams)',DefaultJob,Default,Default,Default,Default,Default,Default,Default,Default,Default,Default,Default,Default,Default,Default,Default,Default,Default,Default,Default,Default,Default,Default,Default,Default,Default,Default,Default,Default,Default,Default,Default,Default,Default,Default,Default,Default,Default,Default,Default,Default,Default,DefaultJob,DocumentCount=100000,1,Workload,Jitting,3,97284129,30,3242804.3,12,3,0,202865
MoreLikeThisBenchmarks.'LeanCorpus MLT WAND (DefaultParams)',Rowles.LeanCorpus.Benchmarks,MoreLikeThisBenchmarks,'LeanCorpus MLT WAND (DefaultParams)',DefaultJob,Default,Default,Default,Default,Default,Default,Default,Default,Default,Default,Default,Default,Default,Default,Default,Default,Default,Default,Default,Default,Default,Default,Default,Default,Default,Default,Default,Default,Default,Default,Default,Default,Default,Default,Default,Default,Default,Default,Default,Default,Default,DefaultJob,DocumentCount=100000,1,Workload,Jitting,4,90520614,30,3017353.8,12,3,0,202865
MoreLikeThisBenchmarks.'LeanCorpus MLT WAND (DefaultParams)',Rowles.LeanCorpus.Benchmarks,MoreLikeThisBenchmarks,'LeanCorpus MLT WAND (DefaultParams)',DefaultJob,Default,Default,Default,Default,Default,Default,Default,Default,Default,Default,Default,Default,Default,Default,Default,Default,Default,Default,Default,Default,Default,Default,Default,Default,Default,Default,Default,Default,Default,Default,Default,Default,Default,Default,Default,Default,Default,Default,Default,Default,Default,DefaultJob,DocumentCount=100000,1,Workload,Jitting,5,3546046,1,3546046,12,3,0,202865
MoreLikeThisBenchmarks.'LeanCorpus MLT WAND (DefaultParams)',Rowles.LeanCorpus.Benchmarks,MoreLikeThisBenchmarks,'LeanCorpus MLT WAND (DefaultParams)',DefaultJob,Default,Default,Default,Default,Default,Default,Default,Default,Default,Default,Default,Default,Default,Default,Default,Default,Default,Default,Default,Default,Default,Default,Default,Default,Default,Default,Default,Default,Default,Default,Default,Default,Default,Default,Default,Default,Default,Default,Default,Default,Default,DefaultJob,DocumentCount=100000,1,Workload,Pilot,1,2915828,1,2915828,12,3,0,202865
MoreLikeThisBenchmarks.'LeanCorpus MLT WAND (DefaultParams)',Rowles.LeanCorpus.Benchmarks,MoreLikeThisBenchmarks,'LeanCorpus MLT WAND (DefaultParams)',DefaultJob,Default,Default,Default,Default,Default,Default,Default,Default,Default,Default,Default,Default,Default,Default,Default,Default,Default,Default,Default,Default,Default,Default,Default,Default,Default,Default,Default,Default,Default,Default,Default,Default,Default,Default,Default,Default,Default,Default,Default,Default,Default,DefaultJob,DocumentCount=100000,1,Workload,Pilot,1,43928834,16,2745552.13,12,3,0,202865
MoreLikeThisBenchmarks.'LeanCorpus MLT WAND (DefaultParams)',Rowles.LeanCorpus.Benchmarks,MoreLikeThisBenchmarks,'LeanCorpus MLT WAND (DefaultParams)',DefaultJob,Default,Default,Default,Default,Default,Default,Default,Default,Default,Default,Default,Default,Default,Default,Default,Default,Default,Default,Default,Default,Default,Default,Default,Default,Default,Default,Default,Default,Default,Default,Default,Default,Default,Default,Default,Default,Default,Default,Default,Default,Default,DefaultJob,DocumentCount=100000,1,Workload,Pilot,2,89336951,32,2791779.72,12,3,0,202865
MoreLikeThisBenchmarks.'LeanCorpus MLT WAND (DefaultParams)',Rowles.LeanCorpus.Benchmarks,MoreLikeThisBenchmarks,'LeanCorpus MLT WAND (DefaultParams)',DefaultJob,Default,Default,Default,Default,Default,Default,Default,Default,Default,Default,Default,Default,Default,Default,Default,Default,Default,Default,Default,Default,Default,Default,Default,Default,Default,Default,Default,Default,Default,Default,Default,Default,Default,Default,Default,Default,Default,Default,Default,Default,Default,DefaultJob,DocumentCount=100000,1,Workload,Pilot,3,192258540,64,3004039.69,12,3,0,202865
MoreLikeThisBenchmarks.'LeanCorpus MLT WAND (DefaultParams)',Rowles.LeanCorpus.Benchmarks,MoreLikeThisBenchmarks,'LeanCorpus MLT WAND (DefaultParams)',DefaultJob,Default,Default,Default,Default,Default,Default,Default,Default,Default,Default,Default,Default,Default,Default,Default,Default,Default,Default,Default,Default,Default,Default,Default,Default,Default,Default,Default,Default,Default,Default,Default,Default,Default,Default,Default,Default,Default,Default,Default,Default,Default,DefaultJob,DocumentCount=100000,1,Workload,Pilot,4,371502472,128,2902363.06,12,3,0,202865
MoreLikeThisBenchmarks.'LeanCorpus MLT WAND (DefaultParams)',Rowles.LeanCorpus.Benchmarks,MoreLikeThisBenchmarks,'LeanCorpus MLT WAND (DefaultParams)',DefaultJob,Default,Default,Default,Default,Default,Default,Default,Default,Default,Default,Default,Default,Default,Default,Default,Default,Default,Default,Default,Default,Default,Default,Default,Default,Default,Default,Default,Default,Default,Default,Default,Default,Default,Default,Default,Default,Default,Default,Default,Default,Default,DefaultJob,DocumentCount=100000,1,Workload,Pilot,5,721978809,256,2820229.72,12,3,0,202865
MoreLikeThisBenchmarks.'LeanCorpus MLT WAND (DefaultParams)',Rowles.LeanCorpus.Benchmarks,MoreLikeThisBenchmarks,'LeanCorpus MLT WAND (DefaultParams)',DefaultJob,Default,Default,Default,Default,Default,Default,Default,Default,Default,Default,Default,Default,Default,Default,Default,Default,Default,Default,Default,Default,Default,Default,Default,Default,Default,Default,Default,Default,Default,Default,Default,Default,Default,Default,Default,Default,Default,Default,Default,Default,Default,DefaultJob,DocumentCount=100000,1,Workload,Warmup,1,717074266,256,2801071.35,12,3,0,202865
MoreLikeThisBenchmarks.'LeanCorpus MLT WAND (DefaultParams)',Rowles.LeanCorpus.Benchmarks,MoreLikeThisBenchmarks,'LeanCorpus MLT WAND (DefaultParams)',DefaultJob,Default,Default,Default,Default,Default,Default,Default,Default,Default,Default,Default,Default,Default,Default,Default,Default,Default,Default,Default,Default,Default,Default,Default,Default,Default,Default,Default,Default,Default,Default,Default,Default,Default,Default,Default,Default,Default,Default,Default,Default,Default,DefaultJob,DocumentCount=100000,1,Workload,Warmup,2,702497844,256,2744132.2,12,3,0,202865
MoreLikeThisBenchmarks.'LeanCorpus MLT WAND (DefaultParams)',Rowles.LeanCorpus.Benchmarks,MoreLikeThisBenchmarks,'LeanCorpus MLT WAND (DefaultParams)',DefaultJob,Default,Default,Default,Default,Default,Default,Default,Default,Default,Default,Default,Default,Default,Default,Default,Default,Default,Default,Default,Default,Default,Default,Default,Default,Default,Default,Default,Default,Default,Default,Default,Default,Default,Default,Default,Default,Default,Default,Default,Default,Default,DefaultJob,DocumentCount=100000,1,Workload,Warmup,3,706521324,256,2759848.92,12,3,0,202865
MoreLikeThisBenchmarks.'LeanCorpus MLT WAND (DefaultParams)',Rowles.LeanCorpus.Benchmarks,MoreLikeThisBenchmarks,'LeanCorpus MLT WAND (DefaultParams)',DefaultJob,Default,Default,Default,Default,Default,Default,Default,Default,Default,Default,Default,Default,Default,Default,Default,Default,Default,Default,Default,Default,Default,Default,Default,Default,Default,Default,Default,Default,Default,Default,Default,Default,Default,Default,Default,Default,Default,Default,Default,Default,Default,DefaultJob,DocumentCount=100000,1,Workload,Warmup,4,715620806,256,2795393.77,12,3,0,202865
MoreLikeThisBenchmarks.'LeanCorpus MLT WAND (DefaultParams)',Rowles.LeanCorpus.Benchmarks,MoreLikeThisBenchmarks,'LeanCorpus MLT WAND (DefaultParams)',DefaultJob,Default,Default,Default,Default,Default,Default,Default,Default,Default,Default,Default,Default,Default,Default,Default,Default,Default,Default,Default,Default,Default,Default,Default,Default,Default,Default,Default,Default,Default,Default,Default,Default,Default,Default,Default,Default,Default,Default,Default,Default,Default,DefaultJob,DocumentCount=100000,1,Workload,Warmup,5,714184325,256,2789782.52,12,3,0,202865
MoreLikeThisBenchmarks.'LeanCorpus MLT WAND (DefaultParams)',Rowles.LeanCorpus.Benchmarks,MoreLikeThisBenchmarks,'LeanCorpus MLT WAND (DefaultParams)',DefaultJob,Default,Default,Default,Default,Default,Default,Default,Default,Default,Default,Default,Default,Default,Default,Default,Default,Default,Default,Default,Default,Default,Default,Default,Default,Default,Default,Default,Default,Default,Default,Default,Default,Default,Default,Default,Default,Default,Default,Default,Default,Default,DefaultJob,DocumentCount=100000,1,Workload,Warmup,6,722424181,256,2821969.46,12,3,0,202865
MoreLikeThisBenchmarks.'LeanCorpus MLT WAND (DefaultParams)',Rowles.LeanCorpus.Benchmarks,MoreLikeThisBenchmarks,'LeanCorpus MLT WAND (DefaultParams)',DefaultJob,Default,Default,Default,Default,Default,Default,Default,Default,Default,Default,Default,Default,Default,Default,Default,Default,Default,Default,Default,Default,Default,Default,Default,Default,Default,Default,Default,Default,Default,Default,Default,Default,Default,Default,Default,Default,Default,Default,Default,Default,Default,DefaultJob,DocumentCount=100000,1,Workload,Warmup,7,710644748,256,2775956.05,12,3,0,202865
MoreLikeThisBenchmarks.'LeanCorpus MLT WAND (DefaultParams)',Rowles.LeanCorpus.Benchmarks,MoreLikeThisBenchmarks,'LeanCorpus MLT WAND (DefaultParams)',DefaultJob,Default,Default,Default,Default,Default,Default,Default,Default,Default,Default,Default,Default,Default,Default,Default,Default,Default,Default,Default,Default,Default,Default,Default,Default,Default,Default,Default,Default,Default,Default,Default,Default,Default,Default,Default,Default,Default,Default,Default,Default,Default,DefaultJob,DocumentCount=100000,1,Workload,Actual,1,714916758,256,2792643.59,12,3,0,202865
MoreLikeThisBenchmarks.'LeanCorpus MLT WAND (DefaultParams)',Rowles.LeanCorpus.Benchmarks,MoreLikeThisBenchmarks,'LeanCorpus MLT WAND (DefaultParams)',DefaultJob,Default,Default,Default,Default,Default,Default,Default,Default,Default,Default,Default,Default,Default,Default,Default,Default,Default,Default,Default,Default,Default,Default,Default,Default,Default,Default,Default,Default,Default,Default,Default,Default,Default,Default,Default,Default,Default,Default,Default,Default,Default,DefaultJob,DocumentCount=100000,1,Workload,Actual,2,711330322,256,2778634.07,12,3,0,202865
MoreLikeThisBenchmarks.'LeanCorpus MLT WAND (DefaultParams)',Rowles.LeanCorpus.Benchmarks,MoreLikeThisBenchmarks,'LeanCorpus MLT WAND (DefaultParams)',DefaultJob,Default,Default,Default,Default,Default,Default,Default,Default,Default,Default,Default,Default,Default,Default,Default,Default,Default,Default,Default,Default,Default,Default,Default,Default,Default,Default,Default,Default,Default,Default,Default,Default,Default,Default,Default,Default,Default,Default,Default,Default,Default,DefaultJob,DocumentCount=100000,1,Workload,Actual,3,695819050,256,2718043.16,12,3,0,202865
MoreLikeThisBenchmarks.'LeanCorpus MLT WAND (DefaultParams)',Rowles.LeanCorpus.Benchmarks,MoreLikeThisBenchmarks,'LeanCorpus MLT WAND (DefaultParams)',DefaultJob,Default,Default,Default,Default,Default,Default,Default,Default,Default,Default,Default,Default,Default,Default,Default,Default,Default,Default,Default,Default,Default,Default,Default,Default,Default,Default,Default,Default,Default,Default,Default,Default,Default,Default,Default,Default,Default,Default,Default,Default,Default,DefaultJob,DocumentCount=100000,1,Workload,Actual,4,717564934,256,2802988.02,12,3,0,202865
MoreLikeThisBenchmarks.'LeanCorpus MLT WAND (DefaultParams)',Rowles.LeanCorpus.Benchmarks,MoreLikeThisBenchmarks,'LeanCorpus MLT WAND (DefaultParams)',DefaultJob,Default,Default,Default,Default,Default,Default,Default,Default,Default,Default,Default,Default,Default,Default,Default,Default,Default,Default,Default,Default,Default,Default,Default,Default,Default,Default,Default,Default,Default,Default,Default,Default,Default,Default,Default,Default,Default,Default,Default,Default,Default,DefaultJob,DocumentCount=100000,1,Workload,Actual,5,717926479,256,2804400.31,12,3,0,202865
MoreLikeThisBenchmarks.'LeanCorpus MLT WAND (DefaultParams)',Rowles.LeanCorpus.Benchmarks,MoreLikeThisBenchmarks,'LeanCorpus MLT WAND (DefaultParams)',DefaultJob,Default,Default,Default,Default,Default,Default,Default,Default,Default,Default,Default,Default,Default,Default,Default,Default,Default,Default,Default,Default,Default,Default,Default,Default,Default,Default,Default,Default,Default,Default,Default,Default,Default,Default,Default,Default,Default,Default,Default,Default,Default,DefaultJob,DocumentCount=100000,1,Workload,Actual,6,711824800,256,2780565.63,12,3,0,202865
MoreLikeThisBenchmarks.'LeanCorpus MLT WAND (DefaultParams)',Rowles.LeanCorpus.Benchmarks,MoreLikeThisBenchmarks,'LeanCorpus MLT WAND (DefaultParams)',DefaultJob,Default,Default,Default,Default,Default,Default,Default,Default,Default,Default,Default,Default,Default,Default,Default,Default,Default,Default,Default,Default,Default,Default,Default,Default,Default,Default,Default,Default,Default,Default,Default,Default,Default,Default,Default,Default,Default,Default,Default,Default,Default,DefaultJob,DocumentCount=100000,1,Workload,Actual,7,712116312,256,2781704.34,12,3,0,202865
MoreLikeThisBenchmarks.'LeanCorpus MLT WAND (DefaultParams)',Rowles.LeanCorpus.Benchmarks,MoreLikeThisBenchmarks,'LeanCorpus MLT WAND (DefaultParams)',DefaultJob,Default,Default,Default,Default,Default,Default,Default,Default,Default,Default,Default,Default,Default,Default,Default,Default,Default,Default,Default,Default,Default,Default,Default,Default,Default,Default,Default,Default,Default,Default,Default,Default,Default,Default,Default,Default,Default,Default,Default,Default,Default,DefaultJob,DocumentCount=100000,1,Workload,Actual,8,708297486,256,2766787.05,12,3,0,202865
MoreLikeThisBenchmarks.'LeanCorpus MLT WAND (DefaultParams)',Rowles.LeanCorpus.Benchmarks,MoreLikeThisBenchmarks,'LeanCorpus MLT WAND (DefaultParams)',DefaultJob,Default,Default,Default,Default,Default,Default,Default,Default,Default,Default,Default,Default,Default,Default,Default,Default,Default,Default,Default,Default,Default,Default,Default,Default,Default,Default,Default,Default,Default,Default,Default,Default,Default,Default,Default,Default,Default,Default,Default,Default,Default,DefaultJob,DocumentCount=100000,1,Workload,Actual,9,716447299,256,2798622.26,12,3,0,202865
MoreLikeThisBenchmarks.'LeanCorpus MLT WAND (DefaultParams)',Rowles.LeanCorpus.Benchmarks,MoreLikeThisBenchmarks,'LeanCorpus MLT WAND (DefaultParams)',DefaultJob,Default,Default,Default,Default,Default,Default,Default,Default,Default,Default,Default,Default,Default,Default,Default,Default,Default,Default,Default,Default,Default,Default,Default,Default,Default,Default,Default,Default,Default,Default,Default,Default,Default,Default,Default,Default,Default,Default,Default,Default,Default,DefaultJob,DocumentCount=100000,1,Workload,Actual,10,712837275,256,2784520.61,12,3,0,202865
MoreLikeThisBenchmarks.'LeanCorpus MLT WAND (DefaultParams)',Rowles.LeanCorpus.Benchmarks,MoreLikeThisBenchmarks,'LeanCorpus MLT WAND (DefaultParams)',DefaultJob,Default,Default,Default,Default,Default,Default,Default,Default,Default,Default,Default,Default,Default,Default,Default,Default,Default,Default,Default,Default,Default,Default,Default,Default,Default,Default,Default,Default,Default,Default,Default,Default,Default,Default,Default,Default,Default,Default,Default,Default,Default,DefaultJob,DocumentCount=100000,1,Workload,Actual,11,699047436,256,2730654.05,12,3,0,202865
MoreLikeThisBenchmarks.'LeanCorpus MLT WAND (DefaultParams)',Rowles.LeanCorpus.Benchmarks,MoreLikeThisBenchmarks,'LeanCorpus MLT WAND (DefaultParams)',DefaultJob,Default,Default,Default,Default,Default,Default,Default,Default,Default,Default,Default,Default,Default,Default,Default,Default,Default,Default,Default,Default,Default,Default,Default,Default,Default,Default,Default,Default,Default,Default,Default,Default,Default,Default,Default,Default,Default,Default,Default,Default,Default,DefaultJob,DocumentCount=100000,1,Workload,Actual,12,699350503,256,2731837.9,12,3,0,202865
MoreLikeThisBenchmarks.'LeanCorpus MLT WAND (DefaultParams)',Rowles.LeanCorpus.Benchmarks,MoreLikeThisBenchmarks,'LeanCorpus MLT WAND (DefaultParams)',DefaultJob,Default,Default,Default,Default,Default,Default,Default,Default,Default,Default,Default,Default,Default,Default,Default,Default,Default,Default,Default,Default,Default,Default,Default,Default,Default,Default,Default,Default,Default,Default,Default,Default,Default,Default,Default,Default,Default,Default,Default,Default,Default,DefaultJob,DocumentCount=100000,1,Workload,Actual,13,712323318,256,2782512.96,12,3,0,202865
MoreLikeThisBenchmarks.'LeanCorpus MLT WAND (DefaultParams)',Rowles.LeanCorpus.Benchmarks,MoreLikeThisBenchmarks,'LeanCorpus MLT WAND (DefaultParams)',DefaultJob,Default,Default,Default,Default,Default,Default,Default,Default,Default,Default,Default,Default,Default,Default,Default,Default,Default,Default,Default,Default,Default,Default,Default,Default,Default,Default,Default,Default,Default,Default,Default,Default,Default,Default,Default,Default,Default,Default,Default,Default,Default,DefaultJob,DocumentCount=100000,1,Workload,Actual,14,726886118,256,2839398.9,12,3,0,202865
MoreLikeThisBenchmarks.'LeanCorpus MLT WAND (DefaultParams)',Rowles.LeanCorpus.Benchmarks,MoreLikeThisBenchmarks,'LeanCorpus MLT WAND (DefaultParams)',DefaultJob,Default,Default,Default,Default,Default,Default,Default,Default,Default,Default,Default,Default,Default,Default,Default,Default,Default,Default,Default,Default,Default,Default,Default,Default,Default,Default,Default,Default,Default,Default,Default,Default,Default,Default,Default,Default,Default,Default,Default,Default,Default,DefaultJob,DocumentCount=100000,1,Workload,Actual,15,714833643,256,2792318.92,12,3,0,202865
MoreLikeThisBenchmarks.'LeanCorpus MLT WAND (DefaultParams)',Rowles.LeanCorpus.Benchmarks,MoreLikeThisBenchmarks,'LeanCorpus MLT WAND (DefaultParams)',DefaultJob,Default,Default,Default,Default,Default,Default,Default,Default,Default,Default,Default,Default,Default,Default,Default,Default,Default,Default,Default,Default,Default,Default,Default,Default,Default,Default,Default,Default,Default,Default,Default,Default,Default,Default,Default,Default,Default,Default,Default,Default,Default,DefaultJob,DocumentCount=100000,1,Workload,Extra,1,707592307,256,2764032.45,12,3,0,202865
MoreLikeThisBenchmarks.'LeanCorpus MLT WAND (DefaultParams)',Rowles.LeanCorpus.Benchmarks,MoreLikeThisBenchmarks,'LeanCorpus MLT WAND (DefaultParams)',DefaultJob,Default,Default,Default,Default,Default,Default,Default,Default,Default,Default,Default,Default,Default,Default,Default,Default,Default,Default,Default,Default,Default,Default,Default,Default,Default,Default,Default,Default,Default,Default,Default,Default,Default,Default,Default,Default,Default,Default,Default,Default,Default,DefaultJob,DocumentCount=100000,1,Workload,Result,1,714916758,256,2792643.59,12,3,0,202865
MoreLikeThisBenchmarks.'LeanCorpus MLT WAND (DefaultParams)',Rowles.LeanCorpus.Benchmarks,MoreLikeThisBenchmarks,'LeanCorpus MLT WAND (DefaultParams)',DefaultJob,Default,Default,Default,Default,Default,Default,Default,Default,Default,Default,Default,Default,Default,Default,Default,Default,Default,Default,Default,Default,Default,Default,Default,Default,Default,Default,Default,Default,Default,Default,Default,Default,Default,Default,Default,Default,Default,Default,Default,Default,Default,DefaultJob,DocumentCount=100000,1,Workload,Result,2,711330322,256,2778634.07,12,3,0,202865
MoreLikeThisBenchmarks.'LeanCorpus MLT WAND (DefaultParams)',Rowles.LeanCorpus.Benchmarks,MoreLikeThisBenchmarks,'LeanCorpus MLT WAND (DefaultParams)',DefaultJob,Default,Default,Default,Default,Default,Default,Default,Default,Default,Default,Default,Default,Default,Default,Default,Default,Default,Default,Default,Default,Default,Default,Default,Default,Default,Default,Default,Default,Default,Default,Default,Default,Default,Default,Default,Default,Default,Default,Default,Default,Default,DefaultJob,DocumentCount=100000,1,Workload,Result,3,695819050,256,2718043.16,12,3,0,202865
MoreLikeThisBenchmarks.'LeanCorpus MLT WAND (DefaultParams)',Rowles.LeanCorpus.Benchmarks,MoreLikeThisBenchmarks,'LeanCorpus MLT WAND (DefaultParams)',DefaultJob,Default,Default,Default,Default,Default,Default,Default,Default,Default,Default,Default,Default,Default,Default,Default,Default,Default,Default,Default,Default,Default,Default,Default,Default,Default,Default,Default,Default,Default,Default,Default,Default,Default,Default,Default,Default,Default,Default,Default,Default,Default,DefaultJob,DocumentCount=100000,1,Workload,Result,4,717564934,256,2802988.02,12,3,0,202865
MoreLikeThisBenchmarks.'LeanCorpus MLT WAND (DefaultParams)',Rowles.LeanCorpus.Benchmarks,MoreLikeThisBenchmarks,'LeanCorpus MLT WAND (DefaultParams)',DefaultJob,Default,Default,Default,Default,Default,Default,Default,Default,Default,Default,Default,Default,Default,Default,Default,Default,Default,Default,Default,Default,Default,Default,Default,Default,Default,Default,Default,Default,Default,Default,Default,Default,Default,Default,Default,Default,Default,Default,Default,Default,Default,DefaultJob,DocumentCount=100000,1,Workload,Result,5,717926479,256,2804400.31,12,3,0,202865
MoreLikeThisBenchmarks.'LeanCorpus MLT WAND (DefaultParams)',Rowles.LeanCorpus.Benchmarks,MoreLikeThisBenchmarks,'LeanCorpus MLT WAND (DefaultParams)',DefaultJob,Default,Default,Default,Default,Default,Default,Default,Default,Default,Default,Default,Default,Default,Default,Default,Default,Default,Default,Default,Default,Default,Default,Default,Default,Default,Default,Default,Default,Default,Default,Default,Default,Default,Default,Default,Default,Default,Default,Default,Default,Default,DefaultJob,DocumentCount=100000,1,Workload,Result,6,711824800,256,2780565.63,12,3,0,202865
MoreLikeThisBenchmarks.'LeanCorpus MLT WAND (DefaultParams)',Rowles.LeanCorpus.Benchmarks,MoreLikeThisBenchmarks,'LeanCorpus MLT WAND (DefaultParams)',DefaultJob,Default,Default,Default,Default,Default,Default,Default,Default,Default,Default,Default,Default,Default,Default,Default,Default,Default,Default,Default,Default,Default,Default,Default,Default,Default,Default,Default,Default,Default,Default,Default,Default,Default,Default,Default,Default,Default,Default,Default,Default,Default,DefaultJob,DocumentCount=100000,1,Workload,Result,7,712116312,256,2781704.34,12,3,0,202865
MoreLikeThisBenchmarks.'LeanCorpus MLT WAND (DefaultParams)',Rowles.LeanCorpus.Benchmarks,MoreLikeThisBenchmarks,'LeanCorpus MLT WAND (DefaultParams)',DefaultJob,Default,Default,Default,Default,Default,Default,Default,Default,Default,Default,Default,Default,Default,Default,Default,Default,Default,Default,Default,Default,Default,Default,Default,Default,Default,Default,Default,Default,Default,Default,Default,Default,Default,Default,Default,Default,Default,Default,Default,Default,Default,DefaultJob,DocumentCount=100000,1,Workload,Result,8,708297486,256,2766787.05,12,3,0,202865
MoreLikeThisBenchmarks.'LeanCorpus MLT WAND (DefaultParams)',Rowles.LeanCorpus.Benchmarks,MoreLikeThisBenchmarks,'LeanCorpus MLT WAND (DefaultParams)',DefaultJob,Default,Default,Default,Default,Default,Default,Default,Default,Default,Default,Default,Default,Default,Default,Default,Default,Default,Default,Default,Default,Default,Default,Default,Default,Default,Default,Default,Default,Default,Default,Default,Default,Default,Default,Default,Default,Default,Default,Default,Default,Default,DefaultJob,DocumentCount=100000,1,Workload,Result,9,716447299,256,2798622.26,12,3,0,202865
MoreLikeThisBenchmarks.'LeanCorpus MLT WAND (DefaultParams)',Rowles.LeanCorpus.Benchmarks,MoreLikeThisBenchmarks,'LeanCorpus MLT WAND (DefaultParams)',DefaultJob,Default,Default,Default,Default,Default,Default,Default,Default,Default,Default,Default,Default,Default,Default,Default,Default,Default,Default,Default,Default,Default,Default,Default,Default,Default,Default,Default,Default,Default,Default,Default,Default,Default,Default,Default,Default,Default,Default,Default,Default,Default,DefaultJob,DocumentCount=100000,1,Workload,Result,10,712837275,256,2784520.61,12,3,0,202865
MoreLikeThisBenchmarks.'LeanCorpus MLT WAND (DefaultParams)',Rowles.LeanCorpus.Benchmarks,MoreLikeThisBenchmarks,'LeanCorpus MLT WAND (DefaultParams)',DefaultJob,Default,Default,Default,Default,Default,Default,Default,Default,Default,Default,Default,Default,Default,Default,Default,Default,Default,Default,Default,Default,Default,Default,Default,Default,Default,Default,Default,Default,Default,Default,Default,Default,Default,Default,Default,Default,Default,Default,Default,Default,Default,DefaultJob,DocumentCount=100000,1,Workload,Result,11,699047436,256,2730654.05,12,3,0,202865
MoreLikeThisBenchmarks.'LeanCorpus MLT WAND (DefaultParams)',Rowles.LeanCorpus.Benchmarks,MoreLikeThisBenchmarks,'LeanCorpus MLT WAND (DefaultParams)',DefaultJob,Default,Default,Default,Default,Default,Default,Default,Default,Default,Default,Default,Default,Default,Default,Default,Default,Default,Default,Default,Default,Default,Default,Default,Default,Default,Default,Default,Default,Default,Default,Default,Default,Default,Default,Default,Default,Default,Default,Default,Default,Default,DefaultJob,DocumentCount=100000,1,Workload,Result,12,699350503,256,2731837.9,12,3,0,202865
MoreLikeThisBenchmarks.'LeanCorpus MLT WAND (DefaultParams)',Rowles.LeanCorpus.Benchmarks,MoreLikeThisBenchmarks,'LeanCorpus MLT WAND (DefaultParams)',DefaultJob,Default,Default,Default,Default,Default,Default,Default,Default,Default,Default,Default,Default,Default,Default,Default,Default,Default,Default,Default,Default,Default,Default,Default,Default,Default,Default,Default,Default,Default,Default,Default,Default,Default,Default,Default,Default,Default,Default,Default,Default,Default,DefaultJob,DocumentCount=100000,1,Workload,Result,13,712323318,256,2782512.96,12,3,0,202865
MoreLikeThisBenchmarks.'LeanCorpus MLT WAND (DefaultParams)',Rowles.LeanCorpus.Benchmarks,MoreLikeThisBenchmarks,'LeanCorpus MLT WAND (DefaultParams)',DefaultJob,Default,Default,Default,Default,Default,Default,Default,Default,Default,Default,Default,Default,Default,Default,Default,Default,Default,Default,Default,Default,Default,Default,Default,Default,Default,Default,Default,Default,Default,Default,Default,Default,Default,Default,Default,Default,Default,Default,Default,Default,Default,DefaultJob,DocumentCount=100000,1,Workload,Result,14,714833643,256,2792318.92,12,3,0,202865
MoreLikeThisBenchmarks.LuceneNet_MoreLikeThis_DefaultParams,Rowles.LeanCorpus.Benchmarks,MoreLikeThisBenchmarks,LuceneNet_MoreLikeThis_DefaultParams,DefaultJob,Default,Default,Default,Default,Default,Default,Default,Default,Default,Default,Default,Default,Default,Default,Default,Default,Default,Default,Default,Default,Default,Default,Default,Default,Default,Default,Default,Default,Default,Default,Default,Default,Default,Default,Default,Default,Default,Default,Default,Default,Default,DefaultJob,DocumentCount=100000,1,Workload,Jitting,1,85687318,1,85687318,109,3,0,3655206
MoreLikeThisBenchmarks.LuceneNet_MoreLikeThis_DefaultParams,Rowles.LeanCorpus.Benchmarks,MoreLikeThisBenchmarks,LuceneNet_MoreLikeThis_DefaultParams,DefaultJob,Default,Default,Default,Default,Default,Default,Default,Default,Default,Default,Default,Default,Default,Default,Default,Default,Default,Default,Default,Default,Default,Default,Default,Default,Default,Default,Default,Default,Default,Default,Default,Default,Default,Default,Default,Default,Default,Default,Default,Default,Default,DefaultJob,DocumentCount=100000,1,Workload,Jitting,2,225382413,30,7512747.1,109,3,0,3655206
MoreLikeThisBenchmarks.LuceneNet_MoreLikeThis_DefaultParams,Rowles.LeanCorpus.Benchmarks,MoreLikeThisBenchmarks,LuceneNet_MoreLikeThis_DefaultParams,DefaultJob,Default,Default,Default,Default,Default,Default,Default,Default,Default,Default,Default,Default,Default,Default,Default,Default,Default,Default,Default,Default,Default,Default,Default,Default,Default,Default,Default,Default,Default,Default,Default,Default,Default,Default,Default,Default,Default,Default,Default,Default,Default,DefaultJob,DocumentCount=100000,1,Workload,Jitting,3,144675016,30,4822500.53,109,3,0,3655206
MoreLikeThisBenchmarks.LuceneNet_MoreLikeThis_DefaultParams,Rowles.LeanCorpus.Benchmarks,MoreLikeThisBenchmarks,LuceneNet_MoreLikeThis_DefaultParams,DefaultJob,Default,Default,Default,Default,Default,Default,Default,Default,Default,Default,Default,Default,Default,Default,Default,Default,Default,Default,Default,Default,Default,Default,Default,Default,Default,Default,Default,Default,Default,Default,Default,Default,Default,Default,Default,Default,Default,Default,Default,Default,Default,DefaultJob,DocumentCount=100000,1,Workload,Jitting,4,125565098,30,4185503.27,109,3,0,3655206
MoreLikeThisBenchmarks.LuceneNet_MoreLikeThis_DefaultParams,Rowles.LeanCorpus.Benchmarks,MoreLikeThisBenchmarks,LuceneNet_MoreLikeThis_DefaultParams,DefaultJob,Default,Default,Default,Default,Default,Default,Default,Default,Default,Default,Default,Default,Default,Default,Default,Default,Default,Default,Default,Default,Default,Default,Default,Default,Default,Default,Default,Default,Default,Default,Default,Default,Default,Default,Default,Default,Default,Default,Default,Default,Default,DefaultJob,DocumentCount=100000,1,Workload,Jitting,5,5334001,1,5334001,109,3,0,3655206
MoreLikeThisBenchmarks.LuceneNet_MoreLikeThis_DefaultParams,Rowles.LeanCorpus.Benchmarks,MoreLikeThisBenchmarks,LuceneNet_MoreLikeThis_DefaultParams,DefaultJob,Default,Default,Default,Default,Default,Default,Default,Default,Default,Default,Default,Default,Default,Default,Default,Default,Default,Default,Default,Default,Default,Default,Default,Default,Default,Default,Default,Default,Default,Default,Default,Default,Default,Default,Default,Default,Default,Default,Default,Default,Default,DefaultJob,DocumentCount=100000,1,Workload,Pilot,1,5829064,1,5829064,109,3,0,3655206
MoreLikeThisBenchmarks.LuceneNet_MoreLikeThis_DefaultParams,Rowles.LeanCorpus.Benchmarks,MoreLikeThisBenchmarks,LuceneNet_MoreLikeThis_DefaultParams,DefaultJob,Default,Default,Default,Default,Default,Default,Default,Default,Default,Default,Default,Default,Default,Default,Default,Default,Default,Default,Default,Default,Default,Default,Default,Default,Default,Default,Default,Default,Default,Default,Default,Default,Default,Default,Default,Default,Default,Default,Default,Default,Default,DefaultJob,DocumentCount=100000,1,Workload,Pilot,1,68106790,16,4256674.38,109,3,0,3655206
MoreLikeThisBenchmarks.LuceneNet_MoreLikeThis_DefaultParams,Rowles.LeanCorpus.Benchmarks,MoreLikeThisBenchmarks,LuceneNet_MoreLikeThis_DefaultParams,DefaultJob,Default,Default,Default,Default,Default,Default,Default,Default,Default,Default,Default,Default,Default,Default,Default,Default,Default,Default,Default,Default,Default,Default,Default,Default,Default,Default,Default,Default,Default,Default,Default,Default,Default,Default,Default,Default,Default,Default,Default,Default,Default,DefaultJob,DocumentCount=100000,1,Workload,Pilot,2,133322966,32,4166342.69,109,3,0,3655206
MoreLikeThisBenchmarks.LuceneNet_MoreLikeThis_DefaultParams,Rowles.LeanCorpus.Benchmarks,MoreLikeThisBenchmarks,LuceneNet_MoreLikeThis_DefaultParams,DefaultJob,Default,Default,Default,Default,Default,Default,Default,Default,Default,Default,Default,Default,Default,Default,Default,Default,Default,Default,Default,Default,Default,Default,Default,Default,Default,Default,Default,Default,Default,Default,Default,Default,Default,Default,Default,Default,Default,Default,Default,Default,Default,DefaultJob,DocumentCount=100000,1,Workload,Pilot,3,277178741,64,4330917.83,109,3,0,3655206
MoreLikeThisBenchmarks.LuceneNet_MoreLikeThis_DefaultParams,Rowles.LeanCorpus.Benchmarks,MoreLikeThisBenchmarks,LuceneNet_MoreLikeThis_DefaultParams,DefaultJob,Default,Default,Default,Default,Default,Default,Default,Default,Default,Default,Default,Default,Default,Default,Default,Default,Default,Default,Default,Default,Default,Default,Default,Default,Default,Default,Default,Default,Default,Default,Default,Default,Default,Default,Default,Default,Default,Default,Default,Default,Default,DefaultJob,DocumentCount=100000,1,Workload,Pilot,4,563589715,128,4403044.65,109,3,0,3655206
MoreLikeThisBenchmarks.LuceneNet_MoreLikeThis_DefaultParams,Rowles.LeanCorpus.Benchmarks,MoreLikeThisBenchmarks,LuceneNet_MoreLikeThis_DefaultParams,DefaultJob,Default,Default,Default,Default,Default,Default,Default,Default,Default,Default,Default,Default,Default,Default,Default,Default,Default,Default,Default,Default,Default,Default,Default,Default,Default,Default,Default,Default,Default,Default,Default,Default,Default,Default,Default,Default,Default,Default,Default,Default,Default,DefaultJob,DocumentCount=100000,1,Workload,Warmup,1,550938886,128,4304210.05,109,3,0,3655206
MoreLikeThisBenchmarks.LuceneNet_MoreLikeThis_DefaultParams,Rowles.LeanCorpus.Benchmarks,MoreLikeThisBenchmarks,LuceneNet_MoreLikeThis_DefaultParams,DefaultJob,Default,Default,Default,Default,Default,Default,Default,Default,Default,Default,Default,Default,Default,Default,Default,Default,Default,Default,Default,Default,Default,Default,Default,Default,Default,Default,Default,Default,Default,Default,Default,Default,Default,Default,Default,Default,Default,Default,Default,Default,Default,DefaultJob,DocumentCount=100000,1,Workload,Warmup,2,552739333,128,4318276.04,109,3,0,3655206
MoreLikeThisBenchmarks.LuceneNet_MoreLikeThis_DefaultParams,Rowles.LeanCorpus.Benchmarks,MoreLikeThisBenchmarks,LuceneNet_MoreLikeThis_DefaultParams,DefaultJob,Default,Default,Default,Default,Default,Default,Default,Default,Default,Default,Default,Default,Default,Default,Default,Default,Default,Default,Default,Default,Default,Default,Default,Default,Default,Default,Default,Default,Default,Default,Default,Default,Default,Default,Default,Default,Default,Default,Default,Default,Default,DefaultJob,DocumentCount=100000,1,Workload,Warmup,3,563336943,128,4401069.87,109,3,0,3655206
MoreLikeThisBenchmarks.LuceneNet_MoreLikeThis_DefaultParams,Rowles.LeanCorpus.Benchmarks,MoreLikeThisBenchmarks,LuceneNet_MoreLikeThis_DefaultParams,DefaultJob,Default,Default,Default,Default,Default,Default,Default,Default,Default,Default,Default,Default,Default,Default,Default,Default,Default,Default,Default,Default,Default,Default,Default,Default,Default,Default,Default,Default,Default,Default,Default,Default,Default,Default,Default,Default,Default,Default,Default,Default,Default,DefaultJob,DocumentCount=100000,1,Workload,Warmup,4,568999956,128,4445312.16,109,3,0,3655206
MoreLikeThisBenchmarks.LuceneNet_MoreLikeThis_DefaultParams,Rowles.LeanCorpus.Benchmarks,MoreLikeThisBenchmarks,LuceneNet_MoreLikeThis_DefaultParams,DefaultJob,Default,Default,Default,Default,Default,Default,Default,Default,Default,Default,Default,Default,Default,Default,Default,Default,Default,Default,Default,Default,Default,Default,Default,Default,Default,Default,Default,Default,Default,Default,Default,Default,Default,Default,Default,Default,Default,Default,Default,Default,Default,DefaultJob,DocumentCount=100000,1,Workload,Warmup,5,558389919,128,4362421.24,109,3,0,3655206
MoreLikeThisBenchmarks.LuceneNet_MoreLikeThis_DefaultParams,Rowles.LeanCorpus.Benchmarks,MoreLikeThisBenchmarks,LuceneNet_MoreLikeThis_DefaultParams,DefaultJob,Default,Default,Default,Default,Default,Default,Default,Default,Default,Default,Default,Default,Default,Default,Default,Default,Default,Default,Default,Default,Default,Default,Default,Default,Default,Default,Default,Default,Default,Default,Default,Default,Default,Default,Default,Default,Default,Default,Default,Default,Default,DefaultJob,DocumentCount=100000,1,Workload,Warmup,6,554148065,128,4329281.76,109,3,0,3655206
MoreLikeThisBenchmarks.LuceneNet_MoreLikeThis_DefaultParams,Rowles.LeanCorpus.Benchmarks,MoreLikeThisBenchmarks,LuceneNet_MoreLikeThis_DefaultParams,DefaultJob,Default,Default,Default,Default,Default,Default,Default,Default,Default,Default,Default,Default,Default,Default,Default,Default,Default,Default,Default,Default,Default,Default,Default,Default,Default,Default,Default,Default,Default,Default,Default,Default,Default,Default,Default,Default,Default,Default,Default,Default,Default,DefaultJob,DocumentCount=100000,1,Workload,Warmup,7,555125048,128,4336914.44,109,3,0,3655206
MoreLikeThisBenchmarks.LuceneNet_MoreLikeThis_DefaultParams,Rowles.LeanCorpus.Benchmarks,MoreLikeThisBenchmarks,LuceneNet_MoreLikeThis_DefaultParams,DefaultJob,Default,Default,Default,Default,Default,Default,Default,Default,Default,Default,Default,Default,Default,Default,Default,Default,Default,Default,Default,Default,Default,Default,Default,Default,Default,Default,Default,Default,Default,Default,Default,Default,Default,Default,Default,Default,Default,Default,Default,Default,Default,DefaultJob,DocumentCount=100000,1,Workload,Warmup,8,552167700,128,4313810.16,109,3,0,3655206
MoreLikeThisBenchmarks.LuceneNet_MoreLikeThis_DefaultParams,Rowles.LeanCorpus.Benchmarks,MoreLikeThisBenchmarks,LuceneNet_MoreLikeThis_DefaultParams,DefaultJob,Default,Default,Default,Default,Default,Default,Default,Default,Default,Default,Default,Default,Default,Default,Default,Default,Default,Default,Default,Default,Default,Default,Default,Default,Default,Default,Default,Default,Default,Default,Default,Default,Default,Default,Default,Default,Default,Default,Default,Default,Default,DefaultJob,DocumentCount=100000,1,Workload,Actual,1,564384146,128,4409251.14,109,3,0,3655206
MoreLikeThisBenchmarks.LuceneNet_MoreLikeThis_DefaultParams,Rowles.LeanCorpus.Benchmarks,MoreLikeThisBenchmarks,LuceneNet_MoreLikeThis_DefaultParams,DefaultJob,Default,Default,Default,Default,Default,Default,Default,Default,Default,Default,Default,Default,Default,Default,Default,Default,Default,Default,Default,Default,Default,Default,Default,Default,Default,Default,Default,Default,Default,Default,Default,Default,Default,Default,Default,Default,Default,Default,Default,Default,Default,DefaultJob,DocumentCount=100000,1,Workload,Actual,2,572055785,128,4469185.82,109,3,0,3655206
MoreLikeThisBenchmarks.LuceneNet_MoreLikeThis_DefaultParams,Rowles.LeanCorpus.Benchmarks,MoreLikeThisBenchmarks,LuceneNet_MoreLikeThis_DefaultParams,DefaultJob,Default,Default,Default,Default,Default,Default,Default,Default,Default,Default,Default,Default,Default,Default,Default,Default,Default,Default,Default,Default,Default,Default,Default,Default,Default,Default,Default,Default,Default,Default,Default,Default,Default,Default,Default,Default,Default,Default,Default,Default,Default,DefaultJob,DocumentCount=100000,1,Workload,Actual,3,560577105,128,4379508.63,109,3,0,3655206
MoreLikeThisBenchmarks.LuceneNet_MoreLikeThis_DefaultParams,Rowles.LeanCorpus.Benchmarks,MoreLikeThisBenchmarks,LuceneNet_MoreLikeThis_DefaultParams,DefaultJob,Default,Default,Default,Default,Default,Default,Default,Default,Default,Default,Default,Default,Default,Default,Default,Default,Default,Default,Default,Default,Default,Default,Default,Default,Default,Default,Default,Default,Default,Default,Default,Default,Default,Default,Default,Default,Default,Default,Default,Default,Default,DefaultJob,DocumentCount=100000,1,Workload,Actual,4,552783396,128,4318620.28,109,3,0,3655206
MoreLikeThisBenchmarks.LuceneNet_MoreLikeThis_DefaultParams,Rowles.LeanCorpus.Benchmarks,MoreLikeThisBenchmarks,LuceneNet_MoreLikeThis_DefaultParams,DefaultJob,Default,Default,Default,Default,Default,Default,Default,Default,Default,Default,Default,Default,Default,Default,Default,Default,Default,Default,Default,Default,Default,Default,Default,Default,Default,Default,Default,Default,Default,Default,Default,Default,Default,Default,Default,Default,Default,Default,Default,Default,Default,DefaultJob,DocumentCount=100000,1,Workload,Actual,5,564347520,128,4408965,109,3,0,3655206
MoreLikeThisBenchmarks.LuceneNet_MoreLikeThis_DefaultParams,Rowles.LeanCorpus.Benchmarks,MoreLikeThisBenchmarks,LuceneNet_MoreLikeThis_DefaultParams,DefaultJob,Default,Default,Default,Default,Default,Default,Default,Default,Default,Default,Default,Default,Default,Default,Default,Default,Default,Default,Default,Default,Default,Default,Default,Default,Default,Default,Default,Default,Default,Default,Default,Default,Default,Default,Default,Default,Default,Default,Default,Default,Default,DefaultJob,DocumentCount=100000,1,Workload,Actual,6,553625448,128,4325198.81,109,3,0,3655206
MoreLikeThisBenchmarks.LuceneNet_MoreLikeThis_DefaultParams,Rowles.LeanCorpus.Benchmarks,MoreLikeThisBenchmarks,LuceneNet_MoreLikeThis_DefaultParams,DefaultJob,Default,Default,Default,Default,Default,Default,Default,Default,Default,Default,Default,Default,Default,Default,Default,Default,Default,Default,Default,Default,Default,Default,Default,Default,Default,Default,Default,Default,Default,Default,Default,Default,Default,Default,Default,Default,Default,Default,Default,Default,Default,DefaultJob,DocumentCount=100000,1,Workload,Actual,7,575105898,128,4493014.83,109,3,0,3655206
MoreLikeThisBenchmarks.LuceneNet_MoreLikeThis_DefaultParams,Rowles.LeanCorpus.Benchmarks,MoreLikeThisBenchmarks,LuceneNet_MoreLikeThis_DefaultParams,DefaultJob,Default,Default,Default,Default,Default,Default,Default,Default,Default,Default,Default,Default,Default,Default,Default,Default,Default,Default,Default,Default,Default,Default,Default,Default,Default,Default,Default,Default,Default,Default,Default,Default,Default,Default,Default,Default,Default,Default,Default,Default,Default,DefaultJob,DocumentCount=100000,1,Workload,Actual,8,561093107,128,4383539.9,109,3,0,3655206
MoreLikeThisBenchmarks.LuceneNet_MoreLikeThis_DefaultParams,Rowles.LeanCorpus.Benchmarks,MoreLikeThisBenchmarks,LuceneNet_MoreLikeThis_DefaultParams,DefaultJob,Default,Default,Default,Default,Default,Default,Default,Default,Default,Default,Default,Default,Default,Default,Default,Default,Default,Default,Default,Default,Default,Default,Default,Default,Default,Default,Default,Default,Default,Default,Default,Default,Default,Default,Default,Default,Default,Default,Default,Default,Default,DefaultJob,DocumentCount=100000,1,Workload,Actual,9,555540977,128,4340163.88,109,3,0,3655206
MoreLikeThisBenchmarks.LuceneNet_MoreLikeThis_DefaultParams,Rowles.LeanCorpus.Benchmarks,MoreLikeThisBenchmarks,LuceneNet_MoreLikeThis_DefaultParams,DefaultJob,Default,Default,Default,Default,Default,Default,Default,Default,Default,Default,Default,Default,Default,Default,Default,Default,Default,Default,Default,Default,Default,Default,Default,Default,Default,Default,Default,Default,Default,Default,Default,Default,Default,Default,Default,Default,Default,Default,Default,Default,Default,DefaultJob,DocumentCount=100000,1,Workload,Actual,10,565485507,128,4417855.52,109,3,0,3655206
MoreLikeThisBenchmarks.LuceneNet_MoreLikeThis_DefaultParams,Rowles.LeanCorpus.Benchmarks,MoreLikeThisBenchmarks,LuceneNet_MoreLikeThis_DefaultParams,DefaultJob,Default,Default,Default,Default,Default,Default,Default,Default,Default,Default,Default,Default,Default,Default,Default,Default,Default,Default,Default,Default,Default,Default,Default,Default,Default,Default,Default,Default,Default,Default,Default,Default,Default,Default,Default,Default,Default,Default,Default,Default,Default,DefaultJob,DocumentCount=100000,1,Workload,Actual,11,557844201,128,4358157.82,109,3,0,3655206
MoreLikeThisBenchmarks.LuceneNet_MoreLikeThis_DefaultParams,Rowles.LeanCorpus.Benchmarks,MoreLikeThisBenchmarks,LuceneNet_MoreLikeThis_DefaultParams,DefaultJob,Default,Default,Default,Default,Default,Default,Default,Default,Default,Default,Default,Default,Default,Default,Default,Default,Default,Default,Default,Default,Default,Default,Default,Default,Default,Default,Default,Default,Default,Default,Default,Default,Default,Default,Default,Default,Default,Default,Default,Default,Default,DefaultJob,DocumentCount=100000,1,Workload,Actual,12,562788355,128,4396784.02,109,3,0,3655206
MoreLikeThisBenchmarks.LuceneNet_MoreLikeThis_DefaultParams,Rowles.LeanCorpus.Benchmarks,MoreLikeThisBenchmarks,LuceneNet_MoreLikeThis_DefaultParams,DefaultJob,Default,Default,Default,Default,Default,Default,Default,Default,Default,Default,Default,Default,Default,Default,Default,Default,Default,Default,Default,Default,Default,Default,Default,Default,Default,Default,Default,Default,Default,Default,Default,Default,Default,Default,Default,Default,Default,Default,Default,Default,Default,DefaultJob,DocumentCount=100000,1,Workload,Actual,13,576559689,128,4504372.57,109,3,0,3655206
MoreLikeThisBenchmarks.LuceneNet_MoreLikeThis_DefaultParams,Rowles.LeanCorpus.Benchmarks,MoreLikeThisBenchmarks,LuceneNet_MoreLikeThis_DefaultParams,DefaultJob,Default,Default,Default,Default,Default,Default,Default,Default,Default,Default,Default,Default,Default,Default,Default,Default,Default,Default,Default,Default,Default,Default,Default,Default,Default,Default,Default,Default,Default,Default,Default,Default,Default,Default,Default,Default,Default,Default,Default,Default,Default,DefaultJob,DocumentCount=100000,1,Workload,Actual,14,560967618,128,4382559.52,109,3,0,3655206
MoreLikeThisBenchmarks.LuceneNet_MoreLikeThis_DefaultParams,Rowles.LeanCorpus.Benchmarks,MoreLikeThisBenchmarks,LuceneNet_MoreLikeThis_DefaultParams,DefaultJob,Default,Default,Default,Default,Default,Default,Default,Default,Default,Default,Default,Default,Default,Default,Default,Default,Default,Default,Default,Default,Default,Default,Default,Default,Default,Default,Default,Default,Default,Default,Default,Default,Default,Default,Default,Default,Default,Default,Default,Default,Default,DefaultJob,DocumentCount=100000,1,Workload,Actual,15,554057769,128,4328576.32,109,3,0,3655206
MoreLikeThisBenchmarks.LuceneNet_MoreLikeThis_DefaultParams,Rowles.LeanCorpus.Benchmarks,MoreLikeThisBenchmarks,LuceneNet_MoreLikeThis_DefaultParams,DefaultJob,Default,Default,Default,Default,Default,Default,Default,Default,Default,Default,Default,Default,Default,Default,Default,Default,Default,Default,Default,Default,Default,Default,Default,Default,Default,Default,Default,Default,Default,Default,Default,Default,Default,Default,Default,Default,Default,Default,Default,Default,Default,DefaultJob,DocumentCount=100000,1,Workload,Extra,1,559503947,128,4371124.59,109,3,0,3655206
MoreLikeThisBenchmarks.LuceneNet_MoreLikeThis_DefaultParams,Rowles.LeanCorpus.Benchmarks,MoreLikeThisBenchmarks,LuceneNet_MoreLikeThis_DefaultParams,DefaultJob,Default,Default,Default,Default,Default,Default,Default,Default,Default,Default,Default,Default,Default,Default,Default,Default,Default,Default,Default,Default,Default,Default,Default,Default,Default,Default,Default,Default,Default,Default,Default,Default,Default,Default,Default,Default,Default,Default,Default,Default,Default,DefaultJob,DocumentCount=100000,1,Workload,Result,1,564384146,128,4409251.14,109,3,0,3655206
MoreLikeThisBenchmarks.LuceneNet_MoreLikeThis_DefaultParams,Rowles.LeanCorpus.Benchmarks,MoreLikeThisBenchmarks,LuceneNet_MoreLikeThis_DefaultParams,DefaultJob,Default,Default,Default,Default,Default,Default,Default,Default,Default,Default,Default,Default,Default,Default,Default,Default,Default,Default,Default,Default,Default,Default,Default,Default,Default,Default,Default,Default,Default,Default,Default,Default,Default,Default,Default,Default,Default,Default,Default,Default,Default,DefaultJob,DocumentCount=100000,1,Workload,Result,2,572055785,128,4469185.82,109,3,0,3655206
MoreLikeThisBenchmarks.LuceneNet_MoreLikeThis_DefaultParams,Rowles.LeanCorpus.Benchmarks,MoreLikeThisBenchmarks,LuceneNet_MoreLikeThis_DefaultParams,DefaultJob,Default,Default,Default,Default,Default,Default,Default,Default,Default,Default,Default,Default,Default,Default,Default,Default,Default,Default,Default,Default,Default,Default,Default,Default,Default,Default,Default,Default,Default,Default,Default,Default,Default,Default,Default,Default,Default,Default,Default,Default,Default,DefaultJob,DocumentCount=100000,1,Workload,Result,3,560577105,128,4379508.63,109,3,0,3655206
MoreLikeThisBenchmarks.LuceneNet_MoreLikeThis_DefaultParams,Rowles.LeanCorpus.Benchmarks,MoreLikeThisBenchmarks,LuceneNet_MoreLikeThis_DefaultParams,DefaultJob,Default,Default,Default,Default,Default,Default,Default,Default,Default,Default,Default,Default,Default,Default,Default,Default,Default,Default,Default,Default,Default,Default,Default,Default,Default,Default,Default,Default,Default,Default,Default,Default,Default,Default,Default,Default,Default,Default,Default,Default,Default,DefaultJob,DocumentCount=100000,1,Workload,Result,4,552783396,128,4318620.28,109,3,0,3655206
MoreLikeThisBenchmarks.LuceneNet_MoreLikeThis_DefaultParams,Rowles.LeanCorpus.Benchmarks,MoreLikeThisBenchmarks,LuceneNet_MoreLikeThis_DefaultParams,DefaultJob,Default,Default,Default,Default,Default,Default,Default,Default,Default,Default,Default,Default,Default,Default,Default,Default,Default,Default,Default,Default,Default,Default,Default,Default,Default,Default,Default,Default,Default,Default,Default,Default,Default,Default,Default,Default,Default,Default,Default,Default,Default,DefaultJob,DocumentCount=100000,1,Workload,Result,5,564347520,128,4408965,109,3,0,3655206
MoreLikeThisBenchmarks.LuceneNet_MoreLikeThis_DefaultParams,Rowles.LeanCorpus.Benchmarks,MoreLikeThisBenchmarks,LuceneNet_MoreLikeThis_DefaultParams,DefaultJob,Default,Default,Default,Default,Default,Default,Default,Default,Default,Default,Default,Default,Default,Default,Default,Default,Default,Default,Default,Default,Default,Default,Default,Default,Default,Default,Default,Default,Default,Default,Default,Default,Default,Default,Default,Default,Default,Default,Default,Default,Default,DefaultJob,DocumentCount=100000,1,Workload,Result,6,553625448,128,4325198.81,109,3,0,3655206
MoreLikeThisBenchmarks.LuceneNet_MoreLikeThis_DefaultParams,Rowles.LeanCorpus.Benchmarks,MoreLikeThisBenchmarks,LuceneNet_MoreLikeThis_DefaultParams,DefaultJob,Default,Default,Default,Default,Default,Default,Default,Default,Default,Default,Default,Default,Default,Default,Default,Default,Default,Default,Default,Default,Default,Default,Default,Default,Default,Default,Default,Default,Default,Default,Default,Default,Default,Default,Default,Default,Default,Default,Default,Default,Default,DefaultJob,DocumentCount=100000,1,Workload,Result,7,575105898,128,4493014.83,109,3,0,3655206
MoreLikeThisBenchmarks.LuceneNet_MoreLikeThis_DefaultParams,Rowles.LeanCorpus.Benchmarks,MoreLikeThisBenchmarks,LuceneNet_MoreLikeThis_DefaultParams,DefaultJob,Default,Default,Default,Default,Default,Default,Default,Default,Default,Default,Default,Default,Default,Default,Default,Default,Default,Default,Default,Default,Default,Default,Default,Default,Default,Default,Default,Default,Default,Default,Default,Default,Default,Default,Default,Default,Default,Default,Default,Default,Default,DefaultJob,DocumentCount=100000,1,Workload,Result,8,561093107,128,4383539.9,109,3,0,3655206
MoreLikeThisBenchmarks.LuceneNet_MoreLikeThis_DefaultParams,Rowles.LeanCorpus.Benchmarks,MoreLikeThisBenchmarks,LuceneNet_MoreLikeThis_DefaultParams,DefaultJob,Default,Default,Default,Default,Default,Default,Default,Default,Default,Default,Default,Default,Default,Default,Default,Default,Default,Default,Default,Default,Default,Default,Default,Default,Default,Default,Default,Default,Default,Default,Default,Default,Default,Default,Default,Default,Default,Default,Default,Default,Default,DefaultJob,DocumentCount=100000,1,Workload,Result,9,555540977,128,4340163.88,109,3,0,3655206
MoreLikeThisBenchmarks.LuceneNet_MoreLikeThis_DefaultParams,Rowles.LeanCorpus.Benchmarks,MoreLikeThisBenchmarks,LuceneNet_MoreLikeThis_DefaultParams,DefaultJob,Default,Default,Default,Default,Default,Default,Default,Default,Default,Default,Default,Default,Default,Default,Default,Default,Default,Default,Default,Default,Default,Default,Default,Default,Default,Default,Default,Default,Default,Default,Default,Default,Default,Default,Default,Default,Default,Default,Default,Default,Default,DefaultJob,DocumentCount=100000,1,Workload,Result,10,565485507,128,4417855.52,109,3,0,3655206
MoreLikeThisBenchmarks.LuceneNet_MoreLikeThis_DefaultParams,Rowles.LeanCorpus.Benchmarks,MoreLikeThisBenchmarks,LuceneNet_MoreLikeThis_DefaultParams,DefaultJob,Default,Default,Default,Default,Default,Default,Default,Default,Default,Default,Default,Default,Default,Default,Default,Default,Default,Default,Default,Default,Default,Default,Default,Default,Default,Default,Default,Default,Default,Default,Default,Default,Default,Default,Default,Default,Default,Default,Default,Default,Default,DefaultJob,DocumentCount=100000,1,Workload,Result,11,557844201,128,4358157.82,109,3,0,3655206
MoreLikeThisBenchmarks.LuceneNet_MoreLikeThis_DefaultParams,Rowles.LeanCorpus.Benchmarks,MoreLikeThisBenchmarks,LuceneNet_MoreLikeThis_DefaultParams,DefaultJob,Default,Default,Default,Default,Default,Default,Default,Default,Default,Default,Default,Default,Default,Default,Default,Default,Default,Default,Default,Default,Default,Default,Default,Default,Default,Default,Default,Default,Default,Default,Default,Default,Default,Default,Default,Default,Default,Default,Default,Default,Default,DefaultJob,DocumentCount=100000,1,Workload,Result,12,562788355,128,4396784.02,109,3,0,3655206
MoreLikeThisBenchmarks.LuceneNet_MoreLikeThis_DefaultParams,Rowles.LeanCorpus.Benchmarks,MoreLikeThisBenchmarks,LuceneNet_MoreLikeThis_DefaultParams,DefaultJob,Default,Default,Default,Default,Default,Default,Default,Default,Default,Default,Default,Default,Default,Default,Default,Default,Default,Default,Default,Default,Default,Default,Default,Default,Default,Default,Default,Default,Default,Default,Default,Default,Default,Default,Default,Default,Default,Default,Default,Default,Default,DefaultJob,DocumentCount=100000,1,Workload,Result,13,576559689,128,4504372.57,109,3,0,3655206
MoreLikeThisBenchmarks.LuceneNet_MoreLikeThis_DefaultParams,Rowles.LeanCorpus.Benchmarks,MoreLikeThisBenchmarks,LuceneNet_MoreLikeThis_DefaultParams,DefaultJob,Default,Default,Default,Default,Default,Default,Default,Default,Default,Default,Default,Default,Default,Default,Default,Default,Default,Default,Default,Default,Default,Default,Default,Default,Default,Default,Default,Default,Default,Default,Default,Default,Default,Default,Default,Default,Default,Default,Default,Default,Default,DefaultJob,DocumentCount=100000,1,Workload,Result,14,560967618,128,4382559.52,109,3,0,3655206
MoreLikeThisBenchmarks.LuceneNet_MoreLikeThis_DefaultParams,Rowles.LeanCorpus.Benchmarks,MoreLikeThisBenchmarks,LuceneNet_MoreLikeThis_DefaultParams,DefaultJob,Default,Default,Default,Default,Default,Default,Default,Default,Default,Default,Default,Default,Default,Default,Default,Default,Default,Default,Default,Default,Default,Default,Default,Default,Default,Default,Default,Default,Default,Default,Default,Default,Default,Default,Default,Default,Default,Default,Default,Default,Default,DefaultJob,DocumentCount=100000,1,Workload,Result,15,554057769,128,4328576.32,109,3,0,3655206
MoreLikeThisBenchmarks.LuceneNet_MoreLikeThis_HighMinDocFreq,Rowles.LeanCorpus.Benchmarks,MoreLikeThisBenchmarks,LuceneNet_MoreLikeThis_HighMinDocFreq,DefaultJob,Default,Default,Default,Default,Default,Default,Default,Default,Default,Default,Default,Default,Default,Default,Default,Default,Default,Default,Default,Default,Default,Default,Default,Default,Default,Default,Default,Default,Default,Default,Default,Default,Default,Default,Default,Default,Default,Default,Default,Default,Default,DefaultJob,DocumentCount=100000,1,Workload,Jitting,1,64219251,1,64219251,72,3,0,1212008
MoreLikeThisBenchmarks.LuceneNet_MoreLikeThis_HighMinDocFreq,Rowles.LeanCorpus.Benchmarks,MoreLikeThisBenchmarks,LuceneNet_MoreLikeThis_HighMinDocFreq,DefaultJob,Default,Default,Default,Default,Default,Default,Default,Default,Default,Default,Default,Default,Default,Default,Default,Default,Default,Default,Default,Default,Default,Default,Default,Default,Default,Default,Default,Default,Default,Default,Default,Default,Default,Default,Default,Default,Default,Default,Default,Default,Default,DefaultJob,DocumentCount=100000,1,Workload,Jitting,2,148038153,30,4934605.1,72,3,0,1212008
MoreLikeThisBenchmarks.LuceneNet_MoreLikeThis_HighMinDocFreq,Rowles.LeanCorpus.Benchmarks,MoreLikeThisBenchmarks,LuceneNet_MoreLikeThis_HighMinDocFreq,DefaultJob,Default,Default,Default,Default,Default,Default,Default,Default,Default,Default,Default,Default,Default,Default,Default,Default,Default,Default,Default,Default,Default,Default,Default,Default,Default,Default,Default,Default,Default,Default,Default,Default,Default,Default,Default,Default,Default,Default,Default,Default,Default,DefaultJob,DocumentCount=100000,1,Workload,Jitting,3,124022973,30,4134099.1,72,3,0,1212008
MoreLikeThisBenchmarks.LuceneNet_MoreLikeThis_HighMinDocFreq,Rowles.LeanCorpus.Benchmarks,MoreLikeThisBenchmarks,LuceneNet_MoreLikeThis_HighMinDocFreq,DefaultJob,Default,Default,Default,Default,Default,Default,Default,Default,Default,Default,Default,Default,Default,Default,Default,Default,Default,Default,Default,Default,Default,Default,Default,Default,Default,Default,Default,Default,Default,Default,Default,Default,Default,Default,Default,Default,Default,Default,Default,Default,Default,DefaultJob,DocumentCount=100000,1,Workload,Jitting,4,98776315,30,3292543.83,72,3,0,1212008
MoreLikeThisBenchmarks.LuceneNet_MoreLikeThis_HighMinDocFreq,Rowles.LeanCorpus.Benchmarks,MoreLikeThisBenchmarks,LuceneNet_MoreLikeThis_HighMinDocFreq,DefaultJob,Default,Default,Default,Default,Default,Default,Default,Default,Default,Default,Default,Default,Default,Default,Default,Default,Default,Default,Default,Default,Default,Default,Default,Default,Default,Default,Default,Default,Default,Default,Default,Default,Default,Default,Default,Default,Default,Default,Default,Default,Default,DefaultJob,DocumentCount=100000,1,Workload,Jitting,5,3313681,1,3313681,72,3,0,1212008
MoreLikeThisBenchmarks.LuceneNet_MoreLikeThis_HighMinDocFreq,Rowles.LeanCorpus.Benchmarks,MoreLikeThisBenchmarks,LuceneNet_MoreLikeThis_HighMinDocFreq,DefaultJob,Default,Default,Default,Default,Default,Default,Default,Default,Default,Default,Default,Default,Default,Default,Default,Default,Default,Default,Default,Default,Default,Default,Default,Default,Default,Default,Default,Default,Default,Default,Default,Default,Default,Default,Default,Default,Default,Default,Default,Default,Default,DefaultJob,DocumentCount=100000,1,Workload,Pilot,1,3770250,1,3770250,72,3,0,1212008
MoreLikeThisBenchmarks.LuceneNet_MoreLikeThis_HighMinDocFreq,Rowles.LeanCorpus.Benchmarks,MoreLikeThisBenchmarks,LuceneNet_MoreLikeThis_HighMinDocFreq,DefaultJob,Default,Default,Default,Default,Default,Default,Default,Default,Default,Default,Default,Default,Default,Default,Default,Default,Default,Default,Default,Default,Default,Default,Default,Default,Default,Default,Default,Default,Default,Default,Default,Default,Default,Default,Default,Default,Default,Default,Default,Default,Default,DefaultJob,DocumentCount=100000,1,Workload,Pilot,1,55351672,16,3459479.5,72,3,0,1212008
MoreLikeThisBenchmarks.LuceneNet_MoreLikeThis_HighMinDocFreq,Rowles.LeanCorpus.Benchmarks,MoreLikeThisBenchmarks,LuceneNet_MoreLikeThis_HighMinDocFreq,DefaultJob,Default,Default,Default,Default,Default,Default,Default,Default,Default,Default,Default,Default,Default,Default,Default,Default,Default,Default,Default,Default,Default,Default,Default,Default,Default,Default,Default,Default,Default,Default,Default,Default,Default,Default,Default,Default,Default,Default,Default,Default,Default,DefaultJob,DocumentCount=100000,1,Workload,Pilot,2,109498373,32,3421824.16,72,3,0,1212008
MoreLikeThisBenchmarks.LuceneNet_MoreLikeThis_HighMinDocFreq,Rowles.LeanCorpus.Benchmarks,MoreLikeThisBenchmarks,LuceneNet_MoreLikeThis_HighMinDocFreq,DefaultJob,Default,Default,Default,Default,Default,Default,Default,Default,Default,Default,Default,Default,Default,Default,Default,Default,Default,Default,Default,Default,Default,Default,Default,Default,Default,Default,Default,Default,Default,Default,Default,Default,Default,Default,Default,Default,Default,Default,Default,Default,Default,DefaultJob,DocumentCount=100000,1,Workload,Pilot,3,216088801,64,3376387.52,72,3,0,1212008
MoreLikeThisBenchmarks.LuceneNet_MoreLikeThis_HighMinDocFreq,Rowles.LeanCorpus.Benchmarks,MoreLikeThisBenchmarks,LuceneNet_MoreLikeThis_HighMinDocFreq,DefaultJob,Default,Default,Default,Default,Default,Default,Default,Default,Default,Default,Default,Default,Default,Default,Default,Default,Default,Default,Default,Default,Default,Default,Default,Default,Default,Default,Default,Default,Default,Default,Default,Default,Default,Default,Default,Default,Default,Default,Default,Default,Default,DefaultJob,DocumentCount=100000,1,Workload,Pilot,4,432051476,128,3375402.16,72,3,0,1212008
MoreLikeThisBenchmarks.LuceneNet_MoreLikeThis_HighMinDocFreq,Rowles.LeanCorpus.Benchmarks,MoreLikeThisBenchmarks,LuceneNet_MoreLikeThis_HighMinDocFreq,DefaultJob,Default,Default,Default,Default,Default,Default,Default,Default,Default,Default,Default,Default,Default,Default,Default,Default,Default,Default,Default,Default,Default,Default,Default,Default,Default,Default,Default,Default,Default,Default,Default,Default,Default,Default,Default,Default,Default,Default,Default,Default,Default,DefaultJob,DocumentCount=100000,1,Workload,Pilot,5,866374904,256,3384276.97,72,3,0,1212008
MoreLikeThisBenchmarks.LuceneNet_MoreLikeThis_HighMinDocFreq,Rowles.LeanCorpus.Benchmarks,MoreLikeThisBenchmarks,LuceneNet_MoreLikeThis_HighMinDocFreq,DefaultJob,Default,Default,Default,Default,Default,Default,Default,Default,Default,Default,Default,Default,Default,Default,Default,Default,Default,Default,Default,Default,Default,Default,Default,Default,Default,Default,Default,Default,Default,Default,Default,Default,Default,Default,Default,Default,Default,Default,Default,Default,Default,DefaultJob,DocumentCount=100000,1,Workload,Warmup,1,859213962,256,3356304.54,72,3,0,1212008
MoreLikeThisBenchmarks.LuceneNet_MoreLikeThis_HighMinDocFreq,Rowles.LeanCorpus.Benchmarks,MoreLikeThisBenchmarks,LuceneNet_MoreLikeThis_HighMinDocFreq,DefaultJob,Default,Default,Default,Default,Default,Default,Default,Default,Default,Default,Default,Default,Default,Default,Default,Default,Default,Default,Default,Default,Default,Default,Default,Default,Default,Default,Default,Default,Default,Default,Default,Default,Default,Default,Default,Default,Default,Default,Default,Default,Default,DefaultJob,DocumentCount=100000,1,Workload,Warmup,2,864500764,256,3376956.11,72,3,0,1212008
MoreLikeThisBenchmarks.LuceneNet_MoreLikeThis_HighMinDocFreq,Rowles.LeanCorpus.Benchmarks,MoreLikeThisBenchmarks,LuceneNet_MoreLikeThis_HighMinDocFreq,DefaultJob,Default,Default,Default,Default,Default,Default,Default,Default,Default,Default,Default,Default,Default,Default,Default,Default,Default,Default,Default,Default,Default,Default,Default,Default,Default,Default,Default,Default,Default,Default,Default,Default,Default,Default,Default,Default,Default,Default,Default,Default,Default,DefaultJob,DocumentCount=100000,1,Workload,Warmup,3,863285401,256,3372208.6,72,3,0,1212008
MoreLikeThisBenchmarks.LuceneNet_MoreLikeThis_HighMinDocFreq,Rowles.LeanCorpus.Benchmarks,MoreLikeThisBenchmarks,LuceneNet_MoreLikeThis_HighMinDocFreq,DefaultJob,Default,Default,Default,Default,Default,Default,Default,Default,Default,Default,Default,Default,Default,Default,Default,Default,Default,Default,Default,Default,Default,Default,Default,Default,Default,Default,Default,Default,Default,Default,Default,Default,Default,Default,Default,Default,Default,Default,Default,Default,Default,DefaultJob,DocumentCount=100000,1,Workload,Warmup,4,867598940,256,3389058.36,72,3,0,1212008
MoreLikeThisBenchmarks.LuceneNet_MoreLikeThis_HighMinDocFreq,Rowles.LeanCorpus.Benchmarks,MoreLikeThisBenchmarks,LuceneNet_MoreLikeThis_HighMinDocFreq,DefaultJob,Default,Default,Default,Default,Default,Default,Default,Default,Default,Default,Default,Default,Default,Default,Default,Default,Default,Default,Default,Default,Default,Default,Default,Default,Default,Default,Default,Default,Default,Default,Default,Default,Default,Default,Default,Default,Default,Default,Default,Default,Default,DefaultJob,DocumentCount=100000,1,Workload,Warmup,5,865833828,256,3382163.39,72,3,0,1212008
MoreLikeThisBenchmarks.LuceneNet_MoreLikeThis_HighMinDocFreq,Rowles.LeanCorpus.Benchmarks,MoreLikeThisBenchmarks,LuceneNet_MoreLikeThis_HighMinDocFreq,DefaultJob,Default,Default,Default,Default,Default,Default,Default,Default,Default,Default,Default,Default,Default,Default,Default,Default,Default,Default,Default,Default,Default,Default,Default,Default,Default,Default,Default,Default,Default,Default,Default,Default,Default,Default,Default,Default,Default,Default,Default,Default,Default,DefaultJob,DocumentCount=100000,1,Workload,Warmup,6,866076682,256,3383112.04,72,3,0,1212008
MoreLikeThisBenchmarks.LuceneNet_MoreLikeThis_HighMinDocFreq,Rowles.LeanCorpus.Benchmarks,MoreLikeThisBenchmarks,LuceneNet_MoreLikeThis_HighMinDocFreq,DefaultJob,Default,Default,Default,Default,Default,Default,Default,Default,Default,Default,Default,Default,Default,Default,Default,Default,Default,Default,Default,Default,Default,Default,Default,Default,Default,Default,Default,Default,Default,Default,Default,Default,Default,Default,Default,Default,Default,Default,Default,Default,Default,DefaultJob,DocumentCount=100000,1,Workload,Actual,1,860505005,256,3361347.68,72,3,0,1212008
MoreLikeThisBenchmarks.LuceneNet_MoreLikeThis_HighMinDocFreq,Rowles.LeanCorpus.Benchmarks,MoreLikeThisBenchmarks,LuceneNet_MoreLikeThis_HighMinDocFreq,DefaultJob,Default,Default,Default,Default,Default,Default,Default,Default,Default,Default,Default,Default,Default,Default,Default,Default,Default,Default,Default,Default,Default,Default,Default,Default,Default,Default,Default,Default,Default,Default,Default,Default,Default,Default,Default,Default,Default,Default,Default,Default,Default,DefaultJob,DocumentCount=100000,1,Workload,Actual,2,866330429,256,3384103.24,72,3,0,1212008
MoreLikeThisBenchmarks.LuceneNet_MoreLikeThis_HighMinDocFreq,Rowles.LeanCorpus.Benchmarks,MoreLikeThisBenchmarks,LuceneNet_MoreLikeThis_HighMinDocFreq,DefaultJob,Default,Default,Default,Default,Default,Default,Default,Default,Default,Default,Default,Default,Default,Default,Default,Default,Default,Default,Default,Default,Default,Default,Default,Default,Default,Default,Default,Default,Default,Default,Default,Default,Default,Default,Default,Default,Default,Default,Default,Default,Default,DefaultJob,DocumentCount=100000,1,Workload,Actual,3,869935252,256,3398184.58,72,3,0,1212008
MoreLikeThisBenchmarks.LuceneNet_MoreLikeThis_HighMinDocFreq,Rowles.LeanCorpus.Benchmarks,MoreLikeThisBenchmarks,LuceneNet_MoreLikeThis_HighMinDocFreq,DefaultJob,Default,Default,Default,Default,Default,Default,Default,Default,Default,Default,Default,Default,Default,Default,Default,Default,Default,Default,Default,Default,Default,Default,Default,Default,Default,Default,Default,Default,Default,Default,Default,Default,Default,Default,Default,Default,Default,Default,Default,Default,Default,DefaultJob,DocumentCount=100000,1,Workload,Actual,4,867429699,256,3388397.26,72,3,0,1212008
MoreLikeThisBenchmarks.LuceneNet_MoreLikeThis_HighMinDocFreq,Rowles.LeanCorpus.Benchmarks,MoreLikeThisBenchmarks,LuceneNet_MoreLikeThis_HighMinDocFreq,DefaultJob,Default,Default,Default,Default,Default,Default,Default,Default,Default,Default,Default,Default,Default,Default,Default,Default,Default,Default,Default,Default,Default,Default,Default,Default,Default,Default,Default,Default,Default,Default,Default,Default,Default,Default,Default,Default,Default,Default,Default,Default,Default,DefaultJob,DocumentCount=100000,1,Workload,Actual,5,862643930,256,3369702.85,72,3,0,1212008
MoreLikeThisBenchmarks.LuceneNet_MoreLikeThis_HighMinDocFreq,Rowles.LeanCorpus.Benchmarks,MoreLikeThisBenchmarks,LuceneNet_MoreLikeThis_HighMinDocFreq,DefaultJob,Default,Default,Default,Default,Default,Default,Default,Default,Default,Default,Default,Default,Default,Default,Default,Default,Default,Default,Default,Default,Default,Default,Default,Default,Default,Default,Default,Default,Default,Default,Default,Default,Default,Default,Default,Default,Default,Default,Default,Default,Default,DefaultJob,DocumentCount=100000,1,Workload,Actual,6,867500524,256,3388673.92,72,3,0,1212008
MoreLikeThisBenchmarks.LuceneNet_MoreLikeThis_HighMinDocFreq,Rowles.LeanCorpus.Benchmarks,MoreLikeThisBenchmarks,LuceneNet_MoreLikeThis_HighMinDocFreq,DefaultJob,Default,Default,Default,Default,Default,Default,Default,Default,Default,Default,Default,Default,Default,Default,Default,Default,Default,Default,Default,Default,Default,Default,Default,Default,Default,Default,Default,Default,Default,Default,Default,Default,Default,Default,Default,Default,Default,Default,Default,Default,Default,DefaultJob,DocumentCount=100000,1,Workload,Actual,7,864887235,256,3378465.76,72,3,0,1212008
MoreLikeThisBenchmarks.LuceneNet_MoreLikeThis_HighMinDocFreq,Rowles.LeanCorpus.Benchmarks,MoreLikeThisBenchmarks,LuceneNet_MoreLikeThis_HighMinDocFreq,DefaultJob,Default,Default,Default,Default,Default,Default,Default,Default,Default,Default,Default,Default,Default,Default,Default,Default,Default,Default,Default,Default,Default,Default,Default,Default,Default,Default,Default,Default,Default,Default,Default,Default,Default,Default,Default,Default,Default,Default,Default,Default,Default,DefaultJob,DocumentCount=100000,1,Workload,Actual,8,861557326,256,3365458.3,72,3,0,1212008
MoreLikeThisBenchmarks.LuceneNet_MoreLikeThis_HighMinDocFreq,Rowles.LeanCorpus.Benchmarks,MoreLikeThisBenchmarks,LuceneNet_MoreLikeThis_HighMinDocFreq,DefaultJob,Default,Default,Default,Default,Default,Default,Default,Default,Default,Default,Default,Default,Default,Default,Default,Default,Default,Default,Default,Default,Default,Default,Default,Default,Default,Default,Default,Default,Default,Default,Default,Default,Default,Default,Default,Default,Default,Default,Default,Default,Default,DefaultJob,DocumentCount=100000,1,Workload,Actual,9,868814817,256,3393807.88,72,3,0,1212008
MoreLikeThisBenchmarks.LuceneNet_MoreLikeThis_HighMinDocFreq,Rowles.LeanCorpus.Benchmarks,MoreLikeThisBenchmarks,LuceneNet_MoreLikeThis_HighMinDocFreq,DefaultJob,Default,Default,Default,Default,Default,Default,Default,Default,Default,Default,Default,Default,Default,Default,Default,Default,Default,Default,Default,Default,Default,Default,Default,Default,Default,Default,Default,Default,Default,Default,Default,Default,Default,Default,Default,Default,Default,Default,Default,Default,Default,DefaultJob,DocumentCount=100000,1,Workload,Actual,10,869423952,256,3396187.31,72,3,0,1212008
MoreLikeThisBenchmarks.LuceneNet_MoreLikeThis_HighMinDocFreq,Rowles.LeanCorpus.Benchmarks,MoreLikeThisBenchmarks,LuceneNet_MoreLikeThis_HighMinDocFreq,DefaultJob,Default,Default,Default,Default,Default,Default,Default,Default,Default,Default,Default,Default,Default,Default,Default,Default,Default,Default,Default,Default,Default,Default,Default,Default,Default,Default,Default,Default,Default,Default,Default,Default,Default,Default,Default,Default,Default,Default,Default,Default,Default,DefaultJob,DocumentCount=100000,1,Workload,Actual,11,866431815,256,3384499.28,72,3,0,1212008
MoreLikeThisBenchmarks.LuceneNet_MoreLikeThis_HighMinDocFreq,Rowles.LeanCorpus.Benchmarks,MoreLikeThisBenchmarks,LuceneNet_MoreLikeThis_HighMinDocFreq,DefaultJob,Default,Default,Default,Default,Default,Default,Default,Default,Default,Default,Default,Default,Default,Default,Default,Default,Default,Default,Default,Default,Default,Default,Default,Default,Default,Default,Default,Default,Default,Default,Default,Default,Default,Default,Default,Default,Default,Default,Default,Default,Default,DefaultJob,DocumentCount=100000,1,Workload,Actual,12,864724169,256,3377828.79,72,3,0,1212008
MoreLikeThisBenchmarks.LuceneNet_MoreLikeThis_HighMinDocFreq,Rowles.LeanCorpus.Benchmarks,MoreLikeThisBenchmarks,LuceneNet_MoreLikeThis_HighMinDocFreq,DefaultJob,Default,Default,Default,Default,Default,Default,Default,Default,Default,Default,Default,Default,Default,Default,Default,Default,Default,Default,Default,Default,Default,Default,Default,Default,Default,Default,Default,Default,Default,Default,Default,Default,Default,Default,Default,Default,Default,Default,Default,Default,Default,DefaultJob,DocumentCount=100000,1,Workload,Actual,13,867244819,256,3387675.07,72,3,0,1212008
MoreLikeThisBenchmarks.LuceneNet_MoreLikeThis_HighMinDocFreq,Rowles.LeanCorpus.Benchmarks,MoreLikeThisBenchmarks,LuceneNet_MoreLikeThis_HighMinDocFreq,DefaultJob,Default,Default,Default,Default,Default,Default,Default,Default,Default,Default,Default,Default,Default,Default,Default,Default,Default,Default,Default,Default,Default,Default,Default,Default,Default,Default,Default,Default,Default,Default,Default,Default,Default,Default,Default,Default,Default,Default,Default,Default,Default,DefaultJob,DocumentCount=100000,1,Workload,Actual,14,870258311,256,3399446.53,72,3,0,1212008
MoreLikeThisBenchmarks.LuceneNet_MoreLikeThis_HighMinDocFreq,Rowles.LeanCorpus.Benchmarks,MoreLikeThisBenchmarks,LuceneNet_MoreLikeThis_HighMinDocFreq,DefaultJob,Default,Default,Default,Default,Default,Default,Default,Default,Default,Default,Default,Default,Default,Default,Default,Default,Default,Default,Default,Default,Default,Default,Default,Default,Default,Default,Default,Default,Default,Default,Default,Default,Default,Default,Default,Default,Default,Default,Default,Default,Default,DefaultJob,DocumentCount=100000,1,Workload,Actual,15,867410201,256,3388321.1,72,3,0,1212008
MoreLikeThisBenchmarks.LuceneNet_MoreLikeThis_HighMinDocFreq,Rowles.LeanCorpus.Benchmarks,MoreLikeThisBenchmarks,LuceneNet_MoreLikeThis_HighMinDocFreq,DefaultJob,Default,Default,Default,Default,Default,Default,Default,Default,Default,Default,Default,Default,Default,Default,Default,Default,Default,Default,Default,Default,Default,Default,Default,Default,Default,Default,Default,Default,Default,Default,Default,Default,Default,Default,Default,Default,Default,Default,Default,Default,Default,DefaultJob,DocumentCount=100000,1,Workload,Extra,1,861466885,256,3365105.02,72,3,0,1212008
MoreLikeThisBenchmarks.LuceneNet_MoreLikeThis_HighMinDocFreq,Rowles.LeanCorpus.Benchmarks,MoreLikeThisBenchmarks,LuceneNet_MoreLikeThis_HighMinDocFreq,DefaultJob,Default,Default,Default,Default,Default,Default,Default,Default,Default,Default,Default,Default,Default,Default,Default,Default,Default,Default,Default,Default,Default,Default,Default,Default,Default,Default,Default,Default,Default,Default,Default,Default,Default,Default,Default,Default,Default,Default,Default,Default,Default,DefaultJob,DocumentCount=100000,1,Workload,Result,1,860505005,256,3361347.68,72,3,0,1212008
MoreLikeThisBenchmarks.LuceneNet_MoreLikeThis_HighMinDocFreq,Rowles.LeanCorpus.Benchmarks,MoreLikeThisBenchmarks,LuceneNet_MoreLikeThis_HighMinDocFreq,DefaultJob,Default,Default,Default,Default,Default,Default,Default,Default,Default,Default,Default,Default,Default,Default,Default,Default,Default,Default,Default,Default,Default,Default,Default,Default,Default,Default,Default,Default,Default,Default,Default,Default,Default,Default,Default,Default,Default,Default,Default,Default,Default,DefaultJob,DocumentCount=100000,1,Workload,Result,2,866330429,256,3384103.24,72,3,0,1212008
MoreLikeThisBenchmarks.LuceneNet_MoreLikeThis_HighMinDocFreq,Rowles.LeanCorpus.Benchmarks,MoreLikeThisBenchmarks,LuceneNet_MoreLikeThis_HighMinDocFreq,DefaultJob,Default,Default,Default,Default,Default,Default,Default,Default,Default,Default,Default,Default,Default,Default,Default,Default,Default,Default,Default,Default,Default,Default,Default,Default,Default,Default,Default,Default,Default,Default,Default,Default,Default,Default,Default,Default,Default,Default,Default,Default,Default,DefaultJob,DocumentCount=100000,1,Workload,Result,3,869935252,256,3398184.58,72,3,0,1212008
MoreLikeThisBenchmarks.LuceneNet_MoreLikeThis_HighMinDocFreq,Rowles.LeanCorpus.Benchmarks,MoreLikeThisBenchmarks,LuceneNet_MoreLikeThis_HighMinDocFreq,DefaultJob,Default,Default,Default,Default,Default,Default,Default,Default,Default,Default,Default,Default,Default,Default,Default,Default,Default,Default,Default,Default,Default,Default,Default,Default,Default,Default,Default,Default,Default,Default,Default,Default,Default,Default,Default,Default,Default,Default,Default,Default,Default,DefaultJob,DocumentCount=100000,1,Workload,Result,4,867429699,256,3388397.26,72,3,0,1212008
MoreLikeThisBenchmarks.LuceneNet_MoreLikeThis_HighMinDocFreq,Rowles.LeanCorpus.Benchmarks,MoreLikeThisBenchmarks,LuceneNet_MoreLikeThis_HighMinDocFreq,DefaultJob,Default,Default,Default,Default,Default,Default,Default,Default,Default,Default,Default,Default,Default,Default,Default,Default,Default,Default,Default,Default,Default,Default,Default,Default,Default,Default,Default,Default,Default,Default,Default,Default,Default,Default,Default,Default,Default,Default,Default,Default,Default,DefaultJob,DocumentCount=100000,1,Workload,Result,5,862643930,256,3369702.85,72,3,0,1212008
MoreLikeThisBenchmarks.LuceneNet_MoreLikeThis_HighMinDocFreq,Rowles.LeanCorpus.Benchmarks,MoreLikeThisBenchmarks,LuceneNet_MoreLikeThis_HighMinDocFreq,DefaultJob,Default,Default,Default,Default,Default,Default,Default,Default,Default,Default,Default,Default,Default,Default,Default,Default,Default,Default,Default,Default,Default,Default,Default,Default,Default,Default,Default,Default,Default,Default,Default,Default,Default,Default,Default,Default,Default,Default,Default,Default,Default,DefaultJob,DocumentCount=100000,1,Workload,Result,6,867500524,256,3388673.92,72,3,0,1212008
MoreLikeThisBenchmarks.LuceneNet_MoreLikeThis_HighMinDocFreq,Rowles.LeanCorpus.Benchmarks,MoreLikeThisBenchmarks,LuceneNet_MoreLikeThis_HighMinDocFreq,DefaultJob,Default,Default,Default,Default,Default,Default,Default,Default,Default,Default,Default,Default,Default,Default,Default,Default,Default,Default,Default,Default,Default,Default,Default,Default,Default,Default,Default,Default,Default,Default,Default,Default,Default,Default,Default,Default,Default,Default,Default,Default,Default,DefaultJob,DocumentCount=100000,1,Workload,Result,7,864887235,256,3378465.76,72,3,0,1212008
MoreLikeThisBenchmarks.LuceneNet_MoreLikeThis_HighMinDocFreq,Rowles.LeanCorpus.Benchmarks,MoreLikeThisBenchmarks,LuceneNet_MoreLikeThis_HighMinDocFreq,DefaultJob,Default,Default,Default,Default,Default,Default,Default,Default,Default,Default,Default,Default,Default,Default,Default,Default,Default,Default,Default,Default,Default,Default,Default,Default,Default,Default,Default,Default,Default,Default,Default,Default,Default,Default,Default,Default,Default,Default,Default,Default,Default,DefaultJob,DocumentCount=100000,1,Workload,Result,8,861557326,256,3365458.3,72,3,0,1212008
MoreLikeThisBenchmarks.LuceneNet_MoreLikeThis_HighMinDocFreq,Rowles.LeanCorpus.Benchmarks,MoreLikeThisBenchmarks,LuceneNet_MoreLikeThis_HighMinDocFreq,DefaultJob,Default,Default,Default,Default,Default,Default,Default,Default,Default,Default,Default,Default,Default,Default,Default,Default,Default,Default,Default,Default,Default,Default,Default,Default,Default,Default,Default,Default,Default,Default,Default,Default,Default,Default,Default,Default,Default,Default,Default,Default,Default,DefaultJob,DocumentCount=100000,1,Workload,Result,9,868814817,256,3393807.88,72,3,0,1212008
MoreLikeThisBenchmarks.LuceneNet_MoreLikeThis_HighMinDocFreq,Rowles.LeanCorpus.Benchmarks,MoreLikeThisBenchmarks,LuceneNet_MoreLikeThis_HighMinDocFreq,DefaultJob,Default,Default,Default,Default,Default,Default,Default,Default,Default,Default,Default,Default,Default,Default,Default,Default,Default,Default,Default,Default,Default,Default,Default,Default,Default,Default,Default,Default,Default,Default,Default,Default,Default,Default,Default,Default,Default,Default,Default,Default,Default,DefaultJob,DocumentCount=100000,1,Workload,Result,10,869423952,256,3396187.31,72,3,0,1212008
MoreLikeThisBenchmarks.LuceneNet_MoreLikeThis_HighMinDocFreq,Rowles.LeanCorpus.Benchmarks,MoreLikeThisBenchmarks,LuceneNet_MoreLikeThis_HighMinDocFreq,DefaultJob,Default,Default,Default,Default,Default,Default,Default,Default,Default,Default,Default,Default,Default,Default,Default,Default,Default,Default,Default,Default,Default,Default,Default,Default,Default,Default,Default,Default,Default,Default,Default,Default,Default,Default,Default,Default,Default,Default,Default,Default,Default,DefaultJob,DocumentCount=100000,1,Workload,Result,11,866431815,256,3384499.28,72,3,0,1212008
MoreLikeThisBenchmarks.LuceneNet_MoreLikeThis_HighMinDocFreq,Rowles.LeanCorpus.Benchmarks,MoreLikeThisBenchmarks,LuceneNet_MoreLikeThis_HighMinDocFreq,DefaultJob,Default,Default,Default,Default,Default,Default,Default,Default,Default,Default,Default,Default,Default,Default,Default,Default,Default,Default,Default,Default,Default,Default,Default,Default,Default,Default,Default,Default,Default,Default,Default,Default,Default,Default,Default,Default,Default,Default,Default,Default,Default,DefaultJob,DocumentCount=100000,1,Workload,Result,12,864724169,256,3377828.79,72,3,0,1212008
MoreLikeThisBenchmarks.LuceneNet_MoreLikeThis_HighMinDocFreq,Rowles.LeanCorpus.Benchmarks,MoreLikeThisBenchmarks,LuceneNet_MoreLikeThis_HighMinDocFreq,DefaultJob,Default,Default,Default,Default,Default,Default,Default,Default,Default,Default,Default,Default,Default,Default,Default,Default,Default,Default,Default,Default,Default,Default,Default,Default,Default,Default,Default,Default,Default,Default,Default,Default,Default,Default,Default,Default,Default,Default,Default,Default,Default,DefaultJob,DocumentCount=100000,1,Workload,Result,13,867244819,256,3387675.07,72,3,0,1212008
MoreLikeThisBenchmarks.LuceneNet_MoreLikeThis_HighMinDocFreq,Rowles.LeanCorpus.Benchmarks,MoreLikeThisBenchmarks,LuceneNet_MoreLikeThis_HighMinDocFreq,DefaultJob,Default,Default,Default,Default,Default,Default,Default,Default,Default,Default,Default,Default,Default,Default,Default,Default,Default,Default,Default,Default,Default,Default,Default,Default,Default,Default,Default,Default,Default,Default,Default,Default,Default,Default,Default,Default,Default,Default,Default,Default,Default,DefaultJob,DocumentCount=100000,1,Workload,Result,14,870258311,256,3399446.53,72,3,0,1212008
MoreLikeThisBenchmarks.LuceneNet_MoreLikeThis_HighMinDocFreq,Rowles.LeanCorpus.Benchmarks,MoreLikeThisBenchmarks,LuceneNet_MoreLikeThis_HighMinDocFreq,DefaultJob,Default,Default,Default,Default,Default,Default,Default,Default,Default,Default,Default,Default,Default,Default,Default,Default,Default,Default,Default,Default,Default,Default,Default,Default,Default,Default,Default,Default,Default,Default,Default,Default,Default,Default,Default,Default,Default,Default,Default,Default,Default,DefaultJob,DocumentCount=100000,1,Workload,Result,15,867410201,256,3388321.1,72,3,0,1212008
MoreLikeThisBenchmarks.LuceneNet_MoreLikeThis_NoBoost,Rowles.LeanCorpus.Benchmarks,MoreLikeThisBenchmarks,LuceneNet_MoreLikeThis_NoBoost,DefaultJob,Default,Default,Default,Default,Default,Default,Default,Default,Default,Default,Default,Default,Default,Default,Default,Default,Default,Default,Default,Default,Default,Default,Default,Default,Default,Default,Default,Default,Default,Default,Default,Default,Default,Default,Default,Default,Default,Default,Default,Default,Default,DefaultJob,DocumentCount=100000,1,Workload,Jitting,1,62977510,1,62977510,107,3,0,3654961
MoreLikeThisBenchmarks.LuceneNet_MoreLikeThis_NoBoost,Rowles.LeanCorpus.Benchmarks,MoreLikeThisBenchmarks,LuceneNet_MoreLikeThis_NoBoost,DefaultJob,Default,Default,Default,Default,Default,Default,Default,Default,Default,Default,Default,Default,Default,Default,Default,Default,Default,Default,Default,Default,Default,Default,Default,Default,Default,Default,Default,Default,Default,Default,Default,Default,Default,Default,Default,Default,Default,Default,Default,Default,Default,DefaultJob,DocumentCount=100000,1,Workload,Jitting,2,219482095,30,7316069.83,107,3,0,3654961
MoreLikeThisBenchmarks.LuceneNet_MoreLikeThis_NoBoost,Rowles.LeanCorpus.Benchmarks,MoreLikeThisBenchmarks,LuceneNet_MoreLikeThis_NoBoost,DefaultJob,Default,Default,Default,Default,Default,Default,Default,Default,Default,Default,Default,Default,Default,Default,Default,Default,Default,Default,Default,Default,Default,Default,Default,Default,Default,Default,Default,Default,Default,Default,Default,Default,Default,Default,Default,Default,Default,Default,Default,Default,Default,DefaultJob,DocumentCount=100000,1,Workload,Jitting,3,137123188,30,4570772.93,107,3,0,3654961
MoreLikeThisBenchmarks.LuceneNet_MoreLikeThis_NoBoost,Rowles.LeanCorpus.Benchmarks,MoreLikeThisBenchmarks,LuceneNet_MoreLikeThis_NoBoost,DefaultJob,Default,Default,Default,Default,Default,Default,Default,Default,Default,Default,Default,Default,Default,Default,Default,Default,Default,Default,Default,Default,Default,Default,Default,Default,Default,Default,Default,Default,Default,Default,Default,Default,Default,Default,Default,Default,Default,Default,Default,Default,Default,DefaultJob,DocumentCount=100000,1,Workload,Jitting,4,123293154,30,4109771.8,107,3,0,3654961
MoreLikeThisBenchmarks.LuceneNet_MoreLikeThis_NoBoost,Rowles.LeanCorpus.Benchmarks,MoreLikeThisBenchmarks,LuceneNet_MoreLikeThis_NoBoost,DefaultJob,Default,Default,Default,Default,Default,Default,Default,Default,Default,Default,Default,Default,Default,Default,Default,Default,Default,Default,Default,Default,Default,Default,Default,Default,Default,Default,Default,Default,Default,Default,Default,Default,Default,Default,Default,Default,Default,Default,Default,Default,Default,DefaultJob,DocumentCount=100000,1,Workload,Jitting,5,3841598,1,3841598,107,3,0,3654961
MoreLikeThisBenchmarks.LuceneNet_MoreLikeThis_NoBoost,Rowles.LeanCorpus.Benchmarks,MoreLikeThisBenchmarks,LuceneNet_MoreLikeThis_NoBoost,DefaultJob,Default,Default,Default,Default,Default,Default,Default,Default,Default,Default,Default,Default,Default,Default,Default,Default,Default,Default,Default,Default,Default,Default,Default,Default,Default,Default,Default,Default,Default,Default,Default,Default,Default,Default,Default,Default,Default,Default,Default,Default,Default,DefaultJob,DocumentCount=100000,1,Workload,Pilot,1,5832958,1,5832958,107,3,0,3654961
MoreLikeThisBenchmarks.LuceneNet_MoreLikeThis_NoBoost,Rowles.LeanCorpus.Benchmarks,MoreLikeThisBenchmarks,LuceneNet_MoreLikeThis_NoBoost,DefaultJob,Default,Default,Default,Default,Default,Default,Default,Default,Default,Default,Default,Default,Default,Default,Default,Default,Default,Default,Default,Default,Default,Default,Default,Default,Default,Default,Default,Default,Default,Default,Default,Default,Default,Default,Default,Default,Default,Default,Default,Default,Default,DefaultJob,DocumentCount=100000,1,Workload,Pilot,1,64463388,16,4028961.75,107,3,0,3654961
MoreLikeThisBenchmarks.LuceneNet_MoreLikeThis_NoBoost,Rowles.LeanCorpus.Benchmarks,MoreLikeThisBenchmarks,LuceneNet_MoreLikeThis_NoBoost,DefaultJob,Default,Default,Default,Default,Default,Default,Default,Default,Default,Default,Default,Default,Default,Default,Default,Default,Default,Default,Default,Default,Default,Default,Default,Default,Default,Default,Default,Default,Default,Default,Default,Default,Default,Default,Default,Default,Default,Default,Default,Default,Default,DefaultJob,DocumentCount=100000,1,Workload,Pilot,2,131561058,32,4111283.06,107,3,0,3654961
MoreLikeThisBenchmarks.LuceneNet_MoreLikeThis_NoBoost,Rowles.LeanCorpus.Benchmarks,MoreLikeThisBenchmarks,LuceneNet_MoreLikeThis_NoBoost,DefaultJob,Default,Default,Default,Default,Default,Default,Default,Default,Default,Default,Default,Default,Default,Default,Default,Default,Default,Default,Default,Default,Default,Default,Default,Default,Default,Default,Default,Default,Default,Default,Default,Default,Default,Default,Default,Default,Default,Default,Default,Default,Default,DefaultJob,DocumentCount=100000,1,Workload,Pilot,3,271224541,64,4237883.45,107,3,0,3654961
MoreLikeThisBenchmarks.LuceneNet_MoreLikeThis_NoBoost,Rowles.LeanCorpus.Benchmarks,MoreLikeThisBenchmarks,LuceneNet_MoreLikeThis_NoBoost,DefaultJob,Default,Default,Default,Default,Default,Default,Default,Default,Default,Default,Default,Default,Default,Default,Default,Default,Default,Default,Default,Default,Default,Default,Default,Default,Default,Default,Default,Default,Default,Default,Default,Default,Default,Default,Default,Default,Default,Default,Default,Default,Default,DefaultJob,DocumentCount=100000,1,Workload,Pilot,4,546268670,128,4267723.98,107,3,0,3654961
MoreLikeThisBenchmarks.LuceneNet_MoreLikeThis_NoBoost,Rowles.LeanCorpus.Benchmarks,MoreLikeThisBenchmarks,LuceneNet_MoreLikeThis_NoBoost,DefaultJob,Default,Default,Default,Default,Default,Default,Default,Default,Default,Default,Default,Default,Default,Default,Default,Default,Default,Default,Default,Default,Default,Default,Default,Default,Default,Default,Default,Default,Default,Default,Default,Default,Default,Default,Default,Default,Default,Default,Default,Default,Default,DefaultJob,DocumentCount=100000,1,Workload,Warmup,1,533094229,128,4164798.66,107,3,0,3654961
MoreLikeThisBenchmarks.LuceneNet_MoreLikeThis_NoBoost,Rowles.LeanCorpus.Benchmarks,MoreLikeThisBenchmarks,LuceneNet_MoreLikeThis_NoBoost,DefaultJob,Default,Default,Default,Default,Default,Default,Default,Default,Default,Default,Default,Default,Default,Default,Default,Default,Default,Default,Default,Default,Default,Default,Default,Default,Default,Default,Default,Default,Default,Default,Default,Default,Default,Default,Default,Default,Default,Default,Default,Default,Default,DefaultJob,DocumentCount=100000,1,Workload,Warmup,2,544579647,128,4254528.49,107,3,0,3654961
MoreLikeThisBenchmarks.LuceneNet_MoreLikeThis_NoBoost,Rowles.LeanCorpus.Benchmarks,MoreLikeThisBenchmarks,LuceneNet_MoreLikeThis_NoBoost,DefaultJob,Default,Default,Default,Default,Default,Default,Default,Default,Default,Default,Default,Default,Default,Default,Default,Default,Default,Default,Default,Default,Default,Default,Default,Default,Default,Default,Default,Default,Default,Default,Default,Default,Default,Default,Default,Default,Default,Default,Default,Default,Default,DefaultJob,DocumentCount=100000,1,Workload,Warmup,3,548526928,128,4285366.63,107,3,0,3654961
MoreLikeThisBenchmarks.LuceneNet_MoreLikeThis_NoBoost,Rowles.LeanCorpus.Benchmarks,MoreLikeThisBenchmarks,LuceneNet_MoreLikeThis_NoBoost,DefaultJob,Default,Default,Default,Default,Default,Default,Default,Default,Default,Default,Default,Default,Default,Default,Default,Default,Default,Default,Default,Default,Default,Default,Default,Default,Default,Default,Default,Default,Default,Default,Default,Default,Default,Default,Default,Default,Default,Default,Default,Default,Default,DefaultJob,DocumentCount=100000,1,Workload,Warmup,4,543736094,128,4247938.23,107,3,0,3654961
MoreLikeThisBenchmarks.LuceneNet_MoreLikeThis_NoBoost,Rowles.LeanCorpus.Benchmarks,MoreLikeThisBenchmarks,LuceneNet_MoreLikeThis_NoBoost,DefaultJob,Default,Default,Default,Default,Default,Default,Default,Default,Default,Default,Default,Default,Default,Default,Default,Default,Default,Default,Default,Default,Default,Default,Default,Default,Default,Default,Default,Default,Default,Default,Default,Default,Default,Default,Default,Default,Default,Default,Default,Default,Default,DefaultJob,DocumentCount=100000,1,Workload,Warmup,5,536131633,128,4188528.38,107,3,0,3654961
MoreLikeThisBenchmarks.LuceneNet_MoreLikeThis_NoBoost,Rowles.LeanCorpus.Benchmarks,MoreLikeThisBenchmarks,LuceneNet_MoreLikeThis_NoBoost,DefaultJob,Default,Default,Default,Default,Default,Default,Default,Default,Default,Default,Default,Default,Default,Default,Default,Default,Default,Default,Default,Default,Default,Default,Default,Default,Default,Default,Default,Default,Default,Default,Default,Default,Default,Default,Default,Default,Default,Default,Default,Default,Default,DefaultJob,DocumentCount=100000,1,Workload,Warmup,6,548945372,128,4288635.72,107,3,0,3654961
MoreLikeThisBenchmarks.LuceneNet_MoreLikeThis_NoBoost,Rowles.LeanCorpus.Benchmarks,MoreLikeThisBenchmarks,LuceneNet_MoreLikeThis_NoBoost,DefaultJob,Default,Default,Default,Default,Default,Default,Default,Default,Default,Default,Default,Default,Default,Default,Default,Default,Default,Default,Default,Default,Default,Default,Default,Default,Default,Default,Default,Default,Default,Default,Default,Default,Default,Default,Default,Default,Default,Default,Default,Default,Default,DefaultJob,DocumentCount=100000,1,Workload,Warmup,7,542847588,128,4240996.78,107,3,0,3654961
MoreLikeThisBenchmarks.LuceneNet_MoreLikeThis_NoBoost,Rowles.LeanCorpus.Benchmarks,MoreLikeThisBenchmarks,LuceneNet_MoreLikeThis_NoBoost,DefaultJob,Default,Default,Default,Default,Default,Default,Default,Default,Default,Default,Default,Default,Default,Default,Default,Default,Default,Default,Default,Default,Default,Default,Default,Default,Default,Default,Default,Default,Default,Default,Default,Default,Default,Default,Default,Default,Default,Default,Default,Default,Default,DefaultJob,DocumentCount=100000,1,Workload,Actual,1,552874290,128,4319330.39,107,3,0,3654961
MoreLikeThisBenchmarks.LuceneNet_MoreLikeThis_NoBoost,Rowles.LeanCorpus.Benchmarks,MoreLikeThisBenchmarks,LuceneNet_MoreLikeThis_NoBoost,DefaultJob,Default,Default,Default,Default,Default,Default,Default,Default,Default,Default,Default,Default,Default,Default,Default,Default,Default,Default,Default,Default,Default,Default,Default,Default,Default,Default,Default,Default,Default,Default,Default,Default,Default,Default,Default,Default,Default,Default,Default,Default,Default,DefaultJob,DocumentCount=100000,1,Workload,Actual,2,537953154,128,4202759.02,107,3,0,3654961
MoreLikeThisBenchmarks.LuceneNet_MoreLikeThis_NoBoost,Rowles.LeanCorpus.Benchmarks,MoreLikeThisBenchmarks,LuceneNet_MoreLikeThis_NoBoost,DefaultJob,Default,Default,Default,Default,Default,Default,Default,Default,Default,Default,Default,Default,Default,Default,Default,Default,Default,Default,Default,Default,Default,Default,Default,Default,Default,Default,Default,Default,Default,Default,Default,Default,Default,Default,Default,Default,Default,Default,Default,Default,Default,DefaultJob,DocumentCount=100000,1,Workload,Actual,3,542346681,128,4237083.45,107,3,0,3654961
MoreLikeThisBenchmarks.LuceneNet_MoreLikeThis_NoBoost,Rowles.LeanCorpus.Benchmarks,MoreLikeThisBenchmarks,LuceneNet_MoreLikeThis_NoBoost,DefaultJob,Default,Default,Default,Default,Default,Default,Default,Default,Default,Default,Default,Default,Default,Default,Default,Default,Default,Default,Default,Default,Default,Default,Default,Default,Default,Default,Default,Default,Default,Default,Default,Default,Default,Default,Default,Default,Default,Default,Default,Default,Default,DefaultJob,DocumentCount=100000,1,Workload,Actual,4,549032410,128,4289315.7,107,3,0,3654961
MoreLikeThisBenchmarks.LuceneNet_MoreLikeThis_NoBoost,Rowles.LeanCorpus.Benchmarks,MoreLikeThisBenchmarks,LuceneNet_MoreLikeThis_NoBoost,DefaultJob,Default,Default,Default,Default,Default,Default,Default,Default,Default,Default,Default,Default,Default,Default,Default,Default,Default,Default,Default,Default,Default,Default,Default,Default,Default,Default,Default,Default,Default,Default,Default,Default,Default,Default,Default,Default,Default,Default,Default,Default,Default,DefaultJob,DocumentCount=100000,1,Workload,Actual,5,543136339,128,4243252.65,107,3,0,3654961
MoreLikeThisBenchmarks.LuceneNet_MoreLikeThis_NoBoost,Rowles.LeanCorpus.Benchmarks,MoreLikeThisBenchmarks,LuceneNet_MoreLikeThis_NoBoost,DefaultJob,Default,Default,Default,Default,Default,Default,Default,Default,Default,Default,Default,Default,Default,Default,Default,Default,Default,Default,Default,Default,Default,Default,Default,Default,Default,Default,Default,Default,Default,Default,Default,Default,Default,Default,Default,Default,Default,Default,Default,Default,Default,DefaultJob,DocumentCount=100000,1,Workload,Actual,6,551276973,128,4306851.35,107,3,0,3654961
MoreLikeThisBenchmarks.LuceneNet_MoreLikeThis_NoBoost,Rowles.LeanCorpus.Benchmarks,MoreLikeThisBenchmarks,LuceneNet_MoreLikeThis_NoBoost,DefaultJob,Default,Default,Default,Default,Default,Default,Default,Default,Default,Default,Default,Default,Default,Default,Default,Default,Default,Default,Default,Default,Default,Default,Default,Default,Default,Default,Default,Default,Default,Default,Default,Default,Default,Default,Default,Default,Default,Default,Default,Default,Default,DefaultJob,DocumentCount=100000,1,Workload,Actual,7,534290258,128,4174142.64,107,3,0,3654961
MoreLikeThisBenchmarks.LuceneNet_MoreLikeThis_NoBoost,Rowles.LeanCorpus.Benchmarks,MoreLikeThisBenchmarks,LuceneNet_MoreLikeThis_NoBoost,DefaultJob,Default,Default,Default,Default,Default,Default,Default,Default,Default,Default,Default,Default,Default,Default,Default,Default,Default,Default,Default,Default,Default,Default,Default,Default,Default,Default,Default,Default,Default,Default,Default,Default,Default,Default,Default,Default,Default,Default,Default,Default,Default,DefaultJob,DocumentCount=100000,1,Workload,Actual,8,539297509,128,4213261.79,107,3,0,3654961
MoreLikeThisBenchmarks.LuceneNet_MoreLikeThis_NoBoost,Rowles.LeanCorpus.Benchmarks,MoreLikeThisBenchmarks,LuceneNet_MoreLikeThis_NoBoost,DefaultJob,Default,Default,Default,Default,Default,Default,Default,Default,Default,Default,Default,Default,Default,Default,Default,Default,Default,Default,Default,Default,Default,Default,Default,Default,Default,Default,Default,Default,Default,Default,Default,Default,Default,Default,Default,Default,Default,Default,Default,Default,Default,DefaultJob,DocumentCount=100000,1,Workload,Actual,9,548597034,128,4285914.33,107,3,0,3654961
MoreLikeThisBenchmarks.LuceneNet_MoreLikeThis_NoBoost,Rowles.LeanCorpus.Benchmarks,MoreLikeThisBenchmarks,LuceneNet_MoreLikeThis_NoBoost,DefaultJob,Default,Default,Default,Default,Default,Default,Default,Default,Default,Default,Default,Default,Default,Default,Default,Default,Default,Default,Default,Default,Default,Default,Default,Default,Default,Default,Default,Default,Default,Default,Default,Default,Default,Default,Default,Default,Default,Default,Default,Default,Default,DefaultJob,DocumentCount=100000,1,Workload,Actual,10,554544794,128,4332381.2,107,3,0,3654961
MoreLikeThisBenchmarks.LuceneNet_MoreLikeThis_NoBoost,Rowles.LeanCorpus.Benchmarks,MoreLikeThisBenchmarks,LuceneNet_MoreLikeThis_NoBoost,DefaultJob,Default,Default,Default,Default,Default,Default,Default,Default,Default,Default,Default,Default,Default,Default,Default,Default,Default,Default,Default,Default,Default,Default,Default,Default,Default,Default,Default,Default,Default,Default,Default,Default,Default,Default,Default,Default,Default,Default,Default,Default,Default,DefaultJob,DocumentCount=100000,1,Workload,Actual,11,545522485,128,4261894.41,107,3,0,3654961
MoreLikeThisBenchmarks.LuceneNet_MoreLikeThis_NoBoost,Rowles.LeanCorpus.Benchmarks,MoreLikeThisBenchmarks,LuceneNet_MoreLikeThis_NoBoost,DefaultJob,Default,Default,Default,Default,Default,Default,Default,Default,Default,Default,Default,Default,Default,Default,Default,Default,Default,Default,Default,Default,Default,Default,Default,Default,Default,Default,Default,Default,Default,Default,Default,Default,Default,Default,Default,Default,Default,Default,Default,Default,Default,DefaultJob,DocumentCount=100000,1,Workload,Actual,12,539582964,128,4215491.91,107,3,0,3654961
MoreLikeThisBenchmarks.LuceneNet_MoreLikeThis_NoBoost,Rowles.LeanCorpus.Benchmarks,MoreLikeThisBenchmarks,LuceneNet_MoreLikeThis_NoBoost,DefaultJob,Default,Default,Default,Default,Default,Default,Default,Default,Default,Default,Default,Default,Default,Default,Default,Default,Default,Default,Default,Default,Default,Default,Default,Default,Default,Default,Default,Default,Default,Default,Default,Default,Default,Default,Default,Default,Default,Default,Default,Default,Default,DefaultJob,DocumentCount=100000,1,Workload,Actual,13,547927674,128,4280684.95,107,3,0,3654961
MoreLikeThisBenchmarks.LuceneNet_MoreLikeThis_NoBoost,Rowles.LeanCorpus.Benchmarks,MoreLikeThisBenchmarks,LuceneNet_MoreLikeThis_NoBoost,DefaultJob,Default,Default,Default,Default,Default,Default,Default,Default,Default,Default,Default,Default,Default,Default,Default,Default,Default,Default,Default,Default,Default,Default,Default,Default,Default,Default,Default,Default,Default,Default,Default,Default,Default,Default,Default,Default,Default,Default,Default,Default,Default,DefaultJob,DocumentCount=100000,1,Workload,Actual,14,530141137,128,4141727.63,107,3,0,3654961
MoreLikeThisBenchmarks.LuceneNet_MoreLikeThis_NoBoost,Rowles.LeanCorpus.Benchmarks,MoreLikeThisBenchmarks,LuceneNet_MoreLikeThis_NoBoost,DefaultJob,Default,Default,Default,Default,Default,Default,Default,Default,Default,Default,Default,Default,Default,Default,Default,Default,Default,Default,Default,Default,Default,Default,Default,Default,Default,Default,Default,Default,Default,Default,Default,Default,Default,Default,Default,Default,Default,Default,Default,Default,Default,DefaultJob,DocumentCount=100000,1,Workload,Actual,15,554790886,128,4334303.8,107,3,0,3654961
MoreLikeThisBenchmarks.LuceneNet_MoreLikeThis_NoBoost,Rowles.LeanCorpus.Benchmarks,MoreLikeThisBenchmarks,LuceneNet_MoreLikeThis_NoBoost,DefaultJob,Default,Default,Default,Default,Default,Default,Default,Default,Default,Default,Default,Default,Default,Default,Default,Default,Default,Default,Default,Default,Default,Default,Default,Default,Default,Default,Default,Default,Default,Default,Default,Default,Default,Default,Default,Default,Default,Default,Default,Default,Default,DefaultJob,DocumentCount=100000,1,Workload,Extra,1,548066683,128,4281770.96,107,3,0,3654961
MoreLikeThisBenchmarks.LuceneNet_MoreLikeThis_NoBoost,Rowles.LeanCorpus.Benchmarks,MoreLikeThisBenchmarks,LuceneNet_MoreLikeThis_NoBoost,DefaultJob,Default,Default,Default,Default,Default,Default,Default,Default,Default,Default,Default,Default,Default,Default,Default,Default,Default,Default,Default,Default,Default,Default,Default,Default,Default,Default,Default,Default,Default,Default,Default,Default,Default,Default,Default,Default,Default,Default,Default,Default,Default,DefaultJob,DocumentCount=100000,1,Workload,Result,1,552874290,128,4319330.39,107,3,0,3654961
MoreLikeThisBenchmarks.LuceneNet_MoreLikeThis_NoBoost,Rowles.LeanCorpus.Benchmarks,MoreLikeThisBenchmarks,LuceneNet_MoreLikeThis_NoBoost,DefaultJob,Default,Default,Default,Default,Default,Default,Default,Default,Default,Default,Default,Default,Default,Default,Default,Default,Default,Default,Default,Default,Default,Default,Default,Default,Default,Default,Default,Default,Default,Default,Default,Default,Default,Default,Default,Default,Default,Default,Default,Default,Default,DefaultJob,DocumentCount=100000,1,Workload,Result,2,537953154,128,4202759.02,107,3,0,3654961
MoreLikeThisBenchmarks.LuceneNet_MoreLikeThis_NoBoost,Rowles.LeanCorpus.Benchmarks,MoreLikeThisBenchmarks,LuceneNet_MoreLikeThis_NoBoost,DefaultJob,Default,Default,Default,Default,Default,Default,Default,Default,Default,Default,Default,Default,Default,Default,Default,Default,Default,Default,Default,Default,Default,Default,Default,Default,Default,Default,Default,Default,Default,Default,Default,Default,Default,Default,Default,Default,Default,Default,Default,Default,Default,DefaultJob,DocumentCount=100000,1,Workload,Result,3,542346681,128,4237083.45,107,3,0,3654961
MoreLikeThisBenchmarks.LuceneNet_MoreLikeThis_NoBoost,Rowles.LeanCorpus.Benchmarks,MoreLikeThisBenchmarks,LuceneNet_MoreLikeThis_NoBoost,DefaultJob,Default,Default,Default,Default,Default,Default,Default,Default,Default,Default,Default,Default,Default,Default,Default,Default,Default,Default,Default,Default,Default,Default,Default,Default,Default,Default,Default,Default,Default,Default,Default,Default,Default,Default,Default,Default,Default,Default,Default,Default,Default,DefaultJob,DocumentCount=100000,1,Workload,Result,4,549032410,128,4289315.7,107,3,0,3654961
MoreLikeThisBenchmarks.LuceneNet_MoreLikeThis_NoBoost,Rowles.LeanCorpus.Benchmarks,MoreLikeThisBenchmarks,LuceneNet_MoreLikeThis_NoBoost,DefaultJob,Default,Default,Default,Default,Default,Default,Default,Default,Default,Default,Default,Default,Default,Default,Default,Default,Default,Default,Default,Default,Default,Default,Default,Default,Default,Default,Default,Default,Default,Default,Default,Default,Default,Default,Default,Default,Default,Default,Default,Default,Default,DefaultJob,DocumentCount=100000,1,Workload,Result,5,543136339,128,4243252.65,107,3,0,3654961
MoreLikeThisBenchmarks.LuceneNet_MoreLikeThis_NoBoost,Rowles.LeanCorpus.Benchmarks,MoreLikeThisBenchmarks,LuceneNet_MoreLikeThis_NoBoost,DefaultJob,Default,Default,Default,Default,Default,Default,Default,Default,Default,Default,Default,Default,Default,Default,Default,Default,Default,Default,Default,Default,Default,Default,Default,Default,Default,Default,Default,Default,Default,Default,Default,Default,Default,Default,Default,Default,Default,Default,Default,Default,Default,DefaultJob,DocumentCount=100000,1,Workload,Result,6,551276973,128,4306851.35,107,3,0,3654961
MoreLikeThisBenchmarks.LuceneNet_MoreLikeThis_NoBoost,Rowles.LeanCorpus.Benchmarks,MoreLikeThisBenchmarks,LuceneNet_MoreLikeThis_NoBoost,DefaultJob,Default,Default,Default,Default,Default,Default,Default,Default,Default,Default,Default,Default,Default,Default,Default,Default,Default,Default,Default,Default,Default,Default,Default,Default,Default,Default,Default,Default,Default,Default,Default,Default,Default,Default,Default,Default,Default,Default,Default,Default,Default,DefaultJob,DocumentCount=100000,1,Workload,Result,7,534290258,128,4174142.64,107,3,0,3654961
MoreLikeThisBenchmarks.LuceneNet_MoreLikeThis_NoBoost,Rowles.LeanCorpus.Benchmarks,MoreLikeThisBenchmarks,LuceneNet_MoreLikeThis_NoBoost,DefaultJob,Default,Default,Default,Default,Default,Default,Default,Default,Default,Default,Default,Default,Default,Default,Default,Default,Default,Default,Default,Default,Default,Default,Default,Default,Default,Default,Default,Default,Default,Default,Default,Default,Default,Default,Default,Default,Default,Default,Default,Default,Default,DefaultJob,DocumentCount=100000,1,Workload,Result,8,539297509,128,4213261.79,107,3,0,3654961
MoreLikeThisBenchmarks.LuceneNet_MoreLikeThis_NoBoost,Rowles.LeanCorpus.Benchmarks,MoreLikeThisBenchmarks,LuceneNet_MoreLikeThis_NoBoost,DefaultJob,Default,Default,Default,Default,Default,Default,Default,Default,Default,Default,Default,Default,Default,Default,Default,Default,Default,Default,Default,Default,Default,Default,Default,Default,Default,Default,Default,Default,Default,Default,Default,Default,Default,Default,Default,Default,Default,Default,Default,Default,Default,DefaultJob,DocumentCount=100000,1,Workload,Result,9,548597034,128,4285914.33,107,3,0,3654961
MoreLikeThisBenchmarks.LuceneNet_MoreLikeThis_NoBoost,Rowles.LeanCorpus.Benchmarks,MoreLikeThisBenchmarks,LuceneNet_MoreLikeThis_NoBoost,DefaultJob,Default,Default,Default,Default,Default,Default,Default,Default,Default,Default,Default,Default,Default,Default,Default,Default,Default,Default,Default,Default,Default,Default,Default,Default,Default,Default,Default,Default,Default,Default,Default,Default,Default,Default,Default,Default,Default,Default,Default,Default,Default,DefaultJob,DocumentCount=100000,1,Workload,Result,10,554544794,128,4332381.2,107,3,0,3654961
MoreLikeThisBenchmarks.LuceneNet_MoreLikeThis_NoBoost,Rowles.LeanCorpus.Benchmarks,MoreLikeThisBenchmarks,LuceneNet_MoreLikeThis_NoBoost,DefaultJob,Default,Default,Default,Default,Default,Default,Default,Default,Default,Default,Default,Default,Default,Default,Default,Default,Default,Default,Default,Default,Default,Default,Default,Default,Default,Default,Default,Default,Default,Default,Default,Default,Default,Default,Default,Default,Default,Default,Default,Default,Default,DefaultJob,DocumentCount=100000,1,Workload,Result,11,545522485,128,4261894.41,107,3,0,3654961
MoreLikeThisBenchmarks.LuceneNet_MoreLikeThis_NoBoost,Rowles.LeanCorpus.Benchmarks,MoreLikeThisBenchmarks,LuceneNet_MoreLikeThis_NoBoost,DefaultJob,Default,Default,Default,Default,Default,Default,Default,Default,Default,Default,Default,Default,Default,Default,Default,Default,Default,Default,Default,Default,Default,Default,Default,Default,Default,Default,Default,Default,Default,Default,Default,Default,Default,Default,Default,Default,Default,Default,Default,Default,Default,DefaultJob,DocumentCount=100000,1,Workload,Result,12,539582964,128,4215491.91,107,3,0,3654961
MoreLikeThisBenchmarks.LuceneNet_MoreLikeThis_NoBoost,Rowles.LeanCorpus.Benchmarks,MoreLikeThisBenchmarks,LuceneNet_MoreLikeThis_NoBoost,DefaultJob,Default,Default,Default,Default,Default,Default,Default,Default,Default,Default,Default,Default,Default,Default,Default,Default,Default,Default,Default,Default,Default,Default,Default,Default,Default,Default,Default,Default,Default,Default,Default,Default,Default,Default,Default,Default,Default,Default,Default,Default,Default,DefaultJob,DocumentCount=100000,1,Workload,Result,13,547927674,128,4280684.95,107,3,0,3654961
MoreLikeThisBenchmarks.LuceneNet_MoreLikeThis_NoBoost,Rowles.LeanCorpus.Benchmarks,MoreLikeThisBenchmarks,LuceneNet_MoreLikeThis_NoBoost,DefaultJob,Default,Default,Default,Default,Default,Default,Default,Default,Default,Default,Default,Default,Default,Default,Default,Default,Default,Default,Default,Default,Default,Default,Default,Default,Default,Default,Default,Default,Default,Default,Default,Default,Default,Default,Default,Default,Default,Default,Default,Default,Default,DefaultJob,DocumentCount=100000,1,Workload,Result,14,530141137,128,4141727.63,107,3,0,3654961
MoreLikeThisBenchmarks.LuceneNet_MoreLikeThis_NoBoost,Rowles.LeanCorpus.Benchmarks,MoreLikeThisBenchmarks,LuceneNet_MoreLikeThis_NoBoost,DefaultJob,Default,Default,Default,Default,Default,Default,Default,Default,Default,Default,Default,Default,Default,Default,Default,Default,Default,Default,Default,Default,Default,Default,Default,Default,Default,Default,Default,Default,Default,Default,Default,Default,Default,Default,Default,Default,Default,Default,Default,Default,Default,DefaultJob,DocumentCount=100000,1,Workload,Result,15,554790886,128,4334303.8,107,3,0,3654961
