Target,Target_Namespace,Target_Type,Target_Method,Job_Id,Job_AnalyzeLaunchVariance,Job_EvaluateOverhead,Job_MaxAbsoluteError,Job_MaxRelativeError,Job_MinInvokeCount,Job_MinIterationTime,Job_OutlierMode,Job_Affinity,Job_EnvironmentVariables,Job_Jit,Job_LargeAddressAware,Job_Platform,Job_PowerPlanMode,Job_Runtime,Job_AllowVeryLargeObjects,Job_Concurrent,Job_CpuGroups,Job_Force,Job_HeapAffinitizeMask,Job_HeapCount,Job_NoAffinitize,Job_RetainVm,Job_Server,Job_Arguments,Job_BuildConfiguration,Job_Clock,Job_EngineFactory,Job_Toolchain,Job_IsMutator,Job_InvocationCount,Job_IterationCount,Job_IterationTime,Job_LaunchCount,Job_MaxIterationCount,Job_MaxWarmupIterationCount,Job_MemoryRandomization,Job_MinIterationCount,Job_MinWarmupIterationCount,Job_RunStrategy,Job_UnrollFactor,Job_WarmupCount,Job_Display,Params,Measurement_LaunchIndex,Measurement_IterationMode,Measurement_IterationStage,Measurement_IterationIndex,Measurement_Nanoseconds,Measurement_Operations,Measurement_Value,Gen_0,Gen_1,Gen_2,Allocated_Bytes
BooleanQueryBenchmarks.LeanCorpus_BooleanQuery,Rowles.LeanCorpus.Benchmarks,BooleanQueryBenchmarks,LeanCorpus_BooleanQuery,DefaultJob,Default,Default,Default,Default,Default,Default,Default,Default,Default,Default,Default,Default,Default,Default,Default,Default,Default,Default,Default,Default,Default,Default,Default,Default,Default,Default,Default,Default,Default,Default,Default,Default,Default,Default,Default,Default,Default,Default,Default,Default,Default,DefaultJob,BooleanShape=Must2Common&DocumentCount=100000,1,Workload,Jitting,1,428516334,1,428516334,3,0,0,14593
BooleanQueryBenchmarks.LeanCorpus_BooleanQuery,Rowles.LeanCorpus.Benchmarks,BooleanQueryBenchmarks,LeanCorpus_BooleanQuery,DefaultJob,Default,Default,Default,Default,Default,Default,Default,Default,Default,Default,Default,Default,Default,Default,Default,Default,Default,Default,Default,Default,Default,Default,Default,Default,Default,Default,Default,Default,Default,Default,Default,Default,Default,Default,Default,Default,Default,Default,Default,Default,Default,DefaultJob,BooleanShape=Must2Common&DocumentCount=100000,1,Workload,Jitting,2,29550522,23,1284805.3,3,0,0,14593
BooleanQueryBenchmarks.LeanCorpus_BooleanQuery,Rowles.LeanCorpus.Benchmarks,BooleanQueryBenchmarks,LeanCorpus_BooleanQuery,DefaultJob,Default,Default,Default,Default,Default,Default,Default,Default,Default,Default,Default,Default,Default,Default,Default,Default,Default,Default,Default,Default,Default,Default,Default,Default,Default,Default,Default,Default,Default,Default,Default,Default,Default,Default,Default,Default,Default,Default,Default,Default,Default,DefaultJob,BooleanShape=Must2Common&DocumentCount=100000,1,Workload,Jitting,3,7385844,7,1055120.57,3,0,0,14593
BooleanQueryBenchmarks.LeanCorpus_BooleanQuery,Rowles.LeanCorpus.Benchmarks,BooleanQueryBenchmarks,LeanCorpus_BooleanQuery,DefaultJob,Default,Default,Default,Default,Default,Default,Default,Default,Default,Default,Default,Default,Default,Default,Default,Default,Default,Default,Default,Default,Default,Default,Default,Default,Default,Default,Default,Default,Default,Default,Default,Default,Default,Default,Default,Default,Default,Default,Default,Default,Default,DefaultJob,BooleanShape=Must2Common&DocumentCount=100000,1,Workload,Jitting,4,31495495,30,1049849.83,3,0,0,14593
BooleanQueryBenchmarks.LeanCorpus_BooleanQuery,Rowles.LeanCorpus.Benchmarks,BooleanQueryBenchmarks,LeanCorpus_BooleanQuery,DefaultJob,Default,Default,Default,Default,Default,Default,Default,Default,Default,Default,Default,Default,Default,Default,Default,Default,Default,Default,Default,Default,Default,Default,Default,Default,Default,Default,Default,Default,Default,Default,Default,Default,Default,Default,Default,Default,Default,Default,Default,Default,Default,DefaultJob,BooleanShape=Must2Common&DocumentCount=100000,1,Workload,Jitting,5,32335187,30,1077839.57,3,0,0,14593
BooleanQueryBenchmarks.LeanCorpus_BooleanQuery,Rowles.LeanCorpus.Benchmarks,BooleanQueryBenchmarks,LeanCorpus_BooleanQuery,DefaultJob,Default,Default,Default,Default,Default,Default,Default,Default,Default,Default,Default,Default,Default,Default,Default,Default,Default,Default,Default,Default,Default,Default,Default,Default,Default,Default,Default,Default,Default,Default,Default,Default,Default,Default,Default,Default,Default,Default,Default,Default,Default,DefaultJob,BooleanShape=Must2Common&DocumentCount=100000,1,Workload,Jitting,6,2685194,1,2685194,3,0,0,14593
BooleanQueryBenchmarks.LeanCorpus_BooleanQuery,Rowles.LeanCorpus.Benchmarks,BooleanQueryBenchmarks,LeanCorpus_BooleanQuery,DefaultJob,Default,Default,Default,Default,Default,Default,Default,Default,Default,Default,Default,Default,Default,Default,Default,Default,Default,Default,Default,Default,Default,Default,Default,Default,Default,Default,Default,Default,Default,Default,Default,Default,Default,Default,Default,Default,Default,Default,Default,Default,Default,DefaultJob,BooleanShape=Must2Common&DocumentCount=100000,1,Workload,Pilot,1,795461,1,795461,3,0,0,14593
BooleanQueryBenchmarks.LeanCorpus_BooleanQuery,Rowles.LeanCorpus.Benchmarks,BooleanQueryBenchmarks,LeanCorpus_BooleanQuery,DefaultJob,Default,Default,Default,Default,Default,Default,Default,Default,Default,Default,Default,Default,Default,Default,Default,Default,Default,Default,Default,Default,Default,Default,Default,Default,Default,Default,Default,Default,Default,Default,Default,Default,Default,Default,Default,Default,Default,Default,Default,Default,Default,DefaultJob,BooleanShape=Must2Common&DocumentCount=100000,1,Workload,Pilot,1,20222125,16,1263882.81,3,0,0,14593
BooleanQueryBenchmarks.LeanCorpus_BooleanQuery,Rowles.LeanCorpus.Benchmarks,BooleanQueryBenchmarks,LeanCorpus_BooleanQuery,DefaultJob,Default,Default,Default,Default,Default,Default,Default,Default,Default,Default,Default,Default,Default,Default,Default,Default,Default,Default,Default,Default,Default,Default,Default,Default,Default,Default,Default,Default,Default,Default,Default,Default,Default,Default,Default,Default,Default,Default,Default,Default,Default,DefaultJob,BooleanShape=Must2Common&DocumentCount=100000,1,Workload,Pilot,2,36933949,32,1154185.91,3,0,0,14593
BooleanQueryBenchmarks.LeanCorpus_BooleanQuery,Rowles.LeanCorpus.Benchmarks,BooleanQueryBenchmarks,LeanCorpus_BooleanQuery,DefaultJob,Default,Default,Default,Default,Default,Default,Default,Default,Default,Default,Default,Default,Default,Default,Default,Default,Default,Default,Default,Default,Default,Default,Default,Default,Default,Default,Default,Default,Default,Default,Default,Default,Default,Default,Default,Default,Default,Default,Default,Default,Default,DefaultJob,BooleanShape=Must2Common&DocumentCount=100000,1,Workload,Pilot,3,37508071,64,586063.61,3,0,0,14593
BooleanQueryBenchmarks.LeanCorpus_BooleanQuery,Rowles.LeanCorpus.Benchmarks,BooleanQueryBenchmarks,LeanCorpus_BooleanQuery,DefaultJob,Default,Default,Default,Default,Default,Default,Default,Default,Default,Default,Default,Default,Default,Default,Default,Default,Default,Default,Default,Default,Default,Default,Default,Default,Default,Default,Default,Default,Default,Default,Default,Default,Default,Default,Default,Default,Default,Default,Default,Default,Default,DefaultJob,BooleanShape=Must2Common&DocumentCount=100000,1,Workload,Pilot,4,71831912,128,561186.81,3,0,0,14593
BooleanQueryBenchmarks.LeanCorpus_BooleanQuery,Rowles.LeanCorpus.Benchmarks,BooleanQueryBenchmarks,LeanCorpus_BooleanQuery,DefaultJob,Default,Default,Default,Default,Default,Default,Default,Default,Default,Default,Default,Default,Default,Default,Default,Default,Default,Default,Default,Default,Default,Default,Default,Default,Default,Default,Default,Default,Default,Default,Default,Default,Default,Default,Default,Default,Default,Default,Default,Default,Default,DefaultJob,BooleanShape=Must2Common&DocumentCount=100000,1,Workload,Pilot,5,123735539,256,483341.95,3,0,0,14593
BooleanQueryBenchmarks.LeanCorpus_BooleanQuery,Rowles.LeanCorpus.Benchmarks,BooleanQueryBenchmarks,LeanCorpus_BooleanQuery,DefaultJob,Default,Default,Default,Default,Default,Default,Default,Default,Default,Default,Default,Default,Default,Default,Default,Default,Default,Default,Default,Default,Default,Default,Default,Default,Default,Default,Default,Default,Default,Default,Default,Default,Default,Default,Default,Default,Default,Default,Default,Default,Default,DefaultJob,BooleanShape=Must2Common&DocumentCount=100000,1,Workload,Pilot,6,250218405,512,488707.82,3,0,0,14593
BooleanQueryBenchmarks.LeanCorpus_BooleanQuery,Rowles.LeanCorpus.Benchmarks,BooleanQueryBenchmarks,LeanCorpus_BooleanQuery,DefaultJob,Default,Default,Default,Default,Default,Default,Default,Default,Default,Default,Default,Default,Default,Default,Default,Default,Default,Default,Default,Default,Default,Default,Default,Default,Default,Default,Default,Default,Default,Default,Default,Default,Default,Default,Default,Default,Default,Default,Default,Default,Default,DefaultJob,BooleanShape=Must2Common&DocumentCount=100000,1,Workload,Pilot,7,501488967,1024,489735.32,3,0,0,14593
BooleanQueryBenchmarks.LeanCorpus_BooleanQuery,Rowles.LeanCorpus.Benchmarks,BooleanQueryBenchmarks,LeanCorpus_BooleanQuery,DefaultJob,Default,Default,Default,Default,Default,Default,Default,Default,Default,Default,Default,Default,Default,Default,Default,Default,Default,Default,Default,Default,Default,Default,Default,Default,Default,Default,Default,Default,Default,Default,Default,Default,Default,Default,Default,Default,Default,Default,Default,Default,Default,DefaultJob,BooleanShape=Must2Common&DocumentCount=100000,1,Workload,Warmup,1,523604039,1024,511332.07,3,0,0,14593
BooleanQueryBenchmarks.LeanCorpus_BooleanQuery,Rowles.LeanCorpus.Benchmarks,BooleanQueryBenchmarks,LeanCorpus_BooleanQuery,DefaultJob,Default,Default,Default,Default,Default,Default,Default,Default,Default,Default,Default,Default,Default,Default,Default,Default,Default,Default,Default,Default,Default,Default,Default,Default,Default,Default,Default,Default,Default,Default,Default,Default,Default,Default,Default,Default,Default,Default,Default,Default,Default,DefaultJob,BooleanShape=Must2Common&DocumentCount=100000,1,Workload,Warmup,2,514579711,1024,502519.25,3,0,0,14593
BooleanQueryBenchmarks.LeanCorpus_BooleanQuery,Rowles.LeanCorpus.Benchmarks,BooleanQueryBenchmarks,LeanCorpus_BooleanQuery,DefaultJob,Default,Default,Default,Default,Default,Default,Default,Default,Default,Default,Default,Default,Default,Default,Default,Default,Default,Default,Default,Default,Default,Default,Default,Default,Default,Default,Default,Default,Default,Default,Default,Default,Default,Default,Default,Default,Default,Default,Default,Default,Default,DefaultJob,BooleanShape=Must2Common&DocumentCount=100000,1,Workload,Warmup,3,511314993,1024,499331.05,3,0,0,14593
BooleanQueryBenchmarks.LeanCorpus_BooleanQuery,Rowles.LeanCorpus.Benchmarks,BooleanQueryBenchmarks,LeanCorpus_BooleanQuery,DefaultJob,Default,Default,Default,Default,Default,Default,Default,Default,Default,Default,Default,Default,Default,Default,Default,Default,Default,Default,Default,Default,Default,Default,Default,Default,Default,Default,Default,Default,Default,Default,Default,Default,Default,Default,Default,Default,Default,Default,Default,Default,Default,DefaultJob,BooleanShape=Must2Common&DocumentCount=100000,1,Workload,Warmup,4,502394771,1024,490619.89,3,0,0,14593
BooleanQueryBenchmarks.LeanCorpus_BooleanQuery,Rowles.LeanCorpus.Benchmarks,BooleanQueryBenchmarks,LeanCorpus_BooleanQuery,DefaultJob,Default,Default,Default,Default,Default,Default,Default,Default,Default,Default,Default,Default,Default,Default,Default,Default,Default,Default,Default,Default,Default,Default,Default,Default,Default,Default,Default,Default,Default,Default,Default,Default,Default,Default,Default,Default,Default,Default,Default,Default,Default,DefaultJob,BooleanShape=Must2Common&DocumentCount=100000,1,Workload,Warmup,5,496996828,1024,485348.46,3,0,0,14593
BooleanQueryBenchmarks.LeanCorpus_BooleanQuery,Rowles.LeanCorpus.Benchmarks,BooleanQueryBenchmarks,LeanCorpus_BooleanQuery,DefaultJob,Default,Default,Default,Default,Default,Default,Default,Default,Default,Default,Default,Default,Default,Default,Default,Default,Default,Default,Default,Default,Default,Default,Default,Default,Default,Default,Default,Default,Default,Default,Default,Default,Default,Default,Default,Default,Default,Default,Default,Default,Default,DefaultJob,BooleanShape=Must2Common&DocumentCount=100000,1,Workload,Warmup,6,493724341,1024,482152.68,3,0,0,14593
BooleanQueryBenchmarks.LeanCorpus_BooleanQuery,Rowles.LeanCorpus.Benchmarks,BooleanQueryBenchmarks,LeanCorpus_BooleanQuery,DefaultJob,Default,Default,Default,Default,Default,Default,Default,Default,Default,Default,Default,Default,Default,Default,Default,Default,Default,Default,Default,Default,Default,Default,Default,Default,Default,Default,Default,Default,Default,Default,Default,Default,Default,Default,Default,Default,Default,Default,Default,Default,Default,DefaultJob,BooleanShape=Must2Common&DocumentCount=100000,1,Workload,Warmup,7,495838391,1024,484217.18,3,0,0,14593
BooleanQueryBenchmarks.LeanCorpus_BooleanQuery,Rowles.LeanCorpus.Benchmarks,BooleanQueryBenchmarks,LeanCorpus_BooleanQuery,DefaultJob,Default,Default,Default,Default,Default,Default,Default,Default,Default,Default,Default,Default,Default,Default,Default,Default,Default,Default,Default,Default,Default,Default,Default,Default,Default,Default,Default,Default,Default,Default,Default,Default,Default,Default,Default,Default,Default,Default,Default,Default,Default,DefaultJob,BooleanShape=Must2Common&DocumentCount=100000,1,Workload,Warmup,8,504457404,1024,492634.18,3,0,0,14593
BooleanQueryBenchmarks.LeanCorpus_BooleanQuery,Rowles.LeanCorpus.Benchmarks,BooleanQueryBenchmarks,LeanCorpus_BooleanQuery,DefaultJob,Default,Default,Default,Default,Default,Default,Default,Default,Default,Default,Default,Default,Default,Default,Default,Default,Default,Default,Default,Default,Default,Default,Default,Default,Default,Default,Default,Default,Default,Default,Default,Default,Default,Default,Default,Default,Default,Default,Default,Default,Default,DefaultJob,BooleanShape=Must2Common&DocumentCount=100000,1,Workload,Warmup,9,507749433,1024,495849.06,3,0,0,14593
BooleanQueryBenchmarks.LeanCorpus_BooleanQuery,Rowles.LeanCorpus.Benchmarks,BooleanQueryBenchmarks,LeanCorpus_BooleanQuery,DefaultJob,Default,Default,Default,Default,Default,Default,Default,Default,Default,Default,Default,Default,Default,Default,Default,Default,Default,Default,Default,Default,Default,Default,Default,Default,Default,Default,Default,Default,Default,Default,Default,Default,Default,Default,Default,Default,Default,Default,Default,Default,Default,DefaultJob,BooleanShape=Must2Common&DocumentCount=100000,1,Workload,Warmup,10,502826044,1024,491041.06,3,0,0,14593
BooleanQueryBenchmarks.LeanCorpus_BooleanQuery,Rowles.LeanCorpus.Benchmarks,BooleanQueryBenchmarks,LeanCorpus_BooleanQuery,DefaultJob,Default,Default,Default,Default,Default,Default,Default,Default,Default,Default,Default,Default,Default,Default,Default,Default,Default,Default,Default,Default,Default,Default,Default,Default,Default,Default,Default,Default,Default,Default,Default,Default,Default,Default,Default,Default,Default,Default,Default,Default,Default,DefaultJob,BooleanShape=Must2Common&DocumentCount=100000,1,Workload,Warmup,11,509565396,1024,497622.46,3,0,0,14593
BooleanQueryBenchmarks.LeanCorpus_BooleanQuery,Rowles.LeanCorpus.Benchmarks,BooleanQueryBenchmarks,LeanCorpus_BooleanQuery,DefaultJob,Default,Default,Default,Default,Default,Default,Default,Default,Default,Default,Default,Default,Default,Default,Default,Default,Default,Default,Default,Default,Default,Default,Default,Default,Default,Default,Default,Default,Default,Default,Default,Default,Default,Default,Default,Default,Default,Default,Default,Default,Default,DefaultJob,BooleanShape=Must2Common&DocumentCount=100000,1,Workload,Warmup,12,488206798,1024,476764.45,3,0,0,14593
BooleanQueryBenchmarks.LeanCorpus_BooleanQuery,Rowles.LeanCorpus.Benchmarks,BooleanQueryBenchmarks,LeanCorpus_BooleanQuery,DefaultJob,Default,Default,Default,Default,Default,Default,Default,Default,Default,Default,Default,Default,Default,Default,Default,Default,Default,Default,Default,Default,Default,Default,Default,Default,Default,Default,Default,Default,Default,Default,Default,Default,Default,Default,Default,Default,Default,Default,Default,Default,Default,DefaultJob,BooleanShape=Must2Common&DocumentCount=100000,1,Workload,Actual,1,496400332,1024,484765.95,3,0,0,14593
BooleanQueryBenchmarks.LeanCorpus_BooleanQuery,Rowles.LeanCorpus.Benchmarks,BooleanQueryBenchmarks,LeanCorpus_BooleanQuery,DefaultJob,Default,Default,Default,Default,Default,Default,Default,Default,Default,Default,Default,Default,Default,Default,Default,Default,Default,Default,Default,Default,Default,Default,Default,Default,Default,Default,Default,Default,Default,Default,Default,Default,Default,Default,Default,Default,Default,Default,Default,Default,Default,DefaultJob,BooleanShape=Must2Common&DocumentCount=100000,1,Workload,Actual,2,505351548,1024,493507.37,3,0,0,14593
BooleanQueryBenchmarks.LeanCorpus_BooleanQuery,Rowles.LeanCorpus.Benchmarks,BooleanQueryBenchmarks,LeanCorpus_BooleanQuery,DefaultJob,Default,Default,Default,Default,Default,Default,Default,Default,Default,Default,Default,Default,Default,Default,Default,Default,Default,Default,Default,Default,Default,Default,Default,Default,Default,Default,Default,Default,Default,Default,Default,Default,Default,Default,Default,Default,Default,Default,Default,Default,Default,DefaultJob,BooleanShape=Must2Common&DocumentCount=100000,1,Workload,Actual,3,498041180,1024,486368.34,3,0,0,14593
BooleanQueryBenchmarks.LeanCorpus_BooleanQuery,Rowles.LeanCorpus.Benchmarks,BooleanQueryBenchmarks,LeanCorpus_BooleanQuery,DefaultJob,Default,Default,Default,Default,Default,Default,Default,Default,Default,Default,Default,Default,Default,Default,Default,Default,Default,Default,Default,Default,Default,Default,Default,Default,Default,Default,Default,Default,Default,Default,Default,Default,Default,Default,Default,Default,Default,Default,Default,Default,Default,DefaultJob,BooleanShape=Must2Common&DocumentCount=100000,1,Workload,Actual,4,504329938,1024,492509.71,3,0,0,14593
BooleanQueryBenchmarks.LeanCorpus_BooleanQuery,Rowles.LeanCorpus.Benchmarks,BooleanQueryBenchmarks,LeanCorpus_BooleanQuery,DefaultJob,Default,Default,Default,Default,Default,Default,Default,Default,Default,Default,Default,Default,Default,Default,Default,Default,Default,Default,Default,Default,Default,Default,Default,Default,Default,Default,Default,Default,Default,Default,Default,Default,Default,Default,Default,Default,Default,Default,Default,Default,Default,DefaultJob,BooleanShape=Must2Common&DocumentCount=100000,1,Workload,Actual,5,498082533,1024,486408.72,3,0,0,14593
BooleanQueryBenchmarks.LeanCorpus_BooleanQuery,Rowles.LeanCorpus.Benchmarks,BooleanQueryBenchmarks,LeanCorpus_BooleanQuery,DefaultJob,Default,Default,Default,Default,Default,Default,Default,Default,Default,Default,Default,Default,Default,Default,Default,Default,Default,Default,Default,Default,Default,Default,Default,Default,Default,Default,Default,Default,Default,Default,Default,Default,Default,Default,Default,Default,Default,Default,Default,Default,Default,DefaultJob,BooleanShape=Must2Common&DocumentCount=100000,1,Workload,Actual,6,508832890,1024,496907.12,3,0,0,14593
BooleanQueryBenchmarks.LeanCorpus_BooleanQuery,Rowles.LeanCorpus.Benchmarks,BooleanQueryBenchmarks,LeanCorpus_BooleanQuery,DefaultJob,Default,Default,Default,Default,Default,Default,Default,Default,Default,Default,Default,Default,Default,Default,Default,Default,Default,Default,Default,Default,Default,Default,Default,Default,Default,Default,Default,Default,Default,Default,Default,Default,Default,Default,Default,Default,Default,Default,Default,Default,Default,DefaultJob,BooleanShape=Must2Common&DocumentCount=100000,1,Workload,Actual,7,504110781,1024,492295.68,3,0,0,14593
BooleanQueryBenchmarks.LeanCorpus_BooleanQuery,Rowles.LeanCorpus.Benchmarks,BooleanQueryBenchmarks,LeanCorpus_BooleanQuery,DefaultJob,Default,Default,Default,Default,Default,Default,Default,Default,Default,Default,Default,Default,Default,Default,Default,Default,Default,Default,Default,Default,Default,Default,Default,Default,Default,Default,Default,Default,Default,Default,Default,Default,Default,Default,Default,Default,Default,Default,Default,Default,Default,DefaultJob,BooleanShape=Must2Common&DocumentCount=100000,1,Workload,Actual,8,503761025,1024,491954.13,3,0,0,14593
BooleanQueryBenchmarks.LeanCorpus_BooleanQuery,Rowles.LeanCorpus.Benchmarks,BooleanQueryBenchmarks,LeanCorpus_BooleanQuery,DefaultJob,Default,Default,Default,Default,Default,Default,Default,Default,Default,Default,Default,Default,Default,Default,Default,Default,Default,Default,Default,Default,Default,Default,Default,Default,Default,Default,Default,Default,Default,Default,Default,Default,Default,Default,Default,Default,Default,Default,Default,Default,Default,DefaultJob,BooleanShape=Must2Common&DocumentCount=100000,1,Workload,Actual,9,487641007,1024,476211.92,3,0,0,14593
BooleanQueryBenchmarks.LeanCorpus_BooleanQuery,Rowles.LeanCorpus.Benchmarks,BooleanQueryBenchmarks,LeanCorpus_BooleanQuery,DefaultJob,Default,Default,Default,Default,Default,Default,Default,Default,Default,Default,Default,Default,Default,Default,Default,Default,Default,Default,Default,Default,Default,Default,Default,Default,Default,Default,Default,Default,Default,Default,Default,Default,Default,Default,Default,Default,Default,Default,Default,Default,Default,DefaultJob,BooleanShape=Must2Common&DocumentCount=100000,1,Workload,Actual,10,500637549,1024,488903.86,3,0,0,14593
BooleanQueryBenchmarks.LeanCorpus_BooleanQuery,Rowles.LeanCorpus.Benchmarks,BooleanQueryBenchmarks,LeanCorpus_BooleanQuery,DefaultJob,Default,Default,Default,Default,Default,Default,Default,Default,Default,Default,Default,Default,Default,Default,Default,Default,Default,Default,Default,Default,Default,Default,Default,Default,Default,Default,Default,Default,Default,Default,Default,Default,Default,Default,Default,Default,Default,Default,Default,Default,Default,DefaultJob,BooleanShape=Must2Common&DocumentCount=100000,1,Workload,Actual,11,509452166,1024,497511.88,3,0,0,14593
BooleanQueryBenchmarks.LeanCorpus_BooleanQuery,Rowles.LeanCorpus.Benchmarks,BooleanQueryBenchmarks,LeanCorpus_BooleanQuery,DefaultJob,Default,Default,Default,Default,Default,Default,Default,Default,Default,Default,Default,Default,Default,Default,Default,Default,Default,Default,Default,Default,Default,Default,Default,Default,Default,Default,Default,Default,Default,Default,Default,Default,Default,Default,Default,Default,Default,Default,Default,Default,Default,DefaultJob,BooleanShape=Must2Common&DocumentCount=100000,1,Workload,Actual,12,502502477,1024,490725.08,3,0,0,14593
BooleanQueryBenchmarks.LeanCorpus_BooleanQuery,Rowles.LeanCorpus.Benchmarks,BooleanQueryBenchmarks,LeanCorpus_BooleanQuery,DefaultJob,Default,Default,Default,Default,Default,Default,Default,Default,Default,Default,Default,Default,Default,Default,Default,Default,Default,Default,Default,Default,Default,Default,Default,Default,Default,Default,Default,Default,Default,Default,Default,Default,Default,Default,Default,Default,Default,Default,Default,Default,Default,DefaultJob,BooleanShape=Must2Common&DocumentCount=100000,1,Workload,Actual,13,499121059,1024,487422.91,3,0,0,14593
BooleanQueryBenchmarks.LeanCorpus_BooleanQuery,Rowles.LeanCorpus.Benchmarks,BooleanQueryBenchmarks,LeanCorpus_BooleanQuery,DefaultJob,Default,Default,Default,Default,Default,Default,Default,Default,Default,Default,Default,Default,Default,Default,Default,Default,Default,Default,Default,Default,Default,Default,Default,Default,Default,Default,Default,Default,Default,Default,Default,Default,Default,Default,Default,Default,Default,Default,Default,Default,Default,DefaultJob,BooleanShape=Must2Common&DocumentCount=100000,1,Workload,Actual,14,496312722,1024,484680.39,3,0,0,14593
BooleanQueryBenchmarks.LeanCorpus_BooleanQuery,Rowles.LeanCorpus.Benchmarks,BooleanQueryBenchmarks,LeanCorpus_BooleanQuery,DefaultJob,Default,Default,Default,Default,Default,Default,Default,Default,Default,Default,Default,Default,Default,Default,Default,Default,Default,Default,Default,Default,Default,Default,Default,Default,Default,Default,Default,Default,Default,Default,Default,Default,Default,Default,Default,Default,Default,Default,Default,Default,Default,DefaultJob,BooleanShape=Must2Common&DocumentCount=100000,1,Workload,Actual,15,506014891,1024,494155.17,3,0,0,14593
BooleanQueryBenchmarks.LeanCorpus_BooleanQuery,Rowles.LeanCorpus.Benchmarks,BooleanQueryBenchmarks,LeanCorpus_BooleanQuery,DefaultJob,Default,Default,Default,Default,Default,Default,Default,Default,Default,Default,Default,Default,Default,Default,Default,Default,Default,Default,Default,Default,Default,Default,Default,Default,Default,Default,Default,Default,Default,Default,Default,Default,Default,Default,Default,Default,Default,Default,Default,Default,Default,DefaultJob,BooleanShape=Must2Common&DocumentCount=100000,1,Workload,Extra,1,495382195,1024,483771.67,3,0,0,14593
BooleanQueryBenchmarks.LeanCorpus_BooleanQuery,Rowles.LeanCorpus.Benchmarks,BooleanQueryBenchmarks,LeanCorpus_BooleanQuery,DefaultJob,Default,Default,Default,Default,Default,Default,Default,Default,Default,Default,Default,Default,Default,Default,Default,Default,Default,Default,Default,Default,Default,Default,Default,Default,Default,Default,Default,Default,Default,Default,Default,Default,Default,Default,Default,Default,Default,Default,Default,Default,Default,DefaultJob,BooleanShape=Must2Common&DocumentCount=100000,1,Workload,Result,1,496400332,1024,484765.95,3,0,0,14593
BooleanQueryBenchmarks.LeanCorpus_BooleanQuery,Rowles.LeanCorpus.Benchmarks,BooleanQueryBenchmarks,LeanCorpus_BooleanQuery,DefaultJob,Default,Default,Default,Default,Default,Default,Default,Default,Default,Default,Default,Default,Default,Default,Default,Default,Default,Default,Default,Default,Default,Default,Default,Default,Default,Default,Default,Default,Default,Default,Default,Default,Default,Default,Default,Default,Default,Default,Default,Default,Default,DefaultJob,BooleanShape=Must2Common&DocumentCount=100000,1,Workload,Result,2,505351548,1024,493507.37,3,0,0,14593
BooleanQueryBenchmarks.LeanCorpus_BooleanQuery,Rowles.LeanCorpus.Benchmarks,BooleanQueryBenchmarks,LeanCorpus_BooleanQuery,DefaultJob,Default,Default,Default,Default,Default,Default,Default,Default,Default,Default,Default,Default,Default,Default,Default,Default,Default,Default,Default,Default,Default,Default,Default,Default,Default,Default,Default,Default,Default,Default,Default,Default,Default,Default,Default,Default,Default,Default,Default,Default,Default,DefaultJob,BooleanShape=Must2Common&DocumentCount=100000,1,Workload,Result,3,498041180,1024,486368.34,3,0,0,14593
BooleanQueryBenchmarks.LeanCorpus_BooleanQuery,Rowles.LeanCorpus.Benchmarks,BooleanQueryBenchmarks,LeanCorpus_BooleanQuery,DefaultJob,Default,Default,Default,Default,Default,Default,Default,Default,Default,Default,Default,Default,Default,Default,Default,Default,Default,Default,Default,Default,Default,Default,Default,Default,Default,Default,Default,Default,Default,Default,Default,Default,Default,Default,Default,Default,Default,Default,Default,Default,Default,DefaultJob,BooleanShape=Must2Common&DocumentCount=100000,1,Workload,Result,4,504329938,1024,492509.71,3,0,0,14593
BooleanQueryBenchmarks.LeanCorpus_BooleanQuery,Rowles.LeanCorpus.Benchmarks,BooleanQueryBenchmarks,LeanCorpus_BooleanQuery,DefaultJob,Default,Default,Default,Default,Default,Default,Default,Default,Default,Default,Default,Default,Default,Default,Default,Default,Default,Default,Default,Default,Default,Default,Default,Default,Default,Default,Default,Default,Default,Default,Default,Default,Default,Default,Default,Default,Default,Default,Default,Default,Default,DefaultJob,BooleanShape=Must2Common&DocumentCount=100000,1,Workload,Result,5,498082533,1024,486408.72,3,0,0,14593
BooleanQueryBenchmarks.LeanCorpus_BooleanQuery,Rowles.LeanCorpus.Benchmarks,BooleanQueryBenchmarks,LeanCorpus_BooleanQuery,DefaultJob,Default,Default,Default,Default,Default,Default,Default,Default,Default,Default,Default,Default,Default,Default,Default,Default,Default,Default,Default,Default,Default,Default,Default,Default,Default,Default,Default,Default,Default,Default,Default,Default,Default,Default,Default,Default,Default,Default,Default,Default,Default,DefaultJob,BooleanShape=Must2Common&DocumentCount=100000,1,Workload,Result,6,508832890,1024,496907.12,3,0,0,14593
BooleanQueryBenchmarks.LeanCorpus_BooleanQuery,Rowles.LeanCorpus.Benchmarks,BooleanQueryBenchmarks,LeanCorpus_BooleanQuery,DefaultJob,Default,Default,Default,Default,Default,Default,Default,Default,Default,Default,Default,Default,Default,Default,Default,Default,Default,Default,Default,Default,Default,Default,Default,Default,Default,Default,Default,Default,Default,Default,Default,Default,Default,Default,Default,Default,Default,Default,Default,Default,Default,DefaultJob,BooleanShape=Must2Common&DocumentCount=100000,1,Workload,Result,7,504110781,1024,492295.68,3,0,0,14593
BooleanQueryBenchmarks.LeanCorpus_BooleanQuery,Rowles.LeanCorpus.Benchmarks,BooleanQueryBenchmarks,LeanCorpus_BooleanQuery,DefaultJob,Default,Default,Default,Default,Default,Default,Default,Default,Default,Default,Default,Default,Default,Default,Default,Default,Default,Default,Default,Default,Default,Default,Default,Default,Default,Default,Default,Default,Default,Default,Default,Default,Default,Default,Default,Default,Default,Default,Default,Default,Default,DefaultJob,BooleanShape=Must2Common&DocumentCount=100000,1,Workload,Result,8,503761025,1024,491954.13,3,0,0,14593
BooleanQueryBenchmarks.LeanCorpus_BooleanQuery,Rowles.LeanCorpus.Benchmarks,BooleanQueryBenchmarks,LeanCorpus_BooleanQuery,DefaultJob,Default,Default,Default,Default,Default,Default,Default,Default,Default,Default,Default,Default,Default,Default,Default,Default,Default,Default,Default,Default,Default,Default,Default,Default,Default,Default,Default,Default,Default,Default,Default,Default,Default,Default,Default,Default,Default,Default,Default,Default,Default,DefaultJob,BooleanShape=Must2Common&DocumentCount=100000,1,Workload,Result,9,487641007,1024,476211.92,3,0,0,14593
BooleanQueryBenchmarks.LeanCorpus_BooleanQuery,Rowles.LeanCorpus.Benchmarks,BooleanQueryBenchmarks,LeanCorpus_BooleanQuery,DefaultJob,Default,Default,Default,Default,Default,Default,Default,Default,Default,Default,Default,Default,Default,Default,Default,Default,Default,Default,Default,Default,Default,Default,Default,Default,Default,Default,Default,Default,Default,Default,Default,Default,Default,Default,Default,Default,Default,Default,Default,Default,Default,DefaultJob,BooleanShape=Must2Common&DocumentCount=100000,1,Workload,Result,10,500637549,1024,488903.86,3,0,0,14593
BooleanQueryBenchmarks.LeanCorpus_BooleanQuery,Rowles.LeanCorpus.Benchmarks,BooleanQueryBenchmarks,LeanCorpus_BooleanQuery,DefaultJob,Default,Default,Default,Default,Default,Default,Default,Default,Default,Default,Default,Default,Default,Default,Default,Default,Default,Default,Default,Default,Default,Default,Default,Default,Default,Default,Default,Default,Default,Default,Default,Default,Default,Default,Default,Default,Default,Default,Default,Default,Default,DefaultJob,BooleanShape=Must2Common&DocumentCount=100000,1,Workload,Result,11,509452166,1024,497511.88,3,0,0,14593
BooleanQueryBenchmarks.LeanCorpus_BooleanQuery,Rowles.LeanCorpus.Benchmarks,BooleanQueryBenchmarks,LeanCorpus_BooleanQuery,DefaultJob,Default,Default,Default,Default,Default,Default,Default,Default,Default,Default,Default,Default,Default,Default,Default,Default,Default,Default,Default,Default,Default,Default,Default,Default,Default,Default,Default,Default,Default,Default,Default,Default,Default,Default,Default,Default,Default,Default,Default,Default,Default,DefaultJob,BooleanShape=Must2Common&DocumentCount=100000,1,Workload,Result,12,502502477,1024,490725.08,3,0,0,14593
BooleanQueryBenchmarks.LeanCorpus_BooleanQuery,Rowles.LeanCorpus.Benchmarks,BooleanQueryBenchmarks,LeanCorpus_BooleanQuery,DefaultJob,Default,Default,Default,Default,Default,Default,Default,Default,Default,Default,Default,Default,Default,Default,Default,Default,Default,Default,Default,Default,Default,Default,Default,Default,Default,Default,Default,Default,Default,Default,Default,Default,Default,Default,Default,Default,Default,Default,Default,Default,Default,DefaultJob,BooleanShape=Must2Common&DocumentCount=100000,1,Workload,Result,13,499121059,1024,487422.91,3,0,0,14593
BooleanQueryBenchmarks.LeanCorpus_BooleanQuery,Rowles.LeanCorpus.Benchmarks,BooleanQueryBenchmarks,LeanCorpus_BooleanQuery,DefaultJob,Default,Default,Default,Default,Default,Default,Default,Default,Default,Default,Default,Default,Default,Default,Default,Default,Default,Default,Default,Default,Default,Default,Default,Default,Default,Default,Default,Default,Default,Default,Default,Default,Default,Default,Default,Default,Default,Default,Default,Default,Default,DefaultJob,BooleanShape=Must2Common&DocumentCount=100000,1,Workload,Result,14,496312722,1024,484680.39,3,0,0,14593
BooleanQueryBenchmarks.LeanCorpus_BooleanQuery,Rowles.LeanCorpus.Benchmarks,BooleanQueryBenchmarks,LeanCorpus_BooleanQuery,DefaultJob,Default,Default,Default,Default,Default,Default,Default,Default,Default,Default,Default,Default,Default,Default,Default,Default,Default,Default,Default,Default,Default,Default,Default,Default,Default,Default,Default,Default,Default,Default,Default,Default,Default,Default,Default,Default,Default,Default,Default,Default,Default,DefaultJob,BooleanShape=Must2Common&DocumentCount=100000,1,Workload,Result,15,506014891,1024,494155.17,3,0,0,14593
BooleanQueryBenchmarks.LuceneNet_BooleanQuery,Rowles.LeanCorpus.Benchmarks,BooleanQueryBenchmarks,LuceneNet_BooleanQuery,DefaultJob,Default,Default,Default,Default,Default,Default,Default,Default,Default,Default,Default,Default,Default,Default,Default,Default,Default,Default,Default,Default,Default,Default,Default,Default,Default,Default,Default,Default,Default,Default,Default,Default,Default,Default,Default,Default,Default,Default,Default,Default,Default,DefaultJob,BooleanShape=Must2Common&DocumentCount=100000,1,Workload,Jitting,1,186421012,1,186421012,29,1,0,120344
BooleanQueryBenchmarks.LuceneNet_BooleanQuery,Rowles.LeanCorpus.Benchmarks,BooleanQueryBenchmarks,LuceneNet_BooleanQuery,DefaultJob,Default,Default,Default,Default,Default,Default,Default,Default,Default,Default,Default,Default,Default,Default,Default,Default,Default,Default,Default,Default,Default,Default,Default,Default,Default,Default,Default,Default,Default,Default,Default,Default,Default,Default,Default,Default,Default,Default,Default,Default,Default,DefaultJob,BooleanShape=Must2Common&DocumentCount=100000,1,Workload,Jitting,2,33011035,30,1100367.83,29,1,0,120344
BooleanQueryBenchmarks.LuceneNet_BooleanQuery,Rowles.LeanCorpus.Benchmarks,BooleanQueryBenchmarks,LuceneNet_BooleanQuery,DefaultJob,Default,Default,Default,Default,Default,Default,Default,Default,Default,Default,Default,Default,Default,Default,Default,Default,Default,Default,Default,Default,Default,Default,Default,Default,Default,Default,Default,Default,Default,Default,Default,Default,Default,Default,Default,Default,Default,Default,Default,Default,Default,DefaultJob,BooleanShape=Must2Common&DocumentCount=100000,1,Workload,Jitting,3,27938529,30,931284.3,29,1,0,120344
BooleanQueryBenchmarks.LuceneNet_BooleanQuery,Rowles.LeanCorpus.Benchmarks,BooleanQueryBenchmarks,LuceneNet_BooleanQuery,DefaultJob,Default,Default,Default,Default,Default,Default,Default,Default,Default,Default,Default,Default,Default,Default,Default,Default,Default,Default,Default,Default,Default,Default,Default,Default,Default,Default,Default,Default,Default,Default,Default,Default,Default,Default,Default,Default,Default,Default,Default,Default,Default,DefaultJob,BooleanShape=Must2Common&DocumentCount=100000,1,Workload,Jitting,4,27065606,30,902186.87,29,1,0,120344
BooleanQueryBenchmarks.LuceneNet_BooleanQuery,Rowles.LeanCorpus.Benchmarks,BooleanQueryBenchmarks,LuceneNet_BooleanQuery,DefaultJob,Default,Default,Default,Default,Default,Default,Default,Default,Default,Default,Default,Default,Default,Default,Default,Default,Default,Default,Default,Default,Default,Default,Default,Default,Default,Default,Default,Default,Default,Default,Default,Default,Default,Default,Default,Default,Default,Default,Default,Default,Default,DefaultJob,BooleanShape=Must2Common&DocumentCount=100000,1,Workload,Jitting,5,847180,1,847180,29,1,0,120344
BooleanQueryBenchmarks.LuceneNet_BooleanQuery,Rowles.LeanCorpus.Benchmarks,BooleanQueryBenchmarks,LuceneNet_BooleanQuery,DefaultJob,Default,Default,Default,Default,Default,Default,Default,Default,Default,Default,Default,Default,Default,Default,Default,Default,Default,Default,Default,Default,Default,Default,Default,Default,Default,Default,Default,Default,Default,Default,Default,Default,Default,Default,Default,Default,Default,Default,Default,Default,Default,DefaultJob,BooleanShape=Must2Common&DocumentCount=100000,1,Workload,Pilot,1,817949,1,817949,29,1,0,120344
BooleanQueryBenchmarks.LuceneNet_BooleanQuery,Rowles.LeanCorpus.Benchmarks,BooleanQueryBenchmarks,LuceneNet_BooleanQuery,DefaultJob,Default,Default,Default,Default,Default,Default,Default,Default,Default,Default,Default,Default,Default,Default,Default,Default,Default,Default,Default,Default,Default,Default,Default,Default,Default,Default,Default,Default,Default,Default,Default,Default,Default,Default,Default,Default,Default,Default,Default,Default,Default,DefaultJob,BooleanShape=Must2Common&DocumentCount=100000,1,Workload,Pilot,1,20545980,16,1284123.75,29,1,0,120344
BooleanQueryBenchmarks.LuceneNet_BooleanQuery,Rowles.LeanCorpus.Benchmarks,BooleanQueryBenchmarks,LuceneNet_BooleanQuery,DefaultJob,Default,Default,Default,Default,Default,Default,Default,Default,Default,Default,Default,Default,Default,Default,Default,Default,Default,Default,Default,Default,Default,Default,Default,Default,Default,Default,Default,Default,Default,Default,Default,Default,Default,Default,Default,Default,Default,Default,Default,Default,Default,DefaultJob,BooleanShape=Must2Common&DocumentCount=100000,1,Workload,Pilot,2,33445500,32,1045171.88,29,1,0,120344
BooleanQueryBenchmarks.LuceneNet_BooleanQuery,Rowles.LeanCorpus.Benchmarks,BooleanQueryBenchmarks,LuceneNet_BooleanQuery,DefaultJob,Default,Default,Default,Default,Default,Default,Default,Default,Default,Default,Default,Default,Default,Default,Default,Default,Default,Default,Default,Default,Default,Default,Default,Default,Default,Default,Default,Default,Default,Default,Default,Default,Default,Default,Default,Default,Default,Default,Default,Default,Default,DefaultJob,BooleanShape=Must2Common&DocumentCount=100000,1,Workload,Pilot,3,45729591,64,714524.86,29,1,0,120344
BooleanQueryBenchmarks.LuceneNet_BooleanQuery,Rowles.LeanCorpus.Benchmarks,BooleanQueryBenchmarks,LuceneNet_BooleanQuery,DefaultJob,Default,Default,Default,Default,Default,Default,Default,Default,Default,Default,Default,Default,Default,Default,Default,Default,Default,Default,Default,Default,Default,Default,Default,Default,Default,Default,Default,Default,Default,Default,Default,Default,Default,Default,Default,Default,Default,Default,Default,Default,Default,DefaultJob,BooleanShape=Must2Common&DocumentCount=100000,1,Workload,Pilot,4,73859391,128,577026.49,29,1,0,120344
BooleanQueryBenchmarks.LuceneNet_BooleanQuery,Rowles.LeanCorpus.Benchmarks,BooleanQueryBenchmarks,LuceneNet_BooleanQuery,DefaultJob,Default,Default,Default,Default,Default,Default,Default,Default,Default,Default,Default,Default,Default,Default,Default,Default,Default,Default,Default,Default,Default,Default,Default,Default,Default,Default,Default,Default,Default,Default,Default,Default,Default,Default,Default,Default,Default,Default,Default,Default,Default,DefaultJob,BooleanShape=Must2Common&DocumentCount=100000,1,Workload,Pilot,5,147201875,256,575007.32,29,1,0,120344
BooleanQueryBenchmarks.LuceneNet_BooleanQuery,Rowles.LeanCorpus.Benchmarks,BooleanQueryBenchmarks,LuceneNet_BooleanQuery,DefaultJob,Default,Default,Default,Default,Default,Default,Default,Default,Default,Default,Default,Default,Default,Default,Default,Default,Default,Default,Default,Default,Default,Default,Default,Default,Default,Default,Default,Default,Default,Default,Default,Default,Default,Default,Default,Default,Default,Default,Default,Default,Default,DefaultJob,BooleanShape=Must2Common&DocumentCount=100000,1,Workload,Pilot,6,295595407,512,577334.78,29,1,0,120344
BooleanQueryBenchmarks.LuceneNet_BooleanQuery,Rowles.LeanCorpus.Benchmarks,BooleanQueryBenchmarks,LuceneNet_BooleanQuery,DefaultJob,Default,Default,Default,Default,Default,Default,Default,Default,Default,Default,Default,Default,Default,Default,Default,Default,Default,Default,Default,Default,Default,Default,Default,Default,Default,Default,Default,Default,Default,Default,Default,Default,Default,Default,Default,Default,Default,Default,Default,Default,Default,DefaultJob,BooleanShape=Must2Common&DocumentCount=100000,1,Workload,Pilot,7,594608041,1024,580671.92,29,1,0,120344
BooleanQueryBenchmarks.LuceneNet_BooleanQuery,Rowles.LeanCorpus.Benchmarks,BooleanQueryBenchmarks,LuceneNet_BooleanQuery,DefaultJob,Default,Default,Default,Default,Default,Default,Default,Default,Default,Default,Default,Default,Default,Default,Default,Default,Default,Default,Default,Default,Default,Default,Default,Default,Default,Default,Default,Default,Default,Default,Default,Default,Default,Default,Default,Default,Default,Default,Default,Default,Default,DefaultJob,BooleanShape=Must2Common&DocumentCount=100000,1,Workload,Warmup,1,594473782,1024,580540.8,29,1,0,120344
BooleanQueryBenchmarks.LuceneNet_BooleanQuery,Rowles.LeanCorpus.Benchmarks,BooleanQueryBenchmarks,LuceneNet_BooleanQuery,DefaultJob,Default,Default,Default,Default,Default,Default,Default,Default,Default,Default,Default,Default,Default,Default,Default,Default,Default,Default,Default,Default,Default,Default,Default,Default,Default,Default,Default,Default,Default,Default,Default,Default,Default,Default,Default,Default,Default,Default,Default,Default,Default,DefaultJob,BooleanShape=Must2Common&DocumentCount=100000,1,Workload,Warmup,2,597339355,1024,583339.21,29,1,0,120344
BooleanQueryBenchmarks.LuceneNet_BooleanQuery,Rowles.LeanCorpus.Benchmarks,BooleanQueryBenchmarks,LuceneNet_BooleanQuery,DefaultJob,Default,Default,Default,Default,Default,Default,Default,Default,Default,Default,Default,Default,Default,Default,Default,Default,Default,Default,Default,Default,Default,Default,Default,Default,Default,Default,Default,Default,Default,Default,Default,Default,Default,Default,Default,Default,Default,Default,Default,Default,Default,DefaultJob,BooleanShape=Must2Common&DocumentCount=100000,1,Workload,Warmup,3,594364856,1024,580434.43,29,1,0,120344
BooleanQueryBenchmarks.LuceneNet_BooleanQuery,Rowles.LeanCorpus.Benchmarks,BooleanQueryBenchmarks,LuceneNet_BooleanQuery,DefaultJob,Default,Default,Default,Default,Default,Default,Default,Default,Default,Default,Default,Default,Default,Default,Default,Default,Default,Default,Default,Default,Default,Default,Default,Default,Default,Default,Default,Default,Default,Default,Default,Default,Default,Default,Default,Default,Default,Default,Default,Default,Default,DefaultJob,BooleanShape=Must2Common&DocumentCount=100000,1,Workload,Warmup,4,603484853,1024,589340.68,29,1,0,120344
BooleanQueryBenchmarks.LuceneNet_BooleanQuery,Rowles.LeanCorpus.Benchmarks,BooleanQueryBenchmarks,LuceneNet_BooleanQuery,DefaultJob,Default,Default,Default,Default,Default,Default,Default,Default,Default,Default,Default,Default,Default,Default,Default,Default,Default,Default,Default,Default,Default,Default,Default,Default,Default,Default,Default,Default,Default,Default,Default,Default,Default,Default,Default,Default,Default,Default,Default,Default,Default,DefaultJob,BooleanShape=Must2Common&DocumentCount=100000,1,Workload,Warmup,5,594704562,1024,580766.17,29,1,0,120344
BooleanQueryBenchmarks.LuceneNet_BooleanQuery,Rowles.LeanCorpus.Benchmarks,BooleanQueryBenchmarks,LuceneNet_BooleanQuery,DefaultJob,Default,Default,Default,Default,Default,Default,Default,Default,Default,Default,Default,Default,Default,Default,Default,Default,Default,Default,Default,Default,Default,Default,Default,Default,Default,Default,Default,Default,Default,Default,Default,Default,Default,Default,Default,Default,Default,Default,Default,Default,Default,DefaultJob,BooleanShape=Must2Common&DocumentCount=100000,1,Workload,Warmup,6,595075596,1024,581128.51,29,1,0,120344
BooleanQueryBenchmarks.LuceneNet_BooleanQuery,Rowles.LeanCorpus.Benchmarks,BooleanQueryBenchmarks,LuceneNet_BooleanQuery,DefaultJob,Default,Default,Default,Default,Default,Default,Default,Default,Default,Default,Default,Default,Default,Default,Default,Default,Default,Default,Default,Default,Default,Default,Default,Default,Default,Default,Default,Default,Default,Default,Default,Default,Default,Default,Default,Default,Default,Default,Default,Default,Default,DefaultJob,BooleanShape=Must2Common&DocumentCount=100000,1,Workload,Actual,1,594319618,1024,580390.25,29,1,0,120344
BooleanQueryBenchmarks.LuceneNet_BooleanQuery,Rowles.LeanCorpus.Benchmarks,BooleanQueryBenchmarks,LuceneNet_BooleanQuery,DefaultJob,Default,Default,Default,Default,Default,Default,Default,Default,Default,Default,Default,Default,Default,Default,Default,Default,Default,Default,Default,Default,Default,Default,Default,Default,Default,Default,Default,Default,Default,Default,Default,Default,Default,Default,Default,Default,Default,Default,Default,Default,Default,DefaultJob,BooleanShape=Must2Common&DocumentCount=100000,1,Workload,Actual,2,597118452,1024,583123.49,29,1,0,120344
BooleanQueryBenchmarks.LuceneNet_BooleanQuery,Rowles.LeanCorpus.Benchmarks,BooleanQueryBenchmarks,LuceneNet_BooleanQuery,DefaultJob,Default,Default,Default,Default,Default,Default,Default,Default,Default,Default,Default,Default,Default,Default,Default,Default,Default,Default,Default,Default,Default,Default,Default,Default,Default,Default,Default,Default,Default,Default,Default,Default,Default,Default,Default,Default,Default,Default,Default,Default,Default,DefaultJob,BooleanShape=Must2Common&DocumentCount=100000,1,Workload,Actual,3,597374860,1024,583373.89,29,1,0,120344
BooleanQueryBenchmarks.LuceneNet_BooleanQuery,Rowles.LeanCorpus.Benchmarks,BooleanQueryBenchmarks,LuceneNet_BooleanQuery,DefaultJob,Default,Default,Default,Default,Default,Default,Default,Default,Default,Default,Default,Default,Default,Default,Default,Default,Default,Default,Default,Default,Default,Default,Default,Default,Default,Default,Default,Default,Default,Default,Default,Default,Default,Default,Default,Default,Default,Default,Default,Default,Default,DefaultJob,BooleanShape=Must2Common&DocumentCount=100000,1,Workload,Actual,4,597367642,1024,583366.84,29,1,0,120344
BooleanQueryBenchmarks.LuceneNet_BooleanQuery,Rowles.LeanCorpus.Benchmarks,BooleanQueryBenchmarks,LuceneNet_BooleanQuery,DefaultJob,Default,Default,Default,Default,Default,Default,Default,Default,Default,Default,Default,Default,Default,Default,Default,Default,Default,Default,Default,Default,Default,Default,Default,Default,Default,Default,Default,Default,Default,Default,Default,Default,Default,Default,Default,Default,Default,Default,Default,Default,Default,DefaultJob,BooleanShape=Must2Common&DocumentCount=100000,1,Workload,Actual,5,587493480,1024,573724.1,29,1,0,120344
BooleanQueryBenchmarks.LuceneNet_BooleanQuery,Rowles.LeanCorpus.Benchmarks,BooleanQueryBenchmarks,LuceneNet_BooleanQuery,DefaultJob,Default,Default,Default,Default,Default,Default,Default,Default,Default,Default,Default,Default,Default,Default,Default,Default,Default,Default,Default,Default,Default,Default,Default,Default,Default,Default,Default,Default,Default,Default,Default,Default,Default,Default,Default,Default,Default,Default,Default,Default,Default,DefaultJob,BooleanShape=Must2Common&DocumentCount=100000,1,Workload,Actual,6,589558630,1024,575740.85,29,1,0,120344
BooleanQueryBenchmarks.LuceneNet_BooleanQuery,Rowles.LeanCorpus.Benchmarks,BooleanQueryBenchmarks,LuceneNet_BooleanQuery,DefaultJob,Default,Default,Default,Default,Default,Default,Default,Default,Default,Default,Default,Default,Default,Default,Default,Default,Default,Default,Default,Default,Default,Default,Default,Default,Default,Default,Default,Default,Default,Default,Default,Default,Default,Default,Default,Default,Default,Default,Default,Default,Default,DefaultJob,BooleanShape=Must2Common&DocumentCount=100000,1,Workload,Actual,7,589782899,1024,575959.86,29,1,0,120344
BooleanQueryBenchmarks.LuceneNet_BooleanQuery,Rowles.LeanCorpus.Benchmarks,BooleanQueryBenchmarks,LuceneNet_BooleanQuery,DefaultJob,Default,Default,Default,Default,Default,Default,Default,Default,Default,Default,Default,Default,Default,Default,Default,Default,Default,Default,Default,Default,Default,Default,Default,Default,Default,Default,Default,Default,Default,Default,Default,Default,Default,Default,Default,Default,Default,Default,Default,Default,Default,DefaultJob,BooleanShape=Must2Common&DocumentCount=100000,1,Workload,Actual,8,594775210,1024,580835.17,29,1,0,120344
BooleanQueryBenchmarks.LuceneNet_BooleanQuery,Rowles.LeanCorpus.Benchmarks,BooleanQueryBenchmarks,LuceneNet_BooleanQuery,DefaultJob,Default,Default,Default,Default,Default,Default,Default,Default,Default,Default,Default,Default,Default,Default,Default,Default,Default,Default,Default,Default,Default,Default,Default,Default,Default,Default,Default,Default,Default,Default,Default,Default,Default,Default,Default,Default,Default,Default,Default,Default,Default,DefaultJob,BooleanShape=Must2Common&DocumentCount=100000,1,Workload,Actual,9,595465910,1024,581509.68,29,1,0,120344
BooleanQueryBenchmarks.LuceneNet_BooleanQuery,Rowles.LeanCorpus.Benchmarks,BooleanQueryBenchmarks,LuceneNet_BooleanQuery,DefaultJob,Default,Default,Default,Default,Default,Default,Default,Default,Default,Default,Default,Default,Default,Default,Default,Default,Default,Default,Default,Default,Default,Default,Default,Default,Default,Default,Default,Default,Default,Default,Default,Default,Default,Default,Default,Default,Default,Default,Default,Default,Default,DefaultJob,BooleanShape=Must2Common&DocumentCount=100000,1,Workload,Actual,10,599054701,1024,585014.36,29,1,0,120344
BooleanQueryBenchmarks.LuceneNet_BooleanQuery,Rowles.LeanCorpus.Benchmarks,BooleanQueryBenchmarks,LuceneNet_BooleanQuery,DefaultJob,Default,Default,Default,Default,Default,Default,Default,Default,Default,Default,Default,Default,Default,Default,Default,Default,Default,Default,Default,Default,Default,Default,Default,Default,Default,Default,Default,Default,Default,Default,Default,Default,Default,Default,Default,Default,Default,Default,Default,Default,Default,DefaultJob,BooleanShape=Must2Common&DocumentCount=100000,1,Workload,Actual,11,599424050,1024,585375.05,29,1,0,120344
BooleanQueryBenchmarks.LuceneNet_BooleanQuery,Rowles.LeanCorpus.Benchmarks,BooleanQueryBenchmarks,LuceneNet_BooleanQuery,DefaultJob,Default,Default,Default,Default,Default,Default,Default,Default,Default,Default,Default,Default,Default,Default,Default,Default,Default,Default,Default,Default,Default,Default,Default,Default,Default,Default,Default,Default,Default,Default,Default,Default,Default,Default,Default,Default,Default,Default,Default,Default,Default,DefaultJob,BooleanShape=Must2Common&DocumentCount=100000,1,Workload,Actual,12,592036946,1024,578161.08,29,1,0,120344
BooleanQueryBenchmarks.LuceneNet_BooleanQuery,Rowles.LeanCorpus.Benchmarks,BooleanQueryBenchmarks,LuceneNet_BooleanQuery,DefaultJob,Default,Default,Default,Default,Default,Default,Default,Default,Default,Default,Default,Default,Default,Default,Default,Default,Default,Default,Default,Default,Default,Default,Default,Default,Default,Default,Default,Default,Default,Default,Default,Default,Default,Default,Default,Default,Default,Default,Default,Default,Default,DefaultJob,BooleanShape=Must2Common&DocumentCount=100000,1,Workload,Actual,13,594779952,1024,580839.8,29,1,0,120344
BooleanQueryBenchmarks.LuceneNet_BooleanQuery,Rowles.LeanCorpus.Benchmarks,BooleanQueryBenchmarks,LuceneNet_BooleanQuery,DefaultJob,Default,Default,Default,Default,Default,Default,Default,Default,Default,Default,Default,Default,Default,Default,Default,Default,Default,Default,Default,Default,Default,Default,Default,Default,Default,Default,Default,Default,Default,Default,Default,Default,Default,Default,Default,Default,Default,Default,Default,Default,Default,DefaultJob,BooleanShape=Must2Common&DocumentCount=100000,1,Workload,Actual,14,598468423,1024,584441.82,29,1,0,120344
BooleanQueryBenchmarks.LuceneNet_BooleanQuery,Rowles.LeanCorpus.Benchmarks,BooleanQueryBenchmarks,LuceneNet_BooleanQuery,DefaultJob,Default,Default,Default,Default,Default,Default,Default,Default,Default,Default,Default,Default,Default,Default,Default,Default,Default,Default,Default,Default,Default,Default,Default,Default,Default,Default,Default,Default,Default,Default,Default,Default,Default,Default,Default,Default,Default,Default,Default,Default,Default,DefaultJob,BooleanShape=Must2Common&DocumentCount=100000,1,Workload,Actual,15,598497977,1024,584470.68,29,1,0,120344
BooleanQueryBenchmarks.LuceneNet_BooleanQuery,Rowles.LeanCorpus.Benchmarks,BooleanQueryBenchmarks,LuceneNet_BooleanQuery,DefaultJob,Default,Default,Default,Default,Default,Default,Default,Default,Default,Default,Default,Default,Default,Default,Default,Default,Default,Default,Default,Default,Default,Default,Default,Default,Default,Default,Default,Default,Default,Default,Default,Default,Default,Default,Default,Default,Default,Default,Default,Default,Default,DefaultJob,BooleanShape=Must2Common&DocumentCount=100000,1,Workload,Extra,1,593625467,1024,579712.37,29,1,0,120344
BooleanQueryBenchmarks.LuceneNet_BooleanQuery,Rowles.LeanCorpus.Benchmarks,BooleanQueryBenchmarks,LuceneNet_BooleanQuery,DefaultJob,Default,Default,Default,Default,Default,Default,Default,Default,Default,Default,Default,Default,Default,Default,Default,Default,Default,Default,Default,Default,Default,Default,Default,Default,Default,Default,Default,Default,Default,Default,Default,Default,Default,Default,Default,Default,Default,Default,Default,Default,Default,DefaultJob,BooleanShape=Must2Common&DocumentCount=100000,1,Workload,Result,1,594319618,1024,580390.25,29,1,0,120344
BooleanQueryBenchmarks.LuceneNet_BooleanQuery,Rowles.LeanCorpus.Benchmarks,BooleanQueryBenchmarks,LuceneNet_BooleanQuery,DefaultJob,Default,Default,Default,Default,Default,Default,Default,Default,Default,Default,Default,Default,Default,Default,Default,Default,Default,Default,Default,Default,Default,Default,Default,Default,Default,Default,Default,Default,Default,Default,Default,Default,Default,Default,Default,Default,Default,Default,Default,Default,Default,DefaultJob,BooleanShape=Must2Common&DocumentCount=100000,1,Workload,Result,2,597118452,1024,583123.49,29,1,0,120344
BooleanQueryBenchmarks.LuceneNet_BooleanQuery,Rowles.LeanCorpus.Benchmarks,BooleanQueryBenchmarks,LuceneNet_BooleanQuery,DefaultJob,Default,Default,Default,Default,Default,Default,Default,Default,Default,Default,Default,Default,Default,Default,Default,Default,Default,Default,Default,Default,Default,Default,Default,Default,Default,Default,Default,Default,Default,Default,Default,Default,Default,Default,Default,Default,Default,Default,Default,Default,Default,DefaultJob,BooleanShape=Must2Common&DocumentCount=100000,1,Workload,Result,3,597374860,1024,583373.89,29,1,0,120344
BooleanQueryBenchmarks.LuceneNet_BooleanQuery,Rowles.LeanCorpus.Benchmarks,BooleanQueryBenchmarks,LuceneNet_BooleanQuery,DefaultJob,Default,Default,Default,Default,Default,Default,Default,Default,Default,Default,Default,Default,Default,Default,Default,Default,Default,Default,Default,Default,Default,Default,Default,Default,Default,Default,Default,Default,Default,Default,Default,Default,Default,Default,Default,Default,Default,Default,Default,Default,Default,DefaultJob,BooleanShape=Must2Common&DocumentCount=100000,1,Workload,Result,4,597367642,1024,583366.84,29,1,0,120344
BooleanQueryBenchmarks.LuceneNet_BooleanQuery,Rowles.LeanCorpus.Benchmarks,BooleanQueryBenchmarks,LuceneNet_BooleanQuery,DefaultJob,Default,Default,Default,Default,Default,Default,Default,Default,Default,Default,Default,Default,Default,Default,Default,Default,Default,Default,Default,Default,Default,Default,Default,Default,Default,Default,Default,Default,Default,Default,Default,Default,Default,Default,Default,Default,Default,Default,Default,Default,Default,DefaultJob,BooleanShape=Must2Common&DocumentCount=100000,1,Workload,Result,5,587493480,1024,573724.1,29,1,0,120344
BooleanQueryBenchmarks.LuceneNet_BooleanQuery,Rowles.LeanCorpus.Benchmarks,BooleanQueryBenchmarks,LuceneNet_BooleanQuery,DefaultJob,Default,Default,Default,Default,Default,Default,Default,Default,Default,Default,Default,Default,Default,Default,Default,Default,Default,Default,Default,Default,Default,Default,Default,Default,Default,Default,Default,Default,Default,Default,Default,Default,Default,Default,Default,Default,Default,Default,Default,Default,Default,DefaultJob,BooleanShape=Must2Common&DocumentCount=100000,1,Workload,Result,6,589558630,1024,575740.85,29,1,0,120344
BooleanQueryBenchmarks.LuceneNet_BooleanQuery,Rowles.LeanCorpus.Benchmarks,BooleanQueryBenchmarks,LuceneNet_BooleanQuery,DefaultJob,Default,Default,Default,Default,Default,Default,Default,Default,Default,Default,Default,Default,Default,Default,Default,Default,Default,Default,Default,Default,Default,Default,Default,Default,Default,Default,Default,Default,Default,Default,Default,Default,Default,Default,Default,Default,Default,Default,Default,Default,Default,DefaultJob,BooleanShape=Must2Common&DocumentCount=100000,1,Workload,Result,7,589782899,1024,575959.86,29,1,0,120344
BooleanQueryBenchmarks.LuceneNet_BooleanQuery,Rowles.LeanCorpus.Benchmarks,BooleanQueryBenchmarks,LuceneNet_BooleanQuery,DefaultJob,Default,Default,Default,Default,Default,Default,Default,Default,Default,Default,Default,Default,Default,Default,Default,Default,Default,Default,Default,Default,Default,Default,Default,Default,Default,Default,Default,Default,Default,Default,Default,Default,Default,Default,Default,Default,Default,Default,Default,Default,Default,DefaultJob,BooleanShape=Must2Common&DocumentCount=100000,1,Workload,Result,8,594775210,1024,580835.17,29,1,0,120344
BooleanQueryBenchmarks.LuceneNet_BooleanQuery,Rowles.LeanCorpus.Benchmarks,BooleanQueryBenchmarks,LuceneNet_BooleanQuery,DefaultJob,Default,Default,Default,Default,Default,Default,Default,Default,Default,Default,Default,Default,Default,Default,Default,Default,Default,Default,Default,Default,Default,Default,Default,Default,Default,Default,Default,Default,Default,Default,Default,Default,Default,Default,Default,Default,Default,Default,Default,Default,Default,DefaultJob,BooleanShape=Must2Common&DocumentCount=100000,1,Workload,Result,9,595465910,1024,581509.68,29,1,0,120344
BooleanQueryBenchmarks.LuceneNet_BooleanQuery,Rowles.LeanCorpus.Benchmarks,BooleanQueryBenchmarks,LuceneNet_BooleanQuery,DefaultJob,Default,Default,Default,Default,Default,Default,Default,Default,Default,Default,Default,Default,Default,Default,Default,Default,Default,Default,Default,Default,Default,Default,Default,Default,Default,Default,Default,Default,Default,Default,Default,Default,Default,Default,Default,Default,Default,Default,Default,Default,Default,DefaultJob,BooleanShape=Must2Common&DocumentCount=100000,1,Workload,Result,10,599054701,1024,585014.36,29,1,0,120344
BooleanQueryBenchmarks.LuceneNet_BooleanQuery,Rowles.LeanCorpus.Benchmarks,BooleanQueryBenchmarks,LuceneNet_BooleanQuery,DefaultJob,Default,Default,Default,Default,Default,Default,Default,Default,Default,Default,Default,Default,Default,Default,Default,Default,Default,Default,Default,Default,Default,Default,Default,Default,Default,Default,Default,Default,Default,Default,Default,Default,Default,Default,Default,Default,Default,Default,Default,Default,Default,DefaultJob,BooleanShape=Must2Common&DocumentCount=100000,1,Workload,Result,11,599424050,1024,585375.05,29,1,0,120344
BooleanQueryBenchmarks.LuceneNet_BooleanQuery,Rowles.LeanCorpus.Benchmarks,BooleanQueryBenchmarks,LuceneNet_BooleanQuery,DefaultJob,Default,Default,Default,Default,Default,Default,Default,Default,Default,Default,Default,Default,Default,Default,Default,Default,Default,Default,Default,Default,Default,Default,Default,Default,Default,Default,Default,Default,Default,Default,Default,Default,Default,Default,Default,Default,Default,Default,Default,Default,Default,DefaultJob,BooleanShape=Must2Common&DocumentCount=100000,1,Workload,Result,12,592036946,1024,578161.08,29,1,0,120344
BooleanQueryBenchmarks.LuceneNet_BooleanQuery,Rowles.LeanCorpus.Benchmarks,BooleanQueryBenchmarks,LuceneNet_BooleanQuery,DefaultJob,Default,Default,Default,Default,Default,Default,Default,Default,Default,Default,Default,Default,Default,Default,Default,Default,Default,Default,Default,Default,Default,Default,Default,Default,Default,Default,Default,Default,Default,Default,Default,Default,Default,Default,Default,Default,Default,Default,Default,Default,Default,DefaultJob,BooleanShape=Must2Common&DocumentCount=100000,1,Workload,Result,13,594779952,1024,580839.8,29,1,0,120344
BooleanQueryBenchmarks.LuceneNet_BooleanQuery,Rowles.LeanCorpus.Benchmarks,BooleanQueryBenchmarks,LuceneNet_BooleanQuery,DefaultJob,Default,Default,Default,Default,Default,Default,Default,Default,Default,Default,Default,Default,Default,Default,Default,Default,Default,Default,Default,Default,Default,Default,Default,Default,Default,Default,Default,Default,Default,Default,Default,Default,Default,Default,Default,Default,Default,Default,Default,Default,Default,DefaultJob,BooleanShape=Must2Common&DocumentCount=100000,1,Workload,Result,14,598468423,1024,584441.82,29,1,0,120344
BooleanQueryBenchmarks.LuceneNet_BooleanQuery,Rowles.LeanCorpus.Benchmarks,BooleanQueryBenchmarks,LuceneNet_BooleanQuery,DefaultJob,Default,Default,Default,Default,Default,Default,Default,Default,Default,Default,Default,Default,Default,Default,Default,Default,Default,Default,Default,Default,Default,Default,Default,Default,Default,Default,Default,Default,Default,Default,Default,Default,Default,Default,Default,Default,Default,Default,Default,Default,Default,DefaultJob,BooleanShape=Must2Common&DocumentCount=100000,1,Workload,Result,15,598497977,1024,584470.68,29,1,0,120344
BooleanQueryBenchmarks.LeanCorpus_BooleanQuery,Rowles.LeanCorpus.Benchmarks,BooleanQueryBenchmarks,LeanCorpus_BooleanQuery,DefaultJob,Default,Default,Default,Default,Default,Default,Default,Default,Default,Default,Default,Default,Default,Default,Default,Default,Default,Default,Default,Default,Default,Default,Default,Default,Default,Default,Default,Default,Default,Default,Default,Default,Default,Default,Default,Default,Default,Default,Default,Default,Default,DefaultJob,BooleanShape=Must3Mixed&DocumentCount=100000,1,Workload,Jitting,1,319675636,1,319675636,16,0,0,16839
BooleanQueryBenchmarks.LeanCorpus_BooleanQuery,Rowles.LeanCorpus.Benchmarks,BooleanQueryBenchmarks,LeanCorpus_BooleanQuery,DefaultJob,Default,Default,Default,Default,Default,Default,Default,Default,Default,Default,Default,Default,Default,Default,Default,Default,Default,Default,Default,Default,Default,Default,Default,Default,Default,Default,Default,Default,Default,Default,Default,Default,Default,Default,Default,Default,Default,Default,Default,Default,Default,DefaultJob,BooleanShape=Must3Mixed&DocumentCount=100000,1,Workload,Jitting,2,10609287,30,353642.9,16,0,0,16839
BooleanQueryBenchmarks.LeanCorpus_BooleanQuery,Rowles.LeanCorpus.Benchmarks,BooleanQueryBenchmarks,LeanCorpus_BooleanQuery,DefaultJob,Default,Default,Default,Default,Default,Default,Default,Default,Default,Default,Default,Default,Default,Default,Default,Default,Default,Default,Default,Default,Default,Default,Default,Default,Default,Default,Default,Default,Default,Default,Default,Default,Default,Default,Default,Default,Default,Default,Default,Default,Default,DefaultJob,BooleanShape=Must3Mixed&DocumentCount=100000,1,Workload,Jitting,3,8193026,30,273100.87,16,0,0,16839
BooleanQueryBenchmarks.LeanCorpus_BooleanQuery,Rowles.LeanCorpus.Benchmarks,BooleanQueryBenchmarks,LeanCorpus_BooleanQuery,DefaultJob,Default,Default,Default,Default,Default,Default,Default,Default,Default,Default,Default,Default,Default,Default,Default,Default,Default,Default,Default,Default,Default,Default,Default,Default,Default,Default,Default,Default,Default,Default,Default,Default,Default,Default,Default,Default,Default,Default,Default,Default,Default,DefaultJob,BooleanShape=Must3Mixed&DocumentCount=100000,1,Workload,Jitting,4,6886889,30,229562.97,16,0,0,16839
BooleanQueryBenchmarks.LeanCorpus_BooleanQuery,Rowles.LeanCorpus.Benchmarks,BooleanQueryBenchmarks,LeanCorpus_BooleanQuery,DefaultJob,Default,Default,Default,Default,Default,Default,Default,Default,Default,Default,Default,Default,Default,Default,Default,Default,Default,Default,Default,Default,Default,Default,Default,Default,Default,Default,Default,Default,Default,Default,Default,Default,Default,Default,Default,Default,Default,Default,Default,Default,Default,DefaultJob,BooleanShape=Must3Mixed&DocumentCount=100000,1,Workload,Jitting,5,432523,1,432523,16,0,0,16839
BooleanQueryBenchmarks.LeanCorpus_BooleanQuery,Rowles.LeanCorpus.Benchmarks,BooleanQueryBenchmarks,LeanCorpus_BooleanQuery,DefaultJob,Default,Default,Default,Default,Default,Default,Default,Default,Default,Default,Default,Default,Default,Default,Default,Default,Default,Default,Default,Default,Default,Default,Default,Default,Default,Default,Default,Default,Default,Default,Default,Default,Default,Default,Default,Default,Default,Default,Default,Default,Default,DefaultJob,BooleanShape=Must3Mixed&DocumentCount=100000,1,Workload,Pilot,1,556004,1,556004,16,0,0,16839
BooleanQueryBenchmarks.LeanCorpus_BooleanQuery,Rowles.LeanCorpus.Benchmarks,BooleanQueryBenchmarks,LeanCorpus_BooleanQuery,DefaultJob,Default,Default,Default,Default,Default,Default,Default,Default,Default,Default,Default,Default,Default,Default,Default,Default,Default,Default,Default,Default,Default,Default,Default,Default,Default,Default,Default,Default,Default,Default,Default,Default,Default,Default,Default,Default,Default,Default,Default,Default,Default,DefaultJob,BooleanShape=Must3Mixed&DocumentCount=100000,1,Workload,Pilot,1,6494446,16,405902.88,16,0,0,16839
BooleanQueryBenchmarks.LeanCorpus_BooleanQuery,Rowles.LeanCorpus.Benchmarks,BooleanQueryBenchmarks,LeanCorpus_BooleanQuery,DefaultJob,Default,Default,Default,Default,Default,Default,Default,Default,Default,Default,Default,Default,Default,Default,Default,Default,Default,Default,Default,Default,Default,Default,Default,Default,Default,Default,Default,Default,Default,Default,Default,Default,Default,Default,Default,Default,Default,Default,Default,Default,Default,DefaultJob,BooleanShape=Must3Mixed&DocumentCount=100000,1,Workload,Pilot,2,12780658,32,399395.56,16,0,0,16839
BooleanQueryBenchmarks.LeanCorpus_BooleanQuery,Rowles.LeanCorpus.Benchmarks,BooleanQueryBenchmarks,LeanCorpus_BooleanQuery,DefaultJob,Default,Default,Default,Default,Default,Default,Default,Default,Default,Default,Default,Default,Default,Default,Default,Default,Default,Default,Default,Default,Default,Default,Default,Default,Default,Default,Default,Default,Default,Default,Default,Default,Default,Default,Default,Default,Default,Default,Default,Default,Default,DefaultJob,BooleanShape=Must3Mixed&DocumentCount=100000,1,Workload,Pilot,3,20657341,64,322770.95,16,0,0,16839
BooleanQueryBenchmarks.LeanCorpus_BooleanQuery,Rowles.LeanCorpus.Benchmarks,BooleanQueryBenchmarks,LeanCorpus_BooleanQuery,DefaultJob,Default,Default,Default,Default,Default,Default,Default,Default,Default,Default,Default,Default,Default,Default,Default,Default,Default,Default,Default,Default,Default,Default,Default,Default,Default,Default,Default,Default,Default,Default,Default,Default,Default,Default,Default,Default,Default,Default,Default,Default,Default,DefaultJob,BooleanShape=Must3Mixed&DocumentCount=100000,1,Workload,Pilot,4,28952094,128,226188.23,16,0,0,16839
BooleanQueryBenchmarks.LeanCorpus_BooleanQuery,Rowles.LeanCorpus.Benchmarks,BooleanQueryBenchmarks,LeanCorpus_BooleanQuery,DefaultJob,Default,Default,Default,Default,Default,Default,Default,Default,Default,Default,Default,Default,Default,Default,Default,Default,Default,Default,Default,Default,Default,Default,Default,Default,Default,Default,Default,Default,Default,Default,Default,Default,Default,Default,Default,Default,Default,Default,Default,Default,Default,DefaultJob,BooleanShape=Must3Mixed&DocumentCount=100000,1,Workload,Pilot,5,48762968,256,190480.34,16,0,0,16839
BooleanQueryBenchmarks.LeanCorpus_BooleanQuery,Rowles.LeanCorpus.Benchmarks,BooleanQueryBenchmarks,LeanCorpus_BooleanQuery,DefaultJob,Default,Default,Default,Default,Default,Default,Default,Default,Default,Default,Default,Default,Default,Default,Default,Default,Default,Default,Default,Default,Default,Default,Default,Default,Default,Default,Default,Default,Default,Default,Default,Default,Default,Default,Default,Default,Default,Default,Default,Default,Default,DefaultJob,BooleanShape=Must3Mixed&DocumentCount=100000,1,Workload,Pilot,6,88373072,512,172603.66,16,0,0,16839
BooleanQueryBenchmarks.LeanCorpus_BooleanQuery,Rowles.LeanCorpus.Benchmarks,BooleanQueryBenchmarks,LeanCorpus_BooleanQuery,DefaultJob,Default,Default,Default,Default,Default,Default,Default,Default,Default,Default,Default,Default,Default,Default,Default,Default,Default,Default,Default,Default,Default,Default,Default,Default,Default,Default,Default,Default,Default,Default,Default,Default,Default,Default,Default,Default,Default,Default,Default,Default,Default,DefaultJob,BooleanShape=Must3Mixed&DocumentCount=100000,1,Workload,Pilot,7,171057994,1024,167048.82,16,0,0,16839
BooleanQueryBenchmarks.LeanCorpus_BooleanQuery,Rowles.LeanCorpus.Benchmarks,BooleanQueryBenchmarks,LeanCorpus_BooleanQuery,DefaultJob,Default,Default,Default,Default,Default,Default,Default,Default,Default,Default,Default,Default,Default,Default,Default,Default,Default,Default,Default,Default,Default,Default,Default,Default,Default,Default,Default,Default,Default,Default,Default,Default,Default,Default,Default,Default,Default,Default,Default,Default,Default,DefaultJob,BooleanShape=Must3Mixed&DocumentCount=100000,1,Workload,Pilot,8,341114512,2048,166559.82,16,0,0,16839
BooleanQueryBenchmarks.LeanCorpus_BooleanQuery,Rowles.LeanCorpus.Benchmarks,BooleanQueryBenchmarks,LeanCorpus_BooleanQuery,DefaultJob,Default,Default,Default,Default,Default,Default,Default,Default,Default,Default,Default,Default,Default,Default,Default,Default,Default,Default,Default,Default,Default,Default,Default,Default,Default,Default,Default,Default,Default,Default,Default,Default,Default,Default,Default,Default,Default,Default,Default,Default,Default,DefaultJob,BooleanShape=Must3Mixed&DocumentCount=100000,1,Workload,Pilot,9,676695689,4096,165208.91,16,0,0,16839
BooleanQueryBenchmarks.LeanCorpus_BooleanQuery,Rowles.LeanCorpus.Benchmarks,BooleanQueryBenchmarks,LeanCorpus_BooleanQuery,DefaultJob,Default,Default,Default,Default,Default,Default,Default,Default,Default,Default,Default,Default,Default,Default,Default,Default,Default,Default,Default,Default,Default,Default,Default,Default,Default,Default,Default,Default,Default,Default,Default,Default,Default,Default,Default,Default,Default,Default,Default,Default,Default,DefaultJob,BooleanShape=Must3Mixed&DocumentCount=100000,1,Workload,Warmup,1,678285067,4096,165596.94,16,0,0,16839
BooleanQueryBenchmarks.LeanCorpus_BooleanQuery,Rowles.LeanCorpus.Benchmarks,BooleanQueryBenchmarks,LeanCorpus_BooleanQuery,DefaultJob,Default,Default,Default,Default,Default,Default,Default,Default,Default,Default,Default,Default,Default,Default,Default,Default,Default,Default,Default,Default,Default,Default,Default,Default,Default,Default,Default,Default,Default,Default,Default,Default,Default,Default,Default,Default,Default,Default,Default,Default,Default,DefaultJob,BooleanShape=Must3Mixed&DocumentCount=100000,1,Workload,Warmup,2,676671105,4096,165202.91,16,0,0,16839
BooleanQueryBenchmarks.LeanCorpus_BooleanQuery,Rowles.LeanCorpus.Benchmarks,BooleanQueryBenchmarks,LeanCorpus_BooleanQuery,DefaultJob,Default,Default,Default,Default,Default,Default,Default,Default,Default,Default,Default,Default,Default,Default,Default,Default,Default,Default,Default,Default,Default,Default,Default,Default,Default,Default,Default,Default,Default,Default,Default,Default,Default,Default,Default,Default,Default,Default,Default,Default,Default,DefaultJob,BooleanShape=Must3Mixed&DocumentCount=100000,1,Workload,Warmup,3,677870028,4096,165495.61,16,0,0,16839
BooleanQueryBenchmarks.LeanCorpus_BooleanQuery,Rowles.LeanCorpus.Benchmarks,BooleanQueryBenchmarks,LeanCorpus_BooleanQuery,DefaultJob,Default,Default,Default,Default,Default,Default,Default,Default,Default,Default,Default,Default,Default,Default,Default,Default,Default,Default,Default,Default,Default,Default,Default,Default,Default,Default,Default,Default,Default,Default,Default,Default,Default,Default,Default,Default,Default,Default,Default,Default,Default,DefaultJob,BooleanShape=Must3Mixed&DocumentCount=100000,1,Workload,Warmup,4,676147836,4096,165075.16,16,0,0,16839
BooleanQueryBenchmarks.LeanCorpus_BooleanQuery,Rowles.LeanCorpus.Benchmarks,BooleanQueryBenchmarks,LeanCorpus_BooleanQuery,DefaultJob,Default,Default,Default,Default,Default,Default,Default,Default,Default,Default,Default,Default,Default,Default,Default,Default,Default,Default,Default,Default,Default,Default,Default,Default,Default,Default,Default,Default,Default,Default,Default,Default,Default,Default,Default,Default,Default,Default,Default,Default,Default,DefaultJob,BooleanShape=Must3Mixed&DocumentCount=100000,1,Workload,Warmup,5,677671640,4096,165447.18,16,0,0,16839
BooleanQueryBenchmarks.LeanCorpus_BooleanQuery,Rowles.LeanCorpus.Benchmarks,BooleanQueryBenchmarks,LeanCorpus_BooleanQuery,DefaultJob,Default,Default,Default,Default,Default,Default,Default,Default,Default,Default,Default,Default,Default,Default,Default,Default,Default,Default,Default,Default,Default,Default,Default,Default,Default,Default,Default,Default,Default,Default,Default,Default,Default,Default,Default,Default,Default,Default,Default,Default,Default,DefaultJob,BooleanShape=Must3Mixed&DocumentCount=100000,1,Workload,Warmup,6,678299047,4096,165600.35,16,0,0,16839
BooleanQueryBenchmarks.LeanCorpus_BooleanQuery,Rowles.LeanCorpus.Benchmarks,BooleanQueryBenchmarks,LeanCorpus_BooleanQuery,DefaultJob,Default,Default,Default,Default,Default,Default,Default,Default,Default,Default,Default,Default,Default,Default,Default,Default,Default,Default,Default,Default,Default,Default,Default,Default,Default,Default,Default,Default,Default,Default,Default,Default,Default,Default,Default,Default,Default,Default,Default,Default,Default,DefaultJob,BooleanShape=Must3Mixed&DocumentCount=100000,1,Workload,Warmup,7,676008991,4096,165041.26,16,0,0,16839
BooleanQueryBenchmarks.LeanCorpus_BooleanQuery,Rowles.LeanCorpus.Benchmarks,BooleanQueryBenchmarks,LeanCorpus_BooleanQuery,DefaultJob,Default,Default,Default,Default,Default,Default,Default,Default,Default,Default,Default,Default,Default,Default,Default,Default,Default,Default,Default,Default,Default,Default,Default,Default,Default,Default,Default,Default,Default,Default,Default,Default,Default,Default,Default,Default,Default,Default,Default,Default,Default,DefaultJob,BooleanShape=Must3Mixed&DocumentCount=100000,1,Workload,Actual,1,677842804,4096,165488.97,16,0,0,16839
BooleanQueryBenchmarks.LeanCorpus_BooleanQuery,Rowles.LeanCorpus.Benchmarks,BooleanQueryBenchmarks,LeanCorpus_BooleanQuery,DefaultJob,Default,Default,Default,Default,Default,Default,Default,Default,Default,Default,Default,Default,Default,Default,Default,Default,Default,Default,Default,Default,Default,Default,Default,Default,Default,Default,Default,Default,Default,Default,Default,Default,Default,Default,Default,Default,Default,Default,Default,Default,Default,DefaultJob,BooleanShape=Must3Mixed&DocumentCount=100000,1,Workload,Actual,2,677651227,4096,165442.19,16,0,0,16839
BooleanQueryBenchmarks.LeanCorpus_BooleanQuery,Rowles.LeanCorpus.Benchmarks,BooleanQueryBenchmarks,LeanCorpus_BooleanQuery,DefaultJob,Default,Default,Default,Default,Default,Default,Default,Default,Default,Default,Default,Default,Default,Default,Default,Default,Default,Default,Default,Default,Default,Default,Default,Default,Default,Default,Default,Default,Default,Default,Default,Default,Default,Default,Default,Default,Default,Default,Default,Default,Default,DefaultJob,BooleanShape=Must3Mixed&DocumentCount=100000,1,Workload,Actual,3,678206516,4096,165577.76,16,0,0,16839
BooleanQueryBenchmarks.LeanCorpus_BooleanQuery,Rowles.LeanCorpus.Benchmarks,BooleanQueryBenchmarks,LeanCorpus_BooleanQuery,DefaultJob,Default,Default,Default,Default,Default,Default,Default,Default,Default,Default,Default,Default,Default,Default,Default,Default,Default,Default,Default,Default,Default,Default,Default,Default,Default,Default,Default,Default,Default,Default,Default,Default,Default,Default,Default,Default,Default,Default,Default,Default,Default,DefaultJob,BooleanShape=Must3Mixed&DocumentCount=100000,1,Workload,Actual,4,677060206,4096,165297.9,16,0,0,16839
BooleanQueryBenchmarks.LeanCorpus_BooleanQuery,Rowles.LeanCorpus.Benchmarks,BooleanQueryBenchmarks,LeanCorpus_BooleanQuery,DefaultJob,Default,Default,Default,Default,Default,Default,Default,Default,Default,Default,Default,Default,Default,Default,Default,Default,Default,Default,Default,Default,Default,Default,Default,Default,Default,Default,Default,Default,Default,Default,Default,Default,Default,Default,Default,Default,Default,Default,Default,Default,Default,DefaultJob,BooleanShape=Must3Mixed&DocumentCount=100000,1,Workload,Actual,5,674035924,4096,164559.55,16,0,0,16839
BooleanQueryBenchmarks.LeanCorpus_BooleanQuery,Rowles.LeanCorpus.Benchmarks,BooleanQueryBenchmarks,LeanCorpus_BooleanQuery,DefaultJob,Default,Default,Default,Default,Default,Default,Default,Default,Default,Default,Default,Default,Default,Default,Default,Default,Default,Default,Default,Default,Default,Default,Default,Default,Default,Default,Default,Default,Default,Default,Default,Default,Default,Default,Default,Default,Default,Default,Default,Default,Default,DefaultJob,BooleanShape=Must3Mixed&DocumentCount=100000,1,Workload,Actual,6,675984882,4096,165035.37,16,0,0,16839
BooleanQueryBenchmarks.LeanCorpus_BooleanQuery,Rowles.LeanCorpus.Benchmarks,BooleanQueryBenchmarks,LeanCorpus_BooleanQuery,DefaultJob,Default,Default,Default,Default,Default,Default,Default,Default,Default,Default,Default,Default,Default,Default,Default,Default,Default,Default,Default,Default,Default,Default,Default,Default,Default,Default,Default,Default,Default,Default,Default,Default,Default,Default,Default,Default,Default,Default,Default,Default,Default,DefaultJob,BooleanShape=Must3Mixed&DocumentCount=100000,1,Workload,Actual,7,675081879,4096,164814.91,16,0,0,16839
BooleanQueryBenchmarks.LeanCorpus_BooleanQuery,Rowles.LeanCorpus.Benchmarks,BooleanQueryBenchmarks,LeanCorpus_BooleanQuery,DefaultJob,Default,Default,Default,Default,Default,Default,Default,Default,Default,Default,Default,Default,Default,Default,Default,Default,Default,Default,Default,Default,Default,Default,Default,Default,Default,Default,Default,Default,Default,Default,Default,Default,Default,Default,Default,Default,Default,Default,Default,Default,Default,DefaultJob,BooleanShape=Must3Mixed&DocumentCount=100000,1,Workload,Actual,8,675183495,4096,164839.72,16,0,0,16839
BooleanQueryBenchmarks.LeanCorpus_BooleanQuery,Rowles.LeanCorpus.Benchmarks,BooleanQueryBenchmarks,LeanCorpus_BooleanQuery,DefaultJob,Default,Default,Default,Default,Default,Default,Default,Default,Default,Default,Default,Default,Default,Default,Default,Default,Default,Default,Default,Default,Default,Default,Default,Default,Default,Default,Default,Default,Default,Default,Default,Default,Default,Default,Default,Default,Default,Default,Default,Default,Default,DefaultJob,BooleanShape=Must3Mixed&DocumentCount=100000,1,Workload,Actual,9,676241031,4096,165097.91,16,0,0,16839
BooleanQueryBenchmarks.LeanCorpus_BooleanQuery,Rowles.LeanCorpus.Benchmarks,BooleanQueryBenchmarks,LeanCorpus_BooleanQuery,DefaultJob,Default,Default,Default,Default,Default,Default,Default,Default,Default,Default,Default,Default,Default,Default,Default,Default,Default,Default,Default,Default,Default,Default,Default,Default,Default,Default,Default,Default,Default,Default,Default,Default,Default,Default,Default,Default,Default,Default,Default,Default,Default,DefaultJob,BooleanShape=Must3Mixed&DocumentCount=100000,1,Workload,Actual,10,677112604,4096,165310.69,16,0,0,16839
BooleanQueryBenchmarks.LeanCorpus_BooleanQuery,Rowles.LeanCorpus.Benchmarks,BooleanQueryBenchmarks,LeanCorpus_BooleanQuery,DefaultJob,Default,Default,Default,Default,Default,Default,Default,Default,Default,Default,Default,Default,Default,Default,Default,Default,Default,Default,Default,Default,Default,Default,Default,Default,Default,Default,Default,Default,Default,Default,Default,Default,Default,Default,Default,Default,Default,Default,Default,Default,Default,DefaultJob,BooleanShape=Must3Mixed&DocumentCount=100000,1,Workload,Actual,11,676264371,4096,165103.61,16,0,0,16839
BooleanQueryBenchmarks.LeanCorpus_BooleanQuery,Rowles.LeanCorpus.Benchmarks,BooleanQueryBenchmarks,LeanCorpus_BooleanQuery,DefaultJob,Default,Default,Default,Default,Default,Default,Default,Default,Default,Default,Default,Default,Default,Default,Default,Default,Default,Default,Default,Default,Default,Default,Default,Default,Default,Default,Default,Default,Default,Default,Default,Default,Default,Default,Default,Default,Default,Default,Default,Default,Default,DefaultJob,BooleanShape=Must3Mixed&DocumentCount=100000,1,Workload,Actual,12,672979488,4096,164301.63,16,0,0,16839
BooleanQueryBenchmarks.LeanCorpus_BooleanQuery,Rowles.LeanCorpus.Benchmarks,BooleanQueryBenchmarks,LeanCorpus_BooleanQuery,DefaultJob,Default,Default,Default,Default,Default,Default,Default,Default,Default,Default,Default,Default,Default,Default,Default,Default,Default,Default,Default,Default,Default,Default,Default,Default,Default,Default,Default,Default,Default,Default,Default,Default,Default,Default,Default,Default,Default,Default,Default,Default,Default,DefaultJob,BooleanShape=Must3Mixed&DocumentCount=100000,1,Workload,Actual,13,677439495,4096,165390.5,16,0,0,16839
BooleanQueryBenchmarks.LeanCorpus_BooleanQuery,Rowles.LeanCorpus.Benchmarks,BooleanQueryBenchmarks,LeanCorpus_BooleanQuery,DefaultJob,Default,Default,Default,Default,Default,Default,Default,Default,Default,Default,Default,Default,Default,Default,Default,Default,Default,Default,Default,Default,Default,Default,Default,Default,Default,Default,Default,Default,Default,Default,Default,Default,Default,Default,Default,Default,Default,Default,Default,Default,Default,DefaultJob,BooleanShape=Must3Mixed&DocumentCount=100000,1,Workload,Actual,14,675613745,4096,164944.76,16,0,0,16839
BooleanQueryBenchmarks.LeanCorpus_BooleanQuery,Rowles.LeanCorpus.Benchmarks,BooleanQueryBenchmarks,LeanCorpus_BooleanQuery,DefaultJob,Default,Default,Default,Default,Default,Default,Default,Default,Default,Default,Default,Default,Default,Default,Default,Default,Default,Default,Default,Default,Default,Default,Default,Default,Default,Default,Default,Default,Default,Default,Default,Default,Default,Default,Default,Default,Default,Default,Default,Default,Default,DefaultJob,BooleanShape=Must3Mixed&DocumentCount=100000,1,Workload,Actual,15,677012160,4096,165286.17,16,0,0,16839
BooleanQueryBenchmarks.LeanCorpus_BooleanQuery,Rowles.LeanCorpus.Benchmarks,BooleanQueryBenchmarks,LeanCorpus_BooleanQuery,DefaultJob,Default,Default,Default,Default,Default,Default,Default,Default,Default,Default,Default,Default,Default,Default,Default,Default,Default,Default,Default,Default,Default,Default,Default,Default,Default,Default,Default,Default,Default,Default,Default,Default,Default,Default,Default,Default,Default,Default,Default,Default,Default,DefaultJob,BooleanShape=Must3Mixed&DocumentCount=100000,1,Workload,Extra,1,698945131,4096,170640.9,16,0,0,16839
BooleanQueryBenchmarks.LeanCorpus_BooleanQuery,Rowles.LeanCorpus.Benchmarks,BooleanQueryBenchmarks,LeanCorpus_BooleanQuery,DefaultJob,Default,Default,Default,Default,Default,Default,Default,Default,Default,Default,Default,Default,Default,Default,Default,Default,Default,Default,Default,Default,Default,Default,Default,Default,Default,Default,Default,Default,Default,Default,Default,Default,Default,Default,Default,Default,Default,Default,Default,Default,Default,DefaultJob,BooleanShape=Must3Mixed&DocumentCount=100000,1,Workload,Result,1,677842804,4096,165488.97,16,0,0,16839
BooleanQueryBenchmarks.LeanCorpus_BooleanQuery,Rowles.LeanCorpus.Benchmarks,BooleanQueryBenchmarks,LeanCorpus_BooleanQuery,DefaultJob,Default,Default,Default,Default,Default,Default,Default,Default,Default,Default,Default,Default,Default,Default,Default,Default,Default,Default,Default,Default,Default,Default,Default,Default,Default,Default,Default,Default,Default,Default,Default,Default,Default,Default,Default,Default,Default,Default,Default,Default,Default,DefaultJob,BooleanShape=Must3Mixed&DocumentCount=100000,1,Workload,Result,2,677651227,4096,165442.19,16,0,0,16839
BooleanQueryBenchmarks.LeanCorpus_BooleanQuery,Rowles.LeanCorpus.Benchmarks,BooleanQueryBenchmarks,LeanCorpus_BooleanQuery,DefaultJob,Default,Default,Default,Default,Default,Default,Default,Default,Default,Default,Default,Default,Default,Default,Default,Default,Default,Default,Default,Default,Default,Default,Default,Default,Default,Default,Default,Default,Default,Default,Default,Default,Default,Default,Default,Default,Default,Default,Default,Default,Default,DefaultJob,BooleanShape=Must3Mixed&DocumentCount=100000,1,Workload,Result,3,678206516,4096,165577.76,16,0,0,16839
BooleanQueryBenchmarks.LeanCorpus_BooleanQuery,Rowles.LeanCorpus.Benchmarks,BooleanQueryBenchmarks,LeanCorpus_BooleanQuery,DefaultJob,Default,Default,Default,Default,Default,Default,Default,Default,Default,Default,Default,Default,Default,Default,Default,Default,Default,Default,Default,Default,Default,Default,Default,Default,Default,Default,Default,Default,Default,Default,Default,Default,Default,Default,Default,Default,Default,Default,Default,Default,Default,DefaultJob,BooleanShape=Must3Mixed&DocumentCount=100000,1,Workload,Result,4,677060206,4096,165297.9,16,0,0,16839
BooleanQueryBenchmarks.LeanCorpus_BooleanQuery,Rowles.LeanCorpus.Benchmarks,BooleanQueryBenchmarks,LeanCorpus_BooleanQuery,DefaultJob,Default,Default,Default,Default,Default,Default,Default,Default,Default,Default,Default,Default,Default,Default,Default,Default,Default,Default,Default,Default,Default,Default,Default,Default,Default,Default,Default,Default,Default,Default,Default,Default,Default,Default,Default,Default,Default,Default,Default,Default,Default,DefaultJob,BooleanShape=Must3Mixed&DocumentCount=100000,1,Workload,Result,5,674035924,4096,164559.55,16,0,0,16839
BooleanQueryBenchmarks.LeanCorpus_BooleanQuery,Rowles.LeanCorpus.Benchmarks,BooleanQueryBenchmarks,LeanCorpus_BooleanQuery,DefaultJob,Default,Default,Default,Default,Default,Default,Default,Default,Default,Default,Default,Default,Default,Default,Default,Default,Default,Default,Default,Default,Default,Default,Default,Default,Default,Default,Default,Default,Default,Default,Default,Default,Default,Default,Default,Default,Default,Default,Default,Default,Default,DefaultJob,BooleanShape=Must3Mixed&DocumentCount=100000,1,Workload,Result,6,675984882,4096,165035.37,16,0,0,16839
BooleanQueryBenchmarks.LeanCorpus_BooleanQuery,Rowles.LeanCorpus.Benchmarks,BooleanQueryBenchmarks,LeanCorpus_BooleanQuery,DefaultJob,Default,Default,Default,Default,Default,Default,Default,Default,Default,Default,Default,Default,Default,Default,Default,Default,Default,Default,Default,Default,Default,Default,Default,Default,Default,Default,Default,Default,Default,Default,Default,Default,Default,Default,Default,Default,Default,Default,Default,Default,Default,DefaultJob,BooleanShape=Must3Mixed&DocumentCount=100000,1,Workload,Result,7,675081879,4096,164814.91,16,0,0,16839
BooleanQueryBenchmarks.LeanCorpus_BooleanQuery,Rowles.LeanCorpus.Benchmarks,BooleanQueryBenchmarks,LeanCorpus_BooleanQuery,DefaultJob,Default,Default,Default,Default,Default,Default,Default,Default,Default,Default,Default,Default,Default,Default,Default,Default,Default,Default,Default,Default,Default,Default,Default,Default,Default,Default,Default,Default,Default,Default,Default,Default,Default,Default,Default,Default,Default,Default,Default,Default,Default,DefaultJob,BooleanShape=Must3Mixed&DocumentCount=100000,1,Workload,Result,8,675183495,4096,164839.72,16,0,0,16839
BooleanQueryBenchmarks.LeanCorpus_BooleanQuery,Rowles.LeanCorpus.Benchmarks,BooleanQueryBenchmarks,LeanCorpus_BooleanQuery,DefaultJob,Default,Default,Default,Default,Default,Default,Default,Default,Default,Default,Default,Default,Default,Default,Default,Default,Default,Default,Default,Default,Default,Default,Default,Default,Default,Default,Default,Default,Default,Default,Default,Default,Default,Default,Default,Default,Default,Default,Default,Default,Default,DefaultJob,BooleanShape=Must3Mixed&DocumentCount=100000,1,Workload,Result,9,676241031,4096,165097.91,16,0,0,16839
BooleanQueryBenchmarks.LeanCorpus_BooleanQuery,Rowles.LeanCorpus.Benchmarks,BooleanQueryBenchmarks,LeanCorpus_BooleanQuery,DefaultJob,Default,Default,Default,Default,Default,Default,Default,Default,Default,Default,Default,Default,Default,Default,Default,Default,Default,Default,Default,Default,Default,Default,Default,Default,Default,Default,Default,Default,Default,Default,Default,Default,Default,Default,Default,Default,Default,Default,Default,Default,Default,DefaultJob,BooleanShape=Must3Mixed&DocumentCount=100000,1,Workload,Result,10,677112604,4096,165310.69,16,0,0,16839
BooleanQueryBenchmarks.LeanCorpus_BooleanQuery,Rowles.LeanCorpus.Benchmarks,BooleanQueryBenchmarks,LeanCorpus_BooleanQuery,DefaultJob,Default,Default,Default,Default,Default,Default,Default,Default,Default,Default,Default,Default,Default,Default,Default,Default,Default,Default,Default,Default,Default,Default,Default,Default,Default,Default,Default,Default,Default,Default,Default,Default,Default,Default,Default,Default,Default,Default,Default,Default,Default,DefaultJob,BooleanShape=Must3Mixed&DocumentCount=100000,1,Workload,Result,11,676264371,4096,165103.61,16,0,0,16839
BooleanQueryBenchmarks.LeanCorpus_BooleanQuery,Rowles.LeanCorpus.Benchmarks,BooleanQueryBenchmarks,LeanCorpus_BooleanQuery,DefaultJob,Default,Default,Default,Default,Default,Default,Default,Default,Default,Default,Default,Default,Default,Default,Default,Default,Default,Default,Default,Default,Default,Default,Default,Default,Default,Default,Default,Default,Default,Default,Default,Default,Default,Default,Default,Default,Default,Default,Default,Default,Default,DefaultJob,BooleanShape=Must3Mixed&DocumentCount=100000,1,Workload,Result,12,672979488,4096,164301.63,16,0,0,16839
BooleanQueryBenchmarks.LeanCorpus_BooleanQuery,Rowles.LeanCorpus.Benchmarks,BooleanQueryBenchmarks,LeanCorpus_BooleanQuery,DefaultJob,Default,Default,Default,Default,Default,Default,Default,Default,Default,Default,Default,Default,Default,Default,Default,Default,Default,Default,Default,Default,Default,Default,Default,Default,Default,Default,Default,Default,Default,Default,Default,Default,Default,Default,Default,Default,Default,Default,Default,Default,Default,DefaultJob,BooleanShape=Must3Mixed&DocumentCount=100000,1,Workload,Result,13,677439495,4096,165390.5,16,0,0,16839
BooleanQueryBenchmarks.LeanCorpus_BooleanQuery,Rowles.LeanCorpus.Benchmarks,BooleanQueryBenchmarks,LeanCorpus_BooleanQuery,DefaultJob,Default,Default,Default,Default,Default,Default,Default,Default,Default,Default,Default,Default,Default,Default,Default,Default,Default,Default,Default,Default,Default,Default,Default,Default,Default,Default,Default,Default,Default,Default,Default,Default,Default,Default,Default,Default,Default,Default,Default,Default,Default,DefaultJob,BooleanShape=Must3Mixed&DocumentCount=100000,1,Workload,Result,14,675613745,4096,164944.76,16,0,0,16839
BooleanQueryBenchmarks.LeanCorpus_BooleanQuery,Rowles.LeanCorpus.Benchmarks,BooleanQueryBenchmarks,LeanCorpus_BooleanQuery,DefaultJob,Default,Default,Default,Default,Default,Default,Default,Default,Default,Default,Default,Default,Default,Default,Default,Default,Default,Default,Default,Default,Default,Default,Default,Default,Default,Default,Default,Default,Default,Default,Default,Default,Default,Default,Default,Default,Default,Default,Default,Default,Default,DefaultJob,BooleanShape=Must3Mixed&DocumentCount=100000,1,Workload,Result,15,677012160,4096,165286.17,16,0,0,16839
BooleanQueryBenchmarks.LuceneNet_BooleanQuery,Rowles.LeanCorpus.Benchmarks,BooleanQueryBenchmarks,LuceneNet_BooleanQuery,DefaultJob,Default,Default,Default,Default,Default,Default,Default,Default,Default,Default,Default,Default,Default,Default,Default,Default,Default,Default,Default,Default,Default,Default,Default,Default,Default,Default,Default,Default,Default,Default,Default,Default,Default,Default,Default,Default,Default,Default,Default,Default,Default,DefaultJob,BooleanShape=Must3Mixed&DocumentCount=100000,1,Workload,Jitting,1,169396155,1,169396155,81,2,0,170573
BooleanQueryBenchmarks.LuceneNet_BooleanQuery,Rowles.LeanCorpus.Benchmarks,BooleanQueryBenchmarks,LuceneNet_BooleanQuery,DefaultJob,Default,Default,Default,Default,Default,Default,Default,Default,Default,Default,Default,Default,Default,Default,Default,Default,Default,Default,Default,Default,Default,Default,Default,Default,Default,Default,Default,Default,Default,Default,Default,Default,Default,Default,Default,Default,Default,Default,Default,Default,Default,DefaultJob,BooleanShape=Must3Mixed&DocumentCount=100000,1,Workload,Jitting,2,22787139,30,759571.3,81,2,0,170573
BooleanQueryBenchmarks.LuceneNet_BooleanQuery,Rowles.LeanCorpus.Benchmarks,BooleanQueryBenchmarks,LuceneNet_BooleanQuery,DefaultJob,Default,Default,Default,Default,Default,Default,Default,Default,Default,Default,Default,Default,Default,Default,Default,Default,Default,Default,Default,Default,Default,Default,Default,Default,Default,Default,Default,Default,Default,Default,Default,Default,Default,Default,Default,Default,Default,Default,Default,Default,Default,DefaultJob,BooleanShape=Must3Mixed&DocumentCount=100000,1,Workload,Jitting,3,17091534,30,569717.8,81,2,0,170573
BooleanQueryBenchmarks.LuceneNet_BooleanQuery,Rowles.LeanCorpus.Benchmarks,BooleanQueryBenchmarks,LuceneNet_BooleanQuery,DefaultJob,Default,Default,Default,Default,Default,Default,Default,Default,Default,Default,Default,Default,Default,Default,Default,Default,Default,Default,Default,Default,Default,Default,Default,Default,Default,Default,Default,Default,Default,Default,Default,Default,Default,Default,Default,Default,Default,Default,Default,Default,Default,DefaultJob,BooleanShape=Must3Mixed&DocumentCount=100000,1,Workload,Jitting,4,16547992,30,551599.73,81,2,0,170573
BooleanQueryBenchmarks.LuceneNet_BooleanQuery,Rowles.LeanCorpus.Benchmarks,BooleanQueryBenchmarks,LuceneNet_BooleanQuery,DefaultJob,Default,Default,Default,Default,Default,Default,Default,Default,Default,Default,Default,Default,Default,Default,Default,Default,Default,Default,Default,Default,Default,Default,Default,Default,Default,Default,Default,Default,Default,Default,Default,Default,Default,Default,Default,Default,Default,Default,Default,Default,Default,DefaultJob,BooleanShape=Must3Mixed&DocumentCount=100000,1,Workload,Jitting,5,412107,1,412107,81,2,0,170573
BooleanQueryBenchmarks.LuceneNet_BooleanQuery,Rowles.LeanCorpus.Benchmarks,BooleanQueryBenchmarks,LuceneNet_BooleanQuery,DefaultJob,Default,Default,Default,Default,Default,Default,Default,Default,Default,Default,Default,Default,Default,Default,Default,Default,Default,Default,Default,Default,Default,Default,Default,Default,Default,Default,Default,Default,Default,Default,Default,Default,Default,Default,Default,Default,Default,Default,Default,Default,Default,DefaultJob,BooleanShape=Must3Mixed&DocumentCount=100000,1,Workload,Pilot,1,758474,1,758474,81,2,0,170573
BooleanQueryBenchmarks.LuceneNet_BooleanQuery,Rowles.LeanCorpus.Benchmarks,BooleanQueryBenchmarks,LuceneNet_BooleanQuery,DefaultJob,Default,Default,Default,Default,Default,Default,Default,Default,Default,Default,Default,Default,Default,Default,Default,Default,Default,Default,Default,Default,Default,Default,Default,Default,Default,Default,Default,Default,Default,Default,Default,Default,Default,Default,Default,Default,Default,Default,Default,Default,Default,DefaultJob,BooleanShape=Must3Mixed&DocumentCount=100000,1,Workload,Pilot,1,12252113,16,765757.06,81,2,0,170573
BooleanQueryBenchmarks.LuceneNet_BooleanQuery,Rowles.LeanCorpus.Benchmarks,BooleanQueryBenchmarks,LuceneNet_BooleanQuery,DefaultJob,Default,Default,Default,Default,Default,Default,Default,Default,Default,Default,Default,Default,Default,Default,Default,Default,Default,Default,Default,Default,Default,Default,Default,Default,Default,Default,Default,Default,Default,Default,Default,Default,Default,Default,Default,Default,Default,Default,Default,Default,Default,DefaultJob,BooleanShape=Must3Mixed&DocumentCount=100000,1,Workload,Pilot,2,22807047,32,712720.22,81,2,0,170573
BooleanQueryBenchmarks.LuceneNet_BooleanQuery,Rowles.LeanCorpus.Benchmarks,BooleanQueryBenchmarks,LuceneNet_BooleanQuery,DefaultJob,Default,Default,Default,Default,Default,Default,Default,Default,Default,Default,Default,Default,Default,Default,Default,Default,Default,Default,Default,Default,Default,Default,Default,Default,Default,Default,Default,Default,Default,Default,Default,Default,Default,Default,Default,Default,Default,Default,Default,Default,Default,DefaultJob,BooleanShape=Must3Mixed&DocumentCount=100000,1,Workload,Pilot,3,31688806,64,495137.59,81,2,0,170573
BooleanQueryBenchmarks.LuceneNet_BooleanQuery,Rowles.LeanCorpus.Benchmarks,BooleanQueryBenchmarks,LuceneNet_BooleanQuery,DefaultJob,Default,Default,Default,Default,Default,Default,Default,Default,Default,Default,Default,Default,Default,Default,Default,Default,Default,Default,Default,Default,Default,Default,Default,Default,Default,Default,Default,Default,Default,Default,Default,Default,Default,Default,Default,Default,Default,Default,Default,Default,Default,DefaultJob,BooleanShape=Must3Mixed&DocumentCount=100000,1,Workload,Pilot,4,42711397,128,333682.79,81,2,0,170573
BooleanQueryBenchmarks.LuceneNet_BooleanQuery,Rowles.LeanCorpus.Benchmarks,BooleanQueryBenchmarks,LuceneNet_BooleanQuery,DefaultJob,Default,Default,Default,Default,Default,Default,Default,Default,Default,Default,Default,Default,Default,Default,Default,Default,Default,Default,Default,Default,Default,Default,Default,Default,Default,Default,Default,Default,Default,Default,Default,Default,Default,Default,Default,Default,Default,Default,Default,Default,Default,DefaultJob,BooleanShape=Must3Mixed&DocumentCount=100000,1,Workload,Pilot,5,67811830,256,264889.96,81,2,0,170573
BooleanQueryBenchmarks.LuceneNet_BooleanQuery,Rowles.LeanCorpus.Benchmarks,BooleanQueryBenchmarks,LuceneNet_BooleanQuery,DefaultJob,Default,Default,Default,Default,Default,Default,Default,Default,Default,Default,Default,Default,Default,Default,Default,Default,Default,Default,Default,Default,Default,Default,Default,Default,Default,Default,Default,Default,Default,Default,Default,Default,Default,Default,Default,Default,Default,Default,Default,Default,Default,DefaultJob,BooleanShape=Must3Mixed&DocumentCount=100000,1,Workload,Pilot,6,139959673,512,273358.74,81,2,0,170573
BooleanQueryBenchmarks.LuceneNet_BooleanQuery,Rowles.LeanCorpus.Benchmarks,BooleanQueryBenchmarks,LuceneNet_BooleanQuery,DefaultJob,Default,Default,Default,Default,Default,Default,Default,Default,Default,Default,Default,Default,Default,Default,Default,Default,Default,Default,Default,Default,Default,Default,Default,Default,Default,Default,Default,Default,Default,Default,Default,Default,Default,Default,Default,Default,Default,Default,Default,Default,Default,DefaultJob,BooleanShape=Must3Mixed&DocumentCount=100000,1,Workload,Pilot,7,280143876,1024,273578,81,2,0,170573
BooleanQueryBenchmarks.LuceneNet_BooleanQuery,Rowles.LeanCorpus.Benchmarks,BooleanQueryBenchmarks,LuceneNet_BooleanQuery,DefaultJob,Default,Default,Default,Default,Default,Default,Default,Default,Default,Default,Default,Default,Default,Default,Default,Default,Default,Default,Default,Default,Default,Default,Default,Default,Default,Default,Default,Default,Default,Default,Default,Default,Default,Default,Default,Default,Default,Default,Default,Default,Default,DefaultJob,BooleanShape=Must3Mixed&DocumentCount=100000,1,Workload,Pilot,8,566808541,2048,276761.98,81,2,0,170573
BooleanQueryBenchmarks.LuceneNet_BooleanQuery,Rowles.LeanCorpus.Benchmarks,BooleanQueryBenchmarks,LuceneNet_BooleanQuery,DefaultJob,Default,Default,Default,Default,Default,Default,Default,Default,Default,Default,Default,Default,Default,Default,Default,Default,Default,Default,Default,Default,Default,Default,Default,Default,Default,Default,Default,Default,Default,Default,Default,Default,Default,Default,Default,Default,Default,Default,Default,Default,Default,DefaultJob,BooleanShape=Must3Mixed&DocumentCount=100000,1,Workload,Warmup,1,577555203,2048,282009.38,81,2,0,170573
BooleanQueryBenchmarks.LuceneNet_BooleanQuery,Rowles.LeanCorpus.Benchmarks,BooleanQueryBenchmarks,LuceneNet_BooleanQuery,DefaultJob,Default,Default,Default,Default,Default,Default,Default,Default,Default,Default,Default,Default,Default,Default,Default,Default,Default,Default,Default,Default,Default,Default,Default,Default,Default,Default,Default,Default,Default,Default,Default,Default,Default,Default,Default,Default,Default,Default,Default,Default,Default,DefaultJob,BooleanShape=Must3Mixed&DocumentCount=100000,1,Workload,Warmup,2,573775436,2048,280163.79,81,2,0,170573
BooleanQueryBenchmarks.LuceneNet_BooleanQuery,Rowles.LeanCorpus.Benchmarks,BooleanQueryBenchmarks,LuceneNet_BooleanQuery,DefaultJob,Default,Default,Default,Default,Default,Default,Default,Default,Default,Default,Default,Default,Default,Default,Default,Default,Default,Default,Default,Default,Default,Default,Default,Default,Default,Default,Default,Default,Default,Default,Default,Default,Default,Default,Default,Default,Default,Default,Default,Default,Default,DefaultJob,BooleanShape=Must3Mixed&DocumentCount=100000,1,Workload,Warmup,3,568522770,2048,277599.01,81,2,0,170573
BooleanQueryBenchmarks.LuceneNet_BooleanQuery,Rowles.LeanCorpus.Benchmarks,BooleanQueryBenchmarks,LuceneNet_BooleanQuery,DefaultJob,Default,Default,Default,Default,Default,Default,Default,Default,Default,Default,Default,Default,Default,Default,Default,Default,Default,Default,Default,Default,Default,Default,Default,Default,Default,Default,Default,Default,Default,Default,Default,Default,Default,Default,Default,Default,Default,Default,Default,Default,Default,DefaultJob,BooleanShape=Must3Mixed&DocumentCount=100000,1,Workload,Warmup,4,578261572,2048,282354.28,81,2,0,170573
BooleanQueryBenchmarks.LuceneNet_BooleanQuery,Rowles.LeanCorpus.Benchmarks,BooleanQueryBenchmarks,LuceneNet_BooleanQuery,DefaultJob,Default,Default,Default,Default,Default,Default,Default,Default,Default,Default,Default,Default,Default,Default,Default,Default,Default,Default,Default,Default,Default,Default,Default,Default,Default,Default,Default,Default,Default,Default,Default,Default,Default,Default,Default,Default,Default,Default,Default,Default,Default,DefaultJob,BooleanShape=Must3Mixed&DocumentCount=100000,1,Workload,Warmup,5,576960707,2048,281719.1,81,2,0,170573
BooleanQueryBenchmarks.LuceneNet_BooleanQuery,Rowles.LeanCorpus.Benchmarks,BooleanQueryBenchmarks,LuceneNet_BooleanQuery,DefaultJob,Default,Default,Default,Default,Default,Default,Default,Default,Default,Default,Default,Default,Default,Default,Default,Default,Default,Default,Default,Default,Default,Default,Default,Default,Default,Default,Default,Default,Default,Default,Default,Default,Default,Default,Default,Default,Default,Default,Default,Default,Default,DefaultJob,BooleanShape=Must3Mixed&DocumentCount=100000,1,Workload,Warmup,6,568439832,2048,277558.51,81,2,0,170573
BooleanQueryBenchmarks.LuceneNet_BooleanQuery,Rowles.LeanCorpus.Benchmarks,BooleanQueryBenchmarks,LuceneNet_BooleanQuery,DefaultJob,Default,Default,Default,Default,Default,Default,Default,Default,Default,Default,Default,Default,Default,Default,Default,Default,Default,Default,Default,Default,Default,Default,Default,Default,Default,Default,Default,Default,Default,Default,Default,Default,Default,Default,Default,Default,Default,Default,Default,Default,Default,DefaultJob,BooleanShape=Must3Mixed&DocumentCount=100000,1,Workload,Warmup,7,577701750,2048,282080.93,81,2,0,170573
BooleanQueryBenchmarks.LuceneNet_BooleanQuery,Rowles.LeanCorpus.Benchmarks,BooleanQueryBenchmarks,LuceneNet_BooleanQuery,DefaultJob,Default,Default,Default,Default,Default,Default,Default,Default,Default,Default,Default,Default,Default,Default,Default,Default,Default,Default,Default,Default,Default,Default,Default,Default,Default,Default,Default,Default,Default,Default,Default,Default,Default,Default,Default,Default,Default,Default,Default,Default,Default,DefaultJob,BooleanShape=Must3Mixed&DocumentCount=100000,1,Workload,Warmup,8,576768715,2048,281625.35,81,2,0,170573
BooleanQueryBenchmarks.LuceneNet_BooleanQuery,Rowles.LeanCorpus.Benchmarks,BooleanQueryBenchmarks,LuceneNet_BooleanQuery,DefaultJob,Default,Default,Default,Default,Default,Default,Default,Default,Default,Default,Default,Default,Default,Default,Default,Default,Default,Default,Default,Default,Default,Default,Default,Default,Default,Default,Default,Default,Default,Default,Default,Default,Default,Default,Default,Default,Default,Default,Default,Default,Default,DefaultJob,BooleanShape=Must3Mixed&DocumentCount=100000,1,Workload,Actual,1,562618897,2048,274716.26,81,2,0,170573
BooleanQueryBenchmarks.LuceneNet_BooleanQuery,Rowles.LeanCorpus.Benchmarks,BooleanQueryBenchmarks,LuceneNet_BooleanQuery,DefaultJob,Default,Default,Default,Default,Default,Default,Default,Default,Default,Default,Default,Default,Default,Default,Default,Default,Default,Default,Default,Default,Default,Default,Default,Default,Default,Default,Default,Default,Default,Default,Default,Default,Default,Default,Default,Default,Default,Default,Default,Default,Default,DefaultJob,BooleanShape=Must3Mixed&DocumentCount=100000,1,Workload,Actual,2,578470059,2048,282456.08,81,2,0,170573
BooleanQueryBenchmarks.LuceneNet_BooleanQuery,Rowles.LeanCorpus.Benchmarks,BooleanQueryBenchmarks,LuceneNet_BooleanQuery,DefaultJob,Default,Default,Default,Default,Default,Default,Default,Default,Default,Default,Default,Default,Default,Default,Default,Default,Default,Default,Default,Default,Default,Default,Default,Default,Default,Default,Default,Default,Default,Default,Default,Default,Default,Default,Default,Default,Default,Default,Default,Default,Default,DefaultJob,BooleanShape=Must3Mixed&DocumentCount=100000,1,Workload,Actual,3,575358777,2048,280936.9,81,2,0,170573
BooleanQueryBenchmarks.LuceneNet_BooleanQuery,Rowles.LeanCorpus.Benchmarks,BooleanQueryBenchmarks,LuceneNet_BooleanQuery,DefaultJob,Default,Default,Default,Default,Default,Default,Default,Default,Default,Default,Default,Default,Default,Default,Default,Default,Default,Default,Default,Default,Default,Default,Default,Default,Default,Default,Default,Default,Default,Default,Default,Default,Default,Default,Default,Default,Default,Default,Default,Default,Default,DefaultJob,BooleanShape=Must3Mixed&DocumentCount=100000,1,Workload,Actual,4,585095637,2048,285691.23,81,2,0,170573
BooleanQueryBenchmarks.LuceneNet_BooleanQuery,Rowles.LeanCorpus.Benchmarks,BooleanQueryBenchmarks,LuceneNet_BooleanQuery,DefaultJob,Default,Default,Default,Default,Default,Default,Default,Default,Default,Default,Default,Default,Default,Default,Default,Default,Default,Default,Default,Default,Default,Default,Default,Default,Default,Default,Default,Default,Default,Default,Default,Default,Default,Default,Default,Default,Default,Default,Default,Default,Default,DefaultJob,BooleanShape=Must3Mixed&DocumentCount=100000,1,Workload,Actual,5,554213135,2048,270611.88,81,2,0,170573
BooleanQueryBenchmarks.LuceneNet_BooleanQuery,Rowles.LeanCorpus.Benchmarks,BooleanQueryBenchmarks,LuceneNet_BooleanQuery,DefaultJob,Default,Default,Default,Default,Default,Default,Default,Default,Default,Default,Default,Default,Default,Default,Default,Default,Default,Default,Default,Default,Default,Default,Default,Default,Default,Default,Default,Default,Default,Default,Default,Default,Default,Default,Default,Default,Default,Default,Default,Default,Default,DefaultJob,BooleanShape=Must3Mixed&DocumentCount=100000,1,Workload,Actual,6,590183933,2048,288175.75,81,2,0,170573
BooleanQueryBenchmarks.LuceneNet_BooleanQuery,Rowles.LeanCorpus.Benchmarks,BooleanQueryBenchmarks,LuceneNet_BooleanQuery,DefaultJob,Default,Default,Default,Default,Default,Default,Default,Default,Default,Default,Default,Default,Default,Default,Default,Default,Default,Default,Default,Default,Default,Default,Default,Default,Default,Default,Default,Default,Default,Default,Default,Default,Default,Default,Default,Default,Default,Default,Default,Default,Default,DefaultJob,BooleanShape=Must3Mixed&DocumentCount=100000,1,Workload,Actual,7,555795845,2048,271384.69,81,2,0,170573
BooleanQueryBenchmarks.LuceneNet_BooleanQuery,Rowles.LeanCorpus.Benchmarks,BooleanQueryBenchmarks,LuceneNet_BooleanQuery,DefaultJob,Default,Default,Default,Default,Default,Default,Default,Default,Default,Default,Default,Default,Default,Default,Default,Default,Default,Default,Default,Default,Default,Default,Default,Default,Default,Default,Default,Default,Default,Default,Default,Default,Default,Default,Default,Default,Default,Default,Default,Default,Default,DefaultJob,BooleanShape=Must3Mixed&DocumentCount=100000,1,Workload,Actual,8,587540120,2048,286884.82,81,2,0,170573
BooleanQueryBenchmarks.LuceneNet_BooleanQuery,Rowles.LeanCorpus.Benchmarks,BooleanQueryBenchmarks,LuceneNet_BooleanQuery,DefaultJob,Default,Default,Default,Default,Default,Default,Default,Default,Default,Default,Default,Default,Default,Default,Default,Default,Default,Default,Default,Default,Default,Default,Default,Default,Default,Default,Default,Default,Default,Default,Default,Default,Default,Default,Default,Default,Default,Default,Default,Default,Default,DefaultJob,BooleanShape=Must3Mixed&DocumentCount=100000,1,Workload,Actual,9,558121664,2048,272520.34,81,2,0,170573
BooleanQueryBenchmarks.LuceneNet_BooleanQuery,Rowles.LeanCorpus.Benchmarks,BooleanQueryBenchmarks,LuceneNet_BooleanQuery,DefaultJob,Default,Default,Default,Default,Default,Default,Default,Default,Default,Default,Default,Default,Default,Default,Default,Default,Default,Default,Default,Default,Default,Default,Default,Default,Default,Default,Default,Default,Default,Default,Default,Default,Default,Default,Default,Default,Default,Default,Default,Default,Default,DefaultJob,BooleanShape=Must3Mixed&DocumentCount=100000,1,Workload,Actual,10,591647588,2048,288890.42,81,2,0,170573
BooleanQueryBenchmarks.LuceneNet_BooleanQuery,Rowles.LeanCorpus.Benchmarks,BooleanQueryBenchmarks,LuceneNet_BooleanQuery,DefaultJob,Default,Default,Default,Default,Default,Default,Default,Default,Default,Default,Default,Default,Default,Default,Default,Default,Default,Default,Default,Default,Default,Default,Default,Default,Default,Default,Default,Default,Default,Default,Default,Default,Default,Default,Default,Default,Default,Default,Default,Default,Default,DefaultJob,BooleanShape=Must3Mixed&DocumentCount=100000,1,Workload,Actual,11,556511519,2048,271734.14,81,2,0,170573
BooleanQueryBenchmarks.LuceneNet_BooleanQuery,Rowles.LeanCorpus.Benchmarks,BooleanQueryBenchmarks,LuceneNet_BooleanQuery,DefaultJob,Default,Default,Default,Default,Default,Default,Default,Default,Default,Default,Default,Default,Default,Default,Default,Default,Default,Default,Default,Default,Default,Default,Default,Default,Default,Default,Default,Default,Default,Default,Default,Default,Default,Default,Default,Default,Default,Default,Default,Default,Default,DefaultJob,BooleanShape=Must3Mixed&DocumentCount=100000,1,Workload,Actual,12,589362230,2048,287774.53,81,2,0,170573
BooleanQueryBenchmarks.LuceneNet_BooleanQuery,Rowles.LeanCorpus.Benchmarks,BooleanQueryBenchmarks,LuceneNet_BooleanQuery,DefaultJob,Default,Default,Default,Default,Default,Default,Default,Default,Default,Default,Default,Default,Default,Default,Default,Default,Default,Default,Default,Default,Default,Default,Default,Default,Default,Default,Default,Default,Default,Default,Default,Default,Default,Default,Default,Default,Default,Default,Default,Default,Default,DefaultJob,BooleanShape=Must3Mixed&DocumentCount=100000,1,Workload,Actual,13,555610053,2048,271293.97,81,2,0,170573
BooleanQueryBenchmarks.LuceneNet_BooleanQuery,Rowles.LeanCorpus.Benchmarks,BooleanQueryBenchmarks,LuceneNet_BooleanQuery,DefaultJob,Default,Default,Default,Default,Default,Default,Default,Default,Default,Default,Default,Default,Default,Default,Default,Default,Default,Default,Default,Default,Default,Default,Default,Default,Default,Default,Default,Default,Default,Default,Default,Default,Default,Default,Default,Default,Default,Default,Default,Default,Default,DefaultJob,BooleanShape=Must3Mixed&DocumentCount=100000,1,Workload,Actual,14,588531242,2048,287368.77,81,2,0,170573
BooleanQueryBenchmarks.LuceneNet_BooleanQuery,Rowles.LeanCorpus.Benchmarks,BooleanQueryBenchmarks,LuceneNet_BooleanQuery,DefaultJob,Default,Default,Default,Default,Default,Default,Default,Default,Default,Default,Default,Default,Default,Default,Default,Default,Default,Default,Default,Default,Default,Default,Default,Default,Default,Default,Default,Default,Default,Default,Default,Default,Default,Default,Default,Default,Default,Default,Default,Default,Default,DefaultJob,BooleanShape=Must3Mixed&DocumentCount=100000,1,Workload,Actual,15,556373240,2048,271666.62,81,2,0,170573
BooleanQueryBenchmarks.LuceneNet_BooleanQuery,Rowles.LeanCorpus.Benchmarks,BooleanQueryBenchmarks,LuceneNet_BooleanQuery,DefaultJob,Default,Default,Default,Default,Default,Default,Default,Default,Default,Default,Default,Default,Default,Default,Default,Default,Default,Default,Default,Default,Default,Default,Default,Default,Default,Default,Default,Default,Default,Default,Default,Default,Default,Default,Default,Default,Default,Default,Default,Default,Default,DefaultJob,BooleanShape=Must3Mixed&DocumentCount=100000,1,Workload,Actual,16,588213665,2048,287213.7,81,2,0,170573
BooleanQueryBenchmarks.LuceneNet_BooleanQuery,Rowles.LeanCorpus.Benchmarks,BooleanQueryBenchmarks,LuceneNet_BooleanQuery,DefaultJob,Default,Default,Default,Default,Default,Default,Default,Default,Default,Default,Default,Default,Default,Default,Default,Default,Default,Default,Default,Default,Default,Default,Default,Default,Default,Default,Default,Default,Default,Default,Default,Default,Default,Default,Default,Default,Default,Default,Default,Default,Default,DefaultJob,BooleanShape=Must3Mixed&DocumentCount=100000,1,Workload,Actual,17,555863982,2048,271417.96,81,2,0,170573
BooleanQueryBenchmarks.LuceneNet_BooleanQuery,Rowles.LeanCorpus.Benchmarks,BooleanQueryBenchmarks,LuceneNet_BooleanQuery,DefaultJob,Default,Default,Default,Default,Default,Default,Default,Default,Default,Default,Default,Default,Default,Default,Default,Default,Default,Default,Default,Default,Default,Default,Default,Default,Default,Default,Default,Default,Default,Default,Default,Default,Default,Default,Default,Default,Default,Default,Default,Default,Default,DefaultJob,BooleanShape=Must3Mixed&DocumentCount=100000,1,Workload,Actual,18,589083520,2048,287638.44,81,2,0,170573
BooleanQueryBenchmarks.LuceneNet_BooleanQuery,Rowles.LeanCorpus.Benchmarks,BooleanQueryBenchmarks,LuceneNet_BooleanQuery,DefaultJob,Default,Default,Default,Default,Default,Default,Default,Default,Default,Default,Default,Default,Default,Default,Default,Default,Default,Default,Default,Default,Default,Default,Default,Default,Default,Default,Default,Default,Default,Default,Default,Default,Default,Default,Default,Default,Default,Default,Default,Default,Default,DefaultJob,BooleanShape=Must3Mixed&DocumentCount=100000,1,Workload,Actual,19,553939189,2048,270478.12,81,2,0,170573
BooleanQueryBenchmarks.LuceneNet_BooleanQuery,Rowles.LeanCorpus.Benchmarks,BooleanQueryBenchmarks,LuceneNet_BooleanQuery,DefaultJob,Default,Default,Default,Default,Default,Default,Default,Default,Default,Default,Default,Default,Default,Default,Default,Default,Default,Default,Default,Default,Default,Default,Default,Default,Default,Default,Default,Default,Default,Default,Default,Default,Default,Default,Default,Default,Default,Default,Default,Default,Default,DefaultJob,BooleanShape=Must3Mixed&DocumentCount=100000,1,Workload,Actual,20,584878592,2048,285585.25,81,2,0,170573
BooleanQueryBenchmarks.LuceneNet_BooleanQuery,Rowles.LeanCorpus.Benchmarks,BooleanQueryBenchmarks,LuceneNet_BooleanQuery,DefaultJob,Default,Default,Default,Default,Default,Default,Default,Default,Default,Default,Default,Default,Default,Default,Default,Default,Default,Default,Default,Default,Default,Default,Default,Default,Default,Default,Default,Default,Default,Default,Default,Default,Default,Default,Default,Default,Default,Default,Default,Default,Default,DefaultJob,BooleanShape=Must3Mixed&DocumentCount=100000,1,Workload,Actual,21,555383134,2048,271183.17,81,2,0,170573
BooleanQueryBenchmarks.LuceneNet_BooleanQuery,Rowles.LeanCorpus.Benchmarks,BooleanQueryBenchmarks,LuceneNet_BooleanQuery,DefaultJob,Default,Default,Default,Default,Default,Default,Default,Default,Default,Default,Default,Default,Default,Default,Default,Default,Default,Default,Default,Default,Default,Default,Default,Default,Default,Default,Default,Default,Default,Default,Default,Default,Default,Default,Default,Default,Default,Default,Default,Default,Default,DefaultJob,BooleanShape=Must3Mixed&DocumentCount=100000,1,Workload,Actual,22,588348218,2048,287279.4,81,2,0,170573
BooleanQueryBenchmarks.LuceneNet_BooleanQuery,Rowles.LeanCorpus.Benchmarks,BooleanQueryBenchmarks,LuceneNet_BooleanQuery,DefaultJob,Default,Default,Default,Default,Default,Default,Default,Default,Default,Default,Default,Default,Default,Default,Default,Default,Default,Default,Default,Default,Default,Default,Default,Default,Default,Default,Default,Default,Default,Default,Default,Default,Default,Default,Default,Default,Default,Default,Default,Default,Default,DefaultJob,BooleanShape=Must3Mixed&DocumentCount=100000,1,Workload,Actual,23,555967308,2048,271468.41,81,2,0,170573
BooleanQueryBenchmarks.LuceneNet_BooleanQuery,Rowles.LeanCorpus.Benchmarks,BooleanQueryBenchmarks,LuceneNet_BooleanQuery,DefaultJob,Default,Default,Default,Default,Default,Default,Default,Default,Default,Default,Default,Default,Default,Default,Default,Default,Default,Default,Default,Default,Default,Default,Default,Default,Default,Default,Default,Default,Default,Default,Default,Default,Default,Default,Default,Default,Default,Default,Default,Default,Default,DefaultJob,BooleanShape=Must3Mixed&DocumentCount=100000,1,Workload,Actual,24,588158457,2048,287186.75,81,2,0,170573
BooleanQueryBenchmarks.LuceneNet_BooleanQuery,Rowles.LeanCorpus.Benchmarks,BooleanQueryBenchmarks,LuceneNet_BooleanQuery,DefaultJob,Default,Default,Default,Default,Default,Default,Default,Default,Default,Default,Default,Default,Default,Default,Default,Default,Default,Default,Default,Default,Default,Default,Default,Default,Default,Default,Default,Default,Default,Default,Default,Default,Default,Default,Default,Default,Default,Default,Default,Default,Default,DefaultJob,BooleanShape=Must3Mixed&DocumentCount=100000,1,Workload,Actual,25,557116676,2048,272029.63,81,2,0,170573
BooleanQueryBenchmarks.LuceneNet_BooleanQuery,Rowles.LeanCorpus.Benchmarks,BooleanQueryBenchmarks,LuceneNet_BooleanQuery,DefaultJob,Default,Default,Default,Default,Default,Default,Default,Default,Default,Default,Default,Default,Default,Default,Default,Default,Default,Default,Default,Default,Default,Default,Default,Default,Default,Default,Default,Default,Default,Default,Default,Default,Default,Default,Default,Default,Default,Default,Default,Default,Default,DefaultJob,BooleanShape=Must3Mixed&DocumentCount=100000,1,Workload,Actual,26,588208215,2048,287211.04,81,2,0,170573
BooleanQueryBenchmarks.LuceneNet_BooleanQuery,Rowles.LeanCorpus.Benchmarks,BooleanQueryBenchmarks,LuceneNet_BooleanQuery,DefaultJob,Default,Default,Default,Default,Default,Default,Default,Default,Default,Default,Default,Default,Default,Default,Default,Default,Default,Default,Default,Default,Default,Default,Default,Default,Default,Default,Default,Default,Default,Default,Default,Default,Default,Default,Default,Default,Default,Default,Default,Default,Default,DefaultJob,BooleanShape=Must3Mixed&DocumentCount=100000,1,Workload,Actual,27,550017130,2048,268563.05,81,2,0,170573
BooleanQueryBenchmarks.LuceneNet_BooleanQuery,Rowles.LeanCorpus.Benchmarks,BooleanQueryBenchmarks,LuceneNet_BooleanQuery,DefaultJob,Default,Default,Default,Default,Default,Default,Default,Default,Default,Default,Default,Default,Default,Default,Default,Default,Default,Default,Default,Default,Default,Default,Default,Default,Default,Default,Default,Default,Default,Default,Default,Default,Default,Default,Default,Default,Default,Default,Default,Default,Default,DefaultJob,BooleanShape=Must3Mixed&DocumentCount=100000,1,Workload,Actual,28,584467376,2048,285384.46,81,2,0,170573
BooleanQueryBenchmarks.LuceneNet_BooleanQuery,Rowles.LeanCorpus.Benchmarks,BooleanQueryBenchmarks,LuceneNet_BooleanQuery,DefaultJob,Default,Default,Default,Default,Default,Default,Default,Default,Default,Default,Default,Default,Default,Default,Default,Default,Default,Default,Default,Default,Default,Default,Default,Default,Default,Default,Default,Default,Default,Default,Default,Default,Default,Default,Default,Default,Default,Default,Default,Default,Default,DefaultJob,BooleanShape=Must3Mixed&DocumentCount=100000,1,Workload,Extra,1,550061823,2048,268584.87,81,2,0,170573
BooleanQueryBenchmarks.LuceneNet_BooleanQuery,Rowles.LeanCorpus.Benchmarks,BooleanQueryBenchmarks,LuceneNet_BooleanQuery,DefaultJob,Default,Default,Default,Default,Default,Default,Default,Default,Default,Default,Default,Default,Default,Default,Default,Default,Default,Default,Default,Default,Default,Default,Default,Default,Default,Default,Default,Default,Default,Default,Default,Default,Default,Default,Default,Default,Default,Default,Default,Default,Default,DefaultJob,BooleanShape=Must3Mixed&DocumentCount=100000,1,Workload,Result,1,562618897,2048,274716.26,81,2,0,170573
BooleanQueryBenchmarks.LuceneNet_BooleanQuery,Rowles.LeanCorpus.Benchmarks,BooleanQueryBenchmarks,LuceneNet_BooleanQuery,DefaultJob,Default,Default,Default,Default,Default,Default,Default,Default,Default,Default,Default,Default,Default,Default,Default,Default,Default,Default,Default,Default,Default,Default,Default,Default,Default,Default,Default,Default,Default,Default,Default,Default,Default,Default,Default,Default,Default,Default,Default,Default,Default,DefaultJob,BooleanShape=Must3Mixed&DocumentCount=100000,1,Workload,Result,2,578470059,2048,282456.08,81,2,0,170573
BooleanQueryBenchmarks.LuceneNet_BooleanQuery,Rowles.LeanCorpus.Benchmarks,BooleanQueryBenchmarks,LuceneNet_BooleanQuery,DefaultJob,Default,Default,Default,Default,Default,Default,Default,Default,Default,Default,Default,Default,Default,Default,Default,Default,Default,Default,Default,Default,Default,Default,Default,Default,Default,Default,Default,Default,Default,Default,Default,Default,Default,Default,Default,Default,Default,Default,Default,Default,Default,DefaultJob,BooleanShape=Must3Mixed&DocumentCount=100000,1,Workload,Result,3,575358777,2048,280936.9,81,2,0,170573
BooleanQueryBenchmarks.LuceneNet_BooleanQuery,Rowles.LeanCorpus.Benchmarks,BooleanQueryBenchmarks,LuceneNet_BooleanQuery,DefaultJob,Default,Default,Default,Default,Default,Default,Default,Default,Default,Default,Default,Default,Default,Default,Default,Default,Default,Default,Default,Default,Default,Default,Default,Default,Default,Default,Default,Default,Default,Default,Default,Default,Default,Default,Default,Default,Default,Default,Default,Default,Default,DefaultJob,BooleanShape=Must3Mixed&DocumentCount=100000,1,Workload,Result,4,585095637,2048,285691.23,81,2,0,170573
BooleanQueryBenchmarks.LuceneNet_BooleanQuery,Rowles.LeanCorpus.Benchmarks,BooleanQueryBenchmarks,LuceneNet_BooleanQuery,DefaultJob,Default,Default,Default,Default,Default,Default,Default,Default,Default,Default,Default,Default,Default,Default,Default,Default,Default,Default,Default,Default,Default,Default,Default,Default,Default,Default,Default,Default,Default,Default,Default,Default,Default,Default,Default,Default,Default,Default,Default,Default,Default,DefaultJob,BooleanShape=Must3Mixed&DocumentCount=100000,1,Workload,Result,5,554213135,2048,270611.88,81,2,0,170573
BooleanQueryBenchmarks.LuceneNet_BooleanQuery,Rowles.LeanCorpus.Benchmarks,BooleanQueryBenchmarks,LuceneNet_BooleanQuery,DefaultJob,Default,Default,Default,Default,Default,Default,Default,Default,Default,Default,Default,Default,Default,Default,Default,Default,Default,Default,Default,Default,Default,Default,Default,Default,Default,Default,Default,Default,Default,Default,Default,Default,Default,Default,Default,Default,Default,Default,Default,Default,Default,DefaultJob,BooleanShape=Must3Mixed&DocumentCount=100000,1,Workload,Result,6,590183933,2048,288175.75,81,2,0,170573
BooleanQueryBenchmarks.LuceneNet_BooleanQuery,Rowles.LeanCorpus.Benchmarks,BooleanQueryBenchmarks,LuceneNet_BooleanQuery,DefaultJob,Default,Default,Default,Default,Default,Default,Default,Default,Default,Default,Default,Default,Default,Default,Default,Default,Default,Default,Default,Default,Default,Default,Default,Default,Default,Default,Default,Default,Default,Default,Default,Default,Default,Default,Default,Default,Default,Default,Default,Default,Default,DefaultJob,BooleanShape=Must3Mixed&DocumentCount=100000,1,Workload,Result,7,555795845,2048,271384.69,81,2,0,170573
BooleanQueryBenchmarks.LuceneNet_BooleanQuery,Rowles.LeanCorpus.Benchmarks,BooleanQueryBenchmarks,LuceneNet_BooleanQuery,DefaultJob,Default,Default,Default,Default,Default,Default,Default,Default,Default,Default,Default,Default,Default,Default,Default,Default,Default,Default,Default,Default,Default,Default,Default,Default,Default,Default,Default,Default,Default,Default,Default,Default,Default,Default,Default,Default,Default,Default,Default,Default,Default,DefaultJob,BooleanShape=Must3Mixed&DocumentCount=100000,1,Workload,Result,8,587540120,2048,286884.82,81,2,0,170573
BooleanQueryBenchmarks.LuceneNet_BooleanQuery,Rowles.LeanCorpus.Benchmarks,BooleanQueryBenchmarks,LuceneNet_BooleanQuery,DefaultJob,Default,Default,Default,Default,Default,Default,Default,Default,Default,Default,Default,Default,Default,Default,Default,Default,Default,Default,Default,Default,Default,Default,Default,Default,Default,Default,Default,Default,Default,Default,Default,Default,Default,Default,Default,Default,Default,Default,Default,Default,Default,DefaultJob,BooleanShape=Must3Mixed&DocumentCount=100000,1,Workload,Result,9,558121664,2048,272520.34,81,2,0,170573
BooleanQueryBenchmarks.LuceneNet_BooleanQuery,Rowles.LeanCorpus.Benchmarks,BooleanQueryBenchmarks,LuceneNet_BooleanQuery,DefaultJob,Default,Default,Default,Default,Default,Default,Default,Default,Default,Default,Default,Default,Default,Default,Default,Default,Default,Default,Default,Default,Default,Default,Default,Default,Default,Default,Default,Default,Default,Default,Default,Default,Default,Default,Default,Default,Default,Default,Default,Default,Default,DefaultJob,BooleanShape=Must3Mixed&DocumentCount=100000,1,Workload,Result,10,591647588,2048,288890.42,81,2,0,170573
BooleanQueryBenchmarks.LuceneNet_BooleanQuery,Rowles.LeanCorpus.Benchmarks,BooleanQueryBenchmarks,LuceneNet_BooleanQuery,DefaultJob,Default,Default,Default,Default,Default,Default,Default,Default,Default,Default,Default,Default,Default,Default,Default,Default,Default,Default,Default,Default,Default,Default,Default,Default,Default,Default,Default,Default,Default,Default,Default,Default,Default,Default,Default,Default,Default,Default,Default,Default,Default,DefaultJob,BooleanShape=Must3Mixed&DocumentCount=100000,1,Workload,Result,11,556511519,2048,271734.14,81,2,0,170573
BooleanQueryBenchmarks.LuceneNet_BooleanQuery,Rowles.LeanCorpus.Benchmarks,BooleanQueryBenchmarks,LuceneNet_BooleanQuery,DefaultJob,Default,Default,Default,Default,Default,Default,Default,Default,Default,Default,Default,Default,Default,Default,Default,Default,Default,Default,Default,Default,Default,Default,Default,Default,Default,Default,Default,Default,Default,Default,Default,Default,Default,Default,Default,Default,Default,Default,Default,Default,Default,DefaultJob,BooleanShape=Must3Mixed&DocumentCount=100000,1,Workload,Result,12,589362230,2048,287774.53,81,2,0,170573
BooleanQueryBenchmarks.LuceneNet_BooleanQuery,Rowles.LeanCorpus.Benchmarks,BooleanQueryBenchmarks,LuceneNet_BooleanQuery,DefaultJob,Default,Default,Default,Default,Default,Default,Default,Default,Default,Default,Default,Default,Default,Default,Default,Default,Default,Default,Default,Default,Default,Default,Default,Default,Default,Default,Default,Default,Default,Default,Default,Default,Default,Default,Default,Default,Default,Default,Default,Default,Default,DefaultJob,BooleanShape=Must3Mixed&DocumentCount=100000,1,Workload,Result,13,555610053,2048,271293.97,81,2,0,170573
BooleanQueryBenchmarks.LuceneNet_BooleanQuery,Rowles.LeanCorpus.Benchmarks,BooleanQueryBenchmarks,LuceneNet_BooleanQuery,DefaultJob,Default,Default,Default,Default,Default,Default,Default,Default,Default,Default,Default,Default,Default,Default,Default,Default,Default,Default,Default,Default,Default,Default,Default,Default,Default,Default,Default,Default,Default,Default,Default,Default,Default,Default,Default,Default,Default,Default,Default,Default,Default,DefaultJob,BooleanShape=Must3Mixed&DocumentCount=100000,1,Workload,Result,14,588531242,2048,287368.77,81,2,0,170573
BooleanQueryBenchmarks.LuceneNet_BooleanQuery,Rowles.LeanCorpus.Benchmarks,BooleanQueryBenchmarks,LuceneNet_BooleanQuery,DefaultJob,Default,Default,Default,Default,Default,Default,Default,Default,Default,Default,Default,Default,Default,Default,Default,Default,Default,Default,Default,Default,Default,Default,Default,Default,Default,Default,Default,Default,Default,Default,Default,Default,Default,Default,Default,Default,Default,Default,Default,Default,Default,DefaultJob,BooleanShape=Must3Mixed&DocumentCount=100000,1,Workload,Result,15,556373240,2048,271666.62,81,2,0,170573
BooleanQueryBenchmarks.LuceneNet_BooleanQuery,Rowles.LeanCorpus.Benchmarks,BooleanQueryBenchmarks,LuceneNet_BooleanQuery,DefaultJob,Default,Default,Default,Default,Default,Default,Default,Default,Default,Default,Default,Default,Default,Default,Default,Default,Default,Default,Default,Default,Default,Default,Default,Default,Default,Default,Default,Default,Default,Default,Default,Default,Default,Default,Default,Default,Default,Default,Default,Default,Default,DefaultJob,BooleanShape=Must3Mixed&DocumentCount=100000,1,Workload,Result,16,588213665,2048,287213.7,81,2,0,170573
BooleanQueryBenchmarks.LuceneNet_BooleanQuery,Rowles.LeanCorpus.Benchmarks,BooleanQueryBenchmarks,LuceneNet_BooleanQuery,DefaultJob,Default,Default,Default,Default,Default,Default,Default,Default,Default,Default,Default,Default,Default,Default,Default,Default,Default,Default,Default,Default,Default,Default,Default,Default,Default,Default,Default,Default,Default,Default,Default,Default,Default,Default,Default,Default,Default,Default,Default,Default,Default,DefaultJob,BooleanShape=Must3Mixed&DocumentCount=100000,1,Workload,Result,17,555863982,2048,271417.96,81,2,0,170573
BooleanQueryBenchmarks.LuceneNet_BooleanQuery,Rowles.LeanCorpus.Benchmarks,BooleanQueryBenchmarks,LuceneNet_BooleanQuery,DefaultJob,Default,Default,Default,Default,Default,Default,Default,Default,Default,Default,Default,Default,Default,Default,Default,Default,Default,Default,Default,Default,Default,Default,Default,Default,Default,Default,Default,Default,Default,Default,Default,Default,Default,Default,Default,Default,Default,Default,Default,Default,Default,DefaultJob,BooleanShape=Must3Mixed&DocumentCount=100000,1,Workload,Result,18,589083520,2048,287638.44,81,2,0,170573
BooleanQueryBenchmarks.LuceneNet_BooleanQuery,Rowles.LeanCorpus.Benchmarks,BooleanQueryBenchmarks,LuceneNet_BooleanQuery,DefaultJob,Default,Default,Default,Default,Default,Default,Default,Default,Default,Default,Default,Default,Default,Default,Default,Default,Default,Default,Default,Default,Default,Default,Default,Default,Default,Default,Default,Default,Default,Default,Default,Default,Default,Default,Default,Default,Default,Default,Default,Default,Default,DefaultJob,BooleanShape=Must3Mixed&DocumentCount=100000,1,Workload,Result,19,553939189,2048,270478.12,81,2,0,170573
BooleanQueryBenchmarks.LuceneNet_BooleanQuery,Rowles.LeanCorpus.Benchmarks,BooleanQueryBenchmarks,LuceneNet_BooleanQuery,DefaultJob,Default,Default,Default,Default,Default,Default,Default,Default,Default,Default,Default,Default,Default,Default,Default,Default,Default,Default,Default,Default,Default,Default,Default,Default,Default,Default,Default,Default,Default,Default,Default,Default,Default,Default,Default,Default,Default,Default,Default,Default,Default,DefaultJob,BooleanShape=Must3Mixed&DocumentCount=100000,1,Workload,Result,20,584878592,2048,285585.25,81,2,0,170573
BooleanQueryBenchmarks.LuceneNet_BooleanQuery,Rowles.LeanCorpus.Benchmarks,BooleanQueryBenchmarks,LuceneNet_BooleanQuery,DefaultJob,Default,Default,Default,Default,Default,Default,Default,Default,Default,Default,Default,Default,Default,Default,Default,Default,Default,Default,Default,Default,Default,Default,Default,Default,Default,Default,Default,Default,Default,Default,Default,Default,Default,Default,Default,Default,Default,Default,Default,Default,Default,DefaultJob,BooleanShape=Must3Mixed&DocumentCount=100000,1,Workload,Result,21,555383134,2048,271183.17,81,2,0,170573
BooleanQueryBenchmarks.LuceneNet_BooleanQuery,Rowles.LeanCorpus.Benchmarks,BooleanQueryBenchmarks,LuceneNet_BooleanQuery,DefaultJob,Default,Default,Default,Default,Default,Default,Default,Default,Default,Default,Default,Default,Default,Default,Default,Default,Default,Default,Default,Default,Default,Default,Default,Default,Default,Default,Default,Default,Default,Default,Default,Default,Default,Default,Default,Default,Default,Default,Default,Default,Default,DefaultJob,BooleanShape=Must3Mixed&DocumentCount=100000,1,Workload,Result,22,588348218,2048,287279.4,81,2,0,170573
BooleanQueryBenchmarks.LuceneNet_BooleanQuery,Rowles.LeanCorpus.Benchmarks,BooleanQueryBenchmarks,LuceneNet_BooleanQuery,DefaultJob,Default,Default,Default,Default,Default,Default,Default,Default,Default,Default,Default,Default,Default,Default,Default,Default,Default,Default,Default,Default,Default,Default,Default,Default,Default,Default,Default,Default,Default,Default,Default,Default,Default,Default,Default,Default,Default,Default,Default,Default,Default,DefaultJob,BooleanShape=Must3Mixed&DocumentCount=100000,1,Workload,Result,23,555967308,2048,271468.41,81,2,0,170573
BooleanQueryBenchmarks.LuceneNet_BooleanQuery,Rowles.LeanCorpus.Benchmarks,BooleanQueryBenchmarks,LuceneNet_BooleanQuery,DefaultJob,Default,Default,Default,Default,Default,Default,Default,Default,Default,Default,Default,Default,Default,Default,Default,Default,Default,Default,Default,Default,Default,Default,Default,Default,Default,Default,Default,Default,Default,Default,Default,Default,Default,Default,Default,Default,Default,Default,Default,Default,Default,DefaultJob,BooleanShape=Must3Mixed&DocumentCount=100000,1,Workload,Result,24,588158457,2048,287186.75,81,2,0,170573
BooleanQueryBenchmarks.LuceneNet_BooleanQuery,Rowles.LeanCorpus.Benchmarks,BooleanQueryBenchmarks,LuceneNet_BooleanQuery,DefaultJob,Default,Default,Default,Default,Default,Default,Default,Default,Default,Default,Default,Default,Default,Default,Default,Default,Default,Default,Default,Default,Default,Default,Default,Default,Default,Default,Default,Default,Default,Default,Default,Default,Default,Default,Default,Default,Default,Default,Default,Default,Default,DefaultJob,BooleanShape=Must3Mixed&DocumentCount=100000,1,Workload,Result,25,557116676,2048,272029.63,81,2,0,170573
BooleanQueryBenchmarks.LuceneNet_BooleanQuery,Rowles.LeanCorpus.Benchmarks,BooleanQueryBenchmarks,LuceneNet_BooleanQuery,DefaultJob,Default,Default,Default,Default,Default,Default,Default,Default,Default,Default,Default,Default,Default,Default,Default,Default,Default,Default,Default,Default,Default,Default,Default,Default,Default,Default,Default,Default,Default,Default,Default,Default,Default,Default,Default,Default,Default,Default,Default,Default,Default,DefaultJob,BooleanShape=Must3Mixed&DocumentCount=100000,1,Workload,Result,26,588208215,2048,287211.04,81,2,0,170573
BooleanQueryBenchmarks.LuceneNet_BooleanQuery,Rowles.LeanCorpus.Benchmarks,BooleanQueryBenchmarks,LuceneNet_BooleanQuery,DefaultJob,Default,Default,Default,Default,Default,Default,Default,Default,Default,Default,Default,Default,Default,Default,Default,Default,Default,Default,Default,Default,Default,Default,Default,Default,Default,Default,Default,Default,Default,Default,Default,Default,Default,Default,Default,Default,Default,Default,Default,Default,Default,DefaultJob,BooleanShape=Must3Mixed&DocumentCount=100000,1,Workload,Result,27,550017130,2048,268563.05,81,2,0,170573
BooleanQueryBenchmarks.LuceneNet_BooleanQuery,Rowles.LeanCorpus.Benchmarks,BooleanQueryBenchmarks,LuceneNet_BooleanQuery,DefaultJob,Default,Default,Default,Default,Default,Default,Default,Default,Default,Default,Default,Default,Default,Default,Default,Default,Default,Default,Default,Default,Default,Default,Default,Default,Default,Default,Default,Default,Default,Default,Default,Default,Default,Default,Default,Default,Default,Default,Default,Default,Default,DefaultJob,BooleanShape=Must3Mixed&DocumentCount=100000,1,Workload,Result,28,584467376,2048,285384.46,81,2,0,170573
BooleanQueryBenchmarks.LeanCorpus_BooleanQuery,Rowles.LeanCorpus.Benchmarks,BooleanQueryBenchmarks,LeanCorpus_BooleanQuery,DefaultJob,Default,Default,Default,Default,Default,Default,Default,Default,Default,Default,Default,Default,Default,Default,Default,Default,Default,Default,Default,Default,Default,Default,Default,Default,Default,Default,Default,Default,Default,Default,Default,Default,Default,Default,Default,Default,Default,Default,Default,Default,Default,DefaultJob,BooleanShape=MustNotCommon&DocumentCount=100000,1,Workload,Jitting,1,197147781,1,197147781,7,0,0,14742
BooleanQueryBenchmarks.LeanCorpus_BooleanQuery,Rowles.LeanCorpus.Benchmarks,BooleanQueryBenchmarks,LeanCorpus_BooleanQuery,DefaultJob,Default,Default,Default,Default,Default,Default,Default,Default,Default,Default,Default,Default,Default,Default,Default,Default,Default,Default,Default,Default,Default,Default,Default,Default,Default,Default,Default,Default,Default,Default,Default,Default,Default,Default,Default,Default,Default,Default,Default,Default,Default,DefaultJob,BooleanShape=MustNotCommon&DocumentCount=100000,1,Workload,Jitting,2,16290807,30,543026.9,7,0,0,14742
BooleanQueryBenchmarks.LeanCorpus_BooleanQuery,Rowles.LeanCorpus.Benchmarks,BooleanQueryBenchmarks,LeanCorpus_BooleanQuery,DefaultJob,Default,Default,Default,Default,Default,Default,Default,Default,Default,Default,Default,Default,Default,Default,Default,Default,Default,Default,Default,Default,Default,Default,Default,Default,Default,Default,Default,Default,Default,Default,Default,Default,Default,Default,Default,Default,Default,Default,Default,Default,Default,DefaultJob,BooleanShape=MustNotCommon&DocumentCount=100000,1,Workload,Jitting,3,15659336,30,521977.87,7,0,0,14742
BooleanQueryBenchmarks.LeanCorpus_BooleanQuery,Rowles.LeanCorpus.Benchmarks,BooleanQueryBenchmarks,LeanCorpus_BooleanQuery,DefaultJob,Default,Default,Default,Default,Default,Default,Default,Default,Default,Default,Default,Default,Default,Default,Default,Default,Default,Default,Default,Default,Default,Default,Default,Default,Default,Default,Default,Default,Default,Default,Default,Default,Default,Default,Default,Default,Default,Default,Default,Default,Default,DefaultJob,BooleanShape=MustNotCommon&DocumentCount=100000,1,Workload,Jitting,4,19049892,30,634996.4,7,0,0,14742
BooleanQueryBenchmarks.LeanCorpus_BooleanQuery,Rowles.LeanCorpus.Benchmarks,BooleanQueryBenchmarks,LeanCorpus_BooleanQuery,DefaultJob,Default,Default,Default,Default,Default,Default,Default,Default,Default,Default,Default,Default,Default,Default,Default,Default,Default,Default,Default,Default,Default,Default,Default,Default,Default,Default,Default,Default,Default,Default,Default,Default,Default,Default,Default,Default,Default,Default,Default,Default,Default,DefaultJob,BooleanShape=MustNotCommon&DocumentCount=100000,1,Workload,Jitting,5,1009754,1,1009754,7,0,0,14742
BooleanQueryBenchmarks.LeanCorpus_BooleanQuery,Rowles.LeanCorpus.Benchmarks,BooleanQueryBenchmarks,LeanCorpus_BooleanQuery,DefaultJob,Default,Default,Default,Default,Default,Default,Default,Default,Default,Default,Default,Default,Default,Default,Default,Default,Default,Default,Default,Default,Default,Default,Default,Default,Default,Default,Default,Default,Default,Default,Default,Default,Default,Default,Default,Default,Default,Default,Default,Default,Default,DefaultJob,BooleanShape=MustNotCommon&DocumentCount=100000,1,Workload,Pilot,1,928737,1,928737,7,0,0,14742
BooleanQueryBenchmarks.LeanCorpus_BooleanQuery,Rowles.LeanCorpus.Benchmarks,BooleanQueryBenchmarks,LeanCorpus_BooleanQuery,DefaultJob,Default,Default,Default,Default,Default,Default,Default,Default,Default,Default,Default,Default,Default,Default,Default,Default,Default,Default,Default,Default,Default,Default,Default,Default,Default,Default,Default,Default,Default,Default,Default,Default,Default,Default,Default,Default,Default,Default,Default,Default,Default,DefaultJob,BooleanShape=MustNotCommon&DocumentCount=100000,1,Workload,Pilot,1,13540266,16,846266.63,7,0,0,14742
BooleanQueryBenchmarks.LeanCorpus_BooleanQuery,Rowles.LeanCorpus.Benchmarks,BooleanQueryBenchmarks,LeanCorpus_BooleanQuery,DefaultJob,Default,Default,Default,Default,Default,Default,Default,Default,Default,Default,Default,Default,Default,Default,Default,Default,Default,Default,Default,Default,Default,Default,Default,Default,Default,Default,Default,Default,Default,Default,Default,Default,Default,Default,Default,Default,Default,Default,Default,Default,Default,DefaultJob,BooleanShape=MustNotCommon&DocumentCount=100000,1,Workload,Pilot,2,23781057,32,743158.03,7,0,0,14742
BooleanQueryBenchmarks.LeanCorpus_BooleanQuery,Rowles.LeanCorpus.Benchmarks,BooleanQueryBenchmarks,LeanCorpus_BooleanQuery,DefaultJob,Default,Default,Default,Default,Default,Default,Default,Default,Default,Default,Default,Default,Default,Default,Default,Default,Default,Default,Default,Default,Default,Default,Default,Default,Default,Default,Default,Default,Default,Default,Default,Default,Default,Default,Default,Default,Default,Default,Default,Default,Default,DefaultJob,BooleanShape=MustNotCommon&DocumentCount=100000,1,Workload,Pilot,3,28971048,64,452672.63,7,0,0,14742
BooleanQueryBenchmarks.LeanCorpus_BooleanQuery,Rowles.LeanCorpus.Benchmarks,BooleanQueryBenchmarks,LeanCorpus_BooleanQuery,DefaultJob,Default,Default,Default,Default,Default,Default,Default,Default,Default,Default,Default,Default,Default,Default,Default,Default,Default,Default,Default,Default,Default,Default,Default,Default,Default,Default,Default,Default,Default,Default,Default,Default,Default,Default,Default,Default,Default,Default,Default,Default,Default,DefaultJob,BooleanShape=MustNotCommon&DocumentCount=100000,1,Workload,Pilot,4,49264818,128,384881.39,7,0,0,14742
BooleanQueryBenchmarks.LeanCorpus_BooleanQuery,Rowles.LeanCorpus.Benchmarks,BooleanQueryBenchmarks,LeanCorpus_BooleanQuery,DefaultJob,Default,Default,Default,Default,Default,Default,Default,Default,Default,Default,Default,Default,Default,Default,Default,Default,Default,Default,Default,Default,Default,Default,Default,Default,Default,Default,Default,Default,Default,Default,Default,Default,Default,Default,Default,Default,Default,Default,Default,Default,Default,DefaultJob,BooleanShape=MustNotCommon&DocumentCount=100000,1,Workload,Pilot,5,102519352,256,400466.22,7,0,0,14742
BooleanQueryBenchmarks.LeanCorpus_BooleanQuery,Rowles.LeanCorpus.Benchmarks,BooleanQueryBenchmarks,LeanCorpus_BooleanQuery,DefaultJob,Default,Default,Default,Default,Default,Default,Default,Default,Default,Default,Default,Default,Default,Default,Default,Default,Default,Default,Default,Default,Default,Default,Default,Default,Default,Default,Default,Default,Default,Default,Default,Default,Default,Default,Default,Default,Default,Default,Default,Default,Default,DefaultJob,BooleanShape=MustNotCommon&DocumentCount=100000,1,Workload,Pilot,6,201247985,512,393062.47,7,0,0,14742
BooleanQueryBenchmarks.LeanCorpus_BooleanQuery,Rowles.LeanCorpus.Benchmarks,BooleanQueryBenchmarks,LeanCorpus_BooleanQuery,DefaultJob,Default,Default,Default,Default,Default,Default,Default,Default,Default,Default,Default,Default,Default,Default,Default,Default,Default,Default,Default,Default,Default,Default,Default,Default,Default,Default,Default,Default,Default,Default,Default,Default,Default,Default,Default,Default,Default,Default,Default,Default,Default,DefaultJob,BooleanShape=MustNotCommon&DocumentCount=100000,1,Workload,Pilot,7,403119911,1024,393671.79,7,0,0,14742
BooleanQueryBenchmarks.LeanCorpus_BooleanQuery,Rowles.LeanCorpus.Benchmarks,BooleanQueryBenchmarks,LeanCorpus_BooleanQuery,DefaultJob,Default,Default,Default,Default,Default,Default,Default,Default,Default,Default,Default,Default,Default,Default,Default,Default,Default,Default,Default,Default,Default,Default,Default,Default,Default,Default,Default,Default,Default,Default,Default,Default,Default,Default,Default,Default,Default,Default,Default,Default,Default,DefaultJob,BooleanShape=MustNotCommon&DocumentCount=100000,1,Workload,Pilot,8,803191944,2048,392183.57,7,0,0,14742
BooleanQueryBenchmarks.LeanCorpus_BooleanQuery,Rowles.LeanCorpus.Benchmarks,BooleanQueryBenchmarks,LeanCorpus_BooleanQuery,DefaultJob,Default,Default,Default,Default,Default,Default,Default,Default,Default,Default,Default,Default,Default,Default,Default,Default,Default,Default,Default,Default,Default,Default,Default,Default,Default,Default,Default,Default,Default,Default,Default,Default,Default,Default,Default,Default,Default,Default,Default,Default,Default,DefaultJob,BooleanShape=MustNotCommon&DocumentCount=100000,1,Workload,Warmup,1,796514823,2048,388923.25,7,0,0,14742
BooleanQueryBenchmarks.LeanCorpus_BooleanQuery,Rowles.LeanCorpus.Benchmarks,BooleanQueryBenchmarks,LeanCorpus_BooleanQuery,DefaultJob,Default,Default,Default,Default,Default,Default,Default,Default,Default,Default,Default,Default,Default,Default,Default,Default,Default,Default,Default,Default,Default,Default,Default,Default,Default,Default,Default,Default,Default,Default,Default,Default,Default,Default,Default,Default,Default,Default,Default,Default,Default,DefaultJob,BooleanShape=MustNotCommon&DocumentCount=100000,1,Workload,Warmup,2,797929301,2048,389613.92,7,0,0,14742
BooleanQueryBenchmarks.LeanCorpus_BooleanQuery,Rowles.LeanCorpus.Benchmarks,BooleanQueryBenchmarks,LeanCorpus_BooleanQuery,DefaultJob,Default,Default,Default,Default,Default,Default,Default,Default,Default,Default,Default,Default,Default,Default,Default,Default,Default,Default,Default,Default,Default,Default,Default,Default,Default,Default,Default,Default,Default,Default,Default,Default,Default,Default,Default,Default,Default,Default,Default,Default,Default,DefaultJob,BooleanShape=MustNotCommon&DocumentCount=100000,1,Workload,Warmup,3,807121402,2048,394102.25,7,0,0,14742
BooleanQueryBenchmarks.LeanCorpus_BooleanQuery,Rowles.LeanCorpus.Benchmarks,BooleanQueryBenchmarks,LeanCorpus_BooleanQuery,DefaultJob,Default,Default,Default,Default,Default,Default,Default,Default,Default,Default,Default,Default,Default,Default,Default,Default,Default,Default,Default,Default,Default,Default,Default,Default,Default,Default,Default,Default,Default,Default,Default,Default,Default,Default,Default,Default,Default,Default,Default,Default,Default,DefaultJob,BooleanShape=MustNotCommon&DocumentCount=100000,1,Workload,Warmup,4,801358362,2048,391288.26,7,0,0,14742
BooleanQueryBenchmarks.LeanCorpus_BooleanQuery,Rowles.LeanCorpus.Benchmarks,BooleanQueryBenchmarks,LeanCorpus_BooleanQuery,DefaultJob,Default,Default,Default,Default,Default,Default,Default,Default,Default,Default,Default,Default,Default,Default,Default,Default,Default,Default,Default,Default,Default,Default,Default,Default,Default,Default,Default,Default,Default,Default,Default,Default,Default,Default,Default,Default,Default,Default,Default,Default,Default,DefaultJob,BooleanShape=MustNotCommon&DocumentCount=100000,1,Workload,Warmup,5,800083253,2048,390665.65,7,0,0,14742
BooleanQueryBenchmarks.LeanCorpus_BooleanQuery,Rowles.LeanCorpus.Benchmarks,BooleanQueryBenchmarks,LeanCorpus_BooleanQuery,DefaultJob,Default,Default,Default,Default,Default,Default,Default,Default,Default,Default,Default,Default,Default,Default,Default,Default,Default,Default,Default,Default,Default,Default,Default,Default,Default,Default,Default,Default,Default,Default,Default,Default,Default,Default,Default,Default,Default,Default,Default,Default,Default,DefaultJob,BooleanShape=MustNotCommon&DocumentCount=100000,1,Workload,Warmup,6,799398940,2048,390331.51,7,0,0,14742
BooleanQueryBenchmarks.LeanCorpus_BooleanQuery,Rowles.LeanCorpus.Benchmarks,BooleanQueryBenchmarks,LeanCorpus_BooleanQuery,DefaultJob,Default,Default,Default,Default,Default,Default,Default,Default,Default,Default,Default,Default,Default,Default,Default,Default,Default,Default,Default,Default,Default,Default,Default,Default,Default,Default,Default,Default,Default,Default,Default,Default,Default,Default,Default,Default,Default,Default,Default,Default,Default,DefaultJob,BooleanShape=MustNotCommon&DocumentCount=100000,1,Workload,Warmup,7,806761595,2048,393926.56,7,0,0,14742
BooleanQueryBenchmarks.LeanCorpus_BooleanQuery,Rowles.LeanCorpus.Benchmarks,BooleanQueryBenchmarks,LeanCorpus_BooleanQuery,DefaultJob,Default,Default,Default,Default,Default,Default,Default,Default,Default,Default,Default,Default,Default,Default,Default,Default,Default,Default,Default,Default,Default,Default,Default,Default,Default,Default,Default,Default,Default,Default,Default,Default,Default,Default,Default,Default,Default,Default,Default,Default,Default,DefaultJob,BooleanShape=MustNotCommon&DocumentCount=100000,1,Workload,Warmup,8,804806392,2048,392971.87,7,0,0,14742
BooleanQueryBenchmarks.LeanCorpus_BooleanQuery,Rowles.LeanCorpus.Benchmarks,BooleanQueryBenchmarks,LeanCorpus_BooleanQuery,DefaultJob,Default,Default,Default,Default,Default,Default,Default,Default,Default,Default,Default,Default,Default,Default,Default,Default,Default,Default,Default,Default,Default,Default,Default,Default,Default,Default,Default,Default,Default,Default,Default,Default,Default,Default,Default,Default,Default,Default,Default,Default,Default,DefaultJob,BooleanShape=MustNotCommon&DocumentCount=100000,1,Workload,Actual,1,802816576,2048,392000.28,7,0,0,14742
BooleanQueryBenchmarks.LeanCorpus_BooleanQuery,Rowles.LeanCorpus.Benchmarks,BooleanQueryBenchmarks,LeanCorpus_BooleanQuery,DefaultJob,Default,Default,Default,Default,Default,Default,Default,Default,Default,Default,Default,Default,Default,Default,Default,Default,Default,Default,Default,Default,Default,Default,Default,Default,Default,Default,Default,Default,Default,Default,Default,Default,Default,Default,Default,Default,Default,Default,Default,Default,Default,DefaultJob,BooleanShape=MustNotCommon&DocumentCount=100000,1,Workload,Actual,2,793371785,2048,387388.57,7,0,0,14742
BooleanQueryBenchmarks.LeanCorpus_BooleanQuery,Rowles.LeanCorpus.Benchmarks,BooleanQueryBenchmarks,LeanCorpus_BooleanQuery,DefaultJob,Default,Default,Default,Default,Default,Default,Default,Default,Default,Default,Default,Default,Default,Default,Default,Default,Default,Default,Default,Default,Default,Default,Default,Default,Default,Default,Default,Default,Default,Default,Default,Default,Default,Default,Default,Default,Default,Default,Default,Default,Default,DefaultJob,BooleanShape=MustNotCommon&DocumentCount=100000,1,Workload,Actual,3,804888897,2048,393012.16,7,0,0,14742
BooleanQueryBenchmarks.LeanCorpus_BooleanQuery,Rowles.LeanCorpus.Benchmarks,BooleanQueryBenchmarks,LeanCorpus_BooleanQuery,DefaultJob,Default,Default,Default,Default,Default,Default,Default,Default,Default,Default,Default,Default,Default,Default,Default,Default,Default,Default,Default,Default,Default,Default,Default,Default,Default,Default,Default,Default,Default,Default,Default,Default,Default,Default,Default,Default,Default,Default,Default,Default,Default,DefaultJob,BooleanShape=MustNotCommon&DocumentCount=100000,1,Workload,Actual,4,793647260,2048,387523.08,7,0,0,14742
BooleanQueryBenchmarks.LeanCorpus_BooleanQuery,Rowles.LeanCorpus.Benchmarks,BooleanQueryBenchmarks,LeanCorpus_BooleanQuery,DefaultJob,Default,Default,Default,Default,Default,Default,Default,Default,Default,Default,Default,Default,Default,Default,Default,Default,Default,Default,Default,Default,Default,Default,Default,Default,Default,Default,Default,Default,Default,Default,Default,Default,Default,Default,Default,Default,Default,Default,Default,Default,Default,DefaultJob,BooleanShape=MustNotCommon&DocumentCount=100000,1,Workload,Actual,5,803595730,2048,392380.73,7,0,0,14742
BooleanQueryBenchmarks.LeanCorpus_BooleanQuery,Rowles.LeanCorpus.Benchmarks,BooleanQueryBenchmarks,LeanCorpus_BooleanQuery,DefaultJob,Default,Default,Default,Default,Default,Default,Default,Default,Default,Default,Default,Default,Default,Default,Default,Default,Default,Default,Default,Default,Default,Default,Default,Default,Default,Default,Default,Default,Default,Default,Default,Default,Default,Default,Default,Default,Default,Default,Default,Default,Default,DefaultJob,BooleanShape=MustNotCommon&DocumentCount=100000,1,Workload,Actual,6,803707046,2048,392435.08,7,0,0,14742
BooleanQueryBenchmarks.LeanCorpus_BooleanQuery,Rowles.LeanCorpus.Benchmarks,BooleanQueryBenchmarks,LeanCorpus_BooleanQuery,DefaultJob,Default,Default,Default,Default,Default,Default,Default,Default,Default,Default,Default,Default,Default,Default,Default,Default,Default,Default,Default,Default,Default,Default,Default,Default,Default,Default,Default,Default,Default,Default,Default,Default,Default,Default,Default,Default,Default,Default,Default,Default,Default,DefaultJob,BooleanShape=MustNotCommon&DocumentCount=100000,1,Workload,Actual,7,796200345,2048,388769.7,7,0,0,14742
BooleanQueryBenchmarks.LeanCorpus_BooleanQuery,Rowles.LeanCorpus.Benchmarks,BooleanQueryBenchmarks,LeanCorpus_BooleanQuery,DefaultJob,Default,Default,Default,Default,Default,Default,Default,Default,Default,Default,Default,Default,Default,Default,Default,Default,Default,Default,Default,Default,Default,Default,Default,Default,Default,Default,Default,Default,Default,Default,Default,Default,Default,Default,Default,Default,Default,Default,Default,Default,Default,DefaultJob,BooleanShape=MustNotCommon&DocumentCount=100000,1,Workload,Actual,8,796377652,2048,388856.28,7,0,0,14742
BooleanQueryBenchmarks.LeanCorpus_BooleanQuery,Rowles.LeanCorpus.Benchmarks,BooleanQueryBenchmarks,LeanCorpus_BooleanQuery,DefaultJob,Default,Default,Default,Default,Default,Default,Default,Default,Default,Default,Default,Default,Default,Default,Default,Default,Default,Default,Default,Default,Default,Default,Default,Default,Default,Default,Default,Default,Default,Default,Default,Default,Default,Default,Default,Default,Default,Default,Default,Default,Default,DefaultJob,BooleanShape=MustNotCommon&DocumentCount=100000,1,Workload,Actual,9,789957519,2048,385721.44,7,0,0,14742
BooleanQueryBenchmarks.LeanCorpus_BooleanQuery,Rowles.LeanCorpus.Benchmarks,BooleanQueryBenchmarks,LeanCorpus_BooleanQuery,DefaultJob,Default,Default,Default,Default,Default,Default,Default,Default,Default,Default,Default,Default,Default,Default,Default,Default,Default,Default,Default,Default,Default,Default,Default,Default,Default,Default,Default,Default,Default,Default,Default,Default,Default,Default,Default,Default,Default,Default,Default,Default,Default,DefaultJob,BooleanShape=MustNotCommon&DocumentCount=100000,1,Workload,Actual,10,797372821,2048,389342.2,7,0,0,14742
BooleanQueryBenchmarks.LeanCorpus_BooleanQuery,Rowles.LeanCorpus.Benchmarks,BooleanQueryBenchmarks,LeanCorpus_BooleanQuery,DefaultJob,Default,Default,Default,Default,Default,Default,Default,Default,Default,Default,Default,Default,Default,Default,Default,Default,Default,Default,Default,Default,Default,Default,Default,Default,Default,Default,Default,Default,Default,Default,Default,Default,Default,Default,Default,Default,Default,Default,Default,Default,Default,DefaultJob,BooleanShape=MustNotCommon&DocumentCount=100000,1,Workload,Actual,11,796474633,2048,388903.63,7,0,0,14742
BooleanQueryBenchmarks.LeanCorpus_BooleanQuery,Rowles.LeanCorpus.Benchmarks,BooleanQueryBenchmarks,LeanCorpus_BooleanQuery,DefaultJob,Default,Default,Default,Default,Default,Default,Default,Default,Default,Default,Default,Default,Default,Default,Default,Default,Default,Default,Default,Default,Default,Default,Default,Default,Default,Default,Default,Default,Default,Default,Default,Default,Default,Default,Default,Default,Default,Default,Default,Default,Default,DefaultJob,BooleanShape=MustNotCommon&DocumentCount=100000,1,Workload,Actual,12,800202535,2048,390723.89,7,0,0,14742
BooleanQueryBenchmarks.LeanCorpus_BooleanQuery,Rowles.LeanCorpus.Benchmarks,BooleanQueryBenchmarks,LeanCorpus_BooleanQuery,DefaultJob,Default,Default,Default,Default,Default,Default,Default,Default,Default,Default,Default,Default,Default,Default,Default,Default,Default,Default,Default,Default,Default,Default,Default,Default,Default,Default,Default,Default,Default,Default,Default,Default,Default,Default,Default,Default,Default,Default,Default,Default,Default,DefaultJob,BooleanShape=MustNotCommon&DocumentCount=100000,1,Workload,Actual,13,795872802,2048,388609.77,7,0,0,14742
BooleanQueryBenchmarks.LeanCorpus_BooleanQuery,Rowles.LeanCorpus.Benchmarks,BooleanQueryBenchmarks,LeanCorpus_BooleanQuery,DefaultJob,Default,Default,Default,Default,Default,Default,Default,Default,Default,Default,Default,Default,Default,Default,Default,Default,Default,Default,Default,Default,Default,Default,Default,Default,Default,Default,Default,Default,Default,Default,Default,Default,Default,Default,Default,Default,Default,Default,Default,Default,Default,DefaultJob,BooleanShape=MustNotCommon&DocumentCount=100000,1,Workload,Actual,14,795154311,2048,388258.94,7,0,0,14742
BooleanQueryBenchmarks.LeanCorpus_BooleanQuery,Rowles.LeanCorpus.Benchmarks,BooleanQueryBenchmarks,LeanCorpus_BooleanQuery,DefaultJob,Default,Default,Default,Default,Default,Default,Default,Default,Default,Default,Default,Default,Default,Default,Default,Default,Default,Default,Default,Default,Default,Default,Default,Default,Default,Default,Default,Default,Default,Default,Default,Default,Default,Default,Default,Default,Default,Default,Default,Default,Default,DefaultJob,BooleanShape=MustNotCommon&DocumentCount=100000,1,Workload,Actual,15,808221615,2048,394639.46,7,0,0,14742
BooleanQueryBenchmarks.LeanCorpus_BooleanQuery,Rowles.LeanCorpus.Benchmarks,BooleanQueryBenchmarks,LeanCorpus_BooleanQuery,DefaultJob,Default,Default,Default,Default,Default,Default,Default,Default,Default,Default,Default,Default,Default,Default,Default,Default,Default,Default,Default,Default,Default,Default,Default,Default,Default,Default,Default,Default,Default,Default,Default,Default,Default,Default,Default,Default,Default,Default,Default,Default,Default,DefaultJob,BooleanShape=MustNotCommon&DocumentCount=100000,1,Workload,Extra,1,802915606,2048,392048.64,7,0,0,14742
BooleanQueryBenchmarks.LeanCorpus_BooleanQuery,Rowles.LeanCorpus.Benchmarks,BooleanQueryBenchmarks,LeanCorpus_BooleanQuery,DefaultJob,Default,Default,Default,Default,Default,Default,Default,Default,Default,Default,Default,Default,Default,Default,Default,Default,Default,Default,Default,Default,Default,Default,Default,Default,Default,Default,Default,Default,Default,Default,Default,Default,Default,Default,Default,Default,Default,Default,Default,Default,Default,DefaultJob,BooleanShape=MustNotCommon&DocumentCount=100000,1,Workload,Result,1,802816576,2048,392000.28,7,0,0,14742
BooleanQueryBenchmarks.LeanCorpus_BooleanQuery,Rowles.LeanCorpus.Benchmarks,BooleanQueryBenchmarks,LeanCorpus_BooleanQuery,DefaultJob,Default,Default,Default,Default,Default,Default,Default,Default,Default,Default,Default,Default,Default,Default,Default,Default,Default,Default,Default,Default,Default,Default,Default,Default,Default,Default,Default,Default,Default,Default,Default,Default,Default,Default,Default,Default,Default,Default,Default,Default,Default,DefaultJob,BooleanShape=MustNotCommon&DocumentCount=100000,1,Workload,Result,2,793371785,2048,387388.57,7,0,0,14742
BooleanQueryBenchmarks.LeanCorpus_BooleanQuery,Rowles.LeanCorpus.Benchmarks,BooleanQueryBenchmarks,LeanCorpus_BooleanQuery,DefaultJob,Default,Default,Default,Default,Default,Default,Default,Default,Default,Default,Default,Default,Default,Default,Default,Default,Default,Default,Default,Default,Default,Default,Default,Default,Default,Default,Default,Default,Default,Default,Default,Default,Default,Default,Default,Default,Default,Default,Default,Default,Default,DefaultJob,BooleanShape=MustNotCommon&DocumentCount=100000,1,Workload,Result,3,804888897,2048,393012.16,7,0,0,14742
BooleanQueryBenchmarks.LeanCorpus_BooleanQuery,Rowles.LeanCorpus.Benchmarks,BooleanQueryBenchmarks,LeanCorpus_BooleanQuery,DefaultJob,Default,Default,Default,Default,Default,Default,Default,Default,Default,Default,Default,Default,Default,Default,Default,Default,Default,Default,Default,Default,Default,Default,Default,Default,Default,Default,Default,Default,Default,Default,Default,Default,Default,Default,Default,Default,Default,Default,Default,Default,Default,DefaultJob,BooleanShape=MustNotCommon&DocumentCount=100000,1,Workload,Result,4,793647260,2048,387523.08,7,0,0,14742
BooleanQueryBenchmarks.LeanCorpus_BooleanQuery,Rowles.LeanCorpus.Benchmarks,BooleanQueryBenchmarks,LeanCorpus_BooleanQuery,DefaultJob,Default,Default,Default,Default,Default,Default,Default,Default,Default,Default,Default,Default,Default,Default,Default,Default,Default,Default,Default,Default,Default,Default,Default,Default,Default,Default,Default,Default,Default,Default,Default,Default,Default,Default,Default,Default,Default,Default,Default,Default,Default,DefaultJob,BooleanShape=MustNotCommon&DocumentCount=100000,1,Workload,Result,5,803595730,2048,392380.73,7,0,0,14742
BooleanQueryBenchmarks.LeanCorpus_BooleanQuery,Rowles.LeanCorpus.Benchmarks,BooleanQueryBenchmarks,LeanCorpus_BooleanQuery,DefaultJob,Default,Default,Default,Default,Default,Default,Default,Default,Default,Default,Default,Default,Default,Default,Default,Default,Default,Default,Default,Default,Default,Default,Default,Default,Default,Default,Default,Default,Default,Default,Default,Default,Default,Default,Default,Default,Default,Default,Default,Default,Default,DefaultJob,BooleanShape=MustNotCommon&DocumentCount=100000,1,Workload,Result,6,803707046,2048,392435.08,7,0,0,14742
BooleanQueryBenchmarks.LeanCorpus_BooleanQuery,Rowles.LeanCorpus.Benchmarks,BooleanQueryBenchmarks,LeanCorpus_BooleanQuery,DefaultJob,Default,Default,Default,Default,Default,Default,Default,Default,Default,Default,Default,Default,Default,Default,Default,Default,Default,Default,Default,Default,Default,Default,Default,Default,Default,Default,Default,Default,Default,Default,Default,Default,Default,Default,Default,Default,Default,Default,Default,Default,Default,DefaultJob,BooleanShape=MustNotCommon&DocumentCount=100000,1,Workload,Result,7,796200345,2048,388769.7,7,0,0,14742
BooleanQueryBenchmarks.LeanCorpus_BooleanQuery,Rowles.LeanCorpus.Benchmarks,BooleanQueryBenchmarks,LeanCorpus_BooleanQuery,DefaultJob,Default,Default,Default,Default,Default,Default,Default,Default,Default,Default,Default,Default,Default,Default,Default,Default,Default,Default,Default,Default,Default,Default,Default,Default,Default,Default,Default,Default,Default,Default,Default,Default,Default,Default,Default,Default,Default,Default,Default,Default,Default,DefaultJob,BooleanShape=MustNotCommon&DocumentCount=100000,1,Workload,Result,8,796377652,2048,388856.28,7,0,0,14742
BooleanQueryBenchmarks.LeanCorpus_BooleanQuery,Rowles.LeanCorpus.Benchmarks,BooleanQueryBenchmarks,LeanCorpus_BooleanQuery,DefaultJob,Default,Default,Default,Default,Default,Default,Default,Default,Default,Default,Default,Default,Default,Default,Default,Default,Default,Default,Default,Default,Default,Default,Default,Default,Default,Default,Default,Default,Default,Default,Default,Default,Default,Default,Default,Default,Default,Default,Default,Default,Default,DefaultJob,BooleanShape=MustNotCommon&DocumentCount=100000,1,Workload,Result,9,789957519,2048,385721.44,7,0,0,14742
BooleanQueryBenchmarks.LeanCorpus_BooleanQuery,Rowles.LeanCorpus.Benchmarks,BooleanQueryBenchmarks,LeanCorpus_BooleanQuery,DefaultJob,Default,Default,Default,Default,Default,Default,Default,Default,Default,Default,Default,Default,Default,Default,Default,Default,Default,Default,Default,Default,Default,Default,Default,Default,Default,Default,Default,Default,Default,Default,Default,Default,Default,Default,Default,Default,Default,Default,Default,Default,Default,DefaultJob,BooleanShape=MustNotCommon&DocumentCount=100000,1,Workload,Result,10,797372821,2048,389342.2,7,0,0,14742
BooleanQueryBenchmarks.LeanCorpus_BooleanQuery,Rowles.LeanCorpus.Benchmarks,BooleanQueryBenchmarks,LeanCorpus_BooleanQuery,DefaultJob,Default,Default,Default,Default,Default,Default,Default,Default,Default,Default,Default,Default,Default,Default,Default,Default,Default,Default,Default,Default,Default,Default,Default,Default,Default,Default,Default,Default,Default,Default,Default,Default,Default,Default,Default,Default,Default,Default,Default,Default,Default,DefaultJob,BooleanShape=MustNotCommon&DocumentCount=100000,1,Workload,Result,11,796474633,2048,388903.63,7,0,0,14742
BooleanQueryBenchmarks.LeanCorpus_BooleanQuery,Rowles.LeanCorpus.Benchmarks,BooleanQueryBenchmarks,LeanCorpus_BooleanQuery,DefaultJob,Default,Default,Default,Default,Default,Default,Default,Default,Default,Default,Default,Default,Default,Default,Default,Default,Default,Default,Default,Default,Default,Default,Default,Default,Default,Default,Default,Default,Default,Default,Default,Default,Default,Default,Default,Default,Default,Default,Default,Default,Default,DefaultJob,BooleanShape=MustNotCommon&DocumentCount=100000,1,Workload,Result,12,800202535,2048,390723.89,7,0,0,14742
BooleanQueryBenchmarks.LeanCorpus_BooleanQuery,Rowles.LeanCorpus.Benchmarks,BooleanQueryBenchmarks,LeanCorpus_BooleanQuery,DefaultJob,Default,Default,Default,Default,Default,Default,Default,Default,Default,Default,Default,Default,Default,Default,Default,Default,Default,Default,Default,Default,Default,Default,Default,Default,Default,Default,Default,Default,Default,Default,Default,Default,Default,Default,Default,Default,Default,Default,Default,Default,Default,DefaultJob,BooleanShape=MustNotCommon&DocumentCount=100000,1,Workload,Result,13,795872802,2048,388609.77,7,0,0,14742
BooleanQueryBenchmarks.LeanCorpus_BooleanQuery,Rowles.LeanCorpus.Benchmarks,BooleanQueryBenchmarks,LeanCorpus_BooleanQuery,DefaultJob,Default,Default,Default,Default,Default,Default,Default,Default,Default,Default,Default,Default,Default,Default,Default,Default,Default,Default,Default,Default,Default,Default,Default,Default,Default,Default,Default,Default,Default,Default,Default,Default,Default,Default,Default,Default,Default,Default,Default,Default,Default,DefaultJob,BooleanShape=MustNotCommon&DocumentCount=100000,1,Workload,Result,14,795154311,2048,388258.94,7,0,0,14742
BooleanQueryBenchmarks.LeanCorpus_BooleanQuery,Rowles.LeanCorpus.Benchmarks,BooleanQueryBenchmarks,LeanCorpus_BooleanQuery,DefaultJob,Default,Default,Default,Default,Default,Default,Default,Default,Default,Default,Default,Default,Default,Default,Default,Default,Default,Default,Default,Default,Default,Default,Default,Default,Default,Default,Default,Default,Default,Default,Default,Default,Default,Default,Default,Default,Default,Default,Default,Default,Default,DefaultJob,BooleanShape=MustNotCommon&DocumentCount=100000,1,Workload,Result,15,808221615,2048,394639.46,7,0,0,14742
BooleanQueryBenchmarks.LuceneNet_BooleanQuery,Rowles.LeanCorpus.Benchmarks,BooleanQueryBenchmarks,LuceneNet_BooleanQuery,DefaultJob,Default,Default,Default,Default,Default,Default,Default,Default,Default,Default,Default,Default,Default,Default,Default,Default,Default,Default,Default,Default,Default,Default,Default,Default,Default,Default,Default,Default,Default,Default,Default,Default,Default,Default,Default,Default,Default,Default,Default,Default,Default,DefaultJob,BooleanShape=MustNotCommon&DocumentCount=100000,1,Workload,Jitting,1,132763543,1,132763543,62,1,0,128863
BooleanQueryBenchmarks.LuceneNet_BooleanQuery,Rowles.LeanCorpus.Benchmarks,BooleanQueryBenchmarks,LuceneNet_BooleanQuery,DefaultJob,Default,Default,Default,Default,Default,Default,Default,Default,Default,Default,Default,Default,Default,Default,Default,Default,Default,Default,Default,Default,Default,Default,Default,Default,Default,Default,Default,Default,Default,Default,Default,Default,Default,Default,Default,Default,Default,Default,Default,Default,Default,DefaultJob,BooleanShape=MustNotCommon&DocumentCount=100000,1,Workload,Jitting,2,35785127,30,1192837.57,62,1,0,128863
BooleanQueryBenchmarks.LuceneNet_BooleanQuery,Rowles.LeanCorpus.Benchmarks,BooleanQueryBenchmarks,LuceneNet_BooleanQuery,DefaultJob,Default,Default,Default,Default,Default,Default,Default,Default,Default,Default,Default,Default,Default,Default,Default,Default,Default,Default,Default,Default,Default,Default,Default,Default,Default,Default,Default,Default,Default,Default,Default,Default,Default,Default,Default,Default,Default,Default,Default,Default,Default,DefaultJob,BooleanShape=MustNotCommon&DocumentCount=100000,1,Workload,Jitting,3,25887559,30,862918.63,62,1,0,128863
BooleanQueryBenchmarks.LuceneNet_BooleanQuery,Rowles.LeanCorpus.Benchmarks,BooleanQueryBenchmarks,LuceneNet_BooleanQuery,DefaultJob,Default,Default,Default,Default,Default,Default,Default,Default,Default,Default,Default,Default,Default,Default,Default,Default,Default,Default,Default,Default,Default,Default,Default,Default,Default,Default,Default,Default,Default,Default,Default,Default,Default,Default,Default,Default,Default,Default,Default,Default,Default,DefaultJob,BooleanShape=MustNotCommon&DocumentCount=100000,1,Workload,Jitting,4,26171990,30,872399.67,62,1,0,128863
BooleanQueryBenchmarks.LuceneNet_BooleanQuery,Rowles.LeanCorpus.Benchmarks,BooleanQueryBenchmarks,LuceneNet_BooleanQuery,DefaultJob,Default,Default,Default,Default,Default,Default,Default,Default,Default,Default,Default,Default,Default,Default,Default,Default,Default,Default,Default,Default,Default,Default,Default,Default,Default,Default,Default,Default,Default,Default,Default,Default,Default,Default,Default,Default,Default,Default,Default,Default,Default,DefaultJob,BooleanShape=MustNotCommon&DocumentCount=100000,1,Workload,Jitting,5,633822,1,633822,62,1,0,128863
BooleanQueryBenchmarks.LuceneNet_BooleanQuery,Rowles.LeanCorpus.Benchmarks,BooleanQueryBenchmarks,LuceneNet_BooleanQuery,DefaultJob,Default,Default,Default,Default,Default,Default,Default,Default,Default,Default,Default,Default,Default,Default,Default,Default,Default,Default,Default,Default,Default,Default,Default,Default,Default,Default,Default,Default,Default,Default,Default,Default,Default,Default,Default,Default,Default,Default,Default,Default,Default,DefaultJob,BooleanShape=MustNotCommon&DocumentCount=100000,1,Workload,Pilot,1,851411,1,851411,62,1,0,128863
BooleanQueryBenchmarks.LuceneNet_BooleanQuery,Rowles.LeanCorpus.Benchmarks,BooleanQueryBenchmarks,LuceneNet_BooleanQuery,DefaultJob,Default,Default,Default,Default,Default,Default,Default,Default,Default,Default,Default,Default,Default,Default,Default,Default,Default,Default,Default,Default,Default,Default,Default,Default,Default,Default,Default,Default,Default,Default,Default,Default,Default,Default,Default,Default,Default,Default,Default,Default,Default,DefaultJob,BooleanShape=MustNotCommon&DocumentCount=100000,1,Workload,Pilot,1,17515397,16,1094712.31,62,1,0,128863
BooleanQueryBenchmarks.LuceneNet_BooleanQuery,Rowles.LeanCorpus.Benchmarks,BooleanQueryBenchmarks,LuceneNet_BooleanQuery,DefaultJob,Default,Default,Default,Default,Default,Default,Default,Default,Default,Default,Default,Default,Default,Default,Default,Default,Default,Default,Default,Default,Default,Default,Default,Default,Default,Default,Default,Default,Default,Default,Default,Default,Default,Default,Default,Default,Default,Default,Default,Default,Default,DefaultJob,BooleanShape=MustNotCommon&DocumentCount=100000,1,Workload,Pilot,2,29613193,32,925412.28,62,1,0,128863
BooleanQueryBenchmarks.LuceneNet_BooleanQuery,Rowles.LeanCorpus.Benchmarks,BooleanQueryBenchmarks,LuceneNet_BooleanQuery,DefaultJob,Default,Default,Default,Default,Default,Default,Default,Default,Default,Default,Default,Default,Default,Default,Default,Default,Default,Default,Default,Default,Default,Default,Default,Default,Default,Default,Default,Default,Default,Default,Default,Default,Default,Default,Default,Default,Default,Default,Default,Default,Default,DefaultJob,BooleanShape=MustNotCommon&DocumentCount=100000,1,Workload,Pilot,3,43366382,64,677599.72,62,1,0,128863
BooleanQueryBenchmarks.LuceneNet_BooleanQuery,Rowles.LeanCorpus.Benchmarks,BooleanQueryBenchmarks,LuceneNet_BooleanQuery,DefaultJob,Default,Default,Default,Default,Default,Default,Default,Default,Default,Default,Default,Default,Default,Default,Default,Default,Default,Default,Default,Default,Default,Default,Default,Default,Default,Default,Default,Default,Default,Default,Default,Default,Default,Default,Default,Default,Default,Default,Default,Default,Default,DefaultJob,BooleanShape=MustNotCommon&DocumentCount=100000,1,Workload,Pilot,4,62604648,128,489098.81,62,1,0,128863
BooleanQueryBenchmarks.LuceneNet_BooleanQuery,Rowles.LeanCorpus.Benchmarks,BooleanQueryBenchmarks,LuceneNet_BooleanQuery,DefaultJob,Default,Default,Default,Default,Default,Default,Default,Default,Default,Default,Default,Default,Default,Default,Default,Default,Default,Default,Default,Default,Default,Default,Default,Default,Default,Default,Default,Default,Default,Default,Default,Default,Default,Default,Default,Default,Default,Default,Default,Default,Default,DefaultJob,BooleanShape=MustNotCommon&DocumentCount=100000,1,Workload,Pilot,5,111411587,256,435201.51,62,1,0,128863
BooleanQueryBenchmarks.LuceneNet_BooleanQuery,Rowles.LeanCorpus.Benchmarks,BooleanQueryBenchmarks,LuceneNet_BooleanQuery,DefaultJob,Default,Default,Default,Default,Default,Default,Default,Default,Default,Default,Default,Default,Default,Default,Default,Default,Default,Default,Default,Default,Default,Default,Default,Default,Default,Default,Default,Default,Default,Default,Default,Default,Default,Default,Default,Default,Default,Default,Default,Default,Default,DefaultJob,BooleanShape=MustNotCommon&DocumentCount=100000,1,Workload,Pilot,6,224676955,512,438822.18,62,1,0,128863
BooleanQueryBenchmarks.LuceneNet_BooleanQuery,Rowles.LeanCorpus.Benchmarks,BooleanQueryBenchmarks,LuceneNet_BooleanQuery,DefaultJob,Default,Default,Default,Default,Default,Default,Default,Default,Default,Default,Default,Default,Default,Default,Default,Default,Default,Default,Default,Default,Default,Default,Default,Default,Default,Default,Default,Default,Default,Default,Default,Default,Default,Default,Default,Default,Default,Default,Default,Default,Default,DefaultJob,BooleanShape=MustNotCommon&DocumentCount=100000,1,Workload,Pilot,7,450238957,1024,439686.48,62,1,0,128863
BooleanQueryBenchmarks.LuceneNet_BooleanQuery,Rowles.LeanCorpus.Benchmarks,BooleanQueryBenchmarks,LuceneNet_BooleanQuery,DefaultJob,Default,Default,Default,Default,Default,Default,Default,Default,Default,Default,Default,Default,Default,Default,Default,Default,Default,Default,Default,Default,Default,Default,Default,Default,Default,Default,Default,Default,Default,Default,Default,Default,Default,Default,Default,Default,Default,Default,Default,Default,Default,DefaultJob,BooleanShape=MustNotCommon&DocumentCount=100000,1,Workload,Pilot,8,917856614,2048,448172.17,62,1,0,128863
BooleanQueryBenchmarks.LuceneNet_BooleanQuery,Rowles.LeanCorpus.Benchmarks,BooleanQueryBenchmarks,LuceneNet_BooleanQuery,DefaultJob,Default,Default,Default,Default,Default,Default,Default,Default,Default,Default,Default,Default,Default,Default,Default,Default,Default,Default,Default,Default,Default,Default,Default,Default,Default,Default,Default,Default,Default,Default,Default,Default,Default,Default,Default,Default,Default,Default,Default,Default,Default,DefaultJob,BooleanShape=MustNotCommon&DocumentCount=100000,1,Workload,Warmup,1,909879190,2048,444276.95,62,1,0,128863
BooleanQueryBenchmarks.LuceneNet_BooleanQuery,Rowles.LeanCorpus.Benchmarks,BooleanQueryBenchmarks,LuceneNet_BooleanQuery,DefaultJob,Default,Default,Default,Default,Default,Default,Default,Default,Default,Default,Default,Default,Default,Default,Default,Default,Default,Default,Default,Default,Default,Default,Default,Default,Default,Default,Default,Default,Default,Default,Default,Default,Default,Default,Default,Default,Default,Default,Default,Default,Default,DefaultJob,BooleanShape=MustNotCommon&DocumentCount=100000,1,Workload,Warmup,2,905268981,2048,442025.87,62,1,0,128863
BooleanQueryBenchmarks.LuceneNet_BooleanQuery,Rowles.LeanCorpus.Benchmarks,BooleanQueryBenchmarks,LuceneNet_BooleanQuery,DefaultJob,Default,Default,Default,Default,Default,Default,Default,Default,Default,Default,Default,Default,Default,Default,Default,Default,Default,Default,Default,Default,Default,Default,Default,Default,Default,Default,Default,Default,Default,Default,Default,Default,Default,Default,Default,Default,Default,Default,Default,Default,Default,DefaultJob,BooleanShape=MustNotCommon&DocumentCount=100000,1,Workload,Warmup,3,913280817,2048,445937.9,62,1,0,128863
BooleanQueryBenchmarks.LuceneNet_BooleanQuery,Rowles.LeanCorpus.Benchmarks,BooleanQueryBenchmarks,LuceneNet_BooleanQuery,DefaultJob,Default,Default,Default,Default,Default,Default,Default,Default,Default,Default,Default,Default,Default,Default,Default,Default,Default,Default,Default,Default,Default,Default,Default,Default,Default,Default,Default,Default,Default,Default,Default,Default,Default,Default,Default,Default,Default,Default,Default,Default,Default,DefaultJob,BooleanShape=MustNotCommon&DocumentCount=100000,1,Workload,Warmup,4,917155826,2048,447829.99,62,1,0,128863
BooleanQueryBenchmarks.LuceneNet_BooleanQuery,Rowles.LeanCorpus.Benchmarks,BooleanQueryBenchmarks,LuceneNet_BooleanQuery,DefaultJob,Default,Default,Default,Default,Default,Default,Default,Default,Default,Default,Default,Default,Default,Default,Default,Default,Default,Default,Default,Default,Default,Default,Default,Default,Default,Default,Default,Default,Default,Default,Default,Default,Default,Default,Default,Default,Default,Default,Default,Default,Default,DefaultJob,BooleanShape=MustNotCommon&DocumentCount=100000,1,Workload,Warmup,5,913312421,2048,445953.33,62,1,0,128863
BooleanQueryBenchmarks.LuceneNet_BooleanQuery,Rowles.LeanCorpus.Benchmarks,BooleanQueryBenchmarks,LuceneNet_BooleanQuery,DefaultJob,Default,Default,Default,Default,Default,Default,Default,Default,Default,Default,Default,Default,Default,Default,Default,Default,Default,Default,Default,Default,Default,Default,Default,Default,Default,Default,Default,Default,Default,Default,Default,Default,Default,Default,Default,Default,Default,Default,Default,Default,Default,DefaultJob,BooleanShape=MustNotCommon&DocumentCount=100000,1,Workload,Warmup,6,915447077,2048,446995.64,62,1,0,128863
BooleanQueryBenchmarks.LuceneNet_BooleanQuery,Rowles.LeanCorpus.Benchmarks,BooleanQueryBenchmarks,LuceneNet_BooleanQuery,DefaultJob,Default,Default,Default,Default,Default,Default,Default,Default,Default,Default,Default,Default,Default,Default,Default,Default,Default,Default,Default,Default,Default,Default,Default,Default,Default,Default,Default,Default,Default,Default,Default,Default,Default,Default,Default,Default,Default,Default,Default,Default,Default,DefaultJob,BooleanShape=MustNotCommon&DocumentCount=100000,1,Workload,Warmup,7,905195229,2048,441989.86,62,1,0,128863
BooleanQueryBenchmarks.LuceneNet_BooleanQuery,Rowles.LeanCorpus.Benchmarks,BooleanQueryBenchmarks,LuceneNet_BooleanQuery,DefaultJob,Default,Default,Default,Default,Default,Default,Default,Default,Default,Default,Default,Default,Default,Default,Default,Default,Default,Default,Default,Default,Default,Default,Default,Default,Default,Default,Default,Default,Default,Default,Default,Default,Default,Default,Default,Default,Default,Default,Default,Default,Default,DefaultJob,BooleanShape=MustNotCommon&DocumentCount=100000,1,Workload,Actual,1,906803184,2048,442774.99,62,1,0,128863
BooleanQueryBenchmarks.LuceneNet_BooleanQuery,Rowles.LeanCorpus.Benchmarks,BooleanQueryBenchmarks,LuceneNet_BooleanQuery,DefaultJob,Default,Default,Default,Default,Default,Default,Default,Default,Default,Default,Default,Default,Default,Default,Default,Default,Default,Default,Default,Default,Default,Default,Default,Default,Default,Default,Default,Default,Default,Default,Default,Default,Default,Default,Default,Default,Default,Default,Default,Default,Default,DefaultJob,BooleanShape=MustNotCommon&DocumentCount=100000,1,Workload,Actual,2,914983114,2048,446769.1,62,1,0,128863
BooleanQueryBenchmarks.LuceneNet_BooleanQuery,Rowles.LeanCorpus.Benchmarks,BooleanQueryBenchmarks,LuceneNet_BooleanQuery,DefaultJob,Default,Default,Default,Default,Default,Default,Default,Default,Default,Default,Default,Default,Default,Default,Default,Default,Default,Default,Default,Default,Default,Default,Default,Default,Default,Default,Default,Default,Default,Default,Default,Default,Default,Default,Default,Default,Default,Default,Default,Default,Default,DefaultJob,BooleanShape=MustNotCommon&DocumentCount=100000,1,Workload,Actual,3,918524647,2048,448498.36,62,1,0,128863
BooleanQueryBenchmarks.LuceneNet_BooleanQuery,Rowles.LeanCorpus.Benchmarks,BooleanQueryBenchmarks,LuceneNet_BooleanQuery,DefaultJob,Default,Default,Default,Default,Default,Default,Default,Default,Default,Default,Default,Default,Default,Default,Default,Default,Default,Default,Default,Default,Default,Default,Default,Default,Default,Default,Default,Default,Default,Default,Default,Default,Default,Default,Default,Default,Default,Default,Default,Default,Default,DefaultJob,BooleanShape=MustNotCommon&DocumentCount=100000,1,Workload,Actual,4,912093907,2048,445358.35,62,1,0,128863
BooleanQueryBenchmarks.LuceneNet_BooleanQuery,Rowles.LeanCorpus.Benchmarks,BooleanQueryBenchmarks,LuceneNet_BooleanQuery,DefaultJob,Default,Default,Default,Default,Default,Default,Default,Default,Default,Default,Default,Default,Default,Default,Default,Default,Default,Default,Default,Default,Default,Default,Default,Default,Default,Default,Default,Default,Default,Default,Default,Default,Default,Default,Default,Default,Default,Default,Default,Default,Default,DefaultJob,BooleanShape=MustNotCommon&DocumentCount=100000,1,Workload,Actual,5,905752085,2048,442261.76,62,1,0,128863
BooleanQueryBenchmarks.LuceneNet_BooleanQuery,Rowles.LeanCorpus.Benchmarks,BooleanQueryBenchmarks,LuceneNet_BooleanQuery,DefaultJob,Default,Default,Default,Default,Default,Default,Default,Default,Default,Default,Default,Default,Default,Default,Default,Default,Default,Default,Default,Default,Default,Default,Default,Default,Default,Default,Default,Default,Default,Default,Default,Default,Default,Default,Default,Default,Default,Default,Default,Default,Default,DefaultJob,BooleanShape=MustNotCommon&DocumentCount=100000,1,Workload,Actual,6,908692974,2048,443697.74,62,1,0,128863
BooleanQueryBenchmarks.LuceneNet_BooleanQuery,Rowles.LeanCorpus.Benchmarks,BooleanQueryBenchmarks,LuceneNet_BooleanQuery,DefaultJob,Default,Default,Default,Default,Default,Default,Default,Default,Default,Default,Default,Default,Default,Default,Default,Default,Default,Default,Default,Default,Default,Default,Default,Default,Default,Default,Default,Default,Default,Default,Default,Default,Default,Default,Default,Default,Default,Default,Default,Default,Default,DefaultJob,BooleanShape=MustNotCommon&DocumentCount=100000,1,Workload,Actual,7,905758450,2048,442264.87,62,1,0,128863
BooleanQueryBenchmarks.LuceneNet_BooleanQuery,Rowles.LeanCorpus.Benchmarks,BooleanQueryBenchmarks,LuceneNet_BooleanQuery,DefaultJob,Default,Default,Default,Default,Default,Default,Default,Default,Default,Default,Default,Default,Default,Default,Default,Default,Default,Default,Default,Default,Default,Default,Default,Default,Default,Default,Default,Default,Default,Default,Default,Default,Default,Default,Default,Default,Default,Default,Default,Default,Default,DefaultJob,BooleanShape=MustNotCommon&DocumentCount=100000,1,Workload,Actual,8,911472523,2048,445054.94,62,1,0,128863
BooleanQueryBenchmarks.LuceneNet_BooleanQuery,Rowles.LeanCorpus.Benchmarks,BooleanQueryBenchmarks,LuceneNet_BooleanQuery,DefaultJob,Default,Default,Default,Default,Default,Default,Default,Default,Default,Default,Default,Default,Default,Default,Default,Default,Default,Default,Default,Default,Default,Default,Default,Default,Default,Default,Default,Default,Default,Default,Default,Default,Default,Default,Default,Default,Default,Default,Default,Default,Default,DefaultJob,BooleanShape=MustNotCommon&DocumentCount=100000,1,Workload,Actual,9,912871689,2048,445738.13,62,1,0,128863
BooleanQueryBenchmarks.LuceneNet_BooleanQuery,Rowles.LeanCorpus.Benchmarks,BooleanQueryBenchmarks,LuceneNet_BooleanQuery,DefaultJob,Default,Default,Default,Default,Default,Default,Default,Default,Default,Default,Default,Default,Default,Default,Default,Default,Default,Default,Default,Default,Default,Default,Default,Default,Default,Default,Default,Default,Default,Default,Default,Default,Default,Default,Default,Default,Default,Default,Default,Default,Default,DefaultJob,BooleanShape=MustNotCommon&DocumentCount=100000,1,Workload,Actual,10,919020270,2048,448740.37,62,1,0,128863
BooleanQueryBenchmarks.LuceneNet_BooleanQuery,Rowles.LeanCorpus.Benchmarks,BooleanQueryBenchmarks,LuceneNet_BooleanQuery,DefaultJob,Default,Default,Default,Default,Default,Default,Default,Default,Default,Default,Default,Default,Default,Default,Default,Default,Default,Default,Default,Default,Default,Default,Default,Default,Default,Default,Default,Default,Default,Default,Default,Default,Default,Default,Default,Default,Default,Default,Default,Default,Default,DefaultJob,BooleanShape=MustNotCommon&DocumentCount=100000,1,Workload,Actual,11,917535263,2048,448015.27,62,1,0,128863
BooleanQueryBenchmarks.LuceneNet_BooleanQuery,Rowles.LeanCorpus.Benchmarks,BooleanQueryBenchmarks,LuceneNet_BooleanQuery,DefaultJob,Default,Default,Default,Default,Default,Default,Default,Default,Default,Default,Default,Default,Default,Default,Default,Default,Default,Default,Default,Default,Default,Default,Default,Default,Default,Default,Default,Default,Default,Default,Default,Default,Default,Default,Default,Default,Default,Default,Default,Default,Default,DefaultJob,BooleanShape=MustNotCommon&DocumentCount=100000,1,Workload,Actual,12,912193201,2048,445406.84,62,1,0,128863
BooleanQueryBenchmarks.LuceneNet_BooleanQuery,Rowles.LeanCorpus.Benchmarks,BooleanQueryBenchmarks,LuceneNet_BooleanQuery,DefaultJob,Default,Default,Default,Default,Default,Default,Default,Default,Default,Default,Default,Default,Default,Default,Default,Default,Default,Default,Default,Default,Default,Default,Default,Default,Default,Default,Default,Default,Default,Default,Default,Default,Default,Default,Default,Default,Default,Default,Default,Default,Default,DefaultJob,BooleanShape=MustNotCommon&DocumentCount=100000,1,Workload,Actual,13,918023872,2048,448253.84,62,1,0,128863
BooleanQueryBenchmarks.LuceneNet_BooleanQuery,Rowles.LeanCorpus.Benchmarks,BooleanQueryBenchmarks,LuceneNet_BooleanQuery,DefaultJob,Default,Default,Default,Default,Default,Default,Default,Default,Default,Default,Default,Default,Default,Default,Default,Default,Default,Default,Default,Default,Default,Default,Default,Default,Default,Default,Default,Default,Default,Default,Default,Default,Default,Default,Default,Default,Default,Default,Default,Default,Default,DefaultJob,BooleanShape=MustNotCommon&DocumentCount=100000,1,Workload,Actual,14,917301205,2048,447900.98,62,1,0,128863
BooleanQueryBenchmarks.LuceneNet_BooleanQuery,Rowles.LeanCorpus.Benchmarks,BooleanQueryBenchmarks,LuceneNet_BooleanQuery,DefaultJob,Default,Default,Default,Default,Default,Default,Default,Default,Default,Default,Default,Default,Default,Default,Default,Default,Default,Default,Default,Default,Default,Default,Default,Default,Default,Default,Default,Default,Default,Default,Default,Default,Default,Default,Default,Default,Default,Default,Default,Default,Default,DefaultJob,BooleanShape=MustNotCommon&DocumentCount=100000,1,Workload,Actual,15,904500949,2048,441650.85,62,1,0,128863
BooleanQueryBenchmarks.LuceneNet_BooleanQuery,Rowles.LeanCorpus.Benchmarks,BooleanQueryBenchmarks,LuceneNet_BooleanQuery,DefaultJob,Default,Default,Default,Default,Default,Default,Default,Default,Default,Default,Default,Default,Default,Default,Default,Default,Default,Default,Default,Default,Default,Default,Default,Default,Default,Default,Default,Default,Default,Default,Default,Default,Default,Default,Default,Default,Default,Default,Default,Default,Default,DefaultJob,BooleanShape=MustNotCommon&DocumentCount=100000,1,Workload,Extra,1,905502531,2048,442139.91,62,1,0,128863
BooleanQueryBenchmarks.LuceneNet_BooleanQuery,Rowles.LeanCorpus.Benchmarks,BooleanQueryBenchmarks,LuceneNet_BooleanQuery,DefaultJob,Default,Default,Default,Default,Default,Default,Default,Default,Default,Default,Default,Default,Default,Default,Default,Default,Default,Default,Default,Default,Default,Default,Default,Default,Default,Default,Default,Default,Default,Default,Default,Default,Default,Default,Default,Default,Default,Default,Default,Default,Default,DefaultJob,BooleanShape=MustNotCommon&DocumentCount=100000,1,Workload,Result,1,906803184,2048,442774.99,62,1,0,128863
BooleanQueryBenchmarks.LuceneNet_BooleanQuery,Rowles.LeanCorpus.Benchmarks,BooleanQueryBenchmarks,LuceneNet_BooleanQuery,DefaultJob,Default,Default,Default,Default,Default,Default,Default,Default,Default,Default,Default,Default,Default,Default,Default,Default,Default,Default,Default,Default,Default,Default,Default,Default,Default,Default,Default,Default,Default,Default,Default,Default,Default,Default,Default,Default,Default,Default,Default,Default,Default,DefaultJob,BooleanShape=MustNotCommon&DocumentCount=100000,1,Workload,Result,2,914983114,2048,446769.1,62,1,0,128863
BooleanQueryBenchmarks.LuceneNet_BooleanQuery,Rowles.LeanCorpus.Benchmarks,BooleanQueryBenchmarks,LuceneNet_BooleanQuery,DefaultJob,Default,Default,Default,Default,Default,Default,Default,Default,Default,Default,Default,Default,Default,Default,Default,Default,Default,Default,Default,Default,Default,Default,Default,Default,Default,Default,Default,Default,Default,Default,Default,Default,Default,Default,Default,Default,Default,Default,Default,Default,Default,DefaultJob,BooleanShape=MustNotCommon&DocumentCount=100000,1,Workload,Result,3,918524647,2048,448498.36,62,1,0,128863
BooleanQueryBenchmarks.LuceneNet_BooleanQuery,Rowles.LeanCorpus.Benchmarks,BooleanQueryBenchmarks,LuceneNet_BooleanQuery,DefaultJob,Default,Default,Default,Default,Default,Default,Default,Default,Default,Default,Default,Default,Default,Default,Default,Default,Default,Default,Default,Default,Default,Default,Default,Default,Default,Default,Default,Default,Default,Default,Default,Default,Default,Default,Default,Default,Default,Default,Default,Default,Default,DefaultJob,BooleanShape=MustNotCommon&DocumentCount=100000,1,Workload,Result,4,912093907,2048,445358.35,62,1,0,128863
BooleanQueryBenchmarks.LuceneNet_BooleanQuery,Rowles.LeanCorpus.Benchmarks,BooleanQueryBenchmarks,LuceneNet_BooleanQuery,DefaultJob,Default,Default,Default,Default,Default,Default,Default,Default,Default,Default,Default,Default,Default,Default,Default,Default,Default,Default,Default,Default,Default,Default,Default,Default,Default,Default,Default,Default,Default,Default,Default,Default,Default,Default,Default,Default,Default,Default,Default,Default,Default,DefaultJob,BooleanShape=MustNotCommon&DocumentCount=100000,1,Workload,Result,5,905752085,2048,442261.76,62,1,0,128863
BooleanQueryBenchmarks.LuceneNet_BooleanQuery,Rowles.LeanCorpus.Benchmarks,BooleanQueryBenchmarks,LuceneNet_BooleanQuery,DefaultJob,Default,Default,Default,Default,Default,Default,Default,Default,Default,Default,Default,Default,Default,Default,Default,Default,Default,Default,Default,Default,Default,Default,Default,Default,Default,Default,Default,Default,Default,Default,Default,Default,Default,Default,Default,Default,Default,Default,Default,Default,Default,DefaultJob,BooleanShape=MustNotCommon&DocumentCount=100000,1,Workload,Result,6,908692974,2048,443697.74,62,1,0,128863
BooleanQueryBenchmarks.LuceneNet_BooleanQuery,Rowles.LeanCorpus.Benchmarks,BooleanQueryBenchmarks,LuceneNet_BooleanQuery,DefaultJob,Default,Default,Default,Default,Default,Default,Default,Default,Default,Default,Default,Default,Default,Default,Default,Default,Default,Default,Default,Default,Default,Default,Default,Default,Default,Default,Default,Default,Default,Default,Default,Default,Default,Default,Default,Default,Default,Default,Default,Default,Default,DefaultJob,BooleanShape=MustNotCommon&DocumentCount=100000,1,Workload,Result,7,905758450,2048,442264.87,62,1,0,128863
BooleanQueryBenchmarks.LuceneNet_BooleanQuery,Rowles.LeanCorpus.Benchmarks,BooleanQueryBenchmarks,LuceneNet_BooleanQuery,DefaultJob,Default,Default,Default,Default,Default,Default,Default,Default,Default,Default,Default,Default,Default,Default,Default,Default,Default,Default,Default,Default,Default,Default,Default,Default,Default,Default,Default,Default,Default,Default,Default,Default,Default,Default,Default,Default,Default,Default,Default,Default,Default,DefaultJob,BooleanShape=MustNotCommon&DocumentCount=100000,1,Workload,Result,8,911472523,2048,445054.94,62,1,0,128863
BooleanQueryBenchmarks.LuceneNet_BooleanQuery,Rowles.LeanCorpus.Benchmarks,BooleanQueryBenchmarks,LuceneNet_BooleanQuery,DefaultJob,Default,Default,Default,Default,Default,Default,Default,Default,Default,Default,Default,Default,Default,Default,Default,Default,Default,Default,Default,Default,Default,Default,Default,Default,Default,Default,Default,Default,Default,Default,Default,Default,Default,Default,Default,Default,Default,Default,Default,Default,Default,DefaultJob,BooleanShape=MustNotCommon&DocumentCount=100000,1,Workload,Result,9,912871689,2048,445738.13,62,1,0,128863
BooleanQueryBenchmarks.LuceneNet_BooleanQuery,Rowles.LeanCorpus.Benchmarks,BooleanQueryBenchmarks,LuceneNet_BooleanQuery,DefaultJob,Default,Default,Default,Default,Default,Default,Default,Default,Default,Default,Default,Default,Default,Default,Default,Default,Default,Default,Default,Default,Default,Default,Default,Default,Default,Default,Default,Default,Default,Default,Default,Default,Default,Default,Default,Default,Default,Default,Default,Default,Default,DefaultJob,BooleanShape=MustNotCommon&DocumentCount=100000,1,Workload,Result,10,919020270,2048,448740.37,62,1,0,128863
BooleanQueryBenchmarks.LuceneNet_BooleanQuery,Rowles.LeanCorpus.Benchmarks,BooleanQueryBenchmarks,LuceneNet_BooleanQuery,DefaultJob,Default,Default,Default,Default,Default,Default,Default,Default,Default,Default,Default,Default,Default,Default,Default,Default,Default,Default,Default,Default,Default,Default,Default,Default,Default,Default,Default,Default,Default,Default,Default,Default,Default,Default,Default,Default,Default,Default,Default,Default,Default,DefaultJob,BooleanShape=MustNotCommon&DocumentCount=100000,1,Workload,Result,11,917535263,2048,448015.27,62,1,0,128863
BooleanQueryBenchmarks.LuceneNet_BooleanQuery,Rowles.LeanCorpus.Benchmarks,BooleanQueryBenchmarks,LuceneNet_BooleanQuery,DefaultJob,Default,Default,Default,Default,Default,Default,Default,Default,Default,Default,Default,Default,Default,Default,Default,Default,Default,Default,Default,Default,Default,Default,Default,Default,Default,Default,Default,Default,Default,Default,Default,Default,Default,Default,Default,Default,Default,Default,Default,Default,Default,DefaultJob,BooleanShape=MustNotCommon&DocumentCount=100000,1,Workload,Result,12,912193201,2048,445406.84,62,1,0,128863
BooleanQueryBenchmarks.LuceneNet_BooleanQuery,Rowles.LeanCorpus.Benchmarks,BooleanQueryBenchmarks,LuceneNet_BooleanQuery,DefaultJob,Default,Default,Default,Default,Default,Default,Default,Default,Default,Default,Default,Default,Default,Default,Default,Default,Default,Default,Default,Default,Default,Default,Default,Default,Default,Default,Default,Default,Default,Default,Default,Default,Default,Default,Default,Default,Default,Default,Default,Default,Default,DefaultJob,BooleanShape=MustNotCommon&DocumentCount=100000,1,Workload,Result,13,918023872,2048,448253.84,62,1,0,128863
BooleanQueryBenchmarks.LuceneNet_BooleanQuery,Rowles.LeanCorpus.Benchmarks,BooleanQueryBenchmarks,LuceneNet_BooleanQuery,DefaultJob,Default,Default,Default,Default,Default,Default,Default,Default,Default,Default,Default,Default,Default,Default,Default,Default,Default,Default,Default,Default,Default,Default,Default,Default,Default,Default,Default,Default,Default,Default,Default,Default,Default,Default,Default,Default,Default,Default,Default,Default,Default,DefaultJob,BooleanShape=MustNotCommon&DocumentCount=100000,1,Workload,Result,14,917301205,2048,447900.98,62,1,0,128863
BooleanQueryBenchmarks.LuceneNet_BooleanQuery,Rowles.LeanCorpus.Benchmarks,BooleanQueryBenchmarks,LuceneNet_BooleanQuery,DefaultJob,Default,Default,Default,Default,Default,Default,Default,Default,Default,Default,Default,Default,Default,Default,Default,Default,Default,Default,Default,Default,Default,Default,Default,Default,Default,Default,Default,Default,Default,Default,Default,Default,Default,Default,Default,Default,Default,Default,Default,Default,Default,DefaultJob,BooleanShape=MustNotCommon&DocumentCount=100000,1,Workload,Result,15,904500949,2048,441650.85,62,1,0,128863
BooleanQueryBenchmarks.LeanCorpus_BooleanQuery,Rowles.LeanCorpus.Benchmarks,BooleanQueryBenchmarks,LeanCorpus_BooleanQuery,DefaultJob,Default,Default,Default,Default,Default,Default,Default,Default,Default,Default,Default,Default,Default,Default,Default,Default,Default,Default,Default,Default,Default,Default,Default,Default,Default,Default,Default,Default,Default,Default,Default,Default,Default,Default,Default,Default,Default,Default,Default,Default,Default,DefaultJob,BooleanShape=Should2Common&DocumentCount=100000,1,Workload,Jitting,1,83084707,1,83084707,7,0,0,15312
BooleanQueryBenchmarks.LeanCorpus_BooleanQuery,Rowles.LeanCorpus.Benchmarks,BooleanQueryBenchmarks,LeanCorpus_BooleanQuery,DefaultJob,Default,Default,Default,Default,Default,Default,Default,Default,Default,Default,Default,Default,Default,Default,Default,Default,Default,Default,Default,Default,Default,Default,Default,Default,Default,Default,Default,Default,Default,Default,Default,Default,Default,Default,Default,Default,Default,Default,Default,Default,Default,DefaultJob,BooleanShape=Should2Common&DocumentCount=100000,1,Workload,Jitting,2,37720410,30,1257347,7,0,0,15312
BooleanQueryBenchmarks.LeanCorpus_BooleanQuery,Rowles.LeanCorpus.Benchmarks,BooleanQueryBenchmarks,LeanCorpus_BooleanQuery,DefaultJob,Default,Default,Default,Default,Default,Default,Default,Default,Default,Default,Default,Default,Default,Default,Default,Default,Default,Default,Default,Default,Default,Default,Default,Default,Default,Default,Default,Default,Default,Default,Default,Default,Default,Default,Default,Default,Default,Default,Default,Default,Default,DefaultJob,BooleanShape=Should2Common&DocumentCount=100000,1,Workload,Jitting,3,23521789,30,784059.63,7,0,0,15312
BooleanQueryBenchmarks.LeanCorpus_BooleanQuery,Rowles.LeanCorpus.Benchmarks,BooleanQueryBenchmarks,LeanCorpus_BooleanQuery,DefaultJob,Default,Default,Default,Default,Default,Default,Default,Default,Default,Default,Default,Default,Default,Default,Default,Default,Default,Default,Default,Default,Default,Default,Default,Default,Default,Default,Default,Default,Default,Default,Default,Default,Default,Default,Default,Default,Default,Default,Default,Default,Default,DefaultJob,BooleanShape=Should2Common&DocumentCount=100000,1,Workload,Jitting,4,21873745,30,729124.83,7,0,0,15312
BooleanQueryBenchmarks.LeanCorpus_BooleanQuery,Rowles.LeanCorpus.Benchmarks,BooleanQueryBenchmarks,LeanCorpus_BooleanQuery,DefaultJob,Default,Default,Default,Default,Default,Default,Default,Default,Default,Default,Default,Default,Default,Default,Default,Default,Default,Default,Default,Default,Default,Default,Default,Default,Default,Default,Default,Default,Default,Default,Default,Default,Default,Default,Default,Default,Default,Default,Default,Default,Default,DefaultJob,BooleanShape=Should2Common&DocumentCount=100000,1,Workload,Jitting,5,1215770,1,1215770,7,0,0,15312
BooleanQueryBenchmarks.LeanCorpus_BooleanQuery,Rowles.LeanCorpus.Benchmarks,BooleanQueryBenchmarks,LeanCorpus_BooleanQuery,DefaultJob,Default,Default,Default,Default,Default,Default,Default,Default,Default,Default,Default,Default,Default,Default,Default,Default,Default,Default,Default,Default,Default,Default,Default,Default,Default,Default,Default,Default,Default,Default,Default,Default,Default,Default,Default,Default,Default,Default,Default,Default,Default,DefaultJob,BooleanShape=Should2Common&DocumentCount=100000,1,Workload,Pilot,1,1300131,1,1300131,7,0,0,15312
BooleanQueryBenchmarks.LeanCorpus_BooleanQuery,Rowles.LeanCorpus.Benchmarks,BooleanQueryBenchmarks,LeanCorpus_BooleanQuery,DefaultJob,Default,Default,Default,Default,Default,Default,Default,Default,Default,Default,Default,Default,Default,Default,Default,Default,Default,Default,Default,Default,Default,Default,Default,Default,Default,Default,Default,Default,Default,Default,Default,Default,Default,Default,Default,Default,Default,Default,Default,Default,Default,DefaultJob,BooleanShape=Should2Common&DocumentCount=100000,1,Workload,Pilot,1,15134776,16,945923.5,7,0,0,15312
BooleanQueryBenchmarks.LeanCorpus_BooleanQuery,Rowles.LeanCorpus.Benchmarks,BooleanQueryBenchmarks,LeanCorpus_BooleanQuery,DefaultJob,Default,Default,Default,Default,Default,Default,Default,Default,Default,Default,Default,Default,Default,Default,Default,Default,Default,Default,Default,Default,Default,Default,Default,Default,Default,Default,Default,Default,Default,Default,Default,Default,Default,Default,Default,Default,Default,Default,Default,Default,Default,DefaultJob,BooleanShape=Should2Common&DocumentCount=100000,1,Workload,Pilot,2,24988662,32,780895.69,7,0,0,15312
BooleanQueryBenchmarks.LeanCorpus_BooleanQuery,Rowles.LeanCorpus.Benchmarks,BooleanQueryBenchmarks,LeanCorpus_BooleanQuery,DefaultJob,Default,Default,Default,Default,Default,Default,Default,Default,Default,Default,Default,Default,Default,Default,Default,Default,Default,Default,Default,Default,Default,Default,Default,Default,Default,Default,Default,Default,Default,Default,Default,Default,Default,Default,Default,Default,Default,Default,Default,Default,Default,DefaultJob,BooleanShape=Should2Common&DocumentCount=100000,1,Workload,Pilot,3,32245727,64,503839.48,7,0,0,15312
BooleanQueryBenchmarks.LeanCorpus_BooleanQuery,Rowles.LeanCorpus.Benchmarks,BooleanQueryBenchmarks,LeanCorpus_BooleanQuery,DefaultJob,Default,Default,Default,Default,Default,Default,Default,Default,Default,Default,Default,Default,Default,Default,Default,Default,Default,Default,Default,Default,Default,Default,Default,Default,Default,Default,Default,Default,Default,Default,Default,Default,Default,Default,Default,Default,Default,Default,Default,Default,Default,DefaultJob,BooleanShape=Should2Common&DocumentCount=100000,1,Workload,Pilot,4,60896484,128,475753.78,7,0,0,15312
BooleanQueryBenchmarks.LeanCorpus_BooleanQuery,Rowles.LeanCorpus.Benchmarks,BooleanQueryBenchmarks,LeanCorpus_BooleanQuery,DefaultJob,Default,Default,Default,Default,Default,Default,Default,Default,Default,Default,Default,Default,Default,Default,Default,Default,Default,Default,Default,Default,Default,Default,Default,Default,Default,Default,Default,Default,Default,Default,Default,Default,Default,Default,Default,Default,Default,Default,Default,Default,Default,DefaultJob,BooleanShape=Should2Common&DocumentCount=100000,1,Workload,Pilot,5,118209634,256,461756.38,7,0,0,15312
BooleanQueryBenchmarks.LeanCorpus_BooleanQuery,Rowles.LeanCorpus.Benchmarks,BooleanQueryBenchmarks,LeanCorpus_BooleanQuery,DefaultJob,Default,Default,Default,Default,Default,Default,Default,Default,Default,Default,Default,Default,Default,Default,Default,Default,Default,Default,Default,Default,Default,Default,Default,Default,Default,Default,Default,Default,Default,Default,Default,Default,Default,Default,Default,Default,Default,Default,Default,Default,Default,DefaultJob,BooleanShape=Should2Common&DocumentCount=100000,1,Workload,Pilot,6,241578689,512,471833.38,7,0,0,15312
BooleanQueryBenchmarks.LeanCorpus_BooleanQuery,Rowles.LeanCorpus.Benchmarks,BooleanQueryBenchmarks,LeanCorpus_BooleanQuery,DefaultJob,Default,Default,Default,Default,Default,Default,Default,Default,Default,Default,Default,Default,Default,Default,Default,Default,Default,Default,Default,Default,Default,Default,Default,Default,Default,Default,Default,Default,Default,Default,Default,Default,Default,Default,Default,Default,Default,Default,Default,Default,Default,DefaultJob,BooleanShape=Should2Common&DocumentCount=100000,1,Workload,Pilot,7,461550875,1024,450733.28,7,0,0,15312
BooleanQueryBenchmarks.LeanCorpus_BooleanQuery,Rowles.LeanCorpus.Benchmarks,BooleanQueryBenchmarks,LeanCorpus_BooleanQuery,DefaultJob,Default,Default,Default,Default,Default,Default,Default,Default,Default,Default,Default,Default,Default,Default,Default,Default,Default,Default,Default,Default,Default,Default,Default,Default,Default,Default,Default,Default,Default,Default,Default,Default,Default,Default,Default,Default,Default,Default,Default,Default,Default,DefaultJob,BooleanShape=Should2Common&DocumentCount=100000,1,Workload,Pilot,8,954391963,2048,466011.7,7,0,0,15312
BooleanQueryBenchmarks.LeanCorpus_BooleanQuery,Rowles.LeanCorpus.Benchmarks,BooleanQueryBenchmarks,LeanCorpus_BooleanQuery,DefaultJob,Default,Default,Default,Default,Default,Default,Default,Default,Default,Default,Default,Default,Default,Default,Default,Default,Default,Default,Default,Default,Default,Default,Default,Default,Default,Default,Default,Default,Default,Default,Default,Default,Default,Default,Default,Default,Default,Default,Default,Default,Default,DefaultJob,BooleanShape=Should2Common&DocumentCount=100000,1,Workload,Warmup,1,929597780,2048,453905.17,7,0,0,15312
BooleanQueryBenchmarks.LeanCorpus_BooleanQuery,Rowles.LeanCorpus.Benchmarks,BooleanQueryBenchmarks,LeanCorpus_BooleanQuery,DefaultJob,Default,Default,Default,Default,Default,Default,Default,Default,Default,Default,Default,Default,Default,Default,Default,Default,Default,Default,Default,Default,Default,Default,Default,Default,Default,Default,Default,Default,Default,Default,Default,Default,Default,Default,Default,Default,Default,Default,Default,Default,Default,DefaultJob,BooleanShape=Should2Common&DocumentCount=100000,1,Workload,Warmup,2,938545867,2048,458274.35,7,0,0,15312
BooleanQueryBenchmarks.LeanCorpus_BooleanQuery,Rowles.LeanCorpus.Benchmarks,BooleanQueryBenchmarks,LeanCorpus_BooleanQuery,DefaultJob,Default,Default,Default,Default,Default,Default,Default,Default,Default,Default,Default,Default,Default,Default,Default,Default,Default,Default,Default,Default,Default,Default,Default,Default,Default,Default,Default,Default,Default,Default,Default,Default,Default,Default,Default,Default,Default,Default,Default,Default,Default,DefaultJob,BooleanShape=Should2Common&DocumentCount=100000,1,Workload,Warmup,3,931783989,2048,454972.65,7,0,0,15312
BooleanQueryBenchmarks.LeanCorpus_BooleanQuery,Rowles.LeanCorpus.Benchmarks,BooleanQueryBenchmarks,LeanCorpus_BooleanQuery,DefaultJob,Default,Default,Default,Default,Default,Default,Default,Default,Default,Default,Default,Default,Default,Default,Default,Default,Default,Default,Default,Default,Default,Default,Default,Default,Default,Default,Default,Default,Default,Default,Default,Default,Default,Default,Default,Default,Default,Default,Default,Default,Default,DefaultJob,BooleanShape=Should2Common&DocumentCount=100000,1,Workload,Warmup,4,898713830,2048,438825.11,7,0,0,15312
BooleanQueryBenchmarks.LeanCorpus_BooleanQuery,Rowles.LeanCorpus.Benchmarks,BooleanQueryBenchmarks,LeanCorpus_BooleanQuery,DefaultJob,Default,Default,Default,Default,Default,Default,Default,Default,Default,Default,Default,Default,Default,Default,Default,Default,Default,Default,Default,Default,Default,Default,Default,Default,Default,Default,Default,Default,Default,Default,Default,Default,Default,Default,Default,Default,Default,Default,Default,Default,Default,DefaultJob,BooleanShape=Should2Common&DocumentCount=100000,1,Workload,Warmup,5,931443780,2048,454806.53,7,0,0,15312
BooleanQueryBenchmarks.LeanCorpus_BooleanQuery,Rowles.LeanCorpus.Benchmarks,BooleanQueryBenchmarks,LeanCorpus_BooleanQuery,DefaultJob,Default,Default,Default,Default,Default,Default,Default,Default,Default,Default,Default,Default,Default,Default,Default,Default,Default,Default,Default,Default,Default,Default,Default,Default,Default,Default,Default,Default,Default,Default,Default,Default,Default,Default,Default,Default,Default,Default,Default,Default,Default,DefaultJob,BooleanShape=Should2Common&DocumentCount=100000,1,Workload,Warmup,6,927607164,2048,452933.19,7,0,0,15312
BooleanQueryBenchmarks.LeanCorpus_BooleanQuery,Rowles.LeanCorpus.Benchmarks,BooleanQueryBenchmarks,LeanCorpus_BooleanQuery,DefaultJob,Default,Default,Default,Default,Default,Default,Default,Default,Default,Default,Default,Default,Default,Default,Default,Default,Default,Default,Default,Default,Default,Default,Default,Default,Default,Default,Default,Default,Default,Default,Default,Default,Default,Default,Default,Default,Default,Default,Default,Default,Default,DefaultJob,BooleanShape=Should2Common&DocumentCount=100000,1,Workload,Actual,1,913256926,2048,445926.23,7,0,0,15312
BooleanQueryBenchmarks.LeanCorpus_BooleanQuery,Rowles.LeanCorpus.Benchmarks,BooleanQueryBenchmarks,LeanCorpus_BooleanQuery,DefaultJob,Default,Default,Default,Default,Default,Default,Default,Default,Default,Default,Default,Default,Default,Default,Default,Default,Default,Default,Default,Default,Default,Default,Default,Default,Default,Default,Default,Default,Default,Default,Default,Default,Default,Default,Default,Default,Default,Default,Default,Default,Default,DefaultJob,BooleanShape=Should2Common&DocumentCount=100000,1,Workload,Actual,2,945406074,2048,461624.06,7,0,0,15312
BooleanQueryBenchmarks.LeanCorpus_BooleanQuery,Rowles.LeanCorpus.Benchmarks,BooleanQueryBenchmarks,LeanCorpus_BooleanQuery,DefaultJob,Default,Default,Default,Default,Default,Default,Default,Default,Default,Default,Default,Default,Default,Default,Default,Default,Default,Default,Default,Default,Default,Default,Default,Default,Default,Default,Default,Default,Default,Default,Default,Default,Default,Default,Default,Default,Default,Default,Default,Default,Default,DefaultJob,BooleanShape=Should2Common&DocumentCount=100000,1,Workload,Actual,3,916893826,2048,447702.06,7,0,0,15312
BooleanQueryBenchmarks.LeanCorpus_BooleanQuery,Rowles.LeanCorpus.Benchmarks,BooleanQueryBenchmarks,LeanCorpus_BooleanQuery,DefaultJob,Default,Default,Default,Default,Default,Default,Default,Default,Default,Default,Default,Default,Default,Default,Default,Default,Default,Default,Default,Default,Default,Default,Default,Default,Default,Default,Default,Default,Default,Default,Default,Default,Default,Default,Default,Default,Default,Default,Default,Default,Default,DefaultJob,BooleanShape=Should2Common&DocumentCount=100000,1,Workload,Actual,4,921241489,2048,449824.95,7,0,0,15312
BooleanQueryBenchmarks.LeanCorpus_BooleanQuery,Rowles.LeanCorpus.Benchmarks,BooleanQueryBenchmarks,LeanCorpus_BooleanQuery,DefaultJob,Default,Default,Default,Default,Default,Default,Default,Default,Default,Default,Default,Default,Default,Default,Default,Default,Default,Default,Default,Default,Default,Default,Default,Default,Default,Default,Default,Default,Default,Default,Default,Default,Default,Default,Default,Default,Default,Default,Default,Default,Default,DefaultJob,BooleanShape=Should2Common&DocumentCount=100000,1,Workload,Actual,5,935960574,2048,457012,7,0,0,15312
BooleanQueryBenchmarks.LeanCorpus_BooleanQuery,Rowles.LeanCorpus.Benchmarks,BooleanQueryBenchmarks,LeanCorpus_BooleanQuery,DefaultJob,Default,Default,Default,Default,Default,Default,Default,Default,Default,Default,Default,Default,Default,Default,Default,Default,Default,Default,Default,Default,Default,Default,Default,Default,Default,Default,Default,Default,Default,Default,Default,Default,Default,Default,Default,Default,Default,Default,Default,Default,Default,DefaultJob,BooleanShape=Should2Common&DocumentCount=100000,1,Workload,Actual,6,945454528,2048,461647.72,7,0,0,15312
BooleanQueryBenchmarks.LeanCorpus_BooleanQuery,Rowles.LeanCorpus.Benchmarks,BooleanQueryBenchmarks,LeanCorpus_BooleanQuery,DefaultJob,Default,Default,Default,Default,Default,Default,Default,Default,Default,Default,Default,Default,Default,Default,Default,Default,Default,Default,Default,Default,Default,Default,Default,Default,Default,Default,Default,Default,Default,Default,Default,Default,Default,Default,Default,Default,Default,Default,Default,Default,Default,DefaultJob,BooleanShape=Should2Common&DocumentCount=100000,1,Workload,Actual,7,941372497,2048,459654.54,7,0,0,15312
BooleanQueryBenchmarks.LeanCorpus_BooleanQuery,Rowles.LeanCorpus.Benchmarks,BooleanQueryBenchmarks,LeanCorpus_BooleanQuery,DefaultJob,Default,Default,Default,Default,Default,Default,Default,Default,Default,Default,Default,Default,Default,Default,Default,Default,Default,Default,Default,Default,Default,Default,Default,Default,Default,Default,Default,Default,Default,Default,Default,Default,Default,Default,Default,Default,Default,Default,Default,Default,Default,DefaultJob,BooleanShape=Should2Common&DocumentCount=100000,1,Workload,Actual,8,945832324,2048,461832.19,7,0,0,15312
BooleanQueryBenchmarks.LeanCorpus_BooleanQuery,Rowles.LeanCorpus.Benchmarks,BooleanQueryBenchmarks,LeanCorpus_BooleanQuery,DefaultJob,Default,Default,Default,Default,Default,Default,Default,Default,Default,Default,Default,Default,Default,Default,Default,Default,Default,Default,Default,Default,Default,Default,Default,Default,Default,Default,Default,Default,Default,Default,Default,Default,Default,Default,Default,Default,Default,Default,Default,Default,Default,DefaultJob,BooleanShape=Should2Common&DocumentCount=100000,1,Workload,Actual,9,947879118,2048,462831.6,7,0,0,15312
BooleanQueryBenchmarks.LeanCorpus_BooleanQuery,Rowles.LeanCorpus.Benchmarks,BooleanQueryBenchmarks,LeanCorpus_BooleanQuery,DefaultJob,Default,Default,Default,Default,Default,Default,Default,Default,Default,Default,Default,Default,Default,Default,Default,Default,Default,Default,Default,Default,Default,Default,Default,Default,Default,Default,Default,Default,Default,Default,Default,Default,Default,Default,Default,Default,Default,Default,Default,Default,Default,DefaultJob,BooleanShape=Should2Common&DocumentCount=100000,1,Workload,Actual,10,930311028,2048,454253.43,7,0,0,15312
BooleanQueryBenchmarks.LeanCorpus_BooleanQuery,Rowles.LeanCorpus.Benchmarks,BooleanQueryBenchmarks,LeanCorpus_BooleanQuery,DefaultJob,Default,Default,Default,Default,Default,Default,Default,Default,Default,Default,Default,Default,Default,Default,Default,Default,Default,Default,Default,Default,Default,Default,Default,Default,Default,Default,Default,Default,Default,Default,Default,Default,Default,Default,Default,Default,Default,Default,Default,Default,Default,DefaultJob,BooleanShape=Should2Common&DocumentCount=100000,1,Workload,Actual,11,939089181,2048,458539.64,7,0,0,15312
BooleanQueryBenchmarks.LeanCorpus_BooleanQuery,Rowles.LeanCorpus.Benchmarks,BooleanQueryBenchmarks,LeanCorpus_BooleanQuery,DefaultJob,Default,Default,Default,Default,Default,Default,Default,Default,Default,Default,Default,Default,Default,Default,Default,Default,Default,Default,Default,Default,Default,Default,Default,Default,Default,Default,Default,Default,Default,Default,Default,Default,Default,Default,Default,Default,Default,Default,Default,Default,Default,DefaultJob,BooleanShape=Should2Common&DocumentCount=100000,1,Workload,Actual,12,945551036,2048,461694.84,7,0,0,15312
BooleanQueryBenchmarks.LeanCorpus_BooleanQuery,Rowles.LeanCorpus.Benchmarks,BooleanQueryBenchmarks,LeanCorpus_BooleanQuery,DefaultJob,Default,Default,Default,Default,Default,Default,Default,Default,Default,Default,Default,Default,Default,Default,Default,Default,Default,Default,Default,Default,Default,Default,Default,Default,Default,Default,Default,Default,Default,Default,Default,Default,Default,Default,Default,Default,Default,Default,Default,Default,Default,DefaultJob,BooleanShape=Should2Common&DocumentCount=100000,1,Workload,Actual,13,941383366,2048,459659.85,7,0,0,15312
BooleanQueryBenchmarks.LeanCorpus_BooleanQuery,Rowles.LeanCorpus.Benchmarks,BooleanQueryBenchmarks,LeanCorpus_BooleanQuery,DefaultJob,Default,Default,Default,Default,Default,Default,Default,Default,Default,Default,Default,Default,Default,Default,Default,Default,Default,Default,Default,Default,Default,Default,Default,Default,Default,Default,Default,Default,Default,Default,Default,Default,Default,Default,Default,Default,Default,Default,Default,Default,Default,DefaultJob,BooleanShape=Should2Common&DocumentCount=100000,1,Workload,Actual,14,915236475,2048,446892.81,7,0,0,15312
BooleanQueryBenchmarks.LeanCorpus_BooleanQuery,Rowles.LeanCorpus.Benchmarks,BooleanQueryBenchmarks,LeanCorpus_BooleanQuery,DefaultJob,Default,Default,Default,Default,Default,Default,Default,Default,Default,Default,Default,Default,Default,Default,Default,Default,Default,Default,Default,Default,Default,Default,Default,Default,Default,Default,Default,Default,Default,Default,Default,Default,Default,Default,Default,Default,Default,Default,Default,Default,Default,DefaultJob,BooleanShape=Should2Common&DocumentCount=100000,1,Workload,Actual,15,950322641,2048,464024.73,7,0,0,15312
BooleanQueryBenchmarks.LeanCorpus_BooleanQuery,Rowles.LeanCorpus.Benchmarks,BooleanQueryBenchmarks,LeanCorpus_BooleanQuery,DefaultJob,Default,Default,Default,Default,Default,Default,Default,Default,Default,Default,Default,Default,Default,Default,Default,Default,Default,Default,Default,Default,Default,Default,Default,Default,Default,Default,Default,Default,Default,Default,Default,Default,Default,Default,Default,Default,Default,Default,Default,Default,Default,DefaultJob,BooleanShape=Should2Common&DocumentCount=100000,1,Workload,Extra,1,935199990,2048,456640.62,7,0,0,15312
BooleanQueryBenchmarks.LeanCorpus_BooleanQuery,Rowles.LeanCorpus.Benchmarks,BooleanQueryBenchmarks,LeanCorpus_BooleanQuery,DefaultJob,Default,Default,Default,Default,Default,Default,Default,Default,Default,Default,Default,Default,Default,Default,Default,Default,Default,Default,Default,Default,Default,Default,Default,Default,Default,Default,Default,Default,Default,Default,Default,Default,Default,Default,Default,Default,Default,Default,Default,Default,Default,DefaultJob,BooleanShape=Should2Common&DocumentCount=100000,1,Workload,Result,1,913256926,2048,445926.23,7,0,0,15312
BooleanQueryBenchmarks.LeanCorpus_BooleanQuery,Rowles.LeanCorpus.Benchmarks,BooleanQueryBenchmarks,LeanCorpus_BooleanQuery,DefaultJob,Default,Default,Default,Default,Default,Default,Default,Default,Default,Default,Default,Default,Default,Default,Default,Default,Default,Default,Default,Default,Default,Default,Default,Default,Default,Default,Default,Default,Default,Default,Default,Default,Default,Default,Default,Default,Default,Default,Default,Default,Default,DefaultJob,BooleanShape=Should2Common&DocumentCount=100000,1,Workload,Result,2,945406074,2048,461624.06,7,0,0,15312
BooleanQueryBenchmarks.LeanCorpus_BooleanQuery,Rowles.LeanCorpus.Benchmarks,BooleanQueryBenchmarks,LeanCorpus_BooleanQuery,DefaultJob,Default,Default,Default,Default,Default,Default,Default,Default,Default,Default,Default,Default,Default,Default,Default,Default,Default,Default,Default,Default,Default,Default,Default,Default,Default,Default,Default,Default,Default,Default,Default,Default,Default,Default,Default,Default,Default,Default,Default,Default,Default,DefaultJob,BooleanShape=Should2Common&DocumentCount=100000,1,Workload,Result,3,916893826,2048,447702.06,7,0,0,15312
BooleanQueryBenchmarks.LeanCorpus_BooleanQuery,Rowles.LeanCorpus.Benchmarks,BooleanQueryBenchmarks,LeanCorpus_BooleanQuery,DefaultJob,Default,Default,Default,Default,Default,Default,Default,Default,Default,Default,Default,Default,Default,Default,Default,Default,Default,Default,Default,Default,Default,Default,Default,Default,Default,Default,Default,Default,Default,Default,Default,Default,Default,Default,Default,Default,Default,Default,Default,Default,Default,DefaultJob,BooleanShape=Should2Common&DocumentCount=100000,1,Workload,Result,4,921241489,2048,449824.95,7,0,0,15312
BooleanQueryBenchmarks.LeanCorpus_BooleanQuery,Rowles.LeanCorpus.Benchmarks,BooleanQueryBenchmarks,LeanCorpus_BooleanQuery,DefaultJob,Default,Default,Default,Default,Default,Default,Default,Default,Default,Default,Default,Default,Default,Default,Default,Default,Default,Default,Default,Default,Default,Default,Default,Default,Default,Default,Default,Default,Default,Default,Default,Default,Default,Default,Default,Default,Default,Default,Default,Default,Default,DefaultJob,BooleanShape=Should2Common&DocumentCount=100000,1,Workload,Result,5,935960574,2048,457012,7,0,0,15312
BooleanQueryBenchmarks.LeanCorpus_BooleanQuery,Rowles.LeanCorpus.Benchmarks,BooleanQueryBenchmarks,LeanCorpus_BooleanQuery,DefaultJob,Default,Default,Default,Default,Default,Default,Default,Default,Default,Default,Default,Default,Default,Default,Default,Default,Default,Default,Default,Default,Default,Default,Default,Default,Default,Default,Default,Default,Default,Default,Default,Default,Default,Default,Default,Default,Default,Default,Default,Default,Default,DefaultJob,BooleanShape=Should2Common&DocumentCount=100000,1,Workload,Result,6,945454528,2048,461647.72,7,0,0,15312
BooleanQueryBenchmarks.LeanCorpus_BooleanQuery,Rowles.LeanCorpus.Benchmarks,BooleanQueryBenchmarks,LeanCorpus_BooleanQuery,DefaultJob,Default,Default,Default,Default,Default,Default,Default,Default,Default,Default,Default,Default,Default,Default,Default,Default,Default,Default,Default,Default,Default,Default,Default,Default,Default,Default,Default,Default,Default,Default,Default,Default,Default,Default,Default,Default,Default,Default,Default,Default,Default,DefaultJob,BooleanShape=Should2Common&DocumentCount=100000,1,Workload,Result,7,941372497,2048,459654.54,7,0,0,15312
BooleanQueryBenchmarks.LeanCorpus_BooleanQuery,Rowles.LeanCorpus.Benchmarks,BooleanQueryBenchmarks,LeanCorpus_BooleanQuery,DefaultJob,Default,Default,Default,Default,Default,Default,Default,Default,Default,Default,Default,Default,Default,Default,Default,Default,Default,Default,Default,Default,Default,Default,Default,Default,Default,Default,Default,Default,Default,Default,Default,Default,Default,Default,Default,Default,Default,Default,Default,Default,Default,DefaultJob,BooleanShape=Should2Common&DocumentCount=100000,1,Workload,Result,8,945832324,2048,461832.19,7,0,0,15312
BooleanQueryBenchmarks.LeanCorpus_BooleanQuery,Rowles.LeanCorpus.Benchmarks,BooleanQueryBenchmarks,LeanCorpus_BooleanQuery,DefaultJob,Default,Default,Default,Default,Default,Default,Default,Default,Default,Default,Default,Default,Default,Default,Default,Default,Default,Default,Default,Default,Default,Default,Default,Default,Default,Default,Default,Default,Default,Default,Default,Default,Default,Default,Default,Default,Default,Default,Default,Default,Default,DefaultJob,BooleanShape=Should2Common&DocumentCount=100000,1,Workload,Result,9,947879118,2048,462831.6,7,0,0,15312
BooleanQueryBenchmarks.LeanCorpus_BooleanQuery,Rowles.LeanCorpus.Benchmarks,BooleanQueryBenchmarks,LeanCorpus_BooleanQuery,DefaultJob,Default,Default,Default,Default,Default,Default,Default,Default,Default,Default,Default,Default,Default,Default,Default,Default,Default,Default,Default,Default,Default,Default,Default,Default,Default,Default,Default,Default,Default,Default,Default,Default,Default,Default,Default,Default,Default,Default,Default,Default,Default,DefaultJob,BooleanShape=Should2Common&DocumentCount=100000,1,Workload,Result,10,930311028,2048,454253.43,7,0,0,15312
BooleanQueryBenchmarks.LeanCorpus_BooleanQuery,Rowles.LeanCorpus.Benchmarks,BooleanQueryBenchmarks,LeanCorpus_BooleanQuery,DefaultJob,Default,Default,Default,Default,Default,Default,Default,Default,Default,Default,Default,Default,Default,Default,Default,Default,Default,Default,Default,Default,Default,Default,Default,Default,Default,Default,Default,Default,Default,Default,Default,Default,Default,Default,Default,Default,Default,Default,Default,Default,Default,DefaultJob,BooleanShape=Should2Common&DocumentCount=100000,1,Workload,Result,11,939089181,2048,458539.64,7,0,0,15312
BooleanQueryBenchmarks.LeanCorpus_BooleanQuery,Rowles.LeanCorpus.Benchmarks,BooleanQueryBenchmarks,LeanCorpus_BooleanQuery,DefaultJob,Default,Default,Default,Default,Default,Default,Default,Default,Default,Default,Default,Default,Default,Default,Default,Default,Default,Default,Default,Default,Default,Default,Default,Default,Default,Default,Default,Default,Default,Default,Default,Default,Default,Default,Default,Default,Default,Default,Default,Default,Default,DefaultJob,BooleanShape=Should2Common&DocumentCount=100000,1,Workload,Result,12,945551036,2048,461694.84,7,0,0,15312
BooleanQueryBenchmarks.LeanCorpus_BooleanQuery,Rowles.LeanCorpus.Benchmarks,BooleanQueryBenchmarks,LeanCorpus_BooleanQuery,DefaultJob,Default,Default,Default,Default,Default,Default,Default,Default,Default,Default,Default,Default,Default,Default,Default,Default,Default,Default,Default,Default,Default,Default,Default,Default,Default,Default,Default,Default,Default,Default,Default,Default,Default,Default,Default,Default,Default,Default,Default,Default,Default,DefaultJob,BooleanShape=Should2Common&DocumentCount=100000,1,Workload,Result,13,941383366,2048,459659.85,7,0,0,15312
BooleanQueryBenchmarks.LeanCorpus_BooleanQuery,Rowles.LeanCorpus.Benchmarks,BooleanQueryBenchmarks,LeanCorpus_BooleanQuery,DefaultJob,Default,Default,Default,Default,Default,Default,Default,Default,Default,Default,Default,Default,Default,Default,Default,Default,Default,Default,Default,Default,Default,Default,Default,Default,Default,Default,Default,Default,Default,Default,Default,Default,Default,Default,Default,Default,Default,Default,Default,Default,Default,DefaultJob,BooleanShape=Should2Common&DocumentCount=100000,1,Workload,Result,14,915236475,2048,446892.81,7,0,0,15312
BooleanQueryBenchmarks.LeanCorpus_BooleanQuery,Rowles.LeanCorpus.Benchmarks,BooleanQueryBenchmarks,LeanCorpus_BooleanQuery,DefaultJob,Default,Default,Default,Default,Default,Default,Default,Default,Default,Default,Default,Default,Default,Default,Default,Default,Default,Default,Default,Default,Default,Default,Default,Default,Default,Default,Default,Default,Default,Default,Default,Default,Default,Default,Default,Default,Default,Default,Default,Default,Default,DefaultJob,BooleanShape=Should2Common&DocumentCount=100000,1,Workload,Result,15,950322641,2048,464024.73,7,0,0,15312
BooleanQueryBenchmarks.LuceneNet_BooleanQuery,Rowles.LeanCorpus.Benchmarks,BooleanQueryBenchmarks,LuceneNet_BooleanQuery,DefaultJob,Default,Default,Default,Default,Default,Default,Default,Default,Default,Default,Default,Default,Default,Default,Default,Default,Default,Default,Default,Default,Default,Default,Default,Default,Default,Default,Default,Default,Default,Default,Default,Default,Default,Default,Default,Default,Default,Default,Default,Default,Default,DefaultJob,BooleanShape=Should2Common&DocumentCount=100000,1,Workload,Jitting,1,40466973,1,40466973,168,6,0,691981
BooleanQueryBenchmarks.LuceneNet_BooleanQuery,Rowles.LeanCorpus.Benchmarks,BooleanQueryBenchmarks,LuceneNet_BooleanQuery,DefaultJob,Default,Default,Default,Default,Default,Default,Default,Default,Default,Default,Default,Default,Default,Default,Default,Default,Default,Default,Default,Default,Default,Default,Default,Default,Default,Default,Default,Default,Default,Default,Default,Default,Default,Default,Default,Default,Default,Default,Default,Default,Default,DefaultJob,BooleanShape=Should2Common&DocumentCount=100000,1,Workload,Jitting,2,115863845,30,3862128.17,168,6,0,691981
BooleanQueryBenchmarks.LuceneNet_BooleanQuery,Rowles.LeanCorpus.Benchmarks,BooleanQueryBenchmarks,LuceneNet_BooleanQuery,DefaultJob,Default,Default,Default,Default,Default,Default,Default,Default,Default,Default,Default,Default,Default,Default,Default,Default,Default,Default,Default,Default,Default,Default,Default,Default,Default,Default,Default,Default,Default,Default,Default,Default,Default,Default,Default,Default,Default,Default,Default,Default,Default,DefaultJob,BooleanShape=Should2Common&DocumentCount=100000,1,Workload,Jitting,3,34329307,30,1144310.23,168,6,0,691981
BooleanQueryBenchmarks.LuceneNet_BooleanQuery,Rowles.LeanCorpus.Benchmarks,BooleanQueryBenchmarks,LuceneNet_BooleanQuery,DefaultJob,Default,Default,Default,Default,Default,Default,Default,Default,Default,Default,Default,Default,Default,Default,Default,Default,Default,Default,Default,Default,Default,Default,Default,Default,Default,Default,Default,Default,Default,Default,Default,Default,Default,Default,Default,Default,Default,Default,Default,Default,Default,DefaultJob,BooleanShape=Should2Common&DocumentCount=100000,1,Workload,Jitting,4,20502384,30,683412.8,168,6,0,691981
BooleanQueryBenchmarks.LuceneNet_BooleanQuery,Rowles.LeanCorpus.Benchmarks,BooleanQueryBenchmarks,LuceneNet_BooleanQuery,DefaultJob,Default,Default,Default,Default,Default,Default,Default,Default,Default,Default,Default,Default,Default,Default,Default,Default,Default,Default,Default,Default,Default,Default,Default,Default,Default,Default,Default,Default,Default,Default,Default,Default,Default,Default,Default,Default,Default,Default,Default,Default,Default,DefaultJob,BooleanShape=Should2Common&DocumentCount=100000,1,Workload,Jitting,5,1823499,1,1823499,168,6,0,691981
BooleanQueryBenchmarks.LuceneNet_BooleanQuery,Rowles.LeanCorpus.Benchmarks,BooleanQueryBenchmarks,LuceneNet_BooleanQuery,DefaultJob,Default,Default,Default,Default,Default,Default,Default,Default,Default,Default,Default,Default,Default,Default,Default,Default,Default,Default,Default,Default,Default,Default,Default,Default,Default,Default,Default,Default,Default,Default,Default,Default,Default,Default,Default,Default,Default,Default,Default,Default,Default,DefaultJob,BooleanShape=Should2Common&DocumentCount=100000,1,Workload,Pilot,1,1262268,1,1262268,168,6,0,691981
BooleanQueryBenchmarks.LuceneNet_BooleanQuery,Rowles.LeanCorpus.Benchmarks,BooleanQueryBenchmarks,LuceneNet_BooleanQuery,DefaultJob,Default,Default,Default,Default,Default,Default,Default,Default,Default,Default,Default,Default,Default,Default,Default,Default,Default,Default,Default,Default,Default,Default,Default,Default,Default,Default,Default,Default,Default,Default,Default,Default,Default,Default,Default,Default,Default,Default,Default,Default,Default,DefaultJob,BooleanShape=Should2Common&DocumentCount=100000,1,Workload,Pilot,1,24390518,16,1524407.38,168,6,0,691981
BooleanQueryBenchmarks.LuceneNet_BooleanQuery,Rowles.LeanCorpus.Benchmarks,BooleanQueryBenchmarks,LuceneNet_BooleanQuery,DefaultJob,Default,Default,Default,Default,Default,Default,Default,Default,Default,Default,Default,Default,Default,Default,Default,Default,Default,Default,Default,Default,Default,Default,Default,Default,Default,Default,Default,Default,Default,Default,Default,Default,Default,Default,Default,Default,Default,Default,Default,Default,Default,DefaultJob,BooleanShape=Should2Common&DocumentCount=100000,1,Workload,Pilot,2,34956373,32,1092386.66,168,6,0,691981
BooleanQueryBenchmarks.LuceneNet_BooleanQuery,Rowles.LeanCorpus.Benchmarks,BooleanQueryBenchmarks,LuceneNet_BooleanQuery,DefaultJob,Default,Default,Default,Default,Default,Default,Default,Default,Default,Default,Default,Default,Default,Default,Default,Default,Default,Default,Default,Default,Default,Default,Default,Default,Default,Default,Default,Default,Default,Default,Default,Default,Default,Default,Default,Default,Default,Default,Default,Default,Default,DefaultJob,BooleanShape=Should2Common&DocumentCount=100000,1,Workload,Pilot,3,50629698,64,791089.03,168,6,0,691981
BooleanQueryBenchmarks.LuceneNet_BooleanQuery,Rowles.LeanCorpus.Benchmarks,BooleanQueryBenchmarks,LuceneNet_BooleanQuery,DefaultJob,Default,Default,Default,Default,Default,Default,Default,Default,Default,Default,Default,Default,Default,Default,Default,Default,Default,Default,Default,Default,Default,Default,Default,Default,Default,Default,Default,Default,Default,Default,Default,Default,Default,Default,Default,Default,Default,Default,Default,Default,Default,DefaultJob,BooleanShape=Should2Common&DocumentCount=100000,1,Workload,Pilot,4,80768341,128,631002.66,168,6,0,691981
BooleanQueryBenchmarks.LuceneNet_BooleanQuery,Rowles.LeanCorpus.Benchmarks,BooleanQueryBenchmarks,LuceneNet_BooleanQuery,DefaultJob,Default,Default,Default,Default,Default,Default,Default,Default,Default,Default,Default,Default,Default,Default,Default,Default,Default,Default,Default,Default,Default,Default,Default,Default,Default,Default,Default,Default,Default,Default,Default,Default,Default,Default,Default,Default,Default,Default,Default,Default,Default,DefaultJob,BooleanShape=Should2Common&DocumentCount=100000,1,Workload,Pilot,5,157115013,256,613730.52,168,6,0,691981
BooleanQueryBenchmarks.LuceneNet_BooleanQuery,Rowles.LeanCorpus.Benchmarks,BooleanQueryBenchmarks,LuceneNet_BooleanQuery,DefaultJob,Default,Default,Default,Default,Default,Default,Default,Default,Default,Default,Default,Default,Default,Default,Default,Default,Default,Default,Default,Default,Default,Default,Default,Default,Default,Default,Default,Default,Default,Default,Default,Default,Default,Default,Default,Default,Default,Default,Default,Default,Default,DefaultJob,BooleanShape=Should2Common&DocumentCount=100000,1,Workload,Pilot,6,318911290,512,622873.61,168,6,0,691981
BooleanQueryBenchmarks.LuceneNet_BooleanQuery,Rowles.LeanCorpus.Benchmarks,BooleanQueryBenchmarks,LuceneNet_BooleanQuery,DefaultJob,Default,Default,Default,Default,Default,Default,Default,Default,Default,Default,Default,Default,Default,Default,Default,Default,Default,Default,Default,Default,Default,Default,Default,Default,Default,Default,Default,Default,Default,Default,Default,Default,Default,Default,Default,Default,Default,Default,Default,Default,Default,DefaultJob,BooleanShape=Should2Common&DocumentCount=100000,1,Workload,Pilot,7,637470445,1024,622529.73,168,6,0,691981
BooleanQueryBenchmarks.LuceneNet_BooleanQuery,Rowles.LeanCorpus.Benchmarks,BooleanQueryBenchmarks,LuceneNet_BooleanQuery,DefaultJob,Default,Default,Default,Default,Default,Default,Default,Default,Default,Default,Default,Default,Default,Default,Default,Default,Default,Default,Default,Default,Default,Default,Default,Default,Default,Default,Default,Default,Default,Default,Default,Default,Default,Default,Default,Default,Default,Default,Default,Default,Default,DefaultJob,BooleanShape=Should2Common&DocumentCount=100000,1,Workload,Warmup,1,642996811,1024,627926.57,168,6,0,691981
BooleanQueryBenchmarks.LuceneNet_BooleanQuery,Rowles.LeanCorpus.Benchmarks,BooleanQueryBenchmarks,LuceneNet_BooleanQuery,DefaultJob,Default,Default,Default,Default,Default,Default,Default,Default,Default,Default,Default,Default,Default,Default,Default,Default,Default,Default,Default,Default,Default,Default,Default,Default,Default,Default,Default,Default,Default,Default,Default,Default,Default,Default,Default,Default,Default,Default,Default,Default,Default,DefaultJob,BooleanShape=Should2Common&DocumentCount=100000,1,Workload,Warmup,2,636154517,1024,621244.65,168,6,0,691981
BooleanQueryBenchmarks.LuceneNet_BooleanQuery,Rowles.LeanCorpus.Benchmarks,BooleanQueryBenchmarks,LuceneNet_BooleanQuery,DefaultJob,Default,Default,Default,Default,Default,Default,Default,Default,Default,Default,Default,Default,Default,Default,Default,Default,Default,Default,Default,Default,Default,Default,Default,Default,Default,Default,Default,Default,Default,Default,Default,Default,Default,Default,Default,Default,Default,Default,Default,Default,Default,DefaultJob,BooleanShape=Should2Common&DocumentCount=100000,1,Workload,Warmup,3,643499347,1024,628417.33,168,6,0,691981
BooleanQueryBenchmarks.LuceneNet_BooleanQuery,Rowles.LeanCorpus.Benchmarks,BooleanQueryBenchmarks,LuceneNet_BooleanQuery,DefaultJob,Default,Default,Default,Default,Default,Default,Default,Default,Default,Default,Default,Default,Default,Default,Default,Default,Default,Default,Default,Default,Default,Default,Default,Default,Default,Default,Default,Default,Default,Default,Default,Default,Default,Default,Default,Default,Default,Default,Default,Default,Default,DefaultJob,BooleanShape=Should2Common&DocumentCount=100000,1,Workload,Warmup,4,641090471,1024,626064.91,168,6,0,691981
BooleanQueryBenchmarks.LuceneNet_BooleanQuery,Rowles.LeanCorpus.Benchmarks,BooleanQueryBenchmarks,LuceneNet_BooleanQuery,DefaultJob,Default,Default,Default,Default,Default,Default,Default,Default,Default,Default,Default,Default,Default,Default,Default,Default,Default,Default,Default,Default,Default,Default,Default,Default,Default,Default,Default,Default,Default,Default,Default,Default,Default,Default,Default,Default,Default,Default,Default,Default,Default,DefaultJob,BooleanShape=Should2Common&DocumentCount=100000,1,Workload,Warmup,5,641447247,1024,626413.33,168,6,0,691981
BooleanQueryBenchmarks.LuceneNet_BooleanQuery,Rowles.LeanCorpus.Benchmarks,BooleanQueryBenchmarks,LuceneNet_BooleanQuery,DefaultJob,Default,Default,Default,Default,Default,Default,Default,Default,Default,Default,Default,Default,Default,Default,Default,Default,Default,Default,Default,Default,Default,Default,Default,Default,Default,Default,Default,Default,Default,Default,Default,Default,Default,Default,Default,Default,Default,Default,Default,Default,Default,DefaultJob,BooleanShape=Should2Common&DocumentCount=100000,1,Workload,Warmup,6,640698227,1024,625681.86,168,6,0,691981
BooleanQueryBenchmarks.LuceneNet_BooleanQuery,Rowles.LeanCorpus.Benchmarks,BooleanQueryBenchmarks,LuceneNet_BooleanQuery,DefaultJob,Default,Default,Default,Default,Default,Default,Default,Default,Default,Default,Default,Default,Default,Default,Default,Default,Default,Default,Default,Default,Default,Default,Default,Default,Default,Default,Default,Default,Default,Default,Default,Default,Default,Default,Default,Default,Default,Default,Default,Default,Default,DefaultJob,BooleanShape=Should2Common&DocumentCount=100000,1,Workload,Actual,1,643596956,1024,628512.65,168,6,0,691981
BooleanQueryBenchmarks.LuceneNet_BooleanQuery,Rowles.LeanCorpus.Benchmarks,BooleanQueryBenchmarks,LuceneNet_BooleanQuery,DefaultJob,Default,Default,Default,Default,Default,Default,Default,Default,Default,Default,Default,Default,Default,Default,Default,Default,Default,Default,Default,Default,Default,Default,Default,Default,Default,Default,Default,Default,Default,Default,Default,Default,Default,Default,Default,Default,Default,Default,Default,Default,Default,DefaultJob,BooleanShape=Should2Common&DocumentCount=100000,1,Workload,Actual,2,629928132,1024,615164.19,168,6,0,691981
BooleanQueryBenchmarks.LuceneNet_BooleanQuery,Rowles.LeanCorpus.Benchmarks,BooleanQueryBenchmarks,LuceneNet_BooleanQuery,DefaultJob,Default,Default,Default,Default,Default,Default,Default,Default,Default,Default,Default,Default,Default,Default,Default,Default,Default,Default,Default,Default,Default,Default,Default,Default,Default,Default,Default,Default,Default,Default,Default,Default,Default,Default,Default,Default,Default,Default,Default,Default,Default,DefaultJob,BooleanShape=Should2Common&DocumentCount=100000,1,Workload,Actual,3,633660786,1024,618809.36,168,6,0,691981
BooleanQueryBenchmarks.LuceneNet_BooleanQuery,Rowles.LeanCorpus.Benchmarks,BooleanQueryBenchmarks,LuceneNet_BooleanQuery,DefaultJob,Default,Default,Default,Default,Default,Default,Default,Default,Default,Default,Default,Default,Default,Default,Default,Default,Default,Default,Default,Default,Default,Default,Default,Default,Default,Default,Default,Default,Default,Default,Default,Default,Default,Default,Default,Default,Default,Default,Default,Default,Default,DefaultJob,BooleanShape=Should2Common&DocumentCount=100000,1,Workload,Actual,4,636499933,1024,621581.97,168,6,0,691981
BooleanQueryBenchmarks.LuceneNet_BooleanQuery,Rowles.LeanCorpus.Benchmarks,BooleanQueryBenchmarks,LuceneNet_BooleanQuery,DefaultJob,Default,Default,Default,Default,Default,Default,Default,Default,Default,Default,Default,Default,Default,Default,Default,Default,Default,Default,Default,Default,Default,Default,Default,Default,Default,Default,Default,Default,Default,Default,Default,Default,Default,Default,Default,Default,Default,Default,Default,Default,Default,DefaultJob,BooleanShape=Should2Common&DocumentCount=100000,1,Workload,Actual,5,640962255,1024,625939.7,168,6,0,691981
BooleanQueryBenchmarks.LuceneNet_BooleanQuery,Rowles.LeanCorpus.Benchmarks,BooleanQueryBenchmarks,LuceneNet_BooleanQuery,DefaultJob,Default,Default,Default,Default,Default,Default,Default,Default,Default,Default,Default,Default,Default,Default,Default,Default,Default,Default,Default,Default,Default,Default,Default,Default,Default,Default,Default,Default,Default,Default,Default,Default,Default,Default,Default,Default,Default,Default,Default,Default,Default,DefaultJob,BooleanShape=Should2Common&DocumentCount=100000,1,Workload,Actual,6,639698178,1024,624705.25,168,6,0,691981
BooleanQueryBenchmarks.LuceneNet_BooleanQuery,Rowles.LeanCorpus.Benchmarks,BooleanQueryBenchmarks,LuceneNet_BooleanQuery,DefaultJob,Default,Default,Default,Default,Default,Default,Default,Default,Default,Default,Default,Default,Default,Default,Default,Default,Default,Default,Default,Default,Default,Default,Default,Default,Default,Default,Default,Default,Default,Default,Default,Default,Default,Default,Default,Default,Default,Default,Default,Default,Default,DefaultJob,BooleanShape=Should2Common&DocumentCount=100000,1,Workload,Actual,7,642682496,1024,627619.63,168,6,0,691981
BooleanQueryBenchmarks.LuceneNet_BooleanQuery,Rowles.LeanCorpus.Benchmarks,BooleanQueryBenchmarks,LuceneNet_BooleanQuery,DefaultJob,Default,Default,Default,Default,Default,Default,Default,Default,Default,Default,Default,Default,Default,Default,Default,Default,Default,Default,Default,Default,Default,Default,Default,Default,Default,Default,Default,Default,Default,Default,Default,Default,Default,Default,Default,Default,Default,Default,Default,Default,Default,DefaultJob,BooleanShape=Should2Common&DocumentCount=100000,1,Workload,Actual,8,638057513,1024,623103.04,168,6,0,691981
BooleanQueryBenchmarks.LuceneNet_BooleanQuery,Rowles.LeanCorpus.Benchmarks,BooleanQueryBenchmarks,LuceneNet_BooleanQuery,DefaultJob,Default,Default,Default,Default,Default,Default,Default,Default,Default,Default,Default,Default,Default,Default,Default,Default,Default,Default,Default,Default,Default,Default,Default,Default,Default,Default,Default,Default,Default,Default,Default,Default,Default,Default,Default,Default,Default,Default,Default,Default,Default,DefaultJob,BooleanShape=Should2Common&DocumentCount=100000,1,Workload,Actual,9,632473166,1024,617649.58,168,6,0,691981
BooleanQueryBenchmarks.LuceneNet_BooleanQuery,Rowles.LeanCorpus.Benchmarks,BooleanQueryBenchmarks,LuceneNet_BooleanQuery,DefaultJob,Default,Default,Default,Default,Default,Default,Default,Default,Default,Default,Default,Default,Default,Default,Default,Default,Default,Default,Default,Default,Default,Default,Default,Default,Default,Default,Default,Default,Default,Default,Default,Default,Default,Default,Default,Default,Default,Default,Default,Default,Default,DefaultJob,BooleanShape=Should2Common&DocumentCount=100000,1,Workload,Actual,10,634537160,1024,619665.2,168,6,0,691981
BooleanQueryBenchmarks.LuceneNet_BooleanQuery,Rowles.LeanCorpus.Benchmarks,BooleanQueryBenchmarks,LuceneNet_BooleanQuery,DefaultJob,Default,Default,Default,Default,Default,Default,Default,Default,Default,Default,Default,Default,Default,Default,Default,Default,Default,Default,Default,Default,Default,Default,Default,Default,Default,Default,Default,Default,Default,Default,Default,Default,Default,Default,Default,Default,Default,Default,Default,Default,Default,DefaultJob,BooleanShape=Should2Common&DocumentCount=100000,1,Workload,Actual,11,641990430,1024,626943.78,168,6,0,691981
BooleanQueryBenchmarks.LuceneNet_BooleanQuery,Rowles.LeanCorpus.Benchmarks,BooleanQueryBenchmarks,LuceneNet_BooleanQuery,DefaultJob,Default,Default,Default,Default,Default,Default,Default,Default,Default,Default,Default,Default,Default,Default,Default,Default,Default,Default,Default,Default,Default,Default,Default,Default,Default,Default,Default,Default,Default,Default,Default,Default,Default,Default,Default,Default,Default,Default,Default,Default,Default,DefaultJob,BooleanShape=Should2Common&DocumentCount=100000,1,Workload,Actual,12,640710606,1024,625693.95,168,6,0,691981
BooleanQueryBenchmarks.LuceneNet_BooleanQuery,Rowles.LeanCorpus.Benchmarks,BooleanQueryBenchmarks,LuceneNet_BooleanQuery,DefaultJob,Default,Default,Default,Default,Default,Default,Default,Default,Default,Default,Default,Default,Default,Default,Default,Default,Default,Default,Default,Default,Default,Default,Default,Default,Default,Default,Default,Default,Default,Default,Default,Default,Default,Default,Default,Default,Default,Default,Default,Default,Default,DefaultJob,BooleanShape=Should2Common&DocumentCount=100000,1,Workload,Actual,13,647728091,1024,632546.96,168,6,0,691981
BooleanQueryBenchmarks.LuceneNet_BooleanQuery,Rowles.LeanCorpus.Benchmarks,BooleanQueryBenchmarks,LuceneNet_BooleanQuery,DefaultJob,Default,Default,Default,Default,Default,Default,Default,Default,Default,Default,Default,Default,Default,Default,Default,Default,Default,Default,Default,Default,Default,Default,Default,Default,Default,Default,Default,Default,Default,Default,Default,Default,Default,Default,Default,Default,Default,Default,Default,Default,Default,DefaultJob,BooleanShape=Should2Common&DocumentCount=100000,1,Workload,Actual,14,640578315,1024,625564.76,168,6,0,691981
BooleanQueryBenchmarks.LuceneNet_BooleanQuery,Rowles.LeanCorpus.Benchmarks,BooleanQueryBenchmarks,LuceneNet_BooleanQuery,DefaultJob,Default,Default,Default,Default,Default,Default,Default,Default,Default,Default,Default,Default,Default,Default,Default,Default,Default,Default,Default,Default,Default,Default,Default,Default,Default,Default,Default,Default,Default,Default,Default,Default,Default,Default,Default,Default,Default,Default,Default,Default,Default,DefaultJob,BooleanShape=Should2Common&DocumentCount=100000,1,Workload,Actual,15,644219467,1024,629120.57,168,6,0,691981
BooleanQueryBenchmarks.LuceneNet_BooleanQuery,Rowles.LeanCorpus.Benchmarks,BooleanQueryBenchmarks,LuceneNet_BooleanQuery,DefaultJob,Default,Default,Default,Default,Default,Default,Default,Default,Default,Default,Default,Default,Default,Default,Default,Default,Default,Default,Default,Default,Default,Default,Default,Default,Default,Default,Default,Default,Default,Default,Default,Default,Default,Default,Default,Default,Default,Default,Default,Default,Default,DefaultJob,BooleanShape=Should2Common&DocumentCount=100000,1,Workload,Extra,1,633020128,1024,618183.72,168,6,0,691981
BooleanQueryBenchmarks.LuceneNet_BooleanQuery,Rowles.LeanCorpus.Benchmarks,BooleanQueryBenchmarks,LuceneNet_BooleanQuery,DefaultJob,Default,Default,Default,Default,Default,Default,Default,Default,Default,Default,Default,Default,Default,Default,Default,Default,Default,Default,Default,Default,Default,Default,Default,Default,Default,Default,Default,Default,Default,Default,Default,Default,Default,Default,Default,Default,Default,Default,Default,Default,Default,DefaultJob,BooleanShape=Should2Common&DocumentCount=100000,1,Workload,Result,1,643596956,1024,628512.65,168,6,0,691981
BooleanQueryBenchmarks.LuceneNet_BooleanQuery,Rowles.LeanCorpus.Benchmarks,BooleanQueryBenchmarks,LuceneNet_BooleanQuery,DefaultJob,Default,Default,Default,Default,Default,Default,Default,Default,Default,Default,Default,Default,Default,Default,Default,Default,Default,Default,Default,Default,Default,Default,Default,Default,Default,Default,Default,Default,Default,Default,Default,Default,Default,Default,Default,Default,Default,Default,Default,Default,Default,DefaultJob,BooleanShape=Should2Common&DocumentCount=100000,1,Workload,Result,2,629928132,1024,615164.19,168,6,0,691981
BooleanQueryBenchmarks.LuceneNet_BooleanQuery,Rowles.LeanCorpus.Benchmarks,BooleanQueryBenchmarks,LuceneNet_BooleanQuery,DefaultJob,Default,Default,Default,Default,Default,Default,Default,Default,Default,Default,Default,Default,Default,Default,Default,Default,Default,Default,Default,Default,Default,Default,Default,Default,Default,Default,Default,Default,Default,Default,Default,Default,Default,Default,Default,Default,Default,Default,Default,Default,Default,DefaultJob,BooleanShape=Should2Common&DocumentCount=100000,1,Workload,Result,3,633660786,1024,618809.36,168,6,0,691981
BooleanQueryBenchmarks.LuceneNet_BooleanQuery,Rowles.LeanCorpus.Benchmarks,BooleanQueryBenchmarks,LuceneNet_BooleanQuery,DefaultJob,Default,Default,Default,Default,Default,Default,Default,Default,Default,Default,Default,Default,Default,Default,Default,Default,Default,Default,Default,Default,Default,Default,Default,Default,Default,Default,Default,Default,Default,Default,Default,Default,Default,Default,Default,Default,Default,Default,Default,Default,Default,DefaultJob,BooleanShape=Should2Common&DocumentCount=100000,1,Workload,Result,4,636499933,1024,621581.97,168,6,0,691981
BooleanQueryBenchmarks.LuceneNet_BooleanQuery,Rowles.LeanCorpus.Benchmarks,BooleanQueryBenchmarks,LuceneNet_BooleanQuery,DefaultJob,Default,Default,Default,Default,Default,Default,Default,Default,Default,Default,Default,Default,Default,Default,Default,Default,Default,Default,Default,Default,Default,Default,Default,Default,Default,Default,Default,Default,Default,Default,Default,Default,Default,Default,Default,Default,Default,Default,Default,Default,Default,DefaultJob,BooleanShape=Should2Common&DocumentCount=100000,1,Workload,Result,5,640962255,1024,625939.7,168,6,0,691981
BooleanQueryBenchmarks.LuceneNet_BooleanQuery,Rowles.LeanCorpus.Benchmarks,BooleanQueryBenchmarks,LuceneNet_BooleanQuery,DefaultJob,Default,Default,Default,Default,Default,Default,Default,Default,Default,Default,Default,Default,Default,Default,Default,Default,Default,Default,Default,Default,Default,Default,Default,Default,Default,Default,Default,Default,Default,Default,Default,Default,Default,Default,Default,Default,Default,Default,Default,Default,Default,DefaultJob,BooleanShape=Should2Common&DocumentCount=100000,1,Workload,Result,6,639698178,1024,624705.25,168,6,0,691981
BooleanQueryBenchmarks.LuceneNet_BooleanQuery,Rowles.LeanCorpus.Benchmarks,BooleanQueryBenchmarks,LuceneNet_BooleanQuery,DefaultJob,Default,Default,Default,Default,Default,Default,Default,Default,Default,Default,Default,Default,Default,Default,Default,Default,Default,Default,Default,Default,Default,Default,Default,Default,Default,Default,Default,Default,Default,Default,Default,Default,Default,Default,Default,Default,Default,Default,Default,Default,Default,DefaultJob,BooleanShape=Should2Common&DocumentCount=100000,1,Workload,Result,7,642682496,1024,627619.63,168,6,0,691981
BooleanQueryBenchmarks.LuceneNet_BooleanQuery,Rowles.LeanCorpus.Benchmarks,BooleanQueryBenchmarks,LuceneNet_BooleanQuery,DefaultJob,Default,Default,Default,Default,Default,Default,Default,Default,Default,Default,Default,Default,Default,Default,Default,Default,Default,Default,Default,Default,Default,Default,Default,Default,Default,Default,Default,Default,Default,Default,Default,Default,Default,Default,Default,Default,Default,Default,Default,Default,Default,DefaultJob,BooleanShape=Should2Common&DocumentCount=100000,1,Workload,Result,8,638057513,1024,623103.04,168,6,0,691981
BooleanQueryBenchmarks.LuceneNet_BooleanQuery,Rowles.LeanCorpus.Benchmarks,BooleanQueryBenchmarks,LuceneNet_BooleanQuery,DefaultJob,Default,Default,Default,Default,Default,Default,Default,Default,Default,Default,Default,Default,Default,Default,Default,Default,Default,Default,Default,Default,Default,Default,Default,Default,Default,Default,Default,Default,Default,Default,Default,Default,Default,Default,Default,Default,Default,Default,Default,Default,Default,DefaultJob,BooleanShape=Should2Common&DocumentCount=100000,1,Workload,Result,9,632473166,1024,617649.58,168,6,0,691981
BooleanQueryBenchmarks.LuceneNet_BooleanQuery,Rowles.LeanCorpus.Benchmarks,BooleanQueryBenchmarks,LuceneNet_BooleanQuery,DefaultJob,Default,Default,Default,Default,Default,Default,Default,Default,Default,Default,Default,Default,Default,Default,Default,Default,Default,Default,Default,Default,Default,Default,Default,Default,Default,Default,Default,Default,Default,Default,Default,Default,Default,Default,Default,Default,Default,Default,Default,Default,Default,DefaultJob,BooleanShape=Should2Common&DocumentCount=100000,1,Workload,Result,10,634537160,1024,619665.2,168,6,0,691981
BooleanQueryBenchmarks.LuceneNet_BooleanQuery,Rowles.LeanCorpus.Benchmarks,BooleanQueryBenchmarks,LuceneNet_BooleanQuery,DefaultJob,Default,Default,Default,Default,Default,Default,Default,Default,Default,Default,Default,Default,Default,Default,Default,Default,Default,Default,Default,Default,Default,Default,Default,Default,Default,Default,Default,Default,Default,Default,Default,Default,Default,Default,Default,Default,Default,Default,Default,Default,Default,DefaultJob,BooleanShape=Should2Common&DocumentCount=100000,1,Workload,Result,11,641990430,1024,626943.78,168,6,0,691981
BooleanQueryBenchmarks.LuceneNet_BooleanQuery,Rowles.LeanCorpus.Benchmarks,BooleanQueryBenchmarks,LuceneNet_BooleanQuery,DefaultJob,Default,Default,Default,Default,Default,Default,Default,Default,Default,Default,Default,Default,Default,Default,Default,Default,Default,Default,Default,Default,Default,Default,Default,Default,Default,Default,Default,Default,Default,Default,Default,Default,Default,Default,Default,Default,Default,Default,Default,Default,Default,DefaultJob,BooleanShape=Should2Common&DocumentCount=100000,1,Workload,Result,12,640710606,1024,625693.95,168,6,0,691981
BooleanQueryBenchmarks.LuceneNet_BooleanQuery,Rowles.LeanCorpus.Benchmarks,BooleanQueryBenchmarks,LuceneNet_BooleanQuery,DefaultJob,Default,Default,Default,Default,Default,Default,Default,Default,Default,Default,Default,Default,Default,Default,Default,Default,Default,Default,Default,Default,Default,Default,Default,Default,Default,Default,Default,Default,Default,Default,Default,Default,Default,Default,Default,Default,Default,Default,Default,Default,Default,DefaultJob,BooleanShape=Should2Common&DocumentCount=100000,1,Workload,Result,13,647728091,1024,632546.96,168,6,0,691981
BooleanQueryBenchmarks.LuceneNet_BooleanQuery,Rowles.LeanCorpus.Benchmarks,BooleanQueryBenchmarks,LuceneNet_BooleanQuery,DefaultJob,Default,Default,Default,Default,Default,Default,Default,Default,Default,Default,Default,Default,Default,Default,Default,Default,Default,Default,Default,Default,Default,Default,Default,Default,Default,Default,Default,Default,Default,Default,Default,Default,Default,Default,Default,Default,Default,Default,Default,Default,Default,DefaultJob,BooleanShape=Should2Common&DocumentCount=100000,1,Workload,Result,14,640578315,1024,625564.76,168,6,0,691981
BooleanQueryBenchmarks.LuceneNet_BooleanQuery,Rowles.LeanCorpus.Benchmarks,BooleanQueryBenchmarks,LuceneNet_BooleanQuery,DefaultJob,Default,Default,Default,Default,Default,Default,Default,Default,Default,Default,Default,Default,Default,Default,Default,Default,Default,Default,Default,Default,Default,Default,Default,Default,Default,Default,Default,Default,Default,Default,Default,Default,Default,Default,Default,Default,Default,Default,Default,Default,Default,DefaultJob,BooleanShape=Should2Common&DocumentCount=100000,1,Workload,Result,15,644219467,1024,629120.57,168,6,0,691981
BooleanQueryBenchmarks.LeanCorpus_BooleanQuery,Rowles.LeanCorpus.Benchmarks,BooleanQueryBenchmarks,LeanCorpus_BooleanQuery,DefaultJob,Default,Default,Default,Default,Default,Default,Default,Default,Default,Default,Default,Default,Default,Default,Default,Default,Default,Default,Default,Default,Default,Default,Default,Default,Default,Default,Default,Default,Default,Default,Default,Default,Default,Default,Default,Default,Default,Default,Default,Default,Default,DefaultJob,BooleanShape=Should4Mixed&DocumentCount=100000,1,Workload,Jitting,1,178978206,1,178978206,5,0,0,21386
BooleanQueryBenchmarks.LeanCorpus_BooleanQuery,Rowles.LeanCorpus.Benchmarks,BooleanQueryBenchmarks,LeanCorpus_BooleanQuery,DefaultJob,Default,Default,Default,Default,Default,Default,Default,Default,Default,Default,Default,Default,Default,Default,Default,Default,Default,Default,Default,Default,Default,Default,Default,Default,Default,Default,Default,Default,Default,Default,Default,Default,Default,Default,Default,Default,Default,Default,Default,Default,Default,DefaultJob,BooleanShape=Should4Mixed&DocumentCount=100000,1,Workload,Jitting,2,34906305,30,1163543.5,5,0,0,21386
BooleanQueryBenchmarks.LeanCorpus_BooleanQuery,Rowles.LeanCorpus.Benchmarks,BooleanQueryBenchmarks,LeanCorpus_BooleanQuery,DefaultJob,Default,Default,Default,Default,Default,Default,Default,Default,Default,Default,Default,Default,Default,Default,Default,Default,Default,Default,Default,Default,Default,Default,Default,Default,Default,Default,Default,Default,Default,Default,Default,Default,Default,Default,Default,Default,Default,Default,Default,Default,Default,DefaultJob,BooleanShape=Should4Mixed&DocumentCount=100000,1,Workload,Jitting,3,28109802,30,936993.4,5,0,0,21386
BooleanQueryBenchmarks.LeanCorpus_BooleanQuery,Rowles.LeanCorpus.Benchmarks,BooleanQueryBenchmarks,LeanCorpus_BooleanQuery,DefaultJob,Default,Default,Default,Default,Default,Default,Default,Default,Default,Default,Default,Default,Default,Default,Default,Default,Default,Default,Default,Default,Default,Default,Default,Default,Default,Default,Default,Default,Default,Default,Default,Default,Default,Default,Default,Default,Default,Default,Default,Default,Default,DefaultJob,BooleanShape=Should4Mixed&DocumentCount=100000,1,Workload,Jitting,4,35013952,30,1167131.73,5,0,0,21386
BooleanQueryBenchmarks.LeanCorpus_BooleanQuery,Rowles.LeanCorpus.Benchmarks,BooleanQueryBenchmarks,LeanCorpus_BooleanQuery,DefaultJob,Default,Default,Default,Default,Default,Default,Default,Default,Default,Default,Default,Default,Default,Default,Default,Default,Default,Default,Default,Default,Default,Default,Default,Default,Default,Default,Default,Default,Default,Default,Default,Default,Default,Default,Default,Default,Default,Default,Default,Default,Default,DefaultJob,BooleanShape=Should4Mixed&DocumentCount=100000,1,Workload,Jitting,5,1796287,1,1796287,5,0,0,21386
BooleanQueryBenchmarks.LeanCorpus_BooleanQuery,Rowles.LeanCorpus.Benchmarks,BooleanQueryBenchmarks,LeanCorpus_BooleanQuery,DefaultJob,Default,Default,Default,Default,Default,Default,Default,Default,Default,Default,Default,Default,Default,Default,Default,Default,Default,Default,Default,Default,Default,Default,Default,Default,Default,Default,Default,Default,Default,Default,Default,Default,Default,Default,Default,Default,Default,Default,Default,Default,Default,DefaultJob,BooleanShape=Should4Mixed&DocumentCount=100000,1,Workload,Pilot,1,1736348,1,1736348,5,0,0,21386
BooleanQueryBenchmarks.LeanCorpus_BooleanQuery,Rowles.LeanCorpus.Benchmarks,BooleanQueryBenchmarks,LeanCorpus_BooleanQuery,DefaultJob,Default,Default,Default,Default,Default,Default,Default,Default,Default,Default,Default,Default,Default,Default,Default,Default,Default,Default,Default,Default,Default,Default,Default,Default,Default,Default,Default,Default,Default,Default,Default,Default,Default,Default,Default,Default,Default,Default,Default,Default,Default,DefaultJob,BooleanShape=Should4Mixed&DocumentCount=100000,1,Workload,Pilot,1,26702822,16,1668926.38,5,0,0,21386
BooleanQueryBenchmarks.LeanCorpus_BooleanQuery,Rowles.LeanCorpus.Benchmarks,BooleanQueryBenchmarks,LeanCorpus_BooleanQuery,DefaultJob,Default,Default,Default,Default,Default,Default,Default,Default,Default,Default,Default,Default,Default,Default,Default,Default,Default,Default,Default,Default,Default,Default,Default,Default,Default,Default,Default,Default,Default,Default,Default,Default,Default,Default,Default,Default,Default,Default,Default,Default,Default,DefaultJob,BooleanShape=Should4Mixed&DocumentCount=100000,1,Workload,Pilot,2,39095731,32,1221741.59,5,0,0,21386
BooleanQueryBenchmarks.LeanCorpus_BooleanQuery,Rowles.LeanCorpus.Benchmarks,BooleanQueryBenchmarks,LeanCorpus_BooleanQuery,DefaultJob,Default,Default,Default,Default,Default,Default,Default,Default,Default,Default,Default,Default,Default,Default,Default,Default,Default,Default,Default,Default,Default,Default,Default,Default,Default,Default,Default,Default,Default,Default,Default,Default,Default,Default,Default,Default,Default,Default,Default,Default,Default,DefaultJob,BooleanShape=Should4Mixed&DocumentCount=100000,1,Workload,Pilot,3,50585993,64,790406.14,5,0,0,21386
BooleanQueryBenchmarks.LeanCorpus_BooleanQuery,Rowles.LeanCorpus.Benchmarks,BooleanQueryBenchmarks,LeanCorpus_BooleanQuery,DefaultJob,Default,Default,Default,Default,Default,Default,Default,Default,Default,Default,Default,Default,Default,Default,Default,Default,Default,Default,Default,Default,Default,Default,Default,Default,Default,Default,Default,Default,Default,Default,Default,Default,Default,Default,Default,Default,Default,Default,Default,Default,Default,DefaultJob,BooleanShape=Should4Mixed&DocumentCount=100000,1,Workload,Pilot,4,100744715,128,787068.09,5,0,0,21386
BooleanQueryBenchmarks.LeanCorpus_BooleanQuery,Rowles.LeanCorpus.Benchmarks,BooleanQueryBenchmarks,LeanCorpus_BooleanQuery,DefaultJob,Default,Default,Default,Default,Default,Default,Default,Default,Default,Default,Default,Default,Default,Default,Default,Default,Default,Default,Default,Default,Default,Default,Default,Default,Default,Default,Default,Default,Default,Default,Default,Default,Default,Default,Default,Default,Default,Default,Default,Default,Default,DefaultJob,BooleanShape=Should4Mixed&DocumentCount=100000,1,Workload,Pilot,5,216580933,256,846019.27,5,0,0,21386
BooleanQueryBenchmarks.LeanCorpus_BooleanQuery,Rowles.LeanCorpus.Benchmarks,BooleanQueryBenchmarks,LeanCorpus_BooleanQuery,DefaultJob,Default,Default,Default,Default,Default,Default,Default,Default,Default,Default,Default,Default,Default,Default,Default,Default,Default,Default,Default,Default,Default,Default,Default,Default,Default,Default,Default,Default,Default,Default,Default,Default,Default,Default,Default,Default,Default,Default,Default,Default,Default,DefaultJob,BooleanShape=Should4Mixed&DocumentCount=100000,1,Workload,Pilot,6,424745684,512,829581.41,5,0,0,21386
BooleanQueryBenchmarks.LeanCorpus_BooleanQuery,Rowles.LeanCorpus.Benchmarks,BooleanQueryBenchmarks,LeanCorpus_BooleanQuery,DefaultJob,Default,Default,Default,Default,Default,Default,Default,Default,Default,Default,Default,Default,Default,Default,Default,Default,Default,Default,Default,Default,Default,Default,Default,Default,Default,Default,Default,Default,Default,Default,Default,Default,Default,Default,Default,Default,Default,Default,Default,Default,Default,DefaultJob,BooleanShape=Should4Mixed&DocumentCount=100000,1,Workload,Pilot,7,854076196,1024,834058.79,5,0,0,21386
BooleanQueryBenchmarks.LeanCorpus_BooleanQuery,Rowles.LeanCorpus.Benchmarks,BooleanQueryBenchmarks,LeanCorpus_BooleanQuery,DefaultJob,Default,Default,Default,Default,Default,Default,Default,Default,Default,Default,Default,Default,Default,Default,Default,Default,Default,Default,Default,Default,Default,Default,Default,Default,Default,Default,Default,Default,Default,Default,Default,Default,Default,Default,Default,Default,Default,Default,Default,Default,Default,DefaultJob,BooleanShape=Should4Mixed&DocumentCount=100000,1,Workload,Warmup,1,858120896,1024,838008.69,5,0,0,21386
BooleanQueryBenchmarks.LeanCorpus_BooleanQuery,Rowles.LeanCorpus.Benchmarks,BooleanQueryBenchmarks,LeanCorpus_BooleanQuery,DefaultJob,Default,Default,Default,Default,Default,Default,Default,Default,Default,Default,Default,Default,Default,Default,Default,Default,Default,Default,Default,Default,Default,Default,Default,Default,Default,Default,Default,Default,Default,Default,Default,Default,Default,Default,Default,Default,Default,Default,Default,Default,Default,DefaultJob,BooleanShape=Should4Mixed&DocumentCount=100000,1,Workload,Warmup,2,844589646,1024,824794.58,5,0,0,21386
BooleanQueryBenchmarks.LeanCorpus_BooleanQuery,Rowles.LeanCorpus.Benchmarks,BooleanQueryBenchmarks,LeanCorpus_BooleanQuery,DefaultJob,Default,Default,Default,Default,Default,Default,Default,Default,Default,Default,Default,Default,Default,Default,Default,Default,Default,Default,Default,Default,Default,Default,Default,Default,Default,Default,Default,Default,Default,Default,Default,Default,Default,Default,Default,Default,Default,Default,Default,Default,Default,DefaultJob,BooleanShape=Should4Mixed&DocumentCount=100000,1,Workload,Warmup,3,843078727,1024,823319.07,5,0,0,21386
BooleanQueryBenchmarks.LeanCorpus_BooleanQuery,Rowles.LeanCorpus.Benchmarks,BooleanQueryBenchmarks,LeanCorpus_BooleanQuery,DefaultJob,Default,Default,Default,Default,Default,Default,Default,Default,Default,Default,Default,Default,Default,Default,Default,Default,Default,Default,Default,Default,Default,Default,Default,Default,Default,Default,Default,Default,Default,Default,Default,Default,Default,Default,Default,Default,Default,Default,Default,Default,Default,DefaultJob,BooleanShape=Should4Mixed&DocumentCount=100000,1,Workload,Warmup,4,855330994,1024,835284.17,5,0,0,21386
BooleanQueryBenchmarks.LeanCorpus_BooleanQuery,Rowles.LeanCorpus.Benchmarks,BooleanQueryBenchmarks,LeanCorpus_BooleanQuery,DefaultJob,Default,Default,Default,Default,Default,Default,Default,Default,Default,Default,Default,Default,Default,Default,Default,Default,Default,Default,Default,Default,Default,Default,Default,Default,Default,Default,Default,Default,Default,Default,Default,Default,Default,Default,Default,Default,Default,Default,Default,Default,Default,DefaultJob,BooleanShape=Should4Mixed&DocumentCount=100000,1,Workload,Warmup,5,846993971,1024,827142.55,5,0,0,21386
BooleanQueryBenchmarks.LeanCorpus_BooleanQuery,Rowles.LeanCorpus.Benchmarks,BooleanQueryBenchmarks,LeanCorpus_BooleanQuery,DefaultJob,Default,Default,Default,Default,Default,Default,Default,Default,Default,Default,Default,Default,Default,Default,Default,Default,Default,Default,Default,Default,Default,Default,Default,Default,Default,Default,Default,Default,Default,Default,Default,Default,Default,Default,Default,Default,Default,Default,Default,Default,Default,DefaultJob,BooleanShape=Should4Mixed&DocumentCount=100000,1,Workload,Warmup,6,845308638,1024,825496.72,5,0,0,21386
BooleanQueryBenchmarks.LeanCorpus_BooleanQuery,Rowles.LeanCorpus.Benchmarks,BooleanQueryBenchmarks,LeanCorpus_BooleanQuery,DefaultJob,Default,Default,Default,Default,Default,Default,Default,Default,Default,Default,Default,Default,Default,Default,Default,Default,Default,Default,Default,Default,Default,Default,Default,Default,Default,Default,Default,Default,Default,Default,Default,Default,Default,Default,Default,Default,Default,Default,Default,Default,Default,DefaultJob,BooleanShape=Should4Mixed&DocumentCount=100000,1,Workload,Warmup,7,845918368,1024,826092.16,5,0,0,21386
BooleanQueryBenchmarks.LeanCorpus_BooleanQuery,Rowles.LeanCorpus.Benchmarks,BooleanQueryBenchmarks,LeanCorpus_BooleanQuery,DefaultJob,Default,Default,Default,Default,Default,Default,Default,Default,Default,Default,Default,Default,Default,Default,Default,Default,Default,Default,Default,Default,Default,Default,Default,Default,Default,Default,Default,Default,Default,Default,Default,Default,Default,Default,Default,Default,Default,Default,Default,Default,Default,DefaultJob,BooleanShape=Should4Mixed&DocumentCount=100000,1,Workload,Warmup,8,850584820,1024,830649.24,5,0,0,21386
BooleanQueryBenchmarks.LeanCorpus_BooleanQuery,Rowles.LeanCorpus.Benchmarks,BooleanQueryBenchmarks,LeanCorpus_BooleanQuery,DefaultJob,Default,Default,Default,Default,Default,Default,Default,Default,Default,Default,Default,Default,Default,Default,Default,Default,Default,Default,Default,Default,Default,Default,Default,Default,Default,Default,Default,Default,Default,Default,Default,Default,Default,Default,Default,Default,Default,Default,Default,Default,Default,DefaultJob,BooleanShape=Should4Mixed&DocumentCount=100000,1,Workload,Warmup,9,846796337,1024,826949.55,5,0,0,21386
BooleanQueryBenchmarks.LeanCorpus_BooleanQuery,Rowles.LeanCorpus.Benchmarks,BooleanQueryBenchmarks,LeanCorpus_BooleanQuery,DefaultJob,Default,Default,Default,Default,Default,Default,Default,Default,Default,Default,Default,Default,Default,Default,Default,Default,Default,Default,Default,Default,Default,Default,Default,Default,Default,Default,Default,Default,Default,Default,Default,Default,Default,Default,Default,Default,Default,Default,Default,Default,Default,DefaultJob,BooleanShape=Should4Mixed&DocumentCount=100000,1,Workload,Actual,1,848531552,1024,828644.09,5,0,0,21386
BooleanQueryBenchmarks.LeanCorpus_BooleanQuery,Rowles.LeanCorpus.Benchmarks,BooleanQueryBenchmarks,LeanCorpus_BooleanQuery,DefaultJob,Default,Default,Default,Default,Default,Default,Default,Default,Default,Default,Default,Default,Default,Default,Default,Default,Default,Default,Default,Default,Default,Default,Default,Default,Default,Default,Default,Default,Default,Default,Default,Default,Default,Default,Default,Default,Default,Default,Default,Default,Default,DefaultJob,BooleanShape=Should4Mixed&DocumentCount=100000,1,Workload,Actual,2,852070751,1024,832100.34,5,0,0,21386
BooleanQueryBenchmarks.LeanCorpus_BooleanQuery,Rowles.LeanCorpus.Benchmarks,BooleanQueryBenchmarks,LeanCorpus_BooleanQuery,DefaultJob,Default,Default,Default,Default,Default,Default,Default,Default,Default,Default,Default,Default,Default,Default,Default,Default,Default,Default,Default,Default,Default,Default,Default,Default,Default,Default,Default,Default,Default,Default,Default,Default,Default,Default,Default,Default,Default,Default,Default,Default,Default,DefaultJob,BooleanShape=Should4Mixed&DocumentCount=100000,1,Workload,Actual,3,854311402,1024,834288.48,5,0,0,21386
BooleanQueryBenchmarks.LeanCorpus_BooleanQuery,Rowles.LeanCorpus.Benchmarks,BooleanQueryBenchmarks,LeanCorpus_BooleanQuery,DefaultJob,Default,Default,Default,Default,Default,Default,Default,Default,Default,Default,Default,Default,Default,Default,Default,Default,Default,Default,Default,Default,Default,Default,Default,Default,Default,Default,Default,Default,Default,Default,Default,Default,Default,Default,Default,Default,Default,Default,Default,Default,Default,DefaultJob,BooleanShape=Should4Mixed&DocumentCount=100000,1,Workload,Actual,4,853332612,1024,833332.63,5,0,0,21386
BooleanQueryBenchmarks.LeanCorpus_BooleanQuery,Rowles.LeanCorpus.Benchmarks,BooleanQueryBenchmarks,LeanCorpus_BooleanQuery,DefaultJob,Default,Default,Default,Default,Default,Default,Default,Default,Default,Default,Default,Default,Default,Default,Default,Default,Default,Default,Default,Default,Default,Default,Default,Default,Default,Default,Default,Default,Default,Default,Default,Default,Default,Default,Default,Default,Default,Default,Default,Default,Default,DefaultJob,BooleanShape=Should4Mixed&DocumentCount=100000,1,Workload,Actual,5,841432891,1024,821711.81,5,0,0,21386
BooleanQueryBenchmarks.LeanCorpus_BooleanQuery,Rowles.LeanCorpus.Benchmarks,BooleanQueryBenchmarks,LeanCorpus_BooleanQuery,DefaultJob,Default,Default,Default,Default,Default,Default,Default,Default,Default,Default,Default,Default,Default,Default,Default,Default,Default,Default,Default,Default,Default,Default,Default,Default,Default,Default,Default,Default,Default,Default,Default,Default,Default,Default,Default,Default,Default,Default,Default,Default,Default,DefaultJob,BooleanShape=Should4Mixed&DocumentCount=100000,1,Workload,Actual,6,854141494,1024,834122.55,5,0,0,21386
BooleanQueryBenchmarks.LeanCorpus_BooleanQuery,Rowles.LeanCorpus.Benchmarks,BooleanQueryBenchmarks,LeanCorpus_BooleanQuery,DefaultJob,Default,Default,Default,Default,Default,Default,Default,Default,Default,Default,Default,Default,Default,Default,Default,Default,Default,Default,Default,Default,Default,Default,Default,Default,Default,Default,Default,Default,Default,Default,Default,Default,Default,Default,Default,Default,Default,Default,Default,Default,Default,DefaultJob,BooleanShape=Should4Mixed&DocumentCount=100000,1,Workload,Actual,7,835291449,1024,815714.31,5,0,0,21386
BooleanQueryBenchmarks.LeanCorpus_BooleanQuery,Rowles.LeanCorpus.Benchmarks,BooleanQueryBenchmarks,LeanCorpus_BooleanQuery,DefaultJob,Default,Default,Default,Default,Default,Default,Default,Default,Default,Default,Default,Default,Default,Default,Default,Default,Default,Default,Default,Default,Default,Default,Default,Default,Default,Default,Default,Default,Default,Default,Default,Default,Default,Default,Default,Default,Default,Default,Default,Default,Default,DefaultJob,BooleanShape=Should4Mixed&DocumentCount=100000,1,Workload,Actual,8,848209901,1024,828329.98,5,0,0,21386
BooleanQueryBenchmarks.LeanCorpus_BooleanQuery,Rowles.LeanCorpus.Benchmarks,BooleanQueryBenchmarks,LeanCorpus_BooleanQuery,DefaultJob,Default,Default,Default,Default,Default,Default,Default,Default,Default,Default,Default,Default,Default,Default,Default,Default,Default,Default,Default,Default,Default,Default,Default,Default,Default,Default,Default,Default,Default,Default,Default,Default,Default,Default,Default,Default,Default,Default,Default,Default,Default,DefaultJob,BooleanShape=Should4Mixed&DocumentCount=100000,1,Workload,Actual,9,845260446,1024,825449.65,5,0,0,21386
BooleanQueryBenchmarks.LeanCorpus_BooleanQuery,Rowles.LeanCorpus.Benchmarks,BooleanQueryBenchmarks,LeanCorpus_BooleanQuery,DefaultJob,Default,Default,Default,Default,Default,Default,Default,Default,Default,Default,Default,Default,Default,Default,Default,Default,Default,Default,Default,Default,Default,Default,Default,Default,Default,Default,Default,Default,Default,Default,Default,Default,Default,Default,Default,Default,Default,Default,Default,Default,Default,DefaultJob,BooleanShape=Should4Mixed&DocumentCount=100000,1,Workload,Actual,10,858829495,1024,838700.68,5,0,0,21386
BooleanQueryBenchmarks.LeanCorpus_BooleanQuery,Rowles.LeanCorpus.Benchmarks,BooleanQueryBenchmarks,LeanCorpus_BooleanQuery,DefaultJob,Default,Default,Default,Default,Default,Default,Default,Default,Default,Default,Default,Default,Default,Default,Default,Default,Default,Default,Default,Default,Default,Default,Default,Default,Default,Default,Default,Default,Default,Default,Default,Default,Default,Default,Default,Default,Default,Default,Default,Default,Default,DefaultJob,BooleanShape=Should4Mixed&DocumentCount=100000,1,Workload,Actual,11,844932455,1024,825129.35,5,0,0,21386
BooleanQueryBenchmarks.LeanCorpus_BooleanQuery,Rowles.LeanCorpus.Benchmarks,BooleanQueryBenchmarks,LeanCorpus_BooleanQuery,DefaultJob,Default,Default,Default,Default,Default,Default,Default,Default,Default,Default,Default,Default,Default,Default,Default,Default,Default,Default,Default,Default,Default,Default,Default,Default,Default,Default,Default,Default,Default,Default,Default,Default,Default,Default,Default,Default,Default,Default,Default,Default,Default,DefaultJob,BooleanShape=Should4Mixed&DocumentCount=100000,1,Workload,Actual,12,845504740,1024,825688.22,5,0,0,21386
BooleanQueryBenchmarks.LeanCorpus_BooleanQuery,Rowles.LeanCorpus.Benchmarks,BooleanQueryBenchmarks,LeanCorpus_BooleanQuery,DefaultJob,Default,Default,Default,Default,Default,Default,Default,Default,Default,Default,Default,Default,Default,Default,Default,Default,Default,Default,Default,Default,Default,Default,Default,Default,Default,Default,Default,Default,Default,Default,Default,Default,Default,Default,Default,Default,Default,Default,Default,Default,Default,DefaultJob,BooleanShape=Should4Mixed&DocumentCount=100000,1,Workload,Actual,13,848139260,1024,828261,5,0,0,21386
BooleanQueryBenchmarks.LeanCorpus_BooleanQuery,Rowles.LeanCorpus.Benchmarks,BooleanQueryBenchmarks,LeanCorpus_BooleanQuery,DefaultJob,Default,Default,Default,Default,Default,Default,Default,Default,Default,Default,Default,Default,Default,Default,Default,Default,Default,Default,Default,Default,Default,Default,Default,Default,Default,Default,Default,Default,Default,Default,Default,Default,Default,Default,Default,Default,Default,Default,Default,Default,Default,DefaultJob,BooleanShape=Should4Mixed&DocumentCount=100000,1,Workload,Actual,14,842571490,1024,822823.72,5,0,0,21386
BooleanQueryBenchmarks.LeanCorpus_BooleanQuery,Rowles.LeanCorpus.Benchmarks,BooleanQueryBenchmarks,LeanCorpus_BooleanQuery,DefaultJob,Default,Default,Default,Default,Default,Default,Default,Default,Default,Default,Default,Default,Default,Default,Default,Default,Default,Default,Default,Default,Default,Default,Default,Default,Default,Default,Default,Default,Default,Default,Default,Default,Default,Default,Default,Default,Default,Default,Default,Default,Default,DefaultJob,BooleanShape=Should4Mixed&DocumentCount=100000,1,Workload,Actual,15,847210977,1024,827354.47,5,0,0,21386
BooleanQueryBenchmarks.LeanCorpus_BooleanQuery,Rowles.LeanCorpus.Benchmarks,BooleanQueryBenchmarks,LeanCorpus_BooleanQuery,DefaultJob,Default,Default,Default,Default,Default,Default,Default,Default,Default,Default,Default,Default,Default,Default,Default,Default,Default,Default,Default,Default,Default,Default,Default,Default,Default,Default,Default,Default,Default,Default,Default,Default,Default,Default,Default,Default,Default,Default,Default,Default,Default,DefaultJob,BooleanShape=Should4Mixed&DocumentCount=100000,1,Workload,Extra,1,835498093,1024,815916.11,5,0,0,21386
BooleanQueryBenchmarks.LeanCorpus_BooleanQuery,Rowles.LeanCorpus.Benchmarks,BooleanQueryBenchmarks,LeanCorpus_BooleanQuery,DefaultJob,Default,Default,Default,Default,Default,Default,Default,Default,Default,Default,Default,Default,Default,Default,Default,Default,Default,Default,Default,Default,Default,Default,Default,Default,Default,Default,Default,Default,Default,Default,Default,Default,Default,Default,Default,Default,Default,Default,Default,Default,Default,DefaultJob,BooleanShape=Should4Mixed&DocumentCount=100000,1,Workload,Result,1,848531552,1024,828644.09,5,0,0,21386
BooleanQueryBenchmarks.LeanCorpus_BooleanQuery,Rowles.LeanCorpus.Benchmarks,BooleanQueryBenchmarks,LeanCorpus_BooleanQuery,DefaultJob,Default,Default,Default,Default,Default,Default,Default,Default,Default,Default,Default,Default,Default,Default,Default,Default,Default,Default,Default,Default,Default,Default,Default,Default,Default,Default,Default,Default,Default,Default,Default,Default,Default,Default,Default,Default,Default,Default,Default,Default,Default,DefaultJob,BooleanShape=Should4Mixed&DocumentCount=100000,1,Workload,Result,2,852070751,1024,832100.34,5,0,0,21386
BooleanQueryBenchmarks.LeanCorpus_BooleanQuery,Rowles.LeanCorpus.Benchmarks,BooleanQueryBenchmarks,LeanCorpus_BooleanQuery,DefaultJob,Default,Default,Default,Default,Default,Default,Default,Default,Default,Default,Default,Default,Default,Default,Default,Default,Default,Default,Default,Default,Default,Default,Default,Default,Default,Default,Default,Default,Default,Default,Default,Default,Default,Default,Default,Default,Default,Default,Default,Default,Default,DefaultJob,BooleanShape=Should4Mixed&DocumentCount=100000,1,Workload,Result,3,854311402,1024,834288.48,5,0,0,21386
BooleanQueryBenchmarks.LeanCorpus_BooleanQuery,Rowles.LeanCorpus.Benchmarks,BooleanQueryBenchmarks,LeanCorpus_BooleanQuery,DefaultJob,Default,Default,Default,Default,Default,Default,Default,Default,Default,Default,Default,Default,Default,Default,Default,Default,Default,Default,Default,Default,Default,Default,Default,Default,Default,Default,Default,Default,Default,Default,Default,Default,Default,Default,Default,Default,Default,Default,Default,Default,Default,DefaultJob,BooleanShape=Should4Mixed&DocumentCount=100000,1,Workload,Result,4,853332612,1024,833332.63,5,0,0,21386
BooleanQueryBenchmarks.LeanCorpus_BooleanQuery,Rowles.LeanCorpus.Benchmarks,BooleanQueryBenchmarks,LeanCorpus_BooleanQuery,DefaultJob,Default,Default,Default,Default,Default,Default,Default,Default,Default,Default,Default,Default,Default,Default,Default,Default,Default,Default,Default,Default,Default,Default,Default,Default,Default,Default,Default,Default,Default,Default,Default,Default,Default,Default,Default,Default,Default,Default,Default,Default,Default,DefaultJob,BooleanShape=Should4Mixed&DocumentCount=100000,1,Workload,Result,5,841432891,1024,821711.81,5,0,0,21386
BooleanQueryBenchmarks.LeanCorpus_BooleanQuery,Rowles.LeanCorpus.Benchmarks,BooleanQueryBenchmarks,LeanCorpus_BooleanQuery,DefaultJob,Default,Default,Default,Default,Default,Default,Default,Default,Default,Default,Default,Default,Default,Default,Default,Default,Default,Default,Default,Default,Default,Default,Default,Default,Default,Default,Default,Default,Default,Default,Default,Default,Default,Default,Default,Default,Default,Default,Default,Default,Default,DefaultJob,BooleanShape=Should4Mixed&DocumentCount=100000,1,Workload,Result,6,854141494,1024,834122.55,5,0,0,21386
BooleanQueryBenchmarks.LeanCorpus_BooleanQuery,Rowles.LeanCorpus.Benchmarks,BooleanQueryBenchmarks,LeanCorpus_BooleanQuery,DefaultJob,Default,Default,Default,Default,Default,Default,Default,Default,Default,Default,Default,Default,Default,Default,Default,Default,Default,Default,Default,Default,Default,Default,Default,Default,Default,Default,Default,Default,Default,Default,Default,Default,Default,Default,Default,Default,Default,Default,Default,Default,Default,DefaultJob,BooleanShape=Should4Mixed&DocumentCount=100000,1,Workload,Result,7,835291449,1024,815714.31,5,0,0,21386
BooleanQueryBenchmarks.LeanCorpus_BooleanQuery,Rowles.LeanCorpus.Benchmarks,BooleanQueryBenchmarks,LeanCorpus_BooleanQuery,DefaultJob,Default,Default,Default,Default,Default,Default,Default,Default,Default,Default,Default,Default,Default,Default,Default,Default,Default,Default,Default,Default,Default,Default,Default,Default,Default,Default,Default,Default,Default,Default,Default,Default,Default,Default,Default,Default,Default,Default,Default,Default,Default,DefaultJob,BooleanShape=Should4Mixed&DocumentCount=100000,1,Workload,Result,8,848209901,1024,828329.98,5,0,0,21386
BooleanQueryBenchmarks.LeanCorpus_BooleanQuery,Rowles.LeanCorpus.Benchmarks,BooleanQueryBenchmarks,LeanCorpus_BooleanQuery,DefaultJob,Default,Default,Default,Default,Default,Default,Default,Default,Default,Default,Default,Default,Default,Default,Default,Default,Default,Default,Default,Default,Default,Default,Default,Default,Default,Default,Default,Default,Default,Default,Default,Default,Default,Default,Default,Default,Default,Default,Default,Default,Default,DefaultJob,BooleanShape=Should4Mixed&DocumentCount=100000,1,Workload,Result,9,845260446,1024,825449.65,5,0,0,21386
BooleanQueryBenchmarks.LeanCorpus_BooleanQuery,Rowles.LeanCorpus.Benchmarks,BooleanQueryBenchmarks,LeanCorpus_BooleanQuery,DefaultJob,Default,Default,Default,Default,Default,Default,Default,Default,Default,Default,Default,Default,Default,Default,Default,Default,Default,Default,Default,Default,Default,Default,Default,Default,Default,Default,Default,Default,Default,Default,Default,Default,Default,Default,Default,Default,Default,Default,Default,Default,Default,DefaultJob,BooleanShape=Should4Mixed&DocumentCount=100000,1,Workload,Result,10,858829495,1024,838700.68,5,0,0,21386
BooleanQueryBenchmarks.LeanCorpus_BooleanQuery,Rowles.LeanCorpus.Benchmarks,BooleanQueryBenchmarks,LeanCorpus_BooleanQuery,DefaultJob,Default,Default,Default,Default,Default,Default,Default,Default,Default,Default,Default,Default,Default,Default,Default,Default,Default,Default,Default,Default,Default,Default,Default,Default,Default,Default,Default,Default,Default,Default,Default,Default,Default,Default,Default,Default,Default,Default,Default,Default,Default,DefaultJob,BooleanShape=Should4Mixed&DocumentCount=100000,1,Workload,Result,11,844932455,1024,825129.35,5,0,0,21386
BooleanQueryBenchmarks.LeanCorpus_BooleanQuery,Rowles.LeanCorpus.Benchmarks,BooleanQueryBenchmarks,LeanCorpus_BooleanQuery,DefaultJob,Default,Default,Default,Default,Default,Default,Default,Default,Default,Default,Default,Default,Default,Default,Default,Default,Default,Default,Default,Default,Default,Default,Default,Default,Default,Default,Default,Default,Default,Default,Default,Default,Default,Default,Default,Default,Default,Default,Default,Default,Default,DefaultJob,BooleanShape=Should4Mixed&DocumentCount=100000,1,Workload,Result,12,845504740,1024,825688.22,5,0,0,21386
BooleanQueryBenchmarks.LeanCorpus_BooleanQuery,Rowles.LeanCorpus.Benchmarks,BooleanQueryBenchmarks,LeanCorpus_BooleanQuery,DefaultJob,Default,Default,Default,Default,Default,Default,Default,Default,Default,Default,Default,Default,Default,Default,Default,Default,Default,Default,Default,Default,Default,Default,Default,Default,Default,Default,Default,Default,Default,Default,Default,Default,Default,Default,Default,Default,Default,Default,Default,Default,Default,DefaultJob,BooleanShape=Should4Mixed&DocumentCount=100000,1,Workload,Result,13,848139260,1024,828261,5,0,0,21386
BooleanQueryBenchmarks.LeanCorpus_BooleanQuery,Rowles.LeanCorpus.Benchmarks,BooleanQueryBenchmarks,LeanCorpus_BooleanQuery,DefaultJob,Default,Default,Default,Default,Default,Default,Default,Default,Default,Default,Default,Default,Default,Default,Default,Default,Default,Default,Default,Default,Default,Default,Default,Default,Default,Default,Default,Default,Default,Default,Default,Default,Default,Default,Default,Default,Default,Default,Default,Default,Default,DefaultJob,BooleanShape=Should4Mixed&DocumentCount=100000,1,Workload,Result,14,842571490,1024,822823.72,5,0,0,21386
BooleanQueryBenchmarks.LeanCorpus_BooleanQuery,Rowles.LeanCorpus.Benchmarks,BooleanQueryBenchmarks,LeanCorpus_BooleanQuery,DefaultJob,Default,Default,Default,Default,Default,Default,Default,Default,Default,Default,Default,Default,Default,Default,Default,Default,Default,Default,Default,Default,Default,Default,Default,Default,Default,Default,Default,Default,Default,Default,Default,Default,Default,Default,Default,Default,Default,Default,Default,Default,Default,DefaultJob,BooleanShape=Should4Mixed&DocumentCount=100000,1,Workload,Result,15,847210977,1024,827354.47,5,0,0,21386
BooleanQueryBenchmarks.LuceneNet_BooleanQuery,Rowles.LeanCorpus.Benchmarks,BooleanQueryBenchmarks,LuceneNet_BooleanQuery,DefaultJob,Default,Default,Default,Default,Default,Default,Default,Default,Default,Default,Default,Default,Default,Default,Default,Default,Default,Default,Default,Default,Default,Default,Default,Default,Default,Default,Default,Default,Default,Default,Default,Default,Default,Default,Default,Default,Default,Default,Default,Default,Default,DefaultJob,BooleanShape=Should4Mixed&DocumentCount=100000,1,Workload,Jitting,1,102790502,1,102790502,98,3,0,808788
BooleanQueryBenchmarks.LuceneNet_BooleanQuery,Rowles.LeanCorpus.Benchmarks,BooleanQueryBenchmarks,LuceneNet_BooleanQuery,DefaultJob,Default,Default,Default,Default,Default,Default,Default,Default,Default,Default,Default,Default,Default,Default,Default,Default,Default,Default,Default,Default,Default,Default,Default,Default,Default,Default,Default,Default,Default,Default,Default,Default,Default,Default,Default,Default,Default,Default,Default,Default,Default,DefaultJob,BooleanShape=Should4Mixed&DocumentCount=100000,1,Workload,Jitting,2,112433054,30,3747768.47,98,3,0,808788
BooleanQueryBenchmarks.LuceneNet_BooleanQuery,Rowles.LeanCorpus.Benchmarks,BooleanQueryBenchmarks,LuceneNet_BooleanQuery,DefaultJob,Default,Default,Default,Default,Default,Default,Default,Default,Default,Default,Default,Default,Default,Default,Default,Default,Default,Default,Default,Default,Default,Default,Default,Default,Default,Default,Default,Default,Default,Default,Default,Default,Default,Default,Default,Default,Default,Default,Default,Default,Default,DefaultJob,BooleanShape=Should4Mixed&DocumentCount=100000,1,Workload,Jitting,3,47671814,30,1589060.47,98,3,0,808788
BooleanQueryBenchmarks.LuceneNet_BooleanQuery,Rowles.LeanCorpus.Benchmarks,BooleanQueryBenchmarks,LuceneNet_BooleanQuery,DefaultJob,Default,Default,Default,Default,Default,Default,Default,Default,Default,Default,Default,Default,Default,Default,Default,Default,Default,Default,Default,Default,Default,Default,Default,Default,Default,Default,Default,Default,Default,Default,Default,Default,Default,Default,Default,Default,Default,Default,Default,Default,Default,DefaultJob,BooleanShape=Should4Mixed&DocumentCount=100000,1,Workload,Jitting,4,49054081,30,1635136.03,98,3,0,808788
BooleanQueryBenchmarks.LuceneNet_BooleanQuery,Rowles.LeanCorpus.Benchmarks,BooleanQueryBenchmarks,LuceneNet_BooleanQuery,DefaultJob,Default,Default,Default,Default,Default,Default,Default,Default,Default,Default,Default,Default,Default,Default,Default,Default,Default,Default,Default,Default,Default,Default,Default,Default,Default,Default,Default,Default,Default,Default,Default,Default,Default,Default,Default,Default,Default,Default,Default,Default,Default,DefaultJob,BooleanShape=Should4Mixed&DocumentCount=100000,1,Workload,Jitting,5,1660458,1,1660458,98,3,0,808788
BooleanQueryBenchmarks.LuceneNet_BooleanQuery,Rowles.LeanCorpus.Benchmarks,BooleanQueryBenchmarks,LuceneNet_BooleanQuery,DefaultJob,Default,Default,Default,Default,Default,Default,Default,Default,Default,Default,Default,Default,Default,Default,Default,Default,Default,Default,Default,Default,Default,Default,Default,Default,Default,Default,Default,Default,Default,Default,Default,Default,Default,Default,Default,Default,Default,Default,Default,Default,Default,DefaultJob,BooleanShape=Should4Mixed&DocumentCount=100000,1,Workload,Pilot,1,1642516,1,1642516,98,3,0,808788
BooleanQueryBenchmarks.LuceneNet_BooleanQuery,Rowles.LeanCorpus.Benchmarks,BooleanQueryBenchmarks,LuceneNet_BooleanQuery,DefaultJob,Default,Default,Default,Default,Default,Default,Default,Default,Default,Default,Default,Default,Default,Default,Default,Default,Default,Default,Default,Default,Default,Default,Default,Default,Default,Default,Default,Default,Default,Default,Default,Default,Default,Default,Default,Default,Default,Default,Default,Default,Default,DefaultJob,BooleanShape=Should4Mixed&DocumentCount=100000,1,Workload,Pilot,1,26762262,16,1672641.38,98,3,0,808788
BooleanQueryBenchmarks.LuceneNet_BooleanQuery,Rowles.LeanCorpus.Benchmarks,BooleanQueryBenchmarks,LuceneNet_BooleanQuery,DefaultJob,Default,Default,Default,Default,Default,Default,Default,Default,Default,Default,Default,Default,Default,Default,Default,Default,Default,Default,Default,Default,Default,Default,Default,Default,Default,Default,Default,Default,Default,Default,Default,Default,Default,Default,Default,Default,Default,Default,Default,Default,Default,DefaultJob,BooleanShape=Should4Mixed&DocumentCount=100000,1,Workload,Pilot,2,46579655,32,1455614.22,98,3,0,808788
BooleanQueryBenchmarks.LuceneNet_BooleanQuery,Rowles.LeanCorpus.Benchmarks,BooleanQueryBenchmarks,LuceneNet_BooleanQuery,DefaultJob,Default,Default,Default,Default,Default,Default,Default,Default,Default,Default,Default,Default,Default,Default,Default,Default,Default,Default,Default,Default,Default,Default,Default,Default,Default,Default,Default,Default,Default,Default,Default,Default,Default,Default,Default,Default,Default,Default,Default,Default,Default,DefaultJob,BooleanShape=Should4Mixed&DocumentCount=100000,1,Workload,Pilot,3,67305525,64,1051648.83,98,3,0,808788
BooleanQueryBenchmarks.LuceneNet_BooleanQuery,Rowles.LeanCorpus.Benchmarks,BooleanQueryBenchmarks,LuceneNet_BooleanQuery,DefaultJob,Default,Default,Default,Default,Default,Default,Default,Default,Default,Default,Default,Default,Default,Default,Default,Default,Default,Default,Default,Default,Default,Default,Default,Default,Default,Default,Default,Default,Default,Default,Default,Default,Default,Default,Default,Default,Default,Default,Default,Default,Default,DefaultJob,BooleanShape=Should4Mixed&DocumentCount=100000,1,Workload,Pilot,4,130658231,128,1020767.43,98,3,0,808788
BooleanQueryBenchmarks.LuceneNet_BooleanQuery,Rowles.LeanCorpus.Benchmarks,BooleanQueryBenchmarks,LuceneNet_BooleanQuery,DefaultJob,Default,Default,Default,Default,Default,Default,Default,Default,Default,Default,Default,Default,Default,Default,Default,Default,Default,Default,Default,Default,Default,Default,Default,Default,Default,Default,Default,Default,Default,Default,Default,Default,Default,Default,Default,Default,Default,Default,Default,Default,Default,DefaultJob,BooleanShape=Should4Mixed&DocumentCount=100000,1,Workload,Pilot,5,259333831,256,1013022.78,98,3,0,808788
BooleanQueryBenchmarks.LuceneNet_BooleanQuery,Rowles.LeanCorpus.Benchmarks,BooleanQueryBenchmarks,LuceneNet_BooleanQuery,DefaultJob,Default,Default,Default,Default,Default,Default,Default,Default,Default,Default,Default,Default,Default,Default,Default,Default,Default,Default,Default,Default,Default,Default,Default,Default,Default,Default,Default,Default,Default,Default,Default,Default,Default,Default,Default,Default,Default,Default,Default,Default,Default,DefaultJob,BooleanShape=Should4Mixed&DocumentCount=100000,1,Workload,Pilot,6,519494528,512,1014637.75,98,3,0,808788
BooleanQueryBenchmarks.LuceneNet_BooleanQuery,Rowles.LeanCorpus.Benchmarks,BooleanQueryBenchmarks,LuceneNet_BooleanQuery,DefaultJob,Default,Default,Default,Default,Default,Default,Default,Default,Default,Default,Default,Default,Default,Default,Default,Default,Default,Default,Default,Default,Default,Default,Default,Default,Default,Default,Default,Default,Default,Default,Default,Default,Default,Default,Default,Default,Default,Default,Default,Default,Default,DefaultJob,BooleanShape=Should4Mixed&DocumentCount=100000,1,Workload,Warmup,1,519531002,512,1014708.99,98,3,0,808788
BooleanQueryBenchmarks.LuceneNet_BooleanQuery,Rowles.LeanCorpus.Benchmarks,BooleanQueryBenchmarks,LuceneNet_BooleanQuery,DefaultJob,Default,Default,Default,Default,Default,Default,Default,Default,Default,Default,Default,Default,Default,Default,Default,Default,Default,Default,Default,Default,Default,Default,Default,Default,Default,Default,Default,Default,Default,Default,Default,Default,Default,Default,Default,Default,Default,Default,Default,Default,Default,DefaultJob,BooleanShape=Should4Mixed&DocumentCount=100000,1,Workload,Warmup,2,520022119,512,1015668.2,98,3,0,808788
BooleanQueryBenchmarks.LuceneNet_BooleanQuery,Rowles.LeanCorpus.Benchmarks,BooleanQueryBenchmarks,LuceneNet_BooleanQuery,DefaultJob,Default,Default,Default,Default,Default,Default,Default,Default,Default,Default,Default,Default,Default,Default,Default,Default,Default,Default,Default,Default,Default,Default,Default,Default,Default,Default,Default,Default,Default,Default,Default,Default,Default,Default,Default,Default,Default,Default,Default,Default,Default,DefaultJob,BooleanShape=Should4Mixed&DocumentCount=100000,1,Workload,Warmup,3,528224213,512,1031687.92,98,3,0,808788
BooleanQueryBenchmarks.LuceneNet_BooleanQuery,Rowles.LeanCorpus.Benchmarks,BooleanQueryBenchmarks,LuceneNet_BooleanQuery,DefaultJob,Default,Default,Default,Default,Default,Default,Default,Default,Default,Default,Default,Default,Default,Default,Default,Default,Default,Default,Default,Default,Default,Default,Default,Default,Default,Default,Default,Default,Default,Default,Default,Default,Default,Default,Default,Default,Default,Default,Default,Default,Default,DefaultJob,BooleanShape=Should4Mixed&DocumentCount=100000,1,Workload,Warmup,4,523704827,512,1022860.99,98,3,0,808788
BooleanQueryBenchmarks.LuceneNet_BooleanQuery,Rowles.LeanCorpus.Benchmarks,BooleanQueryBenchmarks,LuceneNet_BooleanQuery,DefaultJob,Default,Default,Default,Default,Default,Default,Default,Default,Default,Default,Default,Default,Default,Default,Default,Default,Default,Default,Default,Default,Default,Default,Default,Default,Default,Default,Default,Default,Default,Default,Default,Default,Default,Default,Default,Default,Default,Default,Default,Default,Default,DefaultJob,BooleanShape=Should4Mixed&DocumentCount=100000,1,Workload,Warmup,5,529121270,512,1033439.98,98,3,0,808788
BooleanQueryBenchmarks.LuceneNet_BooleanQuery,Rowles.LeanCorpus.Benchmarks,BooleanQueryBenchmarks,LuceneNet_BooleanQuery,DefaultJob,Default,Default,Default,Default,Default,Default,Default,Default,Default,Default,Default,Default,Default,Default,Default,Default,Default,Default,Default,Default,Default,Default,Default,Default,Default,Default,Default,Default,Default,Default,Default,Default,Default,Default,Default,Default,Default,Default,Default,Default,Default,DefaultJob,BooleanShape=Should4Mixed&DocumentCount=100000,1,Workload,Warmup,6,527967045,512,1031185.63,98,3,0,808788
BooleanQueryBenchmarks.LuceneNet_BooleanQuery,Rowles.LeanCorpus.Benchmarks,BooleanQueryBenchmarks,LuceneNet_BooleanQuery,DefaultJob,Default,Default,Default,Default,Default,Default,Default,Default,Default,Default,Default,Default,Default,Default,Default,Default,Default,Default,Default,Default,Default,Default,Default,Default,Default,Default,Default,Default,Default,Default,Default,Default,Default,Default,Default,Default,Default,Default,Default,Default,Default,DefaultJob,BooleanShape=Should4Mixed&DocumentCount=100000,1,Workload,Actual,1,524610954,512,1024630.77,98,3,0,808788
BooleanQueryBenchmarks.LuceneNet_BooleanQuery,Rowles.LeanCorpus.Benchmarks,BooleanQueryBenchmarks,LuceneNet_BooleanQuery,DefaultJob,Default,Default,Default,Default,Default,Default,Default,Default,Default,Default,Default,Default,Default,Default,Default,Default,Default,Default,Default,Default,Default,Default,Default,Default,Default,Default,Default,Default,Default,Default,Default,Default,Default,Default,Default,Default,Default,Default,Default,Default,Default,DefaultJob,BooleanShape=Should4Mixed&DocumentCount=100000,1,Workload,Actual,2,519032815,512,1013735.97,98,3,0,808788
BooleanQueryBenchmarks.LuceneNet_BooleanQuery,Rowles.LeanCorpus.Benchmarks,BooleanQueryBenchmarks,LuceneNet_BooleanQuery,DefaultJob,Default,Default,Default,Default,Default,Default,Default,Default,Default,Default,Default,Default,Default,Default,Default,Default,Default,Default,Default,Default,Default,Default,Default,Default,Default,Default,Default,Default,Default,Default,Default,Default,Default,Default,Default,Default,Default,Default,Default,Default,Default,DefaultJob,BooleanShape=Should4Mixed&DocumentCount=100000,1,Workload,Actual,3,527314371,512,1029910.88,98,3,0,808788
BooleanQueryBenchmarks.LuceneNet_BooleanQuery,Rowles.LeanCorpus.Benchmarks,BooleanQueryBenchmarks,LuceneNet_BooleanQuery,DefaultJob,Default,Default,Default,Default,Default,Default,Default,Default,Default,Default,Default,Default,Default,Default,Default,Default,Default,Default,Default,Default,Default,Default,Default,Default,Default,Default,Default,Default,Default,Default,Default,Default,Default,Default,Default,Default,Default,Default,Default,Default,Default,DefaultJob,BooleanShape=Should4Mixed&DocumentCount=100000,1,Workload,Actual,4,524866078,512,1025129.06,98,3,0,808788
BooleanQueryBenchmarks.LuceneNet_BooleanQuery,Rowles.LeanCorpus.Benchmarks,BooleanQueryBenchmarks,LuceneNet_BooleanQuery,DefaultJob,Default,Default,Default,Default,Default,Default,Default,Default,Default,Default,Default,Default,Default,Default,Default,Default,Default,Default,Default,Default,Default,Default,Default,Default,Default,Default,Default,Default,Default,Default,Default,Default,Default,Default,Default,Default,Default,Default,Default,Default,Default,DefaultJob,BooleanShape=Should4Mixed&DocumentCount=100000,1,Workload,Actual,5,518434593,512,1012567.56,98,3,0,808788
BooleanQueryBenchmarks.LuceneNet_BooleanQuery,Rowles.LeanCorpus.Benchmarks,BooleanQueryBenchmarks,LuceneNet_BooleanQuery,DefaultJob,Default,Default,Default,Default,Default,Default,Default,Default,Default,Default,Default,Default,Default,Default,Default,Default,Default,Default,Default,Default,Default,Default,Default,Default,Default,Default,Default,Default,Default,Default,Default,Default,Default,Default,Default,Default,Default,Default,Default,Default,Default,DefaultJob,BooleanShape=Should4Mixed&DocumentCount=100000,1,Workload,Actual,6,519814235,512,1015262.18,98,3,0,808788
BooleanQueryBenchmarks.LuceneNet_BooleanQuery,Rowles.LeanCorpus.Benchmarks,BooleanQueryBenchmarks,LuceneNet_BooleanQuery,DefaultJob,Default,Default,Default,Default,Default,Default,Default,Default,Default,Default,Default,Default,Default,Default,Default,Default,Default,Default,Default,Default,Default,Default,Default,Default,Default,Default,Default,Default,Default,Default,Default,Default,Default,Default,Default,Default,Default,Default,Default,Default,Default,DefaultJob,BooleanShape=Should4Mixed&DocumentCount=100000,1,Workload,Actual,7,527712401,512,1030688.28,98,3,0,808788
BooleanQueryBenchmarks.LuceneNet_BooleanQuery,Rowles.LeanCorpus.Benchmarks,BooleanQueryBenchmarks,LuceneNet_BooleanQuery,DefaultJob,Default,Default,Default,Default,Default,Default,Default,Default,Default,Default,Default,Default,Default,Default,Default,Default,Default,Default,Default,Default,Default,Default,Default,Default,Default,Default,Default,Default,Default,Default,Default,Default,Default,Default,Default,Default,Default,Default,Default,Default,Default,DefaultJob,BooleanShape=Should4Mixed&DocumentCount=100000,1,Workload,Actual,8,526881599,512,1029065.62,98,3,0,808788
BooleanQueryBenchmarks.LuceneNet_BooleanQuery,Rowles.LeanCorpus.Benchmarks,BooleanQueryBenchmarks,LuceneNet_BooleanQuery,DefaultJob,Default,Default,Default,Default,Default,Default,Default,Default,Default,Default,Default,Default,Default,Default,Default,Default,Default,Default,Default,Default,Default,Default,Default,Default,Default,Default,Default,Default,Default,Default,Default,Default,Default,Default,Default,Default,Default,Default,Default,Default,Default,DefaultJob,BooleanShape=Should4Mixed&DocumentCount=100000,1,Workload,Actual,9,526219282,512,1027772.04,98,3,0,808788
BooleanQueryBenchmarks.LuceneNet_BooleanQuery,Rowles.LeanCorpus.Benchmarks,BooleanQueryBenchmarks,LuceneNet_BooleanQuery,DefaultJob,Default,Default,Default,Default,Default,Default,Default,Default,Default,Default,Default,Default,Default,Default,Default,Default,Default,Default,Default,Default,Default,Default,Default,Default,Default,Default,Default,Default,Default,Default,Default,Default,Default,Default,Default,Default,Default,Default,Default,Default,Default,DefaultJob,BooleanShape=Should4Mixed&DocumentCount=100000,1,Workload,Actual,10,527210447,512,1029707.9,98,3,0,808788
BooleanQueryBenchmarks.LuceneNet_BooleanQuery,Rowles.LeanCorpus.Benchmarks,BooleanQueryBenchmarks,LuceneNet_BooleanQuery,DefaultJob,Default,Default,Default,Default,Default,Default,Default,Default,Default,Default,Default,Default,Default,Default,Default,Default,Default,Default,Default,Default,Default,Default,Default,Default,Default,Default,Default,Default,Default,Default,Default,Default,Default,Default,Default,Default,Default,Default,Default,Default,Default,DefaultJob,BooleanShape=Should4Mixed&DocumentCount=100000,1,Workload,Actual,11,527024469,512,1029344.67,98,3,0,808788
BooleanQueryBenchmarks.LuceneNet_BooleanQuery,Rowles.LeanCorpus.Benchmarks,BooleanQueryBenchmarks,LuceneNet_BooleanQuery,DefaultJob,Default,Default,Default,Default,Default,Default,Default,Default,Default,Default,Default,Default,Default,Default,Default,Default,Default,Default,Default,Default,Default,Default,Default,Default,Default,Default,Default,Default,Default,Default,Default,Default,Default,Default,Default,Default,Default,Default,Default,Default,Default,DefaultJob,BooleanShape=Should4Mixed&DocumentCount=100000,1,Workload,Actual,12,527267270,512,1029818.89,98,3,0,808788
BooleanQueryBenchmarks.LuceneNet_BooleanQuery,Rowles.LeanCorpus.Benchmarks,BooleanQueryBenchmarks,LuceneNet_BooleanQuery,DefaultJob,Default,Default,Default,Default,Default,Default,Default,Default,Default,Default,Default,Default,Default,Default,Default,Default,Default,Default,Default,Default,Default,Default,Default,Default,Default,Default,Default,Default,Default,Default,Default,Default,Default,Default,Default,Default,Default,Default,Default,Default,Default,DefaultJob,BooleanShape=Should4Mixed&DocumentCount=100000,1,Workload,Actual,13,526766626,512,1028841.07,98,3,0,808788
BooleanQueryBenchmarks.LuceneNet_BooleanQuery,Rowles.LeanCorpus.Benchmarks,BooleanQueryBenchmarks,LuceneNet_BooleanQuery,DefaultJob,Default,Default,Default,Default,Default,Default,Default,Default,Default,Default,Default,Default,Default,Default,Default,Default,Default,Default,Default,Default,Default,Default,Default,Default,Default,Default,Default,Default,Default,Default,Default,Default,Default,Default,Default,Default,Default,Default,Default,Default,Default,DefaultJob,BooleanShape=Should4Mixed&DocumentCount=100000,1,Workload,Actual,14,529690402,512,1034551.57,98,3,0,808788
BooleanQueryBenchmarks.LuceneNet_BooleanQuery,Rowles.LeanCorpus.Benchmarks,BooleanQueryBenchmarks,LuceneNet_BooleanQuery,DefaultJob,Default,Default,Default,Default,Default,Default,Default,Default,Default,Default,Default,Default,Default,Default,Default,Default,Default,Default,Default,Default,Default,Default,Default,Default,Default,Default,Default,Default,Default,Default,Default,Default,Default,Default,Default,Default,Default,Default,Default,Default,Default,DefaultJob,BooleanShape=Should4Mixed&DocumentCount=100000,1,Workload,Actual,15,528847857,512,1032905.97,98,3,0,808788
BooleanQueryBenchmarks.LuceneNet_BooleanQuery,Rowles.LeanCorpus.Benchmarks,BooleanQueryBenchmarks,LuceneNet_BooleanQuery,DefaultJob,Default,Default,Default,Default,Default,Default,Default,Default,Default,Default,Default,Default,Default,Default,Default,Default,Default,Default,Default,Default,Default,Default,Default,Default,Default,Default,Default,Default,Default,Default,Default,Default,Default,Default,Default,Default,Default,Default,Default,Default,Default,DefaultJob,BooleanShape=Should4Mixed&DocumentCount=100000,1,Workload,Extra,1,519858309,512,1015348.26,98,3,0,808788
BooleanQueryBenchmarks.LuceneNet_BooleanQuery,Rowles.LeanCorpus.Benchmarks,BooleanQueryBenchmarks,LuceneNet_BooleanQuery,DefaultJob,Default,Default,Default,Default,Default,Default,Default,Default,Default,Default,Default,Default,Default,Default,Default,Default,Default,Default,Default,Default,Default,Default,Default,Default,Default,Default,Default,Default,Default,Default,Default,Default,Default,Default,Default,Default,Default,Default,Default,Default,Default,DefaultJob,BooleanShape=Should4Mixed&DocumentCount=100000,1,Workload,Result,1,524610954,512,1024630.77,98,3,0,808788
BooleanQueryBenchmarks.LuceneNet_BooleanQuery,Rowles.LeanCorpus.Benchmarks,BooleanQueryBenchmarks,LuceneNet_BooleanQuery,DefaultJob,Default,Default,Default,Default,Default,Default,Default,Default,Default,Default,Default,Default,Default,Default,Default,Default,Default,Default,Default,Default,Default,Default,Default,Default,Default,Default,Default,Default,Default,Default,Default,Default,Default,Default,Default,Default,Default,Default,Default,Default,Default,DefaultJob,BooleanShape=Should4Mixed&DocumentCount=100000,1,Workload,Result,2,519032815,512,1013735.97,98,3,0,808788
BooleanQueryBenchmarks.LuceneNet_BooleanQuery,Rowles.LeanCorpus.Benchmarks,BooleanQueryBenchmarks,LuceneNet_BooleanQuery,DefaultJob,Default,Default,Default,Default,Default,Default,Default,Default,Default,Default,Default,Default,Default,Default,Default,Default,Default,Default,Default,Default,Default,Default,Default,Default,Default,Default,Default,Default,Default,Default,Default,Default,Default,Default,Default,Default,Default,Default,Default,Default,Default,DefaultJob,BooleanShape=Should4Mixed&DocumentCount=100000,1,Workload,Result,3,527314371,512,1029910.88,98,3,0,808788
BooleanQueryBenchmarks.LuceneNet_BooleanQuery,Rowles.LeanCorpus.Benchmarks,BooleanQueryBenchmarks,LuceneNet_BooleanQuery,DefaultJob,Default,Default,Default,Default,Default,Default,Default,Default,Default,Default,Default,Default,Default,Default,Default,Default,Default,Default,Default,Default,Default,Default,Default,Default,Default,Default,Default,Default,Default,Default,Default,Default,Default,Default,Default,Default,Default,Default,Default,Default,Default,DefaultJob,BooleanShape=Should4Mixed&DocumentCount=100000,1,Workload,Result,4,524866078,512,1025129.06,98,3,0,808788
BooleanQueryBenchmarks.LuceneNet_BooleanQuery,Rowles.LeanCorpus.Benchmarks,BooleanQueryBenchmarks,LuceneNet_BooleanQuery,DefaultJob,Default,Default,Default,Default,Default,Default,Default,Default,Default,Default,Default,Default,Default,Default,Default,Default,Default,Default,Default,Default,Default,Default,Default,Default,Default,Default,Default,Default,Default,Default,Default,Default,Default,Default,Default,Default,Default,Default,Default,Default,Default,DefaultJob,BooleanShape=Should4Mixed&DocumentCount=100000,1,Workload,Result,5,518434593,512,1012567.56,98,3,0,808788
BooleanQueryBenchmarks.LuceneNet_BooleanQuery,Rowles.LeanCorpus.Benchmarks,BooleanQueryBenchmarks,LuceneNet_BooleanQuery,DefaultJob,Default,Default,Default,Default,Default,Default,Default,Default,Default,Default,Default,Default,Default,Default,Default,Default,Default,Default,Default,Default,Default,Default,Default,Default,Default,Default,Default,Default,Default,Default,Default,Default,Default,Default,Default,Default,Default,Default,Default,Default,Default,DefaultJob,BooleanShape=Should4Mixed&DocumentCount=100000,1,Workload,Result,6,519814235,512,1015262.18,98,3,0,808788
BooleanQueryBenchmarks.LuceneNet_BooleanQuery,Rowles.LeanCorpus.Benchmarks,BooleanQueryBenchmarks,LuceneNet_BooleanQuery,DefaultJob,Default,Default,Default,Default,Default,Default,Default,Default,Default,Default,Default,Default,Default,Default,Default,Default,Default,Default,Default,Default,Default,Default,Default,Default,Default,Default,Default,Default,Default,Default,Default,Default,Default,Default,Default,Default,Default,Default,Default,Default,Default,DefaultJob,BooleanShape=Should4Mixed&DocumentCount=100000,1,Workload,Result,7,527712401,512,1030688.28,98,3,0,808788
BooleanQueryBenchmarks.LuceneNet_BooleanQuery,Rowles.LeanCorpus.Benchmarks,BooleanQueryBenchmarks,LuceneNet_BooleanQuery,DefaultJob,Default,Default,Default,Default,Default,Default,Default,Default,Default,Default,Default,Default,Default,Default,Default,Default,Default,Default,Default,Default,Default,Default,Default,Default,Default,Default,Default,Default,Default,Default,Default,Default,Default,Default,Default,Default,Default,Default,Default,Default,Default,DefaultJob,BooleanShape=Should4Mixed&DocumentCount=100000,1,Workload,Result,8,526881599,512,1029065.62,98,3,0,808788
BooleanQueryBenchmarks.LuceneNet_BooleanQuery,Rowles.LeanCorpus.Benchmarks,BooleanQueryBenchmarks,LuceneNet_BooleanQuery,DefaultJob,Default,Default,Default,Default,Default,Default,Default,Default,Default,Default,Default,Default,Default,Default,Default,Default,Default,Default,Default,Default,Default,Default,Default,Default,Default,Default,Default,Default,Default,Default,Default,Default,Default,Default,Default,Default,Default,Default,Default,Default,Default,DefaultJob,BooleanShape=Should4Mixed&DocumentCount=100000,1,Workload,Result,9,526219282,512,1027772.04,98,3,0,808788
BooleanQueryBenchmarks.LuceneNet_BooleanQuery,Rowles.LeanCorpus.Benchmarks,BooleanQueryBenchmarks,LuceneNet_BooleanQuery,DefaultJob,Default,Default,Default,Default,Default,Default,Default,Default,Default,Default,Default,Default,Default,Default,Default,Default,Default,Default,Default,Default,Default,Default,Default,Default,Default,Default,Default,Default,Default,Default,Default,Default,Default,Default,Default,Default,Default,Default,Default,Default,Default,DefaultJob,BooleanShape=Should4Mixed&DocumentCount=100000,1,Workload,Result,10,527210447,512,1029707.9,98,3,0,808788
BooleanQueryBenchmarks.LuceneNet_BooleanQuery,Rowles.LeanCorpus.Benchmarks,BooleanQueryBenchmarks,LuceneNet_BooleanQuery,DefaultJob,Default,Default,Default,Default,Default,Default,Default,Default,Default,Default,Default,Default,Default,Default,Default,Default,Default,Default,Default,Default,Default,Default,Default,Default,Default,Default,Default,Default,Default,Default,Default,Default,Default,Default,Default,Default,Default,Default,Default,Default,Default,DefaultJob,BooleanShape=Should4Mixed&DocumentCount=100000,1,Workload,Result,11,527024469,512,1029344.67,98,3,0,808788
BooleanQueryBenchmarks.LuceneNet_BooleanQuery,Rowles.LeanCorpus.Benchmarks,BooleanQueryBenchmarks,LuceneNet_BooleanQuery,DefaultJob,Default,Default,Default,Default,Default,Default,Default,Default,Default,Default,Default,Default,Default,Default,Default,Default,Default,Default,Default,Default,Default,Default,Default,Default,Default,Default,Default,Default,Default,Default,Default,Default,Default,Default,Default,Default,Default,Default,Default,Default,Default,DefaultJob,BooleanShape=Should4Mixed&DocumentCount=100000,1,Workload,Result,12,527267270,512,1029818.89,98,3,0,808788
BooleanQueryBenchmarks.LuceneNet_BooleanQuery,Rowles.LeanCorpus.Benchmarks,BooleanQueryBenchmarks,LuceneNet_BooleanQuery,DefaultJob,Default,Default,Default,Default,Default,Default,Default,Default,Default,Default,Default,Default,Default,Default,Default,Default,Default,Default,Default,Default,Default,Default,Default,Default,Default,Default,Default,Default,Default,Default,Default,Default,Default,Default,Default,Default,Default,Default,Default,Default,Default,DefaultJob,BooleanShape=Should4Mixed&DocumentCount=100000,1,Workload,Result,13,526766626,512,1028841.07,98,3,0,808788
BooleanQueryBenchmarks.LuceneNet_BooleanQuery,Rowles.LeanCorpus.Benchmarks,BooleanQueryBenchmarks,LuceneNet_BooleanQuery,DefaultJob,Default,Default,Default,Default,Default,Default,Default,Default,Default,Default,Default,Default,Default,Default,Default,Default,Default,Default,Default,Default,Default,Default,Default,Default,Default,Default,Default,Default,Default,Default,Default,Default,Default,Default,Default,Default,Default,Default,Default,Default,Default,DefaultJob,BooleanShape=Should4Mixed&DocumentCount=100000,1,Workload,Result,14,529690402,512,1034551.57,98,3,0,808788
BooleanQueryBenchmarks.LuceneNet_BooleanQuery,Rowles.LeanCorpus.Benchmarks,BooleanQueryBenchmarks,LuceneNet_BooleanQuery,DefaultJob,Default,Default,Default,Default,Default,Default,Default,Default,Default,Default,Default,Default,Default,Default,Default,Default,Default,Default,Default,Default,Default,Default,Default,Default,Default,Default,Default,Default,Default,Default,Default,Default,Default,Default,Default,Default,Default,Default,Default,Default,Default,DefaultJob,BooleanShape=Should4Mixed&DocumentCount=100000,1,Workload,Result,15,528847857,512,1032905.97,98,3,0,808788
