Target,Target_Namespace,Target_Type,Target_Method,Job_Id,Job_AnalyzeLaunchVariance,Job_EvaluateOverhead,Job_MaxAbsoluteError,Job_MaxRelativeError,Job_MinInvokeCount,Job_MinIterationTime,Job_OutlierMode,Job_Affinity,Job_EnvironmentVariables,Job_Jit,Job_LargeAddressAware,Job_Platform,Job_PowerPlanMode,Job_Runtime,Job_AllowVeryLargeObjects,Job_Concurrent,Job_CpuGroups,Job_Force,Job_HeapAffinitizeMask,Job_HeapCount,Job_NoAffinitize,Job_RetainVm,Job_Server,Job_Arguments,Job_BuildConfiguration,Job_Clock,Job_EngineFactory,Job_Toolchain,Job_IsMutator,Job_InvocationCount,Job_IterationCount,Job_IterationTime,Job_LaunchCount,Job_MaxIterationCount,Job_MaxWarmupIterationCount,Job_MemoryRandomization,Job_MinIterationCount,Job_MinWarmupIterationCount,Job_RunStrategy,Job_UnrollFactor,Job_WarmupCount,Job_Display,Params,Measurement_LaunchIndex,Measurement_IterationMode,Measurement_IterationStage,Measurement_IterationIndex,Measurement_Nanoseconds,Measurement_Operations,Measurement_Value,Gen_0,Gen_1,Gen_2,Allocated_Bytes
RegexpQueryBenchmarks.LeanCorpus_RegexpQuery,Rowles.LeanCorpus.Benchmarks,RegexpQueryBenchmarks,LeanCorpus_RegexpQuery,DefaultJob,Default,Default,Default,Default,Default,Default,Default,Default,Default,Default,Default,Default,Default,Default,Default,Default,Default,Default,Default,Default,Default,Default,Default,Default,Default,Default,Default,Default,Default,Default,Default,Default,Default,Default,Default,Default,Default,Default,Default,Default,Default,DefaultJob,Pattern=.*nation.*&DocumentCount=100000,1,Workload,Jitting,1,562972071,1,562972071,0,0,0,52696
RegexpQueryBenchmarks.LeanCorpus_RegexpQuery,Rowles.LeanCorpus.Benchmarks,RegexpQueryBenchmarks,LeanCorpus_RegexpQuery,DefaultJob,Default,Default,Default,Default,Default,Default,Default,Default,Default,Default,Default,Default,Default,Default,Default,Default,Default,Default,Default,Default,Default,Default,Default,Default,Default,Default,Default,Default,Default,Default,Default,Default,Default,Default,Default,Default,Default,Default,Default,Default,Default,DefaultJob,Pattern=.*nation.*&DocumentCount=100000,1,Workload,Jitting,2,700961980,17,41233057.65,0,0,0,52696
RegexpQueryBenchmarks.LeanCorpus_RegexpQuery,Rowles.LeanCorpus.Benchmarks,RegexpQueryBenchmarks,LeanCorpus_RegexpQuery,DefaultJob,Default,Default,Default,Default,Default,Default,Default,Default,Default,Default,Default,Default,Default,Default,Default,Default,Default,Default,Default,Default,Default,Default,Default,Default,Default,Default,Default,Default,Default,Default,Default,Default,Default,Default,Default,Default,Default,Default,Default,Default,Default,DefaultJob,Pattern=.*nation.*&DocumentCount=100000,1,Workload,Jitting,3,536192664,13,41245589.54,0,0,0,52696
RegexpQueryBenchmarks.LeanCorpus_RegexpQuery,Rowles.LeanCorpus.Benchmarks,RegexpQueryBenchmarks,LeanCorpus_RegexpQuery,DefaultJob,Default,Default,Default,Default,Default,Default,Default,Default,Default,Default,Default,Default,Default,Default,Default,Default,Default,Default,Default,Default,Default,Default,Default,Default,Default,Default,Default,Default,Default,Default,Default,Default,Default,Default,Default,Default,Default,Default,Default,Default,Default,DefaultJob,Pattern=.*nation.*&DocumentCount=100000,1,Workload,Jitting,4,1166171998,30,38872399.93,0,0,0,52696
RegexpQueryBenchmarks.LeanCorpus_RegexpQuery,Rowles.LeanCorpus.Benchmarks,RegexpQueryBenchmarks,LeanCorpus_RegexpQuery,DefaultJob,Default,Default,Default,Default,Default,Default,Default,Default,Default,Default,Default,Default,Default,Default,Default,Default,Default,Default,Default,Default,Default,Default,Default,Default,Default,Default,Default,Default,Default,Default,Default,Default,Default,Default,Default,Default,Default,Default,Default,Default,Default,DefaultJob,Pattern=.*nation.*&DocumentCount=100000,1,Workload,Jitting,5,1171228687,30,39040956.23,0,0,0,52696
RegexpQueryBenchmarks.LeanCorpus_RegexpQuery,Rowles.LeanCorpus.Benchmarks,RegexpQueryBenchmarks,LeanCorpus_RegexpQuery,DefaultJob,Default,Default,Default,Default,Default,Default,Default,Default,Default,Default,Default,Default,Default,Default,Default,Default,Default,Default,Default,Default,Default,Default,Default,Default,Default,Default,Default,Default,Default,Default,Default,Default,Default,Default,Default,Default,Default,Default,Default,Default,Default,DefaultJob,Pattern=.*nation.*&DocumentCount=100000,1,Workload,Jitting,6,40885875,1,40885875,0,0,0,52696
RegexpQueryBenchmarks.LeanCorpus_RegexpQuery,Rowles.LeanCorpus.Benchmarks,RegexpQueryBenchmarks,LeanCorpus_RegexpQuery,DefaultJob,Default,Default,Default,Default,Default,Default,Default,Default,Default,Default,Default,Default,Default,Default,Default,Default,Default,Default,Default,Default,Default,Default,Default,Default,Default,Default,Default,Default,Default,Default,Default,Default,Default,Default,Default,Default,Default,Default,Default,Default,Default,DefaultJob,Pattern=.*nation.*&DocumentCount=100000,1,Workload,Pilot,1,40304881,1,40304881,0,0,0,52696
RegexpQueryBenchmarks.LeanCorpus_RegexpQuery,Rowles.LeanCorpus.Benchmarks,RegexpQueryBenchmarks,LeanCorpus_RegexpQuery,DefaultJob,Default,Default,Default,Default,Default,Default,Default,Default,Default,Default,Default,Default,Default,Default,Default,Default,Default,Default,Default,Default,Default,Default,Default,Default,Default,Default,Default,Default,Default,Default,Default,Default,Default,Default,Default,Default,Default,Default,Default,Default,Default,DefaultJob,Pattern=.*nation.*&DocumentCount=100000,1,Workload,Pilot,1,78531202,2,39265601,0,0,0,52696
RegexpQueryBenchmarks.LeanCorpus_RegexpQuery,Rowles.LeanCorpus.Benchmarks,RegexpQueryBenchmarks,LeanCorpus_RegexpQuery,DefaultJob,Default,Default,Default,Default,Default,Default,Default,Default,Default,Default,Default,Default,Default,Default,Default,Default,Default,Default,Default,Default,Default,Default,Default,Default,Default,Default,Default,Default,Default,Default,Default,Default,Default,Default,Default,Default,Default,Default,Default,Default,Default,DefaultJob,Pattern=.*nation.*&DocumentCount=100000,1,Workload,Pilot,2,117224663,3,39074887.67,0,0,0,52696
RegexpQueryBenchmarks.LeanCorpus_RegexpQuery,Rowles.LeanCorpus.Benchmarks,RegexpQueryBenchmarks,LeanCorpus_RegexpQuery,DefaultJob,Default,Default,Default,Default,Default,Default,Default,Default,Default,Default,Default,Default,Default,Default,Default,Default,Default,Default,Default,Default,Default,Default,Default,Default,Default,Default,Default,Default,Default,Default,Default,Default,Default,Default,Default,Default,Default,Default,Default,Default,Default,DefaultJob,Pattern=.*nation.*&DocumentCount=100000,1,Workload,Pilot,3,154112820,4,38528205,0,0,0,52696
RegexpQueryBenchmarks.LeanCorpus_RegexpQuery,Rowles.LeanCorpus.Benchmarks,RegexpQueryBenchmarks,LeanCorpus_RegexpQuery,DefaultJob,Default,Default,Default,Default,Default,Default,Default,Default,Default,Default,Default,Default,Default,Default,Default,Default,Default,Default,Default,Default,Default,Default,Default,Default,Default,Default,Default,Default,Default,Default,Default,Default,Default,Default,Default,Default,Default,Default,Default,Default,Default,DefaultJob,Pattern=.*nation.*&DocumentCount=100000,1,Workload,Pilot,4,191427080,5,38285416,0,0,0,52696
RegexpQueryBenchmarks.LeanCorpus_RegexpQuery,Rowles.LeanCorpus.Benchmarks,RegexpQueryBenchmarks,LeanCorpus_RegexpQuery,DefaultJob,Default,Default,Default,Default,Default,Default,Default,Default,Default,Default,Default,Default,Default,Default,Default,Default,Default,Default,Default,Default,Default,Default,Default,Default,Default,Default,Default,Default,Default,Default,Default,Default,Default,Default,Default,Default,Default,Default,Default,Default,Default,DefaultJob,Pattern=.*nation.*&DocumentCount=100000,1,Workload,Pilot,5,229751894,6,38291982.33,0,0,0,52696
RegexpQueryBenchmarks.LeanCorpus_RegexpQuery,Rowles.LeanCorpus.Benchmarks,RegexpQueryBenchmarks,LeanCorpus_RegexpQuery,DefaultJob,Default,Default,Default,Default,Default,Default,Default,Default,Default,Default,Default,Default,Default,Default,Default,Default,Default,Default,Default,Default,Default,Default,Default,Default,Default,Default,Default,Default,Default,Default,Default,Default,Default,Default,Default,Default,Default,Default,Default,Default,Default,DefaultJob,Pattern=.*nation.*&DocumentCount=100000,1,Workload,Pilot,6,269243134,7,38463304.86,0,0,0,52696
RegexpQueryBenchmarks.LeanCorpus_RegexpQuery,Rowles.LeanCorpus.Benchmarks,RegexpQueryBenchmarks,LeanCorpus_RegexpQuery,DefaultJob,Default,Default,Default,Default,Default,Default,Default,Default,Default,Default,Default,Default,Default,Default,Default,Default,Default,Default,Default,Default,Default,Default,Default,Default,Default,Default,Default,Default,Default,Default,Default,Default,Default,Default,Default,Default,Default,Default,Default,Default,Default,DefaultJob,Pattern=.*nation.*&DocumentCount=100000,1,Workload,Pilot,7,312014069,8,39001758.63,0,0,0,52696
RegexpQueryBenchmarks.LeanCorpus_RegexpQuery,Rowles.LeanCorpus.Benchmarks,RegexpQueryBenchmarks,LeanCorpus_RegexpQuery,DefaultJob,Default,Default,Default,Default,Default,Default,Default,Default,Default,Default,Default,Default,Default,Default,Default,Default,Default,Default,Default,Default,Default,Default,Default,Default,Default,Default,Default,Default,Default,Default,Default,Default,Default,Default,Default,Default,Default,Default,Default,Default,Default,DefaultJob,Pattern=.*nation.*&DocumentCount=100000,1,Workload,Pilot,8,345944345,9,38438260.56,0,0,0,52696
RegexpQueryBenchmarks.LeanCorpus_RegexpQuery,Rowles.LeanCorpus.Benchmarks,RegexpQueryBenchmarks,LeanCorpus_RegexpQuery,DefaultJob,Default,Default,Default,Default,Default,Default,Default,Default,Default,Default,Default,Default,Default,Default,Default,Default,Default,Default,Default,Default,Default,Default,Default,Default,Default,Default,Default,Default,Default,Default,Default,Default,Default,Default,Default,Default,Default,Default,Default,Default,Default,DefaultJob,Pattern=.*nation.*&DocumentCount=100000,1,Workload,Pilot,9,386618773,10,38661877.3,0,0,0,52696
RegexpQueryBenchmarks.LeanCorpus_RegexpQuery,Rowles.LeanCorpus.Benchmarks,RegexpQueryBenchmarks,LeanCorpus_RegexpQuery,DefaultJob,Default,Default,Default,Default,Default,Default,Default,Default,Default,Default,Default,Default,Default,Default,Default,Default,Default,Default,Default,Default,Default,Default,Default,Default,Default,Default,Default,Default,Default,Default,Default,Default,Default,Default,Default,Default,Default,Default,Default,Default,Default,DefaultJob,Pattern=.*nation.*&DocumentCount=100000,1,Workload,Pilot,10,428774081,11,38979461.91,0,0,0,52696
RegexpQueryBenchmarks.LeanCorpus_RegexpQuery,Rowles.LeanCorpus.Benchmarks,RegexpQueryBenchmarks,LeanCorpus_RegexpQuery,DefaultJob,Default,Default,Default,Default,Default,Default,Default,Default,Default,Default,Default,Default,Default,Default,Default,Default,Default,Default,Default,Default,Default,Default,Default,Default,Default,Default,Default,Default,Default,Default,Default,Default,Default,Default,Default,Default,Default,Default,Default,Default,Default,DefaultJob,Pattern=.*nation.*&DocumentCount=100000,1,Workload,Pilot,11,466529820,12,38877485,0,0,0,52696
RegexpQueryBenchmarks.LeanCorpus_RegexpQuery,Rowles.LeanCorpus.Benchmarks,RegexpQueryBenchmarks,LeanCorpus_RegexpQuery,DefaultJob,Default,Default,Default,Default,Default,Default,Default,Default,Default,Default,Default,Default,Default,Default,Default,Default,Default,Default,Default,Default,Default,Default,Default,Default,Default,Default,Default,Default,Default,Default,Default,Default,Default,Default,Default,Default,Default,Default,Default,Default,Default,DefaultJob,Pattern=.*nation.*&DocumentCount=100000,1,Workload,Pilot,12,505444374,13,38880336.46,0,0,0,52696
RegexpQueryBenchmarks.LeanCorpus_RegexpQuery,Rowles.LeanCorpus.Benchmarks,RegexpQueryBenchmarks,LeanCorpus_RegexpQuery,DefaultJob,Default,Default,Default,Default,Default,Default,Default,Default,Default,Default,Default,Default,Default,Default,Default,Default,Default,Default,Default,Default,Default,Default,Default,Default,Default,Default,Default,Default,Default,Default,Default,Default,Default,Default,Default,Default,Default,Default,Default,Default,Default,DefaultJob,Pattern=.*nation.*&DocumentCount=100000,1,Workload,Warmup,1,498027803,13,38309831,0,0,0,52696
RegexpQueryBenchmarks.LeanCorpus_RegexpQuery,Rowles.LeanCorpus.Benchmarks,RegexpQueryBenchmarks,LeanCorpus_RegexpQuery,DefaultJob,Default,Default,Default,Default,Default,Default,Default,Default,Default,Default,Default,Default,Default,Default,Default,Default,Default,Default,Default,Default,Default,Default,Default,Default,Default,Default,Default,Default,Default,Default,Default,Default,Default,Default,Default,Default,Default,Default,Default,Default,Default,DefaultJob,Pattern=.*nation.*&DocumentCount=100000,1,Workload,Warmup,2,498290020,13,38330001.54,0,0,0,52696
RegexpQueryBenchmarks.LeanCorpus_RegexpQuery,Rowles.LeanCorpus.Benchmarks,RegexpQueryBenchmarks,LeanCorpus_RegexpQuery,DefaultJob,Default,Default,Default,Default,Default,Default,Default,Default,Default,Default,Default,Default,Default,Default,Default,Default,Default,Default,Default,Default,Default,Default,Default,Default,Default,Default,Default,Default,Default,Default,Default,Default,Default,Default,Default,Default,Default,Default,Default,Default,Default,DefaultJob,Pattern=.*nation.*&DocumentCount=100000,1,Workload,Warmup,3,500359555,13,38489196.54,0,0,0,52696
RegexpQueryBenchmarks.LeanCorpus_RegexpQuery,Rowles.LeanCorpus.Benchmarks,RegexpQueryBenchmarks,LeanCorpus_RegexpQuery,DefaultJob,Default,Default,Default,Default,Default,Default,Default,Default,Default,Default,Default,Default,Default,Default,Default,Default,Default,Default,Default,Default,Default,Default,Default,Default,Default,Default,Default,Default,Default,Default,Default,Default,Default,Default,Default,Default,Default,Default,Default,Default,Default,DefaultJob,Pattern=.*nation.*&DocumentCount=100000,1,Workload,Warmup,4,505970278,13,38920790.62,0,0,0,52696
RegexpQueryBenchmarks.LeanCorpus_RegexpQuery,Rowles.LeanCorpus.Benchmarks,RegexpQueryBenchmarks,LeanCorpus_RegexpQuery,DefaultJob,Default,Default,Default,Default,Default,Default,Default,Default,Default,Default,Default,Default,Default,Default,Default,Default,Default,Default,Default,Default,Default,Default,Default,Default,Default,Default,Default,Default,Default,Default,Default,Default,Default,Default,Default,Default,Default,Default,Default,Default,Default,DefaultJob,Pattern=.*nation.*&DocumentCount=100000,1,Workload,Warmup,5,499847839,13,38449833.77,0,0,0,52696
RegexpQueryBenchmarks.LeanCorpus_RegexpQuery,Rowles.LeanCorpus.Benchmarks,RegexpQueryBenchmarks,LeanCorpus_RegexpQuery,DefaultJob,Default,Default,Default,Default,Default,Default,Default,Default,Default,Default,Default,Default,Default,Default,Default,Default,Default,Default,Default,Default,Default,Default,Default,Default,Default,Default,Default,Default,Default,Default,Default,Default,Default,Default,Default,Default,Default,Default,Default,Default,Default,DefaultJob,Pattern=.*nation.*&DocumentCount=100000,1,Workload,Warmup,6,497701831,13,38284756.23,0,0,0,52696
RegexpQueryBenchmarks.LeanCorpus_RegexpQuery,Rowles.LeanCorpus.Benchmarks,RegexpQueryBenchmarks,LeanCorpus_RegexpQuery,DefaultJob,Default,Default,Default,Default,Default,Default,Default,Default,Default,Default,Default,Default,Default,Default,Default,Default,Default,Default,Default,Default,Default,Default,Default,Default,Default,Default,Default,Default,Default,Default,Default,Default,Default,Default,Default,Default,Default,Default,Default,Default,Default,DefaultJob,Pattern=.*nation.*&DocumentCount=100000,1,Workload,Warmup,7,500919736,13,38532287.38,0,0,0,52696
RegexpQueryBenchmarks.LeanCorpus_RegexpQuery,Rowles.LeanCorpus.Benchmarks,RegexpQueryBenchmarks,LeanCorpus_RegexpQuery,DefaultJob,Default,Default,Default,Default,Default,Default,Default,Default,Default,Default,Default,Default,Default,Default,Default,Default,Default,Default,Default,Default,Default,Default,Default,Default,Default,Default,Default,Default,Default,Default,Default,Default,Default,Default,Default,Default,Default,Default,Default,Default,Default,DefaultJob,Pattern=.*nation.*&DocumentCount=100000,1,Workload,Warmup,8,504842674,13,38834051.85,0,0,0,52696
RegexpQueryBenchmarks.LeanCorpus_RegexpQuery,Rowles.LeanCorpus.Benchmarks,RegexpQueryBenchmarks,LeanCorpus_RegexpQuery,DefaultJob,Default,Default,Default,Default,Default,Default,Default,Default,Default,Default,Default,Default,Default,Default,Default,Default,Default,Default,Default,Default,Default,Default,Default,Default,Default,Default,Default,Default,Default,Default,Default,Default,Default,Default,Default,Default,Default,Default,Default,Default,Default,DefaultJob,Pattern=.*nation.*&DocumentCount=100000,1,Workload,Warmup,9,504541265,13,38810866.54,0,0,0,52696
RegexpQueryBenchmarks.LeanCorpus_RegexpQuery,Rowles.LeanCorpus.Benchmarks,RegexpQueryBenchmarks,LeanCorpus_RegexpQuery,DefaultJob,Default,Default,Default,Default,Default,Default,Default,Default,Default,Default,Default,Default,Default,Default,Default,Default,Default,Default,Default,Default,Default,Default,Default,Default,Default,Default,Default,Default,Default,Default,Default,Default,Default,Default,Default,Default,Default,Default,Default,Default,Default,DefaultJob,Pattern=.*nation.*&DocumentCount=100000,1,Workload,Actual,1,505448471,13,38880651.62,0,0,0,52696
RegexpQueryBenchmarks.LeanCorpus_RegexpQuery,Rowles.LeanCorpus.Benchmarks,RegexpQueryBenchmarks,LeanCorpus_RegexpQuery,DefaultJob,Default,Default,Default,Default,Default,Default,Default,Default,Default,Default,Default,Default,Default,Default,Default,Default,Default,Default,Default,Default,Default,Default,Default,Default,Default,Default,Default,Default,Default,Default,Default,Default,Default,Default,Default,Default,Default,Default,Default,Default,Default,DefaultJob,Pattern=.*nation.*&DocumentCount=100000,1,Workload,Actual,2,506275958,13,38944304.46,0,0,0,52696
RegexpQueryBenchmarks.LeanCorpus_RegexpQuery,Rowles.LeanCorpus.Benchmarks,RegexpQueryBenchmarks,LeanCorpus_RegexpQuery,DefaultJob,Default,Default,Default,Default,Default,Default,Default,Default,Default,Default,Default,Default,Default,Default,Default,Default,Default,Default,Default,Default,Default,Default,Default,Default,Default,Default,Default,Default,Default,Default,Default,Default,Default,Default,Default,Default,Default,Default,Default,Default,Default,DefaultJob,Pattern=.*nation.*&DocumentCount=100000,1,Workload,Actual,3,505230001,13,38863846.23,0,0,0,52696
RegexpQueryBenchmarks.LeanCorpus_RegexpQuery,Rowles.LeanCorpus.Benchmarks,RegexpQueryBenchmarks,LeanCorpus_RegexpQuery,DefaultJob,Default,Default,Default,Default,Default,Default,Default,Default,Default,Default,Default,Default,Default,Default,Default,Default,Default,Default,Default,Default,Default,Default,Default,Default,Default,Default,Default,Default,Default,Default,Default,Default,Default,Default,Default,Default,Default,Default,Default,Default,Default,DefaultJob,Pattern=.*nation.*&DocumentCount=100000,1,Workload,Actual,4,505409102,13,38877623.23,0,0,0,52696
RegexpQueryBenchmarks.LeanCorpus_RegexpQuery,Rowles.LeanCorpus.Benchmarks,RegexpQueryBenchmarks,LeanCorpus_RegexpQuery,DefaultJob,Default,Default,Default,Default,Default,Default,Default,Default,Default,Default,Default,Default,Default,Default,Default,Default,Default,Default,Default,Default,Default,Default,Default,Default,Default,Default,Default,Default,Default,Default,Default,Default,Default,Default,Default,Default,Default,Default,Default,Default,Default,DefaultJob,Pattern=.*nation.*&DocumentCount=100000,1,Workload,Actual,5,497459279,13,38266098.38,0,0,0,52696
RegexpQueryBenchmarks.LeanCorpus_RegexpQuery,Rowles.LeanCorpus.Benchmarks,RegexpQueryBenchmarks,LeanCorpus_RegexpQuery,DefaultJob,Default,Default,Default,Default,Default,Default,Default,Default,Default,Default,Default,Default,Default,Default,Default,Default,Default,Default,Default,Default,Default,Default,Default,Default,Default,Default,Default,Default,Default,Default,Default,Default,Default,Default,Default,Default,Default,Default,Default,Default,Default,DefaultJob,Pattern=.*nation.*&DocumentCount=100000,1,Workload,Actual,6,505275535,13,38867348.85,0,0,0,52696
RegexpQueryBenchmarks.LeanCorpus_RegexpQuery,Rowles.LeanCorpus.Benchmarks,RegexpQueryBenchmarks,LeanCorpus_RegexpQuery,DefaultJob,Default,Default,Default,Default,Default,Default,Default,Default,Default,Default,Default,Default,Default,Default,Default,Default,Default,Default,Default,Default,Default,Default,Default,Default,Default,Default,Default,Default,Default,Default,Default,Default,Default,Default,Default,Default,Default,Default,Default,Default,Default,DefaultJob,Pattern=.*nation.*&DocumentCount=100000,1,Workload,Actual,7,505352230,13,38873248.46,0,0,0,52696
RegexpQueryBenchmarks.LeanCorpus_RegexpQuery,Rowles.LeanCorpus.Benchmarks,RegexpQueryBenchmarks,LeanCorpus_RegexpQuery,DefaultJob,Default,Default,Default,Default,Default,Default,Default,Default,Default,Default,Default,Default,Default,Default,Default,Default,Default,Default,Default,Default,Default,Default,Default,Default,Default,Default,Default,Default,Default,Default,Default,Default,Default,Default,Default,Default,Default,Default,Default,Default,Default,DefaultJob,Pattern=.*nation.*&DocumentCount=100000,1,Workload,Actual,8,505079524,13,38852271.08,0,0,0,52696
RegexpQueryBenchmarks.LeanCorpus_RegexpQuery,Rowles.LeanCorpus.Benchmarks,RegexpQueryBenchmarks,LeanCorpus_RegexpQuery,DefaultJob,Default,Default,Default,Default,Default,Default,Default,Default,Default,Default,Default,Default,Default,Default,Default,Default,Default,Default,Default,Default,Default,Default,Default,Default,Default,Default,Default,Default,Default,Default,Default,Default,Default,Default,Default,Default,Default,Default,Default,Default,Default,DefaultJob,Pattern=.*nation.*&DocumentCount=100000,1,Workload,Actual,9,505206537,13,38862041.31,0,0,0,52696
RegexpQueryBenchmarks.LeanCorpus_RegexpQuery,Rowles.LeanCorpus.Benchmarks,RegexpQueryBenchmarks,LeanCorpus_RegexpQuery,DefaultJob,Default,Default,Default,Default,Default,Default,Default,Default,Default,Default,Default,Default,Default,Default,Default,Default,Default,Default,Default,Default,Default,Default,Default,Default,Default,Default,Default,Default,Default,Default,Default,Default,Default,Default,Default,Default,Default,Default,Default,Default,Default,DefaultJob,Pattern=.*nation.*&DocumentCount=100000,1,Workload,Actual,10,504715086,13,38824237.38,0,0,0,52696
RegexpQueryBenchmarks.LeanCorpus_RegexpQuery,Rowles.LeanCorpus.Benchmarks,RegexpQueryBenchmarks,LeanCorpus_RegexpQuery,DefaultJob,Default,Default,Default,Default,Default,Default,Default,Default,Default,Default,Default,Default,Default,Default,Default,Default,Default,Default,Default,Default,Default,Default,Default,Default,Default,Default,Default,Default,Default,Default,Default,Default,Default,Default,Default,Default,Default,Default,Default,Default,Default,DefaultJob,Pattern=.*nation.*&DocumentCount=100000,1,Workload,Actual,11,504696422,13,38822801.69,0,0,0,52696
RegexpQueryBenchmarks.LeanCorpus_RegexpQuery,Rowles.LeanCorpus.Benchmarks,RegexpQueryBenchmarks,LeanCorpus_RegexpQuery,DefaultJob,Default,Default,Default,Default,Default,Default,Default,Default,Default,Default,Default,Default,Default,Default,Default,Default,Default,Default,Default,Default,Default,Default,Default,Default,Default,Default,Default,Default,Default,Default,Default,Default,Default,Default,Default,Default,Default,Default,Default,Default,Default,DefaultJob,Pattern=.*nation.*&DocumentCount=100000,1,Workload,Actual,12,504744224,13,38826478.77,0,0,0,52696
RegexpQueryBenchmarks.LeanCorpus_RegexpQuery,Rowles.LeanCorpus.Benchmarks,RegexpQueryBenchmarks,LeanCorpus_RegexpQuery,DefaultJob,Default,Default,Default,Default,Default,Default,Default,Default,Default,Default,Default,Default,Default,Default,Default,Default,Default,Default,Default,Default,Default,Default,Default,Default,Default,Default,Default,Default,Default,Default,Default,Default,Default,Default,Default,Default,Default,Default,Default,Default,Default,DefaultJob,Pattern=.*nation.*&DocumentCount=100000,1,Workload,Actual,13,504799216,13,38830708.92,0,0,0,52696
RegexpQueryBenchmarks.LeanCorpus_RegexpQuery,Rowles.LeanCorpus.Benchmarks,RegexpQueryBenchmarks,LeanCorpus_RegexpQuery,DefaultJob,Default,Default,Default,Default,Default,Default,Default,Default,Default,Default,Default,Default,Default,Default,Default,Default,Default,Default,Default,Default,Default,Default,Default,Default,Default,Default,Default,Default,Default,Default,Default,Default,Default,Default,Default,Default,Default,Default,Default,Default,Default,DefaultJob,Pattern=.*nation.*&DocumentCount=100000,1,Workload,Actual,14,507602178,13,39046321.38,0,0,0,52696
RegexpQueryBenchmarks.LeanCorpus_RegexpQuery,Rowles.LeanCorpus.Benchmarks,RegexpQueryBenchmarks,LeanCorpus_RegexpQuery,DefaultJob,Default,Default,Default,Default,Default,Default,Default,Default,Default,Default,Default,Default,Default,Default,Default,Default,Default,Default,Default,Default,Default,Default,Default,Default,Default,Default,Default,Default,Default,Default,Default,Default,Default,Default,Default,Default,Default,Default,Default,Default,Default,DefaultJob,Pattern=.*nation.*&DocumentCount=100000,1,Workload,Actual,15,505059140,13,38850703.08,0,0,0,52696
RegexpQueryBenchmarks.LeanCorpus_RegexpQuery,Rowles.LeanCorpus.Benchmarks,RegexpQueryBenchmarks,LeanCorpus_RegexpQuery,DefaultJob,Default,Default,Default,Default,Default,Default,Default,Default,Default,Default,Default,Default,Default,Default,Default,Default,Default,Default,Default,Default,Default,Default,Default,Default,Default,Default,Default,Default,Default,Default,Default,Default,Default,Default,Default,Default,Default,Default,Default,Default,Default,DefaultJob,Pattern=.*nation.*&DocumentCount=100000,1,Workload,Extra,1,497290848,13,38253142.15,0,0,0,52696
RegexpQueryBenchmarks.LeanCorpus_RegexpQuery,Rowles.LeanCorpus.Benchmarks,RegexpQueryBenchmarks,LeanCorpus_RegexpQuery,DefaultJob,Default,Default,Default,Default,Default,Default,Default,Default,Default,Default,Default,Default,Default,Default,Default,Default,Default,Default,Default,Default,Default,Default,Default,Default,Default,Default,Default,Default,Default,Default,Default,Default,Default,Default,Default,Default,Default,Default,Default,Default,Default,DefaultJob,Pattern=.*nation.*&DocumentCount=100000,1,Workload,Result,1,505448471,13,38880651.62,0,0,0,52696
RegexpQueryBenchmarks.LeanCorpus_RegexpQuery,Rowles.LeanCorpus.Benchmarks,RegexpQueryBenchmarks,LeanCorpus_RegexpQuery,DefaultJob,Default,Default,Default,Default,Default,Default,Default,Default,Default,Default,Default,Default,Default,Default,Default,Default,Default,Default,Default,Default,Default,Default,Default,Default,Default,Default,Default,Default,Default,Default,Default,Default,Default,Default,Default,Default,Default,Default,Default,Default,Default,DefaultJob,Pattern=.*nation.*&DocumentCount=100000,1,Workload,Result,2,506275958,13,38944304.46,0,0,0,52696
RegexpQueryBenchmarks.LeanCorpus_RegexpQuery,Rowles.LeanCorpus.Benchmarks,RegexpQueryBenchmarks,LeanCorpus_RegexpQuery,DefaultJob,Default,Default,Default,Default,Default,Default,Default,Default,Default,Default,Default,Default,Default,Default,Default,Default,Default,Default,Default,Default,Default,Default,Default,Default,Default,Default,Default,Default,Default,Default,Default,Default,Default,Default,Default,Default,Default,Default,Default,Default,Default,DefaultJob,Pattern=.*nation.*&DocumentCount=100000,1,Workload,Result,3,505230001,13,38863846.23,0,0,0,52696
RegexpQueryBenchmarks.LeanCorpus_RegexpQuery,Rowles.LeanCorpus.Benchmarks,RegexpQueryBenchmarks,LeanCorpus_RegexpQuery,DefaultJob,Default,Default,Default,Default,Default,Default,Default,Default,Default,Default,Default,Default,Default,Default,Default,Default,Default,Default,Default,Default,Default,Default,Default,Default,Default,Default,Default,Default,Default,Default,Default,Default,Default,Default,Default,Default,Default,Default,Default,Default,Default,DefaultJob,Pattern=.*nation.*&DocumentCount=100000,1,Workload,Result,4,505409102,13,38877623.23,0,0,0,52696
RegexpQueryBenchmarks.LeanCorpus_RegexpQuery,Rowles.LeanCorpus.Benchmarks,RegexpQueryBenchmarks,LeanCorpus_RegexpQuery,DefaultJob,Default,Default,Default,Default,Default,Default,Default,Default,Default,Default,Default,Default,Default,Default,Default,Default,Default,Default,Default,Default,Default,Default,Default,Default,Default,Default,Default,Default,Default,Default,Default,Default,Default,Default,Default,Default,Default,Default,Default,Default,Default,DefaultJob,Pattern=.*nation.*&DocumentCount=100000,1,Workload,Result,5,497459279,13,38266098.38,0,0,0,52696
RegexpQueryBenchmarks.LeanCorpus_RegexpQuery,Rowles.LeanCorpus.Benchmarks,RegexpQueryBenchmarks,LeanCorpus_RegexpQuery,DefaultJob,Default,Default,Default,Default,Default,Default,Default,Default,Default,Default,Default,Default,Default,Default,Default,Default,Default,Default,Default,Default,Default,Default,Default,Default,Default,Default,Default,Default,Default,Default,Default,Default,Default,Default,Default,Default,Default,Default,Default,Default,Default,DefaultJob,Pattern=.*nation.*&DocumentCount=100000,1,Workload,Result,6,505275535,13,38867348.85,0,0,0,52696
RegexpQueryBenchmarks.LeanCorpus_RegexpQuery,Rowles.LeanCorpus.Benchmarks,RegexpQueryBenchmarks,LeanCorpus_RegexpQuery,DefaultJob,Default,Default,Default,Default,Default,Default,Default,Default,Default,Default,Default,Default,Default,Default,Default,Default,Default,Default,Default,Default,Default,Default,Default,Default,Default,Default,Default,Default,Default,Default,Default,Default,Default,Default,Default,Default,Default,Default,Default,Default,Default,DefaultJob,Pattern=.*nation.*&DocumentCount=100000,1,Workload,Result,7,505352230,13,38873248.46,0,0,0,52696
RegexpQueryBenchmarks.LeanCorpus_RegexpQuery,Rowles.LeanCorpus.Benchmarks,RegexpQueryBenchmarks,LeanCorpus_RegexpQuery,DefaultJob,Default,Default,Default,Default,Default,Default,Default,Default,Default,Default,Default,Default,Default,Default,Default,Default,Default,Default,Default,Default,Default,Default,Default,Default,Default,Default,Default,Default,Default,Default,Default,Default,Default,Default,Default,Default,Default,Default,Default,Default,Default,DefaultJob,Pattern=.*nation.*&DocumentCount=100000,1,Workload,Result,8,505079524,13,38852271.08,0,0,0,52696
RegexpQueryBenchmarks.LeanCorpus_RegexpQuery,Rowles.LeanCorpus.Benchmarks,RegexpQueryBenchmarks,LeanCorpus_RegexpQuery,DefaultJob,Default,Default,Default,Default,Default,Default,Default,Default,Default,Default,Default,Default,Default,Default,Default,Default,Default,Default,Default,Default,Default,Default,Default,Default,Default,Default,Default,Default,Default,Default,Default,Default,Default,Default,Default,Default,Default,Default,Default,Default,Default,DefaultJob,Pattern=.*nation.*&DocumentCount=100000,1,Workload,Result,9,505206537,13,38862041.31,0,0,0,52696
RegexpQueryBenchmarks.LeanCorpus_RegexpQuery,Rowles.LeanCorpus.Benchmarks,RegexpQueryBenchmarks,LeanCorpus_RegexpQuery,DefaultJob,Default,Default,Default,Default,Default,Default,Default,Default,Default,Default,Default,Default,Default,Default,Default,Default,Default,Default,Default,Default,Default,Default,Default,Default,Default,Default,Default,Default,Default,Default,Default,Default,Default,Default,Default,Default,Default,Default,Default,Default,Default,DefaultJob,Pattern=.*nation.*&DocumentCount=100000,1,Workload,Result,10,504715086,13,38824237.38,0,0,0,52696
RegexpQueryBenchmarks.LeanCorpus_RegexpQuery,Rowles.LeanCorpus.Benchmarks,RegexpQueryBenchmarks,LeanCorpus_RegexpQuery,DefaultJob,Default,Default,Default,Default,Default,Default,Default,Default,Default,Default,Default,Default,Default,Default,Default,Default,Default,Default,Default,Default,Default,Default,Default,Default,Default,Default,Default,Default,Default,Default,Default,Default,Default,Default,Default,Default,Default,Default,Default,Default,Default,DefaultJob,Pattern=.*nation.*&DocumentCount=100000,1,Workload,Result,11,504696422,13,38822801.69,0,0,0,52696
RegexpQueryBenchmarks.LeanCorpus_RegexpQuery,Rowles.LeanCorpus.Benchmarks,RegexpQueryBenchmarks,LeanCorpus_RegexpQuery,DefaultJob,Default,Default,Default,Default,Default,Default,Default,Default,Default,Default,Default,Default,Default,Default,Default,Default,Default,Default,Default,Default,Default,Default,Default,Default,Default,Default,Default,Default,Default,Default,Default,Default,Default,Default,Default,Default,Default,Default,Default,Default,Default,DefaultJob,Pattern=.*nation.*&DocumentCount=100000,1,Workload,Result,12,504744224,13,38826478.77,0,0,0,52696
RegexpQueryBenchmarks.LeanCorpus_RegexpQuery,Rowles.LeanCorpus.Benchmarks,RegexpQueryBenchmarks,LeanCorpus_RegexpQuery,DefaultJob,Default,Default,Default,Default,Default,Default,Default,Default,Default,Default,Default,Default,Default,Default,Default,Default,Default,Default,Default,Default,Default,Default,Default,Default,Default,Default,Default,Default,Default,Default,Default,Default,Default,Default,Default,Default,Default,Default,Default,Default,Default,DefaultJob,Pattern=.*nation.*&DocumentCount=100000,1,Workload,Result,13,504799216,13,38830708.92,0,0,0,52696
RegexpQueryBenchmarks.LeanCorpus_RegexpQuery,Rowles.LeanCorpus.Benchmarks,RegexpQueryBenchmarks,LeanCorpus_RegexpQuery,DefaultJob,Default,Default,Default,Default,Default,Default,Default,Default,Default,Default,Default,Default,Default,Default,Default,Default,Default,Default,Default,Default,Default,Default,Default,Default,Default,Default,Default,Default,Default,Default,Default,Default,Default,Default,Default,Default,Default,Default,Default,Default,Default,DefaultJob,Pattern=.*nation.*&DocumentCount=100000,1,Workload,Result,14,505059140,13,38850703.08,0,0,0,52696
RegexpQueryBenchmarks.LuceneNet_RegexpQuery,Rowles.LeanCorpus.Benchmarks,RegexpQueryBenchmarks,LuceneNet_RegexpQuery,DefaultJob,Default,Default,Default,Default,Default,Default,Default,Default,Default,Default,Default,Default,Default,Default,Default,Default,Default,Default,Default,Default,Default,Default,Default,Default,Default,Default,Default,Default,Default,Default,Default,Default,Default,Default,Default,Default,Default,Default,Default,Default,Default,DefaultJob,Pattern=.*nation.*&DocumentCount=100000,1,Workload,Jitting,1,254805340,1,254805340,10,1,0,1374914
RegexpQueryBenchmarks.LuceneNet_RegexpQuery,Rowles.LeanCorpus.Benchmarks,RegexpQueryBenchmarks,LuceneNet_RegexpQuery,DefaultJob,Default,Default,Default,Default,Default,Default,Default,Default,Default,Default,Default,Default,Default,Default,Default,Default,Default,Default,Default,Default,Default,Default,Default,Default,Default,Default,Default,Default,Default,Default,Default,Default,Default,Default,Default,Default,Default,Default,Default,Default,Default,DefaultJob,Pattern=.*nation.*&DocumentCount=100000,1,Workload,Jitting,2,1011204106,30,33706803.53,10,1,0,1374914
RegexpQueryBenchmarks.LuceneNet_RegexpQuery,Rowles.LeanCorpus.Benchmarks,RegexpQueryBenchmarks,LuceneNet_RegexpQuery,DefaultJob,Default,Default,Default,Default,Default,Default,Default,Default,Default,Default,Default,Default,Default,Default,Default,Default,Default,Default,Default,Default,Default,Default,Default,Default,Default,Default,Default,Default,Default,Default,Default,Default,Default,Default,Default,Default,Default,Default,Default,Default,Default,DefaultJob,Pattern=.*nation.*&DocumentCount=100000,1,Workload,Jitting,3,891781305,30,29726043.5,10,1,0,1374914
RegexpQueryBenchmarks.LuceneNet_RegexpQuery,Rowles.LeanCorpus.Benchmarks,RegexpQueryBenchmarks,LuceneNet_RegexpQuery,DefaultJob,Default,Default,Default,Default,Default,Default,Default,Default,Default,Default,Default,Default,Default,Default,Default,Default,Default,Default,Default,Default,Default,Default,Default,Default,Default,Default,Default,Default,Default,Default,Default,Default,Default,Default,Default,Default,Default,Default,Default,Default,Default,DefaultJob,Pattern=.*nation.*&DocumentCount=100000,1,Workload,Jitting,4,880328501,30,29344283.37,10,1,0,1374914
RegexpQueryBenchmarks.LuceneNet_RegexpQuery,Rowles.LeanCorpus.Benchmarks,RegexpQueryBenchmarks,LuceneNet_RegexpQuery,DefaultJob,Default,Default,Default,Default,Default,Default,Default,Default,Default,Default,Default,Default,Default,Default,Default,Default,Default,Default,Default,Default,Default,Default,Default,Default,Default,Default,Default,Default,Default,Default,Default,Default,Default,Default,Default,Default,Default,Default,Default,Default,Default,DefaultJob,Pattern=.*nation.*&DocumentCount=100000,1,Workload,Jitting,5,30273151,1,30273151,10,1,0,1374914
RegexpQueryBenchmarks.LuceneNet_RegexpQuery,Rowles.LeanCorpus.Benchmarks,RegexpQueryBenchmarks,LuceneNet_RegexpQuery,DefaultJob,Default,Default,Default,Default,Default,Default,Default,Default,Default,Default,Default,Default,Default,Default,Default,Default,Default,Default,Default,Default,Default,Default,Default,Default,Default,Default,Default,Default,Default,Default,Default,Default,Default,Default,Default,Default,Default,Default,Default,Default,Default,DefaultJob,Pattern=.*nation.*&DocumentCount=100000,1,Workload,Pilot,1,30305890,1,30305890,10,1,0,1374914
RegexpQueryBenchmarks.LuceneNet_RegexpQuery,Rowles.LeanCorpus.Benchmarks,RegexpQueryBenchmarks,LuceneNet_RegexpQuery,DefaultJob,Default,Default,Default,Default,Default,Default,Default,Default,Default,Default,Default,Default,Default,Default,Default,Default,Default,Default,Default,Default,Default,Default,Default,Default,Default,Default,Default,Default,Default,Default,Default,Default,Default,Default,Default,Default,Default,Default,Default,Default,Default,DefaultJob,Pattern=.*nation.*&DocumentCount=100000,1,Workload,Pilot,1,468385158,16,29274072.38,10,1,0,1374914
RegexpQueryBenchmarks.LuceneNet_RegexpQuery,Rowles.LeanCorpus.Benchmarks,RegexpQueryBenchmarks,LuceneNet_RegexpQuery,DefaultJob,Default,Default,Default,Default,Default,Default,Default,Default,Default,Default,Default,Default,Default,Default,Default,Default,Default,Default,Default,Default,Default,Default,Default,Default,Default,Default,Default,Default,Default,Default,Default,Default,Default,Default,Default,Default,Default,Default,Default,Default,Default,DefaultJob,Pattern=.*nation.*&DocumentCount=100000,1,Workload,Pilot,2,936525899,32,29266434.34,10,1,0,1374914
RegexpQueryBenchmarks.LuceneNet_RegexpQuery,Rowles.LeanCorpus.Benchmarks,RegexpQueryBenchmarks,LuceneNet_RegexpQuery,DefaultJob,Default,Default,Default,Default,Default,Default,Default,Default,Default,Default,Default,Default,Default,Default,Default,Default,Default,Default,Default,Default,Default,Default,Default,Default,Default,Default,Default,Default,Default,Default,Default,Default,Default,Default,Default,Default,Default,Default,Default,Default,Default,DefaultJob,Pattern=.*nation.*&DocumentCount=100000,1,Workload,Warmup,1,936415552,32,29262986,10,1,0,1374914
RegexpQueryBenchmarks.LuceneNet_RegexpQuery,Rowles.LeanCorpus.Benchmarks,RegexpQueryBenchmarks,LuceneNet_RegexpQuery,DefaultJob,Default,Default,Default,Default,Default,Default,Default,Default,Default,Default,Default,Default,Default,Default,Default,Default,Default,Default,Default,Default,Default,Default,Default,Default,Default,Default,Default,Default,Default,Default,Default,Default,Default,Default,Default,Default,Default,Default,Default,Default,Default,DefaultJob,Pattern=.*nation.*&DocumentCount=100000,1,Workload,Warmup,2,936533301,32,29266665.66,10,1,0,1374914
RegexpQueryBenchmarks.LuceneNet_RegexpQuery,Rowles.LeanCorpus.Benchmarks,RegexpQueryBenchmarks,LuceneNet_RegexpQuery,DefaultJob,Default,Default,Default,Default,Default,Default,Default,Default,Default,Default,Default,Default,Default,Default,Default,Default,Default,Default,Default,Default,Default,Default,Default,Default,Default,Default,Default,Default,Default,Default,Default,Default,Default,Default,Default,Default,Default,Default,Default,Default,Default,DefaultJob,Pattern=.*nation.*&DocumentCount=100000,1,Workload,Warmup,3,931826698,32,29119584.31,10,1,0,1374914
RegexpQueryBenchmarks.LuceneNet_RegexpQuery,Rowles.LeanCorpus.Benchmarks,RegexpQueryBenchmarks,LuceneNet_RegexpQuery,DefaultJob,Default,Default,Default,Default,Default,Default,Default,Default,Default,Default,Default,Default,Default,Default,Default,Default,Default,Default,Default,Default,Default,Default,Default,Default,Default,Default,Default,Default,Default,Default,Default,Default,Default,Default,Default,Default,Default,Default,Default,Default,Default,DefaultJob,Pattern=.*nation.*&DocumentCount=100000,1,Workload,Warmup,4,937173624,32,29286675.75,10,1,0,1374914
RegexpQueryBenchmarks.LuceneNet_RegexpQuery,Rowles.LeanCorpus.Benchmarks,RegexpQueryBenchmarks,LuceneNet_RegexpQuery,DefaultJob,Default,Default,Default,Default,Default,Default,Default,Default,Default,Default,Default,Default,Default,Default,Default,Default,Default,Default,Default,Default,Default,Default,Default,Default,Default,Default,Default,Default,Default,Default,Default,Default,Default,Default,Default,Default,Default,Default,Default,Default,Default,DefaultJob,Pattern=.*nation.*&DocumentCount=100000,1,Workload,Warmup,5,935436056,32,29232376.75,10,1,0,1374914
RegexpQueryBenchmarks.LuceneNet_RegexpQuery,Rowles.LeanCorpus.Benchmarks,RegexpQueryBenchmarks,LuceneNet_RegexpQuery,DefaultJob,Default,Default,Default,Default,Default,Default,Default,Default,Default,Default,Default,Default,Default,Default,Default,Default,Default,Default,Default,Default,Default,Default,Default,Default,Default,Default,Default,Default,Default,Default,Default,Default,Default,Default,Default,Default,Default,Default,Default,Default,Default,DefaultJob,Pattern=.*nation.*&DocumentCount=100000,1,Workload,Warmup,6,935415881,32,29231746.28,10,1,0,1374914
RegexpQueryBenchmarks.LuceneNet_RegexpQuery,Rowles.LeanCorpus.Benchmarks,RegexpQueryBenchmarks,LuceneNet_RegexpQuery,DefaultJob,Default,Default,Default,Default,Default,Default,Default,Default,Default,Default,Default,Default,Default,Default,Default,Default,Default,Default,Default,Default,Default,Default,Default,Default,Default,Default,Default,Default,Default,Default,Default,Default,Default,Default,Default,Default,Default,Default,Default,Default,Default,DefaultJob,Pattern=.*nation.*&DocumentCount=100000,1,Workload,Actual,1,938449674,32,29326552.31,10,1,0,1374914
RegexpQueryBenchmarks.LuceneNet_RegexpQuery,Rowles.LeanCorpus.Benchmarks,RegexpQueryBenchmarks,LuceneNet_RegexpQuery,DefaultJob,Default,Default,Default,Default,Default,Default,Default,Default,Default,Default,Default,Default,Default,Default,Default,Default,Default,Default,Default,Default,Default,Default,Default,Default,Default,Default,Default,Default,Default,Default,Default,Default,Default,Default,Default,Default,Default,Default,Default,Default,Default,DefaultJob,Pattern=.*nation.*&DocumentCount=100000,1,Workload,Actual,2,938096349,32,29315510.91,10,1,0,1374914
RegexpQueryBenchmarks.LuceneNet_RegexpQuery,Rowles.LeanCorpus.Benchmarks,RegexpQueryBenchmarks,LuceneNet_RegexpQuery,DefaultJob,Default,Default,Default,Default,Default,Default,Default,Default,Default,Default,Default,Default,Default,Default,Default,Default,Default,Default,Default,Default,Default,Default,Default,Default,Default,Default,Default,Default,Default,Default,Default,Default,Default,Default,Default,Default,Default,Default,Default,Default,Default,DefaultJob,Pattern=.*nation.*&DocumentCount=100000,1,Workload,Actual,3,936646431,32,29270200.97,10,1,0,1374914
RegexpQueryBenchmarks.LuceneNet_RegexpQuery,Rowles.LeanCorpus.Benchmarks,RegexpQueryBenchmarks,LuceneNet_RegexpQuery,DefaultJob,Default,Default,Default,Default,Default,Default,Default,Default,Default,Default,Default,Default,Default,Default,Default,Default,Default,Default,Default,Default,Default,Default,Default,Default,Default,Default,Default,Default,Default,Default,Default,Default,Default,Default,Default,Default,Default,Default,Default,Default,Default,DefaultJob,Pattern=.*nation.*&DocumentCount=100000,1,Workload,Actual,4,934111895,32,29190996.72,10,1,0,1374914
RegexpQueryBenchmarks.LuceneNet_RegexpQuery,Rowles.LeanCorpus.Benchmarks,RegexpQueryBenchmarks,LuceneNet_RegexpQuery,DefaultJob,Default,Default,Default,Default,Default,Default,Default,Default,Default,Default,Default,Default,Default,Default,Default,Default,Default,Default,Default,Default,Default,Default,Default,Default,Default,Default,Default,Default,Default,Default,Default,Default,Default,Default,Default,Default,Default,Default,Default,Default,Default,DefaultJob,Pattern=.*nation.*&DocumentCount=100000,1,Workload,Actual,5,936506896,32,29265840.5,10,1,0,1374914
RegexpQueryBenchmarks.LuceneNet_RegexpQuery,Rowles.LeanCorpus.Benchmarks,RegexpQueryBenchmarks,LuceneNet_RegexpQuery,DefaultJob,Default,Default,Default,Default,Default,Default,Default,Default,Default,Default,Default,Default,Default,Default,Default,Default,Default,Default,Default,Default,Default,Default,Default,Default,Default,Default,Default,Default,Default,Default,Default,Default,Default,Default,Default,Default,Default,Default,Default,Default,Default,DefaultJob,Pattern=.*nation.*&DocumentCount=100000,1,Workload,Actual,6,937614307,32,29300447.09,10,1,0,1374914
RegexpQueryBenchmarks.LuceneNet_RegexpQuery,Rowles.LeanCorpus.Benchmarks,RegexpQueryBenchmarks,LuceneNet_RegexpQuery,DefaultJob,Default,Default,Default,Default,Default,Default,Default,Default,Default,Default,Default,Default,Default,Default,Default,Default,Default,Default,Default,Default,Default,Default,Default,Default,Default,Default,Default,Default,Default,Default,Default,Default,Default,Default,Default,Default,Default,Default,Default,Default,Default,DefaultJob,Pattern=.*nation.*&DocumentCount=100000,1,Workload,Actual,7,937115447,32,29284857.72,10,1,0,1374914
RegexpQueryBenchmarks.LuceneNet_RegexpQuery,Rowles.LeanCorpus.Benchmarks,RegexpQueryBenchmarks,LuceneNet_RegexpQuery,DefaultJob,Default,Default,Default,Default,Default,Default,Default,Default,Default,Default,Default,Default,Default,Default,Default,Default,Default,Default,Default,Default,Default,Default,Default,Default,Default,Default,Default,Default,Default,Default,Default,Default,Default,Default,Default,Default,Default,Default,Default,Default,Default,DefaultJob,Pattern=.*nation.*&DocumentCount=100000,1,Workload,Actual,8,925687098,32,28927721.81,10,1,0,1374914
RegexpQueryBenchmarks.LuceneNet_RegexpQuery,Rowles.LeanCorpus.Benchmarks,RegexpQueryBenchmarks,LuceneNet_RegexpQuery,DefaultJob,Default,Default,Default,Default,Default,Default,Default,Default,Default,Default,Default,Default,Default,Default,Default,Default,Default,Default,Default,Default,Default,Default,Default,Default,Default,Default,Default,Default,Default,Default,Default,Default,Default,Default,Default,Default,Default,Default,Default,Default,Default,DefaultJob,Pattern=.*nation.*&DocumentCount=100000,1,Workload,Actual,9,931710028,32,29115938.38,10,1,0,1374914
RegexpQueryBenchmarks.LuceneNet_RegexpQuery,Rowles.LeanCorpus.Benchmarks,RegexpQueryBenchmarks,LuceneNet_RegexpQuery,DefaultJob,Default,Default,Default,Default,Default,Default,Default,Default,Default,Default,Default,Default,Default,Default,Default,Default,Default,Default,Default,Default,Default,Default,Default,Default,Default,Default,Default,Default,Default,Default,Default,Default,Default,Default,Default,Default,Default,Default,Default,Default,Default,DefaultJob,Pattern=.*nation.*&DocumentCount=100000,1,Workload,Actual,10,937767987,32,29305249.59,10,1,0,1374914
RegexpQueryBenchmarks.LuceneNet_RegexpQuery,Rowles.LeanCorpus.Benchmarks,RegexpQueryBenchmarks,LuceneNet_RegexpQuery,DefaultJob,Default,Default,Default,Default,Default,Default,Default,Default,Default,Default,Default,Default,Default,Default,Default,Default,Default,Default,Default,Default,Default,Default,Default,Default,Default,Default,Default,Default,Default,Default,Default,Default,Default,Default,Default,Default,Default,Default,Default,Default,Default,DefaultJob,Pattern=.*nation.*&DocumentCount=100000,1,Workload,Actual,11,937311219,32,29290975.59,10,1,0,1374914
RegexpQueryBenchmarks.LuceneNet_RegexpQuery,Rowles.LeanCorpus.Benchmarks,RegexpQueryBenchmarks,LuceneNet_RegexpQuery,DefaultJob,Default,Default,Default,Default,Default,Default,Default,Default,Default,Default,Default,Default,Default,Default,Default,Default,Default,Default,Default,Default,Default,Default,Default,Default,Default,Default,Default,Default,Default,Default,Default,Default,Default,Default,Default,Default,Default,Default,Default,Default,Default,DefaultJob,Pattern=.*nation.*&DocumentCount=100000,1,Workload,Actual,12,939668706,32,29364647.06,10,1,0,1374914
RegexpQueryBenchmarks.LuceneNet_RegexpQuery,Rowles.LeanCorpus.Benchmarks,RegexpQueryBenchmarks,LuceneNet_RegexpQuery,DefaultJob,Default,Default,Default,Default,Default,Default,Default,Default,Default,Default,Default,Default,Default,Default,Default,Default,Default,Default,Default,Default,Default,Default,Default,Default,Default,Default,Default,Default,Default,Default,Default,Default,Default,Default,Default,Default,Default,Default,Default,Default,Default,DefaultJob,Pattern=.*nation.*&DocumentCount=100000,1,Workload,Actual,13,936904583,32,29278268.22,10,1,0,1374914
RegexpQueryBenchmarks.LuceneNet_RegexpQuery,Rowles.LeanCorpus.Benchmarks,RegexpQueryBenchmarks,LuceneNet_RegexpQuery,DefaultJob,Default,Default,Default,Default,Default,Default,Default,Default,Default,Default,Default,Default,Default,Default,Default,Default,Default,Default,Default,Default,Default,Default,Default,Default,Default,Default,Default,Default,Default,Default,Default,Default,Default,Default,Default,Default,Default,Default,Default,Default,Default,DefaultJob,Pattern=.*nation.*&DocumentCount=100000,1,Workload,Actual,14,937287423,32,29290231.97,10,1,0,1374914
RegexpQueryBenchmarks.LuceneNet_RegexpQuery,Rowles.LeanCorpus.Benchmarks,RegexpQueryBenchmarks,LuceneNet_RegexpQuery,DefaultJob,Default,Default,Default,Default,Default,Default,Default,Default,Default,Default,Default,Default,Default,Default,Default,Default,Default,Default,Default,Default,Default,Default,Default,Default,Default,Default,Default,Default,Default,Default,Default,Default,Default,Default,Default,Default,Default,Default,Default,Default,Default,DefaultJob,Pattern=.*nation.*&DocumentCount=100000,1,Workload,Actual,15,936207424,32,29256482,10,1,0,1374914
RegexpQueryBenchmarks.LuceneNet_RegexpQuery,Rowles.LeanCorpus.Benchmarks,RegexpQueryBenchmarks,LuceneNet_RegexpQuery,DefaultJob,Default,Default,Default,Default,Default,Default,Default,Default,Default,Default,Default,Default,Default,Default,Default,Default,Default,Default,Default,Default,Default,Default,Default,Default,Default,Default,Default,Default,Default,Default,Default,Default,Default,Default,Default,Default,Default,Default,Default,Default,Default,DefaultJob,Pattern=.*nation.*&DocumentCount=100000,1,Workload,Extra,1,938669297,32,29333415.53,10,1,0,1374914
RegexpQueryBenchmarks.LuceneNet_RegexpQuery,Rowles.LeanCorpus.Benchmarks,RegexpQueryBenchmarks,LuceneNet_RegexpQuery,DefaultJob,Default,Default,Default,Default,Default,Default,Default,Default,Default,Default,Default,Default,Default,Default,Default,Default,Default,Default,Default,Default,Default,Default,Default,Default,Default,Default,Default,Default,Default,Default,Default,Default,Default,Default,Default,Default,Default,Default,Default,Default,Default,DefaultJob,Pattern=.*nation.*&DocumentCount=100000,1,Workload,Result,1,938449674,32,29326552.31,10,1,0,1374914
RegexpQueryBenchmarks.LuceneNet_RegexpQuery,Rowles.LeanCorpus.Benchmarks,RegexpQueryBenchmarks,LuceneNet_RegexpQuery,DefaultJob,Default,Default,Default,Default,Default,Default,Default,Default,Default,Default,Default,Default,Default,Default,Default,Default,Default,Default,Default,Default,Default,Default,Default,Default,Default,Default,Default,Default,Default,Default,Default,Default,Default,Default,Default,Default,Default,Default,Default,Default,Default,DefaultJob,Pattern=.*nation.*&DocumentCount=100000,1,Workload,Result,2,938096349,32,29315510.91,10,1,0,1374914
RegexpQueryBenchmarks.LuceneNet_RegexpQuery,Rowles.LeanCorpus.Benchmarks,RegexpQueryBenchmarks,LuceneNet_RegexpQuery,DefaultJob,Default,Default,Default,Default,Default,Default,Default,Default,Default,Default,Default,Default,Default,Default,Default,Default,Default,Default,Default,Default,Default,Default,Default,Default,Default,Default,Default,Default,Default,Default,Default,Default,Default,Default,Default,Default,Default,Default,Default,Default,Default,DefaultJob,Pattern=.*nation.*&DocumentCount=100000,1,Workload,Result,3,936646431,32,29270200.97,10,1,0,1374914
RegexpQueryBenchmarks.LuceneNet_RegexpQuery,Rowles.LeanCorpus.Benchmarks,RegexpQueryBenchmarks,LuceneNet_RegexpQuery,DefaultJob,Default,Default,Default,Default,Default,Default,Default,Default,Default,Default,Default,Default,Default,Default,Default,Default,Default,Default,Default,Default,Default,Default,Default,Default,Default,Default,Default,Default,Default,Default,Default,Default,Default,Default,Default,Default,Default,Default,Default,Default,Default,DefaultJob,Pattern=.*nation.*&DocumentCount=100000,1,Workload,Result,4,934111895,32,29190996.72,10,1,0,1374914
RegexpQueryBenchmarks.LuceneNet_RegexpQuery,Rowles.LeanCorpus.Benchmarks,RegexpQueryBenchmarks,LuceneNet_RegexpQuery,DefaultJob,Default,Default,Default,Default,Default,Default,Default,Default,Default,Default,Default,Default,Default,Default,Default,Default,Default,Default,Default,Default,Default,Default,Default,Default,Default,Default,Default,Default,Default,Default,Default,Default,Default,Default,Default,Default,Default,Default,Default,Default,Default,DefaultJob,Pattern=.*nation.*&DocumentCount=100000,1,Workload,Result,5,936506896,32,29265840.5,10,1,0,1374914
RegexpQueryBenchmarks.LuceneNet_RegexpQuery,Rowles.LeanCorpus.Benchmarks,RegexpQueryBenchmarks,LuceneNet_RegexpQuery,DefaultJob,Default,Default,Default,Default,Default,Default,Default,Default,Default,Default,Default,Default,Default,Default,Default,Default,Default,Default,Default,Default,Default,Default,Default,Default,Default,Default,Default,Default,Default,Default,Default,Default,Default,Default,Default,Default,Default,Default,Default,Default,Default,DefaultJob,Pattern=.*nation.*&DocumentCount=100000,1,Workload,Result,6,937614307,32,29300447.09,10,1,0,1374914
RegexpQueryBenchmarks.LuceneNet_RegexpQuery,Rowles.LeanCorpus.Benchmarks,RegexpQueryBenchmarks,LuceneNet_RegexpQuery,DefaultJob,Default,Default,Default,Default,Default,Default,Default,Default,Default,Default,Default,Default,Default,Default,Default,Default,Default,Default,Default,Default,Default,Default,Default,Default,Default,Default,Default,Default,Default,Default,Default,Default,Default,Default,Default,Default,Default,Default,Default,Default,Default,DefaultJob,Pattern=.*nation.*&DocumentCount=100000,1,Workload,Result,7,937115447,32,29284857.72,10,1,0,1374914
RegexpQueryBenchmarks.LuceneNet_RegexpQuery,Rowles.LeanCorpus.Benchmarks,RegexpQueryBenchmarks,LuceneNet_RegexpQuery,DefaultJob,Default,Default,Default,Default,Default,Default,Default,Default,Default,Default,Default,Default,Default,Default,Default,Default,Default,Default,Default,Default,Default,Default,Default,Default,Default,Default,Default,Default,Default,Default,Default,Default,Default,Default,Default,Default,Default,Default,Default,Default,Default,DefaultJob,Pattern=.*nation.*&DocumentCount=100000,1,Workload,Result,8,925687098,32,28927721.81,10,1,0,1374914
RegexpQueryBenchmarks.LuceneNet_RegexpQuery,Rowles.LeanCorpus.Benchmarks,RegexpQueryBenchmarks,LuceneNet_RegexpQuery,DefaultJob,Default,Default,Default,Default,Default,Default,Default,Default,Default,Default,Default,Default,Default,Default,Default,Default,Default,Default,Default,Default,Default,Default,Default,Default,Default,Default,Default,Default,Default,Default,Default,Default,Default,Default,Default,Default,Default,Default,Default,Default,Default,DefaultJob,Pattern=.*nation.*&DocumentCount=100000,1,Workload,Result,9,931710028,32,29115938.38,10,1,0,1374914
RegexpQueryBenchmarks.LuceneNet_RegexpQuery,Rowles.LeanCorpus.Benchmarks,RegexpQueryBenchmarks,LuceneNet_RegexpQuery,DefaultJob,Default,Default,Default,Default,Default,Default,Default,Default,Default,Default,Default,Default,Default,Default,Default,Default,Default,Default,Default,Default,Default,Default,Default,Default,Default,Default,Default,Default,Default,Default,Default,Default,Default,Default,Default,Default,Default,Default,Default,Default,Default,DefaultJob,Pattern=.*nation.*&DocumentCount=100000,1,Workload,Result,10,937767987,32,29305249.59,10,1,0,1374914
RegexpQueryBenchmarks.LuceneNet_RegexpQuery,Rowles.LeanCorpus.Benchmarks,RegexpQueryBenchmarks,LuceneNet_RegexpQuery,DefaultJob,Default,Default,Default,Default,Default,Default,Default,Default,Default,Default,Default,Default,Default,Default,Default,Default,Default,Default,Default,Default,Default,Default,Default,Default,Default,Default,Default,Default,Default,Default,Default,Default,Default,Default,Default,Default,Default,Default,Default,Default,Default,DefaultJob,Pattern=.*nation.*&DocumentCount=100000,1,Workload,Result,11,937311219,32,29290975.59,10,1,0,1374914
RegexpQueryBenchmarks.LuceneNet_RegexpQuery,Rowles.LeanCorpus.Benchmarks,RegexpQueryBenchmarks,LuceneNet_RegexpQuery,DefaultJob,Default,Default,Default,Default,Default,Default,Default,Default,Default,Default,Default,Default,Default,Default,Default,Default,Default,Default,Default,Default,Default,Default,Default,Default,Default,Default,Default,Default,Default,Default,Default,Default,Default,Default,Default,Default,Default,Default,Default,Default,Default,DefaultJob,Pattern=.*nation.*&DocumentCount=100000,1,Workload,Result,12,939668706,32,29364647.06,10,1,0,1374914
RegexpQueryBenchmarks.LuceneNet_RegexpQuery,Rowles.LeanCorpus.Benchmarks,RegexpQueryBenchmarks,LuceneNet_RegexpQuery,DefaultJob,Default,Default,Default,Default,Default,Default,Default,Default,Default,Default,Default,Default,Default,Default,Default,Default,Default,Default,Default,Default,Default,Default,Default,Default,Default,Default,Default,Default,Default,Default,Default,Default,Default,Default,Default,Default,Default,Default,Default,Default,Default,DefaultJob,Pattern=.*nation.*&DocumentCount=100000,1,Workload,Result,13,936904583,32,29278268.22,10,1,0,1374914
RegexpQueryBenchmarks.LuceneNet_RegexpQuery,Rowles.LeanCorpus.Benchmarks,RegexpQueryBenchmarks,LuceneNet_RegexpQuery,DefaultJob,Default,Default,Default,Default,Default,Default,Default,Default,Default,Default,Default,Default,Default,Default,Default,Default,Default,Default,Default,Default,Default,Default,Default,Default,Default,Default,Default,Default,Default,Default,Default,Default,Default,Default,Default,Default,Default,Default,Default,Default,Default,DefaultJob,Pattern=.*nation.*&DocumentCount=100000,1,Workload,Result,14,937287423,32,29290231.97,10,1,0,1374914
RegexpQueryBenchmarks.LuceneNet_RegexpQuery,Rowles.LeanCorpus.Benchmarks,RegexpQueryBenchmarks,LuceneNet_RegexpQuery,DefaultJob,Default,Default,Default,Default,Default,Default,Default,Default,Default,Default,Default,Default,Default,Default,Default,Default,Default,Default,Default,Default,Default,Default,Default,Default,Default,Default,Default,Default,Default,Default,Default,Default,Default,Default,Default,Default,Default,Default,Default,Default,Default,DefaultJob,Pattern=.*nation.*&DocumentCount=100000,1,Workload,Result,15,936207424,32,29256482,10,1,0,1374914
RegexpQueryBenchmarks.LeanCorpus_RegexpQuery,Rowles.LeanCorpus.Benchmarks,RegexpQueryBenchmarks,LeanCorpus_RegexpQuery,DefaultJob,Default,Default,Default,Default,Default,Default,Default,Default,Default,Default,Default,Default,Default,Default,Default,Default,Default,Default,Default,Default,Default,Default,Default,Default,Default,Default,Default,Default,Default,Default,Default,Default,Default,Default,Default,Default,Default,Default,Default,Default,Default,DefaultJob,Pattern=gov.*ment&DocumentCount=100000,1,Workload,Jitting,1,78771846,1,78771846,21,0,0,44288
RegexpQueryBenchmarks.LeanCorpus_RegexpQuery,Rowles.LeanCorpus.Benchmarks,RegexpQueryBenchmarks,LeanCorpus_RegexpQuery,DefaultJob,Default,Default,Default,Default,Default,Default,Default,Default,Default,Default,Default,Default,Default,Default,Default,Default,Default,Default,Default,Default,Default,Default,Default,Default,Default,Default,Default,Default,Default,Default,Default,Default,Default,Default,Default,Default,Default,Default,Default,Default,Default,DefaultJob,Pattern=gov.*ment&DocumentCount=100000,1,Workload,Jitting,2,51562597,30,1718753.23,21,0,0,44288
RegexpQueryBenchmarks.LeanCorpus_RegexpQuery,Rowles.LeanCorpus.Benchmarks,RegexpQueryBenchmarks,LeanCorpus_RegexpQuery,DefaultJob,Default,Default,Default,Default,Default,Default,Default,Default,Default,Default,Default,Default,Default,Default,Default,Default,Default,Default,Default,Default,Default,Default,Default,Default,Default,Default,Default,Default,Default,Default,Default,Default,Default,Default,Default,Default,Default,Default,Default,Default,Default,DefaultJob,Pattern=gov.*ment&DocumentCount=100000,1,Workload,Jitting,3,42924843,30,1430828.1,21,0,0,44288
RegexpQueryBenchmarks.LeanCorpus_RegexpQuery,Rowles.LeanCorpus.Benchmarks,RegexpQueryBenchmarks,LeanCorpus_RegexpQuery,DefaultJob,Default,Default,Default,Default,Default,Default,Default,Default,Default,Default,Default,Default,Default,Default,Default,Default,Default,Default,Default,Default,Default,Default,Default,Default,Default,Default,Default,Default,Default,Default,Default,Default,Default,Default,Default,Default,Default,Default,Default,Default,Default,DefaultJob,Pattern=gov.*ment&DocumentCount=100000,1,Workload,Jitting,4,9282102,30,309403.4,21,0,0,44288
RegexpQueryBenchmarks.LeanCorpus_RegexpQuery,Rowles.LeanCorpus.Benchmarks,RegexpQueryBenchmarks,LeanCorpus_RegexpQuery,DefaultJob,Default,Default,Default,Default,Default,Default,Default,Default,Default,Default,Default,Default,Default,Default,Default,Default,Default,Default,Default,Default,Default,Default,Default,Default,Default,Default,Default,Default,Default,Default,Default,Default,Default,Default,Default,Default,Default,Default,Default,Default,Default,DefaultJob,Pattern=gov.*ment&DocumentCount=100000,1,Workload,Jitting,5,626156,1,626156,21,0,0,44288
RegexpQueryBenchmarks.LeanCorpus_RegexpQuery,Rowles.LeanCorpus.Benchmarks,RegexpQueryBenchmarks,LeanCorpus_RegexpQuery,DefaultJob,Default,Default,Default,Default,Default,Default,Default,Default,Default,Default,Default,Default,Default,Default,Default,Default,Default,Default,Default,Default,Default,Default,Default,Default,Default,Default,Default,Default,Default,Default,Default,Default,Default,Default,Default,Default,Default,Default,Default,Default,Default,DefaultJob,Pattern=gov.*ment&DocumentCount=100000,1,Workload,Pilot,1,716502,1,716502,21,0,0,44288
RegexpQueryBenchmarks.LeanCorpus_RegexpQuery,Rowles.LeanCorpus.Benchmarks,RegexpQueryBenchmarks,LeanCorpus_RegexpQuery,DefaultJob,Default,Default,Default,Default,Default,Default,Default,Default,Default,Default,Default,Default,Default,Default,Default,Default,Default,Default,Default,Default,Default,Default,Default,Default,Default,Default,Default,Default,Default,Default,Default,Default,Default,Default,Default,Default,Default,Default,Default,Default,Default,DefaultJob,Pattern=gov.*ment&DocumentCount=100000,1,Workload,Pilot,1,10419236,16,651202.25,21,0,0,44288
RegexpQueryBenchmarks.LeanCorpus_RegexpQuery,Rowles.LeanCorpus.Benchmarks,RegexpQueryBenchmarks,LeanCorpus_RegexpQuery,DefaultJob,Default,Default,Default,Default,Default,Default,Default,Default,Default,Default,Default,Default,Default,Default,Default,Default,Default,Default,Default,Default,Default,Default,Default,Default,Default,Default,Default,Default,Default,Default,Default,Default,Default,Default,Default,Default,Default,Default,Default,Default,Default,DefaultJob,Pattern=gov.*ment&DocumentCount=100000,1,Workload,Pilot,2,18644514,32,582641.06,21,0,0,44288
RegexpQueryBenchmarks.LeanCorpus_RegexpQuery,Rowles.LeanCorpus.Benchmarks,RegexpQueryBenchmarks,LeanCorpus_RegexpQuery,DefaultJob,Default,Default,Default,Default,Default,Default,Default,Default,Default,Default,Default,Default,Default,Default,Default,Default,Default,Default,Default,Default,Default,Default,Default,Default,Default,Default,Default,Default,Default,Default,Default,Default,Default,Default,Default,Default,Default,Default,Default,Default,Default,DefaultJob,Pattern=gov.*ment&DocumentCount=100000,1,Workload,Pilot,3,29702912,64,464108,21,0,0,44288
RegexpQueryBenchmarks.LeanCorpus_RegexpQuery,Rowles.LeanCorpus.Benchmarks,RegexpQueryBenchmarks,LeanCorpus_RegexpQuery,DefaultJob,Default,Default,Default,Default,Default,Default,Default,Default,Default,Default,Default,Default,Default,Default,Default,Default,Default,Default,Default,Default,Default,Default,Default,Default,Default,Default,Default,Default,Default,Default,Default,Default,Default,Default,Default,Default,Default,Default,Default,Default,Default,DefaultJob,Pattern=gov.*ment&DocumentCount=100000,1,Workload,Pilot,4,43834169,128,342454.45,21,0,0,44288
RegexpQueryBenchmarks.LeanCorpus_RegexpQuery,Rowles.LeanCorpus.Benchmarks,RegexpQueryBenchmarks,LeanCorpus_RegexpQuery,DefaultJob,Default,Default,Default,Default,Default,Default,Default,Default,Default,Default,Default,Default,Default,Default,Default,Default,Default,Default,Default,Default,Default,Default,Default,Default,Default,Default,Default,Default,Default,Default,Default,Default,Default,Default,Default,Default,Default,Default,Default,Default,Default,DefaultJob,Pattern=gov.*ment&DocumentCount=100000,1,Workload,Pilot,5,69455664,256,271311.19,21,0,0,44288
RegexpQueryBenchmarks.LeanCorpus_RegexpQuery,Rowles.LeanCorpus.Benchmarks,RegexpQueryBenchmarks,LeanCorpus_RegexpQuery,DefaultJob,Default,Default,Default,Default,Default,Default,Default,Default,Default,Default,Default,Default,Default,Default,Default,Default,Default,Default,Default,Default,Default,Default,Default,Default,Default,Default,Default,Default,Default,Default,Default,Default,Default,Default,Default,Default,Default,Default,Default,Default,Default,DefaultJob,Pattern=gov.*ment&DocumentCount=100000,1,Workload,Pilot,6,136782436,512,267153.2,21,0,0,44288
RegexpQueryBenchmarks.LeanCorpus_RegexpQuery,Rowles.LeanCorpus.Benchmarks,RegexpQueryBenchmarks,LeanCorpus_RegexpQuery,DefaultJob,Default,Default,Default,Default,Default,Default,Default,Default,Default,Default,Default,Default,Default,Default,Default,Default,Default,Default,Default,Default,Default,Default,Default,Default,Default,Default,Default,Default,Default,Default,Default,Default,Default,Default,Default,Default,Default,Default,Default,Default,Default,DefaultJob,Pattern=gov.*ment&DocumentCount=100000,1,Workload,Pilot,7,270356114,1024,264019.64,21,0,0,44288
RegexpQueryBenchmarks.LeanCorpus_RegexpQuery,Rowles.LeanCorpus.Benchmarks,RegexpQueryBenchmarks,LeanCorpus_RegexpQuery,DefaultJob,Default,Default,Default,Default,Default,Default,Default,Default,Default,Default,Default,Default,Default,Default,Default,Default,Default,Default,Default,Default,Default,Default,Default,Default,Default,Default,Default,Default,Default,Default,Default,Default,Default,Default,Default,Default,Default,Default,Default,Default,Default,DefaultJob,Pattern=gov.*ment&DocumentCount=100000,1,Workload,Pilot,8,538231169,2048,262808.19,21,0,0,44288
RegexpQueryBenchmarks.LeanCorpus_RegexpQuery,Rowles.LeanCorpus.Benchmarks,RegexpQueryBenchmarks,LeanCorpus_RegexpQuery,DefaultJob,Default,Default,Default,Default,Default,Default,Default,Default,Default,Default,Default,Default,Default,Default,Default,Default,Default,Default,Default,Default,Default,Default,Default,Default,Default,Default,Default,Default,Default,Default,Default,Default,Default,Default,Default,Default,Default,Default,Default,Default,Default,DefaultJob,Pattern=gov.*ment&DocumentCount=100000,1,Workload,Warmup,1,538767709,2048,263070.17,21,0,0,44288
RegexpQueryBenchmarks.LeanCorpus_RegexpQuery,Rowles.LeanCorpus.Benchmarks,RegexpQueryBenchmarks,LeanCorpus_RegexpQuery,DefaultJob,Default,Default,Default,Default,Default,Default,Default,Default,Default,Default,Default,Default,Default,Default,Default,Default,Default,Default,Default,Default,Default,Default,Default,Default,Default,Default,Default,Default,Default,Default,Default,Default,Default,Default,Default,Default,Default,Default,Default,Default,Default,DefaultJob,Pattern=gov.*ment&DocumentCount=100000,1,Workload,Warmup,2,539269631,2048,263315.25,21,0,0,44288
RegexpQueryBenchmarks.LeanCorpus_RegexpQuery,Rowles.LeanCorpus.Benchmarks,RegexpQueryBenchmarks,LeanCorpus_RegexpQuery,DefaultJob,Default,Default,Default,Default,Default,Default,Default,Default,Default,Default,Default,Default,Default,Default,Default,Default,Default,Default,Default,Default,Default,Default,Default,Default,Default,Default,Default,Default,Default,Default,Default,Default,Default,Default,Default,Default,Default,Default,Default,Default,Default,DefaultJob,Pattern=gov.*ment&DocumentCount=100000,1,Workload,Warmup,3,537764475,2048,262580.31,21,0,0,44288
RegexpQueryBenchmarks.LeanCorpus_RegexpQuery,Rowles.LeanCorpus.Benchmarks,RegexpQueryBenchmarks,LeanCorpus_RegexpQuery,DefaultJob,Default,Default,Default,Default,Default,Default,Default,Default,Default,Default,Default,Default,Default,Default,Default,Default,Default,Default,Default,Default,Default,Default,Default,Default,Default,Default,Default,Default,Default,Default,Default,Default,Default,Default,Default,Default,Default,Default,Default,Default,Default,DefaultJob,Pattern=gov.*ment&DocumentCount=100000,1,Workload,Warmup,4,542052563,2048,264674.1,21,0,0,44288
RegexpQueryBenchmarks.LeanCorpus_RegexpQuery,Rowles.LeanCorpus.Benchmarks,RegexpQueryBenchmarks,LeanCorpus_RegexpQuery,DefaultJob,Default,Default,Default,Default,Default,Default,Default,Default,Default,Default,Default,Default,Default,Default,Default,Default,Default,Default,Default,Default,Default,Default,Default,Default,Default,Default,Default,Default,Default,Default,Default,Default,Default,Default,Default,Default,Default,Default,Default,Default,Default,DefaultJob,Pattern=gov.*ment&DocumentCount=100000,1,Workload,Warmup,5,545468050,2048,266341.82,21,0,0,44288
RegexpQueryBenchmarks.LeanCorpus_RegexpQuery,Rowles.LeanCorpus.Benchmarks,RegexpQueryBenchmarks,LeanCorpus_RegexpQuery,DefaultJob,Default,Default,Default,Default,Default,Default,Default,Default,Default,Default,Default,Default,Default,Default,Default,Default,Default,Default,Default,Default,Default,Default,Default,Default,Default,Default,Default,Default,Default,Default,Default,Default,Default,Default,Default,Default,Default,Default,Default,Default,Default,DefaultJob,Pattern=gov.*ment&DocumentCount=100000,1,Workload,Warmup,6,545443139,2048,266329.66,21,0,0,44288
RegexpQueryBenchmarks.LeanCorpus_RegexpQuery,Rowles.LeanCorpus.Benchmarks,RegexpQueryBenchmarks,LeanCorpus_RegexpQuery,DefaultJob,Default,Default,Default,Default,Default,Default,Default,Default,Default,Default,Default,Default,Default,Default,Default,Default,Default,Default,Default,Default,Default,Default,Default,Default,Default,Default,Default,Default,Default,Default,Default,Default,Default,Default,Default,Default,Default,Default,Default,Default,Default,DefaultJob,Pattern=gov.*ment&DocumentCount=100000,1,Workload,Actual,1,542139952,2048,264716.77,21,0,0,44288
RegexpQueryBenchmarks.LeanCorpus_RegexpQuery,Rowles.LeanCorpus.Benchmarks,RegexpQueryBenchmarks,LeanCorpus_RegexpQuery,DefaultJob,Default,Default,Default,Default,Default,Default,Default,Default,Default,Default,Default,Default,Default,Default,Default,Default,Default,Default,Default,Default,Default,Default,Default,Default,Default,Default,Default,Default,Default,Default,Default,Default,Default,Default,Default,Default,Default,Default,Default,Default,Default,DefaultJob,Pattern=gov.*ment&DocumentCount=100000,1,Workload,Actual,2,545557765,2048,266385.63,21,0,0,44288
RegexpQueryBenchmarks.LeanCorpus_RegexpQuery,Rowles.LeanCorpus.Benchmarks,RegexpQueryBenchmarks,LeanCorpus_RegexpQuery,DefaultJob,Default,Default,Default,Default,Default,Default,Default,Default,Default,Default,Default,Default,Default,Default,Default,Default,Default,Default,Default,Default,Default,Default,Default,Default,Default,Default,Default,Default,Default,Default,Default,Default,Default,Default,Default,Default,Default,Default,Default,Default,Default,DefaultJob,Pattern=gov.*ment&DocumentCount=100000,1,Workload,Actual,3,545586335,2048,266399.58,21,0,0,44288
RegexpQueryBenchmarks.LeanCorpus_RegexpQuery,Rowles.LeanCorpus.Benchmarks,RegexpQueryBenchmarks,LeanCorpus_RegexpQuery,DefaultJob,Default,Default,Default,Default,Default,Default,Default,Default,Default,Default,Default,Default,Default,Default,Default,Default,Default,Default,Default,Default,Default,Default,Default,Default,Default,Default,Default,Default,Default,Default,Default,Default,Default,Default,Default,Default,Default,Default,Default,Default,Default,DefaultJob,Pattern=gov.*ment&DocumentCount=100000,1,Workload,Actual,4,536673875,2048,262047.79,21,0,0,44288
RegexpQueryBenchmarks.LeanCorpus_RegexpQuery,Rowles.LeanCorpus.Benchmarks,RegexpQueryBenchmarks,LeanCorpus_RegexpQuery,DefaultJob,Default,Default,Default,Default,Default,Default,Default,Default,Default,Default,Default,Default,Default,Default,Default,Default,Default,Default,Default,Default,Default,Default,Default,Default,Default,Default,Default,Default,Default,Default,Default,Default,Default,Default,Default,Default,Default,Default,Default,Default,Default,DefaultJob,Pattern=gov.*ment&DocumentCount=100000,1,Workload,Actual,5,539158012,2048,263260.75,21,0,0,44288
RegexpQueryBenchmarks.LeanCorpus_RegexpQuery,Rowles.LeanCorpus.Benchmarks,RegexpQueryBenchmarks,LeanCorpus_RegexpQuery,DefaultJob,Default,Default,Default,Default,Default,Default,Default,Default,Default,Default,Default,Default,Default,Default,Default,Default,Default,Default,Default,Default,Default,Default,Default,Default,Default,Default,Default,Default,Default,Default,Default,Default,Default,Default,Default,Default,Default,Default,Default,Default,Default,DefaultJob,Pattern=gov.*ment&DocumentCount=100000,1,Workload,Actual,6,539835382,2048,263591.5,21,0,0,44288
RegexpQueryBenchmarks.LeanCorpus_RegexpQuery,Rowles.LeanCorpus.Benchmarks,RegexpQueryBenchmarks,LeanCorpus_RegexpQuery,DefaultJob,Default,Default,Default,Default,Default,Default,Default,Default,Default,Default,Default,Default,Default,Default,Default,Default,Default,Default,Default,Default,Default,Default,Default,Default,Default,Default,Default,Default,Default,Default,Default,Default,Default,Default,Default,Default,Default,Default,Default,Default,Default,DefaultJob,Pattern=gov.*ment&DocumentCount=100000,1,Workload,Actual,7,540767683,2048,264046.72,21,0,0,44288
RegexpQueryBenchmarks.LeanCorpus_RegexpQuery,Rowles.LeanCorpus.Benchmarks,RegexpQueryBenchmarks,LeanCorpus_RegexpQuery,DefaultJob,Default,Default,Default,Default,Default,Default,Default,Default,Default,Default,Default,Default,Default,Default,Default,Default,Default,Default,Default,Default,Default,Default,Default,Default,Default,Default,Default,Default,Default,Default,Default,Default,Default,Default,Default,Default,Default,Default,Default,Default,Default,DefaultJob,Pattern=gov.*ment&DocumentCount=100000,1,Workload,Actual,8,544523406,2048,265880.57,21,0,0,44288
RegexpQueryBenchmarks.LeanCorpus_RegexpQuery,Rowles.LeanCorpus.Benchmarks,RegexpQueryBenchmarks,LeanCorpus_RegexpQuery,DefaultJob,Default,Default,Default,Default,Default,Default,Default,Default,Default,Default,Default,Default,Default,Default,Default,Default,Default,Default,Default,Default,Default,Default,Default,Default,Default,Default,Default,Default,Default,Default,Default,Default,Default,Default,Default,Default,Default,Default,Default,Default,Default,DefaultJob,Pattern=gov.*ment&DocumentCount=100000,1,Workload,Actual,9,544669796,2048,265952.05,21,0,0,44288
RegexpQueryBenchmarks.LeanCorpus_RegexpQuery,Rowles.LeanCorpus.Benchmarks,RegexpQueryBenchmarks,LeanCorpus_RegexpQuery,DefaultJob,Default,Default,Default,Default,Default,Default,Default,Default,Default,Default,Default,Default,Default,Default,Default,Default,Default,Default,Default,Default,Default,Default,Default,Default,Default,Default,Default,Default,Default,Default,Default,Default,Default,Default,Default,Default,Default,Default,Default,Default,Default,DefaultJob,Pattern=gov.*ment&DocumentCount=100000,1,Workload,Actual,10,545099437,2048,266161.83,21,0,0,44288
RegexpQueryBenchmarks.LeanCorpus_RegexpQuery,Rowles.LeanCorpus.Benchmarks,RegexpQueryBenchmarks,LeanCorpus_RegexpQuery,DefaultJob,Default,Default,Default,Default,Default,Default,Default,Default,Default,Default,Default,Default,Default,Default,Default,Default,Default,Default,Default,Default,Default,Default,Default,Default,Default,Default,Default,Default,Default,Default,Default,Default,Default,Default,Default,Default,Default,Default,Default,Default,Default,DefaultJob,Pattern=gov.*ment&DocumentCount=100000,1,Workload,Actual,11,541051859,2048,264185.48,21,0,0,44288
RegexpQueryBenchmarks.LeanCorpus_RegexpQuery,Rowles.LeanCorpus.Benchmarks,RegexpQueryBenchmarks,LeanCorpus_RegexpQuery,DefaultJob,Default,Default,Default,Default,Default,Default,Default,Default,Default,Default,Default,Default,Default,Default,Default,Default,Default,Default,Default,Default,Default,Default,Default,Default,Default,Default,Default,Default,Default,Default,Default,Default,Default,Default,Default,Default,Default,Default,Default,Default,Default,DefaultJob,Pattern=gov.*ment&DocumentCount=100000,1,Workload,Actual,12,542026022,2048,264661.14,21,0,0,44288
RegexpQueryBenchmarks.LeanCorpus_RegexpQuery,Rowles.LeanCorpus.Benchmarks,RegexpQueryBenchmarks,LeanCorpus_RegexpQuery,DefaultJob,Default,Default,Default,Default,Default,Default,Default,Default,Default,Default,Default,Default,Default,Default,Default,Default,Default,Default,Default,Default,Default,Default,Default,Default,Default,Default,Default,Default,Default,Default,Default,Default,Default,Default,Default,Default,Default,Default,Default,Default,Default,DefaultJob,Pattern=gov.*ment&DocumentCount=100000,1,Workload,Actual,13,542106331,2048,264700.36,21,0,0,44288
RegexpQueryBenchmarks.LeanCorpus_RegexpQuery,Rowles.LeanCorpus.Benchmarks,RegexpQueryBenchmarks,LeanCorpus_RegexpQuery,DefaultJob,Default,Default,Default,Default,Default,Default,Default,Default,Default,Default,Default,Default,Default,Default,Default,Default,Default,Default,Default,Default,Default,Default,Default,Default,Default,Default,Default,Default,Default,Default,Default,Default,Default,Default,Default,Default,Default,Default,Default,Default,Default,DefaultJob,Pattern=gov.*ment&DocumentCount=100000,1,Workload,Actual,14,540602719,2048,263966.17,21,0,0,44288
RegexpQueryBenchmarks.LeanCorpus_RegexpQuery,Rowles.LeanCorpus.Benchmarks,RegexpQueryBenchmarks,LeanCorpus_RegexpQuery,DefaultJob,Default,Default,Default,Default,Default,Default,Default,Default,Default,Default,Default,Default,Default,Default,Default,Default,Default,Default,Default,Default,Default,Default,Default,Default,Default,Default,Default,Default,Default,Default,Default,Default,Default,Default,Default,Default,Default,Default,Default,Default,Default,DefaultJob,Pattern=gov.*ment&DocumentCount=100000,1,Workload,Actual,15,543680848,2048,265469.16,21,0,0,44288
RegexpQueryBenchmarks.LeanCorpus_RegexpQuery,Rowles.LeanCorpus.Benchmarks,RegexpQueryBenchmarks,LeanCorpus_RegexpQuery,DefaultJob,Default,Default,Default,Default,Default,Default,Default,Default,Default,Default,Default,Default,Default,Default,Default,Default,Default,Default,Default,Default,Default,Default,Default,Default,Default,Default,Default,Default,Default,Default,Default,Default,Default,Default,Default,Default,Default,Default,Default,Default,Default,DefaultJob,Pattern=gov.*ment&DocumentCount=100000,1,Workload,Extra,1,544706152,2048,265969.8,21,0,0,44288
RegexpQueryBenchmarks.LeanCorpus_RegexpQuery,Rowles.LeanCorpus.Benchmarks,RegexpQueryBenchmarks,LeanCorpus_RegexpQuery,DefaultJob,Default,Default,Default,Default,Default,Default,Default,Default,Default,Default,Default,Default,Default,Default,Default,Default,Default,Default,Default,Default,Default,Default,Default,Default,Default,Default,Default,Default,Default,Default,Default,Default,Default,Default,Default,Default,Default,Default,Default,Default,Default,DefaultJob,Pattern=gov.*ment&DocumentCount=100000,1,Workload,Result,1,542139952,2048,264716.77,21,0,0,44288
RegexpQueryBenchmarks.LeanCorpus_RegexpQuery,Rowles.LeanCorpus.Benchmarks,RegexpQueryBenchmarks,LeanCorpus_RegexpQuery,DefaultJob,Default,Default,Default,Default,Default,Default,Default,Default,Default,Default,Default,Default,Default,Default,Default,Default,Default,Default,Default,Default,Default,Default,Default,Default,Default,Default,Default,Default,Default,Default,Default,Default,Default,Default,Default,Default,Default,Default,Default,Default,Default,DefaultJob,Pattern=gov.*ment&DocumentCount=100000,1,Workload,Result,2,545557765,2048,266385.63,21,0,0,44288
RegexpQueryBenchmarks.LeanCorpus_RegexpQuery,Rowles.LeanCorpus.Benchmarks,RegexpQueryBenchmarks,LeanCorpus_RegexpQuery,DefaultJob,Default,Default,Default,Default,Default,Default,Default,Default,Default,Default,Default,Default,Default,Default,Default,Default,Default,Default,Default,Default,Default,Default,Default,Default,Default,Default,Default,Default,Default,Default,Default,Default,Default,Default,Default,Default,Default,Default,Default,Default,Default,DefaultJob,Pattern=gov.*ment&DocumentCount=100000,1,Workload,Result,3,545586335,2048,266399.58,21,0,0,44288
RegexpQueryBenchmarks.LeanCorpus_RegexpQuery,Rowles.LeanCorpus.Benchmarks,RegexpQueryBenchmarks,LeanCorpus_RegexpQuery,DefaultJob,Default,Default,Default,Default,Default,Default,Default,Default,Default,Default,Default,Default,Default,Default,Default,Default,Default,Default,Default,Default,Default,Default,Default,Default,Default,Default,Default,Default,Default,Default,Default,Default,Default,Default,Default,Default,Default,Default,Default,Default,Default,DefaultJob,Pattern=gov.*ment&DocumentCount=100000,1,Workload,Result,4,536673875,2048,262047.79,21,0,0,44288
RegexpQueryBenchmarks.LeanCorpus_RegexpQuery,Rowles.LeanCorpus.Benchmarks,RegexpQueryBenchmarks,LeanCorpus_RegexpQuery,DefaultJob,Default,Default,Default,Default,Default,Default,Default,Default,Default,Default,Default,Default,Default,Default,Default,Default,Default,Default,Default,Default,Default,Default,Default,Default,Default,Default,Default,Default,Default,Default,Default,Default,Default,Default,Default,Default,Default,Default,Default,Default,Default,DefaultJob,Pattern=gov.*ment&DocumentCount=100000,1,Workload,Result,5,539158012,2048,263260.75,21,0,0,44288
RegexpQueryBenchmarks.LeanCorpus_RegexpQuery,Rowles.LeanCorpus.Benchmarks,RegexpQueryBenchmarks,LeanCorpus_RegexpQuery,DefaultJob,Default,Default,Default,Default,Default,Default,Default,Default,Default,Default,Default,Default,Default,Default,Default,Default,Default,Default,Default,Default,Default,Default,Default,Default,Default,Default,Default,Default,Default,Default,Default,Default,Default,Default,Default,Default,Default,Default,Default,Default,Default,DefaultJob,Pattern=gov.*ment&DocumentCount=100000,1,Workload,Result,6,539835382,2048,263591.5,21,0,0,44288
RegexpQueryBenchmarks.LeanCorpus_RegexpQuery,Rowles.LeanCorpus.Benchmarks,RegexpQueryBenchmarks,LeanCorpus_RegexpQuery,DefaultJob,Default,Default,Default,Default,Default,Default,Default,Default,Default,Default,Default,Default,Default,Default,Default,Default,Default,Default,Default,Default,Default,Default,Default,Default,Default,Default,Default,Default,Default,Default,Default,Default,Default,Default,Default,Default,Default,Default,Default,Default,Default,DefaultJob,Pattern=gov.*ment&DocumentCount=100000,1,Workload,Result,7,540767683,2048,264046.72,21,0,0,44288
RegexpQueryBenchmarks.LeanCorpus_RegexpQuery,Rowles.LeanCorpus.Benchmarks,RegexpQueryBenchmarks,LeanCorpus_RegexpQuery,DefaultJob,Default,Default,Default,Default,Default,Default,Default,Default,Default,Default,Default,Default,Default,Default,Default,Default,Default,Default,Default,Default,Default,Default,Default,Default,Default,Default,Default,Default,Default,Default,Default,Default,Default,Default,Default,Default,Default,Default,Default,Default,Default,DefaultJob,Pattern=gov.*ment&DocumentCount=100000,1,Workload,Result,8,544523406,2048,265880.57,21,0,0,44288
RegexpQueryBenchmarks.LeanCorpus_RegexpQuery,Rowles.LeanCorpus.Benchmarks,RegexpQueryBenchmarks,LeanCorpus_RegexpQuery,DefaultJob,Default,Default,Default,Default,Default,Default,Default,Default,Default,Default,Default,Default,Default,Default,Default,Default,Default,Default,Default,Default,Default,Default,Default,Default,Default,Default,Default,Default,Default,Default,Default,Default,Default,Default,Default,Default,Default,Default,Default,Default,Default,DefaultJob,Pattern=gov.*ment&DocumentCount=100000,1,Workload,Result,9,544669796,2048,265952.05,21,0,0,44288
RegexpQueryBenchmarks.LeanCorpus_RegexpQuery,Rowles.LeanCorpus.Benchmarks,RegexpQueryBenchmarks,LeanCorpus_RegexpQuery,DefaultJob,Default,Default,Default,Default,Default,Default,Default,Default,Default,Default,Default,Default,Default,Default,Default,Default,Default,Default,Default,Default,Default,Default,Default,Default,Default,Default,Default,Default,Default,Default,Default,Default,Default,Default,Default,Default,Default,Default,Default,Default,Default,DefaultJob,Pattern=gov.*ment&DocumentCount=100000,1,Workload,Result,10,545099437,2048,266161.83,21,0,0,44288
RegexpQueryBenchmarks.LeanCorpus_RegexpQuery,Rowles.LeanCorpus.Benchmarks,RegexpQueryBenchmarks,LeanCorpus_RegexpQuery,DefaultJob,Default,Default,Default,Default,Default,Default,Default,Default,Default,Default,Default,Default,Default,Default,Default,Default,Default,Default,Default,Default,Default,Default,Default,Default,Default,Default,Default,Default,Default,Default,Default,Default,Default,Default,Default,Default,Default,Default,Default,Default,Default,DefaultJob,Pattern=gov.*ment&DocumentCount=100000,1,Workload,Result,11,541051859,2048,264185.48,21,0,0,44288
RegexpQueryBenchmarks.LeanCorpus_RegexpQuery,Rowles.LeanCorpus.Benchmarks,RegexpQueryBenchmarks,LeanCorpus_RegexpQuery,DefaultJob,Default,Default,Default,Default,Default,Default,Default,Default,Default,Default,Default,Default,Default,Default,Default,Default,Default,Default,Default,Default,Default,Default,Default,Default,Default,Default,Default,Default,Default,Default,Default,Default,Default,Default,Default,Default,Default,Default,Default,Default,Default,DefaultJob,Pattern=gov.*ment&DocumentCount=100000,1,Workload,Result,12,542026022,2048,264661.14,21,0,0,44288
RegexpQueryBenchmarks.LeanCorpus_RegexpQuery,Rowles.LeanCorpus.Benchmarks,RegexpQueryBenchmarks,LeanCorpus_RegexpQuery,DefaultJob,Default,Default,Default,Default,Default,Default,Default,Default,Default,Default,Default,Default,Default,Default,Default,Default,Default,Default,Default,Default,Default,Default,Default,Default,Default,Default,Default,Default,Default,Default,Default,Default,Default,Default,Default,Default,Default,Default,Default,Default,Default,DefaultJob,Pattern=gov.*ment&DocumentCount=100000,1,Workload,Result,13,542106331,2048,264700.36,21,0,0,44288
RegexpQueryBenchmarks.LeanCorpus_RegexpQuery,Rowles.LeanCorpus.Benchmarks,RegexpQueryBenchmarks,LeanCorpus_RegexpQuery,DefaultJob,Default,Default,Default,Default,Default,Default,Default,Default,Default,Default,Default,Default,Default,Default,Default,Default,Default,Default,Default,Default,Default,Default,Default,Default,Default,Default,Default,Default,Default,Default,Default,Default,Default,Default,Default,Default,Default,Default,Default,Default,Default,DefaultJob,Pattern=gov.*ment&DocumentCount=100000,1,Workload,Result,14,540602719,2048,263966.17,21,0,0,44288
RegexpQueryBenchmarks.LeanCorpus_RegexpQuery,Rowles.LeanCorpus.Benchmarks,RegexpQueryBenchmarks,LeanCorpus_RegexpQuery,DefaultJob,Default,Default,Default,Default,Default,Default,Default,Default,Default,Default,Default,Default,Default,Default,Default,Default,Default,Default,Default,Default,Default,Default,Default,Default,Default,Default,Default,Default,Default,Default,Default,Default,Default,Default,Default,Default,Default,Default,Default,Default,Default,DefaultJob,Pattern=gov.*ment&DocumentCount=100000,1,Workload,Result,15,543680848,2048,265469.16,21,0,0,44288
RegexpQueryBenchmarks.LuceneNet_RegexpQuery,Rowles.LeanCorpus.Benchmarks,RegexpQueryBenchmarks,LuceneNet_RegexpQuery,DefaultJob,Default,Default,Default,Default,Default,Default,Default,Default,Default,Default,Default,Default,Default,Default,Default,Default,Default,Default,Default,Default,Default,Default,Default,Default,Default,Default,Default,Default,Default,Default,Default,Default,Default,Default,Default,Default,Default,Default,Default,Default,Default,DefaultJob,Pattern=gov.*ment&DocumentCount=100000,1,Workload,Jitting,1,82102977,1,82102977,184,2,0,377969
RegexpQueryBenchmarks.LuceneNet_RegexpQuery,Rowles.LeanCorpus.Benchmarks,RegexpQueryBenchmarks,LuceneNet_RegexpQuery,DefaultJob,Default,Default,Default,Default,Default,Default,Default,Default,Default,Default,Default,Default,Default,Default,Default,Default,Default,Default,Default,Default,Default,Default,Default,Default,Default,Default,Default,Default,Default,Default,Default,Default,Default,Default,Default,Default,Default,Default,Default,Default,Default,DefaultJob,Pattern=gov.*ment&DocumentCount=100000,1,Workload,Jitting,2,221999046,30,7399968.2,184,2,0,377969
RegexpQueryBenchmarks.LuceneNet_RegexpQuery,Rowles.LeanCorpus.Benchmarks,RegexpQueryBenchmarks,LuceneNet_RegexpQuery,DefaultJob,Default,Default,Default,Default,Default,Default,Default,Default,Default,Default,Default,Default,Default,Default,Default,Default,Default,Default,Default,Default,Default,Default,Default,Default,Default,Default,Default,Default,Default,Default,Default,Default,Default,Default,Default,Default,Default,Default,Default,Default,Default,DefaultJob,Pattern=gov.*ment&DocumentCount=100000,1,Workload,Jitting,3,45752528,30,1525084.27,184,2,0,377969
RegexpQueryBenchmarks.LuceneNet_RegexpQuery,Rowles.LeanCorpus.Benchmarks,RegexpQueryBenchmarks,LuceneNet_RegexpQuery,DefaultJob,Default,Default,Default,Default,Default,Default,Default,Default,Default,Default,Default,Default,Default,Default,Default,Default,Default,Default,Default,Default,Default,Default,Default,Default,Default,Default,Default,Default,Default,Default,Default,Default,Default,Default,Default,Default,Default,Default,Default,Default,Default,DefaultJob,Pattern=gov.*ment&DocumentCount=100000,1,Workload,Jitting,4,18834133,30,627804.43,184,2,0,377969
RegexpQueryBenchmarks.LuceneNet_RegexpQuery,Rowles.LeanCorpus.Benchmarks,RegexpQueryBenchmarks,LuceneNet_RegexpQuery,DefaultJob,Default,Default,Default,Default,Default,Default,Default,Default,Default,Default,Default,Default,Default,Default,Default,Default,Default,Default,Default,Default,Default,Default,Default,Default,Default,Default,Default,Default,Default,Default,Default,Default,Default,Default,Default,Default,Default,Default,Default,Default,Default,DefaultJob,Pattern=gov.*ment&DocumentCount=100000,1,Workload,Jitting,5,548409,1,548409,184,2,0,377969
RegexpQueryBenchmarks.LuceneNet_RegexpQuery,Rowles.LeanCorpus.Benchmarks,RegexpQueryBenchmarks,LuceneNet_RegexpQuery,DefaultJob,Default,Default,Default,Default,Default,Default,Default,Default,Default,Default,Default,Default,Default,Default,Default,Default,Default,Default,Default,Default,Default,Default,Default,Default,Default,Default,Default,Default,Default,Default,Default,Default,Default,Default,Default,Default,Default,Default,Default,Default,Default,DefaultJob,Pattern=gov.*ment&DocumentCount=100000,1,Workload,Pilot,1,530460,1,530460,184,2,0,377969
RegexpQueryBenchmarks.LuceneNet_RegexpQuery,Rowles.LeanCorpus.Benchmarks,RegexpQueryBenchmarks,LuceneNet_RegexpQuery,DefaultJob,Default,Default,Default,Default,Default,Default,Default,Default,Default,Default,Default,Default,Default,Default,Default,Default,Default,Default,Default,Default,Default,Default,Default,Default,Default,Default,Default,Default,Default,Default,Default,Default,Default,Default,Default,Default,Default,Default,Default,Default,Default,DefaultJob,Pattern=gov.*ment&DocumentCount=100000,1,Workload,Pilot,1,6808700,16,425543.75,184,2,0,377969
RegexpQueryBenchmarks.LuceneNet_RegexpQuery,Rowles.LeanCorpus.Benchmarks,RegexpQueryBenchmarks,LuceneNet_RegexpQuery,DefaultJob,Default,Default,Default,Default,Default,Default,Default,Default,Default,Default,Default,Default,Default,Default,Default,Default,Default,Default,Default,Default,Default,Default,Default,Default,Default,Default,Default,Default,Default,Default,Default,Default,Default,Default,Default,Default,Default,Default,Default,Default,Default,DefaultJob,Pattern=gov.*ment&DocumentCount=100000,1,Workload,Pilot,2,16294399,32,509199.97,184,2,0,377969
RegexpQueryBenchmarks.LuceneNet_RegexpQuery,Rowles.LeanCorpus.Benchmarks,RegexpQueryBenchmarks,LuceneNet_RegexpQuery,DefaultJob,Default,Default,Default,Default,Default,Default,Default,Default,Default,Default,Default,Default,Default,Default,Default,Default,Default,Default,Default,Default,Default,Default,Default,Default,Default,Default,Default,Default,Default,Default,Default,Default,Default,Default,Default,Default,Default,Default,Default,Default,Default,DefaultJob,Pattern=gov.*ment&DocumentCount=100000,1,Workload,Pilot,3,29067237,64,454175.58,184,2,0,377969
RegexpQueryBenchmarks.LuceneNet_RegexpQuery,Rowles.LeanCorpus.Benchmarks,RegexpQueryBenchmarks,LuceneNet_RegexpQuery,DefaultJob,Default,Default,Default,Default,Default,Default,Default,Default,Default,Default,Default,Default,Default,Default,Default,Default,Default,Default,Default,Default,Default,Default,Default,Default,Default,Default,Default,Default,Default,Default,Default,Default,Default,Default,Default,Default,Default,Default,Default,Default,Default,DefaultJob,Pattern=gov.*ment&DocumentCount=100000,1,Workload,Pilot,4,53248313,128,416002.45,184,2,0,377969
RegexpQueryBenchmarks.LuceneNet_RegexpQuery,Rowles.LeanCorpus.Benchmarks,RegexpQueryBenchmarks,LuceneNet_RegexpQuery,DefaultJob,Default,Default,Default,Default,Default,Default,Default,Default,Default,Default,Default,Default,Default,Default,Default,Default,Default,Default,Default,Default,Default,Default,Default,Default,Default,Default,Default,Default,Default,Default,Default,Default,Default,Default,Default,Default,Default,Default,Default,Default,Default,DefaultJob,Pattern=gov.*ment&DocumentCount=100000,1,Workload,Pilot,5,105972763,256,413956.11,184,2,0,377969
RegexpQueryBenchmarks.LuceneNet_RegexpQuery,Rowles.LeanCorpus.Benchmarks,RegexpQueryBenchmarks,LuceneNet_RegexpQuery,DefaultJob,Default,Default,Default,Default,Default,Default,Default,Default,Default,Default,Default,Default,Default,Default,Default,Default,Default,Default,Default,Default,Default,Default,Default,Default,Default,Default,Default,Default,Default,Default,Default,Default,Default,Default,Default,Default,Default,Default,Default,Default,Default,DefaultJob,Pattern=gov.*ment&DocumentCount=100000,1,Workload,Pilot,6,211700778,512,413478.08,184,2,0,377969
RegexpQueryBenchmarks.LuceneNet_RegexpQuery,Rowles.LeanCorpus.Benchmarks,RegexpQueryBenchmarks,LuceneNet_RegexpQuery,DefaultJob,Default,Default,Default,Default,Default,Default,Default,Default,Default,Default,Default,Default,Default,Default,Default,Default,Default,Default,Default,Default,Default,Default,Default,Default,Default,Default,Default,Default,Default,Default,Default,Default,Default,Default,Default,Default,Default,Default,Default,Default,Default,DefaultJob,Pattern=gov.*ment&DocumentCount=100000,1,Workload,Pilot,7,429845152,1024,419770.66,184,2,0,377969
RegexpQueryBenchmarks.LuceneNet_RegexpQuery,Rowles.LeanCorpus.Benchmarks,RegexpQueryBenchmarks,LuceneNet_RegexpQuery,DefaultJob,Default,Default,Default,Default,Default,Default,Default,Default,Default,Default,Default,Default,Default,Default,Default,Default,Default,Default,Default,Default,Default,Default,Default,Default,Default,Default,Default,Default,Default,Default,Default,Default,Default,Default,Default,Default,Default,Default,Default,Default,Default,DefaultJob,Pattern=gov.*ment&DocumentCount=100000,1,Workload,Pilot,8,884677831,2048,431971.6,184,2,0,377969
RegexpQueryBenchmarks.LuceneNet_RegexpQuery,Rowles.LeanCorpus.Benchmarks,RegexpQueryBenchmarks,LuceneNet_RegexpQuery,DefaultJob,Default,Default,Default,Default,Default,Default,Default,Default,Default,Default,Default,Default,Default,Default,Default,Default,Default,Default,Default,Default,Default,Default,Default,Default,Default,Default,Default,Default,Default,Default,Default,Default,Default,Default,Default,Default,Default,Default,Default,Default,Default,DefaultJob,Pattern=gov.*ment&DocumentCount=100000,1,Workload,Warmup,1,870956116,2048,425271.54,184,2,0,377969
RegexpQueryBenchmarks.LuceneNet_RegexpQuery,Rowles.LeanCorpus.Benchmarks,RegexpQueryBenchmarks,LuceneNet_RegexpQuery,DefaultJob,Default,Default,Default,Default,Default,Default,Default,Default,Default,Default,Default,Default,Default,Default,Default,Default,Default,Default,Default,Default,Default,Default,Default,Default,Default,Default,Default,Default,Default,Default,Default,Default,Default,Default,Default,Default,Default,Default,Default,Default,Default,DefaultJob,Pattern=gov.*ment&DocumentCount=100000,1,Workload,Warmup,2,877991858,2048,428706.96,184,2,0,377969
RegexpQueryBenchmarks.LuceneNet_RegexpQuery,Rowles.LeanCorpus.Benchmarks,RegexpQueryBenchmarks,LuceneNet_RegexpQuery,DefaultJob,Default,Default,Default,Default,Default,Default,Default,Default,Default,Default,Default,Default,Default,Default,Default,Default,Default,Default,Default,Default,Default,Default,Default,Default,Default,Default,Default,Default,Default,Default,Default,Default,Default,Default,Default,Default,Default,Default,Default,Default,Default,DefaultJob,Pattern=gov.*ment&DocumentCount=100000,1,Workload,Warmup,3,876935237,2048,428191.03,184,2,0,377969
RegexpQueryBenchmarks.LuceneNet_RegexpQuery,Rowles.LeanCorpus.Benchmarks,RegexpQueryBenchmarks,LuceneNet_RegexpQuery,DefaultJob,Default,Default,Default,Default,Default,Default,Default,Default,Default,Default,Default,Default,Default,Default,Default,Default,Default,Default,Default,Default,Default,Default,Default,Default,Default,Default,Default,Default,Default,Default,Default,Default,Default,Default,Default,Default,Default,Default,Default,Default,Default,DefaultJob,Pattern=gov.*ment&DocumentCount=100000,1,Workload,Warmup,4,886655299,2048,432937.16,184,2,0,377969
RegexpQueryBenchmarks.LuceneNet_RegexpQuery,Rowles.LeanCorpus.Benchmarks,RegexpQueryBenchmarks,LuceneNet_RegexpQuery,DefaultJob,Default,Default,Default,Default,Default,Default,Default,Default,Default,Default,Default,Default,Default,Default,Default,Default,Default,Default,Default,Default,Default,Default,Default,Default,Default,Default,Default,Default,Default,Default,Default,Default,Default,Default,Default,Default,Default,Default,Default,Default,Default,DefaultJob,Pattern=gov.*ment&DocumentCount=100000,1,Workload,Warmup,5,876780808,2048,428115.63,184,2,0,377969
RegexpQueryBenchmarks.LuceneNet_RegexpQuery,Rowles.LeanCorpus.Benchmarks,RegexpQueryBenchmarks,LuceneNet_RegexpQuery,DefaultJob,Default,Default,Default,Default,Default,Default,Default,Default,Default,Default,Default,Default,Default,Default,Default,Default,Default,Default,Default,Default,Default,Default,Default,Default,Default,Default,Default,Default,Default,Default,Default,Default,Default,Default,Default,Default,Default,Default,Default,Default,Default,DefaultJob,Pattern=gov.*ment&DocumentCount=100000,1,Workload,Warmup,6,887413857,2048,433307.55,184,2,0,377969
RegexpQueryBenchmarks.LuceneNet_RegexpQuery,Rowles.LeanCorpus.Benchmarks,RegexpQueryBenchmarks,LuceneNet_RegexpQuery,DefaultJob,Default,Default,Default,Default,Default,Default,Default,Default,Default,Default,Default,Default,Default,Default,Default,Default,Default,Default,Default,Default,Default,Default,Default,Default,Default,Default,Default,Default,Default,Default,Default,Default,Default,Default,Default,Default,Default,Default,Default,Default,Default,DefaultJob,Pattern=gov.*ment&DocumentCount=100000,1,Workload,Actual,1,883294163,2048,431295.98,184,2,0,377969
RegexpQueryBenchmarks.LuceneNet_RegexpQuery,Rowles.LeanCorpus.Benchmarks,RegexpQueryBenchmarks,LuceneNet_RegexpQuery,DefaultJob,Default,Default,Default,Default,Default,Default,Default,Default,Default,Default,Default,Default,Default,Default,Default,Default,Default,Default,Default,Default,Default,Default,Default,Default,Default,Default,Default,Default,Default,Default,Default,Default,Default,Default,Default,Default,Default,Default,Default,Default,Default,DefaultJob,Pattern=gov.*ment&DocumentCount=100000,1,Workload,Actual,2,860998328,2048,420409.34,184,2,0,377969
RegexpQueryBenchmarks.LuceneNet_RegexpQuery,Rowles.LeanCorpus.Benchmarks,RegexpQueryBenchmarks,LuceneNet_RegexpQuery,DefaultJob,Default,Default,Default,Default,Default,Default,Default,Default,Default,Default,Default,Default,Default,Default,Default,Default,Default,Default,Default,Default,Default,Default,Default,Default,Default,Default,Default,Default,Default,Default,Default,Default,Default,Default,Default,Default,Default,Default,Default,Default,Default,DefaultJob,Pattern=gov.*ment&DocumentCount=100000,1,Workload,Actual,3,876327954,2048,427894.51,184,2,0,377969
RegexpQueryBenchmarks.LuceneNet_RegexpQuery,Rowles.LeanCorpus.Benchmarks,RegexpQueryBenchmarks,LuceneNet_RegexpQuery,DefaultJob,Default,Default,Default,Default,Default,Default,Default,Default,Default,Default,Default,Default,Default,Default,Default,Default,Default,Default,Default,Default,Default,Default,Default,Default,Default,Default,Default,Default,Default,Default,Default,Default,Default,Default,Default,Default,Default,Default,Default,Default,Default,DefaultJob,Pattern=gov.*ment&DocumentCount=100000,1,Workload,Actual,4,881450458,2048,430395.73,184,2,0,377969
RegexpQueryBenchmarks.LuceneNet_RegexpQuery,Rowles.LeanCorpus.Benchmarks,RegexpQueryBenchmarks,LuceneNet_RegexpQuery,DefaultJob,Default,Default,Default,Default,Default,Default,Default,Default,Default,Default,Default,Default,Default,Default,Default,Default,Default,Default,Default,Default,Default,Default,Default,Default,Default,Default,Default,Default,Default,Default,Default,Default,Default,Default,Default,Default,Default,Default,Default,Default,Default,DefaultJob,Pattern=gov.*ment&DocumentCount=100000,1,Workload,Actual,5,868449072,2048,424047.4,184,2,0,377969
RegexpQueryBenchmarks.LuceneNet_RegexpQuery,Rowles.LeanCorpus.Benchmarks,RegexpQueryBenchmarks,LuceneNet_RegexpQuery,DefaultJob,Default,Default,Default,Default,Default,Default,Default,Default,Default,Default,Default,Default,Default,Default,Default,Default,Default,Default,Default,Default,Default,Default,Default,Default,Default,Default,Default,Default,Default,Default,Default,Default,Default,Default,Default,Default,Default,Default,Default,Default,Default,DefaultJob,Pattern=gov.*ment&DocumentCount=100000,1,Workload,Actual,6,883213623,2048,431256.65,184,2,0,377969
RegexpQueryBenchmarks.LuceneNet_RegexpQuery,Rowles.LeanCorpus.Benchmarks,RegexpQueryBenchmarks,LuceneNet_RegexpQuery,DefaultJob,Default,Default,Default,Default,Default,Default,Default,Default,Default,Default,Default,Default,Default,Default,Default,Default,Default,Default,Default,Default,Default,Default,Default,Default,Default,Default,Default,Default,Default,Default,Default,Default,Default,Default,Default,Default,Default,Default,Default,Default,Default,DefaultJob,Pattern=gov.*ment&DocumentCount=100000,1,Workload,Actual,7,864234196,2048,421989.35,184,2,0,377969
RegexpQueryBenchmarks.LuceneNet_RegexpQuery,Rowles.LeanCorpus.Benchmarks,RegexpQueryBenchmarks,LuceneNet_RegexpQuery,DefaultJob,Default,Default,Default,Default,Default,Default,Default,Default,Default,Default,Default,Default,Default,Default,Default,Default,Default,Default,Default,Default,Default,Default,Default,Default,Default,Default,Default,Default,Default,Default,Default,Default,Default,Default,Default,Default,Default,Default,Default,Default,Default,DefaultJob,Pattern=gov.*ment&DocumentCount=100000,1,Workload,Actual,8,882498824,2048,430907.63,184,2,0,377969
RegexpQueryBenchmarks.LuceneNet_RegexpQuery,Rowles.LeanCorpus.Benchmarks,RegexpQueryBenchmarks,LuceneNet_RegexpQuery,DefaultJob,Default,Default,Default,Default,Default,Default,Default,Default,Default,Default,Default,Default,Default,Default,Default,Default,Default,Default,Default,Default,Default,Default,Default,Default,Default,Default,Default,Default,Default,Default,Default,Default,Default,Default,Default,Default,Default,Default,Default,Default,Default,DefaultJob,Pattern=gov.*ment&DocumentCount=100000,1,Workload,Actual,9,874039586,2048,426777.14,184,2,0,377969
RegexpQueryBenchmarks.LuceneNet_RegexpQuery,Rowles.LeanCorpus.Benchmarks,RegexpQueryBenchmarks,LuceneNet_RegexpQuery,DefaultJob,Default,Default,Default,Default,Default,Default,Default,Default,Default,Default,Default,Default,Default,Default,Default,Default,Default,Default,Default,Default,Default,Default,Default,Default,Default,Default,Default,Default,Default,Default,Default,Default,Default,Default,Default,Default,Default,Default,Default,Default,Default,DefaultJob,Pattern=gov.*ment&DocumentCount=100000,1,Workload,Actual,10,884880636,2048,432070.62,184,2,0,377969
RegexpQueryBenchmarks.LuceneNet_RegexpQuery,Rowles.LeanCorpus.Benchmarks,RegexpQueryBenchmarks,LuceneNet_RegexpQuery,DefaultJob,Default,Default,Default,Default,Default,Default,Default,Default,Default,Default,Default,Default,Default,Default,Default,Default,Default,Default,Default,Default,Default,Default,Default,Default,Default,Default,Default,Default,Default,Default,Default,Default,Default,Default,Default,Default,Default,Default,Default,Default,Default,DefaultJob,Pattern=gov.*ment&DocumentCount=100000,1,Workload,Actual,11,875164659,2048,427326.49,184,2,0,377969
RegexpQueryBenchmarks.LuceneNet_RegexpQuery,Rowles.LeanCorpus.Benchmarks,RegexpQueryBenchmarks,LuceneNet_RegexpQuery,DefaultJob,Default,Default,Default,Default,Default,Default,Default,Default,Default,Default,Default,Default,Default,Default,Default,Default,Default,Default,Default,Default,Default,Default,Default,Default,Default,Default,Default,Default,Default,Default,Default,Default,Default,Default,Default,Default,Default,Default,Default,Default,Default,DefaultJob,Pattern=gov.*ment&DocumentCount=100000,1,Workload,Actual,12,884087823,2048,431683.51,184,2,0,377969
RegexpQueryBenchmarks.LuceneNet_RegexpQuery,Rowles.LeanCorpus.Benchmarks,RegexpQueryBenchmarks,LuceneNet_RegexpQuery,DefaultJob,Default,Default,Default,Default,Default,Default,Default,Default,Default,Default,Default,Default,Default,Default,Default,Default,Default,Default,Default,Default,Default,Default,Default,Default,Default,Default,Default,Default,Default,Default,Default,Default,Default,Default,Default,Default,Default,Default,Default,Default,Default,DefaultJob,Pattern=gov.*ment&DocumentCount=100000,1,Workload,Actual,13,867704426,2048,423683.8,184,2,0,377969
RegexpQueryBenchmarks.LuceneNet_RegexpQuery,Rowles.LeanCorpus.Benchmarks,RegexpQueryBenchmarks,LuceneNet_RegexpQuery,DefaultJob,Default,Default,Default,Default,Default,Default,Default,Default,Default,Default,Default,Default,Default,Default,Default,Default,Default,Default,Default,Default,Default,Default,Default,Default,Default,Default,Default,Default,Default,Default,Default,Default,Default,Default,Default,Default,Default,Default,Default,Default,Default,DefaultJob,Pattern=gov.*ment&DocumentCount=100000,1,Workload,Actual,14,886095220,2048,432663.68,184,2,0,377969
RegexpQueryBenchmarks.LuceneNet_RegexpQuery,Rowles.LeanCorpus.Benchmarks,RegexpQueryBenchmarks,LuceneNet_RegexpQuery,DefaultJob,Default,Default,Default,Default,Default,Default,Default,Default,Default,Default,Default,Default,Default,Default,Default,Default,Default,Default,Default,Default,Default,Default,Default,Default,Default,Default,Default,Default,Default,Default,Default,Default,Default,Default,Default,Default,Default,Default,Default,Default,Default,DefaultJob,Pattern=gov.*ment&DocumentCount=100000,1,Workload,Actual,15,874062008,2048,426788.09,184,2,0,377969
RegexpQueryBenchmarks.LuceneNet_RegexpQuery,Rowles.LeanCorpus.Benchmarks,RegexpQueryBenchmarks,LuceneNet_RegexpQuery,DefaultJob,Default,Default,Default,Default,Default,Default,Default,Default,Default,Default,Default,Default,Default,Default,Default,Default,Default,Default,Default,Default,Default,Default,Default,Default,Default,Default,Default,Default,Default,Default,Default,Default,Default,Default,Default,Default,Default,Default,Default,Default,Default,DefaultJob,Pattern=gov.*ment&DocumentCount=100000,1,Workload,Extra,1,885047977,2048,432152.33,184,2,0,377969
RegexpQueryBenchmarks.LuceneNet_RegexpQuery,Rowles.LeanCorpus.Benchmarks,RegexpQueryBenchmarks,LuceneNet_RegexpQuery,DefaultJob,Default,Default,Default,Default,Default,Default,Default,Default,Default,Default,Default,Default,Default,Default,Default,Default,Default,Default,Default,Default,Default,Default,Default,Default,Default,Default,Default,Default,Default,Default,Default,Default,Default,Default,Default,Default,Default,Default,Default,Default,Default,DefaultJob,Pattern=gov.*ment&DocumentCount=100000,1,Workload,Result,1,883294163,2048,431295.98,184,2,0,377969
RegexpQueryBenchmarks.LuceneNet_RegexpQuery,Rowles.LeanCorpus.Benchmarks,RegexpQueryBenchmarks,LuceneNet_RegexpQuery,DefaultJob,Default,Default,Default,Default,Default,Default,Default,Default,Default,Default,Default,Default,Default,Default,Default,Default,Default,Default,Default,Default,Default,Default,Default,Default,Default,Default,Default,Default,Default,Default,Default,Default,Default,Default,Default,Default,Default,Default,Default,Default,Default,DefaultJob,Pattern=gov.*ment&DocumentCount=100000,1,Workload,Result,2,860998328,2048,420409.34,184,2,0,377969
RegexpQueryBenchmarks.LuceneNet_RegexpQuery,Rowles.LeanCorpus.Benchmarks,RegexpQueryBenchmarks,LuceneNet_RegexpQuery,DefaultJob,Default,Default,Default,Default,Default,Default,Default,Default,Default,Default,Default,Default,Default,Default,Default,Default,Default,Default,Default,Default,Default,Default,Default,Default,Default,Default,Default,Default,Default,Default,Default,Default,Default,Default,Default,Default,Default,Default,Default,Default,Default,DefaultJob,Pattern=gov.*ment&DocumentCount=100000,1,Workload,Result,3,876327954,2048,427894.51,184,2,0,377969
RegexpQueryBenchmarks.LuceneNet_RegexpQuery,Rowles.LeanCorpus.Benchmarks,RegexpQueryBenchmarks,LuceneNet_RegexpQuery,DefaultJob,Default,Default,Default,Default,Default,Default,Default,Default,Default,Default,Default,Default,Default,Default,Default,Default,Default,Default,Default,Default,Default,Default,Default,Default,Default,Default,Default,Default,Default,Default,Default,Default,Default,Default,Default,Default,Default,Default,Default,Default,Default,DefaultJob,Pattern=gov.*ment&DocumentCount=100000,1,Workload,Result,4,881450458,2048,430395.73,184,2,0,377969
RegexpQueryBenchmarks.LuceneNet_RegexpQuery,Rowles.LeanCorpus.Benchmarks,RegexpQueryBenchmarks,LuceneNet_RegexpQuery,DefaultJob,Default,Default,Default,Default,Default,Default,Default,Default,Default,Default,Default,Default,Default,Default,Default,Default,Default,Default,Default,Default,Default,Default,Default,Default,Default,Default,Default,Default,Default,Default,Default,Default,Default,Default,Default,Default,Default,Default,Default,Default,Default,DefaultJob,Pattern=gov.*ment&DocumentCount=100000,1,Workload,Result,5,868449072,2048,424047.4,184,2,0,377969
RegexpQueryBenchmarks.LuceneNet_RegexpQuery,Rowles.LeanCorpus.Benchmarks,RegexpQueryBenchmarks,LuceneNet_RegexpQuery,DefaultJob,Default,Default,Default,Default,Default,Default,Default,Default,Default,Default,Default,Default,Default,Default,Default,Default,Default,Default,Default,Default,Default,Default,Default,Default,Default,Default,Default,Default,Default,Default,Default,Default,Default,Default,Default,Default,Default,Default,Default,Default,Default,DefaultJob,Pattern=gov.*ment&DocumentCount=100000,1,Workload,Result,6,883213623,2048,431256.65,184,2,0,377969
RegexpQueryBenchmarks.LuceneNet_RegexpQuery,Rowles.LeanCorpus.Benchmarks,RegexpQueryBenchmarks,LuceneNet_RegexpQuery,DefaultJob,Default,Default,Default,Default,Default,Default,Default,Default,Default,Default,Default,Default,Default,Default,Default,Default,Default,Default,Default,Default,Default,Default,Default,Default,Default,Default,Default,Default,Default,Default,Default,Default,Default,Default,Default,Default,Default,Default,Default,Default,Default,DefaultJob,Pattern=gov.*ment&DocumentCount=100000,1,Workload,Result,7,864234196,2048,421989.35,184,2,0,377969
RegexpQueryBenchmarks.LuceneNet_RegexpQuery,Rowles.LeanCorpus.Benchmarks,RegexpQueryBenchmarks,LuceneNet_RegexpQuery,DefaultJob,Default,Default,Default,Default,Default,Default,Default,Default,Default,Default,Default,Default,Default,Default,Default,Default,Default,Default,Default,Default,Default,Default,Default,Default,Default,Default,Default,Default,Default,Default,Default,Default,Default,Default,Default,Default,Default,Default,Default,Default,Default,DefaultJob,Pattern=gov.*ment&DocumentCount=100000,1,Workload,Result,8,882498824,2048,430907.63,184,2,0,377969
RegexpQueryBenchmarks.LuceneNet_RegexpQuery,Rowles.LeanCorpus.Benchmarks,RegexpQueryBenchmarks,LuceneNet_RegexpQuery,DefaultJob,Default,Default,Default,Default,Default,Default,Default,Default,Default,Default,Default,Default,Default,Default,Default,Default,Default,Default,Default,Default,Default,Default,Default,Default,Default,Default,Default,Default,Default,Default,Default,Default,Default,Default,Default,Default,Default,Default,Default,Default,Default,DefaultJob,Pattern=gov.*ment&DocumentCount=100000,1,Workload,Result,9,874039586,2048,426777.14,184,2,0,377969
RegexpQueryBenchmarks.LuceneNet_RegexpQuery,Rowles.LeanCorpus.Benchmarks,RegexpQueryBenchmarks,LuceneNet_RegexpQuery,DefaultJob,Default,Default,Default,Default,Default,Default,Default,Default,Default,Default,Default,Default,Default,Default,Default,Default,Default,Default,Default,Default,Default,Default,Default,Default,Default,Default,Default,Default,Default,Default,Default,Default,Default,Default,Default,Default,Default,Default,Default,Default,Default,DefaultJob,Pattern=gov.*ment&DocumentCount=100000,1,Workload,Result,10,884880636,2048,432070.62,184,2,0,377969
RegexpQueryBenchmarks.LuceneNet_RegexpQuery,Rowles.LeanCorpus.Benchmarks,RegexpQueryBenchmarks,LuceneNet_RegexpQuery,DefaultJob,Default,Default,Default,Default,Default,Default,Default,Default,Default,Default,Default,Default,Default,Default,Default,Default,Default,Default,Default,Default,Default,Default,Default,Default,Default,Default,Default,Default,Default,Default,Default,Default,Default,Default,Default,Default,Default,Default,Default,Default,Default,DefaultJob,Pattern=gov.*ment&DocumentCount=100000,1,Workload,Result,11,875164659,2048,427326.49,184,2,0,377969
RegexpQueryBenchmarks.LuceneNet_RegexpQuery,Rowles.LeanCorpus.Benchmarks,RegexpQueryBenchmarks,LuceneNet_RegexpQuery,DefaultJob,Default,Default,Default,Default,Default,Default,Default,Default,Default,Default,Default,Default,Default,Default,Default,Default,Default,Default,Default,Default,Default,Default,Default,Default,Default,Default,Default,Default,Default,Default,Default,Default,Default,Default,Default,Default,Default,Default,Default,Default,Default,DefaultJob,Pattern=gov.*ment&DocumentCount=100000,1,Workload,Result,12,884087823,2048,431683.51,184,2,0,377969
RegexpQueryBenchmarks.LuceneNet_RegexpQuery,Rowles.LeanCorpus.Benchmarks,RegexpQueryBenchmarks,LuceneNet_RegexpQuery,DefaultJob,Default,Default,Default,Default,Default,Default,Default,Default,Default,Default,Default,Default,Default,Default,Default,Default,Default,Default,Default,Default,Default,Default,Default,Default,Default,Default,Default,Default,Default,Default,Default,Default,Default,Default,Default,Default,Default,Default,Default,Default,Default,DefaultJob,Pattern=gov.*ment&DocumentCount=100000,1,Workload,Result,13,867704426,2048,423683.8,184,2,0,377969
RegexpQueryBenchmarks.LuceneNet_RegexpQuery,Rowles.LeanCorpus.Benchmarks,RegexpQueryBenchmarks,LuceneNet_RegexpQuery,DefaultJob,Default,Default,Default,Default,Default,Default,Default,Default,Default,Default,Default,Default,Default,Default,Default,Default,Default,Default,Default,Default,Default,Default,Default,Default,Default,Default,Default,Default,Default,Default,Default,Default,Default,Default,Default,Default,Default,Default,Default,Default,Default,DefaultJob,Pattern=gov.*ment&DocumentCount=100000,1,Workload,Result,14,886095220,2048,432663.68,184,2,0,377969
RegexpQueryBenchmarks.LuceneNet_RegexpQuery,Rowles.LeanCorpus.Benchmarks,RegexpQueryBenchmarks,LuceneNet_RegexpQuery,DefaultJob,Default,Default,Default,Default,Default,Default,Default,Default,Default,Default,Default,Default,Default,Default,Default,Default,Default,Default,Default,Default,Default,Default,Default,Default,Default,Default,Default,Default,Default,Default,Default,Default,Default,Default,Default,Default,Default,Default,Default,Default,Default,DefaultJob,Pattern=gov.*ment&DocumentCount=100000,1,Workload,Result,15,874062008,2048,426788.09,184,2,0,377969
RegexpQueryBenchmarks.LeanCorpus_RegexpQuery,Rowles.LeanCorpus.Benchmarks,RegexpQueryBenchmarks,LeanCorpus_RegexpQuery,DefaultJob,Default,Default,Default,Default,Default,Default,Default,Default,Default,Default,Default,Default,Default,Default,Default,Default,Default,Default,Default,Default,Default,Default,Default,Default,Default,Default,Default,Default,Default,Default,Default,Default,Default,Default,Default,Default,Default,Default,Default,Default,Default,DefaultJob,Pattern=mark.*&DocumentCount=100000,1,Workload,Jitting,1,79277655,1,79277655,18,0,0,76368
RegexpQueryBenchmarks.LeanCorpus_RegexpQuery,Rowles.LeanCorpus.Benchmarks,RegexpQueryBenchmarks,LeanCorpus_RegexpQuery,DefaultJob,Default,Default,Default,Default,Default,Default,Default,Default,Default,Default,Default,Default,Default,Default,Default,Default,Default,Default,Default,Default,Default,Default,Default,Default,Default,Default,Default,Default,Default,Default,Default,Default,Default,Default,Default,Default,Default,Default,Default,Default,Default,DefaultJob,Pattern=mark.*&DocumentCount=100000,1,Workload,Jitting,2,84795753,30,2826525.1,18,0,0,76368
RegexpQueryBenchmarks.LeanCorpus_RegexpQuery,Rowles.LeanCorpus.Benchmarks,RegexpQueryBenchmarks,LeanCorpus_RegexpQuery,DefaultJob,Default,Default,Default,Default,Default,Default,Default,Default,Default,Default,Default,Default,Default,Default,Default,Default,Default,Default,Default,Default,Default,Default,Default,Default,Default,Default,Default,Default,Default,Default,Default,Default,Default,Default,Default,Default,Default,Default,Default,Default,Default,DefaultJob,Pattern=mark.*&DocumentCount=100000,1,Workload,Jitting,3,54987941,30,1832931.37,18,0,0,76368
RegexpQueryBenchmarks.LeanCorpus_RegexpQuery,Rowles.LeanCorpus.Benchmarks,RegexpQueryBenchmarks,LeanCorpus_RegexpQuery,DefaultJob,Default,Default,Default,Default,Default,Default,Default,Default,Default,Default,Default,Default,Default,Default,Default,Default,Default,Default,Default,Default,Default,Default,Default,Default,Default,Default,Default,Default,Default,Default,Default,Default,Default,Default,Default,Default,Default,Default,Default,Default,Default,DefaultJob,Pattern=mark.*&DocumentCount=100000,1,Workload,Jitting,4,16622259,30,554075.3,18,0,0,76368
RegexpQueryBenchmarks.LeanCorpus_RegexpQuery,Rowles.LeanCorpus.Benchmarks,RegexpQueryBenchmarks,LeanCorpus_RegexpQuery,DefaultJob,Default,Default,Default,Default,Default,Default,Default,Default,Default,Default,Default,Default,Default,Default,Default,Default,Default,Default,Default,Default,Default,Default,Default,Default,Default,Default,Default,Default,Default,Default,Default,Default,Default,Default,Default,Default,Default,Default,Default,Default,Default,DefaultJob,Pattern=mark.*&DocumentCount=100000,1,Workload,Jitting,5,1023896,1,1023896,18,0,0,76368
RegexpQueryBenchmarks.LeanCorpus_RegexpQuery,Rowles.LeanCorpus.Benchmarks,RegexpQueryBenchmarks,LeanCorpus_RegexpQuery,DefaultJob,Default,Default,Default,Default,Default,Default,Default,Default,Default,Default,Default,Default,Default,Default,Default,Default,Default,Default,Default,Default,Default,Default,Default,Default,Default,Default,Default,Default,Default,Default,Default,Default,Default,Default,Default,Default,Default,Default,Default,Default,Default,DefaultJob,Pattern=mark.*&DocumentCount=100000,1,Workload,Pilot,1,1005333,1,1005333,18,0,0,76368
RegexpQueryBenchmarks.LeanCorpus_RegexpQuery,Rowles.LeanCorpus.Benchmarks,RegexpQueryBenchmarks,LeanCorpus_RegexpQuery,DefaultJob,Default,Default,Default,Default,Default,Default,Default,Default,Default,Default,Default,Default,Default,Default,Default,Default,Default,Default,Default,Default,Default,Default,Default,Default,Default,Default,Default,Default,Default,Default,Default,Default,Default,Default,Default,Default,Default,Default,Default,Default,Default,DefaultJob,Pattern=mark.*&DocumentCount=100000,1,Workload,Pilot,1,15700558,16,981284.88,18,0,0,76368
RegexpQueryBenchmarks.LeanCorpus_RegexpQuery,Rowles.LeanCorpus.Benchmarks,RegexpQueryBenchmarks,LeanCorpus_RegexpQuery,DefaultJob,Default,Default,Default,Default,Default,Default,Default,Default,Default,Default,Default,Default,Default,Default,Default,Default,Default,Default,Default,Default,Default,Default,Default,Default,Default,Default,Default,Default,Default,Default,Default,Default,Default,Default,Default,Default,Default,Default,Default,Default,Default,DefaultJob,Pattern=mark.*&DocumentCount=100000,1,Workload,Pilot,2,28980361,32,905636.28,18,0,0,76368
RegexpQueryBenchmarks.LeanCorpus_RegexpQuery,Rowles.LeanCorpus.Benchmarks,RegexpQueryBenchmarks,LeanCorpus_RegexpQuery,DefaultJob,Default,Default,Default,Default,Default,Default,Default,Default,Default,Default,Default,Default,Default,Default,Default,Default,Default,Default,Default,Default,Default,Default,Default,Default,Default,Default,Default,Default,Default,Default,Default,Default,Default,Default,Default,Default,Default,Default,Default,Default,Default,DefaultJob,Pattern=mark.*&DocumentCount=100000,1,Workload,Pilot,3,43918011,64,686218.92,18,0,0,76368
RegexpQueryBenchmarks.LeanCorpus_RegexpQuery,Rowles.LeanCorpus.Benchmarks,RegexpQueryBenchmarks,LeanCorpus_RegexpQuery,DefaultJob,Default,Default,Default,Default,Default,Default,Default,Default,Default,Default,Default,Default,Default,Default,Default,Default,Default,Default,Default,Default,Default,Default,Default,Default,Default,Default,Default,Default,Default,Default,Default,Default,Default,Default,Default,Default,Default,Default,Default,Default,Default,DefaultJob,Pattern=mark.*&DocumentCount=100000,1,Workload,Pilot,4,67203052,128,525023.84,18,0,0,76368
RegexpQueryBenchmarks.LeanCorpus_RegexpQuery,Rowles.LeanCorpus.Benchmarks,RegexpQueryBenchmarks,LeanCorpus_RegexpQuery,DefaultJob,Default,Default,Default,Default,Default,Default,Default,Default,Default,Default,Default,Default,Default,Default,Default,Default,Default,Default,Default,Default,Default,Default,Default,Default,Default,Default,Default,Default,Default,Default,Default,Default,Default,Default,Default,Default,Default,Default,Default,Default,Default,DefaultJob,Pattern=mark.*&DocumentCount=100000,1,Workload,Pilot,5,129751854,256,506843.18,18,0,0,76368
RegexpQueryBenchmarks.LeanCorpus_RegexpQuery,Rowles.LeanCorpus.Benchmarks,RegexpQueryBenchmarks,LeanCorpus_RegexpQuery,DefaultJob,Default,Default,Default,Default,Default,Default,Default,Default,Default,Default,Default,Default,Default,Default,Default,Default,Default,Default,Default,Default,Default,Default,Default,Default,Default,Default,Default,Default,Default,Default,Default,Default,Default,Default,Default,Default,Default,Default,Default,Default,Default,DefaultJob,Pattern=mark.*&DocumentCount=100000,1,Workload,Pilot,6,263632235,512,514906.71,18,0,0,76368
RegexpQueryBenchmarks.LeanCorpus_RegexpQuery,Rowles.LeanCorpus.Benchmarks,RegexpQueryBenchmarks,LeanCorpus_RegexpQuery,DefaultJob,Default,Default,Default,Default,Default,Default,Default,Default,Default,Default,Default,Default,Default,Default,Default,Default,Default,Default,Default,Default,Default,Default,Default,Default,Default,Default,Default,Default,Default,Default,Default,Default,Default,Default,Default,Default,Default,Default,Default,Default,Default,DefaultJob,Pattern=mark.*&DocumentCount=100000,1,Workload,Pilot,7,525679774,1024,513359.15,18,0,0,76368
RegexpQueryBenchmarks.LeanCorpus_RegexpQuery,Rowles.LeanCorpus.Benchmarks,RegexpQueryBenchmarks,LeanCorpus_RegexpQuery,DefaultJob,Default,Default,Default,Default,Default,Default,Default,Default,Default,Default,Default,Default,Default,Default,Default,Default,Default,Default,Default,Default,Default,Default,Default,Default,Default,Default,Default,Default,Default,Default,Default,Default,Default,Default,Default,Default,Default,Default,Default,Default,Default,DefaultJob,Pattern=mark.*&DocumentCount=100000,1,Workload,Warmup,1,522307915,1024,510066.32,18,0,0,76368
RegexpQueryBenchmarks.LeanCorpus_RegexpQuery,Rowles.LeanCorpus.Benchmarks,RegexpQueryBenchmarks,LeanCorpus_RegexpQuery,DefaultJob,Default,Default,Default,Default,Default,Default,Default,Default,Default,Default,Default,Default,Default,Default,Default,Default,Default,Default,Default,Default,Default,Default,Default,Default,Default,Default,Default,Default,Default,Default,Default,Default,Default,Default,Default,Default,Default,Default,Default,Default,Default,DefaultJob,Pattern=mark.*&DocumentCount=100000,1,Workload,Warmup,2,524882035,1024,512580.11,18,0,0,76368
RegexpQueryBenchmarks.LeanCorpus_RegexpQuery,Rowles.LeanCorpus.Benchmarks,RegexpQueryBenchmarks,LeanCorpus_RegexpQuery,DefaultJob,Default,Default,Default,Default,Default,Default,Default,Default,Default,Default,Default,Default,Default,Default,Default,Default,Default,Default,Default,Default,Default,Default,Default,Default,Default,Default,Default,Default,Default,Default,Default,Default,Default,Default,Default,Default,Default,Default,Default,Default,Default,DefaultJob,Pattern=mark.*&DocumentCount=100000,1,Workload,Warmup,3,526432890,1024,514094.62,18,0,0,76368
RegexpQueryBenchmarks.LeanCorpus_RegexpQuery,Rowles.LeanCorpus.Benchmarks,RegexpQueryBenchmarks,LeanCorpus_RegexpQuery,DefaultJob,Default,Default,Default,Default,Default,Default,Default,Default,Default,Default,Default,Default,Default,Default,Default,Default,Default,Default,Default,Default,Default,Default,Default,Default,Default,Default,Default,Default,Default,Default,Default,Default,Default,Default,Default,Default,Default,Default,Default,Default,Default,DefaultJob,Pattern=mark.*&DocumentCount=100000,1,Workload,Warmup,4,526800381,1024,514453.5,18,0,0,76368
RegexpQueryBenchmarks.LeanCorpus_RegexpQuery,Rowles.LeanCorpus.Benchmarks,RegexpQueryBenchmarks,LeanCorpus_RegexpQuery,DefaultJob,Default,Default,Default,Default,Default,Default,Default,Default,Default,Default,Default,Default,Default,Default,Default,Default,Default,Default,Default,Default,Default,Default,Default,Default,Default,Default,Default,Default,Default,Default,Default,Default,Default,Default,Default,Default,Default,Default,Default,Default,Default,DefaultJob,Pattern=mark.*&DocumentCount=100000,1,Workload,Warmup,5,522580263,1024,510332.29,18,0,0,76368
RegexpQueryBenchmarks.LeanCorpus_RegexpQuery,Rowles.LeanCorpus.Benchmarks,RegexpQueryBenchmarks,LeanCorpus_RegexpQuery,DefaultJob,Default,Default,Default,Default,Default,Default,Default,Default,Default,Default,Default,Default,Default,Default,Default,Default,Default,Default,Default,Default,Default,Default,Default,Default,Default,Default,Default,Default,Default,Default,Default,Default,Default,Default,Default,Default,Default,Default,Default,Default,Default,DefaultJob,Pattern=mark.*&DocumentCount=100000,1,Workload,Warmup,6,525828060,1024,513503.96,18,0,0,76368
RegexpQueryBenchmarks.LeanCorpus_RegexpQuery,Rowles.LeanCorpus.Benchmarks,RegexpQueryBenchmarks,LeanCorpus_RegexpQuery,DefaultJob,Default,Default,Default,Default,Default,Default,Default,Default,Default,Default,Default,Default,Default,Default,Default,Default,Default,Default,Default,Default,Default,Default,Default,Default,Default,Default,Default,Default,Default,Default,Default,Default,Default,Default,Default,Default,Default,Default,Default,Default,Default,DefaultJob,Pattern=mark.*&DocumentCount=100000,1,Workload,Warmup,7,524844722,1024,512543.67,18,0,0,76368
RegexpQueryBenchmarks.LeanCorpus_RegexpQuery,Rowles.LeanCorpus.Benchmarks,RegexpQueryBenchmarks,LeanCorpus_RegexpQuery,DefaultJob,Default,Default,Default,Default,Default,Default,Default,Default,Default,Default,Default,Default,Default,Default,Default,Default,Default,Default,Default,Default,Default,Default,Default,Default,Default,Default,Default,Default,Default,Default,Default,Default,Default,Default,Default,Default,Default,Default,Default,Default,Default,DefaultJob,Pattern=mark.*&DocumentCount=100000,1,Workload,Actual,1,525965998,1024,513638.67,18,0,0,76368
RegexpQueryBenchmarks.LeanCorpus_RegexpQuery,Rowles.LeanCorpus.Benchmarks,RegexpQueryBenchmarks,LeanCorpus_RegexpQuery,DefaultJob,Default,Default,Default,Default,Default,Default,Default,Default,Default,Default,Default,Default,Default,Default,Default,Default,Default,Default,Default,Default,Default,Default,Default,Default,Default,Default,Default,Default,Default,Default,Default,Default,Default,Default,Default,Default,Default,Default,Default,Default,Default,DefaultJob,Pattern=mark.*&DocumentCount=100000,1,Workload,Actual,2,527006204,1024,514654.5,18,0,0,76368
RegexpQueryBenchmarks.LeanCorpus_RegexpQuery,Rowles.LeanCorpus.Benchmarks,RegexpQueryBenchmarks,LeanCorpus_RegexpQuery,DefaultJob,Default,Default,Default,Default,Default,Default,Default,Default,Default,Default,Default,Default,Default,Default,Default,Default,Default,Default,Default,Default,Default,Default,Default,Default,Default,Default,Default,Default,Default,Default,Default,Default,Default,Default,Default,Default,Default,Default,Default,Default,Default,DefaultJob,Pattern=mark.*&DocumentCount=100000,1,Workload,Actual,3,526104293,1024,513773.72,18,0,0,76368
RegexpQueryBenchmarks.LeanCorpus_RegexpQuery,Rowles.LeanCorpus.Benchmarks,RegexpQueryBenchmarks,LeanCorpus_RegexpQuery,DefaultJob,Default,Default,Default,Default,Default,Default,Default,Default,Default,Default,Default,Default,Default,Default,Default,Default,Default,Default,Default,Default,Default,Default,Default,Default,Default,Default,Default,Default,Default,Default,Default,Default,Default,Default,Default,Default,Default,Default,Default,Default,Default,DefaultJob,Pattern=mark.*&DocumentCount=100000,1,Workload,Actual,4,525375206,1024,513061.72,18,0,0,76368
RegexpQueryBenchmarks.LeanCorpus_RegexpQuery,Rowles.LeanCorpus.Benchmarks,RegexpQueryBenchmarks,LeanCorpus_RegexpQuery,DefaultJob,Default,Default,Default,Default,Default,Default,Default,Default,Default,Default,Default,Default,Default,Default,Default,Default,Default,Default,Default,Default,Default,Default,Default,Default,Default,Default,Default,Default,Default,Default,Default,Default,Default,Default,Default,Default,Default,Default,Default,Default,Default,DefaultJob,Pattern=mark.*&DocumentCount=100000,1,Workload,Actual,5,525994671,1024,513666.67,18,0,0,76368
RegexpQueryBenchmarks.LeanCorpus_RegexpQuery,Rowles.LeanCorpus.Benchmarks,RegexpQueryBenchmarks,LeanCorpus_RegexpQuery,DefaultJob,Default,Default,Default,Default,Default,Default,Default,Default,Default,Default,Default,Default,Default,Default,Default,Default,Default,Default,Default,Default,Default,Default,Default,Default,Default,Default,Default,Default,Default,Default,Default,Default,Default,Default,Default,Default,Default,Default,Default,Default,Default,DefaultJob,Pattern=mark.*&DocumentCount=100000,1,Workload,Actual,6,526629016,1024,514286.15,18,0,0,76368
RegexpQueryBenchmarks.LeanCorpus_RegexpQuery,Rowles.LeanCorpus.Benchmarks,RegexpQueryBenchmarks,LeanCorpus_RegexpQuery,DefaultJob,Default,Default,Default,Default,Default,Default,Default,Default,Default,Default,Default,Default,Default,Default,Default,Default,Default,Default,Default,Default,Default,Default,Default,Default,Default,Default,Default,Default,Default,Default,Default,Default,Default,Default,Default,Default,Default,Default,Default,Default,Default,DefaultJob,Pattern=mark.*&DocumentCount=100000,1,Workload,Actual,7,519682181,1024,507502.13,18,0,0,76368
RegexpQueryBenchmarks.LeanCorpus_RegexpQuery,Rowles.LeanCorpus.Benchmarks,RegexpQueryBenchmarks,LeanCorpus_RegexpQuery,DefaultJob,Default,Default,Default,Default,Default,Default,Default,Default,Default,Default,Default,Default,Default,Default,Default,Default,Default,Default,Default,Default,Default,Default,Default,Default,Default,Default,Default,Default,Default,Default,Default,Default,Default,Default,Default,Default,Default,Default,Default,Default,Default,DefaultJob,Pattern=mark.*&DocumentCount=100000,1,Workload,Actual,8,517017088,1024,504899.5,18,0,0,76368
RegexpQueryBenchmarks.LeanCorpus_RegexpQuery,Rowles.LeanCorpus.Benchmarks,RegexpQueryBenchmarks,LeanCorpus_RegexpQuery,DefaultJob,Default,Default,Default,Default,Default,Default,Default,Default,Default,Default,Default,Default,Default,Default,Default,Default,Default,Default,Default,Default,Default,Default,Default,Default,Default,Default,Default,Default,Default,Default,Default,Default,Default,Default,Default,Default,Default,Default,Default,Default,Default,DefaultJob,Pattern=mark.*&DocumentCount=100000,1,Workload,Actual,9,520501055,1024,508301.81,18,0,0,76368
RegexpQueryBenchmarks.LeanCorpus_RegexpQuery,Rowles.LeanCorpus.Benchmarks,RegexpQueryBenchmarks,LeanCorpus_RegexpQuery,DefaultJob,Default,Default,Default,Default,Default,Default,Default,Default,Default,Default,Default,Default,Default,Default,Default,Default,Default,Default,Default,Default,Default,Default,Default,Default,Default,Default,Default,Default,Default,Default,Default,Default,Default,Default,Default,Default,Default,Default,Default,Default,Default,DefaultJob,Pattern=mark.*&DocumentCount=100000,1,Workload,Actual,10,526839117,1024,514491.33,18,0,0,76368
RegexpQueryBenchmarks.LeanCorpus_RegexpQuery,Rowles.LeanCorpus.Benchmarks,RegexpQueryBenchmarks,LeanCorpus_RegexpQuery,DefaultJob,Default,Default,Default,Default,Default,Default,Default,Default,Default,Default,Default,Default,Default,Default,Default,Default,Default,Default,Default,Default,Default,Default,Default,Default,Default,Default,Default,Default,Default,Default,Default,Default,Default,Default,Default,Default,Default,Default,Default,Default,Default,DefaultJob,Pattern=mark.*&DocumentCount=100000,1,Workload,Actual,11,519963740,1024,507777.09,18,0,0,76368
RegexpQueryBenchmarks.LeanCorpus_RegexpQuery,Rowles.LeanCorpus.Benchmarks,RegexpQueryBenchmarks,LeanCorpus_RegexpQuery,DefaultJob,Default,Default,Default,Default,Default,Default,Default,Default,Default,Default,Default,Default,Default,Default,Default,Default,Default,Default,Default,Default,Default,Default,Default,Default,Default,Default,Default,Default,Default,Default,Default,Default,Default,Default,Default,Default,Default,Default,Default,Default,Default,DefaultJob,Pattern=mark.*&DocumentCount=100000,1,Workload,Actual,12,524268441,1024,511980.9,18,0,0,76368
RegexpQueryBenchmarks.LeanCorpus_RegexpQuery,Rowles.LeanCorpus.Benchmarks,RegexpQueryBenchmarks,LeanCorpus_RegexpQuery,DefaultJob,Default,Default,Default,Default,Default,Default,Default,Default,Default,Default,Default,Default,Default,Default,Default,Default,Default,Default,Default,Default,Default,Default,Default,Default,Default,Default,Default,Default,Default,Default,Default,Default,Default,Default,Default,Default,Default,Default,Default,Default,Default,DefaultJob,Pattern=mark.*&DocumentCount=100000,1,Workload,Actual,13,518064169,1024,505922.04,18,0,0,76368
RegexpQueryBenchmarks.LeanCorpus_RegexpQuery,Rowles.LeanCorpus.Benchmarks,RegexpQueryBenchmarks,LeanCorpus_RegexpQuery,DefaultJob,Default,Default,Default,Default,Default,Default,Default,Default,Default,Default,Default,Default,Default,Default,Default,Default,Default,Default,Default,Default,Default,Default,Default,Default,Default,Default,Default,Default,Default,Default,Default,Default,Default,Default,Default,Default,Default,Default,Default,Default,Default,DefaultJob,Pattern=mark.*&DocumentCount=100000,1,Workload,Actual,14,526628379,1024,514285.53,18,0,0,76368
RegexpQueryBenchmarks.LeanCorpus_RegexpQuery,Rowles.LeanCorpus.Benchmarks,RegexpQueryBenchmarks,LeanCorpus_RegexpQuery,DefaultJob,Default,Default,Default,Default,Default,Default,Default,Default,Default,Default,Default,Default,Default,Default,Default,Default,Default,Default,Default,Default,Default,Default,Default,Default,Default,Default,Default,Default,Default,Default,Default,Default,Default,Default,Default,Default,Default,Default,Default,Default,Default,DefaultJob,Pattern=mark.*&DocumentCount=100000,1,Workload,Actual,15,526431933,1024,514093.68,18,0,0,76368
RegexpQueryBenchmarks.LeanCorpus_RegexpQuery,Rowles.LeanCorpus.Benchmarks,RegexpQueryBenchmarks,LeanCorpus_RegexpQuery,DefaultJob,Default,Default,Default,Default,Default,Default,Default,Default,Default,Default,Default,Default,Default,Default,Default,Default,Default,Default,Default,Default,Default,Default,Default,Default,Default,Default,Default,Default,Default,Default,Default,Default,Default,Default,Default,Default,Default,Default,Default,Default,Default,DefaultJob,Pattern=mark.*&DocumentCount=100000,1,Workload,Extra,1,523643314,1024,511370.42,18,0,0,76368
RegexpQueryBenchmarks.LeanCorpus_RegexpQuery,Rowles.LeanCorpus.Benchmarks,RegexpQueryBenchmarks,LeanCorpus_RegexpQuery,DefaultJob,Default,Default,Default,Default,Default,Default,Default,Default,Default,Default,Default,Default,Default,Default,Default,Default,Default,Default,Default,Default,Default,Default,Default,Default,Default,Default,Default,Default,Default,Default,Default,Default,Default,Default,Default,Default,Default,Default,Default,Default,Default,DefaultJob,Pattern=mark.*&DocumentCount=100000,1,Workload,Result,1,525965998,1024,513638.67,18,0,0,76368
RegexpQueryBenchmarks.LeanCorpus_RegexpQuery,Rowles.LeanCorpus.Benchmarks,RegexpQueryBenchmarks,LeanCorpus_RegexpQuery,DefaultJob,Default,Default,Default,Default,Default,Default,Default,Default,Default,Default,Default,Default,Default,Default,Default,Default,Default,Default,Default,Default,Default,Default,Default,Default,Default,Default,Default,Default,Default,Default,Default,Default,Default,Default,Default,Default,Default,Default,Default,Default,Default,DefaultJob,Pattern=mark.*&DocumentCount=100000,1,Workload,Result,2,527006204,1024,514654.5,18,0,0,76368
RegexpQueryBenchmarks.LeanCorpus_RegexpQuery,Rowles.LeanCorpus.Benchmarks,RegexpQueryBenchmarks,LeanCorpus_RegexpQuery,DefaultJob,Default,Default,Default,Default,Default,Default,Default,Default,Default,Default,Default,Default,Default,Default,Default,Default,Default,Default,Default,Default,Default,Default,Default,Default,Default,Default,Default,Default,Default,Default,Default,Default,Default,Default,Default,Default,Default,Default,Default,Default,Default,DefaultJob,Pattern=mark.*&DocumentCount=100000,1,Workload,Result,3,526104293,1024,513773.72,18,0,0,76368
RegexpQueryBenchmarks.LeanCorpus_RegexpQuery,Rowles.LeanCorpus.Benchmarks,RegexpQueryBenchmarks,LeanCorpus_RegexpQuery,DefaultJob,Default,Default,Default,Default,Default,Default,Default,Default,Default,Default,Default,Default,Default,Default,Default,Default,Default,Default,Default,Default,Default,Default,Default,Default,Default,Default,Default,Default,Default,Default,Default,Default,Default,Default,Default,Default,Default,Default,Default,Default,Default,DefaultJob,Pattern=mark.*&DocumentCount=100000,1,Workload,Result,4,525375206,1024,513061.72,18,0,0,76368
RegexpQueryBenchmarks.LeanCorpus_RegexpQuery,Rowles.LeanCorpus.Benchmarks,RegexpQueryBenchmarks,LeanCorpus_RegexpQuery,DefaultJob,Default,Default,Default,Default,Default,Default,Default,Default,Default,Default,Default,Default,Default,Default,Default,Default,Default,Default,Default,Default,Default,Default,Default,Default,Default,Default,Default,Default,Default,Default,Default,Default,Default,Default,Default,Default,Default,Default,Default,Default,Default,DefaultJob,Pattern=mark.*&DocumentCount=100000,1,Workload,Result,5,525994671,1024,513666.67,18,0,0,76368
RegexpQueryBenchmarks.LeanCorpus_RegexpQuery,Rowles.LeanCorpus.Benchmarks,RegexpQueryBenchmarks,LeanCorpus_RegexpQuery,DefaultJob,Default,Default,Default,Default,Default,Default,Default,Default,Default,Default,Default,Default,Default,Default,Default,Default,Default,Default,Default,Default,Default,Default,Default,Default,Default,Default,Default,Default,Default,Default,Default,Default,Default,Default,Default,Default,Default,Default,Default,Default,Default,DefaultJob,Pattern=mark.*&DocumentCount=100000,1,Workload,Result,6,526629016,1024,514286.15,18,0,0,76368
RegexpQueryBenchmarks.LeanCorpus_RegexpQuery,Rowles.LeanCorpus.Benchmarks,RegexpQueryBenchmarks,LeanCorpus_RegexpQuery,DefaultJob,Default,Default,Default,Default,Default,Default,Default,Default,Default,Default,Default,Default,Default,Default,Default,Default,Default,Default,Default,Default,Default,Default,Default,Default,Default,Default,Default,Default,Default,Default,Default,Default,Default,Default,Default,Default,Default,Default,Default,Default,Default,DefaultJob,Pattern=mark.*&DocumentCount=100000,1,Workload,Result,7,519682181,1024,507502.13,18,0,0,76368
RegexpQueryBenchmarks.LeanCorpus_RegexpQuery,Rowles.LeanCorpus.Benchmarks,RegexpQueryBenchmarks,LeanCorpus_RegexpQuery,DefaultJob,Default,Default,Default,Default,Default,Default,Default,Default,Default,Default,Default,Default,Default,Default,Default,Default,Default,Default,Default,Default,Default,Default,Default,Default,Default,Default,Default,Default,Default,Default,Default,Default,Default,Default,Default,Default,Default,Default,Default,Default,Default,DefaultJob,Pattern=mark.*&DocumentCount=100000,1,Workload,Result,8,517017088,1024,504899.5,18,0,0,76368
RegexpQueryBenchmarks.LeanCorpus_RegexpQuery,Rowles.LeanCorpus.Benchmarks,RegexpQueryBenchmarks,LeanCorpus_RegexpQuery,DefaultJob,Default,Default,Default,Default,Default,Default,Default,Default,Default,Default,Default,Default,Default,Default,Default,Default,Default,Default,Default,Default,Default,Default,Default,Default,Default,Default,Default,Default,Default,Default,Default,Default,Default,Default,Default,Default,Default,Default,Default,Default,Default,DefaultJob,Pattern=mark.*&DocumentCount=100000,1,Workload,Result,9,520501055,1024,508301.81,18,0,0,76368
RegexpQueryBenchmarks.LeanCorpus_RegexpQuery,Rowles.LeanCorpus.Benchmarks,RegexpQueryBenchmarks,LeanCorpus_RegexpQuery,DefaultJob,Default,Default,Default,Default,Default,Default,Default,Default,Default,Default,Default,Default,Default,Default,Default,Default,Default,Default,Default,Default,Default,Default,Default,Default,Default,Default,Default,Default,Default,Default,Default,Default,Default,Default,Default,Default,Default,Default,Default,Default,Default,DefaultJob,Pattern=mark.*&DocumentCount=100000,1,Workload,Result,10,526839117,1024,514491.33,18,0,0,76368
RegexpQueryBenchmarks.LeanCorpus_RegexpQuery,Rowles.LeanCorpus.Benchmarks,RegexpQueryBenchmarks,LeanCorpus_RegexpQuery,DefaultJob,Default,Default,Default,Default,Default,Default,Default,Default,Default,Default,Default,Default,Default,Default,Default,Default,Default,Default,Default,Default,Default,Default,Default,Default,Default,Default,Default,Default,Default,Default,Default,Default,Default,Default,Default,Default,Default,Default,Default,Default,Default,DefaultJob,Pattern=mark.*&DocumentCount=100000,1,Workload,Result,11,519963740,1024,507777.09,18,0,0,76368
RegexpQueryBenchmarks.LeanCorpus_RegexpQuery,Rowles.LeanCorpus.Benchmarks,RegexpQueryBenchmarks,LeanCorpus_RegexpQuery,DefaultJob,Default,Default,Default,Default,Default,Default,Default,Default,Default,Default,Default,Default,Default,Default,Default,Default,Default,Default,Default,Default,Default,Default,Default,Default,Default,Default,Default,Default,Default,Default,Default,Default,Default,Default,Default,Default,Default,Default,Default,Default,Default,DefaultJob,Pattern=mark.*&DocumentCount=100000,1,Workload,Result,12,524268441,1024,511980.9,18,0,0,76368
RegexpQueryBenchmarks.LeanCorpus_RegexpQuery,Rowles.LeanCorpus.Benchmarks,RegexpQueryBenchmarks,LeanCorpus_RegexpQuery,DefaultJob,Default,Default,Default,Default,Default,Default,Default,Default,Default,Default,Default,Default,Default,Default,Default,Default,Default,Default,Default,Default,Default,Default,Default,Default,Default,Default,Default,Default,Default,Default,Default,Default,Default,Default,Default,Default,Default,Default,Default,Default,Default,DefaultJob,Pattern=mark.*&DocumentCount=100000,1,Workload,Result,13,518064169,1024,505922.04,18,0,0,76368
RegexpQueryBenchmarks.LeanCorpus_RegexpQuery,Rowles.LeanCorpus.Benchmarks,RegexpQueryBenchmarks,LeanCorpus_RegexpQuery,DefaultJob,Default,Default,Default,Default,Default,Default,Default,Default,Default,Default,Default,Default,Default,Default,Default,Default,Default,Default,Default,Default,Default,Default,Default,Default,Default,Default,Default,Default,Default,Default,Default,Default,Default,Default,Default,Default,Default,Default,Default,Default,Default,DefaultJob,Pattern=mark.*&DocumentCount=100000,1,Workload,Result,14,526628379,1024,514285.53,18,0,0,76368
RegexpQueryBenchmarks.LeanCorpus_RegexpQuery,Rowles.LeanCorpus.Benchmarks,RegexpQueryBenchmarks,LeanCorpus_RegexpQuery,DefaultJob,Default,Default,Default,Default,Default,Default,Default,Default,Default,Default,Default,Default,Default,Default,Default,Default,Default,Default,Default,Default,Default,Default,Default,Default,Default,Default,Default,Default,Default,Default,Default,Default,Default,Default,Default,Default,Default,Default,Default,Default,Default,DefaultJob,Pattern=mark.*&DocumentCount=100000,1,Workload,Result,15,526431933,1024,514093.68,18,0,0,76368
RegexpQueryBenchmarks.LuceneNet_RegexpQuery,Rowles.LeanCorpus.Benchmarks,RegexpQueryBenchmarks,LuceneNet_RegexpQuery,DefaultJob,Default,Default,Default,Default,Default,Default,Default,Default,Default,Default,Default,Default,Default,Default,Default,Default,Default,Default,Default,Default,Default,Default,Default,Default,Default,Default,Default,Default,Default,Default,Default,Default,Default,Default,Default,Default,Default,Default,Default,Default,Default,DefaultJob,Pattern=mark.*&DocumentCount=100000,1,Workload,Jitting,1,74469353,1,74469353,83,1,0,170422
RegexpQueryBenchmarks.LuceneNet_RegexpQuery,Rowles.LeanCorpus.Benchmarks,RegexpQueryBenchmarks,LuceneNet_RegexpQuery,DefaultJob,Default,Default,Default,Default,Default,Default,Default,Default,Default,Default,Default,Default,Default,Default,Default,Default,Default,Default,Default,Default,Default,Default,Default,Default,Default,Default,Default,Default,Default,Default,Default,Default,Default,Default,Default,Default,Default,Default,Default,Default,Default,DefaultJob,Pattern=mark.*&DocumentCount=100000,1,Workload,Jitting,2,81928560,30,2730952,83,1,0,170422
RegexpQueryBenchmarks.LuceneNet_RegexpQuery,Rowles.LeanCorpus.Benchmarks,RegexpQueryBenchmarks,LuceneNet_RegexpQuery,DefaultJob,Default,Default,Default,Default,Default,Default,Default,Default,Default,Default,Default,Default,Default,Default,Default,Default,Default,Default,Default,Default,Default,Default,Default,Default,Default,Default,Default,Default,Default,Default,Default,Default,Default,Default,Default,Default,Default,Default,Default,Default,Default,DefaultJob,Pattern=mark.*&DocumentCount=100000,1,Workload,Jitting,3,35369926,30,1178997.53,83,1,0,170422
RegexpQueryBenchmarks.LuceneNet_RegexpQuery,Rowles.LeanCorpus.Benchmarks,RegexpQueryBenchmarks,LuceneNet_RegexpQuery,DefaultJob,Default,Default,Default,Default,Default,Default,Default,Default,Default,Default,Default,Default,Default,Default,Default,Default,Default,Default,Default,Default,Default,Default,Default,Default,Default,Default,Default,Default,Default,Default,Default,Default,Default,Default,Default,Default,Default,Default,Default,Default,Default,DefaultJob,Pattern=mark.*&DocumentCount=100000,1,Workload,Jitting,4,15644476,30,521482.53,83,1,0,170422
RegexpQueryBenchmarks.LuceneNet_RegexpQuery,Rowles.LeanCorpus.Benchmarks,RegexpQueryBenchmarks,LuceneNet_RegexpQuery,DefaultJob,Default,Default,Default,Default,Default,Default,Default,Default,Default,Default,Default,Default,Default,Default,Default,Default,Default,Default,Default,Default,Default,Default,Default,Default,Default,Default,Default,Default,Default,Default,Default,Default,Default,Default,Default,Default,Default,Default,Default,Default,Default,DefaultJob,Pattern=mark.*&DocumentCount=100000,1,Workload,Jitting,5,611941,1,611941,83,1,0,170422
RegexpQueryBenchmarks.LuceneNet_RegexpQuery,Rowles.LeanCorpus.Benchmarks,RegexpQueryBenchmarks,LuceneNet_RegexpQuery,DefaultJob,Default,Default,Default,Default,Default,Default,Default,Default,Default,Default,Default,Default,Default,Default,Default,Default,Default,Default,Default,Default,Default,Default,Default,Default,Default,Default,Default,Default,Default,Default,Default,Default,Default,Default,Default,Default,Default,Default,Default,Default,Default,DefaultJob,Pattern=mark.*&DocumentCount=100000,1,Workload,Pilot,1,937298,1,937298,83,1,0,170422
RegexpQueryBenchmarks.LuceneNet_RegexpQuery,Rowles.LeanCorpus.Benchmarks,RegexpQueryBenchmarks,LuceneNet_RegexpQuery,DefaultJob,Default,Default,Default,Default,Default,Default,Default,Default,Default,Default,Default,Default,Default,Default,Default,Default,Default,Default,Default,Default,Default,Default,Default,Default,Default,Default,Default,Default,Default,Default,Default,Default,Default,Default,Default,Default,Default,Default,Default,Default,Default,DefaultJob,Pattern=mark.*&DocumentCount=100000,1,Workload,Pilot,1,12562855,16,785178.44,83,1,0,170422
RegexpQueryBenchmarks.LuceneNet_RegexpQuery,Rowles.LeanCorpus.Benchmarks,RegexpQueryBenchmarks,LuceneNet_RegexpQuery,DefaultJob,Default,Default,Default,Default,Default,Default,Default,Default,Default,Default,Default,Default,Default,Default,Default,Default,Default,Default,Default,Default,Default,Default,Default,Default,Default,Default,Default,Default,Default,Default,Default,Default,Default,Default,Default,Default,Default,Default,Default,Default,Default,DefaultJob,Pattern=mark.*&DocumentCount=100000,1,Workload,Pilot,2,28346452,32,885826.63,83,1,0,170422
RegexpQueryBenchmarks.LuceneNet_RegexpQuery,Rowles.LeanCorpus.Benchmarks,RegexpQueryBenchmarks,LuceneNet_RegexpQuery,DefaultJob,Default,Default,Default,Default,Default,Default,Default,Default,Default,Default,Default,Default,Default,Default,Default,Default,Default,Default,Default,Default,Default,Default,Default,Default,Default,Default,Default,Default,Default,Default,Default,Default,Default,Default,Default,Default,Default,Default,Default,Default,Default,DefaultJob,Pattern=mark.*&DocumentCount=100000,1,Workload,Pilot,3,39523784,64,617559.13,83,1,0,170422
RegexpQueryBenchmarks.LuceneNet_RegexpQuery,Rowles.LeanCorpus.Benchmarks,RegexpQueryBenchmarks,LuceneNet_RegexpQuery,DefaultJob,Default,Default,Default,Default,Default,Default,Default,Default,Default,Default,Default,Default,Default,Default,Default,Default,Default,Default,Default,Default,Default,Default,Default,Default,Default,Default,Default,Default,Default,Default,Default,Default,Default,Default,Default,Default,Default,Default,Default,Default,Default,DefaultJob,Pattern=mark.*&DocumentCount=100000,1,Workload,Pilot,4,56873474,128,444324.02,83,1,0,170422
RegexpQueryBenchmarks.LuceneNet_RegexpQuery,Rowles.LeanCorpus.Benchmarks,RegexpQueryBenchmarks,LuceneNet_RegexpQuery,DefaultJob,Default,Default,Default,Default,Default,Default,Default,Default,Default,Default,Default,Default,Default,Default,Default,Default,Default,Default,Default,Default,Default,Default,Default,Default,Default,Default,Default,Default,Default,Default,Default,Default,Default,Default,Default,Default,Default,Default,Default,Default,Default,DefaultJob,Pattern=mark.*&DocumentCount=100000,1,Workload,Pilot,5,107293583,256,419115.56,83,1,0,170422
RegexpQueryBenchmarks.LuceneNet_RegexpQuery,Rowles.LeanCorpus.Benchmarks,RegexpQueryBenchmarks,LuceneNet_RegexpQuery,DefaultJob,Default,Default,Default,Default,Default,Default,Default,Default,Default,Default,Default,Default,Default,Default,Default,Default,Default,Default,Default,Default,Default,Default,Default,Default,Default,Default,Default,Default,Default,Default,Default,Default,Default,Default,Default,Default,Default,Default,Default,Default,Default,DefaultJob,Pattern=mark.*&DocumentCount=100000,1,Workload,Pilot,6,213656888,512,417298.61,83,1,0,170422
RegexpQueryBenchmarks.LuceneNet_RegexpQuery,Rowles.LeanCorpus.Benchmarks,RegexpQueryBenchmarks,LuceneNet_RegexpQuery,DefaultJob,Default,Default,Default,Default,Default,Default,Default,Default,Default,Default,Default,Default,Default,Default,Default,Default,Default,Default,Default,Default,Default,Default,Default,Default,Default,Default,Default,Default,Default,Default,Default,Default,Default,Default,Default,Default,Default,Default,Default,Default,Default,DefaultJob,Pattern=mark.*&DocumentCount=100000,1,Workload,Pilot,7,432854307,1024,422709.28,83,1,0,170422
RegexpQueryBenchmarks.LuceneNet_RegexpQuery,Rowles.LeanCorpus.Benchmarks,RegexpQueryBenchmarks,LuceneNet_RegexpQuery,DefaultJob,Default,Default,Default,Default,Default,Default,Default,Default,Default,Default,Default,Default,Default,Default,Default,Default,Default,Default,Default,Default,Default,Default,Default,Default,Default,Default,Default,Default,Default,Default,Default,Default,Default,Default,Default,Default,Default,Default,Default,Default,Default,DefaultJob,Pattern=mark.*&DocumentCount=100000,1,Workload,Pilot,8,878311573,2048,428863.07,83,1,0,170422
RegexpQueryBenchmarks.LuceneNet_RegexpQuery,Rowles.LeanCorpus.Benchmarks,RegexpQueryBenchmarks,LuceneNet_RegexpQuery,DefaultJob,Default,Default,Default,Default,Default,Default,Default,Default,Default,Default,Default,Default,Default,Default,Default,Default,Default,Default,Default,Default,Default,Default,Default,Default,Default,Default,Default,Default,Default,Default,Default,Default,Default,Default,Default,Default,Default,Default,Default,Default,Default,DefaultJob,Pattern=mark.*&DocumentCount=100000,1,Workload,Warmup,1,862505451,2048,421145.24,83,1,0,170422
RegexpQueryBenchmarks.LuceneNet_RegexpQuery,Rowles.LeanCorpus.Benchmarks,RegexpQueryBenchmarks,LuceneNet_RegexpQuery,DefaultJob,Default,Default,Default,Default,Default,Default,Default,Default,Default,Default,Default,Default,Default,Default,Default,Default,Default,Default,Default,Default,Default,Default,Default,Default,Default,Default,Default,Default,Default,Default,Default,Default,Default,Default,Default,Default,Default,Default,Default,Default,Default,DefaultJob,Pattern=mark.*&DocumentCount=100000,1,Workload,Warmup,2,889594501,2048,434372.31,83,1,0,170422
RegexpQueryBenchmarks.LuceneNet_RegexpQuery,Rowles.LeanCorpus.Benchmarks,RegexpQueryBenchmarks,LuceneNet_RegexpQuery,DefaultJob,Default,Default,Default,Default,Default,Default,Default,Default,Default,Default,Default,Default,Default,Default,Default,Default,Default,Default,Default,Default,Default,Default,Default,Default,Default,Default,Default,Default,Default,Default,Default,Default,Default,Default,Default,Default,Default,Default,Default,Default,Default,DefaultJob,Pattern=mark.*&DocumentCount=100000,1,Workload,Warmup,3,873540657,2048,426533.52,83,1,0,170422
RegexpQueryBenchmarks.LuceneNet_RegexpQuery,Rowles.LeanCorpus.Benchmarks,RegexpQueryBenchmarks,LuceneNet_RegexpQuery,DefaultJob,Default,Default,Default,Default,Default,Default,Default,Default,Default,Default,Default,Default,Default,Default,Default,Default,Default,Default,Default,Default,Default,Default,Default,Default,Default,Default,Default,Default,Default,Default,Default,Default,Default,Default,Default,Default,Default,Default,Default,Default,Default,DefaultJob,Pattern=mark.*&DocumentCount=100000,1,Workload,Warmup,4,886043683,2048,432638.52,83,1,0,170422
RegexpQueryBenchmarks.LuceneNet_RegexpQuery,Rowles.LeanCorpus.Benchmarks,RegexpQueryBenchmarks,LuceneNet_RegexpQuery,DefaultJob,Default,Default,Default,Default,Default,Default,Default,Default,Default,Default,Default,Default,Default,Default,Default,Default,Default,Default,Default,Default,Default,Default,Default,Default,Default,Default,Default,Default,Default,Default,Default,Default,Default,Default,Default,Default,Default,Default,Default,Default,Default,DefaultJob,Pattern=mark.*&DocumentCount=100000,1,Workload,Warmup,5,870414090,2048,425006.88,83,1,0,170422
RegexpQueryBenchmarks.LuceneNet_RegexpQuery,Rowles.LeanCorpus.Benchmarks,RegexpQueryBenchmarks,LuceneNet_RegexpQuery,DefaultJob,Default,Default,Default,Default,Default,Default,Default,Default,Default,Default,Default,Default,Default,Default,Default,Default,Default,Default,Default,Default,Default,Default,Default,Default,Default,Default,Default,Default,Default,Default,Default,Default,Default,Default,Default,Default,Default,Default,Default,Default,Default,DefaultJob,Pattern=mark.*&DocumentCount=100000,1,Workload,Warmup,6,877448337,2048,428441.57,83,1,0,170422
RegexpQueryBenchmarks.LuceneNet_RegexpQuery,Rowles.LeanCorpus.Benchmarks,RegexpQueryBenchmarks,LuceneNet_RegexpQuery,DefaultJob,Default,Default,Default,Default,Default,Default,Default,Default,Default,Default,Default,Default,Default,Default,Default,Default,Default,Default,Default,Default,Default,Default,Default,Default,Default,Default,Default,Default,Default,Default,Default,Default,Default,Default,Default,Default,Default,Default,Default,Default,Default,DefaultJob,Pattern=mark.*&DocumentCount=100000,1,Workload,Actual,1,858992061,2048,419429.72,83,1,0,170422
RegexpQueryBenchmarks.LuceneNet_RegexpQuery,Rowles.LeanCorpus.Benchmarks,RegexpQueryBenchmarks,LuceneNet_RegexpQuery,DefaultJob,Default,Default,Default,Default,Default,Default,Default,Default,Default,Default,Default,Default,Default,Default,Default,Default,Default,Default,Default,Default,Default,Default,Default,Default,Default,Default,Default,Default,Default,Default,Default,Default,Default,Default,Default,Default,Default,Default,Default,Default,Default,DefaultJob,Pattern=mark.*&DocumentCount=100000,1,Workload,Actual,2,883188569,2048,431244.42,83,1,0,170422
RegexpQueryBenchmarks.LuceneNet_RegexpQuery,Rowles.LeanCorpus.Benchmarks,RegexpQueryBenchmarks,LuceneNet_RegexpQuery,DefaultJob,Default,Default,Default,Default,Default,Default,Default,Default,Default,Default,Default,Default,Default,Default,Default,Default,Default,Default,Default,Default,Default,Default,Default,Default,Default,Default,Default,Default,Default,Default,Default,Default,Default,Default,Default,Default,Default,Default,Default,Default,Default,DefaultJob,Pattern=mark.*&DocumentCount=100000,1,Workload,Actual,3,858265048,2048,419074.73,83,1,0,170422
RegexpQueryBenchmarks.LuceneNet_RegexpQuery,Rowles.LeanCorpus.Benchmarks,RegexpQueryBenchmarks,LuceneNet_RegexpQuery,DefaultJob,Default,Default,Default,Default,Default,Default,Default,Default,Default,Default,Default,Default,Default,Default,Default,Default,Default,Default,Default,Default,Default,Default,Default,Default,Default,Default,Default,Default,Default,Default,Default,Default,Default,Default,Default,Default,Default,Default,Default,Default,Default,DefaultJob,Pattern=mark.*&DocumentCount=100000,1,Workload,Actual,4,876814592,2048,428132.13,83,1,0,170422
RegexpQueryBenchmarks.LuceneNet_RegexpQuery,Rowles.LeanCorpus.Benchmarks,RegexpQueryBenchmarks,LuceneNet_RegexpQuery,DefaultJob,Default,Default,Default,Default,Default,Default,Default,Default,Default,Default,Default,Default,Default,Default,Default,Default,Default,Default,Default,Default,Default,Default,Default,Default,Default,Default,Default,Default,Default,Default,Default,Default,Default,Default,Default,Default,Default,Default,Default,Default,Default,DefaultJob,Pattern=mark.*&DocumentCount=100000,1,Workload,Actual,5,862042361,2048,420919.12,83,1,0,170422
RegexpQueryBenchmarks.LuceneNet_RegexpQuery,Rowles.LeanCorpus.Benchmarks,RegexpQueryBenchmarks,LuceneNet_RegexpQuery,DefaultJob,Default,Default,Default,Default,Default,Default,Default,Default,Default,Default,Default,Default,Default,Default,Default,Default,Default,Default,Default,Default,Default,Default,Default,Default,Default,Default,Default,Default,Default,Default,Default,Default,Default,Default,Default,Default,Default,Default,Default,Default,Default,DefaultJob,Pattern=mark.*&DocumentCount=100000,1,Workload,Actual,6,877794768,2048,428610.73,83,1,0,170422
RegexpQueryBenchmarks.LuceneNet_RegexpQuery,Rowles.LeanCorpus.Benchmarks,RegexpQueryBenchmarks,LuceneNet_RegexpQuery,DefaultJob,Default,Default,Default,Default,Default,Default,Default,Default,Default,Default,Default,Default,Default,Default,Default,Default,Default,Default,Default,Default,Default,Default,Default,Default,Default,Default,Default,Default,Default,Default,Default,Default,Default,Default,Default,Default,Default,Default,Default,Default,Default,DefaultJob,Pattern=mark.*&DocumentCount=100000,1,Workload,Actual,7,872039987,2048,425800.77,83,1,0,170422
RegexpQueryBenchmarks.LuceneNet_RegexpQuery,Rowles.LeanCorpus.Benchmarks,RegexpQueryBenchmarks,LuceneNet_RegexpQuery,DefaultJob,Default,Default,Default,Default,Default,Default,Default,Default,Default,Default,Default,Default,Default,Default,Default,Default,Default,Default,Default,Default,Default,Default,Default,Default,Default,Default,Default,Default,Default,Default,Default,Default,Default,Default,Default,Default,Default,Default,Default,Default,Default,DefaultJob,Pattern=mark.*&DocumentCount=100000,1,Workload,Actual,8,886188507,2048,432709.23,83,1,0,170422
RegexpQueryBenchmarks.LuceneNet_RegexpQuery,Rowles.LeanCorpus.Benchmarks,RegexpQueryBenchmarks,LuceneNet_RegexpQuery,DefaultJob,Default,Default,Default,Default,Default,Default,Default,Default,Default,Default,Default,Default,Default,Default,Default,Default,Default,Default,Default,Default,Default,Default,Default,Default,Default,Default,Default,Default,Default,Default,Default,Default,Default,Default,Default,Default,Default,Default,Default,Default,Default,DefaultJob,Pattern=mark.*&DocumentCount=100000,1,Workload,Actual,9,869241836,2048,424434.49,83,1,0,170422
RegexpQueryBenchmarks.LuceneNet_RegexpQuery,Rowles.LeanCorpus.Benchmarks,RegexpQueryBenchmarks,LuceneNet_RegexpQuery,DefaultJob,Default,Default,Default,Default,Default,Default,Default,Default,Default,Default,Default,Default,Default,Default,Default,Default,Default,Default,Default,Default,Default,Default,Default,Default,Default,Default,Default,Default,Default,Default,Default,Default,Default,Default,Default,Default,Default,Default,Default,Default,Default,DefaultJob,Pattern=mark.*&DocumentCount=100000,1,Workload,Actual,10,885605348,2048,432424.49,83,1,0,170422
RegexpQueryBenchmarks.LuceneNet_RegexpQuery,Rowles.LeanCorpus.Benchmarks,RegexpQueryBenchmarks,LuceneNet_RegexpQuery,DefaultJob,Default,Default,Default,Default,Default,Default,Default,Default,Default,Default,Default,Default,Default,Default,Default,Default,Default,Default,Default,Default,Default,Default,Default,Default,Default,Default,Default,Default,Default,Default,Default,Default,Default,Default,Default,Default,Default,Default,Default,Default,Default,DefaultJob,Pattern=mark.*&DocumentCount=100000,1,Workload,Actual,11,871578719,2048,425575.55,83,1,0,170422
RegexpQueryBenchmarks.LuceneNet_RegexpQuery,Rowles.LeanCorpus.Benchmarks,RegexpQueryBenchmarks,LuceneNet_RegexpQuery,DefaultJob,Default,Default,Default,Default,Default,Default,Default,Default,Default,Default,Default,Default,Default,Default,Default,Default,Default,Default,Default,Default,Default,Default,Default,Default,Default,Default,Default,Default,Default,Default,Default,Default,Default,Default,Default,Default,Default,Default,Default,Default,Default,DefaultJob,Pattern=mark.*&DocumentCount=100000,1,Workload,Actual,12,877311049,2048,428374.54,83,1,0,170422
RegexpQueryBenchmarks.LuceneNet_RegexpQuery,Rowles.LeanCorpus.Benchmarks,RegexpQueryBenchmarks,LuceneNet_RegexpQuery,DefaultJob,Default,Default,Default,Default,Default,Default,Default,Default,Default,Default,Default,Default,Default,Default,Default,Default,Default,Default,Default,Default,Default,Default,Default,Default,Default,Default,Default,Default,Default,Default,Default,Default,Default,Default,Default,Default,Default,Default,Default,Default,Default,DefaultJob,Pattern=mark.*&DocumentCount=100000,1,Workload,Actual,13,861029246,2048,420424.44,83,1,0,170422
RegexpQueryBenchmarks.LuceneNet_RegexpQuery,Rowles.LeanCorpus.Benchmarks,RegexpQueryBenchmarks,LuceneNet_RegexpQuery,DefaultJob,Default,Default,Default,Default,Default,Default,Default,Default,Default,Default,Default,Default,Default,Default,Default,Default,Default,Default,Default,Default,Default,Default,Default,Default,Default,Default,Default,Default,Default,Default,Default,Default,Default,Default,Default,Default,Default,Default,Default,Default,Default,DefaultJob,Pattern=mark.*&DocumentCount=100000,1,Workload,Actual,14,882222944,2048,430772.92,83,1,0,170422
RegexpQueryBenchmarks.LuceneNet_RegexpQuery,Rowles.LeanCorpus.Benchmarks,RegexpQueryBenchmarks,LuceneNet_RegexpQuery,DefaultJob,Default,Default,Default,Default,Default,Default,Default,Default,Default,Default,Default,Default,Default,Default,Default,Default,Default,Default,Default,Default,Default,Default,Default,Default,Default,Default,Default,Default,Default,Default,Default,Default,Default,Default,Default,Default,Default,Default,Default,Default,Default,DefaultJob,Pattern=mark.*&DocumentCount=100000,1,Workload,Actual,15,874720504,2048,427109.62,83,1,0,170422
RegexpQueryBenchmarks.LuceneNet_RegexpQuery,Rowles.LeanCorpus.Benchmarks,RegexpQueryBenchmarks,LuceneNet_RegexpQuery,DefaultJob,Default,Default,Default,Default,Default,Default,Default,Default,Default,Default,Default,Default,Default,Default,Default,Default,Default,Default,Default,Default,Default,Default,Default,Default,Default,Default,Default,Default,Default,Default,Default,Default,Default,Default,Default,Default,Default,Default,Default,Default,Default,DefaultJob,Pattern=mark.*&DocumentCount=100000,1,Workload,Extra,1,875673796,2048,427575.1,83,1,0,170422
RegexpQueryBenchmarks.LuceneNet_RegexpQuery,Rowles.LeanCorpus.Benchmarks,RegexpQueryBenchmarks,LuceneNet_RegexpQuery,DefaultJob,Default,Default,Default,Default,Default,Default,Default,Default,Default,Default,Default,Default,Default,Default,Default,Default,Default,Default,Default,Default,Default,Default,Default,Default,Default,Default,Default,Default,Default,Default,Default,Default,Default,Default,Default,Default,Default,Default,Default,Default,Default,DefaultJob,Pattern=mark.*&DocumentCount=100000,1,Workload,Result,1,858992061,2048,419429.72,83,1,0,170422
RegexpQueryBenchmarks.LuceneNet_RegexpQuery,Rowles.LeanCorpus.Benchmarks,RegexpQueryBenchmarks,LuceneNet_RegexpQuery,DefaultJob,Default,Default,Default,Default,Default,Default,Default,Default,Default,Default,Default,Default,Default,Default,Default,Default,Default,Default,Default,Default,Default,Default,Default,Default,Default,Default,Default,Default,Default,Default,Default,Default,Default,Default,Default,Default,Default,Default,Default,Default,Default,DefaultJob,Pattern=mark.*&DocumentCount=100000,1,Workload,Result,2,883188569,2048,431244.42,83,1,0,170422
RegexpQueryBenchmarks.LuceneNet_RegexpQuery,Rowles.LeanCorpus.Benchmarks,RegexpQueryBenchmarks,LuceneNet_RegexpQuery,DefaultJob,Default,Default,Default,Default,Default,Default,Default,Default,Default,Default,Default,Default,Default,Default,Default,Default,Default,Default,Default,Default,Default,Default,Default,Default,Default,Default,Default,Default,Default,Default,Default,Default,Default,Default,Default,Default,Default,Default,Default,Default,Default,DefaultJob,Pattern=mark.*&DocumentCount=100000,1,Workload,Result,3,858265048,2048,419074.73,83,1,0,170422
RegexpQueryBenchmarks.LuceneNet_RegexpQuery,Rowles.LeanCorpus.Benchmarks,RegexpQueryBenchmarks,LuceneNet_RegexpQuery,DefaultJob,Default,Default,Default,Default,Default,Default,Default,Default,Default,Default,Default,Default,Default,Default,Default,Default,Default,Default,Default,Default,Default,Default,Default,Default,Default,Default,Default,Default,Default,Default,Default,Default,Default,Default,Default,Default,Default,Default,Default,Default,Default,DefaultJob,Pattern=mark.*&DocumentCount=100000,1,Workload,Result,4,876814592,2048,428132.13,83,1,0,170422
RegexpQueryBenchmarks.LuceneNet_RegexpQuery,Rowles.LeanCorpus.Benchmarks,RegexpQueryBenchmarks,LuceneNet_RegexpQuery,DefaultJob,Default,Default,Default,Default,Default,Default,Default,Default,Default,Default,Default,Default,Default,Default,Default,Default,Default,Default,Default,Default,Default,Default,Default,Default,Default,Default,Default,Default,Default,Default,Default,Default,Default,Default,Default,Default,Default,Default,Default,Default,Default,DefaultJob,Pattern=mark.*&DocumentCount=100000,1,Workload,Result,5,862042361,2048,420919.12,83,1,0,170422
RegexpQueryBenchmarks.LuceneNet_RegexpQuery,Rowles.LeanCorpus.Benchmarks,RegexpQueryBenchmarks,LuceneNet_RegexpQuery,DefaultJob,Default,Default,Default,Default,Default,Default,Default,Default,Default,Default,Default,Default,Default,Default,Default,Default,Default,Default,Default,Default,Default,Default,Default,Default,Default,Default,Default,Default,Default,Default,Default,Default,Default,Default,Default,Default,Default,Default,Default,Default,Default,DefaultJob,Pattern=mark.*&DocumentCount=100000,1,Workload,Result,6,877794768,2048,428610.73,83,1,0,170422
RegexpQueryBenchmarks.LuceneNet_RegexpQuery,Rowles.LeanCorpus.Benchmarks,RegexpQueryBenchmarks,LuceneNet_RegexpQuery,DefaultJob,Default,Default,Default,Default,Default,Default,Default,Default,Default,Default,Default,Default,Default,Default,Default,Default,Default,Default,Default,Default,Default,Default,Default,Default,Default,Default,Default,Default,Default,Default,Default,Default,Default,Default,Default,Default,Default,Default,Default,Default,Default,DefaultJob,Pattern=mark.*&DocumentCount=100000,1,Workload,Result,7,872039987,2048,425800.77,83,1,0,170422
RegexpQueryBenchmarks.LuceneNet_RegexpQuery,Rowles.LeanCorpus.Benchmarks,RegexpQueryBenchmarks,LuceneNet_RegexpQuery,DefaultJob,Default,Default,Default,Default,Default,Default,Default,Default,Default,Default,Default,Default,Default,Default,Default,Default,Default,Default,Default,Default,Default,Default,Default,Default,Default,Default,Default,Default,Default,Default,Default,Default,Default,Default,Default,Default,Default,Default,Default,Default,Default,DefaultJob,Pattern=mark.*&DocumentCount=100000,1,Workload,Result,8,886188507,2048,432709.23,83,1,0,170422
RegexpQueryBenchmarks.LuceneNet_RegexpQuery,Rowles.LeanCorpus.Benchmarks,RegexpQueryBenchmarks,LuceneNet_RegexpQuery,DefaultJob,Default,Default,Default,Default,Default,Default,Default,Default,Default,Default,Default,Default,Default,Default,Default,Default,Default,Default,Default,Default,Default,Default,Default,Default,Default,Default,Default,Default,Default,Default,Default,Default,Default,Default,Default,Default,Default,Default,Default,Default,Default,DefaultJob,Pattern=mark.*&DocumentCount=100000,1,Workload,Result,9,869241836,2048,424434.49,83,1,0,170422
RegexpQueryBenchmarks.LuceneNet_RegexpQuery,Rowles.LeanCorpus.Benchmarks,RegexpQueryBenchmarks,LuceneNet_RegexpQuery,DefaultJob,Default,Default,Default,Default,Default,Default,Default,Default,Default,Default,Default,Default,Default,Default,Default,Default,Default,Default,Default,Default,Default,Default,Default,Default,Default,Default,Default,Default,Default,Default,Default,Default,Default,Default,Default,Default,Default,Default,Default,Default,Default,DefaultJob,Pattern=mark.*&DocumentCount=100000,1,Workload,Result,10,885605348,2048,432424.49,83,1,0,170422
RegexpQueryBenchmarks.LuceneNet_RegexpQuery,Rowles.LeanCorpus.Benchmarks,RegexpQueryBenchmarks,LuceneNet_RegexpQuery,DefaultJob,Default,Default,Default,Default,Default,Default,Default,Default,Default,Default,Default,Default,Default,Default,Default,Default,Default,Default,Default,Default,Default,Default,Default,Default,Default,Default,Default,Default,Default,Default,Default,Default,Default,Default,Default,Default,Default,Default,Default,Default,Default,DefaultJob,Pattern=mark.*&DocumentCount=100000,1,Workload,Result,11,871578719,2048,425575.55,83,1,0,170422
RegexpQueryBenchmarks.LuceneNet_RegexpQuery,Rowles.LeanCorpus.Benchmarks,RegexpQueryBenchmarks,LuceneNet_RegexpQuery,DefaultJob,Default,Default,Default,Default,Default,Default,Default,Default,Default,Default,Default,Default,Default,Default,Default,Default,Default,Default,Default,Default,Default,Default,Default,Default,Default,Default,Default,Default,Default,Default,Default,Default,Default,Default,Default,Default,Default,Default,Default,Default,Default,DefaultJob,Pattern=mark.*&DocumentCount=100000,1,Workload,Result,12,877311049,2048,428374.54,83,1,0,170422
RegexpQueryBenchmarks.LuceneNet_RegexpQuery,Rowles.LeanCorpus.Benchmarks,RegexpQueryBenchmarks,LuceneNet_RegexpQuery,DefaultJob,Default,Default,Default,Default,Default,Default,Default,Default,Default,Default,Default,Default,Default,Default,Default,Default,Default,Default,Default,Default,Default,Default,Default,Default,Default,Default,Default,Default,Default,Default,Default,Default,Default,Default,Default,Default,Default,Default,Default,Default,Default,DefaultJob,Pattern=mark.*&DocumentCount=100000,1,Workload,Result,13,861029246,2048,420424.44,83,1,0,170422
RegexpQueryBenchmarks.LuceneNet_RegexpQuery,Rowles.LeanCorpus.Benchmarks,RegexpQueryBenchmarks,LuceneNet_RegexpQuery,DefaultJob,Default,Default,Default,Default,Default,Default,Default,Default,Default,Default,Default,Default,Default,Default,Default,Default,Default,Default,Default,Default,Default,Default,Default,Default,Default,Default,Default,Default,Default,Default,Default,Default,Default,Default,Default,Default,Default,Default,Default,Default,Default,DefaultJob,Pattern=mark.*&DocumentCount=100000,1,Workload,Result,14,882222944,2048,430772.92,83,1,0,170422
RegexpQueryBenchmarks.LuceneNet_RegexpQuery,Rowles.LeanCorpus.Benchmarks,RegexpQueryBenchmarks,LuceneNet_RegexpQuery,DefaultJob,Default,Default,Default,Default,Default,Default,Default,Default,Default,Default,Default,Default,Default,Default,Default,Default,Default,Default,Default,Default,Default,Default,Default,Default,Default,Default,Default,Default,Default,Default,Default,Default,Default,Default,Default,Default,Default,Default,Default,Default,Default,DefaultJob,Pattern=mark.*&DocumentCount=100000,1,Workload,Result,15,874720504,2048,427109.62,83,1,0,170422
