Target,Target_Namespace,Target_Type,Target_Method,Job_Id,Job_AnalyzeLaunchVariance,Job_EvaluateOverhead,Job_MaxAbsoluteError,Job_MaxRelativeError,Job_MinInvokeCount,Job_MinIterationTime,Job_OutlierMode,Job_Affinity,Job_EnvironmentVariables,Job_Jit,Job_LargeAddressAware,Job_Platform,Job_PowerPlanMode,Job_Runtime,Job_AllowVeryLargeObjects,Job_Concurrent,Job_CpuGroups,Job_Force,Job_HeapAffinitizeMask,Job_HeapCount,Job_NoAffinitize,Job_RetainVm,Job_Server,Job_Arguments,Job_BuildConfiguration,Job_Clock,Job_EngineFactory,Job_Toolchain,Job_IsMutator,Job_InvocationCount,Job_IterationCount,Job_IterationTime,Job_LaunchCount,Job_MaxIterationCount,Job_MaxWarmupIterationCount,Job_MemoryRandomization,Job_MinIterationCount,Job_MinWarmupIterationCount,Job_RunStrategy,Job_UnrollFactor,Job_WarmupCount,Job_Display,Params,Measurement_LaunchIndex,Measurement_IterationMode,Measurement_IterationStage,Measurement_IterationIndex,Measurement_Nanoseconds,Measurement_Operations,Measurement_Value,Gen_0,Gen_1,Gen_2,Allocated_Bytes
VectorQuantisationBenchmarks.'HNSW search',Rowles.LeanCorpus.Benchmarks,VectorQuantisationBenchmarks,'HNSW search',DefaultJob,Default,Default,Default,Default,Default,Default,Default,Default,Default,Default,Default,Default,Default,Default,Default,Default,Default,Default,Default,Default,Default,Default,Default,Default,Default,Default,Default,Default,Default,Default,Default,Default,Default,Default,Default,Default,Default,Default,Default,Default,Default,DefaultJob,Dimension=64&Quantisation=None,1,Workload,Jitting,1,3777898,1,3777898,2,0,0,40939
VectorQuantisationBenchmarks.'HNSW search',Rowles.LeanCorpus.Benchmarks,VectorQuantisationBenchmarks,'HNSW search',DefaultJob,Default,Default,Default,Default,Default,Default,Default,Default,Default,Default,Default,Default,Default,Default,Default,Default,Default,Default,Default,Default,Default,Default,Default,Default,Default,Default,Default,Default,Default,Default,Default,Default,Default,Default,Default,Default,Default,Default,Default,Default,Default,DefaultJob,Dimension=64&Quantisation=None,1,Workload,Jitting,2,83721553,30,2790718.43,2,0,0,40939
VectorQuantisationBenchmarks.'HNSW search',Rowles.LeanCorpus.Benchmarks,VectorQuantisationBenchmarks,'HNSW search',DefaultJob,Default,Default,Default,Default,Default,Default,Default,Default,Default,Default,Default,Default,Default,Default,Default,Default,Default,Default,Default,Default,Default,Default,Default,Default,Default,Default,Default,Default,Default,Default,Default,Default,Default,Default,Default,Default,Default,Default,Default,Default,Default,DefaultJob,Dimension=64&Quantisation=None,1,Workload,Jitting,3,86602686,30,2886756.2,2,0,0,40939
VectorQuantisationBenchmarks.'HNSW search',Rowles.LeanCorpus.Benchmarks,VectorQuantisationBenchmarks,'HNSW search',DefaultJob,Default,Default,Default,Default,Default,Default,Default,Default,Default,Default,Default,Default,Default,Default,Default,Default,Default,Default,Default,Default,Default,Default,Default,Default,Default,Default,Default,Default,Default,Default,Default,Default,Default,Default,Default,Default,Default,Default,Default,Default,Default,DefaultJob,Dimension=64&Quantisation=None,1,Workload,Jitting,4,80418267,30,2680608.9,2,0,0,40939
VectorQuantisationBenchmarks.'HNSW search',Rowles.LeanCorpus.Benchmarks,VectorQuantisationBenchmarks,'HNSW search',DefaultJob,Default,Default,Default,Default,Default,Default,Default,Default,Default,Default,Default,Default,Default,Default,Default,Default,Default,Default,Default,Default,Default,Default,Default,Default,Default,Default,Default,Default,Default,Default,Default,Default,Default,Default,Default,Default,Default,Default,Default,Default,Default,DefaultJob,Dimension=64&Quantisation=None,1,Workload,Jitting,5,3543600,1,3543600,2,0,0,40939
VectorQuantisationBenchmarks.'HNSW search',Rowles.LeanCorpus.Benchmarks,VectorQuantisationBenchmarks,'HNSW search',DefaultJob,Default,Default,Default,Default,Default,Default,Default,Default,Default,Default,Default,Default,Default,Default,Default,Default,Default,Default,Default,Default,Default,Default,Default,Default,Default,Default,Default,Default,Default,Default,Default,Default,Default,Default,Default,Default,Default,Default,Default,Default,Default,DefaultJob,Dimension=64&Quantisation=None,1,Workload,Pilot,1,3801137,1,3801137,2,0,0,40939
VectorQuantisationBenchmarks.'HNSW search',Rowles.LeanCorpus.Benchmarks,VectorQuantisationBenchmarks,'HNSW search',DefaultJob,Default,Default,Default,Default,Default,Default,Default,Default,Default,Default,Default,Default,Default,Default,Default,Default,Default,Default,Default,Default,Default,Default,Default,Default,Default,Default,Default,Default,Default,Default,Default,Default,Default,Default,Default,Default,Default,Default,Default,Default,Default,DefaultJob,Dimension=64&Quantisation=None,1,Workload,Pilot,1,47297446,16,2956090.38,2,0,0,40939
VectorQuantisationBenchmarks.'HNSW search',Rowles.LeanCorpus.Benchmarks,VectorQuantisationBenchmarks,'HNSW search',DefaultJob,Default,Default,Default,Default,Default,Default,Default,Default,Default,Default,Default,Default,Default,Default,Default,Default,Default,Default,Default,Default,Default,Default,Default,Default,Default,Default,Default,Default,Default,Default,Default,Default,Default,Default,Default,Default,Default,Default,Default,Default,Default,DefaultJob,Dimension=64&Quantisation=None,1,Workload,Pilot,2,87464784,32,2733274.5,2,0,0,40939
VectorQuantisationBenchmarks.'HNSW search',Rowles.LeanCorpus.Benchmarks,VectorQuantisationBenchmarks,'HNSW search',DefaultJob,Default,Default,Default,Default,Default,Default,Default,Default,Default,Default,Default,Default,Default,Default,Default,Default,Default,Default,Default,Default,Default,Default,Default,Default,Default,Default,Default,Default,Default,Default,Default,Default,Default,Default,Default,Default,Default,Default,Default,Default,Default,DefaultJob,Dimension=64&Quantisation=None,1,Workload,Pilot,3,160044409,64,2500693.89,2,0,0,40939
VectorQuantisationBenchmarks.'HNSW search',Rowles.LeanCorpus.Benchmarks,VectorQuantisationBenchmarks,'HNSW search',DefaultJob,Default,Default,Default,Default,Default,Default,Default,Default,Default,Default,Default,Default,Default,Default,Default,Default,Default,Default,Default,Default,Default,Default,Default,Default,Default,Default,Default,Default,Default,Default,Default,Default,Default,Default,Default,Default,Default,Default,Default,Default,Default,DefaultJob,Dimension=64&Quantisation=None,1,Workload,Pilot,4,303857638,128,2373887.8,2,0,0,40939
VectorQuantisationBenchmarks.'HNSW search',Rowles.LeanCorpus.Benchmarks,VectorQuantisationBenchmarks,'HNSW search',DefaultJob,Default,Default,Default,Default,Default,Default,Default,Default,Default,Default,Default,Default,Default,Default,Default,Default,Default,Default,Default,Default,Default,Default,Default,Default,Default,Default,Default,Default,Default,Default,Default,Default,Default,Default,Default,Default,Default,Default,Default,Default,Default,DefaultJob,Dimension=64&Quantisation=None,1,Workload,Pilot,5,588621348,256,2299302.14,2,0,0,40939
VectorQuantisationBenchmarks.'HNSW search',Rowles.LeanCorpus.Benchmarks,VectorQuantisationBenchmarks,'HNSW search',DefaultJob,Default,Default,Default,Default,Default,Default,Default,Default,Default,Default,Default,Default,Default,Default,Default,Default,Default,Default,Default,Default,Default,Default,Default,Default,Default,Default,Default,Default,Default,Default,Default,Default,Default,Default,Default,Default,Default,Default,Default,Default,Default,DefaultJob,Dimension=64&Quantisation=None,1,Workload,Warmup,1,582247664,256,2274404.94,2,0,0,40939
VectorQuantisationBenchmarks.'HNSW search',Rowles.LeanCorpus.Benchmarks,VectorQuantisationBenchmarks,'HNSW search',DefaultJob,Default,Default,Default,Default,Default,Default,Default,Default,Default,Default,Default,Default,Default,Default,Default,Default,Default,Default,Default,Default,Default,Default,Default,Default,Default,Default,Default,Default,Default,Default,Default,Default,Default,Default,Default,Default,Default,Default,Default,Default,Default,DefaultJob,Dimension=64&Quantisation=None,1,Workload,Warmup,2,577292523,256,2255048.92,2,0,0,40939
VectorQuantisationBenchmarks.'HNSW search',Rowles.LeanCorpus.Benchmarks,VectorQuantisationBenchmarks,'HNSW search',DefaultJob,Default,Default,Default,Default,Default,Default,Default,Default,Default,Default,Default,Default,Default,Default,Default,Default,Default,Default,Default,Default,Default,Default,Default,Default,Default,Default,Default,Default,Default,Default,Default,Default,Default,Default,Default,Default,Default,Default,Default,Default,Default,DefaultJob,Dimension=64&Quantisation=None,1,Workload,Warmup,3,583594476,256,2279665.92,2,0,0,40939
VectorQuantisationBenchmarks.'HNSW search',Rowles.LeanCorpus.Benchmarks,VectorQuantisationBenchmarks,'HNSW search',DefaultJob,Default,Default,Default,Default,Default,Default,Default,Default,Default,Default,Default,Default,Default,Default,Default,Default,Default,Default,Default,Default,Default,Default,Default,Default,Default,Default,Default,Default,Default,Default,Default,Default,Default,Default,Default,Default,Default,Default,Default,Default,Default,DefaultJob,Dimension=64&Quantisation=None,1,Workload,Warmup,4,577883157,256,2257356.08,2,0,0,40939
VectorQuantisationBenchmarks.'HNSW search',Rowles.LeanCorpus.Benchmarks,VectorQuantisationBenchmarks,'HNSW search',DefaultJob,Default,Default,Default,Default,Default,Default,Default,Default,Default,Default,Default,Default,Default,Default,Default,Default,Default,Default,Default,Default,Default,Default,Default,Default,Default,Default,Default,Default,Default,Default,Default,Default,Default,Default,Default,Default,Default,Default,Default,Default,Default,DefaultJob,Dimension=64&Quantisation=None,1,Workload,Warmup,5,569129545,256,2223162.29,2,0,0,40939
VectorQuantisationBenchmarks.'HNSW search',Rowles.LeanCorpus.Benchmarks,VectorQuantisationBenchmarks,'HNSW search',DefaultJob,Default,Default,Default,Default,Default,Default,Default,Default,Default,Default,Default,Default,Default,Default,Default,Default,Default,Default,Default,Default,Default,Default,Default,Default,Default,Default,Default,Default,Default,Default,Default,Default,Default,Default,Default,Default,Default,Default,Default,Default,Default,DefaultJob,Dimension=64&Quantisation=None,1,Workload,Warmup,6,577572615,256,2256143.03,2,0,0,40939
VectorQuantisationBenchmarks.'HNSW search',Rowles.LeanCorpus.Benchmarks,VectorQuantisationBenchmarks,'HNSW search',DefaultJob,Default,Default,Default,Default,Default,Default,Default,Default,Default,Default,Default,Default,Default,Default,Default,Default,Default,Default,Default,Default,Default,Default,Default,Default,Default,Default,Default,Default,Default,Default,Default,Default,Default,Default,Default,Default,Default,Default,Default,Default,Default,DefaultJob,Dimension=64&Quantisation=None,1,Workload,Warmup,7,585136404,256,2285689.08,2,0,0,40939
VectorQuantisationBenchmarks.'HNSW search',Rowles.LeanCorpus.Benchmarks,VectorQuantisationBenchmarks,'HNSW search',DefaultJob,Default,Default,Default,Default,Default,Default,Default,Default,Default,Default,Default,Default,Default,Default,Default,Default,Default,Default,Default,Default,Default,Default,Default,Default,Default,Default,Default,Default,Default,Default,Default,Default,Default,Default,Default,Default,Default,Default,Default,Default,Default,DefaultJob,Dimension=64&Quantisation=None,1,Workload,Warmup,8,582195616,256,2274201.63,2,0,0,40939
VectorQuantisationBenchmarks.'HNSW search',Rowles.LeanCorpus.Benchmarks,VectorQuantisationBenchmarks,'HNSW search',DefaultJob,Default,Default,Default,Default,Default,Default,Default,Default,Default,Default,Default,Default,Default,Default,Default,Default,Default,Default,Default,Default,Default,Default,Default,Default,Default,Default,Default,Default,Default,Default,Default,Default,Default,Default,Default,Default,Default,Default,Default,Default,Default,DefaultJob,Dimension=64&Quantisation=None,1,Workload,Actual,1,584759792,256,2284217.94,2,0,0,40939
VectorQuantisationBenchmarks.'HNSW search',Rowles.LeanCorpus.Benchmarks,VectorQuantisationBenchmarks,'HNSW search',DefaultJob,Default,Default,Default,Default,Default,Default,Default,Default,Default,Default,Default,Default,Default,Default,Default,Default,Default,Default,Default,Default,Default,Default,Default,Default,Default,Default,Default,Default,Default,Default,Default,Default,Default,Default,Default,Default,Default,Default,Default,Default,Default,DefaultJob,Dimension=64&Quantisation=None,1,Workload,Actual,2,578223485,256,2258685.49,2,0,0,40939
VectorQuantisationBenchmarks.'HNSW search',Rowles.LeanCorpus.Benchmarks,VectorQuantisationBenchmarks,'HNSW search',DefaultJob,Default,Default,Default,Default,Default,Default,Default,Default,Default,Default,Default,Default,Default,Default,Default,Default,Default,Default,Default,Default,Default,Default,Default,Default,Default,Default,Default,Default,Default,Default,Default,Default,Default,Default,Default,Default,Default,Default,Default,Default,Default,DefaultJob,Dimension=64&Quantisation=None,1,Workload,Actual,3,582782769,256,2276495.19,2,0,0,40939
VectorQuantisationBenchmarks.'HNSW search',Rowles.LeanCorpus.Benchmarks,VectorQuantisationBenchmarks,'HNSW search',DefaultJob,Default,Default,Default,Default,Default,Default,Default,Default,Default,Default,Default,Default,Default,Default,Default,Default,Default,Default,Default,Default,Default,Default,Default,Default,Default,Default,Default,Default,Default,Default,Default,Default,Default,Default,Default,Default,Default,Default,Default,Default,Default,DefaultJob,Dimension=64&Quantisation=None,1,Workload,Actual,4,587403664,256,2294545.56,2,0,0,40939
VectorQuantisationBenchmarks.'HNSW search',Rowles.LeanCorpus.Benchmarks,VectorQuantisationBenchmarks,'HNSW search',DefaultJob,Default,Default,Default,Default,Default,Default,Default,Default,Default,Default,Default,Default,Default,Default,Default,Default,Default,Default,Default,Default,Default,Default,Default,Default,Default,Default,Default,Default,Default,Default,Default,Default,Default,Default,Default,Default,Default,Default,Default,Default,Default,DefaultJob,Dimension=64&Quantisation=None,1,Workload,Actual,5,579654771,256,2264276.45,2,0,0,40939
VectorQuantisationBenchmarks.'HNSW search',Rowles.LeanCorpus.Benchmarks,VectorQuantisationBenchmarks,'HNSW search',DefaultJob,Default,Default,Default,Default,Default,Default,Default,Default,Default,Default,Default,Default,Default,Default,Default,Default,Default,Default,Default,Default,Default,Default,Default,Default,Default,Default,Default,Default,Default,Default,Default,Default,Default,Default,Default,Default,Default,Default,Default,Default,Default,DefaultJob,Dimension=64&Quantisation=None,1,Workload,Actual,6,584035486,256,2281388.62,2,0,0,40939
VectorQuantisationBenchmarks.'HNSW search',Rowles.LeanCorpus.Benchmarks,VectorQuantisationBenchmarks,'HNSW search',DefaultJob,Default,Default,Default,Default,Default,Default,Default,Default,Default,Default,Default,Default,Default,Default,Default,Default,Default,Default,Default,Default,Default,Default,Default,Default,Default,Default,Default,Default,Default,Default,Default,Default,Default,Default,Default,Default,Default,Default,Default,Default,Default,DefaultJob,Dimension=64&Quantisation=None,1,Workload,Actual,7,572411996,256,2235984.36,2,0,0,40939
VectorQuantisationBenchmarks.'HNSW search',Rowles.LeanCorpus.Benchmarks,VectorQuantisationBenchmarks,'HNSW search',DefaultJob,Default,Default,Default,Default,Default,Default,Default,Default,Default,Default,Default,Default,Default,Default,Default,Default,Default,Default,Default,Default,Default,Default,Default,Default,Default,Default,Default,Default,Default,Default,Default,Default,Default,Default,Default,Default,Default,Default,Default,Default,Default,DefaultJob,Dimension=64&Quantisation=None,1,Workload,Actual,8,579541856,256,2263835.38,2,0,0,40939
VectorQuantisationBenchmarks.'HNSW search',Rowles.LeanCorpus.Benchmarks,VectorQuantisationBenchmarks,'HNSW search',DefaultJob,Default,Default,Default,Default,Default,Default,Default,Default,Default,Default,Default,Default,Default,Default,Default,Default,Default,Default,Default,Default,Default,Default,Default,Default,Default,Default,Default,Default,Default,Default,Default,Default,Default,Default,Default,Default,Default,Default,Default,Default,Default,DefaultJob,Dimension=64&Quantisation=None,1,Workload,Actual,9,578525069,256,2259863.55,2,0,0,40939
VectorQuantisationBenchmarks.'HNSW search',Rowles.LeanCorpus.Benchmarks,VectorQuantisationBenchmarks,'HNSW search',DefaultJob,Default,Default,Default,Default,Default,Default,Default,Default,Default,Default,Default,Default,Default,Default,Default,Default,Default,Default,Default,Default,Default,Default,Default,Default,Default,Default,Default,Default,Default,Default,Default,Default,Default,Default,Default,Default,Default,Default,Default,Default,Default,DefaultJob,Dimension=64&Quantisation=None,1,Workload,Actual,10,582840178,256,2276719.45,2,0,0,40939
VectorQuantisationBenchmarks.'HNSW search',Rowles.LeanCorpus.Benchmarks,VectorQuantisationBenchmarks,'HNSW search',DefaultJob,Default,Default,Default,Default,Default,Default,Default,Default,Default,Default,Default,Default,Default,Default,Default,Default,Default,Default,Default,Default,Default,Default,Default,Default,Default,Default,Default,Default,Default,Default,Default,Default,Default,Default,Default,Default,Default,Default,Default,Default,Default,DefaultJob,Dimension=64&Quantisation=None,1,Workload,Actual,11,584081818,256,2281569.6,2,0,0,40939
VectorQuantisationBenchmarks.'HNSW search',Rowles.LeanCorpus.Benchmarks,VectorQuantisationBenchmarks,'HNSW search',DefaultJob,Default,Default,Default,Default,Default,Default,Default,Default,Default,Default,Default,Default,Default,Default,Default,Default,Default,Default,Default,Default,Default,Default,Default,Default,Default,Default,Default,Default,Default,Default,Default,Default,Default,Default,Default,Default,Default,Default,Default,Default,Default,DefaultJob,Dimension=64&Quantisation=None,1,Workload,Actual,12,598379264,256,2337419,2,0,0,40939
VectorQuantisationBenchmarks.'HNSW search',Rowles.LeanCorpus.Benchmarks,VectorQuantisationBenchmarks,'HNSW search',DefaultJob,Default,Default,Default,Default,Default,Default,Default,Default,Default,Default,Default,Default,Default,Default,Default,Default,Default,Default,Default,Default,Default,Default,Default,Default,Default,Default,Default,Default,Default,Default,Default,Default,Default,Default,Default,Default,Default,Default,Default,Default,Default,DefaultJob,Dimension=64&Quantisation=None,1,Workload,Actual,13,585109635,256,2285584.51,2,0,0,40939
VectorQuantisationBenchmarks.'HNSW search',Rowles.LeanCorpus.Benchmarks,VectorQuantisationBenchmarks,'HNSW search',DefaultJob,Default,Default,Default,Default,Default,Default,Default,Default,Default,Default,Default,Default,Default,Default,Default,Default,Default,Default,Default,Default,Default,Default,Default,Default,Default,Default,Default,Default,Default,Default,Default,Default,Default,Default,Default,Default,Default,Default,Default,Default,Default,DefaultJob,Dimension=64&Quantisation=None,1,Workload,Actual,14,580984826,256,2269471.98,2,0,0,40939
VectorQuantisationBenchmarks.'HNSW search',Rowles.LeanCorpus.Benchmarks,VectorQuantisationBenchmarks,'HNSW search',DefaultJob,Default,Default,Default,Default,Default,Default,Default,Default,Default,Default,Default,Default,Default,Default,Default,Default,Default,Default,Default,Default,Default,Default,Default,Default,Default,Default,Default,Default,Default,Default,Default,Default,Default,Default,Default,Default,Default,Default,Default,Default,Default,DefaultJob,Dimension=64&Quantisation=None,1,Workload,Actual,15,581726166,256,2272367.84,2,0,0,40939
VectorQuantisationBenchmarks.'HNSW search',Rowles.LeanCorpus.Benchmarks,VectorQuantisationBenchmarks,'HNSW search',DefaultJob,Default,Default,Default,Default,Default,Default,Default,Default,Default,Default,Default,Default,Default,Default,Default,Default,Default,Default,Default,Default,Default,Default,Default,Default,Default,Default,Default,Default,Default,Default,Default,Default,Default,Default,Default,Default,Default,Default,Default,Default,Default,DefaultJob,Dimension=64&Quantisation=None,1,Workload,Extra,1,578154715,256,2258416.86,2,0,0,40939
VectorQuantisationBenchmarks.'HNSW search',Rowles.LeanCorpus.Benchmarks,VectorQuantisationBenchmarks,'HNSW search',DefaultJob,Default,Default,Default,Default,Default,Default,Default,Default,Default,Default,Default,Default,Default,Default,Default,Default,Default,Default,Default,Default,Default,Default,Default,Default,Default,Default,Default,Default,Default,Default,Default,Default,Default,Default,Default,Default,Default,Default,Default,Default,Default,DefaultJob,Dimension=64&Quantisation=None,1,Workload,Result,1,584759792,256,2284217.94,2,0,0,40939
VectorQuantisationBenchmarks.'HNSW search',Rowles.LeanCorpus.Benchmarks,VectorQuantisationBenchmarks,'HNSW search',DefaultJob,Default,Default,Default,Default,Default,Default,Default,Default,Default,Default,Default,Default,Default,Default,Default,Default,Default,Default,Default,Default,Default,Default,Default,Default,Default,Default,Default,Default,Default,Default,Default,Default,Default,Default,Default,Default,Default,Default,Default,Default,Default,DefaultJob,Dimension=64&Quantisation=None,1,Workload,Result,2,578223485,256,2258685.49,2,0,0,40939
VectorQuantisationBenchmarks.'HNSW search',Rowles.LeanCorpus.Benchmarks,VectorQuantisationBenchmarks,'HNSW search',DefaultJob,Default,Default,Default,Default,Default,Default,Default,Default,Default,Default,Default,Default,Default,Default,Default,Default,Default,Default,Default,Default,Default,Default,Default,Default,Default,Default,Default,Default,Default,Default,Default,Default,Default,Default,Default,Default,Default,Default,Default,Default,Default,DefaultJob,Dimension=64&Quantisation=None,1,Workload,Result,3,582782769,256,2276495.19,2,0,0,40939
VectorQuantisationBenchmarks.'HNSW search',Rowles.LeanCorpus.Benchmarks,VectorQuantisationBenchmarks,'HNSW search',DefaultJob,Default,Default,Default,Default,Default,Default,Default,Default,Default,Default,Default,Default,Default,Default,Default,Default,Default,Default,Default,Default,Default,Default,Default,Default,Default,Default,Default,Default,Default,Default,Default,Default,Default,Default,Default,Default,Default,Default,Default,Default,Default,DefaultJob,Dimension=64&Quantisation=None,1,Workload,Result,4,587403664,256,2294545.56,2,0,0,40939
VectorQuantisationBenchmarks.'HNSW search',Rowles.LeanCorpus.Benchmarks,VectorQuantisationBenchmarks,'HNSW search',DefaultJob,Default,Default,Default,Default,Default,Default,Default,Default,Default,Default,Default,Default,Default,Default,Default,Default,Default,Default,Default,Default,Default,Default,Default,Default,Default,Default,Default,Default,Default,Default,Default,Default,Default,Default,Default,Default,Default,Default,Default,Default,Default,DefaultJob,Dimension=64&Quantisation=None,1,Workload,Result,5,579654771,256,2264276.45,2,0,0,40939
VectorQuantisationBenchmarks.'HNSW search',Rowles.LeanCorpus.Benchmarks,VectorQuantisationBenchmarks,'HNSW search',DefaultJob,Default,Default,Default,Default,Default,Default,Default,Default,Default,Default,Default,Default,Default,Default,Default,Default,Default,Default,Default,Default,Default,Default,Default,Default,Default,Default,Default,Default,Default,Default,Default,Default,Default,Default,Default,Default,Default,Default,Default,Default,Default,DefaultJob,Dimension=64&Quantisation=None,1,Workload,Result,6,584035486,256,2281388.62,2,0,0,40939
VectorQuantisationBenchmarks.'HNSW search',Rowles.LeanCorpus.Benchmarks,VectorQuantisationBenchmarks,'HNSW search',DefaultJob,Default,Default,Default,Default,Default,Default,Default,Default,Default,Default,Default,Default,Default,Default,Default,Default,Default,Default,Default,Default,Default,Default,Default,Default,Default,Default,Default,Default,Default,Default,Default,Default,Default,Default,Default,Default,Default,Default,Default,Default,Default,DefaultJob,Dimension=64&Quantisation=None,1,Workload,Result,7,572411996,256,2235984.36,2,0,0,40939
VectorQuantisationBenchmarks.'HNSW search',Rowles.LeanCorpus.Benchmarks,VectorQuantisationBenchmarks,'HNSW search',DefaultJob,Default,Default,Default,Default,Default,Default,Default,Default,Default,Default,Default,Default,Default,Default,Default,Default,Default,Default,Default,Default,Default,Default,Default,Default,Default,Default,Default,Default,Default,Default,Default,Default,Default,Default,Default,Default,Default,Default,Default,Default,Default,DefaultJob,Dimension=64&Quantisation=None,1,Workload,Result,8,579541856,256,2263835.38,2,0,0,40939
VectorQuantisationBenchmarks.'HNSW search',Rowles.LeanCorpus.Benchmarks,VectorQuantisationBenchmarks,'HNSW search',DefaultJob,Default,Default,Default,Default,Default,Default,Default,Default,Default,Default,Default,Default,Default,Default,Default,Default,Default,Default,Default,Default,Default,Default,Default,Default,Default,Default,Default,Default,Default,Default,Default,Default,Default,Default,Default,Default,Default,Default,Default,Default,Default,DefaultJob,Dimension=64&Quantisation=None,1,Workload,Result,9,578525069,256,2259863.55,2,0,0,40939
VectorQuantisationBenchmarks.'HNSW search',Rowles.LeanCorpus.Benchmarks,VectorQuantisationBenchmarks,'HNSW search',DefaultJob,Default,Default,Default,Default,Default,Default,Default,Default,Default,Default,Default,Default,Default,Default,Default,Default,Default,Default,Default,Default,Default,Default,Default,Default,Default,Default,Default,Default,Default,Default,Default,Default,Default,Default,Default,Default,Default,Default,Default,Default,Default,DefaultJob,Dimension=64&Quantisation=None,1,Workload,Result,10,582840178,256,2276719.45,2,0,0,40939
VectorQuantisationBenchmarks.'HNSW search',Rowles.LeanCorpus.Benchmarks,VectorQuantisationBenchmarks,'HNSW search',DefaultJob,Default,Default,Default,Default,Default,Default,Default,Default,Default,Default,Default,Default,Default,Default,Default,Default,Default,Default,Default,Default,Default,Default,Default,Default,Default,Default,Default,Default,Default,Default,Default,Default,Default,Default,Default,Default,Default,Default,Default,Default,Default,DefaultJob,Dimension=64&Quantisation=None,1,Workload,Result,11,584081818,256,2281569.6,2,0,0,40939
VectorQuantisationBenchmarks.'HNSW search',Rowles.LeanCorpus.Benchmarks,VectorQuantisationBenchmarks,'HNSW search',DefaultJob,Default,Default,Default,Default,Default,Default,Default,Default,Default,Default,Default,Default,Default,Default,Default,Default,Default,Default,Default,Default,Default,Default,Default,Default,Default,Default,Default,Default,Default,Default,Default,Default,Default,Default,Default,Default,Default,Default,Default,Default,Default,DefaultJob,Dimension=64&Quantisation=None,1,Workload,Result,12,585109635,256,2285584.51,2,0,0,40939
VectorQuantisationBenchmarks.'HNSW search',Rowles.LeanCorpus.Benchmarks,VectorQuantisationBenchmarks,'HNSW search',DefaultJob,Default,Default,Default,Default,Default,Default,Default,Default,Default,Default,Default,Default,Default,Default,Default,Default,Default,Default,Default,Default,Default,Default,Default,Default,Default,Default,Default,Default,Default,Default,Default,Default,Default,Default,Default,Default,Default,Default,Default,Default,Default,DefaultJob,Dimension=64&Quantisation=None,1,Workload,Result,13,580984826,256,2269471.98,2,0,0,40939
VectorQuantisationBenchmarks.'HNSW search',Rowles.LeanCorpus.Benchmarks,VectorQuantisationBenchmarks,'HNSW search',DefaultJob,Default,Default,Default,Default,Default,Default,Default,Default,Default,Default,Default,Default,Default,Default,Default,Default,Default,Default,Default,Default,Default,Default,Default,Default,Default,Default,Default,Default,Default,Default,Default,Default,Default,Default,Default,Default,Default,Default,Default,Default,Default,DefaultJob,Dimension=64&Quantisation=None,1,Workload,Result,14,581726166,256,2272367.84,2,0,0,40939
VectorQuantisationBenchmarks.'Lucene.NET flat scan',Rowles.LeanCorpus.Benchmarks,VectorQuantisationBenchmarks,'Lucene.NET flat scan',DefaultJob,Default,Default,Default,Default,Default,Default,Default,Default,Default,Default,Default,Default,Default,Default,Default,Default,Default,Default,Default,Default,Default,Default,Default,Default,Default,Default,Default,Default,Default,Default,Default,Default,Default,Default,Default,Default,Default,Default,Default,Default,Default,DefaultJob,Dimension=64&Quantisation=None,1,Workload,Jitting,1,326984400,1,326984400,42,0,0,88800104
VectorQuantisationBenchmarks.'Lucene.NET flat scan',Rowles.LeanCorpus.Benchmarks,VectorQuantisationBenchmarks,'Lucene.NET flat scan',DefaultJob,Default,Default,Default,Default,Default,Default,Default,Default,Default,Default,Default,Default,Default,Default,Default,Default,Default,Default,Default,Default,Default,Default,Default,Default,Default,Default,Default,Default,Default,Default,Default,Default,Default,Default,Default,Default,Default,Default,Default,Default,Default,DefaultJob,Dimension=64&Quantisation=None,1,Workload,Jitting,2,7916670500,30,263889016.67,42,0,0,88800104
VectorQuantisationBenchmarks.'Lucene.NET flat scan',Rowles.LeanCorpus.Benchmarks,VectorQuantisationBenchmarks,'Lucene.NET flat scan',DefaultJob,Default,Default,Default,Default,Default,Default,Default,Default,Default,Default,Default,Default,Default,Default,Default,Default,Default,Default,Default,Default,Default,Default,Default,Default,Default,Default,Default,Default,Default,Default,Default,Default,Default,Default,Default,Default,Default,Default,Default,Default,Default,DefaultJob,Dimension=64&Quantisation=None,1,Workload,Jitting,3,1537852123,6,256308687.17,42,0,0,88800104
VectorQuantisationBenchmarks.'Lucene.NET flat scan',Rowles.LeanCorpus.Benchmarks,VectorQuantisationBenchmarks,'Lucene.NET flat scan',DefaultJob,Default,Default,Default,Default,Default,Default,Default,Default,Default,Default,Default,Default,Default,Default,Default,Default,Default,Default,Default,Default,Default,Default,Default,Default,Default,Default,Default,Default,Default,Default,Default,Default,Default,Default,Default,Default,Default,Default,Default,Default,Default,DefaultJob,Dimension=64&Quantisation=None,1,Workload,Jitting,4,257895904,1,257895904,42,0,0,88800104
VectorQuantisationBenchmarks.'Lucene.NET flat scan',Rowles.LeanCorpus.Benchmarks,VectorQuantisationBenchmarks,'Lucene.NET flat scan',DefaultJob,Default,Default,Default,Default,Default,Default,Default,Default,Default,Default,Default,Default,Default,Default,Default,Default,Default,Default,Default,Default,Default,Default,Default,Default,Default,Default,Default,Default,Default,Default,Default,Default,Default,Default,Default,Default,Default,Default,Default,Default,Default,DefaultJob,Dimension=64&Quantisation=None,1,Workload,Pilot,1,509027909,2,254513954.5,42,0,0,88800104
VectorQuantisationBenchmarks.'Lucene.NET flat scan',Rowles.LeanCorpus.Benchmarks,VectorQuantisationBenchmarks,'Lucene.NET flat scan',DefaultJob,Default,Default,Default,Default,Default,Default,Default,Default,Default,Default,Default,Default,Default,Default,Default,Default,Default,Default,Default,Default,Default,Default,Default,Default,Default,Default,Default,Default,Default,Default,Default,Default,Default,Default,Default,Default,Default,Default,Default,Default,Default,DefaultJob,Dimension=64&Quantisation=None,1,Workload,Warmup,1,510959379,2,255479689.5,42,0,0,88800104
VectorQuantisationBenchmarks.'Lucene.NET flat scan',Rowles.LeanCorpus.Benchmarks,VectorQuantisationBenchmarks,'Lucene.NET flat scan',DefaultJob,Default,Default,Default,Default,Default,Default,Default,Default,Default,Default,Default,Default,Default,Default,Default,Default,Default,Default,Default,Default,Default,Default,Default,Default,Default,Default,Default,Default,Default,Default,Default,Default,Default,Default,Default,Default,Default,Default,Default,Default,Default,DefaultJob,Dimension=64&Quantisation=None,1,Workload,Warmup,2,510661412,2,255330706,42,0,0,88800104
VectorQuantisationBenchmarks.'Lucene.NET flat scan',Rowles.LeanCorpus.Benchmarks,VectorQuantisationBenchmarks,'Lucene.NET flat scan',DefaultJob,Default,Default,Default,Default,Default,Default,Default,Default,Default,Default,Default,Default,Default,Default,Default,Default,Default,Default,Default,Default,Default,Default,Default,Default,Default,Default,Default,Default,Default,Default,Default,Default,Default,Default,Default,Default,Default,Default,Default,Default,Default,DefaultJob,Dimension=64&Quantisation=None,1,Workload,Warmup,3,507734105,2,253867052.5,42,0,0,88800104
VectorQuantisationBenchmarks.'Lucene.NET flat scan',Rowles.LeanCorpus.Benchmarks,VectorQuantisationBenchmarks,'Lucene.NET flat scan',DefaultJob,Default,Default,Default,Default,Default,Default,Default,Default,Default,Default,Default,Default,Default,Default,Default,Default,Default,Default,Default,Default,Default,Default,Default,Default,Default,Default,Default,Default,Default,Default,Default,Default,Default,Default,Default,Default,Default,Default,Default,Default,Default,DefaultJob,Dimension=64&Quantisation=None,1,Workload,Warmup,4,503365110,2,251682555,42,0,0,88800104
VectorQuantisationBenchmarks.'Lucene.NET flat scan',Rowles.LeanCorpus.Benchmarks,VectorQuantisationBenchmarks,'Lucene.NET flat scan',DefaultJob,Default,Default,Default,Default,Default,Default,Default,Default,Default,Default,Default,Default,Default,Default,Default,Default,Default,Default,Default,Default,Default,Default,Default,Default,Default,Default,Default,Default,Default,Default,Default,Default,Default,Default,Default,Default,Default,Default,Default,Default,Default,DefaultJob,Dimension=64&Quantisation=None,1,Workload,Warmup,5,510264740,2,255132370,42,0,0,88800104
VectorQuantisationBenchmarks.'Lucene.NET flat scan',Rowles.LeanCorpus.Benchmarks,VectorQuantisationBenchmarks,'Lucene.NET flat scan',DefaultJob,Default,Default,Default,Default,Default,Default,Default,Default,Default,Default,Default,Default,Default,Default,Default,Default,Default,Default,Default,Default,Default,Default,Default,Default,Default,Default,Default,Default,Default,Default,Default,Default,Default,Default,Default,Default,Default,Default,Default,Default,Default,DefaultJob,Dimension=64&Quantisation=None,1,Workload,Warmup,6,512249161,2,256124580.5,42,0,0,88800104
VectorQuantisationBenchmarks.'Lucene.NET flat scan',Rowles.LeanCorpus.Benchmarks,VectorQuantisationBenchmarks,'Lucene.NET flat scan',DefaultJob,Default,Default,Default,Default,Default,Default,Default,Default,Default,Default,Default,Default,Default,Default,Default,Default,Default,Default,Default,Default,Default,Default,Default,Default,Default,Default,Default,Default,Default,Default,Default,Default,Default,Default,Default,Default,Default,Default,Default,Default,Default,DefaultJob,Dimension=64&Quantisation=None,1,Workload,Warmup,7,510041959,2,255020979.5,42,0,0,88800104
VectorQuantisationBenchmarks.'Lucene.NET flat scan',Rowles.LeanCorpus.Benchmarks,VectorQuantisationBenchmarks,'Lucene.NET flat scan',DefaultJob,Default,Default,Default,Default,Default,Default,Default,Default,Default,Default,Default,Default,Default,Default,Default,Default,Default,Default,Default,Default,Default,Default,Default,Default,Default,Default,Default,Default,Default,Default,Default,Default,Default,Default,Default,Default,Default,Default,Default,Default,Default,DefaultJob,Dimension=64&Quantisation=None,1,Workload,Warmup,8,512754673,2,256377336.5,42,0,0,88800104
VectorQuantisationBenchmarks.'Lucene.NET flat scan',Rowles.LeanCorpus.Benchmarks,VectorQuantisationBenchmarks,'Lucene.NET flat scan',DefaultJob,Default,Default,Default,Default,Default,Default,Default,Default,Default,Default,Default,Default,Default,Default,Default,Default,Default,Default,Default,Default,Default,Default,Default,Default,Default,Default,Default,Default,Default,Default,Default,Default,Default,Default,Default,Default,Default,Default,Default,Default,Default,DefaultJob,Dimension=64&Quantisation=None,1,Workload,Warmup,9,514073648,2,257036824,42,0,0,88800104
VectorQuantisationBenchmarks.'Lucene.NET flat scan',Rowles.LeanCorpus.Benchmarks,VectorQuantisationBenchmarks,'Lucene.NET flat scan',DefaultJob,Default,Default,Default,Default,Default,Default,Default,Default,Default,Default,Default,Default,Default,Default,Default,Default,Default,Default,Default,Default,Default,Default,Default,Default,Default,Default,Default,Default,Default,Default,Default,Default,Default,Default,Default,Default,Default,Default,Default,Default,Default,DefaultJob,Dimension=64&Quantisation=None,1,Workload,Warmup,10,513968970,2,256984485,42,0,0,88800104
VectorQuantisationBenchmarks.'Lucene.NET flat scan',Rowles.LeanCorpus.Benchmarks,VectorQuantisationBenchmarks,'Lucene.NET flat scan',DefaultJob,Default,Default,Default,Default,Default,Default,Default,Default,Default,Default,Default,Default,Default,Default,Default,Default,Default,Default,Default,Default,Default,Default,Default,Default,Default,Default,Default,Default,Default,Default,Default,Default,Default,Default,Default,Default,Default,Default,Default,Default,Default,DefaultJob,Dimension=64&Quantisation=None,1,Workload,Actual,1,512606778,2,256303389,42,0,0,88800104
VectorQuantisationBenchmarks.'Lucene.NET flat scan',Rowles.LeanCorpus.Benchmarks,VectorQuantisationBenchmarks,'Lucene.NET flat scan',DefaultJob,Default,Default,Default,Default,Default,Default,Default,Default,Default,Default,Default,Default,Default,Default,Default,Default,Default,Default,Default,Default,Default,Default,Default,Default,Default,Default,Default,Default,Default,Default,Default,Default,Default,Default,Default,Default,Default,Default,Default,Default,Default,DefaultJob,Dimension=64&Quantisation=None,1,Workload,Actual,2,503487742,2,251743871,42,0,0,88800104
VectorQuantisationBenchmarks.'Lucene.NET flat scan',Rowles.LeanCorpus.Benchmarks,VectorQuantisationBenchmarks,'Lucene.NET flat scan',DefaultJob,Default,Default,Default,Default,Default,Default,Default,Default,Default,Default,Default,Default,Default,Default,Default,Default,Default,Default,Default,Default,Default,Default,Default,Default,Default,Default,Default,Default,Default,Default,Default,Default,Default,Default,Default,Default,Default,Default,Default,Default,Default,DefaultJob,Dimension=64&Quantisation=None,1,Workload,Actual,3,502041641,2,251020820.5,42,0,0,88800104
VectorQuantisationBenchmarks.'Lucene.NET flat scan',Rowles.LeanCorpus.Benchmarks,VectorQuantisationBenchmarks,'Lucene.NET flat scan',DefaultJob,Default,Default,Default,Default,Default,Default,Default,Default,Default,Default,Default,Default,Default,Default,Default,Default,Default,Default,Default,Default,Default,Default,Default,Default,Default,Default,Default,Default,Default,Default,Default,Default,Default,Default,Default,Default,Default,Default,Default,Default,Default,DefaultJob,Dimension=64&Quantisation=None,1,Workload,Actual,4,507657749,2,253828874.5,42,0,0,88800104
VectorQuantisationBenchmarks.'Lucene.NET flat scan',Rowles.LeanCorpus.Benchmarks,VectorQuantisationBenchmarks,'Lucene.NET flat scan',DefaultJob,Default,Default,Default,Default,Default,Default,Default,Default,Default,Default,Default,Default,Default,Default,Default,Default,Default,Default,Default,Default,Default,Default,Default,Default,Default,Default,Default,Default,Default,Default,Default,Default,Default,Default,Default,Default,Default,Default,Default,Default,Default,DefaultJob,Dimension=64&Quantisation=None,1,Workload,Actual,5,507472429,2,253736214.5,42,0,0,88800104
VectorQuantisationBenchmarks.'Lucene.NET flat scan',Rowles.LeanCorpus.Benchmarks,VectorQuantisationBenchmarks,'Lucene.NET flat scan',DefaultJob,Default,Default,Default,Default,Default,Default,Default,Default,Default,Default,Default,Default,Default,Default,Default,Default,Default,Default,Default,Default,Default,Default,Default,Default,Default,Default,Default,Default,Default,Default,Default,Default,Default,Default,Default,Default,Default,Default,Default,Default,Default,DefaultJob,Dimension=64&Quantisation=None,1,Workload,Actual,6,506316057,2,253158028.5,42,0,0,88800104
VectorQuantisationBenchmarks.'Lucene.NET flat scan',Rowles.LeanCorpus.Benchmarks,VectorQuantisationBenchmarks,'Lucene.NET flat scan',DefaultJob,Default,Default,Default,Default,Default,Default,Default,Default,Default,Default,Default,Default,Default,Default,Default,Default,Default,Default,Default,Default,Default,Default,Default,Default,Default,Default,Default,Default,Default,Default,Default,Default,Default,Default,Default,Default,Default,Default,Default,Default,Default,DefaultJob,Dimension=64&Quantisation=None,1,Workload,Actual,7,507734666,2,253867333,42,0,0,88800104
VectorQuantisationBenchmarks.'Lucene.NET flat scan',Rowles.LeanCorpus.Benchmarks,VectorQuantisationBenchmarks,'Lucene.NET flat scan',DefaultJob,Default,Default,Default,Default,Default,Default,Default,Default,Default,Default,Default,Default,Default,Default,Default,Default,Default,Default,Default,Default,Default,Default,Default,Default,Default,Default,Default,Default,Default,Default,Default,Default,Default,Default,Default,Default,Default,Default,Default,Default,Default,DefaultJob,Dimension=64&Quantisation=None,1,Workload,Actual,8,506624447,2,253312223.5,42,0,0,88800104
VectorQuantisationBenchmarks.'Lucene.NET flat scan',Rowles.LeanCorpus.Benchmarks,VectorQuantisationBenchmarks,'Lucene.NET flat scan',DefaultJob,Default,Default,Default,Default,Default,Default,Default,Default,Default,Default,Default,Default,Default,Default,Default,Default,Default,Default,Default,Default,Default,Default,Default,Default,Default,Default,Default,Default,Default,Default,Default,Default,Default,Default,Default,Default,Default,Default,Default,Default,Default,DefaultJob,Dimension=64&Quantisation=None,1,Workload,Actual,9,507796231,2,253898115.5,42,0,0,88800104
VectorQuantisationBenchmarks.'Lucene.NET flat scan',Rowles.LeanCorpus.Benchmarks,VectorQuantisationBenchmarks,'Lucene.NET flat scan',DefaultJob,Default,Default,Default,Default,Default,Default,Default,Default,Default,Default,Default,Default,Default,Default,Default,Default,Default,Default,Default,Default,Default,Default,Default,Default,Default,Default,Default,Default,Default,Default,Default,Default,Default,Default,Default,Default,Default,Default,Default,Default,Default,DefaultJob,Dimension=64&Quantisation=None,1,Workload,Actual,10,519431828,2,259715914,42,0,0,88800104
VectorQuantisationBenchmarks.'Lucene.NET flat scan',Rowles.LeanCorpus.Benchmarks,VectorQuantisationBenchmarks,'Lucene.NET flat scan',DefaultJob,Default,Default,Default,Default,Default,Default,Default,Default,Default,Default,Default,Default,Default,Default,Default,Default,Default,Default,Default,Default,Default,Default,Default,Default,Default,Default,Default,Default,Default,Default,Default,Default,Default,Default,Default,Default,Default,Default,Default,Default,Default,DefaultJob,Dimension=64&Quantisation=None,1,Workload,Actual,11,507507192,2,253753596,42,0,0,88800104
VectorQuantisationBenchmarks.'Lucene.NET flat scan',Rowles.LeanCorpus.Benchmarks,VectorQuantisationBenchmarks,'Lucene.NET flat scan',DefaultJob,Default,Default,Default,Default,Default,Default,Default,Default,Default,Default,Default,Default,Default,Default,Default,Default,Default,Default,Default,Default,Default,Default,Default,Default,Default,Default,Default,Default,Default,Default,Default,Default,Default,Default,Default,Default,Default,Default,Default,Default,Default,DefaultJob,Dimension=64&Quantisation=None,1,Workload,Actual,12,514537724,2,257268862,42,0,0,88800104
VectorQuantisationBenchmarks.'Lucene.NET flat scan',Rowles.LeanCorpus.Benchmarks,VectorQuantisationBenchmarks,'Lucene.NET flat scan',DefaultJob,Default,Default,Default,Default,Default,Default,Default,Default,Default,Default,Default,Default,Default,Default,Default,Default,Default,Default,Default,Default,Default,Default,Default,Default,Default,Default,Default,Default,Default,Default,Default,Default,Default,Default,Default,Default,Default,Default,Default,Default,Default,DefaultJob,Dimension=64&Quantisation=None,1,Workload,Actual,13,510327685,2,255163842.5,42,0,0,88800104
VectorQuantisationBenchmarks.'Lucene.NET flat scan',Rowles.LeanCorpus.Benchmarks,VectorQuantisationBenchmarks,'Lucene.NET flat scan',DefaultJob,Default,Default,Default,Default,Default,Default,Default,Default,Default,Default,Default,Default,Default,Default,Default,Default,Default,Default,Default,Default,Default,Default,Default,Default,Default,Default,Default,Default,Default,Default,Default,Default,Default,Default,Default,Default,Default,Default,Default,Default,Default,DefaultJob,Dimension=64&Quantisation=None,1,Workload,Actual,14,503852215,2,251926107.5,42,0,0,88800104
VectorQuantisationBenchmarks.'Lucene.NET flat scan',Rowles.LeanCorpus.Benchmarks,VectorQuantisationBenchmarks,'Lucene.NET flat scan',DefaultJob,Default,Default,Default,Default,Default,Default,Default,Default,Default,Default,Default,Default,Default,Default,Default,Default,Default,Default,Default,Default,Default,Default,Default,Default,Default,Default,Default,Default,Default,Default,Default,Default,Default,Default,Default,Default,Default,Default,Default,Default,Default,DefaultJob,Dimension=64&Quantisation=None,1,Workload,Actual,15,509558061,2,254779030.5,42,0,0,88800104
VectorQuantisationBenchmarks.'Lucene.NET flat scan',Rowles.LeanCorpus.Benchmarks,VectorQuantisationBenchmarks,'Lucene.NET flat scan',DefaultJob,Default,Default,Default,Default,Default,Default,Default,Default,Default,Default,Default,Default,Default,Default,Default,Default,Default,Default,Default,Default,Default,Default,Default,Default,Default,Default,Default,Default,Default,Default,Default,Default,Default,Default,Default,Default,Default,Default,Default,Default,Default,DefaultJob,Dimension=64&Quantisation=None,1,Workload,Extra,1,512368104,2,256184052,42,0,0,88800104
VectorQuantisationBenchmarks.'Lucene.NET flat scan',Rowles.LeanCorpus.Benchmarks,VectorQuantisationBenchmarks,'Lucene.NET flat scan',DefaultJob,Default,Default,Default,Default,Default,Default,Default,Default,Default,Default,Default,Default,Default,Default,Default,Default,Default,Default,Default,Default,Default,Default,Default,Default,Default,Default,Default,Default,Default,Default,Default,Default,Default,Default,Default,Default,Default,Default,Default,Default,Default,DefaultJob,Dimension=64&Quantisation=None,1,Workload,Result,1,512606778,2,256303389,42,0,0,88800104
VectorQuantisationBenchmarks.'Lucene.NET flat scan',Rowles.LeanCorpus.Benchmarks,VectorQuantisationBenchmarks,'Lucene.NET flat scan',DefaultJob,Default,Default,Default,Default,Default,Default,Default,Default,Default,Default,Default,Default,Default,Default,Default,Default,Default,Default,Default,Default,Default,Default,Default,Default,Default,Default,Default,Default,Default,Default,Default,Default,Default,Default,Default,Default,Default,Default,Default,Default,Default,DefaultJob,Dimension=64&Quantisation=None,1,Workload,Result,2,503487742,2,251743871,42,0,0,88800104
VectorQuantisationBenchmarks.'Lucene.NET flat scan',Rowles.LeanCorpus.Benchmarks,VectorQuantisationBenchmarks,'Lucene.NET flat scan',DefaultJob,Default,Default,Default,Default,Default,Default,Default,Default,Default,Default,Default,Default,Default,Default,Default,Default,Default,Default,Default,Default,Default,Default,Default,Default,Default,Default,Default,Default,Default,Default,Default,Default,Default,Default,Default,Default,Default,Default,Default,Default,Default,DefaultJob,Dimension=64&Quantisation=None,1,Workload,Result,3,502041641,2,251020820.5,42,0,0,88800104
VectorQuantisationBenchmarks.'Lucene.NET flat scan',Rowles.LeanCorpus.Benchmarks,VectorQuantisationBenchmarks,'Lucene.NET flat scan',DefaultJob,Default,Default,Default,Default,Default,Default,Default,Default,Default,Default,Default,Default,Default,Default,Default,Default,Default,Default,Default,Default,Default,Default,Default,Default,Default,Default,Default,Default,Default,Default,Default,Default,Default,Default,Default,Default,Default,Default,Default,Default,Default,DefaultJob,Dimension=64&Quantisation=None,1,Workload,Result,4,507657749,2,253828874.5,42,0,0,88800104
VectorQuantisationBenchmarks.'Lucene.NET flat scan',Rowles.LeanCorpus.Benchmarks,VectorQuantisationBenchmarks,'Lucene.NET flat scan',DefaultJob,Default,Default,Default,Default,Default,Default,Default,Default,Default,Default,Default,Default,Default,Default,Default,Default,Default,Default,Default,Default,Default,Default,Default,Default,Default,Default,Default,Default,Default,Default,Default,Default,Default,Default,Default,Default,Default,Default,Default,Default,Default,DefaultJob,Dimension=64&Quantisation=None,1,Workload,Result,5,507472429,2,253736214.5,42,0,0,88800104
VectorQuantisationBenchmarks.'Lucene.NET flat scan',Rowles.LeanCorpus.Benchmarks,VectorQuantisationBenchmarks,'Lucene.NET flat scan',DefaultJob,Default,Default,Default,Default,Default,Default,Default,Default,Default,Default,Default,Default,Default,Default,Default,Default,Default,Default,Default,Default,Default,Default,Default,Default,Default,Default,Default,Default,Default,Default,Default,Default,Default,Default,Default,Default,Default,Default,Default,Default,Default,DefaultJob,Dimension=64&Quantisation=None,1,Workload,Result,6,506316057,2,253158028.5,42,0,0,88800104
VectorQuantisationBenchmarks.'Lucene.NET flat scan',Rowles.LeanCorpus.Benchmarks,VectorQuantisationBenchmarks,'Lucene.NET flat scan',DefaultJob,Default,Default,Default,Default,Default,Default,Default,Default,Default,Default,Default,Default,Default,Default,Default,Default,Default,Default,Default,Default,Default,Default,Default,Default,Default,Default,Default,Default,Default,Default,Default,Default,Default,Default,Default,Default,Default,Default,Default,Default,Default,DefaultJob,Dimension=64&Quantisation=None,1,Workload,Result,7,507734666,2,253867333,42,0,0,88800104
VectorQuantisationBenchmarks.'Lucene.NET flat scan',Rowles.LeanCorpus.Benchmarks,VectorQuantisationBenchmarks,'Lucene.NET flat scan',DefaultJob,Default,Default,Default,Default,Default,Default,Default,Default,Default,Default,Default,Default,Default,Default,Default,Default,Default,Default,Default,Default,Default,Default,Default,Default,Default,Default,Default,Default,Default,Default,Default,Default,Default,Default,Default,Default,Default,Default,Default,Default,Default,DefaultJob,Dimension=64&Quantisation=None,1,Workload,Result,8,506624447,2,253312223.5,42,0,0,88800104
VectorQuantisationBenchmarks.'Lucene.NET flat scan',Rowles.LeanCorpus.Benchmarks,VectorQuantisationBenchmarks,'Lucene.NET flat scan',DefaultJob,Default,Default,Default,Default,Default,Default,Default,Default,Default,Default,Default,Default,Default,Default,Default,Default,Default,Default,Default,Default,Default,Default,Default,Default,Default,Default,Default,Default,Default,Default,Default,Default,Default,Default,Default,Default,Default,Default,Default,Default,Default,DefaultJob,Dimension=64&Quantisation=None,1,Workload,Result,9,507796231,2,253898115.5,42,0,0,88800104
VectorQuantisationBenchmarks.'Lucene.NET flat scan',Rowles.LeanCorpus.Benchmarks,VectorQuantisationBenchmarks,'Lucene.NET flat scan',DefaultJob,Default,Default,Default,Default,Default,Default,Default,Default,Default,Default,Default,Default,Default,Default,Default,Default,Default,Default,Default,Default,Default,Default,Default,Default,Default,Default,Default,Default,Default,Default,Default,Default,Default,Default,Default,Default,Default,Default,Default,Default,Default,DefaultJob,Dimension=64&Quantisation=None,1,Workload,Result,10,507507192,2,253753596,42,0,0,88800104
VectorQuantisationBenchmarks.'Lucene.NET flat scan',Rowles.LeanCorpus.Benchmarks,VectorQuantisationBenchmarks,'Lucene.NET flat scan',DefaultJob,Default,Default,Default,Default,Default,Default,Default,Default,Default,Default,Default,Default,Default,Default,Default,Default,Default,Default,Default,Default,Default,Default,Default,Default,Default,Default,Default,Default,Default,Default,Default,Default,Default,Default,Default,Default,Default,Default,Default,Default,Default,DefaultJob,Dimension=64&Quantisation=None,1,Workload,Result,11,514537724,2,257268862,42,0,0,88800104
VectorQuantisationBenchmarks.'Lucene.NET flat scan',Rowles.LeanCorpus.Benchmarks,VectorQuantisationBenchmarks,'Lucene.NET flat scan',DefaultJob,Default,Default,Default,Default,Default,Default,Default,Default,Default,Default,Default,Default,Default,Default,Default,Default,Default,Default,Default,Default,Default,Default,Default,Default,Default,Default,Default,Default,Default,Default,Default,Default,Default,Default,Default,Default,Default,Default,Default,Default,Default,DefaultJob,Dimension=64&Quantisation=None,1,Workload,Result,12,510327685,2,255163842.5,42,0,0,88800104
VectorQuantisationBenchmarks.'Lucene.NET flat scan',Rowles.LeanCorpus.Benchmarks,VectorQuantisationBenchmarks,'Lucene.NET flat scan',DefaultJob,Default,Default,Default,Default,Default,Default,Default,Default,Default,Default,Default,Default,Default,Default,Default,Default,Default,Default,Default,Default,Default,Default,Default,Default,Default,Default,Default,Default,Default,Default,Default,Default,Default,Default,Default,Default,Default,Default,Default,Default,Default,DefaultJob,Dimension=64&Quantisation=None,1,Workload,Result,13,503852215,2,251926107.5,42,0,0,88800104
VectorQuantisationBenchmarks.'Lucene.NET flat scan',Rowles.LeanCorpus.Benchmarks,VectorQuantisationBenchmarks,'Lucene.NET flat scan',DefaultJob,Default,Default,Default,Default,Default,Default,Default,Default,Default,Default,Default,Default,Default,Default,Default,Default,Default,Default,Default,Default,Default,Default,Default,Default,Default,Default,Default,Default,Default,Default,Default,Default,Default,Default,Default,Default,Default,Default,Default,Default,Default,DefaultJob,Dimension=64&Quantisation=None,1,Workload,Result,14,509558061,2,254779030.5,42,0,0,88800104
VectorQuantisationBenchmarks.'HNSW search',Rowles.LeanCorpus.Benchmarks,VectorQuantisationBenchmarks,'HNSW search',DefaultJob,Default,Default,Default,Default,Default,Default,Default,Default,Default,Default,Default,Default,Default,Default,Default,Default,Default,Default,Default,Default,Default,Default,Default,Default,Default,Default,Default,Default,Default,Default,Default,Default,Default,Default,Default,Default,Default,Default,Default,Default,Default,DefaultJob,Dimension=64&Quantisation=Int8,1,Workload,Jitting,1,4379198,1,4379198,2,0,0,40779
VectorQuantisationBenchmarks.'HNSW search',Rowles.LeanCorpus.Benchmarks,VectorQuantisationBenchmarks,'HNSW search',DefaultJob,Default,Default,Default,Default,Default,Default,Default,Default,Default,Default,Default,Default,Default,Default,Default,Default,Default,Default,Default,Default,Default,Default,Default,Default,Default,Default,Default,Default,Default,Default,Default,Default,Default,Default,Default,Default,Default,Default,Default,Default,Default,DefaultJob,Dimension=64&Quantisation=Int8,1,Workload,Jitting,2,91158203,30,3038606.77,2,0,0,40779
VectorQuantisationBenchmarks.'HNSW search',Rowles.LeanCorpus.Benchmarks,VectorQuantisationBenchmarks,'HNSW search',DefaultJob,Default,Default,Default,Default,Default,Default,Default,Default,Default,Default,Default,Default,Default,Default,Default,Default,Default,Default,Default,Default,Default,Default,Default,Default,Default,Default,Default,Default,Default,Default,Default,Default,Default,Default,Default,Default,Default,Default,Default,Default,Default,DefaultJob,Dimension=64&Quantisation=Int8,1,Workload,Jitting,3,91875050,30,3062501.67,2,0,0,40779
VectorQuantisationBenchmarks.'HNSW search',Rowles.LeanCorpus.Benchmarks,VectorQuantisationBenchmarks,'HNSW search',DefaultJob,Default,Default,Default,Default,Default,Default,Default,Default,Default,Default,Default,Default,Default,Default,Default,Default,Default,Default,Default,Default,Default,Default,Default,Default,Default,Default,Default,Default,Default,Default,Default,Default,Default,Default,Default,Default,Default,Default,Default,Default,Default,DefaultJob,Dimension=64&Quantisation=Int8,1,Workload,Jitting,4,84702681,30,2823422.7,2,0,0,40779
VectorQuantisationBenchmarks.'HNSW search',Rowles.LeanCorpus.Benchmarks,VectorQuantisationBenchmarks,'HNSW search',DefaultJob,Default,Default,Default,Default,Default,Default,Default,Default,Default,Default,Default,Default,Default,Default,Default,Default,Default,Default,Default,Default,Default,Default,Default,Default,Default,Default,Default,Default,Default,Default,Default,Default,Default,Default,Default,Default,Default,Default,Default,Default,Default,DefaultJob,Dimension=64&Quantisation=Int8,1,Workload,Jitting,5,4261369,1,4261369,2,0,0,40779
VectorQuantisationBenchmarks.'HNSW search',Rowles.LeanCorpus.Benchmarks,VectorQuantisationBenchmarks,'HNSW search',DefaultJob,Default,Default,Default,Default,Default,Default,Default,Default,Default,Default,Default,Default,Default,Default,Default,Default,Default,Default,Default,Default,Default,Default,Default,Default,Default,Default,Default,Default,Default,Default,Default,Default,Default,Default,Default,Default,Default,Default,Default,Default,Default,DefaultJob,Dimension=64&Quantisation=Int8,1,Workload,Pilot,1,4435439,1,4435439,2,0,0,40779
VectorQuantisationBenchmarks.'HNSW search',Rowles.LeanCorpus.Benchmarks,VectorQuantisationBenchmarks,'HNSW search',DefaultJob,Default,Default,Default,Default,Default,Default,Default,Default,Default,Default,Default,Default,Default,Default,Default,Default,Default,Default,Default,Default,Default,Default,Default,Default,Default,Default,Default,Default,Default,Default,Default,Default,Default,Default,Default,Default,Default,Default,Default,Default,Default,DefaultJob,Dimension=64&Quantisation=Int8,1,Workload,Pilot,1,47460107,16,2966256.69,2,0,0,40779
VectorQuantisationBenchmarks.'HNSW search',Rowles.LeanCorpus.Benchmarks,VectorQuantisationBenchmarks,'HNSW search',DefaultJob,Default,Default,Default,Default,Default,Default,Default,Default,Default,Default,Default,Default,Default,Default,Default,Default,Default,Default,Default,Default,Default,Default,Default,Default,Default,Default,Default,Default,Default,Default,Default,Default,Default,Default,Default,Default,Default,Default,Default,Default,Default,DefaultJob,Dimension=64&Quantisation=Int8,1,Workload,Pilot,2,90871595,32,2839737.34,2,0,0,40779
VectorQuantisationBenchmarks.'HNSW search',Rowles.LeanCorpus.Benchmarks,VectorQuantisationBenchmarks,'HNSW search',DefaultJob,Default,Default,Default,Default,Default,Default,Default,Default,Default,Default,Default,Default,Default,Default,Default,Default,Default,Default,Default,Default,Default,Default,Default,Default,Default,Default,Default,Default,Default,Default,Default,Default,Default,Default,Default,Default,Default,Default,Default,Default,Default,DefaultJob,Dimension=64&Quantisation=Int8,1,Workload,Pilot,3,177065061,64,2766641.58,2,0,0,40779
VectorQuantisationBenchmarks.'HNSW search',Rowles.LeanCorpus.Benchmarks,VectorQuantisationBenchmarks,'HNSW search',DefaultJob,Default,Default,Default,Default,Default,Default,Default,Default,Default,Default,Default,Default,Default,Default,Default,Default,Default,Default,Default,Default,Default,Default,Default,Default,Default,Default,Default,Default,Default,Default,Default,Default,Default,Default,Default,Default,Default,Default,Default,Default,Default,DefaultJob,Dimension=64&Quantisation=Int8,1,Workload,Pilot,4,350691501,128,2739777.35,2,0,0,40779
VectorQuantisationBenchmarks.'HNSW search',Rowles.LeanCorpus.Benchmarks,VectorQuantisationBenchmarks,'HNSW search',DefaultJob,Default,Default,Default,Default,Default,Default,Default,Default,Default,Default,Default,Default,Default,Default,Default,Default,Default,Default,Default,Default,Default,Default,Default,Default,Default,Default,Default,Default,Default,Default,Default,Default,Default,Default,Default,Default,Default,Default,Default,Default,Default,DefaultJob,Dimension=64&Quantisation=Int8,1,Workload,Pilot,5,690068721,256,2695580.94,2,0,0,40779
VectorQuantisationBenchmarks.'HNSW search',Rowles.LeanCorpus.Benchmarks,VectorQuantisationBenchmarks,'HNSW search',DefaultJob,Default,Default,Default,Default,Default,Default,Default,Default,Default,Default,Default,Default,Default,Default,Default,Default,Default,Default,Default,Default,Default,Default,Default,Default,Default,Default,Default,Default,Default,Default,Default,Default,Default,Default,Default,Default,Default,Default,Default,Default,Default,DefaultJob,Dimension=64&Quantisation=Int8,1,Workload,Warmup,1,702612340,256,2744579.45,2,0,0,40779
VectorQuantisationBenchmarks.'HNSW search',Rowles.LeanCorpus.Benchmarks,VectorQuantisationBenchmarks,'HNSW search',DefaultJob,Default,Default,Default,Default,Default,Default,Default,Default,Default,Default,Default,Default,Default,Default,Default,Default,Default,Default,Default,Default,Default,Default,Default,Default,Default,Default,Default,Default,Default,Default,Default,Default,Default,Default,Default,Default,Default,Default,Default,Default,Default,DefaultJob,Dimension=64&Quantisation=Int8,1,Workload,Warmup,2,685795428,256,2678888.39,2,0,0,40779
VectorQuantisationBenchmarks.'HNSW search',Rowles.LeanCorpus.Benchmarks,VectorQuantisationBenchmarks,'HNSW search',DefaultJob,Default,Default,Default,Default,Default,Default,Default,Default,Default,Default,Default,Default,Default,Default,Default,Default,Default,Default,Default,Default,Default,Default,Default,Default,Default,Default,Default,Default,Default,Default,Default,Default,Default,Default,Default,Default,Default,Default,Default,Default,Default,DefaultJob,Dimension=64&Quantisation=Int8,1,Workload,Warmup,3,690108662,256,2695736.96,2,0,0,40779
VectorQuantisationBenchmarks.'HNSW search',Rowles.LeanCorpus.Benchmarks,VectorQuantisationBenchmarks,'HNSW search',DefaultJob,Default,Default,Default,Default,Default,Default,Default,Default,Default,Default,Default,Default,Default,Default,Default,Default,Default,Default,Default,Default,Default,Default,Default,Default,Default,Default,Default,Default,Default,Default,Default,Default,Default,Default,Default,Default,Default,Default,Default,Default,Default,DefaultJob,Dimension=64&Quantisation=Int8,1,Workload,Warmup,4,689888249,256,2694875.97,2,0,0,40779
VectorQuantisationBenchmarks.'HNSW search',Rowles.LeanCorpus.Benchmarks,VectorQuantisationBenchmarks,'HNSW search',DefaultJob,Default,Default,Default,Default,Default,Default,Default,Default,Default,Default,Default,Default,Default,Default,Default,Default,Default,Default,Default,Default,Default,Default,Default,Default,Default,Default,Default,Default,Default,Default,Default,Default,Default,Default,Default,Default,Default,Default,Default,Default,Default,DefaultJob,Dimension=64&Quantisation=Int8,1,Workload,Warmup,5,687361981,256,2685007.74,2,0,0,40779
VectorQuantisationBenchmarks.'HNSW search',Rowles.LeanCorpus.Benchmarks,VectorQuantisationBenchmarks,'HNSW search',DefaultJob,Default,Default,Default,Default,Default,Default,Default,Default,Default,Default,Default,Default,Default,Default,Default,Default,Default,Default,Default,Default,Default,Default,Default,Default,Default,Default,Default,Default,Default,Default,Default,Default,Default,Default,Default,Default,Default,Default,Default,Default,Default,DefaultJob,Dimension=64&Quantisation=Int8,1,Workload,Warmup,6,680399538,256,2657810.7,2,0,0,40779
VectorQuantisationBenchmarks.'HNSW search',Rowles.LeanCorpus.Benchmarks,VectorQuantisationBenchmarks,'HNSW search',DefaultJob,Default,Default,Default,Default,Default,Default,Default,Default,Default,Default,Default,Default,Default,Default,Default,Default,Default,Default,Default,Default,Default,Default,Default,Default,Default,Default,Default,Default,Default,Default,Default,Default,Default,Default,Default,Default,Default,Default,Default,Default,Default,DefaultJob,Dimension=64&Quantisation=Int8,1,Workload,Warmup,7,680428774,256,2657924.9,2,0,0,40779
VectorQuantisationBenchmarks.'HNSW search',Rowles.LeanCorpus.Benchmarks,VectorQuantisationBenchmarks,'HNSW search',DefaultJob,Default,Default,Default,Default,Default,Default,Default,Default,Default,Default,Default,Default,Default,Default,Default,Default,Default,Default,Default,Default,Default,Default,Default,Default,Default,Default,Default,Default,Default,Default,Default,Default,Default,Default,Default,Default,Default,Default,Default,Default,Default,DefaultJob,Dimension=64&Quantisation=Int8,1,Workload,Warmup,8,684641698,256,2674381.63,2,0,0,40779
VectorQuantisationBenchmarks.'HNSW search',Rowles.LeanCorpus.Benchmarks,VectorQuantisationBenchmarks,'HNSW search',DefaultJob,Default,Default,Default,Default,Default,Default,Default,Default,Default,Default,Default,Default,Default,Default,Default,Default,Default,Default,Default,Default,Default,Default,Default,Default,Default,Default,Default,Default,Default,Default,Default,Default,Default,Default,Default,Default,Default,Default,Default,Default,Default,DefaultJob,Dimension=64&Quantisation=Int8,1,Workload,Warmup,9,684202415,256,2672665.68,2,0,0,40779
VectorQuantisationBenchmarks.'HNSW search',Rowles.LeanCorpus.Benchmarks,VectorQuantisationBenchmarks,'HNSW search',DefaultJob,Default,Default,Default,Default,Default,Default,Default,Default,Default,Default,Default,Default,Default,Default,Default,Default,Default,Default,Default,Default,Default,Default,Default,Default,Default,Default,Default,Default,Default,Default,Default,Default,Default,Default,Default,Default,Default,Default,Default,Default,Default,DefaultJob,Dimension=64&Quantisation=Int8,1,Workload,Actual,1,689438948,256,2693120.89,2,0,0,40779
VectorQuantisationBenchmarks.'HNSW search',Rowles.LeanCorpus.Benchmarks,VectorQuantisationBenchmarks,'HNSW search',DefaultJob,Default,Default,Default,Default,Default,Default,Default,Default,Default,Default,Default,Default,Default,Default,Default,Default,Default,Default,Default,Default,Default,Default,Default,Default,Default,Default,Default,Default,Default,Default,Default,Default,Default,Default,Default,Default,Default,Default,Default,Default,Default,DefaultJob,Dimension=64&Quantisation=Int8,1,Workload,Actual,2,685979231,256,2679606.37,2,0,0,40779
VectorQuantisationBenchmarks.'HNSW search',Rowles.LeanCorpus.Benchmarks,VectorQuantisationBenchmarks,'HNSW search',DefaultJob,Default,Default,Default,Default,Default,Default,Default,Default,Default,Default,Default,Default,Default,Default,Default,Default,Default,Default,Default,Default,Default,Default,Default,Default,Default,Default,Default,Default,Default,Default,Default,Default,Default,Default,Default,Default,Default,Default,Default,Default,Default,DefaultJob,Dimension=64&Quantisation=Int8,1,Workload,Actual,3,690413755,256,2696928.73,2,0,0,40779
VectorQuantisationBenchmarks.'HNSW search',Rowles.LeanCorpus.Benchmarks,VectorQuantisationBenchmarks,'HNSW search',DefaultJob,Default,Default,Default,Default,Default,Default,Default,Default,Default,Default,Default,Default,Default,Default,Default,Default,Default,Default,Default,Default,Default,Default,Default,Default,Default,Default,Default,Default,Default,Default,Default,Default,Default,Default,Default,Default,Default,Default,Default,Default,Default,DefaultJob,Dimension=64&Quantisation=Int8,1,Workload,Actual,4,687496740,256,2685534.14,2,0,0,40779
VectorQuantisationBenchmarks.'HNSW search',Rowles.LeanCorpus.Benchmarks,VectorQuantisationBenchmarks,'HNSW search',DefaultJob,Default,Default,Default,Default,Default,Default,Default,Default,Default,Default,Default,Default,Default,Default,Default,Default,Default,Default,Default,Default,Default,Default,Default,Default,Default,Default,Default,Default,Default,Default,Default,Default,Default,Default,Default,Default,Default,Default,Default,Default,Default,DefaultJob,Dimension=64&Quantisation=Int8,1,Workload,Actual,5,683619269,256,2670387.77,2,0,0,40779
VectorQuantisationBenchmarks.'HNSW search',Rowles.LeanCorpus.Benchmarks,VectorQuantisationBenchmarks,'HNSW search',DefaultJob,Default,Default,Default,Default,Default,Default,Default,Default,Default,Default,Default,Default,Default,Default,Default,Default,Default,Default,Default,Default,Default,Default,Default,Default,Default,Default,Default,Default,Default,Default,Default,Default,Default,Default,Default,Default,Default,Default,Default,Default,Default,DefaultJob,Dimension=64&Quantisation=Int8,1,Workload,Actual,6,686049779,256,2679881.95,2,0,0,40779
VectorQuantisationBenchmarks.'HNSW search',Rowles.LeanCorpus.Benchmarks,VectorQuantisationBenchmarks,'HNSW search',DefaultJob,Default,Default,Default,Default,Default,Default,Default,Default,Default,Default,Default,Default,Default,Default,Default,Default,Default,Default,Default,Default,Default,Default,Default,Default,Default,Default,Default,Default,Default,Default,Default,Default,Default,Default,Default,Default,Default,Default,Default,Default,Default,DefaultJob,Dimension=64&Quantisation=Int8,1,Workload,Actual,7,686931798,256,2683327.34,2,0,0,40779
VectorQuantisationBenchmarks.'HNSW search',Rowles.LeanCorpus.Benchmarks,VectorQuantisationBenchmarks,'HNSW search',DefaultJob,Default,Default,Default,Default,Default,Default,Default,Default,Default,Default,Default,Default,Default,Default,Default,Default,Default,Default,Default,Default,Default,Default,Default,Default,Default,Default,Default,Default,Default,Default,Default,Default,Default,Default,Default,Default,Default,Default,Default,Default,Default,DefaultJob,Dimension=64&Quantisation=Int8,1,Workload,Actual,8,687668297,256,2686204.29,2,0,0,40779
VectorQuantisationBenchmarks.'HNSW search',Rowles.LeanCorpus.Benchmarks,VectorQuantisationBenchmarks,'HNSW search',DefaultJob,Default,Default,Default,Default,Default,Default,Default,Default,Default,Default,Default,Default,Default,Default,Default,Default,Default,Default,Default,Default,Default,Default,Default,Default,Default,Default,Default,Default,Default,Default,Default,Default,Default,Default,Default,Default,Default,Default,Default,Default,Default,DefaultJob,Dimension=64&Quantisation=Int8,1,Workload,Actual,9,686072284,256,2679969.86,2,0,0,40779
VectorQuantisationBenchmarks.'HNSW search',Rowles.LeanCorpus.Benchmarks,VectorQuantisationBenchmarks,'HNSW search',DefaultJob,Default,Default,Default,Default,Default,Default,Default,Default,Default,Default,Default,Default,Default,Default,Default,Default,Default,Default,Default,Default,Default,Default,Default,Default,Default,Default,Default,Default,Default,Default,Default,Default,Default,Default,Default,Default,Default,Default,Default,Default,Default,DefaultJob,Dimension=64&Quantisation=Int8,1,Workload,Actual,10,678995807,256,2652327.37,2,0,0,40779
VectorQuantisationBenchmarks.'HNSW search',Rowles.LeanCorpus.Benchmarks,VectorQuantisationBenchmarks,'HNSW search',DefaultJob,Default,Default,Default,Default,Default,Default,Default,Default,Default,Default,Default,Default,Default,Default,Default,Default,Default,Default,Default,Default,Default,Default,Default,Default,Default,Default,Default,Default,Default,Default,Default,Default,Default,Default,Default,Default,Default,Default,Default,Default,Default,DefaultJob,Dimension=64&Quantisation=Int8,1,Workload,Actual,11,691237927,256,2700148.15,2,0,0,40779
VectorQuantisationBenchmarks.'HNSW search',Rowles.LeanCorpus.Benchmarks,VectorQuantisationBenchmarks,'HNSW search',DefaultJob,Default,Default,Default,Default,Default,Default,Default,Default,Default,Default,Default,Default,Default,Default,Default,Default,Default,Default,Default,Default,Default,Default,Default,Default,Default,Default,Default,Default,Default,Default,Default,Default,Default,Default,Default,Default,Default,Default,Default,Default,Default,DefaultJob,Dimension=64&Quantisation=Int8,1,Workload,Actual,12,695178255,256,2715540.06,2,0,0,40779
VectorQuantisationBenchmarks.'HNSW search',Rowles.LeanCorpus.Benchmarks,VectorQuantisationBenchmarks,'HNSW search',DefaultJob,Default,Default,Default,Default,Default,Default,Default,Default,Default,Default,Default,Default,Default,Default,Default,Default,Default,Default,Default,Default,Default,Default,Default,Default,Default,Default,Default,Default,Default,Default,Default,Default,Default,Default,Default,Default,Default,Default,Default,Default,Default,DefaultJob,Dimension=64&Quantisation=Int8,1,Workload,Actual,13,692735372,256,2705997.55,2,0,0,40779
VectorQuantisationBenchmarks.'HNSW search',Rowles.LeanCorpus.Benchmarks,VectorQuantisationBenchmarks,'HNSW search',DefaultJob,Default,Default,Default,Default,Default,Default,Default,Default,Default,Default,Default,Default,Default,Default,Default,Default,Default,Default,Default,Default,Default,Default,Default,Default,Default,Default,Default,Default,Default,Default,Default,Default,Default,Default,Default,Default,Default,Default,Default,Default,Default,DefaultJob,Dimension=64&Quantisation=Int8,1,Workload,Actual,14,689737938,256,2694288.82,2,0,0,40779
VectorQuantisationBenchmarks.'HNSW search',Rowles.LeanCorpus.Benchmarks,VectorQuantisationBenchmarks,'HNSW search',DefaultJob,Default,Default,Default,Default,Default,Default,Default,Default,Default,Default,Default,Default,Default,Default,Default,Default,Default,Default,Default,Default,Default,Default,Default,Default,Default,Default,Default,Default,Default,Default,Default,Default,Default,Default,Default,Default,Default,Default,Default,Default,Default,DefaultJob,Dimension=64&Quantisation=Int8,1,Workload,Actual,15,689780759,256,2694456.09,2,0,0,40779
VectorQuantisationBenchmarks.'HNSW search',Rowles.LeanCorpus.Benchmarks,VectorQuantisationBenchmarks,'HNSW search',DefaultJob,Default,Default,Default,Default,Default,Default,Default,Default,Default,Default,Default,Default,Default,Default,Default,Default,Default,Default,Default,Default,Default,Default,Default,Default,Default,Default,Default,Default,Default,Default,Default,Default,Default,Default,Default,Default,Default,Default,Default,Default,Default,DefaultJob,Dimension=64&Quantisation=Int8,1,Workload,Extra,1,684470801,256,2673714.07,2,0,0,40779
VectorQuantisationBenchmarks.'HNSW search',Rowles.LeanCorpus.Benchmarks,VectorQuantisationBenchmarks,'HNSW search',DefaultJob,Default,Default,Default,Default,Default,Default,Default,Default,Default,Default,Default,Default,Default,Default,Default,Default,Default,Default,Default,Default,Default,Default,Default,Default,Default,Default,Default,Default,Default,Default,Default,Default,Default,Default,Default,Default,Default,Default,Default,Default,Default,DefaultJob,Dimension=64&Quantisation=Int8,1,Workload,Result,1,689438948,256,2693120.89,2,0,0,40779
VectorQuantisationBenchmarks.'HNSW search',Rowles.LeanCorpus.Benchmarks,VectorQuantisationBenchmarks,'HNSW search',DefaultJob,Default,Default,Default,Default,Default,Default,Default,Default,Default,Default,Default,Default,Default,Default,Default,Default,Default,Default,Default,Default,Default,Default,Default,Default,Default,Default,Default,Default,Default,Default,Default,Default,Default,Default,Default,Default,Default,Default,Default,Default,Default,DefaultJob,Dimension=64&Quantisation=Int8,1,Workload,Result,2,685979231,256,2679606.37,2,0,0,40779
VectorQuantisationBenchmarks.'HNSW search',Rowles.LeanCorpus.Benchmarks,VectorQuantisationBenchmarks,'HNSW search',DefaultJob,Default,Default,Default,Default,Default,Default,Default,Default,Default,Default,Default,Default,Default,Default,Default,Default,Default,Default,Default,Default,Default,Default,Default,Default,Default,Default,Default,Default,Default,Default,Default,Default,Default,Default,Default,Default,Default,Default,Default,Default,Default,DefaultJob,Dimension=64&Quantisation=Int8,1,Workload,Result,3,690413755,256,2696928.73,2,0,0,40779
VectorQuantisationBenchmarks.'HNSW search',Rowles.LeanCorpus.Benchmarks,VectorQuantisationBenchmarks,'HNSW search',DefaultJob,Default,Default,Default,Default,Default,Default,Default,Default,Default,Default,Default,Default,Default,Default,Default,Default,Default,Default,Default,Default,Default,Default,Default,Default,Default,Default,Default,Default,Default,Default,Default,Default,Default,Default,Default,Default,Default,Default,Default,Default,Default,DefaultJob,Dimension=64&Quantisation=Int8,1,Workload,Result,4,687496740,256,2685534.14,2,0,0,40779
VectorQuantisationBenchmarks.'HNSW search',Rowles.LeanCorpus.Benchmarks,VectorQuantisationBenchmarks,'HNSW search',DefaultJob,Default,Default,Default,Default,Default,Default,Default,Default,Default,Default,Default,Default,Default,Default,Default,Default,Default,Default,Default,Default,Default,Default,Default,Default,Default,Default,Default,Default,Default,Default,Default,Default,Default,Default,Default,Default,Default,Default,Default,Default,Default,DefaultJob,Dimension=64&Quantisation=Int8,1,Workload,Result,5,683619269,256,2670387.77,2,0,0,40779
VectorQuantisationBenchmarks.'HNSW search',Rowles.LeanCorpus.Benchmarks,VectorQuantisationBenchmarks,'HNSW search',DefaultJob,Default,Default,Default,Default,Default,Default,Default,Default,Default,Default,Default,Default,Default,Default,Default,Default,Default,Default,Default,Default,Default,Default,Default,Default,Default,Default,Default,Default,Default,Default,Default,Default,Default,Default,Default,Default,Default,Default,Default,Default,Default,DefaultJob,Dimension=64&Quantisation=Int8,1,Workload,Result,6,686049779,256,2679881.95,2,0,0,40779
VectorQuantisationBenchmarks.'HNSW search',Rowles.LeanCorpus.Benchmarks,VectorQuantisationBenchmarks,'HNSW search',DefaultJob,Default,Default,Default,Default,Default,Default,Default,Default,Default,Default,Default,Default,Default,Default,Default,Default,Default,Default,Default,Default,Default,Default,Default,Default,Default,Default,Default,Default,Default,Default,Default,Default,Default,Default,Default,Default,Default,Default,Default,Default,Default,DefaultJob,Dimension=64&Quantisation=Int8,1,Workload,Result,7,686931798,256,2683327.34,2,0,0,40779
VectorQuantisationBenchmarks.'HNSW search',Rowles.LeanCorpus.Benchmarks,VectorQuantisationBenchmarks,'HNSW search',DefaultJob,Default,Default,Default,Default,Default,Default,Default,Default,Default,Default,Default,Default,Default,Default,Default,Default,Default,Default,Default,Default,Default,Default,Default,Default,Default,Default,Default,Default,Default,Default,Default,Default,Default,Default,Default,Default,Default,Default,Default,Default,Default,DefaultJob,Dimension=64&Quantisation=Int8,1,Workload,Result,8,687668297,256,2686204.29,2,0,0,40779
VectorQuantisationBenchmarks.'HNSW search',Rowles.LeanCorpus.Benchmarks,VectorQuantisationBenchmarks,'HNSW search',DefaultJob,Default,Default,Default,Default,Default,Default,Default,Default,Default,Default,Default,Default,Default,Default,Default,Default,Default,Default,Default,Default,Default,Default,Default,Default,Default,Default,Default,Default,Default,Default,Default,Default,Default,Default,Default,Default,Default,Default,Default,Default,Default,DefaultJob,Dimension=64&Quantisation=Int8,1,Workload,Result,9,686072284,256,2679969.86,2,0,0,40779
VectorQuantisationBenchmarks.'HNSW search',Rowles.LeanCorpus.Benchmarks,VectorQuantisationBenchmarks,'HNSW search',DefaultJob,Default,Default,Default,Default,Default,Default,Default,Default,Default,Default,Default,Default,Default,Default,Default,Default,Default,Default,Default,Default,Default,Default,Default,Default,Default,Default,Default,Default,Default,Default,Default,Default,Default,Default,Default,Default,Default,Default,Default,Default,Default,DefaultJob,Dimension=64&Quantisation=Int8,1,Workload,Result,10,678995807,256,2652327.37,2,0,0,40779
VectorQuantisationBenchmarks.'HNSW search',Rowles.LeanCorpus.Benchmarks,VectorQuantisationBenchmarks,'HNSW search',DefaultJob,Default,Default,Default,Default,Default,Default,Default,Default,Default,Default,Default,Default,Default,Default,Default,Default,Default,Default,Default,Default,Default,Default,Default,Default,Default,Default,Default,Default,Default,Default,Default,Default,Default,Default,Default,Default,Default,Default,Default,Default,Default,DefaultJob,Dimension=64&Quantisation=Int8,1,Workload,Result,11,691237927,256,2700148.15,2,0,0,40779
VectorQuantisationBenchmarks.'HNSW search',Rowles.LeanCorpus.Benchmarks,VectorQuantisationBenchmarks,'HNSW search',DefaultJob,Default,Default,Default,Default,Default,Default,Default,Default,Default,Default,Default,Default,Default,Default,Default,Default,Default,Default,Default,Default,Default,Default,Default,Default,Default,Default,Default,Default,Default,Default,Default,Default,Default,Default,Default,Default,Default,Default,Default,Default,Default,DefaultJob,Dimension=64&Quantisation=Int8,1,Workload,Result,12,695178255,256,2715540.06,2,0,0,40779
VectorQuantisationBenchmarks.'HNSW search',Rowles.LeanCorpus.Benchmarks,VectorQuantisationBenchmarks,'HNSW search',DefaultJob,Default,Default,Default,Default,Default,Default,Default,Default,Default,Default,Default,Default,Default,Default,Default,Default,Default,Default,Default,Default,Default,Default,Default,Default,Default,Default,Default,Default,Default,Default,Default,Default,Default,Default,Default,Default,Default,Default,Default,Default,Default,DefaultJob,Dimension=64&Quantisation=Int8,1,Workload,Result,13,692735372,256,2705997.55,2,0,0,40779
VectorQuantisationBenchmarks.'HNSW search',Rowles.LeanCorpus.Benchmarks,VectorQuantisationBenchmarks,'HNSW search',DefaultJob,Default,Default,Default,Default,Default,Default,Default,Default,Default,Default,Default,Default,Default,Default,Default,Default,Default,Default,Default,Default,Default,Default,Default,Default,Default,Default,Default,Default,Default,Default,Default,Default,Default,Default,Default,Default,Default,Default,Default,Default,Default,DefaultJob,Dimension=64&Quantisation=Int8,1,Workload,Result,14,689737938,256,2694288.82,2,0,0,40779
VectorQuantisationBenchmarks.'HNSW search',Rowles.LeanCorpus.Benchmarks,VectorQuantisationBenchmarks,'HNSW search',DefaultJob,Default,Default,Default,Default,Default,Default,Default,Default,Default,Default,Default,Default,Default,Default,Default,Default,Default,Default,Default,Default,Default,Default,Default,Default,Default,Default,Default,Default,Default,Default,Default,Default,Default,Default,Default,Default,Default,Default,Default,Default,Default,DefaultJob,Dimension=64&Quantisation=Int8,1,Workload,Result,15,689780759,256,2694456.09,2,0,0,40779
VectorQuantisationBenchmarks.'Lucene.NET flat scan',Rowles.LeanCorpus.Benchmarks,VectorQuantisationBenchmarks,'Lucene.NET flat scan',DefaultJob,Default,Default,Default,Default,Default,Default,Default,Default,Default,Default,Default,Default,Default,Default,Default,Default,Default,Default,Default,Default,Default,Default,Default,Default,Default,Default,Default,Default,Default,Default,Default,Default,Default,Default,Default,Default,Default,Default,Default,Default,Default,DefaultJob,Dimension=64&Quantisation=Int8,1,Workload,Jitting,1,320710503,1,320710503,42,0,0,88800104
VectorQuantisationBenchmarks.'Lucene.NET flat scan',Rowles.LeanCorpus.Benchmarks,VectorQuantisationBenchmarks,'Lucene.NET flat scan',DefaultJob,Default,Default,Default,Default,Default,Default,Default,Default,Default,Default,Default,Default,Default,Default,Default,Default,Default,Default,Default,Default,Default,Default,Default,Default,Default,Default,Default,Default,Default,Default,Default,Default,Default,Default,Default,Default,Default,Default,Default,Default,Default,DefaultJob,Dimension=64&Quantisation=Int8,1,Workload,Jitting,2,7720119304,30,257337310.13,42,0,0,88800104
VectorQuantisationBenchmarks.'Lucene.NET flat scan',Rowles.LeanCorpus.Benchmarks,VectorQuantisationBenchmarks,'Lucene.NET flat scan',DefaultJob,Default,Default,Default,Default,Default,Default,Default,Default,Default,Default,Default,Default,Default,Default,Default,Default,Default,Default,Default,Default,Default,Default,Default,Default,Default,Default,Default,Default,Default,Default,Default,Default,Default,Default,Default,Default,Default,Default,Default,Default,Default,DefaultJob,Dimension=64&Quantisation=Int8,1,Workload,Jitting,3,1792105184,7,256015026.29,42,0,0,88800104
VectorQuantisationBenchmarks.'Lucene.NET flat scan',Rowles.LeanCorpus.Benchmarks,VectorQuantisationBenchmarks,'Lucene.NET flat scan',DefaultJob,Default,Default,Default,Default,Default,Default,Default,Default,Default,Default,Default,Default,Default,Default,Default,Default,Default,Default,Default,Default,Default,Default,Default,Default,Default,Default,Default,Default,Default,Default,Default,Default,Default,Default,Default,Default,Default,Default,Default,Default,Default,DefaultJob,Dimension=64&Quantisation=Int8,1,Workload,Jitting,4,257817913,1,257817913,42,0,0,88800104
VectorQuantisationBenchmarks.'Lucene.NET flat scan',Rowles.LeanCorpus.Benchmarks,VectorQuantisationBenchmarks,'Lucene.NET flat scan',DefaultJob,Default,Default,Default,Default,Default,Default,Default,Default,Default,Default,Default,Default,Default,Default,Default,Default,Default,Default,Default,Default,Default,Default,Default,Default,Default,Default,Default,Default,Default,Default,Default,Default,Default,Default,Default,Default,Default,Default,Default,Default,Default,DefaultJob,Dimension=64&Quantisation=Int8,1,Workload,Pilot,1,503197665,2,251598832.5,42,0,0,88800104
VectorQuantisationBenchmarks.'Lucene.NET flat scan',Rowles.LeanCorpus.Benchmarks,VectorQuantisationBenchmarks,'Lucene.NET flat scan',DefaultJob,Default,Default,Default,Default,Default,Default,Default,Default,Default,Default,Default,Default,Default,Default,Default,Default,Default,Default,Default,Default,Default,Default,Default,Default,Default,Default,Default,Default,Default,Default,Default,Default,Default,Default,Default,Default,Default,Default,Default,Default,Default,DefaultJob,Dimension=64&Quantisation=Int8,1,Workload,Warmup,1,509786740,2,254893370,42,0,0,88800104
VectorQuantisationBenchmarks.'Lucene.NET flat scan',Rowles.LeanCorpus.Benchmarks,VectorQuantisationBenchmarks,'Lucene.NET flat scan',DefaultJob,Default,Default,Default,Default,Default,Default,Default,Default,Default,Default,Default,Default,Default,Default,Default,Default,Default,Default,Default,Default,Default,Default,Default,Default,Default,Default,Default,Default,Default,Default,Default,Default,Default,Default,Default,Default,Default,Default,Default,Default,Default,DefaultJob,Dimension=64&Quantisation=Int8,1,Workload,Warmup,2,509782636,2,254891318,42,0,0,88800104
VectorQuantisationBenchmarks.'Lucene.NET flat scan',Rowles.LeanCorpus.Benchmarks,VectorQuantisationBenchmarks,'Lucene.NET flat scan',DefaultJob,Default,Default,Default,Default,Default,Default,Default,Default,Default,Default,Default,Default,Default,Default,Default,Default,Default,Default,Default,Default,Default,Default,Default,Default,Default,Default,Default,Default,Default,Default,Default,Default,Default,Default,Default,Default,Default,Default,Default,Default,Default,DefaultJob,Dimension=64&Quantisation=Int8,1,Workload,Warmup,3,505476401,2,252738200.5,42,0,0,88800104
VectorQuantisationBenchmarks.'Lucene.NET flat scan',Rowles.LeanCorpus.Benchmarks,VectorQuantisationBenchmarks,'Lucene.NET flat scan',DefaultJob,Default,Default,Default,Default,Default,Default,Default,Default,Default,Default,Default,Default,Default,Default,Default,Default,Default,Default,Default,Default,Default,Default,Default,Default,Default,Default,Default,Default,Default,Default,Default,Default,Default,Default,Default,Default,Default,Default,Default,Default,Default,DefaultJob,Dimension=64&Quantisation=Int8,1,Workload,Warmup,4,509894387,2,254947193.5,42,0,0,88800104
VectorQuantisationBenchmarks.'Lucene.NET flat scan',Rowles.LeanCorpus.Benchmarks,VectorQuantisationBenchmarks,'Lucene.NET flat scan',DefaultJob,Default,Default,Default,Default,Default,Default,Default,Default,Default,Default,Default,Default,Default,Default,Default,Default,Default,Default,Default,Default,Default,Default,Default,Default,Default,Default,Default,Default,Default,Default,Default,Default,Default,Default,Default,Default,Default,Default,Default,Default,Default,DefaultJob,Dimension=64&Quantisation=Int8,1,Workload,Warmup,5,509665329,2,254832664.5,42,0,0,88800104
VectorQuantisationBenchmarks.'Lucene.NET flat scan',Rowles.LeanCorpus.Benchmarks,VectorQuantisationBenchmarks,'Lucene.NET flat scan',DefaultJob,Default,Default,Default,Default,Default,Default,Default,Default,Default,Default,Default,Default,Default,Default,Default,Default,Default,Default,Default,Default,Default,Default,Default,Default,Default,Default,Default,Default,Default,Default,Default,Default,Default,Default,Default,Default,Default,Default,Default,Default,Default,DefaultJob,Dimension=64&Quantisation=Int8,1,Workload,Warmup,6,511346655,2,255673327.5,42,0,0,88800104
VectorQuantisationBenchmarks.'Lucene.NET flat scan',Rowles.LeanCorpus.Benchmarks,VectorQuantisationBenchmarks,'Lucene.NET flat scan',DefaultJob,Default,Default,Default,Default,Default,Default,Default,Default,Default,Default,Default,Default,Default,Default,Default,Default,Default,Default,Default,Default,Default,Default,Default,Default,Default,Default,Default,Default,Default,Default,Default,Default,Default,Default,Default,Default,Default,Default,Default,Default,Default,DefaultJob,Dimension=64&Quantisation=Int8,1,Workload,Warmup,7,511434606,2,255717303,42,0,0,88800104
VectorQuantisationBenchmarks.'Lucene.NET flat scan',Rowles.LeanCorpus.Benchmarks,VectorQuantisationBenchmarks,'Lucene.NET flat scan',DefaultJob,Default,Default,Default,Default,Default,Default,Default,Default,Default,Default,Default,Default,Default,Default,Default,Default,Default,Default,Default,Default,Default,Default,Default,Default,Default,Default,Default,Default,Default,Default,Default,Default,Default,Default,Default,Default,Default,Default,Default,Default,Default,DefaultJob,Dimension=64&Quantisation=Int8,1,Workload,Warmup,8,507073251,2,253536625.5,42,0,0,88800104
VectorQuantisationBenchmarks.'Lucene.NET flat scan',Rowles.LeanCorpus.Benchmarks,VectorQuantisationBenchmarks,'Lucene.NET flat scan',DefaultJob,Default,Default,Default,Default,Default,Default,Default,Default,Default,Default,Default,Default,Default,Default,Default,Default,Default,Default,Default,Default,Default,Default,Default,Default,Default,Default,Default,Default,Default,Default,Default,Default,Default,Default,Default,Default,Default,Default,Default,Default,Default,DefaultJob,Dimension=64&Quantisation=Int8,1,Workload,Actual,1,504516488,2,252258244,42,0,0,88800104
VectorQuantisationBenchmarks.'Lucene.NET flat scan',Rowles.LeanCorpus.Benchmarks,VectorQuantisationBenchmarks,'Lucene.NET flat scan',DefaultJob,Default,Default,Default,Default,Default,Default,Default,Default,Default,Default,Default,Default,Default,Default,Default,Default,Default,Default,Default,Default,Default,Default,Default,Default,Default,Default,Default,Default,Default,Default,Default,Default,Default,Default,Default,Default,Default,Default,Default,Default,Default,DefaultJob,Dimension=64&Quantisation=Int8,1,Workload,Actual,2,509607528,2,254803764,42,0,0,88800104
VectorQuantisationBenchmarks.'Lucene.NET flat scan',Rowles.LeanCorpus.Benchmarks,VectorQuantisationBenchmarks,'Lucene.NET flat scan',DefaultJob,Default,Default,Default,Default,Default,Default,Default,Default,Default,Default,Default,Default,Default,Default,Default,Default,Default,Default,Default,Default,Default,Default,Default,Default,Default,Default,Default,Default,Default,Default,Default,Default,Default,Default,Default,Default,Default,Default,Default,Default,Default,DefaultJob,Dimension=64&Quantisation=Int8,1,Workload,Actual,3,505544914,2,252772457,42,0,0,88800104
VectorQuantisationBenchmarks.'Lucene.NET flat scan',Rowles.LeanCorpus.Benchmarks,VectorQuantisationBenchmarks,'Lucene.NET flat scan',DefaultJob,Default,Default,Default,Default,Default,Default,Default,Default,Default,Default,Default,Default,Default,Default,Default,Default,Default,Default,Default,Default,Default,Default,Default,Default,Default,Default,Default,Default,Default,Default,Default,Default,Default,Default,Default,Default,Default,Default,Default,Default,Default,DefaultJob,Dimension=64&Quantisation=Int8,1,Workload,Actual,4,503860901,2,251930450.5,42,0,0,88800104
VectorQuantisationBenchmarks.'Lucene.NET flat scan',Rowles.LeanCorpus.Benchmarks,VectorQuantisationBenchmarks,'Lucene.NET flat scan',DefaultJob,Default,Default,Default,Default,Default,Default,Default,Default,Default,Default,Default,Default,Default,Default,Default,Default,Default,Default,Default,Default,Default,Default,Default,Default,Default,Default,Default,Default,Default,Default,Default,Default,Default,Default,Default,Default,Default,Default,Default,Default,Default,DefaultJob,Dimension=64&Quantisation=Int8,1,Workload,Actual,5,494046321,2,247023160.5,42,0,0,88800104
VectorQuantisationBenchmarks.'Lucene.NET flat scan',Rowles.LeanCorpus.Benchmarks,VectorQuantisationBenchmarks,'Lucene.NET flat scan',DefaultJob,Default,Default,Default,Default,Default,Default,Default,Default,Default,Default,Default,Default,Default,Default,Default,Default,Default,Default,Default,Default,Default,Default,Default,Default,Default,Default,Default,Default,Default,Default,Default,Default,Default,Default,Default,Default,Default,Default,Default,Default,Default,DefaultJob,Dimension=64&Quantisation=Int8,1,Workload,Actual,6,501108163,2,250554081.5,42,0,0,88800104
VectorQuantisationBenchmarks.'Lucene.NET flat scan',Rowles.LeanCorpus.Benchmarks,VectorQuantisationBenchmarks,'Lucene.NET flat scan',DefaultJob,Default,Default,Default,Default,Default,Default,Default,Default,Default,Default,Default,Default,Default,Default,Default,Default,Default,Default,Default,Default,Default,Default,Default,Default,Default,Default,Default,Default,Default,Default,Default,Default,Default,Default,Default,Default,Default,Default,Default,Default,Default,DefaultJob,Dimension=64&Quantisation=Int8,1,Workload,Actual,7,502796553,2,251398276.5,42,0,0,88800104
VectorQuantisationBenchmarks.'Lucene.NET flat scan',Rowles.LeanCorpus.Benchmarks,VectorQuantisationBenchmarks,'Lucene.NET flat scan',DefaultJob,Default,Default,Default,Default,Default,Default,Default,Default,Default,Default,Default,Default,Default,Default,Default,Default,Default,Default,Default,Default,Default,Default,Default,Default,Default,Default,Default,Default,Default,Default,Default,Default,Default,Default,Default,Default,Default,Default,Default,Default,Default,DefaultJob,Dimension=64&Quantisation=Int8,1,Workload,Actual,8,503889506,2,251944753,42,0,0,88800104
VectorQuantisationBenchmarks.'Lucene.NET flat scan',Rowles.LeanCorpus.Benchmarks,VectorQuantisationBenchmarks,'Lucene.NET flat scan',DefaultJob,Default,Default,Default,Default,Default,Default,Default,Default,Default,Default,Default,Default,Default,Default,Default,Default,Default,Default,Default,Default,Default,Default,Default,Default,Default,Default,Default,Default,Default,Default,Default,Default,Default,Default,Default,Default,Default,Default,Default,Default,Default,DefaultJob,Dimension=64&Quantisation=Int8,1,Workload,Actual,9,496852694,2,248426347,42,0,0,88800104
VectorQuantisationBenchmarks.'Lucene.NET flat scan',Rowles.LeanCorpus.Benchmarks,VectorQuantisationBenchmarks,'Lucene.NET flat scan',DefaultJob,Default,Default,Default,Default,Default,Default,Default,Default,Default,Default,Default,Default,Default,Default,Default,Default,Default,Default,Default,Default,Default,Default,Default,Default,Default,Default,Default,Default,Default,Default,Default,Default,Default,Default,Default,Default,Default,Default,Default,Default,Default,DefaultJob,Dimension=64&Quantisation=Int8,1,Workload,Actual,10,499978743,2,249989371.5,42,0,0,88800104
VectorQuantisationBenchmarks.'Lucene.NET flat scan',Rowles.LeanCorpus.Benchmarks,VectorQuantisationBenchmarks,'Lucene.NET flat scan',DefaultJob,Default,Default,Default,Default,Default,Default,Default,Default,Default,Default,Default,Default,Default,Default,Default,Default,Default,Default,Default,Default,Default,Default,Default,Default,Default,Default,Default,Default,Default,Default,Default,Default,Default,Default,Default,Default,Default,Default,Default,Default,Default,DefaultJob,Dimension=64&Quantisation=Int8,1,Workload,Actual,11,505106056,2,252553028,42,0,0,88800104
VectorQuantisationBenchmarks.'Lucene.NET flat scan',Rowles.LeanCorpus.Benchmarks,VectorQuantisationBenchmarks,'Lucene.NET flat scan',DefaultJob,Default,Default,Default,Default,Default,Default,Default,Default,Default,Default,Default,Default,Default,Default,Default,Default,Default,Default,Default,Default,Default,Default,Default,Default,Default,Default,Default,Default,Default,Default,Default,Default,Default,Default,Default,Default,Default,Default,Default,Default,Default,DefaultJob,Dimension=64&Quantisation=Int8,1,Workload,Actual,12,505192942,2,252596471,42,0,0,88800104
VectorQuantisationBenchmarks.'Lucene.NET flat scan',Rowles.LeanCorpus.Benchmarks,VectorQuantisationBenchmarks,'Lucene.NET flat scan',DefaultJob,Default,Default,Default,Default,Default,Default,Default,Default,Default,Default,Default,Default,Default,Default,Default,Default,Default,Default,Default,Default,Default,Default,Default,Default,Default,Default,Default,Default,Default,Default,Default,Default,Default,Default,Default,Default,Default,Default,Default,Default,Default,DefaultJob,Dimension=64&Quantisation=Int8,1,Workload,Actual,13,505142087,2,252571043.5,42,0,0,88800104
VectorQuantisationBenchmarks.'Lucene.NET flat scan',Rowles.LeanCorpus.Benchmarks,VectorQuantisationBenchmarks,'Lucene.NET flat scan',DefaultJob,Default,Default,Default,Default,Default,Default,Default,Default,Default,Default,Default,Default,Default,Default,Default,Default,Default,Default,Default,Default,Default,Default,Default,Default,Default,Default,Default,Default,Default,Default,Default,Default,Default,Default,Default,Default,Default,Default,Default,Default,Default,DefaultJob,Dimension=64&Quantisation=Int8,1,Workload,Actual,14,505447690,2,252723845,42,0,0,88800104
VectorQuantisationBenchmarks.'Lucene.NET flat scan',Rowles.LeanCorpus.Benchmarks,VectorQuantisationBenchmarks,'Lucene.NET flat scan',DefaultJob,Default,Default,Default,Default,Default,Default,Default,Default,Default,Default,Default,Default,Default,Default,Default,Default,Default,Default,Default,Default,Default,Default,Default,Default,Default,Default,Default,Default,Default,Default,Default,Default,Default,Default,Default,Default,Default,Default,Default,Default,Default,DefaultJob,Dimension=64&Quantisation=Int8,1,Workload,Actual,15,505452569,2,252726284.5,42,0,0,88800104
VectorQuantisationBenchmarks.'Lucene.NET flat scan',Rowles.LeanCorpus.Benchmarks,VectorQuantisationBenchmarks,'Lucene.NET flat scan',DefaultJob,Default,Default,Default,Default,Default,Default,Default,Default,Default,Default,Default,Default,Default,Default,Default,Default,Default,Default,Default,Default,Default,Default,Default,Default,Default,Default,Default,Default,Default,Default,Default,Default,Default,Default,Default,Default,Default,Default,Default,Default,Default,DefaultJob,Dimension=64&Quantisation=Int8,1,Workload,Extra,1,499911377,2,249955688.5,42,0,0,88800104
VectorQuantisationBenchmarks.'Lucene.NET flat scan',Rowles.LeanCorpus.Benchmarks,VectorQuantisationBenchmarks,'Lucene.NET flat scan',DefaultJob,Default,Default,Default,Default,Default,Default,Default,Default,Default,Default,Default,Default,Default,Default,Default,Default,Default,Default,Default,Default,Default,Default,Default,Default,Default,Default,Default,Default,Default,Default,Default,Default,Default,Default,Default,Default,Default,Default,Default,Default,Default,DefaultJob,Dimension=64&Quantisation=Int8,1,Workload,Result,1,504516488,2,252258244,42,0,0,88800104
VectorQuantisationBenchmarks.'Lucene.NET flat scan',Rowles.LeanCorpus.Benchmarks,VectorQuantisationBenchmarks,'Lucene.NET flat scan',DefaultJob,Default,Default,Default,Default,Default,Default,Default,Default,Default,Default,Default,Default,Default,Default,Default,Default,Default,Default,Default,Default,Default,Default,Default,Default,Default,Default,Default,Default,Default,Default,Default,Default,Default,Default,Default,Default,Default,Default,Default,Default,Default,DefaultJob,Dimension=64&Quantisation=Int8,1,Workload,Result,2,509607528,2,254803764,42,0,0,88800104
VectorQuantisationBenchmarks.'Lucene.NET flat scan',Rowles.LeanCorpus.Benchmarks,VectorQuantisationBenchmarks,'Lucene.NET flat scan',DefaultJob,Default,Default,Default,Default,Default,Default,Default,Default,Default,Default,Default,Default,Default,Default,Default,Default,Default,Default,Default,Default,Default,Default,Default,Default,Default,Default,Default,Default,Default,Default,Default,Default,Default,Default,Default,Default,Default,Default,Default,Default,Default,DefaultJob,Dimension=64&Quantisation=Int8,1,Workload,Result,3,505544914,2,252772457,42,0,0,88800104
VectorQuantisationBenchmarks.'Lucene.NET flat scan',Rowles.LeanCorpus.Benchmarks,VectorQuantisationBenchmarks,'Lucene.NET flat scan',DefaultJob,Default,Default,Default,Default,Default,Default,Default,Default,Default,Default,Default,Default,Default,Default,Default,Default,Default,Default,Default,Default,Default,Default,Default,Default,Default,Default,Default,Default,Default,Default,Default,Default,Default,Default,Default,Default,Default,Default,Default,Default,Default,DefaultJob,Dimension=64&Quantisation=Int8,1,Workload,Result,4,503860901,2,251930450.5,42,0,0,88800104
VectorQuantisationBenchmarks.'Lucene.NET flat scan',Rowles.LeanCorpus.Benchmarks,VectorQuantisationBenchmarks,'Lucene.NET flat scan',DefaultJob,Default,Default,Default,Default,Default,Default,Default,Default,Default,Default,Default,Default,Default,Default,Default,Default,Default,Default,Default,Default,Default,Default,Default,Default,Default,Default,Default,Default,Default,Default,Default,Default,Default,Default,Default,Default,Default,Default,Default,Default,Default,DefaultJob,Dimension=64&Quantisation=Int8,1,Workload,Result,5,494046321,2,247023160.5,42,0,0,88800104
VectorQuantisationBenchmarks.'Lucene.NET flat scan',Rowles.LeanCorpus.Benchmarks,VectorQuantisationBenchmarks,'Lucene.NET flat scan',DefaultJob,Default,Default,Default,Default,Default,Default,Default,Default,Default,Default,Default,Default,Default,Default,Default,Default,Default,Default,Default,Default,Default,Default,Default,Default,Default,Default,Default,Default,Default,Default,Default,Default,Default,Default,Default,Default,Default,Default,Default,Default,Default,DefaultJob,Dimension=64&Quantisation=Int8,1,Workload,Result,6,501108163,2,250554081.5,42,0,0,88800104
VectorQuantisationBenchmarks.'Lucene.NET flat scan',Rowles.LeanCorpus.Benchmarks,VectorQuantisationBenchmarks,'Lucene.NET flat scan',DefaultJob,Default,Default,Default,Default,Default,Default,Default,Default,Default,Default,Default,Default,Default,Default,Default,Default,Default,Default,Default,Default,Default,Default,Default,Default,Default,Default,Default,Default,Default,Default,Default,Default,Default,Default,Default,Default,Default,Default,Default,Default,Default,DefaultJob,Dimension=64&Quantisation=Int8,1,Workload,Result,7,502796553,2,251398276.5,42,0,0,88800104
VectorQuantisationBenchmarks.'Lucene.NET flat scan',Rowles.LeanCorpus.Benchmarks,VectorQuantisationBenchmarks,'Lucene.NET flat scan',DefaultJob,Default,Default,Default,Default,Default,Default,Default,Default,Default,Default,Default,Default,Default,Default,Default,Default,Default,Default,Default,Default,Default,Default,Default,Default,Default,Default,Default,Default,Default,Default,Default,Default,Default,Default,Default,Default,Default,Default,Default,Default,Default,DefaultJob,Dimension=64&Quantisation=Int8,1,Workload,Result,8,503889506,2,251944753,42,0,0,88800104
VectorQuantisationBenchmarks.'Lucene.NET flat scan',Rowles.LeanCorpus.Benchmarks,VectorQuantisationBenchmarks,'Lucene.NET flat scan',DefaultJob,Default,Default,Default,Default,Default,Default,Default,Default,Default,Default,Default,Default,Default,Default,Default,Default,Default,Default,Default,Default,Default,Default,Default,Default,Default,Default,Default,Default,Default,Default,Default,Default,Default,Default,Default,Default,Default,Default,Default,Default,Default,DefaultJob,Dimension=64&Quantisation=Int8,1,Workload,Result,9,496852694,2,248426347,42,0,0,88800104
VectorQuantisationBenchmarks.'Lucene.NET flat scan',Rowles.LeanCorpus.Benchmarks,VectorQuantisationBenchmarks,'Lucene.NET flat scan',DefaultJob,Default,Default,Default,Default,Default,Default,Default,Default,Default,Default,Default,Default,Default,Default,Default,Default,Default,Default,Default,Default,Default,Default,Default,Default,Default,Default,Default,Default,Default,Default,Default,Default,Default,Default,Default,Default,Default,Default,Default,Default,Default,DefaultJob,Dimension=64&Quantisation=Int8,1,Workload,Result,10,499978743,2,249989371.5,42,0,0,88800104
VectorQuantisationBenchmarks.'Lucene.NET flat scan',Rowles.LeanCorpus.Benchmarks,VectorQuantisationBenchmarks,'Lucene.NET flat scan',DefaultJob,Default,Default,Default,Default,Default,Default,Default,Default,Default,Default,Default,Default,Default,Default,Default,Default,Default,Default,Default,Default,Default,Default,Default,Default,Default,Default,Default,Default,Default,Default,Default,Default,Default,Default,Default,Default,Default,Default,Default,Default,Default,DefaultJob,Dimension=64&Quantisation=Int8,1,Workload,Result,11,505106056,2,252553028,42,0,0,88800104
VectorQuantisationBenchmarks.'Lucene.NET flat scan',Rowles.LeanCorpus.Benchmarks,VectorQuantisationBenchmarks,'Lucene.NET flat scan',DefaultJob,Default,Default,Default,Default,Default,Default,Default,Default,Default,Default,Default,Default,Default,Default,Default,Default,Default,Default,Default,Default,Default,Default,Default,Default,Default,Default,Default,Default,Default,Default,Default,Default,Default,Default,Default,Default,Default,Default,Default,Default,Default,DefaultJob,Dimension=64&Quantisation=Int8,1,Workload,Result,12,505192942,2,252596471,42,0,0,88800104
VectorQuantisationBenchmarks.'Lucene.NET flat scan',Rowles.LeanCorpus.Benchmarks,VectorQuantisationBenchmarks,'Lucene.NET flat scan',DefaultJob,Default,Default,Default,Default,Default,Default,Default,Default,Default,Default,Default,Default,Default,Default,Default,Default,Default,Default,Default,Default,Default,Default,Default,Default,Default,Default,Default,Default,Default,Default,Default,Default,Default,Default,Default,Default,Default,Default,Default,Default,Default,DefaultJob,Dimension=64&Quantisation=Int8,1,Workload,Result,13,505142087,2,252571043.5,42,0,0,88800104
VectorQuantisationBenchmarks.'Lucene.NET flat scan',Rowles.LeanCorpus.Benchmarks,VectorQuantisationBenchmarks,'Lucene.NET flat scan',DefaultJob,Default,Default,Default,Default,Default,Default,Default,Default,Default,Default,Default,Default,Default,Default,Default,Default,Default,Default,Default,Default,Default,Default,Default,Default,Default,Default,Default,Default,Default,Default,Default,Default,Default,Default,Default,Default,Default,Default,Default,Default,Default,DefaultJob,Dimension=64&Quantisation=Int8,1,Workload,Result,14,505447690,2,252723845,42,0,0,88800104
VectorQuantisationBenchmarks.'Lucene.NET flat scan',Rowles.LeanCorpus.Benchmarks,VectorQuantisationBenchmarks,'Lucene.NET flat scan',DefaultJob,Default,Default,Default,Default,Default,Default,Default,Default,Default,Default,Default,Default,Default,Default,Default,Default,Default,Default,Default,Default,Default,Default,Default,Default,Default,Default,Default,Default,Default,Default,Default,Default,Default,Default,Default,Default,Default,Default,Default,Default,Default,DefaultJob,Dimension=64&Quantisation=Int8,1,Workload,Result,15,505452569,2,252726284.5,42,0,0,88800104
VectorQuantisationBenchmarks.'HNSW search',Rowles.LeanCorpus.Benchmarks,VectorQuantisationBenchmarks,'HNSW search',DefaultJob,Default,Default,Default,Default,Default,Default,Default,Default,Default,Default,Default,Default,Default,Default,Default,Default,Default,Default,Default,Default,Default,Default,Default,Default,Default,Default,Default,Default,Default,Default,Default,Default,Default,Default,Default,Default,Default,Default,Default,Default,Default,DefaultJob,Dimension=64&Quantisation=BBQ,1,Workload,Jitting,1,5113036,1,5113036,2,0,0,44203
VectorQuantisationBenchmarks.'HNSW search',Rowles.LeanCorpus.Benchmarks,VectorQuantisationBenchmarks,'HNSW search',DefaultJob,Default,Default,Default,Default,Default,Default,Default,Default,Default,Default,Default,Default,Default,Default,Default,Default,Default,Default,Default,Default,Default,Default,Default,Default,Default,Default,Default,Default,Default,Default,Default,Default,Default,Default,Default,Default,Default,Default,Default,Default,Default,DefaultJob,Dimension=64&Quantisation=BBQ,1,Workload,Jitting,2,110708735,30,3690291.17,2,0,0,44203
VectorQuantisationBenchmarks.'HNSW search',Rowles.LeanCorpus.Benchmarks,VectorQuantisationBenchmarks,'HNSW search',DefaultJob,Default,Default,Default,Default,Default,Default,Default,Default,Default,Default,Default,Default,Default,Default,Default,Default,Default,Default,Default,Default,Default,Default,Default,Default,Default,Default,Default,Default,Default,Default,Default,Default,Default,Default,Default,Default,Default,Default,Default,Default,Default,DefaultJob,Dimension=64&Quantisation=BBQ,1,Workload,Jitting,3,112390175,30,3746339.17,2,0,0,44203
VectorQuantisationBenchmarks.'HNSW search',Rowles.LeanCorpus.Benchmarks,VectorQuantisationBenchmarks,'HNSW search',DefaultJob,Default,Default,Default,Default,Default,Default,Default,Default,Default,Default,Default,Default,Default,Default,Default,Default,Default,Default,Default,Default,Default,Default,Default,Default,Default,Default,Default,Default,Default,Default,Default,Default,Default,Default,Default,Default,Default,Default,Default,Default,Default,DefaultJob,Dimension=64&Quantisation=BBQ,1,Workload,Jitting,4,109117910,30,3637263.67,2,0,0,44203
VectorQuantisationBenchmarks.'HNSW search',Rowles.LeanCorpus.Benchmarks,VectorQuantisationBenchmarks,'HNSW search',DefaultJob,Default,Default,Default,Default,Default,Default,Default,Default,Default,Default,Default,Default,Default,Default,Default,Default,Default,Default,Default,Default,Default,Default,Default,Default,Default,Default,Default,Default,Default,Default,Default,Default,Default,Default,Default,Default,Default,Default,Default,Default,Default,DefaultJob,Dimension=64&Quantisation=BBQ,1,Workload,Jitting,5,4690847,1,4690847,2,0,0,44203
VectorQuantisationBenchmarks.'HNSW search',Rowles.LeanCorpus.Benchmarks,VectorQuantisationBenchmarks,'HNSW search',DefaultJob,Default,Default,Default,Default,Default,Default,Default,Default,Default,Default,Default,Default,Default,Default,Default,Default,Default,Default,Default,Default,Default,Default,Default,Default,Default,Default,Default,Default,Default,Default,Default,Default,Default,Default,Default,Default,Default,Default,Default,Default,Default,DefaultJob,Dimension=64&Quantisation=BBQ,1,Workload,Pilot,1,5084014,1,5084014,2,0,0,44203
VectorQuantisationBenchmarks.'HNSW search',Rowles.LeanCorpus.Benchmarks,VectorQuantisationBenchmarks,'HNSW search',DefaultJob,Default,Default,Default,Default,Default,Default,Default,Default,Default,Default,Default,Default,Default,Default,Default,Default,Default,Default,Default,Default,Default,Default,Default,Default,Default,Default,Default,Default,Default,Default,Default,Default,Default,Default,Default,Default,Default,Default,Default,Default,Default,DefaultJob,Dimension=64&Quantisation=BBQ,1,Workload,Pilot,1,60237952,16,3764872,2,0,0,44203
VectorQuantisationBenchmarks.'HNSW search',Rowles.LeanCorpus.Benchmarks,VectorQuantisationBenchmarks,'HNSW search',DefaultJob,Default,Default,Default,Default,Default,Default,Default,Default,Default,Default,Default,Default,Default,Default,Default,Default,Default,Default,Default,Default,Default,Default,Default,Default,Default,Default,Default,Default,Default,Default,Default,Default,Default,Default,Default,Default,Default,Default,Default,Default,Default,DefaultJob,Dimension=64&Quantisation=BBQ,1,Workload,Pilot,2,117150891,32,3660965.34,2,0,0,44203
VectorQuantisationBenchmarks.'HNSW search',Rowles.LeanCorpus.Benchmarks,VectorQuantisationBenchmarks,'HNSW search',DefaultJob,Default,Default,Default,Default,Default,Default,Default,Default,Default,Default,Default,Default,Default,Default,Default,Default,Default,Default,Default,Default,Default,Default,Default,Default,Default,Default,Default,Default,Default,Default,Default,Default,Default,Default,Default,Default,Default,Default,Default,Default,Default,DefaultJob,Dimension=64&Quantisation=BBQ,1,Workload,Pilot,3,229886147,64,3591971.05,2,0,0,44203
VectorQuantisationBenchmarks.'HNSW search',Rowles.LeanCorpus.Benchmarks,VectorQuantisationBenchmarks,'HNSW search',DefaultJob,Default,Default,Default,Default,Default,Default,Default,Default,Default,Default,Default,Default,Default,Default,Default,Default,Default,Default,Default,Default,Default,Default,Default,Default,Default,Default,Default,Default,Default,Default,Default,Default,Default,Default,Default,Default,Default,Default,Default,Default,Default,DefaultJob,Dimension=64&Quantisation=BBQ,1,Workload,Pilot,4,458556441,128,3582472.2,2,0,0,44203
VectorQuantisationBenchmarks.'HNSW search',Rowles.LeanCorpus.Benchmarks,VectorQuantisationBenchmarks,'HNSW search',DefaultJob,Default,Default,Default,Default,Default,Default,Default,Default,Default,Default,Default,Default,Default,Default,Default,Default,Default,Default,Default,Default,Default,Default,Default,Default,Default,Default,Default,Default,Default,Default,Default,Default,Default,Default,Default,Default,Default,Default,Default,Default,Default,DefaultJob,Dimension=64&Quantisation=BBQ,1,Workload,Pilot,5,911660146,256,3561172.45,2,0,0,44203
VectorQuantisationBenchmarks.'HNSW search',Rowles.LeanCorpus.Benchmarks,VectorQuantisationBenchmarks,'HNSW search',DefaultJob,Default,Default,Default,Default,Default,Default,Default,Default,Default,Default,Default,Default,Default,Default,Default,Default,Default,Default,Default,Default,Default,Default,Default,Default,Default,Default,Default,Default,Default,Default,Default,Default,Default,Default,Default,Default,Default,Default,Default,Default,Default,DefaultJob,Dimension=64&Quantisation=BBQ,1,Workload,Warmup,1,910119471,256,3555154.18,2,0,0,44203
VectorQuantisationBenchmarks.'HNSW search',Rowles.LeanCorpus.Benchmarks,VectorQuantisationBenchmarks,'HNSW search',DefaultJob,Default,Default,Default,Default,Default,Default,Default,Default,Default,Default,Default,Default,Default,Default,Default,Default,Default,Default,Default,Default,Default,Default,Default,Default,Default,Default,Default,Default,Default,Default,Default,Default,Default,Default,Default,Default,Default,Default,Default,Default,Default,DefaultJob,Dimension=64&Quantisation=BBQ,1,Workload,Warmup,2,904044621,256,3531424.3,2,0,0,44203
VectorQuantisationBenchmarks.'HNSW search',Rowles.LeanCorpus.Benchmarks,VectorQuantisationBenchmarks,'HNSW search',DefaultJob,Default,Default,Default,Default,Default,Default,Default,Default,Default,Default,Default,Default,Default,Default,Default,Default,Default,Default,Default,Default,Default,Default,Default,Default,Default,Default,Default,Default,Default,Default,Default,Default,Default,Default,Default,Default,Default,Default,Default,Default,Default,DefaultJob,Dimension=64&Quantisation=BBQ,1,Workload,Warmup,3,910738958,256,3557574.05,2,0,0,44203
VectorQuantisationBenchmarks.'HNSW search',Rowles.LeanCorpus.Benchmarks,VectorQuantisationBenchmarks,'HNSW search',DefaultJob,Default,Default,Default,Default,Default,Default,Default,Default,Default,Default,Default,Default,Default,Default,Default,Default,Default,Default,Default,Default,Default,Default,Default,Default,Default,Default,Default,Default,Default,Default,Default,Default,Default,Default,Default,Default,Default,Default,Default,Default,Default,DefaultJob,Dimension=64&Quantisation=BBQ,1,Workload,Warmup,4,909733227,256,3553645.42,2,0,0,44203
VectorQuantisationBenchmarks.'HNSW search',Rowles.LeanCorpus.Benchmarks,VectorQuantisationBenchmarks,'HNSW search',DefaultJob,Default,Default,Default,Default,Default,Default,Default,Default,Default,Default,Default,Default,Default,Default,Default,Default,Default,Default,Default,Default,Default,Default,Default,Default,Default,Default,Default,Default,Default,Default,Default,Default,Default,Default,Default,Default,Default,Default,Default,Default,Default,DefaultJob,Dimension=64&Quantisation=BBQ,1,Workload,Warmup,5,908108135,256,3547297.4,2,0,0,44203
VectorQuantisationBenchmarks.'HNSW search',Rowles.LeanCorpus.Benchmarks,VectorQuantisationBenchmarks,'HNSW search',DefaultJob,Default,Default,Default,Default,Default,Default,Default,Default,Default,Default,Default,Default,Default,Default,Default,Default,Default,Default,Default,Default,Default,Default,Default,Default,Default,Default,Default,Default,Default,Default,Default,Default,Default,Default,Default,Default,Default,Default,Default,Default,Default,DefaultJob,Dimension=64&Quantisation=BBQ,1,Workload,Warmup,6,909034307,256,3550915.26,2,0,0,44203
VectorQuantisationBenchmarks.'HNSW search',Rowles.LeanCorpus.Benchmarks,VectorQuantisationBenchmarks,'HNSW search',DefaultJob,Default,Default,Default,Default,Default,Default,Default,Default,Default,Default,Default,Default,Default,Default,Default,Default,Default,Default,Default,Default,Default,Default,Default,Default,Default,Default,Default,Default,Default,Default,Default,Default,Default,Default,Default,Default,Default,Default,Default,Default,Default,DefaultJob,Dimension=64&Quantisation=BBQ,1,Workload,Warmup,7,912157036,256,3563113.42,2,0,0,44203
VectorQuantisationBenchmarks.'HNSW search',Rowles.LeanCorpus.Benchmarks,VectorQuantisationBenchmarks,'HNSW search',DefaultJob,Default,Default,Default,Default,Default,Default,Default,Default,Default,Default,Default,Default,Default,Default,Default,Default,Default,Default,Default,Default,Default,Default,Default,Default,Default,Default,Default,Default,Default,Default,Default,Default,Default,Default,Default,Default,Default,Default,Default,Default,Default,DefaultJob,Dimension=64&Quantisation=BBQ,1,Workload,Warmup,8,911117428,256,3559052.45,2,0,0,44203
VectorQuantisationBenchmarks.'HNSW search',Rowles.LeanCorpus.Benchmarks,VectorQuantisationBenchmarks,'HNSW search',DefaultJob,Default,Default,Default,Default,Default,Default,Default,Default,Default,Default,Default,Default,Default,Default,Default,Default,Default,Default,Default,Default,Default,Default,Default,Default,Default,Default,Default,Default,Default,Default,Default,Default,Default,Default,Default,Default,Default,Default,Default,Default,Default,DefaultJob,Dimension=64&Quantisation=BBQ,1,Workload,Actual,1,909395969,256,3552328,2,0,0,44203
VectorQuantisationBenchmarks.'HNSW search',Rowles.LeanCorpus.Benchmarks,VectorQuantisationBenchmarks,'HNSW search',DefaultJob,Default,Default,Default,Default,Default,Default,Default,Default,Default,Default,Default,Default,Default,Default,Default,Default,Default,Default,Default,Default,Default,Default,Default,Default,Default,Default,Default,Default,Default,Default,Default,Default,Default,Default,Default,Default,Default,Default,Default,Default,Default,DefaultJob,Dimension=64&Quantisation=BBQ,1,Workload,Actual,2,907950293,256,3546680.83,2,0,0,44203
VectorQuantisationBenchmarks.'HNSW search',Rowles.LeanCorpus.Benchmarks,VectorQuantisationBenchmarks,'HNSW search',DefaultJob,Default,Default,Default,Default,Default,Default,Default,Default,Default,Default,Default,Default,Default,Default,Default,Default,Default,Default,Default,Default,Default,Default,Default,Default,Default,Default,Default,Default,Default,Default,Default,Default,Default,Default,Default,Default,Default,Default,Default,Default,Default,DefaultJob,Dimension=64&Quantisation=BBQ,1,Workload,Actual,3,911176846,256,3559284.55,2,0,0,44203
VectorQuantisationBenchmarks.'HNSW search',Rowles.LeanCorpus.Benchmarks,VectorQuantisationBenchmarks,'HNSW search',DefaultJob,Default,Default,Default,Default,Default,Default,Default,Default,Default,Default,Default,Default,Default,Default,Default,Default,Default,Default,Default,Default,Default,Default,Default,Default,Default,Default,Default,Default,Default,Default,Default,Default,Default,Default,Default,Default,Default,Default,Default,Default,Default,DefaultJob,Dimension=64&Quantisation=BBQ,1,Workload,Actual,4,908221924,256,3547741.89,2,0,0,44203
VectorQuantisationBenchmarks.'HNSW search',Rowles.LeanCorpus.Benchmarks,VectorQuantisationBenchmarks,'HNSW search',DefaultJob,Default,Default,Default,Default,Default,Default,Default,Default,Default,Default,Default,Default,Default,Default,Default,Default,Default,Default,Default,Default,Default,Default,Default,Default,Default,Default,Default,Default,Default,Default,Default,Default,Default,Default,Default,Default,Default,Default,Default,Default,Default,DefaultJob,Dimension=64&Quantisation=BBQ,1,Workload,Actual,5,908591465,256,3549185.41,2,0,0,44203
VectorQuantisationBenchmarks.'HNSW search',Rowles.LeanCorpus.Benchmarks,VectorQuantisationBenchmarks,'HNSW search',DefaultJob,Default,Default,Default,Default,Default,Default,Default,Default,Default,Default,Default,Default,Default,Default,Default,Default,Default,Default,Default,Default,Default,Default,Default,Default,Default,Default,Default,Default,Default,Default,Default,Default,Default,Default,Default,Default,Default,Default,Default,Default,Default,DefaultJob,Dimension=64&Quantisation=BBQ,1,Workload,Actual,6,909513071,256,3552785.43,2,0,0,44203
VectorQuantisationBenchmarks.'HNSW search',Rowles.LeanCorpus.Benchmarks,VectorQuantisationBenchmarks,'HNSW search',DefaultJob,Default,Default,Default,Default,Default,Default,Default,Default,Default,Default,Default,Default,Default,Default,Default,Default,Default,Default,Default,Default,Default,Default,Default,Default,Default,Default,Default,Default,Default,Default,Default,Default,Default,Default,Default,Default,Default,Default,Default,Default,Default,DefaultJob,Dimension=64&Quantisation=BBQ,1,Workload,Actual,7,907693076,256,3545676.08,2,0,0,44203
VectorQuantisationBenchmarks.'HNSW search',Rowles.LeanCorpus.Benchmarks,VectorQuantisationBenchmarks,'HNSW search',DefaultJob,Default,Default,Default,Default,Default,Default,Default,Default,Default,Default,Default,Default,Default,Default,Default,Default,Default,Default,Default,Default,Default,Default,Default,Default,Default,Default,Default,Default,Default,Default,Default,Default,Default,Default,Default,Default,Default,Default,Default,Default,Default,DefaultJob,Dimension=64&Quantisation=BBQ,1,Workload,Actual,8,909053814,256,3550991.46,2,0,0,44203
VectorQuantisationBenchmarks.'HNSW search',Rowles.LeanCorpus.Benchmarks,VectorQuantisationBenchmarks,'HNSW search',DefaultJob,Default,Default,Default,Default,Default,Default,Default,Default,Default,Default,Default,Default,Default,Default,Default,Default,Default,Default,Default,Default,Default,Default,Default,Default,Default,Default,Default,Default,Default,Default,Default,Default,Default,Default,Default,Default,Default,Default,Default,Default,Default,DefaultJob,Dimension=64&Quantisation=BBQ,1,Workload,Actual,9,910161738,256,3555319.29,2,0,0,44203
VectorQuantisationBenchmarks.'HNSW search',Rowles.LeanCorpus.Benchmarks,VectorQuantisationBenchmarks,'HNSW search',DefaultJob,Default,Default,Default,Default,Default,Default,Default,Default,Default,Default,Default,Default,Default,Default,Default,Default,Default,Default,Default,Default,Default,Default,Default,Default,Default,Default,Default,Default,Default,Default,Default,Default,Default,Default,Default,Default,Default,Default,Default,Default,Default,DefaultJob,Dimension=64&Quantisation=BBQ,1,Workload,Actual,10,912826420,256,3565728.2,2,0,0,44203
VectorQuantisationBenchmarks.'HNSW search',Rowles.LeanCorpus.Benchmarks,VectorQuantisationBenchmarks,'HNSW search',DefaultJob,Default,Default,Default,Default,Default,Default,Default,Default,Default,Default,Default,Default,Default,Default,Default,Default,Default,Default,Default,Default,Default,Default,Default,Default,Default,Default,Default,Default,Default,Default,Default,Default,Default,Default,Default,Default,Default,Default,Default,Default,Default,DefaultJob,Dimension=64&Quantisation=BBQ,1,Workload,Actual,11,912607782,256,3564874.15,2,0,0,44203
VectorQuantisationBenchmarks.'HNSW search',Rowles.LeanCorpus.Benchmarks,VectorQuantisationBenchmarks,'HNSW search',DefaultJob,Default,Default,Default,Default,Default,Default,Default,Default,Default,Default,Default,Default,Default,Default,Default,Default,Default,Default,Default,Default,Default,Default,Default,Default,Default,Default,Default,Default,Default,Default,Default,Default,Default,Default,Default,Default,Default,Default,Default,Default,Default,DefaultJob,Dimension=64&Quantisation=BBQ,1,Workload,Actual,12,912637108,256,3564988.7,2,0,0,44203
VectorQuantisationBenchmarks.'HNSW search',Rowles.LeanCorpus.Benchmarks,VectorQuantisationBenchmarks,'HNSW search',DefaultJob,Default,Default,Default,Default,Default,Default,Default,Default,Default,Default,Default,Default,Default,Default,Default,Default,Default,Default,Default,Default,Default,Default,Default,Default,Default,Default,Default,Default,Default,Default,Default,Default,Default,Default,Default,Default,Default,Default,Default,Default,Default,DefaultJob,Dimension=64&Quantisation=BBQ,1,Workload,Actual,13,914226107,256,3571195.73,2,0,0,44203
VectorQuantisationBenchmarks.'HNSW search',Rowles.LeanCorpus.Benchmarks,VectorQuantisationBenchmarks,'HNSW search',DefaultJob,Default,Default,Default,Default,Default,Default,Default,Default,Default,Default,Default,Default,Default,Default,Default,Default,Default,Default,Default,Default,Default,Default,Default,Default,Default,Default,Default,Default,Default,Default,Default,Default,Default,Default,Default,Default,Default,Default,Default,Default,Default,DefaultJob,Dimension=64&Quantisation=BBQ,1,Workload,Actual,14,912198040,256,3563273.59,2,0,0,44203
VectorQuantisationBenchmarks.'HNSW search',Rowles.LeanCorpus.Benchmarks,VectorQuantisationBenchmarks,'HNSW search',DefaultJob,Default,Default,Default,Default,Default,Default,Default,Default,Default,Default,Default,Default,Default,Default,Default,Default,Default,Default,Default,Default,Default,Default,Default,Default,Default,Default,Default,Default,Default,Default,Default,Default,Default,Default,Default,Default,Default,Default,Default,Default,Default,DefaultJob,Dimension=64&Quantisation=BBQ,1,Workload,Actual,15,898457674,256,3509600.29,2,0,0,44203
VectorQuantisationBenchmarks.'HNSW search',Rowles.LeanCorpus.Benchmarks,VectorQuantisationBenchmarks,'HNSW search',DefaultJob,Default,Default,Default,Default,Default,Default,Default,Default,Default,Default,Default,Default,Default,Default,Default,Default,Default,Default,Default,Default,Default,Default,Default,Default,Default,Default,Default,Default,Default,Default,Default,Default,Default,Default,Default,Default,Default,Default,Default,Default,Default,DefaultJob,Dimension=64&Quantisation=BBQ,1,Workload,Extra,1,912363369,256,3563919.41,2,0,0,44203
VectorQuantisationBenchmarks.'HNSW search',Rowles.LeanCorpus.Benchmarks,VectorQuantisationBenchmarks,'HNSW search',DefaultJob,Default,Default,Default,Default,Default,Default,Default,Default,Default,Default,Default,Default,Default,Default,Default,Default,Default,Default,Default,Default,Default,Default,Default,Default,Default,Default,Default,Default,Default,Default,Default,Default,Default,Default,Default,Default,Default,Default,Default,Default,Default,DefaultJob,Dimension=64&Quantisation=BBQ,1,Workload,Result,1,909395969,256,3552328,2,0,0,44203
VectorQuantisationBenchmarks.'HNSW search',Rowles.LeanCorpus.Benchmarks,VectorQuantisationBenchmarks,'HNSW search',DefaultJob,Default,Default,Default,Default,Default,Default,Default,Default,Default,Default,Default,Default,Default,Default,Default,Default,Default,Default,Default,Default,Default,Default,Default,Default,Default,Default,Default,Default,Default,Default,Default,Default,Default,Default,Default,Default,Default,Default,Default,Default,Default,DefaultJob,Dimension=64&Quantisation=BBQ,1,Workload,Result,2,907950293,256,3546680.83,2,0,0,44203
VectorQuantisationBenchmarks.'HNSW search',Rowles.LeanCorpus.Benchmarks,VectorQuantisationBenchmarks,'HNSW search',DefaultJob,Default,Default,Default,Default,Default,Default,Default,Default,Default,Default,Default,Default,Default,Default,Default,Default,Default,Default,Default,Default,Default,Default,Default,Default,Default,Default,Default,Default,Default,Default,Default,Default,Default,Default,Default,Default,Default,Default,Default,Default,Default,DefaultJob,Dimension=64&Quantisation=BBQ,1,Workload,Result,3,911176846,256,3559284.55,2,0,0,44203
VectorQuantisationBenchmarks.'HNSW search',Rowles.LeanCorpus.Benchmarks,VectorQuantisationBenchmarks,'HNSW search',DefaultJob,Default,Default,Default,Default,Default,Default,Default,Default,Default,Default,Default,Default,Default,Default,Default,Default,Default,Default,Default,Default,Default,Default,Default,Default,Default,Default,Default,Default,Default,Default,Default,Default,Default,Default,Default,Default,Default,Default,Default,Default,Default,DefaultJob,Dimension=64&Quantisation=BBQ,1,Workload,Result,4,908221924,256,3547741.89,2,0,0,44203
VectorQuantisationBenchmarks.'HNSW search',Rowles.LeanCorpus.Benchmarks,VectorQuantisationBenchmarks,'HNSW search',DefaultJob,Default,Default,Default,Default,Default,Default,Default,Default,Default,Default,Default,Default,Default,Default,Default,Default,Default,Default,Default,Default,Default,Default,Default,Default,Default,Default,Default,Default,Default,Default,Default,Default,Default,Default,Default,Default,Default,Default,Default,Default,Default,DefaultJob,Dimension=64&Quantisation=BBQ,1,Workload,Result,5,908591465,256,3549185.41,2,0,0,44203
VectorQuantisationBenchmarks.'HNSW search',Rowles.LeanCorpus.Benchmarks,VectorQuantisationBenchmarks,'HNSW search',DefaultJob,Default,Default,Default,Default,Default,Default,Default,Default,Default,Default,Default,Default,Default,Default,Default,Default,Default,Default,Default,Default,Default,Default,Default,Default,Default,Default,Default,Default,Default,Default,Default,Default,Default,Default,Default,Default,Default,Default,Default,Default,Default,DefaultJob,Dimension=64&Quantisation=BBQ,1,Workload,Result,6,909513071,256,3552785.43,2,0,0,44203
VectorQuantisationBenchmarks.'HNSW search',Rowles.LeanCorpus.Benchmarks,VectorQuantisationBenchmarks,'HNSW search',DefaultJob,Default,Default,Default,Default,Default,Default,Default,Default,Default,Default,Default,Default,Default,Default,Default,Default,Default,Default,Default,Default,Default,Default,Default,Default,Default,Default,Default,Default,Default,Default,Default,Default,Default,Default,Default,Default,Default,Default,Default,Default,Default,DefaultJob,Dimension=64&Quantisation=BBQ,1,Workload,Result,7,907693076,256,3545676.08,2,0,0,44203
VectorQuantisationBenchmarks.'HNSW search',Rowles.LeanCorpus.Benchmarks,VectorQuantisationBenchmarks,'HNSW search',DefaultJob,Default,Default,Default,Default,Default,Default,Default,Default,Default,Default,Default,Default,Default,Default,Default,Default,Default,Default,Default,Default,Default,Default,Default,Default,Default,Default,Default,Default,Default,Default,Default,Default,Default,Default,Default,Default,Default,Default,Default,Default,Default,DefaultJob,Dimension=64&Quantisation=BBQ,1,Workload,Result,8,909053814,256,3550991.46,2,0,0,44203
VectorQuantisationBenchmarks.'HNSW search',Rowles.LeanCorpus.Benchmarks,VectorQuantisationBenchmarks,'HNSW search',DefaultJob,Default,Default,Default,Default,Default,Default,Default,Default,Default,Default,Default,Default,Default,Default,Default,Default,Default,Default,Default,Default,Default,Default,Default,Default,Default,Default,Default,Default,Default,Default,Default,Default,Default,Default,Default,Default,Default,Default,Default,Default,Default,DefaultJob,Dimension=64&Quantisation=BBQ,1,Workload,Result,9,910161738,256,3555319.29,2,0,0,44203
VectorQuantisationBenchmarks.'HNSW search',Rowles.LeanCorpus.Benchmarks,VectorQuantisationBenchmarks,'HNSW search',DefaultJob,Default,Default,Default,Default,Default,Default,Default,Default,Default,Default,Default,Default,Default,Default,Default,Default,Default,Default,Default,Default,Default,Default,Default,Default,Default,Default,Default,Default,Default,Default,Default,Default,Default,Default,Default,Default,Default,Default,Default,Default,Default,DefaultJob,Dimension=64&Quantisation=BBQ,1,Workload,Result,10,912826420,256,3565728.2,2,0,0,44203
VectorQuantisationBenchmarks.'HNSW search',Rowles.LeanCorpus.Benchmarks,VectorQuantisationBenchmarks,'HNSW search',DefaultJob,Default,Default,Default,Default,Default,Default,Default,Default,Default,Default,Default,Default,Default,Default,Default,Default,Default,Default,Default,Default,Default,Default,Default,Default,Default,Default,Default,Default,Default,Default,Default,Default,Default,Default,Default,Default,Default,Default,Default,Default,Default,DefaultJob,Dimension=64&Quantisation=BBQ,1,Workload,Result,11,912607782,256,3564874.15,2,0,0,44203
VectorQuantisationBenchmarks.'HNSW search',Rowles.LeanCorpus.Benchmarks,VectorQuantisationBenchmarks,'HNSW search',DefaultJob,Default,Default,Default,Default,Default,Default,Default,Default,Default,Default,Default,Default,Default,Default,Default,Default,Default,Default,Default,Default,Default,Default,Default,Default,Default,Default,Default,Default,Default,Default,Default,Default,Default,Default,Default,Default,Default,Default,Default,Default,Default,DefaultJob,Dimension=64&Quantisation=BBQ,1,Workload,Result,12,912637108,256,3564988.7,2,0,0,44203
VectorQuantisationBenchmarks.'HNSW search',Rowles.LeanCorpus.Benchmarks,VectorQuantisationBenchmarks,'HNSW search',DefaultJob,Default,Default,Default,Default,Default,Default,Default,Default,Default,Default,Default,Default,Default,Default,Default,Default,Default,Default,Default,Default,Default,Default,Default,Default,Default,Default,Default,Default,Default,Default,Default,Default,Default,Default,Default,Default,Default,Default,Default,Default,Default,DefaultJob,Dimension=64&Quantisation=BBQ,1,Workload,Result,13,914226107,256,3571195.73,2,0,0,44203
VectorQuantisationBenchmarks.'HNSW search',Rowles.LeanCorpus.Benchmarks,VectorQuantisationBenchmarks,'HNSW search',DefaultJob,Default,Default,Default,Default,Default,Default,Default,Default,Default,Default,Default,Default,Default,Default,Default,Default,Default,Default,Default,Default,Default,Default,Default,Default,Default,Default,Default,Default,Default,Default,Default,Default,Default,Default,Default,Default,Default,Default,Default,Default,Default,DefaultJob,Dimension=64&Quantisation=BBQ,1,Workload,Result,14,912198040,256,3563273.59,2,0,0,44203
VectorQuantisationBenchmarks.'HNSW search',Rowles.LeanCorpus.Benchmarks,VectorQuantisationBenchmarks,'HNSW search',DefaultJob,Default,Default,Default,Default,Default,Default,Default,Default,Default,Default,Default,Default,Default,Default,Default,Default,Default,Default,Default,Default,Default,Default,Default,Default,Default,Default,Default,Default,Default,Default,Default,Default,Default,Default,Default,Default,Default,Default,Default,Default,Default,DefaultJob,Dimension=64&Quantisation=BBQ,1,Workload,Result,15,898457674,256,3509600.29,2,0,0,44203
VectorQuantisationBenchmarks.'Lucene.NET flat scan',Rowles.LeanCorpus.Benchmarks,VectorQuantisationBenchmarks,'Lucene.NET flat scan',DefaultJob,Default,Default,Default,Default,Default,Default,Default,Default,Default,Default,Default,Default,Default,Default,Default,Default,Default,Default,Default,Default,Default,Default,Default,Default,Default,Default,Default,Default,Default,Default,Default,Default,Default,Default,Default,Default,Default,Default,Default,Default,Default,DefaultJob,Dimension=64&Quantisation=BBQ,1,Workload,Jitting,1,327765252,1,327765252,42,0,0,88800104
VectorQuantisationBenchmarks.'Lucene.NET flat scan',Rowles.LeanCorpus.Benchmarks,VectorQuantisationBenchmarks,'Lucene.NET flat scan',DefaultJob,Default,Default,Default,Default,Default,Default,Default,Default,Default,Default,Default,Default,Default,Default,Default,Default,Default,Default,Default,Default,Default,Default,Default,Default,Default,Default,Default,Default,Default,Default,Default,Default,Default,Default,Default,Default,Default,Default,Default,Default,Default,DefaultJob,Dimension=64&Quantisation=BBQ,1,Workload,Jitting,2,7954321814,30,265144060.47,42,0,0,88800104
VectorQuantisationBenchmarks.'Lucene.NET flat scan',Rowles.LeanCorpus.Benchmarks,VectorQuantisationBenchmarks,'Lucene.NET flat scan',DefaultJob,Default,Default,Default,Default,Default,Default,Default,Default,Default,Default,Default,Default,Default,Default,Default,Default,Default,Default,Default,Default,Default,Default,Default,Default,Default,Default,Default,Default,Default,Default,Default,Default,Default,Default,Default,Default,Default,Default,Default,Default,Default,DefaultJob,Dimension=64&Quantisation=BBQ,1,Workload,Jitting,3,1557806381,6,259634396.83,42,0,0,88800104
VectorQuantisationBenchmarks.'Lucene.NET flat scan',Rowles.LeanCorpus.Benchmarks,VectorQuantisationBenchmarks,'Lucene.NET flat scan',DefaultJob,Default,Default,Default,Default,Default,Default,Default,Default,Default,Default,Default,Default,Default,Default,Default,Default,Default,Default,Default,Default,Default,Default,Default,Default,Default,Default,Default,Default,Default,Default,Default,Default,Default,Default,Default,Default,Default,Default,Default,Default,Default,DefaultJob,Dimension=64&Quantisation=BBQ,1,Workload,Jitting,4,261639186,1,261639186,42,0,0,88800104
VectorQuantisationBenchmarks.'Lucene.NET flat scan',Rowles.LeanCorpus.Benchmarks,VectorQuantisationBenchmarks,'Lucene.NET flat scan',DefaultJob,Default,Default,Default,Default,Default,Default,Default,Default,Default,Default,Default,Default,Default,Default,Default,Default,Default,Default,Default,Default,Default,Default,Default,Default,Default,Default,Default,Default,Default,Default,Default,Default,Default,Default,Default,Default,Default,Default,Default,Default,Default,DefaultJob,Dimension=64&Quantisation=BBQ,1,Workload,Pilot,1,524010804,2,262005402,42,0,0,88800104
VectorQuantisationBenchmarks.'Lucene.NET flat scan',Rowles.LeanCorpus.Benchmarks,VectorQuantisationBenchmarks,'Lucene.NET flat scan',DefaultJob,Default,Default,Default,Default,Default,Default,Default,Default,Default,Default,Default,Default,Default,Default,Default,Default,Default,Default,Default,Default,Default,Default,Default,Default,Default,Default,Default,Default,Default,Default,Default,Default,Default,Default,Default,Default,Default,Default,Default,Default,Default,DefaultJob,Dimension=64&Quantisation=BBQ,1,Workload,Warmup,1,526193525,2,263096762.5,42,0,0,88800104
VectorQuantisationBenchmarks.'Lucene.NET flat scan',Rowles.LeanCorpus.Benchmarks,VectorQuantisationBenchmarks,'Lucene.NET flat scan',DefaultJob,Default,Default,Default,Default,Default,Default,Default,Default,Default,Default,Default,Default,Default,Default,Default,Default,Default,Default,Default,Default,Default,Default,Default,Default,Default,Default,Default,Default,Default,Default,Default,Default,Default,Default,Default,Default,Default,Default,Default,Default,Default,DefaultJob,Dimension=64&Quantisation=BBQ,1,Workload,Warmup,2,524462663,2,262231331.5,42,0,0,88800104
VectorQuantisationBenchmarks.'Lucene.NET flat scan',Rowles.LeanCorpus.Benchmarks,VectorQuantisationBenchmarks,'Lucene.NET flat scan',DefaultJob,Default,Default,Default,Default,Default,Default,Default,Default,Default,Default,Default,Default,Default,Default,Default,Default,Default,Default,Default,Default,Default,Default,Default,Default,Default,Default,Default,Default,Default,Default,Default,Default,Default,Default,Default,Default,Default,Default,Default,Default,Default,DefaultJob,Dimension=64&Quantisation=BBQ,1,Workload,Warmup,3,524274095,2,262137047.5,42,0,0,88800104
VectorQuantisationBenchmarks.'Lucene.NET flat scan',Rowles.LeanCorpus.Benchmarks,VectorQuantisationBenchmarks,'Lucene.NET flat scan',DefaultJob,Default,Default,Default,Default,Default,Default,Default,Default,Default,Default,Default,Default,Default,Default,Default,Default,Default,Default,Default,Default,Default,Default,Default,Default,Default,Default,Default,Default,Default,Default,Default,Default,Default,Default,Default,Default,Default,Default,Default,Default,Default,DefaultJob,Dimension=64&Quantisation=BBQ,1,Workload,Warmup,4,524964956,2,262482478,42,0,0,88800104
VectorQuantisationBenchmarks.'Lucene.NET flat scan',Rowles.LeanCorpus.Benchmarks,VectorQuantisationBenchmarks,'Lucene.NET flat scan',DefaultJob,Default,Default,Default,Default,Default,Default,Default,Default,Default,Default,Default,Default,Default,Default,Default,Default,Default,Default,Default,Default,Default,Default,Default,Default,Default,Default,Default,Default,Default,Default,Default,Default,Default,Default,Default,Default,Default,Default,Default,Default,Default,DefaultJob,Dimension=64&Quantisation=BBQ,1,Workload,Warmup,5,523943625,2,261971812.5,42,0,0,88800104
VectorQuantisationBenchmarks.'Lucene.NET flat scan',Rowles.LeanCorpus.Benchmarks,VectorQuantisationBenchmarks,'Lucene.NET flat scan',DefaultJob,Default,Default,Default,Default,Default,Default,Default,Default,Default,Default,Default,Default,Default,Default,Default,Default,Default,Default,Default,Default,Default,Default,Default,Default,Default,Default,Default,Default,Default,Default,Default,Default,Default,Default,Default,Default,Default,Default,Default,Default,Default,DefaultJob,Dimension=64&Quantisation=BBQ,1,Workload,Warmup,6,526279753,2,263139876.5,42,0,0,88800104
VectorQuantisationBenchmarks.'Lucene.NET flat scan',Rowles.LeanCorpus.Benchmarks,VectorQuantisationBenchmarks,'Lucene.NET flat scan',DefaultJob,Default,Default,Default,Default,Default,Default,Default,Default,Default,Default,Default,Default,Default,Default,Default,Default,Default,Default,Default,Default,Default,Default,Default,Default,Default,Default,Default,Default,Default,Default,Default,Default,Default,Default,Default,Default,Default,Default,Default,Default,Default,DefaultJob,Dimension=64&Quantisation=BBQ,1,Workload,Warmup,7,523552644,2,261776322,42,0,0,88800104
VectorQuantisationBenchmarks.'Lucene.NET flat scan',Rowles.LeanCorpus.Benchmarks,VectorQuantisationBenchmarks,'Lucene.NET flat scan',DefaultJob,Default,Default,Default,Default,Default,Default,Default,Default,Default,Default,Default,Default,Default,Default,Default,Default,Default,Default,Default,Default,Default,Default,Default,Default,Default,Default,Default,Default,Default,Default,Default,Default,Default,Default,Default,Default,Default,Default,Default,Default,Default,DefaultJob,Dimension=64&Quantisation=BBQ,1,Workload,Actual,1,523754228,2,261877114,42,0,0,88800104
VectorQuantisationBenchmarks.'Lucene.NET flat scan',Rowles.LeanCorpus.Benchmarks,VectorQuantisationBenchmarks,'Lucene.NET flat scan',DefaultJob,Default,Default,Default,Default,Default,Default,Default,Default,Default,Default,Default,Default,Default,Default,Default,Default,Default,Default,Default,Default,Default,Default,Default,Default,Default,Default,Default,Default,Default,Default,Default,Default,Default,Default,Default,Default,Default,Default,Default,Default,Default,DefaultJob,Dimension=64&Quantisation=BBQ,1,Workload,Actual,2,523774812,2,261887406,42,0,0,88800104
VectorQuantisationBenchmarks.'Lucene.NET flat scan',Rowles.LeanCorpus.Benchmarks,VectorQuantisationBenchmarks,'Lucene.NET flat scan',DefaultJob,Default,Default,Default,Default,Default,Default,Default,Default,Default,Default,Default,Default,Default,Default,Default,Default,Default,Default,Default,Default,Default,Default,Default,Default,Default,Default,Default,Default,Default,Default,Default,Default,Default,Default,Default,Default,Default,Default,Default,Default,Default,DefaultJob,Dimension=64&Quantisation=BBQ,1,Workload,Actual,3,523939045,2,261969522.5,42,0,0,88800104
VectorQuantisationBenchmarks.'Lucene.NET flat scan',Rowles.LeanCorpus.Benchmarks,VectorQuantisationBenchmarks,'Lucene.NET flat scan',DefaultJob,Default,Default,Default,Default,Default,Default,Default,Default,Default,Default,Default,Default,Default,Default,Default,Default,Default,Default,Default,Default,Default,Default,Default,Default,Default,Default,Default,Default,Default,Default,Default,Default,Default,Default,Default,Default,Default,Default,Default,Default,Default,DefaultJob,Dimension=64&Quantisation=BBQ,1,Workload,Actual,4,522535135,2,261267567.5,42,0,0,88800104
VectorQuantisationBenchmarks.'Lucene.NET flat scan',Rowles.LeanCorpus.Benchmarks,VectorQuantisationBenchmarks,'Lucene.NET flat scan',DefaultJob,Default,Default,Default,Default,Default,Default,Default,Default,Default,Default,Default,Default,Default,Default,Default,Default,Default,Default,Default,Default,Default,Default,Default,Default,Default,Default,Default,Default,Default,Default,Default,Default,Default,Default,Default,Default,Default,Default,Default,Default,Default,DefaultJob,Dimension=64&Quantisation=BBQ,1,Workload,Actual,5,519612810,2,259806405,42,0,0,88800104
VectorQuantisationBenchmarks.'Lucene.NET flat scan',Rowles.LeanCorpus.Benchmarks,VectorQuantisationBenchmarks,'Lucene.NET flat scan',DefaultJob,Default,Default,Default,Default,Default,Default,Default,Default,Default,Default,Default,Default,Default,Default,Default,Default,Default,Default,Default,Default,Default,Default,Default,Default,Default,Default,Default,Default,Default,Default,Default,Default,Default,Default,Default,Default,Default,Default,Default,Default,Default,DefaultJob,Dimension=64&Quantisation=BBQ,1,Workload,Actual,6,519766518,2,259883259,42,0,0,88800104
VectorQuantisationBenchmarks.'Lucene.NET flat scan',Rowles.LeanCorpus.Benchmarks,VectorQuantisationBenchmarks,'Lucene.NET flat scan',DefaultJob,Default,Default,Default,Default,Default,Default,Default,Default,Default,Default,Default,Default,Default,Default,Default,Default,Default,Default,Default,Default,Default,Default,Default,Default,Default,Default,Default,Default,Default,Default,Default,Default,Default,Default,Default,Default,Default,Default,Default,Default,Default,DefaultJob,Dimension=64&Quantisation=BBQ,1,Workload,Actual,7,515369970,2,257684985,42,0,0,88800104
VectorQuantisationBenchmarks.'Lucene.NET flat scan',Rowles.LeanCorpus.Benchmarks,VectorQuantisationBenchmarks,'Lucene.NET flat scan',DefaultJob,Default,Default,Default,Default,Default,Default,Default,Default,Default,Default,Default,Default,Default,Default,Default,Default,Default,Default,Default,Default,Default,Default,Default,Default,Default,Default,Default,Default,Default,Default,Default,Default,Default,Default,Default,Default,Default,Default,Default,Default,Default,DefaultJob,Dimension=64&Quantisation=BBQ,1,Workload,Actual,8,519367511,2,259683755.5,42,0,0,88800104
VectorQuantisationBenchmarks.'Lucene.NET flat scan',Rowles.LeanCorpus.Benchmarks,VectorQuantisationBenchmarks,'Lucene.NET flat scan',DefaultJob,Default,Default,Default,Default,Default,Default,Default,Default,Default,Default,Default,Default,Default,Default,Default,Default,Default,Default,Default,Default,Default,Default,Default,Default,Default,Default,Default,Default,Default,Default,Default,Default,Default,Default,Default,Default,Default,Default,Default,Default,Default,DefaultJob,Dimension=64&Quantisation=BBQ,1,Workload,Actual,9,522534186,2,261267093,42,0,0,88800104
VectorQuantisationBenchmarks.'Lucene.NET flat scan',Rowles.LeanCorpus.Benchmarks,VectorQuantisationBenchmarks,'Lucene.NET flat scan',DefaultJob,Default,Default,Default,Default,Default,Default,Default,Default,Default,Default,Default,Default,Default,Default,Default,Default,Default,Default,Default,Default,Default,Default,Default,Default,Default,Default,Default,Default,Default,Default,Default,Default,Default,Default,Default,Default,Default,Default,Default,Default,Default,DefaultJob,Dimension=64&Quantisation=BBQ,1,Workload,Actual,10,521844021,2,260922010.5,42,0,0,88800104
VectorQuantisationBenchmarks.'Lucene.NET flat scan',Rowles.LeanCorpus.Benchmarks,VectorQuantisationBenchmarks,'Lucene.NET flat scan',DefaultJob,Default,Default,Default,Default,Default,Default,Default,Default,Default,Default,Default,Default,Default,Default,Default,Default,Default,Default,Default,Default,Default,Default,Default,Default,Default,Default,Default,Default,Default,Default,Default,Default,Default,Default,Default,Default,Default,Default,Default,Default,Default,DefaultJob,Dimension=64&Quantisation=BBQ,1,Workload,Actual,11,522992611,2,261496305.5,42,0,0,88800104
VectorQuantisationBenchmarks.'Lucene.NET flat scan',Rowles.LeanCorpus.Benchmarks,VectorQuantisationBenchmarks,'Lucene.NET flat scan',DefaultJob,Default,Default,Default,Default,Default,Default,Default,Default,Default,Default,Default,Default,Default,Default,Default,Default,Default,Default,Default,Default,Default,Default,Default,Default,Default,Default,Default,Default,Default,Default,Default,Default,Default,Default,Default,Default,Default,Default,Default,Default,Default,DefaultJob,Dimension=64&Quantisation=BBQ,1,Workload,Actual,12,522082958,2,261041479,42,0,0,88800104
VectorQuantisationBenchmarks.'Lucene.NET flat scan',Rowles.LeanCorpus.Benchmarks,VectorQuantisationBenchmarks,'Lucene.NET flat scan',DefaultJob,Default,Default,Default,Default,Default,Default,Default,Default,Default,Default,Default,Default,Default,Default,Default,Default,Default,Default,Default,Default,Default,Default,Default,Default,Default,Default,Default,Default,Default,Default,Default,Default,Default,Default,Default,Default,Default,Default,Default,Default,Default,DefaultJob,Dimension=64&Quantisation=BBQ,1,Workload,Actual,13,520104853,2,260052426.5,42,0,0,88800104
VectorQuantisationBenchmarks.'Lucene.NET flat scan',Rowles.LeanCorpus.Benchmarks,VectorQuantisationBenchmarks,'Lucene.NET flat scan',DefaultJob,Default,Default,Default,Default,Default,Default,Default,Default,Default,Default,Default,Default,Default,Default,Default,Default,Default,Default,Default,Default,Default,Default,Default,Default,Default,Default,Default,Default,Default,Default,Default,Default,Default,Default,Default,Default,Default,Default,Default,Default,Default,DefaultJob,Dimension=64&Quantisation=BBQ,1,Workload,Actual,14,522622090,2,261311045,42,0,0,88800104
VectorQuantisationBenchmarks.'Lucene.NET flat scan',Rowles.LeanCorpus.Benchmarks,VectorQuantisationBenchmarks,'Lucene.NET flat scan',DefaultJob,Default,Default,Default,Default,Default,Default,Default,Default,Default,Default,Default,Default,Default,Default,Default,Default,Default,Default,Default,Default,Default,Default,Default,Default,Default,Default,Default,Default,Default,Default,Default,Default,Default,Default,Default,Default,Default,Default,Default,Default,Default,DefaultJob,Dimension=64&Quantisation=BBQ,1,Workload,Actual,15,521557807,2,260778903.5,42,0,0,88800104
VectorQuantisationBenchmarks.'Lucene.NET flat scan',Rowles.LeanCorpus.Benchmarks,VectorQuantisationBenchmarks,'Lucene.NET flat scan',DefaultJob,Default,Default,Default,Default,Default,Default,Default,Default,Default,Default,Default,Default,Default,Default,Default,Default,Default,Default,Default,Default,Default,Default,Default,Default,Default,Default,Default,Default,Default,Default,Default,Default,Default,Default,Default,Default,Default,Default,Default,Default,Default,DefaultJob,Dimension=64&Quantisation=BBQ,1,Workload,Extra,1,522511508,2,261255754,42,0,0,88800104
VectorQuantisationBenchmarks.'Lucene.NET flat scan',Rowles.LeanCorpus.Benchmarks,VectorQuantisationBenchmarks,'Lucene.NET flat scan',DefaultJob,Default,Default,Default,Default,Default,Default,Default,Default,Default,Default,Default,Default,Default,Default,Default,Default,Default,Default,Default,Default,Default,Default,Default,Default,Default,Default,Default,Default,Default,Default,Default,Default,Default,Default,Default,Default,Default,Default,Default,Default,Default,DefaultJob,Dimension=64&Quantisation=BBQ,1,Workload,Result,1,523754228,2,261877114,42,0,0,88800104
VectorQuantisationBenchmarks.'Lucene.NET flat scan',Rowles.LeanCorpus.Benchmarks,VectorQuantisationBenchmarks,'Lucene.NET flat scan',DefaultJob,Default,Default,Default,Default,Default,Default,Default,Default,Default,Default,Default,Default,Default,Default,Default,Default,Default,Default,Default,Default,Default,Default,Default,Default,Default,Default,Default,Default,Default,Default,Default,Default,Default,Default,Default,Default,Default,Default,Default,Default,Default,DefaultJob,Dimension=64&Quantisation=BBQ,1,Workload,Result,2,523774812,2,261887406,42,0,0,88800104
VectorQuantisationBenchmarks.'Lucene.NET flat scan',Rowles.LeanCorpus.Benchmarks,VectorQuantisationBenchmarks,'Lucene.NET flat scan',DefaultJob,Default,Default,Default,Default,Default,Default,Default,Default,Default,Default,Default,Default,Default,Default,Default,Default,Default,Default,Default,Default,Default,Default,Default,Default,Default,Default,Default,Default,Default,Default,Default,Default,Default,Default,Default,Default,Default,Default,Default,Default,Default,DefaultJob,Dimension=64&Quantisation=BBQ,1,Workload,Result,3,523939045,2,261969522.5,42,0,0,88800104
VectorQuantisationBenchmarks.'Lucene.NET flat scan',Rowles.LeanCorpus.Benchmarks,VectorQuantisationBenchmarks,'Lucene.NET flat scan',DefaultJob,Default,Default,Default,Default,Default,Default,Default,Default,Default,Default,Default,Default,Default,Default,Default,Default,Default,Default,Default,Default,Default,Default,Default,Default,Default,Default,Default,Default,Default,Default,Default,Default,Default,Default,Default,Default,Default,Default,Default,Default,Default,DefaultJob,Dimension=64&Quantisation=BBQ,1,Workload,Result,4,522535135,2,261267567.5,42,0,0,88800104
VectorQuantisationBenchmarks.'Lucene.NET flat scan',Rowles.LeanCorpus.Benchmarks,VectorQuantisationBenchmarks,'Lucene.NET flat scan',DefaultJob,Default,Default,Default,Default,Default,Default,Default,Default,Default,Default,Default,Default,Default,Default,Default,Default,Default,Default,Default,Default,Default,Default,Default,Default,Default,Default,Default,Default,Default,Default,Default,Default,Default,Default,Default,Default,Default,Default,Default,Default,Default,DefaultJob,Dimension=64&Quantisation=BBQ,1,Workload,Result,5,519612810,2,259806405,42,0,0,88800104
VectorQuantisationBenchmarks.'Lucene.NET flat scan',Rowles.LeanCorpus.Benchmarks,VectorQuantisationBenchmarks,'Lucene.NET flat scan',DefaultJob,Default,Default,Default,Default,Default,Default,Default,Default,Default,Default,Default,Default,Default,Default,Default,Default,Default,Default,Default,Default,Default,Default,Default,Default,Default,Default,Default,Default,Default,Default,Default,Default,Default,Default,Default,Default,Default,Default,Default,Default,Default,DefaultJob,Dimension=64&Quantisation=BBQ,1,Workload,Result,6,519766518,2,259883259,42,0,0,88800104
VectorQuantisationBenchmarks.'Lucene.NET flat scan',Rowles.LeanCorpus.Benchmarks,VectorQuantisationBenchmarks,'Lucene.NET flat scan',DefaultJob,Default,Default,Default,Default,Default,Default,Default,Default,Default,Default,Default,Default,Default,Default,Default,Default,Default,Default,Default,Default,Default,Default,Default,Default,Default,Default,Default,Default,Default,Default,Default,Default,Default,Default,Default,Default,Default,Default,Default,Default,Default,DefaultJob,Dimension=64&Quantisation=BBQ,1,Workload,Result,7,515369970,2,257684985,42,0,0,88800104
VectorQuantisationBenchmarks.'Lucene.NET flat scan',Rowles.LeanCorpus.Benchmarks,VectorQuantisationBenchmarks,'Lucene.NET flat scan',DefaultJob,Default,Default,Default,Default,Default,Default,Default,Default,Default,Default,Default,Default,Default,Default,Default,Default,Default,Default,Default,Default,Default,Default,Default,Default,Default,Default,Default,Default,Default,Default,Default,Default,Default,Default,Default,Default,Default,Default,Default,Default,Default,DefaultJob,Dimension=64&Quantisation=BBQ,1,Workload,Result,8,519367511,2,259683755.5,42,0,0,88800104
VectorQuantisationBenchmarks.'Lucene.NET flat scan',Rowles.LeanCorpus.Benchmarks,VectorQuantisationBenchmarks,'Lucene.NET flat scan',DefaultJob,Default,Default,Default,Default,Default,Default,Default,Default,Default,Default,Default,Default,Default,Default,Default,Default,Default,Default,Default,Default,Default,Default,Default,Default,Default,Default,Default,Default,Default,Default,Default,Default,Default,Default,Default,Default,Default,Default,Default,Default,Default,DefaultJob,Dimension=64&Quantisation=BBQ,1,Workload,Result,9,522534186,2,261267093,42,0,0,88800104
VectorQuantisationBenchmarks.'Lucene.NET flat scan',Rowles.LeanCorpus.Benchmarks,VectorQuantisationBenchmarks,'Lucene.NET flat scan',DefaultJob,Default,Default,Default,Default,Default,Default,Default,Default,Default,Default,Default,Default,Default,Default,Default,Default,Default,Default,Default,Default,Default,Default,Default,Default,Default,Default,Default,Default,Default,Default,Default,Default,Default,Default,Default,Default,Default,Default,Default,Default,Default,DefaultJob,Dimension=64&Quantisation=BBQ,1,Workload,Result,10,521844021,2,260922010.5,42,0,0,88800104
VectorQuantisationBenchmarks.'Lucene.NET flat scan',Rowles.LeanCorpus.Benchmarks,VectorQuantisationBenchmarks,'Lucene.NET flat scan',DefaultJob,Default,Default,Default,Default,Default,Default,Default,Default,Default,Default,Default,Default,Default,Default,Default,Default,Default,Default,Default,Default,Default,Default,Default,Default,Default,Default,Default,Default,Default,Default,Default,Default,Default,Default,Default,Default,Default,Default,Default,Default,Default,DefaultJob,Dimension=64&Quantisation=BBQ,1,Workload,Result,11,522992611,2,261496305.5,42,0,0,88800104
VectorQuantisationBenchmarks.'Lucene.NET flat scan',Rowles.LeanCorpus.Benchmarks,VectorQuantisationBenchmarks,'Lucene.NET flat scan',DefaultJob,Default,Default,Default,Default,Default,Default,Default,Default,Default,Default,Default,Default,Default,Default,Default,Default,Default,Default,Default,Default,Default,Default,Default,Default,Default,Default,Default,Default,Default,Default,Default,Default,Default,Default,Default,Default,Default,Default,Default,Default,Default,DefaultJob,Dimension=64&Quantisation=BBQ,1,Workload,Result,12,522082958,2,261041479,42,0,0,88800104
VectorQuantisationBenchmarks.'Lucene.NET flat scan',Rowles.LeanCorpus.Benchmarks,VectorQuantisationBenchmarks,'Lucene.NET flat scan',DefaultJob,Default,Default,Default,Default,Default,Default,Default,Default,Default,Default,Default,Default,Default,Default,Default,Default,Default,Default,Default,Default,Default,Default,Default,Default,Default,Default,Default,Default,Default,Default,Default,Default,Default,Default,Default,Default,Default,Default,Default,Default,Default,DefaultJob,Dimension=64&Quantisation=BBQ,1,Workload,Result,13,520104853,2,260052426.5,42,0,0,88800104
VectorQuantisationBenchmarks.'Lucene.NET flat scan',Rowles.LeanCorpus.Benchmarks,VectorQuantisationBenchmarks,'Lucene.NET flat scan',DefaultJob,Default,Default,Default,Default,Default,Default,Default,Default,Default,Default,Default,Default,Default,Default,Default,Default,Default,Default,Default,Default,Default,Default,Default,Default,Default,Default,Default,Default,Default,Default,Default,Default,Default,Default,Default,Default,Default,Default,Default,Default,Default,DefaultJob,Dimension=64&Quantisation=BBQ,1,Workload,Result,14,522622090,2,261311045,42,0,0,88800104
VectorQuantisationBenchmarks.'Lucene.NET flat scan',Rowles.LeanCorpus.Benchmarks,VectorQuantisationBenchmarks,'Lucene.NET flat scan',DefaultJob,Default,Default,Default,Default,Default,Default,Default,Default,Default,Default,Default,Default,Default,Default,Default,Default,Default,Default,Default,Default,Default,Default,Default,Default,Default,Default,Default,Default,Default,Default,Default,Default,Default,Default,Default,Default,Default,Default,Default,Default,Default,DefaultJob,Dimension=64&Quantisation=BBQ,1,Workload,Result,15,521557807,2,260778903.5,42,0,0,88800104
VectorQuantisationBenchmarks.'HNSW search',Rowles.LeanCorpus.Benchmarks,VectorQuantisationBenchmarks,'HNSW search',DefaultJob,Default,Default,Default,Default,Default,Default,Default,Default,Default,Default,Default,Default,Default,Default,Default,Default,Default,Default,Default,Default,Default,Default,Default,Default,Default,Default,Default,Default,Default,Default,Default,Default,Default,Default,Default,Default,Default,Default,Default,Default,Default,DefaultJob,Dimension=64&Quantisation=Int4,1,Workload,Jitting,1,8104359,1,8104359,150,0,0,4923235
VectorQuantisationBenchmarks.'HNSW search',Rowles.LeanCorpus.Benchmarks,VectorQuantisationBenchmarks,'HNSW search',DefaultJob,Default,Default,Default,Default,Default,Default,Default,Default,Default,Default,Default,Default,Default,Default,Default,Default,Default,Default,Default,Default,Default,Default,Default,Default,Default,Default,Default,Default,Default,Default,Default,Default,Default,Default,Default,Default,Default,Default,Default,Default,Default,DefaultJob,Dimension=64&Quantisation=Int4,1,Workload,Jitting,2,158114659,30,5270488.63,150,0,0,4923235
VectorQuantisationBenchmarks.'HNSW search',Rowles.LeanCorpus.Benchmarks,VectorQuantisationBenchmarks,'HNSW search',DefaultJob,Default,Default,Default,Default,Default,Default,Default,Default,Default,Default,Default,Default,Default,Default,Default,Default,Default,Default,Default,Default,Default,Default,Default,Default,Default,Default,Default,Default,Default,Default,Default,Default,Default,Default,Default,Default,Default,Default,Default,Default,Default,DefaultJob,Dimension=64&Quantisation=Int4,1,Workload,Jitting,3,157080973,30,5236032.43,150,0,0,4923235
VectorQuantisationBenchmarks.'HNSW search',Rowles.LeanCorpus.Benchmarks,VectorQuantisationBenchmarks,'HNSW search',DefaultJob,Default,Default,Default,Default,Default,Default,Default,Default,Default,Default,Default,Default,Default,Default,Default,Default,Default,Default,Default,Default,Default,Default,Default,Default,Default,Default,Default,Default,Default,Default,Default,Default,Default,Default,Default,Default,Default,Default,Default,Default,Default,DefaultJob,Dimension=64&Quantisation=Int4,1,Workload,Jitting,4,149173915,30,4972463.83,150,0,0,4923235
VectorQuantisationBenchmarks.'HNSW search',Rowles.LeanCorpus.Benchmarks,VectorQuantisationBenchmarks,'HNSW search',DefaultJob,Default,Default,Default,Default,Default,Default,Default,Default,Default,Default,Default,Default,Default,Default,Default,Default,Default,Default,Default,Default,Default,Default,Default,Default,Default,Default,Default,Default,Default,Default,Default,Default,Default,Default,Default,Default,Default,Default,Default,Default,Default,DefaultJob,Dimension=64&Quantisation=Int4,1,Workload,Jitting,5,8486421,1,8486421,150,0,0,4923235
VectorQuantisationBenchmarks.'HNSW search',Rowles.LeanCorpus.Benchmarks,VectorQuantisationBenchmarks,'HNSW search',DefaultJob,Default,Default,Default,Default,Default,Default,Default,Default,Default,Default,Default,Default,Default,Default,Default,Default,Default,Default,Default,Default,Default,Default,Default,Default,Default,Default,Default,Default,Default,Default,Default,Default,Default,Default,Default,Default,Default,Default,Default,Default,Default,DefaultJob,Dimension=64&Quantisation=Int4,1,Workload,Pilot,1,8818561,1,8818561,150,0,0,4923235
VectorQuantisationBenchmarks.'HNSW search',Rowles.LeanCorpus.Benchmarks,VectorQuantisationBenchmarks,'HNSW search',DefaultJob,Default,Default,Default,Default,Default,Default,Default,Default,Default,Default,Default,Default,Default,Default,Default,Default,Default,Default,Default,Default,Default,Default,Default,Default,Default,Default,Default,Default,Default,Default,Default,Default,Default,Default,Default,Default,Default,Default,Default,Default,Default,DefaultJob,Dimension=64&Quantisation=Int4,1,Workload,Pilot,1,83530683,16,5220667.69,150,0,0,4923235
VectorQuantisationBenchmarks.'HNSW search',Rowles.LeanCorpus.Benchmarks,VectorQuantisationBenchmarks,'HNSW search',DefaultJob,Default,Default,Default,Default,Default,Default,Default,Default,Default,Default,Default,Default,Default,Default,Default,Default,Default,Default,Default,Default,Default,Default,Default,Default,Default,Default,Default,Default,Default,Default,Default,Default,Default,Default,Default,Default,Default,Default,Default,Default,Default,DefaultJob,Dimension=64&Quantisation=Int4,1,Workload,Pilot,2,161278209,32,5039944.03,150,0,0,4923235
VectorQuantisationBenchmarks.'HNSW search',Rowles.LeanCorpus.Benchmarks,VectorQuantisationBenchmarks,'HNSW search',DefaultJob,Default,Default,Default,Default,Default,Default,Default,Default,Default,Default,Default,Default,Default,Default,Default,Default,Default,Default,Default,Default,Default,Default,Default,Default,Default,Default,Default,Default,Default,Default,Default,Default,Default,Default,Default,Default,Default,Default,Default,Default,Default,DefaultJob,Dimension=64&Quantisation=Int4,1,Workload,Pilot,3,314218806,64,4909668.84,150,0,0,4923235
VectorQuantisationBenchmarks.'HNSW search',Rowles.LeanCorpus.Benchmarks,VectorQuantisationBenchmarks,'HNSW search',DefaultJob,Default,Default,Default,Default,Default,Default,Default,Default,Default,Default,Default,Default,Default,Default,Default,Default,Default,Default,Default,Default,Default,Default,Default,Default,Default,Default,Default,Default,Default,Default,Default,Default,Default,Default,Default,Default,Default,Default,Default,Default,Default,DefaultJob,Dimension=64&Quantisation=Int4,1,Workload,Pilot,4,617947967,128,4827718.49,150,0,0,4923235
VectorQuantisationBenchmarks.'HNSW search',Rowles.LeanCorpus.Benchmarks,VectorQuantisationBenchmarks,'HNSW search',DefaultJob,Default,Default,Default,Default,Default,Default,Default,Default,Default,Default,Default,Default,Default,Default,Default,Default,Default,Default,Default,Default,Default,Default,Default,Default,Default,Default,Default,Default,Default,Default,Default,Default,Default,Default,Default,Default,Default,Default,Default,Default,Default,DefaultJob,Dimension=64&Quantisation=Int4,1,Workload,Warmup,1,615540046,128,4808906.61,150,0,0,4923235
VectorQuantisationBenchmarks.'HNSW search',Rowles.LeanCorpus.Benchmarks,VectorQuantisationBenchmarks,'HNSW search',DefaultJob,Default,Default,Default,Default,Default,Default,Default,Default,Default,Default,Default,Default,Default,Default,Default,Default,Default,Default,Default,Default,Default,Default,Default,Default,Default,Default,Default,Default,Default,Default,Default,Default,Default,Default,Default,Default,Default,Default,Default,Default,Default,DefaultJob,Dimension=64&Quantisation=Int4,1,Workload,Warmup,2,609424073,128,4761125.57,150,0,0,4923235
VectorQuantisationBenchmarks.'HNSW search',Rowles.LeanCorpus.Benchmarks,VectorQuantisationBenchmarks,'HNSW search',DefaultJob,Default,Default,Default,Default,Default,Default,Default,Default,Default,Default,Default,Default,Default,Default,Default,Default,Default,Default,Default,Default,Default,Default,Default,Default,Default,Default,Default,Default,Default,Default,Default,Default,Default,Default,Default,Default,Default,Default,Default,Default,Default,DefaultJob,Dimension=64&Quantisation=Int4,1,Workload,Warmup,3,618199015,128,4829679.8,150,0,0,4923235
VectorQuantisationBenchmarks.'HNSW search',Rowles.LeanCorpus.Benchmarks,VectorQuantisationBenchmarks,'HNSW search',DefaultJob,Default,Default,Default,Default,Default,Default,Default,Default,Default,Default,Default,Default,Default,Default,Default,Default,Default,Default,Default,Default,Default,Default,Default,Default,Default,Default,Default,Default,Default,Default,Default,Default,Default,Default,Default,Default,Default,Default,Default,Default,Default,DefaultJob,Dimension=64&Quantisation=Int4,1,Workload,Warmup,4,622249872,128,4861327.13,150,0,0,4923235
VectorQuantisationBenchmarks.'HNSW search',Rowles.LeanCorpus.Benchmarks,VectorQuantisationBenchmarks,'HNSW search',DefaultJob,Default,Default,Default,Default,Default,Default,Default,Default,Default,Default,Default,Default,Default,Default,Default,Default,Default,Default,Default,Default,Default,Default,Default,Default,Default,Default,Default,Default,Default,Default,Default,Default,Default,Default,Default,Default,Default,Default,Default,Default,Default,DefaultJob,Dimension=64&Quantisation=Int4,1,Workload,Warmup,5,620338799,128,4846396.87,150,0,0,4923235
VectorQuantisationBenchmarks.'HNSW search',Rowles.LeanCorpus.Benchmarks,VectorQuantisationBenchmarks,'HNSW search',DefaultJob,Default,Default,Default,Default,Default,Default,Default,Default,Default,Default,Default,Default,Default,Default,Default,Default,Default,Default,Default,Default,Default,Default,Default,Default,Default,Default,Default,Default,Default,Default,Default,Default,Default,Default,Default,Default,Default,Default,Default,Default,Default,DefaultJob,Dimension=64&Quantisation=Int4,1,Workload,Warmup,6,614819234,128,4803275.27,150,0,0,4923235
VectorQuantisationBenchmarks.'HNSW search',Rowles.LeanCorpus.Benchmarks,VectorQuantisationBenchmarks,'HNSW search',DefaultJob,Default,Default,Default,Default,Default,Default,Default,Default,Default,Default,Default,Default,Default,Default,Default,Default,Default,Default,Default,Default,Default,Default,Default,Default,Default,Default,Default,Default,Default,Default,Default,Default,Default,Default,Default,Default,Default,Default,Default,Default,Default,DefaultJob,Dimension=64&Quantisation=Int4,1,Workload,Warmup,7,623883770,128,4874091.95,150,0,0,4923235
VectorQuantisationBenchmarks.'HNSW search',Rowles.LeanCorpus.Benchmarks,VectorQuantisationBenchmarks,'HNSW search',DefaultJob,Default,Default,Default,Default,Default,Default,Default,Default,Default,Default,Default,Default,Default,Default,Default,Default,Default,Default,Default,Default,Default,Default,Default,Default,Default,Default,Default,Default,Default,Default,Default,Default,Default,Default,Default,Default,Default,Default,Default,Default,Default,DefaultJob,Dimension=64&Quantisation=Int4,1,Workload,Warmup,8,624023100,128,4875180.47,150,0,0,4923235
VectorQuantisationBenchmarks.'HNSW search',Rowles.LeanCorpus.Benchmarks,VectorQuantisationBenchmarks,'HNSW search',DefaultJob,Default,Default,Default,Default,Default,Default,Default,Default,Default,Default,Default,Default,Default,Default,Default,Default,Default,Default,Default,Default,Default,Default,Default,Default,Default,Default,Default,Default,Default,Default,Default,Default,Default,Default,Default,Default,Default,Default,Default,Default,Default,DefaultJob,Dimension=64&Quantisation=Int4,1,Workload,Warmup,9,622811772,128,4865716.97,150,0,0,4923235
VectorQuantisationBenchmarks.'HNSW search',Rowles.LeanCorpus.Benchmarks,VectorQuantisationBenchmarks,'HNSW search',DefaultJob,Default,Default,Default,Default,Default,Default,Default,Default,Default,Default,Default,Default,Default,Default,Default,Default,Default,Default,Default,Default,Default,Default,Default,Default,Default,Default,Default,Default,Default,Default,Default,Default,Default,Default,Default,Default,Default,Default,Default,Default,Default,DefaultJob,Dimension=64&Quantisation=Int4,1,Workload,Actual,1,623830411,128,4873675.09,150,0,0,4923235
VectorQuantisationBenchmarks.'HNSW search',Rowles.LeanCorpus.Benchmarks,VectorQuantisationBenchmarks,'HNSW search',DefaultJob,Default,Default,Default,Default,Default,Default,Default,Default,Default,Default,Default,Default,Default,Default,Default,Default,Default,Default,Default,Default,Default,Default,Default,Default,Default,Default,Default,Default,Default,Default,Default,Default,Default,Default,Default,Default,Default,Default,Default,Default,Default,DefaultJob,Dimension=64&Quantisation=Int4,1,Workload,Actual,2,620032559,128,4844004.37,150,0,0,4923235
VectorQuantisationBenchmarks.'HNSW search',Rowles.LeanCorpus.Benchmarks,VectorQuantisationBenchmarks,'HNSW search',DefaultJob,Default,Default,Default,Default,Default,Default,Default,Default,Default,Default,Default,Default,Default,Default,Default,Default,Default,Default,Default,Default,Default,Default,Default,Default,Default,Default,Default,Default,Default,Default,Default,Default,Default,Default,Default,Default,Default,Default,Default,Default,Default,DefaultJob,Dimension=64&Quantisation=Int4,1,Workload,Actual,3,623965346,128,4874729.27,150,0,0,4923235
VectorQuantisationBenchmarks.'HNSW search',Rowles.LeanCorpus.Benchmarks,VectorQuantisationBenchmarks,'HNSW search',DefaultJob,Default,Default,Default,Default,Default,Default,Default,Default,Default,Default,Default,Default,Default,Default,Default,Default,Default,Default,Default,Default,Default,Default,Default,Default,Default,Default,Default,Default,Default,Default,Default,Default,Default,Default,Default,Default,Default,Default,Default,Default,Default,DefaultJob,Dimension=64&Quantisation=Int4,1,Workload,Actual,4,619699853,128,4841405.1,150,0,0,4923235
VectorQuantisationBenchmarks.'HNSW search',Rowles.LeanCorpus.Benchmarks,VectorQuantisationBenchmarks,'HNSW search',DefaultJob,Default,Default,Default,Default,Default,Default,Default,Default,Default,Default,Default,Default,Default,Default,Default,Default,Default,Default,Default,Default,Default,Default,Default,Default,Default,Default,Default,Default,Default,Default,Default,Default,Default,Default,Default,Default,Default,Default,Default,Default,Default,DefaultJob,Dimension=64&Quantisation=Int4,1,Workload,Actual,5,619751397,128,4841807.79,150,0,0,4923235
VectorQuantisationBenchmarks.'HNSW search',Rowles.LeanCorpus.Benchmarks,VectorQuantisationBenchmarks,'HNSW search',DefaultJob,Default,Default,Default,Default,Default,Default,Default,Default,Default,Default,Default,Default,Default,Default,Default,Default,Default,Default,Default,Default,Default,Default,Default,Default,Default,Default,Default,Default,Default,Default,Default,Default,Default,Default,Default,Default,Default,Default,Default,Default,Default,DefaultJob,Dimension=64&Quantisation=Int4,1,Workload,Actual,6,619595793,128,4840592.13,150,0,0,4923235
VectorQuantisationBenchmarks.'HNSW search',Rowles.LeanCorpus.Benchmarks,VectorQuantisationBenchmarks,'HNSW search',DefaultJob,Default,Default,Default,Default,Default,Default,Default,Default,Default,Default,Default,Default,Default,Default,Default,Default,Default,Default,Default,Default,Default,Default,Default,Default,Default,Default,Default,Default,Default,Default,Default,Default,Default,Default,Default,Default,Default,Default,Default,Default,Default,DefaultJob,Dimension=64&Quantisation=Int4,1,Workload,Actual,7,619639865,128,4840936.45,150,0,0,4923235
VectorQuantisationBenchmarks.'HNSW search',Rowles.LeanCorpus.Benchmarks,VectorQuantisationBenchmarks,'HNSW search',DefaultJob,Default,Default,Default,Default,Default,Default,Default,Default,Default,Default,Default,Default,Default,Default,Default,Default,Default,Default,Default,Default,Default,Default,Default,Default,Default,Default,Default,Default,Default,Default,Default,Default,Default,Default,Default,Default,Default,Default,Default,Default,Default,DefaultJob,Dimension=64&Quantisation=Int4,1,Workload,Actual,8,625133149,128,4883852.73,150,0,0,4923235
VectorQuantisationBenchmarks.'HNSW search',Rowles.LeanCorpus.Benchmarks,VectorQuantisationBenchmarks,'HNSW search',DefaultJob,Default,Default,Default,Default,Default,Default,Default,Default,Default,Default,Default,Default,Default,Default,Default,Default,Default,Default,Default,Default,Default,Default,Default,Default,Default,Default,Default,Default,Default,Default,Default,Default,Default,Default,Default,Default,Default,Default,Default,Default,Default,DefaultJob,Dimension=64&Quantisation=Int4,1,Workload,Actual,9,616610281,128,4817267.82,150,0,0,4923235
VectorQuantisationBenchmarks.'HNSW search',Rowles.LeanCorpus.Benchmarks,VectorQuantisationBenchmarks,'HNSW search',DefaultJob,Default,Default,Default,Default,Default,Default,Default,Default,Default,Default,Default,Default,Default,Default,Default,Default,Default,Default,Default,Default,Default,Default,Default,Default,Default,Default,Default,Default,Default,Default,Default,Default,Default,Default,Default,Default,Default,Default,Default,Default,Default,DefaultJob,Dimension=64&Quantisation=Int4,1,Workload,Actual,10,619741716,128,4841732.16,150,0,0,4923235
VectorQuantisationBenchmarks.'HNSW search',Rowles.LeanCorpus.Benchmarks,VectorQuantisationBenchmarks,'HNSW search',DefaultJob,Default,Default,Default,Default,Default,Default,Default,Default,Default,Default,Default,Default,Default,Default,Default,Default,Default,Default,Default,Default,Default,Default,Default,Default,Default,Default,Default,Default,Default,Default,Default,Default,Default,Default,Default,Default,Default,Default,Default,Default,Default,DefaultJob,Dimension=64&Quantisation=Int4,1,Workload,Actual,11,624879450,128,4881870.7,150,0,0,4923235
VectorQuantisationBenchmarks.'HNSW search',Rowles.LeanCorpus.Benchmarks,VectorQuantisationBenchmarks,'HNSW search',DefaultJob,Default,Default,Default,Default,Default,Default,Default,Default,Default,Default,Default,Default,Default,Default,Default,Default,Default,Default,Default,Default,Default,Default,Default,Default,Default,Default,Default,Default,Default,Default,Default,Default,Default,Default,Default,Default,Default,Default,Default,Default,Default,DefaultJob,Dimension=64&Quantisation=Int4,1,Workload,Actual,12,622774804,128,4865428.16,150,0,0,4923235
VectorQuantisationBenchmarks.'HNSW search',Rowles.LeanCorpus.Benchmarks,VectorQuantisationBenchmarks,'HNSW search',DefaultJob,Default,Default,Default,Default,Default,Default,Default,Default,Default,Default,Default,Default,Default,Default,Default,Default,Default,Default,Default,Default,Default,Default,Default,Default,Default,Default,Default,Default,Default,Default,Default,Default,Default,Default,Default,Default,Default,Default,Default,Default,Default,DefaultJob,Dimension=64&Quantisation=Int4,1,Workload,Actual,13,628240899,128,4908132.02,150,0,0,4923235
VectorQuantisationBenchmarks.'HNSW search',Rowles.LeanCorpus.Benchmarks,VectorQuantisationBenchmarks,'HNSW search',DefaultJob,Default,Default,Default,Default,Default,Default,Default,Default,Default,Default,Default,Default,Default,Default,Default,Default,Default,Default,Default,Default,Default,Default,Default,Default,Default,Default,Default,Default,Default,Default,Default,Default,Default,Default,Default,Default,Default,Default,Default,Default,Default,DefaultJob,Dimension=64&Quantisation=Int4,1,Workload,Actual,14,621066217,128,4852079.82,150,0,0,4923235
VectorQuantisationBenchmarks.'HNSW search',Rowles.LeanCorpus.Benchmarks,VectorQuantisationBenchmarks,'HNSW search',DefaultJob,Default,Default,Default,Default,Default,Default,Default,Default,Default,Default,Default,Default,Default,Default,Default,Default,Default,Default,Default,Default,Default,Default,Default,Default,Default,Default,Default,Default,Default,Default,Default,Default,Default,Default,Default,Default,Default,Default,Default,Default,Default,DefaultJob,Dimension=64&Quantisation=Int4,1,Workload,Actual,15,621254849,128,4853553.51,150,0,0,4923235
VectorQuantisationBenchmarks.'HNSW search',Rowles.LeanCorpus.Benchmarks,VectorQuantisationBenchmarks,'HNSW search',DefaultJob,Default,Default,Default,Default,Default,Default,Default,Default,Default,Default,Default,Default,Default,Default,Default,Default,Default,Default,Default,Default,Default,Default,Default,Default,Default,Default,Default,Default,Default,Default,Default,Default,Default,Default,Default,Default,Default,Default,Default,Default,Default,DefaultJob,Dimension=64&Quantisation=Int4,1,Workload,Extra,1,758766695,128,5927864.8,150,0,0,4923235
VectorQuantisationBenchmarks.'HNSW search',Rowles.LeanCorpus.Benchmarks,VectorQuantisationBenchmarks,'HNSW search',DefaultJob,Default,Default,Default,Default,Default,Default,Default,Default,Default,Default,Default,Default,Default,Default,Default,Default,Default,Default,Default,Default,Default,Default,Default,Default,Default,Default,Default,Default,Default,Default,Default,Default,Default,Default,Default,Default,Default,Default,Default,Default,Default,DefaultJob,Dimension=64&Quantisation=Int4,1,Workload,Result,1,623830411,128,4873675.09,150,0,0,4923235
VectorQuantisationBenchmarks.'HNSW search',Rowles.LeanCorpus.Benchmarks,VectorQuantisationBenchmarks,'HNSW search',DefaultJob,Default,Default,Default,Default,Default,Default,Default,Default,Default,Default,Default,Default,Default,Default,Default,Default,Default,Default,Default,Default,Default,Default,Default,Default,Default,Default,Default,Default,Default,Default,Default,Default,Default,Default,Default,Default,Default,Default,Default,Default,Default,DefaultJob,Dimension=64&Quantisation=Int4,1,Workload,Result,2,620032559,128,4844004.37,150,0,0,4923235
VectorQuantisationBenchmarks.'HNSW search',Rowles.LeanCorpus.Benchmarks,VectorQuantisationBenchmarks,'HNSW search',DefaultJob,Default,Default,Default,Default,Default,Default,Default,Default,Default,Default,Default,Default,Default,Default,Default,Default,Default,Default,Default,Default,Default,Default,Default,Default,Default,Default,Default,Default,Default,Default,Default,Default,Default,Default,Default,Default,Default,Default,Default,Default,Default,DefaultJob,Dimension=64&Quantisation=Int4,1,Workload,Result,3,623965346,128,4874729.27,150,0,0,4923235
VectorQuantisationBenchmarks.'HNSW search',Rowles.LeanCorpus.Benchmarks,VectorQuantisationBenchmarks,'HNSW search',DefaultJob,Default,Default,Default,Default,Default,Default,Default,Default,Default,Default,Default,Default,Default,Default,Default,Default,Default,Default,Default,Default,Default,Default,Default,Default,Default,Default,Default,Default,Default,Default,Default,Default,Default,Default,Default,Default,Default,Default,Default,Default,Default,DefaultJob,Dimension=64&Quantisation=Int4,1,Workload,Result,4,619699853,128,4841405.1,150,0,0,4923235
VectorQuantisationBenchmarks.'HNSW search',Rowles.LeanCorpus.Benchmarks,VectorQuantisationBenchmarks,'HNSW search',DefaultJob,Default,Default,Default,Default,Default,Default,Default,Default,Default,Default,Default,Default,Default,Default,Default,Default,Default,Default,Default,Default,Default,Default,Default,Default,Default,Default,Default,Default,Default,Default,Default,Default,Default,Default,Default,Default,Default,Default,Default,Default,Default,DefaultJob,Dimension=64&Quantisation=Int4,1,Workload,Result,5,619751397,128,4841807.79,150,0,0,4923235
VectorQuantisationBenchmarks.'HNSW search',Rowles.LeanCorpus.Benchmarks,VectorQuantisationBenchmarks,'HNSW search',DefaultJob,Default,Default,Default,Default,Default,Default,Default,Default,Default,Default,Default,Default,Default,Default,Default,Default,Default,Default,Default,Default,Default,Default,Default,Default,Default,Default,Default,Default,Default,Default,Default,Default,Default,Default,Default,Default,Default,Default,Default,Default,Default,DefaultJob,Dimension=64&Quantisation=Int4,1,Workload,Result,6,619595793,128,4840592.13,150,0,0,4923235
VectorQuantisationBenchmarks.'HNSW search',Rowles.LeanCorpus.Benchmarks,VectorQuantisationBenchmarks,'HNSW search',DefaultJob,Default,Default,Default,Default,Default,Default,Default,Default,Default,Default,Default,Default,Default,Default,Default,Default,Default,Default,Default,Default,Default,Default,Default,Default,Default,Default,Default,Default,Default,Default,Default,Default,Default,Default,Default,Default,Default,Default,Default,Default,Default,DefaultJob,Dimension=64&Quantisation=Int4,1,Workload,Result,7,619639865,128,4840936.45,150,0,0,4923235
VectorQuantisationBenchmarks.'HNSW search',Rowles.LeanCorpus.Benchmarks,VectorQuantisationBenchmarks,'HNSW search',DefaultJob,Default,Default,Default,Default,Default,Default,Default,Default,Default,Default,Default,Default,Default,Default,Default,Default,Default,Default,Default,Default,Default,Default,Default,Default,Default,Default,Default,Default,Default,Default,Default,Default,Default,Default,Default,Default,Default,Default,Default,Default,Default,DefaultJob,Dimension=64&Quantisation=Int4,1,Workload,Result,8,625133149,128,4883852.73,150,0,0,4923235
VectorQuantisationBenchmarks.'HNSW search',Rowles.LeanCorpus.Benchmarks,VectorQuantisationBenchmarks,'HNSW search',DefaultJob,Default,Default,Default,Default,Default,Default,Default,Default,Default,Default,Default,Default,Default,Default,Default,Default,Default,Default,Default,Default,Default,Default,Default,Default,Default,Default,Default,Default,Default,Default,Default,Default,Default,Default,Default,Default,Default,Default,Default,Default,Default,DefaultJob,Dimension=64&Quantisation=Int4,1,Workload,Result,9,616610281,128,4817267.82,150,0,0,4923235
VectorQuantisationBenchmarks.'HNSW search',Rowles.LeanCorpus.Benchmarks,VectorQuantisationBenchmarks,'HNSW search',DefaultJob,Default,Default,Default,Default,Default,Default,Default,Default,Default,Default,Default,Default,Default,Default,Default,Default,Default,Default,Default,Default,Default,Default,Default,Default,Default,Default,Default,Default,Default,Default,Default,Default,Default,Default,Default,Default,Default,Default,Default,Default,Default,DefaultJob,Dimension=64&Quantisation=Int4,1,Workload,Result,10,619741716,128,4841732.16,150,0,0,4923235
VectorQuantisationBenchmarks.'HNSW search',Rowles.LeanCorpus.Benchmarks,VectorQuantisationBenchmarks,'HNSW search',DefaultJob,Default,Default,Default,Default,Default,Default,Default,Default,Default,Default,Default,Default,Default,Default,Default,Default,Default,Default,Default,Default,Default,Default,Default,Default,Default,Default,Default,Default,Default,Default,Default,Default,Default,Default,Default,Default,Default,Default,Default,Default,Default,DefaultJob,Dimension=64&Quantisation=Int4,1,Workload,Result,11,624879450,128,4881870.7,150,0,0,4923235
VectorQuantisationBenchmarks.'HNSW search',Rowles.LeanCorpus.Benchmarks,VectorQuantisationBenchmarks,'HNSW search',DefaultJob,Default,Default,Default,Default,Default,Default,Default,Default,Default,Default,Default,Default,Default,Default,Default,Default,Default,Default,Default,Default,Default,Default,Default,Default,Default,Default,Default,Default,Default,Default,Default,Default,Default,Default,Default,Default,Default,Default,Default,Default,Default,DefaultJob,Dimension=64&Quantisation=Int4,1,Workload,Result,12,622774804,128,4865428.16,150,0,0,4923235
VectorQuantisationBenchmarks.'HNSW search',Rowles.LeanCorpus.Benchmarks,VectorQuantisationBenchmarks,'HNSW search',DefaultJob,Default,Default,Default,Default,Default,Default,Default,Default,Default,Default,Default,Default,Default,Default,Default,Default,Default,Default,Default,Default,Default,Default,Default,Default,Default,Default,Default,Default,Default,Default,Default,Default,Default,Default,Default,Default,Default,Default,Default,Default,Default,DefaultJob,Dimension=64&Quantisation=Int4,1,Workload,Result,13,628240899,128,4908132.02,150,0,0,4923235
VectorQuantisationBenchmarks.'HNSW search',Rowles.LeanCorpus.Benchmarks,VectorQuantisationBenchmarks,'HNSW search',DefaultJob,Default,Default,Default,Default,Default,Default,Default,Default,Default,Default,Default,Default,Default,Default,Default,Default,Default,Default,Default,Default,Default,Default,Default,Default,Default,Default,Default,Default,Default,Default,Default,Default,Default,Default,Default,Default,Default,Default,Default,Default,Default,DefaultJob,Dimension=64&Quantisation=Int4,1,Workload,Result,14,621066217,128,4852079.82,150,0,0,4923235
VectorQuantisationBenchmarks.'HNSW search',Rowles.LeanCorpus.Benchmarks,VectorQuantisationBenchmarks,'HNSW search',DefaultJob,Default,Default,Default,Default,Default,Default,Default,Default,Default,Default,Default,Default,Default,Default,Default,Default,Default,Default,Default,Default,Default,Default,Default,Default,Default,Default,Default,Default,Default,Default,Default,Default,Default,Default,Default,Default,Default,Default,Default,Default,Default,DefaultJob,Dimension=64&Quantisation=Int4,1,Workload,Result,15,621254849,128,4853553.51,150,0,0,4923235
VectorQuantisationBenchmarks.'Lucene.NET flat scan',Rowles.LeanCorpus.Benchmarks,VectorQuantisationBenchmarks,'Lucene.NET flat scan',DefaultJob,Default,Default,Default,Default,Default,Default,Default,Default,Default,Default,Default,Default,Default,Default,Default,Default,Default,Default,Default,Default,Default,Default,Default,Default,Default,Default,Default,Default,Default,Default,Default,Default,Default,Default,Default,Default,Default,Default,Default,Default,Default,DefaultJob,Dimension=64&Quantisation=Int4,1,Workload,Jitting,1,323370347,1,323370347,42,0,0,88800104
VectorQuantisationBenchmarks.'Lucene.NET flat scan',Rowles.LeanCorpus.Benchmarks,VectorQuantisationBenchmarks,'Lucene.NET flat scan',DefaultJob,Default,Default,Default,Default,Default,Default,Default,Default,Default,Default,Default,Default,Default,Default,Default,Default,Default,Default,Default,Default,Default,Default,Default,Default,Default,Default,Default,Default,Default,Default,Default,Default,Default,Default,Default,Default,Default,Default,Default,Default,Default,DefaultJob,Dimension=64&Quantisation=Int4,1,Workload,Jitting,2,7808228634,30,260274287.8,42,0,0,88800104
VectorQuantisationBenchmarks.'Lucene.NET flat scan',Rowles.LeanCorpus.Benchmarks,VectorQuantisationBenchmarks,'Lucene.NET flat scan',DefaultJob,Default,Default,Default,Default,Default,Default,Default,Default,Default,Default,Default,Default,Default,Default,Default,Default,Default,Default,Default,Default,Default,Default,Default,Default,Default,Default,Default,Default,Default,Default,Default,Default,Default,Default,Default,Default,Default,Default,Default,Default,Default,DefaultJob,Dimension=64&Quantisation=Int4,1,Workload,Jitting,3,1817948784,7,259706969.14,42,0,0,88800104
VectorQuantisationBenchmarks.'Lucene.NET flat scan',Rowles.LeanCorpus.Benchmarks,VectorQuantisationBenchmarks,'Lucene.NET flat scan',DefaultJob,Default,Default,Default,Default,Default,Default,Default,Default,Default,Default,Default,Default,Default,Default,Default,Default,Default,Default,Default,Default,Default,Default,Default,Default,Default,Default,Default,Default,Default,Default,Default,Default,Default,Default,Default,Default,Default,Default,Default,Default,Default,DefaultJob,Dimension=64&Quantisation=Int4,1,Workload,Jitting,4,263580026,1,263580026,42,0,0,88800104
VectorQuantisationBenchmarks.'Lucene.NET flat scan',Rowles.LeanCorpus.Benchmarks,VectorQuantisationBenchmarks,'Lucene.NET flat scan',DefaultJob,Default,Default,Default,Default,Default,Default,Default,Default,Default,Default,Default,Default,Default,Default,Default,Default,Default,Default,Default,Default,Default,Default,Default,Default,Default,Default,Default,Default,Default,Default,Default,Default,Default,Default,Default,Default,Default,Default,Default,Default,Default,DefaultJob,Dimension=64&Quantisation=Int4,1,Workload,Pilot,1,523322067,2,261661033.5,42,0,0,88800104
VectorQuantisationBenchmarks.'Lucene.NET flat scan',Rowles.LeanCorpus.Benchmarks,VectorQuantisationBenchmarks,'Lucene.NET flat scan',DefaultJob,Default,Default,Default,Default,Default,Default,Default,Default,Default,Default,Default,Default,Default,Default,Default,Default,Default,Default,Default,Default,Default,Default,Default,Default,Default,Default,Default,Default,Default,Default,Default,Default,Default,Default,Default,Default,Default,Default,Default,Default,Default,DefaultJob,Dimension=64&Quantisation=Int4,1,Workload,Warmup,1,520951946,2,260475973,42,0,0,88800104
VectorQuantisationBenchmarks.'Lucene.NET flat scan',Rowles.LeanCorpus.Benchmarks,VectorQuantisationBenchmarks,'Lucene.NET flat scan',DefaultJob,Default,Default,Default,Default,Default,Default,Default,Default,Default,Default,Default,Default,Default,Default,Default,Default,Default,Default,Default,Default,Default,Default,Default,Default,Default,Default,Default,Default,Default,Default,Default,Default,Default,Default,Default,Default,Default,Default,Default,Default,Default,DefaultJob,Dimension=64&Quantisation=Int4,1,Workload,Warmup,2,510719202,2,255359601,42,0,0,88800104
VectorQuantisationBenchmarks.'Lucene.NET flat scan',Rowles.LeanCorpus.Benchmarks,VectorQuantisationBenchmarks,'Lucene.NET flat scan',DefaultJob,Default,Default,Default,Default,Default,Default,Default,Default,Default,Default,Default,Default,Default,Default,Default,Default,Default,Default,Default,Default,Default,Default,Default,Default,Default,Default,Default,Default,Default,Default,Default,Default,Default,Default,Default,Default,Default,Default,Default,Default,Default,DefaultJob,Dimension=64&Quantisation=Int4,1,Workload,Warmup,3,520445262,2,260222631,42,0,0,88800104
VectorQuantisationBenchmarks.'Lucene.NET flat scan',Rowles.LeanCorpus.Benchmarks,VectorQuantisationBenchmarks,'Lucene.NET flat scan',DefaultJob,Default,Default,Default,Default,Default,Default,Default,Default,Default,Default,Default,Default,Default,Default,Default,Default,Default,Default,Default,Default,Default,Default,Default,Default,Default,Default,Default,Default,Default,Default,Default,Default,Default,Default,Default,Default,Default,Default,Default,Default,Default,DefaultJob,Dimension=64&Quantisation=Int4,1,Workload,Warmup,4,521665276,2,260832638,42,0,0,88800104
VectorQuantisationBenchmarks.'Lucene.NET flat scan',Rowles.LeanCorpus.Benchmarks,VectorQuantisationBenchmarks,'Lucene.NET flat scan',DefaultJob,Default,Default,Default,Default,Default,Default,Default,Default,Default,Default,Default,Default,Default,Default,Default,Default,Default,Default,Default,Default,Default,Default,Default,Default,Default,Default,Default,Default,Default,Default,Default,Default,Default,Default,Default,Default,Default,Default,Default,Default,Default,DefaultJob,Dimension=64&Quantisation=Int4,1,Workload,Warmup,5,518500832,2,259250416,42,0,0,88800104
VectorQuantisationBenchmarks.'Lucene.NET flat scan',Rowles.LeanCorpus.Benchmarks,VectorQuantisationBenchmarks,'Lucene.NET flat scan',DefaultJob,Default,Default,Default,Default,Default,Default,Default,Default,Default,Default,Default,Default,Default,Default,Default,Default,Default,Default,Default,Default,Default,Default,Default,Default,Default,Default,Default,Default,Default,Default,Default,Default,Default,Default,Default,Default,Default,Default,Default,Default,Default,DefaultJob,Dimension=64&Quantisation=Int4,1,Workload,Warmup,6,516503500,2,258251750,42,0,0,88800104
VectorQuantisationBenchmarks.'Lucene.NET flat scan',Rowles.LeanCorpus.Benchmarks,VectorQuantisationBenchmarks,'Lucene.NET flat scan',DefaultJob,Default,Default,Default,Default,Default,Default,Default,Default,Default,Default,Default,Default,Default,Default,Default,Default,Default,Default,Default,Default,Default,Default,Default,Default,Default,Default,Default,Default,Default,Default,Default,Default,Default,Default,Default,Default,Default,Default,Default,Default,Default,DefaultJob,Dimension=64&Quantisation=Int4,1,Workload,Warmup,7,514375227,2,257187613.5,42,0,0,88800104
VectorQuantisationBenchmarks.'Lucene.NET flat scan',Rowles.LeanCorpus.Benchmarks,VectorQuantisationBenchmarks,'Lucene.NET flat scan',DefaultJob,Default,Default,Default,Default,Default,Default,Default,Default,Default,Default,Default,Default,Default,Default,Default,Default,Default,Default,Default,Default,Default,Default,Default,Default,Default,Default,Default,Default,Default,Default,Default,Default,Default,Default,Default,Default,Default,Default,Default,Default,Default,DefaultJob,Dimension=64&Quantisation=Int4,1,Workload,Warmup,8,516639375,2,258319687.5,42,0,0,88800104
VectorQuantisationBenchmarks.'Lucene.NET flat scan',Rowles.LeanCorpus.Benchmarks,VectorQuantisationBenchmarks,'Lucene.NET flat scan',DefaultJob,Default,Default,Default,Default,Default,Default,Default,Default,Default,Default,Default,Default,Default,Default,Default,Default,Default,Default,Default,Default,Default,Default,Default,Default,Default,Default,Default,Default,Default,Default,Default,Default,Default,Default,Default,Default,Default,Default,Default,Default,Default,DefaultJob,Dimension=64&Quantisation=Int4,1,Workload,Warmup,9,523426885,2,261713442.5,42,0,0,88800104
VectorQuantisationBenchmarks.'Lucene.NET flat scan',Rowles.LeanCorpus.Benchmarks,VectorQuantisationBenchmarks,'Lucene.NET flat scan',DefaultJob,Default,Default,Default,Default,Default,Default,Default,Default,Default,Default,Default,Default,Default,Default,Default,Default,Default,Default,Default,Default,Default,Default,Default,Default,Default,Default,Default,Default,Default,Default,Default,Default,Default,Default,Default,Default,Default,Default,Default,Default,Default,DefaultJob,Dimension=64&Quantisation=Int4,1,Workload,Warmup,10,519533077,2,259766538.5,42,0,0,88800104
VectorQuantisationBenchmarks.'Lucene.NET flat scan',Rowles.LeanCorpus.Benchmarks,VectorQuantisationBenchmarks,'Lucene.NET flat scan',DefaultJob,Default,Default,Default,Default,Default,Default,Default,Default,Default,Default,Default,Default,Default,Default,Default,Default,Default,Default,Default,Default,Default,Default,Default,Default,Default,Default,Default,Default,Default,Default,Default,Default,Default,Default,Default,Default,Default,Default,Default,Default,Default,DefaultJob,Dimension=64&Quantisation=Int4,1,Workload,Actual,1,502666834,2,251333417,42,0,0,88800104
VectorQuantisationBenchmarks.'Lucene.NET flat scan',Rowles.LeanCorpus.Benchmarks,VectorQuantisationBenchmarks,'Lucene.NET flat scan',DefaultJob,Default,Default,Default,Default,Default,Default,Default,Default,Default,Default,Default,Default,Default,Default,Default,Default,Default,Default,Default,Default,Default,Default,Default,Default,Default,Default,Default,Default,Default,Default,Default,Default,Default,Default,Default,Default,Default,Default,Default,Default,Default,DefaultJob,Dimension=64&Quantisation=Int4,1,Workload,Actual,2,504929292,2,252464646,42,0,0,88800104
VectorQuantisationBenchmarks.'Lucene.NET flat scan',Rowles.LeanCorpus.Benchmarks,VectorQuantisationBenchmarks,'Lucene.NET flat scan',DefaultJob,Default,Default,Default,Default,Default,Default,Default,Default,Default,Default,Default,Default,Default,Default,Default,Default,Default,Default,Default,Default,Default,Default,Default,Default,Default,Default,Default,Default,Default,Default,Default,Default,Default,Default,Default,Default,Default,Default,Default,Default,Default,DefaultJob,Dimension=64&Quantisation=Int4,1,Workload,Actual,3,506370164,2,253185082,42,0,0,88800104
VectorQuantisationBenchmarks.'Lucene.NET flat scan',Rowles.LeanCorpus.Benchmarks,VectorQuantisationBenchmarks,'Lucene.NET flat scan',DefaultJob,Default,Default,Default,Default,Default,Default,Default,Default,Default,Default,Default,Default,Default,Default,Default,Default,Default,Default,Default,Default,Default,Default,Default,Default,Default,Default,Default,Default,Default,Default,Default,Default,Default,Default,Default,Default,Default,Default,Default,Default,Default,DefaultJob,Dimension=64&Quantisation=Int4,1,Workload,Actual,4,505687820,2,252843910,42,0,0,88800104
VectorQuantisationBenchmarks.'Lucene.NET flat scan',Rowles.LeanCorpus.Benchmarks,VectorQuantisationBenchmarks,'Lucene.NET flat scan',DefaultJob,Default,Default,Default,Default,Default,Default,Default,Default,Default,Default,Default,Default,Default,Default,Default,Default,Default,Default,Default,Default,Default,Default,Default,Default,Default,Default,Default,Default,Default,Default,Default,Default,Default,Default,Default,Default,Default,Default,Default,Default,Default,DefaultJob,Dimension=64&Quantisation=Int4,1,Workload,Actual,5,502809277,2,251404638.5,42,0,0,88800104
VectorQuantisationBenchmarks.'Lucene.NET flat scan',Rowles.LeanCorpus.Benchmarks,VectorQuantisationBenchmarks,'Lucene.NET flat scan',DefaultJob,Default,Default,Default,Default,Default,Default,Default,Default,Default,Default,Default,Default,Default,Default,Default,Default,Default,Default,Default,Default,Default,Default,Default,Default,Default,Default,Default,Default,Default,Default,Default,Default,Default,Default,Default,Default,Default,Default,Default,Default,Default,DefaultJob,Dimension=64&Quantisation=Int4,1,Workload,Actual,6,497092963,2,248546481.5,42,0,0,88800104
VectorQuantisationBenchmarks.'Lucene.NET flat scan',Rowles.LeanCorpus.Benchmarks,VectorQuantisationBenchmarks,'Lucene.NET flat scan',DefaultJob,Default,Default,Default,Default,Default,Default,Default,Default,Default,Default,Default,Default,Default,Default,Default,Default,Default,Default,Default,Default,Default,Default,Default,Default,Default,Default,Default,Default,Default,Default,Default,Default,Default,Default,Default,Default,Default,Default,Default,Default,Default,DefaultJob,Dimension=64&Quantisation=Int4,1,Workload,Actual,7,497618071,2,248809035.5,42,0,0,88800104
VectorQuantisationBenchmarks.'Lucene.NET flat scan',Rowles.LeanCorpus.Benchmarks,VectorQuantisationBenchmarks,'Lucene.NET flat scan',DefaultJob,Default,Default,Default,Default,Default,Default,Default,Default,Default,Default,Default,Default,Default,Default,Default,Default,Default,Default,Default,Default,Default,Default,Default,Default,Default,Default,Default,Default,Default,Default,Default,Default,Default,Default,Default,Default,Default,Default,Default,Default,Default,DefaultJob,Dimension=64&Quantisation=Int4,1,Workload,Actual,8,504050628,2,252025314,42,0,0,88800104
VectorQuantisationBenchmarks.'Lucene.NET flat scan',Rowles.LeanCorpus.Benchmarks,VectorQuantisationBenchmarks,'Lucene.NET flat scan',DefaultJob,Default,Default,Default,Default,Default,Default,Default,Default,Default,Default,Default,Default,Default,Default,Default,Default,Default,Default,Default,Default,Default,Default,Default,Default,Default,Default,Default,Default,Default,Default,Default,Default,Default,Default,Default,Default,Default,Default,Default,Default,Default,DefaultJob,Dimension=64&Quantisation=Int4,1,Workload,Actual,9,505104081,2,252552040.5,42,0,0,88800104
VectorQuantisationBenchmarks.'Lucene.NET flat scan',Rowles.LeanCorpus.Benchmarks,VectorQuantisationBenchmarks,'Lucene.NET flat scan',DefaultJob,Default,Default,Default,Default,Default,Default,Default,Default,Default,Default,Default,Default,Default,Default,Default,Default,Default,Default,Default,Default,Default,Default,Default,Default,Default,Default,Default,Default,Default,Default,Default,Default,Default,Default,Default,Default,Default,Default,Default,Default,Default,DefaultJob,Dimension=64&Quantisation=Int4,1,Workload,Actual,10,502680018,2,251340009,42,0,0,88800104
VectorQuantisationBenchmarks.'Lucene.NET flat scan',Rowles.LeanCorpus.Benchmarks,VectorQuantisationBenchmarks,'Lucene.NET flat scan',DefaultJob,Default,Default,Default,Default,Default,Default,Default,Default,Default,Default,Default,Default,Default,Default,Default,Default,Default,Default,Default,Default,Default,Default,Default,Default,Default,Default,Default,Default,Default,Default,Default,Default,Default,Default,Default,Default,Default,Default,Default,Default,Default,DefaultJob,Dimension=64&Quantisation=Int4,1,Workload,Actual,11,503648686,2,251824343,42,0,0,88800104
VectorQuantisationBenchmarks.'Lucene.NET flat scan',Rowles.LeanCorpus.Benchmarks,VectorQuantisationBenchmarks,'Lucene.NET flat scan',DefaultJob,Default,Default,Default,Default,Default,Default,Default,Default,Default,Default,Default,Default,Default,Default,Default,Default,Default,Default,Default,Default,Default,Default,Default,Default,Default,Default,Default,Default,Default,Default,Default,Default,Default,Default,Default,Default,Default,Default,Default,Default,Default,DefaultJob,Dimension=64&Quantisation=Int4,1,Workload,Actual,12,508590770,2,254295385,42,0,0,88800104
VectorQuantisationBenchmarks.'Lucene.NET flat scan',Rowles.LeanCorpus.Benchmarks,VectorQuantisationBenchmarks,'Lucene.NET flat scan',DefaultJob,Default,Default,Default,Default,Default,Default,Default,Default,Default,Default,Default,Default,Default,Default,Default,Default,Default,Default,Default,Default,Default,Default,Default,Default,Default,Default,Default,Default,Default,Default,Default,Default,Default,Default,Default,Default,Default,Default,Default,Default,Default,DefaultJob,Dimension=64&Quantisation=Int4,1,Workload,Actual,13,508091944,2,254045972,42,0,0,88800104
VectorQuantisationBenchmarks.'Lucene.NET flat scan',Rowles.LeanCorpus.Benchmarks,VectorQuantisationBenchmarks,'Lucene.NET flat scan',DefaultJob,Default,Default,Default,Default,Default,Default,Default,Default,Default,Default,Default,Default,Default,Default,Default,Default,Default,Default,Default,Default,Default,Default,Default,Default,Default,Default,Default,Default,Default,Default,Default,Default,Default,Default,Default,Default,Default,Default,Default,Default,Default,DefaultJob,Dimension=64&Quantisation=Int4,1,Workload,Actual,14,508342255,2,254171127.5,42,0,0,88800104
VectorQuantisationBenchmarks.'Lucene.NET flat scan',Rowles.LeanCorpus.Benchmarks,VectorQuantisationBenchmarks,'Lucene.NET flat scan',DefaultJob,Default,Default,Default,Default,Default,Default,Default,Default,Default,Default,Default,Default,Default,Default,Default,Default,Default,Default,Default,Default,Default,Default,Default,Default,Default,Default,Default,Default,Default,Default,Default,Default,Default,Default,Default,Default,Default,Default,Default,Default,Default,DefaultJob,Dimension=64&Quantisation=Int4,1,Workload,Actual,15,508943386,2,254471693,42,0,0,88800104
VectorQuantisationBenchmarks.'Lucene.NET flat scan',Rowles.LeanCorpus.Benchmarks,VectorQuantisationBenchmarks,'Lucene.NET flat scan',DefaultJob,Default,Default,Default,Default,Default,Default,Default,Default,Default,Default,Default,Default,Default,Default,Default,Default,Default,Default,Default,Default,Default,Default,Default,Default,Default,Default,Default,Default,Default,Default,Default,Default,Default,Default,Default,Default,Default,Default,Default,Default,Default,DefaultJob,Dimension=64&Quantisation=Int4,1,Workload,Extra,1,500386001,2,250193000.5,42,0,0,88800104
VectorQuantisationBenchmarks.'Lucene.NET flat scan',Rowles.LeanCorpus.Benchmarks,VectorQuantisationBenchmarks,'Lucene.NET flat scan',DefaultJob,Default,Default,Default,Default,Default,Default,Default,Default,Default,Default,Default,Default,Default,Default,Default,Default,Default,Default,Default,Default,Default,Default,Default,Default,Default,Default,Default,Default,Default,Default,Default,Default,Default,Default,Default,Default,Default,Default,Default,Default,Default,DefaultJob,Dimension=64&Quantisation=Int4,1,Workload,Result,1,502666834,2,251333417,42,0,0,88800104
VectorQuantisationBenchmarks.'Lucene.NET flat scan',Rowles.LeanCorpus.Benchmarks,VectorQuantisationBenchmarks,'Lucene.NET flat scan',DefaultJob,Default,Default,Default,Default,Default,Default,Default,Default,Default,Default,Default,Default,Default,Default,Default,Default,Default,Default,Default,Default,Default,Default,Default,Default,Default,Default,Default,Default,Default,Default,Default,Default,Default,Default,Default,Default,Default,Default,Default,Default,Default,DefaultJob,Dimension=64&Quantisation=Int4,1,Workload,Result,2,504929292,2,252464646,42,0,0,88800104
VectorQuantisationBenchmarks.'Lucene.NET flat scan',Rowles.LeanCorpus.Benchmarks,VectorQuantisationBenchmarks,'Lucene.NET flat scan',DefaultJob,Default,Default,Default,Default,Default,Default,Default,Default,Default,Default,Default,Default,Default,Default,Default,Default,Default,Default,Default,Default,Default,Default,Default,Default,Default,Default,Default,Default,Default,Default,Default,Default,Default,Default,Default,Default,Default,Default,Default,Default,Default,DefaultJob,Dimension=64&Quantisation=Int4,1,Workload,Result,3,506370164,2,253185082,42,0,0,88800104
VectorQuantisationBenchmarks.'Lucene.NET flat scan',Rowles.LeanCorpus.Benchmarks,VectorQuantisationBenchmarks,'Lucene.NET flat scan',DefaultJob,Default,Default,Default,Default,Default,Default,Default,Default,Default,Default,Default,Default,Default,Default,Default,Default,Default,Default,Default,Default,Default,Default,Default,Default,Default,Default,Default,Default,Default,Default,Default,Default,Default,Default,Default,Default,Default,Default,Default,Default,Default,DefaultJob,Dimension=64&Quantisation=Int4,1,Workload,Result,4,505687820,2,252843910,42,0,0,88800104
VectorQuantisationBenchmarks.'Lucene.NET flat scan',Rowles.LeanCorpus.Benchmarks,VectorQuantisationBenchmarks,'Lucene.NET flat scan',DefaultJob,Default,Default,Default,Default,Default,Default,Default,Default,Default,Default,Default,Default,Default,Default,Default,Default,Default,Default,Default,Default,Default,Default,Default,Default,Default,Default,Default,Default,Default,Default,Default,Default,Default,Default,Default,Default,Default,Default,Default,Default,Default,DefaultJob,Dimension=64&Quantisation=Int4,1,Workload,Result,5,502809277,2,251404638.5,42,0,0,88800104
VectorQuantisationBenchmarks.'Lucene.NET flat scan',Rowles.LeanCorpus.Benchmarks,VectorQuantisationBenchmarks,'Lucene.NET flat scan',DefaultJob,Default,Default,Default,Default,Default,Default,Default,Default,Default,Default,Default,Default,Default,Default,Default,Default,Default,Default,Default,Default,Default,Default,Default,Default,Default,Default,Default,Default,Default,Default,Default,Default,Default,Default,Default,Default,Default,Default,Default,Default,Default,DefaultJob,Dimension=64&Quantisation=Int4,1,Workload,Result,6,497092963,2,248546481.5,42,0,0,88800104
VectorQuantisationBenchmarks.'Lucene.NET flat scan',Rowles.LeanCorpus.Benchmarks,VectorQuantisationBenchmarks,'Lucene.NET flat scan',DefaultJob,Default,Default,Default,Default,Default,Default,Default,Default,Default,Default,Default,Default,Default,Default,Default,Default,Default,Default,Default,Default,Default,Default,Default,Default,Default,Default,Default,Default,Default,Default,Default,Default,Default,Default,Default,Default,Default,Default,Default,Default,Default,DefaultJob,Dimension=64&Quantisation=Int4,1,Workload,Result,7,497618071,2,248809035.5,42,0,0,88800104
VectorQuantisationBenchmarks.'Lucene.NET flat scan',Rowles.LeanCorpus.Benchmarks,VectorQuantisationBenchmarks,'Lucene.NET flat scan',DefaultJob,Default,Default,Default,Default,Default,Default,Default,Default,Default,Default,Default,Default,Default,Default,Default,Default,Default,Default,Default,Default,Default,Default,Default,Default,Default,Default,Default,Default,Default,Default,Default,Default,Default,Default,Default,Default,Default,Default,Default,Default,Default,DefaultJob,Dimension=64&Quantisation=Int4,1,Workload,Result,8,504050628,2,252025314,42,0,0,88800104
VectorQuantisationBenchmarks.'Lucene.NET flat scan',Rowles.LeanCorpus.Benchmarks,VectorQuantisationBenchmarks,'Lucene.NET flat scan',DefaultJob,Default,Default,Default,Default,Default,Default,Default,Default,Default,Default,Default,Default,Default,Default,Default,Default,Default,Default,Default,Default,Default,Default,Default,Default,Default,Default,Default,Default,Default,Default,Default,Default,Default,Default,Default,Default,Default,Default,Default,Default,Default,DefaultJob,Dimension=64&Quantisation=Int4,1,Workload,Result,9,505104081,2,252552040.5,42,0,0,88800104
VectorQuantisationBenchmarks.'Lucene.NET flat scan',Rowles.LeanCorpus.Benchmarks,VectorQuantisationBenchmarks,'Lucene.NET flat scan',DefaultJob,Default,Default,Default,Default,Default,Default,Default,Default,Default,Default,Default,Default,Default,Default,Default,Default,Default,Default,Default,Default,Default,Default,Default,Default,Default,Default,Default,Default,Default,Default,Default,Default,Default,Default,Default,Default,Default,Default,Default,Default,Default,DefaultJob,Dimension=64&Quantisation=Int4,1,Workload,Result,10,502680018,2,251340009,42,0,0,88800104
VectorQuantisationBenchmarks.'Lucene.NET flat scan',Rowles.LeanCorpus.Benchmarks,VectorQuantisationBenchmarks,'Lucene.NET flat scan',DefaultJob,Default,Default,Default,Default,Default,Default,Default,Default,Default,Default,Default,Default,Default,Default,Default,Default,Default,Default,Default,Default,Default,Default,Default,Default,Default,Default,Default,Default,Default,Default,Default,Default,Default,Default,Default,Default,Default,Default,Default,Default,Default,DefaultJob,Dimension=64&Quantisation=Int4,1,Workload,Result,11,503648686,2,251824343,42,0,0,88800104
VectorQuantisationBenchmarks.'Lucene.NET flat scan',Rowles.LeanCorpus.Benchmarks,VectorQuantisationBenchmarks,'Lucene.NET flat scan',DefaultJob,Default,Default,Default,Default,Default,Default,Default,Default,Default,Default,Default,Default,Default,Default,Default,Default,Default,Default,Default,Default,Default,Default,Default,Default,Default,Default,Default,Default,Default,Default,Default,Default,Default,Default,Default,Default,Default,Default,Default,Default,Default,DefaultJob,Dimension=64&Quantisation=Int4,1,Workload,Result,12,508590770,2,254295385,42,0,0,88800104
VectorQuantisationBenchmarks.'Lucene.NET flat scan',Rowles.LeanCorpus.Benchmarks,VectorQuantisationBenchmarks,'Lucene.NET flat scan',DefaultJob,Default,Default,Default,Default,Default,Default,Default,Default,Default,Default,Default,Default,Default,Default,Default,Default,Default,Default,Default,Default,Default,Default,Default,Default,Default,Default,Default,Default,Default,Default,Default,Default,Default,Default,Default,Default,Default,Default,Default,Default,Default,DefaultJob,Dimension=64&Quantisation=Int4,1,Workload,Result,13,508091944,2,254045972,42,0,0,88800104
VectorQuantisationBenchmarks.'Lucene.NET flat scan',Rowles.LeanCorpus.Benchmarks,VectorQuantisationBenchmarks,'Lucene.NET flat scan',DefaultJob,Default,Default,Default,Default,Default,Default,Default,Default,Default,Default,Default,Default,Default,Default,Default,Default,Default,Default,Default,Default,Default,Default,Default,Default,Default,Default,Default,Default,Default,Default,Default,Default,Default,Default,Default,Default,Default,Default,Default,Default,Default,DefaultJob,Dimension=64&Quantisation=Int4,1,Workload,Result,14,508342255,2,254171127.5,42,0,0,88800104
VectorQuantisationBenchmarks.'Lucene.NET flat scan',Rowles.LeanCorpus.Benchmarks,VectorQuantisationBenchmarks,'Lucene.NET flat scan',DefaultJob,Default,Default,Default,Default,Default,Default,Default,Default,Default,Default,Default,Default,Default,Default,Default,Default,Default,Default,Default,Default,Default,Default,Default,Default,Default,Default,Default,Default,Default,Default,Default,Default,Default,Default,Default,Default,Default,Default,Default,Default,Default,DefaultJob,Dimension=64&Quantisation=Int4,1,Workload,Result,15,508943386,2,254471693,42,0,0,88800104
VectorQuantisationBenchmarks.'HNSW search',Rowles.LeanCorpus.Benchmarks,VectorQuantisationBenchmarks,'HNSW search',DefaultJob,Default,Default,Default,Default,Default,Default,Default,Default,Default,Default,Default,Default,Default,Default,Default,Default,Default,Default,Default,Default,Default,Default,Default,Default,Default,Default,Default,Default,Default,Default,Default,Default,Default,Default,Default,Default,Default,Default,Default,Default,Default,DefaultJob,Dimension=64&Quantisation=ProductQuantisation,1,Workload,Jitting,1,5618823,1,5618823,319,0,0,5225196
VectorQuantisationBenchmarks.'HNSW search',Rowles.LeanCorpus.Benchmarks,VectorQuantisationBenchmarks,'HNSW search',DefaultJob,Default,Default,Default,Default,Default,Default,Default,Default,Default,Default,Default,Default,Default,Default,Default,Default,Default,Default,Default,Default,Default,Default,Default,Default,Default,Default,Default,Default,Default,Default,Default,Default,Default,Default,Default,Default,Default,Default,Default,Default,Default,DefaultJob,Dimension=64&Quantisation=ProductQuantisation,1,Workload,Jitting,2,108408336,30,3613611.2,319,0,0,5225196
VectorQuantisationBenchmarks.'HNSW search',Rowles.LeanCorpus.Benchmarks,VectorQuantisationBenchmarks,'HNSW search',DefaultJob,Default,Default,Default,Default,Default,Default,Default,Default,Default,Default,Default,Default,Default,Default,Default,Default,Default,Default,Default,Default,Default,Default,Default,Default,Default,Default,Default,Default,Default,Default,Default,Default,Default,Default,Default,Default,Default,Default,Default,Default,Default,DefaultJob,Dimension=64&Quantisation=ProductQuantisation,1,Workload,Jitting,3,109103512,30,3636783.73,319,0,0,5225196
VectorQuantisationBenchmarks.'HNSW search',Rowles.LeanCorpus.Benchmarks,VectorQuantisationBenchmarks,'HNSW search',DefaultJob,Default,Default,Default,Default,Default,Default,Default,Default,Default,Default,Default,Default,Default,Default,Default,Default,Default,Default,Default,Default,Default,Default,Default,Default,Default,Default,Default,Default,Default,Default,Default,Default,Default,Default,Default,Default,Default,Default,Default,Default,Default,DefaultJob,Dimension=64&Quantisation=ProductQuantisation,1,Workload,Jitting,4,99861072,30,3328702.4,319,0,0,5225196
VectorQuantisationBenchmarks.'HNSW search',Rowles.LeanCorpus.Benchmarks,VectorQuantisationBenchmarks,'HNSW search',DefaultJob,Default,Default,Default,Default,Default,Default,Default,Default,Default,Default,Default,Default,Default,Default,Default,Default,Default,Default,Default,Default,Default,Default,Default,Default,Default,Default,Default,Default,Default,Default,Default,Default,Default,Default,Default,Default,Default,Default,Default,Default,Default,DefaultJob,Dimension=64&Quantisation=ProductQuantisation,1,Workload,Jitting,5,6164431,1,6164431,319,0,0,5225196
VectorQuantisationBenchmarks.'HNSW search',Rowles.LeanCorpus.Benchmarks,VectorQuantisationBenchmarks,'HNSW search',DefaultJob,Default,Default,Default,Default,Default,Default,Default,Default,Default,Default,Default,Default,Default,Default,Default,Default,Default,Default,Default,Default,Default,Default,Default,Default,Default,Default,Default,Default,Default,Default,Default,Default,Default,Default,Default,Default,Default,Default,Default,Default,Default,DefaultJob,Dimension=64&Quantisation=ProductQuantisation,1,Workload,Pilot,1,6520684,1,6520684,319,0,0,5225196
VectorQuantisationBenchmarks.'HNSW search',Rowles.LeanCorpus.Benchmarks,VectorQuantisationBenchmarks,'HNSW search',DefaultJob,Default,Default,Default,Default,Default,Default,Default,Default,Default,Default,Default,Default,Default,Default,Default,Default,Default,Default,Default,Default,Default,Default,Default,Default,Default,Default,Default,Default,Default,Default,Default,Default,Default,Default,Default,Default,Default,Default,Default,Default,Default,DefaultJob,Dimension=64&Quantisation=ProductQuantisation,1,Workload,Pilot,1,56374329,16,3523395.56,319,0,0,5225196
VectorQuantisationBenchmarks.'HNSW search',Rowles.LeanCorpus.Benchmarks,VectorQuantisationBenchmarks,'HNSW search',DefaultJob,Default,Default,Default,Default,Default,Default,Default,Default,Default,Default,Default,Default,Default,Default,Default,Default,Default,Default,Default,Default,Default,Default,Default,Default,Default,Default,Default,Default,Default,Default,Default,Default,Default,Default,Default,Default,Default,Default,Default,Default,Default,DefaultJob,Dimension=64&Quantisation=ProductQuantisation,1,Workload,Pilot,2,107459863,32,3358120.72,319,0,0,5225196
VectorQuantisationBenchmarks.'HNSW search',Rowles.LeanCorpus.Benchmarks,VectorQuantisationBenchmarks,'HNSW search',DefaultJob,Default,Default,Default,Default,Default,Default,Default,Default,Default,Default,Default,Default,Default,Default,Default,Default,Default,Default,Default,Default,Default,Default,Default,Default,Default,Default,Default,Default,Default,Default,Default,Default,Default,Default,Default,Default,Default,Default,Default,Default,Default,DefaultJob,Dimension=64&Quantisation=ProductQuantisation,1,Workload,Pilot,3,211968588,64,3312009.19,319,0,0,5225196
VectorQuantisationBenchmarks.'HNSW search',Rowles.LeanCorpus.Benchmarks,VectorQuantisationBenchmarks,'HNSW search',DefaultJob,Default,Default,Default,Default,Default,Default,Default,Default,Default,Default,Default,Default,Default,Default,Default,Default,Default,Default,Default,Default,Default,Default,Default,Default,Default,Default,Default,Default,Default,Default,Default,Default,Default,Default,Default,Default,Default,Default,Default,Default,Default,DefaultJob,Dimension=64&Quantisation=ProductQuantisation,1,Workload,Pilot,4,420605183,128,3285977.99,319,0,0,5225196
VectorQuantisationBenchmarks.'HNSW search',Rowles.LeanCorpus.Benchmarks,VectorQuantisationBenchmarks,'HNSW search',DefaultJob,Default,Default,Default,Default,Default,Default,Default,Default,Default,Default,Default,Default,Default,Default,Default,Default,Default,Default,Default,Default,Default,Default,Default,Default,Default,Default,Default,Default,Default,Default,Default,Default,Default,Default,Default,Default,Default,Default,Default,Default,Default,DefaultJob,Dimension=64&Quantisation=ProductQuantisation,1,Workload,Pilot,5,849211788,256,3317233.55,319,0,0,5225196
VectorQuantisationBenchmarks.'HNSW search',Rowles.LeanCorpus.Benchmarks,VectorQuantisationBenchmarks,'HNSW search',DefaultJob,Default,Default,Default,Default,Default,Default,Default,Default,Default,Default,Default,Default,Default,Default,Default,Default,Default,Default,Default,Default,Default,Default,Default,Default,Default,Default,Default,Default,Default,Default,Default,Default,Default,Default,Default,Default,Default,Default,Default,Default,Default,DefaultJob,Dimension=64&Quantisation=ProductQuantisation,1,Workload,Warmup,1,831719591,256,3248904.65,319,0,0,5225196
VectorQuantisationBenchmarks.'HNSW search',Rowles.LeanCorpus.Benchmarks,VectorQuantisationBenchmarks,'HNSW search',DefaultJob,Default,Default,Default,Default,Default,Default,Default,Default,Default,Default,Default,Default,Default,Default,Default,Default,Default,Default,Default,Default,Default,Default,Default,Default,Default,Default,Default,Default,Default,Default,Default,Default,Default,Default,Default,Default,Default,Default,Default,Default,Default,DefaultJob,Dimension=64&Quantisation=ProductQuantisation,1,Workload,Warmup,2,834353619,256,3259193.82,319,0,0,5225196
VectorQuantisationBenchmarks.'HNSW search',Rowles.LeanCorpus.Benchmarks,VectorQuantisationBenchmarks,'HNSW search',DefaultJob,Default,Default,Default,Default,Default,Default,Default,Default,Default,Default,Default,Default,Default,Default,Default,Default,Default,Default,Default,Default,Default,Default,Default,Default,Default,Default,Default,Default,Default,Default,Default,Default,Default,Default,Default,Default,Default,Default,Default,Default,Default,DefaultJob,Dimension=64&Quantisation=ProductQuantisation,1,Workload,Warmup,3,836415838,256,3267249.37,319,0,0,5225196
VectorQuantisationBenchmarks.'HNSW search',Rowles.LeanCorpus.Benchmarks,VectorQuantisationBenchmarks,'HNSW search',DefaultJob,Default,Default,Default,Default,Default,Default,Default,Default,Default,Default,Default,Default,Default,Default,Default,Default,Default,Default,Default,Default,Default,Default,Default,Default,Default,Default,Default,Default,Default,Default,Default,Default,Default,Default,Default,Default,Default,Default,Default,Default,Default,DefaultJob,Dimension=64&Quantisation=ProductQuantisation,1,Workload,Warmup,4,834159749,256,3258436.52,319,0,0,5225196
VectorQuantisationBenchmarks.'HNSW search',Rowles.LeanCorpus.Benchmarks,VectorQuantisationBenchmarks,'HNSW search',DefaultJob,Default,Default,Default,Default,Default,Default,Default,Default,Default,Default,Default,Default,Default,Default,Default,Default,Default,Default,Default,Default,Default,Default,Default,Default,Default,Default,Default,Default,Default,Default,Default,Default,Default,Default,Default,Default,Default,Default,Default,Default,Default,DefaultJob,Dimension=64&Quantisation=ProductQuantisation,1,Workload,Warmup,5,828794660,256,3237479.14,319,0,0,5225196
VectorQuantisationBenchmarks.'HNSW search',Rowles.LeanCorpus.Benchmarks,VectorQuantisationBenchmarks,'HNSW search',DefaultJob,Default,Default,Default,Default,Default,Default,Default,Default,Default,Default,Default,Default,Default,Default,Default,Default,Default,Default,Default,Default,Default,Default,Default,Default,Default,Default,Default,Default,Default,Default,Default,Default,Default,Default,Default,Default,Default,Default,Default,Default,Default,DefaultJob,Dimension=64&Quantisation=ProductQuantisation,1,Workload,Warmup,6,836126321,256,3266118.44,319,0,0,5225196
VectorQuantisationBenchmarks.'HNSW search',Rowles.LeanCorpus.Benchmarks,VectorQuantisationBenchmarks,'HNSW search',DefaultJob,Default,Default,Default,Default,Default,Default,Default,Default,Default,Default,Default,Default,Default,Default,Default,Default,Default,Default,Default,Default,Default,Default,Default,Default,Default,Default,Default,Default,Default,Default,Default,Default,Default,Default,Default,Default,Default,Default,Default,Default,Default,DefaultJob,Dimension=64&Quantisation=ProductQuantisation,1,Workload,Warmup,7,841560767,256,3287346.75,319,0,0,5225196
VectorQuantisationBenchmarks.'HNSW search',Rowles.LeanCorpus.Benchmarks,VectorQuantisationBenchmarks,'HNSW search',DefaultJob,Default,Default,Default,Default,Default,Default,Default,Default,Default,Default,Default,Default,Default,Default,Default,Default,Default,Default,Default,Default,Default,Default,Default,Default,Default,Default,Default,Default,Default,Default,Default,Default,Default,Default,Default,Default,Default,Default,Default,Default,Default,DefaultJob,Dimension=64&Quantisation=ProductQuantisation,1,Workload,Warmup,8,828193459,256,3235130.7,319,0,0,5225196
VectorQuantisationBenchmarks.'HNSW search',Rowles.LeanCorpus.Benchmarks,VectorQuantisationBenchmarks,'HNSW search',DefaultJob,Default,Default,Default,Default,Default,Default,Default,Default,Default,Default,Default,Default,Default,Default,Default,Default,Default,Default,Default,Default,Default,Default,Default,Default,Default,Default,Default,Default,Default,Default,Default,Default,Default,Default,Default,Default,Default,Default,Default,Default,Default,DefaultJob,Dimension=64&Quantisation=ProductQuantisation,1,Workload,Actual,1,840279838,256,3282343.12,319,0,0,5225196
VectorQuantisationBenchmarks.'HNSW search',Rowles.LeanCorpus.Benchmarks,VectorQuantisationBenchmarks,'HNSW search',DefaultJob,Default,Default,Default,Default,Default,Default,Default,Default,Default,Default,Default,Default,Default,Default,Default,Default,Default,Default,Default,Default,Default,Default,Default,Default,Default,Default,Default,Default,Default,Default,Default,Default,Default,Default,Default,Default,Default,Default,Default,Default,Default,DefaultJob,Dimension=64&Quantisation=ProductQuantisation,1,Workload,Actual,2,842023760,256,3289155.31,319,0,0,5225196
VectorQuantisationBenchmarks.'HNSW search',Rowles.LeanCorpus.Benchmarks,VectorQuantisationBenchmarks,'HNSW search',DefaultJob,Default,Default,Default,Default,Default,Default,Default,Default,Default,Default,Default,Default,Default,Default,Default,Default,Default,Default,Default,Default,Default,Default,Default,Default,Default,Default,Default,Default,Default,Default,Default,Default,Default,Default,Default,Default,Default,Default,Default,Default,Default,DefaultJob,Dimension=64&Quantisation=ProductQuantisation,1,Workload,Actual,3,835002494,256,3261728.49,319,0,0,5225196
VectorQuantisationBenchmarks.'HNSW search',Rowles.LeanCorpus.Benchmarks,VectorQuantisationBenchmarks,'HNSW search',DefaultJob,Default,Default,Default,Default,Default,Default,Default,Default,Default,Default,Default,Default,Default,Default,Default,Default,Default,Default,Default,Default,Default,Default,Default,Default,Default,Default,Default,Default,Default,Default,Default,Default,Default,Default,Default,Default,Default,Default,Default,Default,Default,DefaultJob,Dimension=64&Quantisation=ProductQuantisation,1,Workload,Actual,4,828382442,256,3235868.91,319,0,0,5225196
VectorQuantisationBenchmarks.'HNSW search',Rowles.LeanCorpus.Benchmarks,VectorQuantisationBenchmarks,'HNSW search',DefaultJob,Default,Default,Default,Default,Default,Default,Default,Default,Default,Default,Default,Default,Default,Default,Default,Default,Default,Default,Default,Default,Default,Default,Default,Default,Default,Default,Default,Default,Default,Default,Default,Default,Default,Default,Default,Default,Default,Default,Default,Default,Default,DefaultJob,Dimension=64&Quantisation=ProductQuantisation,1,Workload,Actual,5,836937968,256,3269288.94,319,0,0,5225196
VectorQuantisationBenchmarks.'HNSW search',Rowles.LeanCorpus.Benchmarks,VectorQuantisationBenchmarks,'HNSW search',DefaultJob,Default,Default,Default,Default,Default,Default,Default,Default,Default,Default,Default,Default,Default,Default,Default,Default,Default,Default,Default,Default,Default,Default,Default,Default,Default,Default,Default,Default,Default,Default,Default,Default,Default,Default,Default,Default,Default,Default,Default,Default,Default,DefaultJob,Dimension=64&Quantisation=ProductQuantisation,1,Workload,Actual,6,888553020,256,3470910.23,319,0,0,5225196
VectorQuantisationBenchmarks.'HNSW search',Rowles.LeanCorpus.Benchmarks,VectorQuantisationBenchmarks,'HNSW search',DefaultJob,Default,Default,Default,Default,Default,Default,Default,Default,Default,Default,Default,Default,Default,Default,Default,Default,Default,Default,Default,Default,Default,Default,Default,Default,Default,Default,Default,Default,Default,Default,Default,Default,Default,Default,Default,Default,Default,Default,Default,Default,Default,DefaultJob,Dimension=64&Quantisation=ProductQuantisation,1,Workload,Actual,7,833643943,256,3256421.65,319,0,0,5225196
VectorQuantisationBenchmarks.'HNSW search',Rowles.LeanCorpus.Benchmarks,VectorQuantisationBenchmarks,'HNSW search',DefaultJob,Default,Default,Default,Default,Default,Default,Default,Default,Default,Default,Default,Default,Default,Default,Default,Default,Default,Default,Default,Default,Default,Default,Default,Default,Default,Default,Default,Default,Default,Default,Default,Default,Default,Default,Default,Default,Default,Default,Default,Default,Default,DefaultJob,Dimension=64&Quantisation=ProductQuantisation,1,Workload,Actual,8,905003275,256,3535169.04,319,0,0,5225196
VectorQuantisationBenchmarks.'HNSW search',Rowles.LeanCorpus.Benchmarks,VectorQuantisationBenchmarks,'HNSW search',DefaultJob,Default,Default,Default,Default,Default,Default,Default,Default,Default,Default,Default,Default,Default,Default,Default,Default,Default,Default,Default,Default,Default,Default,Default,Default,Default,Default,Default,Default,Default,Default,Default,Default,Default,Default,Default,Default,Default,Default,Default,Default,Default,DefaultJob,Dimension=64&Quantisation=ProductQuantisation,1,Workload,Actual,9,834079726,256,3258123.93,319,0,0,5225196
VectorQuantisationBenchmarks.'HNSW search',Rowles.LeanCorpus.Benchmarks,VectorQuantisationBenchmarks,'HNSW search',DefaultJob,Default,Default,Default,Default,Default,Default,Default,Default,Default,Default,Default,Default,Default,Default,Default,Default,Default,Default,Default,Default,Default,Default,Default,Default,Default,Default,Default,Default,Default,Default,Default,Default,Default,Default,Default,Default,Default,Default,Default,Default,Default,DefaultJob,Dimension=64&Quantisation=ProductQuantisation,1,Workload,Actual,10,837713394,256,3272317.95,319,0,0,5225196
VectorQuantisationBenchmarks.'HNSW search',Rowles.LeanCorpus.Benchmarks,VectorQuantisationBenchmarks,'HNSW search',DefaultJob,Default,Default,Default,Default,Default,Default,Default,Default,Default,Default,Default,Default,Default,Default,Default,Default,Default,Default,Default,Default,Default,Default,Default,Default,Default,Default,Default,Default,Default,Default,Default,Default,Default,Default,Default,Default,Default,Default,Default,Default,Default,DefaultJob,Dimension=64&Quantisation=ProductQuantisation,1,Workload,Actual,11,835051774,256,3261920.99,319,0,0,5225196
VectorQuantisationBenchmarks.'HNSW search',Rowles.LeanCorpus.Benchmarks,VectorQuantisationBenchmarks,'HNSW search',DefaultJob,Default,Default,Default,Default,Default,Default,Default,Default,Default,Default,Default,Default,Default,Default,Default,Default,Default,Default,Default,Default,Default,Default,Default,Default,Default,Default,Default,Default,Default,Default,Default,Default,Default,Default,Default,Default,Default,Default,Default,Default,Default,DefaultJob,Dimension=64&Quantisation=ProductQuantisation,1,Workload,Actual,12,835454555,256,3263494.36,319,0,0,5225196
VectorQuantisationBenchmarks.'HNSW search',Rowles.LeanCorpus.Benchmarks,VectorQuantisationBenchmarks,'HNSW search',DefaultJob,Default,Default,Default,Default,Default,Default,Default,Default,Default,Default,Default,Default,Default,Default,Default,Default,Default,Default,Default,Default,Default,Default,Default,Default,Default,Default,Default,Default,Default,Default,Default,Default,Default,Default,Default,Default,Default,Default,Default,Default,Default,DefaultJob,Dimension=64&Quantisation=ProductQuantisation,1,Workload,Actual,13,839087500,256,3277685.55,319,0,0,5225196
VectorQuantisationBenchmarks.'HNSW search',Rowles.LeanCorpus.Benchmarks,VectorQuantisationBenchmarks,'HNSW search',DefaultJob,Default,Default,Default,Default,Default,Default,Default,Default,Default,Default,Default,Default,Default,Default,Default,Default,Default,Default,Default,Default,Default,Default,Default,Default,Default,Default,Default,Default,Default,Default,Default,Default,Default,Default,Default,Default,Default,Default,Default,Default,Default,DefaultJob,Dimension=64&Quantisation=ProductQuantisation,1,Workload,Actual,14,839646662,256,3279869.77,319,0,0,5225196
VectorQuantisationBenchmarks.'HNSW search',Rowles.LeanCorpus.Benchmarks,VectorQuantisationBenchmarks,'HNSW search',DefaultJob,Default,Default,Default,Default,Default,Default,Default,Default,Default,Default,Default,Default,Default,Default,Default,Default,Default,Default,Default,Default,Default,Default,Default,Default,Default,Default,Default,Default,Default,Default,Default,Default,Default,Default,Default,Default,Default,Default,Default,Default,Default,DefaultJob,Dimension=64&Quantisation=ProductQuantisation,1,Workload,Actual,15,832655436,256,3252560.3,319,0,0,5225196
VectorQuantisationBenchmarks.'HNSW search',Rowles.LeanCorpus.Benchmarks,VectorQuantisationBenchmarks,'HNSW search',DefaultJob,Default,Default,Default,Default,Default,Default,Default,Default,Default,Default,Default,Default,Default,Default,Default,Default,Default,Default,Default,Default,Default,Default,Default,Default,Default,Default,Default,Default,Default,Default,Default,Default,Default,Default,Default,Default,Default,Default,Default,Default,Default,DefaultJob,Dimension=64&Quantisation=ProductQuantisation,1,Workload,Extra,1,877061698,256,3426022.26,319,0,0,5225196
VectorQuantisationBenchmarks.'HNSW search',Rowles.LeanCorpus.Benchmarks,VectorQuantisationBenchmarks,'HNSW search',DefaultJob,Default,Default,Default,Default,Default,Default,Default,Default,Default,Default,Default,Default,Default,Default,Default,Default,Default,Default,Default,Default,Default,Default,Default,Default,Default,Default,Default,Default,Default,Default,Default,Default,Default,Default,Default,Default,Default,Default,Default,Default,Default,DefaultJob,Dimension=64&Quantisation=ProductQuantisation,1,Workload,Result,1,840279838,256,3282343.12,319,0,0,5225196
VectorQuantisationBenchmarks.'HNSW search',Rowles.LeanCorpus.Benchmarks,VectorQuantisationBenchmarks,'HNSW search',DefaultJob,Default,Default,Default,Default,Default,Default,Default,Default,Default,Default,Default,Default,Default,Default,Default,Default,Default,Default,Default,Default,Default,Default,Default,Default,Default,Default,Default,Default,Default,Default,Default,Default,Default,Default,Default,Default,Default,Default,Default,Default,Default,DefaultJob,Dimension=64&Quantisation=ProductQuantisation,1,Workload,Result,2,842023760,256,3289155.31,319,0,0,5225196
VectorQuantisationBenchmarks.'HNSW search',Rowles.LeanCorpus.Benchmarks,VectorQuantisationBenchmarks,'HNSW search',DefaultJob,Default,Default,Default,Default,Default,Default,Default,Default,Default,Default,Default,Default,Default,Default,Default,Default,Default,Default,Default,Default,Default,Default,Default,Default,Default,Default,Default,Default,Default,Default,Default,Default,Default,Default,Default,Default,Default,Default,Default,Default,Default,DefaultJob,Dimension=64&Quantisation=ProductQuantisation,1,Workload,Result,3,835002494,256,3261728.49,319,0,0,5225196
VectorQuantisationBenchmarks.'HNSW search',Rowles.LeanCorpus.Benchmarks,VectorQuantisationBenchmarks,'HNSW search',DefaultJob,Default,Default,Default,Default,Default,Default,Default,Default,Default,Default,Default,Default,Default,Default,Default,Default,Default,Default,Default,Default,Default,Default,Default,Default,Default,Default,Default,Default,Default,Default,Default,Default,Default,Default,Default,Default,Default,Default,Default,Default,Default,DefaultJob,Dimension=64&Quantisation=ProductQuantisation,1,Workload,Result,4,828382442,256,3235868.91,319,0,0,5225196
VectorQuantisationBenchmarks.'HNSW search',Rowles.LeanCorpus.Benchmarks,VectorQuantisationBenchmarks,'HNSW search',DefaultJob,Default,Default,Default,Default,Default,Default,Default,Default,Default,Default,Default,Default,Default,Default,Default,Default,Default,Default,Default,Default,Default,Default,Default,Default,Default,Default,Default,Default,Default,Default,Default,Default,Default,Default,Default,Default,Default,Default,Default,Default,Default,DefaultJob,Dimension=64&Quantisation=ProductQuantisation,1,Workload,Result,5,836937968,256,3269288.94,319,0,0,5225196
VectorQuantisationBenchmarks.'HNSW search',Rowles.LeanCorpus.Benchmarks,VectorQuantisationBenchmarks,'HNSW search',DefaultJob,Default,Default,Default,Default,Default,Default,Default,Default,Default,Default,Default,Default,Default,Default,Default,Default,Default,Default,Default,Default,Default,Default,Default,Default,Default,Default,Default,Default,Default,Default,Default,Default,Default,Default,Default,Default,Default,Default,Default,Default,Default,DefaultJob,Dimension=64&Quantisation=ProductQuantisation,1,Workload,Result,6,833643943,256,3256421.65,319,0,0,5225196
VectorQuantisationBenchmarks.'HNSW search',Rowles.LeanCorpus.Benchmarks,VectorQuantisationBenchmarks,'HNSW search',DefaultJob,Default,Default,Default,Default,Default,Default,Default,Default,Default,Default,Default,Default,Default,Default,Default,Default,Default,Default,Default,Default,Default,Default,Default,Default,Default,Default,Default,Default,Default,Default,Default,Default,Default,Default,Default,Default,Default,Default,Default,Default,Default,DefaultJob,Dimension=64&Quantisation=ProductQuantisation,1,Workload,Result,7,834079726,256,3258123.93,319,0,0,5225196
VectorQuantisationBenchmarks.'HNSW search',Rowles.LeanCorpus.Benchmarks,VectorQuantisationBenchmarks,'HNSW search',DefaultJob,Default,Default,Default,Default,Default,Default,Default,Default,Default,Default,Default,Default,Default,Default,Default,Default,Default,Default,Default,Default,Default,Default,Default,Default,Default,Default,Default,Default,Default,Default,Default,Default,Default,Default,Default,Default,Default,Default,Default,Default,Default,DefaultJob,Dimension=64&Quantisation=ProductQuantisation,1,Workload,Result,8,837713394,256,3272317.95,319,0,0,5225196
VectorQuantisationBenchmarks.'HNSW search',Rowles.LeanCorpus.Benchmarks,VectorQuantisationBenchmarks,'HNSW search',DefaultJob,Default,Default,Default,Default,Default,Default,Default,Default,Default,Default,Default,Default,Default,Default,Default,Default,Default,Default,Default,Default,Default,Default,Default,Default,Default,Default,Default,Default,Default,Default,Default,Default,Default,Default,Default,Default,Default,Default,Default,Default,Default,DefaultJob,Dimension=64&Quantisation=ProductQuantisation,1,Workload,Result,9,835051774,256,3261920.99,319,0,0,5225196
VectorQuantisationBenchmarks.'HNSW search',Rowles.LeanCorpus.Benchmarks,VectorQuantisationBenchmarks,'HNSW search',DefaultJob,Default,Default,Default,Default,Default,Default,Default,Default,Default,Default,Default,Default,Default,Default,Default,Default,Default,Default,Default,Default,Default,Default,Default,Default,Default,Default,Default,Default,Default,Default,Default,Default,Default,Default,Default,Default,Default,Default,Default,Default,Default,DefaultJob,Dimension=64&Quantisation=ProductQuantisation,1,Workload,Result,10,835454555,256,3263494.36,319,0,0,5225196
VectorQuantisationBenchmarks.'HNSW search',Rowles.LeanCorpus.Benchmarks,VectorQuantisationBenchmarks,'HNSW search',DefaultJob,Default,Default,Default,Default,Default,Default,Default,Default,Default,Default,Default,Default,Default,Default,Default,Default,Default,Default,Default,Default,Default,Default,Default,Default,Default,Default,Default,Default,Default,Default,Default,Default,Default,Default,Default,Default,Default,Default,Default,Default,Default,DefaultJob,Dimension=64&Quantisation=ProductQuantisation,1,Workload,Result,11,839087500,256,3277685.55,319,0,0,5225196
VectorQuantisationBenchmarks.'HNSW search',Rowles.LeanCorpus.Benchmarks,VectorQuantisationBenchmarks,'HNSW search',DefaultJob,Default,Default,Default,Default,Default,Default,Default,Default,Default,Default,Default,Default,Default,Default,Default,Default,Default,Default,Default,Default,Default,Default,Default,Default,Default,Default,Default,Default,Default,Default,Default,Default,Default,Default,Default,Default,Default,Default,Default,Default,Default,DefaultJob,Dimension=64&Quantisation=ProductQuantisation,1,Workload,Result,12,839646662,256,3279869.77,319,0,0,5225196
VectorQuantisationBenchmarks.'HNSW search',Rowles.LeanCorpus.Benchmarks,VectorQuantisationBenchmarks,'HNSW search',DefaultJob,Default,Default,Default,Default,Default,Default,Default,Default,Default,Default,Default,Default,Default,Default,Default,Default,Default,Default,Default,Default,Default,Default,Default,Default,Default,Default,Default,Default,Default,Default,Default,Default,Default,Default,Default,Default,Default,Default,Default,Default,Default,DefaultJob,Dimension=64&Quantisation=ProductQuantisation,1,Workload,Result,13,832655436,256,3252560.3,319,0,0,5225196
VectorQuantisationBenchmarks.'Lucene.NET flat scan',Rowles.LeanCorpus.Benchmarks,VectorQuantisationBenchmarks,'Lucene.NET flat scan',DefaultJob,Default,Default,Default,Default,Default,Default,Default,Default,Default,Default,Default,Default,Default,Default,Default,Default,Default,Default,Default,Default,Default,Default,Default,Default,Default,Default,Default,Default,Default,Default,Default,Default,Default,Default,Default,Default,Default,Default,Default,Default,Default,DefaultJob,Dimension=64&Quantisation=ProductQuantisation,1,Workload,Jitting,1,318998282,1,318998282,42,0,0,88800104
VectorQuantisationBenchmarks.'Lucene.NET flat scan',Rowles.LeanCorpus.Benchmarks,VectorQuantisationBenchmarks,'Lucene.NET flat scan',DefaultJob,Default,Default,Default,Default,Default,Default,Default,Default,Default,Default,Default,Default,Default,Default,Default,Default,Default,Default,Default,Default,Default,Default,Default,Default,Default,Default,Default,Default,Default,Default,Default,Default,Default,Default,Default,Default,Default,Default,Default,Default,Default,DefaultJob,Dimension=64&Quantisation=ProductQuantisation,1,Workload,Jitting,2,7679186190,30,255972873,42,0,0,88800104
VectorQuantisationBenchmarks.'Lucene.NET flat scan',Rowles.LeanCorpus.Benchmarks,VectorQuantisationBenchmarks,'Lucene.NET flat scan',DefaultJob,Default,Default,Default,Default,Default,Default,Default,Default,Default,Default,Default,Default,Default,Default,Default,Default,Default,Default,Default,Default,Default,Default,Default,Default,Default,Default,Default,Default,Default,Default,Default,Default,Default,Default,Default,Default,Default,Default,Default,Default,Default,DefaultJob,Dimension=64&Quantisation=ProductQuantisation,1,Workload,Jitting,3,1778457162,7,254065308.86,42,0,0,88800104
VectorQuantisationBenchmarks.'Lucene.NET flat scan',Rowles.LeanCorpus.Benchmarks,VectorQuantisationBenchmarks,'Lucene.NET flat scan',DefaultJob,Default,Default,Default,Default,Default,Default,Default,Default,Default,Default,Default,Default,Default,Default,Default,Default,Default,Default,Default,Default,Default,Default,Default,Default,Default,Default,Default,Default,Default,Default,Default,Default,Default,Default,Default,Default,Default,Default,Default,Default,Default,DefaultJob,Dimension=64&Quantisation=ProductQuantisation,1,Workload,Jitting,4,256084933,1,256084933,42,0,0,88800104
VectorQuantisationBenchmarks.'Lucene.NET flat scan',Rowles.LeanCorpus.Benchmarks,VectorQuantisationBenchmarks,'Lucene.NET flat scan',DefaultJob,Default,Default,Default,Default,Default,Default,Default,Default,Default,Default,Default,Default,Default,Default,Default,Default,Default,Default,Default,Default,Default,Default,Default,Default,Default,Default,Default,Default,Default,Default,Default,Default,Default,Default,Default,Default,Default,Default,Default,Default,Default,DefaultJob,Dimension=64&Quantisation=ProductQuantisation,1,Workload,Pilot,1,508359671,2,254179835.5,42,0,0,88800104
VectorQuantisationBenchmarks.'Lucene.NET flat scan',Rowles.LeanCorpus.Benchmarks,VectorQuantisationBenchmarks,'Lucene.NET flat scan',DefaultJob,Default,Default,Default,Default,Default,Default,Default,Default,Default,Default,Default,Default,Default,Default,Default,Default,Default,Default,Default,Default,Default,Default,Default,Default,Default,Default,Default,Default,Default,Default,Default,Default,Default,Default,Default,Default,Default,Default,Default,Default,Default,DefaultJob,Dimension=64&Quantisation=ProductQuantisation,1,Workload,Warmup,1,506759322,2,253379661,42,0,0,88800104
VectorQuantisationBenchmarks.'Lucene.NET flat scan',Rowles.LeanCorpus.Benchmarks,VectorQuantisationBenchmarks,'Lucene.NET flat scan',DefaultJob,Default,Default,Default,Default,Default,Default,Default,Default,Default,Default,Default,Default,Default,Default,Default,Default,Default,Default,Default,Default,Default,Default,Default,Default,Default,Default,Default,Default,Default,Default,Default,Default,Default,Default,Default,Default,Default,Default,Default,Default,Default,DefaultJob,Dimension=64&Quantisation=ProductQuantisation,1,Workload,Warmup,2,505287784,2,252643892,42,0,0,88800104
VectorQuantisationBenchmarks.'Lucene.NET flat scan',Rowles.LeanCorpus.Benchmarks,VectorQuantisationBenchmarks,'Lucene.NET flat scan',DefaultJob,Default,Default,Default,Default,Default,Default,Default,Default,Default,Default,Default,Default,Default,Default,Default,Default,Default,Default,Default,Default,Default,Default,Default,Default,Default,Default,Default,Default,Default,Default,Default,Default,Default,Default,Default,Default,Default,Default,Default,Default,Default,DefaultJob,Dimension=64&Quantisation=ProductQuantisation,1,Workload,Warmup,3,506354194,2,253177097,42,0,0,88800104
VectorQuantisationBenchmarks.'Lucene.NET flat scan',Rowles.LeanCorpus.Benchmarks,VectorQuantisationBenchmarks,'Lucene.NET flat scan',DefaultJob,Default,Default,Default,Default,Default,Default,Default,Default,Default,Default,Default,Default,Default,Default,Default,Default,Default,Default,Default,Default,Default,Default,Default,Default,Default,Default,Default,Default,Default,Default,Default,Default,Default,Default,Default,Default,Default,Default,Default,Default,Default,DefaultJob,Dimension=64&Quantisation=ProductQuantisation,1,Workload,Warmup,4,498370116,2,249185058,42,0,0,88800104
VectorQuantisationBenchmarks.'Lucene.NET flat scan',Rowles.LeanCorpus.Benchmarks,VectorQuantisationBenchmarks,'Lucene.NET flat scan',DefaultJob,Default,Default,Default,Default,Default,Default,Default,Default,Default,Default,Default,Default,Default,Default,Default,Default,Default,Default,Default,Default,Default,Default,Default,Default,Default,Default,Default,Default,Default,Default,Default,Default,Default,Default,Default,Default,Default,Default,Default,Default,Default,DefaultJob,Dimension=64&Quantisation=ProductQuantisation,1,Workload,Warmup,5,505363239,2,252681619.5,42,0,0,88800104
VectorQuantisationBenchmarks.'Lucene.NET flat scan',Rowles.LeanCorpus.Benchmarks,VectorQuantisationBenchmarks,'Lucene.NET flat scan',DefaultJob,Default,Default,Default,Default,Default,Default,Default,Default,Default,Default,Default,Default,Default,Default,Default,Default,Default,Default,Default,Default,Default,Default,Default,Default,Default,Default,Default,Default,Default,Default,Default,Default,Default,Default,Default,Default,Default,Default,Default,Default,Default,DefaultJob,Dimension=64&Quantisation=ProductQuantisation,1,Workload,Warmup,6,508464622,2,254232311,42,0,0,88800104
VectorQuantisationBenchmarks.'Lucene.NET flat scan',Rowles.LeanCorpus.Benchmarks,VectorQuantisationBenchmarks,'Lucene.NET flat scan',DefaultJob,Default,Default,Default,Default,Default,Default,Default,Default,Default,Default,Default,Default,Default,Default,Default,Default,Default,Default,Default,Default,Default,Default,Default,Default,Default,Default,Default,Default,Default,Default,Default,Default,Default,Default,Default,Default,Default,Default,Default,Default,Default,DefaultJob,Dimension=64&Quantisation=ProductQuantisation,1,Workload,Warmup,7,508450366,2,254225183,42,0,0,88800104
VectorQuantisationBenchmarks.'Lucene.NET flat scan',Rowles.LeanCorpus.Benchmarks,VectorQuantisationBenchmarks,'Lucene.NET flat scan',DefaultJob,Default,Default,Default,Default,Default,Default,Default,Default,Default,Default,Default,Default,Default,Default,Default,Default,Default,Default,Default,Default,Default,Default,Default,Default,Default,Default,Default,Default,Default,Default,Default,Default,Default,Default,Default,Default,Default,Default,Default,Default,Default,DefaultJob,Dimension=64&Quantisation=ProductQuantisation,1,Workload,Actual,1,501275526,2,250637763,42,0,0,88800104
VectorQuantisationBenchmarks.'Lucene.NET flat scan',Rowles.LeanCorpus.Benchmarks,VectorQuantisationBenchmarks,'Lucene.NET flat scan',DefaultJob,Default,Default,Default,Default,Default,Default,Default,Default,Default,Default,Default,Default,Default,Default,Default,Default,Default,Default,Default,Default,Default,Default,Default,Default,Default,Default,Default,Default,Default,Default,Default,Default,Default,Default,Default,Default,Default,Default,Default,Default,Default,DefaultJob,Dimension=64&Quantisation=ProductQuantisation,1,Workload,Actual,2,503894382,2,251947191,42,0,0,88800104
VectorQuantisationBenchmarks.'Lucene.NET flat scan',Rowles.LeanCorpus.Benchmarks,VectorQuantisationBenchmarks,'Lucene.NET flat scan',DefaultJob,Default,Default,Default,Default,Default,Default,Default,Default,Default,Default,Default,Default,Default,Default,Default,Default,Default,Default,Default,Default,Default,Default,Default,Default,Default,Default,Default,Default,Default,Default,Default,Default,Default,Default,Default,Default,Default,Default,Default,Default,Default,DefaultJob,Dimension=64&Quantisation=ProductQuantisation,1,Workload,Actual,3,508636797,2,254318398.5,42,0,0,88800104
VectorQuantisationBenchmarks.'Lucene.NET flat scan',Rowles.LeanCorpus.Benchmarks,VectorQuantisationBenchmarks,'Lucene.NET flat scan',DefaultJob,Default,Default,Default,Default,Default,Default,Default,Default,Default,Default,Default,Default,Default,Default,Default,Default,Default,Default,Default,Default,Default,Default,Default,Default,Default,Default,Default,Default,Default,Default,Default,Default,Default,Default,Default,Default,Default,Default,Default,Default,Default,DefaultJob,Dimension=64&Quantisation=ProductQuantisation,1,Workload,Actual,4,499366909,2,249683454.5,42,0,0,88800104
VectorQuantisationBenchmarks.'Lucene.NET flat scan',Rowles.LeanCorpus.Benchmarks,VectorQuantisationBenchmarks,'Lucene.NET flat scan',DefaultJob,Default,Default,Default,Default,Default,Default,Default,Default,Default,Default,Default,Default,Default,Default,Default,Default,Default,Default,Default,Default,Default,Default,Default,Default,Default,Default,Default,Default,Default,Default,Default,Default,Default,Default,Default,Default,Default,Default,Default,Default,Default,DefaultJob,Dimension=64&Quantisation=ProductQuantisation,1,Workload,Actual,5,499181325,2,249590662.5,42,0,0,88800104
VectorQuantisationBenchmarks.'Lucene.NET flat scan',Rowles.LeanCorpus.Benchmarks,VectorQuantisationBenchmarks,'Lucene.NET flat scan',DefaultJob,Default,Default,Default,Default,Default,Default,Default,Default,Default,Default,Default,Default,Default,Default,Default,Default,Default,Default,Default,Default,Default,Default,Default,Default,Default,Default,Default,Default,Default,Default,Default,Default,Default,Default,Default,Default,Default,Default,Default,Default,Default,DefaultJob,Dimension=64&Quantisation=ProductQuantisation,1,Workload,Actual,6,498264654,2,249132327,42,0,0,88800104
VectorQuantisationBenchmarks.'Lucene.NET flat scan',Rowles.LeanCorpus.Benchmarks,VectorQuantisationBenchmarks,'Lucene.NET flat scan',DefaultJob,Default,Default,Default,Default,Default,Default,Default,Default,Default,Default,Default,Default,Default,Default,Default,Default,Default,Default,Default,Default,Default,Default,Default,Default,Default,Default,Default,Default,Default,Default,Default,Default,Default,Default,Default,Default,Default,Default,Default,Default,Default,DefaultJob,Dimension=64&Quantisation=ProductQuantisation,1,Workload,Actual,7,498733750,2,249366875,42,0,0,88800104
VectorQuantisationBenchmarks.'Lucene.NET flat scan',Rowles.LeanCorpus.Benchmarks,VectorQuantisationBenchmarks,'Lucene.NET flat scan',DefaultJob,Default,Default,Default,Default,Default,Default,Default,Default,Default,Default,Default,Default,Default,Default,Default,Default,Default,Default,Default,Default,Default,Default,Default,Default,Default,Default,Default,Default,Default,Default,Default,Default,Default,Default,Default,Default,Default,Default,Default,Default,Default,DefaultJob,Dimension=64&Quantisation=ProductQuantisation,1,Workload,Actual,8,496029308,2,248014654,42,0,0,88800104
VectorQuantisationBenchmarks.'Lucene.NET flat scan',Rowles.LeanCorpus.Benchmarks,VectorQuantisationBenchmarks,'Lucene.NET flat scan',DefaultJob,Default,Default,Default,Default,Default,Default,Default,Default,Default,Default,Default,Default,Default,Default,Default,Default,Default,Default,Default,Default,Default,Default,Default,Default,Default,Default,Default,Default,Default,Default,Default,Default,Default,Default,Default,Default,Default,Default,Default,Default,Default,DefaultJob,Dimension=64&Quantisation=ProductQuantisation,1,Workload,Actual,9,501431469,2,250715734.5,42,0,0,88800104
VectorQuantisationBenchmarks.'Lucene.NET flat scan',Rowles.LeanCorpus.Benchmarks,VectorQuantisationBenchmarks,'Lucene.NET flat scan',DefaultJob,Default,Default,Default,Default,Default,Default,Default,Default,Default,Default,Default,Default,Default,Default,Default,Default,Default,Default,Default,Default,Default,Default,Default,Default,Default,Default,Default,Default,Default,Default,Default,Default,Default,Default,Default,Default,Default,Default,Default,Default,Default,DefaultJob,Dimension=64&Quantisation=ProductQuantisation,1,Workload,Actual,10,494261942,2,247130971,42,0,0,88800104
VectorQuantisationBenchmarks.'Lucene.NET flat scan',Rowles.LeanCorpus.Benchmarks,VectorQuantisationBenchmarks,'Lucene.NET flat scan',DefaultJob,Default,Default,Default,Default,Default,Default,Default,Default,Default,Default,Default,Default,Default,Default,Default,Default,Default,Default,Default,Default,Default,Default,Default,Default,Default,Default,Default,Default,Default,Default,Default,Default,Default,Default,Default,Default,Default,Default,Default,Default,Default,DefaultJob,Dimension=64&Quantisation=ProductQuantisation,1,Workload,Actual,11,501651564,2,250825782,42,0,0,88800104
VectorQuantisationBenchmarks.'Lucene.NET flat scan',Rowles.LeanCorpus.Benchmarks,VectorQuantisationBenchmarks,'Lucene.NET flat scan',DefaultJob,Default,Default,Default,Default,Default,Default,Default,Default,Default,Default,Default,Default,Default,Default,Default,Default,Default,Default,Default,Default,Default,Default,Default,Default,Default,Default,Default,Default,Default,Default,Default,Default,Default,Default,Default,Default,Default,Default,Default,Default,Default,DefaultJob,Dimension=64&Quantisation=ProductQuantisation,1,Workload,Actual,12,502172110,2,251086055,42,0,0,88800104
VectorQuantisationBenchmarks.'Lucene.NET flat scan',Rowles.LeanCorpus.Benchmarks,VectorQuantisationBenchmarks,'Lucene.NET flat scan',DefaultJob,Default,Default,Default,Default,Default,Default,Default,Default,Default,Default,Default,Default,Default,Default,Default,Default,Default,Default,Default,Default,Default,Default,Default,Default,Default,Default,Default,Default,Default,Default,Default,Default,Default,Default,Default,Default,Default,Default,Default,Default,Default,DefaultJob,Dimension=64&Quantisation=ProductQuantisation,1,Workload,Actual,13,500388677,2,250194338.5,42,0,0,88800104
VectorQuantisationBenchmarks.'Lucene.NET flat scan',Rowles.LeanCorpus.Benchmarks,VectorQuantisationBenchmarks,'Lucene.NET flat scan',DefaultJob,Default,Default,Default,Default,Default,Default,Default,Default,Default,Default,Default,Default,Default,Default,Default,Default,Default,Default,Default,Default,Default,Default,Default,Default,Default,Default,Default,Default,Default,Default,Default,Default,Default,Default,Default,Default,Default,Default,Default,Default,Default,DefaultJob,Dimension=64&Quantisation=ProductQuantisation,1,Workload,Actual,14,501260942,2,250630471,42,0,0,88800104
VectorQuantisationBenchmarks.'Lucene.NET flat scan',Rowles.LeanCorpus.Benchmarks,VectorQuantisationBenchmarks,'Lucene.NET flat scan',DefaultJob,Default,Default,Default,Default,Default,Default,Default,Default,Default,Default,Default,Default,Default,Default,Default,Default,Default,Default,Default,Default,Default,Default,Default,Default,Default,Default,Default,Default,Default,Default,Default,Default,Default,Default,Default,Default,Default,Default,Default,Default,Default,DefaultJob,Dimension=64&Quantisation=ProductQuantisation,1,Workload,Actual,15,501451138,2,250725569,42,0,0,88800104
VectorQuantisationBenchmarks.'Lucene.NET flat scan',Rowles.LeanCorpus.Benchmarks,VectorQuantisationBenchmarks,'Lucene.NET flat scan',DefaultJob,Default,Default,Default,Default,Default,Default,Default,Default,Default,Default,Default,Default,Default,Default,Default,Default,Default,Default,Default,Default,Default,Default,Default,Default,Default,Default,Default,Default,Default,Default,Default,Default,Default,Default,Default,Default,Default,Default,Default,Default,Default,DefaultJob,Dimension=64&Quantisation=ProductQuantisation,1,Workload,Extra,1,502447429,2,251223714.5,42,0,0,88800104
VectorQuantisationBenchmarks.'Lucene.NET flat scan',Rowles.LeanCorpus.Benchmarks,VectorQuantisationBenchmarks,'Lucene.NET flat scan',DefaultJob,Default,Default,Default,Default,Default,Default,Default,Default,Default,Default,Default,Default,Default,Default,Default,Default,Default,Default,Default,Default,Default,Default,Default,Default,Default,Default,Default,Default,Default,Default,Default,Default,Default,Default,Default,Default,Default,Default,Default,Default,Default,DefaultJob,Dimension=64&Quantisation=ProductQuantisation,1,Workload,Result,1,501275526,2,250637763,42,0,0,88800104
VectorQuantisationBenchmarks.'Lucene.NET flat scan',Rowles.LeanCorpus.Benchmarks,VectorQuantisationBenchmarks,'Lucene.NET flat scan',DefaultJob,Default,Default,Default,Default,Default,Default,Default,Default,Default,Default,Default,Default,Default,Default,Default,Default,Default,Default,Default,Default,Default,Default,Default,Default,Default,Default,Default,Default,Default,Default,Default,Default,Default,Default,Default,Default,Default,Default,Default,Default,Default,DefaultJob,Dimension=64&Quantisation=ProductQuantisation,1,Workload,Result,2,503894382,2,251947191,42,0,0,88800104
VectorQuantisationBenchmarks.'Lucene.NET flat scan',Rowles.LeanCorpus.Benchmarks,VectorQuantisationBenchmarks,'Lucene.NET flat scan',DefaultJob,Default,Default,Default,Default,Default,Default,Default,Default,Default,Default,Default,Default,Default,Default,Default,Default,Default,Default,Default,Default,Default,Default,Default,Default,Default,Default,Default,Default,Default,Default,Default,Default,Default,Default,Default,Default,Default,Default,Default,Default,Default,DefaultJob,Dimension=64&Quantisation=ProductQuantisation,1,Workload,Result,3,499366909,2,249683454.5,42,0,0,88800104
VectorQuantisationBenchmarks.'Lucene.NET flat scan',Rowles.LeanCorpus.Benchmarks,VectorQuantisationBenchmarks,'Lucene.NET flat scan',DefaultJob,Default,Default,Default,Default,Default,Default,Default,Default,Default,Default,Default,Default,Default,Default,Default,Default,Default,Default,Default,Default,Default,Default,Default,Default,Default,Default,Default,Default,Default,Default,Default,Default,Default,Default,Default,Default,Default,Default,Default,Default,Default,DefaultJob,Dimension=64&Quantisation=ProductQuantisation,1,Workload,Result,4,499181325,2,249590662.5,42,0,0,88800104
VectorQuantisationBenchmarks.'Lucene.NET flat scan',Rowles.LeanCorpus.Benchmarks,VectorQuantisationBenchmarks,'Lucene.NET flat scan',DefaultJob,Default,Default,Default,Default,Default,Default,Default,Default,Default,Default,Default,Default,Default,Default,Default,Default,Default,Default,Default,Default,Default,Default,Default,Default,Default,Default,Default,Default,Default,Default,Default,Default,Default,Default,Default,Default,Default,Default,Default,Default,Default,DefaultJob,Dimension=64&Quantisation=ProductQuantisation,1,Workload,Result,5,498264654,2,249132327,42,0,0,88800104
VectorQuantisationBenchmarks.'Lucene.NET flat scan',Rowles.LeanCorpus.Benchmarks,VectorQuantisationBenchmarks,'Lucene.NET flat scan',DefaultJob,Default,Default,Default,Default,Default,Default,Default,Default,Default,Default,Default,Default,Default,Default,Default,Default,Default,Default,Default,Default,Default,Default,Default,Default,Default,Default,Default,Default,Default,Default,Default,Default,Default,Default,Default,Default,Default,Default,Default,Default,Default,DefaultJob,Dimension=64&Quantisation=ProductQuantisation,1,Workload,Result,6,498733750,2,249366875,42,0,0,88800104
VectorQuantisationBenchmarks.'Lucene.NET flat scan',Rowles.LeanCorpus.Benchmarks,VectorQuantisationBenchmarks,'Lucene.NET flat scan',DefaultJob,Default,Default,Default,Default,Default,Default,Default,Default,Default,Default,Default,Default,Default,Default,Default,Default,Default,Default,Default,Default,Default,Default,Default,Default,Default,Default,Default,Default,Default,Default,Default,Default,Default,Default,Default,Default,Default,Default,Default,Default,Default,DefaultJob,Dimension=64&Quantisation=ProductQuantisation,1,Workload,Result,7,496029308,2,248014654,42,0,0,88800104
VectorQuantisationBenchmarks.'Lucene.NET flat scan',Rowles.LeanCorpus.Benchmarks,VectorQuantisationBenchmarks,'Lucene.NET flat scan',DefaultJob,Default,Default,Default,Default,Default,Default,Default,Default,Default,Default,Default,Default,Default,Default,Default,Default,Default,Default,Default,Default,Default,Default,Default,Default,Default,Default,Default,Default,Default,Default,Default,Default,Default,Default,Default,Default,Default,Default,Default,Default,Default,DefaultJob,Dimension=64&Quantisation=ProductQuantisation,1,Workload,Result,8,501431469,2,250715734.5,42,0,0,88800104
VectorQuantisationBenchmarks.'Lucene.NET flat scan',Rowles.LeanCorpus.Benchmarks,VectorQuantisationBenchmarks,'Lucene.NET flat scan',DefaultJob,Default,Default,Default,Default,Default,Default,Default,Default,Default,Default,Default,Default,Default,Default,Default,Default,Default,Default,Default,Default,Default,Default,Default,Default,Default,Default,Default,Default,Default,Default,Default,Default,Default,Default,Default,Default,Default,Default,Default,Default,Default,DefaultJob,Dimension=64&Quantisation=ProductQuantisation,1,Workload,Result,9,494261942,2,247130971,42,0,0,88800104
VectorQuantisationBenchmarks.'Lucene.NET flat scan',Rowles.LeanCorpus.Benchmarks,VectorQuantisationBenchmarks,'Lucene.NET flat scan',DefaultJob,Default,Default,Default,Default,Default,Default,Default,Default,Default,Default,Default,Default,Default,Default,Default,Default,Default,Default,Default,Default,Default,Default,Default,Default,Default,Default,Default,Default,Default,Default,Default,Default,Default,Default,Default,Default,Default,Default,Default,Default,Default,DefaultJob,Dimension=64&Quantisation=ProductQuantisation,1,Workload,Result,10,501651564,2,250825782,42,0,0,88800104
VectorQuantisationBenchmarks.'Lucene.NET flat scan',Rowles.LeanCorpus.Benchmarks,VectorQuantisationBenchmarks,'Lucene.NET flat scan',DefaultJob,Default,Default,Default,Default,Default,Default,Default,Default,Default,Default,Default,Default,Default,Default,Default,Default,Default,Default,Default,Default,Default,Default,Default,Default,Default,Default,Default,Default,Default,Default,Default,Default,Default,Default,Default,Default,Default,Default,Default,Default,Default,DefaultJob,Dimension=64&Quantisation=ProductQuantisation,1,Workload,Result,11,502172110,2,251086055,42,0,0,88800104
VectorQuantisationBenchmarks.'Lucene.NET flat scan',Rowles.LeanCorpus.Benchmarks,VectorQuantisationBenchmarks,'Lucene.NET flat scan',DefaultJob,Default,Default,Default,Default,Default,Default,Default,Default,Default,Default,Default,Default,Default,Default,Default,Default,Default,Default,Default,Default,Default,Default,Default,Default,Default,Default,Default,Default,Default,Default,Default,Default,Default,Default,Default,Default,Default,Default,Default,Default,Default,DefaultJob,Dimension=64&Quantisation=ProductQuantisation,1,Workload,Result,12,500388677,2,250194338.5,42,0,0,88800104
VectorQuantisationBenchmarks.'Lucene.NET flat scan',Rowles.LeanCorpus.Benchmarks,VectorQuantisationBenchmarks,'Lucene.NET flat scan',DefaultJob,Default,Default,Default,Default,Default,Default,Default,Default,Default,Default,Default,Default,Default,Default,Default,Default,Default,Default,Default,Default,Default,Default,Default,Default,Default,Default,Default,Default,Default,Default,Default,Default,Default,Default,Default,Default,Default,Default,Default,Default,Default,DefaultJob,Dimension=64&Quantisation=ProductQuantisation,1,Workload,Result,13,501260942,2,250630471,42,0,0,88800104
VectorQuantisationBenchmarks.'Lucene.NET flat scan',Rowles.LeanCorpus.Benchmarks,VectorQuantisationBenchmarks,'Lucene.NET flat scan',DefaultJob,Default,Default,Default,Default,Default,Default,Default,Default,Default,Default,Default,Default,Default,Default,Default,Default,Default,Default,Default,Default,Default,Default,Default,Default,Default,Default,Default,Default,Default,Default,Default,Default,Default,Default,Default,Default,Default,Default,Default,Default,Default,DefaultJob,Dimension=64&Quantisation=ProductQuantisation,1,Workload,Result,14,501451138,2,250725569,42,0,0,88800104
VectorQuantisationBenchmarks.'HNSW search',Rowles.LeanCorpus.Benchmarks,VectorQuantisationBenchmarks,'HNSW search',DefaultJob,Default,Default,Default,Default,Default,Default,Default,Default,Default,Default,Default,Default,Default,Default,Default,Default,Default,Default,Default,Default,Default,Default,Default,Default,Default,Default,Default,Default,Default,Default,Default,Default,Default,Default,Default,Default,Default,Default,Default,Default,Default,DefaultJob,Dimension=64&Quantisation=RaBitQ,1,Workload,Jitting,1,22495541,1,22495541,79,0,0,10387520
VectorQuantisationBenchmarks.'HNSW search',Rowles.LeanCorpus.Benchmarks,VectorQuantisationBenchmarks,'HNSW search',DefaultJob,Default,Default,Default,Default,Default,Default,Default,Default,Default,Default,Default,Default,Default,Default,Default,Default,Default,Default,Default,Default,Default,Default,Default,Default,Default,Default,Default,Default,Default,Default,Default,Default,Default,Default,Default,Default,Default,Default,Default,Default,Default,DefaultJob,Dimension=64&Quantisation=RaBitQ,1,Workload,Jitting,2,547308368,30,18243612.27,79,0,0,10387520
VectorQuantisationBenchmarks.'HNSW search',Rowles.LeanCorpus.Benchmarks,VectorQuantisationBenchmarks,'HNSW search',DefaultJob,Default,Default,Default,Default,Default,Default,Default,Default,Default,Default,Default,Default,Default,Default,Default,Default,Default,Default,Default,Default,Default,Default,Default,Default,Default,Default,Default,Default,Default,Default,Default,Default,Default,Default,Default,Default,Default,Default,Default,Default,Default,DefaultJob,Dimension=64&Quantisation=RaBitQ,1,Workload,Jitting,3,551096408,30,18369880.27,79,0,0,10387520
VectorQuantisationBenchmarks.'HNSW search',Rowles.LeanCorpus.Benchmarks,VectorQuantisationBenchmarks,'HNSW search',DefaultJob,Default,Default,Default,Default,Default,Default,Default,Default,Default,Default,Default,Default,Default,Default,Default,Default,Default,Default,Default,Default,Default,Default,Default,Default,Default,Default,Default,Default,Default,Default,Default,Default,Default,Default,Default,Default,Default,Default,Default,Default,Default,DefaultJob,Dimension=64&Quantisation=RaBitQ,1,Workload,Jitting,4,549251135,30,18308371.17,79,0,0,10387520
VectorQuantisationBenchmarks.'HNSW search',Rowles.LeanCorpus.Benchmarks,VectorQuantisationBenchmarks,'HNSW search',DefaultJob,Default,Default,Default,Default,Default,Default,Default,Default,Default,Default,Default,Default,Default,Default,Default,Default,Default,Default,Default,Default,Default,Default,Default,Default,Default,Default,Default,Default,Default,Default,Default,Default,Default,Default,Default,Default,Default,Default,Default,Default,Default,DefaultJob,Dimension=64&Quantisation=RaBitQ,1,Workload,Jitting,5,21415645,1,21415645,79,0,0,10387520
VectorQuantisationBenchmarks.'HNSW search',Rowles.LeanCorpus.Benchmarks,VectorQuantisationBenchmarks,'HNSW search',DefaultJob,Default,Default,Default,Default,Default,Default,Default,Default,Default,Default,Default,Default,Default,Default,Default,Default,Default,Default,Default,Default,Default,Default,Default,Default,Default,Default,Default,Default,Default,Default,Default,Default,Default,Default,Default,Default,Default,Default,Default,Default,Default,DefaultJob,Dimension=64&Quantisation=RaBitQ,1,Workload,Pilot,1,21847193,1,21847193,79,0,0,10387520
VectorQuantisationBenchmarks.'HNSW search',Rowles.LeanCorpus.Benchmarks,VectorQuantisationBenchmarks,'HNSW search',DefaultJob,Default,Default,Default,Default,Default,Default,Default,Default,Default,Default,Default,Default,Default,Default,Default,Default,Default,Default,Default,Default,Default,Default,Default,Default,Default,Default,Default,Default,Default,Default,Default,Default,Default,Default,Default,Default,Default,Default,Default,Default,Default,DefaultJob,Dimension=64&Quantisation=RaBitQ,1,Workload,Pilot,1,296456367,16,18528522.94,79,0,0,10387520
VectorQuantisationBenchmarks.'HNSW search',Rowles.LeanCorpus.Benchmarks,VectorQuantisationBenchmarks,'HNSW search',DefaultJob,Default,Default,Default,Default,Default,Default,Default,Default,Default,Default,Default,Default,Default,Default,Default,Default,Default,Default,Default,Default,Default,Default,Default,Default,Default,Default,Default,Default,Default,Default,Default,Default,Default,Default,Default,Default,Default,Default,Default,Default,Default,DefaultJob,Dimension=64&Quantisation=RaBitQ,1,Workload,Pilot,2,583106784,32,18222087,79,0,0,10387520
VectorQuantisationBenchmarks.'HNSW search',Rowles.LeanCorpus.Benchmarks,VectorQuantisationBenchmarks,'HNSW search',DefaultJob,Default,Default,Default,Default,Default,Default,Default,Default,Default,Default,Default,Default,Default,Default,Default,Default,Default,Default,Default,Default,Default,Default,Default,Default,Default,Default,Default,Default,Default,Default,Default,Default,Default,Default,Default,Default,Default,Default,Default,Default,Default,DefaultJob,Dimension=64&Quantisation=RaBitQ,1,Workload,Warmup,1,578255147,32,18070473.34,79,0,0,10387520
VectorQuantisationBenchmarks.'HNSW search',Rowles.LeanCorpus.Benchmarks,VectorQuantisationBenchmarks,'HNSW search',DefaultJob,Default,Default,Default,Default,Default,Default,Default,Default,Default,Default,Default,Default,Default,Default,Default,Default,Default,Default,Default,Default,Default,Default,Default,Default,Default,Default,Default,Default,Default,Default,Default,Default,Default,Default,Default,Default,Default,Default,Default,Default,Default,DefaultJob,Dimension=64&Quantisation=RaBitQ,1,Workload,Warmup,2,577857599,32,18058049.97,79,0,0,10387520
VectorQuantisationBenchmarks.'HNSW search',Rowles.LeanCorpus.Benchmarks,VectorQuantisationBenchmarks,'HNSW search',DefaultJob,Default,Default,Default,Default,Default,Default,Default,Default,Default,Default,Default,Default,Default,Default,Default,Default,Default,Default,Default,Default,Default,Default,Default,Default,Default,Default,Default,Default,Default,Default,Default,Default,Default,Default,Default,Default,Default,Default,Default,Default,Default,DefaultJob,Dimension=64&Quantisation=RaBitQ,1,Workload,Warmup,3,581599639,32,18174988.72,79,0,0,10387520
VectorQuantisationBenchmarks.'HNSW search',Rowles.LeanCorpus.Benchmarks,VectorQuantisationBenchmarks,'HNSW search',DefaultJob,Default,Default,Default,Default,Default,Default,Default,Default,Default,Default,Default,Default,Default,Default,Default,Default,Default,Default,Default,Default,Default,Default,Default,Default,Default,Default,Default,Default,Default,Default,Default,Default,Default,Default,Default,Default,Default,Default,Default,Default,Default,DefaultJob,Dimension=64&Quantisation=RaBitQ,1,Workload,Warmup,4,584310778,32,18259711.81,79,0,0,10387520
VectorQuantisationBenchmarks.'HNSW search',Rowles.LeanCorpus.Benchmarks,VectorQuantisationBenchmarks,'HNSW search',DefaultJob,Default,Default,Default,Default,Default,Default,Default,Default,Default,Default,Default,Default,Default,Default,Default,Default,Default,Default,Default,Default,Default,Default,Default,Default,Default,Default,Default,Default,Default,Default,Default,Default,Default,Default,Default,Default,Default,Default,Default,Default,Default,DefaultJob,Dimension=64&Quantisation=RaBitQ,1,Workload,Warmup,5,578617922,32,18081810.06,79,0,0,10387520
VectorQuantisationBenchmarks.'HNSW search',Rowles.LeanCorpus.Benchmarks,VectorQuantisationBenchmarks,'HNSW search',DefaultJob,Default,Default,Default,Default,Default,Default,Default,Default,Default,Default,Default,Default,Default,Default,Default,Default,Default,Default,Default,Default,Default,Default,Default,Default,Default,Default,Default,Default,Default,Default,Default,Default,Default,Default,Default,Default,Default,Default,Default,Default,Default,DefaultJob,Dimension=64&Quantisation=RaBitQ,1,Workload,Warmup,6,575708303,32,17990884.47,79,0,0,10387520
VectorQuantisationBenchmarks.'HNSW search',Rowles.LeanCorpus.Benchmarks,VectorQuantisationBenchmarks,'HNSW search',DefaultJob,Default,Default,Default,Default,Default,Default,Default,Default,Default,Default,Default,Default,Default,Default,Default,Default,Default,Default,Default,Default,Default,Default,Default,Default,Default,Default,Default,Default,Default,Default,Default,Default,Default,Default,Default,Default,Default,Default,Default,Default,Default,DefaultJob,Dimension=64&Quantisation=RaBitQ,1,Workload,Warmup,7,578352186,32,18073505.81,79,0,0,10387520
VectorQuantisationBenchmarks.'HNSW search',Rowles.LeanCorpus.Benchmarks,VectorQuantisationBenchmarks,'HNSW search',DefaultJob,Default,Default,Default,Default,Default,Default,Default,Default,Default,Default,Default,Default,Default,Default,Default,Default,Default,Default,Default,Default,Default,Default,Default,Default,Default,Default,Default,Default,Default,Default,Default,Default,Default,Default,Default,Default,Default,Default,Default,Default,Default,DefaultJob,Dimension=64&Quantisation=RaBitQ,1,Workload,Warmup,8,575298309,32,17978072.16,79,0,0,10387520
VectorQuantisationBenchmarks.'HNSW search',Rowles.LeanCorpus.Benchmarks,VectorQuantisationBenchmarks,'HNSW search',DefaultJob,Default,Default,Default,Default,Default,Default,Default,Default,Default,Default,Default,Default,Default,Default,Default,Default,Default,Default,Default,Default,Default,Default,Default,Default,Default,Default,Default,Default,Default,Default,Default,Default,Default,Default,Default,Default,Default,Default,Default,Default,Default,DefaultJob,Dimension=64&Quantisation=RaBitQ,1,Workload,Actual,1,577528681,32,18047771.28,79,0,0,10387520
VectorQuantisationBenchmarks.'HNSW search',Rowles.LeanCorpus.Benchmarks,VectorQuantisationBenchmarks,'HNSW search',DefaultJob,Default,Default,Default,Default,Default,Default,Default,Default,Default,Default,Default,Default,Default,Default,Default,Default,Default,Default,Default,Default,Default,Default,Default,Default,Default,Default,Default,Default,Default,Default,Default,Default,Default,Default,Default,Default,Default,Default,Default,Default,Default,DefaultJob,Dimension=64&Quantisation=RaBitQ,1,Workload,Actual,2,585013153,32,18281661.03,79,0,0,10387520
VectorQuantisationBenchmarks.'HNSW search',Rowles.LeanCorpus.Benchmarks,VectorQuantisationBenchmarks,'HNSW search',DefaultJob,Default,Default,Default,Default,Default,Default,Default,Default,Default,Default,Default,Default,Default,Default,Default,Default,Default,Default,Default,Default,Default,Default,Default,Default,Default,Default,Default,Default,Default,Default,Default,Default,Default,Default,Default,Default,Default,Default,Default,Default,Default,DefaultJob,Dimension=64&Quantisation=RaBitQ,1,Workload,Actual,3,586342575,32,18323205.47,79,0,0,10387520
VectorQuantisationBenchmarks.'HNSW search',Rowles.LeanCorpus.Benchmarks,VectorQuantisationBenchmarks,'HNSW search',DefaultJob,Default,Default,Default,Default,Default,Default,Default,Default,Default,Default,Default,Default,Default,Default,Default,Default,Default,Default,Default,Default,Default,Default,Default,Default,Default,Default,Default,Default,Default,Default,Default,Default,Default,Default,Default,Default,Default,Default,Default,Default,Default,DefaultJob,Dimension=64&Quantisation=RaBitQ,1,Workload,Actual,4,584735251,32,18272976.59,79,0,0,10387520
VectorQuantisationBenchmarks.'HNSW search',Rowles.LeanCorpus.Benchmarks,VectorQuantisationBenchmarks,'HNSW search',DefaultJob,Default,Default,Default,Default,Default,Default,Default,Default,Default,Default,Default,Default,Default,Default,Default,Default,Default,Default,Default,Default,Default,Default,Default,Default,Default,Default,Default,Default,Default,Default,Default,Default,Default,Default,Default,Default,Default,Default,Default,Default,Default,DefaultJob,Dimension=64&Quantisation=RaBitQ,1,Workload,Actual,5,580260730,32,18133147.81,79,0,0,10387520
VectorQuantisationBenchmarks.'HNSW search',Rowles.LeanCorpus.Benchmarks,VectorQuantisationBenchmarks,'HNSW search',DefaultJob,Default,Default,Default,Default,Default,Default,Default,Default,Default,Default,Default,Default,Default,Default,Default,Default,Default,Default,Default,Default,Default,Default,Default,Default,Default,Default,Default,Default,Default,Default,Default,Default,Default,Default,Default,Default,Default,Default,Default,Default,Default,DefaultJob,Dimension=64&Quantisation=RaBitQ,1,Workload,Actual,6,580623876,32,18144496.13,79,0,0,10387520
VectorQuantisationBenchmarks.'HNSW search',Rowles.LeanCorpus.Benchmarks,VectorQuantisationBenchmarks,'HNSW search',DefaultJob,Default,Default,Default,Default,Default,Default,Default,Default,Default,Default,Default,Default,Default,Default,Default,Default,Default,Default,Default,Default,Default,Default,Default,Default,Default,Default,Default,Default,Default,Default,Default,Default,Default,Default,Default,Default,Default,Default,Default,Default,Default,DefaultJob,Dimension=64&Quantisation=RaBitQ,1,Workload,Actual,7,583484426,32,18233888.31,79,0,0,10387520
VectorQuantisationBenchmarks.'HNSW search',Rowles.LeanCorpus.Benchmarks,VectorQuantisationBenchmarks,'HNSW search',DefaultJob,Default,Default,Default,Default,Default,Default,Default,Default,Default,Default,Default,Default,Default,Default,Default,Default,Default,Default,Default,Default,Default,Default,Default,Default,Default,Default,Default,Default,Default,Default,Default,Default,Default,Default,Default,Default,Default,Default,Default,Default,Default,DefaultJob,Dimension=64&Quantisation=RaBitQ,1,Workload,Actual,8,584886933,32,18277716.66,79,0,0,10387520
VectorQuantisationBenchmarks.'HNSW search',Rowles.LeanCorpus.Benchmarks,VectorQuantisationBenchmarks,'HNSW search',DefaultJob,Default,Default,Default,Default,Default,Default,Default,Default,Default,Default,Default,Default,Default,Default,Default,Default,Default,Default,Default,Default,Default,Default,Default,Default,Default,Default,Default,Default,Default,Default,Default,Default,Default,Default,Default,Default,Default,Default,Default,Default,Default,DefaultJob,Dimension=64&Quantisation=RaBitQ,1,Workload,Actual,9,584263979,32,18258249.34,79,0,0,10387520
VectorQuantisationBenchmarks.'HNSW search',Rowles.LeanCorpus.Benchmarks,VectorQuantisationBenchmarks,'HNSW search',DefaultJob,Default,Default,Default,Default,Default,Default,Default,Default,Default,Default,Default,Default,Default,Default,Default,Default,Default,Default,Default,Default,Default,Default,Default,Default,Default,Default,Default,Default,Default,Default,Default,Default,Default,Default,Default,Default,Default,Default,Default,Default,Default,DefaultJob,Dimension=64&Quantisation=RaBitQ,1,Workload,Actual,10,586644828,32,18332650.88,79,0,0,10387520
VectorQuantisationBenchmarks.'HNSW search',Rowles.LeanCorpus.Benchmarks,VectorQuantisationBenchmarks,'HNSW search',DefaultJob,Default,Default,Default,Default,Default,Default,Default,Default,Default,Default,Default,Default,Default,Default,Default,Default,Default,Default,Default,Default,Default,Default,Default,Default,Default,Default,Default,Default,Default,Default,Default,Default,Default,Default,Default,Default,Default,Default,Default,Default,Default,DefaultJob,Dimension=64&Quantisation=RaBitQ,1,Workload,Actual,11,582899464,32,18215608.25,79,0,0,10387520
VectorQuantisationBenchmarks.'HNSW search',Rowles.LeanCorpus.Benchmarks,VectorQuantisationBenchmarks,'HNSW search',DefaultJob,Default,Default,Default,Default,Default,Default,Default,Default,Default,Default,Default,Default,Default,Default,Default,Default,Default,Default,Default,Default,Default,Default,Default,Default,Default,Default,Default,Default,Default,Default,Default,Default,Default,Default,Default,Default,Default,Default,Default,Default,Default,DefaultJob,Dimension=64&Quantisation=RaBitQ,1,Workload,Actual,12,587368677,32,18355271.16,79,0,0,10387520
VectorQuantisationBenchmarks.'HNSW search',Rowles.LeanCorpus.Benchmarks,VectorQuantisationBenchmarks,'HNSW search',DefaultJob,Default,Default,Default,Default,Default,Default,Default,Default,Default,Default,Default,Default,Default,Default,Default,Default,Default,Default,Default,Default,Default,Default,Default,Default,Default,Default,Default,Default,Default,Default,Default,Default,Default,Default,Default,Default,Default,Default,Default,Default,Default,DefaultJob,Dimension=64&Quantisation=RaBitQ,1,Workload,Actual,13,586087626,32,18315238.31,79,0,0,10387520
VectorQuantisationBenchmarks.'HNSW search',Rowles.LeanCorpus.Benchmarks,VectorQuantisationBenchmarks,'HNSW search',DefaultJob,Default,Default,Default,Default,Default,Default,Default,Default,Default,Default,Default,Default,Default,Default,Default,Default,Default,Default,Default,Default,Default,Default,Default,Default,Default,Default,Default,Default,Default,Default,Default,Default,Default,Default,Default,Default,Default,Default,Default,Default,Default,DefaultJob,Dimension=64&Quantisation=RaBitQ,1,Workload,Actual,14,579061894,32,18095684.19,79,0,0,10387520
VectorQuantisationBenchmarks.'HNSW search',Rowles.LeanCorpus.Benchmarks,VectorQuantisationBenchmarks,'HNSW search',DefaultJob,Default,Default,Default,Default,Default,Default,Default,Default,Default,Default,Default,Default,Default,Default,Default,Default,Default,Default,Default,Default,Default,Default,Default,Default,Default,Default,Default,Default,Default,Default,Default,Default,Default,Default,Default,Default,Default,Default,Default,Default,Default,DefaultJob,Dimension=64&Quantisation=RaBitQ,1,Workload,Actual,15,583383295,32,18230727.97,79,0,0,10387520
VectorQuantisationBenchmarks.'HNSW search',Rowles.LeanCorpus.Benchmarks,VectorQuantisationBenchmarks,'HNSW search',DefaultJob,Default,Default,Default,Default,Default,Default,Default,Default,Default,Default,Default,Default,Default,Default,Default,Default,Default,Default,Default,Default,Default,Default,Default,Default,Default,Default,Default,Default,Default,Default,Default,Default,Default,Default,Default,Default,Default,Default,Default,Default,Default,DefaultJob,Dimension=64&Quantisation=RaBitQ,1,Workload,Extra,1,588193316,32,18381041.13,79,0,0,10387520
VectorQuantisationBenchmarks.'HNSW search',Rowles.LeanCorpus.Benchmarks,VectorQuantisationBenchmarks,'HNSW search',DefaultJob,Default,Default,Default,Default,Default,Default,Default,Default,Default,Default,Default,Default,Default,Default,Default,Default,Default,Default,Default,Default,Default,Default,Default,Default,Default,Default,Default,Default,Default,Default,Default,Default,Default,Default,Default,Default,Default,Default,Default,Default,Default,DefaultJob,Dimension=64&Quantisation=RaBitQ,1,Workload,Result,1,577528681,32,18047771.28,79,0,0,10387520
VectorQuantisationBenchmarks.'HNSW search',Rowles.LeanCorpus.Benchmarks,VectorQuantisationBenchmarks,'HNSW search',DefaultJob,Default,Default,Default,Default,Default,Default,Default,Default,Default,Default,Default,Default,Default,Default,Default,Default,Default,Default,Default,Default,Default,Default,Default,Default,Default,Default,Default,Default,Default,Default,Default,Default,Default,Default,Default,Default,Default,Default,Default,Default,Default,DefaultJob,Dimension=64&Quantisation=RaBitQ,1,Workload,Result,2,585013153,32,18281661.03,79,0,0,10387520
VectorQuantisationBenchmarks.'HNSW search',Rowles.LeanCorpus.Benchmarks,VectorQuantisationBenchmarks,'HNSW search',DefaultJob,Default,Default,Default,Default,Default,Default,Default,Default,Default,Default,Default,Default,Default,Default,Default,Default,Default,Default,Default,Default,Default,Default,Default,Default,Default,Default,Default,Default,Default,Default,Default,Default,Default,Default,Default,Default,Default,Default,Default,Default,Default,DefaultJob,Dimension=64&Quantisation=RaBitQ,1,Workload,Result,3,586342575,32,18323205.47,79,0,0,10387520
VectorQuantisationBenchmarks.'HNSW search',Rowles.LeanCorpus.Benchmarks,VectorQuantisationBenchmarks,'HNSW search',DefaultJob,Default,Default,Default,Default,Default,Default,Default,Default,Default,Default,Default,Default,Default,Default,Default,Default,Default,Default,Default,Default,Default,Default,Default,Default,Default,Default,Default,Default,Default,Default,Default,Default,Default,Default,Default,Default,Default,Default,Default,Default,Default,DefaultJob,Dimension=64&Quantisation=RaBitQ,1,Workload,Result,4,584735251,32,18272976.59,79,0,0,10387520
VectorQuantisationBenchmarks.'HNSW search',Rowles.LeanCorpus.Benchmarks,VectorQuantisationBenchmarks,'HNSW search',DefaultJob,Default,Default,Default,Default,Default,Default,Default,Default,Default,Default,Default,Default,Default,Default,Default,Default,Default,Default,Default,Default,Default,Default,Default,Default,Default,Default,Default,Default,Default,Default,Default,Default,Default,Default,Default,Default,Default,Default,Default,Default,Default,DefaultJob,Dimension=64&Quantisation=RaBitQ,1,Workload,Result,5,580260730,32,18133147.81,79,0,0,10387520
VectorQuantisationBenchmarks.'HNSW search',Rowles.LeanCorpus.Benchmarks,VectorQuantisationBenchmarks,'HNSW search',DefaultJob,Default,Default,Default,Default,Default,Default,Default,Default,Default,Default,Default,Default,Default,Default,Default,Default,Default,Default,Default,Default,Default,Default,Default,Default,Default,Default,Default,Default,Default,Default,Default,Default,Default,Default,Default,Default,Default,Default,Default,Default,Default,DefaultJob,Dimension=64&Quantisation=RaBitQ,1,Workload,Result,6,580623876,32,18144496.13,79,0,0,10387520
VectorQuantisationBenchmarks.'HNSW search',Rowles.LeanCorpus.Benchmarks,VectorQuantisationBenchmarks,'HNSW search',DefaultJob,Default,Default,Default,Default,Default,Default,Default,Default,Default,Default,Default,Default,Default,Default,Default,Default,Default,Default,Default,Default,Default,Default,Default,Default,Default,Default,Default,Default,Default,Default,Default,Default,Default,Default,Default,Default,Default,Default,Default,Default,Default,DefaultJob,Dimension=64&Quantisation=RaBitQ,1,Workload,Result,7,583484426,32,18233888.31,79,0,0,10387520
VectorQuantisationBenchmarks.'HNSW search',Rowles.LeanCorpus.Benchmarks,VectorQuantisationBenchmarks,'HNSW search',DefaultJob,Default,Default,Default,Default,Default,Default,Default,Default,Default,Default,Default,Default,Default,Default,Default,Default,Default,Default,Default,Default,Default,Default,Default,Default,Default,Default,Default,Default,Default,Default,Default,Default,Default,Default,Default,Default,Default,Default,Default,Default,Default,DefaultJob,Dimension=64&Quantisation=RaBitQ,1,Workload,Result,8,584886933,32,18277716.66,79,0,0,10387520
VectorQuantisationBenchmarks.'HNSW search',Rowles.LeanCorpus.Benchmarks,VectorQuantisationBenchmarks,'HNSW search',DefaultJob,Default,Default,Default,Default,Default,Default,Default,Default,Default,Default,Default,Default,Default,Default,Default,Default,Default,Default,Default,Default,Default,Default,Default,Default,Default,Default,Default,Default,Default,Default,Default,Default,Default,Default,Default,Default,Default,Default,Default,Default,Default,DefaultJob,Dimension=64&Quantisation=RaBitQ,1,Workload,Result,9,584263979,32,18258249.34,79,0,0,10387520
VectorQuantisationBenchmarks.'HNSW search',Rowles.LeanCorpus.Benchmarks,VectorQuantisationBenchmarks,'HNSW search',DefaultJob,Default,Default,Default,Default,Default,Default,Default,Default,Default,Default,Default,Default,Default,Default,Default,Default,Default,Default,Default,Default,Default,Default,Default,Default,Default,Default,Default,Default,Default,Default,Default,Default,Default,Default,Default,Default,Default,Default,Default,Default,Default,DefaultJob,Dimension=64&Quantisation=RaBitQ,1,Workload,Result,10,586644828,32,18332650.88,79,0,0,10387520
VectorQuantisationBenchmarks.'HNSW search',Rowles.LeanCorpus.Benchmarks,VectorQuantisationBenchmarks,'HNSW search',DefaultJob,Default,Default,Default,Default,Default,Default,Default,Default,Default,Default,Default,Default,Default,Default,Default,Default,Default,Default,Default,Default,Default,Default,Default,Default,Default,Default,Default,Default,Default,Default,Default,Default,Default,Default,Default,Default,Default,Default,Default,Default,Default,DefaultJob,Dimension=64&Quantisation=RaBitQ,1,Workload,Result,11,582899464,32,18215608.25,79,0,0,10387520
VectorQuantisationBenchmarks.'HNSW search',Rowles.LeanCorpus.Benchmarks,VectorQuantisationBenchmarks,'HNSW search',DefaultJob,Default,Default,Default,Default,Default,Default,Default,Default,Default,Default,Default,Default,Default,Default,Default,Default,Default,Default,Default,Default,Default,Default,Default,Default,Default,Default,Default,Default,Default,Default,Default,Default,Default,Default,Default,Default,Default,Default,Default,Default,Default,DefaultJob,Dimension=64&Quantisation=RaBitQ,1,Workload,Result,12,587368677,32,18355271.16,79,0,0,10387520
VectorQuantisationBenchmarks.'HNSW search',Rowles.LeanCorpus.Benchmarks,VectorQuantisationBenchmarks,'HNSW search',DefaultJob,Default,Default,Default,Default,Default,Default,Default,Default,Default,Default,Default,Default,Default,Default,Default,Default,Default,Default,Default,Default,Default,Default,Default,Default,Default,Default,Default,Default,Default,Default,Default,Default,Default,Default,Default,Default,Default,Default,Default,Default,Default,DefaultJob,Dimension=64&Quantisation=RaBitQ,1,Workload,Result,13,586087626,32,18315238.31,79,0,0,10387520
VectorQuantisationBenchmarks.'HNSW search',Rowles.LeanCorpus.Benchmarks,VectorQuantisationBenchmarks,'HNSW search',DefaultJob,Default,Default,Default,Default,Default,Default,Default,Default,Default,Default,Default,Default,Default,Default,Default,Default,Default,Default,Default,Default,Default,Default,Default,Default,Default,Default,Default,Default,Default,Default,Default,Default,Default,Default,Default,Default,Default,Default,Default,Default,Default,DefaultJob,Dimension=64&Quantisation=RaBitQ,1,Workload,Result,14,579061894,32,18095684.19,79,0,0,10387520
VectorQuantisationBenchmarks.'HNSW search',Rowles.LeanCorpus.Benchmarks,VectorQuantisationBenchmarks,'HNSW search',DefaultJob,Default,Default,Default,Default,Default,Default,Default,Default,Default,Default,Default,Default,Default,Default,Default,Default,Default,Default,Default,Default,Default,Default,Default,Default,Default,Default,Default,Default,Default,Default,Default,Default,Default,Default,Default,Default,Default,Default,Default,Default,Default,DefaultJob,Dimension=64&Quantisation=RaBitQ,1,Workload,Result,15,583383295,32,18230727.97,79,0,0,10387520
VectorQuantisationBenchmarks.'Lucene.NET flat scan',Rowles.LeanCorpus.Benchmarks,VectorQuantisationBenchmarks,'Lucene.NET flat scan',DefaultJob,Default,Default,Default,Default,Default,Default,Default,Default,Default,Default,Default,Default,Default,Default,Default,Default,Default,Default,Default,Default,Default,Default,Default,Default,Default,Default,Default,Default,Default,Default,Default,Default,Default,Default,Default,Default,Default,Default,Default,Default,Default,DefaultJob,Dimension=64&Quantisation=RaBitQ,1,Workload,Jitting,1,319570636,1,319570636,42,0,0,88800104
VectorQuantisationBenchmarks.'Lucene.NET flat scan',Rowles.LeanCorpus.Benchmarks,VectorQuantisationBenchmarks,'Lucene.NET flat scan',DefaultJob,Default,Default,Default,Default,Default,Default,Default,Default,Default,Default,Default,Default,Default,Default,Default,Default,Default,Default,Default,Default,Default,Default,Default,Default,Default,Default,Default,Default,Default,Default,Default,Default,Default,Default,Default,Default,Default,Default,Default,Default,Default,DefaultJob,Dimension=64&Quantisation=RaBitQ,1,Workload,Jitting,2,7724017365,30,257467245.5,42,0,0,88800104
VectorQuantisationBenchmarks.'Lucene.NET flat scan',Rowles.LeanCorpus.Benchmarks,VectorQuantisationBenchmarks,'Lucene.NET flat scan',DefaultJob,Default,Default,Default,Default,Default,Default,Default,Default,Default,Default,Default,Default,Default,Default,Default,Default,Default,Default,Default,Default,Default,Default,Default,Default,Default,Default,Default,Default,Default,Default,Default,Default,Default,Default,Default,Default,Default,Default,Default,Default,Default,DefaultJob,Dimension=64&Quantisation=RaBitQ,1,Workload,Jitting,3,1794998743,7,256428391.86,42,0,0,88800104
VectorQuantisationBenchmarks.'Lucene.NET flat scan',Rowles.LeanCorpus.Benchmarks,VectorQuantisationBenchmarks,'Lucene.NET flat scan',DefaultJob,Default,Default,Default,Default,Default,Default,Default,Default,Default,Default,Default,Default,Default,Default,Default,Default,Default,Default,Default,Default,Default,Default,Default,Default,Default,Default,Default,Default,Default,Default,Default,Default,Default,Default,Default,Default,Default,Default,Default,Default,Default,DefaultJob,Dimension=64&Quantisation=RaBitQ,1,Workload,Jitting,4,257575442,1,257575442,42,0,0,88800104
VectorQuantisationBenchmarks.'Lucene.NET flat scan',Rowles.LeanCorpus.Benchmarks,VectorQuantisationBenchmarks,'Lucene.NET flat scan',DefaultJob,Default,Default,Default,Default,Default,Default,Default,Default,Default,Default,Default,Default,Default,Default,Default,Default,Default,Default,Default,Default,Default,Default,Default,Default,Default,Default,Default,Default,Default,Default,Default,Default,Default,Default,Default,Default,Default,Default,Default,Default,Default,DefaultJob,Dimension=64&Quantisation=RaBitQ,1,Workload,Pilot,1,509910795,2,254955397.5,42,0,0,88800104
VectorQuantisationBenchmarks.'Lucene.NET flat scan',Rowles.LeanCorpus.Benchmarks,VectorQuantisationBenchmarks,'Lucene.NET flat scan',DefaultJob,Default,Default,Default,Default,Default,Default,Default,Default,Default,Default,Default,Default,Default,Default,Default,Default,Default,Default,Default,Default,Default,Default,Default,Default,Default,Default,Default,Default,Default,Default,Default,Default,Default,Default,Default,Default,Default,Default,Default,Default,Default,DefaultJob,Dimension=64&Quantisation=RaBitQ,1,Workload,Warmup,1,504594724,2,252297362,42,0,0,88800104
VectorQuantisationBenchmarks.'Lucene.NET flat scan',Rowles.LeanCorpus.Benchmarks,VectorQuantisationBenchmarks,'Lucene.NET flat scan',DefaultJob,Default,Default,Default,Default,Default,Default,Default,Default,Default,Default,Default,Default,Default,Default,Default,Default,Default,Default,Default,Default,Default,Default,Default,Default,Default,Default,Default,Default,Default,Default,Default,Default,Default,Default,Default,Default,Default,Default,Default,Default,Default,DefaultJob,Dimension=64&Quantisation=RaBitQ,1,Workload,Warmup,2,504083589,2,252041794.5,42,0,0,88800104
VectorQuantisationBenchmarks.'Lucene.NET flat scan',Rowles.LeanCorpus.Benchmarks,VectorQuantisationBenchmarks,'Lucene.NET flat scan',DefaultJob,Default,Default,Default,Default,Default,Default,Default,Default,Default,Default,Default,Default,Default,Default,Default,Default,Default,Default,Default,Default,Default,Default,Default,Default,Default,Default,Default,Default,Default,Default,Default,Default,Default,Default,Default,Default,Default,Default,Default,Default,Default,DefaultJob,Dimension=64&Quantisation=RaBitQ,1,Workload,Warmup,3,510239582,2,255119791,42,0,0,88800104
VectorQuantisationBenchmarks.'Lucene.NET flat scan',Rowles.LeanCorpus.Benchmarks,VectorQuantisationBenchmarks,'Lucene.NET flat scan',DefaultJob,Default,Default,Default,Default,Default,Default,Default,Default,Default,Default,Default,Default,Default,Default,Default,Default,Default,Default,Default,Default,Default,Default,Default,Default,Default,Default,Default,Default,Default,Default,Default,Default,Default,Default,Default,Default,Default,Default,Default,Default,Default,DefaultJob,Dimension=64&Quantisation=RaBitQ,1,Workload,Warmup,4,510232392,2,255116196,42,0,0,88800104
VectorQuantisationBenchmarks.'Lucene.NET flat scan',Rowles.LeanCorpus.Benchmarks,VectorQuantisationBenchmarks,'Lucene.NET flat scan',DefaultJob,Default,Default,Default,Default,Default,Default,Default,Default,Default,Default,Default,Default,Default,Default,Default,Default,Default,Default,Default,Default,Default,Default,Default,Default,Default,Default,Default,Default,Default,Default,Default,Default,Default,Default,Default,Default,Default,Default,Default,Default,Default,DefaultJob,Dimension=64&Quantisation=RaBitQ,1,Workload,Warmup,5,506989682,2,253494841,42,0,0,88800104
VectorQuantisationBenchmarks.'Lucene.NET flat scan',Rowles.LeanCorpus.Benchmarks,VectorQuantisationBenchmarks,'Lucene.NET flat scan',DefaultJob,Default,Default,Default,Default,Default,Default,Default,Default,Default,Default,Default,Default,Default,Default,Default,Default,Default,Default,Default,Default,Default,Default,Default,Default,Default,Default,Default,Default,Default,Default,Default,Default,Default,Default,Default,Default,Default,Default,Default,Default,Default,DefaultJob,Dimension=64&Quantisation=RaBitQ,1,Workload,Warmup,6,512058562,2,256029281,42,0,0,88800104
VectorQuantisationBenchmarks.'Lucene.NET flat scan',Rowles.LeanCorpus.Benchmarks,VectorQuantisationBenchmarks,'Lucene.NET flat scan',DefaultJob,Default,Default,Default,Default,Default,Default,Default,Default,Default,Default,Default,Default,Default,Default,Default,Default,Default,Default,Default,Default,Default,Default,Default,Default,Default,Default,Default,Default,Default,Default,Default,Default,Default,Default,Default,Default,Default,Default,Default,Default,Default,DefaultJob,Dimension=64&Quantisation=RaBitQ,1,Workload,Warmup,7,509461163,2,254730581.5,42,0,0,88800104
VectorQuantisationBenchmarks.'Lucene.NET flat scan',Rowles.LeanCorpus.Benchmarks,VectorQuantisationBenchmarks,'Lucene.NET flat scan',DefaultJob,Default,Default,Default,Default,Default,Default,Default,Default,Default,Default,Default,Default,Default,Default,Default,Default,Default,Default,Default,Default,Default,Default,Default,Default,Default,Default,Default,Default,Default,Default,Default,Default,Default,Default,Default,Default,Default,Default,Default,Default,Default,DefaultJob,Dimension=64&Quantisation=RaBitQ,1,Workload,Actual,1,511741038,2,255870519,42,0,0,88800104
VectorQuantisationBenchmarks.'Lucene.NET flat scan',Rowles.LeanCorpus.Benchmarks,VectorQuantisationBenchmarks,'Lucene.NET flat scan',DefaultJob,Default,Default,Default,Default,Default,Default,Default,Default,Default,Default,Default,Default,Default,Default,Default,Default,Default,Default,Default,Default,Default,Default,Default,Default,Default,Default,Default,Default,Default,Default,Default,Default,Default,Default,Default,Default,Default,Default,Default,Default,Default,DefaultJob,Dimension=64&Quantisation=RaBitQ,1,Workload,Actual,2,509331411,2,254665705.5,42,0,0,88800104
VectorQuantisationBenchmarks.'Lucene.NET flat scan',Rowles.LeanCorpus.Benchmarks,VectorQuantisationBenchmarks,'Lucene.NET flat scan',DefaultJob,Default,Default,Default,Default,Default,Default,Default,Default,Default,Default,Default,Default,Default,Default,Default,Default,Default,Default,Default,Default,Default,Default,Default,Default,Default,Default,Default,Default,Default,Default,Default,Default,Default,Default,Default,Default,Default,Default,Default,Default,Default,DefaultJob,Dimension=64&Quantisation=RaBitQ,1,Workload,Actual,3,514493672,2,257246836,42,0,0,88800104
VectorQuantisationBenchmarks.'Lucene.NET flat scan',Rowles.LeanCorpus.Benchmarks,VectorQuantisationBenchmarks,'Lucene.NET flat scan',DefaultJob,Default,Default,Default,Default,Default,Default,Default,Default,Default,Default,Default,Default,Default,Default,Default,Default,Default,Default,Default,Default,Default,Default,Default,Default,Default,Default,Default,Default,Default,Default,Default,Default,Default,Default,Default,Default,Default,Default,Default,Default,Default,DefaultJob,Dimension=64&Quantisation=RaBitQ,1,Workload,Actual,4,511835816,2,255917908,42,0,0,88800104
VectorQuantisationBenchmarks.'Lucene.NET flat scan',Rowles.LeanCorpus.Benchmarks,VectorQuantisationBenchmarks,'Lucene.NET flat scan',DefaultJob,Default,Default,Default,Default,Default,Default,Default,Default,Default,Default,Default,Default,Default,Default,Default,Default,Default,Default,Default,Default,Default,Default,Default,Default,Default,Default,Default,Default,Default,Default,Default,Default,Default,Default,Default,Default,Default,Default,Default,Default,Default,DefaultJob,Dimension=64&Quantisation=RaBitQ,1,Workload,Actual,5,511062869,2,255531434.5,42,0,0,88800104
VectorQuantisationBenchmarks.'Lucene.NET flat scan',Rowles.LeanCorpus.Benchmarks,VectorQuantisationBenchmarks,'Lucene.NET flat scan',DefaultJob,Default,Default,Default,Default,Default,Default,Default,Default,Default,Default,Default,Default,Default,Default,Default,Default,Default,Default,Default,Default,Default,Default,Default,Default,Default,Default,Default,Default,Default,Default,Default,Default,Default,Default,Default,Default,Default,Default,Default,Default,Default,DefaultJob,Dimension=64&Quantisation=RaBitQ,1,Workload,Actual,6,504802328,2,252401164,42,0,0,88800104
VectorQuantisationBenchmarks.'Lucene.NET flat scan',Rowles.LeanCorpus.Benchmarks,VectorQuantisationBenchmarks,'Lucene.NET flat scan',DefaultJob,Default,Default,Default,Default,Default,Default,Default,Default,Default,Default,Default,Default,Default,Default,Default,Default,Default,Default,Default,Default,Default,Default,Default,Default,Default,Default,Default,Default,Default,Default,Default,Default,Default,Default,Default,Default,Default,Default,Default,Default,Default,DefaultJob,Dimension=64&Quantisation=RaBitQ,1,Workload,Actual,7,510364723,2,255182361.5,42,0,0,88800104
VectorQuantisationBenchmarks.'Lucene.NET flat scan',Rowles.LeanCorpus.Benchmarks,VectorQuantisationBenchmarks,'Lucene.NET flat scan',DefaultJob,Default,Default,Default,Default,Default,Default,Default,Default,Default,Default,Default,Default,Default,Default,Default,Default,Default,Default,Default,Default,Default,Default,Default,Default,Default,Default,Default,Default,Default,Default,Default,Default,Default,Default,Default,Default,Default,Default,Default,Default,Default,DefaultJob,Dimension=64&Quantisation=RaBitQ,1,Workload,Actual,8,509094436,2,254547218,42,0,0,88800104
VectorQuantisationBenchmarks.'Lucene.NET flat scan',Rowles.LeanCorpus.Benchmarks,VectorQuantisationBenchmarks,'Lucene.NET flat scan',DefaultJob,Default,Default,Default,Default,Default,Default,Default,Default,Default,Default,Default,Default,Default,Default,Default,Default,Default,Default,Default,Default,Default,Default,Default,Default,Default,Default,Default,Default,Default,Default,Default,Default,Default,Default,Default,Default,Default,Default,Default,Default,Default,DefaultJob,Dimension=64&Quantisation=RaBitQ,1,Workload,Actual,9,512562989,2,256281494.5,42,0,0,88800104
VectorQuantisationBenchmarks.'Lucene.NET flat scan',Rowles.LeanCorpus.Benchmarks,VectorQuantisationBenchmarks,'Lucene.NET flat scan',DefaultJob,Default,Default,Default,Default,Default,Default,Default,Default,Default,Default,Default,Default,Default,Default,Default,Default,Default,Default,Default,Default,Default,Default,Default,Default,Default,Default,Default,Default,Default,Default,Default,Default,Default,Default,Default,Default,Default,Default,Default,Default,Default,DefaultJob,Dimension=64&Quantisation=RaBitQ,1,Workload,Actual,10,513335110,2,256667555,42,0,0,88800104
VectorQuantisationBenchmarks.'Lucene.NET flat scan',Rowles.LeanCorpus.Benchmarks,VectorQuantisationBenchmarks,'Lucene.NET flat scan',DefaultJob,Default,Default,Default,Default,Default,Default,Default,Default,Default,Default,Default,Default,Default,Default,Default,Default,Default,Default,Default,Default,Default,Default,Default,Default,Default,Default,Default,Default,Default,Default,Default,Default,Default,Default,Default,Default,Default,Default,Default,Default,Default,DefaultJob,Dimension=64&Quantisation=RaBitQ,1,Workload,Actual,11,512988235,2,256494117.5,42,0,0,88800104
VectorQuantisationBenchmarks.'Lucene.NET flat scan',Rowles.LeanCorpus.Benchmarks,VectorQuantisationBenchmarks,'Lucene.NET flat scan',DefaultJob,Default,Default,Default,Default,Default,Default,Default,Default,Default,Default,Default,Default,Default,Default,Default,Default,Default,Default,Default,Default,Default,Default,Default,Default,Default,Default,Default,Default,Default,Default,Default,Default,Default,Default,Default,Default,Default,Default,Default,Default,Default,DefaultJob,Dimension=64&Quantisation=RaBitQ,1,Workload,Actual,12,509504555,2,254752277.5,42,0,0,88800104
VectorQuantisationBenchmarks.'Lucene.NET flat scan',Rowles.LeanCorpus.Benchmarks,VectorQuantisationBenchmarks,'Lucene.NET flat scan',DefaultJob,Default,Default,Default,Default,Default,Default,Default,Default,Default,Default,Default,Default,Default,Default,Default,Default,Default,Default,Default,Default,Default,Default,Default,Default,Default,Default,Default,Default,Default,Default,Default,Default,Default,Default,Default,Default,Default,Default,Default,Default,Default,DefaultJob,Dimension=64&Quantisation=RaBitQ,1,Workload,Actual,13,513492321,2,256746160.5,42,0,0,88800104
VectorQuantisationBenchmarks.'Lucene.NET flat scan',Rowles.LeanCorpus.Benchmarks,VectorQuantisationBenchmarks,'Lucene.NET flat scan',DefaultJob,Default,Default,Default,Default,Default,Default,Default,Default,Default,Default,Default,Default,Default,Default,Default,Default,Default,Default,Default,Default,Default,Default,Default,Default,Default,Default,Default,Default,Default,Default,Default,Default,Default,Default,Default,Default,Default,Default,Default,Default,Default,DefaultJob,Dimension=64&Quantisation=RaBitQ,1,Workload,Actual,14,513387883,2,256693941.5,42,0,0,88800104
VectorQuantisationBenchmarks.'Lucene.NET flat scan',Rowles.LeanCorpus.Benchmarks,VectorQuantisationBenchmarks,'Lucene.NET flat scan',DefaultJob,Default,Default,Default,Default,Default,Default,Default,Default,Default,Default,Default,Default,Default,Default,Default,Default,Default,Default,Default,Default,Default,Default,Default,Default,Default,Default,Default,Default,Default,Default,Default,Default,Default,Default,Default,Default,Default,Default,Default,Default,Default,DefaultJob,Dimension=64&Quantisation=RaBitQ,1,Workload,Actual,15,513599660,2,256799830,42,0,0,88800104
VectorQuantisationBenchmarks.'Lucene.NET flat scan',Rowles.LeanCorpus.Benchmarks,VectorQuantisationBenchmarks,'Lucene.NET flat scan',DefaultJob,Default,Default,Default,Default,Default,Default,Default,Default,Default,Default,Default,Default,Default,Default,Default,Default,Default,Default,Default,Default,Default,Default,Default,Default,Default,Default,Default,Default,Default,Default,Default,Default,Default,Default,Default,Default,Default,Default,Default,Default,Default,DefaultJob,Dimension=64&Quantisation=RaBitQ,1,Workload,Extra,1,509863357,2,254931678.5,42,0,0,88800104
VectorQuantisationBenchmarks.'Lucene.NET flat scan',Rowles.LeanCorpus.Benchmarks,VectorQuantisationBenchmarks,'Lucene.NET flat scan',DefaultJob,Default,Default,Default,Default,Default,Default,Default,Default,Default,Default,Default,Default,Default,Default,Default,Default,Default,Default,Default,Default,Default,Default,Default,Default,Default,Default,Default,Default,Default,Default,Default,Default,Default,Default,Default,Default,Default,Default,Default,Default,Default,DefaultJob,Dimension=64&Quantisation=RaBitQ,1,Workload,Result,1,511741038,2,255870519,42,0,0,88800104
VectorQuantisationBenchmarks.'Lucene.NET flat scan',Rowles.LeanCorpus.Benchmarks,VectorQuantisationBenchmarks,'Lucene.NET flat scan',DefaultJob,Default,Default,Default,Default,Default,Default,Default,Default,Default,Default,Default,Default,Default,Default,Default,Default,Default,Default,Default,Default,Default,Default,Default,Default,Default,Default,Default,Default,Default,Default,Default,Default,Default,Default,Default,Default,Default,Default,Default,Default,Default,DefaultJob,Dimension=64&Quantisation=RaBitQ,1,Workload,Result,2,509331411,2,254665705.5,42,0,0,88800104
VectorQuantisationBenchmarks.'Lucene.NET flat scan',Rowles.LeanCorpus.Benchmarks,VectorQuantisationBenchmarks,'Lucene.NET flat scan',DefaultJob,Default,Default,Default,Default,Default,Default,Default,Default,Default,Default,Default,Default,Default,Default,Default,Default,Default,Default,Default,Default,Default,Default,Default,Default,Default,Default,Default,Default,Default,Default,Default,Default,Default,Default,Default,Default,Default,Default,Default,Default,Default,DefaultJob,Dimension=64&Quantisation=RaBitQ,1,Workload,Result,3,514493672,2,257246836,42,0,0,88800104
VectorQuantisationBenchmarks.'Lucene.NET flat scan',Rowles.LeanCorpus.Benchmarks,VectorQuantisationBenchmarks,'Lucene.NET flat scan',DefaultJob,Default,Default,Default,Default,Default,Default,Default,Default,Default,Default,Default,Default,Default,Default,Default,Default,Default,Default,Default,Default,Default,Default,Default,Default,Default,Default,Default,Default,Default,Default,Default,Default,Default,Default,Default,Default,Default,Default,Default,Default,Default,DefaultJob,Dimension=64&Quantisation=RaBitQ,1,Workload,Result,4,511835816,2,255917908,42,0,0,88800104
VectorQuantisationBenchmarks.'Lucene.NET flat scan',Rowles.LeanCorpus.Benchmarks,VectorQuantisationBenchmarks,'Lucene.NET flat scan',DefaultJob,Default,Default,Default,Default,Default,Default,Default,Default,Default,Default,Default,Default,Default,Default,Default,Default,Default,Default,Default,Default,Default,Default,Default,Default,Default,Default,Default,Default,Default,Default,Default,Default,Default,Default,Default,Default,Default,Default,Default,Default,Default,DefaultJob,Dimension=64&Quantisation=RaBitQ,1,Workload,Result,5,511062869,2,255531434.5,42,0,0,88800104
VectorQuantisationBenchmarks.'Lucene.NET flat scan',Rowles.LeanCorpus.Benchmarks,VectorQuantisationBenchmarks,'Lucene.NET flat scan',DefaultJob,Default,Default,Default,Default,Default,Default,Default,Default,Default,Default,Default,Default,Default,Default,Default,Default,Default,Default,Default,Default,Default,Default,Default,Default,Default,Default,Default,Default,Default,Default,Default,Default,Default,Default,Default,Default,Default,Default,Default,Default,Default,DefaultJob,Dimension=64&Quantisation=RaBitQ,1,Workload,Result,6,504802328,2,252401164,42,0,0,88800104
VectorQuantisationBenchmarks.'Lucene.NET flat scan',Rowles.LeanCorpus.Benchmarks,VectorQuantisationBenchmarks,'Lucene.NET flat scan',DefaultJob,Default,Default,Default,Default,Default,Default,Default,Default,Default,Default,Default,Default,Default,Default,Default,Default,Default,Default,Default,Default,Default,Default,Default,Default,Default,Default,Default,Default,Default,Default,Default,Default,Default,Default,Default,Default,Default,Default,Default,Default,Default,DefaultJob,Dimension=64&Quantisation=RaBitQ,1,Workload,Result,7,510364723,2,255182361.5,42,0,0,88800104
VectorQuantisationBenchmarks.'Lucene.NET flat scan',Rowles.LeanCorpus.Benchmarks,VectorQuantisationBenchmarks,'Lucene.NET flat scan',DefaultJob,Default,Default,Default,Default,Default,Default,Default,Default,Default,Default,Default,Default,Default,Default,Default,Default,Default,Default,Default,Default,Default,Default,Default,Default,Default,Default,Default,Default,Default,Default,Default,Default,Default,Default,Default,Default,Default,Default,Default,Default,Default,DefaultJob,Dimension=64&Quantisation=RaBitQ,1,Workload,Result,8,509094436,2,254547218,42,0,0,88800104
VectorQuantisationBenchmarks.'Lucene.NET flat scan',Rowles.LeanCorpus.Benchmarks,VectorQuantisationBenchmarks,'Lucene.NET flat scan',DefaultJob,Default,Default,Default,Default,Default,Default,Default,Default,Default,Default,Default,Default,Default,Default,Default,Default,Default,Default,Default,Default,Default,Default,Default,Default,Default,Default,Default,Default,Default,Default,Default,Default,Default,Default,Default,Default,Default,Default,Default,Default,Default,DefaultJob,Dimension=64&Quantisation=RaBitQ,1,Workload,Result,9,512562989,2,256281494.5,42,0,0,88800104
VectorQuantisationBenchmarks.'Lucene.NET flat scan',Rowles.LeanCorpus.Benchmarks,VectorQuantisationBenchmarks,'Lucene.NET flat scan',DefaultJob,Default,Default,Default,Default,Default,Default,Default,Default,Default,Default,Default,Default,Default,Default,Default,Default,Default,Default,Default,Default,Default,Default,Default,Default,Default,Default,Default,Default,Default,Default,Default,Default,Default,Default,Default,Default,Default,Default,Default,Default,Default,DefaultJob,Dimension=64&Quantisation=RaBitQ,1,Workload,Result,10,513335110,2,256667555,42,0,0,88800104
VectorQuantisationBenchmarks.'Lucene.NET flat scan',Rowles.LeanCorpus.Benchmarks,VectorQuantisationBenchmarks,'Lucene.NET flat scan',DefaultJob,Default,Default,Default,Default,Default,Default,Default,Default,Default,Default,Default,Default,Default,Default,Default,Default,Default,Default,Default,Default,Default,Default,Default,Default,Default,Default,Default,Default,Default,Default,Default,Default,Default,Default,Default,Default,Default,Default,Default,Default,Default,DefaultJob,Dimension=64&Quantisation=RaBitQ,1,Workload,Result,11,512988235,2,256494117.5,42,0,0,88800104
VectorQuantisationBenchmarks.'Lucene.NET flat scan',Rowles.LeanCorpus.Benchmarks,VectorQuantisationBenchmarks,'Lucene.NET flat scan',DefaultJob,Default,Default,Default,Default,Default,Default,Default,Default,Default,Default,Default,Default,Default,Default,Default,Default,Default,Default,Default,Default,Default,Default,Default,Default,Default,Default,Default,Default,Default,Default,Default,Default,Default,Default,Default,Default,Default,Default,Default,Default,Default,DefaultJob,Dimension=64&Quantisation=RaBitQ,1,Workload,Result,12,509504555,2,254752277.5,42,0,0,88800104
VectorQuantisationBenchmarks.'Lucene.NET flat scan',Rowles.LeanCorpus.Benchmarks,VectorQuantisationBenchmarks,'Lucene.NET flat scan',DefaultJob,Default,Default,Default,Default,Default,Default,Default,Default,Default,Default,Default,Default,Default,Default,Default,Default,Default,Default,Default,Default,Default,Default,Default,Default,Default,Default,Default,Default,Default,Default,Default,Default,Default,Default,Default,Default,Default,Default,Default,Default,Default,DefaultJob,Dimension=64&Quantisation=RaBitQ,1,Workload,Result,13,513492321,2,256746160.5,42,0,0,88800104
VectorQuantisationBenchmarks.'Lucene.NET flat scan',Rowles.LeanCorpus.Benchmarks,VectorQuantisationBenchmarks,'Lucene.NET flat scan',DefaultJob,Default,Default,Default,Default,Default,Default,Default,Default,Default,Default,Default,Default,Default,Default,Default,Default,Default,Default,Default,Default,Default,Default,Default,Default,Default,Default,Default,Default,Default,Default,Default,Default,Default,Default,Default,Default,Default,Default,Default,Default,Default,DefaultJob,Dimension=64&Quantisation=RaBitQ,1,Workload,Result,14,513387883,2,256693941.5,42,0,0,88800104
VectorQuantisationBenchmarks.'Lucene.NET flat scan',Rowles.LeanCorpus.Benchmarks,VectorQuantisationBenchmarks,'Lucene.NET flat scan',DefaultJob,Default,Default,Default,Default,Default,Default,Default,Default,Default,Default,Default,Default,Default,Default,Default,Default,Default,Default,Default,Default,Default,Default,Default,Default,Default,Default,Default,Default,Default,Default,Default,Default,Default,Default,Default,Default,Default,Default,Default,Default,Default,DefaultJob,Dimension=64&Quantisation=RaBitQ,1,Workload,Result,15,513599660,2,256799830,42,0,0,88800104
VectorQuantisationBenchmarks.'HNSW search',Rowles.LeanCorpus.Benchmarks,VectorQuantisationBenchmarks,'HNSW search',DefaultJob,Default,Default,Default,Default,Default,Default,Default,Default,Default,Default,Default,Default,Default,Default,Default,Default,Default,Default,Default,Default,Default,Default,Default,Default,Default,Default,Default,Default,Default,Default,Default,Default,Default,Default,Default,Default,Default,Default,Default,Default,Default,DefaultJob,Dimension=128&Quantisation=None,1,Workload,Jitting,1,5440744,1,5440744,1,0,0,47084
VectorQuantisationBenchmarks.'HNSW search',Rowles.LeanCorpus.Benchmarks,VectorQuantisationBenchmarks,'HNSW search',DefaultJob,Default,Default,Default,Default,Default,Default,Default,Default,Default,Default,Default,Default,Default,Default,Default,Default,Default,Default,Default,Default,Default,Default,Default,Default,Default,Default,Default,Default,Default,Default,Default,Default,Default,Default,Default,Default,Default,Default,Default,Default,Default,DefaultJob,Dimension=128&Quantisation=None,1,Workload,Jitting,2,130474168,30,4349138.93,1,0,0,47084
VectorQuantisationBenchmarks.'HNSW search',Rowles.LeanCorpus.Benchmarks,VectorQuantisationBenchmarks,'HNSW search',DefaultJob,Default,Default,Default,Default,Default,Default,Default,Default,Default,Default,Default,Default,Default,Default,Default,Default,Default,Default,Default,Default,Default,Default,Default,Default,Default,Default,Default,Default,Default,Default,Default,Default,Default,Default,Default,Default,Default,Default,Default,Default,Default,DefaultJob,Dimension=128&Quantisation=None,1,Workload,Jitting,3,132391305,30,4413043.5,1,0,0,47084
VectorQuantisationBenchmarks.'HNSW search',Rowles.LeanCorpus.Benchmarks,VectorQuantisationBenchmarks,'HNSW search',DefaultJob,Default,Default,Default,Default,Default,Default,Default,Default,Default,Default,Default,Default,Default,Default,Default,Default,Default,Default,Default,Default,Default,Default,Default,Default,Default,Default,Default,Default,Default,Default,Default,Default,Default,Default,Default,Default,Default,Default,Default,Default,Default,DefaultJob,Dimension=128&Quantisation=None,1,Workload,Jitting,4,124938932,30,4164631.07,1,0,0,47084
VectorQuantisationBenchmarks.'HNSW search',Rowles.LeanCorpus.Benchmarks,VectorQuantisationBenchmarks,'HNSW search',DefaultJob,Default,Default,Default,Default,Default,Default,Default,Default,Default,Default,Default,Default,Default,Default,Default,Default,Default,Default,Default,Default,Default,Default,Default,Default,Default,Default,Default,Default,Default,Default,Default,Default,Default,Default,Default,Default,Default,Default,Default,Default,Default,DefaultJob,Dimension=128&Quantisation=None,1,Workload,Jitting,5,5152792,1,5152792,1,0,0,47084
VectorQuantisationBenchmarks.'HNSW search',Rowles.LeanCorpus.Benchmarks,VectorQuantisationBenchmarks,'HNSW search',DefaultJob,Default,Default,Default,Default,Default,Default,Default,Default,Default,Default,Default,Default,Default,Default,Default,Default,Default,Default,Default,Default,Default,Default,Default,Default,Default,Default,Default,Default,Default,Default,Default,Default,Default,Default,Default,Default,Default,Default,Default,Default,Default,DefaultJob,Dimension=128&Quantisation=None,1,Workload,Pilot,1,5389450,1,5389450,1,0,0,47084
VectorQuantisationBenchmarks.'HNSW search',Rowles.LeanCorpus.Benchmarks,VectorQuantisationBenchmarks,'HNSW search',DefaultJob,Default,Default,Default,Default,Default,Default,Default,Default,Default,Default,Default,Default,Default,Default,Default,Default,Default,Default,Default,Default,Default,Default,Default,Default,Default,Default,Default,Default,Default,Default,Default,Default,Default,Default,Default,Default,Default,Default,Default,Default,Default,DefaultJob,Dimension=128&Quantisation=None,1,Workload,Pilot,1,69394608,16,4337163,1,0,0,47084
VectorQuantisationBenchmarks.'HNSW search',Rowles.LeanCorpus.Benchmarks,VectorQuantisationBenchmarks,'HNSW search',DefaultJob,Default,Default,Default,Default,Default,Default,Default,Default,Default,Default,Default,Default,Default,Default,Default,Default,Default,Default,Default,Default,Default,Default,Default,Default,Default,Default,Default,Default,Default,Default,Default,Default,Default,Default,Default,Default,Default,Default,Default,Default,Default,DefaultJob,Dimension=128&Quantisation=None,1,Workload,Pilot,2,134426613,32,4200831.66,1,0,0,47084
VectorQuantisationBenchmarks.'HNSW search',Rowles.LeanCorpus.Benchmarks,VectorQuantisationBenchmarks,'HNSW search',DefaultJob,Default,Default,Default,Default,Default,Default,Default,Default,Default,Default,Default,Default,Default,Default,Default,Default,Default,Default,Default,Default,Default,Default,Default,Default,Default,Default,Default,Default,Default,Default,Default,Default,Default,Default,Default,Default,Default,Default,Default,Default,Default,DefaultJob,Dimension=128&Quantisation=None,1,Workload,Pilot,3,262918856,64,4108107.13,1,0,0,47084
VectorQuantisationBenchmarks.'HNSW search',Rowles.LeanCorpus.Benchmarks,VectorQuantisationBenchmarks,'HNSW search',DefaultJob,Default,Default,Default,Default,Default,Default,Default,Default,Default,Default,Default,Default,Default,Default,Default,Default,Default,Default,Default,Default,Default,Default,Default,Default,Default,Default,Default,Default,Default,Default,Default,Default,Default,Default,Default,Default,Default,Default,Default,Default,Default,DefaultJob,Dimension=128&Quantisation=None,1,Workload,Pilot,4,521220418,128,4072034.52,1,0,0,47084
VectorQuantisationBenchmarks.'HNSW search',Rowles.LeanCorpus.Benchmarks,VectorQuantisationBenchmarks,'HNSW search',DefaultJob,Default,Default,Default,Default,Default,Default,Default,Default,Default,Default,Default,Default,Default,Default,Default,Default,Default,Default,Default,Default,Default,Default,Default,Default,Default,Default,Default,Default,Default,Default,Default,Default,Default,Default,Default,Default,Default,Default,Default,Default,Default,DefaultJob,Dimension=128&Quantisation=None,1,Workload,Warmup,1,523726994,128,4091617.14,1,0,0,47084
VectorQuantisationBenchmarks.'HNSW search',Rowles.LeanCorpus.Benchmarks,VectorQuantisationBenchmarks,'HNSW search',DefaultJob,Default,Default,Default,Default,Default,Default,Default,Default,Default,Default,Default,Default,Default,Default,Default,Default,Default,Default,Default,Default,Default,Default,Default,Default,Default,Default,Default,Default,Default,Default,Default,Default,Default,Default,Default,Default,Default,Default,Default,Default,Default,DefaultJob,Dimension=128&Quantisation=None,1,Workload,Warmup,2,520046014,128,4062859.48,1,0,0,47084
VectorQuantisationBenchmarks.'HNSW search',Rowles.LeanCorpus.Benchmarks,VectorQuantisationBenchmarks,'HNSW search',DefaultJob,Default,Default,Default,Default,Default,Default,Default,Default,Default,Default,Default,Default,Default,Default,Default,Default,Default,Default,Default,Default,Default,Default,Default,Default,Default,Default,Default,Default,Default,Default,Default,Default,Default,Default,Default,Default,Default,Default,Default,Default,Default,DefaultJob,Dimension=128&Quantisation=None,1,Workload,Warmup,3,520693393,128,4067917.13,1,0,0,47084
VectorQuantisationBenchmarks.'HNSW search',Rowles.LeanCorpus.Benchmarks,VectorQuantisationBenchmarks,'HNSW search',DefaultJob,Default,Default,Default,Default,Default,Default,Default,Default,Default,Default,Default,Default,Default,Default,Default,Default,Default,Default,Default,Default,Default,Default,Default,Default,Default,Default,Default,Default,Default,Default,Default,Default,Default,Default,Default,Default,Default,Default,Default,Default,Default,DefaultJob,Dimension=128&Quantisation=None,1,Workload,Warmup,4,520241950,128,4064390.23,1,0,0,47084
VectorQuantisationBenchmarks.'HNSW search',Rowles.LeanCorpus.Benchmarks,VectorQuantisationBenchmarks,'HNSW search',DefaultJob,Default,Default,Default,Default,Default,Default,Default,Default,Default,Default,Default,Default,Default,Default,Default,Default,Default,Default,Default,Default,Default,Default,Default,Default,Default,Default,Default,Default,Default,Default,Default,Default,Default,Default,Default,Default,Default,Default,Default,Default,Default,DefaultJob,Dimension=128&Quantisation=None,1,Workload,Warmup,5,523692522,128,4091347.83,1,0,0,47084
VectorQuantisationBenchmarks.'HNSW search',Rowles.LeanCorpus.Benchmarks,VectorQuantisationBenchmarks,'HNSW search',DefaultJob,Default,Default,Default,Default,Default,Default,Default,Default,Default,Default,Default,Default,Default,Default,Default,Default,Default,Default,Default,Default,Default,Default,Default,Default,Default,Default,Default,Default,Default,Default,Default,Default,Default,Default,Default,Default,Default,Default,Default,Default,Default,DefaultJob,Dimension=128&Quantisation=None,1,Workload,Warmup,6,522731690,128,4083841.33,1,0,0,47084
VectorQuantisationBenchmarks.'HNSW search',Rowles.LeanCorpus.Benchmarks,VectorQuantisationBenchmarks,'HNSW search',DefaultJob,Default,Default,Default,Default,Default,Default,Default,Default,Default,Default,Default,Default,Default,Default,Default,Default,Default,Default,Default,Default,Default,Default,Default,Default,Default,Default,Default,Default,Default,Default,Default,Default,Default,Default,Default,Default,Default,Default,Default,Default,Default,DefaultJob,Dimension=128&Quantisation=None,1,Workload,Actual,1,524411631,128,4096965.87,1,0,0,47084
VectorQuantisationBenchmarks.'HNSW search',Rowles.LeanCorpus.Benchmarks,VectorQuantisationBenchmarks,'HNSW search',DefaultJob,Default,Default,Default,Default,Default,Default,Default,Default,Default,Default,Default,Default,Default,Default,Default,Default,Default,Default,Default,Default,Default,Default,Default,Default,Default,Default,Default,Default,Default,Default,Default,Default,Default,Default,Default,Default,Default,Default,Default,Default,Default,DefaultJob,Dimension=128&Quantisation=None,1,Workload,Actual,2,517828548,128,4045535.53,1,0,0,47084
VectorQuantisationBenchmarks.'HNSW search',Rowles.LeanCorpus.Benchmarks,VectorQuantisationBenchmarks,'HNSW search',DefaultJob,Default,Default,Default,Default,Default,Default,Default,Default,Default,Default,Default,Default,Default,Default,Default,Default,Default,Default,Default,Default,Default,Default,Default,Default,Default,Default,Default,Default,Default,Default,Default,Default,Default,Default,Default,Default,Default,Default,Default,Default,Default,DefaultJob,Dimension=128&Quantisation=None,1,Workload,Actual,3,522810385,128,4084456.13,1,0,0,47084
VectorQuantisationBenchmarks.'HNSW search',Rowles.LeanCorpus.Benchmarks,VectorQuantisationBenchmarks,'HNSW search',DefaultJob,Default,Default,Default,Default,Default,Default,Default,Default,Default,Default,Default,Default,Default,Default,Default,Default,Default,Default,Default,Default,Default,Default,Default,Default,Default,Default,Default,Default,Default,Default,Default,Default,Default,Default,Default,Default,Default,Default,Default,Default,Default,DefaultJob,Dimension=128&Quantisation=None,1,Workload,Actual,4,517183066,128,4040492.7,1,0,0,47084
VectorQuantisationBenchmarks.'HNSW search',Rowles.LeanCorpus.Benchmarks,VectorQuantisationBenchmarks,'HNSW search',DefaultJob,Default,Default,Default,Default,Default,Default,Default,Default,Default,Default,Default,Default,Default,Default,Default,Default,Default,Default,Default,Default,Default,Default,Default,Default,Default,Default,Default,Default,Default,Default,Default,Default,Default,Default,Default,Default,Default,Default,Default,Default,Default,DefaultJob,Dimension=128&Quantisation=None,1,Workload,Actual,5,516554240,128,4035580,1,0,0,47084
VectorQuantisationBenchmarks.'HNSW search',Rowles.LeanCorpus.Benchmarks,VectorQuantisationBenchmarks,'HNSW search',DefaultJob,Default,Default,Default,Default,Default,Default,Default,Default,Default,Default,Default,Default,Default,Default,Default,Default,Default,Default,Default,Default,Default,Default,Default,Default,Default,Default,Default,Default,Default,Default,Default,Default,Default,Default,Default,Default,Default,Default,Default,Default,Default,DefaultJob,Dimension=128&Quantisation=None,1,Workload,Actual,6,511519235,128,3996244.02,1,0,0,47084
VectorQuantisationBenchmarks.'HNSW search',Rowles.LeanCorpus.Benchmarks,VectorQuantisationBenchmarks,'HNSW search',DefaultJob,Default,Default,Default,Default,Default,Default,Default,Default,Default,Default,Default,Default,Default,Default,Default,Default,Default,Default,Default,Default,Default,Default,Default,Default,Default,Default,Default,Default,Default,Default,Default,Default,Default,Default,Default,Default,Default,Default,Default,Default,Default,DefaultJob,Dimension=128&Quantisation=None,1,Workload,Actual,7,513513923,128,4011827.52,1,0,0,47084
VectorQuantisationBenchmarks.'HNSW search',Rowles.LeanCorpus.Benchmarks,VectorQuantisationBenchmarks,'HNSW search',DefaultJob,Default,Default,Default,Default,Default,Default,Default,Default,Default,Default,Default,Default,Default,Default,Default,Default,Default,Default,Default,Default,Default,Default,Default,Default,Default,Default,Default,Default,Default,Default,Default,Default,Default,Default,Default,Default,Default,Default,Default,Default,Default,DefaultJob,Dimension=128&Quantisation=None,1,Workload,Actual,8,524109742,128,4094607.36,1,0,0,47084
VectorQuantisationBenchmarks.'HNSW search',Rowles.LeanCorpus.Benchmarks,VectorQuantisationBenchmarks,'HNSW search',DefaultJob,Default,Default,Default,Default,Default,Default,Default,Default,Default,Default,Default,Default,Default,Default,Default,Default,Default,Default,Default,Default,Default,Default,Default,Default,Default,Default,Default,Default,Default,Default,Default,Default,Default,Default,Default,Default,Default,Default,Default,Default,Default,DefaultJob,Dimension=128&Quantisation=None,1,Workload,Actual,9,514497210,128,4019509.45,1,0,0,47084
VectorQuantisationBenchmarks.'HNSW search',Rowles.LeanCorpus.Benchmarks,VectorQuantisationBenchmarks,'HNSW search',DefaultJob,Default,Default,Default,Default,Default,Default,Default,Default,Default,Default,Default,Default,Default,Default,Default,Default,Default,Default,Default,Default,Default,Default,Default,Default,Default,Default,Default,Default,Default,Default,Default,Default,Default,Default,Default,Default,Default,Default,Default,Default,Default,DefaultJob,Dimension=128&Quantisation=None,1,Workload,Actual,10,516078484,128,4031863.16,1,0,0,47084
VectorQuantisationBenchmarks.'HNSW search',Rowles.LeanCorpus.Benchmarks,VectorQuantisationBenchmarks,'HNSW search',DefaultJob,Default,Default,Default,Default,Default,Default,Default,Default,Default,Default,Default,Default,Default,Default,Default,Default,Default,Default,Default,Default,Default,Default,Default,Default,Default,Default,Default,Default,Default,Default,Default,Default,Default,Default,Default,Default,Default,Default,Default,Default,Default,DefaultJob,Dimension=128&Quantisation=None,1,Workload,Actual,11,513871847,128,4014623.8,1,0,0,47084
VectorQuantisationBenchmarks.'HNSW search',Rowles.LeanCorpus.Benchmarks,VectorQuantisationBenchmarks,'HNSW search',DefaultJob,Default,Default,Default,Default,Default,Default,Default,Default,Default,Default,Default,Default,Default,Default,Default,Default,Default,Default,Default,Default,Default,Default,Default,Default,Default,Default,Default,Default,Default,Default,Default,Default,Default,Default,Default,Default,Default,Default,Default,Default,Default,DefaultJob,Dimension=128&Quantisation=None,1,Workload,Actual,12,513251569,128,4009777.88,1,0,0,47084
VectorQuantisationBenchmarks.'HNSW search',Rowles.LeanCorpus.Benchmarks,VectorQuantisationBenchmarks,'HNSW search',DefaultJob,Default,Default,Default,Default,Default,Default,Default,Default,Default,Default,Default,Default,Default,Default,Default,Default,Default,Default,Default,Default,Default,Default,Default,Default,Default,Default,Default,Default,Default,Default,Default,Default,Default,Default,Default,Default,Default,Default,Default,Default,Default,DefaultJob,Dimension=128&Quantisation=None,1,Workload,Actual,13,516988366,128,4038971.61,1,0,0,47084
VectorQuantisationBenchmarks.'HNSW search',Rowles.LeanCorpus.Benchmarks,VectorQuantisationBenchmarks,'HNSW search',DefaultJob,Default,Default,Default,Default,Default,Default,Default,Default,Default,Default,Default,Default,Default,Default,Default,Default,Default,Default,Default,Default,Default,Default,Default,Default,Default,Default,Default,Default,Default,Default,Default,Default,Default,Default,Default,Default,Default,Default,Default,Default,Default,DefaultJob,Dimension=128&Quantisation=None,1,Workload,Actual,14,519004683,128,4054724.09,1,0,0,47084
VectorQuantisationBenchmarks.'HNSW search',Rowles.LeanCorpus.Benchmarks,VectorQuantisationBenchmarks,'HNSW search',DefaultJob,Default,Default,Default,Default,Default,Default,Default,Default,Default,Default,Default,Default,Default,Default,Default,Default,Default,Default,Default,Default,Default,Default,Default,Default,Default,Default,Default,Default,Default,Default,Default,Default,Default,Default,Default,Default,Default,Default,Default,Default,Default,DefaultJob,Dimension=128&Quantisation=None,1,Workload,Actual,15,520248324,128,4064440.03,1,0,0,47084
VectorQuantisationBenchmarks.'HNSW search',Rowles.LeanCorpus.Benchmarks,VectorQuantisationBenchmarks,'HNSW search',DefaultJob,Default,Default,Default,Default,Default,Default,Default,Default,Default,Default,Default,Default,Default,Default,Default,Default,Default,Default,Default,Default,Default,Default,Default,Default,Default,Default,Default,Default,Default,Default,Default,Default,Default,Default,Default,Default,Default,Default,Default,Default,Default,DefaultJob,Dimension=128&Quantisation=None,1,Workload,Extra,1,527755011,128,4123086.02,1,0,0,47084
VectorQuantisationBenchmarks.'HNSW search',Rowles.LeanCorpus.Benchmarks,VectorQuantisationBenchmarks,'HNSW search',DefaultJob,Default,Default,Default,Default,Default,Default,Default,Default,Default,Default,Default,Default,Default,Default,Default,Default,Default,Default,Default,Default,Default,Default,Default,Default,Default,Default,Default,Default,Default,Default,Default,Default,Default,Default,Default,Default,Default,Default,Default,Default,Default,DefaultJob,Dimension=128&Quantisation=None,1,Workload,Result,1,524411631,128,4096965.87,1,0,0,47084
VectorQuantisationBenchmarks.'HNSW search',Rowles.LeanCorpus.Benchmarks,VectorQuantisationBenchmarks,'HNSW search',DefaultJob,Default,Default,Default,Default,Default,Default,Default,Default,Default,Default,Default,Default,Default,Default,Default,Default,Default,Default,Default,Default,Default,Default,Default,Default,Default,Default,Default,Default,Default,Default,Default,Default,Default,Default,Default,Default,Default,Default,Default,Default,Default,DefaultJob,Dimension=128&Quantisation=None,1,Workload,Result,2,517828548,128,4045535.53,1,0,0,47084
VectorQuantisationBenchmarks.'HNSW search',Rowles.LeanCorpus.Benchmarks,VectorQuantisationBenchmarks,'HNSW search',DefaultJob,Default,Default,Default,Default,Default,Default,Default,Default,Default,Default,Default,Default,Default,Default,Default,Default,Default,Default,Default,Default,Default,Default,Default,Default,Default,Default,Default,Default,Default,Default,Default,Default,Default,Default,Default,Default,Default,Default,Default,Default,Default,DefaultJob,Dimension=128&Quantisation=None,1,Workload,Result,3,522810385,128,4084456.13,1,0,0,47084
VectorQuantisationBenchmarks.'HNSW search',Rowles.LeanCorpus.Benchmarks,VectorQuantisationBenchmarks,'HNSW search',DefaultJob,Default,Default,Default,Default,Default,Default,Default,Default,Default,Default,Default,Default,Default,Default,Default,Default,Default,Default,Default,Default,Default,Default,Default,Default,Default,Default,Default,Default,Default,Default,Default,Default,Default,Default,Default,Default,Default,Default,Default,Default,Default,DefaultJob,Dimension=128&Quantisation=None,1,Workload,Result,4,517183066,128,4040492.7,1,0,0,47084
VectorQuantisationBenchmarks.'HNSW search',Rowles.LeanCorpus.Benchmarks,VectorQuantisationBenchmarks,'HNSW search',DefaultJob,Default,Default,Default,Default,Default,Default,Default,Default,Default,Default,Default,Default,Default,Default,Default,Default,Default,Default,Default,Default,Default,Default,Default,Default,Default,Default,Default,Default,Default,Default,Default,Default,Default,Default,Default,Default,Default,Default,Default,Default,Default,DefaultJob,Dimension=128&Quantisation=None,1,Workload,Result,5,516554240,128,4035580,1,0,0,47084
VectorQuantisationBenchmarks.'HNSW search',Rowles.LeanCorpus.Benchmarks,VectorQuantisationBenchmarks,'HNSW search',DefaultJob,Default,Default,Default,Default,Default,Default,Default,Default,Default,Default,Default,Default,Default,Default,Default,Default,Default,Default,Default,Default,Default,Default,Default,Default,Default,Default,Default,Default,Default,Default,Default,Default,Default,Default,Default,Default,Default,Default,Default,Default,Default,DefaultJob,Dimension=128&Quantisation=None,1,Workload,Result,6,511519235,128,3996244.02,1,0,0,47084
VectorQuantisationBenchmarks.'HNSW search',Rowles.LeanCorpus.Benchmarks,VectorQuantisationBenchmarks,'HNSW search',DefaultJob,Default,Default,Default,Default,Default,Default,Default,Default,Default,Default,Default,Default,Default,Default,Default,Default,Default,Default,Default,Default,Default,Default,Default,Default,Default,Default,Default,Default,Default,Default,Default,Default,Default,Default,Default,Default,Default,Default,Default,Default,Default,DefaultJob,Dimension=128&Quantisation=None,1,Workload,Result,7,513513923,128,4011827.52,1,0,0,47084
VectorQuantisationBenchmarks.'HNSW search',Rowles.LeanCorpus.Benchmarks,VectorQuantisationBenchmarks,'HNSW search',DefaultJob,Default,Default,Default,Default,Default,Default,Default,Default,Default,Default,Default,Default,Default,Default,Default,Default,Default,Default,Default,Default,Default,Default,Default,Default,Default,Default,Default,Default,Default,Default,Default,Default,Default,Default,Default,Default,Default,Default,Default,Default,Default,DefaultJob,Dimension=128&Quantisation=None,1,Workload,Result,8,524109742,128,4094607.36,1,0,0,47084
VectorQuantisationBenchmarks.'HNSW search',Rowles.LeanCorpus.Benchmarks,VectorQuantisationBenchmarks,'HNSW search',DefaultJob,Default,Default,Default,Default,Default,Default,Default,Default,Default,Default,Default,Default,Default,Default,Default,Default,Default,Default,Default,Default,Default,Default,Default,Default,Default,Default,Default,Default,Default,Default,Default,Default,Default,Default,Default,Default,Default,Default,Default,Default,Default,DefaultJob,Dimension=128&Quantisation=None,1,Workload,Result,9,514497210,128,4019509.45,1,0,0,47084
VectorQuantisationBenchmarks.'HNSW search',Rowles.LeanCorpus.Benchmarks,VectorQuantisationBenchmarks,'HNSW search',DefaultJob,Default,Default,Default,Default,Default,Default,Default,Default,Default,Default,Default,Default,Default,Default,Default,Default,Default,Default,Default,Default,Default,Default,Default,Default,Default,Default,Default,Default,Default,Default,Default,Default,Default,Default,Default,Default,Default,Default,Default,Default,Default,DefaultJob,Dimension=128&Quantisation=None,1,Workload,Result,10,516078484,128,4031863.16,1,0,0,47084
VectorQuantisationBenchmarks.'HNSW search',Rowles.LeanCorpus.Benchmarks,VectorQuantisationBenchmarks,'HNSW search',DefaultJob,Default,Default,Default,Default,Default,Default,Default,Default,Default,Default,Default,Default,Default,Default,Default,Default,Default,Default,Default,Default,Default,Default,Default,Default,Default,Default,Default,Default,Default,Default,Default,Default,Default,Default,Default,Default,Default,Default,Default,Default,Default,DefaultJob,Dimension=128&Quantisation=None,1,Workload,Result,11,513871847,128,4014623.8,1,0,0,47084
VectorQuantisationBenchmarks.'HNSW search',Rowles.LeanCorpus.Benchmarks,VectorQuantisationBenchmarks,'HNSW search',DefaultJob,Default,Default,Default,Default,Default,Default,Default,Default,Default,Default,Default,Default,Default,Default,Default,Default,Default,Default,Default,Default,Default,Default,Default,Default,Default,Default,Default,Default,Default,Default,Default,Default,Default,Default,Default,Default,Default,Default,Default,Default,Default,DefaultJob,Dimension=128&Quantisation=None,1,Workload,Result,12,513251569,128,4009777.88,1,0,0,47084
VectorQuantisationBenchmarks.'HNSW search',Rowles.LeanCorpus.Benchmarks,VectorQuantisationBenchmarks,'HNSW search',DefaultJob,Default,Default,Default,Default,Default,Default,Default,Default,Default,Default,Default,Default,Default,Default,Default,Default,Default,Default,Default,Default,Default,Default,Default,Default,Default,Default,Default,Default,Default,Default,Default,Default,Default,Default,Default,Default,Default,Default,Default,Default,Default,DefaultJob,Dimension=128&Quantisation=None,1,Workload,Result,13,516988366,128,4038971.61,1,0,0,47084
VectorQuantisationBenchmarks.'HNSW search',Rowles.LeanCorpus.Benchmarks,VectorQuantisationBenchmarks,'HNSW search',DefaultJob,Default,Default,Default,Default,Default,Default,Default,Default,Default,Default,Default,Default,Default,Default,Default,Default,Default,Default,Default,Default,Default,Default,Default,Default,Default,Default,Default,Default,Default,Default,Default,Default,Default,Default,Default,Default,Default,Default,Default,Default,Default,DefaultJob,Dimension=128&Quantisation=None,1,Workload,Result,14,519004683,128,4054724.09,1,0,0,47084
VectorQuantisationBenchmarks.'HNSW search',Rowles.LeanCorpus.Benchmarks,VectorQuantisationBenchmarks,'HNSW search',DefaultJob,Default,Default,Default,Default,Default,Default,Default,Default,Default,Default,Default,Default,Default,Default,Default,Default,Default,Default,Default,Default,Default,Default,Default,Default,Default,Default,Default,Default,Default,Default,Default,Default,Default,Default,Default,Default,Default,Default,Default,Default,Default,DefaultJob,Dimension=128&Quantisation=None,1,Workload,Result,15,520248324,128,4064440.03,1,0,0,47084
VectorQuantisationBenchmarks.'Lucene.NET flat scan',Rowles.LeanCorpus.Benchmarks,VectorQuantisationBenchmarks,'Lucene.NET flat scan',DefaultJob,Default,Default,Default,Default,Default,Default,Default,Default,Default,Default,Default,Default,Default,Default,Default,Default,Default,Default,Default,Default,Default,Default,Default,Default,Default,Default,Default,Default,Default,Default,Default,Default,Default,Default,Default,Default,Default,Default,Default,Default,Default,DefaultJob,Dimension=128&Quantisation=None,1,Workload,Jitting,1,297829755,1,297829755,100,0,0,140000104
VectorQuantisationBenchmarks.'Lucene.NET flat scan',Rowles.LeanCorpus.Benchmarks,VectorQuantisationBenchmarks,'Lucene.NET flat scan',DefaultJob,Default,Default,Default,Default,Default,Default,Default,Default,Default,Default,Default,Default,Default,Default,Default,Default,Default,Default,Default,Default,Default,Default,Default,Default,Default,Default,Default,Default,Default,Default,Default,Default,Default,Default,Default,Default,Default,Default,Default,Default,Default,DefaultJob,Dimension=128&Quantisation=None,1,Workload,Jitting,2,7066793729,30,235559790.97,100,0,0,140000104
VectorQuantisationBenchmarks.'Lucene.NET flat scan',Rowles.LeanCorpus.Benchmarks,VectorQuantisationBenchmarks,'Lucene.NET flat scan',DefaultJob,Default,Default,Default,Default,Default,Default,Default,Default,Default,Default,Default,Default,Default,Default,Default,Default,Default,Default,Default,Default,Default,Default,Default,Default,Default,Default,Default,Default,Default,Default,Default,Default,Default,Default,Default,Default,Default,Default,Default,Default,Default,DefaultJob,Dimension=128&Quantisation=None,1,Workload,Jitting,3,2552434646,11,232039513.27,100,0,0,140000104
VectorQuantisationBenchmarks.'Lucene.NET flat scan',Rowles.LeanCorpus.Benchmarks,VectorQuantisationBenchmarks,'Lucene.NET flat scan',DefaultJob,Default,Default,Default,Default,Default,Default,Default,Default,Default,Default,Default,Default,Default,Default,Default,Default,Default,Default,Default,Default,Default,Default,Default,Default,Default,Default,Default,Default,Default,Default,Default,Default,Default,Default,Default,Default,Default,Default,Default,Default,Default,DefaultJob,Dimension=128&Quantisation=None,1,Workload,Jitting,4,230581325,1,230581325,100,0,0,140000104
VectorQuantisationBenchmarks.'Lucene.NET flat scan',Rowles.LeanCorpus.Benchmarks,VectorQuantisationBenchmarks,'Lucene.NET flat scan',DefaultJob,Default,Default,Default,Default,Default,Default,Default,Default,Default,Default,Default,Default,Default,Default,Default,Default,Default,Default,Default,Default,Default,Default,Default,Default,Default,Default,Default,Default,Default,Default,Default,Default,Default,Default,Default,Default,Default,Default,Default,Default,Default,DefaultJob,Dimension=128&Quantisation=None,1,Workload,Pilot,1,464941178,2,232470589,100,0,0,140000104
VectorQuantisationBenchmarks.'Lucene.NET flat scan',Rowles.LeanCorpus.Benchmarks,VectorQuantisationBenchmarks,'Lucene.NET flat scan',DefaultJob,Default,Default,Default,Default,Default,Default,Default,Default,Default,Default,Default,Default,Default,Default,Default,Default,Default,Default,Default,Default,Default,Default,Default,Default,Default,Default,Default,Default,Default,Default,Default,Default,Default,Default,Default,Default,Default,Default,Default,Default,Default,DefaultJob,Dimension=128&Quantisation=None,1,Workload,Pilot,2,697026991,3,232342330.33,100,0,0,140000104
VectorQuantisationBenchmarks.'Lucene.NET flat scan',Rowles.LeanCorpus.Benchmarks,VectorQuantisationBenchmarks,'Lucene.NET flat scan',DefaultJob,Default,Default,Default,Default,Default,Default,Default,Default,Default,Default,Default,Default,Default,Default,Default,Default,Default,Default,Default,Default,Default,Default,Default,Default,Default,Default,Default,Default,Default,Default,Default,Default,Default,Default,Default,Default,Default,Default,Default,Default,Default,DefaultJob,Dimension=128&Quantisation=None,1,Workload,Warmup,1,694909193,3,231636397.67,100,0,0,140000104
VectorQuantisationBenchmarks.'Lucene.NET flat scan',Rowles.LeanCorpus.Benchmarks,VectorQuantisationBenchmarks,'Lucene.NET flat scan',DefaultJob,Default,Default,Default,Default,Default,Default,Default,Default,Default,Default,Default,Default,Default,Default,Default,Default,Default,Default,Default,Default,Default,Default,Default,Default,Default,Default,Default,Default,Default,Default,Default,Default,Default,Default,Default,Default,Default,Default,Default,Default,Default,DefaultJob,Dimension=128&Quantisation=None,1,Workload,Warmup,2,693037867,3,231012622.33,100,0,0,140000104
VectorQuantisationBenchmarks.'Lucene.NET flat scan',Rowles.LeanCorpus.Benchmarks,VectorQuantisationBenchmarks,'Lucene.NET flat scan',DefaultJob,Default,Default,Default,Default,Default,Default,Default,Default,Default,Default,Default,Default,Default,Default,Default,Default,Default,Default,Default,Default,Default,Default,Default,Default,Default,Default,Default,Default,Default,Default,Default,Default,Default,Default,Default,Default,Default,Default,Default,Default,Default,DefaultJob,Dimension=128&Quantisation=None,1,Workload,Warmup,3,693380542,3,231126847.33,100,0,0,140000104
VectorQuantisationBenchmarks.'Lucene.NET flat scan',Rowles.LeanCorpus.Benchmarks,VectorQuantisationBenchmarks,'Lucene.NET flat scan',DefaultJob,Default,Default,Default,Default,Default,Default,Default,Default,Default,Default,Default,Default,Default,Default,Default,Default,Default,Default,Default,Default,Default,Default,Default,Default,Default,Default,Default,Default,Default,Default,Default,Default,Default,Default,Default,Default,Default,Default,Default,Default,Default,DefaultJob,Dimension=128&Quantisation=None,1,Workload,Warmup,4,692501751,3,230833917,100,0,0,140000104
VectorQuantisationBenchmarks.'Lucene.NET flat scan',Rowles.LeanCorpus.Benchmarks,VectorQuantisationBenchmarks,'Lucene.NET flat scan',DefaultJob,Default,Default,Default,Default,Default,Default,Default,Default,Default,Default,Default,Default,Default,Default,Default,Default,Default,Default,Default,Default,Default,Default,Default,Default,Default,Default,Default,Default,Default,Default,Default,Default,Default,Default,Default,Default,Default,Default,Default,Default,Default,DefaultJob,Dimension=128&Quantisation=None,1,Workload,Warmup,5,680935759,3,226978586.33,100,0,0,140000104
VectorQuantisationBenchmarks.'Lucene.NET flat scan',Rowles.LeanCorpus.Benchmarks,VectorQuantisationBenchmarks,'Lucene.NET flat scan',DefaultJob,Default,Default,Default,Default,Default,Default,Default,Default,Default,Default,Default,Default,Default,Default,Default,Default,Default,Default,Default,Default,Default,Default,Default,Default,Default,Default,Default,Default,Default,Default,Default,Default,Default,Default,Default,Default,Default,Default,Default,Default,Default,DefaultJob,Dimension=128&Quantisation=None,1,Workload,Warmup,6,675412709,3,225137569.67,100,0,0,140000104
VectorQuantisationBenchmarks.'Lucene.NET flat scan',Rowles.LeanCorpus.Benchmarks,VectorQuantisationBenchmarks,'Lucene.NET flat scan',DefaultJob,Default,Default,Default,Default,Default,Default,Default,Default,Default,Default,Default,Default,Default,Default,Default,Default,Default,Default,Default,Default,Default,Default,Default,Default,Default,Default,Default,Default,Default,Default,Default,Default,Default,Default,Default,Default,Default,Default,Default,Default,Default,DefaultJob,Dimension=128&Quantisation=None,1,Workload,Warmup,7,676995230,3,225665076.67,100,0,0,140000104
VectorQuantisationBenchmarks.'Lucene.NET flat scan',Rowles.LeanCorpus.Benchmarks,VectorQuantisationBenchmarks,'Lucene.NET flat scan',DefaultJob,Default,Default,Default,Default,Default,Default,Default,Default,Default,Default,Default,Default,Default,Default,Default,Default,Default,Default,Default,Default,Default,Default,Default,Default,Default,Default,Default,Default,Default,Default,Default,Default,Default,Default,Default,Default,Default,Default,Default,Default,Default,DefaultJob,Dimension=128&Quantisation=None,1,Workload,Warmup,8,675905724,3,225301908,100,0,0,140000104
VectorQuantisationBenchmarks.'Lucene.NET flat scan',Rowles.LeanCorpus.Benchmarks,VectorQuantisationBenchmarks,'Lucene.NET flat scan',DefaultJob,Default,Default,Default,Default,Default,Default,Default,Default,Default,Default,Default,Default,Default,Default,Default,Default,Default,Default,Default,Default,Default,Default,Default,Default,Default,Default,Default,Default,Default,Default,Default,Default,Default,Default,Default,Default,Default,Default,Default,Default,Default,DefaultJob,Dimension=128&Quantisation=None,1,Workload,Actual,1,672313504,3,224104501.33,100,0,0,140000104
VectorQuantisationBenchmarks.'Lucene.NET flat scan',Rowles.LeanCorpus.Benchmarks,VectorQuantisationBenchmarks,'Lucene.NET flat scan',DefaultJob,Default,Default,Default,Default,Default,Default,Default,Default,Default,Default,Default,Default,Default,Default,Default,Default,Default,Default,Default,Default,Default,Default,Default,Default,Default,Default,Default,Default,Default,Default,Default,Default,Default,Default,Default,Default,Default,Default,Default,Default,Default,DefaultJob,Dimension=128&Quantisation=None,1,Workload,Actual,2,672896326,3,224298775.33,100,0,0,140000104
VectorQuantisationBenchmarks.'Lucene.NET flat scan',Rowles.LeanCorpus.Benchmarks,VectorQuantisationBenchmarks,'Lucene.NET flat scan',DefaultJob,Default,Default,Default,Default,Default,Default,Default,Default,Default,Default,Default,Default,Default,Default,Default,Default,Default,Default,Default,Default,Default,Default,Default,Default,Default,Default,Default,Default,Default,Default,Default,Default,Default,Default,Default,Default,Default,Default,Default,Default,Default,DefaultJob,Dimension=128&Quantisation=None,1,Workload,Actual,3,680163717,3,226721239,100,0,0,140000104
VectorQuantisationBenchmarks.'Lucene.NET flat scan',Rowles.LeanCorpus.Benchmarks,VectorQuantisationBenchmarks,'Lucene.NET flat scan',DefaultJob,Default,Default,Default,Default,Default,Default,Default,Default,Default,Default,Default,Default,Default,Default,Default,Default,Default,Default,Default,Default,Default,Default,Default,Default,Default,Default,Default,Default,Default,Default,Default,Default,Default,Default,Default,Default,Default,Default,Default,Default,Default,DefaultJob,Dimension=128&Quantisation=None,1,Workload,Actual,4,664894504,3,221631501.33,100,0,0,140000104
VectorQuantisationBenchmarks.'Lucene.NET flat scan',Rowles.LeanCorpus.Benchmarks,VectorQuantisationBenchmarks,'Lucene.NET flat scan',DefaultJob,Default,Default,Default,Default,Default,Default,Default,Default,Default,Default,Default,Default,Default,Default,Default,Default,Default,Default,Default,Default,Default,Default,Default,Default,Default,Default,Default,Default,Default,Default,Default,Default,Default,Default,Default,Default,Default,Default,Default,Default,Default,DefaultJob,Dimension=128&Quantisation=None,1,Workload,Actual,5,673726141,3,224575380.33,100,0,0,140000104
VectorQuantisationBenchmarks.'Lucene.NET flat scan',Rowles.LeanCorpus.Benchmarks,VectorQuantisationBenchmarks,'Lucene.NET flat scan',DefaultJob,Default,Default,Default,Default,Default,Default,Default,Default,Default,Default,Default,Default,Default,Default,Default,Default,Default,Default,Default,Default,Default,Default,Default,Default,Default,Default,Default,Default,Default,Default,Default,Default,Default,Default,Default,Default,Default,Default,Default,Default,Default,DefaultJob,Dimension=128&Quantisation=None,1,Workload,Actual,6,676024523,3,225341507.67,100,0,0,140000104
VectorQuantisationBenchmarks.'Lucene.NET flat scan',Rowles.LeanCorpus.Benchmarks,VectorQuantisationBenchmarks,'Lucene.NET flat scan',DefaultJob,Default,Default,Default,Default,Default,Default,Default,Default,Default,Default,Default,Default,Default,Default,Default,Default,Default,Default,Default,Default,Default,Default,Default,Default,Default,Default,Default,Default,Default,Default,Default,Default,Default,Default,Default,Default,Default,Default,Default,Default,Default,DefaultJob,Dimension=128&Quantisation=None,1,Workload,Actual,7,676121230,3,225373743.33,100,0,0,140000104
VectorQuantisationBenchmarks.'Lucene.NET flat scan',Rowles.LeanCorpus.Benchmarks,VectorQuantisationBenchmarks,'Lucene.NET flat scan',DefaultJob,Default,Default,Default,Default,Default,Default,Default,Default,Default,Default,Default,Default,Default,Default,Default,Default,Default,Default,Default,Default,Default,Default,Default,Default,Default,Default,Default,Default,Default,Default,Default,Default,Default,Default,Default,Default,Default,Default,Default,Default,Default,DefaultJob,Dimension=128&Quantisation=None,1,Workload,Actual,8,669388162,3,223129387.33,100,0,0,140000104
VectorQuantisationBenchmarks.'Lucene.NET flat scan',Rowles.LeanCorpus.Benchmarks,VectorQuantisationBenchmarks,'Lucene.NET flat scan',DefaultJob,Default,Default,Default,Default,Default,Default,Default,Default,Default,Default,Default,Default,Default,Default,Default,Default,Default,Default,Default,Default,Default,Default,Default,Default,Default,Default,Default,Default,Default,Default,Default,Default,Default,Default,Default,Default,Default,Default,Default,Default,Default,DefaultJob,Dimension=128&Quantisation=None,1,Workload,Actual,9,675166395,3,225055465,100,0,0,140000104
VectorQuantisationBenchmarks.'Lucene.NET flat scan',Rowles.LeanCorpus.Benchmarks,VectorQuantisationBenchmarks,'Lucene.NET flat scan',DefaultJob,Default,Default,Default,Default,Default,Default,Default,Default,Default,Default,Default,Default,Default,Default,Default,Default,Default,Default,Default,Default,Default,Default,Default,Default,Default,Default,Default,Default,Default,Default,Default,Default,Default,Default,Default,Default,Default,Default,Default,Default,Default,DefaultJob,Dimension=128&Quantisation=None,1,Workload,Actual,10,676903364,3,225634454.67,100,0,0,140000104
VectorQuantisationBenchmarks.'Lucene.NET flat scan',Rowles.LeanCorpus.Benchmarks,VectorQuantisationBenchmarks,'Lucene.NET flat scan',DefaultJob,Default,Default,Default,Default,Default,Default,Default,Default,Default,Default,Default,Default,Default,Default,Default,Default,Default,Default,Default,Default,Default,Default,Default,Default,Default,Default,Default,Default,Default,Default,Default,Default,Default,Default,Default,Default,Default,Default,Default,Default,Default,DefaultJob,Dimension=128&Quantisation=None,1,Workload,Actual,11,677355866,3,225785288.67,100,0,0,140000104
VectorQuantisationBenchmarks.'Lucene.NET flat scan',Rowles.LeanCorpus.Benchmarks,VectorQuantisationBenchmarks,'Lucene.NET flat scan',DefaultJob,Default,Default,Default,Default,Default,Default,Default,Default,Default,Default,Default,Default,Default,Default,Default,Default,Default,Default,Default,Default,Default,Default,Default,Default,Default,Default,Default,Default,Default,Default,Default,Default,Default,Default,Default,Default,Default,Default,Default,Default,Default,DefaultJob,Dimension=128&Quantisation=None,1,Workload,Actual,12,673466566,3,224488855.33,100,0,0,140000104
VectorQuantisationBenchmarks.'Lucene.NET flat scan',Rowles.LeanCorpus.Benchmarks,VectorQuantisationBenchmarks,'Lucene.NET flat scan',DefaultJob,Default,Default,Default,Default,Default,Default,Default,Default,Default,Default,Default,Default,Default,Default,Default,Default,Default,Default,Default,Default,Default,Default,Default,Default,Default,Default,Default,Default,Default,Default,Default,Default,Default,Default,Default,Default,Default,Default,Default,Default,Default,DefaultJob,Dimension=128&Quantisation=None,1,Workload,Actual,13,672101689,3,224033896.33,100,0,0,140000104
VectorQuantisationBenchmarks.'Lucene.NET flat scan',Rowles.LeanCorpus.Benchmarks,VectorQuantisationBenchmarks,'Lucene.NET flat scan',DefaultJob,Default,Default,Default,Default,Default,Default,Default,Default,Default,Default,Default,Default,Default,Default,Default,Default,Default,Default,Default,Default,Default,Default,Default,Default,Default,Default,Default,Default,Default,Default,Default,Default,Default,Default,Default,Default,Default,Default,Default,Default,Default,DefaultJob,Dimension=128&Quantisation=None,1,Workload,Actual,14,677314954,3,225771651.33,100,0,0,140000104
VectorQuantisationBenchmarks.'Lucene.NET flat scan',Rowles.LeanCorpus.Benchmarks,VectorQuantisationBenchmarks,'Lucene.NET flat scan',DefaultJob,Default,Default,Default,Default,Default,Default,Default,Default,Default,Default,Default,Default,Default,Default,Default,Default,Default,Default,Default,Default,Default,Default,Default,Default,Default,Default,Default,Default,Default,Default,Default,Default,Default,Default,Default,Default,Default,Default,Default,Default,Default,DefaultJob,Dimension=128&Quantisation=None,1,Workload,Actual,15,669542660,3,223180886.67,100,0,0,140000104
VectorQuantisationBenchmarks.'Lucene.NET flat scan',Rowles.LeanCorpus.Benchmarks,VectorQuantisationBenchmarks,'Lucene.NET flat scan',DefaultJob,Default,Default,Default,Default,Default,Default,Default,Default,Default,Default,Default,Default,Default,Default,Default,Default,Default,Default,Default,Default,Default,Default,Default,Default,Default,Default,Default,Default,Default,Default,Default,Default,Default,Default,Default,Default,Default,Default,Default,Default,Default,DefaultJob,Dimension=128&Quantisation=None,1,Workload,Extra,1,676200477,3,225400159,100,0,0,140000104
VectorQuantisationBenchmarks.'Lucene.NET flat scan',Rowles.LeanCorpus.Benchmarks,VectorQuantisationBenchmarks,'Lucene.NET flat scan',DefaultJob,Default,Default,Default,Default,Default,Default,Default,Default,Default,Default,Default,Default,Default,Default,Default,Default,Default,Default,Default,Default,Default,Default,Default,Default,Default,Default,Default,Default,Default,Default,Default,Default,Default,Default,Default,Default,Default,Default,Default,Default,Default,DefaultJob,Dimension=128&Quantisation=None,1,Workload,Result,1,672313504,3,224104501.33,100,0,0,140000104
VectorQuantisationBenchmarks.'Lucene.NET flat scan',Rowles.LeanCorpus.Benchmarks,VectorQuantisationBenchmarks,'Lucene.NET flat scan',DefaultJob,Default,Default,Default,Default,Default,Default,Default,Default,Default,Default,Default,Default,Default,Default,Default,Default,Default,Default,Default,Default,Default,Default,Default,Default,Default,Default,Default,Default,Default,Default,Default,Default,Default,Default,Default,Default,Default,Default,Default,Default,Default,DefaultJob,Dimension=128&Quantisation=None,1,Workload,Result,2,672896326,3,224298775.33,100,0,0,140000104
VectorQuantisationBenchmarks.'Lucene.NET flat scan',Rowles.LeanCorpus.Benchmarks,VectorQuantisationBenchmarks,'Lucene.NET flat scan',DefaultJob,Default,Default,Default,Default,Default,Default,Default,Default,Default,Default,Default,Default,Default,Default,Default,Default,Default,Default,Default,Default,Default,Default,Default,Default,Default,Default,Default,Default,Default,Default,Default,Default,Default,Default,Default,Default,Default,Default,Default,Default,Default,DefaultJob,Dimension=128&Quantisation=None,1,Workload,Result,3,680163717,3,226721239,100,0,0,140000104
VectorQuantisationBenchmarks.'Lucene.NET flat scan',Rowles.LeanCorpus.Benchmarks,VectorQuantisationBenchmarks,'Lucene.NET flat scan',DefaultJob,Default,Default,Default,Default,Default,Default,Default,Default,Default,Default,Default,Default,Default,Default,Default,Default,Default,Default,Default,Default,Default,Default,Default,Default,Default,Default,Default,Default,Default,Default,Default,Default,Default,Default,Default,Default,Default,Default,Default,Default,Default,DefaultJob,Dimension=128&Quantisation=None,1,Workload,Result,4,664894504,3,221631501.33,100,0,0,140000104
VectorQuantisationBenchmarks.'Lucene.NET flat scan',Rowles.LeanCorpus.Benchmarks,VectorQuantisationBenchmarks,'Lucene.NET flat scan',DefaultJob,Default,Default,Default,Default,Default,Default,Default,Default,Default,Default,Default,Default,Default,Default,Default,Default,Default,Default,Default,Default,Default,Default,Default,Default,Default,Default,Default,Default,Default,Default,Default,Default,Default,Default,Default,Default,Default,Default,Default,Default,Default,DefaultJob,Dimension=128&Quantisation=None,1,Workload,Result,5,673726141,3,224575380.33,100,0,0,140000104
VectorQuantisationBenchmarks.'Lucene.NET flat scan',Rowles.LeanCorpus.Benchmarks,VectorQuantisationBenchmarks,'Lucene.NET flat scan',DefaultJob,Default,Default,Default,Default,Default,Default,Default,Default,Default,Default,Default,Default,Default,Default,Default,Default,Default,Default,Default,Default,Default,Default,Default,Default,Default,Default,Default,Default,Default,Default,Default,Default,Default,Default,Default,Default,Default,Default,Default,Default,Default,DefaultJob,Dimension=128&Quantisation=None,1,Workload,Result,6,676024523,3,225341507.67,100,0,0,140000104
VectorQuantisationBenchmarks.'Lucene.NET flat scan',Rowles.LeanCorpus.Benchmarks,VectorQuantisationBenchmarks,'Lucene.NET flat scan',DefaultJob,Default,Default,Default,Default,Default,Default,Default,Default,Default,Default,Default,Default,Default,Default,Default,Default,Default,Default,Default,Default,Default,Default,Default,Default,Default,Default,Default,Default,Default,Default,Default,Default,Default,Default,Default,Default,Default,Default,Default,Default,Default,DefaultJob,Dimension=128&Quantisation=None,1,Workload,Result,7,676121230,3,225373743.33,100,0,0,140000104
VectorQuantisationBenchmarks.'Lucene.NET flat scan',Rowles.LeanCorpus.Benchmarks,VectorQuantisationBenchmarks,'Lucene.NET flat scan',DefaultJob,Default,Default,Default,Default,Default,Default,Default,Default,Default,Default,Default,Default,Default,Default,Default,Default,Default,Default,Default,Default,Default,Default,Default,Default,Default,Default,Default,Default,Default,Default,Default,Default,Default,Default,Default,Default,Default,Default,Default,Default,Default,DefaultJob,Dimension=128&Quantisation=None,1,Workload,Result,8,669388162,3,223129387.33,100,0,0,140000104
VectorQuantisationBenchmarks.'Lucene.NET flat scan',Rowles.LeanCorpus.Benchmarks,VectorQuantisationBenchmarks,'Lucene.NET flat scan',DefaultJob,Default,Default,Default,Default,Default,Default,Default,Default,Default,Default,Default,Default,Default,Default,Default,Default,Default,Default,Default,Default,Default,Default,Default,Default,Default,Default,Default,Default,Default,Default,Default,Default,Default,Default,Default,Default,Default,Default,Default,Default,Default,DefaultJob,Dimension=128&Quantisation=None,1,Workload,Result,9,675166395,3,225055465,100,0,0,140000104
VectorQuantisationBenchmarks.'Lucene.NET flat scan',Rowles.LeanCorpus.Benchmarks,VectorQuantisationBenchmarks,'Lucene.NET flat scan',DefaultJob,Default,Default,Default,Default,Default,Default,Default,Default,Default,Default,Default,Default,Default,Default,Default,Default,Default,Default,Default,Default,Default,Default,Default,Default,Default,Default,Default,Default,Default,Default,Default,Default,Default,Default,Default,Default,Default,Default,Default,Default,Default,DefaultJob,Dimension=128&Quantisation=None,1,Workload,Result,10,676903364,3,225634454.67,100,0,0,140000104
VectorQuantisationBenchmarks.'Lucene.NET flat scan',Rowles.LeanCorpus.Benchmarks,VectorQuantisationBenchmarks,'Lucene.NET flat scan',DefaultJob,Default,Default,Default,Default,Default,Default,Default,Default,Default,Default,Default,Default,Default,Default,Default,Default,Default,Default,Default,Default,Default,Default,Default,Default,Default,Default,Default,Default,Default,Default,Default,Default,Default,Default,Default,Default,Default,Default,Default,Default,Default,DefaultJob,Dimension=128&Quantisation=None,1,Workload,Result,11,677355866,3,225785288.67,100,0,0,140000104
VectorQuantisationBenchmarks.'Lucene.NET flat scan',Rowles.LeanCorpus.Benchmarks,VectorQuantisationBenchmarks,'Lucene.NET flat scan',DefaultJob,Default,Default,Default,Default,Default,Default,Default,Default,Default,Default,Default,Default,Default,Default,Default,Default,Default,Default,Default,Default,Default,Default,Default,Default,Default,Default,Default,Default,Default,Default,Default,Default,Default,Default,Default,Default,Default,Default,Default,Default,Default,DefaultJob,Dimension=128&Quantisation=None,1,Workload,Result,12,673466566,3,224488855.33,100,0,0,140000104
VectorQuantisationBenchmarks.'Lucene.NET flat scan',Rowles.LeanCorpus.Benchmarks,VectorQuantisationBenchmarks,'Lucene.NET flat scan',DefaultJob,Default,Default,Default,Default,Default,Default,Default,Default,Default,Default,Default,Default,Default,Default,Default,Default,Default,Default,Default,Default,Default,Default,Default,Default,Default,Default,Default,Default,Default,Default,Default,Default,Default,Default,Default,Default,Default,Default,Default,Default,Default,DefaultJob,Dimension=128&Quantisation=None,1,Workload,Result,13,672101689,3,224033896.33,100,0,0,140000104
VectorQuantisationBenchmarks.'Lucene.NET flat scan',Rowles.LeanCorpus.Benchmarks,VectorQuantisationBenchmarks,'Lucene.NET flat scan',DefaultJob,Default,Default,Default,Default,Default,Default,Default,Default,Default,Default,Default,Default,Default,Default,Default,Default,Default,Default,Default,Default,Default,Default,Default,Default,Default,Default,Default,Default,Default,Default,Default,Default,Default,Default,Default,Default,Default,Default,Default,Default,Default,DefaultJob,Dimension=128&Quantisation=None,1,Workload,Result,14,677314954,3,225771651.33,100,0,0,140000104
VectorQuantisationBenchmarks.'Lucene.NET flat scan',Rowles.LeanCorpus.Benchmarks,VectorQuantisationBenchmarks,'Lucene.NET flat scan',DefaultJob,Default,Default,Default,Default,Default,Default,Default,Default,Default,Default,Default,Default,Default,Default,Default,Default,Default,Default,Default,Default,Default,Default,Default,Default,Default,Default,Default,Default,Default,Default,Default,Default,Default,Default,Default,Default,Default,Default,Default,Default,Default,DefaultJob,Dimension=128&Quantisation=None,1,Workload,Result,15,669542660,3,223180886.67,100,0,0,140000104
VectorQuantisationBenchmarks.'HNSW search',Rowles.LeanCorpus.Benchmarks,VectorQuantisationBenchmarks,'HNSW search',DefaultJob,Default,Default,Default,Default,Default,Default,Default,Default,Default,Default,Default,Default,Default,Default,Default,Default,Default,Default,Default,Default,Default,Default,Default,Default,Default,Default,Default,Default,Default,Default,Default,Default,Default,Default,Default,Default,Default,Default,Default,Default,Default,DefaultJob,Dimension=128&Quantisation=Int8,1,Workload,Jitting,1,6160935,1,6160935,1,0,0,46348
VectorQuantisationBenchmarks.'HNSW search',Rowles.LeanCorpus.Benchmarks,VectorQuantisationBenchmarks,'HNSW search',DefaultJob,Default,Default,Default,Default,Default,Default,Default,Default,Default,Default,Default,Default,Default,Default,Default,Default,Default,Default,Default,Default,Default,Default,Default,Default,Default,Default,Default,Default,Default,Default,Default,Default,Default,Default,Default,Default,Default,Default,Default,Default,Default,DefaultJob,Dimension=128&Quantisation=Int8,1,Workload,Jitting,2,146905249,30,4896841.63,1,0,0,46348
VectorQuantisationBenchmarks.'HNSW search',Rowles.LeanCorpus.Benchmarks,VectorQuantisationBenchmarks,'HNSW search',DefaultJob,Default,Default,Default,Default,Default,Default,Default,Default,Default,Default,Default,Default,Default,Default,Default,Default,Default,Default,Default,Default,Default,Default,Default,Default,Default,Default,Default,Default,Default,Default,Default,Default,Default,Default,Default,Default,Default,Default,Default,Default,Default,DefaultJob,Dimension=128&Quantisation=Int8,1,Workload,Jitting,3,147187866,30,4906262.2,1,0,0,46348
VectorQuantisationBenchmarks.'HNSW search',Rowles.LeanCorpus.Benchmarks,VectorQuantisationBenchmarks,'HNSW search',DefaultJob,Default,Default,Default,Default,Default,Default,Default,Default,Default,Default,Default,Default,Default,Default,Default,Default,Default,Default,Default,Default,Default,Default,Default,Default,Default,Default,Default,Default,Default,Default,Default,Default,Default,Default,Default,Default,Default,Default,Default,Default,Default,DefaultJob,Dimension=128&Quantisation=Int8,1,Workload,Jitting,4,140525116,30,4684170.53,1,0,0,46348
VectorQuantisationBenchmarks.'HNSW search',Rowles.LeanCorpus.Benchmarks,VectorQuantisationBenchmarks,'HNSW search',DefaultJob,Default,Default,Default,Default,Default,Default,Default,Default,Default,Default,Default,Default,Default,Default,Default,Default,Default,Default,Default,Default,Default,Default,Default,Default,Default,Default,Default,Default,Default,Default,Default,Default,Default,Default,Default,Default,Default,Default,Default,Default,Default,DefaultJob,Dimension=128&Quantisation=Int8,1,Workload,Jitting,5,5985313,1,5985313,1,0,0,46348
VectorQuantisationBenchmarks.'HNSW search',Rowles.LeanCorpus.Benchmarks,VectorQuantisationBenchmarks,'HNSW search',DefaultJob,Default,Default,Default,Default,Default,Default,Default,Default,Default,Default,Default,Default,Default,Default,Default,Default,Default,Default,Default,Default,Default,Default,Default,Default,Default,Default,Default,Default,Default,Default,Default,Default,Default,Default,Default,Default,Default,Default,Default,Default,Default,DefaultJob,Dimension=128&Quantisation=Int8,1,Workload,Pilot,1,6192876,1,6192876,1,0,0,46348
VectorQuantisationBenchmarks.'HNSW search',Rowles.LeanCorpus.Benchmarks,VectorQuantisationBenchmarks,'HNSW search',DefaultJob,Default,Default,Default,Default,Default,Default,Default,Default,Default,Default,Default,Default,Default,Default,Default,Default,Default,Default,Default,Default,Default,Default,Default,Default,Default,Default,Default,Default,Default,Default,Default,Default,Default,Default,Default,Default,Default,Default,Default,Default,Default,DefaultJob,Dimension=128&Quantisation=Int8,1,Workload,Pilot,1,80565999,16,5035374.94,1,0,0,46348
VectorQuantisationBenchmarks.'HNSW search',Rowles.LeanCorpus.Benchmarks,VectorQuantisationBenchmarks,'HNSW search',DefaultJob,Default,Default,Default,Default,Default,Default,Default,Default,Default,Default,Default,Default,Default,Default,Default,Default,Default,Default,Default,Default,Default,Default,Default,Default,Default,Default,Default,Default,Default,Default,Default,Default,Default,Default,Default,Default,Default,Default,Default,Default,Default,DefaultJob,Dimension=128&Quantisation=Int8,1,Workload,Pilot,2,149037584,32,4657424.5,1,0,0,46348
VectorQuantisationBenchmarks.'HNSW search',Rowles.LeanCorpus.Benchmarks,VectorQuantisationBenchmarks,'HNSW search',DefaultJob,Default,Default,Default,Default,Default,Default,Default,Default,Default,Default,Default,Default,Default,Default,Default,Default,Default,Default,Default,Default,Default,Default,Default,Default,Default,Default,Default,Default,Default,Default,Default,Default,Default,Default,Default,Default,Default,Default,Default,Default,Default,DefaultJob,Dimension=128&Quantisation=Int8,1,Workload,Pilot,3,298126483,64,4658226.3,1,0,0,46348
VectorQuantisationBenchmarks.'HNSW search',Rowles.LeanCorpus.Benchmarks,VectorQuantisationBenchmarks,'HNSW search',DefaultJob,Default,Default,Default,Default,Default,Default,Default,Default,Default,Default,Default,Default,Default,Default,Default,Default,Default,Default,Default,Default,Default,Default,Default,Default,Default,Default,Default,Default,Default,Default,Default,Default,Default,Default,Default,Default,Default,Default,Default,Default,Default,DefaultJob,Dimension=128&Quantisation=Int8,1,Workload,Pilot,4,596976697,128,4663880.45,1,0,0,46348
VectorQuantisationBenchmarks.'HNSW search',Rowles.LeanCorpus.Benchmarks,VectorQuantisationBenchmarks,'HNSW search',DefaultJob,Default,Default,Default,Default,Default,Default,Default,Default,Default,Default,Default,Default,Default,Default,Default,Default,Default,Default,Default,Default,Default,Default,Default,Default,Default,Default,Default,Default,Default,Default,Default,Default,Default,Default,Default,Default,Default,Default,Default,Default,Default,DefaultJob,Dimension=128&Quantisation=Int8,1,Workload,Warmup,1,594002839,128,4640647.18,1,0,0,46348
VectorQuantisationBenchmarks.'HNSW search',Rowles.LeanCorpus.Benchmarks,VectorQuantisationBenchmarks,'HNSW search',DefaultJob,Default,Default,Default,Default,Default,Default,Default,Default,Default,Default,Default,Default,Default,Default,Default,Default,Default,Default,Default,Default,Default,Default,Default,Default,Default,Default,Default,Default,Default,Default,Default,Default,Default,Default,Default,Default,Default,Default,Default,Default,Default,DefaultJob,Dimension=128&Quantisation=Int8,1,Workload,Warmup,2,593023900,128,4632999.22,1,0,0,46348
VectorQuantisationBenchmarks.'HNSW search',Rowles.LeanCorpus.Benchmarks,VectorQuantisationBenchmarks,'HNSW search',DefaultJob,Default,Default,Default,Default,Default,Default,Default,Default,Default,Default,Default,Default,Default,Default,Default,Default,Default,Default,Default,Default,Default,Default,Default,Default,Default,Default,Default,Default,Default,Default,Default,Default,Default,Default,Default,Default,Default,Default,Default,Default,Default,DefaultJob,Dimension=128&Quantisation=Int8,1,Workload,Warmup,3,587302253,128,4588298.85,1,0,0,46348
VectorQuantisationBenchmarks.'HNSW search',Rowles.LeanCorpus.Benchmarks,VectorQuantisationBenchmarks,'HNSW search',DefaultJob,Default,Default,Default,Default,Default,Default,Default,Default,Default,Default,Default,Default,Default,Default,Default,Default,Default,Default,Default,Default,Default,Default,Default,Default,Default,Default,Default,Default,Default,Default,Default,Default,Default,Default,Default,Default,Default,Default,Default,Default,Default,DefaultJob,Dimension=128&Quantisation=Int8,1,Workload,Warmup,4,587647067,128,4590992.71,1,0,0,46348
VectorQuantisationBenchmarks.'HNSW search',Rowles.LeanCorpus.Benchmarks,VectorQuantisationBenchmarks,'HNSW search',DefaultJob,Default,Default,Default,Default,Default,Default,Default,Default,Default,Default,Default,Default,Default,Default,Default,Default,Default,Default,Default,Default,Default,Default,Default,Default,Default,Default,Default,Default,Default,Default,Default,Default,Default,Default,Default,Default,Default,Default,Default,Default,Default,DefaultJob,Dimension=128&Quantisation=Int8,1,Workload,Warmup,5,595079952,128,4649062.13,1,0,0,46348
VectorQuantisationBenchmarks.'HNSW search',Rowles.LeanCorpus.Benchmarks,VectorQuantisationBenchmarks,'HNSW search',DefaultJob,Default,Default,Default,Default,Default,Default,Default,Default,Default,Default,Default,Default,Default,Default,Default,Default,Default,Default,Default,Default,Default,Default,Default,Default,Default,Default,Default,Default,Default,Default,Default,Default,Default,Default,Default,Default,Default,Default,Default,Default,Default,DefaultJob,Dimension=128&Quantisation=Int8,1,Workload,Warmup,6,596295921,128,4658561.88,1,0,0,46348
VectorQuantisationBenchmarks.'HNSW search',Rowles.LeanCorpus.Benchmarks,VectorQuantisationBenchmarks,'HNSW search',DefaultJob,Default,Default,Default,Default,Default,Default,Default,Default,Default,Default,Default,Default,Default,Default,Default,Default,Default,Default,Default,Default,Default,Default,Default,Default,Default,Default,Default,Default,Default,Default,Default,Default,Default,Default,Default,Default,Default,Default,Default,Default,Default,DefaultJob,Dimension=128&Quantisation=Int8,1,Workload,Warmup,7,602255567,128,4705121.62,1,0,0,46348
VectorQuantisationBenchmarks.'HNSW search',Rowles.LeanCorpus.Benchmarks,VectorQuantisationBenchmarks,'HNSW search',DefaultJob,Default,Default,Default,Default,Default,Default,Default,Default,Default,Default,Default,Default,Default,Default,Default,Default,Default,Default,Default,Default,Default,Default,Default,Default,Default,Default,Default,Default,Default,Default,Default,Default,Default,Default,Default,Default,Default,Default,Default,Default,Default,DefaultJob,Dimension=128&Quantisation=Int8,1,Workload,Warmup,8,589174228,128,4602923.66,1,0,0,46348
VectorQuantisationBenchmarks.'HNSW search',Rowles.LeanCorpus.Benchmarks,VectorQuantisationBenchmarks,'HNSW search',DefaultJob,Default,Default,Default,Default,Default,Default,Default,Default,Default,Default,Default,Default,Default,Default,Default,Default,Default,Default,Default,Default,Default,Default,Default,Default,Default,Default,Default,Default,Default,Default,Default,Default,Default,Default,Default,Default,Default,Default,Default,Default,Default,DefaultJob,Dimension=128&Quantisation=Int8,1,Workload,Warmup,9,588190345,128,4595237.07,1,0,0,46348
VectorQuantisationBenchmarks.'HNSW search',Rowles.LeanCorpus.Benchmarks,VectorQuantisationBenchmarks,'HNSW search',DefaultJob,Default,Default,Default,Default,Default,Default,Default,Default,Default,Default,Default,Default,Default,Default,Default,Default,Default,Default,Default,Default,Default,Default,Default,Default,Default,Default,Default,Default,Default,Default,Default,Default,Default,Default,Default,Default,Default,Default,Default,Default,Default,DefaultJob,Dimension=128&Quantisation=Int8,1,Workload,Warmup,10,596754414,128,4662143.86,1,0,0,46348
VectorQuantisationBenchmarks.'HNSW search',Rowles.LeanCorpus.Benchmarks,VectorQuantisationBenchmarks,'HNSW search',DefaultJob,Default,Default,Default,Default,Default,Default,Default,Default,Default,Default,Default,Default,Default,Default,Default,Default,Default,Default,Default,Default,Default,Default,Default,Default,Default,Default,Default,Default,Default,Default,Default,Default,Default,Default,Default,Default,Default,Default,Default,Default,Default,DefaultJob,Dimension=128&Quantisation=Int8,1,Workload,Warmup,11,596099442,128,4657026.89,1,0,0,46348
VectorQuantisationBenchmarks.'HNSW search',Rowles.LeanCorpus.Benchmarks,VectorQuantisationBenchmarks,'HNSW search',DefaultJob,Default,Default,Default,Default,Default,Default,Default,Default,Default,Default,Default,Default,Default,Default,Default,Default,Default,Default,Default,Default,Default,Default,Default,Default,Default,Default,Default,Default,Default,Default,Default,Default,Default,Default,Default,Default,Default,Default,Default,Default,Default,DefaultJob,Dimension=128&Quantisation=Int8,1,Workload,Actual,1,594645905,128,4645671.13,1,0,0,46348
VectorQuantisationBenchmarks.'HNSW search',Rowles.LeanCorpus.Benchmarks,VectorQuantisationBenchmarks,'HNSW search',DefaultJob,Default,Default,Default,Default,Default,Default,Default,Default,Default,Default,Default,Default,Default,Default,Default,Default,Default,Default,Default,Default,Default,Default,Default,Default,Default,Default,Default,Default,Default,Default,Default,Default,Default,Default,Default,Default,Default,Default,Default,Default,Default,DefaultJob,Dimension=128&Quantisation=Int8,1,Workload,Actual,2,589000297,128,4601564.82,1,0,0,46348
VectorQuantisationBenchmarks.'HNSW search',Rowles.LeanCorpus.Benchmarks,VectorQuantisationBenchmarks,'HNSW search',DefaultJob,Default,Default,Default,Default,Default,Default,Default,Default,Default,Default,Default,Default,Default,Default,Default,Default,Default,Default,Default,Default,Default,Default,Default,Default,Default,Default,Default,Default,Default,Default,Default,Default,Default,Default,Default,Default,Default,Default,Default,Default,Default,DefaultJob,Dimension=128&Quantisation=Int8,1,Workload,Actual,3,588934499,128,4601050.77,1,0,0,46348
VectorQuantisationBenchmarks.'HNSW search',Rowles.LeanCorpus.Benchmarks,VectorQuantisationBenchmarks,'HNSW search',DefaultJob,Default,Default,Default,Default,Default,Default,Default,Default,Default,Default,Default,Default,Default,Default,Default,Default,Default,Default,Default,Default,Default,Default,Default,Default,Default,Default,Default,Default,Default,Default,Default,Default,Default,Default,Default,Default,Default,Default,Default,Default,Default,DefaultJob,Dimension=128&Quantisation=Int8,1,Workload,Actual,4,597601161,128,4668759.07,1,0,0,46348
VectorQuantisationBenchmarks.'HNSW search',Rowles.LeanCorpus.Benchmarks,VectorQuantisationBenchmarks,'HNSW search',DefaultJob,Default,Default,Default,Default,Default,Default,Default,Default,Default,Default,Default,Default,Default,Default,Default,Default,Default,Default,Default,Default,Default,Default,Default,Default,Default,Default,Default,Default,Default,Default,Default,Default,Default,Default,Default,Default,Default,Default,Default,Default,Default,DefaultJob,Dimension=128&Quantisation=Int8,1,Workload,Actual,5,580532786,128,4535412.39,1,0,0,46348
VectorQuantisationBenchmarks.'HNSW search',Rowles.LeanCorpus.Benchmarks,VectorQuantisationBenchmarks,'HNSW search',DefaultJob,Default,Default,Default,Default,Default,Default,Default,Default,Default,Default,Default,Default,Default,Default,Default,Default,Default,Default,Default,Default,Default,Default,Default,Default,Default,Default,Default,Default,Default,Default,Default,Default,Default,Default,Default,Default,Default,Default,Default,Default,Default,DefaultJob,Dimension=128&Quantisation=Int8,1,Workload,Actual,6,586419850,128,4581405.08,1,0,0,46348
VectorQuantisationBenchmarks.'HNSW search',Rowles.LeanCorpus.Benchmarks,VectorQuantisationBenchmarks,'HNSW search',DefaultJob,Default,Default,Default,Default,Default,Default,Default,Default,Default,Default,Default,Default,Default,Default,Default,Default,Default,Default,Default,Default,Default,Default,Default,Default,Default,Default,Default,Default,Default,Default,Default,Default,Default,Default,Default,Default,Default,Default,Default,Default,Default,DefaultJob,Dimension=128&Quantisation=Int8,1,Workload,Actual,7,590504541,128,4613316.73,1,0,0,46348
VectorQuantisationBenchmarks.'HNSW search',Rowles.LeanCorpus.Benchmarks,VectorQuantisationBenchmarks,'HNSW search',DefaultJob,Default,Default,Default,Default,Default,Default,Default,Default,Default,Default,Default,Default,Default,Default,Default,Default,Default,Default,Default,Default,Default,Default,Default,Default,Default,Default,Default,Default,Default,Default,Default,Default,Default,Default,Default,Default,Default,Default,Default,Default,Default,DefaultJob,Dimension=128&Quantisation=Int8,1,Workload,Actual,8,589921487,128,4608761.62,1,0,0,46348
VectorQuantisationBenchmarks.'HNSW search',Rowles.LeanCorpus.Benchmarks,VectorQuantisationBenchmarks,'HNSW search',DefaultJob,Default,Default,Default,Default,Default,Default,Default,Default,Default,Default,Default,Default,Default,Default,Default,Default,Default,Default,Default,Default,Default,Default,Default,Default,Default,Default,Default,Default,Default,Default,Default,Default,Default,Default,Default,Default,Default,Default,Default,Default,Default,DefaultJob,Dimension=128&Quantisation=Int8,1,Workload,Actual,9,590929572,128,4616637.28,1,0,0,46348
VectorQuantisationBenchmarks.'HNSW search',Rowles.LeanCorpus.Benchmarks,VectorQuantisationBenchmarks,'HNSW search',DefaultJob,Default,Default,Default,Default,Default,Default,Default,Default,Default,Default,Default,Default,Default,Default,Default,Default,Default,Default,Default,Default,Default,Default,Default,Default,Default,Default,Default,Default,Default,Default,Default,Default,Default,Default,Default,Default,Default,Default,Default,Default,Default,DefaultJob,Dimension=128&Quantisation=Int8,1,Workload,Actual,10,604277862,128,4720920.8,1,0,0,46348
VectorQuantisationBenchmarks.'HNSW search',Rowles.LeanCorpus.Benchmarks,VectorQuantisationBenchmarks,'HNSW search',DefaultJob,Default,Default,Default,Default,Default,Default,Default,Default,Default,Default,Default,Default,Default,Default,Default,Default,Default,Default,Default,Default,Default,Default,Default,Default,Default,Default,Default,Default,Default,Default,Default,Default,Default,Default,Default,Default,Default,Default,Default,Default,Default,DefaultJob,Dimension=128&Quantisation=Int8,1,Workload,Actual,11,587676453,128,4591222.29,1,0,0,46348
VectorQuantisationBenchmarks.'HNSW search',Rowles.LeanCorpus.Benchmarks,VectorQuantisationBenchmarks,'HNSW search',DefaultJob,Default,Default,Default,Default,Default,Default,Default,Default,Default,Default,Default,Default,Default,Default,Default,Default,Default,Default,Default,Default,Default,Default,Default,Default,Default,Default,Default,Default,Default,Default,Default,Default,Default,Default,Default,Default,Default,Default,Default,Default,Default,DefaultJob,Dimension=128&Quantisation=Int8,1,Workload,Actual,12,595366140,128,4651297.97,1,0,0,46348
VectorQuantisationBenchmarks.'HNSW search',Rowles.LeanCorpus.Benchmarks,VectorQuantisationBenchmarks,'HNSW search',DefaultJob,Default,Default,Default,Default,Default,Default,Default,Default,Default,Default,Default,Default,Default,Default,Default,Default,Default,Default,Default,Default,Default,Default,Default,Default,Default,Default,Default,Default,Default,Default,Default,Default,Default,Default,Default,Default,Default,Default,Default,Default,Default,DefaultJob,Dimension=128&Quantisation=Int8,1,Workload,Actual,13,599126702,128,4680677.36,1,0,0,46348
VectorQuantisationBenchmarks.'HNSW search',Rowles.LeanCorpus.Benchmarks,VectorQuantisationBenchmarks,'HNSW search',DefaultJob,Default,Default,Default,Default,Default,Default,Default,Default,Default,Default,Default,Default,Default,Default,Default,Default,Default,Default,Default,Default,Default,Default,Default,Default,Default,Default,Default,Default,Default,Default,Default,Default,Default,Default,Default,Default,Default,Default,Default,Default,Default,DefaultJob,Dimension=128&Quantisation=Int8,1,Workload,Actual,14,596792618,128,4662442.33,1,0,0,46348
VectorQuantisationBenchmarks.'HNSW search',Rowles.LeanCorpus.Benchmarks,VectorQuantisationBenchmarks,'HNSW search',DefaultJob,Default,Default,Default,Default,Default,Default,Default,Default,Default,Default,Default,Default,Default,Default,Default,Default,Default,Default,Default,Default,Default,Default,Default,Default,Default,Default,Default,Default,Default,Default,Default,Default,Default,Default,Default,Default,Default,Default,Default,Default,Default,DefaultJob,Dimension=128&Quantisation=Int8,1,Workload,Actual,15,596792404,128,4662440.66,1,0,0,46348
VectorQuantisationBenchmarks.'HNSW search',Rowles.LeanCorpus.Benchmarks,VectorQuantisationBenchmarks,'HNSW search',DefaultJob,Default,Default,Default,Default,Default,Default,Default,Default,Default,Default,Default,Default,Default,Default,Default,Default,Default,Default,Default,Default,Default,Default,Default,Default,Default,Default,Default,Default,Default,Default,Default,Default,Default,Default,Default,Default,Default,Default,Default,Default,Default,DefaultJob,Dimension=128&Quantisation=Int8,1,Workload,Extra,1,595676884,128,4653725.66,1,0,0,46348
VectorQuantisationBenchmarks.'HNSW search',Rowles.LeanCorpus.Benchmarks,VectorQuantisationBenchmarks,'HNSW search',DefaultJob,Default,Default,Default,Default,Default,Default,Default,Default,Default,Default,Default,Default,Default,Default,Default,Default,Default,Default,Default,Default,Default,Default,Default,Default,Default,Default,Default,Default,Default,Default,Default,Default,Default,Default,Default,Default,Default,Default,Default,Default,Default,DefaultJob,Dimension=128&Quantisation=Int8,1,Workload,Result,1,594645905,128,4645671.13,1,0,0,46348
VectorQuantisationBenchmarks.'HNSW search',Rowles.LeanCorpus.Benchmarks,VectorQuantisationBenchmarks,'HNSW search',DefaultJob,Default,Default,Default,Default,Default,Default,Default,Default,Default,Default,Default,Default,Default,Default,Default,Default,Default,Default,Default,Default,Default,Default,Default,Default,Default,Default,Default,Default,Default,Default,Default,Default,Default,Default,Default,Default,Default,Default,Default,Default,Default,DefaultJob,Dimension=128&Quantisation=Int8,1,Workload,Result,2,589000297,128,4601564.82,1,0,0,46348
VectorQuantisationBenchmarks.'HNSW search',Rowles.LeanCorpus.Benchmarks,VectorQuantisationBenchmarks,'HNSW search',DefaultJob,Default,Default,Default,Default,Default,Default,Default,Default,Default,Default,Default,Default,Default,Default,Default,Default,Default,Default,Default,Default,Default,Default,Default,Default,Default,Default,Default,Default,Default,Default,Default,Default,Default,Default,Default,Default,Default,Default,Default,Default,Default,DefaultJob,Dimension=128&Quantisation=Int8,1,Workload,Result,3,588934499,128,4601050.77,1,0,0,46348
VectorQuantisationBenchmarks.'HNSW search',Rowles.LeanCorpus.Benchmarks,VectorQuantisationBenchmarks,'HNSW search',DefaultJob,Default,Default,Default,Default,Default,Default,Default,Default,Default,Default,Default,Default,Default,Default,Default,Default,Default,Default,Default,Default,Default,Default,Default,Default,Default,Default,Default,Default,Default,Default,Default,Default,Default,Default,Default,Default,Default,Default,Default,Default,Default,DefaultJob,Dimension=128&Quantisation=Int8,1,Workload,Result,4,597601161,128,4668759.07,1,0,0,46348
VectorQuantisationBenchmarks.'HNSW search',Rowles.LeanCorpus.Benchmarks,VectorQuantisationBenchmarks,'HNSW search',DefaultJob,Default,Default,Default,Default,Default,Default,Default,Default,Default,Default,Default,Default,Default,Default,Default,Default,Default,Default,Default,Default,Default,Default,Default,Default,Default,Default,Default,Default,Default,Default,Default,Default,Default,Default,Default,Default,Default,Default,Default,Default,Default,DefaultJob,Dimension=128&Quantisation=Int8,1,Workload,Result,5,580532786,128,4535412.39,1,0,0,46348
VectorQuantisationBenchmarks.'HNSW search',Rowles.LeanCorpus.Benchmarks,VectorQuantisationBenchmarks,'HNSW search',DefaultJob,Default,Default,Default,Default,Default,Default,Default,Default,Default,Default,Default,Default,Default,Default,Default,Default,Default,Default,Default,Default,Default,Default,Default,Default,Default,Default,Default,Default,Default,Default,Default,Default,Default,Default,Default,Default,Default,Default,Default,Default,Default,DefaultJob,Dimension=128&Quantisation=Int8,1,Workload,Result,6,586419850,128,4581405.08,1,0,0,46348
VectorQuantisationBenchmarks.'HNSW search',Rowles.LeanCorpus.Benchmarks,VectorQuantisationBenchmarks,'HNSW search',DefaultJob,Default,Default,Default,Default,Default,Default,Default,Default,Default,Default,Default,Default,Default,Default,Default,Default,Default,Default,Default,Default,Default,Default,Default,Default,Default,Default,Default,Default,Default,Default,Default,Default,Default,Default,Default,Default,Default,Default,Default,Default,Default,DefaultJob,Dimension=128&Quantisation=Int8,1,Workload,Result,7,590504541,128,4613316.73,1,0,0,46348
VectorQuantisationBenchmarks.'HNSW search',Rowles.LeanCorpus.Benchmarks,VectorQuantisationBenchmarks,'HNSW search',DefaultJob,Default,Default,Default,Default,Default,Default,Default,Default,Default,Default,Default,Default,Default,Default,Default,Default,Default,Default,Default,Default,Default,Default,Default,Default,Default,Default,Default,Default,Default,Default,Default,Default,Default,Default,Default,Default,Default,Default,Default,Default,Default,DefaultJob,Dimension=128&Quantisation=Int8,1,Workload,Result,8,589921487,128,4608761.62,1,0,0,46348
VectorQuantisationBenchmarks.'HNSW search',Rowles.LeanCorpus.Benchmarks,VectorQuantisationBenchmarks,'HNSW search',DefaultJob,Default,Default,Default,Default,Default,Default,Default,Default,Default,Default,Default,Default,Default,Default,Default,Default,Default,Default,Default,Default,Default,Default,Default,Default,Default,Default,Default,Default,Default,Default,Default,Default,Default,Default,Default,Default,Default,Default,Default,Default,Default,DefaultJob,Dimension=128&Quantisation=Int8,1,Workload,Result,9,590929572,128,4616637.28,1,0,0,46348
VectorQuantisationBenchmarks.'HNSW search',Rowles.LeanCorpus.Benchmarks,VectorQuantisationBenchmarks,'HNSW search',DefaultJob,Default,Default,Default,Default,Default,Default,Default,Default,Default,Default,Default,Default,Default,Default,Default,Default,Default,Default,Default,Default,Default,Default,Default,Default,Default,Default,Default,Default,Default,Default,Default,Default,Default,Default,Default,Default,Default,Default,Default,Default,Default,DefaultJob,Dimension=128&Quantisation=Int8,1,Workload,Result,10,604277862,128,4720920.8,1,0,0,46348
VectorQuantisationBenchmarks.'HNSW search',Rowles.LeanCorpus.Benchmarks,VectorQuantisationBenchmarks,'HNSW search',DefaultJob,Default,Default,Default,Default,Default,Default,Default,Default,Default,Default,Default,Default,Default,Default,Default,Default,Default,Default,Default,Default,Default,Default,Default,Default,Default,Default,Default,Default,Default,Default,Default,Default,Default,Default,Default,Default,Default,Default,Default,Default,Default,DefaultJob,Dimension=128&Quantisation=Int8,1,Workload,Result,11,587676453,128,4591222.29,1,0,0,46348
VectorQuantisationBenchmarks.'HNSW search',Rowles.LeanCorpus.Benchmarks,VectorQuantisationBenchmarks,'HNSW search',DefaultJob,Default,Default,Default,Default,Default,Default,Default,Default,Default,Default,Default,Default,Default,Default,Default,Default,Default,Default,Default,Default,Default,Default,Default,Default,Default,Default,Default,Default,Default,Default,Default,Default,Default,Default,Default,Default,Default,Default,Default,Default,Default,DefaultJob,Dimension=128&Quantisation=Int8,1,Workload,Result,12,595366140,128,4651297.97,1,0,0,46348
VectorQuantisationBenchmarks.'HNSW search',Rowles.LeanCorpus.Benchmarks,VectorQuantisationBenchmarks,'HNSW search',DefaultJob,Default,Default,Default,Default,Default,Default,Default,Default,Default,Default,Default,Default,Default,Default,Default,Default,Default,Default,Default,Default,Default,Default,Default,Default,Default,Default,Default,Default,Default,Default,Default,Default,Default,Default,Default,Default,Default,Default,Default,Default,Default,DefaultJob,Dimension=128&Quantisation=Int8,1,Workload,Result,13,599126702,128,4680677.36,1,0,0,46348
VectorQuantisationBenchmarks.'HNSW search',Rowles.LeanCorpus.Benchmarks,VectorQuantisationBenchmarks,'HNSW search',DefaultJob,Default,Default,Default,Default,Default,Default,Default,Default,Default,Default,Default,Default,Default,Default,Default,Default,Default,Default,Default,Default,Default,Default,Default,Default,Default,Default,Default,Default,Default,Default,Default,Default,Default,Default,Default,Default,Default,Default,Default,Default,Default,DefaultJob,Dimension=128&Quantisation=Int8,1,Workload,Result,14,596792618,128,4662442.33,1,0,0,46348
VectorQuantisationBenchmarks.'HNSW search',Rowles.LeanCorpus.Benchmarks,VectorQuantisationBenchmarks,'HNSW search',DefaultJob,Default,Default,Default,Default,Default,Default,Default,Default,Default,Default,Default,Default,Default,Default,Default,Default,Default,Default,Default,Default,Default,Default,Default,Default,Default,Default,Default,Default,Default,Default,Default,Default,Default,Default,Default,Default,Default,Default,Default,Default,Default,DefaultJob,Dimension=128&Quantisation=Int8,1,Workload,Result,15,596792404,128,4662440.66,1,0,0,46348
VectorQuantisationBenchmarks.'Lucene.NET flat scan',Rowles.LeanCorpus.Benchmarks,VectorQuantisationBenchmarks,'Lucene.NET flat scan',DefaultJob,Default,Default,Default,Default,Default,Default,Default,Default,Default,Default,Default,Default,Default,Default,Default,Default,Default,Default,Default,Default,Default,Default,Default,Default,Default,Default,Default,Default,Default,Default,Default,Default,Default,Default,Default,Default,Default,Default,Default,Default,Default,DefaultJob,Dimension=128&Quantisation=Int8,1,Workload,Jitting,1,291824153,1,291824153,100,0,0,140000104
VectorQuantisationBenchmarks.'Lucene.NET flat scan',Rowles.LeanCorpus.Benchmarks,VectorQuantisationBenchmarks,'Lucene.NET flat scan',DefaultJob,Default,Default,Default,Default,Default,Default,Default,Default,Default,Default,Default,Default,Default,Default,Default,Default,Default,Default,Default,Default,Default,Default,Default,Default,Default,Default,Default,Default,Default,Default,Default,Default,Default,Default,Default,Default,Default,Default,Default,Default,Default,DefaultJob,Dimension=128&Quantisation=Int8,1,Workload,Jitting,2,7011362389,30,233712079.63,100,0,0,140000104
VectorQuantisationBenchmarks.'Lucene.NET flat scan',Rowles.LeanCorpus.Benchmarks,VectorQuantisationBenchmarks,'Lucene.NET flat scan',DefaultJob,Default,Default,Default,Default,Default,Default,Default,Default,Default,Default,Default,Default,Default,Default,Default,Default,Default,Default,Default,Default,Default,Default,Default,Default,Default,Default,Default,Default,Default,Default,Default,Default,Default,Default,Default,Default,Default,Default,Default,Default,Default,DefaultJob,Dimension=128&Quantisation=Int8,1,Workload,Jitting,3,2525823711,11,229620337.36,100,0,0,140000104
VectorQuantisationBenchmarks.'Lucene.NET flat scan',Rowles.LeanCorpus.Benchmarks,VectorQuantisationBenchmarks,'Lucene.NET flat scan',DefaultJob,Default,Default,Default,Default,Default,Default,Default,Default,Default,Default,Default,Default,Default,Default,Default,Default,Default,Default,Default,Default,Default,Default,Default,Default,Default,Default,Default,Default,Default,Default,Default,Default,Default,Default,Default,Default,Default,Default,Default,Default,Default,DefaultJob,Dimension=128&Quantisation=Int8,1,Workload,Jitting,4,229623060,1,229623060,100,0,0,140000104
VectorQuantisationBenchmarks.'Lucene.NET flat scan',Rowles.LeanCorpus.Benchmarks,VectorQuantisationBenchmarks,'Lucene.NET flat scan',DefaultJob,Default,Default,Default,Default,Default,Default,Default,Default,Default,Default,Default,Default,Default,Default,Default,Default,Default,Default,Default,Default,Default,Default,Default,Default,Default,Default,Default,Default,Default,Default,Default,Default,Default,Default,Default,Default,Default,Default,Default,Default,Default,DefaultJob,Dimension=128&Quantisation=Int8,1,Workload,Pilot,1,456145918,2,228072959,100,0,0,140000104
VectorQuantisationBenchmarks.'Lucene.NET flat scan',Rowles.LeanCorpus.Benchmarks,VectorQuantisationBenchmarks,'Lucene.NET flat scan',DefaultJob,Default,Default,Default,Default,Default,Default,Default,Default,Default,Default,Default,Default,Default,Default,Default,Default,Default,Default,Default,Default,Default,Default,Default,Default,Default,Default,Default,Default,Default,Default,Default,Default,Default,Default,Default,Default,Default,Default,Default,Default,Default,DefaultJob,Dimension=128&Quantisation=Int8,1,Workload,Pilot,2,691333501,3,230444500.33,100,0,0,140000104
VectorQuantisationBenchmarks.'Lucene.NET flat scan',Rowles.LeanCorpus.Benchmarks,VectorQuantisationBenchmarks,'Lucene.NET flat scan',DefaultJob,Default,Default,Default,Default,Default,Default,Default,Default,Default,Default,Default,Default,Default,Default,Default,Default,Default,Default,Default,Default,Default,Default,Default,Default,Default,Default,Default,Default,Default,Default,Default,Default,Default,Default,Default,Default,Default,Default,Default,Default,Default,DefaultJob,Dimension=128&Quantisation=Int8,1,Workload,Warmup,1,686112584,3,228704194.67,100,0,0,140000104
VectorQuantisationBenchmarks.'Lucene.NET flat scan',Rowles.LeanCorpus.Benchmarks,VectorQuantisationBenchmarks,'Lucene.NET flat scan',DefaultJob,Default,Default,Default,Default,Default,Default,Default,Default,Default,Default,Default,Default,Default,Default,Default,Default,Default,Default,Default,Default,Default,Default,Default,Default,Default,Default,Default,Default,Default,Default,Default,Default,Default,Default,Default,Default,Default,Default,Default,Default,Default,DefaultJob,Dimension=128&Quantisation=Int8,1,Workload,Warmup,2,688552507,3,229517502.33,100,0,0,140000104
VectorQuantisationBenchmarks.'Lucene.NET flat scan',Rowles.LeanCorpus.Benchmarks,VectorQuantisationBenchmarks,'Lucene.NET flat scan',DefaultJob,Default,Default,Default,Default,Default,Default,Default,Default,Default,Default,Default,Default,Default,Default,Default,Default,Default,Default,Default,Default,Default,Default,Default,Default,Default,Default,Default,Default,Default,Default,Default,Default,Default,Default,Default,Default,Default,Default,Default,Default,Default,DefaultJob,Dimension=128&Quantisation=Int8,1,Workload,Warmup,3,687530197,3,229176732.33,100,0,0,140000104
VectorQuantisationBenchmarks.'Lucene.NET flat scan',Rowles.LeanCorpus.Benchmarks,VectorQuantisationBenchmarks,'Lucene.NET flat scan',DefaultJob,Default,Default,Default,Default,Default,Default,Default,Default,Default,Default,Default,Default,Default,Default,Default,Default,Default,Default,Default,Default,Default,Default,Default,Default,Default,Default,Default,Default,Default,Default,Default,Default,Default,Default,Default,Default,Default,Default,Default,Default,Default,DefaultJob,Dimension=128&Quantisation=Int8,1,Workload,Warmup,4,684491583,3,228163861,100,0,0,140000104
VectorQuantisationBenchmarks.'Lucene.NET flat scan',Rowles.LeanCorpus.Benchmarks,VectorQuantisationBenchmarks,'Lucene.NET flat scan',DefaultJob,Default,Default,Default,Default,Default,Default,Default,Default,Default,Default,Default,Default,Default,Default,Default,Default,Default,Default,Default,Default,Default,Default,Default,Default,Default,Default,Default,Default,Default,Default,Default,Default,Default,Default,Default,Default,Default,Default,Default,Default,Default,DefaultJob,Dimension=128&Quantisation=Int8,1,Workload,Warmup,5,678159507,3,226053169,100,0,0,140000104
VectorQuantisationBenchmarks.'Lucene.NET flat scan',Rowles.LeanCorpus.Benchmarks,VectorQuantisationBenchmarks,'Lucene.NET flat scan',DefaultJob,Default,Default,Default,Default,Default,Default,Default,Default,Default,Default,Default,Default,Default,Default,Default,Default,Default,Default,Default,Default,Default,Default,Default,Default,Default,Default,Default,Default,Default,Default,Default,Default,Default,Default,Default,Default,Default,Default,Default,Default,Default,DefaultJob,Dimension=128&Quantisation=Int8,1,Workload,Warmup,6,675955674,3,225318558,100,0,0,140000104
VectorQuantisationBenchmarks.'Lucene.NET flat scan',Rowles.LeanCorpus.Benchmarks,VectorQuantisationBenchmarks,'Lucene.NET flat scan',DefaultJob,Default,Default,Default,Default,Default,Default,Default,Default,Default,Default,Default,Default,Default,Default,Default,Default,Default,Default,Default,Default,Default,Default,Default,Default,Default,Default,Default,Default,Default,Default,Default,Default,Default,Default,Default,Default,Default,Default,Default,Default,Default,DefaultJob,Dimension=128&Quantisation=Int8,1,Workload,Warmup,7,673004771,3,224334923.67,100,0,0,140000104
VectorQuantisationBenchmarks.'Lucene.NET flat scan',Rowles.LeanCorpus.Benchmarks,VectorQuantisationBenchmarks,'Lucene.NET flat scan',DefaultJob,Default,Default,Default,Default,Default,Default,Default,Default,Default,Default,Default,Default,Default,Default,Default,Default,Default,Default,Default,Default,Default,Default,Default,Default,Default,Default,Default,Default,Default,Default,Default,Default,Default,Default,Default,Default,Default,Default,Default,Default,Default,DefaultJob,Dimension=128&Quantisation=Int8,1,Workload,Warmup,8,677003547,3,225667849,100,0,0,140000104
VectorQuantisationBenchmarks.'Lucene.NET flat scan',Rowles.LeanCorpus.Benchmarks,VectorQuantisationBenchmarks,'Lucene.NET flat scan',DefaultJob,Default,Default,Default,Default,Default,Default,Default,Default,Default,Default,Default,Default,Default,Default,Default,Default,Default,Default,Default,Default,Default,Default,Default,Default,Default,Default,Default,Default,Default,Default,Default,Default,Default,Default,Default,Default,Default,Default,Default,Default,Default,DefaultJob,Dimension=128&Quantisation=Int8,1,Workload,Warmup,9,673135396,3,224378465.33,100,0,0,140000104
VectorQuantisationBenchmarks.'Lucene.NET flat scan',Rowles.LeanCorpus.Benchmarks,VectorQuantisationBenchmarks,'Lucene.NET flat scan',DefaultJob,Default,Default,Default,Default,Default,Default,Default,Default,Default,Default,Default,Default,Default,Default,Default,Default,Default,Default,Default,Default,Default,Default,Default,Default,Default,Default,Default,Default,Default,Default,Default,Default,Default,Default,Default,Default,Default,Default,Default,Default,Default,DefaultJob,Dimension=128&Quantisation=Int8,1,Workload,Actual,1,674743473,3,224914491,100,0,0,140000104
VectorQuantisationBenchmarks.'Lucene.NET flat scan',Rowles.LeanCorpus.Benchmarks,VectorQuantisationBenchmarks,'Lucene.NET flat scan',DefaultJob,Default,Default,Default,Default,Default,Default,Default,Default,Default,Default,Default,Default,Default,Default,Default,Default,Default,Default,Default,Default,Default,Default,Default,Default,Default,Default,Default,Default,Default,Default,Default,Default,Default,Default,Default,Default,Default,Default,Default,Default,Default,DefaultJob,Dimension=128&Quantisation=Int8,1,Workload,Actual,2,674944039,3,224981346.33,100,0,0,140000104
VectorQuantisationBenchmarks.'Lucene.NET flat scan',Rowles.LeanCorpus.Benchmarks,VectorQuantisationBenchmarks,'Lucene.NET flat scan',DefaultJob,Default,Default,Default,Default,Default,Default,Default,Default,Default,Default,Default,Default,Default,Default,Default,Default,Default,Default,Default,Default,Default,Default,Default,Default,Default,Default,Default,Default,Default,Default,Default,Default,Default,Default,Default,Default,Default,Default,Default,Default,Default,DefaultJob,Dimension=128&Quantisation=Int8,1,Workload,Actual,3,675582320,3,225194106.67,100,0,0,140000104
VectorQuantisationBenchmarks.'Lucene.NET flat scan',Rowles.LeanCorpus.Benchmarks,VectorQuantisationBenchmarks,'Lucene.NET flat scan',DefaultJob,Default,Default,Default,Default,Default,Default,Default,Default,Default,Default,Default,Default,Default,Default,Default,Default,Default,Default,Default,Default,Default,Default,Default,Default,Default,Default,Default,Default,Default,Default,Default,Default,Default,Default,Default,Default,Default,Default,Default,Default,Default,DefaultJob,Dimension=128&Quantisation=Int8,1,Workload,Actual,4,672961469,3,224320489.67,100,0,0,140000104
VectorQuantisationBenchmarks.'Lucene.NET flat scan',Rowles.LeanCorpus.Benchmarks,VectorQuantisationBenchmarks,'Lucene.NET flat scan',DefaultJob,Default,Default,Default,Default,Default,Default,Default,Default,Default,Default,Default,Default,Default,Default,Default,Default,Default,Default,Default,Default,Default,Default,Default,Default,Default,Default,Default,Default,Default,Default,Default,Default,Default,Default,Default,Default,Default,Default,Default,Default,Default,DefaultJob,Dimension=128&Quantisation=Int8,1,Workload,Actual,5,673353991,3,224451330.33,100,0,0,140000104
VectorQuantisationBenchmarks.'Lucene.NET flat scan',Rowles.LeanCorpus.Benchmarks,VectorQuantisationBenchmarks,'Lucene.NET flat scan',DefaultJob,Default,Default,Default,Default,Default,Default,Default,Default,Default,Default,Default,Default,Default,Default,Default,Default,Default,Default,Default,Default,Default,Default,Default,Default,Default,Default,Default,Default,Default,Default,Default,Default,Default,Default,Default,Default,Default,Default,Default,Default,Default,DefaultJob,Dimension=128&Quantisation=Int8,1,Workload,Actual,6,671238640,3,223746213.33,100,0,0,140000104
VectorQuantisationBenchmarks.'Lucene.NET flat scan',Rowles.LeanCorpus.Benchmarks,VectorQuantisationBenchmarks,'Lucene.NET flat scan',DefaultJob,Default,Default,Default,Default,Default,Default,Default,Default,Default,Default,Default,Default,Default,Default,Default,Default,Default,Default,Default,Default,Default,Default,Default,Default,Default,Default,Default,Default,Default,Default,Default,Default,Default,Default,Default,Default,Default,Default,Default,Default,Default,DefaultJob,Dimension=128&Quantisation=Int8,1,Workload,Actual,7,673296299,3,224432099.67,100,0,0,140000104
VectorQuantisationBenchmarks.'Lucene.NET flat scan',Rowles.LeanCorpus.Benchmarks,VectorQuantisationBenchmarks,'Lucene.NET flat scan',DefaultJob,Default,Default,Default,Default,Default,Default,Default,Default,Default,Default,Default,Default,Default,Default,Default,Default,Default,Default,Default,Default,Default,Default,Default,Default,Default,Default,Default,Default,Default,Default,Default,Default,Default,Default,Default,Default,Default,Default,Default,Default,Default,DefaultJob,Dimension=128&Quantisation=Int8,1,Workload,Actual,8,674049303,3,224683101,100,0,0,140000104
VectorQuantisationBenchmarks.'Lucene.NET flat scan',Rowles.LeanCorpus.Benchmarks,VectorQuantisationBenchmarks,'Lucene.NET flat scan',DefaultJob,Default,Default,Default,Default,Default,Default,Default,Default,Default,Default,Default,Default,Default,Default,Default,Default,Default,Default,Default,Default,Default,Default,Default,Default,Default,Default,Default,Default,Default,Default,Default,Default,Default,Default,Default,Default,Default,Default,Default,Default,Default,DefaultJob,Dimension=128&Quantisation=Int8,1,Workload,Actual,9,673211704,3,224403901.33,100,0,0,140000104
VectorQuantisationBenchmarks.'Lucene.NET flat scan',Rowles.LeanCorpus.Benchmarks,VectorQuantisationBenchmarks,'Lucene.NET flat scan',DefaultJob,Default,Default,Default,Default,Default,Default,Default,Default,Default,Default,Default,Default,Default,Default,Default,Default,Default,Default,Default,Default,Default,Default,Default,Default,Default,Default,Default,Default,Default,Default,Default,Default,Default,Default,Default,Default,Default,Default,Default,Default,Default,DefaultJob,Dimension=128&Quantisation=Int8,1,Workload,Actual,10,673943531,3,224647843.67,100,0,0,140000104
VectorQuantisationBenchmarks.'Lucene.NET flat scan',Rowles.LeanCorpus.Benchmarks,VectorQuantisationBenchmarks,'Lucene.NET flat scan',DefaultJob,Default,Default,Default,Default,Default,Default,Default,Default,Default,Default,Default,Default,Default,Default,Default,Default,Default,Default,Default,Default,Default,Default,Default,Default,Default,Default,Default,Default,Default,Default,Default,Default,Default,Default,Default,Default,Default,Default,Default,Default,Default,DefaultJob,Dimension=128&Quantisation=Int8,1,Workload,Actual,11,676387525,3,225462508.33,100,0,0,140000104
VectorQuantisationBenchmarks.'Lucene.NET flat scan',Rowles.LeanCorpus.Benchmarks,VectorQuantisationBenchmarks,'Lucene.NET flat scan',DefaultJob,Default,Default,Default,Default,Default,Default,Default,Default,Default,Default,Default,Default,Default,Default,Default,Default,Default,Default,Default,Default,Default,Default,Default,Default,Default,Default,Default,Default,Default,Default,Default,Default,Default,Default,Default,Default,Default,Default,Default,Default,Default,DefaultJob,Dimension=128&Quantisation=Int8,1,Workload,Actual,12,673473393,3,224491131,100,0,0,140000104
VectorQuantisationBenchmarks.'Lucene.NET flat scan',Rowles.LeanCorpus.Benchmarks,VectorQuantisationBenchmarks,'Lucene.NET flat scan',DefaultJob,Default,Default,Default,Default,Default,Default,Default,Default,Default,Default,Default,Default,Default,Default,Default,Default,Default,Default,Default,Default,Default,Default,Default,Default,Default,Default,Default,Default,Default,Default,Default,Default,Default,Default,Default,Default,Default,Default,Default,Default,Default,DefaultJob,Dimension=128&Quantisation=Int8,1,Workload,Actual,13,675949339,3,225316446.33,100,0,0,140000104
VectorQuantisationBenchmarks.'Lucene.NET flat scan',Rowles.LeanCorpus.Benchmarks,VectorQuantisationBenchmarks,'Lucene.NET flat scan',DefaultJob,Default,Default,Default,Default,Default,Default,Default,Default,Default,Default,Default,Default,Default,Default,Default,Default,Default,Default,Default,Default,Default,Default,Default,Default,Default,Default,Default,Default,Default,Default,Default,Default,Default,Default,Default,Default,Default,Default,Default,Default,Default,DefaultJob,Dimension=128&Quantisation=Int8,1,Workload,Actual,14,674043832,3,224681277.33,100,0,0,140000104
VectorQuantisationBenchmarks.'Lucene.NET flat scan',Rowles.LeanCorpus.Benchmarks,VectorQuantisationBenchmarks,'Lucene.NET flat scan',DefaultJob,Default,Default,Default,Default,Default,Default,Default,Default,Default,Default,Default,Default,Default,Default,Default,Default,Default,Default,Default,Default,Default,Default,Default,Default,Default,Default,Default,Default,Default,Default,Default,Default,Default,Default,Default,Default,Default,Default,Default,Default,Default,DefaultJob,Dimension=128&Quantisation=Int8,1,Workload,Actual,15,671996426,3,223998808.67,100,0,0,140000104
VectorQuantisationBenchmarks.'Lucene.NET flat scan',Rowles.LeanCorpus.Benchmarks,VectorQuantisationBenchmarks,'Lucene.NET flat scan',DefaultJob,Default,Default,Default,Default,Default,Default,Default,Default,Default,Default,Default,Default,Default,Default,Default,Default,Default,Default,Default,Default,Default,Default,Default,Default,Default,Default,Default,Default,Default,Default,Default,Default,Default,Default,Default,Default,Default,Default,Default,Default,Default,DefaultJob,Dimension=128&Quantisation=Int8,1,Workload,Extra,1,673011248,3,224337082.67,100,0,0,140000104
VectorQuantisationBenchmarks.'Lucene.NET flat scan',Rowles.LeanCorpus.Benchmarks,VectorQuantisationBenchmarks,'Lucene.NET flat scan',DefaultJob,Default,Default,Default,Default,Default,Default,Default,Default,Default,Default,Default,Default,Default,Default,Default,Default,Default,Default,Default,Default,Default,Default,Default,Default,Default,Default,Default,Default,Default,Default,Default,Default,Default,Default,Default,Default,Default,Default,Default,Default,Default,DefaultJob,Dimension=128&Quantisation=Int8,1,Workload,Result,1,674743473,3,224914491,100,0,0,140000104
VectorQuantisationBenchmarks.'Lucene.NET flat scan',Rowles.LeanCorpus.Benchmarks,VectorQuantisationBenchmarks,'Lucene.NET flat scan',DefaultJob,Default,Default,Default,Default,Default,Default,Default,Default,Default,Default,Default,Default,Default,Default,Default,Default,Default,Default,Default,Default,Default,Default,Default,Default,Default,Default,Default,Default,Default,Default,Default,Default,Default,Default,Default,Default,Default,Default,Default,Default,Default,DefaultJob,Dimension=128&Quantisation=Int8,1,Workload,Result,2,674944039,3,224981346.33,100,0,0,140000104
VectorQuantisationBenchmarks.'Lucene.NET flat scan',Rowles.LeanCorpus.Benchmarks,VectorQuantisationBenchmarks,'Lucene.NET flat scan',DefaultJob,Default,Default,Default,Default,Default,Default,Default,Default,Default,Default,Default,Default,Default,Default,Default,Default,Default,Default,Default,Default,Default,Default,Default,Default,Default,Default,Default,Default,Default,Default,Default,Default,Default,Default,Default,Default,Default,Default,Default,Default,Default,DefaultJob,Dimension=128&Quantisation=Int8,1,Workload,Result,3,675582320,3,225194106.67,100,0,0,140000104
VectorQuantisationBenchmarks.'Lucene.NET flat scan',Rowles.LeanCorpus.Benchmarks,VectorQuantisationBenchmarks,'Lucene.NET flat scan',DefaultJob,Default,Default,Default,Default,Default,Default,Default,Default,Default,Default,Default,Default,Default,Default,Default,Default,Default,Default,Default,Default,Default,Default,Default,Default,Default,Default,Default,Default,Default,Default,Default,Default,Default,Default,Default,Default,Default,Default,Default,Default,Default,DefaultJob,Dimension=128&Quantisation=Int8,1,Workload,Result,4,672961469,3,224320489.67,100,0,0,140000104
VectorQuantisationBenchmarks.'Lucene.NET flat scan',Rowles.LeanCorpus.Benchmarks,VectorQuantisationBenchmarks,'Lucene.NET flat scan',DefaultJob,Default,Default,Default,Default,Default,Default,Default,Default,Default,Default,Default,Default,Default,Default,Default,Default,Default,Default,Default,Default,Default,Default,Default,Default,Default,Default,Default,Default,Default,Default,Default,Default,Default,Default,Default,Default,Default,Default,Default,Default,Default,DefaultJob,Dimension=128&Quantisation=Int8,1,Workload,Result,5,673353991,3,224451330.33,100,0,0,140000104
VectorQuantisationBenchmarks.'Lucene.NET flat scan',Rowles.LeanCorpus.Benchmarks,VectorQuantisationBenchmarks,'Lucene.NET flat scan',DefaultJob,Default,Default,Default,Default,Default,Default,Default,Default,Default,Default,Default,Default,Default,Default,Default,Default,Default,Default,Default,Default,Default,Default,Default,Default,Default,Default,Default,Default,Default,Default,Default,Default,Default,Default,Default,Default,Default,Default,Default,Default,Default,DefaultJob,Dimension=128&Quantisation=Int8,1,Workload,Result,6,671238640,3,223746213.33,100,0,0,140000104
VectorQuantisationBenchmarks.'Lucene.NET flat scan',Rowles.LeanCorpus.Benchmarks,VectorQuantisationBenchmarks,'Lucene.NET flat scan',DefaultJob,Default,Default,Default,Default,Default,Default,Default,Default,Default,Default,Default,Default,Default,Default,Default,Default,Default,Default,Default,Default,Default,Default,Default,Default,Default,Default,Default,Default,Default,Default,Default,Default,Default,Default,Default,Default,Default,Default,Default,Default,Default,DefaultJob,Dimension=128&Quantisation=Int8,1,Workload,Result,7,673296299,3,224432099.67,100,0,0,140000104
VectorQuantisationBenchmarks.'Lucene.NET flat scan',Rowles.LeanCorpus.Benchmarks,VectorQuantisationBenchmarks,'Lucene.NET flat scan',DefaultJob,Default,Default,Default,Default,Default,Default,Default,Default,Default,Default,Default,Default,Default,Default,Default,Default,Default,Default,Default,Default,Default,Default,Default,Default,Default,Default,Default,Default,Default,Default,Default,Default,Default,Default,Default,Default,Default,Default,Default,Default,Default,DefaultJob,Dimension=128&Quantisation=Int8,1,Workload,Result,8,674049303,3,224683101,100,0,0,140000104
VectorQuantisationBenchmarks.'Lucene.NET flat scan',Rowles.LeanCorpus.Benchmarks,VectorQuantisationBenchmarks,'Lucene.NET flat scan',DefaultJob,Default,Default,Default,Default,Default,Default,Default,Default,Default,Default,Default,Default,Default,Default,Default,Default,Default,Default,Default,Default,Default,Default,Default,Default,Default,Default,Default,Default,Default,Default,Default,Default,Default,Default,Default,Default,Default,Default,Default,Default,Default,DefaultJob,Dimension=128&Quantisation=Int8,1,Workload,Result,9,673211704,3,224403901.33,100,0,0,140000104
VectorQuantisationBenchmarks.'Lucene.NET flat scan',Rowles.LeanCorpus.Benchmarks,VectorQuantisationBenchmarks,'Lucene.NET flat scan',DefaultJob,Default,Default,Default,Default,Default,Default,Default,Default,Default,Default,Default,Default,Default,Default,Default,Default,Default,Default,Default,Default,Default,Default,Default,Default,Default,Default,Default,Default,Default,Default,Default,Default,Default,Default,Default,Default,Default,Default,Default,Default,Default,DefaultJob,Dimension=128&Quantisation=Int8,1,Workload,Result,10,673943531,3,224647843.67,100,0,0,140000104
VectorQuantisationBenchmarks.'Lucene.NET flat scan',Rowles.LeanCorpus.Benchmarks,VectorQuantisationBenchmarks,'Lucene.NET flat scan',DefaultJob,Default,Default,Default,Default,Default,Default,Default,Default,Default,Default,Default,Default,Default,Default,Default,Default,Default,Default,Default,Default,Default,Default,Default,Default,Default,Default,Default,Default,Default,Default,Default,Default,Default,Default,Default,Default,Default,Default,Default,Default,Default,DefaultJob,Dimension=128&Quantisation=Int8,1,Workload,Result,11,676387525,3,225462508.33,100,0,0,140000104
VectorQuantisationBenchmarks.'Lucene.NET flat scan',Rowles.LeanCorpus.Benchmarks,VectorQuantisationBenchmarks,'Lucene.NET flat scan',DefaultJob,Default,Default,Default,Default,Default,Default,Default,Default,Default,Default,Default,Default,Default,Default,Default,Default,Default,Default,Default,Default,Default,Default,Default,Default,Default,Default,Default,Default,Default,Default,Default,Default,Default,Default,Default,Default,Default,Default,Default,Default,Default,DefaultJob,Dimension=128&Quantisation=Int8,1,Workload,Result,12,673473393,3,224491131,100,0,0,140000104
VectorQuantisationBenchmarks.'Lucene.NET flat scan',Rowles.LeanCorpus.Benchmarks,VectorQuantisationBenchmarks,'Lucene.NET flat scan',DefaultJob,Default,Default,Default,Default,Default,Default,Default,Default,Default,Default,Default,Default,Default,Default,Default,Default,Default,Default,Default,Default,Default,Default,Default,Default,Default,Default,Default,Default,Default,Default,Default,Default,Default,Default,Default,Default,Default,Default,Default,Default,Default,DefaultJob,Dimension=128&Quantisation=Int8,1,Workload,Result,13,675949339,3,225316446.33,100,0,0,140000104
VectorQuantisationBenchmarks.'Lucene.NET flat scan',Rowles.LeanCorpus.Benchmarks,VectorQuantisationBenchmarks,'Lucene.NET flat scan',DefaultJob,Default,Default,Default,Default,Default,Default,Default,Default,Default,Default,Default,Default,Default,Default,Default,Default,Default,Default,Default,Default,Default,Default,Default,Default,Default,Default,Default,Default,Default,Default,Default,Default,Default,Default,Default,Default,Default,Default,Default,Default,Default,DefaultJob,Dimension=128&Quantisation=Int8,1,Workload,Result,14,674043832,3,224681277.33,100,0,0,140000104
VectorQuantisationBenchmarks.'Lucene.NET flat scan',Rowles.LeanCorpus.Benchmarks,VectorQuantisationBenchmarks,'Lucene.NET flat scan',DefaultJob,Default,Default,Default,Default,Default,Default,Default,Default,Default,Default,Default,Default,Default,Default,Default,Default,Default,Default,Default,Default,Default,Default,Default,Default,Default,Default,Default,Default,Default,Default,Default,Default,Default,Default,Default,Default,Default,Default,Default,Default,Default,DefaultJob,Dimension=128&Quantisation=Int8,1,Workload,Result,15,671996426,3,223998808.67,100,0,0,140000104
VectorQuantisationBenchmarks.'HNSW search',Rowles.LeanCorpus.Benchmarks,VectorQuantisationBenchmarks,'HNSW search',DefaultJob,Default,Default,Default,Default,Default,Default,Default,Default,Default,Default,Default,Default,Default,Default,Default,Default,Default,Default,Default,Default,Default,Default,Default,Default,Default,Default,Default,Default,Default,Default,Default,Default,Default,Default,Default,Default,Default,Default,Default,Default,Default,DefaultJob,Dimension=128&Quantisation=BBQ,1,Workload,Jitting,1,7714390,1,7714390,1,0,0,48076
VectorQuantisationBenchmarks.'HNSW search',Rowles.LeanCorpus.Benchmarks,VectorQuantisationBenchmarks,'HNSW search',DefaultJob,Default,Default,Default,Default,Default,Default,Default,Default,Default,Default,Default,Default,Default,Default,Default,Default,Default,Default,Default,Default,Default,Default,Default,Default,Default,Default,Default,Default,Default,Default,Default,Default,Default,Default,Default,Default,Default,Default,Default,Default,Default,DefaultJob,Dimension=128&Quantisation=BBQ,1,Workload,Jitting,2,179557773,30,5985259.1,1,0,0,48076
VectorQuantisationBenchmarks.'HNSW search',Rowles.LeanCorpus.Benchmarks,VectorQuantisationBenchmarks,'HNSW search',DefaultJob,Default,Default,Default,Default,Default,Default,Default,Default,Default,Default,Default,Default,Default,Default,Default,Default,Default,Default,Default,Default,Default,Default,Default,Default,Default,Default,Default,Default,Default,Default,Default,Default,Default,Default,Default,Default,Default,Default,Default,Default,Default,DefaultJob,Dimension=128&Quantisation=BBQ,1,Workload,Jitting,3,177757748,30,5925258.27,1,0,0,48076
VectorQuantisationBenchmarks.'HNSW search',Rowles.LeanCorpus.Benchmarks,VectorQuantisationBenchmarks,'HNSW search',DefaultJob,Default,Default,Default,Default,Default,Default,Default,Default,Default,Default,Default,Default,Default,Default,Default,Default,Default,Default,Default,Default,Default,Default,Default,Default,Default,Default,Default,Default,Default,Default,Default,Default,Default,Default,Default,Default,Default,Default,Default,Default,Default,DefaultJob,Dimension=128&Quantisation=BBQ,1,Workload,Jitting,4,176005725,30,5866857.5,1,0,0,48076
VectorQuantisationBenchmarks.'HNSW search',Rowles.LeanCorpus.Benchmarks,VectorQuantisationBenchmarks,'HNSW search',DefaultJob,Default,Default,Default,Default,Default,Default,Default,Default,Default,Default,Default,Default,Default,Default,Default,Default,Default,Default,Default,Default,Default,Default,Default,Default,Default,Default,Default,Default,Default,Default,Default,Default,Default,Default,Default,Default,Default,Default,Default,Default,Default,DefaultJob,Dimension=128&Quantisation=BBQ,1,Workload,Jitting,5,7176966,1,7176966,1,0,0,48076
VectorQuantisationBenchmarks.'HNSW search',Rowles.LeanCorpus.Benchmarks,VectorQuantisationBenchmarks,'HNSW search',DefaultJob,Default,Default,Default,Default,Default,Default,Default,Default,Default,Default,Default,Default,Default,Default,Default,Default,Default,Default,Default,Default,Default,Default,Default,Default,Default,Default,Default,Default,Default,Default,Default,Default,Default,Default,Default,Default,Default,Default,Default,Default,Default,DefaultJob,Dimension=128&Quantisation=BBQ,1,Workload,Pilot,1,7091573,1,7091573,1,0,0,48076
VectorQuantisationBenchmarks.'HNSW search',Rowles.LeanCorpus.Benchmarks,VectorQuantisationBenchmarks,'HNSW search',DefaultJob,Default,Default,Default,Default,Default,Default,Default,Default,Default,Default,Default,Default,Default,Default,Default,Default,Default,Default,Default,Default,Default,Default,Default,Default,Default,Default,Default,Default,Default,Default,Default,Default,Default,Default,Default,Default,Default,Default,Default,Default,Default,DefaultJob,Dimension=128&Quantisation=BBQ,1,Workload,Pilot,1,95997036,16,5999814.75,1,0,0,48076
VectorQuantisationBenchmarks.'HNSW search',Rowles.LeanCorpus.Benchmarks,VectorQuantisationBenchmarks,'HNSW search',DefaultJob,Default,Default,Default,Default,Default,Default,Default,Default,Default,Default,Default,Default,Default,Default,Default,Default,Default,Default,Default,Default,Default,Default,Default,Default,Default,Default,Default,Default,Default,Default,Default,Default,Default,Default,Default,Default,Default,Default,Default,Default,Default,DefaultJob,Dimension=128&Quantisation=BBQ,1,Workload,Pilot,2,187947715,32,5873366.09,1,0,0,48076
VectorQuantisationBenchmarks.'HNSW search',Rowles.LeanCorpus.Benchmarks,VectorQuantisationBenchmarks,'HNSW search',DefaultJob,Default,Default,Default,Default,Default,Default,Default,Default,Default,Default,Default,Default,Default,Default,Default,Default,Default,Default,Default,Default,Default,Default,Default,Default,Default,Default,Default,Default,Default,Default,Default,Default,Default,Default,Default,Default,Default,Default,Default,Default,Default,DefaultJob,Dimension=128&Quantisation=BBQ,1,Workload,Pilot,3,368551908,64,5758623.56,1,0,0,48076
VectorQuantisationBenchmarks.'HNSW search',Rowles.LeanCorpus.Benchmarks,VectorQuantisationBenchmarks,'HNSW search',DefaultJob,Default,Default,Default,Default,Default,Default,Default,Default,Default,Default,Default,Default,Default,Default,Default,Default,Default,Default,Default,Default,Default,Default,Default,Default,Default,Default,Default,Default,Default,Default,Default,Default,Default,Default,Default,Default,Default,Default,Default,Default,Default,DefaultJob,Dimension=128&Quantisation=BBQ,1,Workload,Pilot,4,728783900,128,5693624.22,1,0,0,48076
VectorQuantisationBenchmarks.'HNSW search',Rowles.LeanCorpus.Benchmarks,VectorQuantisationBenchmarks,'HNSW search',DefaultJob,Default,Default,Default,Default,Default,Default,Default,Default,Default,Default,Default,Default,Default,Default,Default,Default,Default,Default,Default,Default,Default,Default,Default,Default,Default,Default,Default,Default,Default,Default,Default,Default,Default,Default,Default,Default,Default,Default,Default,Default,Default,DefaultJob,Dimension=128&Quantisation=BBQ,1,Workload,Warmup,1,725434631,128,5667458.05,1,0,0,48076
VectorQuantisationBenchmarks.'HNSW search',Rowles.LeanCorpus.Benchmarks,VectorQuantisationBenchmarks,'HNSW search',DefaultJob,Default,Default,Default,Default,Default,Default,Default,Default,Default,Default,Default,Default,Default,Default,Default,Default,Default,Default,Default,Default,Default,Default,Default,Default,Default,Default,Default,Default,Default,Default,Default,Default,Default,Default,Default,Default,Default,Default,Default,Default,Default,DefaultJob,Dimension=128&Quantisation=BBQ,1,Workload,Warmup,2,717012017,128,5601656.38,1,0,0,48076
VectorQuantisationBenchmarks.'HNSW search',Rowles.LeanCorpus.Benchmarks,VectorQuantisationBenchmarks,'HNSW search',DefaultJob,Default,Default,Default,Default,Default,Default,Default,Default,Default,Default,Default,Default,Default,Default,Default,Default,Default,Default,Default,Default,Default,Default,Default,Default,Default,Default,Default,Default,Default,Default,Default,Default,Default,Default,Default,Default,Default,Default,Default,Default,Default,DefaultJob,Dimension=128&Quantisation=BBQ,1,Workload,Warmup,3,726096357,128,5672627.79,1,0,0,48076
VectorQuantisationBenchmarks.'HNSW search',Rowles.LeanCorpus.Benchmarks,VectorQuantisationBenchmarks,'HNSW search',DefaultJob,Default,Default,Default,Default,Default,Default,Default,Default,Default,Default,Default,Default,Default,Default,Default,Default,Default,Default,Default,Default,Default,Default,Default,Default,Default,Default,Default,Default,Default,Default,Default,Default,Default,Default,Default,Default,Default,Default,Default,Default,Default,DefaultJob,Dimension=128&Quantisation=BBQ,1,Workload,Warmup,4,724922658,128,5663458.27,1,0,0,48076
VectorQuantisationBenchmarks.'HNSW search',Rowles.LeanCorpus.Benchmarks,VectorQuantisationBenchmarks,'HNSW search',DefaultJob,Default,Default,Default,Default,Default,Default,Default,Default,Default,Default,Default,Default,Default,Default,Default,Default,Default,Default,Default,Default,Default,Default,Default,Default,Default,Default,Default,Default,Default,Default,Default,Default,Default,Default,Default,Default,Default,Default,Default,Default,Default,DefaultJob,Dimension=128&Quantisation=BBQ,1,Workload,Warmup,5,724554871,128,5660584.93,1,0,0,48076
VectorQuantisationBenchmarks.'HNSW search',Rowles.LeanCorpus.Benchmarks,VectorQuantisationBenchmarks,'HNSW search',DefaultJob,Default,Default,Default,Default,Default,Default,Default,Default,Default,Default,Default,Default,Default,Default,Default,Default,Default,Default,Default,Default,Default,Default,Default,Default,Default,Default,Default,Default,Default,Default,Default,Default,Default,Default,Default,Default,Default,Default,Default,Default,Default,DefaultJob,Dimension=128&Quantisation=BBQ,1,Workload,Warmup,6,726145110,128,5673008.67,1,0,0,48076
VectorQuantisationBenchmarks.'HNSW search',Rowles.LeanCorpus.Benchmarks,VectorQuantisationBenchmarks,'HNSW search',DefaultJob,Default,Default,Default,Default,Default,Default,Default,Default,Default,Default,Default,Default,Default,Default,Default,Default,Default,Default,Default,Default,Default,Default,Default,Default,Default,Default,Default,Default,Default,Default,Default,Default,Default,Default,Default,Default,Default,Default,Default,Default,Default,DefaultJob,Dimension=128&Quantisation=BBQ,1,Workload,Warmup,7,730891642,128,5710090.95,1,0,0,48076
VectorQuantisationBenchmarks.'HNSW search',Rowles.LeanCorpus.Benchmarks,VectorQuantisationBenchmarks,'HNSW search',DefaultJob,Default,Default,Default,Default,Default,Default,Default,Default,Default,Default,Default,Default,Default,Default,Default,Default,Default,Default,Default,Default,Default,Default,Default,Default,Default,Default,Default,Default,Default,Default,Default,Default,Default,Default,Default,Default,Default,Default,Default,Default,Default,DefaultJob,Dimension=128&Quantisation=BBQ,1,Workload,Warmup,8,731196863,128,5712475.49,1,0,0,48076
VectorQuantisationBenchmarks.'HNSW search',Rowles.LeanCorpus.Benchmarks,VectorQuantisationBenchmarks,'HNSW search',DefaultJob,Default,Default,Default,Default,Default,Default,Default,Default,Default,Default,Default,Default,Default,Default,Default,Default,Default,Default,Default,Default,Default,Default,Default,Default,Default,Default,Default,Default,Default,Default,Default,Default,Default,Default,Default,Default,Default,Default,Default,Default,Default,DefaultJob,Dimension=128&Quantisation=BBQ,1,Workload,Warmup,9,728905925,128,5694577.54,1,0,0,48076
VectorQuantisationBenchmarks.'HNSW search',Rowles.LeanCorpus.Benchmarks,VectorQuantisationBenchmarks,'HNSW search',DefaultJob,Default,Default,Default,Default,Default,Default,Default,Default,Default,Default,Default,Default,Default,Default,Default,Default,Default,Default,Default,Default,Default,Default,Default,Default,Default,Default,Default,Default,Default,Default,Default,Default,Default,Default,Default,Default,Default,Default,Default,Default,Default,DefaultJob,Dimension=128&Quantisation=BBQ,1,Workload,Actual,1,727766848,128,5685678.5,1,0,0,48076
VectorQuantisationBenchmarks.'HNSW search',Rowles.LeanCorpus.Benchmarks,VectorQuantisationBenchmarks,'HNSW search',DefaultJob,Default,Default,Default,Default,Default,Default,Default,Default,Default,Default,Default,Default,Default,Default,Default,Default,Default,Default,Default,Default,Default,Default,Default,Default,Default,Default,Default,Default,Default,Default,Default,Default,Default,Default,Default,Default,Default,Default,Default,Default,Default,DefaultJob,Dimension=128&Quantisation=BBQ,1,Workload,Actual,2,723904887,128,5655506.93,1,0,0,48076
VectorQuantisationBenchmarks.'HNSW search',Rowles.LeanCorpus.Benchmarks,VectorQuantisationBenchmarks,'HNSW search',DefaultJob,Default,Default,Default,Default,Default,Default,Default,Default,Default,Default,Default,Default,Default,Default,Default,Default,Default,Default,Default,Default,Default,Default,Default,Default,Default,Default,Default,Default,Default,Default,Default,Default,Default,Default,Default,Default,Default,Default,Default,Default,Default,DefaultJob,Dimension=128&Quantisation=BBQ,1,Workload,Actual,3,727705981,128,5685202.98,1,0,0,48076
VectorQuantisationBenchmarks.'HNSW search',Rowles.LeanCorpus.Benchmarks,VectorQuantisationBenchmarks,'HNSW search',DefaultJob,Default,Default,Default,Default,Default,Default,Default,Default,Default,Default,Default,Default,Default,Default,Default,Default,Default,Default,Default,Default,Default,Default,Default,Default,Default,Default,Default,Default,Default,Default,Default,Default,Default,Default,Default,Default,Default,Default,Default,Default,Default,DefaultJob,Dimension=128&Quantisation=BBQ,1,Workload,Actual,4,724055199,128,5656681.24,1,0,0,48076
VectorQuantisationBenchmarks.'HNSW search',Rowles.LeanCorpus.Benchmarks,VectorQuantisationBenchmarks,'HNSW search',DefaultJob,Default,Default,Default,Default,Default,Default,Default,Default,Default,Default,Default,Default,Default,Default,Default,Default,Default,Default,Default,Default,Default,Default,Default,Default,Default,Default,Default,Default,Default,Default,Default,Default,Default,Default,Default,Default,Default,Default,Default,Default,Default,DefaultJob,Dimension=128&Quantisation=BBQ,1,Workload,Actual,5,723478978,128,5652179.52,1,0,0,48076
VectorQuantisationBenchmarks.'HNSW search',Rowles.LeanCorpus.Benchmarks,VectorQuantisationBenchmarks,'HNSW search',DefaultJob,Default,Default,Default,Default,Default,Default,Default,Default,Default,Default,Default,Default,Default,Default,Default,Default,Default,Default,Default,Default,Default,Default,Default,Default,Default,Default,Default,Default,Default,Default,Default,Default,Default,Default,Default,Default,Default,Default,Default,Default,Default,DefaultJob,Dimension=128&Quantisation=BBQ,1,Workload,Actual,6,727484073,128,5683469.32,1,0,0,48076
VectorQuantisationBenchmarks.'HNSW search',Rowles.LeanCorpus.Benchmarks,VectorQuantisationBenchmarks,'HNSW search',DefaultJob,Default,Default,Default,Default,Default,Default,Default,Default,Default,Default,Default,Default,Default,Default,Default,Default,Default,Default,Default,Default,Default,Default,Default,Default,Default,Default,Default,Default,Default,Default,Default,Default,Default,Default,Default,Default,Default,Default,Default,Default,Default,DefaultJob,Dimension=128&Quantisation=BBQ,1,Workload,Actual,7,725192543,128,5665566.74,1,0,0,48076
VectorQuantisationBenchmarks.'HNSW search',Rowles.LeanCorpus.Benchmarks,VectorQuantisationBenchmarks,'HNSW search',DefaultJob,Default,Default,Default,Default,Default,Default,Default,Default,Default,Default,Default,Default,Default,Default,Default,Default,Default,Default,Default,Default,Default,Default,Default,Default,Default,Default,Default,Default,Default,Default,Default,Default,Default,Default,Default,Default,Default,Default,Default,Default,Default,DefaultJob,Dimension=128&Quantisation=BBQ,1,Workload,Actual,8,724959037,128,5663742.48,1,0,0,48076
VectorQuantisationBenchmarks.'HNSW search',Rowles.LeanCorpus.Benchmarks,VectorQuantisationBenchmarks,'HNSW search',DefaultJob,Default,Default,Default,Default,Default,Default,Default,Default,Default,Default,Default,Default,Default,Default,Default,Default,Default,Default,Default,Default,Default,Default,Default,Default,Default,Default,Default,Default,Default,Default,Default,Default,Default,Default,Default,Default,Default,Default,Default,Default,Default,DefaultJob,Dimension=128&Quantisation=BBQ,1,Workload,Actual,9,724410484,128,5659456.91,1,0,0,48076
VectorQuantisationBenchmarks.'HNSW search',Rowles.LeanCorpus.Benchmarks,VectorQuantisationBenchmarks,'HNSW search',DefaultJob,Default,Default,Default,Default,Default,Default,Default,Default,Default,Default,Default,Default,Default,Default,Default,Default,Default,Default,Default,Default,Default,Default,Default,Default,Default,Default,Default,Default,Default,Default,Default,Default,Default,Default,Default,Default,Default,Default,Default,Default,Default,DefaultJob,Dimension=128&Quantisation=BBQ,1,Workload,Actual,10,725023151,128,5664243.37,1,0,0,48076
VectorQuantisationBenchmarks.'HNSW search',Rowles.LeanCorpus.Benchmarks,VectorQuantisationBenchmarks,'HNSW search',DefaultJob,Default,Default,Default,Default,Default,Default,Default,Default,Default,Default,Default,Default,Default,Default,Default,Default,Default,Default,Default,Default,Default,Default,Default,Default,Default,Default,Default,Default,Default,Default,Default,Default,Default,Default,Default,Default,Default,Default,Default,Default,Default,DefaultJob,Dimension=128&Quantisation=BBQ,1,Workload,Actual,11,729373131,128,5698227.59,1,0,0,48076
VectorQuantisationBenchmarks.'HNSW search',Rowles.LeanCorpus.Benchmarks,VectorQuantisationBenchmarks,'HNSW search',DefaultJob,Default,Default,Default,Default,Default,Default,Default,Default,Default,Default,Default,Default,Default,Default,Default,Default,Default,Default,Default,Default,Default,Default,Default,Default,Default,Default,Default,Default,Default,Default,Default,Default,Default,Default,Default,Default,Default,Default,Default,Default,Default,DefaultJob,Dimension=128&Quantisation=BBQ,1,Workload,Actual,12,728912870,128,5694631.8,1,0,0,48076
VectorQuantisationBenchmarks.'HNSW search',Rowles.LeanCorpus.Benchmarks,VectorQuantisationBenchmarks,'HNSW search',DefaultJob,Default,Default,Default,Default,Default,Default,Default,Default,Default,Default,Default,Default,Default,Default,Default,Default,Default,Default,Default,Default,Default,Default,Default,Default,Default,Default,Default,Default,Default,Default,Default,Default,Default,Default,Default,Default,Default,Default,Default,Default,Default,DefaultJob,Dimension=128&Quantisation=BBQ,1,Workload,Actual,13,730626895,128,5708022.62,1,0,0,48076
VectorQuantisationBenchmarks.'HNSW search',Rowles.LeanCorpus.Benchmarks,VectorQuantisationBenchmarks,'HNSW search',DefaultJob,Default,Default,Default,Default,Default,Default,Default,Default,Default,Default,Default,Default,Default,Default,Default,Default,Default,Default,Default,Default,Default,Default,Default,Default,Default,Default,Default,Default,Default,Default,Default,Default,Default,Default,Default,Default,Default,Default,Default,Default,Default,DefaultJob,Dimension=128&Quantisation=BBQ,1,Workload,Actual,14,729567803,128,5699748.46,1,0,0,48076
VectorQuantisationBenchmarks.'HNSW search',Rowles.LeanCorpus.Benchmarks,VectorQuantisationBenchmarks,'HNSW search',DefaultJob,Default,Default,Default,Default,Default,Default,Default,Default,Default,Default,Default,Default,Default,Default,Default,Default,Default,Default,Default,Default,Default,Default,Default,Default,Default,Default,Default,Default,Default,Default,Default,Default,Default,Default,Default,Default,Default,Default,Default,Default,Default,DefaultJob,Dimension=128&Quantisation=BBQ,1,Workload,Actual,15,728300645,128,5689848.79,1,0,0,48076
VectorQuantisationBenchmarks.'HNSW search',Rowles.LeanCorpus.Benchmarks,VectorQuantisationBenchmarks,'HNSW search',DefaultJob,Default,Default,Default,Default,Default,Default,Default,Default,Default,Default,Default,Default,Default,Default,Default,Default,Default,Default,Default,Default,Default,Default,Default,Default,Default,Default,Default,Default,Default,Default,Default,Default,Default,Default,Default,Default,Default,Default,Default,Default,Default,DefaultJob,Dimension=128&Quantisation=BBQ,1,Workload,Extra,1,728058358,128,5687955.92,1,0,0,48076
VectorQuantisationBenchmarks.'HNSW search',Rowles.LeanCorpus.Benchmarks,VectorQuantisationBenchmarks,'HNSW search',DefaultJob,Default,Default,Default,Default,Default,Default,Default,Default,Default,Default,Default,Default,Default,Default,Default,Default,Default,Default,Default,Default,Default,Default,Default,Default,Default,Default,Default,Default,Default,Default,Default,Default,Default,Default,Default,Default,Default,Default,Default,Default,Default,DefaultJob,Dimension=128&Quantisation=BBQ,1,Workload,Result,1,727766848,128,5685678.5,1,0,0,48076
VectorQuantisationBenchmarks.'HNSW search',Rowles.LeanCorpus.Benchmarks,VectorQuantisationBenchmarks,'HNSW search',DefaultJob,Default,Default,Default,Default,Default,Default,Default,Default,Default,Default,Default,Default,Default,Default,Default,Default,Default,Default,Default,Default,Default,Default,Default,Default,Default,Default,Default,Default,Default,Default,Default,Default,Default,Default,Default,Default,Default,Default,Default,Default,Default,DefaultJob,Dimension=128&Quantisation=BBQ,1,Workload,Result,2,723904887,128,5655506.93,1,0,0,48076
VectorQuantisationBenchmarks.'HNSW search',Rowles.LeanCorpus.Benchmarks,VectorQuantisationBenchmarks,'HNSW search',DefaultJob,Default,Default,Default,Default,Default,Default,Default,Default,Default,Default,Default,Default,Default,Default,Default,Default,Default,Default,Default,Default,Default,Default,Default,Default,Default,Default,Default,Default,Default,Default,Default,Default,Default,Default,Default,Default,Default,Default,Default,Default,Default,DefaultJob,Dimension=128&Quantisation=BBQ,1,Workload,Result,3,727705981,128,5685202.98,1,0,0,48076
VectorQuantisationBenchmarks.'HNSW search',Rowles.LeanCorpus.Benchmarks,VectorQuantisationBenchmarks,'HNSW search',DefaultJob,Default,Default,Default,Default,Default,Default,Default,Default,Default,Default,Default,Default,Default,Default,Default,Default,Default,Default,Default,Default,Default,Default,Default,Default,Default,Default,Default,Default,Default,Default,Default,Default,Default,Default,Default,Default,Default,Default,Default,Default,Default,DefaultJob,Dimension=128&Quantisation=BBQ,1,Workload,Result,4,724055199,128,5656681.24,1,0,0,48076
VectorQuantisationBenchmarks.'HNSW search',Rowles.LeanCorpus.Benchmarks,VectorQuantisationBenchmarks,'HNSW search',DefaultJob,Default,Default,Default,Default,Default,Default,Default,Default,Default,Default,Default,Default,Default,Default,Default,Default,Default,Default,Default,Default,Default,Default,Default,Default,Default,Default,Default,Default,Default,Default,Default,Default,Default,Default,Default,Default,Default,Default,Default,Default,Default,DefaultJob,Dimension=128&Quantisation=BBQ,1,Workload,Result,5,723478978,128,5652179.52,1,0,0,48076
VectorQuantisationBenchmarks.'HNSW search',Rowles.LeanCorpus.Benchmarks,VectorQuantisationBenchmarks,'HNSW search',DefaultJob,Default,Default,Default,Default,Default,Default,Default,Default,Default,Default,Default,Default,Default,Default,Default,Default,Default,Default,Default,Default,Default,Default,Default,Default,Default,Default,Default,Default,Default,Default,Default,Default,Default,Default,Default,Default,Default,Default,Default,Default,Default,DefaultJob,Dimension=128&Quantisation=BBQ,1,Workload,Result,6,727484073,128,5683469.32,1,0,0,48076
VectorQuantisationBenchmarks.'HNSW search',Rowles.LeanCorpus.Benchmarks,VectorQuantisationBenchmarks,'HNSW search',DefaultJob,Default,Default,Default,Default,Default,Default,Default,Default,Default,Default,Default,Default,Default,Default,Default,Default,Default,Default,Default,Default,Default,Default,Default,Default,Default,Default,Default,Default,Default,Default,Default,Default,Default,Default,Default,Default,Default,Default,Default,Default,Default,DefaultJob,Dimension=128&Quantisation=BBQ,1,Workload,Result,7,725192543,128,5665566.74,1,0,0,48076
VectorQuantisationBenchmarks.'HNSW search',Rowles.LeanCorpus.Benchmarks,VectorQuantisationBenchmarks,'HNSW search',DefaultJob,Default,Default,Default,Default,Default,Default,Default,Default,Default,Default,Default,Default,Default,Default,Default,Default,Default,Default,Default,Default,Default,Default,Default,Default,Default,Default,Default,Default,Default,Default,Default,Default,Default,Default,Default,Default,Default,Default,Default,Default,Default,DefaultJob,Dimension=128&Quantisation=BBQ,1,Workload,Result,8,724959037,128,5663742.48,1,0,0,48076
VectorQuantisationBenchmarks.'HNSW search',Rowles.LeanCorpus.Benchmarks,VectorQuantisationBenchmarks,'HNSW search',DefaultJob,Default,Default,Default,Default,Default,Default,Default,Default,Default,Default,Default,Default,Default,Default,Default,Default,Default,Default,Default,Default,Default,Default,Default,Default,Default,Default,Default,Default,Default,Default,Default,Default,Default,Default,Default,Default,Default,Default,Default,Default,Default,DefaultJob,Dimension=128&Quantisation=BBQ,1,Workload,Result,9,724410484,128,5659456.91,1,0,0,48076
VectorQuantisationBenchmarks.'HNSW search',Rowles.LeanCorpus.Benchmarks,VectorQuantisationBenchmarks,'HNSW search',DefaultJob,Default,Default,Default,Default,Default,Default,Default,Default,Default,Default,Default,Default,Default,Default,Default,Default,Default,Default,Default,Default,Default,Default,Default,Default,Default,Default,Default,Default,Default,Default,Default,Default,Default,Default,Default,Default,Default,Default,Default,Default,Default,DefaultJob,Dimension=128&Quantisation=BBQ,1,Workload,Result,10,725023151,128,5664243.37,1,0,0,48076
VectorQuantisationBenchmarks.'HNSW search',Rowles.LeanCorpus.Benchmarks,VectorQuantisationBenchmarks,'HNSW search',DefaultJob,Default,Default,Default,Default,Default,Default,Default,Default,Default,Default,Default,Default,Default,Default,Default,Default,Default,Default,Default,Default,Default,Default,Default,Default,Default,Default,Default,Default,Default,Default,Default,Default,Default,Default,Default,Default,Default,Default,Default,Default,Default,DefaultJob,Dimension=128&Quantisation=BBQ,1,Workload,Result,11,729373131,128,5698227.59,1,0,0,48076
VectorQuantisationBenchmarks.'HNSW search',Rowles.LeanCorpus.Benchmarks,VectorQuantisationBenchmarks,'HNSW search',DefaultJob,Default,Default,Default,Default,Default,Default,Default,Default,Default,Default,Default,Default,Default,Default,Default,Default,Default,Default,Default,Default,Default,Default,Default,Default,Default,Default,Default,Default,Default,Default,Default,Default,Default,Default,Default,Default,Default,Default,Default,Default,Default,DefaultJob,Dimension=128&Quantisation=BBQ,1,Workload,Result,12,728912870,128,5694631.8,1,0,0,48076
VectorQuantisationBenchmarks.'HNSW search',Rowles.LeanCorpus.Benchmarks,VectorQuantisationBenchmarks,'HNSW search',DefaultJob,Default,Default,Default,Default,Default,Default,Default,Default,Default,Default,Default,Default,Default,Default,Default,Default,Default,Default,Default,Default,Default,Default,Default,Default,Default,Default,Default,Default,Default,Default,Default,Default,Default,Default,Default,Default,Default,Default,Default,Default,Default,DefaultJob,Dimension=128&Quantisation=BBQ,1,Workload,Result,13,730626895,128,5708022.62,1,0,0,48076
VectorQuantisationBenchmarks.'HNSW search',Rowles.LeanCorpus.Benchmarks,VectorQuantisationBenchmarks,'HNSW search',DefaultJob,Default,Default,Default,Default,Default,Default,Default,Default,Default,Default,Default,Default,Default,Default,Default,Default,Default,Default,Default,Default,Default,Default,Default,Default,Default,Default,Default,Default,Default,Default,Default,Default,Default,Default,Default,Default,Default,Default,Default,Default,Default,DefaultJob,Dimension=128&Quantisation=BBQ,1,Workload,Result,14,729567803,128,5699748.46,1,0,0,48076
VectorQuantisationBenchmarks.'HNSW search',Rowles.LeanCorpus.Benchmarks,VectorQuantisationBenchmarks,'HNSW search',DefaultJob,Default,Default,Default,Default,Default,Default,Default,Default,Default,Default,Default,Default,Default,Default,Default,Default,Default,Default,Default,Default,Default,Default,Default,Default,Default,Default,Default,Default,Default,Default,Default,Default,Default,Default,Default,Default,Default,Default,Default,Default,Default,DefaultJob,Dimension=128&Quantisation=BBQ,1,Workload,Result,15,728300645,128,5689848.79,1,0,0,48076
VectorQuantisationBenchmarks.'Lucene.NET flat scan',Rowles.LeanCorpus.Benchmarks,VectorQuantisationBenchmarks,'Lucene.NET flat scan',DefaultJob,Default,Default,Default,Default,Default,Default,Default,Default,Default,Default,Default,Default,Default,Default,Default,Default,Default,Default,Default,Default,Default,Default,Default,Default,Default,Default,Default,Default,Default,Default,Default,Default,Default,Default,Default,Default,Default,Default,Default,Default,Default,DefaultJob,Dimension=128&Quantisation=BBQ,1,Workload,Jitting,1,292376175,1,292376175,100,0,0,140000104
VectorQuantisationBenchmarks.'Lucene.NET flat scan',Rowles.LeanCorpus.Benchmarks,VectorQuantisationBenchmarks,'Lucene.NET flat scan',DefaultJob,Default,Default,Default,Default,Default,Default,Default,Default,Default,Default,Default,Default,Default,Default,Default,Default,Default,Default,Default,Default,Default,Default,Default,Default,Default,Default,Default,Default,Default,Default,Default,Default,Default,Default,Default,Default,Default,Default,Default,Default,Default,DefaultJob,Dimension=128&Quantisation=BBQ,1,Workload,Jitting,2,6957491217,30,231916373.9,100,0,0,140000104
VectorQuantisationBenchmarks.'Lucene.NET flat scan',Rowles.LeanCorpus.Benchmarks,VectorQuantisationBenchmarks,'Lucene.NET flat scan',DefaultJob,Default,Default,Default,Default,Default,Default,Default,Default,Default,Default,Default,Default,Default,Default,Default,Default,Default,Default,Default,Default,Default,Default,Default,Default,Default,Default,Default,Default,Default,Default,Default,Default,Default,Default,Default,Default,Default,Default,Default,Default,Default,DefaultJob,Dimension=128&Quantisation=BBQ,1,Workload,Jitting,3,2519736015,11,229066910.45,100,0,0,140000104
VectorQuantisationBenchmarks.'Lucene.NET flat scan',Rowles.LeanCorpus.Benchmarks,VectorQuantisationBenchmarks,'Lucene.NET flat scan',DefaultJob,Default,Default,Default,Default,Default,Default,Default,Default,Default,Default,Default,Default,Default,Default,Default,Default,Default,Default,Default,Default,Default,Default,Default,Default,Default,Default,Default,Default,Default,Default,Default,Default,Default,Default,Default,Default,Default,Default,Default,Default,Default,DefaultJob,Dimension=128&Quantisation=BBQ,1,Workload,Jitting,4,230945006,1,230945006,100,0,0,140000104
VectorQuantisationBenchmarks.'Lucene.NET flat scan',Rowles.LeanCorpus.Benchmarks,VectorQuantisationBenchmarks,'Lucene.NET flat scan',DefaultJob,Default,Default,Default,Default,Default,Default,Default,Default,Default,Default,Default,Default,Default,Default,Default,Default,Default,Default,Default,Default,Default,Default,Default,Default,Default,Default,Default,Default,Default,Default,Default,Default,Default,Default,Default,Default,Default,Default,Default,Default,Default,DefaultJob,Dimension=128&Quantisation=BBQ,1,Workload,Pilot,1,457328118,2,228664059,100,0,0,140000104
VectorQuantisationBenchmarks.'Lucene.NET flat scan',Rowles.LeanCorpus.Benchmarks,VectorQuantisationBenchmarks,'Lucene.NET flat scan',DefaultJob,Default,Default,Default,Default,Default,Default,Default,Default,Default,Default,Default,Default,Default,Default,Default,Default,Default,Default,Default,Default,Default,Default,Default,Default,Default,Default,Default,Default,Default,Default,Default,Default,Default,Default,Default,Default,Default,Default,Default,Default,Default,DefaultJob,Dimension=128&Quantisation=BBQ,1,Workload,Pilot,2,679788116,3,226596038.67,100,0,0,140000104
VectorQuantisationBenchmarks.'Lucene.NET flat scan',Rowles.LeanCorpus.Benchmarks,VectorQuantisationBenchmarks,'Lucene.NET flat scan',DefaultJob,Default,Default,Default,Default,Default,Default,Default,Default,Default,Default,Default,Default,Default,Default,Default,Default,Default,Default,Default,Default,Default,Default,Default,Default,Default,Default,Default,Default,Default,Default,Default,Default,Default,Default,Default,Default,Default,Default,Default,Default,Default,DefaultJob,Dimension=128&Quantisation=BBQ,1,Workload,Warmup,1,683972378,3,227990792.67,100,0,0,140000104
VectorQuantisationBenchmarks.'Lucene.NET flat scan',Rowles.LeanCorpus.Benchmarks,VectorQuantisationBenchmarks,'Lucene.NET flat scan',DefaultJob,Default,Default,Default,Default,Default,Default,Default,Default,Default,Default,Default,Default,Default,Default,Default,Default,Default,Default,Default,Default,Default,Default,Default,Default,Default,Default,Default,Default,Default,Default,Default,Default,Default,Default,Default,Default,Default,Default,Default,Default,Default,DefaultJob,Dimension=128&Quantisation=BBQ,1,Workload,Warmup,2,683928258,3,227976086,100,0,0,140000104
VectorQuantisationBenchmarks.'Lucene.NET flat scan',Rowles.LeanCorpus.Benchmarks,VectorQuantisationBenchmarks,'Lucene.NET flat scan',DefaultJob,Default,Default,Default,Default,Default,Default,Default,Default,Default,Default,Default,Default,Default,Default,Default,Default,Default,Default,Default,Default,Default,Default,Default,Default,Default,Default,Default,Default,Default,Default,Default,Default,Default,Default,Default,Default,Default,Default,Default,Default,Default,DefaultJob,Dimension=128&Quantisation=BBQ,1,Workload,Warmup,3,683886003,3,227962001,100,0,0,140000104
VectorQuantisationBenchmarks.'Lucene.NET flat scan',Rowles.LeanCorpus.Benchmarks,VectorQuantisationBenchmarks,'Lucene.NET flat scan',DefaultJob,Default,Default,Default,Default,Default,Default,Default,Default,Default,Default,Default,Default,Default,Default,Default,Default,Default,Default,Default,Default,Default,Default,Default,Default,Default,Default,Default,Default,Default,Default,Default,Default,Default,Default,Default,Default,Default,Default,Default,Default,Default,DefaultJob,Dimension=128&Quantisation=BBQ,1,Workload,Warmup,4,683909107,3,227969702.33,100,0,0,140000104
VectorQuantisationBenchmarks.'Lucene.NET flat scan',Rowles.LeanCorpus.Benchmarks,VectorQuantisationBenchmarks,'Lucene.NET flat scan',DefaultJob,Default,Default,Default,Default,Default,Default,Default,Default,Default,Default,Default,Default,Default,Default,Default,Default,Default,Default,Default,Default,Default,Default,Default,Default,Default,Default,Default,Default,Default,Default,Default,Default,Default,Default,Default,Default,Default,Default,Default,Default,Default,DefaultJob,Dimension=128&Quantisation=BBQ,1,Workload,Warmup,5,673176196,3,224392065.33,100,0,0,140000104
VectorQuantisationBenchmarks.'Lucene.NET flat scan',Rowles.LeanCorpus.Benchmarks,VectorQuantisationBenchmarks,'Lucene.NET flat scan',DefaultJob,Default,Default,Default,Default,Default,Default,Default,Default,Default,Default,Default,Default,Default,Default,Default,Default,Default,Default,Default,Default,Default,Default,Default,Default,Default,Default,Default,Default,Default,Default,Default,Default,Default,Default,Default,Default,Default,Default,Default,Default,Default,DefaultJob,Dimension=128&Quantisation=BBQ,1,Workload,Warmup,6,674271876,3,224757292,100,0,0,140000104
VectorQuantisationBenchmarks.'Lucene.NET flat scan',Rowles.LeanCorpus.Benchmarks,VectorQuantisationBenchmarks,'Lucene.NET flat scan',DefaultJob,Default,Default,Default,Default,Default,Default,Default,Default,Default,Default,Default,Default,Default,Default,Default,Default,Default,Default,Default,Default,Default,Default,Default,Default,Default,Default,Default,Default,Default,Default,Default,Default,Default,Default,Default,Default,Default,Default,Default,Default,Default,DefaultJob,Dimension=128&Quantisation=BBQ,1,Workload,Warmup,7,673985177,3,224661725.67,100,0,0,140000104
VectorQuantisationBenchmarks.'Lucene.NET flat scan',Rowles.LeanCorpus.Benchmarks,VectorQuantisationBenchmarks,'Lucene.NET flat scan',DefaultJob,Default,Default,Default,Default,Default,Default,Default,Default,Default,Default,Default,Default,Default,Default,Default,Default,Default,Default,Default,Default,Default,Default,Default,Default,Default,Default,Default,Default,Default,Default,Default,Default,Default,Default,Default,Default,Default,Default,Default,Default,Default,DefaultJob,Dimension=128&Quantisation=BBQ,1,Workload,Actual,1,667968301,3,222656100.33,100,0,0,140000104
VectorQuantisationBenchmarks.'Lucene.NET flat scan',Rowles.LeanCorpus.Benchmarks,VectorQuantisationBenchmarks,'Lucene.NET flat scan',DefaultJob,Default,Default,Default,Default,Default,Default,Default,Default,Default,Default,Default,Default,Default,Default,Default,Default,Default,Default,Default,Default,Default,Default,Default,Default,Default,Default,Default,Default,Default,Default,Default,Default,Default,Default,Default,Default,Default,Default,Default,Default,Default,DefaultJob,Dimension=128&Quantisation=BBQ,1,Workload,Actual,2,669605594,3,223201864.67,100,0,0,140000104
VectorQuantisationBenchmarks.'Lucene.NET flat scan',Rowles.LeanCorpus.Benchmarks,VectorQuantisationBenchmarks,'Lucene.NET flat scan',DefaultJob,Default,Default,Default,Default,Default,Default,Default,Default,Default,Default,Default,Default,Default,Default,Default,Default,Default,Default,Default,Default,Default,Default,Default,Default,Default,Default,Default,Default,Default,Default,Default,Default,Default,Default,Default,Default,Default,Default,Default,Default,Default,DefaultJob,Dimension=128&Quantisation=BBQ,1,Workload,Actual,3,670197706,3,223399235.33,100,0,0,140000104
VectorQuantisationBenchmarks.'Lucene.NET flat scan',Rowles.LeanCorpus.Benchmarks,VectorQuantisationBenchmarks,'Lucene.NET flat scan',DefaultJob,Default,Default,Default,Default,Default,Default,Default,Default,Default,Default,Default,Default,Default,Default,Default,Default,Default,Default,Default,Default,Default,Default,Default,Default,Default,Default,Default,Default,Default,Default,Default,Default,Default,Default,Default,Default,Default,Default,Default,Default,Default,DefaultJob,Dimension=128&Quantisation=BBQ,1,Workload,Actual,4,664826261,3,221608753.67,100,0,0,140000104
VectorQuantisationBenchmarks.'Lucene.NET flat scan',Rowles.LeanCorpus.Benchmarks,VectorQuantisationBenchmarks,'Lucene.NET flat scan',DefaultJob,Default,Default,Default,Default,Default,Default,Default,Default,Default,Default,Default,Default,Default,Default,Default,Default,Default,Default,Default,Default,Default,Default,Default,Default,Default,Default,Default,Default,Default,Default,Default,Default,Default,Default,Default,Default,Default,Default,Default,Default,Default,DefaultJob,Dimension=128&Quantisation=BBQ,1,Workload,Actual,5,668900026,3,222966675.33,100,0,0,140000104
VectorQuantisationBenchmarks.'Lucene.NET flat scan',Rowles.LeanCorpus.Benchmarks,VectorQuantisationBenchmarks,'Lucene.NET flat scan',DefaultJob,Default,Default,Default,Default,Default,Default,Default,Default,Default,Default,Default,Default,Default,Default,Default,Default,Default,Default,Default,Default,Default,Default,Default,Default,Default,Default,Default,Default,Default,Default,Default,Default,Default,Default,Default,Default,Default,Default,Default,Default,Default,DefaultJob,Dimension=128&Quantisation=BBQ,1,Workload,Actual,6,672434695,3,224144898.33,100,0,0,140000104
VectorQuantisationBenchmarks.'Lucene.NET flat scan',Rowles.LeanCorpus.Benchmarks,VectorQuantisationBenchmarks,'Lucene.NET flat scan',DefaultJob,Default,Default,Default,Default,Default,Default,Default,Default,Default,Default,Default,Default,Default,Default,Default,Default,Default,Default,Default,Default,Default,Default,Default,Default,Default,Default,Default,Default,Default,Default,Default,Default,Default,Default,Default,Default,Default,Default,Default,Default,Default,DefaultJob,Dimension=128&Quantisation=BBQ,1,Workload,Actual,7,661525281,3,220508427,100,0,0,140000104
VectorQuantisationBenchmarks.'Lucene.NET flat scan',Rowles.LeanCorpus.Benchmarks,VectorQuantisationBenchmarks,'Lucene.NET flat scan',DefaultJob,Default,Default,Default,Default,Default,Default,Default,Default,Default,Default,Default,Default,Default,Default,Default,Default,Default,Default,Default,Default,Default,Default,Default,Default,Default,Default,Default,Default,Default,Default,Default,Default,Default,Default,Default,Default,Default,Default,Default,Default,Default,DefaultJob,Dimension=128&Quantisation=BBQ,1,Workload,Actual,8,666903948,3,222301316,100,0,0,140000104
VectorQuantisationBenchmarks.'Lucene.NET flat scan',Rowles.LeanCorpus.Benchmarks,VectorQuantisationBenchmarks,'Lucene.NET flat scan',DefaultJob,Default,Default,Default,Default,Default,Default,Default,Default,Default,Default,Default,Default,Default,Default,Default,Default,Default,Default,Default,Default,Default,Default,Default,Default,Default,Default,Default,Default,Default,Default,Default,Default,Default,Default,Default,Default,Default,Default,Default,Default,Default,DefaultJob,Dimension=128&Quantisation=BBQ,1,Workload,Actual,9,674811705,3,224937235,100,0,0,140000104
VectorQuantisationBenchmarks.'Lucene.NET flat scan',Rowles.LeanCorpus.Benchmarks,VectorQuantisationBenchmarks,'Lucene.NET flat scan',DefaultJob,Default,Default,Default,Default,Default,Default,Default,Default,Default,Default,Default,Default,Default,Default,Default,Default,Default,Default,Default,Default,Default,Default,Default,Default,Default,Default,Default,Default,Default,Default,Default,Default,Default,Default,Default,Default,Default,Default,Default,Default,Default,DefaultJob,Dimension=128&Quantisation=BBQ,1,Workload,Actual,10,674894171,3,224964723.67,100,0,0,140000104
VectorQuantisationBenchmarks.'Lucene.NET flat scan',Rowles.LeanCorpus.Benchmarks,VectorQuantisationBenchmarks,'Lucene.NET flat scan',DefaultJob,Default,Default,Default,Default,Default,Default,Default,Default,Default,Default,Default,Default,Default,Default,Default,Default,Default,Default,Default,Default,Default,Default,Default,Default,Default,Default,Default,Default,Default,Default,Default,Default,Default,Default,Default,Default,Default,Default,Default,Default,Default,DefaultJob,Dimension=128&Quantisation=BBQ,1,Workload,Actual,11,674420566,3,224806855.33,100,0,0,140000104
VectorQuantisationBenchmarks.'Lucene.NET flat scan',Rowles.LeanCorpus.Benchmarks,VectorQuantisationBenchmarks,'Lucene.NET flat scan',DefaultJob,Default,Default,Default,Default,Default,Default,Default,Default,Default,Default,Default,Default,Default,Default,Default,Default,Default,Default,Default,Default,Default,Default,Default,Default,Default,Default,Default,Default,Default,Default,Default,Default,Default,Default,Default,Default,Default,Default,Default,Default,Default,DefaultJob,Dimension=128&Quantisation=BBQ,1,Workload,Actual,12,671657695,3,223885898.33,100,0,0,140000104
VectorQuantisationBenchmarks.'Lucene.NET flat scan',Rowles.LeanCorpus.Benchmarks,VectorQuantisationBenchmarks,'Lucene.NET flat scan',DefaultJob,Default,Default,Default,Default,Default,Default,Default,Default,Default,Default,Default,Default,Default,Default,Default,Default,Default,Default,Default,Default,Default,Default,Default,Default,Default,Default,Default,Default,Default,Default,Default,Default,Default,Default,Default,Default,Default,Default,Default,Default,Default,DefaultJob,Dimension=128&Quantisation=BBQ,1,Workload,Actual,13,675496949,3,225165649.67,100,0,0,140000104
VectorQuantisationBenchmarks.'Lucene.NET flat scan',Rowles.LeanCorpus.Benchmarks,VectorQuantisationBenchmarks,'Lucene.NET flat scan',DefaultJob,Default,Default,Default,Default,Default,Default,Default,Default,Default,Default,Default,Default,Default,Default,Default,Default,Default,Default,Default,Default,Default,Default,Default,Default,Default,Default,Default,Default,Default,Default,Default,Default,Default,Default,Default,Default,Default,Default,Default,Default,Default,DefaultJob,Dimension=128&Quantisation=BBQ,1,Workload,Actual,14,671260665,3,223753555,100,0,0,140000104
VectorQuantisationBenchmarks.'Lucene.NET flat scan',Rowles.LeanCorpus.Benchmarks,VectorQuantisationBenchmarks,'Lucene.NET flat scan',DefaultJob,Default,Default,Default,Default,Default,Default,Default,Default,Default,Default,Default,Default,Default,Default,Default,Default,Default,Default,Default,Default,Default,Default,Default,Default,Default,Default,Default,Default,Default,Default,Default,Default,Default,Default,Default,Default,Default,Default,Default,Default,Default,DefaultJob,Dimension=128&Quantisation=BBQ,1,Workload,Actual,15,674372405,3,224790801.67,100,0,0,140000104
VectorQuantisationBenchmarks.'Lucene.NET flat scan',Rowles.LeanCorpus.Benchmarks,VectorQuantisationBenchmarks,'Lucene.NET flat scan',DefaultJob,Default,Default,Default,Default,Default,Default,Default,Default,Default,Default,Default,Default,Default,Default,Default,Default,Default,Default,Default,Default,Default,Default,Default,Default,Default,Default,Default,Default,Default,Default,Default,Default,Default,Default,Default,Default,Default,Default,Default,Default,Default,DefaultJob,Dimension=128&Quantisation=BBQ,1,Workload,Extra,1,670540863,3,223513621,100,0,0,140000104
VectorQuantisationBenchmarks.'Lucene.NET flat scan',Rowles.LeanCorpus.Benchmarks,VectorQuantisationBenchmarks,'Lucene.NET flat scan',DefaultJob,Default,Default,Default,Default,Default,Default,Default,Default,Default,Default,Default,Default,Default,Default,Default,Default,Default,Default,Default,Default,Default,Default,Default,Default,Default,Default,Default,Default,Default,Default,Default,Default,Default,Default,Default,Default,Default,Default,Default,Default,Default,DefaultJob,Dimension=128&Quantisation=BBQ,1,Workload,Result,1,667968301,3,222656100.33,100,0,0,140000104
VectorQuantisationBenchmarks.'Lucene.NET flat scan',Rowles.LeanCorpus.Benchmarks,VectorQuantisationBenchmarks,'Lucene.NET flat scan',DefaultJob,Default,Default,Default,Default,Default,Default,Default,Default,Default,Default,Default,Default,Default,Default,Default,Default,Default,Default,Default,Default,Default,Default,Default,Default,Default,Default,Default,Default,Default,Default,Default,Default,Default,Default,Default,Default,Default,Default,Default,Default,Default,DefaultJob,Dimension=128&Quantisation=BBQ,1,Workload,Result,2,669605594,3,223201864.67,100,0,0,140000104
VectorQuantisationBenchmarks.'Lucene.NET flat scan',Rowles.LeanCorpus.Benchmarks,VectorQuantisationBenchmarks,'Lucene.NET flat scan',DefaultJob,Default,Default,Default,Default,Default,Default,Default,Default,Default,Default,Default,Default,Default,Default,Default,Default,Default,Default,Default,Default,Default,Default,Default,Default,Default,Default,Default,Default,Default,Default,Default,Default,Default,Default,Default,Default,Default,Default,Default,Default,Default,DefaultJob,Dimension=128&Quantisation=BBQ,1,Workload,Result,3,670197706,3,223399235.33,100,0,0,140000104
VectorQuantisationBenchmarks.'Lucene.NET flat scan',Rowles.LeanCorpus.Benchmarks,VectorQuantisationBenchmarks,'Lucene.NET flat scan',DefaultJob,Default,Default,Default,Default,Default,Default,Default,Default,Default,Default,Default,Default,Default,Default,Default,Default,Default,Default,Default,Default,Default,Default,Default,Default,Default,Default,Default,Default,Default,Default,Default,Default,Default,Default,Default,Default,Default,Default,Default,Default,Default,DefaultJob,Dimension=128&Quantisation=BBQ,1,Workload,Result,4,664826261,3,221608753.67,100,0,0,140000104
VectorQuantisationBenchmarks.'Lucene.NET flat scan',Rowles.LeanCorpus.Benchmarks,VectorQuantisationBenchmarks,'Lucene.NET flat scan',DefaultJob,Default,Default,Default,Default,Default,Default,Default,Default,Default,Default,Default,Default,Default,Default,Default,Default,Default,Default,Default,Default,Default,Default,Default,Default,Default,Default,Default,Default,Default,Default,Default,Default,Default,Default,Default,Default,Default,Default,Default,Default,Default,DefaultJob,Dimension=128&Quantisation=BBQ,1,Workload,Result,5,668900026,3,222966675.33,100,0,0,140000104
VectorQuantisationBenchmarks.'Lucene.NET flat scan',Rowles.LeanCorpus.Benchmarks,VectorQuantisationBenchmarks,'Lucene.NET flat scan',DefaultJob,Default,Default,Default,Default,Default,Default,Default,Default,Default,Default,Default,Default,Default,Default,Default,Default,Default,Default,Default,Default,Default,Default,Default,Default,Default,Default,Default,Default,Default,Default,Default,Default,Default,Default,Default,Default,Default,Default,Default,Default,Default,DefaultJob,Dimension=128&Quantisation=BBQ,1,Workload,Result,6,672434695,3,224144898.33,100,0,0,140000104
VectorQuantisationBenchmarks.'Lucene.NET flat scan',Rowles.LeanCorpus.Benchmarks,VectorQuantisationBenchmarks,'Lucene.NET flat scan',DefaultJob,Default,Default,Default,Default,Default,Default,Default,Default,Default,Default,Default,Default,Default,Default,Default,Default,Default,Default,Default,Default,Default,Default,Default,Default,Default,Default,Default,Default,Default,Default,Default,Default,Default,Default,Default,Default,Default,Default,Default,Default,Default,DefaultJob,Dimension=128&Quantisation=BBQ,1,Workload,Result,7,661525281,3,220508427,100,0,0,140000104
VectorQuantisationBenchmarks.'Lucene.NET flat scan',Rowles.LeanCorpus.Benchmarks,VectorQuantisationBenchmarks,'Lucene.NET flat scan',DefaultJob,Default,Default,Default,Default,Default,Default,Default,Default,Default,Default,Default,Default,Default,Default,Default,Default,Default,Default,Default,Default,Default,Default,Default,Default,Default,Default,Default,Default,Default,Default,Default,Default,Default,Default,Default,Default,Default,Default,Default,Default,Default,DefaultJob,Dimension=128&Quantisation=BBQ,1,Workload,Result,8,666903948,3,222301316,100,0,0,140000104
VectorQuantisationBenchmarks.'Lucene.NET flat scan',Rowles.LeanCorpus.Benchmarks,VectorQuantisationBenchmarks,'Lucene.NET flat scan',DefaultJob,Default,Default,Default,Default,Default,Default,Default,Default,Default,Default,Default,Default,Default,Default,Default,Default,Default,Default,Default,Default,Default,Default,Default,Default,Default,Default,Default,Default,Default,Default,Default,Default,Default,Default,Default,Default,Default,Default,Default,Default,Default,DefaultJob,Dimension=128&Quantisation=BBQ,1,Workload,Result,9,674811705,3,224937235,100,0,0,140000104
VectorQuantisationBenchmarks.'Lucene.NET flat scan',Rowles.LeanCorpus.Benchmarks,VectorQuantisationBenchmarks,'Lucene.NET flat scan',DefaultJob,Default,Default,Default,Default,Default,Default,Default,Default,Default,Default,Default,Default,Default,Default,Default,Default,Default,Default,Default,Default,Default,Default,Default,Default,Default,Default,Default,Default,Default,Default,Default,Default,Default,Default,Default,Default,Default,Default,Default,Default,Default,DefaultJob,Dimension=128&Quantisation=BBQ,1,Workload,Result,10,674894171,3,224964723.67,100,0,0,140000104
VectorQuantisationBenchmarks.'Lucene.NET flat scan',Rowles.LeanCorpus.Benchmarks,VectorQuantisationBenchmarks,'Lucene.NET flat scan',DefaultJob,Default,Default,Default,Default,Default,Default,Default,Default,Default,Default,Default,Default,Default,Default,Default,Default,Default,Default,Default,Default,Default,Default,Default,Default,Default,Default,Default,Default,Default,Default,Default,Default,Default,Default,Default,Default,Default,Default,Default,Default,Default,DefaultJob,Dimension=128&Quantisation=BBQ,1,Workload,Result,11,674420566,3,224806855.33,100,0,0,140000104
VectorQuantisationBenchmarks.'Lucene.NET flat scan',Rowles.LeanCorpus.Benchmarks,VectorQuantisationBenchmarks,'Lucene.NET flat scan',DefaultJob,Default,Default,Default,Default,Default,Default,Default,Default,Default,Default,Default,Default,Default,Default,Default,Default,Default,Default,Default,Default,Default,Default,Default,Default,Default,Default,Default,Default,Default,Default,Default,Default,Default,Default,Default,Default,Default,Default,Default,Default,Default,DefaultJob,Dimension=128&Quantisation=BBQ,1,Workload,Result,12,671657695,3,223885898.33,100,0,0,140000104
VectorQuantisationBenchmarks.'Lucene.NET flat scan',Rowles.LeanCorpus.Benchmarks,VectorQuantisationBenchmarks,'Lucene.NET flat scan',DefaultJob,Default,Default,Default,Default,Default,Default,Default,Default,Default,Default,Default,Default,Default,Default,Default,Default,Default,Default,Default,Default,Default,Default,Default,Default,Default,Default,Default,Default,Default,Default,Default,Default,Default,Default,Default,Default,Default,Default,Default,Default,Default,DefaultJob,Dimension=128&Quantisation=BBQ,1,Workload,Result,13,675496949,3,225165649.67,100,0,0,140000104
VectorQuantisationBenchmarks.'Lucene.NET flat scan',Rowles.LeanCorpus.Benchmarks,VectorQuantisationBenchmarks,'Lucene.NET flat scan',DefaultJob,Default,Default,Default,Default,Default,Default,Default,Default,Default,Default,Default,Default,Default,Default,Default,Default,Default,Default,Default,Default,Default,Default,Default,Default,Default,Default,Default,Default,Default,Default,Default,Default,Default,Default,Default,Default,Default,Default,Default,Default,Default,DefaultJob,Dimension=128&Quantisation=BBQ,1,Workload,Result,14,671260665,3,223753555,100,0,0,140000104
VectorQuantisationBenchmarks.'Lucene.NET flat scan',Rowles.LeanCorpus.Benchmarks,VectorQuantisationBenchmarks,'Lucene.NET flat scan',DefaultJob,Default,Default,Default,Default,Default,Default,Default,Default,Default,Default,Default,Default,Default,Default,Default,Default,Default,Default,Default,Default,Default,Default,Default,Default,Default,Default,Default,Default,Default,Default,Default,Default,Default,Default,Default,Default,Default,Default,Default,Default,Default,DefaultJob,Dimension=128&Quantisation=BBQ,1,Workload,Result,15,674372405,3,224790801.67,100,0,0,140000104
VectorQuantisationBenchmarks.'HNSW search',Rowles.LeanCorpus.Benchmarks,VectorQuantisationBenchmarks,'HNSW search',DefaultJob,Default,Default,Default,Default,Default,Default,Default,Default,Default,Default,Default,Default,Default,Default,Default,Default,Default,Default,Default,Default,Default,Default,Default,Default,Default,Default,Default,Default,Default,Default,Default,Default,Default,Default,Default,Default,Default,Default,Default,Default,Default,DefaultJob,Dimension=128&Quantisation=Int4,1,Workload,Jitting,1,10648687,1,10648687,154,0,0,10121525
VectorQuantisationBenchmarks.'HNSW search',Rowles.LeanCorpus.Benchmarks,VectorQuantisationBenchmarks,'HNSW search',DefaultJob,Default,Default,Default,Default,Default,Default,Default,Default,Default,Default,Default,Default,Default,Default,Default,Default,Default,Default,Default,Default,Default,Default,Default,Default,Default,Default,Default,Default,Default,Default,Default,Default,Default,Default,Default,Default,Default,Default,Default,Default,Default,DefaultJob,Dimension=128&Quantisation=Int4,1,Workload,Jitting,2,268695447,30,8956514.9,154,0,0,10121525
VectorQuantisationBenchmarks.'HNSW search',Rowles.LeanCorpus.Benchmarks,VectorQuantisationBenchmarks,'HNSW search',DefaultJob,Default,Default,Default,Default,Default,Default,Default,Default,Default,Default,Default,Default,Default,Default,Default,Default,Default,Default,Default,Default,Default,Default,Default,Default,Default,Default,Default,Default,Default,Default,Default,Default,Default,Default,Default,Default,Default,Default,Default,Default,Default,DefaultJob,Dimension=128&Quantisation=Int4,1,Workload,Jitting,3,267845855,30,8928195.17,154,0,0,10121525
VectorQuantisationBenchmarks.'HNSW search',Rowles.LeanCorpus.Benchmarks,VectorQuantisationBenchmarks,'HNSW search',DefaultJob,Default,Default,Default,Default,Default,Default,Default,Default,Default,Default,Default,Default,Default,Default,Default,Default,Default,Default,Default,Default,Default,Default,Default,Default,Default,Default,Default,Default,Default,Default,Default,Default,Default,Default,Default,Default,Default,Default,Default,Default,Default,DefaultJob,Dimension=128&Quantisation=Int4,1,Workload,Jitting,4,263584919,30,8786163.97,154,0,0,10121525
VectorQuantisationBenchmarks.'HNSW search',Rowles.LeanCorpus.Benchmarks,VectorQuantisationBenchmarks,'HNSW search',DefaultJob,Default,Default,Default,Default,Default,Default,Default,Default,Default,Default,Default,Default,Default,Default,Default,Default,Default,Default,Default,Default,Default,Default,Default,Default,Default,Default,Default,Default,Default,Default,Default,Default,Default,Default,Default,Default,Default,Default,Default,Default,Default,DefaultJob,Dimension=128&Quantisation=Int4,1,Workload,Jitting,5,11423372,1,11423372,154,0,0,10121525
VectorQuantisationBenchmarks.'HNSW search',Rowles.LeanCorpus.Benchmarks,VectorQuantisationBenchmarks,'HNSW search',DefaultJob,Default,Default,Default,Default,Default,Default,Default,Default,Default,Default,Default,Default,Default,Default,Default,Default,Default,Default,Default,Default,Default,Default,Default,Default,Default,Default,Default,Default,Default,Default,Default,Default,Default,Default,Default,Default,Default,Default,Default,Default,Default,DefaultJob,Dimension=128&Quantisation=Int4,1,Workload,Pilot,1,11558965,1,11558965,154,0,0,10121525
VectorQuantisationBenchmarks.'HNSW search',Rowles.LeanCorpus.Benchmarks,VectorQuantisationBenchmarks,'HNSW search',DefaultJob,Default,Default,Default,Default,Default,Default,Default,Default,Default,Default,Default,Default,Default,Default,Default,Default,Default,Default,Default,Default,Default,Default,Default,Default,Default,Default,Default,Default,Default,Default,Default,Default,Default,Default,Default,Default,Default,Default,Default,Default,Default,DefaultJob,Dimension=128&Quantisation=Int4,1,Workload,Pilot,1,141102891,16,8818930.69,154,0,0,10121525
VectorQuantisationBenchmarks.'HNSW search',Rowles.LeanCorpus.Benchmarks,VectorQuantisationBenchmarks,'HNSW search',DefaultJob,Default,Default,Default,Default,Default,Default,Default,Default,Default,Default,Default,Default,Default,Default,Default,Default,Default,Default,Default,Default,Default,Default,Default,Default,Default,Default,Default,Default,Default,Default,Default,Default,Default,Default,Default,Default,Default,Default,Default,Default,Default,DefaultJob,Dimension=128&Quantisation=Int4,1,Workload,Pilot,2,276913655,32,8653551.72,154,0,0,10121525
VectorQuantisationBenchmarks.'HNSW search',Rowles.LeanCorpus.Benchmarks,VectorQuantisationBenchmarks,'HNSW search',DefaultJob,Default,Default,Default,Default,Default,Default,Default,Default,Default,Default,Default,Default,Default,Default,Default,Default,Default,Default,Default,Default,Default,Default,Default,Default,Default,Default,Default,Default,Default,Default,Default,Default,Default,Default,Default,Default,Default,Default,Default,Default,Default,DefaultJob,Dimension=128&Quantisation=Int4,1,Workload,Pilot,3,556929724,64,8702026.94,154,0,0,10121525
VectorQuantisationBenchmarks.'HNSW search',Rowles.LeanCorpus.Benchmarks,VectorQuantisationBenchmarks,'HNSW search',DefaultJob,Default,Default,Default,Default,Default,Default,Default,Default,Default,Default,Default,Default,Default,Default,Default,Default,Default,Default,Default,Default,Default,Default,Default,Default,Default,Default,Default,Default,Default,Default,Default,Default,Default,Default,Default,Default,Default,Default,Default,Default,Default,DefaultJob,Dimension=128&Quantisation=Int4,1,Workload,Warmup,1,566072263,64,8844879.11,154,0,0,10121525
VectorQuantisationBenchmarks.'HNSW search',Rowles.LeanCorpus.Benchmarks,VectorQuantisationBenchmarks,'HNSW search',DefaultJob,Default,Default,Default,Default,Default,Default,Default,Default,Default,Default,Default,Default,Default,Default,Default,Default,Default,Default,Default,Default,Default,Default,Default,Default,Default,Default,Default,Default,Default,Default,Default,Default,Default,Default,Default,Default,Default,Default,Default,Default,Default,DefaultJob,Dimension=128&Quantisation=Int4,1,Workload,Warmup,2,560427078,64,8756673.09,154,0,0,10121525
VectorQuantisationBenchmarks.'HNSW search',Rowles.LeanCorpus.Benchmarks,VectorQuantisationBenchmarks,'HNSW search',DefaultJob,Default,Default,Default,Default,Default,Default,Default,Default,Default,Default,Default,Default,Default,Default,Default,Default,Default,Default,Default,Default,Default,Default,Default,Default,Default,Default,Default,Default,Default,Default,Default,Default,Default,Default,Default,Default,Default,Default,Default,Default,Default,DefaultJob,Dimension=128&Quantisation=Int4,1,Workload,Warmup,3,557195637,64,8706181.83,154,0,0,10121525
VectorQuantisationBenchmarks.'HNSW search',Rowles.LeanCorpus.Benchmarks,VectorQuantisationBenchmarks,'HNSW search',DefaultJob,Default,Default,Default,Default,Default,Default,Default,Default,Default,Default,Default,Default,Default,Default,Default,Default,Default,Default,Default,Default,Default,Default,Default,Default,Default,Default,Default,Default,Default,Default,Default,Default,Default,Default,Default,Default,Default,Default,Default,Default,Default,DefaultJob,Dimension=128&Quantisation=Int4,1,Workload,Warmup,4,561333098,64,8770829.66,154,0,0,10121525
VectorQuantisationBenchmarks.'HNSW search',Rowles.LeanCorpus.Benchmarks,VectorQuantisationBenchmarks,'HNSW search',DefaultJob,Default,Default,Default,Default,Default,Default,Default,Default,Default,Default,Default,Default,Default,Default,Default,Default,Default,Default,Default,Default,Default,Default,Default,Default,Default,Default,Default,Default,Default,Default,Default,Default,Default,Default,Default,Default,Default,Default,Default,Default,Default,DefaultJob,Dimension=128&Quantisation=Int4,1,Workload,Warmup,5,560370356,64,8755786.81,154,0,0,10121525
VectorQuantisationBenchmarks.'HNSW search',Rowles.LeanCorpus.Benchmarks,VectorQuantisationBenchmarks,'HNSW search',DefaultJob,Default,Default,Default,Default,Default,Default,Default,Default,Default,Default,Default,Default,Default,Default,Default,Default,Default,Default,Default,Default,Default,Default,Default,Default,Default,Default,Default,Default,Default,Default,Default,Default,Default,Default,Default,Default,Default,Default,Default,Default,Default,DefaultJob,Dimension=128&Quantisation=Int4,1,Workload,Warmup,6,559048932,64,8735139.56,154,0,0,10121525
VectorQuantisationBenchmarks.'HNSW search',Rowles.LeanCorpus.Benchmarks,VectorQuantisationBenchmarks,'HNSW search',DefaultJob,Default,Default,Default,Default,Default,Default,Default,Default,Default,Default,Default,Default,Default,Default,Default,Default,Default,Default,Default,Default,Default,Default,Default,Default,Default,Default,Default,Default,Default,Default,Default,Default,Default,Default,Default,Default,Default,Default,Default,Default,Default,DefaultJob,Dimension=128&Quantisation=Int4,1,Workload,Warmup,7,546610765,64,8540793.2,154,0,0,10121525
VectorQuantisationBenchmarks.'HNSW search',Rowles.LeanCorpus.Benchmarks,VectorQuantisationBenchmarks,'HNSW search',DefaultJob,Default,Default,Default,Default,Default,Default,Default,Default,Default,Default,Default,Default,Default,Default,Default,Default,Default,Default,Default,Default,Default,Default,Default,Default,Default,Default,Default,Default,Default,Default,Default,Default,Default,Default,Default,Default,Default,Default,Default,Default,Default,DefaultJob,Dimension=128&Quantisation=Int4,1,Workload,Warmup,8,561194331,64,8768661.42,154,0,0,10121525
VectorQuantisationBenchmarks.'HNSW search',Rowles.LeanCorpus.Benchmarks,VectorQuantisationBenchmarks,'HNSW search',DefaultJob,Default,Default,Default,Default,Default,Default,Default,Default,Default,Default,Default,Default,Default,Default,Default,Default,Default,Default,Default,Default,Default,Default,Default,Default,Default,Default,Default,Default,Default,Default,Default,Default,Default,Default,Default,Default,Default,Default,Default,Default,Default,DefaultJob,Dimension=128&Quantisation=Int4,1,Workload,Warmup,9,557416297,64,8709629.64,154,0,0,10121525
VectorQuantisationBenchmarks.'HNSW search',Rowles.LeanCorpus.Benchmarks,VectorQuantisationBenchmarks,'HNSW search',DefaultJob,Default,Default,Default,Default,Default,Default,Default,Default,Default,Default,Default,Default,Default,Default,Default,Default,Default,Default,Default,Default,Default,Default,Default,Default,Default,Default,Default,Default,Default,Default,Default,Default,Default,Default,Default,Default,Default,Default,Default,Default,Default,DefaultJob,Dimension=128&Quantisation=Int4,1,Workload,Actual,1,550171875,64,8596435.55,154,0,0,10121525
VectorQuantisationBenchmarks.'HNSW search',Rowles.LeanCorpus.Benchmarks,VectorQuantisationBenchmarks,'HNSW search',DefaultJob,Default,Default,Default,Default,Default,Default,Default,Default,Default,Default,Default,Default,Default,Default,Default,Default,Default,Default,Default,Default,Default,Default,Default,Default,Default,Default,Default,Default,Default,Default,Default,Default,Default,Default,Default,Default,Default,Default,Default,Default,Default,DefaultJob,Dimension=128&Quantisation=Int4,1,Workload,Actual,2,543974844,64,8499606.94,154,0,0,10121525
VectorQuantisationBenchmarks.'HNSW search',Rowles.LeanCorpus.Benchmarks,VectorQuantisationBenchmarks,'HNSW search',DefaultJob,Default,Default,Default,Default,Default,Default,Default,Default,Default,Default,Default,Default,Default,Default,Default,Default,Default,Default,Default,Default,Default,Default,Default,Default,Default,Default,Default,Default,Default,Default,Default,Default,Default,Default,Default,Default,Default,Default,Default,Default,Default,DefaultJob,Dimension=128&Quantisation=Int4,1,Workload,Actual,3,560396116,64,8756189.31,154,0,0,10121525
VectorQuantisationBenchmarks.'HNSW search',Rowles.LeanCorpus.Benchmarks,VectorQuantisationBenchmarks,'HNSW search',DefaultJob,Default,Default,Default,Default,Default,Default,Default,Default,Default,Default,Default,Default,Default,Default,Default,Default,Default,Default,Default,Default,Default,Default,Default,Default,Default,Default,Default,Default,Default,Default,Default,Default,Default,Default,Default,Default,Default,Default,Default,Default,Default,DefaultJob,Dimension=128&Quantisation=Int4,1,Workload,Actual,4,555439029,64,8678734.83,154,0,0,10121525
VectorQuantisationBenchmarks.'HNSW search',Rowles.LeanCorpus.Benchmarks,VectorQuantisationBenchmarks,'HNSW search',DefaultJob,Default,Default,Default,Default,Default,Default,Default,Default,Default,Default,Default,Default,Default,Default,Default,Default,Default,Default,Default,Default,Default,Default,Default,Default,Default,Default,Default,Default,Default,Default,Default,Default,Default,Default,Default,Default,Default,Default,Default,Default,Default,DefaultJob,Dimension=128&Quantisation=Int4,1,Workload,Actual,5,558375028,64,8724609.81,154,0,0,10121525
VectorQuantisationBenchmarks.'HNSW search',Rowles.LeanCorpus.Benchmarks,VectorQuantisationBenchmarks,'HNSW search',DefaultJob,Default,Default,Default,Default,Default,Default,Default,Default,Default,Default,Default,Default,Default,Default,Default,Default,Default,Default,Default,Default,Default,Default,Default,Default,Default,Default,Default,Default,Default,Default,Default,Default,Default,Default,Default,Default,Default,Default,Default,Default,Default,DefaultJob,Dimension=128&Quantisation=Int4,1,Workload,Actual,6,557516738,64,8711199.03,154,0,0,10121525
VectorQuantisationBenchmarks.'HNSW search',Rowles.LeanCorpus.Benchmarks,VectorQuantisationBenchmarks,'HNSW search',DefaultJob,Default,Default,Default,Default,Default,Default,Default,Default,Default,Default,Default,Default,Default,Default,Default,Default,Default,Default,Default,Default,Default,Default,Default,Default,Default,Default,Default,Default,Default,Default,Default,Default,Default,Default,Default,Default,Default,Default,Default,Default,Default,DefaultJob,Dimension=128&Quantisation=Int4,1,Workload,Actual,7,555312822,64,8676762.84,154,0,0,10121525
VectorQuantisationBenchmarks.'HNSW search',Rowles.LeanCorpus.Benchmarks,VectorQuantisationBenchmarks,'HNSW search',DefaultJob,Default,Default,Default,Default,Default,Default,Default,Default,Default,Default,Default,Default,Default,Default,Default,Default,Default,Default,Default,Default,Default,Default,Default,Default,Default,Default,Default,Default,Default,Default,Default,Default,Default,Default,Default,Default,Default,Default,Default,Default,Default,DefaultJob,Dimension=128&Quantisation=Int4,1,Workload,Actual,8,555773860,64,8683966.56,154,0,0,10121525
VectorQuantisationBenchmarks.'HNSW search',Rowles.LeanCorpus.Benchmarks,VectorQuantisationBenchmarks,'HNSW search',DefaultJob,Default,Default,Default,Default,Default,Default,Default,Default,Default,Default,Default,Default,Default,Default,Default,Default,Default,Default,Default,Default,Default,Default,Default,Default,Default,Default,Default,Default,Default,Default,Default,Default,Default,Default,Default,Default,Default,Default,Default,Default,Default,DefaultJob,Dimension=128&Quantisation=Int4,1,Workload,Actual,9,561257167,64,8769643.23,154,0,0,10121525
VectorQuantisationBenchmarks.'HNSW search',Rowles.LeanCorpus.Benchmarks,VectorQuantisationBenchmarks,'HNSW search',DefaultJob,Default,Default,Default,Default,Default,Default,Default,Default,Default,Default,Default,Default,Default,Default,Default,Default,Default,Default,Default,Default,Default,Default,Default,Default,Default,Default,Default,Default,Default,Default,Default,Default,Default,Default,Default,Default,Default,Default,Default,Default,Default,DefaultJob,Dimension=128&Quantisation=Int4,1,Workload,Actual,10,557224479,64,8706632.48,154,0,0,10121525
VectorQuantisationBenchmarks.'HNSW search',Rowles.LeanCorpus.Benchmarks,VectorQuantisationBenchmarks,'HNSW search',DefaultJob,Default,Default,Default,Default,Default,Default,Default,Default,Default,Default,Default,Default,Default,Default,Default,Default,Default,Default,Default,Default,Default,Default,Default,Default,Default,Default,Default,Default,Default,Default,Default,Default,Default,Default,Default,Default,Default,Default,Default,Default,Default,DefaultJob,Dimension=128&Quantisation=Int4,1,Workload,Actual,11,563101852,64,8798466.44,154,0,0,10121525
VectorQuantisationBenchmarks.'HNSW search',Rowles.LeanCorpus.Benchmarks,VectorQuantisationBenchmarks,'HNSW search',DefaultJob,Default,Default,Default,Default,Default,Default,Default,Default,Default,Default,Default,Default,Default,Default,Default,Default,Default,Default,Default,Default,Default,Default,Default,Default,Default,Default,Default,Default,Default,Default,Default,Default,Default,Default,Default,Default,Default,Default,Default,Default,Default,DefaultJob,Dimension=128&Quantisation=Int4,1,Workload,Actual,12,550226470,64,8597288.59,154,0,0,10121525
VectorQuantisationBenchmarks.'HNSW search',Rowles.LeanCorpus.Benchmarks,VectorQuantisationBenchmarks,'HNSW search',DefaultJob,Default,Default,Default,Default,Default,Default,Default,Default,Default,Default,Default,Default,Default,Default,Default,Default,Default,Default,Default,Default,Default,Default,Default,Default,Default,Default,Default,Default,Default,Default,Default,Default,Default,Default,Default,Default,Default,Default,Default,Default,Default,DefaultJob,Dimension=128&Quantisation=Int4,1,Workload,Actual,13,565299684,64,8832807.56,154,0,0,10121525
VectorQuantisationBenchmarks.'HNSW search',Rowles.LeanCorpus.Benchmarks,VectorQuantisationBenchmarks,'HNSW search',DefaultJob,Default,Default,Default,Default,Default,Default,Default,Default,Default,Default,Default,Default,Default,Default,Default,Default,Default,Default,Default,Default,Default,Default,Default,Default,Default,Default,Default,Default,Default,Default,Default,Default,Default,Default,Default,Default,Default,Default,Default,Default,Default,DefaultJob,Dimension=128&Quantisation=Int4,1,Workload,Actual,14,564100394,64,8814068.66,154,0,0,10121525
VectorQuantisationBenchmarks.'HNSW search',Rowles.LeanCorpus.Benchmarks,VectorQuantisationBenchmarks,'HNSW search',DefaultJob,Default,Default,Default,Default,Default,Default,Default,Default,Default,Default,Default,Default,Default,Default,Default,Default,Default,Default,Default,Default,Default,Default,Default,Default,Default,Default,Default,Default,Default,Default,Default,Default,Default,Default,Default,Default,Default,Default,Default,Default,Default,DefaultJob,Dimension=128&Quantisation=Int4,1,Workload,Actual,15,564195569,64,8815555.77,154,0,0,10121525
VectorQuantisationBenchmarks.'HNSW search',Rowles.LeanCorpus.Benchmarks,VectorQuantisationBenchmarks,'HNSW search',DefaultJob,Default,Default,Default,Default,Default,Default,Default,Default,Default,Default,Default,Default,Default,Default,Default,Default,Default,Default,Default,Default,Default,Default,Default,Default,Default,Default,Default,Default,Default,Default,Default,Default,Default,Default,Default,Default,Default,Default,Default,Default,Default,DefaultJob,Dimension=128&Quantisation=Int4,1,Workload,Extra,1,560093635,64,8751463.05,154,0,0,10121525
VectorQuantisationBenchmarks.'HNSW search',Rowles.LeanCorpus.Benchmarks,VectorQuantisationBenchmarks,'HNSW search',DefaultJob,Default,Default,Default,Default,Default,Default,Default,Default,Default,Default,Default,Default,Default,Default,Default,Default,Default,Default,Default,Default,Default,Default,Default,Default,Default,Default,Default,Default,Default,Default,Default,Default,Default,Default,Default,Default,Default,Default,Default,Default,Default,DefaultJob,Dimension=128&Quantisation=Int4,1,Workload,Result,1,550171875,64,8596435.55,154,0,0,10121525
VectorQuantisationBenchmarks.'HNSW search',Rowles.LeanCorpus.Benchmarks,VectorQuantisationBenchmarks,'HNSW search',DefaultJob,Default,Default,Default,Default,Default,Default,Default,Default,Default,Default,Default,Default,Default,Default,Default,Default,Default,Default,Default,Default,Default,Default,Default,Default,Default,Default,Default,Default,Default,Default,Default,Default,Default,Default,Default,Default,Default,Default,Default,Default,Default,DefaultJob,Dimension=128&Quantisation=Int4,1,Workload,Result,2,543974844,64,8499606.94,154,0,0,10121525
VectorQuantisationBenchmarks.'HNSW search',Rowles.LeanCorpus.Benchmarks,VectorQuantisationBenchmarks,'HNSW search',DefaultJob,Default,Default,Default,Default,Default,Default,Default,Default,Default,Default,Default,Default,Default,Default,Default,Default,Default,Default,Default,Default,Default,Default,Default,Default,Default,Default,Default,Default,Default,Default,Default,Default,Default,Default,Default,Default,Default,Default,Default,Default,Default,DefaultJob,Dimension=128&Quantisation=Int4,1,Workload,Result,3,560396116,64,8756189.31,154,0,0,10121525
VectorQuantisationBenchmarks.'HNSW search',Rowles.LeanCorpus.Benchmarks,VectorQuantisationBenchmarks,'HNSW search',DefaultJob,Default,Default,Default,Default,Default,Default,Default,Default,Default,Default,Default,Default,Default,Default,Default,Default,Default,Default,Default,Default,Default,Default,Default,Default,Default,Default,Default,Default,Default,Default,Default,Default,Default,Default,Default,Default,Default,Default,Default,Default,Default,DefaultJob,Dimension=128&Quantisation=Int4,1,Workload,Result,4,555439029,64,8678734.83,154,0,0,10121525
VectorQuantisationBenchmarks.'HNSW search',Rowles.LeanCorpus.Benchmarks,VectorQuantisationBenchmarks,'HNSW search',DefaultJob,Default,Default,Default,Default,Default,Default,Default,Default,Default,Default,Default,Default,Default,Default,Default,Default,Default,Default,Default,Default,Default,Default,Default,Default,Default,Default,Default,Default,Default,Default,Default,Default,Default,Default,Default,Default,Default,Default,Default,Default,Default,DefaultJob,Dimension=128&Quantisation=Int4,1,Workload,Result,5,558375028,64,8724609.81,154,0,0,10121525
VectorQuantisationBenchmarks.'HNSW search',Rowles.LeanCorpus.Benchmarks,VectorQuantisationBenchmarks,'HNSW search',DefaultJob,Default,Default,Default,Default,Default,Default,Default,Default,Default,Default,Default,Default,Default,Default,Default,Default,Default,Default,Default,Default,Default,Default,Default,Default,Default,Default,Default,Default,Default,Default,Default,Default,Default,Default,Default,Default,Default,Default,Default,Default,Default,DefaultJob,Dimension=128&Quantisation=Int4,1,Workload,Result,6,557516738,64,8711199.03,154,0,0,10121525
VectorQuantisationBenchmarks.'HNSW search',Rowles.LeanCorpus.Benchmarks,VectorQuantisationBenchmarks,'HNSW search',DefaultJob,Default,Default,Default,Default,Default,Default,Default,Default,Default,Default,Default,Default,Default,Default,Default,Default,Default,Default,Default,Default,Default,Default,Default,Default,Default,Default,Default,Default,Default,Default,Default,Default,Default,Default,Default,Default,Default,Default,Default,Default,Default,DefaultJob,Dimension=128&Quantisation=Int4,1,Workload,Result,7,555312822,64,8676762.84,154,0,0,10121525
VectorQuantisationBenchmarks.'HNSW search',Rowles.LeanCorpus.Benchmarks,VectorQuantisationBenchmarks,'HNSW search',DefaultJob,Default,Default,Default,Default,Default,Default,Default,Default,Default,Default,Default,Default,Default,Default,Default,Default,Default,Default,Default,Default,Default,Default,Default,Default,Default,Default,Default,Default,Default,Default,Default,Default,Default,Default,Default,Default,Default,Default,Default,Default,Default,DefaultJob,Dimension=128&Quantisation=Int4,1,Workload,Result,8,555773860,64,8683966.56,154,0,0,10121525
VectorQuantisationBenchmarks.'HNSW search',Rowles.LeanCorpus.Benchmarks,VectorQuantisationBenchmarks,'HNSW search',DefaultJob,Default,Default,Default,Default,Default,Default,Default,Default,Default,Default,Default,Default,Default,Default,Default,Default,Default,Default,Default,Default,Default,Default,Default,Default,Default,Default,Default,Default,Default,Default,Default,Default,Default,Default,Default,Default,Default,Default,Default,Default,Default,DefaultJob,Dimension=128&Quantisation=Int4,1,Workload,Result,9,561257167,64,8769643.23,154,0,0,10121525
VectorQuantisationBenchmarks.'HNSW search',Rowles.LeanCorpus.Benchmarks,VectorQuantisationBenchmarks,'HNSW search',DefaultJob,Default,Default,Default,Default,Default,Default,Default,Default,Default,Default,Default,Default,Default,Default,Default,Default,Default,Default,Default,Default,Default,Default,Default,Default,Default,Default,Default,Default,Default,Default,Default,Default,Default,Default,Default,Default,Default,Default,Default,Default,Default,DefaultJob,Dimension=128&Quantisation=Int4,1,Workload,Result,10,557224479,64,8706632.48,154,0,0,10121525
VectorQuantisationBenchmarks.'HNSW search',Rowles.LeanCorpus.Benchmarks,VectorQuantisationBenchmarks,'HNSW search',DefaultJob,Default,Default,Default,Default,Default,Default,Default,Default,Default,Default,Default,Default,Default,Default,Default,Default,Default,Default,Default,Default,Default,Default,Default,Default,Default,Default,Default,Default,Default,Default,Default,Default,Default,Default,Default,Default,Default,Default,Default,Default,Default,DefaultJob,Dimension=128&Quantisation=Int4,1,Workload,Result,11,563101852,64,8798466.44,154,0,0,10121525
VectorQuantisationBenchmarks.'HNSW search',Rowles.LeanCorpus.Benchmarks,VectorQuantisationBenchmarks,'HNSW search',DefaultJob,Default,Default,Default,Default,Default,Default,Default,Default,Default,Default,Default,Default,Default,Default,Default,Default,Default,Default,Default,Default,Default,Default,Default,Default,Default,Default,Default,Default,Default,Default,Default,Default,Default,Default,Default,Default,Default,Default,Default,Default,Default,DefaultJob,Dimension=128&Quantisation=Int4,1,Workload,Result,12,550226470,64,8597288.59,154,0,0,10121525
VectorQuantisationBenchmarks.'HNSW search',Rowles.LeanCorpus.Benchmarks,VectorQuantisationBenchmarks,'HNSW search',DefaultJob,Default,Default,Default,Default,Default,Default,Default,Default,Default,Default,Default,Default,Default,Default,Default,Default,Default,Default,Default,Default,Default,Default,Default,Default,Default,Default,Default,Default,Default,Default,Default,Default,Default,Default,Default,Default,Default,Default,Default,Default,Default,DefaultJob,Dimension=128&Quantisation=Int4,1,Workload,Result,13,565299684,64,8832807.56,154,0,0,10121525
VectorQuantisationBenchmarks.'HNSW search',Rowles.LeanCorpus.Benchmarks,VectorQuantisationBenchmarks,'HNSW search',DefaultJob,Default,Default,Default,Default,Default,Default,Default,Default,Default,Default,Default,Default,Default,Default,Default,Default,Default,Default,Default,Default,Default,Default,Default,Default,Default,Default,Default,Default,Default,Default,Default,Default,Default,Default,Default,Default,Default,Default,Default,Default,Default,DefaultJob,Dimension=128&Quantisation=Int4,1,Workload,Result,14,564100394,64,8814068.66,154,0,0,10121525
VectorQuantisationBenchmarks.'HNSW search',Rowles.LeanCorpus.Benchmarks,VectorQuantisationBenchmarks,'HNSW search',DefaultJob,Default,Default,Default,Default,Default,Default,Default,Default,Default,Default,Default,Default,Default,Default,Default,Default,Default,Default,Default,Default,Default,Default,Default,Default,Default,Default,Default,Default,Default,Default,Default,Default,Default,Default,Default,Default,Default,Default,Default,Default,Default,DefaultJob,Dimension=128&Quantisation=Int4,1,Workload,Result,15,564195569,64,8815555.77,154,0,0,10121525
VectorQuantisationBenchmarks.'Lucene.NET flat scan',Rowles.LeanCorpus.Benchmarks,VectorQuantisationBenchmarks,'Lucene.NET flat scan',DefaultJob,Default,Default,Default,Default,Default,Default,Default,Default,Default,Default,Default,Default,Default,Default,Default,Default,Default,Default,Default,Default,Default,Default,Default,Default,Default,Default,Default,Default,Default,Default,Default,Default,Default,Default,Default,Default,Default,Default,Default,Default,Default,DefaultJob,Dimension=128&Quantisation=Int4,1,Workload,Jitting,1,295327518,1,295327518,100,0,0,140000104
VectorQuantisationBenchmarks.'Lucene.NET flat scan',Rowles.LeanCorpus.Benchmarks,VectorQuantisationBenchmarks,'Lucene.NET flat scan',DefaultJob,Default,Default,Default,Default,Default,Default,Default,Default,Default,Default,Default,Default,Default,Default,Default,Default,Default,Default,Default,Default,Default,Default,Default,Default,Default,Default,Default,Default,Default,Default,Default,Default,Default,Default,Default,Default,Default,Default,Default,Default,Default,DefaultJob,Dimension=128&Quantisation=Int4,1,Workload,Jitting,2,7064207205,30,235473573.5,100,0,0,140000104
VectorQuantisationBenchmarks.'Lucene.NET flat scan',Rowles.LeanCorpus.Benchmarks,VectorQuantisationBenchmarks,'Lucene.NET flat scan',DefaultJob,Default,Default,Default,Default,Default,Default,Default,Default,Default,Default,Default,Default,Default,Default,Default,Default,Default,Default,Default,Default,Default,Default,Default,Default,Default,Default,Default,Default,Default,Default,Default,Default,Default,Default,Default,Default,Default,Default,Default,Default,Default,DefaultJob,Dimension=128&Quantisation=Int4,1,Workload,Jitting,3,2553518409,11,232138037.18,100,0,0,140000104
VectorQuantisationBenchmarks.'Lucene.NET flat scan',Rowles.LeanCorpus.Benchmarks,VectorQuantisationBenchmarks,'Lucene.NET flat scan',DefaultJob,Default,Default,Default,Default,Default,Default,Default,Default,Default,Default,Default,Default,Default,Default,Default,Default,Default,Default,Default,Default,Default,Default,Default,Default,Default,Default,Default,Default,Default,Default,Default,Default,Default,Default,Default,Default,Default,Default,Default,Default,Default,DefaultJob,Dimension=128&Quantisation=Int4,1,Workload,Jitting,4,234736891,1,234736891,100,0,0,140000104
VectorQuantisationBenchmarks.'Lucene.NET flat scan',Rowles.LeanCorpus.Benchmarks,VectorQuantisationBenchmarks,'Lucene.NET flat scan',DefaultJob,Default,Default,Default,Default,Default,Default,Default,Default,Default,Default,Default,Default,Default,Default,Default,Default,Default,Default,Default,Default,Default,Default,Default,Default,Default,Default,Default,Default,Default,Default,Default,Default,Default,Default,Default,Default,Default,Default,Default,Default,Default,DefaultJob,Dimension=128&Quantisation=Int4,1,Workload,Pilot,1,464618955,2,232309477.5,100,0,0,140000104
VectorQuantisationBenchmarks.'Lucene.NET flat scan',Rowles.LeanCorpus.Benchmarks,VectorQuantisationBenchmarks,'Lucene.NET flat scan',DefaultJob,Default,Default,Default,Default,Default,Default,Default,Default,Default,Default,Default,Default,Default,Default,Default,Default,Default,Default,Default,Default,Default,Default,Default,Default,Default,Default,Default,Default,Default,Default,Default,Default,Default,Default,Default,Default,Default,Default,Default,Default,Default,DefaultJob,Dimension=128&Quantisation=Int4,1,Workload,Pilot,2,697714177,3,232571392.33,100,0,0,140000104
VectorQuantisationBenchmarks.'Lucene.NET flat scan',Rowles.LeanCorpus.Benchmarks,VectorQuantisationBenchmarks,'Lucene.NET flat scan',DefaultJob,Default,Default,Default,Default,Default,Default,Default,Default,Default,Default,Default,Default,Default,Default,Default,Default,Default,Default,Default,Default,Default,Default,Default,Default,Default,Default,Default,Default,Default,Default,Default,Default,Default,Default,Default,Default,Default,Default,Default,Default,Default,DefaultJob,Dimension=128&Quantisation=Int4,1,Workload,Warmup,1,698515121,3,232838373.67,100,0,0,140000104
VectorQuantisationBenchmarks.'Lucene.NET flat scan',Rowles.LeanCorpus.Benchmarks,VectorQuantisationBenchmarks,'Lucene.NET flat scan',DefaultJob,Default,Default,Default,Default,Default,Default,Default,Default,Default,Default,Default,Default,Default,Default,Default,Default,Default,Default,Default,Default,Default,Default,Default,Default,Default,Default,Default,Default,Default,Default,Default,Default,Default,Default,Default,Default,Default,Default,Default,Default,Default,DefaultJob,Dimension=128&Quantisation=Int4,1,Workload,Warmup,2,684543753,3,228181251,100,0,0,140000104
VectorQuantisationBenchmarks.'Lucene.NET flat scan',Rowles.LeanCorpus.Benchmarks,VectorQuantisationBenchmarks,'Lucene.NET flat scan',DefaultJob,Default,Default,Default,Default,Default,Default,Default,Default,Default,Default,Default,Default,Default,Default,Default,Default,Default,Default,Default,Default,Default,Default,Default,Default,Default,Default,Default,Default,Default,Default,Default,Default,Default,Default,Default,Default,Default,Default,Default,Default,Default,DefaultJob,Dimension=128&Quantisation=Int4,1,Workload,Warmup,3,692381547,3,230793849,100,0,0,140000104
VectorQuantisationBenchmarks.'Lucene.NET flat scan',Rowles.LeanCorpus.Benchmarks,VectorQuantisationBenchmarks,'Lucene.NET flat scan',DefaultJob,Default,Default,Default,Default,Default,Default,Default,Default,Default,Default,Default,Default,Default,Default,Default,Default,Default,Default,Default,Default,Default,Default,Default,Default,Default,Default,Default,Default,Default,Default,Default,Default,Default,Default,Default,Default,Default,Default,Default,Default,Default,DefaultJob,Dimension=128&Quantisation=Int4,1,Workload,Warmup,4,690737106,3,230245702,100,0,0,140000104
VectorQuantisationBenchmarks.'Lucene.NET flat scan',Rowles.LeanCorpus.Benchmarks,VectorQuantisationBenchmarks,'Lucene.NET flat scan',DefaultJob,Default,Default,Default,Default,Default,Default,Default,Default,Default,Default,Default,Default,Default,Default,Default,Default,Default,Default,Default,Default,Default,Default,Default,Default,Default,Default,Default,Default,Default,Default,Default,Default,Default,Default,Default,Default,Default,Default,Default,Default,Default,DefaultJob,Dimension=128&Quantisation=Int4,1,Workload,Warmup,5,684857670,3,228285890,100,0,0,140000104
VectorQuantisationBenchmarks.'Lucene.NET flat scan',Rowles.LeanCorpus.Benchmarks,VectorQuantisationBenchmarks,'Lucene.NET flat scan',DefaultJob,Default,Default,Default,Default,Default,Default,Default,Default,Default,Default,Default,Default,Default,Default,Default,Default,Default,Default,Default,Default,Default,Default,Default,Default,Default,Default,Default,Default,Default,Default,Default,Default,Default,Default,Default,Default,Default,Default,Default,Default,Default,DefaultJob,Dimension=128&Quantisation=Int4,1,Workload,Warmup,6,682912952,3,227637650.67,100,0,0,140000104
VectorQuantisationBenchmarks.'Lucene.NET flat scan',Rowles.LeanCorpus.Benchmarks,VectorQuantisationBenchmarks,'Lucene.NET flat scan',DefaultJob,Default,Default,Default,Default,Default,Default,Default,Default,Default,Default,Default,Default,Default,Default,Default,Default,Default,Default,Default,Default,Default,Default,Default,Default,Default,Default,Default,Default,Default,Default,Default,Default,Default,Default,Default,Default,Default,Default,Default,Default,Default,DefaultJob,Dimension=128&Quantisation=Int4,1,Workload,Warmup,7,708959515,3,236319838.33,100,0,0,140000104
VectorQuantisationBenchmarks.'Lucene.NET flat scan',Rowles.LeanCorpus.Benchmarks,VectorQuantisationBenchmarks,'Lucene.NET flat scan',DefaultJob,Default,Default,Default,Default,Default,Default,Default,Default,Default,Default,Default,Default,Default,Default,Default,Default,Default,Default,Default,Default,Default,Default,Default,Default,Default,Default,Default,Default,Default,Default,Default,Default,Default,Default,Default,Default,Default,Default,Default,Default,Default,DefaultJob,Dimension=128&Quantisation=Int4,1,Workload,Warmup,8,676120585,3,225373528.33,100,0,0,140000104
VectorQuantisationBenchmarks.'Lucene.NET flat scan',Rowles.LeanCorpus.Benchmarks,VectorQuantisationBenchmarks,'Lucene.NET flat scan',DefaultJob,Default,Default,Default,Default,Default,Default,Default,Default,Default,Default,Default,Default,Default,Default,Default,Default,Default,Default,Default,Default,Default,Default,Default,Default,Default,Default,Default,Default,Default,Default,Default,Default,Default,Default,Default,Default,Default,Default,Default,Default,Default,DefaultJob,Dimension=128&Quantisation=Int4,1,Workload,Actual,1,685136652,3,228378884,100,0,0,140000104
VectorQuantisationBenchmarks.'Lucene.NET flat scan',Rowles.LeanCorpus.Benchmarks,VectorQuantisationBenchmarks,'Lucene.NET flat scan',DefaultJob,Default,Default,Default,Default,Default,Default,Default,Default,Default,Default,Default,Default,Default,Default,Default,Default,Default,Default,Default,Default,Default,Default,Default,Default,Default,Default,Default,Default,Default,Default,Default,Default,Default,Default,Default,Default,Default,Default,Default,Default,Default,DefaultJob,Dimension=128&Quantisation=Int4,1,Workload,Actual,2,684300877,3,228100292.33,100,0,0,140000104
VectorQuantisationBenchmarks.'Lucene.NET flat scan',Rowles.LeanCorpus.Benchmarks,VectorQuantisationBenchmarks,'Lucene.NET flat scan',DefaultJob,Default,Default,Default,Default,Default,Default,Default,Default,Default,Default,Default,Default,Default,Default,Default,Default,Default,Default,Default,Default,Default,Default,Default,Default,Default,Default,Default,Default,Default,Default,Default,Default,Default,Default,Default,Default,Default,Default,Default,Default,Default,DefaultJob,Dimension=128&Quantisation=Int4,1,Workload,Actual,3,685458896,3,228486298.67,100,0,0,140000104
VectorQuantisationBenchmarks.'Lucene.NET flat scan',Rowles.LeanCorpus.Benchmarks,VectorQuantisationBenchmarks,'Lucene.NET flat scan',DefaultJob,Default,Default,Default,Default,Default,Default,Default,Default,Default,Default,Default,Default,Default,Default,Default,Default,Default,Default,Default,Default,Default,Default,Default,Default,Default,Default,Default,Default,Default,Default,Default,Default,Default,Default,Default,Default,Default,Default,Default,Default,Default,DefaultJob,Dimension=128&Quantisation=Int4,1,Workload,Actual,4,683061306,3,227687102,100,0,0,140000104
VectorQuantisationBenchmarks.'Lucene.NET flat scan',Rowles.LeanCorpus.Benchmarks,VectorQuantisationBenchmarks,'Lucene.NET flat scan',DefaultJob,Default,Default,Default,Default,Default,Default,Default,Default,Default,Default,Default,Default,Default,Default,Default,Default,Default,Default,Default,Default,Default,Default,Default,Default,Default,Default,Default,Default,Default,Default,Default,Default,Default,Default,Default,Default,Default,Default,Default,Default,Default,DefaultJob,Dimension=128&Quantisation=Int4,1,Workload,Actual,5,681612574,3,227204191.33,100,0,0,140000104
VectorQuantisationBenchmarks.'Lucene.NET flat scan',Rowles.LeanCorpus.Benchmarks,VectorQuantisationBenchmarks,'Lucene.NET flat scan',DefaultJob,Default,Default,Default,Default,Default,Default,Default,Default,Default,Default,Default,Default,Default,Default,Default,Default,Default,Default,Default,Default,Default,Default,Default,Default,Default,Default,Default,Default,Default,Default,Default,Default,Default,Default,Default,Default,Default,Default,Default,Default,Default,DefaultJob,Dimension=128&Quantisation=Int4,1,Workload,Actual,6,683549491,3,227849830.33,100,0,0,140000104
VectorQuantisationBenchmarks.'Lucene.NET flat scan',Rowles.LeanCorpus.Benchmarks,VectorQuantisationBenchmarks,'Lucene.NET flat scan',DefaultJob,Default,Default,Default,Default,Default,Default,Default,Default,Default,Default,Default,Default,Default,Default,Default,Default,Default,Default,Default,Default,Default,Default,Default,Default,Default,Default,Default,Default,Default,Default,Default,Default,Default,Default,Default,Default,Default,Default,Default,Default,Default,DefaultJob,Dimension=128&Quantisation=Int4,1,Workload,Actual,7,682353416,3,227451138.67,100,0,0,140000104
VectorQuantisationBenchmarks.'Lucene.NET flat scan',Rowles.LeanCorpus.Benchmarks,VectorQuantisationBenchmarks,'Lucene.NET flat scan',DefaultJob,Default,Default,Default,Default,Default,Default,Default,Default,Default,Default,Default,Default,Default,Default,Default,Default,Default,Default,Default,Default,Default,Default,Default,Default,Default,Default,Default,Default,Default,Default,Default,Default,Default,Default,Default,Default,Default,Default,Default,Default,Default,DefaultJob,Dimension=128&Quantisation=Int4,1,Workload,Actual,8,677920508,3,225973502.67,100,0,0,140000104
VectorQuantisationBenchmarks.'Lucene.NET flat scan',Rowles.LeanCorpus.Benchmarks,VectorQuantisationBenchmarks,'Lucene.NET flat scan',DefaultJob,Default,Default,Default,Default,Default,Default,Default,Default,Default,Default,Default,Default,Default,Default,Default,Default,Default,Default,Default,Default,Default,Default,Default,Default,Default,Default,Default,Default,Default,Default,Default,Default,Default,Default,Default,Default,Default,Default,Default,Default,Default,DefaultJob,Dimension=128&Quantisation=Int4,1,Workload,Actual,9,683010500,3,227670166.67,100,0,0,140000104
VectorQuantisationBenchmarks.'Lucene.NET flat scan',Rowles.LeanCorpus.Benchmarks,VectorQuantisationBenchmarks,'Lucene.NET flat scan',DefaultJob,Default,Default,Default,Default,Default,Default,Default,Default,Default,Default,Default,Default,Default,Default,Default,Default,Default,Default,Default,Default,Default,Default,Default,Default,Default,Default,Default,Default,Default,Default,Default,Default,Default,Default,Default,Default,Default,Default,Default,Default,Default,DefaultJob,Dimension=128&Quantisation=Int4,1,Workload,Actual,10,685744693,3,228581564.33,100,0,0,140000104
VectorQuantisationBenchmarks.'Lucene.NET flat scan',Rowles.LeanCorpus.Benchmarks,VectorQuantisationBenchmarks,'Lucene.NET flat scan',DefaultJob,Default,Default,Default,Default,Default,Default,Default,Default,Default,Default,Default,Default,Default,Default,Default,Default,Default,Default,Default,Default,Default,Default,Default,Default,Default,Default,Default,Default,Default,Default,Default,Default,Default,Default,Default,Default,Default,Default,Default,Default,Default,DefaultJob,Dimension=128&Quantisation=Int4,1,Workload,Actual,11,685855979,3,228618659.67,100,0,0,140000104
VectorQuantisationBenchmarks.'Lucene.NET flat scan',Rowles.LeanCorpus.Benchmarks,VectorQuantisationBenchmarks,'Lucene.NET flat scan',DefaultJob,Default,Default,Default,Default,Default,Default,Default,Default,Default,Default,Default,Default,Default,Default,Default,Default,Default,Default,Default,Default,Default,Default,Default,Default,Default,Default,Default,Default,Default,Default,Default,Default,Default,Default,Default,Default,Default,Default,Default,Default,Default,DefaultJob,Dimension=128&Quantisation=Int4,1,Workload,Actual,12,679190804,3,226396934.67,100,0,0,140000104
VectorQuantisationBenchmarks.'Lucene.NET flat scan',Rowles.LeanCorpus.Benchmarks,VectorQuantisationBenchmarks,'Lucene.NET flat scan',DefaultJob,Default,Default,Default,Default,Default,Default,Default,Default,Default,Default,Default,Default,Default,Default,Default,Default,Default,Default,Default,Default,Default,Default,Default,Default,Default,Default,Default,Default,Default,Default,Default,Default,Default,Default,Default,Default,Default,Default,Default,Default,Default,DefaultJob,Dimension=128&Quantisation=Int4,1,Workload,Actual,13,685894164,3,228631388,100,0,0,140000104
VectorQuantisationBenchmarks.'Lucene.NET flat scan',Rowles.LeanCorpus.Benchmarks,VectorQuantisationBenchmarks,'Lucene.NET flat scan',DefaultJob,Default,Default,Default,Default,Default,Default,Default,Default,Default,Default,Default,Default,Default,Default,Default,Default,Default,Default,Default,Default,Default,Default,Default,Default,Default,Default,Default,Default,Default,Default,Default,Default,Default,Default,Default,Default,Default,Default,Default,Default,Default,DefaultJob,Dimension=128&Quantisation=Int4,1,Workload,Actual,14,686204060,3,228734686.67,100,0,0,140000104
VectorQuantisationBenchmarks.'Lucene.NET flat scan',Rowles.LeanCorpus.Benchmarks,VectorQuantisationBenchmarks,'Lucene.NET flat scan',DefaultJob,Default,Default,Default,Default,Default,Default,Default,Default,Default,Default,Default,Default,Default,Default,Default,Default,Default,Default,Default,Default,Default,Default,Default,Default,Default,Default,Default,Default,Default,Default,Default,Default,Default,Default,Default,Default,Default,Default,Default,Default,Default,DefaultJob,Dimension=128&Quantisation=Int4,1,Workload,Actual,15,685426730,3,228475576.67,100,0,0,140000104
VectorQuantisationBenchmarks.'Lucene.NET flat scan',Rowles.LeanCorpus.Benchmarks,VectorQuantisationBenchmarks,'Lucene.NET flat scan',DefaultJob,Default,Default,Default,Default,Default,Default,Default,Default,Default,Default,Default,Default,Default,Default,Default,Default,Default,Default,Default,Default,Default,Default,Default,Default,Default,Default,Default,Default,Default,Default,Default,Default,Default,Default,Default,Default,Default,Default,Default,Default,Default,DefaultJob,Dimension=128&Quantisation=Int4,1,Workload,Extra,1,681178973,3,227059657.67,100,0,0,140000104
VectorQuantisationBenchmarks.'Lucene.NET flat scan',Rowles.LeanCorpus.Benchmarks,VectorQuantisationBenchmarks,'Lucene.NET flat scan',DefaultJob,Default,Default,Default,Default,Default,Default,Default,Default,Default,Default,Default,Default,Default,Default,Default,Default,Default,Default,Default,Default,Default,Default,Default,Default,Default,Default,Default,Default,Default,Default,Default,Default,Default,Default,Default,Default,Default,Default,Default,Default,Default,DefaultJob,Dimension=128&Quantisation=Int4,1,Workload,Result,1,685136652,3,228378884,100,0,0,140000104
VectorQuantisationBenchmarks.'Lucene.NET flat scan',Rowles.LeanCorpus.Benchmarks,VectorQuantisationBenchmarks,'Lucene.NET flat scan',DefaultJob,Default,Default,Default,Default,Default,Default,Default,Default,Default,Default,Default,Default,Default,Default,Default,Default,Default,Default,Default,Default,Default,Default,Default,Default,Default,Default,Default,Default,Default,Default,Default,Default,Default,Default,Default,Default,Default,Default,Default,Default,Default,DefaultJob,Dimension=128&Quantisation=Int4,1,Workload,Result,2,684300877,3,228100292.33,100,0,0,140000104
VectorQuantisationBenchmarks.'Lucene.NET flat scan',Rowles.LeanCorpus.Benchmarks,VectorQuantisationBenchmarks,'Lucene.NET flat scan',DefaultJob,Default,Default,Default,Default,Default,Default,Default,Default,Default,Default,Default,Default,Default,Default,Default,Default,Default,Default,Default,Default,Default,Default,Default,Default,Default,Default,Default,Default,Default,Default,Default,Default,Default,Default,Default,Default,Default,Default,Default,Default,Default,DefaultJob,Dimension=128&Quantisation=Int4,1,Workload,Result,3,685458896,3,228486298.67,100,0,0,140000104
VectorQuantisationBenchmarks.'Lucene.NET flat scan',Rowles.LeanCorpus.Benchmarks,VectorQuantisationBenchmarks,'Lucene.NET flat scan',DefaultJob,Default,Default,Default,Default,Default,Default,Default,Default,Default,Default,Default,Default,Default,Default,Default,Default,Default,Default,Default,Default,Default,Default,Default,Default,Default,Default,Default,Default,Default,Default,Default,Default,Default,Default,Default,Default,Default,Default,Default,Default,Default,DefaultJob,Dimension=128&Quantisation=Int4,1,Workload,Result,4,683061306,3,227687102,100,0,0,140000104
VectorQuantisationBenchmarks.'Lucene.NET flat scan',Rowles.LeanCorpus.Benchmarks,VectorQuantisationBenchmarks,'Lucene.NET flat scan',DefaultJob,Default,Default,Default,Default,Default,Default,Default,Default,Default,Default,Default,Default,Default,Default,Default,Default,Default,Default,Default,Default,Default,Default,Default,Default,Default,Default,Default,Default,Default,Default,Default,Default,Default,Default,Default,Default,Default,Default,Default,Default,Default,DefaultJob,Dimension=128&Quantisation=Int4,1,Workload,Result,5,681612574,3,227204191.33,100,0,0,140000104
VectorQuantisationBenchmarks.'Lucene.NET flat scan',Rowles.LeanCorpus.Benchmarks,VectorQuantisationBenchmarks,'Lucene.NET flat scan',DefaultJob,Default,Default,Default,Default,Default,Default,Default,Default,Default,Default,Default,Default,Default,Default,Default,Default,Default,Default,Default,Default,Default,Default,Default,Default,Default,Default,Default,Default,Default,Default,Default,Default,Default,Default,Default,Default,Default,Default,Default,Default,Default,DefaultJob,Dimension=128&Quantisation=Int4,1,Workload,Result,6,683549491,3,227849830.33,100,0,0,140000104
VectorQuantisationBenchmarks.'Lucene.NET flat scan',Rowles.LeanCorpus.Benchmarks,VectorQuantisationBenchmarks,'Lucene.NET flat scan',DefaultJob,Default,Default,Default,Default,Default,Default,Default,Default,Default,Default,Default,Default,Default,Default,Default,Default,Default,Default,Default,Default,Default,Default,Default,Default,Default,Default,Default,Default,Default,Default,Default,Default,Default,Default,Default,Default,Default,Default,Default,Default,Default,DefaultJob,Dimension=128&Quantisation=Int4,1,Workload,Result,7,682353416,3,227451138.67,100,0,0,140000104
VectorQuantisationBenchmarks.'Lucene.NET flat scan',Rowles.LeanCorpus.Benchmarks,VectorQuantisationBenchmarks,'Lucene.NET flat scan',DefaultJob,Default,Default,Default,Default,Default,Default,Default,Default,Default,Default,Default,Default,Default,Default,Default,Default,Default,Default,Default,Default,Default,Default,Default,Default,Default,Default,Default,Default,Default,Default,Default,Default,Default,Default,Default,Default,Default,Default,Default,Default,Default,DefaultJob,Dimension=128&Quantisation=Int4,1,Workload,Result,8,677920508,3,225973502.67,100,0,0,140000104
VectorQuantisationBenchmarks.'Lucene.NET flat scan',Rowles.LeanCorpus.Benchmarks,VectorQuantisationBenchmarks,'Lucene.NET flat scan',DefaultJob,Default,Default,Default,Default,Default,Default,Default,Default,Default,Default,Default,Default,Default,Default,Default,Default,Default,Default,Default,Default,Default,Default,Default,Default,Default,Default,Default,Default,Default,Default,Default,Default,Default,Default,Default,Default,Default,Default,Default,Default,Default,DefaultJob,Dimension=128&Quantisation=Int4,1,Workload,Result,9,683010500,3,227670166.67,100,0,0,140000104
VectorQuantisationBenchmarks.'Lucene.NET flat scan',Rowles.LeanCorpus.Benchmarks,VectorQuantisationBenchmarks,'Lucene.NET flat scan',DefaultJob,Default,Default,Default,Default,Default,Default,Default,Default,Default,Default,Default,Default,Default,Default,Default,Default,Default,Default,Default,Default,Default,Default,Default,Default,Default,Default,Default,Default,Default,Default,Default,Default,Default,Default,Default,Default,Default,Default,Default,Default,Default,DefaultJob,Dimension=128&Quantisation=Int4,1,Workload,Result,10,685744693,3,228581564.33,100,0,0,140000104
VectorQuantisationBenchmarks.'Lucene.NET flat scan',Rowles.LeanCorpus.Benchmarks,VectorQuantisationBenchmarks,'Lucene.NET flat scan',DefaultJob,Default,Default,Default,Default,Default,Default,Default,Default,Default,Default,Default,Default,Default,Default,Default,Default,Default,Default,Default,Default,Default,Default,Default,Default,Default,Default,Default,Default,Default,Default,Default,Default,Default,Default,Default,Default,Default,Default,Default,Default,Default,DefaultJob,Dimension=128&Quantisation=Int4,1,Workload,Result,11,685855979,3,228618659.67,100,0,0,140000104
VectorQuantisationBenchmarks.'Lucene.NET flat scan',Rowles.LeanCorpus.Benchmarks,VectorQuantisationBenchmarks,'Lucene.NET flat scan',DefaultJob,Default,Default,Default,Default,Default,Default,Default,Default,Default,Default,Default,Default,Default,Default,Default,Default,Default,Default,Default,Default,Default,Default,Default,Default,Default,Default,Default,Default,Default,Default,Default,Default,Default,Default,Default,Default,Default,Default,Default,Default,Default,DefaultJob,Dimension=128&Quantisation=Int4,1,Workload,Result,12,679190804,3,226396934.67,100,0,0,140000104
VectorQuantisationBenchmarks.'Lucene.NET flat scan',Rowles.LeanCorpus.Benchmarks,VectorQuantisationBenchmarks,'Lucene.NET flat scan',DefaultJob,Default,Default,Default,Default,Default,Default,Default,Default,Default,Default,Default,Default,Default,Default,Default,Default,Default,Default,Default,Default,Default,Default,Default,Default,Default,Default,Default,Default,Default,Default,Default,Default,Default,Default,Default,Default,Default,Default,Default,Default,Default,DefaultJob,Dimension=128&Quantisation=Int4,1,Workload,Result,13,685894164,3,228631388,100,0,0,140000104
VectorQuantisationBenchmarks.'Lucene.NET flat scan',Rowles.LeanCorpus.Benchmarks,VectorQuantisationBenchmarks,'Lucene.NET flat scan',DefaultJob,Default,Default,Default,Default,Default,Default,Default,Default,Default,Default,Default,Default,Default,Default,Default,Default,Default,Default,Default,Default,Default,Default,Default,Default,Default,Default,Default,Default,Default,Default,Default,Default,Default,Default,Default,Default,Default,Default,Default,Default,Default,DefaultJob,Dimension=128&Quantisation=Int4,1,Workload,Result,14,686204060,3,228734686.67,100,0,0,140000104
VectorQuantisationBenchmarks.'Lucene.NET flat scan',Rowles.LeanCorpus.Benchmarks,VectorQuantisationBenchmarks,'Lucene.NET flat scan',DefaultJob,Default,Default,Default,Default,Default,Default,Default,Default,Default,Default,Default,Default,Default,Default,Default,Default,Default,Default,Default,Default,Default,Default,Default,Default,Default,Default,Default,Default,Default,Default,Default,Default,Default,Default,Default,Default,Default,Default,Default,Default,Default,DefaultJob,Dimension=128&Quantisation=Int4,1,Workload,Result,15,685426730,3,228475576.67,100,0,0,140000104
VectorQuantisationBenchmarks.'HNSW search',Rowles.LeanCorpus.Benchmarks,VectorQuantisationBenchmarks,'HNSW search',DefaultJob,Default,Default,Default,Default,Default,Default,Default,Default,Default,Default,Default,Default,Default,Default,Default,Default,Default,Default,Default,Default,Default,Default,Default,Default,Default,Default,Default,Default,Default,Default,Default,Default,Default,Default,Default,Default,Default,Default,Default,Default,Default,DefaultJob,Dimension=128&Quantisation=ProductQuantisation,1,Workload,Jitting,1,8700372,1,8700372,355,0,0,11602146
VectorQuantisationBenchmarks.'HNSW search',Rowles.LeanCorpus.Benchmarks,VectorQuantisationBenchmarks,'HNSW search',DefaultJob,Default,Default,Default,Default,Default,Default,Default,Default,Default,Default,Default,Default,Default,Default,Default,Default,Default,Default,Default,Default,Default,Default,Default,Default,Default,Default,Default,Default,Default,Default,Default,Default,Default,Default,Default,Default,Default,Default,Default,Default,Default,DefaultJob,Dimension=128&Quantisation=ProductQuantisation,1,Workload,Jitting,2,161031758,30,5367725.27,355,0,0,11602146
VectorQuantisationBenchmarks.'HNSW search',Rowles.LeanCorpus.Benchmarks,VectorQuantisationBenchmarks,'HNSW search',DefaultJob,Default,Default,Default,Default,Default,Default,Default,Default,Default,Default,Default,Default,Default,Default,Default,Default,Default,Default,Default,Default,Default,Default,Default,Default,Default,Default,Default,Default,Default,Default,Default,Default,Default,Default,Default,Default,Default,Default,Default,Default,Default,DefaultJob,Dimension=128&Quantisation=ProductQuantisation,1,Workload,Jitting,3,160250269,30,5341675.63,355,0,0,11602146
VectorQuantisationBenchmarks.'HNSW search',Rowles.LeanCorpus.Benchmarks,VectorQuantisationBenchmarks,'HNSW search',DefaultJob,Default,Default,Default,Default,Default,Default,Default,Default,Default,Default,Default,Default,Default,Default,Default,Default,Default,Default,Default,Default,Default,Default,Default,Default,Default,Default,Default,Default,Default,Default,Default,Default,Default,Default,Default,Default,Default,Default,Default,Default,Default,DefaultJob,Dimension=128&Quantisation=ProductQuantisation,1,Workload,Jitting,4,156144942,30,5204831.4,355,0,0,11602146
VectorQuantisationBenchmarks.'HNSW search',Rowles.LeanCorpus.Benchmarks,VectorQuantisationBenchmarks,'HNSW search',DefaultJob,Default,Default,Default,Default,Default,Default,Default,Default,Default,Default,Default,Default,Default,Default,Default,Default,Default,Default,Default,Default,Default,Default,Default,Default,Default,Default,Default,Default,Default,Default,Default,Default,Default,Default,Default,Default,Default,Default,Default,Default,Default,DefaultJob,Dimension=128&Quantisation=ProductQuantisation,1,Workload,Jitting,5,7869189,1,7869189,355,0,0,11602146
VectorQuantisationBenchmarks.'HNSW search',Rowles.LeanCorpus.Benchmarks,VectorQuantisationBenchmarks,'HNSW search',DefaultJob,Default,Default,Default,Default,Default,Default,Default,Default,Default,Default,Default,Default,Default,Default,Default,Default,Default,Default,Default,Default,Default,Default,Default,Default,Default,Default,Default,Default,Default,Default,Default,Default,Default,Default,Default,Default,Default,Default,Default,Default,Default,DefaultJob,Dimension=128&Quantisation=ProductQuantisation,1,Workload,Pilot,1,8202718,1,8202718,355,0,0,11602146
VectorQuantisationBenchmarks.'HNSW search',Rowles.LeanCorpus.Benchmarks,VectorQuantisationBenchmarks,'HNSW search',DefaultJob,Default,Default,Default,Default,Default,Default,Default,Default,Default,Default,Default,Default,Default,Default,Default,Default,Default,Default,Default,Default,Default,Default,Default,Default,Default,Default,Default,Default,Default,Default,Default,Default,Default,Default,Default,Default,Default,Default,Default,Default,Default,DefaultJob,Dimension=128&Quantisation=ProductQuantisation,1,Workload,Pilot,1,85053670,16,5315854.38,355,0,0,11602146
VectorQuantisationBenchmarks.'HNSW search',Rowles.LeanCorpus.Benchmarks,VectorQuantisationBenchmarks,'HNSW search',DefaultJob,Default,Default,Default,Default,Default,Default,Default,Default,Default,Default,Default,Default,Default,Default,Default,Default,Default,Default,Default,Default,Default,Default,Default,Default,Default,Default,Default,Default,Default,Default,Default,Default,Default,Default,Default,Default,Default,Default,Default,Default,Default,DefaultJob,Dimension=128&Quantisation=ProductQuantisation,1,Workload,Pilot,2,166521496,32,5203796.75,355,0,0,11602146
VectorQuantisationBenchmarks.'HNSW search',Rowles.LeanCorpus.Benchmarks,VectorQuantisationBenchmarks,'HNSW search',DefaultJob,Default,Default,Default,Default,Default,Default,Default,Default,Default,Default,Default,Default,Default,Default,Default,Default,Default,Default,Default,Default,Default,Default,Default,Default,Default,Default,Default,Default,Default,Default,Default,Default,Default,Default,Default,Default,Default,Default,Default,Default,Default,DefaultJob,Dimension=128&Quantisation=ProductQuantisation,1,Workload,Pilot,3,326862328,64,5107223.88,355,0,0,11602146
VectorQuantisationBenchmarks.'HNSW search',Rowles.LeanCorpus.Benchmarks,VectorQuantisationBenchmarks,'HNSW search',DefaultJob,Default,Default,Default,Default,Default,Default,Default,Default,Default,Default,Default,Default,Default,Default,Default,Default,Default,Default,Default,Default,Default,Default,Default,Default,Default,Default,Default,Default,Default,Default,Default,Default,Default,Default,Default,Default,Default,Default,Default,Default,Default,DefaultJob,Dimension=128&Quantisation=ProductQuantisation,1,Workload,Pilot,4,638215425,128,4986058.01,355,0,0,11602146
VectorQuantisationBenchmarks.'HNSW search',Rowles.LeanCorpus.Benchmarks,VectorQuantisationBenchmarks,'HNSW search',DefaultJob,Default,Default,Default,Default,Default,Default,Default,Default,Default,Default,Default,Default,Default,Default,Default,Default,Default,Default,Default,Default,Default,Default,Default,Default,Default,Default,Default,Default,Default,Default,Default,Default,Default,Default,Default,Default,Default,Default,Default,Default,Default,DefaultJob,Dimension=128&Quantisation=ProductQuantisation,1,Workload,Warmup,1,644371467,128,5034152.09,355,0,0,11602146
VectorQuantisationBenchmarks.'HNSW search',Rowles.LeanCorpus.Benchmarks,VectorQuantisationBenchmarks,'HNSW search',DefaultJob,Default,Default,Default,Default,Default,Default,Default,Default,Default,Default,Default,Default,Default,Default,Default,Default,Default,Default,Default,Default,Default,Default,Default,Default,Default,Default,Default,Default,Default,Default,Default,Default,Default,Default,Default,Default,Default,Default,Default,Default,Default,DefaultJob,Dimension=128&Quantisation=ProductQuantisation,1,Workload,Warmup,2,644477274,128,5034978.7,355,0,0,11602146
VectorQuantisationBenchmarks.'HNSW search',Rowles.LeanCorpus.Benchmarks,VectorQuantisationBenchmarks,'HNSW search',DefaultJob,Default,Default,Default,Default,Default,Default,Default,Default,Default,Default,Default,Default,Default,Default,Default,Default,Default,Default,Default,Default,Default,Default,Default,Default,Default,Default,Default,Default,Default,Default,Default,Default,Default,Default,Default,Default,Default,Default,Default,Default,Default,DefaultJob,Dimension=128&Quantisation=ProductQuantisation,1,Workload,Warmup,3,639954525,128,4999644.73,355,0,0,11602146
VectorQuantisationBenchmarks.'HNSW search',Rowles.LeanCorpus.Benchmarks,VectorQuantisationBenchmarks,'HNSW search',DefaultJob,Default,Default,Default,Default,Default,Default,Default,Default,Default,Default,Default,Default,Default,Default,Default,Default,Default,Default,Default,Default,Default,Default,Default,Default,Default,Default,Default,Default,Default,Default,Default,Default,Default,Default,Default,Default,Default,Default,Default,Default,Default,DefaultJob,Dimension=128&Quantisation=ProductQuantisation,1,Workload,Warmup,4,649832012,128,5076812.59,355,0,0,11602146
VectorQuantisationBenchmarks.'HNSW search',Rowles.LeanCorpus.Benchmarks,VectorQuantisationBenchmarks,'HNSW search',DefaultJob,Default,Default,Default,Default,Default,Default,Default,Default,Default,Default,Default,Default,Default,Default,Default,Default,Default,Default,Default,Default,Default,Default,Default,Default,Default,Default,Default,Default,Default,Default,Default,Default,Default,Default,Default,Default,Default,Default,Default,Default,Default,DefaultJob,Dimension=128&Quantisation=ProductQuantisation,1,Workload,Warmup,5,651302568,128,5088301.31,355,0,0,11602146
VectorQuantisationBenchmarks.'HNSW search',Rowles.LeanCorpus.Benchmarks,VectorQuantisationBenchmarks,'HNSW search',DefaultJob,Default,Default,Default,Default,Default,Default,Default,Default,Default,Default,Default,Default,Default,Default,Default,Default,Default,Default,Default,Default,Default,Default,Default,Default,Default,Default,Default,Default,Default,Default,Default,Default,Default,Default,Default,Default,Default,Default,Default,Default,Default,DefaultJob,Dimension=128&Quantisation=ProductQuantisation,1,Workload,Warmup,6,651537642,128,5090137.83,355,0,0,11602146
VectorQuantisationBenchmarks.'HNSW search',Rowles.LeanCorpus.Benchmarks,VectorQuantisationBenchmarks,'HNSW search',DefaultJob,Default,Default,Default,Default,Default,Default,Default,Default,Default,Default,Default,Default,Default,Default,Default,Default,Default,Default,Default,Default,Default,Default,Default,Default,Default,Default,Default,Default,Default,Default,Default,Default,Default,Default,Default,Default,Default,Default,Default,Default,Default,DefaultJob,Dimension=128&Quantisation=ProductQuantisation,1,Workload,Warmup,7,647236600,128,5056535.94,355,0,0,11602146
VectorQuantisationBenchmarks.'HNSW search',Rowles.LeanCorpus.Benchmarks,VectorQuantisationBenchmarks,'HNSW search',DefaultJob,Default,Default,Default,Default,Default,Default,Default,Default,Default,Default,Default,Default,Default,Default,Default,Default,Default,Default,Default,Default,Default,Default,Default,Default,Default,Default,Default,Default,Default,Default,Default,Default,Default,Default,Default,Default,Default,Default,Default,Default,Default,DefaultJob,Dimension=128&Quantisation=ProductQuantisation,1,Workload,Actual,1,648162189,128,5063767.1,355,0,0,11602146
VectorQuantisationBenchmarks.'HNSW search',Rowles.LeanCorpus.Benchmarks,VectorQuantisationBenchmarks,'HNSW search',DefaultJob,Default,Default,Default,Default,Default,Default,Default,Default,Default,Default,Default,Default,Default,Default,Default,Default,Default,Default,Default,Default,Default,Default,Default,Default,Default,Default,Default,Default,Default,Default,Default,Default,Default,Default,Default,Default,Default,Default,Default,Default,Default,DefaultJob,Dimension=128&Quantisation=ProductQuantisation,1,Workload,Actual,2,644245327,128,5033166.62,355,0,0,11602146
VectorQuantisationBenchmarks.'HNSW search',Rowles.LeanCorpus.Benchmarks,VectorQuantisationBenchmarks,'HNSW search',DefaultJob,Default,Default,Default,Default,Default,Default,Default,Default,Default,Default,Default,Default,Default,Default,Default,Default,Default,Default,Default,Default,Default,Default,Default,Default,Default,Default,Default,Default,Default,Default,Default,Default,Default,Default,Default,Default,Default,Default,Default,Default,Default,DefaultJob,Dimension=128&Quantisation=ProductQuantisation,1,Workload,Actual,3,639614269,128,4996986.48,355,0,0,11602146
VectorQuantisationBenchmarks.'HNSW search',Rowles.LeanCorpus.Benchmarks,VectorQuantisationBenchmarks,'HNSW search',DefaultJob,Default,Default,Default,Default,Default,Default,Default,Default,Default,Default,Default,Default,Default,Default,Default,Default,Default,Default,Default,Default,Default,Default,Default,Default,Default,Default,Default,Default,Default,Default,Default,Default,Default,Default,Default,Default,Default,Default,Default,Default,Default,DefaultJob,Dimension=128&Quantisation=ProductQuantisation,1,Workload,Actual,4,634474561,128,4956832.51,355,0,0,11602146
VectorQuantisationBenchmarks.'HNSW search',Rowles.LeanCorpus.Benchmarks,VectorQuantisationBenchmarks,'HNSW search',DefaultJob,Default,Default,Default,Default,Default,Default,Default,Default,Default,Default,Default,Default,Default,Default,Default,Default,Default,Default,Default,Default,Default,Default,Default,Default,Default,Default,Default,Default,Default,Default,Default,Default,Default,Default,Default,Default,Default,Default,Default,Default,Default,DefaultJob,Dimension=128&Quantisation=ProductQuantisation,1,Workload,Actual,5,645916488,128,5046222.56,355,0,0,11602146
VectorQuantisationBenchmarks.'HNSW search',Rowles.LeanCorpus.Benchmarks,VectorQuantisationBenchmarks,'HNSW search',DefaultJob,Default,Default,Default,Default,Default,Default,Default,Default,Default,Default,Default,Default,Default,Default,Default,Default,Default,Default,Default,Default,Default,Default,Default,Default,Default,Default,Default,Default,Default,Default,Default,Default,Default,Default,Default,Default,Default,Default,Default,Default,Default,DefaultJob,Dimension=128&Quantisation=ProductQuantisation,1,Workload,Actual,6,645626217,128,5043954.82,355,0,0,11602146
VectorQuantisationBenchmarks.'HNSW search',Rowles.LeanCorpus.Benchmarks,VectorQuantisationBenchmarks,'HNSW search',DefaultJob,Default,Default,Default,Default,Default,Default,Default,Default,Default,Default,Default,Default,Default,Default,Default,Default,Default,Default,Default,Default,Default,Default,Default,Default,Default,Default,Default,Default,Default,Default,Default,Default,Default,Default,Default,Default,Default,Default,Default,Default,Default,DefaultJob,Dimension=128&Quantisation=ProductQuantisation,1,Workload,Actual,7,647163904,128,5055968,355,0,0,11602146
VectorQuantisationBenchmarks.'HNSW search',Rowles.LeanCorpus.Benchmarks,VectorQuantisationBenchmarks,'HNSW search',DefaultJob,Default,Default,Default,Default,Default,Default,Default,Default,Default,Default,Default,Default,Default,Default,Default,Default,Default,Default,Default,Default,Default,Default,Default,Default,Default,Default,Default,Default,Default,Default,Default,Default,Default,Default,Default,Default,Default,Default,Default,Default,Default,DefaultJob,Dimension=128&Quantisation=ProductQuantisation,1,Workload,Actual,8,647149131,128,5055852.59,355,0,0,11602146
VectorQuantisationBenchmarks.'HNSW search',Rowles.LeanCorpus.Benchmarks,VectorQuantisationBenchmarks,'HNSW search',DefaultJob,Default,Default,Default,Default,Default,Default,Default,Default,Default,Default,Default,Default,Default,Default,Default,Default,Default,Default,Default,Default,Default,Default,Default,Default,Default,Default,Default,Default,Default,Default,Default,Default,Default,Default,Default,Default,Default,Default,Default,Default,Default,DefaultJob,Dimension=128&Quantisation=ProductQuantisation,1,Workload,Actual,9,656217154,128,5126696.52,355,0,0,11602146
VectorQuantisationBenchmarks.'HNSW search',Rowles.LeanCorpus.Benchmarks,VectorQuantisationBenchmarks,'HNSW search',DefaultJob,Default,Default,Default,Default,Default,Default,Default,Default,Default,Default,Default,Default,Default,Default,Default,Default,Default,Default,Default,Default,Default,Default,Default,Default,Default,Default,Default,Default,Default,Default,Default,Default,Default,Default,Default,Default,Default,Default,Default,Default,Default,DefaultJob,Dimension=128&Quantisation=ProductQuantisation,1,Workload,Actual,10,642188947,128,5017101.15,355,0,0,11602146
VectorQuantisationBenchmarks.'HNSW search',Rowles.LeanCorpus.Benchmarks,VectorQuantisationBenchmarks,'HNSW search',DefaultJob,Default,Default,Default,Default,Default,Default,Default,Default,Default,Default,Default,Default,Default,Default,Default,Default,Default,Default,Default,Default,Default,Default,Default,Default,Default,Default,Default,Default,Default,Default,Default,Default,Default,Default,Default,Default,Default,Default,Default,Default,Default,DefaultJob,Dimension=128&Quantisation=ProductQuantisation,1,Workload,Actual,11,653070825,128,5102115.82,355,0,0,11602146
VectorQuantisationBenchmarks.'HNSW search',Rowles.LeanCorpus.Benchmarks,VectorQuantisationBenchmarks,'HNSW search',DefaultJob,Default,Default,Default,Default,Default,Default,Default,Default,Default,Default,Default,Default,Default,Default,Default,Default,Default,Default,Default,Default,Default,Default,Default,Default,Default,Default,Default,Default,Default,Default,Default,Default,Default,Default,Default,Default,Default,Default,Default,Default,Default,DefaultJob,Dimension=128&Quantisation=ProductQuantisation,1,Workload,Actual,12,648966970,128,5070054.45,355,0,0,11602146
VectorQuantisationBenchmarks.'HNSW search',Rowles.LeanCorpus.Benchmarks,VectorQuantisationBenchmarks,'HNSW search',DefaultJob,Default,Default,Default,Default,Default,Default,Default,Default,Default,Default,Default,Default,Default,Default,Default,Default,Default,Default,Default,Default,Default,Default,Default,Default,Default,Default,Default,Default,Default,Default,Default,Default,Default,Default,Default,Default,Default,Default,Default,Default,Default,DefaultJob,Dimension=128&Quantisation=ProductQuantisation,1,Workload,Actual,13,655176537,128,5118566.7,355,0,0,11602146
VectorQuantisationBenchmarks.'HNSW search',Rowles.LeanCorpus.Benchmarks,VectorQuantisationBenchmarks,'HNSW search',DefaultJob,Default,Default,Default,Default,Default,Default,Default,Default,Default,Default,Default,Default,Default,Default,Default,Default,Default,Default,Default,Default,Default,Default,Default,Default,Default,Default,Default,Default,Default,Default,Default,Default,Default,Default,Default,Default,Default,Default,Default,Default,Default,DefaultJob,Dimension=128&Quantisation=ProductQuantisation,1,Workload,Actual,14,653993895,128,5109327.3,355,0,0,11602146
VectorQuantisationBenchmarks.'HNSW search',Rowles.LeanCorpus.Benchmarks,VectorQuantisationBenchmarks,'HNSW search',DefaultJob,Default,Default,Default,Default,Default,Default,Default,Default,Default,Default,Default,Default,Default,Default,Default,Default,Default,Default,Default,Default,Default,Default,Default,Default,Default,Default,Default,Default,Default,Default,Default,Default,Default,Default,Default,Default,Default,Default,Default,Default,Default,DefaultJob,Dimension=128&Quantisation=ProductQuantisation,1,Workload,Actual,15,656715025,128,5130586.13,355,0,0,11602146
VectorQuantisationBenchmarks.'HNSW search',Rowles.LeanCorpus.Benchmarks,VectorQuantisationBenchmarks,'HNSW search',DefaultJob,Default,Default,Default,Default,Default,Default,Default,Default,Default,Default,Default,Default,Default,Default,Default,Default,Default,Default,Default,Default,Default,Default,Default,Default,Default,Default,Default,Default,Default,Default,Default,Default,Default,Default,Default,Default,Default,Default,Default,Default,Default,DefaultJob,Dimension=128&Quantisation=ProductQuantisation,1,Workload,Extra,1,643965084,128,5030977.22,355,0,0,11602146
VectorQuantisationBenchmarks.'HNSW search',Rowles.LeanCorpus.Benchmarks,VectorQuantisationBenchmarks,'HNSW search',DefaultJob,Default,Default,Default,Default,Default,Default,Default,Default,Default,Default,Default,Default,Default,Default,Default,Default,Default,Default,Default,Default,Default,Default,Default,Default,Default,Default,Default,Default,Default,Default,Default,Default,Default,Default,Default,Default,Default,Default,Default,Default,Default,DefaultJob,Dimension=128&Quantisation=ProductQuantisation,1,Workload,Result,1,648162189,128,5063767.1,355,0,0,11602146
VectorQuantisationBenchmarks.'HNSW search',Rowles.LeanCorpus.Benchmarks,VectorQuantisationBenchmarks,'HNSW search',DefaultJob,Default,Default,Default,Default,Default,Default,Default,Default,Default,Default,Default,Default,Default,Default,Default,Default,Default,Default,Default,Default,Default,Default,Default,Default,Default,Default,Default,Default,Default,Default,Default,Default,Default,Default,Default,Default,Default,Default,Default,Default,Default,DefaultJob,Dimension=128&Quantisation=ProductQuantisation,1,Workload,Result,2,644245327,128,5033166.62,355,0,0,11602146
VectorQuantisationBenchmarks.'HNSW search',Rowles.LeanCorpus.Benchmarks,VectorQuantisationBenchmarks,'HNSW search',DefaultJob,Default,Default,Default,Default,Default,Default,Default,Default,Default,Default,Default,Default,Default,Default,Default,Default,Default,Default,Default,Default,Default,Default,Default,Default,Default,Default,Default,Default,Default,Default,Default,Default,Default,Default,Default,Default,Default,Default,Default,Default,Default,DefaultJob,Dimension=128&Quantisation=ProductQuantisation,1,Workload,Result,3,639614269,128,4996986.48,355,0,0,11602146
VectorQuantisationBenchmarks.'HNSW search',Rowles.LeanCorpus.Benchmarks,VectorQuantisationBenchmarks,'HNSW search',DefaultJob,Default,Default,Default,Default,Default,Default,Default,Default,Default,Default,Default,Default,Default,Default,Default,Default,Default,Default,Default,Default,Default,Default,Default,Default,Default,Default,Default,Default,Default,Default,Default,Default,Default,Default,Default,Default,Default,Default,Default,Default,Default,DefaultJob,Dimension=128&Quantisation=ProductQuantisation,1,Workload,Result,4,634474561,128,4956832.51,355,0,0,11602146
VectorQuantisationBenchmarks.'HNSW search',Rowles.LeanCorpus.Benchmarks,VectorQuantisationBenchmarks,'HNSW search',DefaultJob,Default,Default,Default,Default,Default,Default,Default,Default,Default,Default,Default,Default,Default,Default,Default,Default,Default,Default,Default,Default,Default,Default,Default,Default,Default,Default,Default,Default,Default,Default,Default,Default,Default,Default,Default,Default,Default,Default,Default,Default,Default,DefaultJob,Dimension=128&Quantisation=ProductQuantisation,1,Workload,Result,5,645916488,128,5046222.56,355,0,0,11602146
VectorQuantisationBenchmarks.'HNSW search',Rowles.LeanCorpus.Benchmarks,VectorQuantisationBenchmarks,'HNSW search',DefaultJob,Default,Default,Default,Default,Default,Default,Default,Default,Default,Default,Default,Default,Default,Default,Default,Default,Default,Default,Default,Default,Default,Default,Default,Default,Default,Default,Default,Default,Default,Default,Default,Default,Default,Default,Default,Default,Default,Default,Default,Default,Default,DefaultJob,Dimension=128&Quantisation=ProductQuantisation,1,Workload,Result,6,645626217,128,5043954.82,355,0,0,11602146
VectorQuantisationBenchmarks.'HNSW search',Rowles.LeanCorpus.Benchmarks,VectorQuantisationBenchmarks,'HNSW search',DefaultJob,Default,Default,Default,Default,Default,Default,Default,Default,Default,Default,Default,Default,Default,Default,Default,Default,Default,Default,Default,Default,Default,Default,Default,Default,Default,Default,Default,Default,Default,Default,Default,Default,Default,Default,Default,Default,Default,Default,Default,Default,Default,DefaultJob,Dimension=128&Quantisation=ProductQuantisation,1,Workload,Result,7,647163904,128,5055968,355,0,0,11602146
VectorQuantisationBenchmarks.'HNSW search',Rowles.LeanCorpus.Benchmarks,VectorQuantisationBenchmarks,'HNSW search',DefaultJob,Default,Default,Default,Default,Default,Default,Default,Default,Default,Default,Default,Default,Default,Default,Default,Default,Default,Default,Default,Default,Default,Default,Default,Default,Default,Default,Default,Default,Default,Default,Default,Default,Default,Default,Default,Default,Default,Default,Default,Default,Default,DefaultJob,Dimension=128&Quantisation=ProductQuantisation,1,Workload,Result,8,647149131,128,5055852.59,355,0,0,11602146
VectorQuantisationBenchmarks.'HNSW search',Rowles.LeanCorpus.Benchmarks,VectorQuantisationBenchmarks,'HNSW search',DefaultJob,Default,Default,Default,Default,Default,Default,Default,Default,Default,Default,Default,Default,Default,Default,Default,Default,Default,Default,Default,Default,Default,Default,Default,Default,Default,Default,Default,Default,Default,Default,Default,Default,Default,Default,Default,Default,Default,Default,Default,Default,Default,DefaultJob,Dimension=128&Quantisation=ProductQuantisation,1,Workload,Result,9,656217154,128,5126696.52,355,0,0,11602146
VectorQuantisationBenchmarks.'HNSW search',Rowles.LeanCorpus.Benchmarks,VectorQuantisationBenchmarks,'HNSW search',DefaultJob,Default,Default,Default,Default,Default,Default,Default,Default,Default,Default,Default,Default,Default,Default,Default,Default,Default,Default,Default,Default,Default,Default,Default,Default,Default,Default,Default,Default,Default,Default,Default,Default,Default,Default,Default,Default,Default,Default,Default,Default,Default,DefaultJob,Dimension=128&Quantisation=ProductQuantisation,1,Workload,Result,10,642188947,128,5017101.15,355,0,0,11602146
VectorQuantisationBenchmarks.'HNSW search',Rowles.LeanCorpus.Benchmarks,VectorQuantisationBenchmarks,'HNSW search',DefaultJob,Default,Default,Default,Default,Default,Default,Default,Default,Default,Default,Default,Default,Default,Default,Default,Default,Default,Default,Default,Default,Default,Default,Default,Default,Default,Default,Default,Default,Default,Default,Default,Default,Default,Default,Default,Default,Default,Default,Default,Default,Default,DefaultJob,Dimension=128&Quantisation=ProductQuantisation,1,Workload,Result,11,653070825,128,5102115.82,355,0,0,11602146
VectorQuantisationBenchmarks.'HNSW search',Rowles.LeanCorpus.Benchmarks,VectorQuantisationBenchmarks,'HNSW search',DefaultJob,Default,Default,Default,Default,Default,Default,Default,Default,Default,Default,Default,Default,Default,Default,Default,Default,Default,Default,Default,Default,Default,Default,Default,Default,Default,Default,Default,Default,Default,Default,Default,Default,Default,Default,Default,Default,Default,Default,Default,Default,Default,DefaultJob,Dimension=128&Quantisation=ProductQuantisation,1,Workload,Result,12,648966970,128,5070054.45,355,0,0,11602146
VectorQuantisationBenchmarks.'HNSW search',Rowles.LeanCorpus.Benchmarks,VectorQuantisationBenchmarks,'HNSW search',DefaultJob,Default,Default,Default,Default,Default,Default,Default,Default,Default,Default,Default,Default,Default,Default,Default,Default,Default,Default,Default,Default,Default,Default,Default,Default,Default,Default,Default,Default,Default,Default,Default,Default,Default,Default,Default,Default,Default,Default,Default,Default,Default,DefaultJob,Dimension=128&Quantisation=ProductQuantisation,1,Workload,Result,13,655176537,128,5118566.7,355,0,0,11602146
VectorQuantisationBenchmarks.'HNSW search',Rowles.LeanCorpus.Benchmarks,VectorQuantisationBenchmarks,'HNSW search',DefaultJob,Default,Default,Default,Default,Default,Default,Default,Default,Default,Default,Default,Default,Default,Default,Default,Default,Default,Default,Default,Default,Default,Default,Default,Default,Default,Default,Default,Default,Default,Default,Default,Default,Default,Default,Default,Default,Default,Default,Default,Default,Default,DefaultJob,Dimension=128&Quantisation=ProductQuantisation,1,Workload,Result,14,653993895,128,5109327.3,355,0,0,11602146
VectorQuantisationBenchmarks.'HNSW search',Rowles.LeanCorpus.Benchmarks,VectorQuantisationBenchmarks,'HNSW search',DefaultJob,Default,Default,Default,Default,Default,Default,Default,Default,Default,Default,Default,Default,Default,Default,Default,Default,Default,Default,Default,Default,Default,Default,Default,Default,Default,Default,Default,Default,Default,Default,Default,Default,Default,Default,Default,Default,Default,Default,Default,Default,Default,DefaultJob,Dimension=128&Quantisation=ProductQuantisation,1,Workload,Result,15,656715025,128,5130586.13,355,0,0,11602146
VectorQuantisationBenchmarks.'Lucene.NET flat scan',Rowles.LeanCorpus.Benchmarks,VectorQuantisationBenchmarks,'Lucene.NET flat scan',DefaultJob,Default,Default,Default,Default,Default,Default,Default,Default,Default,Default,Default,Default,Default,Default,Default,Default,Default,Default,Default,Default,Default,Default,Default,Default,Default,Default,Default,Default,Default,Default,Default,Default,Default,Default,Default,Default,Default,Default,Default,Default,Default,DefaultJob,Dimension=128&Quantisation=ProductQuantisation,1,Workload,Jitting,1,291078814,1,291078814,100,0,0,140000104
VectorQuantisationBenchmarks.'Lucene.NET flat scan',Rowles.LeanCorpus.Benchmarks,VectorQuantisationBenchmarks,'Lucene.NET flat scan',DefaultJob,Default,Default,Default,Default,Default,Default,Default,Default,Default,Default,Default,Default,Default,Default,Default,Default,Default,Default,Default,Default,Default,Default,Default,Default,Default,Default,Default,Default,Default,Default,Default,Default,Default,Default,Default,Default,Default,Default,Default,Default,Default,DefaultJob,Dimension=128&Quantisation=ProductQuantisation,1,Workload,Jitting,2,6944640471,30,231488015.7,100,0,0,140000104
VectorQuantisationBenchmarks.'Lucene.NET flat scan',Rowles.LeanCorpus.Benchmarks,VectorQuantisationBenchmarks,'Lucene.NET flat scan',DefaultJob,Default,Default,Default,Default,Default,Default,Default,Default,Default,Default,Default,Default,Default,Default,Default,Default,Default,Default,Default,Default,Default,Default,Default,Default,Default,Default,Default,Default,Default,Default,Default,Default,Default,Default,Default,Default,Default,Default,Default,Default,Default,DefaultJob,Dimension=128&Quantisation=ProductQuantisation,1,Workload,Jitting,3,2521152762,11,229195705.64,100,0,0,140000104
VectorQuantisationBenchmarks.'Lucene.NET flat scan',Rowles.LeanCorpus.Benchmarks,VectorQuantisationBenchmarks,'Lucene.NET flat scan',DefaultJob,Default,Default,Default,Default,Default,Default,Default,Default,Default,Default,Default,Default,Default,Default,Default,Default,Default,Default,Default,Default,Default,Default,Default,Default,Default,Default,Default,Default,Default,Default,Default,Default,Default,Default,Default,Default,Default,Default,Default,Default,Default,DefaultJob,Dimension=128&Quantisation=ProductQuantisation,1,Workload,Jitting,4,231462523,1,231462523,100,0,0,140000104
VectorQuantisationBenchmarks.'Lucene.NET flat scan',Rowles.LeanCorpus.Benchmarks,VectorQuantisationBenchmarks,'Lucene.NET flat scan',DefaultJob,Default,Default,Default,Default,Default,Default,Default,Default,Default,Default,Default,Default,Default,Default,Default,Default,Default,Default,Default,Default,Default,Default,Default,Default,Default,Default,Default,Default,Default,Default,Default,Default,Default,Default,Default,Default,Default,Default,Default,Default,Default,DefaultJob,Dimension=128&Quantisation=ProductQuantisation,1,Workload,Pilot,1,459735717,2,229867858.5,100,0,0,140000104
VectorQuantisationBenchmarks.'Lucene.NET flat scan',Rowles.LeanCorpus.Benchmarks,VectorQuantisationBenchmarks,'Lucene.NET flat scan',DefaultJob,Default,Default,Default,Default,Default,Default,Default,Default,Default,Default,Default,Default,Default,Default,Default,Default,Default,Default,Default,Default,Default,Default,Default,Default,Default,Default,Default,Default,Default,Default,Default,Default,Default,Default,Default,Default,Default,Default,Default,Default,Default,DefaultJob,Dimension=128&Quantisation=ProductQuantisation,1,Workload,Pilot,2,687820560,3,229273520,100,0,0,140000104
VectorQuantisationBenchmarks.'Lucene.NET flat scan',Rowles.LeanCorpus.Benchmarks,VectorQuantisationBenchmarks,'Lucene.NET flat scan',DefaultJob,Default,Default,Default,Default,Default,Default,Default,Default,Default,Default,Default,Default,Default,Default,Default,Default,Default,Default,Default,Default,Default,Default,Default,Default,Default,Default,Default,Default,Default,Default,Default,Default,Default,Default,Default,Default,Default,Default,Default,Default,Default,DefaultJob,Dimension=128&Quantisation=ProductQuantisation,1,Workload,Warmup,1,682276546,3,227425515.33,100,0,0,140000104
VectorQuantisationBenchmarks.'Lucene.NET flat scan',Rowles.LeanCorpus.Benchmarks,VectorQuantisationBenchmarks,'Lucene.NET flat scan',DefaultJob,Default,Default,Default,Default,Default,Default,Default,Default,Default,Default,Default,Default,Default,Default,Default,Default,Default,Default,Default,Default,Default,Default,Default,Default,Default,Default,Default,Default,Default,Default,Default,Default,Default,Default,Default,Default,Default,Default,Default,Default,Default,DefaultJob,Dimension=128&Quantisation=ProductQuantisation,1,Workload,Warmup,2,684011657,3,228003885.67,100,0,0,140000104
VectorQuantisationBenchmarks.'Lucene.NET flat scan',Rowles.LeanCorpus.Benchmarks,VectorQuantisationBenchmarks,'Lucene.NET flat scan',DefaultJob,Default,Default,Default,Default,Default,Default,Default,Default,Default,Default,Default,Default,Default,Default,Default,Default,Default,Default,Default,Default,Default,Default,Default,Default,Default,Default,Default,Default,Default,Default,Default,Default,Default,Default,Default,Default,Default,Default,Default,Default,Default,DefaultJob,Dimension=128&Quantisation=ProductQuantisation,1,Workload,Warmup,3,684334095,3,228111365,100,0,0,140000104
VectorQuantisationBenchmarks.'Lucene.NET flat scan',Rowles.LeanCorpus.Benchmarks,VectorQuantisationBenchmarks,'Lucene.NET flat scan',DefaultJob,Default,Default,Default,Default,Default,Default,Default,Default,Default,Default,Default,Default,Default,Default,Default,Default,Default,Default,Default,Default,Default,Default,Default,Default,Default,Default,Default,Default,Default,Default,Default,Default,Default,Default,Default,Default,Default,Default,Default,Default,Default,DefaultJob,Dimension=128&Quantisation=ProductQuantisation,1,Workload,Warmup,4,686951635,3,228983878.33,100,0,0,140000104
VectorQuantisationBenchmarks.'Lucene.NET flat scan',Rowles.LeanCorpus.Benchmarks,VectorQuantisationBenchmarks,'Lucene.NET flat scan',DefaultJob,Default,Default,Default,Default,Default,Default,Default,Default,Default,Default,Default,Default,Default,Default,Default,Default,Default,Default,Default,Default,Default,Default,Default,Default,Default,Default,Default,Default,Default,Default,Default,Default,Default,Default,Default,Default,Default,Default,Default,Default,Default,DefaultJob,Dimension=128&Quantisation=ProductQuantisation,1,Workload,Warmup,5,678734639,3,226244879.67,100,0,0,140000104
VectorQuantisationBenchmarks.'Lucene.NET flat scan',Rowles.LeanCorpus.Benchmarks,VectorQuantisationBenchmarks,'Lucene.NET flat scan',DefaultJob,Default,Default,Default,Default,Default,Default,Default,Default,Default,Default,Default,Default,Default,Default,Default,Default,Default,Default,Default,Default,Default,Default,Default,Default,Default,Default,Default,Default,Default,Default,Default,Default,Default,Default,Default,Default,Default,Default,Default,Default,Default,DefaultJob,Dimension=128&Quantisation=ProductQuantisation,1,Workload,Warmup,6,676056264,3,225352088,100,0,0,140000104
VectorQuantisationBenchmarks.'Lucene.NET flat scan',Rowles.LeanCorpus.Benchmarks,VectorQuantisationBenchmarks,'Lucene.NET flat scan',DefaultJob,Default,Default,Default,Default,Default,Default,Default,Default,Default,Default,Default,Default,Default,Default,Default,Default,Default,Default,Default,Default,Default,Default,Default,Default,Default,Default,Default,Default,Default,Default,Default,Default,Default,Default,Default,Default,Default,Default,Default,Default,Default,DefaultJob,Dimension=128&Quantisation=ProductQuantisation,1,Workload,Warmup,7,675022198,3,225007399.33,100,0,0,140000104
VectorQuantisationBenchmarks.'Lucene.NET flat scan',Rowles.LeanCorpus.Benchmarks,VectorQuantisationBenchmarks,'Lucene.NET flat scan',DefaultJob,Default,Default,Default,Default,Default,Default,Default,Default,Default,Default,Default,Default,Default,Default,Default,Default,Default,Default,Default,Default,Default,Default,Default,Default,Default,Default,Default,Default,Default,Default,Default,Default,Default,Default,Default,Default,Default,Default,Default,Default,Default,DefaultJob,Dimension=128&Quantisation=ProductQuantisation,1,Workload,Warmup,8,675882250,3,225294083.33,100,0,0,140000104
VectorQuantisationBenchmarks.'Lucene.NET flat scan',Rowles.LeanCorpus.Benchmarks,VectorQuantisationBenchmarks,'Lucene.NET flat scan',DefaultJob,Default,Default,Default,Default,Default,Default,Default,Default,Default,Default,Default,Default,Default,Default,Default,Default,Default,Default,Default,Default,Default,Default,Default,Default,Default,Default,Default,Default,Default,Default,Default,Default,Default,Default,Default,Default,Default,Default,Default,Default,Default,DefaultJob,Dimension=128&Quantisation=ProductQuantisation,1,Workload,Warmup,9,677419603,3,225806534.33,100,0,0,140000104
VectorQuantisationBenchmarks.'Lucene.NET flat scan',Rowles.LeanCorpus.Benchmarks,VectorQuantisationBenchmarks,'Lucene.NET flat scan',DefaultJob,Default,Default,Default,Default,Default,Default,Default,Default,Default,Default,Default,Default,Default,Default,Default,Default,Default,Default,Default,Default,Default,Default,Default,Default,Default,Default,Default,Default,Default,Default,Default,Default,Default,Default,Default,Default,Default,Default,Default,Default,Default,DefaultJob,Dimension=128&Quantisation=ProductQuantisation,1,Workload,Warmup,10,674227149,3,224742383,100,0,0,140000104
VectorQuantisationBenchmarks.'Lucene.NET flat scan',Rowles.LeanCorpus.Benchmarks,VectorQuantisationBenchmarks,'Lucene.NET flat scan',DefaultJob,Default,Default,Default,Default,Default,Default,Default,Default,Default,Default,Default,Default,Default,Default,Default,Default,Default,Default,Default,Default,Default,Default,Default,Default,Default,Default,Default,Default,Default,Default,Default,Default,Default,Default,Default,Default,Default,Default,Default,Default,Default,DefaultJob,Dimension=128&Quantisation=ProductQuantisation,1,Workload,Actual,1,675359246,3,225119748.67,100,0,0,140000104
VectorQuantisationBenchmarks.'Lucene.NET flat scan',Rowles.LeanCorpus.Benchmarks,VectorQuantisationBenchmarks,'Lucene.NET flat scan',DefaultJob,Default,Default,Default,Default,Default,Default,Default,Default,Default,Default,Default,Default,Default,Default,Default,Default,Default,Default,Default,Default,Default,Default,Default,Default,Default,Default,Default,Default,Default,Default,Default,Default,Default,Default,Default,Default,Default,Default,Default,Default,Default,DefaultJob,Dimension=128&Quantisation=ProductQuantisation,1,Workload,Actual,2,673645224,3,224548408,100,0,0,140000104
VectorQuantisationBenchmarks.'Lucene.NET flat scan',Rowles.LeanCorpus.Benchmarks,VectorQuantisationBenchmarks,'Lucene.NET flat scan',DefaultJob,Default,Default,Default,Default,Default,Default,Default,Default,Default,Default,Default,Default,Default,Default,Default,Default,Default,Default,Default,Default,Default,Default,Default,Default,Default,Default,Default,Default,Default,Default,Default,Default,Default,Default,Default,Default,Default,Default,Default,Default,Default,DefaultJob,Dimension=128&Quantisation=ProductQuantisation,1,Workload,Actual,3,677014688,3,225671562.67,100,0,0,140000104
VectorQuantisationBenchmarks.'Lucene.NET flat scan',Rowles.LeanCorpus.Benchmarks,VectorQuantisationBenchmarks,'Lucene.NET flat scan',DefaultJob,Default,Default,Default,Default,Default,Default,Default,Default,Default,Default,Default,Default,Default,Default,Default,Default,Default,Default,Default,Default,Default,Default,Default,Default,Default,Default,Default,Default,Default,Default,Default,Default,Default,Default,Default,Default,Default,Default,Default,Default,Default,DefaultJob,Dimension=128&Quantisation=ProductQuantisation,1,Workload,Actual,4,674397251,3,224799083.67,100,0,0,140000104
VectorQuantisationBenchmarks.'Lucene.NET flat scan',Rowles.LeanCorpus.Benchmarks,VectorQuantisationBenchmarks,'Lucene.NET flat scan',DefaultJob,Default,Default,Default,Default,Default,Default,Default,Default,Default,Default,Default,Default,Default,Default,Default,Default,Default,Default,Default,Default,Default,Default,Default,Default,Default,Default,Default,Default,Default,Default,Default,Default,Default,Default,Default,Default,Default,Default,Default,Default,Default,DefaultJob,Dimension=128&Quantisation=ProductQuantisation,1,Workload,Actual,5,675412517,3,225137505.67,100,0,0,140000104
VectorQuantisationBenchmarks.'Lucene.NET flat scan',Rowles.LeanCorpus.Benchmarks,VectorQuantisationBenchmarks,'Lucene.NET flat scan',DefaultJob,Default,Default,Default,Default,Default,Default,Default,Default,Default,Default,Default,Default,Default,Default,Default,Default,Default,Default,Default,Default,Default,Default,Default,Default,Default,Default,Default,Default,Default,Default,Default,Default,Default,Default,Default,Default,Default,Default,Default,Default,Default,DefaultJob,Dimension=128&Quantisation=ProductQuantisation,1,Workload,Actual,6,663948946,3,221316315.33,100,0,0,140000104
VectorQuantisationBenchmarks.'Lucene.NET flat scan',Rowles.LeanCorpus.Benchmarks,VectorQuantisationBenchmarks,'Lucene.NET flat scan',DefaultJob,Default,Default,Default,Default,Default,Default,Default,Default,Default,Default,Default,Default,Default,Default,Default,Default,Default,Default,Default,Default,Default,Default,Default,Default,Default,Default,Default,Default,Default,Default,Default,Default,Default,Default,Default,Default,Default,Default,Default,Default,Default,DefaultJob,Dimension=128&Quantisation=ProductQuantisation,1,Workload,Actual,7,664084158,3,221361386,100,0,0,140000104
VectorQuantisationBenchmarks.'Lucene.NET flat scan',Rowles.LeanCorpus.Benchmarks,VectorQuantisationBenchmarks,'Lucene.NET flat scan',DefaultJob,Default,Default,Default,Default,Default,Default,Default,Default,Default,Default,Default,Default,Default,Default,Default,Default,Default,Default,Default,Default,Default,Default,Default,Default,Default,Default,Default,Default,Default,Default,Default,Default,Default,Default,Default,Default,Default,Default,Default,Default,Default,DefaultJob,Dimension=128&Quantisation=ProductQuantisation,1,Workload,Actual,8,671215783,3,223738594.33,100,0,0,140000104
VectorQuantisationBenchmarks.'Lucene.NET flat scan',Rowles.LeanCorpus.Benchmarks,VectorQuantisationBenchmarks,'Lucene.NET flat scan',DefaultJob,Default,Default,Default,Default,Default,Default,Default,Default,Default,Default,Default,Default,Default,Default,Default,Default,Default,Default,Default,Default,Default,Default,Default,Default,Default,Default,Default,Default,Default,Default,Default,Default,Default,Default,Default,Default,Default,Default,Default,Default,Default,DefaultJob,Dimension=128&Quantisation=ProductQuantisation,1,Workload,Actual,9,666202329,3,222067443,100,0,0,140000104
VectorQuantisationBenchmarks.'Lucene.NET flat scan',Rowles.LeanCorpus.Benchmarks,VectorQuantisationBenchmarks,'Lucene.NET flat scan',DefaultJob,Default,Default,Default,Default,Default,Default,Default,Default,Default,Default,Default,Default,Default,Default,Default,Default,Default,Default,Default,Default,Default,Default,Default,Default,Default,Default,Default,Default,Default,Default,Default,Default,Default,Default,Default,Default,Default,Default,Default,Default,Default,DefaultJob,Dimension=128&Quantisation=ProductQuantisation,1,Workload,Actual,10,669072486,3,223024162,100,0,0,140000104
VectorQuantisationBenchmarks.'Lucene.NET flat scan',Rowles.LeanCorpus.Benchmarks,VectorQuantisationBenchmarks,'Lucene.NET flat scan',DefaultJob,Default,Default,Default,Default,Default,Default,Default,Default,Default,Default,Default,Default,Default,Default,Default,Default,Default,Default,Default,Default,Default,Default,Default,Default,Default,Default,Default,Default,Default,Default,Default,Default,Default,Default,Default,Default,Default,Default,Default,Default,Default,DefaultJob,Dimension=128&Quantisation=ProductQuantisation,1,Workload,Actual,11,674134391,3,224711463.67,100,0,0,140000104
VectorQuantisationBenchmarks.'Lucene.NET flat scan',Rowles.LeanCorpus.Benchmarks,VectorQuantisationBenchmarks,'Lucene.NET flat scan',DefaultJob,Default,Default,Default,Default,Default,Default,Default,Default,Default,Default,Default,Default,Default,Default,Default,Default,Default,Default,Default,Default,Default,Default,Default,Default,Default,Default,Default,Default,Default,Default,Default,Default,Default,Default,Default,Default,Default,Default,Default,Default,Default,DefaultJob,Dimension=128&Quantisation=ProductQuantisation,1,Workload,Actual,12,673265756,3,224421918.67,100,0,0,140000104
VectorQuantisationBenchmarks.'Lucene.NET flat scan',Rowles.LeanCorpus.Benchmarks,VectorQuantisationBenchmarks,'Lucene.NET flat scan',DefaultJob,Default,Default,Default,Default,Default,Default,Default,Default,Default,Default,Default,Default,Default,Default,Default,Default,Default,Default,Default,Default,Default,Default,Default,Default,Default,Default,Default,Default,Default,Default,Default,Default,Default,Default,Default,Default,Default,Default,Default,Default,Default,DefaultJob,Dimension=128&Quantisation=ProductQuantisation,1,Workload,Actual,13,675705671,3,225235223.67,100,0,0,140000104
VectorQuantisationBenchmarks.'Lucene.NET flat scan',Rowles.LeanCorpus.Benchmarks,VectorQuantisationBenchmarks,'Lucene.NET flat scan',DefaultJob,Default,Default,Default,Default,Default,Default,Default,Default,Default,Default,Default,Default,Default,Default,Default,Default,Default,Default,Default,Default,Default,Default,Default,Default,Default,Default,Default,Default,Default,Default,Default,Default,Default,Default,Default,Default,Default,Default,Default,Default,Default,DefaultJob,Dimension=128&Quantisation=ProductQuantisation,1,Workload,Actual,14,676574641,3,225524880.33,100,0,0,140000104
VectorQuantisationBenchmarks.'Lucene.NET flat scan',Rowles.LeanCorpus.Benchmarks,VectorQuantisationBenchmarks,'Lucene.NET flat scan',DefaultJob,Default,Default,Default,Default,Default,Default,Default,Default,Default,Default,Default,Default,Default,Default,Default,Default,Default,Default,Default,Default,Default,Default,Default,Default,Default,Default,Default,Default,Default,Default,Default,Default,Default,Default,Default,Default,Default,Default,Default,Default,Default,DefaultJob,Dimension=128&Quantisation=ProductQuantisation,1,Workload,Actual,15,676398578,3,225466192.67,100,0,0,140000104
VectorQuantisationBenchmarks.'Lucene.NET flat scan',Rowles.LeanCorpus.Benchmarks,VectorQuantisationBenchmarks,'Lucene.NET flat scan',DefaultJob,Default,Default,Default,Default,Default,Default,Default,Default,Default,Default,Default,Default,Default,Default,Default,Default,Default,Default,Default,Default,Default,Default,Default,Default,Default,Default,Default,Default,Default,Default,Default,Default,Default,Default,Default,Default,Default,Default,Default,Default,Default,DefaultJob,Dimension=128&Quantisation=ProductQuantisation,1,Workload,Extra,1,673044380,3,224348126.67,100,0,0,140000104
VectorQuantisationBenchmarks.'Lucene.NET flat scan',Rowles.LeanCorpus.Benchmarks,VectorQuantisationBenchmarks,'Lucene.NET flat scan',DefaultJob,Default,Default,Default,Default,Default,Default,Default,Default,Default,Default,Default,Default,Default,Default,Default,Default,Default,Default,Default,Default,Default,Default,Default,Default,Default,Default,Default,Default,Default,Default,Default,Default,Default,Default,Default,Default,Default,Default,Default,Default,Default,DefaultJob,Dimension=128&Quantisation=ProductQuantisation,1,Workload,Result,1,675359246,3,225119748.67,100,0,0,140000104
VectorQuantisationBenchmarks.'Lucene.NET flat scan',Rowles.LeanCorpus.Benchmarks,VectorQuantisationBenchmarks,'Lucene.NET flat scan',DefaultJob,Default,Default,Default,Default,Default,Default,Default,Default,Default,Default,Default,Default,Default,Default,Default,Default,Default,Default,Default,Default,Default,Default,Default,Default,Default,Default,Default,Default,Default,Default,Default,Default,Default,Default,Default,Default,Default,Default,Default,Default,Default,DefaultJob,Dimension=128&Quantisation=ProductQuantisation,1,Workload,Result,2,673645224,3,224548408,100,0,0,140000104
VectorQuantisationBenchmarks.'Lucene.NET flat scan',Rowles.LeanCorpus.Benchmarks,VectorQuantisationBenchmarks,'Lucene.NET flat scan',DefaultJob,Default,Default,Default,Default,Default,Default,Default,Default,Default,Default,Default,Default,Default,Default,Default,Default,Default,Default,Default,Default,Default,Default,Default,Default,Default,Default,Default,Default,Default,Default,Default,Default,Default,Default,Default,Default,Default,Default,Default,Default,Default,DefaultJob,Dimension=128&Quantisation=ProductQuantisation,1,Workload,Result,3,677014688,3,225671562.67,100,0,0,140000104
VectorQuantisationBenchmarks.'Lucene.NET flat scan',Rowles.LeanCorpus.Benchmarks,VectorQuantisationBenchmarks,'Lucene.NET flat scan',DefaultJob,Default,Default,Default,Default,Default,Default,Default,Default,Default,Default,Default,Default,Default,Default,Default,Default,Default,Default,Default,Default,Default,Default,Default,Default,Default,Default,Default,Default,Default,Default,Default,Default,Default,Default,Default,Default,Default,Default,Default,Default,Default,DefaultJob,Dimension=128&Quantisation=ProductQuantisation,1,Workload,Result,4,674397251,3,224799083.67,100,0,0,140000104
VectorQuantisationBenchmarks.'Lucene.NET flat scan',Rowles.LeanCorpus.Benchmarks,VectorQuantisationBenchmarks,'Lucene.NET flat scan',DefaultJob,Default,Default,Default,Default,Default,Default,Default,Default,Default,Default,Default,Default,Default,Default,Default,Default,Default,Default,Default,Default,Default,Default,Default,Default,Default,Default,Default,Default,Default,Default,Default,Default,Default,Default,Default,Default,Default,Default,Default,Default,Default,DefaultJob,Dimension=128&Quantisation=ProductQuantisation,1,Workload,Result,5,675412517,3,225137505.67,100,0,0,140000104
VectorQuantisationBenchmarks.'Lucene.NET flat scan',Rowles.LeanCorpus.Benchmarks,VectorQuantisationBenchmarks,'Lucene.NET flat scan',DefaultJob,Default,Default,Default,Default,Default,Default,Default,Default,Default,Default,Default,Default,Default,Default,Default,Default,Default,Default,Default,Default,Default,Default,Default,Default,Default,Default,Default,Default,Default,Default,Default,Default,Default,Default,Default,Default,Default,Default,Default,Default,Default,DefaultJob,Dimension=128&Quantisation=ProductQuantisation,1,Workload,Result,6,663948946,3,221316315.33,100,0,0,140000104
VectorQuantisationBenchmarks.'Lucene.NET flat scan',Rowles.LeanCorpus.Benchmarks,VectorQuantisationBenchmarks,'Lucene.NET flat scan',DefaultJob,Default,Default,Default,Default,Default,Default,Default,Default,Default,Default,Default,Default,Default,Default,Default,Default,Default,Default,Default,Default,Default,Default,Default,Default,Default,Default,Default,Default,Default,Default,Default,Default,Default,Default,Default,Default,Default,Default,Default,Default,Default,DefaultJob,Dimension=128&Quantisation=ProductQuantisation,1,Workload,Result,7,664084158,3,221361386,100,0,0,140000104
VectorQuantisationBenchmarks.'Lucene.NET flat scan',Rowles.LeanCorpus.Benchmarks,VectorQuantisationBenchmarks,'Lucene.NET flat scan',DefaultJob,Default,Default,Default,Default,Default,Default,Default,Default,Default,Default,Default,Default,Default,Default,Default,Default,Default,Default,Default,Default,Default,Default,Default,Default,Default,Default,Default,Default,Default,Default,Default,Default,Default,Default,Default,Default,Default,Default,Default,Default,Default,DefaultJob,Dimension=128&Quantisation=ProductQuantisation,1,Workload,Result,8,671215783,3,223738594.33,100,0,0,140000104
VectorQuantisationBenchmarks.'Lucene.NET flat scan',Rowles.LeanCorpus.Benchmarks,VectorQuantisationBenchmarks,'Lucene.NET flat scan',DefaultJob,Default,Default,Default,Default,Default,Default,Default,Default,Default,Default,Default,Default,Default,Default,Default,Default,Default,Default,Default,Default,Default,Default,Default,Default,Default,Default,Default,Default,Default,Default,Default,Default,Default,Default,Default,Default,Default,Default,Default,Default,Default,DefaultJob,Dimension=128&Quantisation=ProductQuantisation,1,Workload,Result,9,666202329,3,222067443,100,0,0,140000104
VectorQuantisationBenchmarks.'Lucene.NET flat scan',Rowles.LeanCorpus.Benchmarks,VectorQuantisationBenchmarks,'Lucene.NET flat scan',DefaultJob,Default,Default,Default,Default,Default,Default,Default,Default,Default,Default,Default,Default,Default,Default,Default,Default,Default,Default,Default,Default,Default,Default,Default,Default,Default,Default,Default,Default,Default,Default,Default,Default,Default,Default,Default,Default,Default,Default,Default,Default,Default,DefaultJob,Dimension=128&Quantisation=ProductQuantisation,1,Workload,Result,10,669072486,3,223024162,100,0,0,140000104
VectorQuantisationBenchmarks.'Lucene.NET flat scan',Rowles.LeanCorpus.Benchmarks,VectorQuantisationBenchmarks,'Lucene.NET flat scan',DefaultJob,Default,Default,Default,Default,Default,Default,Default,Default,Default,Default,Default,Default,Default,Default,Default,Default,Default,Default,Default,Default,Default,Default,Default,Default,Default,Default,Default,Default,Default,Default,Default,Default,Default,Default,Default,Default,Default,Default,Default,Default,Default,DefaultJob,Dimension=128&Quantisation=ProductQuantisation,1,Workload,Result,11,674134391,3,224711463.67,100,0,0,140000104
VectorQuantisationBenchmarks.'Lucene.NET flat scan',Rowles.LeanCorpus.Benchmarks,VectorQuantisationBenchmarks,'Lucene.NET flat scan',DefaultJob,Default,Default,Default,Default,Default,Default,Default,Default,Default,Default,Default,Default,Default,Default,Default,Default,Default,Default,Default,Default,Default,Default,Default,Default,Default,Default,Default,Default,Default,Default,Default,Default,Default,Default,Default,Default,Default,Default,Default,Default,Default,DefaultJob,Dimension=128&Quantisation=ProductQuantisation,1,Workload,Result,12,673265756,3,224421918.67,100,0,0,140000104
VectorQuantisationBenchmarks.'Lucene.NET flat scan',Rowles.LeanCorpus.Benchmarks,VectorQuantisationBenchmarks,'Lucene.NET flat scan',DefaultJob,Default,Default,Default,Default,Default,Default,Default,Default,Default,Default,Default,Default,Default,Default,Default,Default,Default,Default,Default,Default,Default,Default,Default,Default,Default,Default,Default,Default,Default,Default,Default,Default,Default,Default,Default,Default,Default,Default,Default,Default,Default,DefaultJob,Dimension=128&Quantisation=ProductQuantisation,1,Workload,Result,13,675705671,3,225235223.67,100,0,0,140000104
VectorQuantisationBenchmarks.'Lucene.NET flat scan',Rowles.LeanCorpus.Benchmarks,VectorQuantisationBenchmarks,'Lucene.NET flat scan',DefaultJob,Default,Default,Default,Default,Default,Default,Default,Default,Default,Default,Default,Default,Default,Default,Default,Default,Default,Default,Default,Default,Default,Default,Default,Default,Default,Default,Default,Default,Default,Default,Default,Default,Default,Default,Default,Default,Default,Default,Default,Default,Default,DefaultJob,Dimension=128&Quantisation=ProductQuantisation,1,Workload,Result,14,676574641,3,225524880.33,100,0,0,140000104
VectorQuantisationBenchmarks.'Lucene.NET flat scan',Rowles.LeanCorpus.Benchmarks,VectorQuantisationBenchmarks,'Lucene.NET flat scan',DefaultJob,Default,Default,Default,Default,Default,Default,Default,Default,Default,Default,Default,Default,Default,Default,Default,Default,Default,Default,Default,Default,Default,Default,Default,Default,Default,Default,Default,Default,Default,Default,Default,Default,Default,Default,Default,Default,Default,Default,Default,Default,Default,DefaultJob,Dimension=128&Quantisation=ProductQuantisation,1,Workload,Result,15,676398578,3,225466192.67,100,0,0,140000104
VectorQuantisationBenchmarks.'HNSW search',Rowles.LeanCorpus.Benchmarks,VectorQuantisationBenchmarks,'HNSW search',DefaultJob,Default,Default,Default,Default,Default,Default,Default,Default,Default,Default,Default,Default,Default,Default,Default,Default,Default,Default,Default,Default,Default,Default,Default,Default,Default,Default,Default,Default,Default,Default,Default,Default,Default,Default,Default,Default,Default,Default,Default,Default,Default,DefaultJob,Dimension=128&Quantisation=RaBitQ,1,Workload,Jitting,1,45567909,1,45567909,65,0,0,21068408
VectorQuantisationBenchmarks.'HNSW search',Rowles.LeanCorpus.Benchmarks,VectorQuantisationBenchmarks,'HNSW search',DefaultJob,Default,Default,Default,Default,Default,Default,Default,Default,Default,Default,Default,Default,Default,Default,Default,Default,Default,Default,Default,Default,Default,Default,Default,Default,Default,Default,Default,Default,Default,Default,Default,Default,Default,Default,Default,Default,Default,Default,Default,Default,Default,DefaultJob,Dimension=128&Quantisation=RaBitQ,1,Workload,Jitting,2,1205620117,30,40187337.23,65,0,0,21068408
VectorQuantisationBenchmarks.'HNSW search',Rowles.LeanCorpus.Benchmarks,VectorQuantisationBenchmarks,'HNSW search',DefaultJob,Default,Default,Default,Default,Default,Default,Default,Default,Default,Default,Default,Default,Default,Default,Default,Default,Default,Default,Default,Default,Default,Default,Default,Default,Default,Default,Default,Default,Default,Default,Default,Default,Default,Default,Default,Default,Default,Default,Default,Default,Default,DefaultJob,Dimension=128&Quantisation=RaBitQ,1,Workload,Jitting,3,1224297571,30,40809919.03,65,0,0,21068408
VectorQuantisationBenchmarks.'HNSW search',Rowles.LeanCorpus.Benchmarks,VectorQuantisationBenchmarks,'HNSW search',DefaultJob,Default,Default,Default,Default,Default,Default,Default,Default,Default,Default,Default,Default,Default,Default,Default,Default,Default,Default,Default,Default,Default,Default,Default,Default,Default,Default,Default,Default,Default,Default,Default,Default,Default,Default,Default,Default,Default,Default,Default,Default,Default,DefaultJob,Dimension=128&Quantisation=RaBitQ,1,Workload,Jitting,4,1215147972,30,40504932.4,65,0,0,21068408
VectorQuantisationBenchmarks.'HNSW search',Rowles.LeanCorpus.Benchmarks,VectorQuantisationBenchmarks,'HNSW search',DefaultJob,Default,Default,Default,Default,Default,Default,Default,Default,Default,Default,Default,Default,Default,Default,Default,Default,Default,Default,Default,Default,Default,Default,Default,Default,Default,Default,Default,Default,Default,Default,Default,Default,Default,Default,Default,Default,Default,Default,Default,Default,Default,DefaultJob,Dimension=128&Quantisation=RaBitQ,1,Workload,Jitting,5,42914102,1,42914102,65,0,0,21068408
VectorQuantisationBenchmarks.'HNSW search',Rowles.LeanCorpus.Benchmarks,VectorQuantisationBenchmarks,'HNSW search',DefaultJob,Default,Default,Default,Default,Default,Default,Default,Default,Default,Default,Default,Default,Default,Default,Default,Default,Default,Default,Default,Default,Default,Default,Default,Default,Default,Default,Default,Default,Default,Default,Default,Default,Default,Default,Default,Default,Default,Default,Default,Default,Default,DefaultJob,Dimension=128&Quantisation=RaBitQ,1,Workload,Pilot,1,43644407,1,43644407,65,0,0,21068408
VectorQuantisationBenchmarks.'HNSW search',Rowles.LeanCorpus.Benchmarks,VectorQuantisationBenchmarks,'HNSW search',DefaultJob,Default,Default,Default,Default,Default,Default,Default,Default,Default,Default,Default,Default,Default,Default,Default,Default,Default,Default,Default,Default,Default,Default,Default,Default,Default,Default,Default,Default,Default,Default,Default,Default,Default,Default,Default,Default,Default,Default,Default,Default,Default,DefaultJob,Dimension=128&Quantisation=RaBitQ,1,Workload,Pilot,1,84695777,2,42347888.5,65,0,0,21068408
VectorQuantisationBenchmarks.'HNSW search',Rowles.LeanCorpus.Benchmarks,VectorQuantisationBenchmarks,'HNSW search',DefaultJob,Default,Default,Default,Default,Default,Default,Default,Default,Default,Default,Default,Default,Default,Default,Default,Default,Default,Default,Default,Default,Default,Default,Default,Default,Default,Default,Default,Default,Default,Default,Default,Default,Default,Default,Default,Default,Default,Default,Default,Default,Default,DefaultJob,Dimension=128&Quantisation=RaBitQ,1,Workload,Pilot,2,127107673,3,42369224.33,65,0,0,21068408
VectorQuantisationBenchmarks.'HNSW search',Rowles.LeanCorpus.Benchmarks,VectorQuantisationBenchmarks,'HNSW search',DefaultJob,Default,Default,Default,Default,Default,Default,Default,Default,Default,Default,Default,Default,Default,Default,Default,Default,Default,Default,Default,Default,Default,Default,Default,Default,Default,Default,Default,Default,Default,Default,Default,Default,Default,Default,Default,Default,Default,Default,Default,Default,Default,DefaultJob,Dimension=128&Quantisation=RaBitQ,1,Workload,Pilot,3,163567511,4,40891877.75,65,0,0,21068408
VectorQuantisationBenchmarks.'HNSW search',Rowles.LeanCorpus.Benchmarks,VectorQuantisationBenchmarks,'HNSW search',DefaultJob,Default,Default,Default,Default,Default,Default,Default,Default,Default,Default,Default,Default,Default,Default,Default,Default,Default,Default,Default,Default,Default,Default,Default,Default,Default,Default,Default,Default,Default,Default,Default,Default,Default,Default,Default,Default,Default,Default,Default,Default,Default,DefaultJob,Dimension=128&Quantisation=RaBitQ,1,Workload,Pilot,4,203701456,5,40740291.2,65,0,0,21068408
VectorQuantisationBenchmarks.'HNSW search',Rowles.LeanCorpus.Benchmarks,VectorQuantisationBenchmarks,'HNSW search',DefaultJob,Default,Default,Default,Default,Default,Default,Default,Default,Default,Default,Default,Default,Default,Default,Default,Default,Default,Default,Default,Default,Default,Default,Default,Default,Default,Default,Default,Default,Default,Default,Default,Default,Default,Default,Default,Default,Default,Default,Default,Default,Default,DefaultJob,Dimension=128&Quantisation=RaBitQ,1,Workload,Pilot,5,244306577,6,40717762.83,65,0,0,21068408
VectorQuantisationBenchmarks.'HNSW search',Rowles.LeanCorpus.Benchmarks,VectorQuantisationBenchmarks,'HNSW search',DefaultJob,Default,Default,Default,Default,Default,Default,Default,Default,Default,Default,Default,Default,Default,Default,Default,Default,Default,Default,Default,Default,Default,Default,Default,Default,Default,Default,Default,Default,Default,Default,Default,Default,Default,Default,Default,Default,Default,Default,Default,Default,Default,DefaultJob,Dimension=128&Quantisation=RaBitQ,1,Workload,Pilot,6,285990432,7,40855776,65,0,0,21068408
VectorQuantisationBenchmarks.'HNSW search',Rowles.LeanCorpus.Benchmarks,VectorQuantisationBenchmarks,'HNSW search',DefaultJob,Default,Default,Default,Default,Default,Default,Default,Default,Default,Default,Default,Default,Default,Default,Default,Default,Default,Default,Default,Default,Default,Default,Default,Default,Default,Default,Default,Default,Default,Default,Default,Default,Default,Default,Default,Default,Default,Default,Default,Default,Default,DefaultJob,Dimension=128&Quantisation=RaBitQ,1,Workload,Pilot,7,327683858,8,40960482.25,65,0,0,21068408
VectorQuantisationBenchmarks.'HNSW search',Rowles.LeanCorpus.Benchmarks,VectorQuantisationBenchmarks,'HNSW search',DefaultJob,Default,Default,Default,Default,Default,Default,Default,Default,Default,Default,Default,Default,Default,Default,Default,Default,Default,Default,Default,Default,Default,Default,Default,Default,Default,Default,Default,Default,Default,Default,Default,Default,Default,Default,Default,Default,Default,Default,Default,Default,Default,DefaultJob,Dimension=128&Quantisation=RaBitQ,1,Workload,Pilot,8,368037882,9,40893098,65,0,0,21068408
VectorQuantisationBenchmarks.'HNSW search',Rowles.LeanCorpus.Benchmarks,VectorQuantisationBenchmarks,'HNSW search',DefaultJob,Default,Default,Default,Default,Default,Default,Default,Default,Default,Default,Default,Default,Default,Default,Default,Default,Default,Default,Default,Default,Default,Default,Default,Default,Default,Default,Default,Default,Default,Default,Default,Default,Default,Default,Default,Default,Default,Default,Default,Default,Default,DefaultJob,Dimension=128&Quantisation=RaBitQ,1,Workload,Pilot,9,406346125,10,40634612.5,65,0,0,21068408
VectorQuantisationBenchmarks.'HNSW search',Rowles.LeanCorpus.Benchmarks,VectorQuantisationBenchmarks,'HNSW search',DefaultJob,Default,Default,Default,Default,Default,Default,Default,Default,Default,Default,Default,Default,Default,Default,Default,Default,Default,Default,Default,Default,Default,Default,Default,Default,Default,Default,Default,Default,Default,Default,Default,Default,Default,Default,Default,Default,Default,Default,Default,Default,Default,DefaultJob,Dimension=128&Quantisation=RaBitQ,1,Workload,Pilot,10,448277616,11,40752510.55,65,0,0,21068408
VectorQuantisationBenchmarks.'HNSW search',Rowles.LeanCorpus.Benchmarks,VectorQuantisationBenchmarks,'HNSW search',DefaultJob,Default,Default,Default,Default,Default,Default,Default,Default,Default,Default,Default,Default,Default,Default,Default,Default,Default,Default,Default,Default,Default,Default,Default,Default,Default,Default,Default,Default,Default,Default,Default,Default,Default,Default,Default,Default,Default,Default,Default,Default,Default,DefaultJob,Dimension=128&Quantisation=RaBitQ,1,Workload,Pilot,11,490093660,12,40841138.33,65,0,0,21068408
VectorQuantisationBenchmarks.'HNSW search',Rowles.LeanCorpus.Benchmarks,VectorQuantisationBenchmarks,'HNSW search',DefaultJob,Default,Default,Default,Default,Default,Default,Default,Default,Default,Default,Default,Default,Default,Default,Default,Default,Default,Default,Default,Default,Default,Default,Default,Default,Default,Default,Default,Default,Default,Default,Default,Default,Default,Default,Default,Default,Default,Default,Default,Default,Default,DefaultJob,Dimension=128&Quantisation=RaBitQ,1,Workload,Pilot,12,525374027,13,40413386.69,65,0,0,21068408
VectorQuantisationBenchmarks.'HNSW search',Rowles.LeanCorpus.Benchmarks,VectorQuantisationBenchmarks,'HNSW search',DefaultJob,Default,Default,Default,Default,Default,Default,Default,Default,Default,Default,Default,Default,Default,Default,Default,Default,Default,Default,Default,Default,Default,Default,Default,Default,Default,Default,Default,Default,Default,Default,Default,Default,Default,Default,Default,Default,Default,Default,Default,Default,Default,DefaultJob,Dimension=128&Quantisation=RaBitQ,1,Workload,Warmup,1,529004062,13,40692620.15,65,0,0,21068408
VectorQuantisationBenchmarks.'HNSW search',Rowles.LeanCorpus.Benchmarks,VectorQuantisationBenchmarks,'HNSW search',DefaultJob,Default,Default,Default,Default,Default,Default,Default,Default,Default,Default,Default,Default,Default,Default,Default,Default,Default,Default,Default,Default,Default,Default,Default,Default,Default,Default,Default,Default,Default,Default,Default,Default,Default,Default,Default,Default,Default,Default,Default,Default,Default,DefaultJob,Dimension=128&Quantisation=RaBitQ,1,Workload,Warmup,2,527745116,13,40595778.15,65,0,0,21068408
VectorQuantisationBenchmarks.'HNSW search',Rowles.LeanCorpus.Benchmarks,VectorQuantisationBenchmarks,'HNSW search',DefaultJob,Default,Default,Default,Default,Default,Default,Default,Default,Default,Default,Default,Default,Default,Default,Default,Default,Default,Default,Default,Default,Default,Default,Default,Default,Default,Default,Default,Default,Default,Default,Default,Default,Default,Default,Default,Default,Default,Default,Default,Default,Default,DefaultJob,Dimension=128&Quantisation=RaBitQ,1,Workload,Warmup,3,524496663,13,40345897.15,65,0,0,21068408
VectorQuantisationBenchmarks.'HNSW search',Rowles.LeanCorpus.Benchmarks,VectorQuantisationBenchmarks,'HNSW search',DefaultJob,Default,Default,Default,Default,Default,Default,Default,Default,Default,Default,Default,Default,Default,Default,Default,Default,Default,Default,Default,Default,Default,Default,Default,Default,Default,Default,Default,Default,Default,Default,Default,Default,Default,Default,Default,Default,Default,Default,Default,Default,Default,DefaultJob,Dimension=128&Quantisation=RaBitQ,1,Workload,Warmup,4,522864451,13,40220342.38,65,0,0,21068408
VectorQuantisationBenchmarks.'HNSW search',Rowles.LeanCorpus.Benchmarks,VectorQuantisationBenchmarks,'HNSW search',DefaultJob,Default,Default,Default,Default,Default,Default,Default,Default,Default,Default,Default,Default,Default,Default,Default,Default,Default,Default,Default,Default,Default,Default,Default,Default,Default,Default,Default,Default,Default,Default,Default,Default,Default,Default,Default,Default,Default,Default,Default,Default,Default,DefaultJob,Dimension=128&Quantisation=RaBitQ,1,Workload,Warmup,5,526945287,13,40534252.85,65,0,0,21068408
VectorQuantisationBenchmarks.'HNSW search',Rowles.LeanCorpus.Benchmarks,VectorQuantisationBenchmarks,'HNSW search',DefaultJob,Default,Default,Default,Default,Default,Default,Default,Default,Default,Default,Default,Default,Default,Default,Default,Default,Default,Default,Default,Default,Default,Default,Default,Default,Default,Default,Default,Default,Default,Default,Default,Default,Default,Default,Default,Default,Default,Default,Default,Default,Default,DefaultJob,Dimension=128&Quantisation=RaBitQ,1,Workload,Warmup,6,527157184,13,40550552.62,65,0,0,21068408
VectorQuantisationBenchmarks.'HNSW search',Rowles.LeanCorpus.Benchmarks,VectorQuantisationBenchmarks,'HNSW search',DefaultJob,Default,Default,Default,Default,Default,Default,Default,Default,Default,Default,Default,Default,Default,Default,Default,Default,Default,Default,Default,Default,Default,Default,Default,Default,Default,Default,Default,Default,Default,Default,Default,Default,Default,Default,Default,Default,Default,Default,Default,Default,Default,DefaultJob,Dimension=128&Quantisation=RaBitQ,1,Workload,Warmup,7,527991612,13,40614739.38,65,0,0,21068408
VectorQuantisationBenchmarks.'HNSW search',Rowles.LeanCorpus.Benchmarks,VectorQuantisationBenchmarks,'HNSW search',DefaultJob,Default,Default,Default,Default,Default,Default,Default,Default,Default,Default,Default,Default,Default,Default,Default,Default,Default,Default,Default,Default,Default,Default,Default,Default,Default,Default,Default,Default,Default,Default,Default,Default,Default,Default,Default,Default,Default,Default,Default,Default,Default,DefaultJob,Dimension=128&Quantisation=RaBitQ,1,Workload,Warmup,8,527372177,13,40567090.54,65,0,0,21068408
VectorQuantisationBenchmarks.'HNSW search',Rowles.LeanCorpus.Benchmarks,VectorQuantisationBenchmarks,'HNSW search',DefaultJob,Default,Default,Default,Default,Default,Default,Default,Default,Default,Default,Default,Default,Default,Default,Default,Default,Default,Default,Default,Default,Default,Default,Default,Default,Default,Default,Default,Default,Default,Default,Default,Default,Default,Default,Default,Default,Default,Default,Default,Default,Default,DefaultJob,Dimension=128&Quantisation=RaBitQ,1,Workload,Warmup,9,521479627,13,40113817.46,65,0,0,21068408
VectorQuantisationBenchmarks.'HNSW search',Rowles.LeanCorpus.Benchmarks,VectorQuantisationBenchmarks,'HNSW search',DefaultJob,Default,Default,Default,Default,Default,Default,Default,Default,Default,Default,Default,Default,Default,Default,Default,Default,Default,Default,Default,Default,Default,Default,Default,Default,Default,Default,Default,Default,Default,Default,Default,Default,Default,Default,Default,Default,Default,Default,Default,Default,Default,DefaultJob,Dimension=128&Quantisation=RaBitQ,1,Workload,Warmup,10,528879389,13,40683029.92,65,0,0,21068408
VectorQuantisationBenchmarks.'HNSW search',Rowles.LeanCorpus.Benchmarks,VectorQuantisationBenchmarks,'HNSW search',DefaultJob,Default,Default,Default,Default,Default,Default,Default,Default,Default,Default,Default,Default,Default,Default,Default,Default,Default,Default,Default,Default,Default,Default,Default,Default,Default,Default,Default,Default,Default,Default,Default,Default,Default,Default,Default,Default,Default,Default,Default,Default,Default,DefaultJob,Dimension=128&Quantisation=RaBitQ,1,Workload,Warmup,11,527617035,13,40585925.77,65,0,0,21068408
VectorQuantisationBenchmarks.'HNSW search',Rowles.LeanCorpus.Benchmarks,VectorQuantisationBenchmarks,'HNSW search',DefaultJob,Default,Default,Default,Default,Default,Default,Default,Default,Default,Default,Default,Default,Default,Default,Default,Default,Default,Default,Default,Default,Default,Default,Default,Default,Default,Default,Default,Default,Default,Default,Default,Default,Default,Default,Default,Default,Default,Default,Default,Default,Default,DefaultJob,Dimension=128&Quantisation=RaBitQ,1,Workload,Actual,1,525067625,13,40389817.31,65,0,0,21068408
VectorQuantisationBenchmarks.'HNSW search',Rowles.LeanCorpus.Benchmarks,VectorQuantisationBenchmarks,'HNSW search',DefaultJob,Default,Default,Default,Default,Default,Default,Default,Default,Default,Default,Default,Default,Default,Default,Default,Default,Default,Default,Default,Default,Default,Default,Default,Default,Default,Default,Default,Default,Default,Default,Default,Default,Default,Default,Default,Default,Default,Default,Default,Default,Default,DefaultJob,Dimension=128&Quantisation=RaBitQ,1,Workload,Actual,2,526517449,13,40501342.23,65,0,0,21068408
VectorQuantisationBenchmarks.'HNSW search',Rowles.LeanCorpus.Benchmarks,VectorQuantisationBenchmarks,'HNSW search',DefaultJob,Default,Default,Default,Default,Default,Default,Default,Default,Default,Default,Default,Default,Default,Default,Default,Default,Default,Default,Default,Default,Default,Default,Default,Default,Default,Default,Default,Default,Default,Default,Default,Default,Default,Default,Default,Default,Default,Default,Default,Default,Default,DefaultJob,Dimension=128&Quantisation=RaBitQ,1,Workload,Actual,3,529795161,13,40753473.92,65,0,0,21068408
VectorQuantisationBenchmarks.'HNSW search',Rowles.LeanCorpus.Benchmarks,VectorQuantisationBenchmarks,'HNSW search',DefaultJob,Default,Default,Default,Default,Default,Default,Default,Default,Default,Default,Default,Default,Default,Default,Default,Default,Default,Default,Default,Default,Default,Default,Default,Default,Default,Default,Default,Default,Default,Default,Default,Default,Default,Default,Default,Default,Default,Default,Default,Default,Default,DefaultJob,Dimension=128&Quantisation=RaBitQ,1,Workload,Actual,4,527505665,13,40577358.85,65,0,0,21068408
VectorQuantisationBenchmarks.'HNSW search',Rowles.LeanCorpus.Benchmarks,VectorQuantisationBenchmarks,'HNSW search',DefaultJob,Default,Default,Default,Default,Default,Default,Default,Default,Default,Default,Default,Default,Default,Default,Default,Default,Default,Default,Default,Default,Default,Default,Default,Default,Default,Default,Default,Default,Default,Default,Default,Default,Default,Default,Default,Default,Default,Default,Default,Default,Default,DefaultJob,Dimension=128&Quantisation=RaBitQ,1,Workload,Actual,5,527605403,13,40585031,65,0,0,21068408
VectorQuantisationBenchmarks.'HNSW search',Rowles.LeanCorpus.Benchmarks,VectorQuantisationBenchmarks,'HNSW search',DefaultJob,Default,Default,Default,Default,Default,Default,Default,Default,Default,Default,Default,Default,Default,Default,Default,Default,Default,Default,Default,Default,Default,Default,Default,Default,Default,Default,Default,Default,Default,Default,Default,Default,Default,Default,Default,Default,Default,Default,Default,Default,Default,DefaultJob,Dimension=128&Quantisation=RaBitQ,1,Workload,Actual,6,527025759,13,40540443,65,0,0,21068408
VectorQuantisationBenchmarks.'HNSW search',Rowles.LeanCorpus.Benchmarks,VectorQuantisationBenchmarks,'HNSW search',DefaultJob,Default,Default,Default,Default,Default,Default,Default,Default,Default,Default,Default,Default,Default,Default,Default,Default,Default,Default,Default,Default,Default,Default,Default,Default,Default,Default,Default,Default,Default,Default,Default,Default,Default,Default,Default,Default,Default,Default,Default,Default,Default,DefaultJob,Dimension=128&Quantisation=RaBitQ,1,Workload,Actual,7,527009098,13,40539161.38,65,0,0,21068408
VectorQuantisationBenchmarks.'HNSW search',Rowles.LeanCorpus.Benchmarks,VectorQuantisationBenchmarks,'HNSW search',DefaultJob,Default,Default,Default,Default,Default,Default,Default,Default,Default,Default,Default,Default,Default,Default,Default,Default,Default,Default,Default,Default,Default,Default,Default,Default,Default,Default,Default,Default,Default,Default,Default,Default,Default,Default,Default,Default,Default,Default,Default,Default,Default,DefaultJob,Dimension=128&Quantisation=RaBitQ,1,Workload,Actual,8,524269172,13,40328397.85,65,0,0,21068408
VectorQuantisationBenchmarks.'HNSW search',Rowles.LeanCorpus.Benchmarks,VectorQuantisationBenchmarks,'HNSW search',DefaultJob,Default,Default,Default,Default,Default,Default,Default,Default,Default,Default,Default,Default,Default,Default,Default,Default,Default,Default,Default,Default,Default,Default,Default,Default,Default,Default,Default,Default,Default,Default,Default,Default,Default,Default,Default,Default,Default,Default,Default,Default,Default,DefaultJob,Dimension=128&Quantisation=RaBitQ,1,Workload,Actual,9,527858891,13,40604530.08,65,0,0,21068408
VectorQuantisationBenchmarks.'HNSW search',Rowles.LeanCorpus.Benchmarks,VectorQuantisationBenchmarks,'HNSW search',DefaultJob,Default,Default,Default,Default,Default,Default,Default,Default,Default,Default,Default,Default,Default,Default,Default,Default,Default,Default,Default,Default,Default,Default,Default,Default,Default,Default,Default,Default,Default,Default,Default,Default,Default,Default,Default,Default,Default,Default,Default,Default,Default,DefaultJob,Dimension=128&Quantisation=RaBitQ,1,Workload,Actual,10,527484536,13,40575733.54,65,0,0,21068408
VectorQuantisationBenchmarks.'HNSW search',Rowles.LeanCorpus.Benchmarks,VectorQuantisationBenchmarks,'HNSW search',DefaultJob,Default,Default,Default,Default,Default,Default,Default,Default,Default,Default,Default,Default,Default,Default,Default,Default,Default,Default,Default,Default,Default,Default,Default,Default,Default,Default,Default,Default,Default,Default,Default,Default,Default,Default,Default,Default,Default,Default,Default,Default,Default,DefaultJob,Dimension=128&Quantisation=RaBitQ,1,Workload,Actual,11,521881562,13,40144735.54,65,0,0,21068408
VectorQuantisationBenchmarks.'HNSW search',Rowles.LeanCorpus.Benchmarks,VectorQuantisationBenchmarks,'HNSW search',DefaultJob,Default,Default,Default,Default,Default,Default,Default,Default,Default,Default,Default,Default,Default,Default,Default,Default,Default,Default,Default,Default,Default,Default,Default,Default,Default,Default,Default,Default,Default,Default,Default,Default,Default,Default,Default,Default,Default,Default,Default,Default,Default,DefaultJob,Dimension=128&Quantisation=RaBitQ,1,Workload,Actual,12,527562577,13,40581736.69,65,0,0,21068408
VectorQuantisationBenchmarks.'HNSW search',Rowles.LeanCorpus.Benchmarks,VectorQuantisationBenchmarks,'HNSW search',DefaultJob,Default,Default,Default,Default,Default,Default,Default,Default,Default,Default,Default,Default,Default,Default,Default,Default,Default,Default,Default,Default,Default,Default,Default,Default,Default,Default,Default,Default,Default,Default,Default,Default,Default,Default,Default,Default,Default,Default,Default,Default,Default,DefaultJob,Dimension=128&Quantisation=RaBitQ,1,Workload,Actual,13,526792711,13,40522516.23,65,0,0,21068408
VectorQuantisationBenchmarks.'HNSW search',Rowles.LeanCorpus.Benchmarks,VectorQuantisationBenchmarks,'HNSW search',DefaultJob,Default,Default,Default,Default,Default,Default,Default,Default,Default,Default,Default,Default,Default,Default,Default,Default,Default,Default,Default,Default,Default,Default,Default,Default,Default,Default,Default,Default,Default,Default,Default,Default,Default,Default,Default,Default,Default,Default,Default,Default,Default,DefaultJob,Dimension=128&Quantisation=RaBitQ,1,Workload,Actual,14,526432051,13,40494773.15,65,0,0,21068408
VectorQuantisationBenchmarks.'HNSW search',Rowles.LeanCorpus.Benchmarks,VectorQuantisationBenchmarks,'HNSW search',DefaultJob,Default,Default,Default,Default,Default,Default,Default,Default,Default,Default,Default,Default,Default,Default,Default,Default,Default,Default,Default,Default,Default,Default,Default,Default,Default,Default,Default,Default,Default,Default,Default,Default,Default,Default,Default,Default,Default,Default,Default,Default,Default,DefaultJob,Dimension=128&Quantisation=RaBitQ,1,Workload,Actual,15,521833178,13,40141013.69,65,0,0,21068408
VectorQuantisationBenchmarks.'HNSW search',Rowles.LeanCorpus.Benchmarks,VectorQuantisationBenchmarks,'HNSW search',DefaultJob,Default,Default,Default,Default,Default,Default,Default,Default,Default,Default,Default,Default,Default,Default,Default,Default,Default,Default,Default,Default,Default,Default,Default,Default,Default,Default,Default,Default,Default,Default,Default,Default,Default,Default,Default,Default,Default,Default,Default,Default,Default,DefaultJob,Dimension=128&Quantisation=RaBitQ,1,Workload,Extra,1,530416011,13,40801231.62,65,0,0,21068408
VectorQuantisationBenchmarks.'HNSW search',Rowles.LeanCorpus.Benchmarks,VectorQuantisationBenchmarks,'HNSW search',DefaultJob,Default,Default,Default,Default,Default,Default,Default,Default,Default,Default,Default,Default,Default,Default,Default,Default,Default,Default,Default,Default,Default,Default,Default,Default,Default,Default,Default,Default,Default,Default,Default,Default,Default,Default,Default,Default,Default,Default,Default,Default,Default,DefaultJob,Dimension=128&Quantisation=RaBitQ,1,Workload,Result,1,525067625,13,40389817.31,65,0,0,21068408
VectorQuantisationBenchmarks.'HNSW search',Rowles.LeanCorpus.Benchmarks,VectorQuantisationBenchmarks,'HNSW search',DefaultJob,Default,Default,Default,Default,Default,Default,Default,Default,Default,Default,Default,Default,Default,Default,Default,Default,Default,Default,Default,Default,Default,Default,Default,Default,Default,Default,Default,Default,Default,Default,Default,Default,Default,Default,Default,Default,Default,Default,Default,Default,Default,DefaultJob,Dimension=128&Quantisation=RaBitQ,1,Workload,Result,2,526517449,13,40501342.23,65,0,0,21068408
VectorQuantisationBenchmarks.'HNSW search',Rowles.LeanCorpus.Benchmarks,VectorQuantisationBenchmarks,'HNSW search',DefaultJob,Default,Default,Default,Default,Default,Default,Default,Default,Default,Default,Default,Default,Default,Default,Default,Default,Default,Default,Default,Default,Default,Default,Default,Default,Default,Default,Default,Default,Default,Default,Default,Default,Default,Default,Default,Default,Default,Default,Default,Default,Default,DefaultJob,Dimension=128&Quantisation=RaBitQ,1,Workload,Result,3,529795161,13,40753473.92,65,0,0,21068408
VectorQuantisationBenchmarks.'HNSW search',Rowles.LeanCorpus.Benchmarks,VectorQuantisationBenchmarks,'HNSW search',DefaultJob,Default,Default,Default,Default,Default,Default,Default,Default,Default,Default,Default,Default,Default,Default,Default,Default,Default,Default,Default,Default,Default,Default,Default,Default,Default,Default,Default,Default,Default,Default,Default,Default,Default,Default,Default,Default,Default,Default,Default,Default,Default,DefaultJob,Dimension=128&Quantisation=RaBitQ,1,Workload,Result,4,527505665,13,40577358.85,65,0,0,21068408
VectorQuantisationBenchmarks.'HNSW search',Rowles.LeanCorpus.Benchmarks,VectorQuantisationBenchmarks,'HNSW search',DefaultJob,Default,Default,Default,Default,Default,Default,Default,Default,Default,Default,Default,Default,Default,Default,Default,Default,Default,Default,Default,Default,Default,Default,Default,Default,Default,Default,Default,Default,Default,Default,Default,Default,Default,Default,Default,Default,Default,Default,Default,Default,Default,DefaultJob,Dimension=128&Quantisation=RaBitQ,1,Workload,Result,5,527605403,13,40585031,65,0,0,21068408
VectorQuantisationBenchmarks.'HNSW search',Rowles.LeanCorpus.Benchmarks,VectorQuantisationBenchmarks,'HNSW search',DefaultJob,Default,Default,Default,Default,Default,Default,Default,Default,Default,Default,Default,Default,Default,Default,Default,Default,Default,Default,Default,Default,Default,Default,Default,Default,Default,Default,Default,Default,Default,Default,Default,Default,Default,Default,Default,Default,Default,Default,Default,Default,Default,DefaultJob,Dimension=128&Quantisation=RaBitQ,1,Workload,Result,6,527025759,13,40540443,65,0,0,21068408
VectorQuantisationBenchmarks.'HNSW search',Rowles.LeanCorpus.Benchmarks,VectorQuantisationBenchmarks,'HNSW search',DefaultJob,Default,Default,Default,Default,Default,Default,Default,Default,Default,Default,Default,Default,Default,Default,Default,Default,Default,Default,Default,Default,Default,Default,Default,Default,Default,Default,Default,Default,Default,Default,Default,Default,Default,Default,Default,Default,Default,Default,Default,Default,Default,DefaultJob,Dimension=128&Quantisation=RaBitQ,1,Workload,Result,7,527009098,13,40539161.38,65,0,0,21068408
VectorQuantisationBenchmarks.'HNSW search',Rowles.LeanCorpus.Benchmarks,VectorQuantisationBenchmarks,'HNSW search',DefaultJob,Default,Default,Default,Default,Default,Default,Default,Default,Default,Default,Default,Default,Default,Default,Default,Default,Default,Default,Default,Default,Default,Default,Default,Default,Default,Default,Default,Default,Default,Default,Default,Default,Default,Default,Default,Default,Default,Default,Default,Default,Default,DefaultJob,Dimension=128&Quantisation=RaBitQ,1,Workload,Result,8,524269172,13,40328397.85,65,0,0,21068408
VectorQuantisationBenchmarks.'HNSW search',Rowles.LeanCorpus.Benchmarks,VectorQuantisationBenchmarks,'HNSW search',DefaultJob,Default,Default,Default,Default,Default,Default,Default,Default,Default,Default,Default,Default,Default,Default,Default,Default,Default,Default,Default,Default,Default,Default,Default,Default,Default,Default,Default,Default,Default,Default,Default,Default,Default,Default,Default,Default,Default,Default,Default,Default,Default,DefaultJob,Dimension=128&Quantisation=RaBitQ,1,Workload,Result,9,527858891,13,40604530.08,65,0,0,21068408
VectorQuantisationBenchmarks.'HNSW search',Rowles.LeanCorpus.Benchmarks,VectorQuantisationBenchmarks,'HNSW search',DefaultJob,Default,Default,Default,Default,Default,Default,Default,Default,Default,Default,Default,Default,Default,Default,Default,Default,Default,Default,Default,Default,Default,Default,Default,Default,Default,Default,Default,Default,Default,Default,Default,Default,Default,Default,Default,Default,Default,Default,Default,Default,Default,DefaultJob,Dimension=128&Quantisation=RaBitQ,1,Workload,Result,10,527484536,13,40575733.54,65,0,0,21068408
VectorQuantisationBenchmarks.'HNSW search',Rowles.LeanCorpus.Benchmarks,VectorQuantisationBenchmarks,'HNSW search',DefaultJob,Default,Default,Default,Default,Default,Default,Default,Default,Default,Default,Default,Default,Default,Default,Default,Default,Default,Default,Default,Default,Default,Default,Default,Default,Default,Default,Default,Default,Default,Default,Default,Default,Default,Default,Default,Default,Default,Default,Default,Default,Default,DefaultJob,Dimension=128&Quantisation=RaBitQ,1,Workload,Result,11,521881562,13,40144735.54,65,0,0,21068408
VectorQuantisationBenchmarks.'HNSW search',Rowles.LeanCorpus.Benchmarks,VectorQuantisationBenchmarks,'HNSW search',DefaultJob,Default,Default,Default,Default,Default,Default,Default,Default,Default,Default,Default,Default,Default,Default,Default,Default,Default,Default,Default,Default,Default,Default,Default,Default,Default,Default,Default,Default,Default,Default,Default,Default,Default,Default,Default,Default,Default,Default,Default,Default,Default,DefaultJob,Dimension=128&Quantisation=RaBitQ,1,Workload,Result,12,527562577,13,40581736.69,65,0,0,21068408
VectorQuantisationBenchmarks.'HNSW search',Rowles.LeanCorpus.Benchmarks,VectorQuantisationBenchmarks,'HNSW search',DefaultJob,Default,Default,Default,Default,Default,Default,Default,Default,Default,Default,Default,Default,Default,Default,Default,Default,Default,Default,Default,Default,Default,Default,Default,Default,Default,Default,Default,Default,Default,Default,Default,Default,Default,Default,Default,Default,Default,Default,Default,Default,Default,DefaultJob,Dimension=128&Quantisation=RaBitQ,1,Workload,Result,13,526792711,13,40522516.23,65,0,0,21068408
VectorQuantisationBenchmarks.'HNSW search',Rowles.LeanCorpus.Benchmarks,VectorQuantisationBenchmarks,'HNSW search',DefaultJob,Default,Default,Default,Default,Default,Default,Default,Default,Default,Default,Default,Default,Default,Default,Default,Default,Default,Default,Default,Default,Default,Default,Default,Default,Default,Default,Default,Default,Default,Default,Default,Default,Default,Default,Default,Default,Default,Default,Default,Default,Default,DefaultJob,Dimension=128&Quantisation=RaBitQ,1,Workload,Result,14,526432051,13,40494773.15,65,0,0,21068408
VectorQuantisationBenchmarks.'HNSW search',Rowles.LeanCorpus.Benchmarks,VectorQuantisationBenchmarks,'HNSW search',DefaultJob,Default,Default,Default,Default,Default,Default,Default,Default,Default,Default,Default,Default,Default,Default,Default,Default,Default,Default,Default,Default,Default,Default,Default,Default,Default,Default,Default,Default,Default,Default,Default,Default,Default,Default,Default,Default,Default,Default,Default,Default,Default,DefaultJob,Dimension=128&Quantisation=RaBitQ,1,Workload,Result,15,521833178,13,40141013.69,65,0,0,21068408
VectorQuantisationBenchmarks.'Lucene.NET flat scan',Rowles.LeanCorpus.Benchmarks,VectorQuantisationBenchmarks,'Lucene.NET flat scan',DefaultJob,Default,Default,Default,Default,Default,Default,Default,Default,Default,Default,Default,Default,Default,Default,Default,Default,Default,Default,Default,Default,Default,Default,Default,Default,Default,Default,Default,Default,Default,Default,Default,Default,Default,Default,Default,Default,Default,Default,Default,Default,Default,DefaultJob,Dimension=128&Quantisation=RaBitQ,1,Workload,Jitting,1,291952463,1,291952463,100,0,0,140000104
VectorQuantisationBenchmarks.'Lucene.NET flat scan',Rowles.LeanCorpus.Benchmarks,VectorQuantisationBenchmarks,'Lucene.NET flat scan',DefaultJob,Default,Default,Default,Default,Default,Default,Default,Default,Default,Default,Default,Default,Default,Default,Default,Default,Default,Default,Default,Default,Default,Default,Default,Default,Default,Default,Default,Default,Default,Default,Default,Default,Default,Default,Default,Default,Default,Default,Default,Default,Default,DefaultJob,Dimension=128&Quantisation=RaBitQ,1,Workload,Jitting,2,6958557224,30,231951907.47,100,0,0,140000104
VectorQuantisationBenchmarks.'Lucene.NET flat scan',Rowles.LeanCorpus.Benchmarks,VectorQuantisationBenchmarks,'Lucene.NET flat scan',DefaultJob,Default,Default,Default,Default,Default,Default,Default,Default,Default,Default,Default,Default,Default,Default,Default,Default,Default,Default,Default,Default,Default,Default,Default,Default,Default,Default,Default,Default,Default,Default,Default,Default,Default,Default,Default,Default,Default,Default,Default,Default,Default,DefaultJob,Dimension=128&Quantisation=RaBitQ,1,Workload,Jitting,3,2545640426,11,231421856.91,100,0,0,140000104
VectorQuantisationBenchmarks.'Lucene.NET flat scan',Rowles.LeanCorpus.Benchmarks,VectorQuantisationBenchmarks,'Lucene.NET flat scan',DefaultJob,Default,Default,Default,Default,Default,Default,Default,Default,Default,Default,Default,Default,Default,Default,Default,Default,Default,Default,Default,Default,Default,Default,Default,Default,Default,Default,Default,Default,Default,Default,Default,Default,Default,Default,Default,Default,Default,Default,Default,Default,Default,DefaultJob,Dimension=128&Quantisation=RaBitQ,1,Workload,Jitting,4,234749881,1,234749881,100,0,0,140000104
VectorQuantisationBenchmarks.'Lucene.NET flat scan',Rowles.LeanCorpus.Benchmarks,VectorQuantisationBenchmarks,'Lucene.NET flat scan',DefaultJob,Default,Default,Default,Default,Default,Default,Default,Default,Default,Default,Default,Default,Default,Default,Default,Default,Default,Default,Default,Default,Default,Default,Default,Default,Default,Default,Default,Default,Default,Default,Default,Default,Default,Default,Default,Default,Default,Default,Default,Default,Default,DefaultJob,Dimension=128&Quantisation=RaBitQ,1,Workload,Pilot,1,464765543,2,232382771.5,100,0,0,140000104
VectorQuantisationBenchmarks.'Lucene.NET flat scan',Rowles.LeanCorpus.Benchmarks,VectorQuantisationBenchmarks,'Lucene.NET flat scan',DefaultJob,Default,Default,Default,Default,Default,Default,Default,Default,Default,Default,Default,Default,Default,Default,Default,Default,Default,Default,Default,Default,Default,Default,Default,Default,Default,Default,Default,Default,Default,Default,Default,Default,Default,Default,Default,Default,Default,Default,Default,Default,Default,DefaultJob,Dimension=128&Quantisation=RaBitQ,1,Workload,Pilot,2,697300578,3,232433526,100,0,0,140000104
VectorQuantisationBenchmarks.'Lucene.NET flat scan',Rowles.LeanCorpus.Benchmarks,VectorQuantisationBenchmarks,'Lucene.NET flat scan',DefaultJob,Default,Default,Default,Default,Default,Default,Default,Default,Default,Default,Default,Default,Default,Default,Default,Default,Default,Default,Default,Default,Default,Default,Default,Default,Default,Default,Default,Default,Default,Default,Default,Default,Default,Default,Default,Default,Default,Default,Default,Default,Default,DefaultJob,Dimension=128&Quantisation=RaBitQ,1,Workload,Warmup,1,696912988,3,232304329.33,100,0,0,140000104
VectorQuantisationBenchmarks.'Lucene.NET flat scan',Rowles.LeanCorpus.Benchmarks,VectorQuantisationBenchmarks,'Lucene.NET flat scan',DefaultJob,Default,Default,Default,Default,Default,Default,Default,Default,Default,Default,Default,Default,Default,Default,Default,Default,Default,Default,Default,Default,Default,Default,Default,Default,Default,Default,Default,Default,Default,Default,Default,Default,Default,Default,Default,Default,Default,Default,Default,Default,Default,DefaultJob,Dimension=128&Quantisation=RaBitQ,1,Workload,Warmup,2,691374029,3,230458009.67,100,0,0,140000104
VectorQuantisationBenchmarks.'Lucene.NET flat scan',Rowles.LeanCorpus.Benchmarks,VectorQuantisationBenchmarks,'Lucene.NET flat scan',DefaultJob,Default,Default,Default,Default,Default,Default,Default,Default,Default,Default,Default,Default,Default,Default,Default,Default,Default,Default,Default,Default,Default,Default,Default,Default,Default,Default,Default,Default,Default,Default,Default,Default,Default,Default,Default,Default,Default,Default,Default,Default,Default,DefaultJob,Dimension=128&Quantisation=RaBitQ,1,Workload,Warmup,3,694287035,3,231429011.67,100,0,0,140000104
VectorQuantisationBenchmarks.'Lucene.NET flat scan',Rowles.LeanCorpus.Benchmarks,VectorQuantisationBenchmarks,'Lucene.NET flat scan',DefaultJob,Default,Default,Default,Default,Default,Default,Default,Default,Default,Default,Default,Default,Default,Default,Default,Default,Default,Default,Default,Default,Default,Default,Default,Default,Default,Default,Default,Default,Default,Default,Default,Default,Default,Default,Default,Default,Default,Default,Default,Default,Default,DefaultJob,Dimension=128&Quantisation=RaBitQ,1,Workload,Warmup,4,688326035,3,229442011.67,100,0,0,140000104
VectorQuantisationBenchmarks.'Lucene.NET flat scan',Rowles.LeanCorpus.Benchmarks,VectorQuantisationBenchmarks,'Lucene.NET flat scan',DefaultJob,Default,Default,Default,Default,Default,Default,Default,Default,Default,Default,Default,Default,Default,Default,Default,Default,Default,Default,Default,Default,Default,Default,Default,Default,Default,Default,Default,Default,Default,Default,Default,Default,Default,Default,Default,Default,Default,Default,Default,Default,Default,DefaultJob,Dimension=128&Quantisation=RaBitQ,1,Workload,Warmup,5,686454132,3,228818044,100,0,0,140000104
VectorQuantisationBenchmarks.'Lucene.NET flat scan',Rowles.LeanCorpus.Benchmarks,VectorQuantisationBenchmarks,'Lucene.NET flat scan',DefaultJob,Default,Default,Default,Default,Default,Default,Default,Default,Default,Default,Default,Default,Default,Default,Default,Default,Default,Default,Default,Default,Default,Default,Default,Default,Default,Default,Default,Default,Default,Default,Default,Default,Default,Default,Default,Default,Default,Default,Default,Default,Default,DefaultJob,Dimension=128&Quantisation=RaBitQ,1,Workload,Warmup,6,686043969,3,228681323,100,0,0,140000104
VectorQuantisationBenchmarks.'Lucene.NET flat scan',Rowles.LeanCorpus.Benchmarks,VectorQuantisationBenchmarks,'Lucene.NET flat scan',DefaultJob,Default,Default,Default,Default,Default,Default,Default,Default,Default,Default,Default,Default,Default,Default,Default,Default,Default,Default,Default,Default,Default,Default,Default,Default,Default,Default,Default,Default,Default,Default,Default,Default,Default,Default,Default,Default,Default,Default,Default,Default,Default,DefaultJob,Dimension=128&Quantisation=RaBitQ,1,Workload,Warmup,7,683293008,3,227764336,100,0,0,140000104
VectorQuantisationBenchmarks.'Lucene.NET flat scan',Rowles.LeanCorpus.Benchmarks,VectorQuantisationBenchmarks,'Lucene.NET flat scan',DefaultJob,Default,Default,Default,Default,Default,Default,Default,Default,Default,Default,Default,Default,Default,Default,Default,Default,Default,Default,Default,Default,Default,Default,Default,Default,Default,Default,Default,Default,Default,Default,Default,Default,Default,Default,Default,Default,Default,Default,Default,Default,Default,DefaultJob,Dimension=128&Quantisation=RaBitQ,1,Workload,Warmup,8,684802925,3,228267641.67,100,0,0,140000104
VectorQuantisationBenchmarks.'Lucene.NET flat scan',Rowles.LeanCorpus.Benchmarks,VectorQuantisationBenchmarks,'Lucene.NET flat scan',DefaultJob,Default,Default,Default,Default,Default,Default,Default,Default,Default,Default,Default,Default,Default,Default,Default,Default,Default,Default,Default,Default,Default,Default,Default,Default,Default,Default,Default,Default,Default,Default,Default,Default,Default,Default,Default,Default,Default,Default,Default,Default,Default,DefaultJob,Dimension=128&Quantisation=RaBitQ,1,Workload,Warmup,9,685404488,3,228468162.67,100,0,0,140000104
VectorQuantisationBenchmarks.'Lucene.NET flat scan',Rowles.LeanCorpus.Benchmarks,VectorQuantisationBenchmarks,'Lucene.NET flat scan',DefaultJob,Default,Default,Default,Default,Default,Default,Default,Default,Default,Default,Default,Default,Default,Default,Default,Default,Default,Default,Default,Default,Default,Default,Default,Default,Default,Default,Default,Default,Default,Default,Default,Default,Default,Default,Default,Default,Default,Default,Default,Default,Default,DefaultJob,Dimension=128&Quantisation=RaBitQ,1,Workload,Warmup,10,682881833,3,227627277.67,100,0,0,140000104
VectorQuantisationBenchmarks.'Lucene.NET flat scan',Rowles.LeanCorpus.Benchmarks,VectorQuantisationBenchmarks,'Lucene.NET flat scan',DefaultJob,Default,Default,Default,Default,Default,Default,Default,Default,Default,Default,Default,Default,Default,Default,Default,Default,Default,Default,Default,Default,Default,Default,Default,Default,Default,Default,Default,Default,Default,Default,Default,Default,Default,Default,Default,Default,Default,Default,Default,Default,Default,DefaultJob,Dimension=128&Quantisation=RaBitQ,1,Workload,Actual,1,673960444,3,224653481.33,100,0,0,140000104
VectorQuantisationBenchmarks.'Lucene.NET flat scan',Rowles.LeanCorpus.Benchmarks,VectorQuantisationBenchmarks,'Lucene.NET flat scan',DefaultJob,Default,Default,Default,Default,Default,Default,Default,Default,Default,Default,Default,Default,Default,Default,Default,Default,Default,Default,Default,Default,Default,Default,Default,Default,Default,Default,Default,Default,Default,Default,Default,Default,Default,Default,Default,Default,Default,Default,Default,Default,Default,DefaultJob,Dimension=128&Quantisation=RaBitQ,1,Workload,Actual,2,672895902,3,224298634,100,0,0,140000104
VectorQuantisationBenchmarks.'Lucene.NET flat scan',Rowles.LeanCorpus.Benchmarks,VectorQuantisationBenchmarks,'Lucene.NET flat scan',DefaultJob,Default,Default,Default,Default,Default,Default,Default,Default,Default,Default,Default,Default,Default,Default,Default,Default,Default,Default,Default,Default,Default,Default,Default,Default,Default,Default,Default,Default,Default,Default,Default,Default,Default,Default,Default,Default,Default,Default,Default,Default,Default,DefaultJob,Dimension=128&Quantisation=RaBitQ,1,Workload,Actual,3,682685794,3,227561931.33,100,0,0,140000104
VectorQuantisationBenchmarks.'Lucene.NET flat scan',Rowles.LeanCorpus.Benchmarks,VectorQuantisationBenchmarks,'Lucene.NET flat scan',DefaultJob,Default,Default,Default,Default,Default,Default,Default,Default,Default,Default,Default,Default,Default,Default,Default,Default,Default,Default,Default,Default,Default,Default,Default,Default,Default,Default,Default,Default,Default,Default,Default,Default,Default,Default,Default,Default,Default,Default,Default,Default,Default,DefaultJob,Dimension=128&Quantisation=RaBitQ,1,Workload,Actual,4,672863947,3,224287982.33,100,0,0,140000104
VectorQuantisationBenchmarks.'Lucene.NET flat scan',Rowles.LeanCorpus.Benchmarks,VectorQuantisationBenchmarks,'Lucene.NET flat scan',DefaultJob,Default,Default,Default,Default,Default,Default,Default,Default,Default,Default,Default,Default,Default,Default,Default,Default,Default,Default,Default,Default,Default,Default,Default,Default,Default,Default,Default,Default,Default,Default,Default,Default,Default,Default,Default,Default,Default,Default,Default,Default,Default,DefaultJob,Dimension=128&Quantisation=RaBitQ,1,Workload,Actual,5,672812155,3,224270718.33,100,0,0,140000104
VectorQuantisationBenchmarks.'Lucene.NET flat scan',Rowles.LeanCorpus.Benchmarks,VectorQuantisationBenchmarks,'Lucene.NET flat scan',DefaultJob,Default,Default,Default,Default,Default,Default,Default,Default,Default,Default,Default,Default,Default,Default,Default,Default,Default,Default,Default,Default,Default,Default,Default,Default,Default,Default,Default,Default,Default,Default,Default,Default,Default,Default,Default,Default,Default,Default,Default,Default,Default,DefaultJob,Dimension=128&Quantisation=RaBitQ,1,Workload,Actual,6,678457867,3,226152622.33,100,0,0,140000104
VectorQuantisationBenchmarks.'Lucene.NET flat scan',Rowles.LeanCorpus.Benchmarks,VectorQuantisationBenchmarks,'Lucene.NET flat scan',DefaultJob,Default,Default,Default,Default,Default,Default,Default,Default,Default,Default,Default,Default,Default,Default,Default,Default,Default,Default,Default,Default,Default,Default,Default,Default,Default,Default,Default,Default,Default,Default,Default,Default,Default,Default,Default,Default,Default,Default,Default,Default,Default,DefaultJob,Dimension=128&Quantisation=RaBitQ,1,Workload,Actual,7,682342261,3,227447420.33,100,0,0,140000104
VectorQuantisationBenchmarks.'Lucene.NET flat scan',Rowles.LeanCorpus.Benchmarks,VectorQuantisationBenchmarks,'Lucene.NET flat scan',DefaultJob,Default,Default,Default,Default,Default,Default,Default,Default,Default,Default,Default,Default,Default,Default,Default,Default,Default,Default,Default,Default,Default,Default,Default,Default,Default,Default,Default,Default,Default,Default,Default,Default,Default,Default,Default,Default,Default,Default,Default,Default,Default,DefaultJob,Dimension=128&Quantisation=RaBitQ,1,Workload,Actual,8,681670584,3,227223528,100,0,0,140000104
VectorQuantisationBenchmarks.'Lucene.NET flat scan',Rowles.LeanCorpus.Benchmarks,VectorQuantisationBenchmarks,'Lucene.NET flat scan',DefaultJob,Default,Default,Default,Default,Default,Default,Default,Default,Default,Default,Default,Default,Default,Default,Default,Default,Default,Default,Default,Default,Default,Default,Default,Default,Default,Default,Default,Default,Default,Default,Default,Default,Default,Default,Default,Default,Default,Default,Default,Default,Default,DefaultJob,Dimension=128&Quantisation=RaBitQ,1,Workload,Actual,9,683398338,3,227799446,100,0,0,140000104
VectorQuantisationBenchmarks.'Lucene.NET flat scan',Rowles.LeanCorpus.Benchmarks,VectorQuantisationBenchmarks,'Lucene.NET flat scan',DefaultJob,Default,Default,Default,Default,Default,Default,Default,Default,Default,Default,Default,Default,Default,Default,Default,Default,Default,Default,Default,Default,Default,Default,Default,Default,Default,Default,Default,Default,Default,Default,Default,Default,Default,Default,Default,Default,Default,Default,Default,Default,Default,DefaultJob,Dimension=128&Quantisation=RaBitQ,1,Workload,Actual,10,683432185,3,227810728.33,100,0,0,140000104
VectorQuantisationBenchmarks.'Lucene.NET flat scan',Rowles.LeanCorpus.Benchmarks,VectorQuantisationBenchmarks,'Lucene.NET flat scan',DefaultJob,Default,Default,Default,Default,Default,Default,Default,Default,Default,Default,Default,Default,Default,Default,Default,Default,Default,Default,Default,Default,Default,Default,Default,Default,Default,Default,Default,Default,Default,Default,Default,Default,Default,Default,Default,Default,Default,Default,Default,Default,Default,DefaultJob,Dimension=128&Quantisation=RaBitQ,1,Workload,Actual,11,682599927,3,227533309,100,0,0,140000104
VectorQuantisationBenchmarks.'Lucene.NET flat scan',Rowles.LeanCorpus.Benchmarks,VectorQuantisationBenchmarks,'Lucene.NET flat scan',DefaultJob,Default,Default,Default,Default,Default,Default,Default,Default,Default,Default,Default,Default,Default,Default,Default,Default,Default,Default,Default,Default,Default,Default,Default,Default,Default,Default,Default,Default,Default,Default,Default,Default,Default,Default,Default,Default,Default,Default,Default,Default,Default,DefaultJob,Dimension=128&Quantisation=RaBitQ,1,Workload,Actual,12,683105806,3,227701935.33,100,0,0,140000104
VectorQuantisationBenchmarks.'Lucene.NET flat scan',Rowles.LeanCorpus.Benchmarks,VectorQuantisationBenchmarks,'Lucene.NET flat scan',DefaultJob,Default,Default,Default,Default,Default,Default,Default,Default,Default,Default,Default,Default,Default,Default,Default,Default,Default,Default,Default,Default,Default,Default,Default,Default,Default,Default,Default,Default,Default,Default,Default,Default,Default,Default,Default,Default,Default,Default,Default,Default,Default,DefaultJob,Dimension=128&Quantisation=RaBitQ,1,Workload,Actual,13,683527751,3,227842583.67,100,0,0,140000104
VectorQuantisationBenchmarks.'Lucene.NET flat scan',Rowles.LeanCorpus.Benchmarks,VectorQuantisationBenchmarks,'Lucene.NET flat scan',DefaultJob,Default,Default,Default,Default,Default,Default,Default,Default,Default,Default,Default,Default,Default,Default,Default,Default,Default,Default,Default,Default,Default,Default,Default,Default,Default,Default,Default,Default,Default,Default,Default,Default,Default,Default,Default,Default,Default,Default,Default,Default,Default,DefaultJob,Dimension=128&Quantisation=RaBitQ,1,Workload,Actual,14,682842092,3,227614030.67,100,0,0,140000104
VectorQuantisationBenchmarks.'Lucene.NET flat scan',Rowles.LeanCorpus.Benchmarks,VectorQuantisationBenchmarks,'Lucene.NET flat scan',DefaultJob,Default,Default,Default,Default,Default,Default,Default,Default,Default,Default,Default,Default,Default,Default,Default,Default,Default,Default,Default,Default,Default,Default,Default,Default,Default,Default,Default,Default,Default,Default,Default,Default,Default,Default,Default,Default,Default,Default,Default,Default,Default,DefaultJob,Dimension=128&Quantisation=RaBitQ,1,Workload,Actual,15,683320601,3,227773533.67,100,0,0,140000104
VectorQuantisationBenchmarks.'Lucene.NET flat scan',Rowles.LeanCorpus.Benchmarks,VectorQuantisationBenchmarks,'Lucene.NET flat scan',DefaultJob,Default,Default,Default,Default,Default,Default,Default,Default,Default,Default,Default,Default,Default,Default,Default,Default,Default,Default,Default,Default,Default,Default,Default,Default,Default,Default,Default,Default,Default,Default,Default,Default,Default,Default,Default,Default,Default,Default,Default,Default,Default,DefaultJob,Dimension=128&Quantisation=RaBitQ,1,Workload,Extra,1,675895970,3,225298656.67,100,0,0,140000104
VectorQuantisationBenchmarks.'Lucene.NET flat scan',Rowles.LeanCorpus.Benchmarks,VectorQuantisationBenchmarks,'Lucene.NET flat scan',DefaultJob,Default,Default,Default,Default,Default,Default,Default,Default,Default,Default,Default,Default,Default,Default,Default,Default,Default,Default,Default,Default,Default,Default,Default,Default,Default,Default,Default,Default,Default,Default,Default,Default,Default,Default,Default,Default,Default,Default,Default,Default,Default,DefaultJob,Dimension=128&Quantisation=RaBitQ,1,Workload,Result,1,673960444,3,224653481.33,100,0,0,140000104
VectorQuantisationBenchmarks.'Lucene.NET flat scan',Rowles.LeanCorpus.Benchmarks,VectorQuantisationBenchmarks,'Lucene.NET flat scan',DefaultJob,Default,Default,Default,Default,Default,Default,Default,Default,Default,Default,Default,Default,Default,Default,Default,Default,Default,Default,Default,Default,Default,Default,Default,Default,Default,Default,Default,Default,Default,Default,Default,Default,Default,Default,Default,Default,Default,Default,Default,Default,Default,DefaultJob,Dimension=128&Quantisation=RaBitQ,1,Workload,Result,2,672895902,3,224298634,100,0,0,140000104
VectorQuantisationBenchmarks.'Lucene.NET flat scan',Rowles.LeanCorpus.Benchmarks,VectorQuantisationBenchmarks,'Lucene.NET flat scan',DefaultJob,Default,Default,Default,Default,Default,Default,Default,Default,Default,Default,Default,Default,Default,Default,Default,Default,Default,Default,Default,Default,Default,Default,Default,Default,Default,Default,Default,Default,Default,Default,Default,Default,Default,Default,Default,Default,Default,Default,Default,Default,Default,DefaultJob,Dimension=128&Quantisation=RaBitQ,1,Workload,Result,3,682685794,3,227561931.33,100,0,0,140000104
VectorQuantisationBenchmarks.'Lucene.NET flat scan',Rowles.LeanCorpus.Benchmarks,VectorQuantisationBenchmarks,'Lucene.NET flat scan',DefaultJob,Default,Default,Default,Default,Default,Default,Default,Default,Default,Default,Default,Default,Default,Default,Default,Default,Default,Default,Default,Default,Default,Default,Default,Default,Default,Default,Default,Default,Default,Default,Default,Default,Default,Default,Default,Default,Default,Default,Default,Default,Default,DefaultJob,Dimension=128&Quantisation=RaBitQ,1,Workload,Result,4,672863947,3,224287982.33,100,0,0,140000104
VectorQuantisationBenchmarks.'Lucene.NET flat scan',Rowles.LeanCorpus.Benchmarks,VectorQuantisationBenchmarks,'Lucene.NET flat scan',DefaultJob,Default,Default,Default,Default,Default,Default,Default,Default,Default,Default,Default,Default,Default,Default,Default,Default,Default,Default,Default,Default,Default,Default,Default,Default,Default,Default,Default,Default,Default,Default,Default,Default,Default,Default,Default,Default,Default,Default,Default,Default,Default,DefaultJob,Dimension=128&Quantisation=RaBitQ,1,Workload,Result,5,672812155,3,224270718.33,100,0,0,140000104
VectorQuantisationBenchmarks.'Lucene.NET flat scan',Rowles.LeanCorpus.Benchmarks,VectorQuantisationBenchmarks,'Lucene.NET flat scan',DefaultJob,Default,Default,Default,Default,Default,Default,Default,Default,Default,Default,Default,Default,Default,Default,Default,Default,Default,Default,Default,Default,Default,Default,Default,Default,Default,Default,Default,Default,Default,Default,Default,Default,Default,Default,Default,Default,Default,Default,Default,Default,Default,DefaultJob,Dimension=128&Quantisation=RaBitQ,1,Workload,Result,6,678457867,3,226152622.33,100,0,0,140000104
VectorQuantisationBenchmarks.'Lucene.NET flat scan',Rowles.LeanCorpus.Benchmarks,VectorQuantisationBenchmarks,'Lucene.NET flat scan',DefaultJob,Default,Default,Default,Default,Default,Default,Default,Default,Default,Default,Default,Default,Default,Default,Default,Default,Default,Default,Default,Default,Default,Default,Default,Default,Default,Default,Default,Default,Default,Default,Default,Default,Default,Default,Default,Default,Default,Default,Default,Default,Default,DefaultJob,Dimension=128&Quantisation=RaBitQ,1,Workload,Result,7,682342261,3,227447420.33,100,0,0,140000104
VectorQuantisationBenchmarks.'Lucene.NET flat scan',Rowles.LeanCorpus.Benchmarks,VectorQuantisationBenchmarks,'Lucene.NET flat scan',DefaultJob,Default,Default,Default,Default,Default,Default,Default,Default,Default,Default,Default,Default,Default,Default,Default,Default,Default,Default,Default,Default,Default,Default,Default,Default,Default,Default,Default,Default,Default,Default,Default,Default,Default,Default,Default,Default,Default,Default,Default,Default,Default,DefaultJob,Dimension=128&Quantisation=RaBitQ,1,Workload,Result,8,681670584,3,227223528,100,0,0,140000104
VectorQuantisationBenchmarks.'Lucene.NET flat scan',Rowles.LeanCorpus.Benchmarks,VectorQuantisationBenchmarks,'Lucene.NET flat scan',DefaultJob,Default,Default,Default,Default,Default,Default,Default,Default,Default,Default,Default,Default,Default,Default,Default,Default,Default,Default,Default,Default,Default,Default,Default,Default,Default,Default,Default,Default,Default,Default,Default,Default,Default,Default,Default,Default,Default,Default,Default,Default,Default,DefaultJob,Dimension=128&Quantisation=RaBitQ,1,Workload,Result,9,683398338,3,227799446,100,0,0,140000104
VectorQuantisationBenchmarks.'Lucene.NET flat scan',Rowles.LeanCorpus.Benchmarks,VectorQuantisationBenchmarks,'Lucene.NET flat scan',DefaultJob,Default,Default,Default,Default,Default,Default,Default,Default,Default,Default,Default,Default,Default,Default,Default,Default,Default,Default,Default,Default,Default,Default,Default,Default,Default,Default,Default,Default,Default,Default,Default,Default,Default,Default,Default,Default,Default,Default,Default,Default,Default,DefaultJob,Dimension=128&Quantisation=RaBitQ,1,Workload,Result,10,683432185,3,227810728.33,100,0,0,140000104
VectorQuantisationBenchmarks.'Lucene.NET flat scan',Rowles.LeanCorpus.Benchmarks,VectorQuantisationBenchmarks,'Lucene.NET flat scan',DefaultJob,Default,Default,Default,Default,Default,Default,Default,Default,Default,Default,Default,Default,Default,Default,Default,Default,Default,Default,Default,Default,Default,Default,Default,Default,Default,Default,Default,Default,Default,Default,Default,Default,Default,Default,Default,Default,Default,Default,Default,Default,Default,DefaultJob,Dimension=128&Quantisation=RaBitQ,1,Workload,Result,11,682599927,3,227533309,100,0,0,140000104
VectorQuantisationBenchmarks.'Lucene.NET flat scan',Rowles.LeanCorpus.Benchmarks,VectorQuantisationBenchmarks,'Lucene.NET flat scan',DefaultJob,Default,Default,Default,Default,Default,Default,Default,Default,Default,Default,Default,Default,Default,Default,Default,Default,Default,Default,Default,Default,Default,Default,Default,Default,Default,Default,Default,Default,Default,Default,Default,Default,Default,Default,Default,Default,Default,Default,Default,Default,Default,DefaultJob,Dimension=128&Quantisation=RaBitQ,1,Workload,Result,12,683105806,3,227701935.33,100,0,0,140000104
VectorQuantisationBenchmarks.'Lucene.NET flat scan',Rowles.LeanCorpus.Benchmarks,VectorQuantisationBenchmarks,'Lucene.NET flat scan',DefaultJob,Default,Default,Default,Default,Default,Default,Default,Default,Default,Default,Default,Default,Default,Default,Default,Default,Default,Default,Default,Default,Default,Default,Default,Default,Default,Default,Default,Default,Default,Default,Default,Default,Default,Default,Default,Default,Default,Default,Default,Default,Default,DefaultJob,Dimension=128&Quantisation=RaBitQ,1,Workload,Result,13,683527751,3,227842583.67,100,0,0,140000104
VectorQuantisationBenchmarks.'Lucene.NET flat scan',Rowles.LeanCorpus.Benchmarks,VectorQuantisationBenchmarks,'Lucene.NET flat scan',DefaultJob,Default,Default,Default,Default,Default,Default,Default,Default,Default,Default,Default,Default,Default,Default,Default,Default,Default,Default,Default,Default,Default,Default,Default,Default,Default,Default,Default,Default,Default,Default,Default,Default,Default,Default,Default,Default,Default,Default,Default,Default,Default,DefaultJob,Dimension=128&Quantisation=RaBitQ,1,Workload,Result,14,682842092,3,227614030.67,100,0,0,140000104
VectorQuantisationBenchmarks.'Lucene.NET flat scan',Rowles.LeanCorpus.Benchmarks,VectorQuantisationBenchmarks,'Lucene.NET flat scan',DefaultJob,Default,Default,Default,Default,Default,Default,Default,Default,Default,Default,Default,Default,Default,Default,Default,Default,Default,Default,Default,Default,Default,Default,Default,Default,Default,Default,Default,Default,Default,Default,Default,Default,Default,Default,Default,Default,Default,Default,Default,Default,Default,DefaultJob,Dimension=128&Quantisation=RaBitQ,1,Workload,Result,15,683320601,3,227773533.67,100,0,0,140000104
