Target,Target_Namespace,Target_Type,Target_Method,Job_Id,Job_AnalyzeLaunchVariance,Job_EvaluateOverhead,Job_MaxAbsoluteError,Job_MaxRelativeError,Job_MinInvokeCount,Job_MinIterationTime,Job_OutlierMode,Job_Affinity,Job_EnvironmentVariables,Job_Jit,Job_LargeAddressAware,Job_Platform,Job_PowerPlanMode,Job_Runtime,Job_AllowVeryLargeObjects,Job_Concurrent,Job_CpuGroups,Job_Force,Job_HeapAffinitizeMask,Job_HeapCount,Job_NoAffinitize,Job_RetainVm,Job_Server,Job_Arguments,Job_BuildConfiguration,Job_Clock,Job_EngineFactory,Job_Toolchain,Job_IsMutator,Job_InvocationCount,Job_IterationCount,Job_IterationTime,Job_LaunchCount,Job_MaxIterationCount,Job_MaxWarmupIterationCount,Job_MemoryRandomization,Job_MinIterationCount,Job_MinWarmupIterationCount,Job_RunStrategy,Job_UnrollFactor,Job_WarmupCount,Job_Display,Params,Measurement_LaunchIndex,Measurement_IterationMode,Measurement_IterationStage,Measurement_IterationIndex,Measurement_Nanoseconds,Measurement_Operations,Measurement_Value,Gen_0,Gen_1,Gen_2,Allocated_Bytes
AggregationBenchmarks.LeanCorpus_SearchOnly,Rowles.LeanCorpus.Benchmarks,AggregationBenchmarks,LeanCorpus_SearchOnly,DefaultJob,Default,Default,Default,Default,Default,Default,Default,Default,Default,Default,Default,Default,Default,Default,Default,Default,Default,Default,Default,Default,Default,Default,Default,Default,Default,Default,Default,Default,Default,Default,Default,Default,Default,Default,Default,Default,Default,Default,Default,Default,Default,DefaultJob,DocumentCount=100000,1,Workload,Jitting,1,25769635,1,25769635,1,0,0,888
AggregationBenchmarks.LeanCorpus_SearchOnly,Rowles.LeanCorpus.Benchmarks,AggregationBenchmarks,LeanCorpus_SearchOnly,DefaultJob,Default,Default,Default,Default,Default,Default,Default,Default,Default,Default,Default,Default,Default,Default,Default,Default,Default,Default,Default,Default,Default,Default,Default,Default,Default,Default,Default,Default,Default,Default,Default,Default,Default,Default,Default,Default,Default,Default,Default,Default,Default,DefaultJob,DocumentCount=100000,1,Workload,Jitting,2,5385968,30,179532.27,1,0,0,888
AggregationBenchmarks.LeanCorpus_SearchOnly,Rowles.LeanCorpus.Benchmarks,AggregationBenchmarks,LeanCorpus_SearchOnly,DefaultJob,Default,Default,Default,Default,Default,Default,Default,Default,Default,Default,Default,Default,Default,Default,Default,Default,Default,Default,Default,Default,Default,Default,Default,Default,Default,Default,Default,Default,Default,Default,Default,Default,Default,Default,Default,Default,Default,Default,Default,Default,Default,DefaultJob,DocumentCount=100000,1,Workload,Jitting,3,3877582,30,129252.73,1,0,0,888
AggregationBenchmarks.LeanCorpus_SearchOnly,Rowles.LeanCorpus.Benchmarks,AggregationBenchmarks,LeanCorpus_SearchOnly,DefaultJob,Default,Default,Default,Default,Default,Default,Default,Default,Default,Default,Default,Default,Default,Default,Default,Default,Default,Default,Default,Default,Default,Default,Default,Default,Default,Default,Default,Default,Default,Default,Default,Default,Default,Default,Default,Default,Default,Default,Default,Default,Default,DefaultJob,DocumentCount=100000,1,Workload,Jitting,4,5536391,30,184546.37,1,0,0,888
AggregationBenchmarks.LeanCorpus_SearchOnly,Rowles.LeanCorpus.Benchmarks,AggregationBenchmarks,LeanCorpus_SearchOnly,DefaultJob,Default,Default,Default,Default,Default,Default,Default,Default,Default,Default,Default,Default,Default,Default,Default,Default,Default,Default,Default,Default,Default,Default,Default,Default,Default,Default,Default,Default,Default,Default,Default,Default,Default,Default,Default,Default,Default,Default,Default,Default,Default,DefaultJob,DocumentCount=100000,1,Workload,Jitting,5,271414,1,271414,1,0,0,888
AggregationBenchmarks.LeanCorpus_SearchOnly,Rowles.LeanCorpus.Benchmarks,AggregationBenchmarks,LeanCorpus_SearchOnly,DefaultJob,Default,Default,Default,Default,Default,Default,Default,Default,Default,Default,Default,Default,Default,Default,Default,Default,Default,Default,Default,Default,Default,Default,Default,Default,Default,Default,Default,Default,Default,Default,Default,Default,Default,Default,Default,Default,Default,Default,Default,Default,Default,DefaultJob,DocumentCount=100000,1,Workload,Pilot,1,319994,1,319994,1,0,0,888
AggregationBenchmarks.LeanCorpus_SearchOnly,Rowles.LeanCorpus.Benchmarks,AggregationBenchmarks,LeanCorpus_SearchOnly,DefaultJob,Default,Default,Default,Default,Default,Default,Default,Default,Default,Default,Default,Default,Default,Default,Default,Default,Default,Default,Default,Default,Default,Default,Default,Default,Default,Default,Default,Default,Default,Default,Default,Default,Default,Default,Default,Default,Default,Default,Default,Default,Default,DefaultJob,DocumentCount=100000,1,Workload,Pilot,1,3495128,16,218445.5,1,0,0,888
AggregationBenchmarks.LeanCorpus_SearchOnly,Rowles.LeanCorpus.Benchmarks,AggregationBenchmarks,LeanCorpus_SearchOnly,DefaultJob,Default,Default,Default,Default,Default,Default,Default,Default,Default,Default,Default,Default,Default,Default,Default,Default,Default,Default,Default,Default,Default,Default,Default,Default,Default,Default,Default,Default,Default,Default,Default,Default,Default,Default,Default,Default,Default,Default,Default,Default,Default,DefaultJob,DocumentCount=100000,1,Workload,Pilot,2,5851286,32,182852.69,1,0,0,888
AggregationBenchmarks.LeanCorpus_SearchOnly,Rowles.LeanCorpus.Benchmarks,AggregationBenchmarks,LeanCorpus_SearchOnly,DefaultJob,Default,Default,Default,Default,Default,Default,Default,Default,Default,Default,Default,Default,Default,Default,Default,Default,Default,Default,Default,Default,Default,Default,Default,Default,Default,Default,Default,Default,Default,Default,Default,Default,Default,Default,Default,Default,Default,Default,Default,Default,Default,DefaultJob,DocumentCount=100000,1,Workload,Pilot,3,10015980,64,156499.69,1,0,0,888
AggregationBenchmarks.LeanCorpus_SearchOnly,Rowles.LeanCorpus.Benchmarks,AggregationBenchmarks,LeanCorpus_SearchOnly,DefaultJob,Default,Default,Default,Default,Default,Default,Default,Default,Default,Default,Default,Default,Default,Default,Default,Default,Default,Default,Default,Default,Default,Default,Default,Default,Default,Default,Default,Default,Default,Default,Default,Default,Default,Default,Default,Default,Default,Default,Default,Default,Default,DefaultJob,DocumentCount=100000,1,Workload,Pilot,4,16573360,128,129479.38,1,0,0,888
AggregationBenchmarks.LeanCorpus_SearchOnly,Rowles.LeanCorpus.Benchmarks,AggregationBenchmarks,LeanCorpus_SearchOnly,DefaultJob,Default,Default,Default,Default,Default,Default,Default,Default,Default,Default,Default,Default,Default,Default,Default,Default,Default,Default,Default,Default,Default,Default,Default,Default,Default,Default,Default,Default,Default,Default,Default,Default,Default,Default,Default,Default,Default,Default,Default,Default,Default,DefaultJob,DocumentCount=100000,1,Workload,Pilot,5,28604363,256,111735.79,1,0,0,888
AggregationBenchmarks.LeanCorpus_SearchOnly,Rowles.LeanCorpus.Benchmarks,AggregationBenchmarks,LeanCorpus_SearchOnly,DefaultJob,Default,Default,Default,Default,Default,Default,Default,Default,Default,Default,Default,Default,Default,Default,Default,Default,Default,Default,Default,Default,Default,Default,Default,Default,Default,Default,Default,Default,Default,Default,Default,Default,Default,Default,Default,Default,Default,Default,Default,Default,Default,DefaultJob,DocumentCount=100000,1,Workload,Pilot,6,56954268,512,111238.8,1,0,0,888
AggregationBenchmarks.LeanCorpus_SearchOnly,Rowles.LeanCorpus.Benchmarks,AggregationBenchmarks,LeanCorpus_SearchOnly,DefaultJob,Default,Default,Default,Default,Default,Default,Default,Default,Default,Default,Default,Default,Default,Default,Default,Default,Default,Default,Default,Default,Default,Default,Default,Default,Default,Default,Default,Default,Default,Default,Default,Default,Default,Default,Default,Default,Default,Default,Default,Default,Default,DefaultJob,DocumentCount=100000,1,Workload,Pilot,7,113375519,1024,110718.28,1,0,0,888
AggregationBenchmarks.LeanCorpus_SearchOnly,Rowles.LeanCorpus.Benchmarks,AggregationBenchmarks,LeanCorpus_SearchOnly,DefaultJob,Default,Default,Default,Default,Default,Default,Default,Default,Default,Default,Default,Default,Default,Default,Default,Default,Default,Default,Default,Default,Default,Default,Default,Default,Default,Default,Default,Default,Default,Default,Default,Default,Default,Default,Default,Default,Default,Default,Default,Default,Default,DefaultJob,DocumentCount=100000,1,Workload,Pilot,8,226106773,2048,110403.7,1,0,0,888
AggregationBenchmarks.LeanCorpus_SearchOnly,Rowles.LeanCorpus.Benchmarks,AggregationBenchmarks,LeanCorpus_SearchOnly,DefaultJob,Default,Default,Default,Default,Default,Default,Default,Default,Default,Default,Default,Default,Default,Default,Default,Default,Default,Default,Default,Default,Default,Default,Default,Default,Default,Default,Default,Default,Default,Default,Default,Default,Default,Default,Default,Default,Default,Default,Default,Default,Default,DefaultJob,DocumentCount=100000,1,Workload,Pilot,9,458679568,4096,111982.32,1,0,0,888
AggregationBenchmarks.LeanCorpus_SearchOnly,Rowles.LeanCorpus.Benchmarks,AggregationBenchmarks,LeanCorpus_SearchOnly,DefaultJob,Default,Default,Default,Default,Default,Default,Default,Default,Default,Default,Default,Default,Default,Default,Default,Default,Default,Default,Default,Default,Default,Default,Default,Default,Default,Default,Default,Default,Default,Default,Default,Default,Default,Default,Default,Default,Default,Default,Default,Default,Default,DefaultJob,DocumentCount=100000,1,Workload,Pilot,10,901056355,8192,109992.23,1,0,0,888
AggregationBenchmarks.LeanCorpus_SearchOnly,Rowles.LeanCorpus.Benchmarks,AggregationBenchmarks,LeanCorpus_SearchOnly,DefaultJob,Default,Default,Default,Default,Default,Default,Default,Default,Default,Default,Default,Default,Default,Default,Default,Default,Default,Default,Default,Default,Default,Default,Default,Default,Default,Default,Default,Default,Default,Default,Default,Default,Default,Default,Default,Default,Default,Default,Default,Default,Default,DefaultJob,DocumentCount=100000,1,Workload,Warmup,1,902546098,8192,110174.08,1,0,0,888
AggregationBenchmarks.LeanCorpus_SearchOnly,Rowles.LeanCorpus.Benchmarks,AggregationBenchmarks,LeanCorpus_SearchOnly,DefaultJob,Default,Default,Default,Default,Default,Default,Default,Default,Default,Default,Default,Default,Default,Default,Default,Default,Default,Default,Default,Default,Default,Default,Default,Default,Default,Default,Default,Default,Default,Default,Default,Default,Default,Default,Default,Default,Default,Default,Default,Default,Default,DefaultJob,DocumentCount=100000,1,Workload,Warmup,2,910211923,8192,111109.85,1,0,0,888
AggregationBenchmarks.LeanCorpus_SearchOnly,Rowles.LeanCorpus.Benchmarks,AggregationBenchmarks,LeanCorpus_SearchOnly,DefaultJob,Default,Default,Default,Default,Default,Default,Default,Default,Default,Default,Default,Default,Default,Default,Default,Default,Default,Default,Default,Default,Default,Default,Default,Default,Default,Default,Default,Default,Default,Default,Default,Default,Default,Default,Default,Default,Default,Default,Default,Default,Default,DefaultJob,DocumentCount=100000,1,Workload,Warmup,3,911610273,8192,111280.55,1,0,0,888
AggregationBenchmarks.LeanCorpus_SearchOnly,Rowles.LeanCorpus.Benchmarks,AggregationBenchmarks,LeanCorpus_SearchOnly,DefaultJob,Default,Default,Default,Default,Default,Default,Default,Default,Default,Default,Default,Default,Default,Default,Default,Default,Default,Default,Default,Default,Default,Default,Default,Default,Default,Default,Default,Default,Default,Default,Default,Default,Default,Default,Default,Default,Default,Default,Default,Default,Default,DefaultJob,DocumentCount=100000,1,Workload,Warmup,4,912775238,8192,111422.76,1,0,0,888
AggregationBenchmarks.LeanCorpus_SearchOnly,Rowles.LeanCorpus.Benchmarks,AggregationBenchmarks,LeanCorpus_SearchOnly,DefaultJob,Default,Default,Default,Default,Default,Default,Default,Default,Default,Default,Default,Default,Default,Default,Default,Default,Default,Default,Default,Default,Default,Default,Default,Default,Default,Default,Default,Default,Default,Default,Default,Default,Default,Default,Default,Default,Default,Default,Default,Default,Default,DefaultJob,DocumentCount=100000,1,Workload,Warmup,5,905801019,8192,110571.41,1,0,0,888
AggregationBenchmarks.LeanCorpus_SearchOnly,Rowles.LeanCorpus.Benchmarks,AggregationBenchmarks,LeanCorpus_SearchOnly,DefaultJob,Default,Default,Default,Default,Default,Default,Default,Default,Default,Default,Default,Default,Default,Default,Default,Default,Default,Default,Default,Default,Default,Default,Default,Default,Default,Default,Default,Default,Default,Default,Default,Default,Default,Default,Default,Default,Default,Default,Default,Default,Default,DefaultJob,DocumentCount=100000,1,Workload,Warmup,6,908099727,8192,110852.02,1,0,0,888
AggregationBenchmarks.LeanCorpus_SearchOnly,Rowles.LeanCorpus.Benchmarks,AggregationBenchmarks,LeanCorpus_SearchOnly,DefaultJob,Default,Default,Default,Default,Default,Default,Default,Default,Default,Default,Default,Default,Default,Default,Default,Default,Default,Default,Default,Default,Default,Default,Default,Default,Default,Default,Default,Default,Default,Default,Default,Default,Default,Default,Default,Default,Default,Default,Default,Default,Default,DefaultJob,DocumentCount=100000,1,Workload,Warmup,7,910357063,8192,111127.57,1,0,0,888
AggregationBenchmarks.LeanCorpus_SearchOnly,Rowles.LeanCorpus.Benchmarks,AggregationBenchmarks,LeanCorpus_SearchOnly,DefaultJob,Default,Default,Default,Default,Default,Default,Default,Default,Default,Default,Default,Default,Default,Default,Default,Default,Default,Default,Default,Default,Default,Default,Default,Default,Default,Default,Default,Default,Default,Default,Default,Default,Default,Default,Default,Default,Default,Default,Default,Default,Default,DefaultJob,DocumentCount=100000,1,Workload,Warmup,8,908428799,8192,110892.19,1,0,0,888
AggregationBenchmarks.LeanCorpus_SearchOnly,Rowles.LeanCorpus.Benchmarks,AggregationBenchmarks,LeanCorpus_SearchOnly,DefaultJob,Default,Default,Default,Default,Default,Default,Default,Default,Default,Default,Default,Default,Default,Default,Default,Default,Default,Default,Default,Default,Default,Default,Default,Default,Default,Default,Default,Default,Default,Default,Default,Default,Default,Default,Default,Default,Default,Default,Default,Default,Default,DefaultJob,DocumentCount=100000,1,Workload,Actual,1,912766305,8192,111421.67,1,0,0,888
AggregationBenchmarks.LeanCorpus_SearchOnly,Rowles.LeanCorpus.Benchmarks,AggregationBenchmarks,LeanCorpus_SearchOnly,DefaultJob,Default,Default,Default,Default,Default,Default,Default,Default,Default,Default,Default,Default,Default,Default,Default,Default,Default,Default,Default,Default,Default,Default,Default,Default,Default,Default,Default,Default,Default,Default,Default,Default,Default,Default,Default,Default,Default,Default,Default,Default,Default,DefaultJob,DocumentCount=100000,1,Workload,Actual,2,911494187,8192,111266.38,1,0,0,888
AggregationBenchmarks.LeanCorpus_SearchOnly,Rowles.LeanCorpus.Benchmarks,AggregationBenchmarks,LeanCorpus_SearchOnly,DefaultJob,Default,Default,Default,Default,Default,Default,Default,Default,Default,Default,Default,Default,Default,Default,Default,Default,Default,Default,Default,Default,Default,Default,Default,Default,Default,Default,Default,Default,Default,Default,Default,Default,Default,Default,Default,Default,Default,Default,Default,Default,Default,DefaultJob,DocumentCount=100000,1,Workload,Actual,3,913710481,8192,111536.92,1,0,0,888
AggregationBenchmarks.LeanCorpus_SearchOnly,Rowles.LeanCorpus.Benchmarks,AggregationBenchmarks,LeanCorpus_SearchOnly,DefaultJob,Default,Default,Default,Default,Default,Default,Default,Default,Default,Default,Default,Default,Default,Default,Default,Default,Default,Default,Default,Default,Default,Default,Default,Default,Default,Default,Default,Default,Default,Default,Default,Default,Default,Default,Default,Default,Default,Default,Default,Default,Default,DefaultJob,DocumentCount=100000,1,Workload,Actual,4,897628250,8192,109573.76,1,0,0,888
AggregationBenchmarks.LeanCorpus_SearchOnly,Rowles.LeanCorpus.Benchmarks,AggregationBenchmarks,LeanCorpus_SearchOnly,DefaultJob,Default,Default,Default,Default,Default,Default,Default,Default,Default,Default,Default,Default,Default,Default,Default,Default,Default,Default,Default,Default,Default,Default,Default,Default,Default,Default,Default,Default,Default,Default,Default,Default,Default,Default,Default,Default,Default,Default,Default,Default,Default,DefaultJob,DocumentCount=100000,1,Workload,Actual,5,905604436,8192,110547.42,1,0,0,888
AggregationBenchmarks.LeanCorpus_SearchOnly,Rowles.LeanCorpus.Benchmarks,AggregationBenchmarks,LeanCorpus_SearchOnly,DefaultJob,Default,Default,Default,Default,Default,Default,Default,Default,Default,Default,Default,Default,Default,Default,Default,Default,Default,Default,Default,Default,Default,Default,Default,Default,Default,Default,Default,Default,Default,Default,Default,Default,Default,Default,Default,Default,Default,Default,Default,Default,Default,DefaultJob,DocumentCount=100000,1,Workload,Actual,6,912123421,8192,111343.19,1,0,0,888
AggregationBenchmarks.LeanCorpus_SearchOnly,Rowles.LeanCorpus.Benchmarks,AggregationBenchmarks,LeanCorpus_SearchOnly,DefaultJob,Default,Default,Default,Default,Default,Default,Default,Default,Default,Default,Default,Default,Default,Default,Default,Default,Default,Default,Default,Default,Default,Default,Default,Default,Default,Default,Default,Default,Default,Default,Default,Default,Default,Default,Default,Default,Default,Default,Default,Default,Default,DefaultJob,DocumentCount=100000,1,Workload,Actual,7,904006295,8192,110352.33,1,0,0,888
AggregationBenchmarks.LeanCorpus_SearchOnly,Rowles.LeanCorpus.Benchmarks,AggregationBenchmarks,LeanCorpus_SearchOnly,DefaultJob,Default,Default,Default,Default,Default,Default,Default,Default,Default,Default,Default,Default,Default,Default,Default,Default,Default,Default,Default,Default,Default,Default,Default,Default,Default,Default,Default,Default,Default,Default,Default,Default,Default,Default,Default,Default,Default,Default,Default,Default,Default,DefaultJob,DocumentCount=100000,1,Workload,Actual,8,909547010,8192,111028.69,1,0,0,888
AggregationBenchmarks.LeanCorpus_SearchOnly,Rowles.LeanCorpus.Benchmarks,AggregationBenchmarks,LeanCorpus_SearchOnly,DefaultJob,Default,Default,Default,Default,Default,Default,Default,Default,Default,Default,Default,Default,Default,Default,Default,Default,Default,Default,Default,Default,Default,Default,Default,Default,Default,Default,Default,Default,Default,Default,Default,Default,Default,Default,Default,Default,Default,Default,Default,Default,Default,DefaultJob,DocumentCount=100000,1,Workload,Actual,9,912243224,8192,111357.82,1,0,0,888
AggregationBenchmarks.LeanCorpus_SearchOnly,Rowles.LeanCorpus.Benchmarks,AggregationBenchmarks,LeanCorpus_SearchOnly,DefaultJob,Default,Default,Default,Default,Default,Default,Default,Default,Default,Default,Default,Default,Default,Default,Default,Default,Default,Default,Default,Default,Default,Default,Default,Default,Default,Default,Default,Default,Default,Default,Default,Default,Default,Default,Default,Default,Default,Default,Default,Default,Default,DefaultJob,DocumentCount=100000,1,Workload,Actual,10,910817654,8192,111183.8,1,0,0,888
AggregationBenchmarks.LeanCorpus_SearchOnly,Rowles.LeanCorpus.Benchmarks,AggregationBenchmarks,LeanCorpus_SearchOnly,DefaultJob,Default,Default,Default,Default,Default,Default,Default,Default,Default,Default,Default,Default,Default,Default,Default,Default,Default,Default,Default,Default,Default,Default,Default,Default,Default,Default,Default,Default,Default,Default,Default,Default,Default,Default,Default,Default,Default,Default,Default,Default,Default,DefaultJob,DocumentCount=100000,1,Workload,Actual,11,914859546,8192,111677.19,1,0,0,888
AggregationBenchmarks.LeanCorpus_SearchOnly,Rowles.LeanCorpus.Benchmarks,AggregationBenchmarks,LeanCorpus_SearchOnly,DefaultJob,Default,Default,Default,Default,Default,Default,Default,Default,Default,Default,Default,Default,Default,Default,Default,Default,Default,Default,Default,Default,Default,Default,Default,Default,Default,Default,Default,Default,Default,Default,Default,Default,Default,Default,Default,Default,Default,Default,Default,Default,Default,DefaultJob,DocumentCount=100000,1,Workload,Actual,12,912767071,8192,111421.76,1,0,0,888
AggregationBenchmarks.LeanCorpus_SearchOnly,Rowles.LeanCorpus.Benchmarks,AggregationBenchmarks,LeanCorpus_SearchOnly,DefaultJob,Default,Default,Default,Default,Default,Default,Default,Default,Default,Default,Default,Default,Default,Default,Default,Default,Default,Default,Default,Default,Default,Default,Default,Default,Default,Default,Default,Default,Default,Default,Default,Default,Default,Default,Default,Default,Default,Default,Default,Default,Default,DefaultJob,DocumentCount=100000,1,Workload,Actual,13,912558589,8192,111396.31,1,0,0,888
AggregationBenchmarks.LeanCorpus_SearchOnly,Rowles.LeanCorpus.Benchmarks,AggregationBenchmarks,LeanCorpus_SearchOnly,DefaultJob,Default,Default,Default,Default,Default,Default,Default,Default,Default,Default,Default,Default,Default,Default,Default,Default,Default,Default,Default,Default,Default,Default,Default,Default,Default,Default,Default,Default,Default,Default,Default,Default,Default,Default,Default,Default,Default,Default,Default,Default,Default,DefaultJob,DocumentCount=100000,1,Workload,Actual,14,912086044,8192,111338.63,1,0,0,888
AggregationBenchmarks.LeanCorpus_SearchOnly,Rowles.LeanCorpus.Benchmarks,AggregationBenchmarks,LeanCorpus_SearchOnly,DefaultJob,Default,Default,Default,Default,Default,Default,Default,Default,Default,Default,Default,Default,Default,Default,Default,Default,Default,Default,Default,Default,Default,Default,Default,Default,Default,Default,Default,Default,Default,Default,Default,Default,Default,Default,Default,Default,Default,Default,Default,Default,Default,DefaultJob,DocumentCount=100000,1,Workload,Actual,15,911310460,8192,111243.95,1,0,0,888
AggregationBenchmarks.LeanCorpus_SearchOnly,Rowles.LeanCorpus.Benchmarks,AggregationBenchmarks,LeanCorpus_SearchOnly,DefaultJob,Default,Default,Default,Default,Default,Default,Default,Default,Default,Default,Default,Default,Default,Default,Default,Default,Default,Default,Default,Default,Default,Default,Default,Default,Default,Default,Default,Default,Default,Default,Default,Default,Default,Default,Default,Default,Default,Default,Default,Default,Default,DefaultJob,DocumentCount=100000,1,Workload,Extra,1,914203200,8192,111597.07,1,0,0,888
AggregationBenchmarks.LeanCorpus_SearchOnly,Rowles.LeanCorpus.Benchmarks,AggregationBenchmarks,LeanCorpus_SearchOnly,DefaultJob,Default,Default,Default,Default,Default,Default,Default,Default,Default,Default,Default,Default,Default,Default,Default,Default,Default,Default,Default,Default,Default,Default,Default,Default,Default,Default,Default,Default,Default,Default,Default,Default,Default,Default,Default,Default,Default,Default,Default,Default,Default,DefaultJob,DocumentCount=100000,1,Workload,Result,1,912766305,8192,111421.67,1,0,0,888
AggregationBenchmarks.LeanCorpus_SearchOnly,Rowles.LeanCorpus.Benchmarks,AggregationBenchmarks,LeanCorpus_SearchOnly,DefaultJob,Default,Default,Default,Default,Default,Default,Default,Default,Default,Default,Default,Default,Default,Default,Default,Default,Default,Default,Default,Default,Default,Default,Default,Default,Default,Default,Default,Default,Default,Default,Default,Default,Default,Default,Default,Default,Default,Default,Default,Default,Default,DefaultJob,DocumentCount=100000,1,Workload,Result,2,911494187,8192,111266.38,1,0,0,888
AggregationBenchmarks.LeanCorpus_SearchOnly,Rowles.LeanCorpus.Benchmarks,AggregationBenchmarks,LeanCorpus_SearchOnly,DefaultJob,Default,Default,Default,Default,Default,Default,Default,Default,Default,Default,Default,Default,Default,Default,Default,Default,Default,Default,Default,Default,Default,Default,Default,Default,Default,Default,Default,Default,Default,Default,Default,Default,Default,Default,Default,Default,Default,Default,Default,Default,Default,DefaultJob,DocumentCount=100000,1,Workload,Result,3,913710481,8192,111536.92,1,0,0,888
AggregationBenchmarks.LeanCorpus_SearchOnly,Rowles.LeanCorpus.Benchmarks,AggregationBenchmarks,LeanCorpus_SearchOnly,DefaultJob,Default,Default,Default,Default,Default,Default,Default,Default,Default,Default,Default,Default,Default,Default,Default,Default,Default,Default,Default,Default,Default,Default,Default,Default,Default,Default,Default,Default,Default,Default,Default,Default,Default,Default,Default,Default,Default,Default,Default,Default,Default,DefaultJob,DocumentCount=100000,1,Workload,Result,4,897628250,8192,109573.76,1,0,0,888
AggregationBenchmarks.LeanCorpus_SearchOnly,Rowles.LeanCorpus.Benchmarks,AggregationBenchmarks,LeanCorpus_SearchOnly,DefaultJob,Default,Default,Default,Default,Default,Default,Default,Default,Default,Default,Default,Default,Default,Default,Default,Default,Default,Default,Default,Default,Default,Default,Default,Default,Default,Default,Default,Default,Default,Default,Default,Default,Default,Default,Default,Default,Default,Default,Default,Default,Default,DefaultJob,DocumentCount=100000,1,Workload,Result,5,905604436,8192,110547.42,1,0,0,888
AggregationBenchmarks.LeanCorpus_SearchOnly,Rowles.LeanCorpus.Benchmarks,AggregationBenchmarks,LeanCorpus_SearchOnly,DefaultJob,Default,Default,Default,Default,Default,Default,Default,Default,Default,Default,Default,Default,Default,Default,Default,Default,Default,Default,Default,Default,Default,Default,Default,Default,Default,Default,Default,Default,Default,Default,Default,Default,Default,Default,Default,Default,Default,Default,Default,Default,Default,DefaultJob,DocumentCount=100000,1,Workload,Result,6,912123421,8192,111343.19,1,0,0,888
AggregationBenchmarks.LeanCorpus_SearchOnly,Rowles.LeanCorpus.Benchmarks,AggregationBenchmarks,LeanCorpus_SearchOnly,DefaultJob,Default,Default,Default,Default,Default,Default,Default,Default,Default,Default,Default,Default,Default,Default,Default,Default,Default,Default,Default,Default,Default,Default,Default,Default,Default,Default,Default,Default,Default,Default,Default,Default,Default,Default,Default,Default,Default,Default,Default,Default,Default,DefaultJob,DocumentCount=100000,1,Workload,Result,7,904006295,8192,110352.33,1,0,0,888
AggregationBenchmarks.LeanCorpus_SearchOnly,Rowles.LeanCorpus.Benchmarks,AggregationBenchmarks,LeanCorpus_SearchOnly,DefaultJob,Default,Default,Default,Default,Default,Default,Default,Default,Default,Default,Default,Default,Default,Default,Default,Default,Default,Default,Default,Default,Default,Default,Default,Default,Default,Default,Default,Default,Default,Default,Default,Default,Default,Default,Default,Default,Default,Default,Default,Default,Default,DefaultJob,DocumentCount=100000,1,Workload,Result,8,909547010,8192,111028.69,1,0,0,888
AggregationBenchmarks.LeanCorpus_SearchOnly,Rowles.LeanCorpus.Benchmarks,AggregationBenchmarks,LeanCorpus_SearchOnly,DefaultJob,Default,Default,Default,Default,Default,Default,Default,Default,Default,Default,Default,Default,Default,Default,Default,Default,Default,Default,Default,Default,Default,Default,Default,Default,Default,Default,Default,Default,Default,Default,Default,Default,Default,Default,Default,Default,Default,Default,Default,Default,Default,DefaultJob,DocumentCount=100000,1,Workload,Result,9,912243224,8192,111357.82,1,0,0,888
AggregationBenchmarks.LeanCorpus_SearchOnly,Rowles.LeanCorpus.Benchmarks,AggregationBenchmarks,LeanCorpus_SearchOnly,DefaultJob,Default,Default,Default,Default,Default,Default,Default,Default,Default,Default,Default,Default,Default,Default,Default,Default,Default,Default,Default,Default,Default,Default,Default,Default,Default,Default,Default,Default,Default,Default,Default,Default,Default,Default,Default,Default,Default,Default,Default,Default,Default,DefaultJob,DocumentCount=100000,1,Workload,Result,10,910817654,8192,111183.8,1,0,0,888
AggregationBenchmarks.LeanCorpus_SearchOnly,Rowles.LeanCorpus.Benchmarks,AggregationBenchmarks,LeanCorpus_SearchOnly,DefaultJob,Default,Default,Default,Default,Default,Default,Default,Default,Default,Default,Default,Default,Default,Default,Default,Default,Default,Default,Default,Default,Default,Default,Default,Default,Default,Default,Default,Default,Default,Default,Default,Default,Default,Default,Default,Default,Default,Default,Default,Default,Default,DefaultJob,DocumentCount=100000,1,Workload,Result,11,914859546,8192,111677.19,1,0,0,888
AggregationBenchmarks.LeanCorpus_SearchOnly,Rowles.LeanCorpus.Benchmarks,AggregationBenchmarks,LeanCorpus_SearchOnly,DefaultJob,Default,Default,Default,Default,Default,Default,Default,Default,Default,Default,Default,Default,Default,Default,Default,Default,Default,Default,Default,Default,Default,Default,Default,Default,Default,Default,Default,Default,Default,Default,Default,Default,Default,Default,Default,Default,Default,Default,Default,Default,Default,DefaultJob,DocumentCount=100000,1,Workload,Result,12,912767071,8192,111421.76,1,0,0,888
AggregationBenchmarks.LeanCorpus_SearchOnly,Rowles.LeanCorpus.Benchmarks,AggregationBenchmarks,LeanCorpus_SearchOnly,DefaultJob,Default,Default,Default,Default,Default,Default,Default,Default,Default,Default,Default,Default,Default,Default,Default,Default,Default,Default,Default,Default,Default,Default,Default,Default,Default,Default,Default,Default,Default,Default,Default,Default,Default,Default,Default,Default,Default,Default,Default,Default,Default,DefaultJob,DocumentCount=100000,1,Workload,Result,13,912558589,8192,111396.31,1,0,0,888
AggregationBenchmarks.LeanCorpus_SearchOnly,Rowles.LeanCorpus.Benchmarks,AggregationBenchmarks,LeanCorpus_SearchOnly,DefaultJob,Default,Default,Default,Default,Default,Default,Default,Default,Default,Default,Default,Default,Default,Default,Default,Default,Default,Default,Default,Default,Default,Default,Default,Default,Default,Default,Default,Default,Default,Default,Default,Default,Default,Default,Default,Default,Default,Default,Default,Default,Default,DefaultJob,DocumentCount=100000,1,Workload,Result,14,912086044,8192,111338.63,1,0,0,888
AggregationBenchmarks.LeanCorpus_SearchOnly,Rowles.LeanCorpus.Benchmarks,AggregationBenchmarks,LeanCorpus_SearchOnly,DefaultJob,Default,Default,Default,Default,Default,Default,Default,Default,Default,Default,Default,Default,Default,Default,Default,Default,Default,Default,Default,Default,Default,Default,Default,Default,Default,Default,Default,Default,Default,Default,Default,Default,Default,Default,Default,Default,Default,Default,Default,Default,Default,DefaultJob,DocumentCount=100000,1,Workload,Result,15,911310460,8192,111243.95,1,0,0,888
AggregationBenchmarks.LeanCorpus_SearchWithStats,Rowles.LeanCorpus.Benchmarks,AggregationBenchmarks,LeanCorpus_SearchWithStats,DefaultJob,Default,Default,Default,Default,Default,Default,Default,Default,Default,Default,Default,Default,Default,Default,Default,Default,Default,Default,Default,Default,Default,Default,Default,Default,Default,Default,Default,Default,Default,Default,Default,Default,Default,Default,Default,Default,Default,Default,Default,Default,Default,DefaultJob,DocumentCount=100000,1,Workload,Jitting,1,48123414,1,48123414,110,4,0,225480
AggregationBenchmarks.LeanCorpus_SearchWithStats,Rowles.LeanCorpus.Benchmarks,AggregationBenchmarks,LeanCorpus_SearchWithStats,DefaultJob,Default,Default,Default,Default,Default,Default,Default,Default,Default,Default,Default,Default,Default,Default,Default,Default,Default,Default,Default,Default,Default,Default,Default,Default,Default,Default,Default,Default,Default,Default,Default,Default,Default,Default,Default,Default,Default,Default,Default,Default,Default,DefaultJob,DocumentCount=100000,1,Workload,Jitting,2,49320646,30,1644021.53,110,4,0,225480
AggregationBenchmarks.LeanCorpus_SearchWithStats,Rowles.LeanCorpus.Benchmarks,AggregationBenchmarks,LeanCorpus_SearchWithStats,DefaultJob,Default,Default,Default,Default,Default,Default,Default,Default,Default,Default,Default,Default,Default,Default,Default,Default,Default,Default,Default,Default,Default,Default,Default,Default,Default,Default,Default,Default,Default,Default,Default,Default,Default,Default,Default,Default,Default,Default,Default,Default,Default,DefaultJob,DocumentCount=100000,1,Workload,Jitting,3,39103166,30,1303438.87,110,4,0,225480
AggregationBenchmarks.LeanCorpus_SearchWithStats,Rowles.LeanCorpus.Benchmarks,AggregationBenchmarks,LeanCorpus_SearchWithStats,DefaultJob,Default,Default,Default,Default,Default,Default,Default,Default,Default,Default,Default,Default,Default,Default,Default,Default,Default,Default,Default,Default,Default,Default,Default,Default,Default,Default,Default,Default,Default,Default,Default,Default,Default,Default,Default,Default,Default,Default,Default,Default,Default,DefaultJob,DocumentCount=100000,1,Workload,Jitting,4,12609204,30,420306.8,110,4,0,225480
AggregationBenchmarks.LeanCorpus_SearchWithStats,Rowles.LeanCorpus.Benchmarks,AggregationBenchmarks,LeanCorpus_SearchWithStats,DefaultJob,Default,Default,Default,Default,Default,Default,Default,Default,Default,Default,Default,Default,Default,Default,Default,Default,Default,Default,Default,Default,Default,Default,Default,Default,Default,Default,Default,Default,Default,Default,Default,Default,Default,Default,Default,Default,Default,Default,Default,Default,Default,DefaultJob,DocumentCount=100000,1,Workload,Jitting,5,657781,1,657781,110,4,0,225480
AggregationBenchmarks.LeanCorpus_SearchWithStats,Rowles.LeanCorpus.Benchmarks,AggregationBenchmarks,LeanCorpus_SearchWithStats,DefaultJob,Default,Default,Default,Default,Default,Default,Default,Default,Default,Default,Default,Default,Default,Default,Default,Default,Default,Default,Default,Default,Default,Default,Default,Default,Default,Default,Default,Default,Default,Default,Default,Default,Default,Default,Default,Default,Default,Default,Default,Default,Default,DefaultJob,DocumentCount=100000,1,Workload,Pilot,1,685051,1,685051,110,4,0,225480
AggregationBenchmarks.LeanCorpus_SearchWithStats,Rowles.LeanCorpus.Benchmarks,AggregationBenchmarks,LeanCorpus_SearchWithStats,DefaultJob,Default,Default,Default,Default,Default,Default,Default,Default,Default,Default,Default,Default,Default,Default,Default,Default,Default,Default,Default,Default,Default,Default,Default,Default,Default,Default,Default,Default,Default,Default,Default,Default,Default,Default,Default,Default,Default,Default,Default,Default,Default,DefaultJob,DocumentCount=100000,1,Workload,Pilot,1,10536424,16,658526.5,110,4,0,225480
AggregationBenchmarks.LeanCorpus_SearchWithStats,Rowles.LeanCorpus.Benchmarks,AggregationBenchmarks,LeanCorpus_SearchWithStats,DefaultJob,Default,Default,Default,Default,Default,Default,Default,Default,Default,Default,Default,Default,Default,Default,Default,Default,Default,Default,Default,Default,Default,Default,Default,Default,Default,Default,Default,Default,Default,Default,Default,Default,Default,Default,Default,Default,Default,Default,Default,Default,Default,DefaultJob,DocumentCount=100000,1,Workload,Pilot,2,15249434,32,476544.81,110,4,0,225480
AggregationBenchmarks.LeanCorpus_SearchWithStats,Rowles.LeanCorpus.Benchmarks,AggregationBenchmarks,LeanCorpus_SearchWithStats,DefaultJob,Default,Default,Default,Default,Default,Default,Default,Default,Default,Default,Default,Default,Default,Default,Default,Default,Default,Default,Default,Default,Default,Default,Default,Default,Default,Default,Default,Default,Default,Default,Default,Default,Default,Default,Default,Default,Default,Default,Default,Default,Default,DefaultJob,DocumentCount=100000,1,Workload,Pilot,3,24858076,64,388407.44,110,4,0,225480
AggregationBenchmarks.LeanCorpus_SearchWithStats,Rowles.LeanCorpus.Benchmarks,AggregationBenchmarks,LeanCorpus_SearchWithStats,DefaultJob,Default,Default,Default,Default,Default,Default,Default,Default,Default,Default,Default,Default,Default,Default,Default,Default,Default,Default,Default,Default,Default,Default,Default,Default,Default,Default,Default,Default,Default,Default,Default,Default,Default,Default,Default,Default,Default,Default,Default,Default,Default,DefaultJob,DocumentCount=100000,1,Workload,Pilot,4,49899618,128,389840.77,110,4,0,225480
AggregationBenchmarks.LeanCorpus_SearchWithStats,Rowles.LeanCorpus.Benchmarks,AggregationBenchmarks,LeanCorpus_SearchWithStats,DefaultJob,Default,Default,Default,Default,Default,Default,Default,Default,Default,Default,Default,Default,Default,Default,Default,Default,Default,Default,Default,Default,Default,Default,Default,Default,Default,Default,Default,Default,Default,Default,Default,Default,Default,Default,Default,Default,Default,Default,Default,Default,Default,DefaultJob,DocumentCount=100000,1,Workload,Pilot,5,101104678,256,394940.15,110,4,0,225480
AggregationBenchmarks.LeanCorpus_SearchWithStats,Rowles.LeanCorpus.Benchmarks,AggregationBenchmarks,LeanCorpus_SearchWithStats,DefaultJob,Default,Default,Default,Default,Default,Default,Default,Default,Default,Default,Default,Default,Default,Default,Default,Default,Default,Default,Default,Default,Default,Default,Default,Default,Default,Default,Default,Default,Default,Default,Default,Default,Default,Default,Default,Default,Default,Default,Default,Default,Default,DefaultJob,DocumentCount=100000,1,Workload,Pilot,6,195294660,512,381434.88,110,4,0,225480
AggregationBenchmarks.LeanCorpus_SearchWithStats,Rowles.LeanCorpus.Benchmarks,AggregationBenchmarks,LeanCorpus_SearchWithStats,DefaultJob,Default,Default,Default,Default,Default,Default,Default,Default,Default,Default,Default,Default,Default,Default,Default,Default,Default,Default,Default,Default,Default,Default,Default,Default,Default,Default,Default,Default,Default,Default,Default,Default,Default,Default,Default,Default,Default,Default,Default,Default,Default,DefaultJob,DocumentCount=100000,1,Workload,Pilot,7,383020309,1024,374043.27,110,4,0,225480
AggregationBenchmarks.LeanCorpus_SearchWithStats,Rowles.LeanCorpus.Benchmarks,AggregationBenchmarks,LeanCorpus_SearchWithStats,DefaultJob,Default,Default,Default,Default,Default,Default,Default,Default,Default,Default,Default,Default,Default,Default,Default,Default,Default,Default,Default,Default,Default,Default,Default,Default,Default,Default,Default,Default,Default,Default,Default,Default,Default,Default,Default,Default,Default,Default,Default,Default,Default,DefaultJob,DocumentCount=100000,1,Workload,Pilot,8,775990813,2048,378901.76,110,4,0,225480
AggregationBenchmarks.LeanCorpus_SearchWithStats,Rowles.LeanCorpus.Benchmarks,AggregationBenchmarks,LeanCorpus_SearchWithStats,DefaultJob,Default,Default,Default,Default,Default,Default,Default,Default,Default,Default,Default,Default,Default,Default,Default,Default,Default,Default,Default,Default,Default,Default,Default,Default,Default,Default,Default,Default,Default,Default,Default,Default,Default,Default,Default,Default,Default,Default,Default,Default,Default,DefaultJob,DocumentCount=100000,1,Workload,Warmup,1,777363602,2048,379572.07,110,4,0,225480
AggregationBenchmarks.LeanCorpus_SearchWithStats,Rowles.LeanCorpus.Benchmarks,AggregationBenchmarks,LeanCorpus_SearchWithStats,DefaultJob,Default,Default,Default,Default,Default,Default,Default,Default,Default,Default,Default,Default,Default,Default,Default,Default,Default,Default,Default,Default,Default,Default,Default,Default,Default,Default,Default,Default,Default,Default,Default,Default,Default,Default,Default,Default,Default,Default,Default,Default,Default,DefaultJob,DocumentCount=100000,1,Workload,Warmup,2,777677246,2048,379725.22,110,4,0,225480
AggregationBenchmarks.LeanCorpus_SearchWithStats,Rowles.LeanCorpus.Benchmarks,AggregationBenchmarks,LeanCorpus_SearchWithStats,DefaultJob,Default,Default,Default,Default,Default,Default,Default,Default,Default,Default,Default,Default,Default,Default,Default,Default,Default,Default,Default,Default,Default,Default,Default,Default,Default,Default,Default,Default,Default,Default,Default,Default,Default,Default,Default,Default,Default,Default,Default,Default,Default,DefaultJob,DocumentCount=100000,1,Workload,Warmup,3,774834827,2048,378337.32,110,4,0,225480
AggregationBenchmarks.LeanCorpus_SearchWithStats,Rowles.LeanCorpus.Benchmarks,AggregationBenchmarks,LeanCorpus_SearchWithStats,DefaultJob,Default,Default,Default,Default,Default,Default,Default,Default,Default,Default,Default,Default,Default,Default,Default,Default,Default,Default,Default,Default,Default,Default,Default,Default,Default,Default,Default,Default,Default,Default,Default,Default,Default,Default,Default,Default,Default,Default,Default,Default,Default,DefaultJob,DocumentCount=100000,1,Workload,Warmup,4,775846775,2048,378831.43,110,4,0,225480
AggregationBenchmarks.LeanCorpus_SearchWithStats,Rowles.LeanCorpus.Benchmarks,AggregationBenchmarks,LeanCorpus_SearchWithStats,DefaultJob,Default,Default,Default,Default,Default,Default,Default,Default,Default,Default,Default,Default,Default,Default,Default,Default,Default,Default,Default,Default,Default,Default,Default,Default,Default,Default,Default,Default,Default,Default,Default,Default,Default,Default,Default,Default,Default,Default,Default,Default,Default,DefaultJob,DocumentCount=100000,1,Workload,Warmup,5,775450442,2048,378637.91,110,4,0,225480
AggregationBenchmarks.LeanCorpus_SearchWithStats,Rowles.LeanCorpus.Benchmarks,AggregationBenchmarks,LeanCorpus_SearchWithStats,DefaultJob,Default,Default,Default,Default,Default,Default,Default,Default,Default,Default,Default,Default,Default,Default,Default,Default,Default,Default,Default,Default,Default,Default,Default,Default,Default,Default,Default,Default,Default,Default,Default,Default,Default,Default,Default,Default,Default,Default,Default,Default,Default,DefaultJob,DocumentCount=100000,1,Workload,Warmup,6,774968245,2048,378402.46,110,4,0,225480
AggregationBenchmarks.LeanCorpus_SearchWithStats,Rowles.LeanCorpus.Benchmarks,AggregationBenchmarks,LeanCorpus_SearchWithStats,DefaultJob,Default,Default,Default,Default,Default,Default,Default,Default,Default,Default,Default,Default,Default,Default,Default,Default,Default,Default,Default,Default,Default,Default,Default,Default,Default,Default,Default,Default,Default,Default,Default,Default,Default,Default,Default,Default,Default,Default,Default,Default,Default,DefaultJob,DocumentCount=100000,1,Workload,Actual,1,778702659,2048,380225.91,110,4,0,225480
AggregationBenchmarks.LeanCorpus_SearchWithStats,Rowles.LeanCorpus.Benchmarks,AggregationBenchmarks,LeanCorpus_SearchWithStats,DefaultJob,Default,Default,Default,Default,Default,Default,Default,Default,Default,Default,Default,Default,Default,Default,Default,Default,Default,Default,Default,Default,Default,Default,Default,Default,Default,Default,Default,Default,Default,Default,Default,Default,Default,Default,Default,Default,Default,Default,Default,Default,Default,DefaultJob,DocumentCount=100000,1,Workload,Actual,2,774641452,2048,378242.9,110,4,0,225480
AggregationBenchmarks.LeanCorpus_SearchWithStats,Rowles.LeanCorpus.Benchmarks,AggregationBenchmarks,LeanCorpus_SearchWithStats,DefaultJob,Default,Default,Default,Default,Default,Default,Default,Default,Default,Default,Default,Default,Default,Default,Default,Default,Default,Default,Default,Default,Default,Default,Default,Default,Default,Default,Default,Default,Default,Default,Default,Default,Default,Default,Default,Default,Default,Default,Default,Default,Default,DefaultJob,DocumentCount=100000,1,Workload,Actual,3,774238901,2048,378046.34,110,4,0,225480
AggregationBenchmarks.LeanCorpus_SearchWithStats,Rowles.LeanCorpus.Benchmarks,AggregationBenchmarks,LeanCorpus_SearchWithStats,DefaultJob,Default,Default,Default,Default,Default,Default,Default,Default,Default,Default,Default,Default,Default,Default,Default,Default,Default,Default,Default,Default,Default,Default,Default,Default,Default,Default,Default,Default,Default,Default,Default,Default,Default,Default,Default,Default,Default,Default,Default,Default,Default,DefaultJob,DocumentCount=100000,1,Workload,Actual,4,776640884,2048,379219.18,110,4,0,225480
AggregationBenchmarks.LeanCorpus_SearchWithStats,Rowles.LeanCorpus.Benchmarks,AggregationBenchmarks,LeanCorpus_SearchWithStats,DefaultJob,Default,Default,Default,Default,Default,Default,Default,Default,Default,Default,Default,Default,Default,Default,Default,Default,Default,Default,Default,Default,Default,Default,Default,Default,Default,Default,Default,Default,Default,Default,Default,Default,Default,Default,Default,Default,Default,Default,Default,Default,Default,DefaultJob,DocumentCount=100000,1,Workload,Actual,5,773777139,2048,377820.87,110,4,0,225480
AggregationBenchmarks.LeanCorpus_SearchWithStats,Rowles.LeanCorpus.Benchmarks,AggregationBenchmarks,LeanCorpus_SearchWithStats,DefaultJob,Default,Default,Default,Default,Default,Default,Default,Default,Default,Default,Default,Default,Default,Default,Default,Default,Default,Default,Default,Default,Default,Default,Default,Default,Default,Default,Default,Default,Default,Default,Default,Default,Default,Default,Default,Default,Default,Default,Default,Default,Default,DefaultJob,DocumentCount=100000,1,Workload,Actual,6,770036425,2048,375994.35,110,4,0,225480
AggregationBenchmarks.LeanCorpus_SearchWithStats,Rowles.LeanCorpus.Benchmarks,AggregationBenchmarks,LeanCorpus_SearchWithStats,DefaultJob,Default,Default,Default,Default,Default,Default,Default,Default,Default,Default,Default,Default,Default,Default,Default,Default,Default,Default,Default,Default,Default,Default,Default,Default,Default,Default,Default,Default,Default,Default,Default,Default,Default,Default,Default,Default,Default,Default,Default,Default,Default,DefaultJob,DocumentCount=100000,1,Workload,Actual,7,777626938,2048,379700.65,110,4,0,225480
AggregationBenchmarks.LeanCorpus_SearchWithStats,Rowles.LeanCorpus.Benchmarks,AggregationBenchmarks,LeanCorpus_SearchWithStats,DefaultJob,Default,Default,Default,Default,Default,Default,Default,Default,Default,Default,Default,Default,Default,Default,Default,Default,Default,Default,Default,Default,Default,Default,Default,Default,Default,Default,Default,Default,Default,Default,Default,Default,Default,Default,Default,Default,Default,Default,Default,Default,Default,DefaultJob,DocumentCount=100000,1,Workload,Actual,8,777861745,2048,379815.31,110,4,0,225480
AggregationBenchmarks.LeanCorpus_SearchWithStats,Rowles.LeanCorpus.Benchmarks,AggregationBenchmarks,LeanCorpus_SearchWithStats,DefaultJob,Default,Default,Default,Default,Default,Default,Default,Default,Default,Default,Default,Default,Default,Default,Default,Default,Default,Default,Default,Default,Default,Default,Default,Default,Default,Default,Default,Default,Default,Default,Default,Default,Default,Default,Default,Default,Default,Default,Default,Default,Default,DefaultJob,DocumentCount=100000,1,Workload,Actual,9,777781829,2048,379776.28,110,4,0,225480
AggregationBenchmarks.LeanCorpus_SearchWithStats,Rowles.LeanCorpus.Benchmarks,AggregationBenchmarks,LeanCorpus_SearchWithStats,DefaultJob,Default,Default,Default,Default,Default,Default,Default,Default,Default,Default,Default,Default,Default,Default,Default,Default,Default,Default,Default,Default,Default,Default,Default,Default,Default,Default,Default,Default,Default,Default,Default,Default,Default,Default,Default,Default,Default,Default,Default,Default,Default,DefaultJob,DocumentCount=100000,1,Workload,Actual,10,778716616,2048,380232.72,110,4,0,225480
AggregationBenchmarks.LeanCorpus_SearchWithStats,Rowles.LeanCorpus.Benchmarks,AggregationBenchmarks,LeanCorpus_SearchWithStats,DefaultJob,Default,Default,Default,Default,Default,Default,Default,Default,Default,Default,Default,Default,Default,Default,Default,Default,Default,Default,Default,Default,Default,Default,Default,Default,Default,Default,Default,Default,Default,Default,Default,Default,Default,Default,Default,Default,Default,Default,Default,Default,Default,DefaultJob,DocumentCount=100000,1,Workload,Actual,11,777539983,2048,379658.19,110,4,0,225480
AggregationBenchmarks.LeanCorpus_SearchWithStats,Rowles.LeanCorpus.Benchmarks,AggregationBenchmarks,LeanCorpus_SearchWithStats,DefaultJob,Default,Default,Default,Default,Default,Default,Default,Default,Default,Default,Default,Default,Default,Default,Default,Default,Default,Default,Default,Default,Default,Default,Default,Default,Default,Default,Default,Default,Default,Default,Default,Default,Default,Default,Default,Default,Default,Default,Default,Default,Default,DefaultJob,DocumentCount=100000,1,Workload,Actual,12,779138578,2048,380438.76,110,4,0,225480
AggregationBenchmarks.LeanCorpus_SearchWithStats,Rowles.LeanCorpus.Benchmarks,AggregationBenchmarks,LeanCorpus_SearchWithStats,DefaultJob,Default,Default,Default,Default,Default,Default,Default,Default,Default,Default,Default,Default,Default,Default,Default,Default,Default,Default,Default,Default,Default,Default,Default,Default,Default,Default,Default,Default,Default,Default,Default,Default,Default,Default,Default,Default,Default,Default,Default,Default,Default,DefaultJob,DocumentCount=100000,1,Workload,Actual,13,776971123,2048,379380.43,110,4,0,225480
AggregationBenchmarks.LeanCorpus_SearchWithStats,Rowles.LeanCorpus.Benchmarks,AggregationBenchmarks,LeanCorpus_SearchWithStats,DefaultJob,Default,Default,Default,Default,Default,Default,Default,Default,Default,Default,Default,Default,Default,Default,Default,Default,Default,Default,Default,Default,Default,Default,Default,Default,Default,Default,Default,Default,Default,Default,Default,Default,Default,Default,Default,Default,Default,Default,Default,Default,Default,DefaultJob,DocumentCount=100000,1,Workload,Actual,14,777381822,2048,379580.97,110,4,0,225480
AggregationBenchmarks.LeanCorpus_SearchWithStats,Rowles.LeanCorpus.Benchmarks,AggregationBenchmarks,LeanCorpus_SearchWithStats,DefaultJob,Default,Default,Default,Default,Default,Default,Default,Default,Default,Default,Default,Default,Default,Default,Default,Default,Default,Default,Default,Default,Default,Default,Default,Default,Default,Default,Default,Default,Default,Default,Default,Default,Default,Default,Default,Default,Default,Default,Default,Default,Default,DefaultJob,DocumentCount=100000,1,Workload,Actual,15,777424784,2048,379601.95,110,4,0,225480
AggregationBenchmarks.LeanCorpus_SearchWithStats,Rowles.LeanCorpus.Benchmarks,AggregationBenchmarks,LeanCorpus_SearchWithStats,DefaultJob,Default,Default,Default,Default,Default,Default,Default,Default,Default,Default,Default,Default,Default,Default,Default,Default,Default,Default,Default,Default,Default,Default,Default,Default,Default,Default,Default,Default,Default,Default,Default,Default,Default,Default,Default,Default,Default,Default,Default,Default,Default,DefaultJob,DocumentCount=100000,1,Workload,Extra,1,774416225,2048,378132.92,110,4,0,225480
AggregationBenchmarks.LeanCorpus_SearchWithStats,Rowles.LeanCorpus.Benchmarks,AggregationBenchmarks,LeanCorpus_SearchWithStats,DefaultJob,Default,Default,Default,Default,Default,Default,Default,Default,Default,Default,Default,Default,Default,Default,Default,Default,Default,Default,Default,Default,Default,Default,Default,Default,Default,Default,Default,Default,Default,Default,Default,Default,Default,Default,Default,Default,Default,Default,Default,Default,Default,DefaultJob,DocumentCount=100000,1,Workload,Result,1,778702659,2048,380225.91,110,4,0,225480
AggregationBenchmarks.LeanCorpus_SearchWithStats,Rowles.LeanCorpus.Benchmarks,AggregationBenchmarks,LeanCorpus_SearchWithStats,DefaultJob,Default,Default,Default,Default,Default,Default,Default,Default,Default,Default,Default,Default,Default,Default,Default,Default,Default,Default,Default,Default,Default,Default,Default,Default,Default,Default,Default,Default,Default,Default,Default,Default,Default,Default,Default,Default,Default,Default,Default,Default,Default,DefaultJob,DocumentCount=100000,1,Workload,Result,2,774641452,2048,378242.9,110,4,0,225480
AggregationBenchmarks.LeanCorpus_SearchWithStats,Rowles.LeanCorpus.Benchmarks,AggregationBenchmarks,LeanCorpus_SearchWithStats,DefaultJob,Default,Default,Default,Default,Default,Default,Default,Default,Default,Default,Default,Default,Default,Default,Default,Default,Default,Default,Default,Default,Default,Default,Default,Default,Default,Default,Default,Default,Default,Default,Default,Default,Default,Default,Default,Default,Default,Default,Default,Default,Default,DefaultJob,DocumentCount=100000,1,Workload,Result,3,774238901,2048,378046.34,110,4,0,225480
AggregationBenchmarks.LeanCorpus_SearchWithStats,Rowles.LeanCorpus.Benchmarks,AggregationBenchmarks,LeanCorpus_SearchWithStats,DefaultJob,Default,Default,Default,Default,Default,Default,Default,Default,Default,Default,Default,Default,Default,Default,Default,Default,Default,Default,Default,Default,Default,Default,Default,Default,Default,Default,Default,Default,Default,Default,Default,Default,Default,Default,Default,Default,Default,Default,Default,Default,Default,DefaultJob,DocumentCount=100000,1,Workload,Result,4,776640884,2048,379219.18,110,4,0,225480
AggregationBenchmarks.LeanCorpus_SearchWithStats,Rowles.LeanCorpus.Benchmarks,AggregationBenchmarks,LeanCorpus_SearchWithStats,DefaultJob,Default,Default,Default,Default,Default,Default,Default,Default,Default,Default,Default,Default,Default,Default,Default,Default,Default,Default,Default,Default,Default,Default,Default,Default,Default,Default,Default,Default,Default,Default,Default,Default,Default,Default,Default,Default,Default,Default,Default,Default,Default,DefaultJob,DocumentCount=100000,1,Workload,Result,5,773777139,2048,377820.87,110,4,0,225480
AggregationBenchmarks.LeanCorpus_SearchWithStats,Rowles.LeanCorpus.Benchmarks,AggregationBenchmarks,LeanCorpus_SearchWithStats,DefaultJob,Default,Default,Default,Default,Default,Default,Default,Default,Default,Default,Default,Default,Default,Default,Default,Default,Default,Default,Default,Default,Default,Default,Default,Default,Default,Default,Default,Default,Default,Default,Default,Default,Default,Default,Default,Default,Default,Default,Default,Default,Default,DefaultJob,DocumentCount=100000,1,Workload,Result,6,770036425,2048,375994.35,110,4,0,225480
AggregationBenchmarks.LeanCorpus_SearchWithStats,Rowles.LeanCorpus.Benchmarks,AggregationBenchmarks,LeanCorpus_SearchWithStats,DefaultJob,Default,Default,Default,Default,Default,Default,Default,Default,Default,Default,Default,Default,Default,Default,Default,Default,Default,Default,Default,Default,Default,Default,Default,Default,Default,Default,Default,Default,Default,Default,Default,Default,Default,Default,Default,Default,Default,Default,Default,Default,Default,DefaultJob,DocumentCount=100000,1,Workload,Result,7,777626938,2048,379700.65,110,4,0,225480
AggregationBenchmarks.LeanCorpus_SearchWithStats,Rowles.LeanCorpus.Benchmarks,AggregationBenchmarks,LeanCorpus_SearchWithStats,DefaultJob,Default,Default,Default,Default,Default,Default,Default,Default,Default,Default,Default,Default,Default,Default,Default,Default,Default,Default,Default,Default,Default,Default,Default,Default,Default,Default,Default,Default,Default,Default,Default,Default,Default,Default,Default,Default,Default,Default,Default,Default,Default,DefaultJob,DocumentCount=100000,1,Workload,Result,8,777861745,2048,379815.31,110,4,0,225480
AggregationBenchmarks.LeanCorpus_SearchWithStats,Rowles.LeanCorpus.Benchmarks,AggregationBenchmarks,LeanCorpus_SearchWithStats,DefaultJob,Default,Default,Default,Default,Default,Default,Default,Default,Default,Default,Default,Default,Default,Default,Default,Default,Default,Default,Default,Default,Default,Default,Default,Default,Default,Default,Default,Default,Default,Default,Default,Default,Default,Default,Default,Default,Default,Default,Default,Default,Default,DefaultJob,DocumentCount=100000,1,Workload,Result,9,777781829,2048,379776.28,110,4,0,225480
AggregationBenchmarks.LeanCorpus_SearchWithStats,Rowles.LeanCorpus.Benchmarks,AggregationBenchmarks,LeanCorpus_SearchWithStats,DefaultJob,Default,Default,Default,Default,Default,Default,Default,Default,Default,Default,Default,Default,Default,Default,Default,Default,Default,Default,Default,Default,Default,Default,Default,Default,Default,Default,Default,Default,Default,Default,Default,Default,Default,Default,Default,Default,Default,Default,Default,Default,Default,DefaultJob,DocumentCount=100000,1,Workload,Result,10,778716616,2048,380232.72,110,4,0,225480
AggregationBenchmarks.LeanCorpus_SearchWithStats,Rowles.LeanCorpus.Benchmarks,AggregationBenchmarks,LeanCorpus_SearchWithStats,DefaultJob,Default,Default,Default,Default,Default,Default,Default,Default,Default,Default,Default,Default,Default,Default,Default,Default,Default,Default,Default,Default,Default,Default,Default,Default,Default,Default,Default,Default,Default,Default,Default,Default,Default,Default,Default,Default,Default,Default,Default,Default,Default,DefaultJob,DocumentCount=100000,1,Workload,Result,11,777539983,2048,379658.19,110,4,0,225480
AggregationBenchmarks.LeanCorpus_SearchWithStats,Rowles.LeanCorpus.Benchmarks,AggregationBenchmarks,LeanCorpus_SearchWithStats,DefaultJob,Default,Default,Default,Default,Default,Default,Default,Default,Default,Default,Default,Default,Default,Default,Default,Default,Default,Default,Default,Default,Default,Default,Default,Default,Default,Default,Default,Default,Default,Default,Default,Default,Default,Default,Default,Default,Default,Default,Default,Default,Default,DefaultJob,DocumentCount=100000,1,Workload,Result,12,779138578,2048,380438.76,110,4,0,225480
AggregationBenchmarks.LeanCorpus_SearchWithStats,Rowles.LeanCorpus.Benchmarks,AggregationBenchmarks,LeanCorpus_SearchWithStats,DefaultJob,Default,Default,Default,Default,Default,Default,Default,Default,Default,Default,Default,Default,Default,Default,Default,Default,Default,Default,Default,Default,Default,Default,Default,Default,Default,Default,Default,Default,Default,Default,Default,Default,Default,Default,Default,Default,Default,Default,Default,Default,Default,DefaultJob,DocumentCount=100000,1,Workload,Result,13,776971123,2048,379380.43,110,4,0,225480
AggregationBenchmarks.LeanCorpus_SearchWithStats,Rowles.LeanCorpus.Benchmarks,AggregationBenchmarks,LeanCorpus_SearchWithStats,DefaultJob,Default,Default,Default,Default,Default,Default,Default,Default,Default,Default,Default,Default,Default,Default,Default,Default,Default,Default,Default,Default,Default,Default,Default,Default,Default,Default,Default,Default,Default,Default,Default,Default,Default,Default,Default,Default,Default,Default,Default,Default,Default,DefaultJob,DocumentCount=100000,1,Workload,Result,14,777381822,2048,379580.97,110,4,0,225480
AggregationBenchmarks.LeanCorpus_SearchWithStats,Rowles.LeanCorpus.Benchmarks,AggregationBenchmarks,LeanCorpus_SearchWithStats,DefaultJob,Default,Default,Default,Default,Default,Default,Default,Default,Default,Default,Default,Default,Default,Default,Default,Default,Default,Default,Default,Default,Default,Default,Default,Default,Default,Default,Default,Default,Default,Default,Default,Default,Default,Default,Default,Default,Default,Default,Default,Default,Default,DefaultJob,DocumentCount=100000,1,Workload,Result,15,777424784,2048,379601.95,110,4,0,225480
AggregationBenchmarks.LeanCorpus_SearchWithHistogram,Rowles.LeanCorpus.Benchmarks,AggregationBenchmarks,LeanCorpus_SearchWithHistogram,DefaultJob,Default,Default,Default,Default,Default,Default,Default,Default,Default,Default,Default,Default,Default,Default,Default,Default,Default,Default,Default,Default,Default,Default,Default,Default,Default,Default,Default,Default,Default,Default,Default,Default,Default,Default,Default,Default,Default,Default,Default,Default,Default,DefaultJob,DocumentCount=100000,1,Workload,Jitting,1,49575285,1,49575285,130,0,0,265800
AggregationBenchmarks.LeanCorpus_SearchWithHistogram,Rowles.LeanCorpus.Benchmarks,AggregationBenchmarks,LeanCorpus_SearchWithHistogram,DefaultJob,Default,Default,Default,Default,Default,Default,Default,Default,Default,Default,Default,Default,Default,Default,Default,Default,Default,Default,Default,Default,Default,Default,Default,Default,Default,Default,Default,Default,Default,Default,Default,Default,Default,Default,Default,Default,Default,Default,Default,Default,Default,DefaultJob,DocumentCount=100000,1,Workload,Jitting,2,53432340,30,1781078,130,0,0,265800
AggregationBenchmarks.LeanCorpus_SearchWithHistogram,Rowles.LeanCorpus.Benchmarks,AggregationBenchmarks,LeanCorpus_SearchWithHistogram,DefaultJob,Default,Default,Default,Default,Default,Default,Default,Default,Default,Default,Default,Default,Default,Default,Default,Default,Default,Default,Default,Default,Default,Default,Default,Default,Default,Default,Default,Default,Default,Default,Default,Default,Default,Default,Default,Default,Default,Default,Default,Default,Default,DefaultJob,DocumentCount=100000,1,Workload,Jitting,3,45621357,30,1520711.9,130,0,0,265800
AggregationBenchmarks.LeanCorpus_SearchWithHistogram,Rowles.LeanCorpus.Benchmarks,AggregationBenchmarks,LeanCorpus_SearchWithHistogram,DefaultJob,Default,Default,Default,Default,Default,Default,Default,Default,Default,Default,Default,Default,Default,Default,Default,Default,Default,Default,Default,Default,Default,Default,Default,Default,Default,Default,Default,Default,Default,Default,Default,Default,Default,Default,Default,Default,Default,Default,Default,Default,Default,DefaultJob,DocumentCount=100000,1,Workload,Jitting,4,13303037,30,443434.57,130,0,0,265800
AggregationBenchmarks.LeanCorpus_SearchWithHistogram,Rowles.LeanCorpus.Benchmarks,AggregationBenchmarks,LeanCorpus_SearchWithHistogram,DefaultJob,Default,Default,Default,Default,Default,Default,Default,Default,Default,Default,Default,Default,Default,Default,Default,Default,Default,Default,Default,Default,Default,Default,Default,Default,Default,Default,Default,Default,Default,Default,Default,Default,Default,Default,Default,Default,Default,Default,Default,Default,Default,DefaultJob,DocumentCount=100000,1,Workload,Jitting,5,699177,1,699177,130,0,0,265800
AggregationBenchmarks.LeanCorpus_SearchWithHistogram,Rowles.LeanCorpus.Benchmarks,AggregationBenchmarks,LeanCorpus_SearchWithHistogram,DefaultJob,Default,Default,Default,Default,Default,Default,Default,Default,Default,Default,Default,Default,Default,Default,Default,Default,Default,Default,Default,Default,Default,Default,Default,Default,Default,Default,Default,Default,Default,Default,Default,Default,Default,Default,Default,Default,Default,Default,Default,Default,Default,DefaultJob,DocumentCount=100000,1,Workload,Pilot,1,687344,1,687344,130,0,0,265800
AggregationBenchmarks.LeanCorpus_SearchWithHistogram,Rowles.LeanCorpus.Benchmarks,AggregationBenchmarks,LeanCorpus_SearchWithHistogram,DefaultJob,Default,Default,Default,Default,Default,Default,Default,Default,Default,Default,Default,Default,Default,Default,Default,Default,Default,Default,Default,Default,Default,Default,Default,Default,Default,Default,Default,Default,Default,Default,Default,Default,Default,Default,Default,Default,Default,Default,Default,Default,Default,DefaultJob,DocumentCount=100000,1,Workload,Pilot,1,11384052,16,711503.25,130,0,0,265800
AggregationBenchmarks.LeanCorpus_SearchWithHistogram,Rowles.LeanCorpus.Benchmarks,AggregationBenchmarks,LeanCorpus_SearchWithHistogram,DefaultJob,Default,Default,Default,Default,Default,Default,Default,Default,Default,Default,Default,Default,Default,Default,Default,Default,Default,Default,Default,Default,Default,Default,Default,Default,Default,Default,Default,Default,Default,Default,Default,Default,Default,Default,Default,Default,Default,Default,Default,Default,Default,DefaultJob,DocumentCount=100000,1,Workload,Pilot,2,16558533,32,517454.16,130,0,0,265800
AggregationBenchmarks.LeanCorpus_SearchWithHistogram,Rowles.LeanCorpus.Benchmarks,AggregationBenchmarks,LeanCorpus_SearchWithHistogram,DefaultJob,Default,Default,Default,Default,Default,Default,Default,Default,Default,Default,Default,Default,Default,Default,Default,Default,Default,Default,Default,Default,Default,Default,Default,Default,Default,Default,Default,Default,Default,Default,Default,Default,Default,Default,Default,Default,Default,Default,Default,Default,Default,DefaultJob,DocumentCount=100000,1,Workload,Pilot,3,27773185,64,433956.02,130,0,0,265800
AggregationBenchmarks.LeanCorpus_SearchWithHistogram,Rowles.LeanCorpus.Benchmarks,AggregationBenchmarks,LeanCorpus_SearchWithHistogram,DefaultJob,Default,Default,Default,Default,Default,Default,Default,Default,Default,Default,Default,Default,Default,Default,Default,Default,Default,Default,Default,Default,Default,Default,Default,Default,Default,Default,Default,Default,Default,Default,Default,Default,Default,Default,Default,Default,Default,Default,Default,Default,Default,DefaultJob,DocumentCount=100000,1,Workload,Pilot,4,56657835,128,442639.34,130,0,0,265800
AggregationBenchmarks.LeanCorpus_SearchWithHistogram,Rowles.LeanCorpus.Benchmarks,AggregationBenchmarks,LeanCorpus_SearchWithHistogram,DefaultJob,Default,Default,Default,Default,Default,Default,Default,Default,Default,Default,Default,Default,Default,Default,Default,Default,Default,Default,Default,Default,Default,Default,Default,Default,Default,Default,Default,Default,Default,Default,Default,Default,Default,Default,Default,Default,Default,Default,Default,Default,Default,DefaultJob,DocumentCount=100000,1,Workload,Pilot,5,109819211,256,428981.29,130,0,0,265800
AggregationBenchmarks.LeanCorpus_SearchWithHistogram,Rowles.LeanCorpus.Benchmarks,AggregationBenchmarks,LeanCorpus_SearchWithHistogram,DefaultJob,Default,Default,Default,Default,Default,Default,Default,Default,Default,Default,Default,Default,Default,Default,Default,Default,Default,Default,Default,Default,Default,Default,Default,Default,Default,Default,Default,Default,Default,Default,Default,Default,Default,Default,Default,Default,Default,Default,Default,Default,Default,DefaultJob,DocumentCount=100000,1,Workload,Pilot,6,218002055,512,425785.26,130,0,0,265800
AggregationBenchmarks.LeanCorpus_SearchWithHistogram,Rowles.LeanCorpus.Benchmarks,AggregationBenchmarks,LeanCorpus_SearchWithHistogram,DefaultJob,Default,Default,Default,Default,Default,Default,Default,Default,Default,Default,Default,Default,Default,Default,Default,Default,Default,Default,Default,Default,Default,Default,Default,Default,Default,Default,Default,Default,Default,Default,Default,Default,Default,Default,Default,Default,Default,Default,Default,Default,Default,DefaultJob,DocumentCount=100000,1,Workload,Pilot,7,436281788,1024,426056.43,130,0,0,265800
AggregationBenchmarks.LeanCorpus_SearchWithHistogram,Rowles.LeanCorpus.Benchmarks,AggregationBenchmarks,LeanCorpus_SearchWithHistogram,DefaultJob,Default,Default,Default,Default,Default,Default,Default,Default,Default,Default,Default,Default,Default,Default,Default,Default,Default,Default,Default,Default,Default,Default,Default,Default,Default,Default,Default,Default,Default,Default,Default,Default,Default,Default,Default,Default,Default,Default,Default,Default,Default,DefaultJob,DocumentCount=100000,1,Workload,Pilot,8,867211088,2048,423442.91,130,0,0,265800
AggregationBenchmarks.LeanCorpus_SearchWithHistogram,Rowles.LeanCorpus.Benchmarks,AggregationBenchmarks,LeanCorpus_SearchWithHistogram,DefaultJob,Default,Default,Default,Default,Default,Default,Default,Default,Default,Default,Default,Default,Default,Default,Default,Default,Default,Default,Default,Default,Default,Default,Default,Default,Default,Default,Default,Default,Default,Default,Default,Default,Default,Default,Default,Default,Default,Default,Default,Default,Default,DefaultJob,DocumentCount=100000,1,Workload,Warmup,1,866832925,2048,423258.26,130,0,0,265800
AggregationBenchmarks.LeanCorpus_SearchWithHistogram,Rowles.LeanCorpus.Benchmarks,AggregationBenchmarks,LeanCorpus_SearchWithHistogram,DefaultJob,Default,Default,Default,Default,Default,Default,Default,Default,Default,Default,Default,Default,Default,Default,Default,Default,Default,Default,Default,Default,Default,Default,Default,Default,Default,Default,Default,Default,Default,Default,Default,Default,Default,Default,Default,Default,Default,Default,Default,Default,Default,DefaultJob,DocumentCount=100000,1,Workload,Warmup,2,865307759,2048,422513.55,130,0,0,265800
AggregationBenchmarks.LeanCorpus_SearchWithHistogram,Rowles.LeanCorpus.Benchmarks,AggregationBenchmarks,LeanCorpus_SearchWithHistogram,DefaultJob,Default,Default,Default,Default,Default,Default,Default,Default,Default,Default,Default,Default,Default,Default,Default,Default,Default,Default,Default,Default,Default,Default,Default,Default,Default,Default,Default,Default,Default,Default,Default,Default,Default,Default,Default,Default,Default,Default,Default,Default,Default,DefaultJob,DocumentCount=100000,1,Workload,Warmup,3,863672019,2048,421714.85,130,0,0,265800
AggregationBenchmarks.LeanCorpus_SearchWithHistogram,Rowles.LeanCorpus.Benchmarks,AggregationBenchmarks,LeanCorpus_SearchWithHistogram,DefaultJob,Default,Default,Default,Default,Default,Default,Default,Default,Default,Default,Default,Default,Default,Default,Default,Default,Default,Default,Default,Default,Default,Default,Default,Default,Default,Default,Default,Default,Default,Default,Default,Default,Default,Default,Default,Default,Default,Default,Default,Default,Default,DefaultJob,DocumentCount=100000,1,Workload,Warmup,4,864927778,2048,422328.02,130,0,0,265800
AggregationBenchmarks.LeanCorpus_SearchWithHistogram,Rowles.LeanCorpus.Benchmarks,AggregationBenchmarks,LeanCorpus_SearchWithHistogram,DefaultJob,Default,Default,Default,Default,Default,Default,Default,Default,Default,Default,Default,Default,Default,Default,Default,Default,Default,Default,Default,Default,Default,Default,Default,Default,Default,Default,Default,Default,Default,Default,Default,Default,Default,Default,Default,Default,Default,Default,Default,Default,Default,DefaultJob,DocumentCount=100000,1,Workload,Warmup,5,866247687,2048,422972.5,130,0,0,265800
AggregationBenchmarks.LeanCorpus_SearchWithHistogram,Rowles.LeanCorpus.Benchmarks,AggregationBenchmarks,LeanCorpus_SearchWithHistogram,DefaultJob,Default,Default,Default,Default,Default,Default,Default,Default,Default,Default,Default,Default,Default,Default,Default,Default,Default,Default,Default,Default,Default,Default,Default,Default,Default,Default,Default,Default,Default,Default,Default,Default,Default,Default,Default,Default,Default,Default,Default,Default,Default,DefaultJob,DocumentCount=100000,1,Workload,Warmup,6,853009621,2048,416508.6,130,0,0,265800
AggregationBenchmarks.LeanCorpus_SearchWithHistogram,Rowles.LeanCorpus.Benchmarks,AggregationBenchmarks,LeanCorpus_SearchWithHistogram,DefaultJob,Default,Default,Default,Default,Default,Default,Default,Default,Default,Default,Default,Default,Default,Default,Default,Default,Default,Default,Default,Default,Default,Default,Default,Default,Default,Default,Default,Default,Default,Default,Default,Default,Default,Default,Default,Default,Default,Default,Default,Default,Default,DefaultJob,DocumentCount=100000,1,Workload,Warmup,7,857690059,2048,418793.97,130,0,0,265800
AggregationBenchmarks.LeanCorpus_SearchWithHistogram,Rowles.LeanCorpus.Benchmarks,AggregationBenchmarks,LeanCorpus_SearchWithHistogram,DefaultJob,Default,Default,Default,Default,Default,Default,Default,Default,Default,Default,Default,Default,Default,Default,Default,Default,Default,Default,Default,Default,Default,Default,Default,Default,Default,Default,Default,Default,Default,Default,Default,Default,Default,Default,Default,Default,Default,Default,Default,Default,Default,DefaultJob,DocumentCount=100000,1,Workload,Warmup,8,866658924,2048,423173.3,130,0,0,265800
AggregationBenchmarks.LeanCorpus_SearchWithHistogram,Rowles.LeanCorpus.Benchmarks,AggregationBenchmarks,LeanCorpus_SearchWithHistogram,DefaultJob,Default,Default,Default,Default,Default,Default,Default,Default,Default,Default,Default,Default,Default,Default,Default,Default,Default,Default,Default,Default,Default,Default,Default,Default,Default,Default,Default,Default,Default,Default,Default,Default,Default,Default,Default,Default,Default,Default,Default,Default,Default,DefaultJob,DocumentCount=100000,1,Workload,Warmup,9,865861396,2048,422783.88,130,0,0,265800
AggregationBenchmarks.LeanCorpus_SearchWithHistogram,Rowles.LeanCorpus.Benchmarks,AggregationBenchmarks,LeanCorpus_SearchWithHistogram,DefaultJob,Default,Default,Default,Default,Default,Default,Default,Default,Default,Default,Default,Default,Default,Default,Default,Default,Default,Default,Default,Default,Default,Default,Default,Default,Default,Default,Default,Default,Default,Default,Default,Default,Default,Default,Default,Default,Default,Default,Default,Default,Default,DefaultJob,DocumentCount=100000,1,Workload,Actual,1,867004890,2048,423342.23,130,0,0,265800
AggregationBenchmarks.LeanCorpus_SearchWithHistogram,Rowles.LeanCorpus.Benchmarks,AggregationBenchmarks,LeanCorpus_SearchWithHistogram,DefaultJob,Default,Default,Default,Default,Default,Default,Default,Default,Default,Default,Default,Default,Default,Default,Default,Default,Default,Default,Default,Default,Default,Default,Default,Default,Default,Default,Default,Default,Default,Default,Default,Default,Default,Default,Default,Default,Default,Default,Default,Default,Default,DefaultJob,DocumentCount=100000,1,Workload,Actual,2,865439236,2048,422577.75,130,0,0,265800
AggregationBenchmarks.LeanCorpus_SearchWithHistogram,Rowles.LeanCorpus.Benchmarks,AggregationBenchmarks,LeanCorpus_SearchWithHistogram,DefaultJob,Default,Default,Default,Default,Default,Default,Default,Default,Default,Default,Default,Default,Default,Default,Default,Default,Default,Default,Default,Default,Default,Default,Default,Default,Default,Default,Default,Default,Default,Default,Default,Default,Default,Default,Default,Default,Default,Default,Default,Default,Default,DefaultJob,DocumentCount=100000,1,Workload,Actual,3,860100220,2048,419970.81,130,0,0,265800
AggregationBenchmarks.LeanCorpus_SearchWithHistogram,Rowles.LeanCorpus.Benchmarks,AggregationBenchmarks,LeanCorpus_SearchWithHistogram,DefaultJob,Default,Default,Default,Default,Default,Default,Default,Default,Default,Default,Default,Default,Default,Default,Default,Default,Default,Default,Default,Default,Default,Default,Default,Default,Default,Default,Default,Default,Default,Default,Default,Default,Default,Default,Default,Default,Default,Default,Default,Default,Default,DefaultJob,DocumentCount=100000,1,Workload,Actual,4,869400559,2048,424511.99,130,0,0,265800
AggregationBenchmarks.LeanCorpus_SearchWithHistogram,Rowles.LeanCorpus.Benchmarks,AggregationBenchmarks,LeanCorpus_SearchWithHistogram,DefaultJob,Default,Default,Default,Default,Default,Default,Default,Default,Default,Default,Default,Default,Default,Default,Default,Default,Default,Default,Default,Default,Default,Default,Default,Default,Default,Default,Default,Default,Default,Default,Default,Default,Default,Default,Default,Default,Default,Default,Default,Default,Default,DefaultJob,DocumentCount=100000,1,Workload,Actual,5,869103101,2048,424366.75,130,0,0,265800
AggregationBenchmarks.LeanCorpus_SearchWithHistogram,Rowles.LeanCorpus.Benchmarks,AggregationBenchmarks,LeanCorpus_SearchWithHistogram,DefaultJob,Default,Default,Default,Default,Default,Default,Default,Default,Default,Default,Default,Default,Default,Default,Default,Default,Default,Default,Default,Default,Default,Default,Default,Default,Default,Default,Default,Default,Default,Default,Default,Default,Default,Default,Default,Default,Default,Default,Default,Default,Default,DefaultJob,DocumentCount=100000,1,Workload,Actual,6,869362973,2048,424493.64,130,0,0,265800
AggregationBenchmarks.LeanCorpus_SearchWithHistogram,Rowles.LeanCorpus.Benchmarks,AggregationBenchmarks,LeanCorpus_SearchWithHistogram,DefaultJob,Default,Default,Default,Default,Default,Default,Default,Default,Default,Default,Default,Default,Default,Default,Default,Default,Default,Default,Default,Default,Default,Default,Default,Default,Default,Default,Default,Default,Default,Default,Default,Default,Default,Default,Default,Default,Default,Default,Default,Default,Default,DefaultJob,DocumentCount=100000,1,Workload,Actual,7,865630635,2048,422671.21,130,0,0,265800
AggregationBenchmarks.LeanCorpus_SearchWithHistogram,Rowles.LeanCorpus.Benchmarks,AggregationBenchmarks,LeanCorpus_SearchWithHistogram,DefaultJob,Default,Default,Default,Default,Default,Default,Default,Default,Default,Default,Default,Default,Default,Default,Default,Default,Default,Default,Default,Default,Default,Default,Default,Default,Default,Default,Default,Default,Default,Default,Default,Default,Default,Default,Default,Default,Default,Default,Default,Default,Default,DefaultJob,DocumentCount=100000,1,Workload,Actual,8,867618270,2048,423641.73,130,0,0,265800
AggregationBenchmarks.LeanCorpus_SearchWithHistogram,Rowles.LeanCorpus.Benchmarks,AggregationBenchmarks,LeanCorpus_SearchWithHistogram,DefaultJob,Default,Default,Default,Default,Default,Default,Default,Default,Default,Default,Default,Default,Default,Default,Default,Default,Default,Default,Default,Default,Default,Default,Default,Default,Default,Default,Default,Default,Default,Default,Default,Default,Default,Default,Default,Default,Default,Default,Default,Default,Default,DefaultJob,DocumentCount=100000,1,Workload,Actual,9,860291142,2048,420064.03,130,0,0,265800
AggregationBenchmarks.LeanCorpus_SearchWithHistogram,Rowles.LeanCorpus.Benchmarks,AggregationBenchmarks,LeanCorpus_SearchWithHistogram,DefaultJob,Default,Default,Default,Default,Default,Default,Default,Default,Default,Default,Default,Default,Default,Default,Default,Default,Default,Default,Default,Default,Default,Default,Default,Default,Default,Default,Default,Default,Default,Default,Default,Default,Default,Default,Default,Default,Default,Default,Default,Default,Default,DefaultJob,DocumentCount=100000,1,Workload,Actual,10,853650332,2048,416821.45,130,0,0,265800
AggregationBenchmarks.LeanCorpus_SearchWithHistogram,Rowles.LeanCorpus.Benchmarks,AggregationBenchmarks,LeanCorpus_SearchWithHistogram,DefaultJob,Default,Default,Default,Default,Default,Default,Default,Default,Default,Default,Default,Default,Default,Default,Default,Default,Default,Default,Default,Default,Default,Default,Default,Default,Default,Default,Default,Default,Default,Default,Default,Default,Default,Default,Default,Default,Default,Default,Default,Default,Default,DefaultJob,DocumentCount=100000,1,Workload,Actual,11,868371649,2048,424009.59,130,0,0,265800
AggregationBenchmarks.LeanCorpus_SearchWithHistogram,Rowles.LeanCorpus.Benchmarks,AggregationBenchmarks,LeanCorpus_SearchWithHistogram,DefaultJob,Default,Default,Default,Default,Default,Default,Default,Default,Default,Default,Default,Default,Default,Default,Default,Default,Default,Default,Default,Default,Default,Default,Default,Default,Default,Default,Default,Default,Default,Default,Default,Default,Default,Default,Default,Default,Default,Default,Default,Default,Default,DefaultJob,DocumentCount=100000,1,Workload,Actual,12,870981817,2048,425284.09,130,0,0,265800
AggregationBenchmarks.LeanCorpus_SearchWithHistogram,Rowles.LeanCorpus.Benchmarks,AggregationBenchmarks,LeanCorpus_SearchWithHistogram,DefaultJob,Default,Default,Default,Default,Default,Default,Default,Default,Default,Default,Default,Default,Default,Default,Default,Default,Default,Default,Default,Default,Default,Default,Default,Default,Default,Default,Default,Default,Default,Default,Default,Default,Default,Default,Default,Default,Default,Default,Default,Default,Default,DefaultJob,DocumentCount=100000,1,Workload,Actual,13,861345705,2048,420578.96,130,0,0,265800
AggregationBenchmarks.LeanCorpus_SearchWithHistogram,Rowles.LeanCorpus.Benchmarks,AggregationBenchmarks,LeanCorpus_SearchWithHistogram,DefaultJob,Default,Default,Default,Default,Default,Default,Default,Default,Default,Default,Default,Default,Default,Default,Default,Default,Default,Default,Default,Default,Default,Default,Default,Default,Default,Default,Default,Default,Default,Default,Default,Default,Default,Default,Default,Default,Default,Default,Default,Default,Default,DefaultJob,DocumentCount=100000,1,Workload,Actual,14,866539839,2048,423115.16,130,0,0,265800
AggregationBenchmarks.LeanCorpus_SearchWithHistogram,Rowles.LeanCorpus.Benchmarks,AggregationBenchmarks,LeanCorpus_SearchWithHistogram,DefaultJob,Default,Default,Default,Default,Default,Default,Default,Default,Default,Default,Default,Default,Default,Default,Default,Default,Default,Default,Default,Default,Default,Default,Default,Default,Default,Default,Default,Default,Default,Default,Default,Default,Default,Default,Default,Default,Default,Default,Default,Default,Default,DefaultJob,DocumentCount=100000,1,Workload,Actual,15,866385230,2048,423039.66,130,0,0,265800
AggregationBenchmarks.LeanCorpus_SearchWithHistogram,Rowles.LeanCorpus.Benchmarks,AggregationBenchmarks,LeanCorpus_SearchWithHistogram,DefaultJob,Default,Default,Default,Default,Default,Default,Default,Default,Default,Default,Default,Default,Default,Default,Default,Default,Default,Default,Default,Default,Default,Default,Default,Default,Default,Default,Default,Default,Default,Default,Default,Default,Default,Default,Default,Default,Default,Default,Default,Default,Default,DefaultJob,DocumentCount=100000,1,Workload,Extra,1,854570134,2048,417270.57,130,0,0,265800
AggregationBenchmarks.LeanCorpus_SearchWithHistogram,Rowles.LeanCorpus.Benchmarks,AggregationBenchmarks,LeanCorpus_SearchWithHistogram,DefaultJob,Default,Default,Default,Default,Default,Default,Default,Default,Default,Default,Default,Default,Default,Default,Default,Default,Default,Default,Default,Default,Default,Default,Default,Default,Default,Default,Default,Default,Default,Default,Default,Default,Default,Default,Default,Default,Default,Default,Default,Default,Default,DefaultJob,DocumentCount=100000,1,Workload,Result,1,867004890,2048,423342.23,130,0,0,265800
AggregationBenchmarks.LeanCorpus_SearchWithHistogram,Rowles.LeanCorpus.Benchmarks,AggregationBenchmarks,LeanCorpus_SearchWithHistogram,DefaultJob,Default,Default,Default,Default,Default,Default,Default,Default,Default,Default,Default,Default,Default,Default,Default,Default,Default,Default,Default,Default,Default,Default,Default,Default,Default,Default,Default,Default,Default,Default,Default,Default,Default,Default,Default,Default,Default,Default,Default,Default,Default,DefaultJob,DocumentCount=100000,1,Workload,Result,2,865439236,2048,422577.75,130,0,0,265800
AggregationBenchmarks.LeanCorpus_SearchWithHistogram,Rowles.LeanCorpus.Benchmarks,AggregationBenchmarks,LeanCorpus_SearchWithHistogram,DefaultJob,Default,Default,Default,Default,Default,Default,Default,Default,Default,Default,Default,Default,Default,Default,Default,Default,Default,Default,Default,Default,Default,Default,Default,Default,Default,Default,Default,Default,Default,Default,Default,Default,Default,Default,Default,Default,Default,Default,Default,Default,Default,DefaultJob,DocumentCount=100000,1,Workload,Result,3,860100220,2048,419970.81,130,0,0,265800
AggregationBenchmarks.LeanCorpus_SearchWithHistogram,Rowles.LeanCorpus.Benchmarks,AggregationBenchmarks,LeanCorpus_SearchWithHistogram,DefaultJob,Default,Default,Default,Default,Default,Default,Default,Default,Default,Default,Default,Default,Default,Default,Default,Default,Default,Default,Default,Default,Default,Default,Default,Default,Default,Default,Default,Default,Default,Default,Default,Default,Default,Default,Default,Default,Default,Default,Default,Default,Default,DefaultJob,DocumentCount=100000,1,Workload,Result,4,869400559,2048,424511.99,130,0,0,265800
AggregationBenchmarks.LeanCorpus_SearchWithHistogram,Rowles.LeanCorpus.Benchmarks,AggregationBenchmarks,LeanCorpus_SearchWithHistogram,DefaultJob,Default,Default,Default,Default,Default,Default,Default,Default,Default,Default,Default,Default,Default,Default,Default,Default,Default,Default,Default,Default,Default,Default,Default,Default,Default,Default,Default,Default,Default,Default,Default,Default,Default,Default,Default,Default,Default,Default,Default,Default,Default,DefaultJob,DocumentCount=100000,1,Workload,Result,5,869103101,2048,424366.75,130,0,0,265800
AggregationBenchmarks.LeanCorpus_SearchWithHistogram,Rowles.LeanCorpus.Benchmarks,AggregationBenchmarks,LeanCorpus_SearchWithHistogram,DefaultJob,Default,Default,Default,Default,Default,Default,Default,Default,Default,Default,Default,Default,Default,Default,Default,Default,Default,Default,Default,Default,Default,Default,Default,Default,Default,Default,Default,Default,Default,Default,Default,Default,Default,Default,Default,Default,Default,Default,Default,Default,Default,DefaultJob,DocumentCount=100000,1,Workload,Result,6,869362973,2048,424493.64,130,0,0,265800
AggregationBenchmarks.LeanCorpus_SearchWithHistogram,Rowles.LeanCorpus.Benchmarks,AggregationBenchmarks,LeanCorpus_SearchWithHistogram,DefaultJob,Default,Default,Default,Default,Default,Default,Default,Default,Default,Default,Default,Default,Default,Default,Default,Default,Default,Default,Default,Default,Default,Default,Default,Default,Default,Default,Default,Default,Default,Default,Default,Default,Default,Default,Default,Default,Default,Default,Default,Default,Default,DefaultJob,DocumentCount=100000,1,Workload,Result,7,865630635,2048,422671.21,130,0,0,265800
AggregationBenchmarks.LeanCorpus_SearchWithHistogram,Rowles.LeanCorpus.Benchmarks,AggregationBenchmarks,LeanCorpus_SearchWithHistogram,DefaultJob,Default,Default,Default,Default,Default,Default,Default,Default,Default,Default,Default,Default,Default,Default,Default,Default,Default,Default,Default,Default,Default,Default,Default,Default,Default,Default,Default,Default,Default,Default,Default,Default,Default,Default,Default,Default,Default,Default,Default,Default,Default,DefaultJob,DocumentCount=100000,1,Workload,Result,8,867618270,2048,423641.73,130,0,0,265800
AggregationBenchmarks.LeanCorpus_SearchWithHistogram,Rowles.LeanCorpus.Benchmarks,AggregationBenchmarks,LeanCorpus_SearchWithHistogram,DefaultJob,Default,Default,Default,Default,Default,Default,Default,Default,Default,Default,Default,Default,Default,Default,Default,Default,Default,Default,Default,Default,Default,Default,Default,Default,Default,Default,Default,Default,Default,Default,Default,Default,Default,Default,Default,Default,Default,Default,Default,Default,Default,DefaultJob,DocumentCount=100000,1,Workload,Result,9,860291142,2048,420064.03,130,0,0,265800
AggregationBenchmarks.LeanCorpus_SearchWithHistogram,Rowles.LeanCorpus.Benchmarks,AggregationBenchmarks,LeanCorpus_SearchWithHistogram,DefaultJob,Default,Default,Default,Default,Default,Default,Default,Default,Default,Default,Default,Default,Default,Default,Default,Default,Default,Default,Default,Default,Default,Default,Default,Default,Default,Default,Default,Default,Default,Default,Default,Default,Default,Default,Default,Default,Default,Default,Default,Default,Default,DefaultJob,DocumentCount=100000,1,Workload,Result,10,853650332,2048,416821.45,130,0,0,265800
AggregationBenchmarks.LeanCorpus_SearchWithHistogram,Rowles.LeanCorpus.Benchmarks,AggregationBenchmarks,LeanCorpus_SearchWithHistogram,DefaultJob,Default,Default,Default,Default,Default,Default,Default,Default,Default,Default,Default,Default,Default,Default,Default,Default,Default,Default,Default,Default,Default,Default,Default,Default,Default,Default,Default,Default,Default,Default,Default,Default,Default,Default,Default,Default,Default,Default,Default,Default,Default,DefaultJob,DocumentCount=100000,1,Workload,Result,11,868371649,2048,424009.59,130,0,0,265800
AggregationBenchmarks.LeanCorpus_SearchWithHistogram,Rowles.LeanCorpus.Benchmarks,AggregationBenchmarks,LeanCorpus_SearchWithHistogram,DefaultJob,Default,Default,Default,Default,Default,Default,Default,Default,Default,Default,Default,Default,Default,Default,Default,Default,Default,Default,Default,Default,Default,Default,Default,Default,Default,Default,Default,Default,Default,Default,Default,Default,Default,Default,Default,Default,Default,Default,Default,Default,Default,DefaultJob,DocumentCount=100000,1,Workload,Result,12,870981817,2048,425284.09,130,0,0,265800
AggregationBenchmarks.LeanCorpus_SearchWithHistogram,Rowles.LeanCorpus.Benchmarks,AggregationBenchmarks,LeanCorpus_SearchWithHistogram,DefaultJob,Default,Default,Default,Default,Default,Default,Default,Default,Default,Default,Default,Default,Default,Default,Default,Default,Default,Default,Default,Default,Default,Default,Default,Default,Default,Default,Default,Default,Default,Default,Default,Default,Default,Default,Default,Default,Default,Default,Default,Default,Default,DefaultJob,DocumentCount=100000,1,Workload,Result,13,861345705,2048,420578.96,130,0,0,265800
AggregationBenchmarks.LeanCorpus_SearchWithHistogram,Rowles.LeanCorpus.Benchmarks,AggregationBenchmarks,LeanCorpus_SearchWithHistogram,DefaultJob,Default,Default,Default,Default,Default,Default,Default,Default,Default,Default,Default,Default,Default,Default,Default,Default,Default,Default,Default,Default,Default,Default,Default,Default,Default,Default,Default,Default,Default,Default,Default,Default,Default,Default,Default,Default,Default,Default,Default,Default,Default,DefaultJob,DocumentCount=100000,1,Workload,Result,14,866539839,2048,423115.16,130,0,0,265800
AggregationBenchmarks.LeanCorpus_SearchWithHistogram,Rowles.LeanCorpus.Benchmarks,AggregationBenchmarks,LeanCorpus_SearchWithHistogram,DefaultJob,Default,Default,Default,Default,Default,Default,Default,Default,Default,Default,Default,Default,Default,Default,Default,Default,Default,Default,Default,Default,Default,Default,Default,Default,Default,Default,Default,Default,Default,Default,Default,Default,Default,Default,Default,Default,Default,Default,Default,Default,Default,DefaultJob,DocumentCount=100000,1,Workload,Result,15,866385230,2048,423039.66,130,0,0,265800
AggregationBenchmarks.LeanCorpus_SearchWithStatsAndHistogram,Rowles.LeanCorpus.Benchmarks,AggregationBenchmarks,LeanCorpus_SearchWithStatsAndHistogram,DefaultJob,Default,Default,Default,Default,Default,Default,Default,Default,Default,Default,Default,Default,Default,Default,Default,Default,Default,Default,Default,Default,Default,Default,Default,Default,Default,Default,Default,Default,Default,Default,Default,Default,Default,Default,Default,Default,Default,Default,Default,Default,Default,DefaultJob,DocumentCount=100000,1,Workload,Jitting,1,51231673,1,51231673,103,0,0,424392
AggregationBenchmarks.LeanCorpus_SearchWithStatsAndHistogram,Rowles.LeanCorpus.Benchmarks,AggregationBenchmarks,LeanCorpus_SearchWithStatsAndHistogram,DefaultJob,Default,Default,Default,Default,Default,Default,Default,Default,Default,Default,Default,Default,Default,Default,Default,Default,Default,Default,Default,Default,Default,Default,Default,Default,Default,Default,Default,Default,Default,Default,Default,Default,Default,Default,Default,Default,Default,Default,Default,Default,Default,DefaultJob,DocumentCount=100000,1,Workload,Jitting,2,97318843,30,3243961.43,103,0,0,424392
AggregationBenchmarks.LeanCorpus_SearchWithStatsAndHistogram,Rowles.LeanCorpus.Benchmarks,AggregationBenchmarks,LeanCorpus_SearchWithStatsAndHistogram,DefaultJob,Default,Default,Default,Default,Default,Default,Default,Default,Default,Default,Default,Default,Default,Default,Default,Default,Default,Default,Default,Default,Default,Default,Default,Default,Default,Default,Default,Default,Default,Default,Default,Default,Default,Default,Default,Default,Default,Default,Default,Default,Default,DefaultJob,DocumentCount=100000,1,Workload,Jitting,3,82333290,30,2744443,103,0,0,424392
AggregationBenchmarks.LeanCorpus_SearchWithStatsAndHistogram,Rowles.LeanCorpus.Benchmarks,AggregationBenchmarks,LeanCorpus_SearchWithStatsAndHistogram,DefaultJob,Default,Default,Default,Default,Default,Default,Default,Default,Default,Default,Default,Default,Default,Default,Default,Default,Default,Default,Default,Default,Default,Default,Default,Default,Default,Default,Default,Default,Default,Default,Default,Default,Default,Default,Default,Default,Default,Default,Default,Default,Default,DefaultJob,DocumentCount=100000,1,Workload,Jitting,4,20121961,30,670732.03,103,0,0,424392
AggregationBenchmarks.LeanCorpus_SearchWithStatsAndHistogram,Rowles.LeanCorpus.Benchmarks,AggregationBenchmarks,LeanCorpus_SearchWithStatsAndHistogram,DefaultJob,Default,Default,Default,Default,Default,Default,Default,Default,Default,Default,Default,Default,Default,Default,Default,Default,Default,Default,Default,Default,Default,Default,Default,Default,Default,Default,Default,Default,Default,Default,Default,Default,Default,Default,Default,Default,Default,Default,Default,Default,Default,DefaultJob,DocumentCount=100000,1,Workload,Jitting,5,982484,1,982484,103,0,0,424392
AggregationBenchmarks.LeanCorpus_SearchWithStatsAndHistogram,Rowles.LeanCorpus.Benchmarks,AggregationBenchmarks,LeanCorpus_SearchWithStatsAndHistogram,DefaultJob,Default,Default,Default,Default,Default,Default,Default,Default,Default,Default,Default,Default,Default,Default,Default,Default,Default,Default,Default,Default,Default,Default,Default,Default,Default,Default,Default,Default,Default,Default,Default,Default,Default,Default,Default,Default,Default,Default,Default,Default,Default,DefaultJob,DocumentCount=100000,1,Workload,Pilot,1,1050040,1,1050040,103,0,0,424392
AggregationBenchmarks.LeanCorpus_SearchWithStatsAndHistogram,Rowles.LeanCorpus.Benchmarks,AggregationBenchmarks,LeanCorpus_SearchWithStatsAndHistogram,DefaultJob,Default,Default,Default,Default,Default,Default,Default,Default,Default,Default,Default,Default,Default,Default,Default,Default,Default,Default,Default,Default,Default,Default,Default,Default,Default,Default,Default,Default,Default,Default,Default,Default,Default,Default,Default,Default,Default,Default,Default,Default,Default,DefaultJob,DocumentCount=100000,1,Workload,Pilot,1,14410128,16,900633,103,0,0,424392
AggregationBenchmarks.LeanCorpus_SearchWithStatsAndHistogram,Rowles.LeanCorpus.Benchmarks,AggregationBenchmarks,LeanCorpus_SearchWithStatsAndHistogram,DefaultJob,Default,Default,Default,Default,Default,Default,Default,Default,Default,Default,Default,Default,Default,Default,Default,Default,Default,Default,Default,Default,Default,Default,Default,Default,Default,Default,Default,Default,Default,Default,Default,Default,Default,Default,Default,Default,Default,Default,Default,Default,Default,DefaultJob,DocumentCount=100000,1,Workload,Pilot,2,23934061,32,747939.41,103,0,0,424392
AggregationBenchmarks.LeanCorpus_SearchWithStatsAndHistogram,Rowles.LeanCorpus.Benchmarks,AggregationBenchmarks,LeanCorpus_SearchWithStatsAndHistogram,DefaultJob,Default,Default,Default,Default,Default,Default,Default,Default,Default,Default,Default,Default,Default,Default,Default,Default,Default,Default,Default,Default,Default,Default,Default,Default,Default,Default,Default,Default,Default,Default,Default,Default,Default,Default,Default,Default,Default,Default,Default,Default,Default,DefaultJob,DocumentCount=100000,1,Workload,Pilot,3,43592873,64,681138.64,103,0,0,424392
AggregationBenchmarks.LeanCorpus_SearchWithStatsAndHistogram,Rowles.LeanCorpus.Benchmarks,AggregationBenchmarks,LeanCorpus_SearchWithStatsAndHistogram,DefaultJob,Default,Default,Default,Default,Default,Default,Default,Default,Default,Default,Default,Default,Default,Default,Default,Default,Default,Default,Default,Default,Default,Default,Default,Default,Default,Default,Default,Default,Default,Default,Default,Default,Default,Default,Default,Default,Default,Default,Default,Default,Default,DefaultJob,DocumentCount=100000,1,Workload,Pilot,4,86107245,128,672712.85,103,0,0,424392
AggregationBenchmarks.LeanCorpus_SearchWithStatsAndHistogram,Rowles.LeanCorpus.Benchmarks,AggregationBenchmarks,LeanCorpus_SearchWithStatsAndHistogram,DefaultJob,Default,Default,Default,Default,Default,Default,Default,Default,Default,Default,Default,Default,Default,Default,Default,Default,Default,Default,Default,Default,Default,Default,Default,Default,Default,Default,Default,Default,Default,Default,Default,Default,Default,Default,Default,Default,Default,Default,Default,Default,Default,DefaultJob,DocumentCount=100000,1,Workload,Pilot,5,169411432,256,661763.41,103,0,0,424392
AggregationBenchmarks.LeanCorpus_SearchWithStatsAndHistogram,Rowles.LeanCorpus.Benchmarks,AggregationBenchmarks,LeanCorpus_SearchWithStatsAndHistogram,DefaultJob,Default,Default,Default,Default,Default,Default,Default,Default,Default,Default,Default,Default,Default,Default,Default,Default,Default,Default,Default,Default,Default,Default,Default,Default,Default,Default,Default,Default,Default,Default,Default,Default,Default,Default,Default,Default,Default,Default,Default,Default,Default,DefaultJob,DocumentCount=100000,1,Workload,Pilot,6,338134791,512,660419.51,103,0,0,424392
AggregationBenchmarks.LeanCorpus_SearchWithStatsAndHistogram,Rowles.LeanCorpus.Benchmarks,AggregationBenchmarks,LeanCorpus_SearchWithStatsAndHistogram,DefaultJob,Default,Default,Default,Default,Default,Default,Default,Default,Default,Default,Default,Default,Default,Default,Default,Default,Default,Default,Default,Default,Default,Default,Default,Default,Default,Default,Default,Default,Default,Default,Default,Default,Default,Default,Default,Default,Default,Default,Default,Default,Default,DefaultJob,DocumentCount=100000,1,Workload,Pilot,7,676477957,1024,660623,103,0,0,424392
AggregationBenchmarks.LeanCorpus_SearchWithStatsAndHistogram,Rowles.LeanCorpus.Benchmarks,AggregationBenchmarks,LeanCorpus_SearchWithStatsAndHistogram,DefaultJob,Default,Default,Default,Default,Default,Default,Default,Default,Default,Default,Default,Default,Default,Default,Default,Default,Default,Default,Default,Default,Default,Default,Default,Default,Default,Default,Default,Default,Default,Default,Default,Default,Default,Default,Default,Default,Default,Default,Default,Default,Default,DefaultJob,DocumentCount=100000,1,Workload,Warmup,1,679420327,1024,663496.41,103,0,0,424392
AggregationBenchmarks.LeanCorpus_SearchWithStatsAndHistogram,Rowles.LeanCorpus.Benchmarks,AggregationBenchmarks,LeanCorpus_SearchWithStatsAndHistogram,DefaultJob,Default,Default,Default,Default,Default,Default,Default,Default,Default,Default,Default,Default,Default,Default,Default,Default,Default,Default,Default,Default,Default,Default,Default,Default,Default,Default,Default,Default,Default,Default,Default,Default,Default,Default,Default,Default,Default,Default,Default,Default,Default,DefaultJob,DocumentCount=100000,1,Workload,Warmup,2,675821596,1024,659982.03,103,0,0,424392
AggregationBenchmarks.LeanCorpus_SearchWithStatsAndHistogram,Rowles.LeanCorpus.Benchmarks,AggregationBenchmarks,LeanCorpus_SearchWithStatsAndHistogram,DefaultJob,Default,Default,Default,Default,Default,Default,Default,Default,Default,Default,Default,Default,Default,Default,Default,Default,Default,Default,Default,Default,Default,Default,Default,Default,Default,Default,Default,Default,Default,Default,Default,Default,Default,Default,Default,Default,Default,Default,Default,Default,Default,DefaultJob,DocumentCount=100000,1,Workload,Warmup,3,676845174,1024,660981.62,103,0,0,424392
AggregationBenchmarks.LeanCorpus_SearchWithStatsAndHistogram,Rowles.LeanCorpus.Benchmarks,AggregationBenchmarks,LeanCorpus_SearchWithStatsAndHistogram,DefaultJob,Default,Default,Default,Default,Default,Default,Default,Default,Default,Default,Default,Default,Default,Default,Default,Default,Default,Default,Default,Default,Default,Default,Default,Default,Default,Default,Default,Default,Default,Default,Default,Default,Default,Default,Default,Default,Default,Default,Default,Default,Default,DefaultJob,DocumentCount=100000,1,Workload,Warmup,4,675900067,1024,660058.66,103,0,0,424392
AggregationBenchmarks.LeanCorpus_SearchWithStatsAndHistogram,Rowles.LeanCorpus.Benchmarks,AggregationBenchmarks,LeanCorpus_SearchWithStatsAndHistogram,DefaultJob,Default,Default,Default,Default,Default,Default,Default,Default,Default,Default,Default,Default,Default,Default,Default,Default,Default,Default,Default,Default,Default,Default,Default,Default,Default,Default,Default,Default,Default,Default,Default,Default,Default,Default,Default,Default,Default,Default,Default,Default,Default,DefaultJob,DocumentCount=100000,1,Workload,Warmup,5,674785742,1024,658970.45,103,0,0,424392
AggregationBenchmarks.LeanCorpus_SearchWithStatsAndHistogram,Rowles.LeanCorpus.Benchmarks,AggregationBenchmarks,LeanCorpus_SearchWithStatsAndHistogram,DefaultJob,Default,Default,Default,Default,Default,Default,Default,Default,Default,Default,Default,Default,Default,Default,Default,Default,Default,Default,Default,Default,Default,Default,Default,Default,Default,Default,Default,Default,Default,Default,Default,Default,Default,Default,Default,Default,Default,Default,Default,Default,Default,DefaultJob,DocumentCount=100000,1,Workload,Warmup,6,674218031,1024,658416.05,103,0,0,424392
AggregationBenchmarks.LeanCorpus_SearchWithStatsAndHistogram,Rowles.LeanCorpus.Benchmarks,AggregationBenchmarks,LeanCorpus_SearchWithStatsAndHistogram,DefaultJob,Default,Default,Default,Default,Default,Default,Default,Default,Default,Default,Default,Default,Default,Default,Default,Default,Default,Default,Default,Default,Default,Default,Default,Default,Default,Default,Default,Default,Default,Default,Default,Default,Default,Default,Default,Default,Default,Default,Default,Default,Default,DefaultJob,DocumentCount=100000,1,Workload,Warmup,7,675050014,1024,659228.53,103,0,0,424392
AggregationBenchmarks.LeanCorpus_SearchWithStatsAndHistogram,Rowles.LeanCorpus.Benchmarks,AggregationBenchmarks,LeanCorpus_SearchWithStatsAndHistogram,DefaultJob,Default,Default,Default,Default,Default,Default,Default,Default,Default,Default,Default,Default,Default,Default,Default,Default,Default,Default,Default,Default,Default,Default,Default,Default,Default,Default,Default,Default,Default,Default,Default,Default,Default,Default,Default,Default,Default,Default,Default,Default,Default,DefaultJob,DocumentCount=100000,1,Workload,Warmup,8,669822874,1024,654123.9,103,0,0,424392
AggregationBenchmarks.LeanCorpus_SearchWithStatsAndHistogram,Rowles.LeanCorpus.Benchmarks,AggregationBenchmarks,LeanCorpus_SearchWithStatsAndHistogram,DefaultJob,Default,Default,Default,Default,Default,Default,Default,Default,Default,Default,Default,Default,Default,Default,Default,Default,Default,Default,Default,Default,Default,Default,Default,Default,Default,Default,Default,Default,Default,Default,Default,Default,Default,Default,Default,Default,Default,Default,Default,Default,Default,DefaultJob,DocumentCount=100000,1,Workload,Actual,1,677733376,1024,661849,103,0,0,424392
AggregationBenchmarks.LeanCorpus_SearchWithStatsAndHistogram,Rowles.LeanCorpus.Benchmarks,AggregationBenchmarks,LeanCorpus_SearchWithStatsAndHistogram,DefaultJob,Default,Default,Default,Default,Default,Default,Default,Default,Default,Default,Default,Default,Default,Default,Default,Default,Default,Default,Default,Default,Default,Default,Default,Default,Default,Default,Default,Default,Default,Default,Default,Default,Default,Default,Default,Default,Default,Default,Default,Default,Default,DefaultJob,DocumentCount=100000,1,Workload,Actual,2,677123324,1024,661253.25,103,0,0,424392
AggregationBenchmarks.LeanCorpus_SearchWithStatsAndHistogram,Rowles.LeanCorpus.Benchmarks,AggregationBenchmarks,LeanCorpus_SearchWithStatsAndHistogram,DefaultJob,Default,Default,Default,Default,Default,Default,Default,Default,Default,Default,Default,Default,Default,Default,Default,Default,Default,Default,Default,Default,Default,Default,Default,Default,Default,Default,Default,Default,Default,Default,Default,Default,Default,Default,Default,Default,Default,Default,Default,Default,Default,DefaultJob,DocumentCount=100000,1,Workload,Actual,3,680087783,1024,664148.23,103,0,0,424392
AggregationBenchmarks.LeanCorpus_SearchWithStatsAndHistogram,Rowles.LeanCorpus.Benchmarks,AggregationBenchmarks,LeanCorpus_SearchWithStatsAndHistogram,DefaultJob,Default,Default,Default,Default,Default,Default,Default,Default,Default,Default,Default,Default,Default,Default,Default,Default,Default,Default,Default,Default,Default,Default,Default,Default,Default,Default,Default,Default,Default,Default,Default,Default,Default,Default,Default,Default,Default,Default,Default,Default,Default,DefaultJob,DocumentCount=100000,1,Workload,Actual,4,667623489,1024,651976.06,103,0,0,424392
AggregationBenchmarks.LeanCorpus_SearchWithStatsAndHistogram,Rowles.LeanCorpus.Benchmarks,AggregationBenchmarks,LeanCorpus_SearchWithStatsAndHistogram,DefaultJob,Default,Default,Default,Default,Default,Default,Default,Default,Default,Default,Default,Default,Default,Default,Default,Default,Default,Default,Default,Default,Default,Default,Default,Default,Default,Default,Default,Default,Default,Default,Default,Default,Default,Default,Default,Default,Default,Default,Default,Default,Default,DefaultJob,DocumentCount=100000,1,Workload,Actual,5,666083544,1024,650472.21,103,0,0,424392
AggregationBenchmarks.LeanCorpus_SearchWithStatsAndHistogram,Rowles.LeanCorpus.Benchmarks,AggregationBenchmarks,LeanCorpus_SearchWithStatsAndHistogram,DefaultJob,Default,Default,Default,Default,Default,Default,Default,Default,Default,Default,Default,Default,Default,Default,Default,Default,Default,Default,Default,Default,Default,Default,Default,Default,Default,Default,Default,Default,Default,Default,Default,Default,Default,Default,Default,Default,Default,Default,Default,Default,Default,DefaultJob,DocumentCount=100000,1,Workload,Actual,6,675626585,1024,659791.59,103,0,0,424392
AggregationBenchmarks.LeanCorpus_SearchWithStatsAndHistogram,Rowles.LeanCorpus.Benchmarks,AggregationBenchmarks,LeanCorpus_SearchWithStatsAndHistogram,DefaultJob,Default,Default,Default,Default,Default,Default,Default,Default,Default,Default,Default,Default,Default,Default,Default,Default,Default,Default,Default,Default,Default,Default,Default,Default,Default,Default,Default,Default,Default,Default,Default,Default,Default,Default,Default,Default,Default,Default,Default,Default,Default,DefaultJob,DocumentCount=100000,1,Workload,Actual,7,677803276,1024,661917.26,103,0,0,424392
AggregationBenchmarks.LeanCorpus_SearchWithStatsAndHistogram,Rowles.LeanCorpus.Benchmarks,AggregationBenchmarks,LeanCorpus_SearchWithStatsAndHistogram,DefaultJob,Default,Default,Default,Default,Default,Default,Default,Default,Default,Default,Default,Default,Default,Default,Default,Default,Default,Default,Default,Default,Default,Default,Default,Default,Default,Default,Default,Default,Default,Default,Default,Default,Default,Default,Default,Default,Default,Default,Default,Default,Default,DefaultJob,DocumentCount=100000,1,Workload,Actual,8,677613003,1024,661731.45,103,0,0,424392
AggregationBenchmarks.LeanCorpus_SearchWithStatsAndHistogram,Rowles.LeanCorpus.Benchmarks,AggregationBenchmarks,LeanCorpus_SearchWithStatsAndHistogram,DefaultJob,Default,Default,Default,Default,Default,Default,Default,Default,Default,Default,Default,Default,Default,Default,Default,Default,Default,Default,Default,Default,Default,Default,Default,Default,Default,Default,Default,Default,Default,Default,Default,Default,Default,Default,Default,Default,Default,Default,Default,Default,Default,DefaultJob,DocumentCount=100000,1,Workload,Actual,9,666932792,1024,651301.55,103,0,0,424392
AggregationBenchmarks.LeanCorpus_SearchWithStatsAndHistogram,Rowles.LeanCorpus.Benchmarks,AggregationBenchmarks,LeanCorpus_SearchWithStatsAndHistogram,DefaultJob,Default,Default,Default,Default,Default,Default,Default,Default,Default,Default,Default,Default,Default,Default,Default,Default,Default,Default,Default,Default,Default,Default,Default,Default,Default,Default,Default,Default,Default,Default,Default,Default,Default,Default,Default,Default,Default,Default,Default,Default,Default,DefaultJob,DocumentCount=100000,1,Workload,Actual,10,669310339,1024,653623.38,103,0,0,424392
AggregationBenchmarks.LeanCorpus_SearchWithStatsAndHistogram,Rowles.LeanCorpus.Benchmarks,AggregationBenchmarks,LeanCorpus_SearchWithStatsAndHistogram,DefaultJob,Default,Default,Default,Default,Default,Default,Default,Default,Default,Default,Default,Default,Default,Default,Default,Default,Default,Default,Default,Default,Default,Default,Default,Default,Default,Default,Default,Default,Default,Default,Default,Default,Default,Default,Default,Default,Default,Default,Default,Default,Default,DefaultJob,DocumentCount=100000,1,Workload,Actual,11,678298670,1024,662401.04,103,0,0,424392
AggregationBenchmarks.LeanCorpus_SearchWithStatsAndHistogram,Rowles.LeanCorpus.Benchmarks,AggregationBenchmarks,LeanCorpus_SearchWithStatsAndHistogram,DefaultJob,Default,Default,Default,Default,Default,Default,Default,Default,Default,Default,Default,Default,Default,Default,Default,Default,Default,Default,Default,Default,Default,Default,Default,Default,Default,Default,Default,Default,Default,Default,Default,Default,Default,Default,Default,Default,Default,Default,Default,Default,Default,DefaultJob,DocumentCount=100000,1,Workload,Actual,12,668297162,1024,652633.95,103,0,0,424392
AggregationBenchmarks.LeanCorpus_SearchWithStatsAndHistogram,Rowles.LeanCorpus.Benchmarks,AggregationBenchmarks,LeanCorpus_SearchWithStatsAndHistogram,DefaultJob,Default,Default,Default,Default,Default,Default,Default,Default,Default,Default,Default,Default,Default,Default,Default,Default,Default,Default,Default,Default,Default,Default,Default,Default,Default,Default,Default,Default,Default,Default,Default,Default,Default,Default,Default,Default,Default,Default,Default,Default,Default,DefaultJob,DocumentCount=100000,1,Workload,Actual,13,676246606,1024,660397.08,103,0,0,424392
AggregationBenchmarks.LeanCorpus_SearchWithStatsAndHistogram,Rowles.LeanCorpus.Benchmarks,AggregationBenchmarks,LeanCorpus_SearchWithStatsAndHistogram,DefaultJob,Default,Default,Default,Default,Default,Default,Default,Default,Default,Default,Default,Default,Default,Default,Default,Default,Default,Default,Default,Default,Default,Default,Default,Default,Default,Default,Default,Default,Default,Default,Default,Default,Default,Default,Default,Default,Default,Default,Default,Default,Default,DefaultJob,DocumentCount=100000,1,Workload,Actual,14,676245079,1024,660395.58,103,0,0,424392
AggregationBenchmarks.LeanCorpus_SearchWithStatsAndHistogram,Rowles.LeanCorpus.Benchmarks,AggregationBenchmarks,LeanCorpus_SearchWithStatsAndHistogram,DefaultJob,Default,Default,Default,Default,Default,Default,Default,Default,Default,Default,Default,Default,Default,Default,Default,Default,Default,Default,Default,Default,Default,Default,Default,Default,Default,Default,Default,Default,Default,Default,Default,Default,Default,Default,Default,Default,Default,Default,Default,Default,Default,DefaultJob,DocumentCount=100000,1,Workload,Actual,15,674850798,1024,659033.98,103,0,0,424392
AggregationBenchmarks.LeanCorpus_SearchWithStatsAndHistogram,Rowles.LeanCorpus.Benchmarks,AggregationBenchmarks,LeanCorpus_SearchWithStatsAndHistogram,DefaultJob,Default,Default,Default,Default,Default,Default,Default,Default,Default,Default,Default,Default,Default,Default,Default,Default,Default,Default,Default,Default,Default,Default,Default,Default,Default,Default,Default,Default,Default,Default,Default,Default,Default,Default,Default,Default,Default,Default,Default,Default,Default,DefaultJob,DocumentCount=100000,1,Workload,Extra,1,677450572,1024,661572.82,103,0,0,424392
AggregationBenchmarks.LeanCorpus_SearchWithStatsAndHistogram,Rowles.LeanCorpus.Benchmarks,AggregationBenchmarks,LeanCorpus_SearchWithStatsAndHistogram,DefaultJob,Default,Default,Default,Default,Default,Default,Default,Default,Default,Default,Default,Default,Default,Default,Default,Default,Default,Default,Default,Default,Default,Default,Default,Default,Default,Default,Default,Default,Default,Default,Default,Default,Default,Default,Default,Default,Default,Default,Default,Default,Default,DefaultJob,DocumentCount=100000,1,Workload,Result,1,677733376,1024,661849,103,0,0,424392
AggregationBenchmarks.LeanCorpus_SearchWithStatsAndHistogram,Rowles.LeanCorpus.Benchmarks,AggregationBenchmarks,LeanCorpus_SearchWithStatsAndHistogram,DefaultJob,Default,Default,Default,Default,Default,Default,Default,Default,Default,Default,Default,Default,Default,Default,Default,Default,Default,Default,Default,Default,Default,Default,Default,Default,Default,Default,Default,Default,Default,Default,Default,Default,Default,Default,Default,Default,Default,Default,Default,Default,Default,DefaultJob,DocumentCount=100000,1,Workload,Result,2,677123324,1024,661253.25,103,0,0,424392
AggregationBenchmarks.LeanCorpus_SearchWithStatsAndHistogram,Rowles.LeanCorpus.Benchmarks,AggregationBenchmarks,LeanCorpus_SearchWithStatsAndHistogram,DefaultJob,Default,Default,Default,Default,Default,Default,Default,Default,Default,Default,Default,Default,Default,Default,Default,Default,Default,Default,Default,Default,Default,Default,Default,Default,Default,Default,Default,Default,Default,Default,Default,Default,Default,Default,Default,Default,Default,Default,Default,Default,Default,DefaultJob,DocumentCount=100000,1,Workload,Result,3,680087783,1024,664148.23,103,0,0,424392
AggregationBenchmarks.LeanCorpus_SearchWithStatsAndHistogram,Rowles.LeanCorpus.Benchmarks,AggregationBenchmarks,LeanCorpus_SearchWithStatsAndHistogram,DefaultJob,Default,Default,Default,Default,Default,Default,Default,Default,Default,Default,Default,Default,Default,Default,Default,Default,Default,Default,Default,Default,Default,Default,Default,Default,Default,Default,Default,Default,Default,Default,Default,Default,Default,Default,Default,Default,Default,Default,Default,Default,Default,DefaultJob,DocumentCount=100000,1,Workload,Result,4,667623489,1024,651976.06,103,0,0,424392
AggregationBenchmarks.LeanCorpus_SearchWithStatsAndHistogram,Rowles.LeanCorpus.Benchmarks,AggregationBenchmarks,LeanCorpus_SearchWithStatsAndHistogram,DefaultJob,Default,Default,Default,Default,Default,Default,Default,Default,Default,Default,Default,Default,Default,Default,Default,Default,Default,Default,Default,Default,Default,Default,Default,Default,Default,Default,Default,Default,Default,Default,Default,Default,Default,Default,Default,Default,Default,Default,Default,Default,Default,DefaultJob,DocumentCount=100000,1,Workload,Result,5,666083544,1024,650472.21,103,0,0,424392
AggregationBenchmarks.LeanCorpus_SearchWithStatsAndHistogram,Rowles.LeanCorpus.Benchmarks,AggregationBenchmarks,LeanCorpus_SearchWithStatsAndHistogram,DefaultJob,Default,Default,Default,Default,Default,Default,Default,Default,Default,Default,Default,Default,Default,Default,Default,Default,Default,Default,Default,Default,Default,Default,Default,Default,Default,Default,Default,Default,Default,Default,Default,Default,Default,Default,Default,Default,Default,Default,Default,Default,Default,DefaultJob,DocumentCount=100000,1,Workload,Result,6,675626585,1024,659791.59,103,0,0,424392
AggregationBenchmarks.LeanCorpus_SearchWithStatsAndHistogram,Rowles.LeanCorpus.Benchmarks,AggregationBenchmarks,LeanCorpus_SearchWithStatsAndHistogram,DefaultJob,Default,Default,Default,Default,Default,Default,Default,Default,Default,Default,Default,Default,Default,Default,Default,Default,Default,Default,Default,Default,Default,Default,Default,Default,Default,Default,Default,Default,Default,Default,Default,Default,Default,Default,Default,Default,Default,Default,Default,Default,Default,DefaultJob,DocumentCount=100000,1,Workload,Result,7,677803276,1024,661917.26,103,0,0,424392
AggregationBenchmarks.LeanCorpus_SearchWithStatsAndHistogram,Rowles.LeanCorpus.Benchmarks,AggregationBenchmarks,LeanCorpus_SearchWithStatsAndHistogram,DefaultJob,Default,Default,Default,Default,Default,Default,Default,Default,Default,Default,Default,Default,Default,Default,Default,Default,Default,Default,Default,Default,Default,Default,Default,Default,Default,Default,Default,Default,Default,Default,Default,Default,Default,Default,Default,Default,Default,Default,Default,Default,Default,DefaultJob,DocumentCount=100000,1,Workload,Result,8,677613003,1024,661731.45,103,0,0,424392
AggregationBenchmarks.LeanCorpus_SearchWithStatsAndHistogram,Rowles.LeanCorpus.Benchmarks,AggregationBenchmarks,LeanCorpus_SearchWithStatsAndHistogram,DefaultJob,Default,Default,Default,Default,Default,Default,Default,Default,Default,Default,Default,Default,Default,Default,Default,Default,Default,Default,Default,Default,Default,Default,Default,Default,Default,Default,Default,Default,Default,Default,Default,Default,Default,Default,Default,Default,Default,Default,Default,Default,Default,DefaultJob,DocumentCount=100000,1,Workload,Result,9,666932792,1024,651301.55,103,0,0,424392
AggregationBenchmarks.LeanCorpus_SearchWithStatsAndHistogram,Rowles.LeanCorpus.Benchmarks,AggregationBenchmarks,LeanCorpus_SearchWithStatsAndHistogram,DefaultJob,Default,Default,Default,Default,Default,Default,Default,Default,Default,Default,Default,Default,Default,Default,Default,Default,Default,Default,Default,Default,Default,Default,Default,Default,Default,Default,Default,Default,Default,Default,Default,Default,Default,Default,Default,Default,Default,Default,Default,Default,Default,DefaultJob,DocumentCount=100000,1,Workload,Result,10,669310339,1024,653623.38,103,0,0,424392
AggregationBenchmarks.LeanCorpus_SearchWithStatsAndHistogram,Rowles.LeanCorpus.Benchmarks,AggregationBenchmarks,LeanCorpus_SearchWithStatsAndHistogram,DefaultJob,Default,Default,Default,Default,Default,Default,Default,Default,Default,Default,Default,Default,Default,Default,Default,Default,Default,Default,Default,Default,Default,Default,Default,Default,Default,Default,Default,Default,Default,Default,Default,Default,Default,Default,Default,Default,Default,Default,Default,Default,Default,DefaultJob,DocumentCount=100000,1,Workload,Result,11,678298670,1024,662401.04,103,0,0,424392
AggregationBenchmarks.LeanCorpus_SearchWithStatsAndHistogram,Rowles.LeanCorpus.Benchmarks,AggregationBenchmarks,LeanCorpus_SearchWithStatsAndHistogram,DefaultJob,Default,Default,Default,Default,Default,Default,Default,Default,Default,Default,Default,Default,Default,Default,Default,Default,Default,Default,Default,Default,Default,Default,Default,Default,Default,Default,Default,Default,Default,Default,Default,Default,Default,Default,Default,Default,Default,Default,Default,Default,Default,DefaultJob,DocumentCount=100000,1,Workload,Result,12,668297162,1024,652633.95,103,0,0,424392
AggregationBenchmarks.LeanCorpus_SearchWithStatsAndHistogram,Rowles.LeanCorpus.Benchmarks,AggregationBenchmarks,LeanCorpus_SearchWithStatsAndHistogram,DefaultJob,Default,Default,Default,Default,Default,Default,Default,Default,Default,Default,Default,Default,Default,Default,Default,Default,Default,Default,Default,Default,Default,Default,Default,Default,Default,Default,Default,Default,Default,Default,Default,Default,Default,Default,Default,Default,Default,Default,Default,Default,Default,DefaultJob,DocumentCount=100000,1,Workload,Result,13,676246606,1024,660397.08,103,0,0,424392
AggregationBenchmarks.LeanCorpus_SearchWithStatsAndHistogram,Rowles.LeanCorpus.Benchmarks,AggregationBenchmarks,LeanCorpus_SearchWithStatsAndHistogram,DefaultJob,Default,Default,Default,Default,Default,Default,Default,Default,Default,Default,Default,Default,Default,Default,Default,Default,Default,Default,Default,Default,Default,Default,Default,Default,Default,Default,Default,Default,Default,Default,Default,Default,Default,Default,Default,Default,Default,Default,Default,Default,Default,DefaultJob,DocumentCount=100000,1,Workload,Result,14,676245079,1024,660395.58,103,0,0,424392
AggregationBenchmarks.LeanCorpus_SearchWithStatsAndHistogram,Rowles.LeanCorpus.Benchmarks,AggregationBenchmarks,LeanCorpus_SearchWithStatsAndHistogram,DefaultJob,Default,Default,Default,Default,Default,Default,Default,Default,Default,Default,Default,Default,Default,Default,Default,Default,Default,Default,Default,Default,Default,Default,Default,Default,Default,Default,Default,Default,Default,Default,Default,Default,Default,Default,Default,Default,Default,Default,Default,Default,Default,DefaultJob,DocumentCount=100000,1,Workload,Result,15,674850798,1024,659033.98,103,0,0,424392
AggregationBenchmarks.LuceneNet_TermQuery,Rowles.LeanCorpus.Benchmarks,AggregationBenchmarks,LuceneNet_TermQuery,DefaultJob,Default,Default,Default,Default,Default,Default,Default,Default,Default,Default,Default,Default,Default,Default,Default,Default,Default,Default,Default,Default,Default,Default,Default,Default,Default,Default,Default,Default,Default,Default,Default,Default,Default,Default,Default,Default,Default,Default,Default,Default,Default,DefaultJob,DocumentCount=100000,1,Workload,Jitting,1,25366549,1,25366549,75,1,0,77541
AggregationBenchmarks.LuceneNet_TermQuery,Rowles.LeanCorpus.Benchmarks,AggregationBenchmarks,LuceneNet_TermQuery,DefaultJob,Default,Default,Default,Default,Default,Default,Default,Default,Default,Default,Default,Default,Default,Default,Default,Default,Default,Default,Default,Default,Default,Default,Default,Default,Default,Default,Default,Default,Default,Default,Default,Default,Default,Default,Default,Default,Default,Default,Default,Default,Default,DefaultJob,DocumentCount=100000,1,Workload,Jitting,2,16884481,30,562816.03,75,1,0,77541
AggregationBenchmarks.LuceneNet_TermQuery,Rowles.LeanCorpus.Benchmarks,AggregationBenchmarks,LuceneNet_TermQuery,DefaultJob,Default,Default,Default,Default,Default,Default,Default,Default,Default,Default,Default,Default,Default,Default,Default,Default,Default,Default,Default,Default,Default,Default,Default,Default,Default,Default,Default,Default,Default,Default,Default,Default,Default,Default,Default,Default,Default,Default,Default,Default,Default,DefaultJob,DocumentCount=100000,1,Workload,Jitting,3,14808834,30,493627.8,75,1,0,77541
AggregationBenchmarks.LuceneNet_TermQuery,Rowles.LeanCorpus.Benchmarks,AggregationBenchmarks,LuceneNet_TermQuery,DefaultJob,Default,Default,Default,Default,Default,Default,Default,Default,Default,Default,Default,Default,Default,Default,Default,Default,Default,Default,Default,Default,Default,Default,Default,Default,Default,Default,Default,Default,Default,Default,Default,Default,Default,Default,Default,Default,Default,Default,Default,Default,Default,DefaultJob,DocumentCount=100000,1,Workload,Jitting,4,7587528,30,252917.6,75,1,0,77541
AggregationBenchmarks.LuceneNet_TermQuery,Rowles.LeanCorpus.Benchmarks,AggregationBenchmarks,LuceneNet_TermQuery,DefaultJob,Default,Default,Default,Default,Default,Default,Default,Default,Default,Default,Default,Default,Default,Default,Default,Default,Default,Default,Default,Default,Default,Default,Default,Default,Default,Default,Default,Default,Default,Default,Default,Default,Default,Default,Default,Default,Default,Default,Default,Default,Default,DefaultJob,DocumentCount=100000,1,Workload,Jitting,5,469677,1,469677,75,1,0,77541
AggregationBenchmarks.LuceneNet_TermQuery,Rowles.LeanCorpus.Benchmarks,AggregationBenchmarks,LuceneNet_TermQuery,DefaultJob,Default,Default,Default,Default,Default,Default,Default,Default,Default,Default,Default,Default,Default,Default,Default,Default,Default,Default,Default,Default,Default,Default,Default,Default,Default,Default,Default,Default,Default,Default,Default,Default,Default,Default,Default,Default,Default,Default,Default,Default,Default,DefaultJob,DocumentCount=100000,1,Workload,Pilot,1,464501,1,464501,75,1,0,77541
AggregationBenchmarks.LuceneNet_TermQuery,Rowles.LeanCorpus.Benchmarks,AggregationBenchmarks,LuceneNet_TermQuery,DefaultJob,Default,Default,Default,Default,Default,Default,Default,Default,Default,Default,Default,Default,Default,Default,Default,Default,Default,Default,Default,Default,Default,Default,Default,Default,Default,Default,Default,Default,Default,Default,Default,Default,Default,Default,Default,Default,Default,Default,Default,Default,Default,DefaultJob,DocumentCount=100000,1,Workload,Pilot,1,5518178,16,344886.13,75,1,0,77541
AggregationBenchmarks.LuceneNet_TermQuery,Rowles.LeanCorpus.Benchmarks,AggregationBenchmarks,LuceneNet_TermQuery,DefaultJob,Default,Default,Default,Default,Default,Default,Default,Default,Default,Default,Default,Default,Default,Default,Default,Default,Default,Default,Default,Default,Default,Default,Default,Default,Default,Default,Default,Default,Default,Default,Default,Default,Default,Default,Default,Default,Default,Default,Default,Default,Default,DefaultJob,DocumentCount=100000,1,Workload,Pilot,2,8894167,32,277942.72,75,1,0,77541
AggregationBenchmarks.LuceneNet_TermQuery,Rowles.LeanCorpus.Benchmarks,AggregationBenchmarks,LuceneNet_TermQuery,DefaultJob,Default,Default,Default,Default,Default,Default,Default,Default,Default,Default,Default,Default,Default,Default,Default,Default,Default,Default,Default,Default,Default,Default,Default,Default,Default,Default,Default,Default,Default,Default,Default,Default,Default,Default,Default,Default,Default,Default,Default,Default,Default,DefaultJob,DocumentCount=100000,1,Workload,Pilot,3,16634049,64,259907.02,75,1,0,77541
AggregationBenchmarks.LuceneNet_TermQuery,Rowles.LeanCorpus.Benchmarks,AggregationBenchmarks,LuceneNet_TermQuery,DefaultJob,Default,Default,Default,Default,Default,Default,Default,Default,Default,Default,Default,Default,Default,Default,Default,Default,Default,Default,Default,Default,Default,Default,Default,Default,Default,Default,Default,Default,Default,Default,Default,Default,Default,Default,Default,Default,Default,Default,Default,Default,Default,DefaultJob,DocumentCount=100000,1,Workload,Pilot,4,26181111,128,204539.93,75,1,0,77541
AggregationBenchmarks.LuceneNet_TermQuery,Rowles.LeanCorpus.Benchmarks,AggregationBenchmarks,LuceneNet_TermQuery,DefaultJob,Default,Default,Default,Default,Default,Default,Default,Default,Default,Default,Default,Default,Default,Default,Default,Default,Default,Default,Default,Default,Default,Default,Default,Default,Default,Default,Default,Default,Default,Default,Default,Default,Default,Default,Default,Default,Default,Default,Default,Default,Default,DefaultJob,DocumentCount=100000,1,Workload,Pilot,5,47605725,256,185959.86,75,1,0,77541
AggregationBenchmarks.LuceneNet_TermQuery,Rowles.LeanCorpus.Benchmarks,AggregationBenchmarks,LuceneNet_TermQuery,DefaultJob,Default,Default,Default,Default,Default,Default,Default,Default,Default,Default,Default,Default,Default,Default,Default,Default,Default,Default,Default,Default,Default,Default,Default,Default,Default,Default,Default,Default,Default,Default,Default,Default,Default,Default,Default,Default,Default,Default,Default,Default,Default,DefaultJob,DocumentCount=100000,1,Workload,Pilot,6,93205791,512,182042.56,75,1,0,77541
AggregationBenchmarks.LuceneNet_TermQuery,Rowles.LeanCorpus.Benchmarks,AggregationBenchmarks,LuceneNet_TermQuery,DefaultJob,Default,Default,Default,Default,Default,Default,Default,Default,Default,Default,Default,Default,Default,Default,Default,Default,Default,Default,Default,Default,Default,Default,Default,Default,Default,Default,Default,Default,Default,Default,Default,Default,Default,Default,Default,Default,Default,Default,Default,Default,Default,DefaultJob,DocumentCount=100000,1,Workload,Pilot,7,183675832,1024,179370.93,75,1,0,77541
AggregationBenchmarks.LuceneNet_TermQuery,Rowles.LeanCorpus.Benchmarks,AggregationBenchmarks,LuceneNet_TermQuery,DefaultJob,Default,Default,Default,Default,Default,Default,Default,Default,Default,Default,Default,Default,Default,Default,Default,Default,Default,Default,Default,Default,Default,Default,Default,Default,Default,Default,Default,Default,Default,Default,Default,Default,Default,Default,Default,Default,Default,Default,Default,Default,Default,DefaultJob,DocumentCount=100000,1,Workload,Pilot,8,380236960,2048,185662.58,75,1,0,77541
AggregationBenchmarks.LuceneNet_TermQuery,Rowles.LeanCorpus.Benchmarks,AggregationBenchmarks,LuceneNet_TermQuery,DefaultJob,Default,Default,Default,Default,Default,Default,Default,Default,Default,Default,Default,Default,Default,Default,Default,Default,Default,Default,Default,Default,Default,Default,Default,Default,Default,Default,Default,Default,Default,Default,Default,Default,Default,Default,Default,Default,Default,Default,Default,Default,Default,DefaultJob,DocumentCount=100000,1,Workload,Pilot,9,775873957,4096,189422.35,75,1,0,77541
AggregationBenchmarks.LuceneNet_TermQuery,Rowles.LeanCorpus.Benchmarks,AggregationBenchmarks,LuceneNet_TermQuery,DefaultJob,Default,Default,Default,Default,Default,Default,Default,Default,Default,Default,Default,Default,Default,Default,Default,Default,Default,Default,Default,Default,Default,Default,Default,Default,Default,Default,Default,Default,Default,Default,Default,Default,Default,Default,Default,Default,Default,Default,Default,Default,Default,DefaultJob,DocumentCount=100000,1,Workload,Warmup,1,775075055,4096,189227.31,75,1,0,77541
AggregationBenchmarks.LuceneNet_TermQuery,Rowles.LeanCorpus.Benchmarks,AggregationBenchmarks,LuceneNet_TermQuery,DefaultJob,Default,Default,Default,Default,Default,Default,Default,Default,Default,Default,Default,Default,Default,Default,Default,Default,Default,Default,Default,Default,Default,Default,Default,Default,Default,Default,Default,Default,Default,Default,Default,Default,Default,Default,Default,Default,Default,Default,Default,Default,Default,DefaultJob,DocumentCount=100000,1,Workload,Warmup,2,771577646,4096,188373.45,75,1,0,77541
AggregationBenchmarks.LuceneNet_TermQuery,Rowles.LeanCorpus.Benchmarks,AggregationBenchmarks,LuceneNet_TermQuery,DefaultJob,Default,Default,Default,Default,Default,Default,Default,Default,Default,Default,Default,Default,Default,Default,Default,Default,Default,Default,Default,Default,Default,Default,Default,Default,Default,Default,Default,Default,Default,Default,Default,Default,Default,Default,Default,Default,Default,Default,Default,Default,Default,DefaultJob,DocumentCount=100000,1,Workload,Warmup,3,775711066,4096,189382.58,75,1,0,77541
AggregationBenchmarks.LuceneNet_TermQuery,Rowles.LeanCorpus.Benchmarks,AggregationBenchmarks,LuceneNet_TermQuery,DefaultJob,Default,Default,Default,Default,Default,Default,Default,Default,Default,Default,Default,Default,Default,Default,Default,Default,Default,Default,Default,Default,Default,Default,Default,Default,Default,Default,Default,Default,Default,Default,Default,Default,Default,Default,Default,Default,Default,Default,Default,Default,Default,DefaultJob,DocumentCount=100000,1,Workload,Warmup,4,767620738,4096,187407.41,75,1,0,77541
AggregationBenchmarks.LuceneNet_TermQuery,Rowles.LeanCorpus.Benchmarks,AggregationBenchmarks,LuceneNet_TermQuery,DefaultJob,Default,Default,Default,Default,Default,Default,Default,Default,Default,Default,Default,Default,Default,Default,Default,Default,Default,Default,Default,Default,Default,Default,Default,Default,Default,Default,Default,Default,Default,Default,Default,Default,Default,Default,Default,Default,Default,Default,Default,Default,Default,DefaultJob,DocumentCount=100000,1,Workload,Warmup,5,774474219,4096,189080.62,75,1,0,77541
AggregationBenchmarks.LuceneNet_TermQuery,Rowles.LeanCorpus.Benchmarks,AggregationBenchmarks,LuceneNet_TermQuery,DefaultJob,Default,Default,Default,Default,Default,Default,Default,Default,Default,Default,Default,Default,Default,Default,Default,Default,Default,Default,Default,Default,Default,Default,Default,Default,Default,Default,Default,Default,Default,Default,Default,Default,Default,Default,Default,Default,Default,Default,Default,Default,Default,DefaultJob,DocumentCount=100000,1,Workload,Warmup,6,772825231,4096,188678.03,75,1,0,77541
AggregationBenchmarks.LuceneNet_TermQuery,Rowles.LeanCorpus.Benchmarks,AggregationBenchmarks,LuceneNet_TermQuery,DefaultJob,Default,Default,Default,Default,Default,Default,Default,Default,Default,Default,Default,Default,Default,Default,Default,Default,Default,Default,Default,Default,Default,Default,Default,Default,Default,Default,Default,Default,Default,Default,Default,Default,Default,Default,Default,Default,Default,Default,Default,Default,Default,DefaultJob,DocumentCount=100000,1,Workload,Actual,1,776647672,4096,189611.25,75,1,0,77541
AggregationBenchmarks.LuceneNet_TermQuery,Rowles.LeanCorpus.Benchmarks,AggregationBenchmarks,LuceneNet_TermQuery,DefaultJob,Default,Default,Default,Default,Default,Default,Default,Default,Default,Default,Default,Default,Default,Default,Default,Default,Default,Default,Default,Default,Default,Default,Default,Default,Default,Default,Default,Default,Default,Default,Default,Default,Default,Default,Default,Default,Default,Default,Default,Default,Default,DefaultJob,DocumentCount=100000,1,Workload,Actual,2,776400235,4096,189550.84,75,1,0,77541
AggregationBenchmarks.LuceneNet_TermQuery,Rowles.LeanCorpus.Benchmarks,AggregationBenchmarks,LuceneNet_TermQuery,DefaultJob,Default,Default,Default,Default,Default,Default,Default,Default,Default,Default,Default,Default,Default,Default,Default,Default,Default,Default,Default,Default,Default,Default,Default,Default,Default,Default,Default,Default,Default,Default,Default,Default,Default,Default,Default,Default,Default,Default,Default,Default,Default,DefaultJob,DocumentCount=100000,1,Workload,Actual,3,762381527,4096,186128.3,75,1,0,77541
AggregationBenchmarks.LuceneNet_TermQuery,Rowles.LeanCorpus.Benchmarks,AggregationBenchmarks,LuceneNet_TermQuery,DefaultJob,Default,Default,Default,Default,Default,Default,Default,Default,Default,Default,Default,Default,Default,Default,Default,Default,Default,Default,Default,Default,Default,Default,Default,Default,Default,Default,Default,Default,Default,Default,Default,Default,Default,Default,Default,Default,Default,Default,Default,Default,Default,DefaultJob,DocumentCount=100000,1,Workload,Actual,4,776429535,4096,189557.99,75,1,0,77541
AggregationBenchmarks.LuceneNet_TermQuery,Rowles.LeanCorpus.Benchmarks,AggregationBenchmarks,LuceneNet_TermQuery,DefaultJob,Default,Default,Default,Default,Default,Default,Default,Default,Default,Default,Default,Default,Default,Default,Default,Default,Default,Default,Default,Default,Default,Default,Default,Default,Default,Default,Default,Default,Default,Default,Default,Default,Default,Default,Default,Default,Default,Default,Default,Default,Default,DefaultJob,DocumentCount=100000,1,Workload,Actual,5,776174499,4096,189495.73,75,1,0,77541
AggregationBenchmarks.LuceneNet_TermQuery,Rowles.LeanCorpus.Benchmarks,AggregationBenchmarks,LuceneNet_TermQuery,DefaultJob,Default,Default,Default,Default,Default,Default,Default,Default,Default,Default,Default,Default,Default,Default,Default,Default,Default,Default,Default,Default,Default,Default,Default,Default,Default,Default,Default,Default,Default,Default,Default,Default,Default,Default,Default,Default,Default,Default,Default,Default,Default,DefaultJob,DocumentCount=100000,1,Workload,Actual,6,767110474,4096,187282.83,75,1,0,77541
AggregationBenchmarks.LuceneNet_TermQuery,Rowles.LeanCorpus.Benchmarks,AggregationBenchmarks,LuceneNet_TermQuery,DefaultJob,Default,Default,Default,Default,Default,Default,Default,Default,Default,Default,Default,Default,Default,Default,Default,Default,Default,Default,Default,Default,Default,Default,Default,Default,Default,Default,Default,Default,Default,Default,Default,Default,Default,Default,Default,Default,Default,Default,Default,Default,Default,DefaultJob,DocumentCount=100000,1,Workload,Actual,7,823686671,4096,201095.38,75,1,0,77541
AggregationBenchmarks.LuceneNet_TermQuery,Rowles.LeanCorpus.Benchmarks,AggregationBenchmarks,LuceneNet_TermQuery,DefaultJob,Default,Default,Default,Default,Default,Default,Default,Default,Default,Default,Default,Default,Default,Default,Default,Default,Default,Default,Default,Default,Default,Default,Default,Default,Default,Default,Default,Default,Default,Default,Default,Default,Default,Default,Default,Default,Default,Default,Default,Default,Default,DefaultJob,DocumentCount=100000,1,Workload,Actual,8,778118828,4096,189970.42,75,1,0,77541
AggregationBenchmarks.LuceneNet_TermQuery,Rowles.LeanCorpus.Benchmarks,AggregationBenchmarks,LuceneNet_TermQuery,DefaultJob,Default,Default,Default,Default,Default,Default,Default,Default,Default,Default,Default,Default,Default,Default,Default,Default,Default,Default,Default,Default,Default,Default,Default,Default,Default,Default,Default,Default,Default,Default,Default,Default,Default,Default,Default,Default,Default,Default,Default,Default,Default,DefaultJob,DocumentCount=100000,1,Workload,Actual,9,764674455,4096,186688.1,75,1,0,77541
AggregationBenchmarks.LuceneNet_TermQuery,Rowles.LeanCorpus.Benchmarks,AggregationBenchmarks,LuceneNet_TermQuery,DefaultJob,Default,Default,Default,Default,Default,Default,Default,Default,Default,Default,Default,Default,Default,Default,Default,Default,Default,Default,Default,Default,Default,Default,Default,Default,Default,Default,Default,Default,Default,Default,Default,Default,Default,Default,Default,Default,Default,Default,Default,Default,Default,DefaultJob,DocumentCount=100000,1,Workload,Actual,10,772237013,4096,188534.43,75,1,0,77541
AggregationBenchmarks.LuceneNet_TermQuery,Rowles.LeanCorpus.Benchmarks,AggregationBenchmarks,LuceneNet_TermQuery,DefaultJob,Default,Default,Default,Default,Default,Default,Default,Default,Default,Default,Default,Default,Default,Default,Default,Default,Default,Default,Default,Default,Default,Default,Default,Default,Default,Default,Default,Default,Default,Default,Default,Default,Default,Default,Default,Default,Default,Default,Default,Default,Default,DefaultJob,DocumentCount=100000,1,Workload,Actual,11,778254887,4096,190003.63,75,1,0,77541
AggregationBenchmarks.LuceneNet_TermQuery,Rowles.LeanCorpus.Benchmarks,AggregationBenchmarks,LuceneNet_TermQuery,DefaultJob,Default,Default,Default,Default,Default,Default,Default,Default,Default,Default,Default,Default,Default,Default,Default,Default,Default,Default,Default,Default,Default,Default,Default,Default,Default,Default,Default,Default,Default,Default,Default,Default,Default,Default,Default,Default,Default,Default,Default,Default,Default,DefaultJob,DocumentCount=100000,1,Workload,Actual,12,776259395,4096,189516.45,75,1,0,77541
AggregationBenchmarks.LuceneNet_TermQuery,Rowles.LeanCorpus.Benchmarks,AggregationBenchmarks,LuceneNet_TermQuery,DefaultJob,Default,Default,Default,Default,Default,Default,Default,Default,Default,Default,Default,Default,Default,Default,Default,Default,Default,Default,Default,Default,Default,Default,Default,Default,Default,Default,Default,Default,Default,Default,Default,Default,Default,Default,Default,Default,Default,Default,Default,Default,Default,DefaultJob,DocumentCount=100000,1,Workload,Actual,13,777246544,4096,189757.46,75,1,0,77541
AggregationBenchmarks.LuceneNet_TermQuery,Rowles.LeanCorpus.Benchmarks,AggregationBenchmarks,LuceneNet_TermQuery,DefaultJob,Default,Default,Default,Default,Default,Default,Default,Default,Default,Default,Default,Default,Default,Default,Default,Default,Default,Default,Default,Default,Default,Default,Default,Default,Default,Default,Default,Default,Default,Default,Default,Default,Default,Default,Default,Default,Default,Default,Default,Default,Default,DefaultJob,DocumentCount=100000,1,Workload,Actual,14,776660760,4096,189614.44,75,1,0,77541
AggregationBenchmarks.LuceneNet_TermQuery,Rowles.LeanCorpus.Benchmarks,AggregationBenchmarks,LuceneNet_TermQuery,DefaultJob,Default,Default,Default,Default,Default,Default,Default,Default,Default,Default,Default,Default,Default,Default,Default,Default,Default,Default,Default,Default,Default,Default,Default,Default,Default,Default,Default,Default,Default,Default,Default,Default,Default,Default,Default,Default,Default,Default,Default,Default,Default,DefaultJob,DocumentCount=100000,1,Workload,Actual,15,776275832,4096,189520.47,75,1,0,77541
AggregationBenchmarks.LuceneNet_TermQuery,Rowles.LeanCorpus.Benchmarks,AggregationBenchmarks,LuceneNet_TermQuery,DefaultJob,Default,Default,Default,Default,Default,Default,Default,Default,Default,Default,Default,Default,Default,Default,Default,Default,Default,Default,Default,Default,Default,Default,Default,Default,Default,Default,Default,Default,Default,Default,Default,Default,Default,Default,Default,Default,Default,Default,Default,Default,Default,DefaultJob,DocumentCount=100000,1,Workload,Extra,1,769473131,4096,187859.65,75,1,0,77541
AggregationBenchmarks.LuceneNet_TermQuery,Rowles.LeanCorpus.Benchmarks,AggregationBenchmarks,LuceneNet_TermQuery,DefaultJob,Default,Default,Default,Default,Default,Default,Default,Default,Default,Default,Default,Default,Default,Default,Default,Default,Default,Default,Default,Default,Default,Default,Default,Default,Default,Default,Default,Default,Default,Default,Default,Default,Default,Default,Default,Default,Default,Default,Default,Default,Default,DefaultJob,DocumentCount=100000,1,Workload,Result,1,776647672,4096,189611.25,75,1,0,77541
AggregationBenchmarks.LuceneNet_TermQuery,Rowles.LeanCorpus.Benchmarks,AggregationBenchmarks,LuceneNet_TermQuery,DefaultJob,Default,Default,Default,Default,Default,Default,Default,Default,Default,Default,Default,Default,Default,Default,Default,Default,Default,Default,Default,Default,Default,Default,Default,Default,Default,Default,Default,Default,Default,Default,Default,Default,Default,Default,Default,Default,Default,Default,Default,Default,Default,DefaultJob,DocumentCount=100000,1,Workload,Result,2,776400235,4096,189550.84,75,1,0,77541
AggregationBenchmarks.LuceneNet_TermQuery,Rowles.LeanCorpus.Benchmarks,AggregationBenchmarks,LuceneNet_TermQuery,DefaultJob,Default,Default,Default,Default,Default,Default,Default,Default,Default,Default,Default,Default,Default,Default,Default,Default,Default,Default,Default,Default,Default,Default,Default,Default,Default,Default,Default,Default,Default,Default,Default,Default,Default,Default,Default,Default,Default,Default,Default,Default,Default,DefaultJob,DocumentCount=100000,1,Workload,Result,3,762381527,4096,186128.3,75,1,0,77541
AggregationBenchmarks.LuceneNet_TermQuery,Rowles.LeanCorpus.Benchmarks,AggregationBenchmarks,LuceneNet_TermQuery,DefaultJob,Default,Default,Default,Default,Default,Default,Default,Default,Default,Default,Default,Default,Default,Default,Default,Default,Default,Default,Default,Default,Default,Default,Default,Default,Default,Default,Default,Default,Default,Default,Default,Default,Default,Default,Default,Default,Default,Default,Default,Default,Default,DefaultJob,DocumentCount=100000,1,Workload,Result,4,776429535,4096,189557.99,75,1,0,77541
AggregationBenchmarks.LuceneNet_TermQuery,Rowles.LeanCorpus.Benchmarks,AggregationBenchmarks,LuceneNet_TermQuery,DefaultJob,Default,Default,Default,Default,Default,Default,Default,Default,Default,Default,Default,Default,Default,Default,Default,Default,Default,Default,Default,Default,Default,Default,Default,Default,Default,Default,Default,Default,Default,Default,Default,Default,Default,Default,Default,Default,Default,Default,Default,Default,Default,DefaultJob,DocumentCount=100000,1,Workload,Result,5,776174499,4096,189495.73,75,1,0,77541
AggregationBenchmarks.LuceneNet_TermQuery,Rowles.LeanCorpus.Benchmarks,AggregationBenchmarks,LuceneNet_TermQuery,DefaultJob,Default,Default,Default,Default,Default,Default,Default,Default,Default,Default,Default,Default,Default,Default,Default,Default,Default,Default,Default,Default,Default,Default,Default,Default,Default,Default,Default,Default,Default,Default,Default,Default,Default,Default,Default,Default,Default,Default,Default,Default,Default,DefaultJob,DocumentCount=100000,1,Workload,Result,6,767110474,4096,187282.83,75,1,0,77541
AggregationBenchmarks.LuceneNet_TermQuery,Rowles.LeanCorpus.Benchmarks,AggregationBenchmarks,LuceneNet_TermQuery,DefaultJob,Default,Default,Default,Default,Default,Default,Default,Default,Default,Default,Default,Default,Default,Default,Default,Default,Default,Default,Default,Default,Default,Default,Default,Default,Default,Default,Default,Default,Default,Default,Default,Default,Default,Default,Default,Default,Default,Default,Default,Default,Default,DefaultJob,DocumentCount=100000,1,Workload,Result,7,778118828,4096,189970.42,75,1,0,77541
AggregationBenchmarks.LuceneNet_TermQuery,Rowles.LeanCorpus.Benchmarks,AggregationBenchmarks,LuceneNet_TermQuery,DefaultJob,Default,Default,Default,Default,Default,Default,Default,Default,Default,Default,Default,Default,Default,Default,Default,Default,Default,Default,Default,Default,Default,Default,Default,Default,Default,Default,Default,Default,Default,Default,Default,Default,Default,Default,Default,Default,Default,Default,Default,Default,Default,DefaultJob,DocumentCount=100000,1,Workload,Result,8,764674455,4096,186688.1,75,1,0,77541
AggregationBenchmarks.LuceneNet_TermQuery,Rowles.LeanCorpus.Benchmarks,AggregationBenchmarks,LuceneNet_TermQuery,DefaultJob,Default,Default,Default,Default,Default,Default,Default,Default,Default,Default,Default,Default,Default,Default,Default,Default,Default,Default,Default,Default,Default,Default,Default,Default,Default,Default,Default,Default,Default,Default,Default,Default,Default,Default,Default,Default,Default,Default,Default,Default,Default,DefaultJob,DocumentCount=100000,1,Workload,Result,9,772237013,4096,188534.43,75,1,0,77541
AggregationBenchmarks.LuceneNet_TermQuery,Rowles.LeanCorpus.Benchmarks,AggregationBenchmarks,LuceneNet_TermQuery,DefaultJob,Default,Default,Default,Default,Default,Default,Default,Default,Default,Default,Default,Default,Default,Default,Default,Default,Default,Default,Default,Default,Default,Default,Default,Default,Default,Default,Default,Default,Default,Default,Default,Default,Default,Default,Default,Default,Default,Default,Default,Default,Default,DefaultJob,DocumentCount=100000,1,Workload,Result,10,778254887,4096,190003.63,75,1,0,77541
AggregationBenchmarks.LuceneNet_TermQuery,Rowles.LeanCorpus.Benchmarks,AggregationBenchmarks,LuceneNet_TermQuery,DefaultJob,Default,Default,Default,Default,Default,Default,Default,Default,Default,Default,Default,Default,Default,Default,Default,Default,Default,Default,Default,Default,Default,Default,Default,Default,Default,Default,Default,Default,Default,Default,Default,Default,Default,Default,Default,Default,Default,Default,Default,Default,Default,DefaultJob,DocumentCount=100000,1,Workload,Result,11,776259395,4096,189516.45,75,1,0,77541
AggregationBenchmarks.LuceneNet_TermQuery,Rowles.LeanCorpus.Benchmarks,AggregationBenchmarks,LuceneNet_TermQuery,DefaultJob,Default,Default,Default,Default,Default,Default,Default,Default,Default,Default,Default,Default,Default,Default,Default,Default,Default,Default,Default,Default,Default,Default,Default,Default,Default,Default,Default,Default,Default,Default,Default,Default,Default,Default,Default,Default,Default,Default,Default,Default,Default,DefaultJob,DocumentCount=100000,1,Workload,Result,12,777246544,4096,189757.46,75,1,0,77541
AggregationBenchmarks.LuceneNet_TermQuery,Rowles.LeanCorpus.Benchmarks,AggregationBenchmarks,LuceneNet_TermQuery,DefaultJob,Default,Default,Default,Default,Default,Default,Default,Default,Default,Default,Default,Default,Default,Default,Default,Default,Default,Default,Default,Default,Default,Default,Default,Default,Default,Default,Default,Default,Default,Default,Default,Default,Default,Default,Default,Default,Default,Default,Default,Default,Default,DefaultJob,DocumentCount=100000,1,Workload,Result,13,776660760,4096,189614.44,75,1,0,77541
AggregationBenchmarks.LuceneNet_TermQuery,Rowles.LeanCorpus.Benchmarks,AggregationBenchmarks,LuceneNet_TermQuery,DefaultJob,Default,Default,Default,Default,Default,Default,Default,Default,Default,Default,Default,Default,Default,Default,Default,Default,Default,Default,Default,Default,Default,Default,Default,Default,Default,Default,Default,Default,Default,Default,Default,Default,Default,Default,Default,Default,Default,Default,Default,Default,Default,DefaultJob,DocumentCount=100000,1,Workload,Result,14,776275832,4096,189520.47,75,1,0,77541
AggregationBenchmarks.LuceneNet_SearchWithStats,Rowles.LeanCorpus.Benchmarks,AggregationBenchmarks,LuceneNet_SearchWithStats,DefaultJob,Default,Default,Default,Default,Default,Default,Default,Default,Default,Default,Default,Default,Default,Default,Default,Default,Default,Default,Default,Default,Default,Default,Default,Default,Default,Default,Default,Default,Default,Default,Default,Default,Default,Default,Default,Default,Default,Default,Default,Default,Default,DefaultJob,DocumentCount=100000,1,Workload,Jitting,1,39111914,1,39111914,36,27,0,4114497
AggregationBenchmarks.LuceneNet_SearchWithStats,Rowles.LeanCorpus.Benchmarks,AggregationBenchmarks,LuceneNet_SearchWithStats,DefaultJob,Default,Default,Default,Default,Default,Default,Default,Default,Default,Default,Default,Default,Default,Default,Default,Default,Default,Default,Default,Default,Default,Default,Default,Default,Default,Default,Default,Default,Default,Default,Default,Default,Default,Default,Default,Default,Default,Default,Default,Default,Default,DefaultJob,DocumentCount=100000,1,Workload,Jitting,2,329333687,30,10977789.57,36,27,0,4114497
AggregationBenchmarks.LuceneNet_SearchWithStats,Rowles.LeanCorpus.Benchmarks,AggregationBenchmarks,LuceneNet_SearchWithStats,DefaultJob,Default,Default,Default,Default,Default,Default,Default,Default,Default,Default,Default,Default,Default,Default,Default,Default,Default,Default,Default,Default,Default,Default,Default,Default,Default,Default,Default,Default,Default,Default,Default,Default,Default,Default,Default,Default,Default,Default,Default,Default,Default,DefaultJob,DocumentCount=100000,1,Workload,Jitting,3,314187760,30,10472925.33,36,27,0,4114497
AggregationBenchmarks.LuceneNet_SearchWithStats,Rowles.LeanCorpus.Benchmarks,AggregationBenchmarks,LuceneNet_SearchWithStats,DefaultJob,Default,Default,Default,Default,Default,Default,Default,Default,Default,Default,Default,Default,Default,Default,Default,Default,Default,Default,Default,Default,Default,Default,Default,Default,Default,Default,Default,Default,Default,Default,Default,Default,Default,Default,Default,Default,Default,Default,Default,Default,Default,DefaultJob,DocumentCount=100000,1,Workload,Jitting,4,305731170,30,10191039,36,27,0,4114497
AggregationBenchmarks.LuceneNet_SearchWithStats,Rowles.LeanCorpus.Benchmarks,AggregationBenchmarks,LuceneNet_SearchWithStats,DefaultJob,Default,Default,Default,Default,Default,Default,Default,Default,Default,Default,Default,Default,Default,Default,Default,Default,Default,Default,Default,Default,Default,Default,Default,Default,Default,Default,Default,Default,Default,Default,Default,Default,Default,Default,Default,Default,Default,Default,Default,Default,Default,DefaultJob,DocumentCount=100000,1,Workload,Jitting,5,9417211,1,9417211,36,27,0,4114497
AggregationBenchmarks.LuceneNet_SearchWithStats,Rowles.LeanCorpus.Benchmarks,AggregationBenchmarks,LuceneNet_SearchWithStats,DefaultJob,Default,Default,Default,Default,Default,Default,Default,Default,Default,Default,Default,Default,Default,Default,Default,Default,Default,Default,Default,Default,Default,Default,Default,Default,Default,Default,Default,Default,Default,Default,Default,Default,Default,Default,Default,Default,Default,Default,Default,Default,Default,DefaultJob,DocumentCount=100000,1,Workload,Pilot,1,10050703,1,10050703,36,27,0,4114497
AggregationBenchmarks.LuceneNet_SearchWithStats,Rowles.LeanCorpus.Benchmarks,AggregationBenchmarks,LuceneNet_SearchWithStats,DefaultJob,Default,Default,Default,Default,Default,Default,Default,Default,Default,Default,Default,Default,Default,Default,Default,Default,Default,Default,Default,Default,Default,Default,Default,Default,Default,Default,Default,Default,Default,Default,Default,Default,Default,Default,Default,Default,Default,Default,Default,Default,Default,DefaultJob,DocumentCount=100000,1,Workload,Pilot,1,165173982,16,10323373.88,36,27,0,4114497
AggregationBenchmarks.LuceneNet_SearchWithStats,Rowles.LeanCorpus.Benchmarks,AggregationBenchmarks,LuceneNet_SearchWithStats,DefaultJob,Default,Default,Default,Default,Default,Default,Default,Default,Default,Default,Default,Default,Default,Default,Default,Default,Default,Default,Default,Default,Default,Default,Default,Default,Default,Default,Default,Default,Default,Default,Default,Default,Default,Default,Default,Default,Default,Default,Default,Default,Default,DefaultJob,DocumentCount=100000,1,Workload,Pilot,2,337476463,32,10546139.47,36,27,0,4114497
AggregationBenchmarks.LuceneNet_SearchWithStats,Rowles.LeanCorpus.Benchmarks,AggregationBenchmarks,LuceneNet_SearchWithStats,DefaultJob,Default,Default,Default,Default,Default,Default,Default,Default,Default,Default,Default,Default,Default,Default,Default,Default,Default,Default,Default,Default,Default,Default,Default,Default,Default,Default,Default,Default,Default,Default,Default,Default,Default,Default,Default,Default,Default,Default,Default,Default,Default,DefaultJob,DocumentCount=100000,1,Workload,Pilot,3,669793457,64,10465522.77,36,27,0,4114497
AggregationBenchmarks.LuceneNet_SearchWithStats,Rowles.LeanCorpus.Benchmarks,AggregationBenchmarks,LuceneNet_SearchWithStats,DefaultJob,Default,Default,Default,Default,Default,Default,Default,Default,Default,Default,Default,Default,Default,Default,Default,Default,Default,Default,Default,Default,Default,Default,Default,Default,Default,Default,Default,Default,Default,Default,Default,Default,Default,Default,Default,Default,Default,Default,Default,Default,Default,DefaultJob,DocumentCount=100000,1,Workload,Warmup,1,663413183,64,10365830.98,36,27,0,4114497
AggregationBenchmarks.LuceneNet_SearchWithStats,Rowles.LeanCorpus.Benchmarks,AggregationBenchmarks,LuceneNet_SearchWithStats,DefaultJob,Default,Default,Default,Default,Default,Default,Default,Default,Default,Default,Default,Default,Default,Default,Default,Default,Default,Default,Default,Default,Default,Default,Default,Default,Default,Default,Default,Default,Default,Default,Default,Default,Default,Default,Default,Default,Default,Default,Default,Default,Default,DefaultJob,DocumentCount=100000,1,Workload,Warmup,2,656702098,64,10260970.28,36,27,0,4114497
AggregationBenchmarks.LuceneNet_SearchWithStats,Rowles.LeanCorpus.Benchmarks,AggregationBenchmarks,LuceneNet_SearchWithStats,DefaultJob,Default,Default,Default,Default,Default,Default,Default,Default,Default,Default,Default,Default,Default,Default,Default,Default,Default,Default,Default,Default,Default,Default,Default,Default,Default,Default,Default,Default,Default,Default,Default,Default,Default,Default,Default,Default,Default,Default,Default,Default,Default,DefaultJob,DocumentCount=100000,1,Workload,Warmup,3,655374126,64,10240220.72,36,27,0,4114497
AggregationBenchmarks.LuceneNet_SearchWithStats,Rowles.LeanCorpus.Benchmarks,AggregationBenchmarks,LuceneNet_SearchWithStats,DefaultJob,Default,Default,Default,Default,Default,Default,Default,Default,Default,Default,Default,Default,Default,Default,Default,Default,Default,Default,Default,Default,Default,Default,Default,Default,Default,Default,Default,Default,Default,Default,Default,Default,Default,Default,Default,Default,Default,Default,Default,Default,Default,DefaultJob,DocumentCount=100000,1,Workload,Warmup,4,659566145,64,10305721.02,36,27,0,4114497
AggregationBenchmarks.LuceneNet_SearchWithStats,Rowles.LeanCorpus.Benchmarks,AggregationBenchmarks,LuceneNet_SearchWithStats,DefaultJob,Default,Default,Default,Default,Default,Default,Default,Default,Default,Default,Default,Default,Default,Default,Default,Default,Default,Default,Default,Default,Default,Default,Default,Default,Default,Default,Default,Default,Default,Default,Default,Default,Default,Default,Default,Default,Default,Default,Default,Default,Default,DefaultJob,DocumentCount=100000,1,Workload,Warmup,5,659140398,64,10299068.72,36,27,0,4114497
AggregationBenchmarks.LuceneNet_SearchWithStats,Rowles.LeanCorpus.Benchmarks,AggregationBenchmarks,LuceneNet_SearchWithStats,DefaultJob,Default,Default,Default,Default,Default,Default,Default,Default,Default,Default,Default,Default,Default,Default,Default,Default,Default,Default,Default,Default,Default,Default,Default,Default,Default,Default,Default,Default,Default,Default,Default,Default,Default,Default,Default,Default,Default,Default,Default,Default,Default,DefaultJob,DocumentCount=100000,1,Workload,Warmup,6,657736870,64,10277138.59,36,27,0,4114497
AggregationBenchmarks.LuceneNet_SearchWithStats,Rowles.LeanCorpus.Benchmarks,AggregationBenchmarks,LuceneNet_SearchWithStats,DefaultJob,Default,Default,Default,Default,Default,Default,Default,Default,Default,Default,Default,Default,Default,Default,Default,Default,Default,Default,Default,Default,Default,Default,Default,Default,Default,Default,Default,Default,Default,Default,Default,Default,Default,Default,Default,Default,Default,Default,Default,Default,Default,DefaultJob,DocumentCount=100000,1,Workload,Warmup,7,656857139,64,10263392.8,36,27,0,4114497
AggregationBenchmarks.LuceneNet_SearchWithStats,Rowles.LeanCorpus.Benchmarks,AggregationBenchmarks,LuceneNet_SearchWithStats,DefaultJob,Default,Default,Default,Default,Default,Default,Default,Default,Default,Default,Default,Default,Default,Default,Default,Default,Default,Default,Default,Default,Default,Default,Default,Default,Default,Default,Default,Default,Default,Default,Default,Default,Default,Default,Default,Default,Default,Default,Default,Default,Default,DefaultJob,DocumentCount=100000,1,Workload,Warmup,8,654866829,64,10232294.2,36,27,0,4114497
AggregationBenchmarks.LuceneNet_SearchWithStats,Rowles.LeanCorpus.Benchmarks,AggregationBenchmarks,LuceneNet_SearchWithStats,DefaultJob,Default,Default,Default,Default,Default,Default,Default,Default,Default,Default,Default,Default,Default,Default,Default,Default,Default,Default,Default,Default,Default,Default,Default,Default,Default,Default,Default,Default,Default,Default,Default,Default,Default,Default,Default,Default,Default,Default,Default,Default,Default,DefaultJob,DocumentCount=100000,1,Workload,Warmup,9,652296118,64,10192126.84,36,27,0,4114497
AggregationBenchmarks.LuceneNet_SearchWithStats,Rowles.LeanCorpus.Benchmarks,AggregationBenchmarks,LuceneNet_SearchWithStats,DefaultJob,Default,Default,Default,Default,Default,Default,Default,Default,Default,Default,Default,Default,Default,Default,Default,Default,Default,Default,Default,Default,Default,Default,Default,Default,Default,Default,Default,Default,Default,Default,Default,Default,Default,Default,Default,Default,Default,Default,Default,Default,Default,DefaultJob,DocumentCount=100000,1,Workload,Warmup,10,655676659,64,10244947.8,36,27,0,4114497
AggregationBenchmarks.LuceneNet_SearchWithStats,Rowles.LeanCorpus.Benchmarks,AggregationBenchmarks,LuceneNet_SearchWithStats,DefaultJob,Default,Default,Default,Default,Default,Default,Default,Default,Default,Default,Default,Default,Default,Default,Default,Default,Default,Default,Default,Default,Default,Default,Default,Default,Default,Default,Default,Default,Default,Default,Default,Default,Default,Default,Default,Default,Default,Default,Default,Default,Default,DefaultJob,DocumentCount=100000,1,Workload,Warmup,11,662846268,64,10356972.94,36,27,0,4114497
AggregationBenchmarks.LuceneNet_SearchWithStats,Rowles.LeanCorpus.Benchmarks,AggregationBenchmarks,LuceneNet_SearchWithStats,DefaultJob,Default,Default,Default,Default,Default,Default,Default,Default,Default,Default,Default,Default,Default,Default,Default,Default,Default,Default,Default,Default,Default,Default,Default,Default,Default,Default,Default,Default,Default,Default,Default,Default,Default,Default,Default,Default,Default,Default,Default,Default,Default,DefaultJob,DocumentCount=100000,1,Workload,Warmup,12,662029638,64,10344213.09,36,27,0,4114497
AggregationBenchmarks.LuceneNet_SearchWithStats,Rowles.LeanCorpus.Benchmarks,AggregationBenchmarks,LuceneNet_SearchWithStats,DefaultJob,Default,Default,Default,Default,Default,Default,Default,Default,Default,Default,Default,Default,Default,Default,Default,Default,Default,Default,Default,Default,Default,Default,Default,Default,Default,Default,Default,Default,Default,Default,Default,Default,Default,Default,Default,Default,Default,Default,Default,Default,Default,DefaultJob,DocumentCount=100000,1,Workload,Actual,1,653950687,64,10217979.48,36,27,0,4114497
AggregationBenchmarks.LuceneNet_SearchWithStats,Rowles.LeanCorpus.Benchmarks,AggregationBenchmarks,LuceneNet_SearchWithStats,DefaultJob,Default,Default,Default,Default,Default,Default,Default,Default,Default,Default,Default,Default,Default,Default,Default,Default,Default,Default,Default,Default,Default,Default,Default,Default,Default,Default,Default,Default,Default,Default,Default,Default,Default,Default,Default,Default,Default,Default,Default,Default,Default,DefaultJob,DocumentCount=100000,1,Workload,Actual,2,656101222,64,10251581.59,36,27,0,4114497
AggregationBenchmarks.LuceneNet_SearchWithStats,Rowles.LeanCorpus.Benchmarks,AggregationBenchmarks,LuceneNet_SearchWithStats,DefaultJob,Default,Default,Default,Default,Default,Default,Default,Default,Default,Default,Default,Default,Default,Default,Default,Default,Default,Default,Default,Default,Default,Default,Default,Default,Default,Default,Default,Default,Default,Default,Default,Default,Default,Default,Default,Default,Default,Default,Default,Default,Default,DefaultJob,DocumentCount=100000,1,Workload,Actual,3,664774303,64,10387098.48,36,27,0,4114497
AggregationBenchmarks.LuceneNet_SearchWithStats,Rowles.LeanCorpus.Benchmarks,AggregationBenchmarks,LuceneNet_SearchWithStats,DefaultJob,Default,Default,Default,Default,Default,Default,Default,Default,Default,Default,Default,Default,Default,Default,Default,Default,Default,Default,Default,Default,Default,Default,Default,Default,Default,Default,Default,Default,Default,Default,Default,Default,Default,Default,Default,Default,Default,Default,Default,Default,Default,DefaultJob,DocumentCount=100000,1,Workload,Actual,4,662080831,64,10345012.98,36,27,0,4114497
AggregationBenchmarks.LuceneNet_SearchWithStats,Rowles.LeanCorpus.Benchmarks,AggregationBenchmarks,LuceneNet_SearchWithStats,DefaultJob,Default,Default,Default,Default,Default,Default,Default,Default,Default,Default,Default,Default,Default,Default,Default,Default,Default,Default,Default,Default,Default,Default,Default,Default,Default,Default,Default,Default,Default,Default,Default,Default,Default,Default,Default,Default,Default,Default,Default,Default,Default,DefaultJob,DocumentCount=100000,1,Workload,Actual,5,659419450,64,10303428.91,36,27,0,4114497
AggregationBenchmarks.LuceneNet_SearchWithStats,Rowles.LeanCorpus.Benchmarks,AggregationBenchmarks,LuceneNet_SearchWithStats,DefaultJob,Default,Default,Default,Default,Default,Default,Default,Default,Default,Default,Default,Default,Default,Default,Default,Default,Default,Default,Default,Default,Default,Default,Default,Default,Default,Default,Default,Default,Default,Default,Default,Default,Default,Default,Default,Default,Default,Default,Default,Default,Default,DefaultJob,DocumentCount=100000,1,Workload,Actual,6,663062910,64,10360357.97,36,27,0,4114497
AggregationBenchmarks.LuceneNet_SearchWithStats,Rowles.LeanCorpus.Benchmarks,AggregationBenchmarks,LuceneNet_SearchWithStats,DefaultJob,Default,Default,Default,Default,Default,Default,Default,Default,Default,Default,Default,Default,Default,Default,Default,Default,Default,Default,Default,Default,Default,Default,Default,Default,Default,Default,Default,Default,Default,Default,Default,Default,Default,Default,Default,Default,Default,Default,Default,Default,Default,DefaultJob,DocumentCount=100000,1,Workload,Actual,7,662963292,64,10358801.44,36,27,0,4114497
AggregationBenchmarks.LuceneNet_SearchWithStats,Rowles.LeanCorpus.Benchmarks,AggregationBenchmarks,LuceneNet_SearchWithStats,DefaultJob,Default,Default,Default,Default,Default,Default,Default,Default,Default,Default,Default,Default,Default,Default,Default,Default,Default,Default,Default,Default,Default,Default,Default,Default,Default,Default,Default,Default,Default,Default,Default,Default,Default,Default,Default,Default,Default,Default,Default,Default,Default,DefaultJob,DocumentCount=100000,1,Workload,Actual,8,664163695,64,10377557.73,36,27,0,4114497
AggregationBenchmarks.LuceneNet_SearchWithStats,Rowles.LeanCorpus.Benchmarks,AggregationBenchmarks,LuceneNet_SearchWithStats,DefaultJob,Default,Default,Default,Default,Default,Default,Default,Default,Default,Default,Default,Default,Default,Default,Default,Default,Default,Default,Default,Default,Default,Default,Default,Default,Default,Default,Default,Default,Default,Default,Default,Default,Default,Default,Default,Default,Default,Default,Default,Default,Default,DefaultJob,DocumentCount=100000,1,Workload,Actual,9,662617157,64,10353393.08,36,27,0,4114497
AggregationBenchmarks.LuceneNet_SearchWithStats,Rowles.LeanCorpus.Benchmarks,AggregationBenchmarks,LuceneNet_SearchWithStats,DefaultJob,Default,Default,Default,Default,Default,Default,Default,Default,Default,Default,Default,Default,Default,Default,Default,Default,Default,Default,Default,Default,Default,Default,Default,Default,Default,Default,Default,Default,Default,Default,Default,Default,Default,Default,Default,Default,Default,Default,Default,Default,Default,DefaultJob,DocumentCount=100000,1,Workload,Actual,10,663120138,64,10361252.16,36,27,0,4114497
AggregationBenchmarks.LuceneNet_SearchWithStats,Rowles.LeanCorpus.Benchmarks,AggregationBenchmarks,LuceneNet_SearchWithStats,DefaultJob,Default,Default,Default,Default,Default,Default,Default,Default,Default,Default,Default,Default,Default,Default,Default,Default,Default,Default,Default,Default,Default,Default,Default,Default,Default,Default,Default,Default,Default,Default,Default,Default,Default,Default,Default,Default,Default,Default,Default,Default,Default,DefaultJob,DocumentCount=100000,1,Workload,Actual,11,662407308,64,10350114.19,36,27,0,4114497
AggregationBenchmarks.LuceneNet_SearchWithStats,Rowles.LeanCorpus.Benchmarks,AggregationBenchmarks,LuceneNet_SearchWithStats,DefaultJob,Default,Default,Default,Default,Default,Default,Default,Default,Default,Default,Default,Default,Default,Default,Default,Default,Default,Default,Default,Default,Default,Default,Default,Default,Default,Default,Default,Default,Default,Default,Default,Default,Default,Default,Default,Default,Default,Default,Default,Default,Default,DefaultJob,DocumentCount=100000,1,Workload,Actual,12,664610210,64,10384534.53,36,27,0,4114497
AggregationBenchmarks.LuceneNet_SearchWithStats,Rowles.LeanCorpus.Benchmarks,AggregationBenchmarks,LuceneNet_SearchWithStats,DefaultJob,Default,Default,Default,Default,Default,Default,Default,Default,Default,Default,Default,Default,Default,Default,Default,Default,Default,Default,Default,Default,Default,Default,Default,Default,Default,Default,Default,Default,Default,Default,Default,Default,Default,Default,Default,Default,Default,Default,Default,Default,Default,DefaultJob,DocumentCount=100000,1,Workload,Actual,13,661691900,64,10338935.94,36,27,0,4114497
AggregationBenchmarks.LuceneNet_SearchWithStats,Rowles.LeanCorpus.Benchmarks,AggregationBenchmarks,LuceneNet_SearchWithStats,DefaultJob,Default,Default,Default,Default,Default,Default,Default,Default,Default,Default,Default,Default,Default,Default,Default,Default,Default,Default,Default,Default,Default,Default,Default,Default,Default,Default,Default,Default,Default,Default,Default,Default,Default,Default,Default,Default,Default,Default,Default,Default,Default,DefaultJob,DocumentCount=100000,1,Workload,Actual,14,663644834,64,10369450.53,36,27,0,4114497
AggregationBenchmarks.LuceneNet_SearchWithStats,Rowles.LeanCorpus.Benchmarks,AggregationBenchmarks,LuceneNet_SearchWithStats,DefaultJob,Default,Default,Default,Default,Default,Default,Default,Default,Default,Default,Default,Default,Default,Default,Default,Default,Default,Default,Default,Default,Default,Default,Default,Default,Default,Default,Default,Default,Default,Default,Default,Default,Default,Default,Default,Default,Default,Default,Default,Default,Default,DefaultJob,DocumentCount=100000,1,Workload,Actual,15,663829973,64,10372343.33,36,27,0,4114497
AggregationBenchmarks.LuceneNet_SearchWithStats,Rowles.LeanCorpus.Benchmarks,AggregationBenchmarks,LuceneNet_SearchWithStats,DefaultJob,Default,Default,Default,Default,Default,Default,Default,Default,Default,Default,Default,Default,Default,Default,Default,Default,Default,Default,Default,Default,Default,Default,Default,Default,Default,Default,Default,Default,Default,Default,Default,Default,Default,Default,Default,Default,Default,Default,Default,Default,Default,DefaultJob,DocumentCount=100000,1,Workload,Extra,1,656581870,64,10259091.72,36,27,0,4114497
AggregationBenchmarks.LuceneNet_SearchWithStats,Rowles.LeanCorpus.Benchmarks,AggregationBenchmarks,LuceneNet_SearchWithStats,DefaultJob,Default,Default,Default,Default,Default,Default,Default,Default,Default,Default,Default,Default,Default,Default,Default,Default,Default,Default,Default,Default,Default,Default,Default,Default,Default,Default,Default,Default,Default,Default,Default,Default,Default,Default,Default,Default,Default,Default,Default,Default,Default,DefaultJob,DocumentCount=100000,1,Workload,Result,1,653950687,64,10217979.48,36,27,0,4114497
AggregationBenchmarks.LuceneNet_SearchWithStats,Rowles.LeanCorpus.Benchmarks,AggregationBenchmarks,LuceneNet_SearchWithStats,DefaultJob,Default,Default,Default,Default,Default,Default,Default,Default,Default,Default,Default,Default,Default,Default,Default,Default,Default,Default,Default,Default,Default,Default,Default,Default,Default,Default,Default,Default,Default,Default,Default,Default,Default,Default,Default,Default,Default,Default,Default,Default,Default,DefaultJob,DocumentCount=100000,1,Workload,Result,2,656101222,64,10251581.59,36,27,0,4114497
AggregationBenchmarks.LuceneNet_SearchWithStats,Rowles.LeanCorpus.Benchmarks,AggregationBenchmarks,LuceneNet_SearchWithStats,DefaultJob,Default,Default,Default,Default,Default,Default,Default,Default,Default,Default,Default,Default,Default,Default,Default,Default,Default,Default,Default,Default,Default,Default,Default,Default,Default,Default,Default,Default,Default,Default,Default,Default,Default,Default,Default,Default,Default,Default,Default,Default,Default,DefaultJob,DocumentCount=100000,1,Workload,Result,3,664774303,64,10387098.48,36,27,0,4114497
AggregationBenchmarks.LuceneNet_SearchWithStats,Rowles.LeanCorpus.Benchmarks,AggregationBenchmarks,LuceneNet_SearchWithStats,DefaultJob,Default,Default,Default,Default,Default,Default,Default,Default,Default,Default,Default,Default,Default,Default,Default,Default,Default,Default,Default,Default,Default,Default,Default,Default,Default,Default,Default,Default,Default,Default,Default,Default,Default,Default,Default,Default,Default,Default,Default,Default,Default,DefaultJob,DocumentCount=100000,1,Workload,Result,4,662080831,64,10345012.98,36,27,0,4114497
AggregationBenchmarks.LuceneNet_SearchWithStats,Rowles.LeanCorpus.Benchmarks,AggregationBenchmarks,LuceneNet_SearchWithStats,DefaultJob,Default,Default,Default,Default,Default,Default,Default,Default,Default,Default,Default,Default,Default,Default,Default,Default,Default,Default,Default,Default,Default,Default,Default,Default,Default,Default,Default,Default,Default,Default,Default,Default,Default,Default,Default,Default,Default,Default,Default,Default,Default,DefaultJob,DocumentCount=100000,1,Workload,Result,5,659419450,64,10303428.91,36,27,0,4114497
AggregationBenchmarks.LuceneNet_SearchWithStats,Rowles.LeanCorpus.Benchmarks,AggregationBenchmarks,LuceneNet_SearchWithStats,DefaultJob,Default,Default,Default,Default,Default,Default,Default,Default,Default,Default,Default,Default,Default,Default,Default,Default,Default,Default,Default,Default,Default,Default,Default,Default,Default,Default,Default,Default,Default,Default,Default,Default,Default,Default,Default,Default,Default,Default,Default,Default,Default,DefaultJob,DocumentCount=100000,1,Workload,Result,6,663062910,64,10360357.97,36,27,0,4114497
AggregationBenchmarks.LuceneNet_SearchWithStats,Rowles.LeanCorpus.Benchmarks,AggregationBenchmarks,LuceneNet_SearchWithStats,DefaultJob,Default,Default,Default,Default,Default,Default,Default,Default,Default,Default,Default,Default,Default,Default,Default,Default,Default,Default,Default,Default,Default,Default,Default,Default,Default,Default,Default,Default,Default,Default,Default,Default,Default,Default,Default,Default,Default,Default,Default,Default,Default,DefaultJob,DocumentCount=100000,1,Workload,Result,7,662963292,64,10358801.44,36,27,0,4114497
AggregationBenchmarks.LuceneNet_SearchWithStats,Rowles.LeanCorpus.Benchmarks,AggregationBenchmarks,LuceneNet_SearchWithStats,DefaultJob,Default,Default,Default,Default,Default,Default,Default,Default,Default,Default,Default,Default,Default,Default,Default,Default,Default,Default,Default,Default,Default,Default,Default,Default,Default,Default,Default,Default,Default,Default,Default,Default,Default,Default,Default,Default,Default,Default,Default,Default,Default,DefaultJob,DocumentCount=100000,1,Workload,Result,8,664163695,64,10377557.73,36,27,0,4114497
AggregationBenchmarks.LuceneNet_SearchWithStats,Rowles.LeanCorpus.Benchmarks,AggregationBenchmarks,LuceneNet_SearchWithStats,DefaultJob,Default,Default,Default,Default,Default,Default,Default,Default,Default,Default,Default,Default,Default,Default,Default,Default,Default,Default,Default,Default,Default,Default,Default,Default,Default,Default,Default,Default,Default,Default,Default,Default,Default,Default,Default,Default,Default,Default,Default,Default,Default,DefaultJob,DocumentCount=100000,1,Workload,Result,9,662617157,64,10353393.08,36,27,0,4114497
AggregationBenchmarks.LuceneNet_SearchWithStats,Rowles.LeanCorpus.Benchmarks,AggregationBenchmarks,LuceneNet_SearchWithStats,DefaultJob,Default,Default,Default,Default,Default,Default,Default,Default,Default,Default,Default,Default,Default,Default,Default,Default,Default,Default,Default,Default,Default,Default,Default,Default,Default,Default,Default,Default,Default,Default,Default,Default,Default,Default,Default,Default,Default,Default,Default,Default,Default,DefaultJob,DocumentCount=100000,1,Workload,Result,10,663120138,64,10361252.16,36,27,0,4114497
AggregationBenchmarks.LuceneNet_SearchWithStats,Rowles.LeanCorpus.Benchmarks,AggregationBenchmarks,LuceneNet_SearchWithStats,DefaultJob,Default,Default,Default,Default,Default,Default,Default,Default,Default,Default,Default,Default,Default,Default,Default,Default,Default,Default,Default,Default,Default,Default,Default,Default,Default,Default,Default,Default,Default,Default,Default,Default,Default,Default,Default,Default,Default,Default,Default,Default,Default,DefaultJob,DocumentCount=100000,1,Workload,Result,11,662407308,64,10350114.19,36,27,0,4114497
AggregationBenchmarks.LuceneNet_SearchWithStats,Rowles.LeanCorpus.Benchmarks,AggregationBenchmarks,LuceneNet_SearchWithStats,DefaultJob,Default,Default,Default,Default,Default,Default,Default,Default,Default,Default,Default,Default,Default,Default,Default,Default,Default,Default,Default,Default,Default,Default,Default,Default,Default,Default,Default,Default,Default,Default,Default,Default,Default,Default,Default,Default,Default,Default,Default,Default,Default,DefaultJob,DocumentCount=100000,1,Workload,Result,12,664610210,64,10384534.53,36,27,0,4114497
AggregationBenchmarks.LuceneNet_SearchWithStats,Rowles.LeanCorpus.Benchmarks,AggregationBenchmarks,LuceneNet_SearchWithStats,DefaultJob,Default,Default,Default,Default,Default,Default,Default,Default,Default,Default,Default,Default,Default,Default,Default,Default,Default,Default,Default,Default,Default,Default,Default,Default,Default,Default,Default,Default,Default,Default,Default,Default,Default,Default,Default,Default,Default,Default,Default,Default,Default,DefaultJob,DocumentCount=100000,1,Workload,Result,13,661691900,64,10338935.94,36,27,0,4114497
AggregationBenchmarks.LuceneNet_SearchWithStats,Rowles.LeanCorpus.Benchmarks,AggregationBenchmarks,LuceneNet_SearchWithStats,DefaultJob,Default,Default,Default,Default,Default,Default,Default,Default,Default,Default,Default,Default,Default,Default,Default,Default,Default,Default,Default,Default,Default,Default,Default,Default,Default,Default,Default,Default,Default,Default,Default,Default,Default,Default,Default,Default,Default,Default,Default,Default,Default,DefaultJob,DocumentCount=100000,1,Workload,Result,14,663644834,64,10369450.53,36,27,0,4114497
AggregationBenchmarks.LuceneNet_SearchWithStats,Rowles.LeanCorpus.Benchmarks,AggregationBenchmarks,LuceneNet_SearchWithStats,DefaultJob,Default,Default,Default,Default,Default,Default,Default,Default,Default,Default,Default,Default,Default,Default,Default,Default,Default,Default,Default,Default,Default,Default,Default,Default,Default,Default,Default,Default,Default,Default,Default,Default,Default,Default,Default,Default,Default,Default,Default,Default,Default,DefaultJob,DocumentCount=100000,1,Workload,Result,15,663829973,64,10372343.33,36,27,0,4114497
