Target,Target_Namespace,Target_Type,Target_Method,Job_Id,Job_AnalyzeLaunchVariance,Job_EvaluateOverhead,Job_MaxAbsoluteError,Job_MaxRelativeError,Job_MinInvokeCount,Job_MinIterationTime,Job_OutlierMode,Job_Affinity,Job_EnvironmentVariables,Job_Jit,Job_LargeAddressAware,Job_Platform,Job_PowerPlanMode,Job_Runtime,Job_AllowVeryLargeObjects,Job_Concurrent,Job_CpuGroups,Job_Force,Job_HeapAffinitizeMask,Job_HeapCount,Job_NoAffinitize,Job_RetainVm,Job_Server,Job_Arguments,Job_BuildConfiguration,Job_Clock,Job_EngineFactory,Job_Toolchain,Job_IsMutator,Job_InvocationCount,Job_IterationCount,Job_IterationTime,Job_LaunchCount,Job_MaxIterationCount,Job_MaxWarmupIterationCount,Job_MemoryRandomization,Job_MinIterationCount,Job_MinWarmupIterationCount,Job_RunStrategy,Job_UnrollFactor,Job_WarmupCount,Job_Display,Params,Measurement_LaunchIndex,Measurement_IterationMode,Measurement_IterationStage,Measurement_IterationIndex,Measurement_Nanoseconds,Measurement_Operations,Measurement_Value,Gen_0,Gen_1,Gen_2,Allocated_Bytes
SimilarityBenchmarks.LeanCorpus_TfIdf_TermQuery,Rowles.LeanCorpus.Benchmarks,SimilarityBenchmarks,LeanCorpus_TfIdf_TermQuery,DefaultJob,Default,Default,Default,Default,Default,Default,Default,Default,Default,Default,Default,Default,Default,Default,Default,Default,Default,Default,Default,Default,Default,Default,Default,Default,Default,Default,Default,Default,Default,Default,Default,Default,Default,Default,Default,Default,Default,Default,Default,Default,Default,DefaultJob,DocumentCount=100000,1,Workload,Jitting,1,69394957,1,69394957,1,0,0,888
SimilarityBenchmarks.LeanCorpus_TfIdf_TermQuery,Rowles.LeanCorpus.Benchmarks,SimilarityBenchmarks,LeanCorpus_TfIdf_TermQuery,DefaultJob,Default,Default,Default,Default,Default,Default,Default,Default,Default,Default,Default,Default,Default,Default,Default,Default,Default,Default,Default,Default,Default,Default,Default,Default,Default,Default,Default,Default,Default,Default,Default,Default,Default,Default,Default,Default,Default,Default,Default,Default,Default,DefaultJob,DocumentCount=100000,1,Workload,Jitting,2,9673368,30,322445.6,1,0,0,888
SimilarityBenchmarks.LeanCorpus_TfIdf_TermQuery,Rowles.LeanCorpus.Benchmarks,SimilarityBenchmarks,LeanCorpus_TfIdf_TermQuery,DefaultJob,Default,Default,Default,Default,Default,Default,Default,Default,Default,Default,Default,Default,Default,Default,Default,Default,Default,Default,Default,Default,Default,Default,Default,Default,Default,Default,Default,Default,Default,Default,Default,Default,Default,Default,Default,Default,Default,Default,Default,Default,Default,DefaultJob,DocumentCount=100000,1,Workload,Jitting,3,7817623,30,260587.43,1,0,0,888
SimilarityBenchmarks.LeanCorpus_TfIdf_TermQuery,Rowles.LeanCorpus.Benchmarks,SimilarityBenchmarks,LeanCorpus_TfIdf_TermQuery,DefaultJob,Default,Default,Default,Default,Default,Default,Default,Default,Default,Default,Default,Default,Default,Default,Default,Default,Default,Default,Default,Default,Default,Default,Default,Default,Default,Default,Default,Default,Default,Default,Default,Default,Default,Default,Default,Default,Default,Default,Default,Default,Default,DefaultJob,DocumentCount=100000,1,Workload,Jitting,4,7406357,30,246878.57,1,0,0,888
SimilarityBenchmarks.LeanCorpus_TfIdf_TermQuery,Rowles.LeanCorpus.Benchmarks,SimilarityBenchmarks,LeanCorpus_TfIdf_TermQuery,DefaultJob,Default,Default,Default,Default,Default,Default,Default,Default,Default,Default,Default,Default,Default,Default,Default,Default,Default,Default,Default,Default,Default,Default,Default,Default,Default,Default,Default,Default,Default,Default,Default,Default,Default,Default,Default,Default,Default,Default,Default,Default,Default,DefaultJob,DocumentCount=100000,1,Workload,Jitting,5,310883,1,310883,1,0,0,888
SimilarityBenchmarks.LeanCorpus_TfIdf_TermQuery,Rowles.LeanCorpus.Benchmarks,SimilarityBenchmarks,LeanCorpus_TfIdf_TermQuery,DefaultJob,Default,Default,Default,Default,Default,Default,Default,Default,Default,Default,Default,Default,Default,Default,Default,Default,Default,Default,Default,Default,Default,Default,Default,Default,Default,Default,Default,Default,Default,Default,Default,Default,Default,Default,Default,Default,Default,Default,Default,Default,Default,DefaultJob,DocumentCount=100000,1,Workload,Pilot,1,323439,1,323439,1,0,0,888
SimilarityBenchmarks.LeanCorpus_TfIdf_TermQuery,Rowles.LeanCorpus.Benchmarks,SimilarityBenchmarks,LeanCorpus_TfIdf_TermQuery,DefaultJob,Default,Default,Default,Default,Default,Default,Default,Default,Default,Default,Default,Default,Default,Default,Default,Default,Default,Default,Default,Default,Default,Default,Default,Default,Default,Default,Default,Default,Default,Default,Default,Default,Default,Default,Default,Default,Default,Default,Default,Default,Default,DefaultJob,DocumentCount=100000,1,Workload,Pilot,1,4586705,16,286669.06,1,0,0,888
SimilarityBenchmarks.LeanCorpus_TfIdf_TermQuery,Rowles.LeanCorpus.Benchmarks,SimilarityBenchmarks,LeanCorpus_TfIdf_TermQuery,DefaultJob,Default,Default,Default,Default,Default,Default,Default,Default,Default,Default,Default,Default,Default,Default,Default,Default,Default,Default,Default,Default,Default,Default,Default,Default,Default,Default,Default,Default,Default,Default,Default,Default,Default,Default,Default,Default,Default,Default,Default,Default,Default,DefaultJob,DocumentCount=100000,1,Workload,Pilot,2,8444156,32,263879.88,1,0,0,888
SimilarityBenchmarks.LeanCorpus_TfIdf_TermQuery,Rowles.LeanCorpus.Benchmarks,SimilarityBenchmarks,LeanCorpus_TfIdf_TermQuery,DefaultJob,Default,Default,Default,Default,Default,Default,Default,Default,Default,Default,Default,Default,Default,Default,Default,Default,Default,Default,Default,Default,Default,Default,Default,Default,Default,Default,Default,Default,Default,Default,Default,Default,Default,Default,Default,Default,Default,Default,Default,Default,Default,DefaultJob,DocumentCount=100000,1,Workload,Pilot,3,16044049,64,250688.27,1,0,0,888
SimilarityBenchmarks.LeanCorpus_TfIdf_TermQuery,Rowles.LeanCorpus.Benchmarks,SimilarityBenchmarks,LeanCorpus_TfIdf_TermQuery,DefaultJob,Default,Default,Default,Default,Default,Default,Default,Default,Default,Default,Default,Default,Default,Default,Default,Default,Default,Default,Default,Default,Default,Default,Default,Default,Default,Default,Default,Default,Default,Default,Default,Default,Default,Default,Default,Default,Default,Default,Default,Default,Default,DefaultJob,DocumentCount=100000,1,Workload,Pilot,4,25221176,128,197040.44,1,0,0,888
SimilarityBenchmarks.LeanCorpus_TfIdf_TermQuery,Rowles.LeanCorpus.Benchmarks,SimilarityBenchmarks,LeanCorpus_TfIdf_TermQuery,DefaultJob,Default,Default,Default,Default,Default,Default,Default,Default,Default,Default,Default,Default,Default,Default,Default,Default,Default,Default,Default,Default,Default,Default,Default,Default,Default,Default,Default,Default,Default,Default,Default,Default,Default,Default,Default,Default,Default,Default,Default,Default,Default,DefaultJob,DocumentCount=100000,1,Workload,Pilot,5,38071689,256,148717.54,1,0,0,888
SimilarityBenchmarks.LeanCorpus_TfIdf_TermQuery,Rowles.LeanCorpus.Benchmarks,SimilarityBenchmarks,LeanCorpus_TfIdf_TermQuery,DefaultJob,Default,Default,Default,Default,Default,Default,Default,Default,Default,Default,Default,Default,Default,Default,Default,Default,Default,Default,Default,Default,Default,Default,Default,Default,Default,Default,Default,Default,Default,Default,Default,Default,Default,Default,Default,Default,Default,Default,Default,Default,Default,DefaultJob,DocumentCount=100000,1,Workload,Pilot,6,62460088,512,121992.36,1,0,0,888
SimilarityBenchmarks.LeanCorpus_TfIdf_TermQuery,Rowles.LeanCorpus.Benchmarks,SimilarityBenchmarks,LeanCorpus_TfIdf_TermQuery,DefaultJob,Default,Default,Default,Default,Default,Default,Default,Default,Default,Default,Default,Default,Default,Default,Default,Default,Default,Default,Default,Default,Default,Default,Default,Default,Default,Default,Default,Default,Default,Default,Default,Default,Default,Default,Default,Default,Default,Default,Default,Default,Default,DefaultJob,DocumentCount=100000,1,Workload,Pilot,7,122694471,1024,119818.82,1,0,0,888
SimilarityBenchmarks.LeanCorpus_TfIdf_TermQuery,Rowles.LeanCorpus.Benchmarks,SimilarityBenchmarks,LeanCorpus_TfIdf_TermQuery,DefaultJob,Default,Default,Default,Default,Default,Default,Default,Default,Default,Default,Default,Default,Default,Default,Default,Default,Default,Default,Default,Default,Default,Default,Default,Default,Default,Default,Default,Default,Default,Default,Default,Default,Default,Default,Default,Default,Default,Default,Default,Default,Default,DefaultJob,DocumentCount=100000,1,Workload,Pilot,8,245829098,2048,120033.74,1,0,0,888
SimilarityBenchmarks.LeanCorpus_TfIdf_TermQuery,Rowles.LeanCorpus.Benchmarks,SimilarityBenchmarks,LeanCorpus_TfIdf_TermQuery,DefaultJob,Default,Default,Default,Default,Default,Default,Default,Default,Default,Default,Default,Default,Default,Default,Default,Default,Default,Default,Default,Default,Default,Default,Default,Default,Default,Default,Default,Default,Default,Default,Default,Default,Default,Default,Default,Default,Default,Default,Default,Default,Default,DefaultJob,DocumentCount=100000,1,Workload,Pilot,9,489495897,4096,119505.83,1,0,0,888
SimilarityBenchmarks.LeanCorpus_TfIdf_TermQuery,Rowles.LeanCorpus.Benchmarks,SimilarityBenchmarks,LeanCorpus_TfIdf_TermQuery,DefaultJob,Default,Default,Default,Default,Default,Default,Default,Default,Default,Default,Default,Default,Default,Default,Default,Default,Default,Default,Default,Default,Default,Default,Default,Default,Default,Default,Default,Default,Default,Default,Default,Default,Default,Default,Default,Default,Default,Default,Default,Default,Default,DefaultJob,DocumentCount=100000,1,Workload,Pilot,10,986966532,8192,120479.31,1,0,0,888
SimilarityBenchmarks.LeanCorpus_TfIdf_TermQuery,Rowles.LeanCorpus.Benchmarks,SimilarityBenchmarks,LeanCorpus_TfIdf_TermQuery,DefaultJob,Default,Default,Default,Default,Default,Default,Default,Default,Default,Default,Default,Default,Default,Default,Default,Default,Default,Default,Default,Default,Default,Default,Default,Default,Default,Default,Default,Default,Default,Default,Default,Default,Default,Default,Default,Default,Default,Default,Default,Default,Default,DefaultJob,DocumentCount=100000,1,Workload,Warmup,1,987009499,8192,120484.56,1,0,0,888
SimilarityBenchmarks.LeanCorpus_TfIdf_TermQuery,Rowles.LeanCorpus.Benchmarks,SimilarityBenchmarks,LeanCorpus_TfIdf_TermQuery,DefaultJob,Default,Default,Default,Default,Default,Default,Default,Default,Default,Default,Default,Default,Default,Default,Default,Default,Default,Default,Default,Default,Default,Default,Default,Default,Default,Default,Default,Default,Default,Default,Default,Default,Default,Default,Default,Default,Default,Default,Default,Default,Default,DefaultJob,DocumentCount=100000,1,Workload,Warmup,2,1001925872,8192,122305.4,1,0,0,888
SimilarityBenchmarks.LeanCorpus_TfIdf_TermQuery,Rowles.LeanCorpus.Benchmarks,SimilarityBenchmarks,LeanCorpus_TfIdf_TermQuery,DefaultJob,Default,Default,Default,Default,Default,Default,Default,Default,Default,Default,Default,Default,Default,Default,Default,Default,Default,Default,Default,Default,Default,Default,Default,Default,Default,Default,Default,Default,Default,Default,Default,Default,Default,Default,Default,Default,Default,Default,Default,Default,Default,DefaultJob,DocumentCount=100000,1,Workload,Warmup,3,1003411424,8192,122486.75,1,0,0,888
SimilarityBenchmarks.LeanCorpus_TfIdf_TermQuery,Rowles.LeanCorpus.Benchmarks,SimilarityBenchmarks,LeanCorpus_TfIdf_TermQuery,DefaultJob,Default,Default,Default,Default,Default,Default,Default,Default,Default,Default,Default,Default,Default,Default,Default,Default,Default,Default,Default,Default,Default,Default,Default,Default,Default,Default,Default,Default,Default,Default,Default,Default,Default,Default,Default,Default,Default,Default,Default,Default,Default,DefaultJob,DocumentCount=100000,1,Workload,Warmup,4,1007567328,8192,122994.06,1,0,0,888
SimilarityBenchmarks.LeanCorpus_TfIdf_TermQuery,Rowles.LeanCorpus.Benchmarks,SimilarityBenchmarks,LeanCorpus_TfIdf_TermQuery,DefaultJob,Default,Default,Default,Default,Default,Default,Default,Default,Default,Default,Default,Default,Default,Default,Default,Default,Default,Default,Default,Default,Default,Default,Default,Default,Default,Default,Default,Default,Default,Default,Default,Default,Default,Default,Default,Default,Default,Default,Default,Default,Default,DefaultJob,DocumentCount=100000,1,Workload,Warmup,5,1005088856,8192,122691.51,1,0,0,888
SimilarityBenchmarks.LeanCorpus_TfIdf_TermQuery,Rowles.LeanCorpus.Benchmarks,SimilarityBenchmarks,LeanCorpus_TfIdf_TermQuery,DefaultJob,Default,Default,Default,Default,Default,Default,Default,Default,Default,Default,Default,Default,Default,Default,Default,Default,Default,Default,Default,Default,Default,Default,Default,Default,Default,Default,Default,Default,Default,Default,Default,Default,Default,Default,Default,Default,Default,Default,Default,Default,Default,DefaultJob,DocumentCount=100000,1,Workload,Warmup,6,998891914,8192,121935.05,1,0,0,888
SimilarityBenchmarks.LeanCorpus_TfIdf_TermQuery,Rowles.LeanCorpus.Benchmarks,SimilarityBenchmarks,LeanCorpus_TfIdf_TermQuery,DefaultJob,Default,Default,Default,Default,Default,Default,Default,Default,Default,Default,Default,Default,Default,Default,Default,Default,Default,Default,Default,Default,Default,Default,Default,Default,Default,Default,Default,Default,Default,Default,Default,Default,Default,Default,Default,Default,Default,Default,Default,Default,Default,DefaultJob,DocumentCount=100000,1,Workload,Warmup,7,996146463,8192,121599.91,1,0,0,888
SimilarityBenchmarks.LeanCorpus_TfIdf_TermQuery,Rowles.LeanCorpus.Benchmarks,SimilarityBenchmarks,LeanCorpus_TfIdf_TermQuery,DefaultJob,Default,Default,Default,Default,Default,Default,Default,Default,Default,Default,Default,Default,Default,Default,Default,Default,Default,Default,Default,Default,Default,Default,Default,Default,Default,Default,Default,Default,Default,Default,Default,Default,Default,Default,Default,Default,Default,Default,Default,Default,Default,DefaultJob,DocumentCount=100000,1,Workload,Warmup,8,1008957108,8192,123163.71,1,0,0,888
SimilarityBenchmarks.LeanCorpus_TfIdf_TermQuery,Rowles.LeanCorpus.Benchmarks,SimilarityBenchmarks,LeanCorpus_TfIdf_TermQuery,DefaultJob,Default,Default,Default,Default,Default,Default,Default,Default,Default,Default,Default,Default,Default,Default,Default,Default,Default,Default,Default,Default,Default,Default,Default,Default,Default,Default,Default,Default,Default,Default,Default,Default,Default,Default,Default,Default,Default,Default,Default,Default,Default,DefaultJob,DocumentCount=100000,1,Workload,Warmup,9,1002915145,8192,122426.17,1,0,0,888
SimilarityBenchmarks.LeanCorpus_TfIdf_TermQuery,Rowles.LeanCorpus.Benchmarks,SimilarityBenchmarks,LeanCorpus_TfIdf_TermQuery,DefaultJob,Default,Default,Default,Default,Default,Default,Default,Default,Default,Default,Default,Default,Default,Default,Default,Default,Default,Default,Default,Default,Default,Default,Default,Default,Default,Default,Default,Default,Default,Default,Default,Default,Default,Default,Default,Default,Default,Default,Default,Default,Default,DefaultJob,DocumentCount=100000,1,Workload,Actual,1,1007551881,8192,122992.17,1,0,0,888
SimilarityBenchmarks.LeanCorpus_TfIdf_TermQuery,Rowles.LeanCorpus.Benchmarks,SimilarityBenchmarks,LeanCorpus_TfIdf_TermQuery,DefaultJob,Default,Default,Default,Default,Default,Default,Default,Default,Default,Default,Default,Default,Default,Default,Default,Default,Default,Default,Default,Default,Default,Default,Default,Default,Default,Default,Default,Default,Default,Default,Default,Default,Default,Default,Default,Default,Default,Default,Default,Default,Default,DefaultJob,DocumentCount=100000,1,Workload,Actual,2,1004272916,8192,122591.91,1,0,0,888
SimilarityBenchmarks.LeanCorpus_TfIdf_TermQuery,Rowles.LeanCorpus.Benchmarks,SimilarityBenchmarks,LeanCorpus_TfIdf_TermQuery,DefaultJob,Default,Default,Default,Default,Default,Default,Default,Default,Default,Default,Default,Default,Default,Default,Default,Default,Default,Default,Default,Default,Default,Default,Default,Default,Default,Default,Default,Default,Default,Default,Default,Default,Default,Default,Default,Default,Default,Default,Default,Default,Default,DefaultJob,DocumentCount=100000,1,Workload,Actual,3,1008119665,8192,123061.48,1,0,0,888
SimilarityBenchmarks.LeanCorpus_TfIdf_TermQuery,Rowles.LeanCorpus.Benchmarks,SimilarityBenchmarks,LeanCorpus_TfIdf_TermQuery,DefaultJob,Default,Default,Default,Default,Default,Default,Default,Default,Default,Default,Default,Default,Default,Default,Default,Default,Default,Default,Default,Default,Default,Default,Default,Default,Default,Default,Default,Default,Default,Default,Default,Default,Default,Default,Default,Default,Default,Default,Default,Default,Default,DefaultJob,DocumentCount=100000,1,Workload,Actual,4,993238957,8192,121244.99,1,0,0,888
SimilarityBenchmarks.LeanCorpus_TfIdf_TermQuery,Rowles.LeanCorpus.Benchmarks,SimilarityBenchmarks,LeanCorpus_TfIdf_TermQuery,DefaultJob,Default,Default,Default,Default,Default,Default,Default,Default,Default,Default,Default,Default,Default,Default,Default,Default,Default,Default,Default,Default,Default,Default,Default,Default,Default,Default,Default,Default,Default,Default,Default,Default,Default,Default,Default,Default,Default,Default,Default,Default,Default,DefaultJob,DocumentCount=100000,1,Workload,Actual,5,1008388354,8192,123094.28,1,0,0,888
SimilarityBenchmarks.LeanCorpus_TfIdf_TermQuery,Rowles.LeanCorpus.Benchmarks,SimilarityBenchmarks,LeanCorpus_TfIdf_TermQuery,DefaultJob,Default,Default,Default,Default,Default,Default,Default,Default,Default,Default,Default,Default,Default,Default,Default,Default,Default,Default,Default,Default,Default,Default,Default,Default,Default,Default,Default,Default,Default,Default,Default,Default,Default,Default,Default,Default,Default,Default,Default,Default,Default,DefaultJob,DocumentCount=100000,1,Workload,Actual,6,1007896251,8192,123034.21,1,0,0,888
SimilarityBenchmarks.LeanCorpus_TfIdf_TermQuery,Rowles.LeanCorpus.Benchmarks,SimilarityBenchmarks,LeanCorpus_TfIdf_TermQuery,DefaultJob,Default,Default,Default,Default,Default,Default,Default,Default,Default,Default,Default,Default,Default,Default,Default,Default,Default,Default,Default,Default,Default,Default,Default,Default,Default,Default,Default,Default,Default,Default,Default,Default,Default,Default,Default,Default,Default,Default,Default,Default,Default,DefaultJob,DocumentCount=100000,1,Workload,Actual,7,1007060424,8192,122932.18,1,0,0,888
SimilarityBenchmarks.LeanCorpus_TfIdf_TermQuery,Rowles.LeanCorpus.Benchmarks,SimilarityBenchmarks,LeanCorpus_TfIdf_TermQuery,DefaultJob,Default,Default,Default,Default,Default,Default,Default,Default,Default,Default,Default,Default,Default,Default,Default,Default,Default,Default,Default,Default,Default,Default,Default,Default,Default,Default,Default,Default,Default,Default,Default,Default,Default,Default,Default,Default,Default,Default,Default,Default,Default,DefaultJob,DocumentCount=100000,1,Workload,Actual,8,1007808272,8192,123023.47,1,0,0,888
SimilarityBenchmarks.LeanCorpus_TfIdf_TermQuery,Rowles.LeanCorpus.Benchmarks,SimilarityBenchmarks,LeanCorpus_TfIdf_TermQuery,DefaultJob,Default,Default,Default,Default,Default,Default,Default,Default,Default,Default,Default,Default,Default,Default,Default,Default,Default,Default,Default,Default,Default,Default,Default,Default,Default,Default,Default,Default,Default,Default,Default,Default,Default,Default,Default,Default,Default,Default,Default,Default,Default,DefaultJob,DocumentCount=100000,1,Workload,Actual,9,1002740125,8192,122404.8,1,0,0,888
SimilarityBenchmarks.LeanCorpus_TfIdf_TermQuery,Rowles.LeanCorpus.Benchmarks,SimilarityBenchmarks,LeanCorpus_TfIdf_TermQuery,DefaultJob,Default,Default,Default,Default,Default,Default,Default,Default,Default,Default,Default,Default,Default,Default,Default,Default,Default,Default,Default,Default,Default,Default,Default,Default,Default,Default,Default,Default,Default,Default,Default,Default,Default,Default,Default,Default,Default,Default,Default,Default,Default,DefaultJob,DocumentCount=100000,1,Workload,Actual,10,1007069965,8192,122933.35,1,0,0,888
SimilarityBenchmarks.LeanCorpus_TfIdf_TermQuery,Rowles.LeanCorpus.Benchmarks,SimilarityBenchmarks,LeanCorpus_TfIdf_TermQuery,DefaultJob,Default,Default,Default,Default,Default,Default,Default,Default,Default,Default,Default,Default,Default,Default,Default,Default,Default,Default,Default,Default,Default,Default,Default,Default,Default,Default,Default,Default,Default,Default,Default,Default,Default,Default,Default,Default,Default,Default,Default,Default,Default,DefaultJob,DocumentCount=100000,1,Workload,Actual,11,1007991624,8192,123045.85,1,0,0,888
SimilarityBenchmarks.LeanCorpus_TfIdf_TermQuery,Rowles.LeanCorpus.Benchmarks,SimilarityBenchmarks,LeanCorpus_TfIdf_TermQuery,DefaultJob,Default,Default,Default,Default,Default,Default,Default,Default,Default,Default,Default,Default,Default,Default,Default,Default,Default,Default,Default,Default,Default,Default,Default,Default,Default,Default,Default,Default,Default,Default,Default,Default,Default,Default,Default,Default,Default,Default,Default,Default,Default,DefaultJob,DocumentCount=100000,1,Workload,Actual,12,998032870,8192,121830.18,1,0,0,888
SimilarityBenchmarks.LeanCorpus_TfIdf_TermQuery,Rowles.LeanCorpus.Benchmarks,SimilarityBenchmarks,LeanCorpus_TfIdf_TermQuery,DefaultJob,Default,Default,Default,Default,Default,Default,Default,Default,Default,Default,Default,Default,Default,Default,Default,Default,Default,Default,Default,Default,Default,Default,Default,Default,Default,Default,Default,Default,Default,Default,Default,Default,Default,Default,Default,Default,Default,Default,Default,Default,Default,DefaultJob,DocumentCount=100000,1,Workload,Actual,13,993388215,8192,121263.21,1,0,0,888
SimilarityBenchmarks.LeanCorpus_TfIdf_TermQuery,Rowles.LeanCorpus.Benchmarks,SimilarityBenchmarks,LeanCorpus_TfIdf_TermQuery,DefaultJob,Default,Default,Default,Default,Default,Default,Default,Default,Default,Default,Default,Default,Default,Default,Default,Default,Default,Default,Default,Default,Default,Default,Default,Default,Default,Default,Default,Default,Default,Default,Default,Default,Default,Default,Default,Default,Default,Default,Default,Default,Default,DefaultJob,DocumentCount=100000,1,Workload,Actual,14,998074044,8192,121835.21,1,0,0,888
SimilarityBenchmarks.LeanCorpus_TfIdf_TermQuery,Rowles.LeanCorpus.Benchmarks,SimilarityBenchmarks,LeanCorpus_TfIdf_TermQuery,DefaultJob,Default,Default,Default,Default,Default,Default,Default,Default,Default,Default,Default,Default,Default,Default,Default,Default,Default,Default,Default,Default,Default,Default,Default,Default,Default,Default,Default,Default,Default,Default,Default,Default,Default,Default,Default,Default,Default,Default,Default,Default,Default,DefaultJob,DocumentCount=100000,1,Workload,Actual,15,991388368,8192,121019.09,1,0,0,888
SimilarityBenchmarks.LeanCorpus_TfIdf_TermQuery,Rowles.LeanCorpus.Benchmarks,SimilarityBenchmarks,LeanCorpus_TfIdf_TermQuery,DefaultJob,Default,Default,Default,Default,Default,Default,Default,Default,Default,Default,Default,Default,Default,Default,Default,Default,Default,Default,Default,Default,Default,Default,Default,Default,Default,Default,Default,Default,Default,Default,Default,Default,Default,Default,Default,Default,Default,Default,Default,Default,Default,DefaultJob,DocumentCount=100000,1,Workload,Extra,1,1006409510,8192,122852.72,1,0,0,888
SimilarityBenchmarks.LeanCorpus_TfIdf_TermQuery,Rowles.LeanCorpus.Benchmarks,SimilarityBenchmarks,LeanCorpus_TfIdf_TermQuery,DefaultJob,Default,Default,Default,Default,Default,Default,Default,Default,Default,Default,Default,Default,Default,Default,Default,Default,Default,Default,Default,Default,Default,Default,Default,Default,Default,Default,Default,Default,Default,Default,Default,Default,Default,Default,Default,Default,Default,Default,Default,Default,Default,DefaultJob,DocumentCount=100000,1,Workload,Result,1,1007551881,8192,122992.17,1,0,0,888
SimilarityBenchmarks.LeanCorpus_TfIdf_TermQuery,Rowles.LeanCorpus.Benchmarks,SimilarityBenchmarks,LeanCorpus_TfIdf_TermQuery,DefaultJob,Default,Default,Default,Default,Default,Default,Default,Default,Default,Default,Default,Default,Default,Default,Default,Default,Default,Default,Default,Default,Default,Default,Default,Default,Default,Default,Default,Default,Default,Default,Default,Default,Default,Default,Default,Default,Default,Default,Default,Default,Default,DefaultJob,DocumentCount=100000,1,Workload,Result,2,1004272916,8192,122591.91,1,0,0,888
SimilarityBenchmarks.LeanCorpus_TfIdf_TermQuery,Rowles.LeanCorpus.Benchmarks,SimilarityBenchmarks,LeanCorpus_TfIdf_TermQuery,DefaultJob,Default,Default,Default,Default,Default,Default,Default,Default,Default,Default,Default,Default,Default,Default,Default,Default,Default,Default,Default,Default,Default,Default,Default,Default,Default,Default,Default,Default,Default,Default,Default,Default,Default,Default,Default,Default,Default,Default,Default,Default,Default,DefaultJob,DocumentCount=100000,1,Workload,Result,3,1008119665,8192,123061.48,1,0,0,888
SimilarityBenchmarks.LeanCorpus_TfIdf_TermQuery,Rowles.LeanCorpus.Benchmarks,SimilarityBenchmarks,LeanCorpus_TfIdf_TermQuery,DefaultJob,Default,Default,Default,Default,Default,Default,Default,Default,Default,Default,Default,Default,Default,Default,Default,Default,Default,Default,Default,Default,Default,Default,Default,Default,Default,Default,Default,Default,Default,Default,Default,Default,Default,Default,Default,Default,Default,Default,Default,Default,Default,DefaultJob,DocumentCount=100000,1,Workload,Result,4,993238957,8192,121244.99,1,0,0,888
SimilarityBenchmarks.LeanCorpus_TfIdf_TermQuery,Rowles.LeanCorpus.Benchmarks,SimilarityBenchmarks,LeanCorpus_TfIdf_TermQuery,DefaultJob,Default,Default,Default,Default,Default,Default,Default,Default,Default,Default,Default,Default,Default,Default,Default,Default,Default,Default,Default,Default,Default,Default,Default,Default,Default,Default,Default,Default,Default,Default,Default,Default,Default,Default,Default,Default,Default,Default,Default,Default,Default,DefaultJob,DocumentCount=100000,1,Workload,Result,5,1008388354,8192,123094.28,1,0,0,888
SimilarityBenchmarks.LeanCorpus_TfIdf_TermQuery,Rowles.LeanCorpus.Benchmarks,SimilarityBenchmarks,LeanCorpus_TfIdf_TermQuery,DefaultJob,Default,Default,Default,Default,Default,Default,Default,Default,Default,Default,Default,Default,Default,Default,Default,Default,Default,Default,Default,Default,Default,Default,Default,Default,Default,Default,Default,Default,Default,Default,Default,Default,Default,Default,Default,Default,Default,Default,Default,Default,Default,DefaultJob,DocumentCount=100000,1,Workload,Result,6,1007896251,8192,123034.21,1,0,0,888
SimilarityBenchmarks.LeanCorpus_TfIdf_TermQuery,Rowles.LeanCorpus.Benchmarks,SimilarityBenchmarks,LeanCorpus_TfIdf_TermQuery,DefaultJob,Default,Default,Default,Default,Default,Default,Default,Default,Default,Default,Default,Default,Default,Default,Default,Default,Default,Default,Default,Default,Default,Default,Default,Default,Default,Default,Default,Default,Default,Default,Default,Default,Default,Default,Default,Default,Default,Default,Default,Default,Default,DefaultJob,DocumentCount=100000,1,Workload,Result,7,1007060424,8192,122932.18,1,0,0,888
SimilarityBenchmarks.LeanCorpus_TfIdf_TermQuery,Rowles.LeanCorpus.Benchmarks,SimilarityBenchmarks,LeanCorpus_TfIdf_TermQuery,DefaultJob,Default,Default,Default,Default,Default,Default,Default,Default,Default,Default,Default,Default,Default,Default,Default,Default,Default,Default,Default,Default,Default,Default,Default,Default,Default,Default,Default,Default,Default,Default,Default,Default,Default,Default,Default,Default,Default,Default,Default,Default,Default,DefaultJob,DocumentCount=100000,1,Workload,Result,8,1007808272,8192,123023.47,1,0,0,888
SimilarityBenchmarks.LeanCorpus_TfIdf_TermQuery,Rowles.LeanCorpus.Benchmarks,SimilarityBenchmarks,LeanCorpus_TfIdf_TermQuery,DefaultJob,Default,Default,Default,Default,Default,Default,Default,Default,Default,Default,Default,Default,Default,Default,Default,Default,Default,Default,Default,Default,Default,Default,Default,Default,Default,Default,Default,Default,Default,Default,Default,Default,Default,Default,Default,Default,Default,Default,Default,Default,Default,DefaultJob,DocumentCount=100000,1,Workload,Result,9,1002740125,8192,122404.8,1,0,0,888
SimilarityBenchmarks.LeanCorpus_TfIdf_TermQuery,Rowles.LeanCorpus.Benchmarks,SimilarityBenchmarks,LeanCorpus_TfIdf_TermQuery,DefaultJob,Default,Default,Default,Default,Default,Default,Default,Default,Default,Default,Default,Default,Default,Default,Default,Default,Default,Default,Default,Default,Default,Default,Default,Default,Default,Default,Default,Default,Default,Default,Default,Default,Default,Default,Default,Default,Default,Default,Default,Default,Default,DefaultJob,DocumentCount=100000,1,Workload,Result,10,1007069965,8192,122933.35,1,0,0,888
SimilarityBenchmarks.LeanCorpus_TfIdf_TermQuery,Rowles.LeanCorpus.Benchmarks,SimilarityBenchmarks,LeanCorpus_TfIdf_TermQuery,DefaultJob,Default,Default,Default,Default,Default,Default,Default,Default,Default,Default,Default,Default,Default,Default,Default,Default,Default,Default,Default,Default,Default,Default,Default,Default,Default,Default,Default,Default,Default,Default,Default,Default,Default,Default,Default,Default,Default,Default,Default,Default,Default,DefaultJob,DocumentCount=100000,1,Workload,Result,11,1007991624,8192,123045.85,1,0,0,888
SimilarityBenchmarks.LeanCorpus_TfIdf_TermQuery,Rowles.LeanCorpus.Benchmarks,SimilarityBenchmarks,LeanCorpus_TfIdf_TermQuery,DefaultJob,Default,Default,Default,Default,Default,Default,Default,Default,Default,Default,Default,Default,Default,Default,Default,Default,Default,Default,Default,Default,Default,Default,Default,Default,Default,Default,Default,Default,Default,Default,Default,Default,Default,Default,Default,Default,Default,Default,Default,Default,Default,DefaultJob,DocumentCount=100000,1,Workload,Result,12,998032870,8192,121830.18,1,0,0,888
SimilarityBenchmarks.LeanCorpus_TfIdf_TermQuery,Rowles.LeanCorpus.Benchmarks,SimilarityBenchmarks,LeanCorpus_TfIdf_TermQuery,DefaultJob,Default,Default,Default,Default,Default,Default,Default,Default,Default,Default,Default,Default,Default,Default,Default,Default,Default,Default,Default,Default,Default,Default,Default,Default,Default,Default,Default,Default,Default,Default,Default,Default,Default,Default,Default,Default,Default,Default,Default,Default,Default,DefaultJob,DocumentCount=100000,1,Workload,Result,13,993388215,8192,121263.21,1,0,0,888
SimilarityBenchmarks.LeanCorpus_TfIdf_TermQuery,Rowles.LeanCorpus.Benchmarks,SimilarityBenchmarks,LeanCorpus_TfIdf_TermQuery,DefaultJob,Default,Default,Default,Default,Default,Default,Default,Default,Default,Default,Default,Default,Default,Default,Default,Default,Default,Default,Default,Default,Default,Default,Default,Default,Default,Default,Default,Default,Default,Default,Default,Default,Default,Default,Default,Default,Default,Default,Default,Default,Default,DefaultJob,DocumentCount=100000,1,Workload,Result,14,998074044,8192,121835.21,1,0,0,888
SimilarityBenchmarks.LeanCorpus_TfIdf_TermQuery,Rowles.LeanCorpus.Benchmarks,SimilarityBenchmarks,LeanCorpus_TfIdf_TermQuery,DefaultJob,Default,Default,Default,Default,Default,Default,Default,Default,Default,Default,Default,Default,Default,Default,Default,Default,Default,Default,Default,Default,Default,Default,Default,Default,Default,Default,Default,Default,Default,Default,Default,Default,Default,Default,Default,Default,Default,Default,Default,Default,Default,DefaultJob,DocumentCount=100000,1,Workload,Result,15,991388368,8192,121019.09,1,0,0,888
SimilarityBenchmarks.LuceneNet_TfIdf_TermQuery,Rowles.LeanCorpus.Benchmarks,SimilarityBenchmarks,LuceneNet_TfIdf_TermQuery,DefaultJob,Default,Default,Default,Default,Default,Default,Default,Default,Default,Default,Default,Default,Default,Default,Default,Default,Default,Default,Default,Default,Default,Default,Default,Default,Default,Default,Default,Default,Default,Default,Default,Default,Default,Default,Default,Default,Default,Default,Default,Default,Default,DefaultJob,DocumentCount=100000,1,Workload,Jitting,1,32464600,1,32464600,49,1,0,51119
SimilarityBenchmarks.LuceneNet_TfIdf_TermQuery,Rowles.LeanCorpus.Benchmarks,SimilarityBenchmarks,LuceneNet_TfIdf_TermQuery,DefaultJob,Default,Default,Default,Default,Default,Default,Default,Default,Default,Default,Default,Default,Default,Default,Default,Default,Default,Default,Default,Default,Default,Default,Default,Default,Default,Default,Default,Default,Default,Default,Default,Default,Default,Default,Default,Default,Default,Default,Default,Default,Default,DefaultJob,DocumentCount=100000,1,Workload,Jitting,2,49058156,30,1635271.87,49,1,0,51119
SimilarityBenchmarks.LuceneNet_TfIdf_TermQuery,Rowles.LeanCorpus.Benchmarks,SimilarityBenchmarks,LuceneNet_TfIdf_TermQuery,DefaultJob,Default,Default,Default,Default,Default,Default,Default,Default,Default,Default,Default,Default,Default,Default,Default,Default,Default,Default,Default,Default,Default,Default,Default,Default,Default,Default,Default,Default,Default,Default,Default,Default,Default,Default,Default,Default,Default,Default,Default,Default,Default,DefaultJob,DocumentCount=100000,1,Workload,Jitting,3,40712596,30,1357086.53,49,1,0,51119
SimilarityBenchmarks.LuceneNet_TfIdf_TermQuery,Rowles.LeanCorpus.Benchmarks,SimilarityBenchmarks,LuceneNet_TfIdf_TermQuery,DefaultJob,Default,Default,Default,Default,Default,Default,Default,Default,Default,Default,Default,Default,Default,Default,Default,Default,Default,Default,Default,Default,Default,Default,Default,Default,Default,Default,Default,Default,Default,Default,Default,Default,Default,Default,Default,Default,Default,Default,Default,Default,Default,DefaultJob,DocumentCount=100000,1,Workload,Jitting,4,5299493,30,176649.77,49,1,0,51119
SimilarityBenchmarks.LuceneNet_TfIdf_TermQuery,Rowles.LeanCorpus.Benchmarks,SimilarityBenchmarks,LuceneNet_TfIdf_TermQuery,DefaultJob,Default,Default,Default,Default,Default,Default,Default,Default,Default,Default,Default,Default,Default,Default,Default,Default,Default,Default,Default,Default,Default,Default,Default,Default,Default,Default,Default,Default,Default,Default,Default,Default,Default,Default,Default,Default,Default,Default,Default,Default,Default,DefaultJob,DocumentCount=100000,1,Workload,Jitting,5,411127,1,411127,49,1,0,51119
SimilarityBenchmarks.LuceneNet_TfIdf_TermQuery,Rowles.LeanCorpus.Benchmarks,SimilarityBenchmarks,LuceneNet_TfIdf_TermQuery,DefaultJob,Default,Default,Default,Default,Default,Default,Default,Default,Default,Default,Default,Default,Default,Default,Default,Default,Default,Default,Default,Default,Default,Default,Default,Default,Default,Default,Default,Default,Default,Default,Default,Default,Default,Default,Default,Default,Default,Default,Default,Default,Default,DefaultJob,DocumentCount=100000,1,Workload,Pilot,1,295139,1,295139,49,1,0,51119
SimilarityBenchmarks.LuceneNet_TfIdf_TermQuery,Rowles.LeanCorpus.Benchmarks,SimilarityBenchmarks,LuceneNet_TfIdf_TermQuery,DefaultJob,Default,Default,Default,Default,Default,Default,Default,Default,Default,Default,Default,Default,Default,Default,Default,Default,Default,Default,Default,Default,Default,Default,Default,Default,Default,Default,Default,Default,Default,Default,Default,Default,Default,Default,Default,Default,Default,Default,Default,Default,Default,DefaultJob,DocumentCount=100000,1,Workload,Pilot,1,5684793,16,355299.56,49,1,0,51119
SimilarityBenchmarks.LuceneNet_TfIdf_TermQuery,Rowles.LeanCorpus.Benchmarks,SimilarityBenchmarks,LuceneNet_TfIdf_TermQuery,DefaultJob,Default,Default,Default,Default,Default,Default,Default,Default,Default,Default,Default,Default,Default,Default,Default,Default,Default,Default,Default,Default,Default,Default,Default,Default,Default,Default,Default,Default,Default,Default,Default,Default,Default,Default,Default,Default,Default,Default,Default,Default,Default,DefaultJob,DocumentCount=100000,1,Workload,Pilot,2,12078620,32,377456.88,49,1,0,51119
SimilarityBenchmarks.LuceneNet_TfIdf_TermQuery,Rowles.LeanCorpus.Benchmarks,SimilarityBenchmarks,LuceneNet_TfIdf_TermQuery,DefaultJob,Default,Default,Default,Default,Default,Default,Default,Default,Default,Default,Default,Default,Default,Default,Default,Default,Default,Default,Default,Default,Default,Default,Default,Default,Default,Default,Default,Default,Default,Default,Default,Default,Default,Default,Default,Default,Default,Default,Default,Default,Default,DefaultJob,DocumentCount=100000,1,Workload,Pilot,3,21106737,64,329792.77,49,1,0,51119
SimilarityBenchmarks.LuceneNet_TfIdf_TermQuery,Rowles.LeanCorpus.Benchmarks,SimilarityBenchmarks,LuceneNet_TfIdf_TermQuery,DefaultJob,Default,Default,Default,Default,Default,Default,Default,Default,Default,Default,Default,Default,Default,Default,Default,Default,Default,Default,Default,Default,Default,Default,Default,Default,Default,Default,Default,Default,Default,Default,Default,Default,Default,Default,Default,Default,Default,Default,Default,Default,Default,DefaultJob,DocumentCount=100000,1,Workload,Pilot,4,29956767,128,234037.24,49,1,0,51119
SimilarityBenchmarks.LuceneNet_TfIdf_TermQuery,Rowles.LeanCorpus.Benchmarks,SimilarityBenchmarks,LuceneNet_TfIdf_TermQuery,DefaultJob,Default,Default,Default,Default,Default,Default,Default,Default,Default,Default,Default,Default,Default,Default,Default,Default,Default,Default,Default,Default,Default,Default,Default,Default,Default,Default,Default,Default,Default,Default,Default,Default,Default,Default,Default,Default,Default,Default,Default,Default,Default,DefaultJob,DocumentCount=100000,1,Workload,Pilot,5,43031923,256,168093.45,49,1,0,51119
SimilarityBenchmarks.LuceneNet_TfIdf_TermQuery,Rowles.LeanCorpus.Benchmarks,SimilarityBenchmarks,LuceneNet_TfIdf_TermQuery,DefaultJob,Default,Default,Default,Default,Default,Default,Default,Default,Default,Default,Default,Default,Default,Default,Default,Default,Default,Default,Default,Default,Default,Default,Default,Default,Default,Default,Default,Default,Default,Default,Default,Default,Default,Default,Default,Default,Default,Default,Default,Default,Default,DefaultJob,DocumentCount=100000,1,Workload,Pilot,6,77854031,512,152058.65,49,1,0,51119
SimilarityBenchmarks.LuceneNet_TfIdf_TermQuery,Rowles.LeanCorpus.Benchmarks,SimilarityBenchmarks,LuceneNet_TfIdf_TermQuery,DefaultJob,Default,Default,Default,Default,Default,Default,Default,Default,Default,Default,Default,Default,Default,Default,Default,Default,Default,Default,Default,Default,Default,Default,Default,Default,Default,Default,Default,Default,Default,Default,Default,Default,Default,Default,Default,Default,Default,Default,Default,Default,Default,DefaultJob,DocumentCount=100000,1,Workload,Pilot,7,150735080,1024,147202.23,49,1,0,51119
SimilarityBenchmarks.LuceneNet_TfIdf_TermQuery,Rowles.LeanCorpus.Benchmarks,SimilarityBenchmarks,LuceneNet_TfIdf_TermQuery,DefaultJob,Default,Default,Default,Default,Default,Default,Default,Default,Default,Default,Default,Default,Default,Default,Default,Default,Default,Default,Default,Default,Default,Default,Default,Default,Default,Default,Default,Default,Default,Default,Default,Default,Default,Default,Default,Default,Default,Default,Default,Default,Default,DefaultJob,DocumentCount=100000,1,Workload,Pilot,8,305026451,2048,148938.7,49,1,0,51119
SimilarityBenchmarks.LuceneNet_TfIdf_TermQuery,Rowles.LeanCorpus.Benchmarks,SimilarityBenchmarks,LuceneNet_TfIdf_TermQuery,DefaultJob,Default,Default,Default,Default,Default,Default,Default,Default,Default,Default,Default,Default,Default,Default,Default,Default,Default,Default,Default,Default,Default,Default,Default,Default,Default,Default,Default,Default,Default,Default,Default,Default,Default,Default,Default,Default,Default,Default,Default,Default,Default,DefaultJob,DocumentCount=100000,1,Workload,Pilot,9,615783538,4096,150337.78,49,1,0,51119
SimilarityBenchmarks.LuceneNet_TfIdf_TermQuery,Rowles.LeanCorpus.Benchmarks,SimilarityBenchmarks,LuceneNet_TfIdf_TermQuery,DefaultJob,Default,Default,Default,Default,Default,Default,Default,Default,Default,Default,Default,Default,Default,Default,Default,Default,Default,Default,Default,Default,Default,Default,Default,Default,Default,Default,Default,Default,Default,Default,Default,Default,Default,Default,Default,Default,Default,Default,Default,Default,Default,DefaultJob,DocumentCount=100000,1,Workload,Warmup,1,614190771,4096,149948.92,49,1,0,51119
SimilarityBenchmarks.LuceneNet_TfIdf_TermQuery,Rowles.LeanCorpus.Benchmarks,SimilarityBenchmarks,LuceneNet_TfIdf_TermQuery,DefaultJob,Default,Default,Default,Default,Default,Default,Default,Default,Default,Default,Default,Default,Default,Default,Default,Default,Default,Default,Default,Default,Default,Default,Default,Default,Default,Default,Default,Default,Default,Default,Default,Default,Default,Default,Default,Default,Default,Default,Default,Default,Default,DefaultJob,DocumentCount=100000,1,Workload,Warmup,2,615208836,4096,150197.47,49,1,0,51119
SimilarityBenchmarks.LuceneNet_TfIdf_TermQuery,Rowles.LeanCorpus.Benchmarks,SimilarityBenchmarks,LuceneNet_TfIdf_TermQuery,DefaultJob,Default,Default,Default,Default,Default,Default,Default,Default,Default,Default,Default,Default,Default,Default,Default,Default,Default,Default,Default,Default,Default,Default,Default,Default,Default,Default,Default,Default,Default,Default,Default,Default,Default,Default,Default,Default,Default,Default,Default,Default,Default,DefaultJob,DocumentCount=100000,1,Workload,Warmup,3,615124178,4096,150176.8,49,1,0,51119
SimilarityBenchmarks.LuceneNet_TfIdf_TermQuery,Rowles.LeanCorpus.Benchmarks,SimilarityBenchmarks,LuceneNet_TfIdf_TermQuery,DefaultJob,Default,Default,Default,Default,Default,Default,Default,Default,Default,Default,Default,Default,Default,Default,Default,Default,Default,Default,Default,Default,Default,Default,Default,Default,Default,Default,Default,Default,Default,Default,Default,Default,Default,Default,Default,Default,Default,Default,Default,Default,Default,DefaultJob,DocumentCount=100000,1,Workload,Warmup,4,615128780,4096,150177.92,49,1,0,51119
SimilarityBenchmarks.LuceneNet_TfIdf_TermQuery,Rowles.LeanCorpus.Benchmarks,SimilarityBenchmarks,LuceneNet_TfIdf_TermQuery,DefaultJob,Default,Default,Default,Default,Default,Default,Default,Default,Default,Default,Default,Default,Default,Default,Default,Default,Default,Default,Default,Default,Default,Default,Default,Default,Default,Default,Default,Default,Default,Default,Default,Default,Default,Default,Default,Default,Default,Default,Default,Default,Default,DefaultJob,DocumentCount=100000,1,Workload,Warmup,5,614061024,4096,149917.24,49,1,0,51119
SimilarityBenchmarks.LuceneNet_TfIdf_TermQuery,Rowles.LeanCorpus.Benchmarks,SimilarityBenchmarks,LuceneNet_TfIdf_TermQuery,DefaultJob,Default,Default,Default,Default,Default,Default,Default,Default,Default,Default,Default,Default,Default,Default,Default,Default,Default,Default,Default,Default,Default,Default,Default,Default,Default,Default,Default,Default,Default,Default,Default,Default,Default,Default,Default,Default,Default,Default,Default,Default,Default,DefaultJob,DocumentCount=100000,1,Workload,Warmup,6,613799147,4096,149853.31,49,1,0,51119
SimilarityBenchmarks.LuceneNet_TfIdf_TermQuery,Rowles.LeanCorpus.Benchmarks,SimilarityBenchmarks,LuceneNet_TfIdf_TermQuery,DefaultJob,Default,Default,Default,Default,Default,Default,Default,Default,Default,Default,Default,Default,Default,Default,Default,Default,Default,Default,Default,Default,Default,Default,Default,Default,Default,Default,Default,Default,Default,Default,Default,Default,Default,Default,Default,Default,Default,Default,Default,Default,Default,DefaultJob,DocumentCount=100000,1,Workload,Actual,1,603307202,4096,147291.8,49,1,0,51119
SimilarityBenchmarks.LuceneNet_TfIdf_TermQuery,Rowles.LeanCorpus.Benchmarks,SimilarityBenchmarks,LuceneNet_TfIdf_TermQuery,DefaultJob,Default,Default,Default,Default,Default,Default,Default,Default,Default,Default,Default,Default,Default,Default,Default,Default,Default,Default,Default,Default,Default,Default,Default,Default,Default,Default,Default,Default,Default,Default,Default,Default,Default,Default,Default,Default,Default,Default,Default,Default,Default,DefaultJob,DocumentCount=100000,1,Workload,Actual,2,606057344,4096,147963.22,49,1,0,51119
SimilarityBenchmarks.LuceneNet_TfIdf_TermQuery,Rowles.LeanCorpus.Benchmarks,SimilarityBenchmarks,LuceneNet_TfIdf_TermQuery,DefaultJob,Default,Default,Default,Default,Default,Default,Default,Default,Default,Default,Default,Default,Default,Default,Default,Default,Default,Default,Default,Default,Default,Default,Default,Default,Default,Default,Default,Default,Default,Default,Default,Default,Default,Default,Default,Default,Default,Default,Default,Default,Default,DefaultJob,DocumentCount=100000,1,Workload,Actual,3,612594831,4096,149559.28,49,1,0,51119
SimilarityBenchmarks.LuceneNet_TfIdf_TermQuery,Rowles.LeanCorpus.Benchmarks,SimilarityBenchmarks,LuceneNet_TfIdf_TermQuery,DefaultJob,Default,Default,Default,Default,Default,Default,Default,Default,Default,Default,Default,Default,Default,Default,Default,Default,Default,Default,Default,Default,Default,Default,Default,Default,Default,Default,Default,Default,Default,Default,Default,Default,Default,Default,Default,Default,Default,Default,Default,Default,Default,DefaultJob,DocumentCount=100000,1,Workload,Actual,4,613909644,4096,149880.28,49,1,0,51119
SimilarityBenchmarks.LuceneNet_TfIdf_TermQuery,Rowles.LeanCorpus.Benchmarks,SimilarityBenchmarks,LuceneNet_TfIdf_TermQuery,DefaultJob,Default,Default,Default,Default,Default,Default,Default,Default,Default,Default,Default,Default,Default,Default,Default,Default,Default,Default,Default,Default,Default,Default,Default,Default,Default,Default,Default,Default,Default,Default,Default,Default,Default,Default,Default,Default,Default,Default,Default,Default,Default,DefaultJob,DocumentCount=100000,1,Workload,Actual,5,604092055,4096,147483.41,49,1,0,51119
SimilarityBenchmarks.LuceneNet_TfIdf_TermQuery,Rowles.LeanCorpus.Benchmarks,SimilarityBenchmarks,LuceneNet_TfIdf_TermQuery,DefaultJob,Default,Default,Default,Default,Default,Default,Default,Default,Default,Default,Default,Default,Default,Default,Default,Default,Default,Default,Default,Default,Default,Default,Default,Default,Default,Default,Default,Default,Default,Default,Default,Default,Default,Default,Default,Default,Default,Default,Default,Default,Default,DefaultJob,DocumentCount=100000,1,Workload,Actual,6,614578845,4096,150043.66,49,1,0,51119
SimilarityBenchmarks.LuceneNet_TfIdf_TermQuery,Rowles.LeanCorpus.Benchmarks,SimilarityBenchmarks,LuceneNet_TfIdf_TermQuery,DefaultJob,Default,Default,Default,Default,Default,Default,Default,Default,Default,Default,Default,Default,Default,Default,Default,Default,Default,Default,Default,Default,Default,Default,Default,Default,Default,Default,Default,Default,Default,Default,Default,Default,Default,Default,Default,Default,Default,Default,Default,Default,Default,DefaultJob,DocumentCount=100000,1,Workload,Actual,7,614453988,4096,150013.18,49,1,0,51119
SimilarityBenchmarks.LuceneNet_TfIdf_TermQuery,Rowles.LeanCorpus.Benchmarks,SimilarityBenchmarks,LuceneNet_TfIdf_TermQuery,DefaultJob,Default,Default,Default,Default,Default,Default,Default,Default,Default,Default,Default,Default,Default,Default,Default,Default,Default,Default,Default,Default,Default,Default,Default,Default,Default,Default,Default,Default,Default,Default,Default,Default,Default,Default,Default,Default,Default,Default,Default,Default,Default,DefaultJob,DocumentCount=100000,1,Workload,Actual,8,613017962,4096,149662.59,49,1,0,51119
SimilarityBenchmarks.LuceneNet_TfIdf_TermQuery,Rowles.LeanCorpus.Benchmarks,SimilarityBenchmarks,LuceneNet_TfIdf_TermQuery,DefaultJob,Default,Default,Default,Default,Default,Default,Default,Default,Default,Default,Default,Default,Default,Default,Default,Default,Default,Default,Default,Default,Default,Default,Default,Default,Default,Default,Default,Default,Default,Default,Default,Default,Default,Default,Default,Default,Default,Default,Default,Default,Default,DefaultJob,DocumentCount=100000,1,Workload,Actual,9,614860255,4096,150112.37,49,1,0,51119
SimilarityBenchmarks.LuceneNet_TfIdf_TermQuery,Rowles.LeanCorpus.Benchmarks,SimilarityBenchmarks,LuceneNet_TfIdf_TermQuery,DefaultJob,Default,Default,Default,Default,Default,Default,Default,Default,Default,Default,Default,Default,Default,Default,Default,Default,Default,Default,Default,Default,Default,Default,Default,Default,Default,Default,Default,Default,Default,Default,Default,Default,Default,Default,Default,Default,Default,Default,Default,Default,Default,DefaultJob,DocumentCount=100000,1,Workload,Actual,10,610340072,4096,149008.81,49,1,0,51119
SimilarityBenchmarks.LuceneNet_TfIdf_TermQuery,Rowles.LeanCorpus.Benchmarks,SimilarityBenchmarks,LuceneNet_TfIdf_TermQuery,DefaultJob,Default,Default,Default,Default,Default,Default,Default,Default,Default,Default,Default,Default,Default,Default,Default,Default,Default,Default,Default,Default,Default,Default,Default,Default,Default,Default,Default,Default,Default,Default,Default,Default,Default,Default,Default,Default,Default,Default,Default,Default,Default,DefaultJob,DocumentCount=100000,1,Workload,Actual,11,615836945,4096,150350.82,49,1,0,51119
SimilarityBenchmarks.LuceneNet_TfIdf_TermQuery,Rowles.LeanCorpus.Benchmarks,SimilarityBenchmarks,LuceneNet_TfIdf_TermQuery,DefaultJob,Default,Default,Default,Default,Default,Default,Default,Default,Default,Default,Default,Default,Default,Default,Default,Default,Default,Default,Default,Default,Default,Default,Default,Default,Default,Default,Default,Default,Default,Default,Default,Default,Default,Default,Default,Default,Default,Default,Default,Default,Default,DefaultJob,DocumentCount=100000,1,Workload,Actual,12,614265119,4096,149967.07,49,1,0,51119
SimilarityBenchmarks.LuceneNet_TfIdf_TermQuery,Rowles.LeanCorpus.Benchmarks,SimilarityBenchmarks,LuceneNet_TfIdf_TermQuery,DefaultJob,Default,Default,Default,Default,Default,Default,Default,Default,Default,Default,Default,Default,Default,Default,Default,Default,Default,Default,Default,Default,Default,Default,Default,Default,Default,Default,Default,Default,Default,Default,Default,Default,Default,Default,Default,Default,Default,Default,Default,Default,Default,DefaultJob,DocumentCount=100000,1,Workload,Actual,13,614795816,4096,150096.63,49,1,0,51119
SimilarityBenchmarks.LuceneNet_TfIdf_TermQuery,Rowles.LeanCorpus.Benchmarks,SimilarityBenchmarks,LuceneNet_TfIdf_TermQuery,DefaultJob,Default,Default,Default,Default,Default,Default,Default,Default,Default,Default,Default,Default,Default,Default,Default,Default,Default,Default,Default,Default,Default,Default,Default,Default,Default,Default,Default,Default,Default,Default,Default,Default,Default,Default,Default,Default,Default,Default,Default,Default,Default,DefaultJob,DocumentCount=100000,1,Workload,Actual,14,614531415,4096,150032.08,49,1,0,51119
SimilarityBenchmarks.LuceneNet_TfIdf_TermQuery,Rowles.LeanCorpus.Benchmarks,SimilarityBenchmarks,LuceneNet_TfIdf_TermQuery,DefaultJob,Default,Default,Default,Default,Default,Default,Default,Default,Default,Default,Default,Default,Default,Default,Default,Default,Default,Default,Default,Default,Default,Default,Default,Default,Default,Default,Default,Default,Default,Default,Default,Default,Default,Default,Default,Default,Default,Default,Default,Default,Default,DefaultJob,DocumentCount=100000,1,Workload,Actual,15,614402169,4096,150000.53,49,1,0,51119
SimilarityBenchmarks.LuceneNet_TfIdf_TermQuery,Rowles.LeanCorpus.Benchmarks,SimilarityBenchmarks,LuceneNet_TfIdf_TermQuery,DefaultJob,Default,Default,Default,Default,Default,Default,Default,Default,Default,Default,Default,Default,Default,Default,Default,Default,Default,Default,Default,Default,Default,Default,Default,Default,Default,Default,Default,Default,Default,Default,Default,Default,Default,Default,Default,Default,Default,Default,Default,Default,Default,DefaultJob,DocumentCount=100000,1,Workload,Extra,1,602116468,4096,147001.09,49,1,0,51119
SimilarityBenchmarks.LuceneNet_TfIdf_TermQuery,Rowles.LeanCorpus.Benchmarks,SimilarityBenchmarks,LuceneNet_TfIdf_TermQuery,DefaultJob,Default,Default,Default,Default,Default,Default,Default,Default,Default,Default,Default,Default,Default,Default,Default,Default,Default,Default,Default,Default,Default,Default,Default,Default,Default,Default,Default,Default,Default,Default,Default,Default,Default,Default,Default,Default,Default,Default,Default,Default,Default,DefaultJob,DocumentCount=100000,1,Workload,Result,1,603307202,4096,147291.8,49,1,0,51119
SimilarityBenchmarks.LuceneNet_TfIdf_TermQuery,Rowles.LeanCorpus.Benchmarks,SimilarityBenchmarks,LuceneNet_TfIdf_TermQuery,DefaultJob,Default,Default,Default,Default,Default,Default,Default,Default,Default,Default,Default,Default,Default,Default,Default,Default,Default,Default,Default,Default,Default,Default,Default,Default,Default,Default,Default,Default,Default,Default,Default,Default,Default,Default,Default,Default,Default,Default,Default,Default,Default,DefaultJob,DocumentCount=100000,1,Workload,Result,2,606057344,4096,147963.22,49,1,0,51119
SimilarityBenchmarks.LuceneNet_TfIdf_TermQuery,Rowles.LeanCorpus.Benchmarks,SimilarityBenchmarks,LuceneNet_TfIdf_TermQuery,DefaultJob,Default,Default,Default,Default,Default,Default,Default,Default,Default,Default,Default,Default,Default,Default,Default,Default,Default,Default,Default,Default,Default,Default,Default,Default,Default,Default,Default,Default,Default,Default,Default,Default,Default,Default,Default,Default,Default,Default,Default,Default,Default,DefaultJob,DocumentCount=100000,1,Workload,Result,3,612594831,4096,149559.28,49,1,0,51119
SimilarityBenchmarks.LuceneNet_TfIdf_TermQuery,Rowles.LeanCorpus.Benchmarks,SimilarityBenchmarks,LuceneNet_TfIdf_TermQuery,DefaultJob,Default,Default,Default,Default,Default,Default,Default,Default,Default,Default,Default,Default,Default,Default,Default,Default,Default,Default,Default,Default,Default,Default,Default,Default,Default,Default,Default,Default,Default,Default,Default,Default,Default,Default,Default,Default,Default,Default,Default,Default,Default,DefaultJob,DocumentCount=100000,1,Workload,Result,4,613909644,4096,149880.28,49,1,0,51119
SimilarityBenchmarks.LuceneNet_TfIdf_TermQuery,Rowles.LeanCorpus.Benchmarks,SimilarityBenchmarks,LuceneNet_TfIdf_TermQuery,DefaultJob,Default,Default,Default,Default,Default,Default,Default,Default,Default,Default,Default,Default,Default,Default,Default,Default,Default,Default,Default,Default,Default,Default,Default,Default,Default,Default,Default,Default,Default,Default,Default,Default,Default,Default,Default,Default,Default,Default,Default,Default,Default,DefaultJob,DocumentCount=100000,1,Workload,Result,5,604092055,4096,147483.41,49,1,0,51119
SimilarityBenchmarks.LuceneNet_TfIdf_TermQuery,Rowles.LeanCorpus.Benchmarks,SimilarityBenchmarks,LuceneNet_TfIdf_TermQuery,DefaultJob,Default,Default,Default,Default,Default,Default,Default,Default,Default,Default,Default,Default,Default,Default,Default,Default,Default,Default,Default,Default,Default,Default,Default,Default,Default,Default,Default,Default,Default,Default,Default,Default,Default,Default,Default,Default,Default,Default,Default,Default,Default,DefaultJob,DocumentCount=100000,1,Workload,Result,6,614578845,4096,150043.66,49,1,0,51119
SimilarityBenchmarks.LuceneNet_TfIdf_TermQuery,Rowles.LeanCorpus.Benchmarks,SimilarityBenchmarks,LuceneNet_TfIdf_TermQuery,DefaultJob,Default,Default,Default,Default,Default,Default,Default,Default,Default,Default,Default,Default,Default,Default,Default,Default,Default,Default,Default,Default,Default,Default,Default,Default,Default,Default,Default,Default,Default,Default,Default,Default,Default,Default,Default,Default,Default,Default,Default,Default,Default,DefaultJob,DocumentCount=100000,1,Workload,Result,7,614453988,4096,150013.18,49,1,0,51119
SimilarityBenchmarks.LuceneNet_TfIdf_TermQuery,Rowles.LeanCorpus.Benchmarks,SimilarityBenchmarks,LuceneNet_TfIdf_TermQuery,DefaultJob,Default,Default,Default,Default,Default,Default,Default,Default,Default,Default,Default,Default,Default,Default,Default,Default,Default,Default,Default,Default,Default,Default,Default,Default,Default,Default,Default,Default,Default,Default,Default,Default,Default,Default,Default,Default,Default,Default,Default,Default,Default,DefaultJob,DocumentCount=100000,1,Workload,Result,8,613017962,4096,149662.59,49,1,0,51119
SimilarityBenchmarks.LuceneNet_TfIdf_TermQuery,Rowles.LeanCorpus.Benchmarks,SimilarityBenchmarks,LuceneNet_TfIdf_TermQuery,DefaultJob,Default,Default,Default,Default,Default,Default,Default,Default,Default,Default,Default,Default,Default,Default,Default,Default,Default,Default,Default,Default,Default,Default,Default,Default,Default,Default,Default,Default,Default,Default,Default,Default,Default,Default,Default,Default,Default,Default,Default,Default,Default,DefaultJob,DocumentCount=100000,1,Workload,Result,9,614860255,4096,150112.37,49,1,0,51119
SimilarityBenchmarks.LuceneNet_TfIdf_TermQuery,Rowles.LeanCorpus.Benchmarks,SimilarityBenchmarks,LuceneNet_TfIdf_TermQuery,DefaultJob,Default,Default,Default,Default,Default,Default,Default,Default,Default,Default,Default,Default,Default,Default,Default,Default,Default,Default,Default,Default,Default,Default,Default,Default,Default,Default,Default,Default,Default,Default,Default,Default,Default,Default,Default,Default,Default,Default,Default,Default,Default,DefaultJob,DocumentCount=100000,1,Workload,Result,10,610340072,4096,149008.81,49,1,0,51119
SimilarityBenchmarks.LuceneNet_TfIdf_TermQuery,Rowles.LeanCorpus.Benchmarks,SimilarityBenchmarks,LuceneNet_TfIdf_TermQuery,DefaultJob,Default,Default,Default,Default,Default,Default,Default,Default,Default,Default,Default,Default,Default,Default,Default,Default,Default,Default,Default,Default,Default,Default,Default,Default,Default,Default,Default,Default,Default,Default,Default,Default,Default,Default,Default,Default,Default,Default,Default,Default,Default,DefaultJob,DocumentCount=100000,1,Workload,Result,11,615836945,4096,150350.82,49,1,0,51119
SimilarityBenchmarks.LuceneNet_TfIdf_TermQuery,Rowles.LeanCorpus.Benchmarks,SimilarityBenchmarks,LuceneNet_TfIdf_TermQuery,DefaultJob,Default,Default,Default,Default,Default,Default,Default,Default,Default,Default,Default,Default,Default,Default,Default,Default,Default,Default,Default,Default,Default,Default,Default,Default,Default,Default,Default,Default,Default,Default,Default,Default,Default,Default,Default,Default,Default,Default,Default,Default,Default,DefaultJob,DocumentCount=100000,1,Workload,Result,12,614265119,4096,149967.07,49,1,0,51119
SimilarityBenchmarks.LuceneNet_TfIdf_TermQuery,Rowles.LeanCorpus.Benchmarks,SimilarityBenchmarks,LuceneNet_TfIdf_TermQuery,DefaultJob,Default,Default,Default,Default,Default,Default,Default,Default,Default,Default,Default,Default,Default,Default,Default,Default,Default,Default,Default,Default,Default,Default,Default,Default,Default,Default,Default,Default,Default,Default,Default,Default,Default,Default,Default,Default,Default,Default,Default,Default,Default,DefaultJob,DocumentCount=100000,1,Workload,Result,13,614795816,4096,150096.63,49,1,0,51119
SimilarityBenchmarks.LuceneNet_TfIdf_TermQuery,Rowles.LeanCorpus.Benchmarks,SimilarityBenchmarks,LuceneNet_TfIdf_TermQuery,DefaultJob,Default,Default,Default,Default,Default,Default,Default,Default,Default,Default,Default,Default,Default,Default,Default,Default,Default,Default,Default,Default,Default,Default,Default,Default,Default,Default,Default,Default,Default,Default,Default,Default,Default,Default,Default,Default,Default,Default,Default,Default,Default,DefaultJob,DocumentCount=100000,1,Workload,Result,14,614531415,4096,150032.08,49,1,0,51119
SimilarityBenchmarks.LuceneNet_TfIdf_TermQuery,Rowles.LeanCorpus.Benchmarks,SimilarityBenchmarks,LuceneNet_TfIdf_TermQuery,DefaultJob,Default,Default,Default,Default,Default,Default,Default,Default,Default,Default,Default,Default,Default,Default,Default,Default,Default,Default,Default,Default,Default,Default,Default,Default,Default,Default,Default,Default,Default,Default,Default,Default,Default,Default,Default,Default,Default,Default,Default,Default,Default,DefaultJob,DocumentCount=100000,1,Workload,Result,15,614402169,4096,150000.53,49,1,0,51119
SimilarityBenchmarks.LeanCorpus_TfIdf_BooleanQuery,Rowles.LeanCorpus.Benchmarks,SimilarityBenchmarks,LeanCorpus_TfIdf_BooleanQuery,DefaultJob,Default,Default,Default,Default,Default,Default,Default,Default,Default,Default,Default,Default,Default,Default,Default,Default,Default,Default,Default,Default,Default,Default,Default,Default,Default,Default,Default,Default,Default,Default,Default,Default,Default,Default,Default,Default,Default,Default,Default,Default,Default,DefaultJob,DocumentCount=100000,1,Workload,Jitting,1,79988397,1,79988397,8,0,0,16592
SimilarityBenchmarks.LeanCorpus_TfIdf_BooleanQuery,Rowles.LeanCorpus.Benchmarks,SimilarityBenchmarks,LeanCorpus_TfIdf_BooleanQuery,DefaultJob,Default,Default,Default,Default,Default,Default,Default,Default,Default,Default,Default,Default,Default,Default,Default,Default,Default,Default,Default,Default,Default,Default,Default,Default,Default,Default,Default,Default,Default,Default,Default,Default,Default,Default,Default,Default,Default,Default,Default,Default,Default,DefaultJob,DocumentCount=100000,1,Workload,Jitting,2,38600184,30,1286672.8,8,0,0,16592
SimilarityBenchmarks.LeanCorpus_TfIdf_BooleanQuery,Rowles.LeanCorpus.Benchmarks,SimilarityBenchmarks,LeanCorpus_TfIdf_BooleanQuery,DefaultJob,Default,Default,Default,Default,Default,Default,Default,Default,Default,Default,Default,Default,Default,Default,Default,Default,Default,Default,Default,Default,Default,Default,Default,Default,Default,Default,Default,Default,Default,Default,Default,Default,Default,Default,Default,Default,Default,Default,Default,Default,Default,DefaultJob,DocumentCount=100000,1,Workload,Jitting,3,36463972,30,1215465.73,8,0,0,16592
SimilarityBenchmarks.LeanCorpus_TfIdf_BooleanQuery,Rowles.LeanCorpus.Benchmarks,SimilarityBenchmarks,LeanCorpus_TfIdf_BooleanQuery,DefaultJob,Default,Default,Default,Default,Default,Default,Default,Default,Default,Default,Default,Default,Default,Default,Default,Default,Default,Default,Default,Default,Default,Default,Default,Default,Default,Default,Default,Default,Default,Default,Default,Default,Default,Default,Default,Default,Default,Default,Default,Default,Default,DefaultJob,DocumentCount=100000,1,Workload,Jitting,4,17119122,30,570637.4,8,0,0,16592
SimilarityBenchmarks.LeanCorpus_TfIdf_BooleanQuery,Rowles.LeanCorpus.Benchmarks,SimilarityBenchmarks,LeanCorpus_TfIdf_BooleanQuery,DefaultJob,Default,Default,Default,Default,Default,Default,Default,Default,Default,Default,Default,Default,Default,Default,Default,Default,Default,Default,Default,Default,Default,Default,Default,Default,Default,Default,Default,Default,Default,Default,Default,Default,Default,Default,Default,Default,Default,Default,Default,Default,Default,DefaultJob,DocumentCount=100000,1,Workload,Jitting,5,916435,1,916435,8,0,0,16592
SimilarityBenchmarks.LeanCorpus_TfIdf_BooleanQuery,Rowles.LeanCorpus.Benchmarks,SimilarityBenchmarks,LeanCorpus_TfIdf_BooleanQuery,DefaultJob,Default,Default,Default,Default,Default,Default,Default,Default,Default,Default,Default,Default,Default,Default,Default,Default,Default,Default,Default,Default,Default,Default,Default,Default,Default,Default,Default,Default,Default,Default,Default,Default,Default,Default,Default,Default,Default,Default,Default,Default,Default,DefaultJob,DocumentCount=100000,1,Workload,Pilot,1,723638,1,723638,8,0,0,16592
SimilarityBenchmarks.LeanCorpus_TfIdf_BooleanQuery,Rowles.LeanCorpus.Benchmarks,SimilarityBenchmarks,LeanCorpus_TfIdf_BooleanQuery,DefaultJob,Default,Default,Default,Default,Default,Default,Default,Default,Default,Default,Default,Default,Default,Default,Default,Default,Default,Default,Default,Default,Default,Default,Default,Default,Default,Default,Default,Default,Default,Default,Default,Default,Default,Default,Default,Default,Default,Default,Default,Default,Default,DefaultJob,DocumentCount=100000,1,Workload,Pilot,1,10715356,16,669709.75,8,0,0,16592
SimilarityBenchmarks.LeanCorpus_TfIdf_BooleanQuery,Rowles.LeanCorpus.Benchmarks,SimilarityBenchmarks,LeanCorpus_TfIdf_BooleanQuery,DefaultJob,Default,Default,Default,Default,Default,Default,Default,Default,Default,Default,Default,Default,Default,Default,Default,Default,Default,Default,Default,Default,Default,Default,Default,Default,Default,Default,Default,Default,Default,Default,Default,Default,Default,Default,Default,Default,Default,Default,Default,Default,Default,DefaultJob,DocumentCount=100000,1,Workload,Pilot,2,18043357,32,563854.91,8,0,0,16592
SimilarityBenchmarks.LeanCorpus_TfIdf_BooleanQuery,Rowles.LeanCorpus.Benchmarks,SimilarityBenchmarks,LeanCorpus_TfIdf_BooleanQuery,DefaultJob,Default,Default,Default,Default,Default,Default,Default,Default,Default,Default,Default,Default,Default,Default,Default,Default,Default,Default,Default,Default,Default,Default,Default,Default,Default,Default,Default,Default,Default,Default,Default,Default,Default,Default,Default,Default,Default,Default,Default,Default,Default,DefaultJob,DocumentCount=100000,1,Workload,Pilot,3,28858003,64,450906.3,8,0,0,16592
SimilarityBenchmarks.LeanCorpus_TfIdf_BooleanQuery,Rowles.LeanCorpus.Benchmarks,SimilarityBenchmarks,LeanCorpus_TfIdf_BooleanQuery,DefaultJob,Default,Default,Default,Default,Default,Default,Default,Default,Default,Default,Default,Default,Default,Default,Default,Default,Default,Default,Default,Default,Default,Default,Default,Default,Default,Default,Default,Default,Default,Default,Default,Default,Default,Default,Default,Default,Default,Default,Default,Default,Default,DefaultJob,DocumentCount=100000,1,Workload,Pilot,4,49644910,128,387850.86,8,0,0,16592
SimilarityBenchmarks.LeanCorpus_TfIdf_BooleanQuery,Rowles.LeanCorpus.Benchmarks,SimilarityBenchmarks,LeanCorpus_TfIdf_BooleanQuery,DefaultJob,Default,Default,Default,Default,Default,Default,Default,Default,Default,Default,Default,Default,Default,Default,Default,Default,Default,Default,Default,Default,Default,Default,Default,Default,Default,Default,Default,Default,Default,Default,Default,Default,Default,Default,Default,Default,Default,Default,Default,Default,Default,DefaultJob,DocumentCount=100000,1,Workload,Pilot,5,103244219,256,403297.73,8,0,0,16592
SimilarityBenchmarks.LeanCorpus_TfIdf_BooleanQuery,Rowles.LeanCorpus.Benchmarks,SimilarityBenchmarks,LeanCorpus_TfIdf_BooleanQuery,DefaultJob,Default,Default,Default,Default,Default,Default,Default,Default,Default,Default,Default,Default,Default,Default,Default,Default,Default,Default,Default,Default,Default,Default,Default,Default,Default,Default,Default,Default,Default,Default,Default,Default,Default,Default,Default,Default,Default,Default,Default,Default,Default,DefaultJob,DocumentCount=100000,1,Workload,Pilot,6,230244922,512,449697.11,8,0,0,16592
SimilarityBenchmarks.LeanCorpus_TfIdf_BooleanQuery,Rowles.LeanCorpus.Benchmarks,SimilarityBenchmarks,LeanCorpus_TfIdf_BooleanQuery,DefaultJob,Default,Default,Default,Default,Default,Default,Default,Default,Default,Default,Default,Default,Default,Default,Default,Default,Default,Default,Default,Default,Default,Default,Default,Default,Default,Default,Default,Default,Default,Default,Default,Default,Default,Default,Default,Default,Default,Default,Default,Default,Default,DefaultJob,DocumentCount=100000,1,Workload,Pilot,7,431947877,1024,421824.1,8,0,0,16592
SimilarityBenchmarks.LeanCorpus_TfIdf_BooleanQuery,Rowles.LeanCorpus.Benchmarks,SimilarityBenchmarks,LeanCorpus_TfIdf_BooleanQuery,DefaultJob,Default,Default,Default,Default,Default,Default,Default,Default,Default,Default,Default,Default,Default,Default,Default,Default,Default,Default,Default,Default,Default,Default,Default,Default,Default,Default,Default,Default,Default,Default,Default,Default,Default,Default,Default,Default,Default,Default,Default,Default,Default,DefaultJob,DocumentCount=100000,1,Workload,Pilot,8,828073134,2048,404332.58,8,0,0,16592
SimilarityBenchmarks.LeanCorpus_TfIdf_BooleanQuery,Rowles.LeanCorpus.Benchmarks,SimilarityBenchmarks,LeanCorpus_TfIdf_BooleanQuery,DefaultJob,Default,Default,Default,Default,Default,Default,Default,Default,Default,Default,Default,Default,Default,Default,Default,Default,Default,Default,Default,Default,Default,Default,Default,Default,Default,Default,Default,Default,Default,Default,Default,Default,Default,Default,Default,Default,Default,Default,Default,Default,Default,DefaultJob,DocumentCount=100000,1,Workload,Warmup,1,872836209,2048,426189.56,8,0,0,16592
SimilarityBenchmarks.LeanCorpus_TfIdf_BooleanQuery,Rowles.LeanCorpus.Benchmarks,SimilarityBenchmarks,LeanCorpus_TfIdf_BooleanQuery,DefaultJob,Default,Default,Default,Default,Default,Default,Default,Default,Default,Default,Default,Default,Default,Default,Default,Default,Default,Default,Default,Default,Default,Default,Default,Default,Default,Default,Default,Default,Default,Default,Default,Default,Default,Default,Default,Default,Default,Default,Default,Default,Default,DefaultJob,DocumentCount=100000,1,Workload,Warmup,2,854347994,2048,417162.11,8,0,0,16592
SimilarityBenchmarks.LeanCorpus_TfIdf_BooleanQuery,Rowles.LeanCorpus.Benchmarks,SimilarityBenchmarks,LeanCorpus_TfIdf_BooleanQuery,DefaultJob,Default,Default,Default,Default,Default,Default,Default,Default,Default,Default,Default,Default,Default,Default,Default,Default,Default,Default,Default,Default,Default,Default,Default,Default,Default,Default,Default,Default,Default,Default,Default,Default,Default,Default,Default,Default,Default,Default,Default,Default,Default,DefaultJob,DocumentCount=100000,1,Workload,Warmup,3,860804502,2048,420314.7,8,0,0,16592
SimilarityBenchmarks.LeanCorpus_TfIdf_BooleanQuery,Rowles.LeanCorpus.Benchmarks,SimilarityBenchmarks,LeanCorpus_TfIdf_BooleanQuery,DefaultJob,Default,Default,Default,Default,Default,Default,Default,Default,Default,Default,Default,Default,Default,Default,Default,Default,Default,Default,Default,Default,Default,Default,Default,Default,Default,Default,Default,Default,Default,Default,Default,Default,Default,Default,Default,Default,Default,Default,Default,Default,Default,DefaultJob,DocumentCount=100000,1,Workload,Warmup,4,849835224,2048,414958.61,8,0,0,16592
SimilarityBenchmarks.LeanCorpus_TfIdf_BooleanQuery,Rowles.LeanCorpus.Benchmarks,SimilarityBenchmarks,LeanCorpus_TfIdf_BooleanQuery,DefaultJob,Default,Default,Default,Default,Default,Default,Default,Default,Default,Default,Default,Default,Default,Default,Default,Default,Default,Default,Default,Default,Default,Default,Default,Default,Default,Default,Default,Default,Default,Default,Default,Default,Default,Default,Default,Default,Default,Default,Default,Default,Default,DefaultJob,DocumentCount=100000,1,Workload,Warmup,5,842091610,2048,411177.54,8,0,0,16592
SimilarityBenchmarks.LeanCorpus_TfIdf_BooleanQuery,Rowles.LeanCorpus.Benchmarks,SimilarityBenchmarks,LeanCorpus_TfIdf_BooleanQuery,DefaultJob,Default,Default,Default,Default,Default,Default,Default,Default,Default,Default,Default,Default,Default,Default,Default,Default,Default,Default,Default,Default,Default,Default,Default,Default,Default,Default,Default,Default,Default,Default,Default,Default,Default,Default,Default,Default,Default,Default,Default,Default,Default,DefaultJob,DocumentCount=100000,1,Workload,Warmup,6,857764992,2048,418830.56,8,0,0,16592
SimilarityBenchmarks.LeanCorpus_TfIdf_BooleanQuery,Rowles.LeanCorpus.Benchmarks,SimilarityBenchmarks,LeanCorpus_TfIdf_BooleanQuery,DefaultJob,Default,Default,Default,Default,Default,Default,Default,Default,Default,Default,Default,Default,Default,Default,Default,Default,Default,Default,Default,Default,Default,Default,Default,Default,Default,Default,Default,Default,Default,Default,Default,Default,Default,Default,Default,Default,Default,Default,Default,Default,Default,DefaultJob,DocumentCount=100000,1,Workload,Warmup,7,839518928,2048,409921.35,8,0,0,16592
SimilarityBenchmarks.LeanCorpus_TfIdf_BooleanQuery,Rowles.LeanCorpus.Benchmarks,SimilarityBenchmarks,LeanCorpus_TfIdf_BooleanQuery,DefaultJob,Default,Default,Default,Default,Default,Default,Default,Default,Default,Default,Default,Default,Default,Default,Default,Default,Default,Default,Default,Default,Default,Default,Default,Default,Default,Default,Default,Default,Default,Default,Default,Default,Default,Default,Default,Default,Default,Default,Default,Default,Default,DefaultJob,DocumentCount=100000,1,Workload,Actual,1,863451496,2048,421607.18,8,0,0,16592
SimilarityBenchmarks.LeanCorpus_TfIdf_BooleanQuery,Rowles.LeanCorpus.Benchmarks,SimilarityBenchmarks,LeanCorpus_TfIdf_BooleanQuery,DefaultJob,Default,Default,Default,Default,Default,Default,Default,Default,Default,Default,Default,Default,Default,Default,Default,Default,Default,Default,Default,Default,Default,Default,Default,Default,Default,Default,Default,Default,Default,Default,Default,Default,Default,Default,Default,Default,Default,Default,Default,Default,Default,DefaultJob,DocumentCount=100000,1,Workload,Actual,2,850440859,2048,415254.33,8,0,0,16592
SimilarityBenchmarks.LeanCorpus_TfIdf_BooleanQuery,Rowles.LeanCorpus.Benchmarks,SimilarityBenchmarks,LeanCorpus_TfIdf_BooleanQuery,DefaultJob,Default,Default,Default,Default,Default,Default,Default,Default,Default,Default,Default,Default,Default,Default,Default,Default,Default,Default,Default,Default,Default,Default,Default,Default,Default,Default,Default,Default,Default,Default,Default,Default,Default,Default,Default,Default,Default,Default,Default,Default,Default,DefaultJob,DocumentCount=100000,1,Workload,Actual,3,864711328,2048,422222.33,8,0,0,16592
SimilarityBenchmarks.LeanCorpus_TfIdf_BooleanQuery,Rowles.LeanCorpus.Benchmarks,SimilarityBenchmarks,LeanCorpus_TfIdf_BooleanQuery,DefaultJob,Default,Default,Default,Default,Default,Default,Default,Default,Default,Default,Default,Default,Default,Default,Default,Default,Default,Default,Default,Default,Default,Default,Default,Default,Default,Default,Default,Default,Default,Default,Default,Default,Default,Default,Default,Default,Default,Default,Default,Default,Default,DefaultJob,DocumentCount=100000,1,Workload,Actual,4,830461201,2048,405498.63,8,0,0,16592
SimilarityBenchmarks.LeanCorpus_TfIdf_BooleanQuery,Rowles.LeanCorpus.Benchmarks,SimilarityBenchmarks,LeanCorpus_TfIdf_BooleanQuery,DefaultJob,Default,Default,Default,Default,Default,Default,Default,Default,Default,Default,Default,Default,Default,Default,Default,Default,Default,Default,Default,Default,Default,Default,Default,Default,Default,Default,Default,Default,Default,Default,Default,Default,Default,Default,Default,Default,Default,Default,Default,Default,Default,DefaultJob,DocumentCount=100000,1,Workload,Actual,5,852997791,2048,416502.83,8,0,0,16592
SimilarityBenchmarks.LeanCorpus_TfIdf_BooleanQuery,Rowles.LeanCorpus.Benchmarks,SimilarityBenchmarks,LeanCorpus_TfIdf_BooleanQuery,DefaultJob,Default,Default,Default,Default,Default,Default,Default,Default,Default,Default,Default,Default,Default,Default,Default,Default,Default,Default,Default,Default,Default,Default,Default,Default,Default,Default,Default,Default,Default,Default,Default,Default,Default,Default,Default,Default,Default,Default,Default,Default,Default,DefaultJob,DocumentCount=100000,1,Workload,Actual,6,840268773,2048,410287.49,8,0,0,16592
SimilarityBenchmarks.LeanCorpus_TfIdf_BooleanQuery,Rowles.LeanCorpus.Benchmarks,SimilarityBenchmarks,LeanCorpus_TfIdf_BooleanQuery,DefaultJob,Default,Default,Default,Default,Default,Default,Default,Default,Default,Default,Default,Default,Default,Default,Default,Default,Default,Default,Default,Default,Default,Default,Default,Default,Default,Default,Default,Default,Default,Default,Default,Default,Default,Default,Default,Default,Default,Default,Default,Default,Default,DefaultJob,DocumentCount=100000,1,Workload,Actual,7,839642679,2048,409981.78,8,0,0,16592
SimilarityBenchmarks.LeanCorpus_TfIdf_BooleanQuery,Rowles.LeanCorpus.Benchmarks,SimilarityBenchmarks,LeanCorpus_TfIdf_BooleanQuery,DefaultJob,Default,Default,Default,Default,Default,Default,Default,Default,Default,Default,Default,Default,Default,Default,Default,Default,Default,Default,Default,Default,Default,Default,Default,Default,Default,Default,Default,Default,Default,Default,Default,Default,Default,Default,Default,Default,Default,Default,Default,Default,Default,DefaultJob,DocumentCount=100000,1,Workload,Actual,8,855963520,2048,417950.94,8,0,0,16592
SimilarityBenchmarks.LeanCorpus_TfIdf_BooleanQuery,Rowles.LeanCorpus.Benchmarks,SimilarityBenchmarks,LeanCorpus_TfIdf_BooleanQuery,DefaultJob,Default,Default,Default,Default,Default,Default,Default,Default,Default,Default,Default,Default,Default,Default,Default,Default,Default,Default,Default,Default,Default,Default,Default,Default,Default,Default,Default,Default,Default,Default,Default,Default,Default,Default,Default,Default,Default,Default,Default,Default,Default,DefaultJob,DocumentCount=100000,1,Workload,Actual,9,871592451,2048,425582.25,8,0,0,16592
SimilarityBenchmarks.LeanCorpus_TfIdf_BooleanQuery,Rowles.LeanCorpus.Benchmarks,SimilarityBenchmarks,LeanCorpus_TfIdf_BooleanQuery,DefaultJob,Default,Default,Default,Default,Default,Default,Default,Default,Default,Default,Default,Default,Default,Default,Default,Default,Default,Default,Default,Default,Default,Default,Default,Default,Default,Default,Default,Default,Default,Default,Default,Default,Default,Default,Default,Default,Default,Default,Default,Default,Default,DefaultJob,DocumentCount=100000,1,Workload,Actual,10,859990347,2048,419917.16,8,0,0,16592
SimilarityBenchmarks.LeanCorpus_TfIdf_BooleanQuery,Rowles.LeanCorpus.Benchmarks,SimilarityBenchmarks,LeanCorpus_TfIdf_BooleanQuery,DefaultJob,Default,Default,Default,Default,Default,Default,Default,Default,Default,Default,Default,Default,Default,Default,Default,Default,Default,Default,Default,Default,Default,Default,Default,Default,Default,Default,Default,Default,Default,Default,Default,Default,Default,Default,Default,Default,Default,Default,Default,Default,Default,DefaultJob,DocumentCount=100000,1,Workload,Actual,11,847723761,2048,413927.62,8,0,0,16592
SimilarityBenchmarks.LeanCorpus_TfIdf_BooleanQuery,Rowles.LeanCorpus.Benchmarks,SimilarityBenchmarks,LeanCorpus_TfIdf_BooleanQuery,DefaultJob,Default,Default,Default,Default,Default,Default,Default,Default,Default,Default,Default,Default,Default,Default,Default,Default,Default,Default,Default,Default,Default,Default,Default,Default,Default,Default,Default,Default,Default,Default,Default,Default,Default,Default,Default,Default,Default,Default,Default,Default,Default,DefaultJob,DocumentCount=100000,1,Workload,Actual,12,840510565,2048,410405.55,8,0,0,16592
SimilarityBenchmarks.LeanCorpus_TfIdf_BooleanQuery,Rowles.LeanCorpus.Benchmarks,SimilarityBenchmarks,LeanCorpus_TfIdf_BooleanQuery,DefaultJob,Default,Default,Default,Default,Default,Default,Default,Default,Default,Default,Default,Default,Default,Default,Default,Default,Default,Default,Default,Default,Default,Default,Default,Default,Default,Default,Default,Default,Default,Default,Default,Default,Default,Default,Default,Default,Default,Default,Default,Default,Default,DefaultJob,DocumentCount=100000,1,Workload,Actual,13,870577698,2048,425086.77,8,0,0,16592
SimilarityBenchmarks.LeanCorpus_TfIdf_BooleanQuery,Rowles.LeanCorpus.Benchmarks,SimilarityBenchmarks,LeanCorpus_TfIdf_BooleanQuery,DefaultJob,Default,Default,Default,Default,Default,Default,Default,Default,Default,Default,Default,Default,Default,Default,Default,Default,Default,Default,Default,Default,Default,Default,Default,Default,Default,Default,Default,Default,Default,Default,Default,Default,Default,Default,Default,Default,Default,Default,Default,Default,Default,DefaultJob,DocumentCount=100000,1,Workload,Actual,14,877287648,2048,428363.11,8,0,0,16592
SimilarityBenchmarks.LeanCorpus_TfIdf_BooleanQuery,Rowles.LeanCorpus.Benchmarks,SimilarityBenchmarks,LeanCorpus_TfIdf_BooleanQuery,DefaultJob,Default,Default,Default,Default,Default,Default,Default,Default,Default,Default,Default,Default,Default,Default,Default,Default,Default,Default,Default,Default,Default,Default,Default,Default,Default,Default,Default,Default,Default,Default,Default,Default,Default,Default,Default,Default,Default,Default,Default,Default,Default,DefaultJob,DocumentCount=100000,1,Workload,Actual,15,841306549,2048,410794.21,8,0,0,16592
SimilarityBenchmarks.LeanCorpus_TfIdf_BooleanQuery,Rowles.LeanCorpus.Benchmarks,SimilarityBenchmarks,LeanCorpus_TfIdf_BooleanQuery,DefaultJob,Default,Default,Default,Default,Default,Default,Default,Default,Default,Default,Default,Default,Default,Default,Default,Default,Default,Default,Default,Default,Default,Default,Default,Default,Default,Default,Default,Default,Default,Default,Default,Default,Default,Default,Default,Default,Default,Default,Default,Default,Default,DefaultJob,DocumentCount=100000,1,Workload,Extra,1,846565591,2048,413362.1,8,0,0,16592
SimilarityBenchmarks.LeanCorpus_TfIdf_BooleanQuery,Rowles.LeanCorpus.Benchmarks,SimilarityBenchmarks,LeanCorpus_TfIdf_BooleanQuery,DefaultJob,Default,Default,Default,Default,Default,Default,Default,Default,Default,Default,Default,Default,Default,Default,Default,Default,Default,Default,Default,Default,Default,Default,Default,Default,Default,Default,Default,Default,Default,Default,Default,Default,Default,Default,Default,Default,Default,Default,Default,Default,Default,DefaultJob,DocumentCount=100000,1,Workload,Result,1,863451496,2048,421607.18,8,0,0,16592
SimilarityBenchmarks.LeanCorpus_TfIdf_BooleanQuery,Rowles.LeanCorpus.Benchmarks,SimilarityBenchmarks,LeanCorpus_TfIdf_BooleanQuery,DefaultJob,Default,Default,Default,Default,Default,Default,Default,Default,Default,Default,Default,Default,Default,Default,Default,Default,Default,Default,Default,Default,Default,Default,Default,Default,Default,Default,Default,Default,Default,Default,Default,Default,Default,Default,Default,Default,Default,Default,Default,Default,Default,DefaultJob,DocumentCount=100000,1,Workload,Result,2,850440859,2048,415254.33,8,0,0,16592
SimilarityBenchmarks.LeanCorpus_TfIdf_BooleanQuery,Rowles.LeanCorpus.Benchmarks,SimilarityBenchmarks,LeanCorpus_TfIdf_BooleanQuery,DefaultJob,Default,Default,Default,Default,Default,Default,Default,Default,Default,Default,Default,Default,Default,Default,Default,Default,Default,Default,Default,Default,Default,Default,Default,Default,Default,Default,Default,Default,Default,Default,Default,Default,Default,Default,Default,Default,Default,Default,Default,Default,Default,DefaultJob,DocumentCount=100000,1,Workload,Result,3,864711328,2048,422222.33,8,0,0,16592
SimilarityBenchmarks.LeanCorpus_TfIdf_BooleanQuery,Rowles.LeanCorpus.Benchmarks,SimilarityBenchmarks,LeanCorpus_TfIdf_BooleanQuery,DefaultJob,Default,Default,Default,Default,Default,Default,Default,Default,Default,Default,Default,Default,Default,Default,Default,Default,Default,Default,Default,Default,Default,Default,Default,Default,Default,Default,Default,Default,Default,Default,Default,Default,Default,Default,Default,Default,Default,Default,Default,Default,Default,DefaultJob,DocumentCount=100000,1,Workload,Result,4,830461201,2048,405498.63,8,0,0,16592
SimilarityBenchmarks.LeanCorpus_TfIdf_BooleanQuery,Rowles.LeanCorpus.Benchmarks,SimilarityBenchmarks,LeanCorpus_TfIdf_BooleanQuery,DefaultJob,Default,Default,Default,Default,Default,Default,Default,Default,Default,Default,Default,Default,Default,Default,Default,Default,Default,Default,Default,Default,Default,Default,Default,Default,Default,Default,Default,Default,Default,Default,Default,Default,Default,Default,Default,Default,Default,Default,Default,Default,Default,DefaultJob,DocumentCount=100000,1,Workload,Result,5,852997791,2048,416502.83,8,0,0,16592
SimilarityBenchmarks.LeanCorpus_TfIdf_BooleanQuery,Rowles.LeanCorpus.Benchmarks,SimilarityBenchmarks,LeanCorpus_TfIdf_BooleanQuery,DefaultJob,Default,Default,Default,Default,Default,Default,Default,Default,Default,Default,Default,Default,Default,Default,Default,Default,Default,Default,Default,Default,Default,Default,Default,Default,Default,Default,Default,Default,Default,Default,Default,Default,Default,Default,Default,Default,Default,Default,Default,Default,Default,DefaultJob,DocumentCount=100000,1,Workload,Result,6,840268773,2048,410287.49,8,0,0,16592
SimilarityBenchmarks.LeanCorpus_TfIdf_BooleanQuery,Rowles.LeanCorpus.Benchmarks,SimilarityBenchmarks,LeanCorpus_TfIdf_BooleanQuery,DefaultJob,Default,Default,Default,Default,Default,Default,Default,Default,Default,Default,Default,Default,Default,Default,Default,Default,Default,Default,Default,Default,Default,Default,Default,Default,Default,Default,Default,Default,Default,Default,Default,Default,Default,Default,Default,Default,Default,Default,Default,Default,Default,DefaultJob,DocumentCount=100000,1,Workload,Result,7,839642679,2048,409981.78,8,0,0,16592
SimilarityBenchmarks.LeanCorpus_TfIdf_BooleanQuery,Rowles.LeanCorpus.Benchmarks,SimilarityBenchmarks,LeanCorpus_TfIdf_BooleanQuery,DefaultJob,Default,Default,Default,Default,Default,Default,Default,Default,Default,Default,Default,Default,Default,Default,Default,Default,Default,Default,Default,Default,Default,Default,Default,Default,Default,Default,Default,Default,Default,Default,Default,Default,Default,Default,Default,Default,Default,Default,Default,Default,Default,DefaultJob,DocumentCount=100000,1,Workload,Result,8,855963520,2048,417950.94,8,0,0,16592
SimilarityBenchmarks.LeanCorpus_TfIdf_BooleanQuery,Rowles.LeanCorpus.Benchmarks,SimilarityBenchmarks,LeanCorpus_TfIdf_BooleanQuery,DefaultJob,Default,Default,Default,Default,Default,Default,Default,Default,Default,Default,Default,Default,Default,Default,Default,Default,Default,Default,Default,Default,Default,Default,Default,Default,Default,Default,Default,Default,Default,Default,Default,Default,Default,Default,Default,Default,Default,Default,Default,Default,Default,DefaultJob,DocumentCount=100000,1,Workload,Result,9,871592451,2048,425582.25,8,0,0,16592
SimilarityBenchmarks.LeanCorpus_TfIdf_BooleanQuery,Rowles.LeanCorpus.Benchmarks,SimilarityBenchmarks,LeanCorpus_TfIdf_BooleanQuery,DefaultJob,Default,Default,Default,Default,Default,Default,Default,Default,Default,Default,Default,Default,Default,Default,Default,Default,Default,Default,Default,Default,Default,Default,Default,Default,Default,Default,Default,Default,Default,Default,Default,Default,Default,Default,Default,Default,Default,Default,Default,Default,Default,DefaultJob,DocumentCount=100000,1,Workload,Result,10,859990347,2048,419917.16,8,0,0,16592
SimilarityBenchmarks.LeanCorpus_TfIdf_BooleanQuery,Rowles.LeanCorpus.Benchmarks,SimilarityBenchmarks,LeanCorpus_TfIdf_BooleanQuery,DefaultJob,Default,Default,Default,Default,Default,Default,Default,Default,Default,Default,Default,Default,Default,Default,Default,Default,Default,Default,Default,Default,Default,Default,Default,Default,Default,Default,Default,Default,Default,Default,Default,Default,Default,Default,Default,Default,Default,Default,Default,Default,Default,DefaultJob,DocumentCount=100000,1,Workload,Result,11,847723761,2048,413927.62,8,0,0,16592
SimilarityBenchmarks.LeanCorpus_TfIdf_BooleanQuery,Rowles.LeanCorpus.Benchmarks,SimilarityBenchmarks,LeanCorpus_TfIdf_BooleanQuery,DefaultJob,Default,Default,Default,Default,Default,Default,Default,Default,Default,Default,Default,Default,Default,Default,Default,Default,Default,Default,Default,Default,Default,Default,Default,Default,Default,Default,Default,Default,Default,Default,Default,Default,Default,Default,Default,Default,Default,Default,Default,Default,Default,DefaultJob,DocumentCount=100000,1,Workload,Result,12,840510565,2048,410405.55,8,0,0,16592
SimilarityBenchmarks.LeanCorpus_TfIdf_BooleanQuery,Rowles.LeanCorpus.Benchmarks,SimilarityBenchmarks,LeanCorpus_TfIdf_BooleanQuery,DefaultJob,Default,Default,Default,Default,Default,Default,Default,Default,Default,Default,Default,Default,Default,Default,Default,Default,Default,Default,Default,Default,Default,Default,Default,Default,Default,Default,Default,Default,Default,Default,Default,Default,Default,Default,Default,Default,Default,Default,Default,Default,Default,DefaultJob,DocumentCount=100000,1,Workload,Result,13,870577698,2048,425086.77,8,0,0,16592
SimilarityBenchmarks.LeanCorpus_TfIdf_BooleanQuery,Rowles.LeanCorpus.Benchmarks,SimilarityBenchmarks,LeanCorpus_TfIdf_BooleanQuery,DefaultJob,Default,Default,Default,Default,Default,Default,Default,Default,Default,Default,Default,Default,Default,Default,Default,Default,Default,Default,Default,Default,Default,Default,Default,Default,Default,Default,Default,Default,Default,Default,Default,Default,Default,Default,Default,Default,Default,Default,Default,Default,Default,DefaultJob,DocumentCount=100000,1,Workload,Result,14,877287648,2048,428363.11,8,0,0,16592
SimilarityBenchmarks.LeanCorpus_TfIdf_BooleanQuery,Rowles.LeanCorpus.Benchmarks,SimilarityBenchmarks,LeanCorpus_TfIdf_BooleanQuery,DefaultJob,Default,Default,Default,Default,Default,Default,Default,Default,Default,Default,Default,Default,Default,Default,Default,Default,Default,Default,Default,Default,Default,Default,Default,Default,Default,Default,Default,Default,Default,Default,Default,Default,Default,Default,Default,Default,Default,Default,Default,Default,Default,DefaultJob,DocumentCount=100000,1,Workload,Result,15,841306549,2048,410794.21,8,0,0,16592
SimilarityBenchmarks.LeanCorpus_Bm25_TermQuery,Rowles.LeanCorpus.Benchmarks,SimilarityBenchmarks,LeanCorpus_Bm25_TermQuery,DefaultJob,Default,Default,Default,Default,Default,Default,Default,Default,Default,Default,Default,Default,Default,Default,Default,Default,Default,Default,Default,Default,Default,Default,Default,Default,Default,Default,Default,Default,Default,Default,Default,Default,Default,Default,Default,Default,Default,Default,Default,Default,Default,DefaultJob,DocumentCount=100000,1,Workload,Jitting,1,68850584,1,68850584,1,0,0,888
SimilarityBenchmarks.LeanCorpus_Bm25_TermQuery,Rowles.LeanCorpus.Benchmarks,SimilarityBenchmarks,LeanCorpus_Bm25_TermQuery,DefaultJob,Default,Default,Default,Default,Default,Default,Default,Default,Default,Default,Default,Default,Default,Default,Default,Default,Default,Default,Default,Default,Default,Default,Default,Default,Default,Default,Default,Default,Default,Default,Default,Default,Default,Default,Default,Default,Default,Default,Default,Default,Default,DefaultJob,DocumentCount=100000,1,Workload,Jitting,2,8559512,30,285317.07,1,0,0,888
SimilarityBenchmarks.LeanCorpus_Bm25_TermQuery,Rowles.LeanCorpus.Benchmarks,SimilarityBenchmarks,LeanCorpus_Bm25_TermQuery,DefaultJob,Default,Default,Default,Default,Default,Default,Default,Default,Default,Default,Default,Default,Default,Default,Default,Default,Default,Default,Default,Default,Default,Default,Default,Default,Default,Default,Default,Default,Default,Default,Default,Default,Default,Default,Default,Default,Default,Default,Default,Default,Default,DefaultJob,DocumentCount=100000,1,Workload,Jitting,3,6903798,30,230126.6,1,0,0,888
SimilarityBenchmarks.LeanCorpus_Bm25_TermQuery,Rowles.LeanCorpus.Benchmarks,SimilarityBenchmarks,LeanCorpus_Bm25_TermQuery,DefaultJob,Default,Default,Default,Default,Default,Default,Default,Default,Default,Default,Default,Default,Default,Default,Default,Default,Default,Default,Default,Default,Default,Default,Default,Default,Default,Default,Default,Default,Default,Default,Default,Default,Default,Default,Default,Default,Default,Default,Default,Default,Default,DefaultJob,DocumentCount=100000,1,Workload,Jitting,4,5562596,30,185419.87,1,0,0,888
SimilarityBenchmarks.LeanCorpus_Bm25_TermQuery,Rowles.LeanCorpus.Benchmarks,SimilarityBenchmarks,LeanCorpus_Bm25_TermQuery,DefaultJob,Default,Default,Default,Default,Default,Default,Default,Default,Default,Default,Default,Default,Default,Default,Default,Default,Default,Default,Default,Default,Default,Default,Default,Default,Default,Default,Default,Default,Default,Default,Default,Default,Default,Default,Default,Default,Default,Default,Default,Default,Default,DefaultJob,DocumentCount=100000,1,Workload,Jitting,5,291320,1,291320,1,0,0,888
SimilarityBenchmarks.LeanCorpus_Bm25_TermQuery,Rowles.LeanCorpus.Benchmarks,SimilarityBenchmarks,LeanCorpus_Bm25_TermQuery,DefaultJob,Default,Default,Default,Default,Default,Default,Default,Default,Default,Default,Default,Default,Default,Default,Default,Default,Default,Default,Default,Default,Default,Default,Default,Default,Default,Default,Default,Default,Default,Default,Default,Default,Default,Default,Default,Default,Default,Default,Default,Default,Default,DefaultJob,DocumentCount=100000,1,Workload,Pilot,1,302465,1,302465,1,0,0,888
SimilarityBenchmarks.LeanCorpus_Bm25_TermQuery,Rowles.LeanCorpus.Benchmarks,SimilarityBenchmarks,LeanCorpus_Bm25_TermQuery,DefaultJob,Default,Default,Default,Default,Default,Default,Default,Default,Default,Default,Default,Default,Default,Default,Default,Default,Default,Default,Default,Default,Default,Default,Default,Default,Default,Default,Default,Default,Default,Default,Default,Default,Default,Default,Default,Default,Default,Default,Default,Default,Default,DefaultJob,DocumentCount=100000,1,Workload,Pilot,1,4122231,16,257639.44,1,0,0,888
SimilarityBenchmarks.LeanCorpus_Bm25_TermQuery,Rowles.LeanCorpus.Benchmarks,SimilarityBenchmarks,LeanCorpus_Bm25_TermQuery,DefaultJob,Default,Default,Default,Default,Default,Default,Default,Default,Default,Default,Default,Default,Default,Default,Default,Default,Default,Default,Default,Default,Default,Default,Default,Default,Default,Default,Default,Default,Default,Default,Default,Default,Default,Default,Default,Default,Default,Default,Default,Default,Default,DefaultJob,DocumentCount=100000,1,Workload,Pilot,2,7776646,32,243020.19,1,0,0,888
SimilarityBenchmarks.LeanCorpus_Bm25_TermQuery,Rowles.LeanCorpus.Benchmarks,SimilarityBenchmarks,LeanCorpus_Bm25_TermQuery,DefaultJob,Default,Default,Default,Default,Default,Default,Default,Default,Default,Default,Default,Default,Default,Default,Default,Default,Default,Default,Default,Default,Default,Default,Default,Default,Default,Default,Default,Default,Default,Default,Default,Default,Default,Default,Default,Default,Default,Default,Default,Default,Default,DefaultJob,DocumentCount=100000,1,Workload,Pilot,3,15116918,64,236201.84,1,0,0,888
SimilarityBenchmarks.LeanCorpus_Bm25_TermQuery,Rowles.LeanCorpus.Benchmarks,SimilarityBenchmarks,LeanCorpus_Bm25_TermQuery,DefaultJob,Default,Default,Default,Default,Default,Default,Default,Default,Default,Default,Default,Default,Default,Default,Default,Default,Default,Default,Default,Default,Default,Default,Default,Default,Default,Default,Default,Default,Default,Default,Default,Default,Default,Default,Default,Default,Default,Default,Default,Default,Default,DefaultJob,DocumentCount=100000,1,Workload,Pilot,4,23491116,128,183524.34,1,0,0,888
SimilarityBenchmarks.LeanCorpus_Bm25_TermQuery,Rowles.LeanCorpus.Benchmarks,SimilarityBenchmarks,LeanCorpus_Bm25_TermQuery,DefaultJob,Default,Default,Default,Default,Default,Default,Default,Default,Default,Default,Default,Default,Default,Default,Default,Default,Default,Default,Default,Default,Default,Default,Default,Default,Default,Default,Default,Default,Default,Default,Default,Default,Default,Default,Default,Default,Default,Default,Default,Default,Default,DefaultJob,DocumentCount=100000,1,Workload,Pilot,5,36594791,256,142948.4,1,0,0,888
SimilarityBenchmarks.LeanCorpus_Bm25_TermQuery,Rowles.LeanCorpus.Benchmarks,SimilarityBenchmarks,LeanCorpus_Bm25_TermQuery,DefaultJob,Default,Default,Default,Default,Default,Default,Default,Default,Default,Default,Default,Default,Default,Default,Default,Default,Default,Default,Default,Default,Default,Default,Default,Default,Default,Default,Default,Default,Default,Default,Default,Default,Default,Default,Default,Default,Default,Default,Default,Default,Default,DefaultJob,DocumentCount=100000,1,Workload,Pilot,6,59000861,512,115236.06,1,0,0,888
SimilarityBenchmarks.LeanCorpus_Bm25_TermQuery,Rowles.LeanCorpus.Benchmarks,SimilarityBenchmarks,LeanCorpus_Bm25_TermQuery,DefaultJob,Default,Default,Default,Default,Default,Default,Default,Default,Default,Default,Default,Default,Default,Default,Default,Default,Default,Default,Default,Default,Default,Default,Default,Default,Default,Default,Default,Default,Default,Default,Default,Default,Default,Default,Default,Default,Default,Default,Default,Default,Default,DefaultJob,DocumentCount=100000,1,Workload,Pilot,7,115675508,1024,112964.36,1,0,0,888
SimilarityBenchmarks.LeanCorpus_Bm25_TermQuery,Rowles.LeanCorpus.Benchmarks,SimilarityBenchmarks,LeanCorpus_Bm25_TermQuery,DefaultJob,Default,Default,Default,Default,Default,Default,Default,Default,Default,Default,Default,Default,Default,Default,Default,Default,Default,Default,Default,Default,Default,Default,Default,Default,Default,Default,Default,Default,Default,Default,Default,Default,Default,Default,Default,Default,Default,Default,Default,Default,Default,DefaultJob,DocumentCount=100000,1,Workload,Pilot,8,227109118,2048,110893.12,1,0,0,888
SimilarityBenchmarks.LeanCorpus_Bm25_TermQuery,Rowles.LeanCorpus.Benchmarks,SimilarityBenchmarks,LeanCorpus_Bm25_TermQuery,DefaultJob,Default,Default,Default,Default,Default,Default,Default,Default,Default,Default,Default,Default,Default,Default,Default,Default,Default,Default,Default,Default,Default,Default,Default,Default,Default,Default,Default,Default,Default,Default,Default,Default,Default,Default,Default,Default,Default,Default,Default,Default,Default,DefaultJob,DocumentCount=100000,1,Workload,Pilot,9,452094398,4096,110374.61,1,0,0,888
SimilarityBenchmarks.LeanCorpus_Bm25_TermQuery,Rowles.LeanCorpus.Benchmarks,SimilarityBenchmarks,LeanCorpus_Bm25_TermQuery,DefaultJob,Default,Default,Default,Default,Default,Default,Default,Default,Default,Default,Default,Default,Default,Default,Default,Default,Default,Default,Default,Default,Default,Default,Default,Default,Default,Default,Default,Default,Default,Default,Default,Default,Default,Default,Default,Default,Default,Default,Default,Default,Default,DefaultJob,DocumentCount=100000,1,Workload,Pilot,10,899240978,8192,109770.63,1,0,0,888
SimilarityBenchmarks.LeanCorpus_Bm25_TermQuery,Rowles.LeanCorpus.Benchmarks,SimilarityBenchmarks,LeanCorpus_Bm25_TermQuery,DefaultJob,Default,Default,Default,Default,Default,Default,Default,Default,Default,Default,Default,Default,Default,Default,Default,Default,Default,Default,Default,Default,Default,Default,Default,Default,Default,Default,Default,Default,Default,Default,Default,Default,Default,Default,Default,Default,Default,Default,Default,Default,Default,DefaultJob,DocumentCount=100000,1,Workload,Warmup,1,901178961,8192,110007.2,1,0,0,888
SimilarityBenchmarks.LeanCorpus_Bm25_TermQuery,Rowles.LeanCorpus.Benchmarks,SimilarityBenchmarks,LeanCorpus_Bm25_TermQuery,DefaultJob,Default,Default,Default,Default,Default,Default,Default,Default,Default,Default,Default,Default,Default,Default,Default,Default,Default,Default,Default,Default,Default,Default,Default,Default,Default,Default,Default,Default,Default,Default,Default,Default,Default,Default,Default,Default,Default,Default,Default,Default,Default,DefaultJob,DocumentCount=100000,1,Workload,Warmup,2,885907089,8192,108142.96,1,0,0,888
SimilarityBenchmarks.LeanCorpus_Bm25_TermQuery,Rowles.LeanCorpus.Benchmarks,SimilarityBenchmarks,LeanCorpus_Bm25_TermQuery,DefaultJob,Default,Default,Default,Default,Default,Default,Default,Default,Default,Default,Default,Default,Default,Default,Default,Default,Default,Default,Default,Default,Default,Default,Default,Default,Default,Default,Default,Default,Default,Default,Default,Default,Default,Default,Default,Default,Default,Default,Default,Default,Default,DefaultJob,DocumentCount=100000,1,Workload,Warmup,3,887777113,8192,108371.23,1,0,0,888
SimilarityBenchmarks.LeanCorpus_Bm25_TermQuery,Rowles.LeanCorpus.Benchmarks,SimilarityBenchmarks,LeanCorpus_Bm25_TermQuery,DefaultJob,Default,Default,Default,Default,Default,Default,Default,Default,Default,Default,Default,Default,Default,Default,Default,Default,Default,Default,Default,Default,Default,Default,Default,Default,Default,Default,Default,Default,Default,Default,Default,Default,Default,Default,Default,Default,Default,Default,Default,Default,Default,DefaultJob,DocumentCount=100000,1,Workload,Warmup,4,889142651,8192,108537.92,1,0,0,888
SimilarityBenchmarks.LeanCorpus_Bm25_TermQuery,Rowles.LeanCorpus.Benchmarks,SimilarityBenchmarks,LeanCorpus_Bm25_TermQuery,DefaultJob,Default,Default,Default,Default,Default,Default,Default,Default,Default,Default,Default,Default,Default,Default,Default,Default,Default,Default,Default,Default,Default,Default,Default,Default,Default,Default,Default,Default,Default,Default,Default,Default,Default,Default,Default,Default,Default,Default,Default,Default,Default,DefaultJob,DocumentCount=100000,1,Workload,Warmup,5,899946364,8192,109856.73,1,0,0,888
SimilarityBenchmarks.LeanCorpus_Bm25_TermQuery,Rowles.LeanCorpus.Benchmarks,SimilarityBenchmarks,LeanCorpus_Bm25_TermQuery,DefaultJob,Default,Default,Default,Default,Default,Default,Default,Default,Default,Default,Default,Default,Default,Default,Default,Default,Default,Default,Default,Default,Default,Default,Default,Default,Default,Default,Default,Default,Default,Default,Default,Default,Default,Default,Default,Default,Default,Default,Default,Default,Default,DefaultJob,DocumentCount=100000,1,Workload,Warmup,6,890596083,8192,108715.34,1,0,0,888
SimilarityBenchmarks.LeanCorpus_Bm25_TermQuery,Rowles.LeanCorpus.Benchmarks,SimilarityBenchmarks,LeanCorpus_Bm25_TermQuery,DefaultJob,Default,Default,Default,Default,Default,Default,Default,Default,Default,Default,Default,Default,Default,Default,Default,Default,Default,Default,Default,Default,Default,Default,Default,Default,Default,Default,Default,Default,Default,Default,Default,Default,Default,Default,Default,Default,Default,Default,Default,Default,Default,DefaultJob,DocumentCount=100000,1,Workload,Warmup,7,899201266,8192,109765.78,1,0,0,888
SimilarityBenchmarks.LeanCorpus_Bm25_TermQuery,Rowles.LeanCorpus.Benchmarks,SimilarityBenchmarks,LeanCorpus_Bm25_TermQuery,DefaultJob,Default,Default,Default,Default,Default,Default,Default,Default,Default,Default,Default,Default,Default,Default,Default,Default,Default,Default,Default,Default,Default,Default,Default,Default,Default,Default,Default,Default,Default,Default,Default,Default,Default,Default,Default,Default,Default,Default,Default,Default,Default,DefaultJob,DocumentCount=100000,1,Workload,Warmup,8,885942694,8192,108147.3,1,0,0,888
SimilarityBenchmarks.LeanCorpus_Bm25_TermQuery,Rowles.LeanCorpus.Benchmarks,SimilarityBenchmarks,LeanCorpus_Bm25_TermQuery,DefaultJob,Default,Default,Default,Default,Default,Default,Default,Default,Default,Default,Default,Default,Default,Default,Default,Default,Default,Default,Default,Default,Default,Default,Default,Default,Default,Default,Default,Default,Default,Default,Default,Default,Default,Default,Default,Default,Default,Default,Default,Default,Default,DefaultJob,DocumentCount=100000,1,Workload,Actual,1,893192562,8192,109032.3,1,0,0,888
SimilarityBenchmarks.LeanCorpus_Bm25_TermQuery,Rowles.LeanCorpus.Benchmarks,SimilarityBenchmarks,LeanCorpus_Bm25_TermQuery,DefaultJob,Default,Default,Default,Default,Default,Default,Default,Default,Default,Default,Default,Default,Default,Default,Default,Default,Default,Default,Default,Default,Default,Default,Default,Default,Default,Default,Default,Default,Default,Default,Default,Default,Default,Default,Default,Default,Default,Default,Default,Default,Default,DefaultJob,DocumentCount=100000,1,Workload,Actual,2,898719740,8192,109707,1,0,0,888
SimilarityBenchmarks.LeanCorpus_Bm25_TermQuery,Rowles.LeanCorpus.Benchmarks,SimilarityBenchmarks,LeanCorpus_Bm25_TermQuery,DefaultJob,Default,Default,Default,Default,Default,Default,Default,Default,Default,Default,Default,Default,Default,Default,Default,Default,Default,Default,Default,Default,Default,Default,Default,Default,Default,Default,Default,Default,Default,Default,Default,Default,Default,Default,Default,Default,Default,Default,Default,Default,Default,DefaultJob,DocumentCount=100000,1,Workload,Actual,3,899006603,8192,109742.02,1,0,0,888
SimilarityBenchmarks.LeanCorpus_Bm25_TermQuery,Rowles.LeanCorpus.Benchmarks,SimilarityBenchmarks,LeanCorpus_Bm25_TermQuery,DefaultJob,Default,Default,Default,Default,Default,Default,Default,Default,Default,Default,Default,Default,Default,Default,Default,Default,Default,Default,Default,Default,Default,Default,Default,Default,Default,Default,Default,Default,Default,Default,Default,Default,Default,Default,Default,Default,Default,Default,Default,Default,Default,DefaultJob,DocumentCount=100000,1,Workload,Actual,4,899881463,8192,109848.81,1,0,0,888
SimilarityBenchmarks.LeanCorpus_Bm25_TermQuery,Rowles.LeanCorpus.Benchmarks,SimilarityBenchmarks,LeanCorpus_Bm25_TermQuery,DefaultJob,Default,Default,Default,Default,Default,Default,Default,Default,Default,Default,Default,Default,Default,Default,Default,Default,Default,Default,Default,Default,Default,Default,Default,Default,Default,Default,Default,Default,Default,Default,Default,Default,Default,Default,Default,Default,Default,Default,Default,Default,Default,DefaultJob,DocumentCount=100000,1,Workload,Actual,5,894269265,8192,109163.73,1,0,0,888
SimilarityBenchmarks.LeanCorpus_Bm25_TermQuery,Rowles.LeanCorpus.Benchmarks,SimilarityBenchmarks,LeanCorpus_Bm25_TermQuery,DefaultJob,Default,Default,Default,Default,Default,Default,Default,Default,Default,Default,Default,Default,Default,Default,Default,Default,Default,Default,Default,Default,Default,Default,Default,Default,Default,Default,Default,Default,Default,Default,Default,Default,Default,Default,Default,Default,Default,Default,Default,Default,Default,DefaultJob,DocumentCount=100000,1,Workload,Actual,6,900066707,8192,109871.42,1,0,0,888
SimilarityBenchmarks.LeanCorpus_Bm25_TermQuery,Rowles.LeanCorpus.Benchmarks,SimilarityBenchmarks,LeanCorpus_Bm25_TermQuery,DefaultJob,Default,Default,Default,Default,Default,Default,Default,Default,Default,Default,Default,Default,Default,Default,Default,Default,Default,Default,Default,Default,Default,Default,Default,Default,Default,Default,Default,Default,Default,Default,Default,Default,Default,Default,Default,Default,Default,Default,Default,Default,Default,DefaultJob,DocumentCount=100000,1,Workload,Actual,7,899980624,8192,109860.92,1,0,0,888
SimilarityBenchmarks.LeanCorpus_Bm25_TermQuery,Rowles.LeanCorpus.Benchmarks,SimilarityBenchmarks,LeanCorpus_Bm25_TermQuery,DefaultJob,Default,Default,Default,Default,Default,Default,Default,Default,Default,Default,Default,Default,Default,Default,Default,Default,Default,Default,Default,Default,Default,Default,Default,Default,Default,Default,Default,Default,Default,Default,Default,Default,Default,Default,Default,Default,Default,Default,Default,Default,Default,DefaultJob,DocumentCount=100000,1,Workload,Actual,8,896117167,8192,109389.3,1,0,0,888
SimilarityBenchmarks.LeanCorpus_Bm25_TermQuery,Rowles.LeanCorpus.Benchmarks,SimilarityBenchmarks,LeanCorpus_Bm25_TermQuery,DefaultJob,Default,Default,Default,Default,Default,Default,Default,Default,Default,Default,Default,Default,Default,Default,Default,Default,Default,Default,Default,Default,Default,Default,Default,Default,Default,Default,Default,Default,Default,Default,Default,Default,Default,Default,Default,Default,Default,Default,Default,Default,Default,DefaultJob,DocumentCount=100000,1,Workload,Actual,9,900535583,8192,109928.66,1,0,0,888
SimilarityBenchmarks.LeanCorpus_Bm25_TermQuery,Rowles.LeanCorpus.Benchmarks,SimilarityBenchmarks,LeanCorpus_Bm25_TermQuery,DefaultJob,Default,Default,Default,Default,Default,Default,Default,Default,Default,Default,Default,Default,Default,Default,Default,Default,Default,Default,Default,Default,Default,Default,Default,Default,Default,Default,Default,Default,Default,Default,Default,Default,Default,Default,Default,Default,Default,Default,Default,Default,Default,DefaultJob,DocumentCount=100000,1,Workload,Actual,10,895295695,8192,109289.03,1,0,0,888
SimilarityBenchmarks.LeanCorpus_Bm25_TermQuery,Rowles.LeanCorpus.Benchmarks,SimilarityBenchmarks,LeanCorpus_Bm25_TermQuery,DefaultJob,Default,Default,Default,Default,Default,Default,Default,Default,Default,Default,Default,Default,Default,Default,Default,Default,Default,Default,Default,Default,Default,Default,Default,Default,Default,Default,Default,Default,Default,Default,Default,Default,Default,Default,Default,Default,Default,Default,Default,Default,Default,DefaultJob,DocumentCount=100000,1,Workload,Actual,11,902797250,8192,110204.74,1,0,0,888
SimilarityBenchmarks.LeanCorpus_Bm25_TermQuery,Rowles.LeanCorpus.Benchmarks,SimilarityBenchmarks,LeanCorpus_Bm25_TermQuery,DefaultJob,Default,Default,Default,Default,Default,Default,Default,Default,Default,Default,Default,Default,Default,Default,Default,Default,Default,Default,Default,Default,Default,Default,Default,Default,Default,Default,Default,Default,Default,Default,Default,Default,Default,Default,Default,Default,Default,Default,Default,Default,Default,DefaultJob,DocumentCount=100000,1,Workload,Actual,12,895171736,8192,109273.89,1,0,0,888
SimilarityBenchmarks.LeanCorpus_Bm25_TermQuery,Rowles.LeanCorpus.Benchmarks,SimilarityBenchmarks,LeanCorpus_Bm25_TermQuery,DefaultJob,Default,Default,Default,Default,Default,Default,Default,Default,Default,Default,Default,Default,Default,Default,Default,Default,Default,Default,Default,Default,Default,Default,Default,Default,Default,Default,Default,Default,Default,Default,Default,Default,Default,Default,Default,Default,Default,Default,Default,Default,Default,DefaultJob,DocumentCount=100000,1,Workload,Actual,13,901462188,8192,110041.77,1,0,0,888
SimilarityBenchmarks.LeanCorpus_Bm25_TermQuery,Rowles.LeanCorpus.Benchmarks,SimilarityBenchmarks,LeanCorpus_Bm25_TermQuery,DefaultJob,Default,Default,Default,Default,Default,Default,Default,Default,Default,Default,Default,Default,Default,Default,Default,Default,Default,Default,Default,Default,Default,Default,Default,Default,Default,Default,Default,Default,Default,Default,Default,Default,Default,Default,Default,Default,Default,Default,Default,Default,Default,DefaultJob,DocumentCount=100000,1,Workload,Actual,14,900969458,8192,109981.62,1,0,0,888
SimilarityBenchmarks.LeanCorpus_Bm25_TermQuery,Rowles.LeanCorpus.Benchmarks,SimilarityBenchmarks,LeanCorpus_Bm25_TermQuery,DefaultJob,Default,Default,Default,Default,Default,Default,Default,Default,Default,Default,Default,Default,Default,Default,Default,Default,Default,Default,Default,Default,Default,Default,Default,Default,Default,Default,Default,Default,Default,Default,Default,Default,Default,Default,Default,Default,Default,Default,Default,Default,Default,DefaultJob,DocumentCount=100000,1,Workload,Actual,15,901463858,8192,110041.97,1,0,0,888
SimilarityBenchmarks.LeanCorpus_Bm25_TermQuery,Rowles.LeanCorpus.Benchmarks,SimilarityBenchmarks,LeanCorpus_Bm25_TermQuery,DefaultJob,Default,Default,Default,Default,Default,Default,Default,Default,Default,Default,Default,Default,Default,Default,Default,Default,Default,Default,Default,Default,Default,Default,Default,Default,Default,Default,Default,Default,Default,Default,Default,Default,Default,Default,Default,Default,Default,Default,Default,Default,Default,DefaultJob,DocumentCount=100000,1,Workload,Extra,1,899950652,8192,109857.26,1,0,0,888
SimilarityBenchmarks.LeanCorpus_Bm25_TermQuery,Rowles.LeanCorpus.Benchmarks,SimilarityBenchmarks,LeanCorpus_Bm25_TermQuery,DefaultJob,Default,Default,Default,Default,Default,Default,Default,Default,Default,Default,Default,Default,Default,Default,Default,Default,Default,Default,Default,Default,Default,Default,Default,Default,Default,Default,Default,Default,Default,Default,Default,Default,Default,Default,Default,Default,Default,Default,Default,Default,Default,DefaultJob,DocumentCount=100000,1,Workload,Result,1,893192562,8192,109032.3,1,0,0,888
SimilarityBenchmarks.LeanCorpus_Bm25_TermQuery,Rowles.LeanCorpus.Benchmarks,SimilarityBenchmarks,LeanCorpus_Bm25_TermQuery,DefaultJob,Default,Default,Default,Default,Default,Default,Default,Default,Default,Default,Default,Default,Default,Default,Default,Default,Default,Default,Default,Default,Default,Default,Default,Default,Default,Default,Default,Default,Default,Default,Default,Default,Default,Default,Default,Default,Default,Default,Default,Default,Default,DefaultJob,DocumentCount=100000,1,Workload,Result,2,898719740,8192,109707,1,0,0,888
SimilarityBenchmarks.LeanCorpus_Bm25_TermQuery,Rowles.LeanCorpus.Benchmarks,SimilarityBenchmarks,LeanCorpus_Bm25_TermQuery,DefaultJob,Default,Default,Default,Default,Default,Default,Default,Default,Default,Default,Default,Default,Default,Default,Default,Default,Default,Default,Default,Default,Default,Default,Default,Default,Default,Default,Default,Default,Default,Default,Default,Default,Default,Default,Default,Default,Default,Default,Default,Default,Default,DefaultJob,DocumentCount=100000,1,Workload,Result,3,899006603,8192,109742.02,1,0,0,888
SimilarityBenchmarks.LeanCorpus_Bm25_TermQuery,Rowles.LeanCorpus.Benchmarks,SimilarityBenchmarks,LeanCorpus_Bm25_TermQuery,DefaultJob,Default,Default,Default,Default,Default,Default,Default,Default,Default,Default,Default,Default,Default,Default,Default,Default,Default,Default,Default,Default,Default,Default,Default,Default,Default,Default,Default,Default,Default,Default,Default,Default,Default,Default,Default,Default,Default,Default,Default,Default,Default,DefaultJob,DocumentCount=100000,1,Workload,Result,4,899881463,8192,109848.81,1,0,0,888
SimilarityBenchmarks.LeanCorpus_Bm25_TermQuery,Rowles.LeanCorpus.Benchmarks,SimilarityBenchmarks,LeanCorpus_Bm25_TermQuery,DefaultJob,Default,Default,Default,Default,Default,Default,Default,Default,Default,Default,Default,Default,Default,Default,Default,Default,Default,Default,Default,Default,Default,Default,Default,Default,Default,Default,Default,Default,Default,Default,Default,Default,Default,Default,Default,Default,Default,Default,Default,Default,Default,DefaultJob,DocumentCount=100000,1,Workload,Result,5,894269265,8192,109163.73,1,0,0,888
SimilarityBenchmarks.LeanCorpus_Bm25_TermQuery,Rowles.LeanCorpus.Benchmarks,SimilarityBenchmarks,LeanCorpus_Bm25_TermQuery,DefaultJob,Default,Default,Default,Default,Default,Default,Default,Default,Default,Default,Default,Default,Default,Default,Default,Default,Default,Default,Default,Default,Default,Default,Default,Default,Default,Default,Default,Default,Default,Default,Default,Default,Default,Default,Default,Default,Default,Default,Default,Default,Default,DefaultJob,DocumentCount=100000,1,Workload,Result,6,900066707,8192,109871.42,1,0,0,888
SimilarityBenchmarks.LeanCorpus_Bm25_TermQuery,Rowles.LeanCorpus.Benchmarks,SimilarityBenchmarks,LeanCorpus_Bm25_TermQuery,DefaultJob,Default,Default,Default,Default,Default,Default,Default,Default,Default,Default,Default,Default,Default,Default,Default,Default,Default,Default,Default,Default,Default,Default,Default,Default,Default,Default,Default,Default,Default,Default,Default,Default,Default,Default,Default,Default,Default,Default,Default,Default,Default,DefaultJob,DocumentCount=100000,1,Workload,Result,7,899980624,8192,109860.92,1,0,0,888
SimilarityBenchmarks.LeanCorpus_Bm25_TermQuery,Rowles.LeanCorpus.Benchmarks,SimilarityBenchmarks,LeanCorpus_Bm25_TermQuery,DefaultJob,Default,Default,Default,Default,Default,Default,Default,Default,Default,Default,Default,Default,Default,Default,Default,Default,Default,Default,Default,Default,Default,Default,Default,Default,Default,Default,Default,Default,Default,Default,Default,Default,Default,Default,Default,Default,Default,Default,Default,Default,Default,DefaultJob,DocumentCount=100000,1,Workload,Result,8,896117167,8192,109389.3,1,0,0,888
SimilarityBenchmarks.LeanCorpus_Bm25_TermQuery,Rowles.LeanCorpus.Benchmarks,SimilarityBenchmarks,LeanCorpus_Bm25_TermQuery,DefaultJob,Default,Default,Default,Default,Default,Default,Default,Default,Default,Default,Default,Default,Default,Default,Default,Default,Default,Default,Default,Default,Default,Default,Default,Default,Default,Default,Default,Default,Default,Default,Default,Default,Default,Default,Default,Default,Default,Default,Default,Default,Default,DefaultJob,DocumentCount=100000,1,Workload,Result,9,900535583,8192,109928.66,1,0,0,888
SimilarityBenchmarks.LeanCorpus_Bm25_TermQuery,Rowles.LeanCorpus.Benchmarks,SimilarityBenchmarks,LeanCorpus_Bm25_TermQuery,DefaultJob,Default,Default,Default,Default,Default,Default,Default,Default,Default,Default,Default,Default,Default,Default,Default,Default,Default,Default,Default,Default,Default,Default,Default,Default,Default,Default,Default,Default,Default,Default,Default,Default,Default,Default,Default,Default,Default,Default,Default,Default,Default,DefaultJob,DocumentCount=100000,1,Workload,Result,10,895295695,8192,109289.03,1,0,0,888
SimilarityBenchmarks.LeanCorpus_Bm25_TermQuery,Rowles.LeanCorpus.Benchmarks,SimilarityBenchmarks,LeanCorpus_Bm25_TermQuery,DefaultJob,Default,Default,Default,Default,Default,Default,Default,Default,Default,Default,Default,Default,Default,Default,Default,Default,Default,Default,Default,Default,Default,Default,Default,Default,Default,Default,Default,Default,Default,Default,Default,Default,Default,Default,Default,Default,Default,Default,Default,Default,Default,DefaultJob,DocumentCount=100000,1,Workload,Result,11,902797250,8192,110204.74,1,0,0,888
SimilarityBenchmarks.LeanCorpus_Bm25_TermQuery,Rowles.LeanCorpus.Benchmarks,SimilarityBenchmarks,LeanCorpus_Bm25_TermQuery,DefaultJob,Default,Default,Default,Default,Default,Default,Default,Default,Default,Default,Default,Default,Default,Default,Default,Default,Default,Default,Default,Default,Default,Default,Default,Default,Default,Default,Default,Default,Default,Default,Default,Default,Default,Default,Default,Default,Default,Default,Default,Default,Default,DefaultJob,DocumentCount=100000,1,Workload,Result,12,895171736,8192,109273.89,1,0,0,888
SimilarityBenchmarks.LeanCorpus_Bm25_TermQuery,Rowles.LeanCorpus.Benchmarks,SimilarityBenchmarks,LeanCorpus_Bm25_TermQuery,DefaultJob,Default,Default,Default,Default,Default,Default,Default,Default,Default,Default,Default,Default,Default,Default,Default,Default,Default,Default,Default,Default,Default,Default,Default,Default,Default,Default,Default,Default,Default,Default,Default,Default,Default,Default,Default,Default,Default,Default,Default,Default,Default,DefaultJob,DocumentCount=100000,1,Workload,Result,13,901462188,8192,110041.77,1,0,0,888
SimilarityBenchmarks.LeanCorpus_Bm25_TermQuery,Rowles.LeanCorpus.Benchmarks,SimilarityBenchmarks,LeanCorpus_Bm25_TermQuery,DefaultJob,Default,Default,Default,Default,Default,Default,Default,Default,Default,Default,Default,Default,Default,Default,Default,Default,Default,Default,Default,Default,Default,Default,Default,Default,Default,Default,Default,Default,Default,Default,Default,Default,Default,Default,Default,Default,Default,Default,Default,Default,Default,DefaultJob,DocumentCount=100000,1,Workload,Result,14,900969458,8192,109981.62,1,0,0,888
SimilarityBenchmarks.LeanCorpus_Bm25_TermQuery,Rowles.LeanCorpus.Benchmarks,SimilarityBenchmarks,LeanCorpus_Bm25_TermQuery,DefaultJob,Default,Default,Default,Default,Default,Default,Default,Default,Default,Default,Default,Default,Default,Default,Default,Default,Default,Default,Default,Default,Default,Default,Default,Default,Default,Default,Default,Default,Default,Default,Default,Default,Default,Default,Default,Default,Default,Default,Default,Default,Default,DefaultJob,DocumentCount=100000,1,Workload,Result,15,901463858,8192,110041.97,1,0,0,888
SimilarityBenchmarks.LuceneNet_Bm25_TermQuery,Rowles.LeanCorpus.Benchmarks,SimilarityBenchmarks,LuceneNet_Bm25_TermQuery,DefaultJob,Default,Default,Default,Default,Default,Default,Default,Default,Default,Default,Default,Default,Default,Default,Default,Default,Default,Default,Default,Default,Default,Default,Default,Default,Default,Default,Default,Default,Default,Default,Default,Default,Default,Default,Default,Default,Default,Default,Default,Default,Default,DefaultJob,DocumentCount=100000,1,Workload,Jitting,1,32872906,1,32872906,50,1,0,52221
SimilarityBenchmarks.LuceneNet_Bm25_TermQuery,Rowles.LeanCorpus.Benchmarks,SimilarityBenchmarks,LuceneNet_Bm25_TermQuery,DefaultJob,Default,Default,Default,Default,Default,Default,Default,Default,Default,Default,Default,Default,Default,Default,Default,Default,Default,Default,Default,Default,Default,Default,Default,Default,Default,Default,Default,Default,Default,Default,Default,Default,Default,Default,Default,Default,Default,Default,Default,Default,Default,DefaultJob,DocumentCount=100000,1,Workload,Jitting,2,49799700,30,1659990,50,1,0,52221
SimilarityBenchmarks.LuceneNet_Bm25_TermQuery,Rowles.LeanCorpus.Benchmarks,SimilarityBenchmarks,LuceneNet_Bm25_TermQuery,DefaultJob,Default,Default,Default,Default,Default,Default,Default,Default,Default,Default,Default,Default,Default,Default,Default,Default,Default,Default,Default,Default,Default,Default,Default,Default,Default,Default,Default,Default,Default,Default,Default,Default,Default,Default,Default,Default,Default,Default,Default,Default,Default,DefaultJob,DocumentCount=100000,1,Workload,Jitting,3,36336064,30,1211202.13,50,1,0,52221
SimilarityBenchmarks.LuceneNet_Bm25_TermQuery,Rowles.LeanCorpus.Benchmarks,SimilarityBenchmarks,LuceneNet_Bm25_TermQuery,DefaultJob,Default,Default,Default,Default,Default,Default,Default,Default,Default,Default,Default,Default,Default,Default,Default,Default,Default,Default,Default,Default,Default,Default,Default,Default,Default,Default,Default,Default,Default,Default,Default,Default,Default,Default,Default,Default,Default,Default,Default,Default,Default,DefaultJob,DocumentCount=100000,1,Workload,Jitting,4,5048188,30,168272.93,50,1,0,52221
SimilarityBenchmarks.LuceneNet_Bm25_TermQuery,Rowles.LeanCorpus.Benchmarks,SimilarityBenchmarks,LuceneNet_Bm25_TermQuery,DefaultJob,Default,Default,Default,Default,Default,Default,Default,Default,Default,Default,Default,Default,Default,Default,Default,Default,Default,Default,Default,Default,Default,Default,Default,Default,Default,Default,Default,Default,Default,Default,Default,Default,Default,Default,Default,Default,Default,Default,Default,Default,Default,DefaultJob,DocumentCount=100000,1,Workload,Jitting,5,302407,1,302407,50,1,0,52221
SimilarityBenchmarks.LuceneNet_Bm25_TermQuery,Rowles.LeanCorpus.Benchmarks,SimilarityBenchmarks,LuceneNet_Bm25_TermQuery,DefaultJob,Default,Default,Default,Default,Default,Default,Default,Default,Default,Default,Default,Default,Default,Default,Default,Default,Default,Default,Default,Default,Default,Default,Default,Default,Default,Default,Default,Default,Default,Default,Default,Default,Default,Default,Default,Default,Default,Default,Default,Default,Default,DefaultJob,DocumentCount=100000,1,Workload,Pilot,1,294653,1,294653,50,1,0,52221
SimilarityBenchmarks.LuceneNet_Bm25_TermQuery,Rowles.LeanCorpus.Benchmarks,SimilarityBenchmarks,LuceneNet_Bm25_TermQuery,DefaultJob,Default,Default,Default,Default,Default,Default,Default,Default,Default,Default,Default,Default,Default,Default,Default,Default,Default,Default,Default,Default,Default,Default,Default,Default,Default,Default,Default,Default,Default,Default,Default,Default,Default,Default,Default,Default,Default,Default,Default,Default,Default,DefaultJob,DocumentCount=100000,1,Workload,Pilot,1,5552841,16,347052.56,50,1,0,52221
SimilarityBenchmarks.LuceneNet_Bm25_TermQuery,Rowles.LeanCorpus.Benchmarks,SimilarityBenchmarks,LuceneNet_Bm25_TermQuery,DefaultJob,Default,Default,Default,Default,Default,Default,Default,Default,Default,Default,Default,Default,Default,Default,Default,Default,Default,Default,Default,Default,Default,Default,Default,Default,Default,Default,Default,Default,Default,Default,Default,Default,Default,Default,Default,Default,Default,Default,Default,Default,Default,DefaultJob,DocumentCount=100000,1,Workload,Pilot,2,7192398,32,224762.44,50,1,0,52221
SimilarityBenchmarks.LuceneNet_Bm25_TermQuery,Rowles.LeanCorpus.Benchmarks,SimilarityBenchmarks,LuceneNet_Bm25_TermQuery,DefaultJob,Default,Default,Default,Default,Default,Default,Default,Default,Default,Default,Default,Default,Default,Default,Default,Default,Default,Default,Default,Default,Default,Default,Default,Default,Default,Default,Default,Default,Default,Default,Default,Default,Default,Default,Default,Default,Default,Default,Default,Default,Default,DefaultJob,DocumentCount=100000,1,Workload,Pilot,3,16463640,64,257244.38,50,1,0,52221
SimilarityBenchmarks.LuceneNet_Bm25_TermQuery,Rowles.LeanCorpus.Benchmarks,SimilarityBenchmarks,LuceneNet_Bm25_TermQuery,DefaultJob,Default,Default,Default,Default,Default,Default,Default,Default,Default,Default,Default,Default,Default,Default,Default,Default,Default,Default,Default,Default,Default,Default,Default,Default,Default,Default,Default,Default,Default,Default,Default,Default,Default,Default,Default,Default,Default,Default,Default,Default,Default,DefaultJob,DocumentCount=100000,1,Workload,Pilot,4,26690727,128,208521.3,50,1,0,52221
SimilarityBenchmarks.LuceneNet_Bm25_TermQuery,Rowles.LeanCorpus.Benchmarks,SimilarityBenchmarks,LuceneNet_Bm25_TermQuery,DefaultJob,Default,Default,Default,Default,Default,Default,Default,Default,Default,Default,Default,Default,Default,Default,Default,Default,Default,Default,Default,Default,Default,Default,Default,Default,Default,Default,Default,Default,Default,Default,Default,Default,Default,Default,Default,Default,Default,Default,Default,Default,Default,DefaultJob,DocumentCount=100000,1,Workload,Pilot,5,40066314,256,156509.04,50,1,0,52221
SimilarityBenchmarks.LuceneNet_Bm25_TermQuery,Rowles.LeanCorpus.Benchmarks,SimilarityBenchmarks,LuceneNet_Bm25_TermQuery,DefaultJob,Default,Default,Default,Default,Default,Default,Default,Default,Default,Default,Default,Default,Default,Default,Default,Default,Default,Default,Default,Default,Default,Default,Default,Default,Default,Default,Default,Default,Default,Default,Default,Default,Default,Default,Default,Default,Default,Default,Default,Default,Default,DefaultJob,DocumentCount=100000,1,Workload,Pilot,6,74534892,512,145575.96,50,1,0,52221
SimilarityBenchmarks.LuceneNet_Bm25_TermQuery,Rowles.LeanCorpus.Benchmarks,SimilarityBenchmarks,LuceneNet_Bm25_TermQuery,DefaultJob,Default,Default,Default,Default,Default,Default,Default,Default,Default,Default,Default,Default,Default,Default,Default,Default,Default,Default,Default,Default,Default,Default,Default,Default,Default,Default,Default,Default,Default,Default,Default,Default,Default,Default,Default,Default,Default,Default,Default,Default,Default,DefaultJob,DocumentCount=100000,1,Workload,Pilot,7,150955478,1024,147417.46,50,1,0,52221
SimilarityBenchmarks.LuceneNet_Bm25_TermQuery,Rowles.LeanCorpus.Benchmarks,SimilarityBenchmarks,LuceneNet_Bm25_TermQuery,DefaultJob,Default,Default,Default,Default,Default,Default,Default,Default,Default,Default,Default,Default,Default,Default,Default,Default,Default,Default,Default,Default,Default,Default,Default,Default,Default,Default,Default,Default,Default,Default,Default,Default,Default,Default,Default,Default,Default,Default,Default,Default,Default,DefaultJob,DocumentCount=100000,1,Workload,Pilot,8,308152439,2048,150465.06,50,1,0,52221
SimilarityBenchmarks.LuceneNet_Bm25_TermQuery,Rowles.LeanCorpus.Benchmarks,SimilarityBenchmarks,LuceneNet_Bm25_TermQuery,DefaultJob,Default,Default,Default,Default,Default,Default,Default,Default,Default,Default,Default,Default,Default,Default,Default,Default,Default,Default,Default,Default,Default,Default,Default,Default,Default,Default,Default,Default,Default,Default,Default,Default,Default,Default,Default,Default,Default,Default,Default,Default,Default,DefaultJob,DocumentCount=100000,1,Workload,Pilot,9,618762012,4096,151064.94,50,1,0,52221
SimilarityBenchmarks.LuceneNet_Bm25_TermQuery,Rowles.LeanCorpus.Benchmarks,SimilarityBenchmarks,LuceneNet_Bm25_TermQuery,DefaultJob,Default,Default,Default,Default,Default,Default,Default,Default,Default,Default,Default,Default,Default,Default,Default,Default,Default,Default,Default,Default,Default,Default,Default,Default,Default,Default,Default,Default,Default,Default,Default,Default,Default,Default,Default,Default,Default,Default,Default,Default,Default,DefaultJob,DocumentCount=100000,1,Workload,Warmup,1,596984386,4096,145748.14,50,1,0,52221
SimilarityBenchmarks.LuceneNet_Bm25_TermQuery,Rowles.LeanCorpus.Benchmarks,SimilarityBenchmarks,LuceneNet_Bm25_TermQuery,DefaultJob,Default,Default,Default,Default,Default,Default,Default,Default,Default,Default,Default,Default,Default,Default,Default,Default,Default,Default,Default,Default,Default,Default,Default,Default,Default,Default,Default,Default,Default,Default,Default,Default,Default,Default,Default,Default,Default,Default,Default,Default,Default,DefaultJob,DocumentCount=100000,1,Workload,Warmup,2,598919953,4096,146220.69,50,1,0,52221
SimilarityBenchmarks.LuceneNet_Bm25_TermQuery,Rowles.LeanCorpus.Benchmarks,SimilarityBenchmarks,LuceneNet_Bm25_TermQuery,DefaultJob,Default,Default,Default,Default,Default,Default,Default,Default,Default,Default,Default,Default,Default,Default,Default,Default,Default,Default,Default,Default,Default,Default,Default,Default,Default,Default,Default,Default,Default,Default,Default,Default,Default,Default,Default,Default,Default,Default,Default,Default,Default,DefaultJob,DocumentCount=100000,1,Workload,Warmup,3,607308279,4096,148268.62,50,1,0,52221
SimilarityBenchmarks.LuceneNet_Bm25_TermQuery,Rowles.LeanCorpus.Benchmarks,SimilarityBenchmarks,LuceneNet_Bm25_TermQuery,DefaultJob,Default,Default,Default,Default,Default,Default,Default,Default,Default,Default,Default,Default,Default,Default,Default,Default,Default,Default,Default,Default,Default,Default,Default,Default,Default,Default,Default,Default,Default,Default,Default,Default,Default,Default,Default,Default,Default,Default,Default,Default,Default,DefaultJob,DocumentCount=100000,1,Workload,Warmup,4,607843903,4096,148399.39,50,1,0,52221
SimilarityBenchmarks.LuceneNet_Bm25_TermQuery,Rowles.LeanCorpus.Benchmarks,SimilarityBenchmarks,LuceneNet_Bm25_TermQuery,DefaultJob,Default,Default,Default,Default,Default,Default,Default,Default,Default,Default,Default,Default,Default,Default,Default,Default,Default,Default,Default,Default,Default,Default,Default,Default,Default,Default,Default,Default,Default,Default,Default,Default,Default,Default,Default,Default,Default,Default,Default,Default,Default,DefaultJob,DocumentCount=100000,1,Workload,Warmup,5,603442380,4096,147324.8,50,1,0,52221
SimilarityBenchmarks.LuceneNet_Bm25_TermQuery,Rowles.LeanCorpus.Benchmarks,SimilarityBenchmarks,LuceneNet_Bm25_TermQuery,DefaultJob,Default,Default,Default,Default,Default,Default,Default,Default,Default,Default,Default,Default,Default,Default,Default,Default,Default,Default,Default,Default,Default,Default,Default,Default,Default,Default,Default,Default,Default,Default,Default,Default,Default,Default,Default,Default,Default,Default,Default,Default,Default,DefaultJob,DocumentCount=100000,1,Workload,Warmup,6,601218018,4096,146781.74,50,1,0,52221
SimilarityBenchmarks.LuceneNet_Bm25_TermQuery,Rowles.LeanCorpus.Benchmarks,SimilarityBenchmarks,LuceneNet_Bm25_TermQuery,DefaultJob,Default,Default,Default,Default,Default,Default,Default,Default,Default,Default,Default,Default,Default,Default,Default,Default,Default,Default,Default,Default,Default,Default,Default,Default,Default,Default,Default,Default,Default,Default,Default,Default,Default,Default,Default,Default,Default,Default,Default,Default,Default,DefaultJob,DocumentCount=100000,1,Workload,Warmup,7,597850044,4096,145959.48,50,1,0,52221
SimilarityBenchmarks.LuceneNet_Bm25_TermQuery,Rowles.LeanCorpus.Benchmarks,SimilarityBenchmarks,LuceneNet_Bm25_TermQuery,DefaultJob,Default,Default,Default,Default,Default,Default,Default,Default,Default,Default,Default,Default,Default,Default,Default,Default,Default,Default,Default,Default,Default,Default,Default,Default,Default,Default,Default,Default,Default,Default,Default,Default,Default,Default,Default,Default,Default,Default,Default,Default,Default,DefaultJob,DocumentCount=100000,1,Workload,Warmup,8,604498912,4096,147582.74,50,1,0,52221
SimilarityBenchmarks.LuceneNet_Bm25_TermQuery,Rowles.LeanCorpus.Benchmarks,SimilarityBenchmarks,LuceneNet_Bm25_TermQuery,DefaultJob,Default,Default,Default,Default,Default,Default,Default,Default,Default,Default,Default,Default,Default,Default,Default,Default,Default,Default,Default,Default,Default,Default,Default,Default,Default,Default,Default,Default,Default,Default,Default,Default,Default,Default,Default,Default,Default,Default,Default,Default,Default,DefaultJob,DocumentCount=100000,1,Workload,Warmup,9,606625606,4096,148101.95,50,1,0,52221
SimilarityBenchmarks.LuceneNet_Bm25_TermQuery,Rowles.LeanCorpus.Benchmarks,SimilarityBenchmarks,LuceneNet_Bm25_TermQuery,DefaultJob,Default,Default,Default,Default,Default,Default,Default,Default,Default,Default,Default,Default,Default,Default,Default,Default,Default,Default,Default,Default,Default,Default,Default,Default,Default,Default,Default,Default,Default,Default,Default,Default,Default,Default,Default,Default,Default,Default,Default,Default,Default,DefaultJob,DocumentCount=100000,1,Workload,Warmup,10,606993282,4096,148191.72,50,1,0,52221
SimilarityBenchmarks.LuceneNet_Bm25_TermQuery,Rowles.LeanCorpus.Benchmarks,SimilarityBenchmarks,LuceneNet_Bm25_TermQuery,DefaultJob,Default,Default,Default,Default,Default,Default,Default,Default,Default,Default,Default,Default,Default,Default,Default,Default,Default,Default,Default,Default,Default,Default,Default,Default,Default,Default,Default,Default,Default,Default,Default,Default,Default,Default,Default,Default,Default,Default,Default,Default,Default,DefaultJob,DocumentCount=100000,1,Workload,Warmup,11,607267990,4096,148258.79,50,1,0,52221
SimilarityBenchmarks.LuceneNet_Bm25_TermQuery,Rowles.LeanCorpus.Benchmarks,SimilarityBenchmarks,LuceneNet_Bm25_TermQuery,DefaultJob,Default,Default,Default,Default,Default,Default,Default,Default,Default,Default,Default,Default,Default,Default,Default,Default,Default,Default,Default,Default,Default,Default,Default,Default,Default,Default,Default,Default,Default,Default,Default,Default,Default,Default,Default,Default,Default,Default,Default,Default,Default,DefaultJob,DocumentCount=100000,1,Workload,Warmup,12,606134810,4096,147982.13,50,1,0,52221
SimilarityBenchmarks.LuceneNet_Bm25_TermQuery,Rowles.LeanCorpus.Benchmarks,SimilarityBenchmarks,LuceneNet_Bm25_TermQuery,DefaultJob,Default,Default,Default,Default,Default,Default,Default,Default,Default,Default,Default,Default,Default,Default,Default,Default,Default,Default,Default,Default,Default,Default,Default,Default,Default,Default,Default,Default,Default,Default,Default,Default,Default,Default,Default,Default,Default,Default,Default,Default,Default,DefaultJob,DocumentCount=100000,1,Workload,Actual,1,603868220,4096,147428.76,50,1,0,52221
SimilarityBenchmarks.LuceneNet_Bm25_TermQuery,Rowles.LeanCorpus.Benchmarks,SimilarityBenchmarks,LuceneNet_Bm25_TermQuery,DefaultJob,Default,Default,Default,Default,Default,Default,Default,Default,Default,Default,Default,Default,Default,Default,Default,Default,Default,Default,Default,Default,Default,Default,Default,Default,Default,Default,Default,Default,Default,Default,Default,Default,Default,Default,Default,Default,Default,Default,Default,Default,Default,DefaultJob,DocumentCount=100000,1,Workload,Actual,2,596760018,4096,145693.36,50,1,0,52221
SimilarityBenchmarks.LuceneNet_Bm25_TermQuery,Rowles.LeanCorpus.Benchmarks,SimilarityBenchmarks,LuceneNet_Bm25_TermQuery,DefaultJob,Default,Default,Default,Default,Default,Default,Default,Default,Default,Default,Default,Default,Default,Default,Default,Default,Default,Default,Default,Default,Default,Default,Default,Default,Default,Default,Default,Default,Default,Default,Default,Default,Default,Default,Default,Default,Default,Default,Default,Default,Default,DefaultJob,DocumentCount=100000,1,Workload,Actual,3,598069407,4096,146013.04,50,1,0,52221
SimilarityBenchmarks.LuceneNet_Bm25_TermQuery,Rowles.LeanCorpus.Benchmarks,SimilarityBenchmarks,LuceneNet_Bm25_TermQuery,DefaultJob,Default,Default,Default,Default,Default,Default,Default,Default,Default,Default,Default,Default,Default,Default,Default,Default,Default,Default,Default,Default,Default,Default,Default,Default,Default,Default,Default,Default,Default,Default,Default,Default,Default,Default,Default,Default,Default,Default,Default,Default,Default,DefaultJob,DocumentCount=100000,1,Workload,Actual,4,608379839,4096,148530.23,50,1,0,52221
SimilarityBenchmarks.LuceneNet_Bm25_TermQuery,Rowles.LeanCorpus.Benchmarks,SimilarityBenchmarks,LuceneNet_Bm25_TermQuery,DefaultJob,Default,Default,Default,Default,Default,Default,Default,Default,Default,Default,Default,Default,Default,Default,Default,Default,Default,Default,Default,Default,Default,Default,Default,Default,Default,Default,Default,Default,Default,Default,Default,Default,Default,Default,Default,Default,Default,Default,Default,Default,Default,DefaultJob,DocumentCount=100000,1,Workload,Actual,5,603416514,4096,147318.48,50,1,0,52221
SimilarityBenchmarks.LuceneNet_Bm25_TermQuery,Rowles.LeanCorpus.Benchmarks,SimilarityBenchmarks,LuceneNet_Bm25_TermQuery,DefaultJob,Default,Default,Default,Default,Default,Default,Default,Default,Default,Default,Default,Default,Default,Default,Default,Default,Default,Default,Default,Default,Default,Default,Default,Default,Default,Default,Default,Default,Default,Default,Default,Default,Default,Default,Default,Default,Default,Default,Default,Default,Default,DefaultJob,DocumentCount=100000,1,Workload,Actual,6,607276215,4096,148260.79,50,1,0,52221
SimilarityBenchmarks.LuceneNet_Bm25_TermQuery,Rowles.LeanCorpus.Benchmarks,SimilarityBenchmarks,LuceneNet_Bm25_TermQuery,DefaultJob,Default,Default,Default,Default,Default,Default,Default,Default,Default,Default,Default,Default,Default,Default,Default,Default,Default,Default,Default,Default,Default,Default,Default,Default,Default,Default,Default,Default,Default,Default,Default,Default,Default,Default,Default,Default,Default,Default,Default,Default,Default,DefaultJob,DocumentCount=100000,1,Workload,Actual,7,607442692,4096,148301.44,50,1,0,52221
SimilarityBenchmarks.LuceneNet_Bm25_TermQuery,Rowles.LeanCorpus.Benchmarks,SimilarityBenchmarks,LuceneNet_Bm25_TermQuery,DefaultJob,Default,Default,Default,Default,Default,Default,Default,Default,Default,Default,Default,Default,Default,Default,Default,Default,Default,Default,Default,Default,Default,Default,Default,Default,Default,Default,Default,Default,Default,Default,Default,Default,Default,Default,Default,Default,Default,Default,Default,Default,Default,DefaultJob,DocumentCount=100000,1,Workload,Actual,8,606646708,4096,148107.11,50,1,0,52221
SimilarityBenchmarks.LuceneNet_Bm25_TermQuery,Rowles.LeanCorpus.Benchmarks,SimilarityBenchmarks,LuceneNet_Bm25_TermQuery,DefaultJob,Default,Default,Default,Default,Default,Default,Default,Default,Default,Default,Default,Default,Default,Default,Default,Default,Default,Default,Default,Default,Default,Default,Default,Default,Default,Default,Default,Default,Default,Default,Default,Default,Default,Default,Default,Default,Default,Default,Default,Default,Default,DefaultJob,DocumentCount=100000,1,Workload,Actual,9,607009702,4096,148195.73,50,1,0,52221
SimilarityBenchmarks.LuceneNet_Bm25_TermQuery,Rowles.LeanCorpus.Benchmarks,SimilarityBenchmarks,LuceneNet_Bm25_TermQuery,DefaultJob,Default,Default,Default,Default,Default,Default,Default,Default,Default,Default,Default,Default,Default,Default,Default,Default,Default,Default,Default,Default,Default,Default,Default,Default,Default,Default,Default,Default,Default,Default,Default,Default,Default,Default,Default,Default,Default,Default,Default,Default,Default,DefaultJob,DocumentCount=100000,1,Workload,Actual,10,606429366,4096,148054.04,50,1,0,52221
SimilarityBenchmarks.LuceneNet_Bm25_TermQuery,Rowles.LeanCorpus.Benchmarks,SimilarityBenchmarks,LuceneNet_Bm25_TermQuery,DefaultJob,Default,Default,Default,Default,Default,Default,Default,Default,Default,Default,Default,Default,Default,Default,Default,Default,Default,Default,Default,Default,Default,Default,Default,Default,Default,Default,Default,Default,Default,Default,Default,Default,Default,Default,Default,Default,Default,Default,Default,Default,Default,DefaultJob,DocumentCount=100000,1,Workload,Actual,11,603885964,4096,147433.1,50,1,0,52221
SimilarityBenchmarks.LuceneNet_Bm25_TermQuery,Rowles.LeanCorpus.Benchmarks,SimilarityBenchmarks,LuceneNet_Bm25_TermQuery,DefaultJob,Default,Default,Default,Default,Default,Default,Default,Default,Default,Default,Default,Default,Default,Default,Default,Default,Default,Default,Default,Default,Default,Default,Default,Default,Default,Default,Default,Default,Default,Default,Default,Default,Default,Default,Default,Default,Default,Default,Default,Default,Default,DefaultJob,DocumentCount=100000,1,Workload,Actual,12,607508077,4096,148317.4,50,1,0,52221
SimilarityBenchmarks.LuceneNet_Bm25_TermQuery,Rowles.LeanCorpus.Benchmarks,SimilarityBenchmarks,LuceneNet_Bm25_TermQuery,DefaultJob,Default,Default,Default,Default,Default,Default,Default,Default,Default,Default,Default,Default,Default,Default,Default,Default,Default,Default,Default,Default,Default,Default,Default,Default,Default,Default,Default,Default,Default,Default,Default,Default,Default,Default,Default,Default,Default,Default,Default,Default,Default,DefaultJob,DocumentCount=100000,1,Workload,Actual,13,607321662,4096,148271.89,50,1,0,52221
SimilarityBenchmarks.LuceneNet_Bm25_TermQuery,Rowles.LeanCorpus.Benchmarks,SimilarityBenchmarks,LuceneNet_Bm25_TermQuery,DefaultJob,Default,Default,Default,Default,Default,Default,Default,Default,Default,Default,Default,Default,Default,Default,Default,Default,Default,Default,Default,Default,Default,Default,Default,Default,Default,Default,Default,Default,Default,Default,Default,Default,Default,Default,Default,Default,Default,Default,Default,Default,Default,DefaultJob,DocumentCount=100000,1,Workload,Actual,14,605469519,4096,147819.71,50,1,0,52221
SimilarityBenchmarks.LuceneNet_Bm25_TermQuery,Rowles.LeanCorpus.Benchmarks,SimilarityBenchmarks,LuceneNet_Bm25_TermQuery,DefaultJob,Default,Default,Default,Default,Default,Default,Default,Default,Default,Default,Default,Default,Default,Default,Default,Default,Default,Default,Default,Default,Default,Default,Default,Default,Default,Default,Default,Default,Default,Default,Default,Default,Default,Default,Default,Default,Default,Default,Default,Default,Default,DefaultJob,DocumentCount=100000,1,Workload,Actual,15,604842265,4096,147666.57,50,1,0,52221
SimilarityBenchmarks.LuceneNet_Bm25_TermQuery,Rowles.LeanCorpus.Benchmarks,SimilarityBenchmarks,LuceneNet_Bm25_TermQuery,DefaultJob,Default,Default,Default,Default,Default,Default,Default,Default,Default,Default,Default,Default,Default,Default,Default,Default,Default,Default,Default,Default,Default,Default,Default,Default,Default,Default,Default,Default,Default,Default,Default,Default,Default,Default,Default,Default,Default,Default,Default,Default,Default,DefaultJob,DocumentCount=100000,1,Workload,Extra,1,602994803,4096,147215.53,50,1,0,52221
SimilarityBenchmarks.LuceneNet_Bm25_TermQuery,Rowles.LeanCorpus.Benchmarks,SimilarityBenchmarks,LuceneNet_Bm25_TermQuery,DefaultJob,Default,Default,Default,Default,Default,Default,Default,Default,Default,Default,Default,Default,Default,Default,Default,Default,Default,Default,Default,Default,Default,Default,Default,Default,Default,Default,Default,Default,Default,Default,Default,Default,Default,Default,Default,Default,Default,Default,Default,Default,Default,DefaultJob,DocumentCount=100000,1,Workload,Result,1,603868220,4096,147428.76,50,1,0,52221
SimilarityBenchmarks.LuceneNet_Bm25_TermQuery,Rowles.LeanCorpus.Benchmarks,SimilarityBenchmarks,LuceneNet_Bm25_TermQuery,DefaultJob,Default,Default,Default,Default,Default,Default,Default,Default,Default,Default,Default,Default,Default,Default,Default,Default,Default,Default,Default,Default,Default,Default,Default,Default,Default,Default,Default,Default,Default,Default,Default,Default,Default,Default,Default,Default,Default,Default,Default,Default,Default,DefaultJob,DocumentCount=100000,1,Workload,Result,2,596760018,4096,145693.36,50,1,0,52221
SimilarityBenchmarks.LuceneNet_Bm25_TermQuery,Rowles.LeanCorpus.Benchmarks,SimilarityBenchmarks,LuceneNet_Bm25_TermQuery,DefaultJob,Default,Default,Default,Default,Default,Default,Default,Default,Default,Default,Default,Default,Default,Default,Default,Default,Default,Default,Default,Default,Default,Default,Default,Default,Default,Default,Default,Default,Default,Default,Default,Default,Default,Default,Default,Default,Default,Default,Default,Default,Default,DefaultJob,DocumentCount=100000,1,Workload,Result,3,598069407,4096,146013.04,50,1,0,52221
SimilarityBenchmarks.LuceneNet_Bm25_TermQuery,Rowles.LeanCorpus.Benchmarks,SimilarityBenchmarks,LuceneNet_Bm25_TermQuery,DefaultJob,Default,Default,Default,Default,Default,Default,Default,Default,Default,Default,Default,Default,Default,Default,Default,Default,Default,Default,Default,Default,Default,Default,Default,Default,Default,Default,Default,Default,Default,Default,Default,Default,Default,Default,Default,Default,Default,Default,Default,Default,Default,DefaultJob,DocumentCount=100000,1,Workload,Result,4,608379839,4096,148530.23,50,1,0,52221
SimilarityBenchmarks.LuceneNet_Bm25_TermQuery,Rowles.LeanCorpus.Benchmarks,SimilarityBenchmarks,LuceneNet_Bm25_TermQuery,DefaultJob,Default,Default,Default,Default,Default,Default,Default,Default,Default,Default,Default,Default,Default,Default,Default,Default,Default,Default,Default,Default,Default,Default,Default,Default,Default,Default,Default,Default,Default,Default,Default,Default,Default,Default,Default,Default,Default,Default,Default,Default,Default,DefaultJob,DocumentCount=100000,1,Workload,Result,5,603416514,4096,147318.48,50,1,0,52221
SimilarityBenchmarks.LuceneNet_Bm25_TermQuery,Rowles.LeanCorpus.Benchmarks,SimilarityBenchmarks,LuceneNet_Bm25_TermQuery,DefaultJob,Default,Default,Default,Default,Default,Default,Default,Default,Default,Default,Default,Default,Default,Default,Default,Default,Default,Default,Default,Default,Default,Default,Default,Default,Default,Default,Default,Default,Default,Default,Default,Default,Default,Default,Default,Default,Default,Default,Default,Default,Default,DefaultJob,DocumentCount=100000,1,Workload,Result,6,607276215,4096,148260.79,50,1,0,52221
SimilarityBenchmarks.LuceneNet_Bm25_TermQuery,Rowles.LeanCorpus.Benchmarks,SimilarityBenchmarks,LuceneNet_Bm25_TermQuery,DefaultJob,Default,Default,Default,Default,Default,Default,Default,Default,Default,Default,Default,Default,Default,Default,Default,Default,Default,Default,Default,Default,Default,Default,Default,Default,Default,Default,Default,Default,Default,Default,Default,Default,Default,Default,Default,Default,Default,Default,Default,Default,Default,DefaultJob,DocumentCount=100000,1,Workload,Result,7,607442692,4096,148301.44,50,1,0,52221
SimilarityBenchmarks.LuceneNet_Bm25_TermQuery,Rowles.LeanCorpus.Benchmarks,SimilarityBenchmarks,LuceneNet_Bm25_TermQuery,DefaultJob,Default,Default,Default,Default,Default,Default,Default,Default,Default,Default,Default,Default,Default,Default,Default,Default,Default,Default,Default,Default,Default,Default,Default,Default,Default,Default,Default,Default,Default,Default,Default,Default,Default,Default,Default,Default,Default,Default,Default,Default,Default,DefaultJob,DocumentCount=100000,1,Workload,Result,8,606646708,4096,148107.11,50,1,0,52221
SimilarityBenchmarks.LuceneNet_Bm25_TermQuery,Rowles.LeanCorpus.Benchmarks,SimilarityBenchmarks,LuceneNet_Bm25_TermQuery,DefaultJob,Default,Default,Default,Default,Default,Default,Default,Default,Default,Default,Default,Default,Default,Default,Default,Default,Default,Default,Default,Default,Default,Default,Default,Default,Default,Default,Default,Default,Default,Default,Default,Default,Default,Default,Default,Default,Default,Default,Default,Default,Default,DefaultJob,DocumentCount=100000,1,Workload,Result,9,607009702,4096,148195.73,50,1,0,52221
SimilarityBenchmarks.LuceneNet_Bm25_TermQuery,Rowles.LeanCorpus.Benchmarks,SimilarityBenchmarks,LuceneNet_Bm25_TermQuery,DefaultJob,Default,Default,Default,Default,Default,Default,Default,Default,Default,Default,Default,Default,Default,Default,Default,Default,Default,Default,Default,Default,Default,Default,Default,Default,Default,Default,Default,Default,Default,Default,Default,Default,Default,Default,Default,Default,Default,Default,Default,Default,Default,DefaultJob,DocumentCount=100000,1,Workload,Result,10,606429366,4096,148054.04,50,1,0,52221
SimilarityBenchmarks.LuceneNet_Bm25_TermQuery,Rowles.LeanCorpus.Benchmarks,SimilarityBenchmarks,LuceneNet_Bm25_TermQuery,DefaultJob,Default,Default,Default,Default,Default,Default,Default,Default,Default,Default,Default,Default,Default,Default,Default,Default,Default,Default,Default,Default,Default,Default,Default,Default,Default,Default,Default,Default,Default,Default,Default,Default,Default,Default,Default,Default,Default,Default,Default,Default,Default,DefaultJob,DocumentCount=100000,1,Workload,Result,11,603885964,4096,147433.1,50,1,0,52221
SimilarityBenchmarks.LuceneNet_Bm25_TermQuery,Rowles.LeanCorpus.Benchmarks,SimilarityBenchmarks,LuceneNet_Bm25_TermQuery,DefaultJob,Default,Default,Default,Default,Default,Default,Default,Default,Default,Default,Default,Default,Default,Default,Default,Default,Default,Default,Default,Default,Default,Default,Default,Default,Default,Default,Default,Default,Default,Default,Default,Default,Default,Default,Default,Default,Default,Default,Default,Default,Default,DefaultJob,DocumentCount=100000,1,Workload,Result,12,607508077,4096,148317.4,50,1,0,52221
SimilarityBenchmarks.LuceneNet_Bm25_TermQuery,Rowles.LeanCorpus.Benchmarks,SimilarityBenchmarks,LuceneNet_Bm25_TermQuery,DefaultJob,Default,Default,Default,Default,Default,Default,Default,Default,Default,Default,Default,Default,Default,Default,Default,Default,Default,Default,Default,Default,Default,Default,Default,Default,Default,Default,Default,Default,Default,Default,Default,Default,Default,Default,Default,Default,Default,Default,Default,Default,Default,DefaultJob,DocumentCount=100000,1,Workload,Result,13,607321662,4096,148271.89,50,1,0,52221
SimilarityBenchmarks.LuceneNet_Bm25_TermQuery,Rowles.LeanCorpus.Benchmarks,SimilarityBenchmarks,LuceneNet_Bm25_TermQuery,DefaultJob,Default,Default,Default,Default,Default,Default,Default,Default,Default,Default,Default,Default,Default,Default,Default,Default,Default,Default,Default,Default,Default,Default,Default,Default,Default,Default,Default,Default,Default,Default,Default,Default,Default,Default,Default,Default,Default,Default,Default,Default,Default,DefaultJob,DocumentCount=100000,1,Workload,Result,14,605469519,4096,147819.71,50,1,0,52221
SimilarityBenchmarks.LuceneNet_Bm25_TermQuery,Rowles.LeanCorpus.Benchmarks,SimilarityBenchmarks,LuceneNet_Bm25_TermQuery,DefaultJob,Default,Default,Default,Default,Default,Default,Default,Default,Default,Default,Default,Default,Default,Default,Default,Default,Default,Default,Default,Default,Default,Default,Default,Default,Default,Default,Default,Default,Default,Default,Default,Default,Default,Default,Default,Default,Default,Default,Default,Default,Default,DefaultJob,DocumentCount=100000,1,Workload,Result,15,604842265,4096,147666.57,50,1,0,52221
SimilarityBenchmarks.LeanCorpus_Bm25_BooleanQuery,Rowles.LeanCorpus.Benchmarks,SimilarityBenchmarks,LeanCorpus_Bm25_BooleanQuery,DefaultJob,Default,Default,Default,Default,Default,Default,Default,Default,Default,Default,Default,Default,Default,Default,Default,Default,Default,Default,Default,Default,Default,Default,Default,Default,Default,Default,Default,Default,Default,Default,Default,Default,Default,Default,Default,Default,Default,Default,Default,Default,Default,DefaultJob,DocumentCount=100000,1,Workload,Jitting,1,80448302,1,80448302,8,0,0,16577
SimilarityBenchmarks.LeanCorpus_Bm25_BooleanQuery,Rowles.LeanCorpus.Benchmarks,SimilarityBenchmarks,LeanCorpus_Bm25_BooleanQuery,DefaultJob,Default,Default,Default,Default,Default,Default,Default,Default,Default,Default,Default,Default,Default,Default,Default,Default,Default,Default,Default,Default,Default,Default,Default,Default,Default,Default,Default,Default,Default,Default,Default,Default,Default,Default,Default,Default,Default,Default,Default,Default,Default,DefaultJob,DocumentCount=100000,1,Workload,Jitting,2,36661249,30,1222041.63,8,0,0,16577
SimilarityBenchmarks.LeanCorpus_Bm25_BooleanQuery,Rowles.LeanCorpus.Benchmarks,SimilarityBenchmarks,LeanCorpus_Bm25_BooleanQuery,DefaultJob,Default,Default,Default,Default,Default,Default,Default,Default,Default,Default,Default,Default,Default,Default,Default,Default,Default,Default,Default,Default,Default,Default,Default,Default,Default,Default,Default,Default,Default,Default,Default,Default,Default,Default,Default,Default,Default,Default,Default,Default,Default,DefaultJob,DocumentCount=100000,1,Workload,Jitting,3,35004993,30,1166833.1,8,0,0,16577
SimilarityBenchmarks.LeanCorpus_Bm25_BooleanQuery,Rowles.LeanCorpus.Benchmarks,SimilarityBenchmarks,LeanCorpus_Bm25_BooleanQuery,DefaultJob,Default,Default,Default,Default,Default,Default,Default,Default,Default,Default,Default,Default,Default,Default,Default,Default,Default,Default,Default,Default,Default,Default,Default,Default,Default,Default,Default,Default,Default,Default,Default,Default,Default,Default,Default,Default,Default,Default,Default,Default,Default,DefaultJob,DocumentCount=100000,1,Workload,Jitting,4,14395864,30,479862.13,8,0,0,16577
SimilarityBenchmarks.LeanCorpus_Bm25_BooleanQuery,Rowles.LeanCorpus.Benchmarks,SimilarityBenchmarks,LeanCorpus_Bm25_BooleanQuery,DefaultJob,Default,Default,Default,Default,Default,Default,Default,Default,Default,Default,Default,Default,Default,Default,Default,Default,Default,Default,Default,Default,Default,Default,Default,Default,Default,Default,Default,Default,Default,Default,Default,Default,Default,Default,Default,Default,Default,Default,Default,Default,Default,DefaultJob,DocumentCount=100000,1,Workload,Jitting,5,564928,1,564928,8,0,0,16577
SimilarityBenchmarks.LeanCorpus_Bm25_BooleanQuery,Rowles.LeanCorpus.Benchmarks,SimilarityBenchmarks,LeanCorpus_Bm25_BooleanQuery,DefaultJob,Default,Default,Default,Default,Default,Default,Default,Default,Default,Default,Default,Default,Default,Default,Default,Default,Default,Default,Default,Default,Default,Default,Default,Default,Default,Default,Default,Default,Default,Default,Default,Default,Default,Default,Default,Default,Default,Default,Default,Default,Default,DefaultJob,DocumentCount=100000,1,Workload,Pilot,1,1167019,1,1167019,8,0,0,16577
SimilarityBenchmarks.LeanCorpus_Bm25_BooleanQuery,Rowles.LeanCorpus.Benchmarks,SimilarityBenchmarks,LeanCorpus_Bm25_BooleanQuery,DefaultJob,Default,Default,Default,Default,Default,Default,Default,Default,Default,Default,Default,Default,Default,Default,Default,Default,Default,Default,Default,Default,Default,Default,Default,Default,Default,Default,Default,Default,Default,Default,Default,Default,Default,Default,Default,Default,Default,Default,Default,Default,Default,DefaultJob,DocumentCount=100000,1,Workload,Pilot,1,13428848,16,839303,8,0,0,16577
SimilarityBenchmarks.LeanCorpus_Bm25_BooleanQuery,Rowles.LeanCorpus.Benchmarks,SimilarityBenchmarks,LeanCorpus_Bm25_BooleanQuery,DefaultJob,Default,Default,Default,Default,Default,Default,Default,Default,Default,Default,Default,Default,Default,Default,Default,Default,Default,Default,Default,Default,Default,Default,Default,Default,Default,Default,Default,Default,Default,Default,Default,Default,Default,Default,Default,Default,Default,Default,Default,Default,Default,DefaultJob,DocumentCount=100000,1,Workload,Pilot,2,24060352,32,751886,8,0,0,16577
SimilarityBenchmarks.LeanCorpus_Bm25_BooleanQuery,Rowles.LeanCorpus.Benchmarks,SimilarityBenchmarks,LeanCorpus_Bm25_BooleanQuery,DefaultJob,Default,Default,Default,Default,Default,Default,Default,Default,Default,Default,Default,Default,Default,Default,Default,Default,Default,Default,Default,Default,Default,Default,Default,Default,Default,Default,Default,Default,Default,Default,Default,Default,Default,Default,Default,Default,Default,Default,Default,Default,Default,DefaultJob,DocumentCount=100000,1,Workload,Pilot,3,34451407,64,538303.23,8,0,0,16577
SimilarityBenchmarks.LeanCorpus_Bm25_BooleanQuery,Rowles.LeanCorpus.Benchmarks,SimilarityBenchmarks,LeanCorpus_Bm25_BooleanQuery,DefaultJob,Default,Default,Default,Default,Default,Default,Default,Default,Default,Default,Default,Default,Default,Default,Default,Default,Default,Default,Default,Default,Default,Default,Default,Default,Default,Default,Default,Default,Default,Default,Default,Default,Default,Default,Default,Default,Default,Default,Default,Default,Default,DefaultJob,DocumentCount=100000,1,Workload,Pilot,4,57369915,128,448202.46,8,0,0,16577
SimilarityBenchmarks.LeanCorpus_Bm25_BooleanQuery,Rowles.LeanCorpus.Benchmarks,SimilarityBenchmarks,LeanCorpus_Bm25_BooleanQuery,DefaultJob,Default,Default,Default,Default,Default,Default,Default,Default,Default,Default,Default,Default,Default,Default,Default,Default,Default,Default,Default,Default,Default,Default,Default,Default,Default,Default,Default,Default,Default,Default,Default,Default,Default,Default,Default,Default,Default,Default,Default,Default,Default,DefaultJob,DocumentCount=100000,1,Workload,Pilot,5,110586260,256,431977.58,8,0,0,16577
SimilarityBenchmarks.LeanCorpus_Bm25_BooleanQuery,Rowles.LeanCorpus.Benchmarks,SimilarityBenchmarks,LeanCorpus_Bm25_BooleanQuery,DefaultJob,Default,Default,Default,Default,Default,Default,Default,Default,Default,Default,Default,Default,Default,Default,Default,Default,Default,Default,Default,Default,Default,Default,Default,Default,Default,Default,Default,Default,Default,Default,Default,Default,Default,Default,Default,Default,Default,Default,Default,Default,Default,DefaultJob,DocumentCount=100000,1,Workload,Pilot,6,221199250,512,432029.79,8,0,0,16577
SimilarityBenchmarks.LeanCorpus_Bm25_BooleanQuery,Rowles.LeanCorpus.Benchmarks,SimilarityBenchmarks,LeanCorpus_Bm25_BooleanQuery,DefaultJob,Default,Default,Default,Default,Default,Default,Default,Default,Default,Default,Default,Default,Default,Default,Default,Default,Default,Default,Default,Default,Default,Default,Default,Default,Default,Default,Default,Default,Default,Default,Default,Default,Default,Default,Default,Default,Default,Default,Default,Default,Default,DefaultJob,DocumentCount=100000,1,Workload,Pilot,7,409230945,1024,399639.59,8,0,0,16577
SimilarityBenchmarks.LeanCorpus_Bm25_BooleanQuery,Rowles.LeanCorpus.Benchmarks,SimilarityBenchmarks,LeanCorpus_Bm25_BooleanQuery,DefaultJob,Default,Default,Default,Default,Default,Default,Default,Default,Default,Default,Default,Default,Default,Default,Default,Default,Default,Default,Default,Default,Default,Default,Default,Default,Default,Default,Default,Default,Default,Default,Default,Default,Default,Default,Default,Default,Default,Default,Default,Default,Default,DefaultJob,DocumentCount=100000,1,Workload,Pilot,8,835040664,2048,407734.7,8,0,0,16577
SimilarityBenchmarks.LeanCorpus_Bm25_BooleanQuery,Rowles.LeanCorpus.Benchmarks,SimilarityBenchmarks,LeanCorpus_Bm25_BooleanQuery,DefaultJob,Default,Default,Default,Default,Default,Default,Default,Default,Default,Default,Default,Default,Default,Default,Default,Default,Default,Default,Default,Default,Default,Default,Default,Default,Default,Default,Default,Default,Default,Default,Default,Default,Default,Default,Default,Default,Default,Default,Default,Default,Default,DefaultJob,DocumentCount=100000,1,Workload,Warmup,1,833593286,2048,407027.97,8,0,0,16577
SimilarityBenchmarks.LeanCorpus_Bm25_BooleanQuery,Rowles.LeanCorpus.Benchmarks,SimilarityBenchmarks,LeanCorpus_Bm25_BooleanQuery,DefaultJob,Default,Default,Default,Default,Default,Default,Default,Default,Default,Default,Default,Default,Default,Default,Default,Default,Default,Default,Default,Default,Default,Default,Default,Default,Default,Default,Default,Default,Default,Default,Default,Default,Default,Default,Default,Default,Default,Default,Default,Default,Default,DefaultJob,DocumentCount=100000,1,Workload,Warmup,2,829472637,2048,405015.94,8,0,0,16577
SimilarityBenchmarks.LeanCorpus_Bm25_BooleanQuery,Rowles.LeanCorpus.Benchmarks,SimilarityBenchmarks,LeanCorpus_Bm25_BooleanQuery,DefaultJob,Default,Default,Default,Default,Default,Default,Default,Default,Default,Default,Default,Default,Default,Default,Default,Default,Default,Default,Default,Default,Default,Default,Default,Default,Default,Default,Default,Default,Default,Default,Default,Default,Default,Default,Default,Default,Default,Default,Default,Default,Default,DefaultJob,DocumentCount=100000,1,Workload,Warmup,3,836230962,2048,408315.9,8,0,0,16577
SimilarityBenchmarks.LeanCorpus_Bm25_BooleanQuery,Rowles.LeanCorpus.Benchmarks,SimilarityBenchmarks,LeanCorpus_Bm25_BooleanQuery,DefaultJob,Default,Default,Default,Default,Default,Default,Default,Default,Default,Default,Default,Default,Default,Default,Default,Default,Default,Default,Default,Default,Default,Default,Default,Default,Default,Default,Default,Default,Default,Default,Default,Default,Default,Default,Default,Default,Default,Default,Default,Default,Default,DefaultJob,DocumentCount=100000,1,Workload,Warmup,4,828046014,2048,404319.34,8,0,0,16577
SimilarityBenchmarks.LeanCorpus_Bm25_BooleanQuery,Rowles.LeanCorpus.Benchmarks,SimilarityBenchmarks,LeanCorpus_Bm25_BooleanQuery,DefaultJob,Default,Default,Default,Default,Default,Default,Default,Default,Default,Default,Default,Default,Default,Default,Default,Default,Default,Default,Default,Default,Default,Default,Default,Default,Default,Default,Default,Default,Default,Default,Default,Default,Default,Default,Default,Default,Default,Default,Default,Default,Default,DefaultJob,DocumentCount=100000,1,Workload,Warmup,5,835583365,2048,407999.69,8,0,0,16577
SimilarityBenchmarks.LeanCorpus_Bm25_BooleanQuery,Rowles.LeanCorpus.Benchmarks,SimilarityBenchmarks,LeanCorpus_Bm25_BooleanQuery,DefaultJob,Default,Default,Default,Default,Default,Default,Default,Default,Default,Default,Default,Default,Default,Default,Default,Default,Default,Default,Default,Default,Default,Default,Default,Default,Default,Default,Default,Default,Default,Default,Default,Default,Default,Default,Default,Default,Default,Default,Default,Default,Default,DefaultJob,DocumentCount=100000,1,Workload,Warmup,6,850205668,2048,415139.49,8,0,0,16577
SimilarityBenchmarks.LeanCorpus_Bm25_BooleanQuery,Rowles.LeanCorpus.Benchmarks,SimilarityBenchmarks,LeanCorpus_Bm25_BooleanQuery,DefaultJob,Default,Default,Default,Default,Default,Default,Default,Default,Default,Default,Default,Default,Default,Default,Default,Default,Default,Default,Default,Default,Default,Default,Default,Default,Default,Default,Default,Default,Default,Default,Default,Default,Default,Default,Default,Default,Default,Default,Default,Default,Default,DefaultJob,DocumentCount=100000,1,Workload,Warmup,7,851298874,2048,415673.28,8,0,0,16577
SimilarityBenchmarks.LeanCorpus_Bm25_BooleanQuery,Rowles.LeanCorpus.Benchmarks,SimilarityBenchmarks,LeanCorpus_Bm25_BooleanQuery,DefaultJob,Default,Default,Default,Default,Default,Default,Default,Default,Default,Default,Default,Default,Default,Default,Default,Default,Default,Default,Default,Default,Default,Default,Default,Default,Default,Default,Default,Default,Default,Default,Default,Default,Default,Default,Default,Default,Default,Default,Default,Default,Default,DefaultJob,DocumentCount=100000,1,Workload,Warmup,8,827022896,2048,403819.77,8,0,0,16577
SimilarityBenchmarks.LeanCorpus_Bm25_BooleanQuery,Rowles.LeanCorpus.Benchmarks,SimilarityBenchmarks,LeanCorpus_Bm25_BooleanQuery,DefaultJob,Default,Default,Default,Default,Default,Default,Default,Default,Default,Default,Default,Default,Default,Default,Default,Default,Default,Default,Default,Default,Default,Default,Default,Default,Default,Default,Default,Default,Default,Default,Default,Default,Default,Default,Default,Default,Default,Default,Default,Default,Default,DefaultJob,DocumentCount=100000,1,Workload,Actual,1,839503068,2048,409913.61,8,0,0,16577
SimilarityBenchmarks.LeanCorpus_Bm25_BooleanQuery,Rowles.LeanCorpus.Benchmarks,SimilarityBenchmarks,LeanCorpus_Bm25_BooleanQuery,DefaultJob,Default,Default,Default,Default,Default,Default,Default,Default,Default,Default,Default,Default,Default,Default,Default,Default,Default,Default,Default,Default,Default,Default,Default,Default,Default,Default,Default,Default,Default,Default,Default,Default,Default,Default,Default,Default,Default,Default,Default,Default,Default,DefaultJob,DocumentCount=100000,1,Workload,Actual,2,856562515,2048,418243.42,8,0,0,16577
SimilarityBenchmarks.LeanCorpus_Bm25_BooleanQuery,Rowles.LeanCorpus.Benchmarks,SimilarityBenchmarks,LeanCorpus_Bm25_BooleanQuery,DefaultJob,Default,Default,Default,Default,Default,Default,Default,Default,Default,Default,Default,Default,Default,Default,Default,Default,Default,Default,Default,Default,Default,Default,Default,Default,Default,Default,Default,Default,Default,Default,Default,Default,Default,Default,Default,Default,Default,Default,Default,Default,Default,DefaultJob,DocumentCount=100000,1,Workload,Actual,3,835169436,2048,407797.58,8,0,0,16577
SimilarityBenchmarks.LeanCorpus_Bm25_BooleanQuery,Rowles.LeanCorpus.Benchmarks,SimilarityBenchmarks,LeanCorpus_Bm25_BooleanQuery,DefaultJob,Default,Default,Default,Default,Default,Default,Default,Default,Default,Default,Default,Default,Default,Default,Default,Default,Default,Default,Default,Default,Default,Default,Default,Default,Default,Default,Default,Default,Default,Default,Default,Default,Default,Default,Default,Default,Default,Default,Default,Default,Default,DefaultJob,DocumentCount=100000,1,Workload,Actual,4,842272674,2048,411265.95,8,0,0,16577
SimilarityBenchmarks.LeanCorpus_Bm25_BooleanQuery,Rowles.LeanCorpus.Benchmarks,SimilarityBenchmarks,LeanCorpus_Bm25_BooleanQuery,DefaultJob,Default,Default,Default,Default,Default,Default,Default,Default,Default,Default,Default,Default,Default,Default,Default,Default,Default,Default,Default,Default,Default,Default,Default,Default,Default,Default,Default,Default,Default,Default,Default,Default,Default,Default,Default,Default,Default,Default,Default,Default,Default,DefaultJob,DocumentCount=100000,1,Workload,Actual,5,828405586,2048,404494.92,8,0,0,16577
SimilarityBenchmarks.LeanCorpus_Bm25_BooleanQuery,Rowles.LeanCorpus.Benchmarks,SimilarityBenchmarks,LeanCorpus_Bm25_BooleanQuery,DefaultJob,Default,Default,Default,Default,Default,Default,Default,Default,Default,Default,Default,Default,Default,Default,Default,Default,Default,Default,Default,Default,Default,Default,Default,Default,Default,Default,Default,Default,Default,Default,Default,Default,Default,Default,Default,Default,Default,Default,Default,Default,Default,DefaultJob,DocumentCount=100000,1,Workload,Actual,6,852639672,2048,416327.96,8,0,0,16577
SimilarityBenchmarks.LeanCorpus_Bm25_BooleanQuery,Rowles.LeanCorpus.Benchmarks,SimilarityBenchmarks,LeanCorpus_Bm25_BooleanQuery,DefaultJob,Default,Default,Default,Default,Default,Default,Default,Default,Default,Default,Default,Default,Default,Default,Default,Default,Default,Default,Default,Default,Default,Default,Default,Default,Default,Default,Default,Default,Default,Default,Default,Default,Default,Default,Default,Default,Default,Default,Default,Default,Default,DefaultJob,DocumentCount=100000,1,Workload,Actual,7,844456133,2048,412332.1,8,0,0,16577
SimilarityBenchmarks.LeanCorpus_Bm25_BooleanQuery,Rowles.LeanCorpus.Benchmarks,SimilarityBenchmarks,LeanCorpus_Bm25_BooleanQuery,DefaultJob,Default,Default,Default,Default,Default,Default,Default,Default,Default,Default,Default,Default,Default,Default,Default,Default,Default,Default,Default,Default,Default,Default,Default,Default,Default,Default,Default,Default,Default,Default,Default,Default,Default,Default,Default,Default,Default,Default,Default,Default,Default,DefaultJob,DocumentCount=100000,1,Workload,Actual,8,860852392,2048,420338.08,8,0,0,16577
SimilarityBenchmarks.LeanCorpus_Bm25_BooleanQuery,Rowles.LeanCorpus.Benchmarks,SimilarityBenchmarks,LeanCorpus_Bm25_BooleanQuery,DefaultJob,Default,Default,Default,Default,Default,Default,Default,Default,Default,Default,Default,Default,Default,Default,Default,Default,Default,Default,Default,Default,Default,Default,Default,Default,Default,Default,Default,Default,Default,Default,Default,Default,Default,Default,Default,Default,Default,Default,Default,Default,Default,DefaultJob,DocumentCount=100000,1,Workload,Actual,9,823960527,2048,402324.48,8,0,0,16577
SimilarityBenchmarks.LeanCorpus_Bm25_BooleanQuery,Rowles.LeanCorpus.Benchmarks,SimilarityBenchmarks,LeanCorpus_Bm25_BooleanQuery,DefaultJob,Default,Default,Default,Default,Default,Default,Default,Default,Default,Default,Default,Default,Default,Default,Default,Default,Default,Default,Default,Default,Default,Default,Default,Default,Default,Default,Default,Default,Default,Default,Default,Default,Default,Default,Default,Default,Default,Default,Default,Default,Default,DefaultJob,DocumentCount=100000,1,Workload,Actual,10,859038243,2048,419452.27,8,0,0,16577
SimilarityBenchmarks.LeanCorpus_Bm25_BooleanQuery,Rowles.LeanCorpus.Benchmarks,SimilarityBenchmarks,LeanCorpus_Bm25_BooleanQuery,DefaultJob,Default,Default,Default,Default,Default,Default,Default,Default,Default,Default,Default,Default,Default,Default,Default,Default,Default,Default,Default,Default,Default,Default,Default,Default,Default,Default,Default,Default,Default,Default,Default,Default,Default,Default,Default,Default,Default,Default,Default,Default,Default,DefaultJob,DocumentCount=100000,1,Workload,Actual,11,821823142,2048,401280.83,8,0,0,16577
SimilarityBenchmarks.LeanCorpus_Bm25_BooleanQuery,Rowles.LeanCorpus.Benchmarks,SimilarityBenchmarks,LeanCorpus_Bm25_BooleanQuery,DefaultJob,Default,Default,Default,Default,Default,Default,Default,Default,Default,Default,Default,Default,Default,Default,Default,Default,Default,Default,Default,Default,Default,Default,Default,Default,Default,Default,Default,Default,Default,Default,Default,Default,Default,Default,Default,Default,Default,Default,Default,Default,Default,DefaultJob,DocumentCount=100000,1,Workload,Actual,12,824712775,2048,402691.78,8,0,0,16577
SimilarityBenchmarks.LeanCorpus_Bm25_BooleanQuery,Rowles.LeanCorpus.Benchmarks,SimilarityBenchmarks,LeanCorpus_Bm25_BooleanQuery,DefaultJob,Default,Default,Default,Default,Default,Default,Default,Default,Default,Default,Default,Default,Default,Default,Default,Default,Default,Default,Default,Default,Default,Default,Default,Default,Default,Default,Default,Default,Default,Default,Default,Default,Default,Default,Default,Default,Default,Default,Default,Default,Default,DefaultJob,DocumentCount=100000,1,Workload,Actual,13,825716698,2048,403181.98,8,0,0,16577
SimilarityBenchmarks.LeanCorpus_Bm25_BooleanQuery,Rowles.LeanCorpus.Benchmarks,SimilarityBenchmarks,LeanCorpus_Bm25_BooleanQuery,DefaultJob,Default,Default,Default,Default,Default,Default,Default,Default,Default,Default,Default,Default,Default,Default,Default,Default,Default,Default,Default,Default,Default,Default,Default,Default,Default,Default,Default,Default,Default,Default,Default,Default,Default,Default,Default,Default,Default,Default,Default,Default,Default,DefaultJob,DocumentCount=100000,1,Workload,Actual,14,839662164,2048,409991.29,8,0,0,16577
SimilarityBenchmarks.LeanCorpus_Bm25_BooleanQuery,Rowles.LeanCorpus.Benchmarks,SimilarityBenchmarks,LeanCorpus_Bm25_BooleanQuery,DefaultJob,Default,Default,Default,Default,Default,Default,Default,Default,Default,Default,Default,Default,Default,Default,Default,Default,Default,Default,Default,Default,Default,Default,Default,Default,Default,Default,Default,Default,Default,Default,Default,Default,Default,Default,Default,Default,Default,Default,Default,Default,Default,DefaultJob,DocumentCount=100000,1,Workload,Actual,15,823073683,2048,401891.45,8,0,0,16577
SimilarityBenchmarks.LeanCorpus_Bm25_BooleanQuery,Rowles.LeanCorpus.Benchmarks,SimilarityBenchmarks,LeanCorpus_Bm25_BooleanQuery,DefaultJob,Default,Default,Default,Default,Default,Default,Default,Default,Default,Default,Default,Default,Default,Default,Default,Default,Default,Default,Default,Default,Default,Default,Default,Default,Default,Default,Default,Default,Default,Default,Default,Default,Default,Default,Default,Default,Default,Default,Default,Default,Default,DefaultJob,DocumentCount=100000,1,Workload,Extra,1,848843940,2048,414474.58,8,0,0,16577
SimilarityBenchmarks.LeanCorpus_Bm25_BooleanQuery,Rowles.LeanCorpus.Benchmarks,SimilarityBenchmarks,LeanCorpus_Bm25_BooleanQuery,DefaultJob,Default,Default,Default,Default,Default,Default,Default,Default,Default,Default,Default,Default,Default,Default,Default,Default,Default,Default,Default,Default,Default,Default,Default,Default,Default,Default,Default,Default,Default,Default,Default,Default,Default,Default,Default,Default,Default,Default,Default,Default,Default,DefaultJob,DocumentCount=100000,1,Workload,Result,1,839503068,2048,409913.61,8,0,0,16577
SimilarityBenchmarks.LeanCorpus_Bm25_BooleanQuery,Rowles.LeanCorpus.Benchmarks,SimilarityBenchmarks,LeanCorpus_Bm25_BooleanQuery,DefaultJob,Default,Default,Default,Default,Default,Default,Default,Default,Default,Default,Default,Default,Default,Default,Default,Default,Default,Default,Default,Default,Default,Default,Default,Default,Default,Default,Default,Default,Default,Default,Default,Default,Default,Default,Default,Default,Default,Default,Default,Default,Default,DefaultJob,DocumentCount=100000,1,Workload,Result,2,856562515,2048,418243.42,8,0,0,16577
SimilarityBenchmarks.LeanCorpus_Bm25_BooleanQuery,Rowles.LeanCorpus.Benchmarks,SimilarityBenchmarks,LeanCorpus_Bm25_BooleanQuery,DefaultJob,Default,Default,Default,Default,Default,Default,Default,Default,Default,Default,Default,Default,Default,Default,Default,Default,Default,Default,Default,Default,Default,Default,Default,Default,Default,Default,Default,Default,Default,Default,Default,Default,Default,Default,Default,Default,Default,Default,Default,Default,Default,DefaultJob,DocumentCount=100000,1,Workload,Result,3,835169436,2048,407797.58,8,0,0,16577
SimilarityBenchmarks.LeanCorpus_Bm25_BooleanQuery,Rowles.LeanCorpus.Benchmarks,SimilarityBenchmarks,LeanCorpus_Bm25_BooleanQuery,DefaultJob,Default,Default,Default,Default,Default,Default,Default,Default,Default,Default,Default,Default,Default,Default,Default,Default,Default,Default,Default,Default,Default,Default,Default,Default,Default,Default,Default,Default,Default,Default,Default,Default,Default,Default,Default,Default,Default,Default,Default,Default,Default,DefaultJob,DocumentCount=100000,1,Workload,Result,4,842272674,2048,411265.95,8,0,0,16577
SimilarityBenchmarks.LeanCorpus_Bm25_BooleanQuery,Rowles.LeanCorpus.Benchmarks,SimilarityBenchmarks,LeanCorpus_Bm25_BooleanQuery,DefaultJob,Default,Default,Default,Default,Default,Default,Default,Default,Default,Default,Default,Default,Default,Default,Default,Default,Default,Default,Default,Default,Default,Default,Default,Default,Default,Default,Default,Default,Default,Default,Default,Default,Default,Default,Default,Default,Default,Default,Default,Default,Default,DefaultJob,DocumentCount=100000,1,Workload,Result,5,828405586,2048,404494.92,8,0,0,16577
SimilarityBenchmarks.LeanCorpus_Bm25_BooleanQuery,Rowles.LeanCorpus.Benchmarks,SimilarityBenchmarks,LeanCorpus_Bm25_BooleanQuery,DefaultJob,Default,Default,Default,Default,Default,Default,Default,Default,Default,Default,Default,Default,Default,Default,Default,Default,Default,Default,Default,Default,Default,Default,Default,Default,Default,Default,Default,Default,Default,Default,Default,Default,Default,Default,Default,Default,Default,Default,Default,Default,Default,DefaultJob,DocumentCount=100000,1,Workload,Result,6,852639672,2048,416327.96,8,0,0,16577
SimilarityBenchmarks.LeanCorpus_Bm25_BooleanQuery,Rowles.LeanCorpus.Benchmarks,SimilarityBenchmarks,LeanCorpus_Bm25_BooleanQuery,DefaultJob,Default,Default,Default,Default,Default,Default,Default,Default,Default,Default,Default,Default,Default,Default,Default,Default,Default,Default,Default,Default,Default,Default,Default,Default,Default,Default,Default,Default,Default,Default,Default,Default,Default,Default,Default,Default,Default,Default,Default,Default,Default,DefaultJob,DocumentCount=100000,1,Workload,Result,7,844456133,2048,412332.1,8,0,0,16577
SimilarityBenchmarks.LeanCorpus_Bm25_BooleanQuery,Rowles.LeanCorpus.Benchmarks,SimilarityBenchmarks,LeanCorpus_Bm25_BooleanQuery,DefaultJob,Default,Default,Default,Default,Default,Default,Default,Default,Default,Default,Default,Default,Default,Default,Default,Default,Default,Default,Default,Default,Default,Default,Default,Default,Default,Default,Default,Default,Default,Default,Default,Default,Default,Default,Default,Default,Default,Default,Default,Default,Default,DefaultJob,DocumentCount=100000,1,Workload,Result,8,860852392,2048,420338.08,8,0,0,16577
SimilarityBenchmarks.LeanCorpus_Bm25_BooleanQuery,Rowles.LeanCorpus.Benchmarks,SimilarityBenchmarks,LeanCorpus_Bm25_BooleanQuery,DefaultJob,Default,Default,Default,Default,Default,Default,Default,Default,Default,Default,Default,Default,Default,Default,Default,Default,Default,Default,Default,Default,Default,Default,Default,Default,Default,Default,Default,Default,Default,Default,Default,Default,Default,Default,Default,Default,Default,Default,Default,Default,Default,DefaultJob,DocumentCount=100000,1,Workload,Result,9,823960527,2048,402324.48,8,0,0,16577
SimilarityBenchmarks.LeanCorpus_Bm25_BooleanQuery,Rowles.LeanCorpus.Benchmarks,SimilarityBenchmarks,LeanCorpus_Bm25_BooleanQuery,DefaultJob,Default,Default,Default,Default,Default,Default,Default,Default,Default,Default,Default,Default,Default,Default,Default,Default,Default,Default,Default,Default,Default,Default,Default,Default,Default,Default,Default,Default,Default,Default,Default,Default,Default,Default,Default,Default,Default,Default,Default,Default,Default,DefaultJob,DocumentCount=100000,1,Workload,Result,10,859038243,2048,419452.27,8,0,0,16577
SimilarityBenchmarks.LeanCorpus_Bm25_BooleanQuery,Rowles.LeanCorpus.Benchmarks,SimilarityBenchmarks,LeanCorpus_Bm25_BooleanQuery,DefaultJob,Default,Default,Default,Default,Default,Default,Default,Default,Default,Default,Default,Default,Default,Default,Default,Default,Default,Default,Default,Default,Default,Default,Default,Default,Default,Default,Default,Default,Default,Default,Default,Default,Default,Default,Default,Default,Default,Default,Default,Default,Default,DefaultJob,DocumentCount=100000,1,Workload,Result,11,821823142,2048,401280.83,8,0,0,16577
SimilarityBenchmarks.LeanCorpus_Bm25_BooleanQuery,Rowles.LeanCorpus.Benchmarks,SimilarityBenchmarks,LeanCorpus_Bm25_BooleanQuery,DefaultJob,Default,Default,Default,Default,Default,Default,Default,Default,Default,Default,Default,Default,Default,Default,Default,Default,Default,Default,Default,Default,Default,Default,Default,Default,Default,Default,Default,Default,Default,Default,Default,Default,Default,Default,Default,Default,Default,Default,Default,Default,Default,DefaultJob,DocumentCount=100000,1,Workload,Result,12,824712775,2048,402691.78,8,0,0,16577
SimilarityBenchmarks.LeanCorpus_Bm25_BooleanQuery,Rowles.LeanCorpus.Benchmarks,SimilarityBenchmarks,LeanCorpus_Bm25_BooleanQuery,DefaultJob,Default,Default,Default,Default,Default,Default,Default,Default,Default,Default,Default,Default,Default,Default,Default,Default,Default,Default,Default,Default,Default,Default,Default,Default,Default,Default,Default,Default,Default,Default,Default,Default,Default,Default,Default,Default,Default,Default,Default,Default,Default,DefaultJob,DocumentCount=100000,1,Workload,Result,13,825716698,2048,403181.98,8,0,0,16577
SimilarityBenchmarks.LeanCorpus_Bm25_BooleanQuery,Rowles.LeanCorpus.Benchmarks,SimilarityBenchmarks,LeanCorpus_Bm25_BooleanQuery,DefaultJob,Default,Default,Default,Default,Default,Default,Default,Default,Default,Default,Default,Default,Default,Default,Default,Default,Default,Default,Default,Default,Default,Default,Default,Default,Default,Default,Default,Default,Default,Default,Default,Default,Default,Default,Default,Default,Default,Default,Default,Default,Default,DefaultJob,DocumentCount=100000,1,Workload,Result,14,839662164,2048,409991.29,8,0,0,16577
SimilarityBenchmarks.LeanCorpus_Bm25_BooleanQuery,Rowles.LeanCorpus.Benchmarks,SimilarityBenchmarks,LeanCorpus_Bm25_BooleanQuery,DefaultJob,Default,Default,Default,Default,Default,Default,Default,Default,Default,Default,Default,Default,Default,Default,Default,Default,Default,Default,Default,Default,Default,Default,Default,Default,Default,Default,Default,Default,Default,Default,Default,Default,Default,Default,Default,Default,Default,Default,Default,Default,Default,DefaultJob,DocumentCount=100000,1,Workload,Result,15,823073683,2048,401891.45,8,0,0,16577
SimilarityBenchmarks.LuceneNet_Bm25_BooleanQuery,Rowles.LeanCorpus.Benchmarks,SimilarityBenchmarks,LuceneNet_Bm25_BooleanQuery,DefaultJob,Default,Default,Default,Default,Default,Default,Default,Default,Default,Default,Default,Default,Default,Default,Default,Default,Default,Default,Default,Default,Default,Default,Default,Default,Default,Default,Default,Default,Default,Default,Default,Default,Default,Default,Default,Default,Default,Default,Default,Default,Default,DefaultJob,DocumentCount=100000,1,Workload,Jitting,1,42780766,1,42780766,63,2,0,130718
SimilarityBenchmarks.LuceneNet_Bm25_BooleanQuery,Rowles.LeanCorpus.Benchmarks,SimilarityBenchmarks,LuceneNet_Bm25_BooleanQuery,DefaultJob,Default,Default,Default,Default,Default,Default,Default,Default,Default,Default,Default,Default,Default,Default,Default,Default,Default,Default,Default,Default,Default,Default,Default,Default,Default,Default,Default,Default,Default,Default,Default,Default,Default,Default,Default,Default,Default,Default,Default,Default,Default,DefaultJob,DocumentCount=100000,1,Workload,Jitting,2,84903375,30,2830112.5,63,2,0,130718
SimilarityBenchmarks.LuceneNet_Bm25_BooleanQuery,Rowles.LeanCorpus.Benchmarks,SimilarityBenchmarks,LuceneNet_Bm25_BooleanQuery,DefaultJob,Default,Default,Default,Default,Default,Default,Default,Default,Default,Default,Default,Default,Default,Default,Default,Default,Default,Default,Default,Default,Default,Default,Default,Default,Default,Default,Default,Default,Default,Default,Default,Default,Default,Default,Default,Default,Default,Default,Default,Default,Default,DefaultJob,DocumentCount=100000,1,Workload,Jitting,3,44297695,30,1476589.83,63,2,0,130718
SimilarityBenchmarks.LuceneNet_Bm25_BooleanQuery,Rowles.LeanCorpus.Benchmarks,SimilarityBenchmarks,LuceneNet_Bm25_BooleanQuery,DefaultJob,Default,Default,Default,Default,Default,Default,Default,Default,Default,Default,Default,Default,Default,Default,Default,Default,Default,Default,Default,Default,Default,Default,Default,Default,Default,Default,Default,Default,Default,Default,Default,Default,Default,Default,Default,Default,Default,Default,Default,Default,Default,DefaultJob,DocumentCount=100000,1,Workload,Jitting,4,13015602,30,433853.4,63,2,0,130718
SimilarityBenchmarks.LuceneNet_Bm25_BooleanQuery,Rowles.LeanCorpus.Benchmarks,SimilarityBenchmarks,LuceneNet_Bm25_BooleanQuery,DefaultJob,Default,Default,Default,Default,Default,Default,Default,Default,Default,Default,Default,Default,Default,Default,Default,Default,Default,Default,Default,Default,Default,Default,Default,Default,Default,Default,Default,Default,Default,Default,Default,Default,Default,Default,Default,Default,Default,Default,Default,Default,Default,DefaultJob,DocumentCount=100000,1,Workload,Jitting,5,575633,1,575633,63,2,0,130718
SimilarityBenchmarks.LuceneNet_Bm25_BooleanQuery,Rowles.LeanCorpus.Benchmarks,SimilarityBenchmarks,LuceneNet_Bm25_BooleanQuery,DefaultJob,Default,Default,Default,Default,Default,Default,Default,Default,Default,Default,Default,Default,Default,Default,Default,Default,Default,Default,Default,Default,Default,Default,Default,Default,Default,Default,Default,Default,Default,Default,Default,Default,Default,Default,Default,Default,Default,Default,Default,Default,Default,DefaultJob,DocumentCount=100000,1,Workload,Pilot,1,726448,1,726448,63,2,0,130718
SimilarityBenchmarks.LuceneNet_Bm25_BooleanQuery,Rowles.LeanCorpus.Benchmarks,SimilarityBenchmarks,LuceneNet_Bm25_BooleanQuery,DefaultJob,Default,Default,Default,Default,Default,Default,Default,Default,Default,Default,Default,Default,Default,Default,Default,Default,Default,Default,Default,Default,Default,Default,Default,Default,Default,Default,Default,Default,Default,Default,Default,Default,Default,Default,Default,Default,Default,Default,Default,Default,Default,DefaultJob,DocumentCount=100000,1,Workload,Pilot,1,14703708,16,918981.75,63,2,0,130718
SimilarityBenchmarks.LuceneNet_Bm25_BooleanQuery,Rowles.LeanCorpus.Benchmarks,SimilarityBenchmarks,LuceneNet_Bm25_BooleanQuery,DefaultJob,Default,Default,Default,Default,Default,Default,Default,Default,Default,Default,Default,Default,Default,Default,Default,Default,Default,Default,Default,Default,Default,Default,Default,Default,Default,Default,Default,Default,Default,Default,Default,Default,Default,Default,Default,Default,Default,Default,Default,Default,Default,DefaultJob,DocumentCount=100000,1,Workload,Pilot,2,27742086,32,866940.19,63,2,0,130718
SimilarityBenchmarks.LuceneNet_Bm25_BooleanQuery,Rowles.LeanCorpus.Benchmarks,SimilarityBenchmarks,LuceneNet_Bm25_BooleanQuery,DefaultJob,Default,Default,Default,Default,Default,Default,Default,Default,Default,Default,Default,Default,Default,Default,Default,Default,Default,Default,Default,Default,Default,Default,Default,Default,Default,Default,Default,Default,Default,Default,Default,Default,Default,Default,Default,Default,Default,Default,Default,Default,Default,DefaultJob,DocumentCount=100000,1,Workload,Pilot,3,36711190,64,573612.34,63,2,0,130718
SimilarityBenchmarks.LuceneNet_Bm25_BooleanQuery,Rowles.LeanCorpus.Benchmarks,SimilarityBenchmarks,LuceneNet_Bm25_BooleanQuery,DefaultJob,Default,Default,Default,Default,Default,Default,Default,Default,Default,Default,Default,Default,Default,Default,Default,Default,Default,Default,Default,Default,Default,Default,Default,Default,Default,Default,Default,Default,Default,Default,Default,Default,Default,Default,Default,Default,Default,Default,Default,Default,Default,DefaultJob,DocumentCount=100000,1,Workload,Pilot,4,53099861,128,414842.66,63,2,0,130718
SimilarityBenchmarks.LuceneNet_Bm25_BooleanQuery,Rowles.LeanCorpus.Benchmarks,SimilarityBenchmarks,LuceneNet_Bm25_BooleanQuery,DefaultJob,Default,Default,Default,Default,Default,Default,Default,Default,Default,Default,Default,Default,Default,Default,Default,Default,Default,Default,Default,Default,Default,Default,Default,Default,Default,Default,Default,Default,Default,Default,Default,Default,Default,Default,Default,Default,Default,Default,Default,Default,Default,DefaultJob,DocumentCount=100000,1,Workload,Pilot,5,96720825,256,377815.72,63,2,0,130718
SimilarityBenchmarks.LuceneNet_Bm25_BooleanQuery,Rowles.LeanCorpus.Benchmarks,SimilarityBenchmarks,LuceneNet_Bm25_BooleanQuery,DefaultJob,Default,Default,Default,Default,Default,Default,Default,Default,Default,Default,Default,Default,Default,Default,Default,Default,Default,Default,Default,Default,Default,Default,Default,Default,Default,Default,Default,Default,Default,Default,Default,Default,Default,Default,Default,Default,Default,Default,Default,Default,Default,DefaultJob,DocumentCount=100000,1,Workload,Pilot,6,191851715,512,374710.38,63,2,0,130718
SimilarityBenchmarks.LuceneNet_Bm25_BooleanQuery,Rowles.LeanCorpus.Benchmarks,SimilarityBenchmarks,LuceneNet_Bm25_BooleanQuery,DefaultJob,Default,Default,Default,Default,Default,Default,Default,Default,Default,Default,Default,Default,Default,Default,Default,Default,Default,Default,Default,Default,Default,Default,Default,Default,Default,Default,Default,Default,Default,Default,Default,Default,Default,Default,Default,Default,Default,Default,Default,Default,Default,DefaultJob,DocumentCount=100000,1,Workload,Pilot,7,381963679,1024,373011.41,63,2,0,130718
SimilarityBenchmarks.LuceneNet_Bm25_BooleanQuery,Rowles.LeanCorpus.Benchmarks,SimilarityBenchmarks,LuceneNet_Bm25_BooleanQuery,DefaultJob,Default,Default,Default,Default,Default,Default,Default,Default,Default,Default,Default,Default,Default,Default,Default,Default,Default,Default,Default,Default,Default,Default,Default,Default,Default,Default,Default,Default,Default,Default,Default,Default,Default,Default,Default,Default,Default,Default,Default,Default,Default,DefaultJob,DocumentCount=100000,1,Workload,Pilot,8,764302123,2048,373194.4,63,2,0,130718
SimilarityBenchmarks.LuceneNet_Bm25_BooleanQuery,Rowles.LeanCorpus.Benchmarks,SimilarityBenchmarks,LuceneNet_Bm25_BooleanQuery,DefaultJob,Default,Default,Default,Default,Default,Default,Default,Default,Default,Default,Default,Default,Default,Default,Default,Default,Default,Default,Default,Default,Default,Default,Default,Default,Default,Default,Default,Default,Default,Default,Default,Default,Default,Default,Default,Default,Default,Default,Default,Default,Default,DefaultJob,DocumentCount=100000,1,Workload,Warmup,1,770382818,2048,376163.49,63,2,0,130718
SimilarityBenchmarks.LuceneNet_Bm25_BooleanQuery,Rowles.LeanCorpus.Benchmarks,SimilarityBenchmarks,LuceneNet_Bm25_BooleanQuery,DefaultJob,Default,Default,Default,Default,Default,Default,Default,Default,Default,Default,Default,Default,Default,Default,Default,Default,Default,Default,Default,Default,Default,Default,Default,Default,Default,Default,Default,Default,Default,Default,Default,Default,Default,Default,Default,Default,Default,Default,Default,Default,Default,DefaultJob,DocumentCount=100000,1,Workload,Warmup,2,772119397,2048,377011.42,63,2,0,130718
SimilarityBenchmarks.LuceneNet_Bm25_BooleanQuery,Rowles.LeanCorpus.Benchmarks,SimilarityBenchmarks,LuceneNet_Bm25_BooleanQuery,DefaultJob,Default,Default,Default,Default,Default,Default,Default,Default,Default,Default,Default,Default,Default,Default,Default,Default,Default,Default,Default,Default,Default,Default,Default,Default,Default,Default,Default,Default,Default,Default,Default,Default,Default,Default,Default,Default,Default,Default,Default,Default,Default,DefaultJob,DocumentCount=100000,1,Workload,Warmup,3,777392401,2048,379586.13,63,2,0,130718
SimilarityBenchmarks.LuceneNet_Bm25_BooleanQuery,Rowles.LeanCorpus.Benchmarks,SimilarityBenchmarks,LuceneNet_Bm25_BooleanQuery,DefaultJob,Default,Default,Default,Default,Default,Default,Default,Default,Default,Default,Default,Default,Default,Default,Default,Default,Default,Default,Default,Default,Default,Default,Default,Default,Default,Default,Default,Default,Default,Default,Default,Default,Default,Default,Default,Default,Default,Default,Default,Default,Default,DefaultJob,DocumentCount=100000,1,Workload,Warmup,4,772007171,2048,376956.63,63,2,0,130718
SimilarityBenchmarks.LuceneNet_Bm25_BooleanQuery,Rowles.LeanCorpus.Benchmarks,SimilarityBenchmarks,LuceneNet_Bm25_BooleanQuery,DefaultJob,Default,Default,Default,Default,Default,Default,Default,Default,Default,Default,Default,Default,Default,Default,Default,Default,Default,Default,Default,Default,Default,Default,Default,Default,Default,Default,Default,Default,Default,Default,Default,Default,Default,Default,Default,Default,Default,Default,Default,Default,Default,DefaultJob,DocumentCount=100000,1,Workload,Warmup,5,773495562,2048,377683.38,63,2,0,130718
SimilarityBenchmarks.LuceneNet_Bm25_BooleanQuery,Rowles.LeanCorpus.Benchmarks,SimilarityBenchmarks,LuceneNet_Bm25_BooleanQuery,DefaultJob,Default,Default,Default,Default,Default,Default,Default,Default,Default,Default,Default,Default,Default,Default,Default,Default,Default,Default,Default,Default,Default,Default,Default,Default,Default,Default,Default,Default,Default,Default,Default,Default,Default,Default,Default,Default,Default,Default,Default,Default,Default,DefaultJob,DocumentCount=100000,1,Workload,Warmup,6,770807470,2048,376370.83,63,2,0,130718
SimilarityBenchmarks.LuceneNet_Bm25_BooleanQuery,Rowles.LeanCorpus.Benchmarks,SimilarityBenchmarks,LuceneNet_Bm25_BooleanQuery,DefaultJob,Default,Default,Default,Default,Default,Default,Default,Default,Default,Default,Default,Default,Default,Default,Default,Default,Default,Default,Default,Default,Default,Default,Default,Default,Default,Default,Default,Default,Default,Default,Default,Default,Default,Default,Default,Default,Default,Default,Default,Default,Default,DefaultJob,DocumentCount=100000,1,Workload,Actual,1,772937701,2048,377410.99,63,2,0,130718
SimilarityBenchmarks.LuceneNet_Bm25_BooleanQuery,Rowles.LeanCorpus.Benchmarks,SimilarityBenchmarks,LuceneNet_Bm25_BooleanQuery,DefaultJob,Default,Default,Default,Default,Default,Default,Default,Default,Default,Default,Default,Default,Default,Default,Default,Default,Default,Default,Default,Default,Default,Default,Default,Default,Default,Default,Default,Default,Default,Default,Default,Default,Default,Default,Default,Default,Default,Default,Default,Default,Default,DefaultJob,DocumentCount=100000,1,Workload,Actual,2,769064888,2048,375519.96,63,2,0,130718
SimilarityBenchmarks.LuceneNet_Bm25_BooleanQuery,Rowles.LeanCorpus.Benchmarks,SimilarityBenchmarks,LuceneNet_Bm25_BooleanQuery,DefaultJob,Default,Default,Default,Default,Default,Default,Default,Default,Default,Default,Default,Default,Default,Default,Default,Default,Default,Default,Default,Default,Default,Default,Default,Default,Default,Default,Default,Default,Default,Default,Default,Default,Default,Default,Default,Default,Default,Default,Default,Default,Default,DefaultJob,DocumentCount=100000,1,Workload,Actual,3,756572333,2048,369420.08,63,2,0,130718
SimilarityBenchmarks.LuceneNet_Bm25_BooleanQuery,Rowles.LeanCorpus.Benchmarks,SimilarityBenchmarks,LuceneNet_Bm25_BooleanQuery,DefaultJob,Default,Default,Default,Default,Default,Default,Default,Default,Default,Default,Default,Default,Default,Default,Default,Default,Default,Default,Default,Default,Default,Default,Default,Default,Default,Default,Default,Default,Default,Default,Default,Default,Default,Default,Default,Default,Default,Default,Default,Default,Default,DefaultJob,DocumentCount=100000,1,Workload,Actual,4,771884226,2048,376896.59,63,2,0,130718
SimilarityBenchmarks.LuceneNet_Bm25_BooleanQuery,Rowles.LeanCorpus.Benchmarks,SimilarityBenchmarks,LuceneNet_Bm25_BooleanQuery,DefaultJob,Default,Default,Default,Default,Default,Default,Default,Default,Default,Default,Default,Default,Default,Default,Default,Default,Default,Default,Default,Default,Default,Default,Default,Default,Default,Default,Default,Default,Default,Default,Default,Default,Default,Default,Default,Default,Default,Default,Default,Default,Default,DefaultJob,DocumentCount=100000,1,Workload,Actual,5,776811957,2048,379302.71,63,2,0,130718
SimilarityBenchmarks.LuceneNet_Bm25_BooleanQuery,Rowles.LeanCorpus.Benchmarks,SimilarityBenchmarks,LuceneNet_Bm25_BooleanQuery,DefaultJob,Default,Default,Default,Default,Default,Default,Default,Default,Default,Default,Default,Default,Default,Default,Default,Default,Default,Default,Default,Default,Default,Default,Default,Default,Default,Default,Default,Default,Default,Default,Default,Default,Default,Default,Default,Default,Default,Default,Default,Default,Default,DefaultJob,DocumentCount=100000,1,Workload,Actual,6,768733612,2048,375358.21,63,2,0,130718
SimilarityBenchmarks.LuceneNet_Bm25_BooleanQuery,Rowles.LeanCorpus.Benchmarks,SimilarityBenchmarks,LuceneNet_Bm25_BooleanQuery,DefaultJob,Default,Default,Default,Default,Default,Default,Default,Default,Default,Default,Default,Default,Default,Default,Default,Default,Default,Default,Default,Default,Default,Default,Default,Default,Default,Default,Default,Default,Default,Default,Default,Default,Default,Default,Default,Default,Default,Default,Default,Default,Default,DefaultJob,DocumentCount=100000,1,Workload,Actual,7,777846655,2048,379807.94,63,2,0,130718
SimilarityBenchmarks.LuceneNet_Bm25_BooleanQuery,Rowles.LeanCorpus.Benchmarks,SimilarityBenchmarks,LuceneNet_Bm25_BooleanQuery,DefaultJob,Default,Default,Default,Default,Default,Default,Default,Default,Default,Default,Default,Default,Default,Default,Default,Default,Default,Default,Default,Default,Default,Default,Default,Default,Default,Default,Default,Default,Default,Default,Default,Default,Default,Default,Default,Default,Default,Default,Default,Default,Default,DefaultJob,DocumentCount=100000,1,Workload,Actual,8,772747750,2048,377318.24,63,2,0,130718
SimilarityBenchmarks.LuceneNet_Bm25_BooleanQuery,Rowles.LeanCorpus.Benchmarks,SimilarityBenchmarks,LuceneNet_Bm25_BooleanQuery,DefaultJob,Default,Default,Default,Default,Default,Default,Default,Default,Default,Default,Default,Default,Default,Default,Default,Default,Default,Default,Default,Default,Default,Default,Default,Default,Default,Default,Default,Default,Default,Default,Default,Default,Default,Default,Default,Default,Default,Default,Default,Default,Default,DefaultJob,DocumentCount=100000,1,Workload,Actual,9,769454927,2048,375710.41,63,2,0,130718
SimilarityBenchmarks.LuceneNet_Bm25_BooleanQuery,Rowles.LeanCorpus.Benchmarks,SimilarityBenchmarks,LuceneNet_Bm25_BooleanQuery,DefaultJob,Default,Default,Default,Default,Default,Default,Default,Default,Default,Default,Default,Default,Default,Default,Default,Default,Default,Default,Default,Default,Default,Default,Default,Default,Default,Default,Default,Default,Default,Default,Default,Default,Default,Default,Default,Default,Default,Default,Default,Default,Default,DefaultJob,DocumentCount=100000,1,Workload,Actual,10,773909613,2048,377885.55,63,2,0,130718
SimilarityBenchmarks.LuceneNet_Bm25_BooleanQuery,Rowles.LeanCorpus.Benchmarks,SimilarityBenchmarks,LuceneNet_Bm25_BooleanQuery,DefaultJob,Default,Default,Default,Default,Default,Default,Default,Default,Default,Default,Default,Default,Default,Default,Default,Default,Default,Default,Default,Default,Default,Default,Default,Default,Default,Default,Default,Default,Default,Default,Default,Default,Default,Default,Default,Default,Default,Default,Default,Default,Default,DefaultJob,DocumentCount=100000,1,Workload,Actual,11,766886594,2048,374456.34,63,2,0,130718
SimilarityBenchmarks.LuceneNet_Bm25_BooleanQuery,Rowles.LeanCorpus.Benchmarks,SimilarityBenchmarks,LuceneNet_Bm25_BooleanQuery,DefaultJob,Default,Default,Default,Default,Default,Default,Default,Default,Default,Default,Default,Default,Default,Default,Default,Default,Default,Default,Default,Default,Default,Default,Default,Default,Default,Default,Default,Default,Default,Default,Default,Default,Default,Default,Default,Default,Default,Default,Default,Default,Default,DefaultJob,DocumentCount=100000,1,Workload,Actual,12,769533168,2048,375748.62,63,2,0,130718
SimilarityBenchmarks.LuceneNet_Bm25_BooleanQuery,Rowles.LeanCorpus.Benchmarks,SimilarityBenchmarks,LuceneNet_Bm25_BooleanQuery,DefaultJob,Default,Default,Default,Default,Default,Default,Default,Default,Default,Default,Default,Default,Default,Default,Default,Default,Default,Default,Default,Default,Default,Default,Default,Default,Default,Default,Default,Default,Default,Default,Default,Default,Default,Default,Default,Default,Default,Default,Default,Default,Default,DefaultJob,DocumentCount=100000,1,Workload,Actual,13,754887236,2048,368597.28,63,2,0,130718
SimilarityBenchmarks.LuceneNet_Bm25_BooleanQuery,Rowles.LeanCorpus.Benchmarks,SimilarityBenchmarks,LuceneNet_Bm25_BooleanQuery,DefaultJob,Default,Default,Default,Default,Default,Default,Default,Default,Default,Default,Default,Default,Default,Default,Default,Default,Default,Default,Default,Default,Default,Default,Default,Default,Default,Default,Default,Default,Default,Default,Default,Default,Default,Default,Default,Default,Default,Default,Default,Default,Default,DefaultJob,DocumentCount=100000,1,Workload,Actual,14,775464130,2048,378644.59,63,2,0,130718
SimilarityBenchmarks.LuceneNet_Bm25_BooleanQuery,Rowles.LeanCorpus.Benchmarks,SimilarityBenchmarks,LuceneNet_Bm25_BooleanQuery,DefaultJob,Default,Default,Default,Default,Default,Default,Default,Default,Default,Default,Default,Default,Default,Default,Default,Default,Default,Default,Default,Default,Default,Default,Default,Default,Default,Default,Default,Default,Default,Default,Default,Default,Default,Default,Default,Default,Default,Default,Default,Default,Default,DefaultJob,DocumentCount=100000,1,Workload,Actual,15,760283400,2048,371232.13,63,2,0,130718
SimilarityBenchmarks.LuceneNet_Bm25_BooleanQuery,Rowles.LeanCorpus.Benchmarks,SimilarityBenchmarks,LuceneNet_Bm25_BooleanQuery,DefaultJob,Default,Default,Default,Default,Default,Default,Default,Default,Default,Default,Default,Default,Default,Default,Default,Default,Default,Default,Default,Default,Default,Default,Default,Default,Default,Default,Default,Default,Default,Default,Default,Default,Default,Default,Default,Default,Default,Default,Default,Default,Default,DefaultJob,DocumentCount=100000,1,Workload,Extra,1,775288499,2048,378558.84,63,2,0,130718
SimilarityBenchmarks.LuceneNet_Bm25_BooleanQuery,Rowles.LeanCorpus.Benchmarks,SimilarityBenchmarks,LuceneNet_Bm25_BooleanQuery,DefaultJob,Default,Default,Default,Default,Default,Default,Default,Default,Default,Default,Default,Default,Default,Default,Default,Default,Default,Default,Default,Default,Default,Default,Default,Default,Default,Default,Default,Default,Default,Default,Default,Default,Default,Default,Default,Default,Default,Default,Default,Default,Default,DefaultJob,DocumentCount=100000,1,Workload,Result,1,772937701,2048,377410.99,63,2,0,130718
SimilarityBenchmarks.LuceneNet_Bm25_BooleanQuery,Rowles.LeanCorpus.Benchmarks,SimilarityBenchmarks,LuceneNet_Bm25_BooleanQuery,DefaultJob,Default,Default,Default,Default,Default,Default,Default,Default,Default,Default,Default,Default,Default,Default,Default,Default,Default,Default,Default,Default,Default,Default,Default,Default,Default,Default,Default,Default,Default,Default,Default,Default,Default,Default,Default,Default,Default,Default,Default,Default,Default,DefaultJob,DocumentCount=100000,1,Workload,Result,2,769064888,2048,375519.96,63,2,0,130718
SimilarityBenchmarks.LuceneNet_Bm25_BooleanQuery,Rowles.LeanCorpus.Benchmarks,SimilarityBenchmarks,LuceneNet_Bm25_BooleanQuery,DefaultJob,Default,Default,Default,Default,Default,Default,Default,Default,Default,Default,Default,Default,Default,Default,Default,Default,Default,Default,Default,Default,Default,Default,Default,Default,Default,Default,Default,Default,Default,Default,Default,Default,Default,Default,Default,Default,Default,Default,Default,Default,Default,DefaultJob,DocumentCount=100000,1,Workload,Result,3,756572333,2048,369420.08,63,2,0,130718
SimilarityBenchmarks.LuceneNet_Bm25_BooleanQuery,Rowles.LeanCorpus.Benchmarks,SimilarityBenchmarks,LuceneNet_Bm25_BooleanQuery,DefaultJob,Default,Default,Default,Default,Default,Default,Default,Default,Default,Default,Default,Default,Default,Default,Default,Default,Default,Default,Default,Default,Default,Default,Default,Default,Default,Default,Default,Default,Default,Default,Default,Default,Default,Default,Default,Default,Default,Default,Default,Default,Default,DefaultJob,DocumentCount=100000,1,Workload,Result,4,771884226,2048,376896.59,63,2,0,130718
SimilarityBenchmarks.LuceneNet_Bm25_BooleanQuery,Rowles.LeanCorpus.Benchmarks,SimilarityBenchmarks,LuceneNet_Bm25_BooleanQuery,DefaultJob,Default,Default,Default,Default,Default,Default,Default,Default,Default,Default,Default,Default,Default,Default,Default,Default,Default,Default,Default,Default,Default,Default,Default,Default,Default,Default,Default,Default,Default,Default,Default,Default,Default,Default,Default,Default,Default,Default,Default,Default,Default,DefaultJob,DocumentCount=100000,1,Workload,Result,5,776811957,2048,379302.71,63,2,0,130718
SimilarityBenchmarks.LuceneNet_Bm25_BooleanQuery,Rowles.LeanCorpus.Benchmarks,SimilarityBenchmarks,LuceneNet_Bm25_BooleanQuery,DefaultJob,Default,Default,Default,Default,Default,Default,Default,Default,Default,Default,Default,Default,Default,Default,Default,Default,Default,Default,Default,Default,Default,Default,Default,Default,Default,Default,Default,Default,Default,Default,Default,Default,Default,Default,Default,Default,Default,Default,Default,Default,Default,DefaultJob,DocumentCount=100000,1,Workload,Result,6,768733612,2048,375358.21,63,2,0,130718
SimilarityBenchmarks.LuceneNet_Bm25_BooleanQuery,Rowles.LeanCorpus.Benchmarks,SimilarityBenchmarks,LuceneNet_Bm25_BooleanQuery,DefaultJob,Default,Default,Default,Default,Default,Default,Default,Default,Default,Default,Default,Default,Default,Default,Default,Default,Default,Default,Default,Default,Default,Default,Default,Default,Default,Default,Default,Default,Default,Default,Default,Default,Default,Default,Default,Default,Default,Default,Default,Default,Default,DefaultJob,DocumentCount=100000,1,Workload,Result,7,777846655,2048,379807.94,63,2,0,130718
SimilarityBenchmarks.LuceneNet_Bm25_BooleanQuery,Rowles.LeanCorpus.Benchmarks,SimilarityBenchmarks,LuceneNet_Bm25_BooleanQuery,DefaultJob,Default,Default,Default,Default,Default,Default,Default,Default,Default,Default,Default,Default,Default,Default,Default,Default,Default,Default,Default,Default,Default,Default,Default,Default,Default,Default,Default,Default,Default,Default,Default,Default,Default,Default,Default,Default,Default,Default,Default,Default,Default,DefaultJob,DocumentCount=100000,1,Workload,Result,8,772747750,2048,377318.24,63,2,0,130718
SimilarityBenchmarks.LuceneNet_Bm25_BooleanQuery,Rowles.LeanCorpus.Benchmarks,SimilarityBenchmarks,LuceneNet_Bm25_BooleanQuery,DefaultJob,Default,Default,Default,Default,Default,Default,Default,Default,Default,Default,Default,Default,Default,Default,Default,Default,Default,Default,Default,Default,Default,Default,Default,Default,Default,Default,Default,Default,Default,Default,Default,Default,Default,Default,Default,Default,Default,Default,Default,Default,Default,DefaultJob,DocumentCount=100000,1,Workload,Result,9,769454927,2048,375710.41,63,2,0,130718
SimilarityBenchmarks.LuceneNet_Bm25_BooleanQuery,Rowles.LeanCorpus.Benchmarks,SimilarityBenchmarks,LuceneNet_Bm25_BooleanQuery,DefaultJob,Default,Default,Default,Default,Default,Default,Default,Default,Default,Default,Default,Default,Default,Default,Default,Default,Default,Default,Default,Default,Default,Default,Default,Default,Default,Default,Default,Default,Default,Default,Default,Default,Default,Default,Default,Default,Default,Default,Default,Default,Default,DefaultJob,DocumentCount=100000,1,Workload,Result,10,773909613,2048,377885.55,63,2,0,130718
SimilarityBenchmarks.LuceneNet_Bm25_BooleanQuery,Rowles.LeanCorpus.Benchmarks,SimilarityBenchmarks,LuceneNet_Bm25_BooleanQuery,DefaultJob,Default,Default,Default,Default,Default,Default,Default,Default,Default,Default,Default,Default,Default,Default,Default,Default,Default,Default,Default,Default,Default,Default,Default,Default,Default,Default,Default,Default,Default,Default,Default,Default,Default,Default,Default,Default,Default,Default,Default,Default,Default,DefaultJob,DocumentCount=100000,1,Workload,Result,11,766886594,2048,374456.34,63,2,0,130718
SimilarityBenchmarks.LuceneNet_Bm25_BooleanQuery,Rowles.LeanCorpus.Benchmarks,SimilarityBenchmarks,LuceneNet_Bm25_BooleanQuery,DefaultJob,Default,Default,Default,Default,Default,Default,Default,Default,Default,Default,Default,Default,Default,Default,Default,Default,Default,Default,Default,Default,Default,Default,Default,Default,Default,Default,Default,Default,Default,Default,Default,Default,Default,Default,Default,Default,Default,Default,Default,Default,Default,DefaultJob,DocumentCount=100000,1,Workload,Result,12,769533168,2048,375748.62,63,2,0,130718
SimilarityBenchmarks.LuceneNet_Bm25_BooleanQuery,Rowles.LeanCorpus.Benchmarks,SimilarityBenchmarks,LuceneNet_Bm25_BooleanQuery,DefaultJob,Default,Default,Default,Default,Default,Default,Default,Default,Default,Default,Default,Default,Default,Default,Default,Default,Default,Default,Default,Default,Default,Default,Default,Default,Default,Default,Default,Default,Default,Default,Default,Default,Default,Default,Default,Default,Default,Default,Default,Default,Default,DefaultJob,DocumentCount=100000,1,Workload,Result,13,754887236,2048,368597.28,63,2,0,130718
SimilarityBenchmarks.LuceneNet_Bm25_BooleanQuery,Rowles.LeanCorpus.Benchmarks,SimilarityBenchmarks,LuceneNet_Bm25_BooleanQuery,DefaultJob,Default,Default,Default,Default,Default,Default,Default,Default,Default,Default,Default,Default,Default,Default,Default,Default,Default,Default,Default,Default,Default,Default,Default,Default,Default,Default,Default,Default,Default,Default,Default,Default,Default,Default,Default,Default,Default,Default,Default,Default,Default,DefaultJob,DocumentCount=100000,1,Workload,Result,14,775464130,2048,378644.59,63,2,0,130718
SimilarityBenchmarks.LuceneNet_Bm25_BooleanQuery,Rowles.LeanCorpus.Benchmarks,SimilarityBenchmarks,LuceneNet_Bm25_BooleanQuery,DefaultJob,Default,Default,Default,Default,Default,Default,Default,Default,Default,Default,Default,Default,Default,Default,Default,Default,Default,Default,Default,Default,Default,Default,Default,Default,Default,Default,Default,Default,Default,Default,Default,Default,Default,Default,Default,Default,Default,Default,Default,Default,Default,DefaultJob,DocumentCount=100000,1,Workload,Result,15,760283400,2048,371232.13,63,2,0,130718
SimilarityBenchmarks.LeanCorpus_Dirichlet_TermQuery,Rowles.LeanCorpus.Benchmarks,SimilarityBenchmarks,LeanCorpus_Dirichlet_TermQuery,DefaultJob,Default,Default,Default,Default,Default,Default,Default,Default,Default,Default,Default,Default,Default,Default,Default,Default,Default,Default,Default,Default,Default,Default,Default,Default,Default,Default,Default,Default,Default,Default,Default,Default,Default,Default,Default,Default,Default,Default,Default,Default,Default,DefaultJob,DocumentCount=100000,1,Workload,Jitting,1,71772165,1,71772165,0,0,0,888
SimilarityBenchmarks.LeanCorpus_Dirichlet_TermQuery,Rowles.LeanCorpus.Benchmarks,SimilarityBenchmarks,LeanCorpus_Dirichlet_TermQuery,DefaultJob,Default,Default,Default,Default,Default,Default,Default,Default,Default,Default,Default,Default,Default,Default,Default,Default,Default,Default,Default,Default,Default,Default,Default,Default,Default,Default,Default,Default,Default,Default,Default,Default,Default,Default,Default,Default,Default,Default,Default,Default,Default,DefaultJob,DocumentCount=100000,1,Workload,Jitting,2,10278611,30,342620.37,0,0,0,888
SimilarityBenchmarks.LeanCorpus_Dirichlet_TermQuery,Rowles.LeanCorpus.Benchmarks,SimilarityBenchmarks,LeanCorpus_Dirichlet_TermQuery,DefaultJob,Default,Default,Default,Default,Default,Default,Default,Default,Default,Default,Default,Default,Default,Default,Default,Default,Default,Default,Default,Default,Default,Default,Default,Default,Default,Default,Default,Default,Default,Default,Default,Default,Default,Default,Default,Default,Default,Default,Default,Default,Default,DefaultJob,DocumentCount=100000,1,Workload,Jitting,3,8896394,30,296546.47,0,0,0,888
SimilarityBenchmarks.LeanCorpus_Dirichlet_TermQuery,Rowles.LeanCorpus.Benchmarks,SimilarityBenchmarks,LeanCorpus_Dirichlet_TermQuery,DefaultJob,Default,Default,Default,Default,Default,Default,Default,Default,Default,Default,Default,Default,Default,Default,Default,Default,Default,Default,Default,Default,Default,Default,Default,Default,Default,Default,Default,Default,Default,Default,Default,Default,Default,Default,Default,Default,Default,Default,Default,Default,Default,DefaultJob,DocumentCount=100000,1,Workload,Jitting,4,10617485,30,353916.17,0,0,0,888
SimilarityBenchmarks.LeanCorpus_Dirichlet_TermQuery,Rowles.LeanCorpus.Benchmarks,SimilarityBenchmarks,LeanCorpus_Dirichlet_TermQuery,DefaultJob,Default,Default,Default,Default,Default,Default,Default,Default,Default,Default,Default,Default,Default,Default,Default,Default,Default,Default,Default,Default,Default,Default,Default,Default,Default,Default,Default,Default,Default,Default,Default,Default,Default,Default,Default,Default,Default,Default,Default,Default,Default,DefaultJob,DocumentCount=100000,1,Workload,Jitting,5,411610,1,411610,0,0,0,888
SimilarityBenchmarks.LeanCorpus_Dirichlet_TermQuery,Rowles.LeanCorpus.Benchmarks,SimilarityBenchmarks,LeanCorpus_Dirichlet_TermQuery,DefaultJob,Default,Default,Default,Default,Default,Default,Default,Default,Default,Default,Default,Default,Default,Default,Default,Default,Default,Default,Default,Default,Default,Default,Default,Default,Default,Default,Default,Default,Default,Default,Default,Default,Default,Default,Default,Default,Default,Default,Default,Default,Default,DefaultJob,DocumentCount=100000,1,Workload,Pilot,1,419950,1,419950,0,0,0,888
SimilarityBenchmarks.LeanCorpus_Dirichlet_TermQuery,Rowles.LeanCorpus.Benchmarks,SimilarityBenchmarks,LeanCorpus_Dirichlet_TermQuery,DefaultJob,Default,Default,Default,Default,Default,Default,Default,Default,Default,Default,Default,Default,Default,Default,Default,Default,Default,Default,Default,Default,Default,Default,Default,Default,Default,Default,Default,Default,Default,Default,Default,Default,Default,Default,Default,Default,Default,Default,Default,Default,Default,DefaultJob,DocumentCount=100000,1,Workload,Pilot,1,5970653,16,373165.81,0,0,0,888
SimilarityBenchmarks.LeanCorpus_Dirichlet_TermQuery,Rowles.LeanCorpus.Benchmarks,SimilarityBenchmarks,LeanCorpus_Dirichlet_TermQuery,DefaultJob,Default,Default,Default,Default,Default,Default,Default,Default,Default,Default,Default,Default,Default,Default,Default,Default,Default,Default,Default,Default,Default,Default,Default,Default,Default,Default,Default,Default,Default,Default,Default,Default,Default,Default,Default,Default,Default,Default,Default,Default,Default,DefaultJob,DocumentCount=100000,1,Workload,Pilot,2,11512602,32,359768.81,0,0,0,888
SimilarityBenchmarks.LeanCorpus_Dirichlet_TermQuery,Rowles.LeanCorpus.Benchmarks,SimilarityBenchmarks,LeanCorpus_Dirichlet_TermQuery,DefaultJob,Default,Default,Default,Default,Default,Default,Default,Default,Default,Default,Default,Default,Default,Default,Default,Default,Default,Default,Default,Default,Default,Default,Default,Default,Default,Default,Default,Default,Default,Default,Default,Default,Default,Default,Default,Default,Default,Default,Default,Default,Default,DefaultJob,DocumentCount=100000,1,Workload,Pilot,3,20077395,64,313709.3,0,0,0,888
SimilarityBenchmarks.LeanCorpus_Dirichlet_TermQuery,Rowles.LeanCorpus.Benchmarks,SimilarityBenchmarks,LeanCorpus_Dirichlet_TermQuery,DefaultJob,Default,Default,Default,Default,Default,Default,Default,Default,Default,Default,Default,Default,Default,Default,Default,Default,Default,Default,Default,Default,Default,Default,Default,Default,Default,Default,Default,Default,Default,Default,Default,Default,Default,Default,Default,Default,Default,Default,Default,Default,Default,DefaultJob,DocumentCount=100000,1,Workload,Pilot,4,31638209,128,247173.51,0,0,0,888
SimilarityBenchmarks.LeanCorpus_Dirichlet_TermQuery,Rowles.LeanCorpus.Benchmarks,SimilarityBenchmarks,LeanCorpus_Dirichlet_TermQuery,DefaultJob,Default,Default,Default,Default,Default,Default,Default,Default,Default,Default,Default,Default,Default,Default,Default,Default,Default,Default,Default,Default,Default,Default,Default,Default,Default,Default,Default,Default,Default,Default,Default,Default,Default,Default,Default,Default,Default,Default,Default,Default,Default,DefaultJob,DocumentCount=100000,1,Workload,Pilot,5,47276030,256,184671.99,0,0,0,888
SimilarityBenchmarks.LeanCorpus_Dirichlet_TermQuery,Rowles.LeanCorpus.Benchmarks,SimilarityBenchmarks,LeanCorpus_Dirichlet_TermQuery,DefaultJob,Default,Default,Default,Default,Default,Default,Default,Default,Default,Default,Default,Default,Default,Default,Default,Default,Default,Default,Default,Default,Default,Default,Default,Default,Default,Default,Default,Default,Default,Default,Default,Default,Default,Default,Default,Default,Default,Default,Default,Default,Default,DefaultJob,DocumentCount=100000,1,Workload,Pilot,6,84860485,512,165743.13,0,0,0,888
SimilarityBenchmarks.LeanCorpus_Dirichlet_TermQuery,Rowles.LeanCorpus.Benchmarks,SimilarityBenchmarks,LeanCorpus_Dirichlet_TermQuery,DefaultJob,Default,Default,Default,Default,Default,Default,Default,Default,Default,Default,Default,Default,Default,Default,Default,Default,Default,Default,Default,Default,Default,Default,Default,Default,Default,Default,Default,Default,Default,Default,Default,Default,Default,Default,Default,Default,Default,Default,Default,Default,Default,DefaultJob,DocumentCount=100000,1,Workload,Pilot,7,169548965,1024,165575.16,0,0,0,888
SimilarityBenchmarks.LeanCorpus_Dirichlet_TermQuery,Rowles.LeanCorpus.Benchmarks,SimilarityBenchmarks,LeanCorpus_Dirichlet_TermQuery,DefaultJob,Default,Default,Default,Default,Default,Default,Default,Default,Default,Default,Default,Default,Default,Default,Default,Default,Default,Default,Default,Default,Default,Default,Default,Default,Default,Default,Default,Default,Default,Default,Default,Default,Default,Default,Default,Default,Default,Default,Default,Default,Default,DefaultJob,DocumentCount=100000,1,Workload,Pilot,8,333768127,2048,162972.72,0,0,0,888
SimilarityBenchmarks.LeanCorpus_Dirichlet_TermQuery,Rowles.LeanCorpus.Benchmarks,SimilarityBenchmarks,LeanCorpus_Dirichlet_TermQuery,DefaultJob,Default,Default,Default,Default,Default,Default,Default,Default,Default,Default,Default,Default,Default,Default,Default,Default,Default,Default,Default,Default,Default,Default,Default,Default,Default,Default,Default,Default,Default,Default,Default,Default,Default,Default,Default,Default,Default,Default,Default,Default,Default,DefaultJob,DocumentCount=100000,1,Workload,Pilot,9,675396575,4096,164891.74,0,0,0,888
SimilarityBenchmarks.LeanCorpus_Dirichlet_TermQuery,Rowles.LeanCorpus.Benchmarks,SimilarityBenchmarks,LeanCorpus_Dirichlet_TermQuery,DefaultJob,Default,Default,Default,Default,Default,Default,Default,Default,Default,Default,Default,Default,Default,Default,Default,Default,Default,Default,Default,Default,Default,Default,Default,Default,Default,Default,Default,Default,Default,Default,Default,Default,Default,Default,Default,Default,Default,Default,Default,Default,Default,DefaultJob,DocumentCount=100000,1,Workload,Warmup,1,670883016,4096,163789.8,0,0,0,888
SimilarityBenchmarks.LeanCorpus_Dirichlet_TermQuery,Rowles.LeanCorpus.Benchmarks,SimilarityBenchmarks,LeanCorpus_Dirichlet_TermQuery,DefaultJob,Default,Default,Default,Default,Default,Default,Default,Default,Default,Default,Default,Default,Default,Default,Default,Default,Default,Default,Default,Default,Default,Default,Default,Default,Default,Default,Default,Default,Default,Default,Default,Default,Default,Default,Default,Default,Default,Default,Default,Default,Default,DefaultJob,DocumentCount=100000,1,Workload,Warmup,2,668108000,4096,163112.3,0,0,0,888
SimilarityBenchmarks.LeanCorpus_Dirichlet_TermQuery,Rowles.LeanCorpus.Benchmarks,SimilarityBenchmarks,LeanCorpus_Dirichlet_TermQuery,DefaultJob,Default,Default,Default,Default,Default,Default,Default,Default,Default,Default,Default,Default,Default,Default,Default,Default,Default,Default,Default,Default,Default,Default,Default,Default,Default,Default,Default,Default,Default,Default,Default,Default,Default,Default,Default,Default,Default,Default,Default,Default,Default,DefaultJob,DocumentCount=100000,1,Workload,Warmup,3,670904553,4096,163795.06,0,0,0,888
SimilarityBenchmarks.LeanCorpus_Dirichlet_TermQuery,Rowles.LeanCorpus.Benchmarks,SimilarityBenchmarks,LeanCorpus_Dirichlet_TermQuery,DefaultJob,Default,Default,Default,Default,Default,Default,Default,Default,Default,Default,Default,Default,Default,Default,Default,Default,Default,Default,Default,Default,Default,Default,Default,Default,Default,Default,Default,Default,Default,Default,Default,Default,Default,Default,Default,Default,Default,Default,Default,Default,Default,DefaultJob,DocumentCount=100000,1,Workload,Warmup,4,672185731,4096,164107.84,0,0,0,888
SimilarityBenchmarks.LeanCorpus_Dirichlet_TermQuery,Rowles.LeanCorpus.Benchmarks,SimilarityBenchmarks,LeanCorpus_Dirichlet_TermQuery,DefaultJob,Default,Default,Default,Default,Default,Default,Default,Default,Default,Default,Default,Default,Default,Default,Default,Default,Default,Default,Default,Default,Default,Default,Default,Default,Default,Default,Default,Default,Default,Default,Default,Default,Default,Default,Default,Default,Default,Default,Default,Default,Default,DefaultJob,DocumentCount=100000,1,Workload,Warmup,5,669331152,4096,163410.93,0,0,0,888
SimilarityBenchmarks.LeanCorpus_Dirichlet_TermQuery,Rowles.LeanCorpus.Benchmarks,SimilarityBenchmarks,LeanCorpus_Dirichlet_TermQuery,DefaultJob,Default,Default,Default,Default,Default,Default,Default,Default,Default,Default,Default,Default,Default,Default,Default,Default,Default,Default,Default,Default,Default,Default,Default,Default,Default,Default,Default,Default,Default,Default,Default,Default,Default,Default,Default,Default,Default,Default,Default,Default,Default,DefaultJob,DocumentCount=100000,1,Workload,Warmup,6,673701101,4096,164477.81,0,0,0,888
SimilarityBenchmarks.LeanCorpus_Dirichlet_TermQuery,Rowles.LeanCorpus.Benchmarks,SimilarityBenchmarks,LeanCorpus_Dirichlet_TermQuery,DefaultJob,Default,Default,Default,Default,Default,Default,Default,Default,Default,Default,Default,Default,Default,Default,Default,Default,Default,Default,Default,Default,Default,Default,Default,Default,Default,Default,Default,Default,Default,Default,Default,Default,Default,Default,Default,Default,Default,Default,Default,Default,Default,DefaultJob,DocumentCount=100000,1,Workload,Warmup,7,673710026,4096,164479.99,0,0,0,888
SimilarityBenchmarks.LeanCorpus_Dirichlet_TermQuery,Rowles.LeanCorpus.Benchmarks,SimilarityBenchmarks,LeanCorpus_Dirichlet_TermQuery,DefaultJob,Default,Default,Default,Default,Default,Default,Default,Default,Default,Default,Default,Default,Default,Default,Default,Default,Default,Default,Default,Default,Default,Default,Default,Default,Default,Default,Default,Default,Default,Default,Default,Default,Default,Default,Default,Default,Default,Default,Default,Default,Default,DefaultJob,DocumentCount=100000,1,Workload,Warmup,8,673686465,4096,164474.23,0,0,0,888
SimilarityBenchmarks.LeanCorpus_Dirichlet_TermQuery,Rowles.LeanCorpus.Benchmarks,SimilarityBenchmarks,LeanCorpus_Dirichlet_TermQuery,DefaultJob,Default,Default,Default,Default,Default,Default,Default,Default,Default,Default,Default,Default,Default,Default,Default,Default,Default,Default,Default,Default,Default,Default,Default,Default,Default,Default,Default,Default,Default,Default,Default,Default,Default,Default,Default,Default,Default,Default,Default,Default,Default,DefaultJob,DocumentCount=100000,1,Workload,Actual,1,667047538,4096,162853.4,0,0,0,888
SimilarityBenchmarks.LeanCorpus_Dirichlet_TermQuery,Rowles.LeanCorpus.Benchmarks,SimilarityBenchmarks,LeanCorpus_Dirichlet_TermQuery,DefaultJob,Default,Default,Default,Default,Default,Default,Default,Default,Default,Default,Default,Default,Default,Default,Default,Default,Default,Default,Default,Default,Default,Default,Default,Default,Default,Default,Default,Default,Default,Default,Default,Default,Default,Default,Default,Default,Default,Default,Default,Default,Default,DefaultJob,DocumentCount=100000,1,Workload,Actual,2,666377076,4096,162689.72,0,0,0,888
SimilarityBenchmarks.LeanCorpus_Dirichlet_TermQuery,Rowles.LeanCorpus.Benchmarks,SimilarityBenchmarks,LeanCorpus_Dirichlet_TermQuery,DefaultJob,Default,Default,Default,Default,Default,Default,Default,Default,Default,Default,Default,Default,Default,Default,Default,Default,Default,Default,Default,Default,Default,Default,Default,Default,Default,Default,Default,Default,Default,Default,Default,Default,Default,Default,Default,Default,Default,Default,Default,Default,Default,DefaultJob,DocumentCount=100000,1,Workload,Actual,3,671149869,4096,163854.95,0,0,0,888
SimilarityBenchmarks.LeanCorpus_Dirichlet_TermQuery,Rowles.LeanCorpus.Benchmarks,SimilarityBenchmarks,LeanCorpus_Dirichlet_TermQuery,DefaultJob,Default,Default,Default,Default,Default,Default,Default,Default,Default,Default,Default,Default,Default,Default,Default,Default,Default,Default,Default,Default,Default,Default,Default,Default,Default,Default,Default,Default,Default,Default,Default,Default,Default,Default,Default,Default,Default,Default,Default,Default,Default,DefaultJob,DocumentCount=100000,1,Workload,Actual,4,674298623,4096,164623.69,0,0,0,888
SimilarityBenchmarks.LeanCorpus_Dirichlet_TermQuery,Rowles.LeanCorpus.Benchmarks,SimilarityBenchmarks,LeanCorpus_Dirichlet_TermQuery,DefaultJob,Default,Default,Default,Default,Default,Default,Default,Default,Default,Default,Default,Default,Default,Default,Default,Default,Default,Default,Default,Default,Default,Default,Default,Default,Default,Default,Default,Default,Default,Default,Default,Default,Default,Default,Default,Default,Default,Default,Default,Default,Default,DefaultJob,DocumentCount=100000,1,Workload,Actual,5,669638143,4096,163485.87,0,0,0,888
SimilarityBenchmarks.LeanCorpus_Dirichlet_TermQuery,Rowles.LeanCorpus.Benchmarks,SimilarityBenchmarks,LeanCorpus_Dirichlet_TermQuery,DefaultJob,Default,Default,Default,Default,Default,Default,Default,Default,Default,Default,Default,Default,Default,Default,Default,Default,Default,Default,Default,Default,Default,Default,Default,Default,Default,Default,Default,Default,Default,Default,Default,Default,Default,Default,Default,Default,Default,Default,Default,Default,Default,DefaultJob,DocumentCount=100000,1,Workload,Actual,6,673128033,4096,164337.9,0,0,0,888
SimilarityBenchmarks.LeanCorpus_Dirichlet_TermQuery,Rowles.LeanCorpus.Benchmarks,SimilarityBenchmarks,LeanCorpus_Dirichlet_TermQuery,DefaultJob,Default,Default,Default,Default,Default,Default,Default,Default,Default,Default,Default,Default,Default,Default,Default,Default,Default,Default,Default,Default,Default,Default,Default,Default,Default,Default,Default,Default,Default,Default,Default,Default,Default,Default,Default,Default,Default,Default,Default,Default,Default,DefaultJob,DocumentCount=100000,1,Workload,Actual,7,672187452,4096,164108.26,0,0,0,888
SimilarityBenchmarks.LeanCorpus_Dirichlet_TermQuery,Rowles.LeanCorpus.Benchmarks,SimilarityBenchmarks,LeanCorpus_Dirichlet_TermQuery,DefaultJob,Default,Default,Default,Default,Default,Default,Default,Default,Default,Default,Default,Default,Default,Default,Default,Default,Default,Default,Default,Default,Default,Default,Default,Default,Default,Default,Default,Default,Default,Default,Default,Default,Default,Default,Default,Default,Default,Default,Default,Default,Default,DefaultJob,DocumentCount=100000,1,Workload,Actual,8,663708606,4096,162038.23,0,0,0,888
SimilarityBenchmarks.LeanCorpus_Dirichlet_TermQuery,Rowles.LeanCorpus.Benchmarks,SimilarityBenchmarks,LeanCorpus_Dirichlet_TermQuery,DefaultJob,Default,Default,Default,Default,Default,Default,Default,Default,Default,Default,Default,Default,Default,Default,Default,Default,Default,Default,Default,Default,Default,Default,Default,Default,Default,Default,Default,Default,Default,Default,Default,Default,Default,Default,Default,Default,Default,Default,Default,Default,Default,DefaultJob,DocumentCount=100000,1,Workload,Actual,9,670952084,4096,163806.66,0,0,0,888
SimilarityBenchmarks.LeanCorpus_Dirichlet_TermQuery,Rowles.LeanCorpus.Benchmarks,SimilarityBenchmarks,LeanCorpus_Dirichlet_TermQuery,DefaultJob,Default,Default,Default,Default,Default,Default,Default,Default,Default,Default,Default,Default,Default,Default,Default,Default,Default,Default,Default,Default,Default,Default,Default,Default,Default,Default,Default,Default,Default,Default,Default,Default,Default,Default,Default,Default,Default,Default,Default,Default,Default,DefaultJob,DocumentCount=100000,1,Workload,Actual,10,673588472,4096,164450.31,0,0,0,888
SimilarityBenchmarks.LeanCorpus_Dirichlet_TermQuery,Rowles.LeanCorpus.Benchmarks,SimilarityBenchmarks,LeanCorpus_Dirichlet_TermQuery,DefaultJob,Default,Default,Default,Default,Default,Default,Default,Default,Default,Default,Default,Default,Default,Default,Default,Default,Default,Default,Default,Default,Default,Default,Default,Default,Default,Default,Default,Default,Default,Default,Default,Default,Default,Default,Default,Default,Default,Default,Default,Default,Default,DefaultJob,DocumentCount=100000,1,Workload,Actual,11,674519479,4096,164677.61,0,0,0,888
SimilarityBenchmarks.LeanCorpus_Dirichlet_TermQuery,Rowles.LeanCorpus.Benchmarks,SimilarityBenchmarks,LeanCorpus_Dirichlet_TermQuery,DefaultJob,Default,Default,Default,Default,Default,Default,Default,Default,Default,Default,Default,Default,Default,Default,Default,Default,Default,Default,Default,Default,Default,Default,Default,Default,Default,Default,Default,Default,Default,Default,Default,Default,Default,Default,Default,Default,Default,Default,Default,Default,Default,DefaultJob,DocumentCount=100000,1,Workload,Actual,12,663630520,4096,162019.17,0,0,0,888
SimilarityBenchmarks.LeanCorpus_Dirichlet_TermQuery,Rowles.LeanCorpus.Benchmarks,SimilarityBenchmarks,LeanCorpus_Dirichlet_TermQuery,DefaultJob,Default,Default,Default,Default,Default,Default,Default,Default,Default,Default,Default,Default,Default,Default,Default,Default,Default,Default,Default,Default,Default,Default,Default,Default,Default,Default,Default,Default,Default,Default,Default,Default,Default,Default,Default,Default,Default,Default,Default,Default,Default,DefaultJob,DocumentCount=100000,1,Workload,Actual,13,663685888,4096,162032.69,0,0,0,888
SimilarityBenchmarks.LeanCorpus_Dirichlet_TermQuery,Rowles.LeanCorpus.Benchmarks,SimilarityBenchmarks,LeanCorpus_Dirichlet_TermQuery,DefaultJob,Default,Default,Default,Default,Default,Default,Default,Default,Default,Default,Default,Default,Default,Default,Default,Default,Default,Default,Default,Default,Default,Default,Default,Default,Default,Default,Default,Default,Default,Default,Default,Default,Default,Default,Default,Default,Default,Default,Default,Default,Default,DefaultJob,DocumentCount=100000,1,Workload,Actual,14,671401979,4096,163916.5,0,0,0,888
SimilarityBenchmarks.LeanCorpus_Dirichlet_TermQuery,Rowles.LeanCorpus.Benchmarks,SimilarityBenchmarks,LeanCorpus_Dirichlet_TermQuery,DefaultJob,Default,Default,Default,Default,Default,Default,Default,Default,Default,Default,Default,Default,Default,Default,Default,Default,Default,Default,Default,Default,Default,Default,Default,Default,Default,Default,Default,Default,Default,Default,Default,Default,Default,Default,Default,Default,Default,Default,Default,Default,Default,DefaultJob,DocumentCount=100000,1,Workload,Actual,15,673270794,4096,164372.75,0,0,0,888
SimilarityBenchmarks.LeanCorpus_Dirichlet_TermQuery,Rowles.LeanCorpus.Benchmarks,SimilarityBenchmarks,LeanCorpus_Dirichlet_TermQuery,DefaultJob,Default,Default,Default,Default,Default,Default,Default,Default,Default,Default,Default,Default,Default,Default,Default,Default,Default,Default,Default,Default,Default,Default,Default,Default,Default,Default,Default,Default,Default,Default,Default,Default,Default,Default,Default,Default,Default,Default,Default,Default,Default,DefaultJob,DocumentCount=100000,1,Workload,Extra,1,670361926,4096,163662.58,0,0,0,888
SimilarityBenchmarks.LeanCorpus_Dirichlet_TermQuery,Rowles.LeanCorpus.Benchmarks,SimilarityBenchmarks,LeanCorpus_Dirichlet_TermQuery,DefaultJob,Default,Default,Default,Default,Default,Default,Default,Default,Default,Default,Default,Default,Default,Default,Default,Default,Default,Default,Default,Default,Default,Default,Default,Default,Default,Default,Default,Default,Default,Default,Default,Default,Default,Default,Default,Default,Default,Default,Default,Default,Default,DefaultJob,DocumentCount=100000,1,Workload,Result,1,667047538,4096,162853.4,0,0,0,888
SimilarityBenchmarks.LeanCorpus_Dirichlet_TermQuery,Rowles.LeanCorpus.Benchmarks,SimilarityBenchmarks,LeanCorpus_Dirichlet_TermQuery,DefaultJob,Default,Default,Default,Default,Default,Default,Default,Default,Default,Default,Default,Default,Default,Default,Default,Default,Default,Default,Default,Default,Default,Default,Default,Default,Default,Default,Default,Default,Default,Default,Default,Default,Default,Default,Default,Default,Default,Default,Default,Default,Default,DefaultJob,DocumentCount=100000,1,Workload,Result,2,666377076,4096,162689.72,0,0,0,888
SimilarityBenchmarks.LeanCorpus_Dirichlet_TermQuery,Rowles.LeanCorpus.Benchmarks,SimilarityBenchmarks,LeanCorpus_Dirichlet_TermQuery,DefaultJob,Default,Default,Default,Default,Default,Default,Default,Default,Default,Default,Default,Default,Default,Default,Default,Default,Default,Default,Default,Default,Default,Default,Default,Default,Default,Default,Default,Default,Default,Default,Default,Default,Default,Default,Default,Default,Default,Default,Default,Default,Default,DefaultJob,DocumentCount=100000,1,Workload,Result,3,671149869,4096,163854.95,0,0,0,888
SimilarityBenchmarks.LeanCorpus_Dirichlet_TermQuery,Rowles.LeanCorpus.Benchmarks,SimilarityBenchmarks,LeanCorpus_Dirichlet_TermQuery,DefaultJob,Default,Default,Default,Default,Default,Default,Default,Default,Default,Default,Default,Default,Default,Default,Default,Default,Default,Default,Default,Default,Default,Default,Default,Default,Default,Default,Default,Default,Default,Default,Default,Default,Default,Default,Default,Default,Default,Default,Default,Default,Default,DefaultJob,DocumentCount=100000,1,Workload,Result,4,674298623,4096,164623.69,0,0,0,888
SimilarityBenchmarks.LeanCorpus_Dirichlet_TermQuery,Rowles.LeanCorpus.Benchmarks,SimilarityBenchmarks,LeanCorpus_Dirichlet_TermQuery,DefaultJob,Default,Default,Default,Default,Default,Default,Default,Default,Default,Default,Default,Default,Default,Default,Default,Default,Default,Default,Default,Default,Default,Default,Default,Default,Default,Default,Default,Default,Default,Default,Default,Default,Default,Default,Default,Default,Default,Default,Default,Default,Default,DefaultJob,DocumentCount=100000,1,Workload,Result,5,669638143,4096,163485.87,0,0,0,888
SimilarityBenchmarks.LeanCorpus_Dirichlet_TermQuery,Rowles.LeanCorpus.Benchmarks,SimilarityBenchmarks,LeanCorpus_Dirichlet_TermQuery,DefaultJob,Default,Default,Default,Default,Default,Default,Default,Default,Default,Default,Default,Default,Default,Default,Default,Default,Default,Default,Default,Default,Default,Default,Default,Default,Default,Default,Default,Default,Default,Default,Default,Default,Default,Default,Default,Default,Default,Default,Default,Default,Default,DefaultJob,DocumentCount=100000,1,Workload,Result,6,673128033,4096,164337.9,0,0,0,888
SimilarityBenchmarks.LeanCorpus_Dirichlet_TermQuery,Rowles.LeanCorpus.Benchmarks,SimilarityBenchmarks,LeanCorpus_Dirichlet_TermQuery,DefaultJob,Default,Default,Default,Default,Default,Default,Default,Default,Default,Default,Default,Default,Default,Default,Default,Default,Default,Default,Default,Default,Default,Default,Default,Default,Default,Default,Default,Default,Default,Default,Default,Default,Default,Default,Default,Default,Default,Default,Default,Default,Default,DefaultJob,DocumentCount=100000,1,Workload,Result,7,672187452,4096,164108.26,0,0,0,888
SimilarityBenchmarks.LeanCorpus_Dirichlet_TermQuery,Rowles.LeanCorpus.Benchmarks,SimilarityBenchmarks,LeanCorpus_Dirichlet_TermQuery,DefaultJob,Default,Default,Default,Default,Default,Default,Default,Default,Default,Default,Default,Default,Default,Default,Default,Default,Default,Default,Default,Default,Default,Default,Default,Default,Default,Default,Default,Default,Default,Default,Default,Default,Default,Default,Default,Default,Default,Default,Default,Default,Default,DefaultJob,DocumentCount=100000,1,Workload,Result,8,663708606,4096,162038.23,0,0,0,888
SimilarityBenchmarks.LeanCorpus_Dirichlet_TermQuery,Rowles.LeanCorpus.Benchmarks,SimilarityBenchmarks,LeanCorpus_Dirichlet_TermQuery,DefaultJob,Default,Default,Default,Default,Default,Default,Default,Default,Default,Default,Default,Default,Default,Default,Default,Default,Default,Default,Default,Default,Default,Default,Default,Default,Default,Default,Default,Default,Default,Default,Default,Default,Default,Default,Default,Default,Default,Default,Default,Default,Default,DefaultJob,DocumentCount=100000,1,Workload,Result,9,670952084,4096,163806.66,0,0,0,888
SimilarityBenchmarks.LeanCorpus_Dirichlet_TermQuery,Rowles.LeanCorpus.Benchmarks,SimilarityBenchmarks,LeanCorpus_Dirichlet_TermQuery,DefaultJob,Default,Default,Default,Default,Default,Default,Default,Default,Default,Default,Default,Default,Default,Default,Default,Default,Default,Default,Default,Default,Default,Default,Default,Default,Default,Default,Default,Default,Default,Default,Default,Default,Default,Default,Default,Default,Default,Default,Default,Default,Default,DefaultJob,DocumentCount=100000,1,Workload,Result,10,673588472,4096,164450.31,0,0,0,888
SimilarityBenchmarks.LeanCorpus_Dirichlet_TermQuery,Rowles.LeanCorpus.Benchmarks,SimilarityBenchmarks,LeanCorpus_Dirichlet_TermQuery,DefaultJob,Default,Default,Default,Default,Default,Default,Default,Default,Default,Default,Default,Default,Default,Default,Default,Default,Default,Default,Default,Default,Default,Default,Default,Default,Default,Default,Default,Default,Default,Default,Default,Default,Default,Default,Default,Default,Default,Default,Default,Default,Default,DefaultJob,DocumentCount=100000,1,Workload,Result,11,674519479,4096,164677.61,0,0,0,888
SimilarityBenchmarks.LeanCorpus_Dirichlet_TermQuery,Rowles.LeanCorpus.Benchmarks,SimilarityBenchmarks,LeanCorpus_Dirichlet_TermQuery,DefaultJob,Default,Default,Default,Default,Default,Default,Default,Default,Default,Default,Default,Default,Default,Default,Default,Default,Default,Default,Default,Default,Default,Default,Default,Default,Default,Default,Default,Default,Default,Default,Default,Default,Default,Default,Default,Default,Default,Default,Default,Default,Default,DefaultJob,DocumentCount=100000,1,Workload,Result,12,663630520,4096,162019.17,0,0,0,888
SimilarityBenchmarks.LeanCorpus_Dirichlet_TermQuery,Rowles.LeanCorpus.Benchmarks,SimilarityBenchmarks,LeanCorpus_Dirichlet_TermQuery,DefaultJob,Default,Default,Default,Default,Default,Default,Default,Default,Default,Default,Default,Default,Default,Default,Default,Default,Default,Default,Default,Default,Default,Default,Default,Default,Default,Default,Default,Default,Default,Default,Default,Default,Default,Default,Default,Default,Default,Default,Default,Default,Default,DefaultJob,DocumentCount=100000,1,Workload,Result,13,663685888,4096,162032.69,0,0,0,888
SimilarityBenchmarks.LeanCorpus_Dirichlet_TermQuery,Rowles.LeanCorpus.Benchmarks,SimilarityBenchmarks,LeanCorpus_Dirichlet_TermQuery,DefaultJob,Default,Default,Default,Default,Default,Default,Default,Default,Default,Default,Default,Default,Default,Default,Default,Default,Default,Default,Default,Default,Default,Default,Default,Default,Default,Default,Default,Default,Default,Default,Default,Default,Default,Default,Default,Default,Default,Default,Default,Default,Default,DefaultJob,DocumentCount=100000,1,Workload,Result,14,671401979,4096,163916.5,0,0,0,888
SimilarityBenchmarks.LeanCorpus_Dirichlet_TermQuery,Rowles.LeanCorpus.Benchmarks,SimilarityBenchmarks,LeanCorpus_Dirichlet_TermQuery,DefaultJob,Default,Default,Default,Default,Default,Default,Default,Default,Default,Default,Default,Default,Default,Default,Default,Default,Default,Default,Default,Default,Default,Default,Default,Default,Default,Default,Default,Default,Default,Default,Default,Default,Default,Default,Default,Default,Default,Default,Default,Default,Default,DefaultJob,DocumentCount=100000,1,Workload,Result,15,673270794,4096,164372.75,0,0,0,888
SimilarityBenchmarks.LuceneNet_Dirichlet_TermQuery,Rowles.LeanCorpus.Benchmarks,SimilarityBenchmarks,LuceneNet_Dirichlet_TermQuery,DefaultJob,Default,Default,Default,Default,Default,Default,Default,Default,Default,Default,Default,Default,Default,Default,Default,Default,Default,Default,Default,Default,Default,Default,Default,Default,Default,Default,Default,Default,Default,Default,Default,Default,Default,Default,Default,Default,Default,Default,Default,Default,Default,DefaultJob,DocumentCount=100000,1,Workload,Jitting,1,32549476,1,32549476,24,1,0,50879
SimilarityBenchmarks.LuceneNet_Dirichlet_TermQuery,Rowles.LeanCorpus.Benchmarks,SimilarityBenchmarks,LuceneNet_Dirichlet_TermQuery,DefaultJob,Default,Default,Default,Default,Default,Default,Default,Default,Default,Default,Default,Default,Default,Default,Default,Default,Default,Default,Default,Default,Default,Default,Default,Default,Default,Default,Default,Default,Default,Default,Default,Default,Default,Default,Default,Default,Default,Default,Default,Default,Default,DefaultJob,DocumentCount=100000,1,Workload,Jitting,2,44114952,30,1470498.4,24,1,0,50879
SimilarityBenchmarks.LuceneNet_Dirichlet_TermQuery,Rowles.LeanCorpus.Benchmarks,SimilarityBenchmarks,LuceneNet_Dirichlet_TermQuery,DefaultJob,Default,Default,Default,Default,Default,Default,Default,Default,Default,Default,Default,Default,Default,Default,Default,Default,Default,Default,Default,Default,Default,Default,Default,Default,Default,Default,Default,Default,Default,Default,Default,Default,Default,Default,Default,Default,Default,Default,Default,Default,Default,DefaultJob,DocumentCount=100000,1,Workload,Jitting,3,53527502,30,1784250.07,24,1,0,50879
SimilarityBenchmarks.LuceneNet_Dirichlet_TermQuery,Rowles.LeanCorpus.Benchmarks,SimilarityBenchmarks,LuceneNet_Dirichlet_TermQuery,DefaultJob,Default,Default,Default,Default,Default,Default,Default,Default,Default,Default,Default,Default,Default,Default,Default,Default,Default,Default,Default,Default,Default,Default,Default,Default,Default,Default,Default,Default,Default,Default,Default,Default,Default,Default,Default,Default,Default,Default,Default,Default,Default,DefaultJob,DocumentCount=100000,1,Workload,Jitting,4,10821892,30,360729.73,24,1,0,50879
SimilarityBenchmarks.LuceneNet_Dirichlet_TermQuery,Rowles.LeanCorpus.Benchmarks,SimilarityBenchmarks,LuceneNet_Dirichlet_TermQuery,DefaultJob,Default,Default,Default,Default,Default,Default,Default,Default,Default,Default,Default,Default,Default,Default,Default,Default,Default,Default,Default,Default,Default,Default,Default,Default,Default,Default,Default,Default,Default,Default,Default,Default,Default,Default,Default,Default,Default,Default,Default,Default,Default,DefaultJob,DocumentCount=100000,1,Workload,Jitting,5,434346,1,434346,24,1,0,50879
SimilarityBenchmarks.LuceneNet_Dirichlet_TermQuery,Rowles.LeanCorpus.Benchmarks,SimilarityBenchmarks,LuceneNet_Dirichlet_TermQuery,DefaultJob,Default,Default,Default,Default,Default,Default,Default,Default,Default,Default,Default,Default,Default,Default,Default,Default,Default,Default,Default,Default,Default,Default,Default,Default,Default,Default,Default,Default,Default,Default,Default,Default,Default,Default,Default,Default,Default,Default,Default,Default,Default,DefaultJob,DocumentCount=100000,1,Workload,Pilot,1,439138,1,439138,24,1,0,50879
SimilarityBenchmarks.LuceneNet_Dirichlet_TermQuery,Rowles.LeanCorpus.Benchmarks,SimilarityBenchmarks,LuceneNet_Dirichlet_TermQuery,DefaultJob,Default,Default,Default,Default,Default,Default,Default,Default,Default,Default,Default,Default,Default,Default,Default,Default,Default,Default,Default,Default,Default,Default,Default,Default,Default,Default,Default,Default,Default,Default,Default,Default,Default,Default,Default,Default,Default,Default,Default,Default,Default,DefaultJob,DocumentCount=100000,1,Workload,Pilot,1,12143601,16,758975.06,24,1,0,50879
SimilarityBenchmarks.LuceneNet_Dirichlet_TermQuery,Rowles.LeanCorpus.Benchmarks,SimilarityBenchmarks,LuceneNet_Dirichlet_TermQuery,DefaultJob,Default,Default,Default,Default,Default,Default,Default,Default,Default,Default,Default,Default,Default,Default,Default,Default,Default,Default,Default,Default,Default,Default,Default,Default,Default,Default,Default,Default,Default,Default,Default,Default,Default,Default,Default,Default,Default,Default,Default,Default,Default,DefaultJob,DocumentCount=100000,1,Workload,Pilot,2,12808861,32,400276.91,24,1,0,50879
SimilarityBenchmarks.LuceneNet_Dirichlet_TermQuery,Rowles.LeanCorpus.Benchmarks,SimilarityBenchmarks,LuceneNet_Dirichlet_TermQuery,DefaultJob,Default,Default,Default,Default,Default,Default,Default,Default,Default,Default,Default,Default,Default,Default,Default,Default,Default,Default,Default,Default,Default,Default,Default,Default,Default,Default,Default,Default,Default,Default,Default,Default,Default,Default,Default,Default,Default,Default,Default,Default,Default,DefaultJob,DocumentCount=100000,1,Workload,Pilot,3,31318656,64,489354,24,1,0,50879
SimilarityBenchmarks.LuceneNet_Dirichlet_TermQuery,Rowles.LeanCorpus.Benchmarks,SimilarityBenchmarks,LuceneNet_Dirichlet_TermQuery,DefaultJob,Default,Default,Default,Default,Default,Default,Default,Default,Default,Default,Default,Default,Default,Default,Default,Default,Default,Default,Default,Default,Default,Default,Default,Default,Default,Default,Default,Default,Default,Default,Default,Default,Default,Default,Default,Default,Default,Default,Default,Default,Default,DefaultJob,DocumentCount=100000,1,Workload,Pilot,4,45856416,128,358253.25,24,1,0,50879
SimilarityBenchmarks.LuceneNet_Dirichlet_TermQuery,Rowles.LeanCorpus.Benchmarks,SimilarityBenchmarks,LuceneNet_Dirichlet_TermQuery,DefaultJob,Default,Default,Default,Default,Default,Default,Default,Default,Default,Default,Default,Default,Default,Default,Default,Default,Default,Default,Default,Default,Default,Default,Default,Default,Default,Default,Default,Default,Default,Default,Default,Default,Default,Default,Default,Default,Default,Default,Default,Default,Default,DefaultJob,DocumentCount=100000,1,Workload,Pilot,5,81167959,256,317062.34,24,1,0,50879
SimilarityBenchmarks.LuceneNet_Dirichlet_TermQuery,Rowles.LeanCorpus.Benchmarks,SimilarityBenchmarks,LuceneNet_Dirichlet_TermQuery,DefaultJob,Default,Default,Default,Default,Default,Default,Default,Default,Default,Default,Default,Default,Default,Default,Default,Default,Default,Default,Default,Default,Default,Default,Default,Default,Default,Default,Default,Default,Default,Default,Default,Default,Default,Default,Default,Default,Default,Default,Default,Default,Default,DefaultJob,DocumentCount=100000,1,Workload,Pilot,6,165236060,512,322726.68,24,1,0,50879
SimilarityBenchmarks.LuceneNet_Dirichlet_TermQuery,Rowles.LeanCorpus.Benchmarks,SimilarityBenchmarks,LuceneNet_Dirichlet_TermQuery,DefaultJob,Default,Default,Default,Default,Default,Default,Default,Default,Default,Default,Default,Default,Default,Default,Default,Default,Default,Default,Default,Default,Default,Default,Default,Default,Default,Default,Default,Default,Default,Default,Default,Default,Default,Default,Default,Default,Default,Default,Default,Default,Default,DefaultJob,DocumentCount=100000,1,Workload,Pilot,7,329451722,1024,321730.2,24,1,0,50879
SimilarityBenchmarks.LuceneNet_Dirichlet_TermQuery,Rowles.LeanCorpus.Benchmarks,SimilarityBenchmarks,LuceneNet_Dirichlet_TermQuery,DefaultJob,Default,Default,Default,Default,Default,Default,Default,Default,Default,Default,Default,Default,Default,Default,Default,Default,Default,Default,Default,Default,Default,Default,Default,Default,Default,Default,Default,Default,Default,Default,Default,Default,Default,Default,Default,Default,Default,Default,Default,Default,Default,DefaultJob,DocumentCount=100000,1,Workload,Pilot,8,662084613,2048,323283.5,24,1,0,50879
SimilarityBenchmarks.LuceneNet_Dirichlet_TermQuery,Rowles.LeanCorpus.Benchmarks,SimilarityBenchmarks,LuceneNet_Dirichlet_TermQuery,DefaultJob,Default,Default,Default,Default,Default,Default,Default,Default,Default,Default,Default,Default,Default,Default,Default,Default,Default,Default,Default,Default,Default,Default,Default,Default,Default,Default,Default,Default,Default,Default,Default,Default,Default,Default,Default,Default,Default,Default,Default,Default,Default,DefaultJob,DocumentCount=100000,1,Workload,Warmup,1,658697663,2048,321629.72,24,1,0,50879
SimilarityBenchmarks.LuceneNet_Dirichlet_TermQuery,Rowles.LeanCorpus.Benchmarks,SimilarityBenchmarks,LuceneNet_Dirichlet_TermQuery,DefaultJob,Default,Default,Default,Default,Default,Default,Default,Default,Default,Default,Default,Default,Default,Default,Default,Default,Default,Default,Default,Default,Default,Default,Default,Default,Default,Default,Default,Default,Default,Default,Default,Default,Default,Default,Default,Default,Default,Default,Default,Default,Default,DefaultJob,DocumentCount=100000,1,Workload,Warmup,2,658677483,2048,321619.86,24,1,0,50879
SimilarityBenchmarks.LuceneNet_Dirichlet_TermQuery,Rowles.LeanCorpus.Benchmarks,SimilarityBenchmarks,LuceneNet_Dirichlet_TermQuery,DefaultJob,Default,Default,Default,Default,Default,Default,Default,Default,Default,Default,Default,Default,Default,Default,Default,Default,Default,Default,Default,Default,Default,Default,Default,Default,Default,Default,Default,Default,Default,Default,Default,Default,Default,Default,Default,Default,Default,Default,Default,Default,Default,DefaultJob,DocumentCount=100000,1,Workload,Warmup,3,659418436,2048,321981.66,24,1,0,50879
SimilarityBenchmarks.LuceneNet_Dirichlet_TermQuery,Rowles.LeanCorpus.Benchmarks,SimilarityBenchmarks,LuceneNet_Dirichlet_TermQuery,DefaultJob,Default,Default,Default,Default,Default,Default,Default,Default,Default,Default,Default,Default,Default,Default,Default,Default,Default,Default,Default,Default,Default,Default,Default,Default,Default,Default,Default,Default,Default,Default,Default,Default,Default,Default,Default,Default,Default,Default,Default,Default,Default,DefaultJob,DocumentCount=100000,1,Workload,Warmup,4,659649209,2048,322094.34,24,1,0,50879
SimilarityBenchmarks.LuceneNet_Dirichlet_TermQuery,Rowles.LeanCorpus.Benchmarks,SimilarityBenchmarks,LuceneNet_Dirichlet_TermQuery,DefaultJob,Default,Default,Default,Default,Default,Default,Default,Default,Default,Default,Default,Default,Default,Default,Default,Default,Default,Default,Default,Default,Default,Default,Default,Default,Default,Default,Default,Default,Default,Default,Default,Default,Default,Default,Default,Default,Default,Default,Default,Default,Default,DefaultJob,DocumentCount=100000,1,Workload,Warmup,5,658694774,2048,321628.31,24,1,0,50879
SimilarityBenchmarks.LuceneNet_Dirichlet_TermQuery,Rowles.LeanCorpus.Benchmarks,SimilarityBenchmarks,LuceneNet_Dirichlet_TermQuery,DefaultJob,Default,Default,Default,Default,Default,Default,Default,Default,Default,Default,Default,Default,Default,Default,Default,Default,Default,Default,Default,Default,Default,Default,Default,Default,Default,Default,Default,Default,Default,Default,Default,Default,Default,Default,Default,Default,Default,Default,Default,Default,Default,DefaultJob,DocumentCount=100000,1,Workload,Warmup,6,658824279,2048,321691.54,24,1,0,50879
SimilarityBenchmarks.LuceneNet_Dirichlet_TermQuery,Rowles.LeanCorpus.Benchmarks,SimilarityBenchmarks,LuceneNet_Dirichlet_TermQuery,DefaultJob,Default,Default,Default,Default,Default,Default,Default,Default,Default,Default,Default,Default,Default,Default,Default,Default,Default,Default,Default,Default,Default,Default,Default,Default,Default,Default,Default,Default,Default,Default,Default,Default,Default,Default,Default,Default,Default,Default,Default,Default,Default,DefaultJob,DocumentCount=100000,1,Workload,Warmup,7,654743405,2048,319698.93,24,1,0,50879
SimilarityBenchmarks.LuceneNet_Dirichlet_TermQuery,Rowles.LeanCorpus.Benchmarks,SimilarityBenchmarks,LuceneNet_Dirichlet_TermQuery,DefaultJob,Default,Default,Default,Default,Default,Default,Default,Default,Default,Default,Default,Default,Default,Default,Default,Default,Default,Default,Default,Default,Default,Default,Default,Default,Default,Default,Default,Default,Default,Default,Default,Default,Default,Default,Default,Default,Default,Default,Default,Default,Default,DefaultJob,DocumentCount=100000,1,Workload,Actual,1,657972866,2048,321275.81,24,1,0,50879
SimilarityBenchmarks.LuceneNet_Dirichlet_TermQuery,Rowles.LeanCorpus.Benchmarks,SimilarityBenchmarks,LuceneNet_Dirichlet_TermQuery,DefaultJob,Default,Default,Default,Default,Default,Default,Default,Default,Default,Default,Default,Default,Default,Default,Default,Default,Default,Default,Default,Default,Default,Default,Default,Default,Default,Default,Default,Default,Default,Default,Default,Default,Default,Default,Default,Default,Default,Default,Default,Default,Default,DefaultJob,DocumentCount=100000,1,Workload,Actual,2,648532693,2048,316666.35,24,1,0,50879
SimilarityBenchmarks.LuceneNet_Dirichlet_TermQuery,Rowles.LeanCorpus.Benchmarks,SimilarityBenchmarks,LuceneNet_Dirichlet_TermQuery,DefaultJob,Default,Default,Default,Default,Default,Default,Default,Default,Default,Default,Default,Default,Default,Default,Default,Default,Default,Default,Default,Default,Default,Default,Default,Default,Default,Default,Default,Default,Default,Default,Default,Default,Default,Default,Default,Default,Default,Default,Default,Default,Default,DefaultJob,DocumentCount=100000,1,Workload,Actual,3,649116672,2048,316951.5,24,1,0,50879
SimilarityBenchmarks.LuceneNet_Dirichlet_TermQuery,Rowles.LeanCorpus.Benchmarks,SimilarityBenchmarks,LuceneNet_Dirichlet_TermQuery,DefaultJob,Default,Default,Default,Default,Default,Default,Default,Default,Default,Default,Default,Default,Default,Default,Default,Default,Default,Default,Default,Default,Default,Default,Default,Default,Default,Default,Default,Default,Default,Default,Default,Default,Default,Default,Default,Default,Default,Default,Default,Default,Default,DefaultJob,DocumentCount=100000,1,Workload,Actual,4,649551054,2048,317163.6,24,1,0,50879
SimilarityBenchmarks.LuceneNet_Dirichlet_TermQuery,Rowles.LeanCorpus.Benchmarks,SimilarityBenchmarks,LuceneNet_Dirichlet_TermQuery,DefaultJob,Default,Default,Default,Default,Default,Default,Default,Default,Default,Default,Default,Default,Default,Default,Default,Default,Default,Default,Default,Default,Default,Default,Default,Default,Default,Default,Default,Default,Default,Default,Default,Default,Default,Default,Default,Default,Default,Default,Default,Default,Default,DefaultJob,DocumentCount=100000,1,Workload,Actual,5,654747989,2048,319701.17,24,1,0,50879
SimilarityBenchmarks.LuceneNet_Dirichlet_TermQuery,Rowles.LeanCorpus.Benchmarks,SimilarityBenchmarks,LuceneNet_Dirichlet_TermQuery,DefaultJob,Default,Default,Default,Default,Default,Default,Default,Default,Default,Default,Default,Default,Default,Default,Default,Default,Default,Default,Default,Default,Default,Default,Default,Default,Default,Default,Default,Default,Default,Default,Default,Default,Default,Default,Default,Default,Default,Default,Default,Default,Default,DefaultJob,DocumentCount=100000,1,Workload,Actual,6,654177096,2048,319422.41,24,1,0,50879
SimilarityBenchmarks.LuceneNet_Dirichlet_TermQuery,Rowles.LeanCorpus.Benchmarks,SimilarityBenchmarks,LuceneNet_Dirichlet_TermQuery,DefaultJob,Default,Default,Default,Default,Default,Default,Default,Default,Default,Default,Default,Default,Default,Default,Default,Default,Default,Default,Default,Default,Default,Default,Default,Default,Default,Default,Default,Default,Default,Default,Default,Default,Default,Default,Default,Default,Default,Default,Default,Default,Default,DefaultJob,DocumentCount=100000,1,Workload,Actual,7,650455843,2048,317605.39,24,1,0,50879
SimilarityBenchmarks.LuceneNet_Dirichlet_TermQuery,Rowles.LeanCorpus.Benchmarks,SimilarityBenchmarks,LuceneNet_Dirichlet_TermQuery,DefaultJob,Default,Default,Default,Default,Default,Default,Default,Default,Default,Default,Default,Default,Default,Default,Default,Default,Default,Default,Default,Default,Default,Default,Default,Default,Default,Default,Default,Default,Default,Default,Default,Default,Default,Default,Default,Default,Default,Default,Default,Default,Default,DefaultJob,DocumentCount=100000,1,Workload,Actual,8,658472597,2048,321519.82,24,1,0,50879
SimilarityBenchmarks.LuceneNet_Dirichlet_TermQuery,Rowles.LeanCorpus.Benchmarks,SimilarityBenchmarks,LuceneNet_Dirichlet_TermQuery,DefaultJob,Default,Default,Default,Default,Default,Default,Default,Default,Default,Default,Default,Default,Default,Default,Default,Default,Default,Default,Default,Default,Default,Default,Default,Default,Default,Default,Default,Default,Default,Default,Default,Default,Default,Default,Default,Default,Default,Default,Default,Default,Default,DefaultJob,DocumentCount=100000,1,Workload,Actual,9,657002259,2048,320801.88,24,1,0,50879
SimilarityBenchmarks.LuceneNet_Dirichlet_TermQuery,Rowles.LeanCorpus.Benchmarks,SimilarityBenchmarks,LuceneNet_Dirichlet_TermQuery,DefaultJob,Default,Default,Default,Default,Default,Default,Default,Default,Default,Default,Default,Default,Default,Default,Default,Default,Default,Default,Default,Default,Default,Default,Default,Default,Default,Default,Default,Default,Default,Default,Default,Default,Default,Default,Default,Default,Default,Default,Default,Default,Default,DefaultJob,DocumentCount=100000,1,Workload,Actual,10,656737929,2048,320672.82,24,1,0,50879
SimilarityBenchmarks.LuceneNet_Dirichlet_TermQuery,Rowles.LeanCorpus.Benchmarks,SimilarityBenchmarks,LuceneNet_Dirichlet_TermQuery,DefaultJob,Default,Default,Default,Default,Default,Default,Default,Default,Default,Default,Default,Default,Default,Default,Default,Default,Default,Default,Default,Default,Default,Default,Default,Default,Default,Default,Default,Default,Default,Default,Default,Default,Default,Default,Default,Default,Default,Default,Default,Default,Default,DefaultJob,DocumentCount=100000,1,Workload,Actual,11,656630084,2048,320620.16,24,1,0,50879
SimilarityBenchmarks.LuceneNet_Dirichlet_TermQuery,Rowles.LeanCorpus.Benchmarks,SimilarityBenchmarks,LuceneNet_Dirichlet_TermQuery,DefaultJob,Default,Default,Default,Default,Default,Default,Default,Default,Default,Default,Default,Default,Default,Default,Default,Default,Default,Default,Default,Default,Default,Default,Default,Default,Default,Default,Default,Default,Default,Default,Default,Default,Default,Default,Default,Default,Default,Default,Default,Default,Default,DefaultJob,DocumentCount=100000,1,Workload,Actual,12,657502853,2048,321046.31,24,1,0,50879
SimilarityBenchmarks.LuceneNet_Dirichlet_TermQuery,Rowles.LeanCorpus.Benchmarks,SimilarityBenchmarks,LuceneNet_Dirichlet_TermQuery,DefaultJob,Default,Default,Default,Default,Default,Default,Default,Default,Default,Default,Default,Default,Default,Default,Default,Default,Default,Default,Default,Default,Default,Default,Default,Default,Default,Default,Default,Default,Default,Default,Default,Default,Default,Default,Default,Default,Default,Default,Default,Default,Default,DefaultJob,DocumentCount=100000,1,Workload,Actual,13,647454278,2048,316139.78,24,1,0,50879
SimilarityBenchmarks.LuceneNet_Dirichlet_TermQuery,Rowles.LeanCorpus.Benchmarks,SimilarityBenchmarks,LuceneNet_Dirichlet_TermQuery,DefaultJob,Default,Default,Default,Default,Default,Default,Default,Default,Default,Default,Default,Default,Default,Default,Default,Default,Default,Default,Default,Default,Default,Default,Default,Default,Default,Default,Default,Default,Default,Default,Default,Default,Default,Default,Default,Default,Default,Default,Default,Default,Default,DefaultJob,DocumentCount=100000,1,Workload,Actual,14,651817420,2048,318270.22,24,1,0,50879
SimilarityBenchmarks.LuceneNet_Dirichlet_TermQuery,Rowles.LeanCorpus.Benchmarks,SimilarityBenchmarks,LuceneNet_Dirichlet_TermQuery,DefaultJob,Default,Default,Default,Default,Default,Default,Default,Default,Default,Default,Default,Default,Default,Default,Default,Default,Default,Default,Default,Default,Default,Default,Default,Default,Default,Default,Default,Default,Default,Default,Default,Default,Default,Default,Default,Default,Default,Default,Default,Default,Default,DefaultJob,DocumentCount=100000,1,Workload,Actual,15,658294675,2048,321432.95,24,1,0,50879
SimilarityBenchmarks.LuceneNet_Dirichlet_TermQuery,Rowles.LeanCorpus.Benchmarks,SimilarityBenchmarks,LuceneNet_Dirichlet_TermQuery,DefaultJob,Default,Default,Default,Default,Default,Default,Default,Default,Default,Default,Default,Default,Default,Default,Default,Default,Default,Default,Default,Default,Default,Default,Default,Default,Default,Default,Default,Default,Default,Default,Default,Default,Default,Default,Default,Default,Default,Default,Default,Default,Default,DefaultJob,DocumentCount=100000,1,Workload,Extra,1,653899444,2048,319286.84,24,1,0,50879
SimilarityBenchmarks.LuceneNet_Dirichlet_TermQuery,Rowles.LeanCorpus.Benchmarks,SimilarityBenchmarks,LuceneNet_Dirichlet_TermQuery,DefaultJob,Default,Default,Default,Default,Default,Default,Default,Default,Default,Default,Default,Default,Default,Default,Default,Default,Default,Default,Default,Default,Default,Default,Default,Default,Default,Default,Default,Default,Default,Default,Default,Default,Default,Default,Default,Default,Default,Default,Default,Default,Default,DefaultJob,DocumentCount=100000,1,Workload,Result,1,657972866,2048,321275.81,24,1,0,50879
SimilarityBenchmarks.LuceneNet_Dirichlet_TermQuery,Rowles.LeanCorpus.Benchmarks,SimilarityBenchmarks,LuceneNet_Dirichlet_TermQuery,DefaultJob,Default,Default,Default,Default,Default,Default,Default,Default,Default,Default,Default,Default,Default,Default,Default,Default,Default,Default,Default,Default,Default,Default,Default,Default,Default,Default,Default,Default,Default,Default,Default,Default,Default,Default,Default,Default,Default,Default,Default,Default,Default,DefaultJob,DocumentCount=100000,1,Workload,Result,2,648532693,2048,316666.35,24,1,0,50879
SimilarityBenchmarks.LuceneNet_Dirichlet_TermQuery,Rowles.LeanCorpus.Benchmarks,SimilarityBenchmarks,LuceneNet_Dirichlet_TermQuery,DefaultJob,Default,Default,Default,Default,Default,Default,Default,Default,Default,Default,Default,Default,Default,Default,Default,Default,Default,Default,Default,Default,Default,Default,Default,Default,Default,Default,Default,Default,Default,Default,Default,Default,Default,Default,Default,Default,Default,Default,Default,Default,Default,DefaultJob,DocumentCount=100000,1,Workload,Result,3,649116672,2048,316951.5,24,1,0,50879
SimilarityBenchmarks.LuceneNet_Dirichlet_TermQuery,Rowles.LeanCorpus.Benchmarks,SimilarityBenchmarks,LuceneNet_Dirichlet_TermQuery,DefaultJob,Default,Default,Default,Default,Default,Default,Default,Default,Default,Default,Default,Default,Default,Default,Default,Default,Default,Default,Default,Default,Default,Default,Default,Default,Default,Default,Default,Default,Default,Default,Default,Default,Default,Default,Default,Default,Default,Default,Default,Default,Default,DefaultJob,DocumentCount=100000,1,Workload,Result,4,649551054,2048,317163.6,24,1,0,50879
SimilarityBenchmarks.LuceneNet_Dirichlet_TermQuery,Rowles.LeanCorpus.Benchmarks,SimilarityBenchmarks,LuceneNet_Dirichlet_TermQuery,DefaultJob,Default,Default,Default,Default,Default,Default,Default,Default,Default,Default,Default,Default,Default,Default,Default,Default,Default,Default,Default,Default,Default,Default,Default,Default,Default,Default,Default,Default,Default,Default,Default,Default,Default,Default,Default,Default,Default,Default,Default,Default,Default,DefaultJob,DocumentCount=100000,1,Workload,Result,5,654747989,2048,319701.17,24,1,0,50879
SimilarityBenchmarks.LuceneNet_Dirichlet_TermQuery,Rowles.LeanCorpus.Benchmarks,SimilarityBenchmarks,LuceneNet_Dirichlet_TermQuery,DefaultJob,Default,Default,Default,Default,Default,Default,Default,Default,Default,Default,Default,Default,Default,Default,Default,Default,Default,Default,Default,Default,Default,Default,Default,Default,Default,Default,Default,Default,Default,Default,Default,Default,Default,Default,Default,Default,Default,Default,Default,Default,Default,DefaultJob,DocumentCount=100000,1,Workload,Result,6,654177096,2048,319422.41,24,1,0,50879
SimilarityBenchmarks.LuceneNet_Dirichlet_TermQuery,Rowles.LeanCorpus.Benchmarks,SimilarityBenchmarks,LuceneNet_Dirichlet_TermQuery,DefaultJob,Default,Default,Default,Default,Default,Default,Default,Default,Default,Default,Default,Default,Default,Default,Default,Default,Default,Default,Default,Default,Default,Default,Default,Default,Default,Default,Default,Default,Default,Default,Default,Default,Default,Default,Default,Default,Default,Default,Default,Default,Default,DefaultJob,DocumentCount=100000,1,Workload,Result,7,650455843,2048,317605.39,24,1,0,50879
SimilarityBenchmarks.LuceneNet_Dirichlet_TermQuery,Rowles.LeanCorpus.Benchmarks,SimilarityBenchmarks,LuceneNet_Dirichlet_TermQuery,DefaultJob,Default,Default,Default,Default,Default,Default,Default,Default,Default,Default,Default,Default,Default,Default,Default,Default,Default,Default,Default,Default,Default,Default,Default,Default,Default,Default,Default,Default,Default,Default,Default,Default,Default,Default,Default,Default,Default,Default,Default,Default,Default,DefaultJob,DocumentCount=100000,1,Workload,Result,8,658472597,2048,321519.82,24,1,0,50879
SimilarityBenchmarks.LuceneNet_Dirichlet_TermQuery,Rowles.LeanCorpus.Benchmarks,SimilarityBenchmarks,LuceneNet_Dirichlet_TermQuery,DefaultJob,Default,Default,Default,Default,Default,Default,Default,Default,Default,Default,Default,Default,Default,Default,Default,Default,Default,Default,Default,Default,Default,Default,Default,Default,Default,Default,Default,Default,Default,Default,Default,Default,Default,Default,Default,Default,Default,Default,Default,Default,Default,DefaultJob,DocumentCount=100000,1,Workload,Result,9,657002259,2048,320801.88,24,1,0,50879
SimilarityBenchmarks.LuceneNet_Dirichlet_TermQuery,Rowles.LeanCorpus.Benchmarks,SimilarityBenchmarks,LuceneNet_Dirichlet_TermQuery,DefaultJob,Default,Default,Default,Default,Default,Default,Default,Default,Default,Default,Default,Default,Default,Default,Default,Default,Default,Default,Default,Default,Default,Default,Default,Default,Default,Default,Default,Default,Default,Default,Default,Default,Default,Default,Default,Default,Default,Default,Default,Default,Default,DefaultJob,DocumentCount=100000,1,Workload,Result,10,656737929,2048,320672.82,24,1,0,50879
SimilarityBenchmarks.LuceneNet_Dirichlet_TermQuery,Rowles.LeanCorpus.Benchmarks,SimilarityBenchmarks,LuceneNet_Dirichlet_TermQuery,DefaultJob,Default,Default,Default,Default,Default,Default,Default,Default,Default,Default,Default,Default,Default,Default,Default,Default,Default,Default,Default,Default,Default,Default,Default,Default,Default,Default,Default,Default,Default,Default,Default,Default,Default,Default,Default,Default,Default,Default,Default,Default,Default,DefaultJob,DocumentCount=100000,1,Workload,Result,11,656630084,2048,320620.16,24,1,0,50879
SimilarityBenchmarks.LuceneNet_Dirichlet_TermQuery,Rowles.LeanCorpus.Benchmarks,SimilarityBenchmarks,LuceneNet_Dirichlet_TermQuery,DefaultJob,Default,Default,Default,Default,Default,Default,Default,Default,Default,Default,Default,Default,Default,Default,Default,Default,Default,Default,Default,Default,Default,Default,Default,Default,Default,Default,Default,Default,Default,Default,Default,Default,Default,Default,Default,Default,Default,Default,Default,Default,Default,DefaultJob,DocumentCount=100000,1,Workload,Result,12,657502853,2048,321046.31,24,1,0,50879
SimilarityBenchmarks.LuceneNet_Dirichlet_TermQuery,Rowles.LeanCorpus.Benchmarks,SimilarityBenchmarks,LuceneNet_Dirichlet_TermQuery,DefaultJob,Default,Default,Default,Default,Default,Default,Default,Default,Default,Default,Default,Default,Default,Default,Default,Default,Default,Default,Default,Default,Default,Default,Default,Default,Default,Default,Default,Default,Default,Default,Default,Default,Default,Default,Default,Default,Default,Default,Default,Default,Default,DefaultJob,DocumentCount=100000,1,Workload,Result,13,647454278,2048,316139.78,24,1,0,50879
SimilarityBenchmarks.LuceneNet_Dirichlet_TermQuery,Rowles.LeanCorpus.Benchmarks,SimilarityBenchmarks,LuceneNet_Dirichlet_TermQuery,DefaultJob,Default,Default,Default,Default,Default,Default,Default,Default,Default,Default,Default,Default,Default,Default,Default,Default,Default,Default,Default,Default,Default,Default,Default,Default,Default,Default,Default,Default,Default,Default,Default,Default,Default,Default,Default,Default,Default,Default,Default,Default,Default,DefaultJob,DocumentCount=100000,1,Workload,Result,14,651817420,2048,318270.22,24,1,0,50879
SimilarityBenchmarks.LuceneNet_Dirichlet_TermQuery,Rowles.LeanCorpus.Benchmarks,SimilarityBenchmarks,LuceneNet_Dirichlet_TermQuery,DefaultJob,Default,Default,Default,Default,Default,Default,Default,Default,Default,Default,Default,Default,Default,Default,Default,Default,Default,Default,Default,Default,Default,Default,Default,Default,Default,Default,Default,Default,Default,Default,Default,Default,Default,Default,Default,Default,Default,Default,Default,Default,Default,DefaultJob,DocumentCount=100000,1,Workload,Result,15,658294675,2048,321432.95,24,1,0,50879
SimilarityBenchmarks.LeanCorpus_JelinekMercer_TermQuery,Rowles.LeanCorpus.Benchmarks,SimilarityBenchmarks,LeanCorpus_JelinekMercer_TermQuery,DefaultJob,Default,Default,Default,Default,Default,Default,Default,Default,Default,Default,Default,Default,Default,Default,Default,Default,Default,Default,Default,Default,Default,Default,Default,Default,Default,Default,Default,Default,Default,Default,Default,Default,Default,Default,Default,Default,Default,Default,Default,Default,Default,DefaultJob,DocumentCount=100000,1,Workload,Jitting,1,71346393,1,71346393,0,0,0,888
SimilarityBenchmarks.LeanCorpus_JelinekMercer_TermQuery,Rowles.LeanCorpus.Benchmarks,SimilarityBenchmarks,LeanCorpus_JelinekMercer_TermQuery,DefaultJob,Default,Default,Default,Default,Default,Default,Default,Default,Default,Default,Default,Default,Default,Default,Default,Default,Default,Default,Default,Default,Default,Default,Default,Default,Default,Default,Default,Default,Default,Default,Default,Default,Default,Default,Default,Default,Default,Default,Default,Default,Default,DefaultJob,DocumentCount=100000,1,Workload,Jitting,2,10268055,30,342268.5,0,0,0,888
SimilarityBenchmarks.LeanCorpus_JelinekMercer_TermQuery,Rowles.LeanCorpus.Benchmarks,SimilarityBenchmarks,LeanCorpus_JelinekMercer_TermQuery,DefaultJob,Default,Default,Default,Default,Default,Default,Default,Default,Default,Default,Default,Default,Default,Default,Default,Default,Default,Default,Default,Default,Default,Default,Default,Default,Default,Default,Default,Default,Default,Default,Default,Default,Default,Default,Default,Default,Default,Default,Default,Default,Default,DefaultJob,DocumentCount=100000,1,Workload,Jitting,3,8499961,30,283332.03,0,0,0,888
SimilarityBenchmarks.LeanCorpus_JelinekMercer_TermQuery,Rowles.LeanCorpus.Benchmarks,SimilarityBenchmarks,LeanCorpus_JelinekMercer_TermQuery,DefaultJob,Default,Default,Default,Default,Default,Default,Default,Default,Default,Default,Default,Default,Default,Default,Default,Default,Default,Default,Default,Default,Default,Default,Default,Default,Default,Default,Default,Default,Default,Default,Default,Default,Default,Default,Default,Default,Default,Default,Default,Default,Default,DefaultJob,DocumentCount=100000,1,Workload,Jitting,4,10368172,30,345605.73,0,0,0,888
SimilarityBenchmarks.LeanCorpus_JelinekMercer_TermQuery,Rowles.LeanCorpus.Benchmarks,SimilarityBenchmarks,LeanCorpus_JelinekMercer_TermQuery,DefaultJob,Default,Default,Default,Default,Default,Default,Default,Default,Default,Default,Default,Default,Default,Default,Default,Default,Default,Default,Default,Default,Default,Default,Default,Default,Default,Default,Default,Default,Default,Default,Default,Default,Default,Default,Default,Default,Default,Default,Default,Default,Default,DefaultJob,DocumentCount=100000,1,Workload,Jitting,5,414820,1,414820,0,0,0,888
SimilarityBenchmarks.LeanCorpus_JelinekMercer_TermQuery,Rowles.LeanCorpus.Benchmarks,SimilarityBenchmarks,LeanCorpus_JelinekMercer_TermQuery,DefaultJob,Default,Default,Default,Default,Default,Default,Default,Default,Default,Default,Default,Default,Default,Default,Default,Default,Default,Default,Default,Default,Default,Default,Default,Default,Default,Default,Default,Default,Default,Default,Default,Default,Default,Default,Default,Default,Default,Default,Default,Default,Default,DefaultJob,DocumentCount=100000,1,Workload,Pilot,1,427981,1,427981,0,0,0,888
SimilarityBenchmarks.LeanCorpus_JelinekMercer_TermQuery,Rowles.LeanCorpus.Benchmarks,SimilarityBenchmarks,LeanCorpus_JelinekMercer_TermQuery,DefaultJob,Default,Default,Default,Default,Default,Default,Default,Default,Default,Default,Default,Default,Default,Default,Default,Default,Default,Default,Default,Default,Default,Default,Default,Default,Default,Default,Default,Default,Default,Default,Default,Default,Default,Default,Default,Default,Default,Default,Default,Default,Default,DefaultJob,DocumentCount=100000,1,Workload,Pilot,1,5927533,16,370470.81,0,0,0,888
SimilarityBenchmarks.LeanCorpus_JelinekMercer_TermQuery,Rowles.LeanCorpus.Benchmarks,SimilarityBenchmarks,LeanCorpus_JelinekMercer_TermQuery,DefaultJob,Default,Default,Default,Default,Default,Default,Default,Default,Default,Default,Default,Default,Default,Default,Default,Default,Default,Default,Default,Default,Default,Default,Default,Default,Default,Default,Default,Default,Default,Default,Default,Default,Default,Default,Default,Default,Default,Default,Default,Default,Default,DefaultJob,DocumentCount=100000,1,Workload,Pilot,2,11790585,32,368455.78,0,0,0,888
SimilarityBenchmarks.LeanCorpus_JelinekMercer_TermQuery,Rowles.LeanCorpus.Benchmarks,SimilarityBenchmarks,LeanCorpus_JelinekMercer_TermQuery,DefaultJob,Default,Default,Default,Default,Default,Default,Default,Default,Default,Default,Default,Default,Default,Default,Default,Default,Default,Default,Default,Default,Default,Default,Default,Default,Default,Default,Default,Default,Default,Default,Default,Default,Default,Default,Default,Default,Default,Default,Default,Default,Default,DefaultJob,DocumentCount=100000,1,Workload,Pilot,3,20644027,64,322562.92,0,0,0,888
SimilarityBenchmarks.LeanCorpus_JelinekMercer_TermQuery,Rowles.LeanCorpus.Benchmarks,SimilarityBenchmarks,LeanCorpus_JelinekMercer_TermQuery,DefaultJob,Default,Default,Default,Default,Default,Default,Default,Default,Default,Default,Default,Default,Default,Default,Default,Default,Default,Default,Default,Default,Default,Default,Default,Default,Default,Default,Default,Default,Default,Default,Default,Default,Default,Default,Default,Default,Default,Default,Default,Default,Default,DefaultJob,DocumentCount=100000,1,Workload,Pilot,4,31439412,128,245620.41,0,0,0,888
SimilarityBenchmarks.LeanCorpus_JelinekMercer_TermQuery,Rowles.LeanCorpus.Benchmarks,SimilarityBenchmarks,LeanCorpus_JelinekMercer_TermQuery,DefaultJob,Default,Default,Default,Default,Default,Default,Default,Default,Default,Default,Default,Default,Default,Default,Default,Default,Default,Default,Default,Default,Default,Default,Default,Default,Default,Default,Default,Default,Default,Default,Default,Default,Default,Default,Default,Default,Default,Default,Default,Default,Default,DefaultJob,DocumentCount=100000,1,Workload,Pilot,5,48519842,256,189530.63,0,0,0,888
SimilarityBenchmarks.LeanCorpus_JelinekMercer_TermQuery,Rowles.LeanCorpus.Benchmarks,SimilarityBenchmarks,LeanCorpus_JelinekMercer_TermQuery,DefaultJob,Default,Default,Default,Default,Default,Default,Default,Default,Default,Default,Default,Default,Default,Default,Default,Default,Default,Default,Default,Default,Default,Default,Default,Default,Default,Default,Default,Default,Default,Default,Default,Default,Default,Default,Default,Default,Default,Default,Default,Default,Default,DefaultJob,DocumentCount=100000,1,Workload,Pilot,6,85809592,512,167596.86,0,0,0,888
SimilarityBenchmarks.LeanCorpus_JelinekMercer_TermQuery,Rowles.LeanCorpus.Benchmarks,SimilarityBenchmarks,LeanCorpus_JelinekMercer_TermQuery,DefaultJob,Default,Default,Default,Default,Default,Default,Default,Default,Default,Default,Default,Default,Default,Default,Default,Default,Default,Default,Default,Default,Default,Default,Default,Default,Default,Default,Default,Default,Default,Default,Default,Default,Default,Default,Default,Default,Default,Default,Default,Default,Default,DefaultJob,DocumentCount=100000,1,Workload,Pilot,7,171976388,1024,167945.69,0,0,0,888
SimilarityBenchmarks.LeanCorpus_JelinekMercer_TermQuery,Rowles.LeanCorpus.Benchmarks,SimilarityBenchmarks,LeanCorpus_JelinekMercer_TermQuery,DefaultJob,Default,Default,Default,Default,Default,Default,Default,Default,Default,Default,Default,Default,Default,Default,Default,Default,Default,Default,Default,Default,Default,Default,Default,Default,Default,Default,Default,Default,Default,Default,Default,Default,Default,Default,Default,Default,Default,Default,Default,Default,Default,DefaultJob,DocumentCount=100000,1,Workload,Pilot,8,345389524,2048,168647.23,0,0,0,888
SimilarityBenchmarks.LeanCorpus_JelinekMercer_TermQuery,Rowles.LeanCorpus.Benchmarks,SimilarityBenchmarks,LeanCorpus_JelinekMercer_TermQuery,DefaultJob,Default,Default,Default,Default,Default,Default,Default,Default,Default,Default,Default,Default,Default,Default,Default,Default,Default,Default,Default,Default,Default,Default,Default,Default,Default,Default,Default,Default,Default,Default,Default,Default,Default,Default,Default,Default,Default,Default,Default,Default,Default,DefaultJob,DocumentCount=100000,1,Workload,Pilot,9,692173979,4096,168987.79,0,0,0,888
SimilarityBenchmarks.LeanCorpus_JelinekMercer_TermQuery,Rowles.LeanCorpus.Benchmarks,SimilarityBenchmarks,LeanCorpus_JelinekMercer_TermQuery,DefaultJob,Default,Default,Default,Default,Default,Default,Default,Default,Default,Default,Default,Default,Default,Default,Default,Default,Default,Default,Default,Default,Default,Default,Default,Default,Default,Default,Default,Default,Default,Default,Default,Default,Default,Default,Default,Default,Default,Default,Default,Default,Default,DefaultJob,DocumentCount=100000,1,Workload,Warmup,1,694082242,4096,169453.67,0,0,0,888
SimilarityBenchmarks.LeanCorpus_JelinekMercer_TermQuery,Rowles.LeanCorpus.Benchmarks,SimilarityBenchmarks,LeanCorpus_JelinekMercer_TermQuery,DefaultJob,Default,Default,Default,Default,Default,Default,Default,Default,Default,Default,Default,Default,Default,Default,Default,Default,Default,Default,Default,Default,Default,Default,Default,Default,Default,Default,Default,Default,Default,Default,Default,Default,Default,Default,Default,Default,Default,Default,Default,Default,Default,DefaultJob,DocumentCount=100000,1,Workload,Warmup,2,693769426,4096,169377.3,0,0,0,888
SimilarityBenchmarks.LeanCorpus_JelinekMercer_TermQuery,Rowles.LeanCorpus.Benchmarks,SimilarityBenchmarks,LeanCorpus_JelinekMercer_TermQuery,DefaultJob,Default,Default,Default,Default,Default,Default,Default,Default,Default,Default,Default,Default,Default,Default,Default,Default,Default,Default,Default,Default,Default,Default,Default,Default,Default,Default,Default,Default,Default,Default,Default,Default,Default,Default,Default,Default,Default,Default,Default,Default,Default,DefaultJob,DocumentCount=100000,1,Workload,Warmup,3,692788336,4096,169137.78,0,0,0,888
SimilarityBenchmarks.LeanCorpus_JelinekMercer_TermQuery,Rowles.LeanCorpus.Benchmarks,SimilarityBenchmarks,LeanCorpus_JelinekMercer_TermQuery,DefaultJob,Default,Default,Default,Default,Default,Default,Default,Default,Default,Default,Default,Default,Default,Default,Default,Default,Default,Default,Default,Default,Default,Default,Default,Default,Default,Default,Default,Default,Default,Default,Default,Default,Default,Default,Default,Default,Default,Default,Default,Default,Default,DefaultJob,DocumentCount=100000,1,Workload,Warmup,4,691545362,4096,168834.32,0,0,0,888
SimilarityBenchmarks.LeanCorpus_JelinekMercer_TermQuery,Rowles.LeanCorpus.Benchmarks,SimilarityBenchmarks,LeanCorpus_JelinekMercer_TermQuery,DefaultJob,Default,Default,Default,Default,Default,Default,Default,Default,Default,Default,Default,Default,Default,Default,Default,Default,Default,Default,Default,Default,Default,Default,Default,Default,Default,Default,Default,Default,Default,Default,Default,Default,Default,Default,Default,Default,Default,Default,Default,Default,Default,DefaultJob,DocumentCount=100000,1,Workload,Warmup,5,692690134,4096,169113.8,0,0,0,888
SimilarityBenchmarks.LeanCorpus_JelinekMercer_TermQuery,Rowles.LeanCorpus.Benchmarks,SimilarityBenchmarks,LeanCorpus_JelinekMercer_TermQuery,DefaultJob,Default,Default,Default,Default,Default,Default,Default,Default,Default,Default,Default,Default,Default,Default,Default,Default,Default,Default,Default,Default,Default,Default,Default,Default,Default,Default,Default,Default,Default,Default,Default,Default,Default,Default,Default,Default,Default,Default,Default,Default,Default,DefaultJob,DocumentCount=100000,1,Workload,Warmup,6,693352632,4096,169275.54,0,0,0,888
SimilarityBenchmarks.LeanCorpus_JelinekMercer_TermQuery,Rowles.LeanCorpus.Benchmarks,SimilarityBenchmarks,LeanCorpus_JelinekMercer_TermQuery,DefaultJob,Default,Default,Default,Default,Default,Default,Default,Default,Default,Default,Default,Default,Default,Default,Default,Default,Default,Default,Default,Default,Default,Default,Default,Default,Default,Default,Default,Default,Default,Default,Default,Default,Default,Default,Default,Default,Default,Default,Default,Default,Default,DefaultJob,DocumentCount=100000,1,Workload,Warmup,7,689628619,4096,168366.36,0,0,0,888
SimilarityBenchmarks.LeanCorpus_JelinekMercer_TermQuery,Rowles.LeanCorpus.Benchmarks,SimilarityBenchmarks,LeanCorpus_JelinekMercer_TermQuery,DefaultJob,Default,Default,Default,Default,Default,Default,Default,Default,Default,Default,Default,Default,Default,Default,Default,Default,Default,Default,Default,Default,Default,Default,Default,Default,Default,Default,Default,Default,Default,Default,Default,Default,Default,Default,Default,Default,Default,Default,Default,Default,Default,DefaultJob,DocumentCount=100000,1,Workload,Warmup,8,692268855,4096,169010.95,0,0,0,888
SimilarityBenchmarks.LeanCorpus_JelinekMercer_TermQuery,Rowles.LeanCorpus.Benchmarks,SimilarityBenchmarks,LeanCorpus_JelinekMercer_TermQuery,DefaultJob,Default,Default,Default,Default,Default,Default,Default,Default,Default,Default,Default,Default,Default,Default,Default,Default,Default,Default,Default,Default,Default,Default,Default,Default,Default,Default,Default,Default,Default,Default,Default,Default,Default,Default,Default,Default,Default,Default,Default,Default,Default,DefaultJob,DocumentCount=100000,1,Workload,Warmup,9,692276338,4096,169012.78,0,0,0,888
SimilarityBenchmarks.LeanCorpus_JelinekMercer_TermQuery,Rowles.LeanCorpus.Benchmarks,SimilarityBenchmarks,LeanCorpus_JelinekMercer_TermQuery,DefaultJob,Default,Default,Default,Default,Default,Default,Default,Default,Default,Default,Default,Default,Default,Default,Default,Default,Default,Default,Default,Default,Default,Default,Default,Default,Default,Default,Default,Default,Default,Default,Default,Default,Default,Default,Default,Default,Default,Default,Default,Default,Default,DefaultJob,DocumentCount=100000,1,Workload,Warmup,10,686557746,4096,167616.64,0,0,0,888
SimilarityBenchmarks.LeanCorpus_JelinekMercer_TermQuery,Rowles.LeanCorpus.Benchmarks,SimilarityBenchmarks,LeanCorpus_JelinekMercer_TermQuery,DefaultJob,Default,Default,Default,Default,Default,Default,Default,Default,Default,Default,Default,Default,Default,Default,Default,Default,Default,Default,Default,Default,Default,Default,Default,Default,Default,Default,Default,Default,Default,Default,Default,Default,Default,Default,Default,Default,Default,Default,Default,Default,Default,DefaultJob,DocumentCount=100000,1,Workload,Actual,1,692112373,4096,168972.75,0,0,0,888
SimilarityBenchmarks.LeanCorpus_JelinekMercer_TermQuery,Rowles.LeanCorpus.Benchmarks,SimilarityBenchmarks,LeanCorpus_JelinekMercer_TermQuery,DefaultJob,Default,Default,Default,Default,Default,Default,Default,Default,Default,Default,Default,Default,Default,Default,Default,Default,Default,Default,Default,Default,Default,Default,Default,Default,Default,Default,Default,Default,Default,Default,Default,Default,Default,Default,Default,Default,Default,Default,Default,Default,Default,DefaultJob,DocumentCount=100000,1,Workload,Actual,2,687058211,4096,167738.82,0,0,0,888
SimilarityBenchmarks.LeanCorpus_JelinekMercer_TermQuery,Rowles.LeanCorpus.Benchmarks,SimilarityBenchmarks,LeanCorpus_JelinekMercer_TermQuery,DefaultJob,Default,Default,Default,Default,Default,Default,Default,Default,Default,Default,Default,Default,Default,Default,Default,Default,Default,Default,Default,Default,Default,Default,Default,Default,Default,Default,Default,Default,Default,Default,Default,Default,Default,Default,Default,Default,Default,Default,Default,Default,Default,DefaultJob,DocumentCount=100000,1,Workload,Actual,3,684786551,4096,167184.22,0,0,0,888
SimilarityBenchmarks.LeanCorpus_JelinekMercer_TermQuery,Rowles.LeanCorpus.Benchmarks,SimilarityBenchmarks,LeanCorpus_JelinekMercer_TermQuery,DefaultJob,Default,Default,Default,Default,Default,Default,Default,Default,Default,Default,Default,Default,Default,Default,Default,Default,Default,Default,Default,Default,Default,Default,Default,Default,Default,Default,Default,Default,Default,Default,Default,Default,Default,Default,Default,Default,Default,Default,Default,Default,Default,DefaultJob,DocumentCount=100000,1,Workload,Actual,4,695359021,4096,169765.39,0,0,0,888
SimilarityBenchmarks.LeanCorpus_JelinekMercer_TermQuery,Rowles.LeanCorpus.Benchmarks,SimilarityBenchmarks,LeanCorpus_JelinekMercer_TermQuery,DefaultJob,Default,Default,Default,Default,Default,Default,Default,Default,Default,Default,Default,Default,Default,Default,Default,Default,Default,Default,Default,Default,Default,Default,Default,Default,Default,Default,Default,Default,Default,Default,Default,Default,Default,Default,Default,Default,Default,Default,Default,Default,Default,DefaultJob,DocumentCount=100000,1,Workload,Actual,5,688643014,4096,168125.74,0,0,0,888
SimilarityBenchmarks.LeanCorpus_JelinekMercer_TermQuery,Rowles.LeanCorpus.Benchmarks,SimilarityBenchmarks,LeanCorpus_JelinekMercer_TermQuery,DefaultJob,Default,Default,Default,Default,Default,Default,Default,Default,Default,Default,Default,Default,Default,Default,Default,Default,Default,Default,Default,Default,Default,Default,Default,Default,Default,Default,Default,Default,Default,Default,Default,Default,Default,Default,Default,Default,Default,Default,Default,Default,Default,DefaultJob,DocumentCount=100000,1,Workload,Actual,6,689491950,4096,168333,0,0,0,888
SimilarityBenchmarks.LeanCorpus_JelinekMercer_TermQuery,Rowles.LeanCorpus.Benchmarks,SimilarityBenchmarks,LeanCorpus_JelinekMercer_TermQuery,DefaultJob,Default,Default,Default,Default,Default,Default,Default,Default,Default,Default,Default,Default,Default,Default,Default,Default,Default,Default,Default,Default,Default,Default,Default,Default,Default,Default,Default,Default,Default,Default,Default,Default,Default,Default,Default,Default,Default,Default,Default,Default,Default,DefaultJob,DocumentCount=100000,1,Workload,Actual,7,693214441,4096,169241.81,0,0,0,888
SimilarityBenchmarks.LeanCorpus_JelinekMercer_TermQuery,Rowles.LeanCorpus.Benchmarks,SimilarityBenchmarks,LeanCorpus_JelinekMercer_TermQuery,DefaultJob,Default,Default,Default,Default,Default,Default,Default,Default,Default,Default,Default,Default,Default,Default,Default,Default,Default,Default,Default,Default,Default,Default,Default,Default,Default,Default,Default,Default,Default,Default,Default,Default,Default,Default,Default,Default,Default,Default,Default,Default,Default,DefaultJob,DocumentCount=100000,1,Workload,Actual,8,691220993,4096,168755.13,0,0,0,888
SimilarityBenchmarks.LeanCorpus_JelinekMercer_TermQuery,Rowles.LeanCorpus.Benchmarks,SimilarityBenchmarks,LeanCorpus_JelinekMercer_TermQuery,DefaultJob,Default,Default,Default,Default,Default,Default,Default,Default,Default,Default,Default,Default,Default,Default,Default,Default,Default,Default,Default,Default,Default,Default,Default,Default,Default,Default,Default,Default,Default,Default,Default,Default,Default,Default,Default,Default,Default,Default,Default,Default,Default,DefaultJob,DocumentCount=100000,1,Workload,Actual,9,690410475,4096,168557.24,0,0,0,888
SimilarityBenchmarks.LeanCorpus_JelinekMercer_TermQuery,Rowles.LeanCorpus.Benchmarks,SimilarityBenchmarks,LeanCorpus_JelinekMercer_TermQuery,DefaultJob,Default,Default,Default,Default,Default,Default,Default,Default,Default,Default,Default,Default,Default,Default,Default,Default,Default,Default,Default,Default,Default,Default,Default,Default,Default,Default,Default,Default,Default,Default,Default,Default,Default,Default,Default,Default,Default,Default,Default,Default,Default,DefaultJob,DocumentCount=100000,1,Workload,Actual,10,684211581,4096,167043.84,0,0,0,888
SimilarityBenchmarks.LeanCorpus_JelinekMercer_TermQuery,Rowles.LeanCorpus.Benchmarks,SimilarityBenchmarks,LeanCorpus_JelinekMercer_TermQuery,DefaultJob,Default,Default,Default,Default,Default,Default,Default,Default,Default,Default,Default,Default,Default,Default,Default,Default,Default,Default,Default,Default,Default,Default,Default,Default,Default,Default,Default,Default,Default,Default,Default,Default,Default,Default,Default,Default,Default,Default,Default,Default,Default,DefaultJob,DocumentCount=100000,1,Workload,Actual,11,692355803,4096,169032.18,0,0,0,888
SimilarityBenchmarks.LeanCorpus_JelinekMercer_TermQuery,Rowles.LeanCorpus.Benchmarks,SimilarityBenchmarks,LeanCorpus_JelinekMercer_TermQuery,DefaultJob,Default,Default,Default,Default,Default,Default,Default,Default,Default,Default,Default,Default,Default,Default,Default,Default,Default,Default,Default,Default,Default,Default,Default,Default,Default,Default,Default,Default,Default,Default,Default,Default,Default,Default,Default,Default,Default,Default,Default,Default,Default,DefaultJob,DocumentCount=100000,1,Workload,Actual,12,692905323,4096,169166.34,0,0,0,888
SimilarityBenchmarks.LeanCorpus_JelinekMercer_TermQuery,Rowles.LeanCorpus.Benchmarks,SimilarityBenchmarks,LeanCorpus_JelinekMercer_TermQuery,DefaultJob,Default,Default,Default,Default,Default,Default,Default,Default,Default,Default,Default,Default,Default,Default,Default,Default,Default,Default,Default,Default,Default,Default,Default,Default,Default,Default,Default,Default,Default,Default,Default,Default,Default,Default,Default,Default,Default,Default,Default,Default,Default,DefaultJob,DocumentCount=100000,1,Workload,Actual,13,692088949,4096,168967.03,0,0,0,888
SimilarityBenchmarks.LeanCorpus_JelinekMercer_TermQuery,Rowles.LeanCorpus.Benchmarks,SimilarityBenchmarks,LeanCorpus_JelinekMercer_TermQuery,DefaultJob,Default,Default,Default,Default,Default,Default,Default,Default,Default,Default,Default,Default,Default,Default,Default,Default,Default,Default,Default,Default,Default,Default,Default,Default,Default,Default,Default,Default,Default,Default,Default,Default,Default,Default,Default,Default,Default,Default,Default,Default,Default,DefaultJob,DocumentCount=100000,1,Workload,Actual,14,692538096,4096,169076.68,0,0,0,888
SimilarityBenchmarks.LeanCorpus_JelinekMercer_TermQuery,Rowles.LeanCorpus.Benchmarks,SimilarityBenchmarks,LeanCorpus_JelinekMercer_TermQuery,DefaultJob,Default,Default,Default,Default,Default,Default,Default,Default,Default,Default,Default,Default,Default,Default,Default,Default,Default,Default,Default,Default,Default,Default,Default,Default,Default,Default,Default,Default,Default,Default,Default,Default,Default,Default,Default,Default,Default,Default,Default,Default,Default,DefaultJob,DocumentCount=100000,1,Workload,Actual,15,688662882,4096,168130.59,0,0,0,888
SimilarityBenchmarks.LeanCorpus_JelinekMercer_TermQuery,Rowles.LeanCorpus.Benchmarks,SimilarityBenchmarks,LeanCorpus_JelinekMercer_TermQuery,DefaultJob,Default,Default,Default,Default,Default,Default,Default,Default,Default,Default,Default,Default,Default,Default,Default,Default,Default,Default,Default,Default,Default,Default,Default,Default,Default,Default,Default,Default,Default,Default,Default,Default,Default,Default,Default,Default,Default,Default,Default,Default,Default,DefaultJob,DocumentCount=100000,1,Workload,Extra,1,694480943,4096,169551.01,0,0,0,888
SimilarityBenchmarks.LeanCorpus_JelinekMercer_TermQuery,Rowles.LeanCorpus.Benchmarks,SimilarityBenchmarks,LeanCorpus_JelinekMercer_TermQuery,DefaultJob,Default,Default,Default,Default,Default,Default,Default,Default,Default,Default,Default,Default,Default,Default,Default,Default,Default,Default,Default,Default,Default,Default,Default,Default,Default,Default,Default,Default,Default,Default,Default,Default,Default,Default,Default,Default,Default,Default,Default,Default,Default,DefaultJob,DocumentCount=100000,1,Workload,Result,1,692112373,4096,168972.75,0,0,0,888
SimilarityBenchmarks.LeanCorpus_JelinekMercer_TermQuery,Rowles.LeanCorpus.Benchmarks,SimilarityBenchmarks,LeanCorpus_JelinekMercer_TermQuery,DefaultJob,Default,Default,Default,Default,Default,Default,Default,Default,Default,Default,Default,Default,Default,Default,Default,Default,Default,Default,Default,Default,Default,Default,Default,Default,Default,Default,Default,Default,Default,Default,Default,Default,Default,Default,Default,Default,Default,Default,Default,Default,Default,DefaultJob,DocumentCount=100000,1,Workload,Result,2,687058211,4096,167738.82,0,0,0,888
SimilarityBenchmarks.LeanCorpus_JelinekMercer_TermQuery,Rowles.LeanCorpus.Benchmarks,SimilarityBenchmarks,LeanCorpus_JelinekMercer_TermQuery,DefaultJob,Default,Default,Default,Default,Default,Default,Default,Default,Default,Default,Default,Default,Default,Default,Default,Default,Default,Default,Default,Default,Default,Default,Default,Default,Default,Default,Default,Default,Default,Default,Default,Default,Default,Default,Default,Default,Default,Default,Default,Default,Default,DefaultJob,DocumentCount=100000,1,Workload,Result,3,684786551,4096,167184.22,0,0,0,888
SimilarityBenchmarks.LeanCorpus_JelinekMercer_TermQuery,Rowles.LeanCorpus.Benchmarks,SimilarityBenchmarks,LeanCorpus_JelinekMercer_TermQuery,DefaultJob,Default,Default,Default,Default,Default,Default,Default,Default,Default,Default,Default,Default,Default,Default,Default,Default,Default,Default,Default,Default,Default,Default,Default,Default,Default,Default,Default,Default,Default,Default,Default,Default,Default,Default,Default,Default,Default,Default,Default,Default,Default,DefaultJob,DocumentCount=100000,1,Workload,Result,4,695359021,4096,169765.39,0,0,0,888
SimilarityBenchmarks.LeanCorpus_JelinekMercer_TermQuery,Rowles.LeanCorpus.Benchmarks,SimilarityBenchmarks,LeanCorpus_JelinekMercer_TermQuery,DefaultJob,Default,Default,Default,Default,Default,Default,Default,Default,Default,Default,Default,Default,Default,Default,Default,Default,Default,Default,Default,Default,Default,Default,Default,Default,Default,Default,Default,Default,Default,Default,Default,Default,Default,Default,Default,Default,Default,Default,Default,Default,Default,DefaultJob,DocumentCount=100000,1,Workload,Result,5,688643014,4096,168125.74,0,0,0,888
SimilarityBenchmarks.LeanCorpus_JelinekMercer_TermQuery,Rowles.LeanCorpus.Benchmarks,SimilarityBenchmarks,LeanCorpus_JelinekMercer_TermQuery,DefaultJob,Default,Default,Default,Default,Default,Default,Default,Default,Default,Default,Default,Default,Default,Default,Default,Default,Default,Default,Default,Default,Default,Default,Default,Default,Default,Default,Default,Default,Default,Default,Default,Default,Default,Default,Default,Default,Default,Default,Default,Default,Default,DefaultJob,DocumentCount=100000,1,Workload,Result,6,689491950,4096,168333,0,0,0,888
SimilarityBenchmarks.LeanCorpus_JelinekMercer_TermQuery,Rowles.LeanCorpus.Benchmarks,SimilarityBenchmarks,LeanCorpus_JelinekMercer_TermQuery,DefaultJob,Default,Default,Default,Default,Default,Default,Default,Default,Default,Default,Default,Default,Default,Default,Default,Default,Default,Default,Default,Default,Default,Default,Default,Default,Default,Default,Default,Default,Default,Default,Default,Default,Default,Default,Default,Default,Default,Default,Default,Default,Default,DefaultJob,DocumentCount=100000,1,Workload,Result,7,693214441,4096,169241.81,0,0,0,888
SimilarityBenchmarks.LeanCorpus_JelinekMercer_TermQuery,Rowles.LeanCorpus.Benchmarks,SimilarityBenchmarks,LeanCorpus_JelinekMercer_TermQuery,DefaultJob,Default,Default,Default,Default,Default,Default,Default,Default,Default,Default,Default,Default,Default,Default,Default,Default,Default,Default,Default,Default,Default,Default,Default,Default,Default,Default,Default,Default,Default,Default,Default,Default,Default,Default,Default,Default,Default,Default,Default,Default,Default,DefaultJob,DocumentCount=100000,1,Workload,Result,8,691220993,4096,168755.13,0,0,0,888
SimilarityBenchmarks.LeanCorpus_JelinekMercer_TermQuery,Rowles.LeanCorpus.Benchmarks,SimilarityBenchmarks,LeanCorpus_JelinekMercer_TermQuery,DefaultJob,Default,Default,Default,Default,Default,Default,Default,Default,Default,Default,Default,Default,Default,Default,Default,Default,Default,Default,Default,Default,Default,Default,Default,Default,Default,Default,Default,Default,Default,Default,Default,Default,Default,Default,Default,Default,Default,Default,Default,Default,Default,DefaultJob,DocumentCount=100000,1,Workload,Result,9,690410475,4096,168557.24,0,0,0,888
SimilarityBenchmarks.LeanCorpus_JelinekMercer_TermQuery,Rowles.LeanCorpus.Benchmarks,SimilarityBenchmarks,LeanCorpus_JelinekMercer_TermQuery,DefaultJob,Default,Default,Default,Default,Default,Default,Default,Default,Default,Default,Default,Default,Default,Default,Default,Default,Default,Default,Default,Default,Default,Default,Default,Default,Default,Default,Default,Default,Default,Default,Default,Default,Default,Default,Default,Default,Default,Default,Default,Default,Default,DefaultJob,DocumentCount=100000,1,Workload,Result,10,684211581,4096,167043.84,0,0,0,888
SimilarityBenchmarks.LeanCorpus_JelinekMercer_TermQuery,Rowles.LeanCorpus.Benchmarks,SimilarityBenchmarks,LeanCorpus_JelinekMercer_TermQuery,DefaultJob,Default,Default,Default,Default,Default,Default,Default,Default,Default,Default,Default,Default,Default,Default,Default,Default,Default,Default,Default,Default,Default,Default,Default,Default,Default,Default,Default,Default,Default,Default,Default,Default,Default,Default,Default,Default,Default,Default,Default,Default,Default,DefaultJob,DocumentCount=100000,1,Workload,Result,11,692355803,4096,169032.18,0,0,0,888
SimilarityBenchmarks.LeanCorpus_JelinekMercer_TermQuery,Rowles.LeanCorpus.Benchmarks,SimilarityBenchmarks,LeanCorpus_JelinekMercer_TermQuery,DefaultJob,Default,Default,Default,Default,Default,Default,Default,Default,Default,Default,Default,Default,Default,Default,Default,Default,Default,Default,Default,Default,Default,Default,Default,Default,Default,Default,Default,Default,Default,Default,Default,Default,Default,Default,Default,Default,Default,Default,Default,Default,Default,DefaultJob,DocumentCount=100000,1,Workload,Result,12,692905323,4096,169166.34,0,0,0,888
SimilarityBenchmarks.LeanCorpus_JelinekMercer_TermQuery,Rowles.LeanCorpus.Benchmarks,SimilarityBenchmarks,LeanCorpus_JelinekMercer_TermQuery,DefaultJob,Default,Default,Default,Default,Default,Default,Default,Default,Default,Default,Default,Default,Default,Default,Default,Default,Default,Default,Default,Default,Default,Default,Default,Default,Default,Default,Default,Default,Default,Default,Default,Default,Default,Default,Default,Default,Default,Default,Default,Default,Default,DefaultJob,DocumentCount=100000,1,Workload,Result,13,692088949,4096,168967.03,0,0,0,888
SimilarityBenchmarks.LeanCorpus_JelinekMercer_TermQuery,Rowles.LeanCorpus.Benchmarks,SimilarityBenchmarks,LeanCorpus_JelinekMercer_TermQuery,DefaultJob,Default,Default,Default,Default,Default,Default,Default,Default,Default,Default,Default,Default,Default,Default,Default,Default,Default,Default,Default,Default,Default,Default,Default,Default,Default,Default,Default,Default,Default,Default,Default,Default,Default,Default,Default,Default,Default,Default,Default,Default,Default,DefaultJob,DocumentCount=100000,1,Workload,Result,14,692538096,4096,169076.68,0,0,0,888
SimilarityBenchmarks.LeanCorpus_JelinekMercer_TermQuery,Rowles.LeanCorpus.Benchmarks,SimilarityBenchmarks,LeanCorpus_JelinekMercer_TermQuery,DefaultJob,Default,Default,Default,Default,Default,Default,Default,Default,Default,Default,Default,Default,Default,Default,Default,Default,Default,Default,Default,Default,Default,Default,Default,Default,Default,Default,Default,Default,Default,Default,Default,Default,Default,Default,Default,Default,Default,Default,Default,Default,Default,DefaultJob,DocumentCount=100000,1,Workload,Result,15,688662882,4096,168130.59,0,0,0,888
SimilarityBenchmarks.LuceneNet_JelinekMercer_TermQuery,Rowles.LeanCorpus.Benchmarks,SimilarityBenchmarks,LuceneNet_JelinekMercer_TermQuery,DefaultJob,Default,Default,Default,Default,Default,Default,Default,Default,Default,Default,Default,Default,Default,Default,Default,Default,Default,Default,Default,Default,Default,Default,Default,Default,Default,Default,Default,Default,Default,Default,Default,Default,Default,Default,Default,Default,Default,Default,Default,Default,Default,DefaultJob,DocumentCount=100000,1,Workload,Jitting,1,32862525,1,32862525,24,1,0,50879
SimilarityBenchmarks.LuceneNet_JelinekMercer_TermQuery,Rowles.LeanCorpus.Benchmarks,SimilarityBenchmarks,LuceneNet_JelinekMercer_TermQuery,DefaultJob,Default,Default,Default,Default,Default,Default,Default,Default,Default,Default,Default,Default,Default,Default,Default,Default,Default,Default,Default,Default,Default,Default,Default,Default,Default,Default,Default,Default,Default,Default,Default,Default,Default,Default,Default,Default,Default,Default,Default,Default,Default,DefaultJob,DocumentCount=100000,1,Workload,Jitting,2,39950767,30,1331692.23,24,1,0,50879
SimilarityBenchmarks.LuceneNet_JelinekMercer_TermQuery,Rowles.LeanCorpus.Benchmarks,SimilarityBenchmarks,LuceneNet_JelinekMercer_TermQuery,DefaultJob,Default,Default,Default,Default,Default,Default,Default,Default,Default,Default,Default,Default,Default,Default,Default,Default,Default,Default,Default,Default,Default,Default,Default,Default,Default,Default,Default,Default,Default,Default,Default,Default,Default,Default,Default,Default,Default,Default,Default,Default,Default,DefaultJob,DocumentCount=100000,1,Workload,Jitting,3,46492367,30,1549745.57,24,1,0,50879
SimilarityBenchmarks.LuceneNet_JelinekMercer_TermQuery,Rowles.LeanCorpus.Benchmarks,SimilarityBenchmarks,LuceneNet_JelinekMercer_TermQuery,DefaultJob,Default,Default,Default,Default,Default,Default,Default,Default,Default,Default,Default,Default,Default,Default,Default,Default,Default,Default,Default,Default,Default,Default,Default,Default,Default,Default,Default,Default,Default,Default,Default,Default,Default,Default,Default,Default,Default,Default,Default,Default,Default,DefaultJob,DocumentCount=100000,1,Workload,Jitting,4,8691933,30,289731.1,24,1,0,50879
SimilarityBenchmarks.LuceneNet_JelinekMercer_TermQuery,Rowles.LeanCorpus.Benchmarks,SimilarityBenchmarks,LuceneNet_JelinekMercer_TermQuery,DefaultJob,Default,Default,Default,Default,Default,Default,Default,Default,Default,Default,Default,Default,Default,Default,Default,Default,Default,Default,Default,Default,Default,Default,Default,Default,Default,Default,Default,Default,Default,Default,Default,Default,Default,Default,Default,Default,Default,Default,Default,Default,Default,DefaultJob,DocumentCount=100000,1,Workload,Jitting,5,633204,1,633204,24,1,0,50879
SimilarityBenchmarks.LuceneNet_JelinekMercer_TermQuery,Rowles.LeanCorpus.Benchmarks,SimilarityBenchmarks,LuceneNet_JelinekMercer_TermQuery,DefaultJob,Default,Default,Default,Default,Default,Default,Default,Default,Default,Default,Default,Default,Default,Default,Default,Default,Default,Default,Default,Default,Default,Default,Default,Default,Default,Default,Default,Default,Default,Default,Default,Default,Default,Default,Default,Default,Default,Default,Default,Default,Default,DefaultJob,DocumentCount=100000,1,Workload,Pilot,1,555187,1,555187,24,1,0,50879
SimilarityBenchmarks.LuceneNet_JelinekMercer_TermQuery,Rowles.LeanCorpus.Benchmarks,SimilarityBenchmarks,LuceneNet_JelinekMercer_TermQuery,DefaultJob,Default,Default,Default,Default,Default,Default,Default,Default,Default,Default,Default,Default,Default,Default,Default,Default,Default,Default,Default,Default,Default,Default,Default,Default,Default,Default,Default,Default,Default,Default,Default,Default,Default,Default,Default,Default,Default,Default,Default,Default,Default,DefaultJob,DocumentCount=100000,1,Workload,Pilot,1,9566681,16,597917.56,24,1,0,50879
SimilarityBenchmarks.LuceneNet_JelinekMercer_TermQuery,Rowles.LeanCorpus.Benchmarks,SimilarityBenchmarks,LuceneNet_JelinekMercer_TermQuery,DefaultJob,Default,Default,Default,Default,Default,Default,Default,Default,Default,Default,Default,Default,Default,Default,Default,Default,Default,Default,Default,Default,Default,Default,Default,Default,Default,Default,Default,Default,Default,Default,Default,Default,Default,Default,Default,Default,Default,Default,Default,Default,Default,DefaultJob,DocumentCount=100000,1,Workload,Pilot,2,15223428,32,475732.13,24,1,0,50879
SimilarityBenchmarks.LuceneNet_JelinekMercer_TermQuery,Rowles.LeanCorpus.Benchmarks,SimilarityBenchmarks,LuceneNet_JelinekMercer_TermQuery,DefaultJob,Default,Default,Default,Default,Default,Default,Default,Default,Default,Default,Default,Default,Default,Default,Default,Default,Default,Default,Default,Default,Default,Default,Default,Default,Default,Default,Default,Default,Default,Default,Default,Default,Default,Default,Default,Default,Default,Default,Default,Default,Default,DefaultJob,DocumentCount=100000,1,Workload,Pilot,3,28636412,64,447443.94,24,1,0,50879
SimilarityBenchmarks.LuceneNet_JelinekMercer_TermQuery,Rowles.LeanCorpus.Benchmarks,SimilarityBenchmarks,LuceneNet_JelinekMercer_TermQuery,DefaultJob,Default,Default,Default,Default,Default,Default,Default,Default,Default,Default,Default,Default,Default,Default,Default,Default,Default,Default,Default,Default,Default,Default,Default,Default,Default,Default,Default,Default,Default,Default,Default,Default,Default,Default,Default,Default,Default,Default,Default,Default,Default,DefaultJob,DocumentCount=100000,1,Workload,Pilot,4,40959884,128,319999.09,24,1,0,50879
SimilarityBenchmarks.LuceneNet_JelinekMercer_TermQuery,Rowles.LeanCorpus.Benchmarks,SimilarityBenchmarks,LuceneNet_JelinekMercer_TermQuery,DefaultJob,Default,Default,Default,Default,Default,Default,Default,Default,Default,Default,Default,Default,Default,Default,Default,Default,Default,Default,Default,Default,Default,Default,Default,Default,Default,Default,Default,Default,Default,Default,Default,Default,Default,Default,Default,Default,Default,Default,Default,Default,Default,DefaultJob,DocumentCount=100000,1,Workload,Pilot,5,64705816,256,252757.09,24,1,0,50879
SimilarityBenchmarks.LuceneNet_JelinekMercer_TermQuery,Rowles.LeanCorpus.Benchmarks,SimilarityBenchmarks,LuceneNet_JelinekMercer_TermQuery,DefaultJob,Default,Default,Default,Default,Default,Default,Default,Default,Default,Default,Default,Default,Default,Default,Default,Default,Default,Default,Default,Default,Default,Default,Default,Default,Default,Default,Default,Default,Default,Default,Default,Default,Default,Default,Default,Default,Default,Default,Default,Default,Default,DefaultJob,DocumentCount=100000,1,Workload,Pilot,6,130242562,512,254380,24,1,0,50879
SimilarityBenchmarks.LuceneNet_JelinekMercer_TermQuery,Rowles.LeanCorpus.Benchmarks,SimilarityBenchmarks,LuceneNet_JelinekMercer_TermQuery,DefaultJob,Default,Default,Default,Default,Default,Default,Default,Default,Default,Default,Default,Default,Default,Default,Default,Default,Default,Default,Default,Default,Default,Default,Default,Default,Default,Default,Default,Default,Default,Default,Default,Default,Default,Default,Default,Default,Default,Default,Default,Default,Default,DefaultJob,DocumentCount=100000,1,Workload,Pilot,7,255323535,1024,249339.39,24,1,0,50879
SimilarityBenchmarks.LuceneNet_JelinekMercer_TermQuery,Rowles.LeanCorpus.Benchmarks,SimilarityBenchmarks,LuceneNet_JelinekMercer_TermQuery,DefaultJob,Default,Default,Default,Default,Default,Default,Default,Default,Default,Default,Default,Default,Default,Default,Default,Default,Default,Default,Default,Default,Default,Default,Default,Default,Default,Default,Default,Default,Default,Default,Default,Default,Default,Default,Default,Default,Default,Default,Default,Default,Default,DefaultJob,DocumentCount=100000,1,Workload,Pilot,8,516715027,2048,252302.26,24,1,0,50879
SimilarityBenchmarks.LuceneNet_JelinekMercer_TermQuery,Rowles.LeanCorpus.Benchmarks,SimilarityBenchmarks,LuceneNet_JelinekMercer_TermQuery,DefaultJob,Default,Default,Default,Default,Default,Default,Default,Default,Default,Default,Default,Default,Default,Default,Default,Default,Default,Default,Default,Default,Default,Default,Default,Default,Default,Default,Default,Default,Default,Default,Default,Default,Default,Default,Default,Default,Default,Default,Default,Default,Default,DefaultJob,DocumentCount=100000,1,Workload,Warmup,1,508264818,2048,248176.18,24,1,0,50879
SimilarityBenchmarks.LuceneNet_JelinekMercer_TermQuery,Rowles.LeanCorpus.Benchmarks,SimilarityBenchmarks,LuceneNet_JelinekMercer_TermQuery,DefaultJob,Default,Default,Default,Default,Default,Default,Default,Default,Default,Default,Default,Default,Default,Default,Default,Default,Default,Default,Default,Default,Default,Default,Default,Default,Default,Default,Default,Default,Default,Default,Default,Default,Default,Default,Default,Default,Default,Default,Default,Default,Default,DefaultJob,DocumentCount=100000,1,Workload,Warmup,2,514438861,2048,251190.85,24,1,0,50879
SimilarityBenchmarks.LuceneNet_JelinekMercer_TermQuery,Rowles.LeanCorpus.Benchmarks,SimilarityBenchmarks,LuceneNet_JelinekMercer_TermQuery,DefaultJob,Default,Default,Default,Default,Default,Default,Default,Default,Default,Default,Default,Default,Default,Default,Default,Default,Default,Default,Default,Default,Default,Default,Default,Default,Default,Default,Default,Default,Default,Default,Default,Default,Default,Default,Default,Default,Default,Default,Default,Default,Default,DefaultJob,DocumentCount=100000,1,Workload,Warmup,3,515041010,2048,251484.87,24,1,0,50879
SimilarityBenchmarks.LuceneNet_JelinekMercer_TermQuery,Rowles.LeanCorpus.Benchmarks,SimilarityBenchmarks,LuceneNet_JelinekMercer_TermQuery,DefaultJob,Default,Default,Default,Default,Default,Default,Default,Default,Default,Default,Default,Default,Default,Default,Default,Default,Default,Default,Default,Default,Default,Default,Default,Default,Default,Default,Default,Default,Default,Default,Default,Default,Default,Default,Default,Default,Default,Default,Default,Default,Default,DefaultJob,DocumentCount=100000,1,Workload,Warmup,4,514677811,2048,251307.52,24,1,0,50879
SimilarityBenchmarks.LuceneNet_JelinekMercer_TermQuery,Rowles.LeanCorpus.Benchmarks,SimilarityBenchmarks,LuceneNet_JelinekMercer_TermQuery,DefaultJob,Default,Default,Default,Default,Default,Default,Default,Default,Default,Default,Default,Default,Default,Default,Default,Default,Default,Default,Default,Default,Default,Default,Default,Default,Default,Default,Default,Default,Default,Default,Default,Default,Default,Default,Default,Default,Default,Default,Default,Default,Default,DefaultJob,DocumentCount=100000,1,Workload,Warmup,5,514628542,2048,251283.47,24,1,0,50879
SimilarityBenchmarks.LuceneNet_JelinekMercer_TermQuery,Rowles.LeanCorpus.Benchmarks,SimilarityBenchmarks,LuceneNet_JelinekMercer_TermQuery,DefaultJob,Default,Default,Default,Default,Default,Default,Default,Default,Default,Default,Default,Default,Default,Default,Default,Default,Default,Default,Default,Default,Default,Default,Default,Default,Default,Default,Default,Default,Default,Default,Default,Default,Default,Default,Default,Default,Default,Default,Default,Default,Default,DefaultJob,DocumentCount=100000,1,Workload,Warmup,6,512941839,2048,250459.88,24,1,0,50879
SimilarityBenchmarks.LuceneNet_JelinekMercer_TermQuery,Rowles.LeanCorpus.Benchmarks,SimilarityBenchmarks,LuceneNet_JelinekMercer_TermQuery,DefaultJob,Default,Default,Default,Default,Default,Default,Default,Default,Default,Default,Default,Default,Default,Default,Default,Default,Default,Default,Default,Default,Default,Default,Default,Default,Default,Default,Default,Default,Default,Default,Default,Default,Default,Default,Default,Default,Default,Default,Default,Default,Default,DefaultJob,DocumentCount=100000,1,Workload,Warmup,7,505283533,2048,246720.48,24,1,0,50879
SimilarityBenchmarks.LuceneNet_JelinekMercer_TermQuery,Rowles.LeanCorpus.Benchmarks,SimilarityBenchmarks,LuceneNet_JelinekMercer_TermQuery,DefaultJob,Default,Default,Default,Default,Default,Default,Default,Default,Default,Default,Default,Default,Default,Default,Default,Default,Default,Default,Default,Default,Default,Default,Default,Default,Default,Default,Default,Default,Default,Default,Default,Default,Default,Default,Default,Default,Default,Default,Default,Default,Default,DefaultJob,DocumentCount=100000,1,Workload,Warmup,8,511689996,2048,249848.63,24,1,0,50879
SimilarityBenchmarks.LuceneNet_JelinekMercer_TermQuery,Rowles.LeanCorpus.Benchmarks,SimilarityBenchmarks,LuceneNet_JelinekMercer_TermQuery,DefaultJob,Default,Default,Default,Default,Default,Default,Default,Default,Default,Default,Default,Default,Default,Default,Default,Default,Default,Default,Default,Default,Default,Default,Default,Default,Default,Default,Default,Default,Default,Default,Default,Default,Default,Default,Default,Default,Default,Default,Default,Default,Default,DefaultJob,DocumentCount=100000,1,Workload,Warmup,9,514629721,2048,251284.04,24,1,0,50879
SimilarityBenchmarks.LuceneNet_JelinekMercer_TermQuery,Rowles.LeanCorpus.Benchmarks,SimilarityBenchmarks,LuceneNet_JelinekMercer_TermQuery,DefaultJob,Default,Default,Default,Default,Default,Default,Default,Default,Default,Default,Default,Default,Default,Default,Default,Default,Default,Default,Default,Default,Default,Default,Default,Default,Default,Default,Default,Default,Default,Default,Default,Default,Default,Default,Default,Default,Default,Default,Default,Default,Default,DefaultJob,DocumentCount=100000,1,Workload,Warmup,10,510226978,2048,249134.27,24,1,0,50879
SimilarityBenchmarks.LuceneNet_JelinekMercer_TermQuery,Rowles.LeanCorpus.Benchmarks,SimilarityBenchmarks,LuceneNet_JelinekMercer_TermQuery,DefaultJob,Default,Default,Default,Default,Default,Default,Default,Default,Default,Default,Default,Default,Default,Default,Default,Default,Default,Default,Default,Default,Default,Default,Default,Default,Default,Default,Default,Default,Default,Default,Default,Default,Default,Default,Default,Default,Default,Default,Default,Default,Default,DefaultJob,DocumentCount=100000,1,Workload,Actual,1,514463102,2048,251202.69,24,1,0,50879
SimilarityBenchmarks.LuceneNet_JelinekMercer_TermQuery,Rowles.LeanCorpus.Benchmarks,SimilarityBenchmarks,LuceneNet_JelinekMercer_TermQuery,DefaultJob,Default,Default,Default,Default,Default,Default,Default,Default,Default,Default,Default,Default,Default,Default,Default,Default,Default,Default,Default,Default,Default,Default,Default,Default,Default,Default,Default,Default,Default,Default,Default,Default,Default,Default,Default,Default,Default,Default,Default,Default,Default,DefaultJob,DocumentCount=100000,1,Workload,Actual,2,512822388,2048,250401.56,24,1,0,50879
SimilarityBenchmarks.LuceneNet_JelinekMercer_TermQuery,Rowles.LeanCorpus.Benchmarks,SimilarityBenchmarks,LuceneNet_JelinekMercer_TermQuery,DefaultJob,Default,Default,Default,Default,Default,Default,Default,Default,Default,Default,Default,Default,Default,Default,Default,Default,Default,Default,Default,Default,Default,Default,Default,Default,Default,Default,Default,Default,Default,Default,Default,Default,Default,Default,Default,Default,Default,Default,Default,Default,Default,DefaultJob,DocumentCount=100000,1,Workload,Actual,3,514806279,2048,251370.25,24,1,0,50879
SimilarityBenchmarks.LuceneNet_JelinekMercer_TermQuery,Rowles.LeanCorpus.Benchmarks,SimilarityBenchmarks,LuceneNet_JelinekMercer_TermQuery,DefaultJob,Default,Default,Default,Default,Default,Default,Default,Default,Default,Default,Default,Default,Default,Default,Default,Default,Default,Default,Default,Default,Default,Default,Default,Default,Default,Default,Default,Default,Default,Default,Default,Default,Default,Default,Default,Default,Default,Default,Default,Default,Default,DefaultJob,DocumentCount=100000,1,Workload,Actual,4,513980472,2048,250967.03,24,1,0,50879
SimilarityBenchmarks.LuceneNet_JelinekMercer_TermQuery,Rowles.LeanCorpus.Benchmarks,SimilarityBenchmarks,LuceneNet_JelinekMercer_TermQuery,DefaultJob,Default,Default,Default,Default,Default,Default,Default,Default,Default,Default,Default,Default,Default,Default,Default,Default,Default,Default,Default,Default,Default,Default,Default,Default,Default,Default,Default,Default,Default,Default,Default,Default,Default,Default,Default,Default,Default,Default,Default,Default,Default,DefaultJob,DocumentCount=100000,1,Workload,Actual,5,511780944,2048,249893.04,24,1,0,50879
SimilarityBenchmarks.LuceneNet_JelinekMercer_TermQuery,Rowles.LeanCorpus.Benchmarks,SimilarityBenchmarks,LuceneNet_JelinekMercer_TermQuery,DefaultJob,Default,Default,Default,Default,Default,Default,Default,Default,Default,Default,Default,Default,Default,Default,Default,Default,Default,Default,Default,Default,Default,Default,Default,Default,Default,Default,Default,Default,Default,Default,Default,Default,Default,Default,Default,Default,Default,Default,Default,Default,Default,DefaultJob,DocumentCount=100000,1,Workload,Actual,6,514850151,2048,251391.68,24,1,0,50879
SimilarityBenchmarks.LuceneNet_JelinekMercer_TermQuery,Rowles.LeanCorpus.Benchmarks,SimilarityBenchmarks,LuceneNet_JelinekMercer_TermQuery,DefaultJob,Default,Default,Default,Default,Default,Default,Default,Default,Default,Default,Default,Default,Default,Default,Default,Default,Default,Default,Default,Default,Default,Default,Default,Default,Default,Default,Default,Default,Default,Default,Default,Default,Default,Default,Default,Default,Default,Default,Default,Default,Default,DefaultJob,DocumentCount=100000,1,Workload,Actual,7,510418932,2048,249227.99,24,1,0,50879
SimilarityBenchmarks.LuceneNet_JelinekMercer_TermQuery,Rowles.LeanCorpus.Benchmarks,SimilarityBenchmarks,LuceneNet_JelinekMercer_TermQuery,DefaultJob,Default,Default,Default,Default,Default,Default,Default,Default,Default,Default,Default,Default,Default,Default,Default,Default,Default,Default,Default,Default,Default,Default,Default,Default,Default,Default,Default,Default,Default,Default,Default,Default,Default,Default,Default,Default,Default,Default,Default,Default,Default,DefaultJob,DocumentCount=100000,1,Workload,Actual,8,508963483,2048,248517.33,24,1,0,50879
SimilarityBenchmarks.LuceneNet_JelinekMercer_TermQuery,Rowles.LeanCorpus.Benchmarks,SimilarityBenchmarks,LuceneNet_JelinekMercer_TermQuery,DefaultJob,Default,Default,Default,Default,Default,Default,Default,Default,Default,Default,Default,Default,Default,Default,Default,Default,Default,Default,Default,Default,Default,Default,Default,Default,Default,Default,Default,Default,Default,Default,Default,Default,Default,Default,Default,Default,Default,Default,Default,Default,Default,DefaultJob,DocumentCount=100000,1,Workload,Actual,9,513977189,2048,250965.42,24,1,0,50879
SimilarityBenchmarks.LuceneNet_JelinekMercer_TermQuery,Rowles.LeanCorpus.Benchmarks,SimilarityBenchmarks,LuceneNet_JelinekMercer_TermQuery,DefaultJob,Default,Default,Default,Default,Default,Default,Default,Default,Default,Default,Default,Default,Default,Default,Default,Default,Default,Default,Default,Default,Default,Default,Default,Default,Default,Default,Default,Default,Default,Default,Default,Default,Default,Default,Default,Default,Default,Default,Default,Default,Default,DefaultJob,DocumentCount=100000,1,Workload,Actual,10,513649152,2048,250805.25,24,1,0,50879
SimilarityBenchmarks.LuceneNet_JelinekMercer_TermQuery,Rowles.LeanCorpus.Benchmarks,SimilarityBenchmarks,LuceneNet_JelinekMercer_TermQuery,DefaultJob,Default,Default,Default,Default,Default,Default,Default,Default,Default,Default,Default,Default,Default,Default,Default,Default,Default,Default,Default,Default,Default,Default,Default,Default,Default,Default,Default,Default,Default,Default,Default,Default,Default,Default,Default,Default,Default,Default,Default,Default,Default,DefaultJob,DocumentCount=100000,1,Workload,Actual,11,507195999,2048,247654.3,24,1,0,50879
SimilarityBenchmarks.LuceneNet_JelinekMercer_TermQuery,Rowles.LeanCorpus.Benchmarks,SimilarityBenchmarks,LuceneNet_JelinekMercer_TermQuery,DefaultJob,Default,Default,Default,Default,Default,Default,Default,Default,Default,Default,Default,Default,Default,Default,Default,Default,Default,Default,Default,Default,Default,Default,Default,Default,Default,Default,Default,Default,Default,Default,Default,Default,Default,Default,Default,Default,Default,Default,Default,Default,Default,DefaultJob,DocumentCount=100000,1,Workload,Actual,12,511840521,2048,249922.13,24,1,0,50879
SimilarityBenchmarks.LuceneNet_JelinekMercer_TermQuery,Rowles.LeanCorpus.Benchmarks,SimilarityBenchmarks,LuceneNet_JelinekMercer_TermQuery,DefaultJob,Default,Default,Default,Default,Default,Default,Default,Default,Default,Default,Default,Default,Default,Default,Default,Default,Default,Default,Default,Default,Default,Default,Default,Default,Default,Default,Default,Default,Default,Default,Default,Default,Default,Default,Default,Default,Default,Default,Default,Default,Default,DefaultJob,DocumentCount=100000,1,Workload,Actual,13,506694942,2048,247409.64,24,1,0,50879
SimilarityBenchmarks.LuceneNet_JelinekMercer_TermQuery,Rowles.LeanCorpus.Benchmarks,SimilarityBenchmarks,LuceneNet_JelinekMercer_TermQuery,DefaultJob,Default,Default,Default,Default,Default,Default,Default,Default,Default,Default,Default,Default,Default,Default,Default,Default,Default,Default,Default,Default,Default,Default,Default,Default,Default,Default,Default,Default,Default,Default,Default,Default,Default,Default,Default,Default,Default,Default,Default,Default,Default,DefaultJob,DocumentCount=100000,1,Workload,Actual,14,514427954,2048,251185.52,24,1,0,50879
SimilarityBenchmarks.LuceneNet_JelinekMercer_TermQuery,Rowles.LeanCorpus.Benchmarks,SimilarityBenchmarks,LuceneNet_JelinekMercer_TermQuery,DefaultJob,Default,Default,Default,Default,Default,Default,Default,Default,Default,Default,Default,Default,Default,Default,Default,Default,Default,Default,Default,Default,Default,Default,Default,Default,Default,Default,Default,Default,Default,Default,Default,Default,Default,Default,Default,Default,Default,Default,Default,Default,Default,DefaultJob,DocumentCount=100000,1,Workload,Actual,15,508641566,2048,248360.14,24,1,0,50879
SimilarityBenchmarks.LuceneNet_JelinekMercer_TermQuery,Rowles.LeanCorpus.Benchmarks,SimilarityBenchmarks,LuceneNet_JelinekMercer_TermQuery,DefaultJob,Default,Default,Default,Default,Default,Default,Default,Default,Default,Default,Default,Default,Default,Default,Default,Default,Default,Default,Default,Default,Default,Default,Default,Default,Default,Default,Default,Default,Default,Default,Default,Default,Default,Default,Default,Default,Default,Default,Default,Default,Default,DefaultJob,DocumentCount=100000,1,Workload,Extra,1,509352773,2048,248707.41,24,1,0,50879
SimilarityBenchmarks.LuceneNet_JelinekMercer_TermQuery,Rowles.LeanCorpus.Benchmarks,SimilarityBenchmarks,LuceneNet_JelinekMercer_TermQuery,DefaultJob,Default,Default,Default,Default,Default,Default,Default,Default,Default,Default,Default,Default,Default,Default,Default,Default,Default,Default,Default,Default,Default,Default,Default,Default,Default,Default,Default,Default,Default,Default,Default,Default,Default,Default,Default,Default,Default,Default,Default,Default,Default,DefaultJob,DocumentCount=100000,1,Workload,Result,1,514463102,2048,251202.69,24,1,0,50879
SimilarityBenchmarks.LuceneNet_JelinekMercer_TermQuery,Rowles.LeanCorpus.Benchmarks,SimilarityBenchmarks,LuceneNet_JelinekMercer_TermQuery,DefaultJob,Default,Default,Default,Default,Default,Default,Default,Default,Default,Default,Default,Default,Default,Default,Default,Default,Default,Default,Default,Default,Default,Default,Default,Default,Default,Default,Default,Default,Default,Default,Default,Default,Default,Default,Default,Default,Default,Default,Default,Default,Default,DefaultJob,DocumentCount=100000,1,Workload,Result,2,512822388,2048,250401.56,24,1,0,50879
SimilarityBenchmarks.LuceneNet_JelinekMercer_TermQuery,Rowles.LeanCorpus.Benchmarks,SimilarityBenchmarks,LuceneNet_JelinekMercer_TermQuery,DefaultJob,Default,Default,Default,Default,Default,Default,Default,Default,Default,Default,Default,Default,Default,Default,Default,Default,Default,Default,Default,Default,Default,Default,Default,Default,Default,Default,Default,Default,Default,Default,Default,Default,Default,Default,Default,Default,Default,Default,Default,Default,Default,DefaultJob,DocumentCount=100000,1,Workload,Result,3,514806279,2048,251370.25,24,1,0,50879
SimilarityBenchmarks.LuceneNet_JelinekMercer_TermQuery,Rowles.LeanCorpus.Benchmarks,SimilarityBenchmarks,LuceneNet_JelinekMercer_TermQuery,DefaultJob,Default,Default,Default,Default,Default,Default,Default,Default,Default,Default,Default,Default,Default,Default,Default,Default,Default,Default,Default,Default,Default,Default,Default,Default,Default,Default,Default,Default,Default,Default,Default,Default,Default,Default,Default,Default,Default,Default,Default,Default,Default,DefaultJob,DocumentCount=100000,1,Workload,Result,4,513980472,2048,250967.03,24,1,0,50879
SimilarityBenchmarks.LuceneNet_JelinekMercer_TermQuery,Rowles.LeanCorpus.Benchmarks,SimilarityBenchmarks,LuceneNet_JelinekMercer_TermQuery,DefaultJob,Default,Default,Default,Default,Default,Default,Default,Default,Default,Default,Default,Default,Default,Default,Default,Default,Default,Default,Default,Default,Default,Default,Default,Default,Default,Default,Default,Default,Default,Default,Default,Default,Default,Default,Default,Default,Default,Default,Default,Default,Default,DefaultJob,DocumentCount=100000,1,Workload,Result,5,511780944,2048,249893.04,24,1,0,50879
SimilarityBenchmarks.LuceneNet_JelinekMercer_TermQuery,Rowles.LeanCorpus.Benchmarks,SimilarityBenchmarks,LuceneNet_JelinekMercer_TermQuery,DefaultJob,Default,Default,Default,Default,Default,Default,Default,Default,Default,Default,Default,Default,Default,Default,Default,Default,Default,Default,Default,Default,Default,Default,Default,Default,Default,Default,Default,Default,Default,Default,Default,Default,Default,Default,Default,Default,Default,Default,Default,Default,Default,DefaultJob,DocumentCount=100000,1,Workload,Result,6,514850151,2048,251391.68,24,1,0,50879
SimilarityBenchmarks.LuceneNet_JelinekMercer_TermQuery,Rowles.LeanCorpus.Benchmarks,SimilarityBenchmarks,LuceneNet_JelinekMercer_TermQuery,DefaultJob,Default,Default,Default,Default,Default,Default,Default,Default,Default,Default,Default,Default,Default,Default,Default,Default,Default,Default,Default,Default,Default,Default,Default,Default,Default,Default,Default,Default,Default,Default,Default,Default,Default,Default,Default,Default,Default,Default,Default,Default,Default,DefaultJob,DocumentCount=100000,1,Workload,Result,7,510418932,2048,249227.99,24,1,0,50879
SimilarityBenchmarks.LuceneNet_JelinekMercer_TermQuery,Rowles.LeanCorpus.Benchmarks,SimilarityBenchmarks,LuceneNet_JelinekMercer_TermQuery,DefaultJob,Default,Default,Default,Default,Default,Default,Default,Default,Default,Default,Default,Default,Default,Default,Default,Default,Default,Default,Default,Default,Default,Default,Default,Default,Default,Default,Default,Default,Default,Default,Default,Default,Default,Default,Default,Default,Default,Default,Default,Default,Default,DefaultJob,DocumentCount=100000,1,Workload,Result,8,508963483,2048,248517.33,24,1,0,50879
SimilarityBenchmarks.LuceneNet_JelinekMercer_TermQuery,Rowles.LeanCorpus.Benchmarks,SimilarityBenchmarks,LuceneNet_JelinekMercer_TermQuery,DefaultJob,Default,Default,Default,Default,Default,Default,Default,Default,Default,Default,Default,Default,Default,Default,Default,Default,Default,Default,Default,Default,Default,Default,Default,Default,Default,Default,Default,Default,Default,Default,Default,Default,Default,Default,Default,Default,Default,Default,Default,Default,Default,DefaultJob,DocumentCount=100000,1,Workload,Result,9,513977189,2048,250965.42,24,1,0,50879
SimilarityBenchmarks.LuceneNet_JelinekMercer_TermQuery,Rowles.LeanCorpus.Benchmarks,SimilarityBenchmarks,LuceneNet_JelinekMercer_TermQuery,DefaultJob,Default,Default,Default,Default,Default,Default,Default,Default,Default,Default,Default,Default,Default,Default,Default,Default,Default,Default,Default,Default,Default,Default,Default,Default,Default,Default,Default,Default,Default,Default,Default,Default,Default,Default,Default,Default,Default,Default,Default,Default,Default,DefaultJob,DocumentCount=100000,1,Workload,Result,10,513649152,2048,250805.25,24,1,0,50879
SimilarityBenchmarks.LuceneNet_JelinekMercer_TermQuery,Rowles.LeanCorpus.Benchmarks,SimilarityBenchmarks,LuceneNet_JelinekMercer_TermQuery,DefaultJob,Default,Default,Default,Default,Default,Default,Default,Default,Default,Default,Default,Default,Default,Default,Default,Default,Default,Default,Default,Default,Default,Default,Default,Default,Default,Default,Default,Default,Default,Default,Default,Default,Default,Default,Default,Default,Default,Default,Default,Default,Default,DefaultJob,DocumentCount=100000,1,Workload,Result,11,507195999,2048,247654.3,24,1,0,50879
SimilarityBenchmarks.LuceneNet_JelinekMercer_TermQuery,Rowles.LeanCorpus.Benchmarks,SimilarityBenchmarks,LuceneNet_JelinekMercer_TermQuery,DefaultJob,Default,Default,Default,Default,Default,Default,Default,Default,Default,Default,Default,Default,Default,Default,Default,Default,Default,Default,Default,Default,Default,Default,Default,Default,Default,Default,Default,Default,Default,Default,Default,Default,Default,Default,Default,Default,Default,Default,Default,Default,Default,DefaultJob,DocumentCount=100000,1,Workload,Result,12,511840521,2048,249922.13,24,1,0,50879
SimilarityBenchmarks.LuceneNet_JelinekMercer_TermQuery,Rowles.LeanCorpus.Benchmarks,SimilarityBenchmarks,LuceneNet_JelinekMercer_TermQuery,DefaultJob,Default,Default,Default,Default,Default,Default,Default,Default,Default,Default,Default,Default,Default,Default,Default,Default,Default,Default,Default,Default,Default,Default,Default,Default,Default,Default,Default,Default,Default,Default,Default,Default,Default,Default,Default,Default,Default,Default,Default,Default,Default,DefaultJob,DocumentCount=100000,1,Workload,Result,13,506694942,2048,247409.64,24,1,0,50879
SimilarityBenchmarks.LuceneNet_JelinekMercer_TermQuery,Rowles.LeanCorpus.Benchmarks,SimilarityBenchmarks,LuceneNet_JelinekMercer_TermQuery,DefaultJob,Default,Default,Default,Default,Default,Default,Default,Default,Default,Default,Default,Default,Default,Default,Default,Default,Default,Default,Default,Default,Default,Default,Default,Default,Default,Default,Default,Default,Default,Default,Default,Default,Default,Default,Default,Default,Default,Default,Default,Default,Default,DefaultJob,DocumentCount=100000,1,Workload,Result,14,514427954,2048,251185.52,24,1,0,50879
SimilarityBenchmarks.LuceneNet_JelinekMercer_TermQuery,Rowles.LeanCorpus.Benchmarks,SimilarityBenchmarks,LuceneNet_JelinekMercer_TermQuery,DefaultJob,Default,Default,Default,Default,Default,Default,Default,Default,Default,Default,Default,Default,Default,Default,Default,Default,Default,Default,Default,Default,Default,Default,Default,Default,Default,Default,Default,Default,Default,Default,Default,Default,Default,Default,Default,Default,Default,Default,Default,Default,Default,DefaultJob,DocumentCount=100000,1,Workload,Result,15,508641566,2048,248360.14,24,1,0,50879
SimilarityBenchmarks.LeanCorpus_AbsoluteDiscounting_TermQuery,Rowles.LeanCorpus.Benchmarks,SimilarityBenchmarks,LeanCorpus_AbsoluteDiscounting_TermQuery,DefaultJob,Default,Default,Default,Default,Default,Default,Default,Default,Default,Default,Default,Default,Default,Default,Default,Default,Default,Default,Default,Default,Default,Default,Default,Default,Default,Default,Default,Default,Default,Default,Default,Default,Default,Default,Default,Default,Default,Default,Default,Default,Default,DefaultJob,DocumentCount=100000,1,Workload,Jitting,1,71597944,1,71597944,0,0,0,888
SimilarityBenchmarks.LeanCorpus_AbsoluteDiscounting_TermQuery,Rowles.LeanCorpus.Benchmarks,SimilarityBenchmarks,LeanCorpus_AbsoluteDiscounting_TermQuery,DefaultJob,Default,Default,Default,Default,Default,Default,Default,Default,Default,Default,Default,Default,Default,Default,Default,Default,Default,Default,Default,Default,Default,Default,Default,Default,Default,Default,Default,Default,Default,Default,Default,Default,Default,Default,Default,Default,Default,Default,Default,Default,Default,DefaultJob,DocumentCount=100000,1,Workload,Jitting,2,10378697,30,345956.57,0,0,0,888
SimilarityBenchmarks.LeanCorpus_AbsoluteDiscounting_TermQuery,Rowles.LeanCorpus.Benchmarks,SimilarityBenchmarks,LeanCorpus_AbsoluteDiscounting_TermQuery,DefaultJob,Default,Default,Default,Default,Default,Default,Default,Default,Default,Default,Default,Default,Default,Default,Default,Default,Default,Default,Default,Default,Default,Default,Default,Default,Default,Default,Default,Default,Default,Default,Default,Default,Default,Default,Default,Default,Default,Default,Default,Default,Default,DefaultJob,DocumentCount=100000,1,Workload,Jitting,3,9067498,30,302249.93,0,0,0,888
SimilarityBenchmarks.LeanCorpus_AbsoluteDiscounting_TermQuery,Rowles.LeanCorpus.Benchmarks,SimilarityBenchmarks,LeanCorpus_AbsoluteDiscounting_TermQuery,DefaultJob,Default,Default,Default,Default,Default,Default,Default,Default,Default,Default,Default,Default,Default,Default,Default,Default,Default,Default,Default,Default,Default,Default,Default,Default,Default,Default,Default,Default,Default,Default,Default,Default,Default,Default,Default,Default,Default,Default,Default,Default,Default,DefaultJob,DocumentCount=100000,1,Workload,Jitting,4,7078407,30,235946.9,0,0,0,888
SimilarityBenchmarks.LeanCorpus_AbsoluteDiscounting_TermQuery,Rowles.LeanCorpus.Benchmarks,SimilarityBenchmarks,LeanCorpus_AbsoluteDiscounting_TermQuery,DefaultJob,Default,Default,Default,Default,Default,Default,Default,Default,Default,Default,Default,Default,Default,Default,Default,Default,Default,Default,Default,Default,Default,Default,Default,Default,Default,Default,Default,Default,Default,Default,Default,Default,Default,Default,Default,Default,Default,Default,Default,Default,Default,DefaultJob,DocumentCount=100000,1,Workload,Jitting,5,464483,1,464483,0,0,0,888
SimilarityBenchmarks.LeanCorpus_AbsoluteDiscounting_TermQuery,Rowles.LeanCorpus.Benchmarks,SimilarityBenchmarks,LeanCorpus_AbsoluteDiscounting_TermQuery,DefaultJob,Default,Default,Default,Default,Default,Default,Default,Default,Default,Default,Default,Default,Default,Default,Default,Default,Default,Default,Default,Default,Default,Default,Default,Default,Default,Default,Default,Default,Default,Default,Default,Default,Default,Default,Default,Default,Default,Default,Default,Default,Default,DefaultJob,DocumentCount=100000,1,Workload,Pilot,1,456244,1,456244,0,0,0,888
SimilarityBenchmarks.LeanCorpus_AbsoluteDiscounting_TermQuery,Rowles.LeanCorpus.Benchmarks,SimilarityBenchmarks,LeanCorpus_AbsoluteDiscounting_TermQuery,DefaultJob,Default,Default,Default,Default,Default,Default,Default,Default,Default,Default,Default,Default,Default,Default,Default,Default,Default,Default,Default,Default,Default,Default,Default,Default,Default,Default,Default,Default,Default,Default,Default,Default,Default,Default,Default,Default,Default,Default,Default,Default,Default,DefaultJob,DocumentCount=100000,1,Workload,Pilot,1,6494604,16,405912.75,0,0,0,888
SimilarityBenchmarks.LeanCorpus_AbsoluteDiscounting_TermQuery,Rowles.LeanCorpus.Benchmarks,SimilarityBenchmarks,LeanCorpus_AbsoluteDiscounting_TermQuery,DefaultJob,Default,Default,Default,Default,Default,Default,Default,Default,Default,Default,Default,Default,Default,Default,Default,Default,Default,Default,Default,Default,Default,Default,Default,Default,Default,Default,Default,Default,Default,Default,Default,Default,Default,Default,Default,Default,Default,Default,Default,Default,Default,DefaultJob,DocumentCount=100000,1,Workload,Pilot,2,12939444,32,404357.63,0,0,0,888
SimilarityBenchmarks.LeanCorpus_AbsoluteDiscounting_TermQuery,Rowles.LeanCorpus.Benchmarks,SimilarityBenchmarks,LeanCorpus_AbsoluteDiscounting_TermQuery,DefaultJob,Default,Default,Default,Default,Default,Default,Default,Default,Default,Default,Default,Default,Default,Default,Default,Default,Default,Default,Default,Default,Default,Default,Default,Default,Default,Default,Default,Default,Default,Default,Default,Default,Default,Default,Default,Default,Default,Default,Default,Default,Default,DefaultJob,DocumentCount=100000,1,Workload,Pilot,3,21974353,64,343349.27,0,0,0,888
SimilarityBenchmarks.LeanCorpus_AbsoluteDiscounting_TermQuery,Rowles.LeanCorpus.Benchmarks,SimilarityBenchmarks,LeanCorpus_AbsoluteDiscounting_TermQuery,DefaultJob,Default,Default,Default,Default,Default,Default,Default,Default,Default,Default,Default,Default,Default,Default,Default,Default,Default,Default,Default,Default,Default,Default,Default,Default,Default,Default,Default,Default,Default,Default,Default,Default,Default,Default,Default,Default,Default,Default,Default,Default,Default,DefaultJob,DocumentCount=100000,1,Workload,Pilot,4,33458680,128,261395.94,0,0,0,888
SimilarityBenchmarks.LeanCorpus_AbsoluteDiscounting_TermQuery,Rowles.LeanCorpus.Benchmarks,SimilarityBenchmarks,LeanCorpus_AbsoluteDiscounting_TermQuery,DefaultJob,Default,Default,Default,Default,Default,Default,Default,Default,Default,Default,Default,Default,Default,Default,Default,Default,Default,Default,Default,Default,Default,Default,Default,Default,Default,Default,Default,Default,Default,Default,Default,Default,Default,Default,Default,Default,Default,Default,Default,Default,Default,DefaultJob,DocumentCount=100000,1,Workload,Pilot,5,50982010,256,199148.48,0,0,0,888
SimilarityBenchmarks.LeanCorpus_AbsoluteDiscounting_TermQuery,Rowles.LeanCorpus.Benchmarks,SimilarityBenchmarks,LeanCorpus_AbsoluteDiscounting_TermQuery,DefaultJob,Default,Default,Default,Default,Default,Default,Default,Default,Default,Default,Default,Default,Default,Default,Default,Default,Default,Default,Default,Default,Default,Default,Default,Default,Default,Default,Default,Default,Default,Default,Default,Default,Default,Default,Default,Default,Default,Default,Default,Default,Default,DefaultJob,DocumentCount=100000,1,Workload,Pilot,6,94250354,512,184082.72,0,0,0,888
SimilarityBenchmarks.LeanCorpus_AbsoluteDiscounting_TermQuery,Rowles.LeanCorpus.Benchmarks,SimilarityBenchmarks,LeanCorpus_AbsoluteDiscounting_TermQuery,DefaultJob,Default,Default,Default,Default,Default,Default,Default,Default,Default,Default,Default,Default,Default,Default,Default,Default,Default,Default,Default,Default,Default,Default,Default,Default,Default,Default,Default,Default,Default,Default,Default,Default,Default,Default,Default,Default,Default,Default,Default,Default,Default,DefaultJob,DocumentCount=100000,1,Workload,Pilot,7,187868717,1024,183465.54,0,0,0,888
SimilarityBenchmarks.LeanCorpus_AbsoluteDiscounting_TermQuery,Rowles.LeanCorpus.Benchmarks,SimilarityBenchmarks,LeanCorpus_AbsoluteDiscounting_TermQuery,DefaultJob,Default,Default,Default,Default,Default,Default,Default,Default,Default,Default,Default,Default,Default,Default,Default,Default,Default,Default,Default,Default,Default,Default,Default,Default,Default,Default,Default,Default,Default,Default,Default,Default,Default,Default,Default,Default,Default,Default,Default,Default,Default,DefaultJob,DocumentCount=100000,1,Workload,Pilot,8,370032361,2048,180679.86,0,0,0,888
SimilarityBenchmarks.LeanCorpus_AbsoluteDiscounting_TermQuery,Rowles.LeanCorpus.Benchmarks,SimilarityBenchmarks,LeanCorpus_AbsoluteDiscounting_TermQuery,DefaultJob,Default,Default,Default,Default,Default,Default,Default,Default,Default,Default,Default,Default,Default,Default,Default,Default,Default,Default,Default,Default,Default,Default,Default,Default,Default,Default,Default,Default,Default,Default,Default,Default,Default,Default,Default,Default,Default,Default,Default,Default,Default,DefaultJob,DocumentCount=100000,1,Workload,Pilot,9,744336529,4096,181722.79,0,0,0,888
SimilarityBenchmarks.LeanCorpus_AbsoluteDiscounting_TermQuery,Rowles.LeanCorpus.Benchmarks,SimilarityBenchmarks,LeanCorpus_AbsoluteDiscounting_TermQuery,DefaultJob,Default,Default,Default,Default,Default,Default,Default,Default,Default,Default,Default,Default,Default,Default,Default,Default,Default,Default,Default,Default,Default,Default,Default,Default,Default,Default,Default,Default,Default,Default,Default,Default,Default,Default,Default,Default,Default,Default,Default,Default,Default,DefaultJob,DocumentCount=100000,1,Workload,Warmup,1,746540107,4096,182260.77,0,0,0,888
SimilarityBenchmarks.LeanCorpus_AbsoluteDiscounting_TermQuery,Rowles.LeanCorpus.Benchmarks,SimilarityBenchmarks,LeanCorpus_AbsoluteDiscounting_TermQuery,DefaultJob,Default,Default,Default,Default,Default,Default,Default,Default,Default,Default,Default,Default,Default,Default,Default,Default,Default,Default,Default,Default,Default,Default,Default,Default,Default,Default,Default,Default,Default,Default,Default,Default,Default,Default,Default,Default,Default,Default,Default,Default,Default,DefaultJob,DocumentCount=100000,1,Workload,Warmup,2,747805538,4096,182569.71,0,0,0,888
SimilarityBenchmarks.LeanCorpus_AbsoluteDiscounting_TermQuery,Rowles.LeanCorpus.Benchmarks,SimilarityBenchmarks,LeanCorpus_AbsoluteDiscounting_TermQuery,DefaultJob,Default,Default,Default,Default,Default,Default,Default,Default,Default,Default,Default,Default,Default,Default,Default,Default,Default,Default,Default,Default,Default,Default,Default,Default,Default,Default,Default,Default,Default,Default,Default,Default,Default,Default,Default,Default,Default,Default,Default,Default,Default,DefaultJob,DocumentCount=100000,1,Workload,Warmup,3,746287016,4096,182198.98,0,0,0,888
SimilarityBenchmarks.LeanCorpus_AbsoluteDiscounting_TermQuery,Rowles.LeanCorpus.Benchmarks,SimilarityBenchmarks,LeanCorpus_AbsoluteDiscounting_TermQuery,DefaultJob,Default,Default,Default,Default,Default,Default,Default,Default,Default,Default,Default,Default,Default,Default,Default,Default,Default,Default,Default,Default,Default,Default,Default,Default,Default,Default,Default,Default,Default,Default,Default,Default,Default,Default,Default,Default,Default,Default,Default,Default,Default,DefaultJob,DocumentCount=100000,1,Workload,Warmup,4,745498819,4096,182006.55,0,0,0,888
SimilarityBenchmarks.LeanCorpus_AbsoluteDiscounting_TermQuery,Rowles.LeanCorpus.Benchmarks,SimilarityBenchmarks,LeanCorpus_AbsoluteDiscounting_TermQuery,DefaultJob,Default,Default,Default,Default,Default,Default,Default,Default,Default,Default,Default,Default,Default,Default,Default,Default,Default,Default,Default,Default,Default,Default,Default,Default,Default,Default,Default,Default,Default,Default,Default,Default,Default,Default,Default,Default,Default,Default,Default,Default,Default,DefaultJob,DocumentCount=100000,1,Workload,Warmup,5,743535185,4096,181527.14,0,0,0,888
SimilarityBenchmarks.LeanCorpus_AbsoluteDiscounting_TermQuery,Rowles.LeanCorpus.Benchmarks,SimilarityBenchmarks,LeanCorpus_AbsoluteDiscounting_TermQuery,DefaultJob,Default,Default,Default,Default,Default,Default,Default,Default,Default,Default,Default,Default,Default,Default,Default,Default,Default,Default,Default,Default,Default,Default,Default,Default,Default,Default,Default,Default,Default,Default,Default,Default,Default,Default,Default,Default,Default,Default,Default,Default,Default,DefaultJob,DocumentCount=100000,1,Workload,Warmup,6,737304904,4096,180006.08,0,0,0,888
SimilarityBenchmarks.LeanCorpus_AbsoluteDiscounting_TermQuery,Rowles.LeanCorpus.Benchmarks,SimilarityBenchmarks,LeanCorpus_AbsoluteDiscounting_TermQuery,DefaultJob,Default,Default,Default,Default,Default,Default,Default,Default,Default,Default,Default,Default,Default,Default,Default,Default,Default,Default,Default,Default,Default,Default,Default,Default,Default,Default,Default,Default,Default,Default,Default,Default,Default,Default,Default,Default,Default,Default,Default,Default,Default,DefaultJob,DocumentCount=100000,1,Workload,Warmup,7,737908925,4096,180153.55,0,0,0,888
SimilarityBenchmarks.LeanCorpus_AbsoluteDiscounting_TermQuery,Rowles.LeanCorpus.Benchmarks,SimilarityBenchmarks,LeanCorpus_AbsoluteDiscounting_TermQuery,DefaultJob,Default,Default,Default,Default,Default,Default,Default,Default,Default,Default,Default,Default,Default,Default,Default,Default,Default,Default,Default,Default,Default,Default,Default,Default,Default,Default,Default,Default,Default,Default,Default,Default,Default,Default,Default,Default,Default,Default,Default,Default,Default,DefaultJob,DocumentCount=100000,1,Workload,Warmup,8,745205089,4096,181934.84,0,0,0,888
SimilarityBenchmarks.LeanCorpus_AbsoluteDiscounting_TermQuery,Rowles.LeanCorpus.Benchmarks,SimilarityBenchmarks,LeanCorpus_AbsoluteDiscounting_TermQuery,DefaultJob,Default,Default,Default,Default,Default,Default,Default,Default,Default,Default,Default,Default,Default,Default,Default,Default,Default,Default,Default,Default,Default,Default,Default,Default,Default,Default,Default,Default,Default,Default,Default,Default,Default,Default,Default,Default,Default,Default,Default,Default,Default,DefaultJob,DocumentCount=100000,1,Workload,Warmup,9,747059943,4096,182387.68,0,0,0,888
SimilarityBenchmarks.LeanCorpus_AbsoluteDiscounting_TermQuery,Rowles.LeanCorpus.Benchmarks,SimilarityBenchmarks,LeanCorpus_AbsoluteDiscounting_TermQuery,DefaultJob,Default,Default,Default,Default,Default,Default,Default,Default,Default,Default,Default,Default,Default,Default,Default,Default,Default,Default,Default,Default,Default,Default,Default,Default,Default,Default,Default,Default,Default,Default,Default,Default,Default,Default,Default,Default,Default,Default,Default,Default,Default,DefaultJob,DocumentCount=100000,1,Workload,Warmup,10,747008744,4096,182375.18,0,0,0,888
SimilarityBenchmarks.LeanCorpus_AbsoluteDiscounting_TermQuery,Rowles.LeanCorpus.Benchmarks,SimilarityBenchmarks,LeanCorpus_AbsoluteDiscounting_TermQuery,DefaultJob,Default,Default,Default,Default,Default,Default,Default,Default,Default,Default,Default,Default,Default,Default,Default,Default,Default,Default,Default,Default,Default,Default,Default,Default,Default,Default,Default,Default,Default,Default,Default,Default,Default,Default,Default,Default,Default,Default,Default,Default,Default,DefaultJob,DocumentCount=100000,1,Workload,Actual,1,747392448,4096,182468.86,0,0,0,888
SimilarityBenchmarks.LeanCorpus_AbsoluteDiscounting_TermQuery,Rowles.LeanCorpus.Benchmarks,SimilarityBenchmarks,LeanCorpus_AbsoluteDiscounting_TermQuery,DefaultJob,Default,Default,Default,Default,Default,Default,Default,Default,Default,Default,Default,Default,Default,Default,Default,Default,Default,Default,Default,Default,Default,Default,Default,Default,Default,Default,Default,Default,Default,Default,Default,Default,Default,Default,Default,Default,Default,Default,Default,Default,Default,DefaultJob,DocumentCount=100000,1,Workload,Actual,2,746458868,4096,182240.93,0,0,0,888
SimilarityBenchmarks.LeanCorpus_AbsoluteDiscounting_TermQuery,Rowles.LeanCorpus.Benchmarks,SimilarityBenchmarks,LeanCorpus_AbsoluteDiscounting_TermQuery,DefaultJob,Default,Default,Default,Default,Default,Default,Default,Default,Default,Default,Default,Default,Default,Default,Default,Default,Default,Default,Default,Default,Default,Default,Default,Default,Default,Default,Default,Default,Default,Default,Default,Default,Default,Default,Default,Default,Default,Default,Default,Default,Default,DefaultJob,DocumentCount=100000,1,Workload,Actual,3,744547056,4096,181774.18,0,0,0,888
SimilarityBenchmarks.LeanCorpus_AbsoluteDiscounting_TermQuery,Rowles.LeanCorpus.Benchmarks,SimilarityBenchmarks,LeanCorpus_AbsoluteDiscounting_TermQuery,DefaultJob,Default,Default,Default,Default,Default,Default,Default,Default,Default,Default,Default,Default,Default,Default,Default,Default,Default,Default,Default,Default,Default,Default,Default,Default,Default,Default,Default,Default,Default,Default,Default,Default,Default,Default,Default,Default,Default,Default,Default,Default,Default,DefaultJob,DocumentCount=100000,1,Workload,Actual,4,746126193,4096,182159.72,0,0,0,888
SimilarityBenchmarks.LeanCorpus_AbsoluteDiscounting_TermQuery,Rowles.LeanCorpus.Benchmarks,SimilarityBenchmarks,LeanCorpus_AbsoluteDiscounting_TermQuery,DefaultJob,Default,Default,Default,Default,Default,Default,Default,Default,Default,Default,Default,Default,Default,Default,Default,Default,Default,Default,Default,Default,Default,Default,Default,Default,Default,Default,Default,Default,Default,Default,Default,Default,Default,Default,Default,Default,Default,Default,Default,Default,Default,DefaultJob,DocumentCount=100000,1,Workload,Actual,5,745293784,4096,181956.49,0,0,0,888
SimilarityBenchmarks.LeanCorpus_AbsoluteDiscounting_TermQuery,Rowles.LeanCorpus.Benchmarks,SimilarityBenchmarks,LeanCorpus_AbsoluteDiscounting_TermQuery,DefaultJob,Default,Default,Default,Default,Default,Default,Default,Default,Default,Default,Default,Default,Default,Default,Default,Default,Default,Default,Default,Default,Default,Default,Default,Default,Default,Default,Default,Default,Default,Default,Default,Default,Default,Default,Default,Default,Default,Default,Default,Default,Default,DefaultJob,DocumentCount=100000,1,Workload,Actual,6,746850938,4096,182336.65,0,0,0,888
SimilarityBenchmarks.LeanCorpus_AbsoluteDiscounting_TermQuery,Rowles.LeanCorpus.Benchmarks,SimilarityBenchmarks,LeanCorpus_AbsoluteDiscounting_TermQuery,DefaultJob,Default,Default,Default,Default,Default,Default,Default,Default,Default,Default,Default,Default,Default,Default,Default,Default,Default,Default,Default,Default,Default,Default,Default,Default,Default,Default,Default,Default,Default,Default,Default,Default,Default,Default,Default,Default,Default,Default,Default,Default,Default,DefaultJob,DocumentCount=100000,1,Workload,Actual,7,747565360,4096,182511.07,0,0,0,888
SimilarityBenchmarks.LeanCorpus_AbsoluteDiscounting_TermQuery,Rowles.LeanCorpus.Benchmarks,SimilarityBenchmarks,LeanCorpus_AbsoluteDiscounting_TermQuery,DefaultJob,Default,Default,Default,Default,Default,Default,Default,Default,Default,Default,Default,Default,Default,Default,Default,Default,Default,Default,Default,Default,Default,Default,Default,Default,Default,Default,Default,Default,Default,Default,Default,Default,Default,Default,Default,Default,Default,Default,Default,Default,Default,DefaultJob,DocumentCount=100000,1,Workload,Actual,8,746515915,4096,182254.86,0,0,0,888
SimilarityBenchmarks.LeanCorpus_AbsoluteDiscounting_TermQuery,Rowles.LeanCorpus.Benchmarks,SimilarityBenchmarks,LeanCorpus_AbsoluteDiscounting_TermQuery,DefaultJob,Default,Default,Default,Default,Default,Default,Default,Default,Default,Default,Default,Default,Default,Default,Default,Default,Default,Default,Default,Default,Default,Default,Default,Default,Default,Default,Default,Default,Default,Default,Default,Default,Default,Default,Default,Default,Default,Default,Default,Default,Default,DefaultJob,DocumentCount=100000,1,Workload,Actual,9,747935182,4096,182601.36,0,0,0,888
SimilarityBenchmarks.LeanCorpus_AbsoluteDiscounting_TermQuery,Rowles.LeanCorpus.Benchmarks,SimilarityBenchmarks,LeanCorpus_AbsoluteDiscounting_TermQuery,DefaultJob,Default,Default,Default,Default,Default,Default,Default,Default,Default,Default,Default,Default,Default,Default,Default,Default,Default,Default,Default,Default,Default,Default,Default,Default,Default,Default,Default,Default,Default,Default,Default,Default,Default,Default,Default,Default,Default,Default,Default,Default,Default,DefaultJob,DocumentCount=100000,1,Workload,Actual,10,747048120,4096,182384.79,0,0,0,888
SimilarityBenchmarks.LeanCorpus_AbsoluteDiscounting_TermQuery,Rowles.LeanCorpus.Benchmarks,SimilarityBenchmarks,LeanCorpus_AbsoluteDiscounting_TermQuery,DefaultJob,Default,Default,Default,Default,Default,Default,Default,Default,Default,Default,Default,Default,Default,Default,Default,Default,Default,Default,Default,Default,Default,Default,Default,Default,Default,Default,Default,Default,Default,Default,Default,Default,Default,Default,Default,Default,Default,Default,Default,Default,Default,DefaultJob,DocumentCount=100000,1,Workload,Actual,11,745856194,4096,182093.8,0,0,0,888
SimilarityBenchmarks.LeanCorpus_AbsoluteDiscounting_TermQuery,Rowles.LeanCorpus.Benchmarks,SimilarityBenchmarks,LeanCorpus_AbsoluteDiscounting_TermQuery,DefaultJob,Default,Default,Default,Default,Default,Default,Default,Default,Default,Default,Default,Default,Default,Default,Default,Default,Default,Default,Default,Default,Default,Default,Default,Default,Default,Default,Default,Default,Default,Default,Default,Default,Default,Default,Default,Default,Default,Default,Default,Default,Default,DefaultJob,DocumentCount=100000,1,Workload,Actual,12,746718959,4096,182304.43,0,0,0,888
SimilarityBenchmarks.LeanCorpus_AbsoluteDiscounting_TermQuery,Rowles.LeanCorpus.Benchmarks,SimilarityBenchmarks,LeanCorpus_AbsoluteDiscounting_TermQuery,DefaultJob,Default,Default,Default,Default,Default,Default,Default,Default,Default,Default,Default,Default,Default,Default,Default,Default,Default,Default,Default,Default,Default,Default,Default,Default,Default,Default,Default,Default,Default,Default,Default,Default,Default,Default,Default,Default,Default,Default,Default,Default,Default,DefaultJob,DocumentCount=100000,1,Workload,Actual,13,746221243,4096,182182.92,0,0,0,888
SimilarityBenchmarks.LeanCorpus_AbsoluteDiscounting_TermQuery,Rowles.LeanCorpus.Benchmarks,SimilarityBenchmarks,LeanCorpus_AbsoluteDiscounting_TermQuery,DefaultJob,Default,Default,Default,Default,Default,Default,Default,Default,Default,Default,Default,Default,Default,Default,Default,Default,Default,Default,Default,Default,Default,Default,Default,Default,Default,Default,Default,Default,Default,Default,Default,Default,Default,Default,Default,Default,Default,Default,Default,Default,Default,DefaultJob,DocumentCount=100000,1,Workload,Actual,14,749294540,4096,182933.24,0,0,0,888
SimilarityBenchmarks.LeanCorpus_AbsoluteDiscounting_TermQuery,Rowles.LeanCorpus.Benchmarks,SimilarityBenchmarks,LeanCorpus_AbsoluteDiscounting_TermQuery,DefaultJob,Default,Default,Default,Default,Default,Default,Default,Default,Default,Default,Default,Default,Default,Default,Default,Default,Default,Default,Default,Default,Default,Default,Default,Default,Default,Default,Default,Default,Default,Default,Default,Default,Default,Default,Default,Default,Default,Default,Default,Default,Default,DefaultJob,DocumentCount=100000,1,Workload,Actual,15,750439128,4096,183212.68,0,0,0,888
SimilarityBenchmarks.LeanCorpus_AbsoluteDiscounting_TermQuery,Rowles.LeanCorpus.Benchmarks,SimilarityBenchmarks,LeanCorpus_AbsoluteDiscounting_TermQuery,DefaultJob,Default,Default,Default,Default,Default,Default,Default,Default,Default,Default,Default,Default,Default,Default,Default,Default,Default,Default,Default,Default,Default,Default,Default,Default,Default,Default,Default,Default,Default,Default,Default,Default,Default,Default,Default,Default,Default,Default,Default,Default,Default,DefaultJob,DocumentCount=100000,1,Workload,Extra,1,736314655,4096,179764.32,0,0,0,888
SimilarityBenchmarks.LeanCorpus_AbsoluteDiscounting_TermQuery,Rowles.LeanCorpus.Benchmarks,SimilarityBenchmarks,LeanCorpus_AbsoluteDiscounting_TermQuery,DefaultJob,Default,Default,Default,Default,Default,Default,Default,Default,Default,Default,Default,Default,Default,Default,Default,Default,Default,Default,Default,Default,Default,Default,Default,Default,Default,Default,Default,Default,Default,Default,Default,Default,Default,Default,Default,Default,Default,Default,Default,Default,Default,DefaultJob,DocumentCount=100000,1,Workload,Result,1,747392448,4096,182468.86,0,0,0,888
SimilarityBenchmarks.LeanCorpus_AbsoluteDiscounting_TermQuery,Rowles.LeanCorpus.Benchmarks,SimilarityBenchmarks,LeanCorpus_AbsoluteDiscounting_TermQuery,DefaultJob,Default,Default,Default,Default,Default,Default,Default,Default,Default,Default,Default,Default,Default,Default,Default,Default,Default,Default,Default,Default,Default,Default,Default,Default,Default,Default,Default,Default,Default,Default,Default,Default,Default,Default,Default,Default,Default,Default,Default,Default,Default,DefaultJob,DocumentCount=100000,1,Workload,Result,2,746458868,4096,182240.93,0,0,0,888
SimilarityBenchmarks.LeanCorpus_AbsoluteDiscounting_TermQuery,Rowles.LeanCorpus.Benchmarks,SimilarityBenchmarks,LeanCorpus_AbsoluteDiscounting_TermQuery,DefaultJob,Default,Default,Default,Default,Default,Default,Default,Default,Default,Default,Default,Default,Default,Default,Default,Default,Default,Default,Default,Default,Default,Default,Default,Default,Default,Default,Default,Default,Default,Default,Default,Default,Default,Default,Default,Default,Default,Default,Default,Default,Default,DefaultJob,DocumentCount=100000,1,Workload,Result,3,744547056,4096,181774.18,0,0,0,888
SimilarityBenchmarks.LeanCorpus_AbsoluteDiscounting_TermQuery,Rowles.LeanCorpus.Benchmarks,SimilarityBenchmarks,LeanCorpus_AbsoluteDiscounting_TermQuery,DefaultJob,Default,Default,Default,Default,Default,Default,Default,Default,Default,Default,Default,Default,Default,Default,Default,Default,Default,Default,Default,Default,Default,Default,Default,Default,Default,Default,Default,Default,Default,Default,Default,Default,Default,Default,Default,Default,Default,Default,Default,Default,Default,DefaultJob,DocumentCount=100000,1,Workload,Result,4,746126193,4096,182159.72,0,0,0,888
SimilarityBenchmarks.LeanCorpus_AbsoluteDiscounting_TermQuery,Rowles.LeanCorpus.Benchmarks,SimilarityBenchmarks,LeanCorpus_AbsoluteDiscounting_TermQuery,DefaultJob,Default,Default,Default,Default,Default,Default,Default,Default,Default,Default,Default,Default,Default,Default,Default,Default,Default,Default,Default,Default,Default,Default,Default,Default,Default,Default,Default,Default,Default,Default,Default,Default,Default,Default,Default,Default,Default,Default,Default,Default,Default,DefaultJob,DocumentCount=100000,1,Workload,Result,5,745293784,4096,181956.49,0,0,0,888
SimilarityBenchmarks.LeanCorpus_AbsoluteDiscounting_TermQuery,Rowles.LeanCorpus.Benchmarks,SimilarityBenchmarks,LeanCorpus_AbsoluteDiscounting_TermQuery,DefaultJob,Default,Default,Default,Default,Default,Default,Default,Default,Default,Default,Default,Default,Default,Default,Default,Default,Default,Default,Default,Default,Default,Default,Default,Default,Default,Default,Default,Default,Default,Default,Default,Default,Default,Default,Default,Default,Default,Default,Default,Default,Default,DefaultJob,DocumentCount=100000,1,Workload,Result,6,746850938,4096,182336.65,0,0,0,888
SimilarityBenchmarks.LeanCorpus_AbsoluteDiscounting_TermQuery,Rowles.LeanCorpus.Benchmarks,SimilarityBenchmarks,LeanCorpus_AbsoluteDiscounting_TermQuery,DefaultJob,Default,Default,Default,Default,Default,Default,Default,Default,Default,Default,Default,Default,Default,Default,Default,Default,Default,Default,Default,Default,Default,Default,Default,Default,Default,Default,Default,Default,Default,Default,Default,Default,Default,Default,Default,Default,Default,Default,Default,Default,Default,DefaultJob,DocumentCount=100000,1,Workload,Result,7,747565360,4096,182511.07,0,0,0,888
SimilarityBenchmarks.LeanCorpus_AbsoluteDiscounting_TermQuery,Rowles.LeanCorpus.Benchmarks,SimilarityBenchmarks,LeanCorpus_AbsoluteDiscounting_TermQuery,DefaultJob,Default,Default,Default,Default,Default,Default,Default,Default,Default,Default,Default,Default,Default,Default,Default,Default,Default,Default,Default,Default,Default,Default,Default,Default,Default,Default,Default,Default,Default,Default,Default,Default,Default,Default,Default,Default,Default,Default,Default,Default,Default,DefaultJob,DocumentCount=100000,1,Workload,Result,8,746515915,4096,182254.86,0,0,0,888
SimilarityBenchmarks.LeanCorpus_AbsoluteDiscounting_TermQuery,Rowles.LeanCorpus.Benchmarks,SimilarityBenchmarks,LeanCorpus_AbsoluteDiscounting_TermQuery,DefaultJob,Default,Default,Default,Default,Default,Default,Default,Default,Default,Default,Default,Default,Default,Default,Default,Default,Default,Default,Default,Default,Default,Default,Default,Default,Default,Default,Default,Default,Default,Default,Default,Default,Default,Default,Default,Default,Default,Default,Default,Default,Default,DefaultJob,DocumentCount=100000,1,Workload,Result,9,747935182,4096,182601.36,0,0,0,888
SimilarityBenchmarks.LeanCorpus_AbsoluteDiscounting_TermQuery,Rowles.LeanCorpus.Benchmarks,SimilarityBenchmarks,LeanCorpus_AbsoluteDiscounting_TermQuery,DefaultJob,Default,Default,Default,Default,Default,Default,Default,Default,Default,Default,Default,Default,Default,Default,Default,Default,Default,Default,Default,Default,Default,Default,Default,Default,Default,Default,Default,Default,Default,Default,Default,Default,Default,Default,Default,Default,Default,Default,Default,Default,Default,DefaultJob,DocumentCount=100000,1,Workload,Result,10,747048120,4096,182384.79,0,0,0,888
SimilarityBenchmarks.LeanCorpus_AbsoluteDiscounting_TermQuery,Rowles.LeanCorpus.Benchmarks,SimilarityBenchmarks,LeanCorpus_AbsoluteDiscounting_TermQuery,DefaultJob,Default,Default,Default,Default,Default,Default,Default,Default,Default,Default,Default,Default,Default,Default,Default,Default,Default,Default,Default,Default,Default,Default,Default,Default,Default,Default,Default,Default,Default,Default,Default,Default,Default,Default,Default,Default,Default,Default,Default,Default,Default,DefaultJob,DocumentCount=100000,1,Workload,Result,11,745856194,4096,182093.8,0,0,0,888
SimilarityBenchmarks.LeanCorpus_AbsoluteDiscounting_TermQuery,Rowles.LeanCorpus.Benchmarks,SimilarityBenchmarks,LeanCorpus_AbsoluteDiscounting_TermQuery,DefaultJob,Default,Default,Default,Default,Default,Default,Default,Default,Default,Default,Default,Default,Default,Default,Default,Default,Default,Default,Default,Default,Default,Default,Default,Default,Default,Default,Default,Default,Default,Default,Default,Default,Default,Default,Default,Default,Default,Default,Default,Default,Default,DefaultJob,DocumentCount=100000,1,Workload,Result,12,746718959,4096,182304.43,0,0,0,888
SimilarityBenchmarks.LeanCorpus_AbsoluteDiscounting_TermQuery,Rowles.LeanCorpus.Benchmarks,SimilarityBenchmarks,LeanCorpus_AbsoluteDiscounting_TermQuery,DefaultJob,Default,Default,Default,Default,Default,Default,Default,Default,Default,Default,Default,Default,Default,Default,Default,Default,Default,Default,Default,Default,Default,Default,Default,Default,Default,Default,Default,Default,Default,Default,Default,Default,Default,Default,Default,Default,Default,Default,Default,Default,Default,DefaultJob,DocumentCount=100000,1,Workload,Result,13,746221243,4096,182182.92,0,0,0,888
SimilarityBenchmarks.LeanCorpus_AbsoluteDiscounting_TermQuery,Rowles.LeanCorpus.Benchmarks,SimilarityBenchmarks,LeanCorpus_AbsoluteDiscounting_TermQuery,DefaultJob,Default,Default,Default,Default,Default,Default,Default,Default,Default,Default,Default,Default,Default,Default,Default,Default,Default,Default,Default,Default,Default,Default,Default,Default,Default,Default,Default,Default,Default,Default,Default,Default,Default,Default,Default,Default,Default,Default,Default,Default,Default,DefaultJob,DocumentCount=100000,1,Workload,Result,14,749294540,4096,182933.24,0,0,0,888
SimilarityBenchmarks.LeanCorpus_Dirichlet_BooleanQuery,Rowles.LeanCorpus.Benchmarks,SimilarityBenchmarks,LeanCorpus_Dirichlet_BooleanQuery,DefaultJob,Default,Default,Default,Default,Default,Default,Default,Default,Default,Default,Default,Default,Default,Default,Default,Default,Default,Default,Default,Default,Default,Default,Default,Default,Default,Default,Default,Default,Default,Default,Default,Default,Default,Default,Default,Default,Default,Default,Default,Default,Default,DefaultJob,DocumentCount=100000,1,Workload,Jitting,1,87292475,1,87292475,8,0,0,16596
SimilarityBenchmarks.LeanCorpus_Dirichlet_BooleanQuery,Rowles.LeanCorpus.Benchmarks,SimilarityBenchmarks,LeanCorpus_Dirichlet_BooleanQuery,DefaultJob,Default,Default,Default,Default,Default,Default,Default,Default,Default,Default,Default,Default,Default,Default,Default,Default,Default,Default,Default,Default,Default,Default,Default,Default,Default,Default,Default,Default,Default,Default,Default,Default,Default,Default,Default,Default,Default,Default,Default,Default,Default,DefaultJob,DocumentCount=100000,1,Workload,Jitting,2,38746874,30,1291562.47,8,0,0,16596
SimilarityBenchmarks.LeanCorpus_Dirichlet_BooleanQuery,Rowles.LeanCorpus.Benchmarks,SimilarityBenchmarks,LeanCorpus_Dirichlet_BooleanQuery,DefaultJob,Default,Default,Default,Default,Default,Default,Default,Default,Default,Default,Default,Default,Default,Default,Default,Default,Default,Default,Default,Default,Default,Default,Default,Default,Default,Default,Default,Default,Default,Default,Default,Default,Default,Default,Default,Default,Default,Default,Default,Default,Default,DefaultJob,DocumentCount=100000,1,Workload,Jitting,3,30600291,30,1020009.7,8,0,0,16596
SimilarityBenchmarks.LeanCorpus_Dirichlet_BooleanQuery,Rowles.LeanCorpus.Benchmarks,SimilarityBenchmarks,LeanCorpus_Dirichlet_BooleanQuery,DefaultJob,Default,Default,Default,Default,Default,Default,Default,Default,Default,Default,Default,Default,Default,Default,Default,Default,Default,Default,Default,Default,Default,Default,Default,Default,Default,Default,Default,Default,Default,Default,Default,Default,Default,Default,Default,Default,Default,Default,Default,Default,Default,DefaultJob,DocumentCount=100000,1,Workload,Jitting,4,15979842,30,532661.4,8,0,0,16596
SimilarityBenchmarks.LeanCorpus_Dirichlet_BooleanQuery,Rowles.LeanCorpus.Benchmarks,SimilarityBenchmarks,LeanCorpus_Dirichlet_BooleanQuery,DefaultJob,Default,Default,Default,Default,Default,Default,Default,Default,Default,Default,Default,Default,Default,Default,Default,Default,Default,Default,Default,Default,Default,Default,Default,Default,Default,Default,Default,Default,Default,Default,Default,Default,Default,Default,Default,Default,Default,Default,Default,Default,Default,DefaultJob,DocumentCount=100000,1,Workload,Jitting,5,579320,1,579320,8,0,0,16596
SimilarityBenchmarks.LeanCorpus_Dirichlet_BooleanQuery,Rowles.LeanCorpus.Benchmarks,SimilarityBenchmarks,LeanCorpus_Dirichlet_BooleanQuery,DefaultJob,Default,Default,Default,Default,Default,Default,Default,Default,Default,Default,Default,Default,Default,Default,Default,Default,Default,Default,Default,Default,Default,Default,Default,Default,Default,Default,Default,Default,Default,Default,Default,Default,Default,Default,Default,Default,Default,Default,Default,Default,Default,DefaultJob,DocumentCount=100000,1,Workload,Pilot,1,849517,1,849517,8,0,0,16596
SimilarityBenchmarks.LeanCorpus_Dirichlet_BooleanQuery,Rowles.LeanCorpus.Benchmarks,SimilarityBenchmarks,LeanCorpus_Dirichlet_BooleanQuery,DefaultJob,Default,Default,Default,Default,Default,Default,Default,Default,Default,Default,Default,Default,Default,Default,Default,Default,Default,Default,Default,Default,Default,Default,Default,Default,Default,Default,Default,Default,Default,Default,Default,Default,Default,Default,Default,Default,Default,Default,Default,Default,Default,DefaultJob,DocumentCount=100000,1,Workload,Pilot,1,14835705,16,927231.56,8,0,0,16596
SimilarityBenchmarks.LeanCorpus_Dirichlet_BooleanQuery,Rowles.LeanCorpus.Benchmarks,SimilarityBenchmarks,LeanCorpus_Dirichlet_BooleanQuery,DefaultJob,Default,Default,Default,Default,Default,Default,Default,Default,Default,Default,Default,Default,Default,Default,Default,Default,Default,Default,Default,Default,Default,Default,Default,Default,Default,Default,Default,Default,Default,Default,Default,Default,Default,Default,Default,Default,Default,Default,Default,Default,Default,DefaultJob,DocumentCount=100000,1,Workload,Pilot,2,23726696,32,741459.25,8,0,0,16596
SimilarityBenchmarks.LeanCorpus_Dirichlet_BooleanQuery,Rowles.LeanCorpus.Benchmarks,SimilarityBenchmarks,LeanCorpus_Dirichlet_BooleanQuery,DefaultJob,Default,Default,Default,Default,Default,Default,Default,Default,Default,Default,Default,Default,Default,Default,Default,Default,Default,Default,Default,Default,Default,Default,Default,Default,Default,Default,Default,Default,Default,Default,Default,Default,Default,Default,Default,Default,Default,Default,Default,Default,Default,DefaultJob,DocumentCount=100000,1,Workload,Pilot,3,33769422,64,527647.22,8,0,0,16596
SimilarityBenchmarks.LeanCorpus_Dirichlet_BooleanQuery,Rowles.LeanCorpus.Benchmarks,SimilarityBenchmarks,LeanCorpus_Dirichlet_BooleanQuery,DefaultJob,Default,Default,Default,Default,Default,Default,Default,Default,Default,Default,Default,Default,Default,Default,Default,Default,Default,Default,Default,Default,Default,Default,Default,Default,Default,Default,Default,Default,Default,Default,Default,Default,Default,Default,Default,Default,Default,Default,Default,Default,Default,DefaultJob,DocumentCount=100000,1,Workload,Pilot,4,53537461,128,418261.41,8,0,0,16596
SimilarityBenchmarks.LeanCorpus_Dirichlet_BooleanQuery,Rowles.LeanCorpus.Benchmarks,SimilarityBenchmarks,LeanCorpus_Dirichlet_BooleanQuery,DefaultJob,Default,Default,Default,Default,Default,Default,Default,Default,Default,Default,Default,Default,Default,Default,Default,Default,Default,Default,Default,Default,Default,Default,Default,Default,Default,Default,Default,Default,Default,Default,Default,Default,Default,Default,Default,Default,Default,Default,Default,Default,Default,DefaultJob,DocumentCount=100000,1,Workload,Pilot,5,113315135,256,442637.25,8,0,0,16596
SimilarityBenchmarks.LeanCorpus_Dirichlet_BooleanQuery,Rowles.LeanCorpus.Benchmarks,SimilarityBenchmarks,LeanCorpus_Dirichlet_BooleanQuery,DefaultJob,Default,Default,Default,Default,Default,Default,Default,Default,Default,Default,Default,Default,Default,Default,Default,Default,Default,Default,Default,Default,Default,Default,Default,Default,Default,Default,Default,Default,Default,Default,Default,Default,Default,Default,Default,Default,Default,Default,Default,Default,Default,DefaultJob,DocumentCount=100000,1,Workload,Pilot,6,209955254,512,410068.86,8,0,0,16596
SimilarityBenchmarks.LeanCorpus_Dirichlet_BooleanQuery,Rowles.LeanCorpus.Benchmarks,SimilarityBenchmarks,LeanCorpus_Dirichlet_BooleanQuery,DefaultJob,Default,Default,Default,Default,Default,Default,Default,Default,Default,Default,Default,Default,Default,Default,Default,Default,Default,Default,Default,Default,Default,Default,Default,Default,Default,Default,Default,Default,Default,Default,Default,Default,Default,Default,Default,Default,Default,Default,Default,Default,Default,DefaultJob,DocumentCount=100000,1,Workload,Pilot,7,426080641,1024,416094.38,8,0,0,16596
SimilarityBenchmarks.LeanCorpus_Dirichlet_BooleanQuery,Rowles.LeanCorpus.Benchmarks,SimilarityBenchmarks,LeanCorpus_Dirichlet_BooleanQuery,DefaultJob,Default,Default,Default,Default,Default,Default,Default,Default,Default,Default,Default,Default,Default,Default,Default,Default,Default,Default,Default,Default,Default,Default,Default,Default,Default,Default,Default,Default,Default,Default,Default,Default,Default,Default,Default,Default,Default,Default,Default,Default,Default,DefaultJob,DocumentCount=100000,1,Workload,Pilot,8,854116054,2048,417048.85,8,0,0,16596
SimilarityBenchmarks.LeanCorpus_Dirichlet_BooleanQuery,Rowles.LeanCorpus.Benchmarks,SimilarityBenchmarks,LeanCorpus_Dirichlet_BooleanQuery,DefaultJob,Default,Default,Default,Default,Default,Default,Default,Default,Default,Default,Default,Default,Default,Default,Default,Default,Default,Default,Default,Default,Default,Default,Default,Default,Default,Default,Default,Default,Default,Default,Default,Default,Default,Default,Default,Default,Default,Default,Default,Default,Default,DefaultJob,DocumentCount=100000,1,Workload,Warmup,1,851585361,2048,415813.16,8,0,0,16596
SimilarityBenchmarks.LeanCorpus_Dirichlet_BooleanQuery,Rowles.LeanCorpus.Benchmarks,SimilarityBenchmarks,LeanCorpus_Dirichlet_BooleanQuery,DefaultJob,Default,Default,Default,Default,Default,Default,Default,Default,Default,Default,Default,Default,Default,Default,Default,Default,Default,Default,Default,Default,Default,Default,Default,Default,Default,Default,Default,Default,Default,Default,Default,Default,Default,Default,Default,Default,Default,Default,Default,Default,Default,DefaultJob,DocumentCount=100000,1,Workload,Warmup,2,876518322,2048,427987.46,8,0,0,16596
SimilarityBenchmarks.LeanCorpus_Dirichlet_BooleanQuery,Rowles.LeanCorpus.Benchmarks,SimilarityBenchmarks,LeanCorpus_Dirichlet_BooleanQuery,DefaultJob,Default,Default,Default,Default,Default,Default,Default,Default,Default,Default,Default,Default,Default,Default,Default,Default,Default,Default,Default,Default,Default,Default,Default,Default,Default,Default,Default,Default,Default,Default,Default,Default,Default,Default,Default,Default,Default,Default,Default,Default,Default,DefaultJob,DocumentCount=100000,1,Workload,Warmup,3,866934046,2048,423307.64,8,0,0,16596
SimilarityBenchmarks.LeanCorpus_Dirichlet_BooleanQuery,Rowles.LeanCorpus.Benchmarks,SimilarityBenchmarks,LeanCorpus_Dirichlet_BooleanQuery,DefaultJob,Default,Default,Default,Default,Default,Default,Default,Default,Default,Default,Default,Default,Default,Default,Default,Default,Default,Default,Default,Default,Default,Default,Default,Default,Default,Default,Default,Default,Default,Default,Default,Default,Default,Default,Default,Default,Default,Default,Default,Default,Default,DefaultJob,DocumentCount=100000,1,Workload,Warmup,4,858677574,2048,419276.16,8,0,0,16596
SimilarityBenchmarks.LeanCorpus_Dirichlet_BooleanQuery,Rowles.LeanCorpus.Benchmarks,SimilarityBenchmarks,LeanCorpus_Dirichlet_BooleanQuery,DefaultJob,Default,Default,Default,Default,Default,Default,Default,Default,Default,Default,Default,Default,Default,Default,Default,Default,Default,Default,Default,Default,Default,Default,Default,Default,Default,Default,Default,Default,Default,Default,Default,Default,Default,Default,Default,Default,Default,Default,Default,Default,Default,DefaultJob,DocumentCount=100000,1,Workload,Warmup,5,831328002,2048,405921.88,8,0,0,16596
SimilarityBenchmarks.LeanCorpus_Dirichlet_BooleanQuery,Rowles.LeanCorpus.Benchmarks,SimilarityBenchmarks,LeanCorpus_Dirichlet_BooleanQuery,DefaultJob,Default,Default,Default,Default,Default,Default,Default,Default,Default,Default,Default,Default,Default,Default,Default,Default,Default,Default,Default,Default,Default,Default,Default,Default,Default,Default,Default,Default,Default,Default,Default,Default,Default,Default,Default,Default,Default,Default,Default,Default,Default,DefaultJob,DocumentCount=100000,1,Workload,Warmup,6,860015250,2048,419929.32,8,0,0,16596
SimilarityBenchmarks.LeanCorpus_Dirichlet_BooleanQuery,Rowles.LeanCorpus.Benchmarks,SimilarityBenchmarks,LeanCorpus_Dirichlet_BooleanQuery,DefaultJob,Default,Default,Default,Default,Default,Default,Default,Default,Default,Default,Default,Default,Default,Default,Default,Default,Default,Default,Default,Default,Default,Default,Default,Default,Default,Default,Default,Default,Default,Default,Default,Default,Default,Default,Default,Default,Default,Default,Default,Default,Default,DefaultJob,DocumentCount=100000,1,Workload,Warmup,7,860826644,2048,420325.51,8,0,0,16596
SimilarityBenchmarks.LeanCorpus_Dirichlet_BooleanQuery,Rowles.LeanCorpus.Benchmarks,SimilarityBenchmarks,LeanCorpus_Dirichlet_BooleanQuery,DefaultJob,Default,Default,Default,Default,Default,Default,Default,Default,Default,Default,Default,Default,Default,Default,Default,Default,Default,Default,Default,Default,Default,Default,Default,Default,Default,Default,Default,Default,Default,Default,Default,Default,Default,Default,Default,Default,Default,Default,Default,Default,Default,DefaultJob,DocumentCount=100000,1,Workload,Warmup,8,864572972,2048,422154.77,8,0,0,16596
SimilarityBenchmarks.LeanCorpus_Dirichlet_BooleanQuery,Rowles.LeanCorpus.Benchmarks,SimilarityBenchmarks,LeanCorpus_Dirichlet_BooleanQuery,DefaultJob,Default,Default,Default,Default,Default,Default,Default,Default,Default,Default,Default,Default,Default,Default,Default,Default,Default,Default,Default,Default,Default,Default,Default,Default,Default,Default,Default,Default,Default,Default,Default,Default,Default,Default,Default,Default,Default,Default,Default,Default,Default,DefaultJob,DocumentCount=100000,1,Workload,Warmup,9,846003690,2048,413087.74,8,0,0,16596
SimilarityBenchmarks.LeanCorpus_Dirichlet_BooleanQuery,Rowles.LeanCorpus.Benchmarks,SimilarityBenchmarks,LeanCorpus_Dirichlet_BooleanQuery,DefaultJob,Default,Default,Default,Default,Default,Default,Default,Default,Default,Default,Default,Default,Default,Default,Default,Default,Default,Default,Default,Default,Default,Default,Default,Default,Default,Default,Default,Default,Default,Default,Default,Default,Default,Default,Default,Default,Default,Default,Default,Default,Default,DefaultJob,DocumentCount=100000,1,Workload,Actual,1,840554493,2048,410427,8,0,0,16596
SimilarityBenchmarks.LeanCorpus_Dirichlet_BooleanQuery,Rowles.LeanCorpus.Benchmarks,SimilarityBenchmarks,LeanCorpus_Dirichlet_BooleanQuery,DefaultJob,Default,Default,Default,Default,Default,Default,Default,Default,Default,Default,Default,Default,Default,Default,Default,Default,Default,Default,Default,Default,Default,Default,Default,Default,Default,Default,Default,Default,Default,Default,Default,Default,Default,Default,Default,Default,Default,Default,Default,Default,Default,DefaultJob,DocumentCount=100000,1,Workload,Actual,2,877372771,2048,428404.67,8,0,0,16596
SimilarityBenchmarks.LeanCorpus_Dirichlet_BooleanQuery,Rowles.LeanCorpus.Benchmarks,SimilarityBenchmarks,LeanCorpus_Dirichlet_BooleanQuery,DefaultJob,Default,Default,Default,Default,Default,Default,Default,Default,Default,Default,Default,Default,Default,Default,Default,Default,Default,Default,Default,Default,Default,Default,Default,Default,Default,Default,Default,Default,Default,Default,Default,Default,Default,Default,Default,Default,Default,Default,Default,Default,Default,DefaultJob,DocumentCount=100000,1,Workload,Actual,3,852996847,2048,416502.37,8,0,0,16596
SimilarityBenchmarks.LeanCorpus_Dirichlet_BooleanQuery,Rowles.LeanCorpus.Benchmarks,SimilarityBenchmarks,LeanCorpus_Dirichlet_BooleanQuery,DefaultJob,Default,Default,Default,Default,Default,Default,Default,Default,Default,Default,Default,Default,Default,Default,Default,Default,Default,Default,Default,Default,Default,Default,Default,Default,Default,Default,Default,Default,Default,Default,Default,Default,Default,Default,Default,Default,Default,Default,Default,Default,Default,DefaultJob,DocumentCount=100000,1,Workload,Actual,4,866187492,2048,422943.11,8,0,0,16596
SimilarityBenchmarks.LeanCorpus_Dirichlet_BooleanQuery,Rowles.LeanCorpus.Benchmarks,SimilarityBenchmarks,LeanCorpus_Dirichlet_BooleanQuery,DefaultJob,Default,Default,Default,Default,Default,Default,Default,Default,Default,Default,Default,Default,Default,Default,Default,Default,Default,Default,Default,Default,Default,Default,Default,Default,Default,Default,Default,Default,Default,Default,Default,Default,Default,Default,Default,Default,Default,Default,Default,Default,Default,DefaultJob,DocumentCount=100000,1,Workload,Actual,5,858684108,2048,419279.35,8,0,0,16596
SimilarityBenchmarks.LeanCorpus_Dirichlet_BooleanQuery,Rowles.LeanCorpus.Benchmarks,SimilarityBenchmarks,LeanCorpus_Dirichlet_BooleanQuery,DefaultJob,Default,Default,Default,Default,Default,Default,Default,Default,Default,Default,Default,Default,Default,Default,Default,Default,Default,Default,Default,Default,Default,Default,Default,Default,Default,Default,Default,Default,Default,Default,Default,Default,Default,Default,Default,Default,Default,Default,Default,Default,Default,DefaultJob,DocumentCount=100000,1,Workload,Actual,6,872059707,2048,425810.4,8,0,0,16596
SimilarityBenchmarks.LeanCorpus_Dirichlet_BooleanQuery,Rowles.LeanCorpus.Benchmarks,SimilarityBenchmarks,LeanCorpus_Dirichlet_BooleanQuery,DefaultJob,Default,Default,Default,Default,Default,Default,Default,Default,Default,Default,Default,Default,Default,Default,Default,Default,Default,Default,Default,Default,Default,Default,Default,Default,Default,Default,Default,Default,Default,Default,Default,Default,Default,Default,Default,Default,Default,Default,Default,Default,Default,DefaultJob,DocumentCount=100000,1,Workload,Actual,7,842368255,2048,411312.62,8,0,0,16596
SimilarityBenchmarks.LeanCorpus_Dirichlet_BooleanQuery,Rowles.LeanCorpus.Benchmarks,SimilarityBenchmarks,LeanCorpus_Dirichlet_BooleanQuery,DefaultJob,Default,Default,Default,Default,Default,Default,Default,Default,Default,Default,Default,Default,Default,Default,Default,Default,Default,Default,Default,Default,Default,Default,Default,Default,Default,Default,Default,Default,Default,Default,Default,Default,Default,Default,Default,Default,Default,Default,Default,Default,Default,DefaultJob,DocumentCount=100000,1,Workload,Actual,8,868250659,2048,423950.52,8,0,0,16596
SimilarityBenchmarks.LeanCorpus_Dirichlet_BooleanQuery,Rowles.LeanCorpus.Benchmarks,SimilarityBenchmarks,LeanCorpus_Dirichlet_BooleanQuery,DefaultJob,Default,Default,Default,Default,Default,Default,Default,Default,Default,Default,Default,Default,Default,Default,Default,Default,Default,Default,Default,Default,Default,Default,Default,Default,Default,Default,Default,Default,Default,Default,Default,Default,Default,Default,Default,Default,Default,Default,Default,Default,Default,DefaultJob,DocumentCount=100000,1,Workload,Actual,9,856700036,2048,418310.56,8,0,0,16596
SimilarityBenchmarks.LeanCorpus_Dirichlet_BooleanQuery,Rowles.LeanCorpus.Benchmarks,SimilarityBenchmarks,LeanCorpus_Dirichlet_BooleanQuery,DefaultJob,Default,Default,Default,Default,Default,Default,Default,Default,Default,Default,Default,Default,Default,Default,Default,Default,Default,Default,Default,Default,Default,Default,Default,Default,Default,Default,Default,Default,Default,Default,Default,Default,Default,Default,Default,Default,Default,Default,Default,Default,Default,DefaultJob,DocumentCount=100000,1,Workload,Actual,10,850557169,2048,415311.12,8,0,0,16596
SimilarityBenchmarks.LeanCorpus_Dirichlet_BooleanQuery,Rowles.LeanCorpus.Benchmarks,SimilarityBenchmarks,LeanCorpus_Dirichlet_BooleanQuery,DefaultJob,Default,Default,Default,Default,Default,Default,Default,Default,Default,Default,Default,Default,Default,Default,Default,Default,Default,Default,Default,Default,Default,Default,Default,Default,Default,Default,Default,Default,Default,Default,Default,Default,Default,Default,Default,Default,Default,Default,Default,Default,Default,DefaultJob,DocumentCount=100000,1,Workload,Actual,11,860332519,2048,420084.24,8,0,0,16596
SimilarityBenchmarks.LeanCorpus_Dirichlet_BooleanQuery,Rowles.LeanCorpus.Benchmarks,SimilarityBenchmarks,LeanCorpus_Dirichlet_BooleanQuery,DefaultJob,Default,Default,Default,Default,Default,Default,Default,Default,Default,Default,Default,Default,Default,Default,Default,Default,Default,Default,Default,Default,Default,Default,Default,Default,Default,Default,Default,Default,Default,Default,Default,Default,Default,Default,Default,Default,Default,Default,Default,Default,Default,DefaultJob,DocumentCount=100000,1,Workload,Actual,12,841994567,2048,411130.16,8,0,0,16596
SimilarityBenchmarks.LeanCorpus_Dirichlet_BooleanQuery,Rowles.LeanCorpus.Benchmarks,SimilarityBenchmarks,LeanCorpus_Dirichlet_BooleanQuery,DefaultJob,Default,Default,Default,Default,Default,Default,Default,Default,Default,Default,Default,Default,Default,Default,Default,Default,Default,Default,Default,Default,Default,Default,Default,Default,Default,Default,Default,Default,Default,Default,Default,Default,Default,Default,Default,Default,Default,Default,Default,Default,Default,DefaultJob,DocumentCount=100000,1,Workload,Actual,13,839254420,2048,409792.2,8,0,0,16596
SimilarityBenchmarks.LeanCorpus_Dirichlet_BooleanQuery,Rowles.LeanCorpus.Benchmarks,SimilarityBenchmarks,LeanCorpus_Dirichlet_BooleanQuery,DefaultJob,Default,Default,Default,Default,Default,Default,Default,Default,Default,Default,Default,Default,Default,Default,Default,Default,Default,Default,Default,Default,Default,Default,Default,Default,Default,Default,Default,Default,Default,Default,Default,Default,Default,Default,Default,Default,Default,Default,Default,Default,Default,DefaultJob,DocumentCount=100000,1,Workload,Actual,14,864851185,2048,422290.62,8,0,0,16596
SimilarityBenchmarks.LeanCorpus_Dirichlet_BooleanQuery,Rowles.LeanCorpus.Benchmarks,SimilarityBenchmarks,LeanCorpus_Dirichlet_BooleanQuery,DefaultJob,Default,Default,Default,Default,Default,Default,Default,Default,Default,Default,Default,Default,Default,Default,Default,Default,Default,Default,Default,Default,Default,Default,Default,Default,Default,Default,Default,Default,Default,Default,Default,Default,Default,Default,Default,Default,Default,Default,Default,Default,Default,DefaultJob,DocumentCount=100000,1,Workload,Actual,15,859917967,2048,419881.82,8,0,0,16596
SimilarityBenchmarks.LeanCorpus_Dirichlet_BooleanQuery,Rowles.LeanCorpus.Benchmarks,SimilarityBenchmarks,LeanCorpus_Dirichlet_BooleanQuery,DefaultJob,Default,Default,Default,Default,Default,Default,Default,Default,Default,Default,Default,Default,Default,Default,Default,Default,Default,Default,Default,Default,Default,Default,Default,Default,Default,Default,Default,Default,Default,Default,Default,Default,Default,Default,Default,Default,Default,Default,Default,Default,Default,DefaultJob,DocumentCount=100000,1,Workload,Extra,1,853996316,2048,416990.39,8,0,0,16596
SimilarityBenchmarks.LeanCorpus_Dirichlet_BooleanQuery,Rowles.LeanCorpus.Benchmarks,SimilarityBenchmarks,LeanCorpus_Dirichlet_BooleanQuery,DefaultJob,Default,Default,Default,Default,Default,Default,Default,Default,Default,Default,Default,Default,Default,Default,Default,Default,Default,Default,Default,Default,Default,Default,Default,Default,Default,Default,Default,Default,Default,Default,Default,Default,Default,Default,Default,Default,Default,Default,Default,Default,Default,DefaultJob,DocumentCount=100000,1,Workload,Result,1,840554493,2048,410427,8,0,0,16596
SimilarityBenchmarks.LeanCorpus_Dirichlet_BooleanQuery,Rowles.LeanCorpus.Benchmarks,SimilarityBenchmarks,LeanCorpus_Dirichlet_BooleanQuery,DefaultJob,Default,Default,Default,Default,Default,Default,Default,Default,Default,Default,Default,Default,Default,Default,Default,Default,Default,Default,Default,Default,Default,Default,Default,Default,Default,Default,Default,Default,Default,Default,Default,Default,Default,Default,Default,Default,Default,Default,Default,Default,Default,DefaultJob,DocumentCount=100000,1,Workload,Result,2,877372771,2048,428404.67,8,0,0,16596
SimilarityBenchmarks.LeanCorpus_Dirichlet_BooleanQuery,Rowles.LeanCorpus.Benchmarks,SimilarityBenchmarks,LeanCorpus_Dirichlet_BooleanQuery,DefaultJob,Default,Default,Default,Default,Default,Default,Default,Default,Default,Default,Default,Default,Default,Default,Default,Default,Default,Default,Default,Default,Default,Default,Default,Default,Default,Default,Default,Default,Default,Default,Default,Default,Default,Default,Default,Default,Default,Default,Default,Default,Default,DefaultJob,DocumentCount=100000,1,Workload,Result,3,852996847,2048,416502.37,8,0,0,16596
SimilarityBenchmarks.LeanCorpus_Dirichlet_BooleanQuery,Rowles.LeanCorpus.Benchmarks,SimilarityBenchmarks,LeanCorpus_Dirichlet_BooleanQuery,DefaultJob,Default,Default,Default,Default,Default,Default,Default,Default,Default,Default,Default,Default,Default,Default,Default,Default,Default,Default,Default,Default,Default,Default,Default,Default,Default,Default,Default,Default,Default,Default,Default,Default,Default,Default,Default,Default,Default,Default,Default,Default,Default,DefaultJob,DocumentCount=100000,1,Workload,Result,4,866187492,2048,422943.11,8,0,0,16596
SimilarityBenchmarks.LeanCorpus_Dirichlet_BooleanQuery,Rowles.LeanCorpus.Benchmarks,SimilarityBenchmarks,LeanCorpus_Dirichlet_BooleanQuery,DefaultJob,Default,Default,Default,Default,Default,Default,Default,Default,Default,Default,Default,Default,Default,Default,Default,Default,Default,Default,Default,Default,Default,Default,Default,Default,Default,Default,Default,Default,Default,Default,Default,Default,Default,Default,Default,Default,Default,Default,Default,Default,Default,DefaultJob,DocumentCount=100000,1,Workload,Result,5,858684108,2048,419279.35,8,0,0,16596
SimilarityBenchmarks.LeanCorpus_Dirichlet_BooleanQuery,Rowles.LeanCorpus.Benchmarks,SimilarityBenchmarks,LeanCorpus_Dirichlet_BooleanQuery,DefaultJob,Default,Default,Default,Default,Default,Default,Default,Default,Default,Default,Default,Default,Default,Default,Default,Default,Default,Default,Default,Default,Default,Default,Default,Default,Default,Default,Default,Default,Default,Default,Default,Default,Default,Default,Default,Default,Default,Default,Default,Default,Default,DefaultJob,DocumentCount=100000,1,Workload,Result,6,872059707,2048,425810.4,8,0,0,16596
SimilarityBenchmarks.LeanCorpus_Dirichlet_BooleanQuery,Rowles.LeanCorpus.Benchmarks,SimilarityBenchmarks,LeanCorpus_Dirichlet_BooleanQuery,DefaultJob,Default,Default,Default,Default,Default,Default,Default,Default,Default,Default,Default,Default,Default,Default,Default,Default,Default,Default,Default,Default,Default,Default,Default,Default,Default,Default,Default,Default,Default,Default,Default,Default,Default,Default,Default,Default,Default,Default,Default,Default,Default,DefaultJob,DocumentCount=100000,1,Workload,Result,7,842368255,2048,411312.62,8,0,0,16596
SimilarityBenchmarks.LeanCorpus_Dirichlet_BooleanQuery,Rowles.LeanCorpus.Benchmarks,SimilarityBenchmarks,LeanCorpus_Dirichlet_BooleanQuery,DefaultJob,Default,Default,Default,Default,Default,Default,Default,Default,Default,Default,Default,Default,Default,Default,Default,Default,Default,Default,Default,Default,Default,Default,Default,Default,Default,Default,Default,Default,Default,Default,Default,Default,Default,Default,Default,Default,Default,Default,Default,Default,Default,DefaultJob,DocumentCount=100000,1,Workload,Result,8,868250659,2048,423950.52,8,0,0,16596
SimilarityBenchmarks.LeanCorpus_Dirichlet_BooleanQuery,Rowles.LeanCorpus.Benchmarks,SimilarityBenchmarks,LeanCorpus_Dirichlet_BooleanQuery,DefaultJob,Default,Default,Default,Default,Default,Default,Default,Default,Default,Default,Default,Default,Default,Default,Default,Default,Default,Default,Default,Default,Default,Default,Default,Default,Default,Default,Default,Default,Default,Default,Default,Default,Default,Default,Default,Default,Default,Default,Default,Default,Default,DefaultJob,DocumentCount=100000,1,Workload,Result,9,856700036,2048,418310.56,8,0,0,16596
SimilarityBenchmarks.LeanCorpus_Dirichlet_BooleanQuery,Rowles.LeanCorpus.Benchmarks,SimilarityBenchmarks,LeanCorpus_Dirichlet_BooleanQuery,DefaultJob,Default,Default,Default,Default,Default,Default,Default,Default,Default,Default,Default,Default,Default,Default,Default,Default,Default,Default,Default,Default,Default,Default,Default,Default,Default,Default,Default,Default,Default,Default,Default,Default,Default,Default,Default,Default,Default,Default,Default,Default,Default,DefaultJob,DocumentCount=100000,1,Workload,Result,10,850557169,2048,415311.12,8,0,0,16596
SimilarityBenchmarks.LeanCorpus_Dirichlet_BooleanQuery,Rowles.LeanCorpus.Benchmarks,SimilarityBenchmarks,LeanCorpus_Dirichlet_BooleanQuery,DefaultJob,Default,Default,Default,Default,Default,Default,Default,Default,Default,Default,Default,Default,Default,Default,Default,Default,Default,Default,Default,Default,Default,Default,Default,Default,Default,Default,Default,Default,Default,Default,Default,Default,Default,Default,Default,Default,Default,Default,Default,Default,Default,DefaultJob,DocumentCount=100000,1,Workload,Result,11,860332519,2048,420084.24,8,0,0,16596
SimilarityBenchmarks.LeanCorpus_Dirichlet_BooleanQuery,Rowles.LeanCorpus.Benchmarks,SimilarityBenchmarks,LeanCorpus_Dirichlet_BooleanQuery,DefaultJob,Default,Default,Default,Default,Default,Default,Default,Default,Default,Default,Default,Default,Default,Default,Default,Default,Default,Default,Default,Default,Default,Default,Default,Default,Default,Default,Default,Default,Default,Default,Default,Default,Default,Default,Default,Default,Default,Default,Default,Default,Default,DefaultJob,DocumentCount=100000,1,Workload,Result,12,841994567,2048,411130.16,8,0,0,16596
SimilarityBenchmarks.LeanCorpus_Dirichlet_BooleanQuery,Rowles.LeanCorpus.Benchmarks,SimilarityBenchmarks,LeanCorpus_Dirichlet_BooleanQuery,DefaultJob,Default,Default,Default,Default,Default,Default,Default,Default,Default,Default,Default,Default,Default,Default,Default,Default,Default,Default,Default,Default,Default,Default,Default,Default,Default,Default,Default,Default,Default,Default,Default,Default,Default,Default,Default,Default,Default,Default,Default,Default,Default,DefaultJob,DocumentCount=100000,1,Workload,Result,13,839254420,2048,409792.2,8,0,0,16596
SimilarityBenchmarks.LeanCorpus_Dirichlet_BooleanQuery,Rowles.LeanCorpus.Benchmarks,SimilarityBenchmarks,LeanCorpus_Dirichlet_BooleanQuery,DefaultJob,Default,Default,Default,Default,Default,Default,Default,Default,Default,Default,Default,Default,Default,Default,Default,Default,Default,Default,Default,Default,Default,Default,Default,Default,Default,Default,Default,Default,Default,Default,Default,Default,Default,Default,Default,Default,Default,Default,Default,Default,Default,DefaultJob,DocumentCount=100000,1,Workload,Result,14,864851185,2048,422290.62,8,0,0,16596
SimilarityBenchmarks.LeanCorpus_Dirichlet_BooleanQuery,Rowles.LeanCorpus.Benchmarks,SimilarityBenchmarks,LeanCorpus_Dirichlet_BooleanQuery,DefaultJob,Default,Default,Default,Default,Default,Default,Default,Default,Default,Default,Default,Default,Default,Default,Default,Default,Default,Default,Default,Default,Default,Default,Default,Default,Default,Default,Default,Default,Default,Default,Default,Default,Default,Default,Default,Default,Default,Default,Default,Default,Default,DefaultJob,DocumentCount=100000,1,Workload,Result,15,859917967,2048,419881.82,8,0,0,16596
SimilarityBenchmarks.LeanCorpus_Bm25Plus_TermQuery,Rowles.LeanCorpus.Benchmarks,SimilarityBenchmarks,LeanCorpus_Bm25Plus_TermQuery,DefaultJob,Default,Default,Default,Default,Default,Default,Default,Default,Default,Default,Default,Default,Default,Default,Default,Default,Default,Default,Default,Default,Default,Default,Default,Default,Default,Default,Default,Default,Default,Default,Default,Default,Default,Default,Default,Default,Default,Default,Default,Default,Default,DefaultJob,DocumentCount=100000,1,Workload,Jitting,1,68745740,1,68745740,1,0,0,888
SimilarityBenchmarks.LeanCorpus_Bm25Plus_TermQuery,Rowles.LeanCorpus.Benchmarks,SimilarityBenchmarks,LeanCorpus_Bm25Plus_TermQuery,DefaultJob,Default,Default,Default,Default,Default,Default,Default,Default,Default,Default,Default,Default,Default,Default,Default,Default,Default,Default,Default,Default,Default,Default,Default,Default,Default,Default,Default,Default,Default,Default,Default,Default,Default,Default,Default,Default,Default,Default,Default,Default,Default,DefaultJob,DocumentCount=100000,1,Workload,Jitting,2,9847859,30,328261.97,1,0,0,888
SimilarityBenchmarks.LeanCorpus_Bm25Plus_TermQuery,Rowles.LeanCorpus.Benchmarks,SimilarityBenchmarks,LeanCorpus_Bm25Plus_TermQuery,DefaultJob,Default,Default,Default,Default,Default,Default,Default,Default,Default,Default,Default,Default,Default,Default,Default,Default,Default,Default,Default,Default,Default,Default,Default,Default,Default,Default,Default,Default,Default,Default,Default,Default,Default,Default,Default,Default,Default,Default,Default,Default,Default,DefaultJob,DocumentCount=100000,1,Workload,Jitting,3,7705270,30,256842.33,1,0,0,888
SimilarityBenchmarks.LeanCorpus_Bm25Plus_TermQuery,Rowles.LeanCorpus.Benchmarks,SimilarityBenchmarks,LeanCorpus_Bm25Plus_TermQuery,DefaultJob,Default,Default,Default,Default,Default,Default,Default,Default,Default,Default,Default,Default,Default,Default,Default,Default,Default,Default,Default,Default,Default,Default,Default,Default,Default,Default,Default,Default,Default,Default,Default,Default,Default,Default,Default,Default,Default,Default,Default,Default,Default,DefaultJob,DocumentCount=100000,1,Workload,Jitting,4,7354863,30,245162.1,1,0,0,888
SimilarityBenchmarks.LeanCorpus_Bm25Plus_TermQuery,Rowles.LeanCorpus.Benchmarks,SimilarityBenchmarks,LeanCorpus_Bm25Plus_TermQuery,DefaultJob,Default,Default,Default,Default,Default,Default,Default,Default,Default,Default,Default,Default,Default,Default,Default,Default,Default,Default,Default,Default,Default,Default,Default,Default,Default,Default,Default,Default,Default,Default,Default,Default,Default,Default,Default,Default,Default,Default,Default,Default,Default,DefaultJob,DocumentCount=100000,1,Workload,Jitting,5,318622,1,318622,1,0,0,888
SimilarityBenchmarks.LeanCorpus_Bm25Plus_TermQuery,Rowles.LeanCorpus.Benchmarks,SimilarityBenchmarks,LeanCorpus_Bm25Plus_TermQuery,DefaultJob,Default,Default,Default,Default,Default,Default,Default,Default,Default,Default,Default,Default,Default,Default,Default,Default,Default,Default,Default,Default,Default,Default,Default,Default,Default,Default,Default,Default,Default,Default,Default,Default,Default,Default,Default,Default,Default,Default,Default,Default,Default,DefaultJob,DocumentCount=100000,1,Workload,Pilot,1,390614,1,390614,1,0,0,888
SimilarityBenchmarks.LeanCorpus_Bm25Plus_TermQuery,Rowles.LeanCorpus.Benchmarks,SimilarityBenchmarks,LeanCorpus_Bm25Plus_TermQuery,DefaultJob,Default,Default,Default,Default,Default,Default,Default,Default,Default,Default,Default,Default,Default,Default,Default,Default,Default,Default,Default,Default,Default,Default,Default,Default,Default,Default,Default,Default,Default,Default,Default,Default,Default,Default,Default,Default,Default,Default,Default,Default,Default,DefaultJob,DocumentCount=100000,1,Workload,Pilot,1,4314853,16,269678.31,1,0,0,888
SimilarityBenchmarks.LeanCorpus_Bm25Plus_TermQuery,Rowles.LeanCorpus.Benchmarks,SimilarityBenchmarks,LeanCorpus_Bm25Plus_TermQuery,DefaultJob,Default,Default,Default,Default,Default,Default,Default,Default,Default,Default,Default,Default,Default,Default,Default,Default,Default,Default,Default,Default,Default,Default,Default,Default,Default,Default,Default,Default,Default,Default,Default,Default,Default,Default,Default,Default,Default,Default,Default,Default,Default,DefaultJob,DocumentCount=100000,1,Workload,Pilot,2,8494320,32,265447.5,1,0,0,888
SimilarityBenchmarks.LeanCorpus_Bm25Plus_TermQuery,Rowles.LeanCorpus.Benchmarks,SimilarityBenchmarks,LeanCorpus_Bm25Plus_TermQuery,DefaultJob,Default,Default,Default,Default,Default,Default,Default,Default,Default,Default,Default,Default,Default,Default,Default,Default,Default,Default,Default,Default,Default,Default,Default,Default,Default,Default,Default,Default,Default,Default,Default,Default,Default,Default,Default,Default,Default,Default,Default,Default,Default,DefaultJob,DocumentCount=100000,1,Workload,Pilot,3,16125421,64,251959.7,1,0,0,888
SimilarityBenchmarks.LeanCorpus_Bm25Plus_TermQuery,Rowles.LeanCorpus.Benchmarks,SimilarityBenchmarks,LeanCorpus_Bm25Plus_TermQuery,DefaultJob,Default,Default,Default,Default,Default,Default,Default,Default,Default,Default,Default,Default,Default,Default,Default,Default,Default,Default,Default,Default,Default,Default,Default,Default,Default,Default,Default,Default,Default,Default,Default,Default,Default,Default,Default,Default,Default,Default,Default,Default,Default,DefaultJob,DocumentCount=100000,1,Workload,Pilot,4,25092000,128,196031.25,1,0,0,888
SimilarityBenchmarks.LeanCorpus_Bm25Plus_TermQuery,Rowles.LeanCorpus.Benchmarks,SimilarityBenchmarks,LeanCorpus_Bm25Plus_TermQuery,DefaultJob,Default,Default,Default,Default,Default,Default,Default,Default,Default,Default,Default,Default,Default,Default,Default,Default,Default,Default,Default,Default,Default,Default,Default,Default,Default,Default,Default,Default,Default,Default,Default,Default,Default,Default,Default,Default,Default,Default,Default,Default,Default,DefaultJob,DocumentCount=100000,1,Workload,Pilot,5,38710803,256,151214.07,1,0,0,888
SimilarityBenchmarks.LeanCorpus_Bm25Plus_TermQuery,Rowles.LeanCorpus.Benchmarks,SimilarityBenchmarks,LeanCorpus_Bm25Plus_TermQuery,DefaultJob,Default,Default,Default,Default,Default,Default,Default,Default,Default,Default,Default,Default,Default,Default,Default,Default,Default,Default,Default,Default,Default,Default,Default,Default,Default,Default,Default,Default,Default,Default,Default,Default,Default,Default,Default,Default,Default,Default,Default,Default,Default,DefaultJob,DocumentCount=100000,1,Workload,Pilot,6,62163983,512,121414.03,1,0,0,888
SimilarityBenchmarks.LeanCorpus_Bm25Plus_TermQuery,Rowles.LeanCorpus.Benchmarks,SimilarityBenchmarks,LeanCorpus_Bm25Plus_TermQuery,DefaultJob,Default,Default,Default,Default,Default,Default,Default,Default,Default,Default,Default,Default,Default,Default,Default,Default,Default,Default,Default,Default,Default,Default,Default,Default,Default,Default,Default,Default,Default,Default,Default,Default,Default,Default,Default,Default,Default,Default,Default,Default,Default,DefaultJob,DocumentCount=100000,1,Workload,Pilot,7,123058646,1024,120174.46,1,0,0,888
SimilarityBenchmarks.LeanCorpus_Bm25Plus_TermQuery,Rowles.LeanCorpus.Benchmarks,SimilarityBenchmarks,LeanCorpus_Bm25Plus_TermQuery,DefaultJob,Default,Default,Default,Default,Default,Default,Default,Default,Default,Default,Default,Default,Default,Default,Default,Default,Default,Default,Default,Default,Default,Default,Default,Default,Default,Default,Default,Default,Default,Default,Default,Default,Default,Default,Default,Default,Default,Default,Default,Default,Default,DefaultJob,DocumentCount=100000,1,Workload,Pilot,8,248935604,2048,121550.59,1,0,0,888
SimilarityBenchmarks.LeanCorpus_Bm25Plus_TermQuery,Rowles.LeanCorpus.Benchmarks,SimilarityBenchmarks,LeanCorpus_Bm25Plus_TermQuery,DefaultJob,Default,Default,Default,Default,Default,Default,Default,Default,Default,Default,Default,Default,Default,Default,Default,Default,Default,Default,Default,Default,Default,Default,Default,Default,Default,Default,Default,Default,Default,Default,Default,Default,Default,Default,Default,Default,Default,Default,Default,Default,Default,DefaultJob,DocumentCount=100000,1,Workload,Pilot,9,494331067,4096,120686.3,1,0,0,888
SimilarityBenchmarks.LeanCorpus_Bm25Plus_TermQuery,Rowles.LeanCorpus.Benchmarks,SimilarityBenchmarks,LeanCorpus_Bm25Plus_TermQuery,DefaultJob,Default,Default,Default,Default,Default,Default,Default,Default,Default,Default,Default,Default,Default,Default,Default,Default,Default,Default,Default,Default,Default,Default,Default,Default,Default,Default,Default,Default,Default,Default,Default,Default,Default,Default,Default,Default,Default,Default,Default,Default,Default,DefaultJob,DocumentCount=100000,1,Workload,Pilot,10,992573955,8192,121163.81,1,0,0,888
SimilarityBenchmarks.LeanCorpus_Bm25Plus_TermQuery,Rowles.LeanCorpus.Benchmarks,SimilarityBenchmarks,LeanCorpus_Bm25Plus_TermQuery,DefaultJob,Default,Default,Default,Default,Default,Default,Default,Default,Default,Default,Default,Default,Default,Default,Default,Default,Default,Default,Default,Default,Default,Default,Default,Default,Default,Default,Default,Default,Default,Default,Default,Default,Default,Default,Default,Default,Default,Default,Default,Default,Default,DefaultJob,DocumentCount=100000,1,Workload,Warmup,1,990571481,8192,120919.37,1,0,0,888
SimilarityBenchmarks.LeanCorpus_Bm25Plus_TermQuery,Rowles.LeanCorpus.Benchmarks,SimilarityBenchmarks,LeanCorpus_Bm25Plus_TermQuery,DefaultJob,Default,Default,Default,Default,Default,Default,Default,Default,Default,Default,Default,Default,Default,Default,Default,Default,Default,Default,Default,Default,Default,Default,Default,Default,Default,Default,Default,Default,Default,Default,Default,Default,Default,Default,Default,Default,Default,Default,Default,Default,Default,DefaultJob,DocumentCount=100000,1,Workload,Warmup,2,989425833,8192,120779.52,1,0,0,888
SimilarityBenchmarks.LeanCorpus_Bm25Plus_TermQuery,Rowles.LeanCorpus.Benchmarks,SimilarityBenchmarks,LeanCorpus_Bm25Plus_TermQuery,DefaultJob,Default,Default,Default,Default,Default,Default,Default,Default,Default,Default,Default,Default,Default,Default,Default,Default,Default,Default,Default,Default,Default,Default,Default,Default,Default,Default,Default,Default,Default,Default,Default,Default,Default,Default,Default,Default,Default,Default,Default,Default,Default,DefaultJob,DocumentCount=100000,1,Workload,Warmup,3,984492044,8192,120177.25,1,0,0,888
SimilarityBenchmarks.LeanCorpus_Bm25Plus_TermQuery,Rowles.LeanCorpus.Benchmarks,SimilarityBenchmarks,LeanCorpus_Bm25Plus_TermQuery,DefaultJob,Default,Default,Default,Default,Default,Default,Default,Default,Default,Default,Default,Default,Default,Default,Default,Default,Default,Default,Default,Default,Default,Default,Default,Default,Default,Default,Default,Default,Default,Default,Default,Default,Default,Default,Default,Default,Default,Default,Default,Default,Default,DefaultJob,DocumentCount=100000,1,Workload,Warmup,4,988708354,8192,120691.94,1,0,0,888
SimilarityBenchmarks.LeanCorpus_Bm25Plus_TermQuery,Rowles.LeanCorpus.Benchmarks,SimilarityBenchmarks,LeanCorpus_Bm25Plus_TermQuery,DefaultJob,Default,Default,Default,Default,Default,Default,Default,Default,Default,Default,Default,Default,Default,Default,Default,Default,Default,Default,Default,Default,Default,Default,Default,Default,Default,Default,Default,Default,Default,Default,Default,Default,Default,Default,Default,Default,Default,Default,Default,Default,Default,DefaultJob,DocumentCount=100000,1,Workload,Warmup,5,1006981744,8192,122922.58,1,0,0,888
SimilarityBenchmarks.LeanCorpus_Bm25Plus_TermQuery,Rowles.LeanCorpus.Benchmarks,SimilarityBenchmarks,LeanCorpus_Bm25Plus_TermQuery,DefaultJob,Default,Default,Default,Default,Default,Default,Default,Default,Default,Default,Default,Default,Default,Default,Default,Default,Default,Default,Default,Default,Default,Default,Default,Default,Default,Default,Default,Default,Default,Default,Default,Default,Default,Default,Default,Default,Default,Default,Default,Default,Default,DefaultJob,DocumentCount=100000,1,Workload,Warmup,6,989060539,8192,120734.93,1,0,0,888
SimilarityBenchmarks.LeanCorpus_Bm25Plus_TermQuery,Rowles.LeanCorpus.Benchmarks,SimilarityBenchmarks,LeanCorpus_Bm25Plus_TermQuery,DefaultJob,Default,Default,Default,Default,Default,Default,Default,Default,Default,Default,Default,Default,Default,Default,Default,Default,Default,Default,Default,Default,Default,Default,Default,Default,Default,Default,Default,Default,Default,Default,Default,Default,Default,Default,Default,Default,Default,Default,Default,Default,Default,DefaultJob,DocumentCount=100000,1,Workload,Warmup,7,984936952,8192,120231.56,1,0,0,888
SimilarityBenchmarks.LeanCorpus_Bm25Plus_TermQuery,Rowles.LeanCorpus.Benchmarks,SimilarityBenchmarks,LeanCorpus_Bm25Plus_TermQuery,DefaultJob,Default,Default,Default,Default,Default,Default,Default,Default,Default,Default,Default,Default,Default,Default,Default,Default,Default,Default,Default,Default,Default,Default,Default,Default,Default,Default,Default,Default,Default,Default,Default,Default,Default,Default,Default,Default,Default,Default,Default,Default,Default,DefaultJob,DocumentCount=100000,1,Workload,Warmup,8,987805976,8192,120581.78,1,0,0,888
SimilarityBenchmarks.LeanCorpus_Bm25Plus_TermQuery,Rowles.LeanCorpus.Benchmarks,SimilarityBenchmarks,LeanCorpus_Bm25Plus_TermQuery,DefaultJob,Default,Default,Default,Default,Default,Default,Default,Default,Default,Default,Default,Default,Default,Default,Default,Default,Default,Default,Default,Default,Default,Default,Default,Default,Default,Default,Default,Default,Default,Default,Default,Default,Default,Default,Default,Default,Default,Default,Default,Default,Default,DefaultJob,DocumentCount=100000,1,Workload,Warmup,9,989058197,8192,120734.64,1,0,0,888
SimilarityBenchmarks.LeanCorpus_Bm25Plus_TermQuery,Rowles.LeanCorpus.Benchmarks,SimilarityBenchmarks,LeanCorpus_Bm25Plus_TermQuery,DefaultJob,Default,Default,Default,Default,Default,Default,Default,Default,Default,Default,Default,Default,Default,Default,Default,Default,Default,Default,Default,Default,Default,Default,Default,Default,Default,Default,Default,Default,Default,Default,Default,Default,Default,Default,Default,Default,Default,Default,Default,Default,Default,DefaultJob,DocumentCount=100000,1,Workload,Warmup,10,990407394,8192,120899.34,1,0,0,888
SimilarityBenchmarks.LeanCorpus_Bm25Plus_TermQuery,Rowles.LeanCorpus.Benchmarks,SimilarityBenchmarks,LeanCorpus_Bm25Plus_TermQuery,DefaultJob,Default,Default,Default,Default,Default,Default,Default,Default,Default,Default,Default,Default,Default,Default,Default,Default,Default,Default,Default,Default,Default,Default,Default,Default,Default,Default,Default,Default,Default,Default,Default,Default,Default,Default,Default,Default,Default,Default,Default,Default,Default,DefaultJob,DocumentCount=100000,1,Workload,Warmup,11,987158718,8192,120502.77,1,0,0,888
SimilarityBenchmarks.LeanCorpus_Bm25Plus_TermQuery,Rowles.LeanCorpus.Benchmarks,SimilarityBenchmarks,LeanCorpus_Bm25Plus_TermQuery,DefaultJob,Default,Default,Default,Default,Default,Default,Default,Default,Default,Default,Default,Default,Default,Default,Default,Default,Default,Default,Default,Default,Default,Default,Default,Default,Default,Default,Default,Default,Default,Default,Default,Default,Default,Default,Default,Default,Default,Default,Default,Default,Default,DefaultJob,DocumentCount=100000,1,Workload,Actual,1,990749901,8192,120941.15,1,0,0,888
SimilarityBenchmarks.LeanCorpus_Bm25Plus_TermQuery,Rowles.LeanCorpus.Benchmarks,SimilarityBenchmarks,LeanCorpus_Bm25Plus_TermQuery,DefaultJob,Default,Default,Default,Default,Default,Default,Default,Default,Default,Default,Default,Default,Default,Default,Default,Default,Default,Default,Default,Default,Default,Default,Default,Default,Default,Default,Default,Default,Default,Default,Default,Default,Default,Default,Default,Default,Default,Default,Default,Default,Default,DefaultJob,DocumentCount=100000,1,Workload,Actual,2,982419853,8192,119924.3,1,0,0,888
SimilarityBenchmarks.LeanCorpus_Bm25Plus_TermQuery,Rowles.LeanCorpus.Benchmarks,SimilarityBenchmarks,LeanCorpus_Bm25Plus_TermQuery,DefaultJob,Default,Default,Default,Default,Default,Default,Default,Default,Default,Default,Default,Default,Default,Default,Default,Default,Default,Default,Default,Default,Default,Default,Default,Default,Default,Default,Default,Default,Default,Default,Default,Default,Default,Default,Default,Default,Default,Default,Default,Default,Default,DefaultJob,DocumentCount=100000,1,Workload,Actual,3,980995595,8192,119750.44,1,0,0,888
SimilarityBenchmarks.LeanCorpus_Bm25Plus_TermQuery,Rowles.LeanCorpus.Benchmarks,SimilarityBenchmarks,LeanCorpus_Bm25Plus_TermQuery,DefaultJob,Default,Default,Default,Default,Default,Default,Default,Default,Default,Default,Default,Default,Default,Default,Default,Default,Default,Default,Default,Default,Default,Default,Default,Default,Default,Default,Default,Default,Default,Default,Default,Default,Default,Default,Default,Default,Default,Default,Default,Default,Default,DefaultJob,DocumentCount=100000,1,Workload,Actual,4,976664676,8192,119221.76,1,0,0,888
SimilarityBenchmarks.LeanCorpus_Bm25Plus_TermQuery,Rowles.LeanCorpus.Benchmarks,SimilarityBenchmarks,LeanCorpus_Bm25Plus_TermQuery,DefaultJob,Default,Default,Default,Default,Default,Default,Default,Default,Default,Default,Default,Default,Default,Default,Default,Default,Default,Default,Default,Default,Default,Default,Default,Default,Default,Default,Default,Default,Default,Default,Default,Default,Default,Default,Default,Default,Default,Default,Default,Default,Default,DefaultJob,DocumentCount=100000,1,Workload,Actual,5,987468035,8192,120540.53,1,0,0,888
SimilarityBenchmarks.LeanCorpus_Bm25Plus_TermQuery,Rowles.LeanCorpus.Benchmarks,SimilarityBenchmarks,LeanCorpus_Bm25Plus_TermQuery,DefaultJob,Default,Default,Default,Default,Default,Default,Default,Default,Default,Default,Default,Default,Default,Default,Default,Default,Default,Default,Default,Default,Default,Default,Default,Default,Default,Default,Default,Default,Default,Default,Default,Default,Default,Default,Default,Default,Default,Default,Default,Default,Default,DefaultJob,DocumentCount=100000,1,Workload,Actual,6,990389222,8192,120897.12,1,0,0,888
SimilarityBenchmarks.LeanCorpus_Bm25Plus_TermQuery,Rowles.LeanCorpus.Benchmarks,SimilarityBenchmarks,LeanCorpus_Bm25Plus_TermQuery,DefaultJob,Default,Default,Default,Default,Default,Default,Default,Default,Default,Default,Default,Default,Default,Default,Default,Default,Default,Default,Default,Default,Default,Default,Default,Default,Default,Default,Default,Default,Default,Default,Default,Default,Default,Default,Default,Default,Default,Default,Default,Default,Default,DefaultJob,DocumentCount=100000,1,Workload,Actual,7,989260863,8192,120759.38,1,0,0,888
SimilarityBenchmarks.LeanCorpus_Bm25Plus_TermQuery,Rowles.LeanCorpus.Benchmarks,SimilarityBenchmarks,LeanCorpus_Bm25Plus_TermQuery,DefaultJob,Default,Default,Default,Default,Default,Default,Default,Default,Default,Default,Default,Default,Default,Default,Default,Default,Default,Default,Default,Default,Default,Default,Default,Default,Default,Default,Default,Default,Default,Default,Default,Default,Default,Default,Default,Default,Default,Default,Default,Default,Default,DefaultJob,DocumentCount=100000,1,Workload,Actual,8,988904209,8192,120715.85,1,0,0,888
SimilarityBenchmarks.LeanCorpus_Bm25Plus_TermQuery,Rowles.LeanCorpus.Benchmarks,SimilarityBenchmarks,LeanCorpus_Bm25Plus_TermQuery,DefaultJob,Default,Default,Default,Default,Default,Default,Default,Default,Default,Default,Default,Default,Default,Default,Default,Default,Default,Default,Default,Default,Default,Default,Default,Default,Default,Default,Default,Default,Default,Default,Default,Default,Default,Default,Default,Default,Default,Default,Default,Default,Default,DefaultJob,DocumentCount=100000,1,Workload,Actual,9,989249891,8192,120758.04,1,0,0,888
SimilarityBenchmarks.LeanCorpus_Bm25Plus_TermQuery,Rowles.LeanCorpus.Benchmarks,SimilarityBenchmarks,LeanCorpus_Bm25Plus_TermQuery,DefaultJob,Default,Default,Default,Default,Default,Default,Default,Default,Default,Default,Default,Default,Default,Default,Default,Default,Default,Default,Default,Default,Default,Default,Default,Default,Default,Default,Default,Default,Default,Default,Default,Default,Default,Default,Default,Default,Default,Default,Default,Default,Default,DefaultJob,DocumentCount=100000,1,Workload,Actual,10,989307124,8192,120765.03,1,0,0,888
SimilarityBenchmarks.LeanCorpus_Bm25Plus_TermQuery,Rowles.LeanCorpus.Benchmarks,SimilarityBenchmarks,LeanCorpus_Bm25Plus_TermQuery,DefaultJob,Default,Default,Default,Default,Default,Default,Default,Default,Default,Default,Default,Default,Default,Default,Default,Default,Default,Default,Default,Default,Default,Default,Default,Default,Default,Default,Default,Default,Default,Default,Default,Default,Default,Default,Default,Default,Default,Default,Default,Default,Default,DefaultJob,DocumentCount=100000,1,Workload,Actual,11,989971456,8192,120846.13,1,0,0,888
SimilarityBenchmarks.LeanCorpus_Bm25Plus_TermQuery,Rowles.LeanCorpus.Benchmarks,SimilarityBenchmarks,LeanCorpus_Bm25Plus_TermQuery,DefaultJob,Default,Default,Default,Default,Default,Default,Default,Default,Default,Default,Default,Default,Default,Default,Default,Default,Default,Default,Default,Default,Default,Default,Default,Default,Default,Default,Default,Default,Default,Default,Default,Default,Default,Default,Default,Default,Default,Default,Default,Default,Default,DefaultJob,DocumentCount=100000,1,Workload,Actual,12,989986306,8192,120847.94,1,0,0,888
SimilarityBenchmarks.LeanCorpus_Bm25Plus_TermQuery,Rowles.LeanCorpus.Benchmarks,SimilarityBenchmarks,LeanCorpus_Bm25Plus_TermQuery,DefaultJob,Default,Default,Default,Default,Default,Default,Default,Default,Default,Default,Default,Default,Default,Default,Default,Default,Default,Default,Default,Default,Default,Default,Default,Default,Default,Default,Default,Default,Default,Default,Default,Default,Default,Default,Default,Default,Default,Default,Default,Default,Default,DefaultJob,DocumentCount=100000,1,Workload,Actual,13,989722494,8192,120815.73,1,0,0,888
SimilarityBenchmarks.LeanCorpus_Bm25Plus_TermQuery,Rowles.LeanCorpus.Benchmarks,SimilarityBenchmarks,LeanCorpus_Bm25Plus_TermQuery,DefaultJob,Default,Default,Default,Default,Default,Default,Default,Default,Default,Default,Default,Default,Default,Default,Default,Default,Default,Default,Default,Default,Default,Default,Default,Default,Default,Default,Default,Default,Default,Default,Default,Default,Default,Default,Default,Default,Default,Default,Default,Default,Default,DefaultJob,DocumentCount=100000,1,Workload,Actual,14,989219671,8192,120754.35,1,0,0,888
SimilarityBenchmarks.LeanCorpus_Bm25Plus_TermQuery,Rowles.LeanCorpus.Benchmarks,SimilarityBenchmarks,LeanCorpus_Bm25Plus_TermQuery,DefaultJob,Default,Default,Default,Default,Default,Default,Default,Default,Default,Default,Default,Default,Default,Default,Default,Default,Default,Default,Default,Default,Default,Default,Default,Default,Default,Default,Default,Default,Default,Default,Default,Default,Default,Default,Default,Default,Default,Default,Default,Default,Default,DefaultJob,DocumentCount=100000,1,Workload,Actual,15,989428120,8192,120779.8,1,0,0,888
SimilarityBenchmarks.LeanCorpus_Bm25Plus_TermQuery,Rowles.LeanCorpus.Benchmarks,SimilarityBenchmarks,LeanCorpus_Bm25Plus_TermQuery,DefaultJob,Default,Default,Default,Default,Default,Default,Default,Default,Default,Default,Default,Default,Default,Default,Default,Default,Default,Default,Default,Default,Default,Default,Default,Default,Default,Default,Default,Default,Default,Default,Default,Default,Default,Default,Default,Default,Default,Default,Default,Default,Default,DefaultJob,DocumentCount=100000,1,Workload,Extra,1,981101072,8192,119763.31,1,0,0,888
SimilarityBenchmarks.LeanCorpus_Bm25Plus_TermQuery,Rowles.LeanCorpus.Benchmarks,SimilarityBenchmarks,LeanCorpus_Bm25Plus_TermQuery,DefaultJob,Default,Default,Default,Default,Default,Default,Default,Default,Default,Default,Default,Default,Default,Default,Default,Default,Default,Default,Default,Default,Default,Default,Default,Default,Default,Default,Default,Default,Default,Default,Default,Default,Default,Default,Default,Default,Default,Default,Default,Default,Default,DefaultJob,DocumentCount=100000,1,Workload,Result,1,990749901,8192,120941.15,1,0,0,888
SimilarityBenchmarks.LeanCorpus_Bm25Plus_TermQuery,Rowles.LeanCorpus.Benchmarks,SimilarityBenchmarks,LeanCorpus_Bm25Plus_TermQuery,DefaultJob,Default,Default,Default,Default,Default,Default,Default,Default,Default,Default,Default,Default,Default,Default,Default,Default,Default,Default,Default,Default,Default,Default,Default,Default,Default,Default,Default,Default,Default,Default,Default,Default,Default,Default,Default,Default,Default,Default,Default,Default,Default,DefaultJob,DocumentCount=100000,1,Workload,Result,2,982419853,8192,119924.3,1,0,0,888
SimilarityBenchmarks.LeanCorpus_Bm25Plus_TermQuery,Rowles.LeanCorpus.Benchmarks,SimilarityBenchmarks,LeanCorpus_Bm25Plus_TermQuery,DefaultJob,Default,Default,Default,Default,Default,Default,Default,Default,Default,Default,Default,Default,Default,Default,Default,Default,Default,Default,Default,Default,Default,Default,Default,Default,Default,Default,Default,Default,Default,Default,Default,Default,Default,Default,Default,Default,Default,Default,Default,Default,Default,DefaultJob,DocumentCount=100000,1,Workload,Result,3,980995595,8192,119750.44,1,0,0,888
SimilarityBenchmarks.LeanCorpus_Bm25Plus_TermQuery,Rowles.LeanCorpus.Benchmarks,SimilarityBenchmarks,LeanCorpus_Bm25Plus_TermQuery,DefaultJob,Default,Default,Default,Default,Default,Default,Default,Default,Default,Default,Default,Default,Default,Default,Default,Default,Default,Default,Default,Default,Default,Default,Default,Default,Default,Default,Default,Default,Default,Default,Default,Default,Default,Default,Default,Default,Default,Default,Default,Default,Default,DefaultJob,DocumentCount=100000,1,Workload,Result,4,976664676,8192,119221.76,1,0,0,888
SimilarityBenchmarks.LeanCorpus_Bm25Plus_TermQuery,Rowles.LeanCorpus.Benchmarks,SimilarityBenchmarks,LeanCorpus_Bm25Plus_TermQuery,DefaultJob,Default,Default,Default,Default,Default,Default,Default,Default,Default,Default,Default,Default,Default,Default,Default,Default,Default,Default,Default,Default,Default,Default,Default,Default,Default,Default,Default,Default,Default,Default,Default,Default,Default,Default,Default,Default,Default,Default,Default,Default,Default,DefaultJob,DocumentCount=100000,1,Workload,Result,5,987468035,8192,120540.53,1,0,0,888
SimilarityBenchmarks.LeanCorpus_Bm25Plus_TermQuery,Rowles.LeanCorpus.Benchmarks,SimilarityBenchmarks,LeanCorpus_Bm25Plus_TermQuery,DefaultJob,Default,Default,Default,Default,Default,Default,Default,Default,Default,Default,Default,Default,Default,Default,Default,Default,Default,Default,Default,Default,Default,Default,Default,Default,Default,Default,Default,Default,Default,Default,Default,Default,Default,Default,Default,Default,Default,Default,Default,Default,Default,DefaultJob,DocumentCount=100000,1,Workload,Result,6,990389222,8192,120897.12,1,0,0,888
SimilarityBenchmarks.LeanCorpus_Bm25Plus_TermQuery,Rowles.LeanCorpus.Benchmarks,SimilarityBenchmarks,LeanCorpus_Bm25Plus_TermQuery,DefaultJob,Default,Default,Default,Default,Default,Default,Default,Default,Default,Default,Default,Default,Default,Default,Default,Default,Default,Default,Default,Default,Default,Default,Default,Default,Default,Default,Default,Default,Default,Default,Default,Default,Default,Default,Default,Default,Default,Default,Default,Default,Default,DefaultJob,DocumentCount=100000,1,Workload,Result,7,989260863,8192,120759.38,1,0,0,888
SimilarityBenchmarks.LeanCorpus_Bm25Plus_TermQuery,Rowles.LeanCorpus.Benchmarks,SimilarityBenchmarks,LeanCorpus_Bm25Plus_TermQuery,DefaultJob,Default,Default,Default,Default,Default,Default,Default,Default,Default,Default,Default,Default,Default,Default,Default,Default,Default,Default,Default,Default,Default,Default,Default,Default,Default,Default,Default,Default,Default,Default,Default,Default,Default,Default,Default,Default,Default,Default,Default,Default,Default,DefaultJob,DocumentCount=100000,1,Workload,Result,8,988904209,8192,120715.85,1,0,0,888
SimilarityBenchmarks.LeanCorpus_Bm25Plus_TermQuery,Rowles.LeanCorpus.Benchmarks,SimilarityBenchmarks,LeanCorpus_Bm25Plus_TermQuery,DefaultJob,Default,Default,Default,Default,Default,Default,Default,Default,Default,Default,Default,Default,Default,Default,Default,Default,Default,Default,Default,Default,Default,Default,Default,Default,Default,Default,Default,Default,Default,Default,Default,Default,Default,Default,Default,Default,Default,Default,Default,Default,Default,DefaultJob,DocumentCount=100000,1,Workload,Result,9,989249891,8192,120758.04,1,0,0,888
SimilarityBenchmarks.LeanCorpus_Bm25Plus_TermQuery,Rowles.LeanCorpus.Benchmarks,SimilarityBenchmarks,LeanCorpus_Bm25Plus_TermQuery,DefaultJob,Default,Default,Default,Default,Default,Default,Default,Default,Default,Default,Default,Default,Default,Default,Default,Default,Default,Default,Default,Default,Default,Default,Default,Default,Default,Default,Default,Default,Default,Default,Default,Default,Default,Default,Default,Default,Default,Default,Default,Default,Default,DefaultJob,DocumentCount=100000,1,Workload,Result,10,989307124,8192,120765.03,1,0,0,888
SimilarityBenchmarks.LeanCorpus_Bm25Plus_TermQuery,Rowles.LeanCorpus.Benchmarks,SimilarityBenchmarks,LeanCorpus_Bm25Plus_TermQuery,DefaultJob,Default,Default,Default,Default,Default,Default,Default,Default,Default,Default,Default,Default,Default,Default,Default,Default,Default,Default,Default,Default,Default,Default,Default,Default,Default,Default,Default,Default,Default,Default,Default,Default,Default,Default,Default,Default,Default,Default,Default,Default,Default,DefaultJob,DocumentCount=100000,1,Workload,Result,11,989971456,8192,120846.13,1,0,0,888
SimilarityBenchmarks.LeanCorpus_Bm25Plus_TermQuery,Rowles.LeanCorpus.Benchmarks,SimilarityBenchmarks,LeanCorpus_Bm25Plus_TermQuery,DefaultJob,Default,Default,Default,Default,Default,Default,Default,Default,Default,Default,Default,Default,Default,Default,Default,Default,Default,Default,Default,Default,Default,Default,Default,Default,Default,Default,Default,Default,Default,Default,Default,Default,Default,Default,Default,Default,Default,Default,Default,Default,Default,DefaultJob,DocumentCount=100000,1,Workload,Result,12,989986306,8192,120847.94,1,0,0,888
SimilarityBenchmarks.LeanCorpus_Bm25Plus_TermQuery,Rowles.LeanCorpus.Benchmarks,SimilarityBenchmarks,LeanCorpus_Bm25Plus_TermQuery,DefaultJob,Default,Default,Default,Default,Default,Default,Default,Default,Default,Default,Default,Default,Default,Default,Default,Default,Default,Default,Default,Default,Default,Default,Default,Default,Default,Default,Default,Default,Default,Default,Default,Default,Default,Default,Default,Default,Default,Default,Default,Default,Default,DefaultJob,DocumentCount=100000,1,Workload,Result,13,989722494,8192,120815.73,1,0,0,888
SimilarityBenchmarks.LeanCorpus_Bm25Plus_TermQuery,Rowles.LeanCorpus.Benchmarks,SimilarityBenchmarks,LeanCorpus_Bm25Plus_TermQuery,DefaultJob,Default,Default,Default,Default,Default,Default,Default,Default,Default,Default,Default,Default,Default,Default,Default,Default,Default,Default,Default,Default,Default,Default,Default,Default,Default,Default,Default,Default,Default,Default,Default,Default,Default,Default,Default,Default,Default,Default,Default,Default,Default,DefaultJob,DocumentCount=100000,1,Workload,Result,14,989219671,8192,120754.35,1,0,0,888
SimilarityBenchmarks.LeanCorpus_Bm25Plus_TermQuery,Rowles.LeanCorpus.Benchmarks,SimilarityBenchmarks,LeanCorpus_Bm25Plus_TermQuery,DefaultJob,Default,Default,Default,Default,Default,Default,Default,Default,Default,Default,Default,Default,Default,Default,Default,Default,Default,Default,Default,Default,Default,Default,Default,Default,Default,Default,Default,Default,Default,Default,Default,Default,Default,Default,Default,Default,Default,Default,Default,Default,Default,DefaultJob,DocumentCount=100000,1,Workload,Result,15,989428120,8192,120779.8,1,0,0,888
SimilarityBenchmarks.LeanCorpus_Bm25L_TermQuery,Rowles.LeanCorpus.Benchmarks,SimilarityBenchmarks,LeanCorpus_Bm25L_TermQuery,DefaultJob,Default,Default,Default,Default,Default,Default,Default,Default,Default,Default,Default,Default,Default,Default,Default,Default,Default,Default,Default,Default,Default,Default,Default,Default,Default,Default,Default,Default,Default,Default,Default,Default,Default,Default,Default,Default,Default,Default,Default,Default,Default,DefaultJob,DocumentCount=100000,1,Workload,Jitting,1,68878253,1,68878253,1,0,0,888
SimilarityBenchmarks.LeanCorpus_Bm25L_TermQuery,Rowles.LeanCorpus.Benchmarks,SimilarityBenchmarks,LeanCorpus_Bm25L_TermQuery,DefaultJob,Default,Default,Default,Default,Default,Default,Default,Default,Default,Default,Default,Default,Default,Default,Default,Default,Default,Default,Default,Default,Default,Default,Default,Default,Default,Default,Default,Default,Default,Default,Default,Default,Default,Default,Default,Default,Default,Default,Default,Default,Default,DefaultJob,DocumentCount=100000,1,Workload,Jitting,2,9949762,30,331658.73,1,0,0,888
SimilarityBenchmarks.LeanCorpus_Bm25L_TermQuery,Rowles.LeanCorpus.Benchmarks,SimilarityBenchmarks,LeanCorpus_Bm25L_TermQuery,DefaultJob,Default,Default,Default,Default,Default,Default,Default,Default,Default,Default,Default,Default,Default,Default,Default,Default,Default,Default,Default,Default,Default,Default,Default,Default,Default,Default,Default,Default,Default,Default,Default,Default,Default,Default,Default,Default,Default,Default,Default,Default,Default,DefaultJob,DocumentCount=100000,1,Workload,Jitting,3,7669788,30,255659.6,1,0,0,888
SimilarityBenchmarks.LeanCorpus_Bm25L_TermQuery,Rowles.LeanCorpus.Benchmarks,SimilarityBenchmarks,LeanCorpus_Bm25L_TermQuery,DefaultJob,Default,Default,Default,Default,Default,Default,Default,Default,Default,Default,Default,Default,Default,Default,Default,Default,Default,Default,Default,Default,Default,Default,Default,Default,Default,Default,Default,Default,Default,Default,Default,Default,Default,Default,Default,Default,Default,Default,Default,Default,Default,DefaultJob,DocumentCount=100000,1,Workload,Jitting,4,7520262,30,250675.4,1,0,0,888
SimilarityBenchmarks.LeanCorpus_Bm25L_TermQuery,Rowles.LeanCorpus.Benchmarks,SimilarityBenchmarks,LeanCorpus_Bm25L_TermQuery,DefaultJob,Default,Default,Default,Default,Default,Default,Default,Default,Default,Default,Default,Default,Default,Default,Default,Default,Default,Default,Default,Default,Default,Default,Default,Default,Default,Default,Default,Default,Default,Default,Default,Default,Default,Default,Default,Default,Default,Default,Default,Default,Default,DefaultJob,DocumentCount=100000,1,Workload,Jitting,5,330060,1,330060,1,0,0,888
SimilarityBenchmarks.LeanCorpus_Bm25L_TermQuery,Rowles.LeanCorpus.Benchmarks,SimilarityBenchmarks,LeanCorpus_Bm25L_TermQuery,DefaultJob,Default,Default,Default,Default,Default,Default,Default,Default,Default,Default,Default,Default,Default,Default,Default,Default,Default,Default,Default,Default,Default,Default,Default,Default,Default,Default,Default,Default,Default,Default,Default,Default,Default,Default,Default,Default,Default,Default,Default,Default,Default,DefaultJob,DocumentCount=100000,1,Workload,Pilot,1,332891,1,332891,1,0,0,888
SimilarityBenchmarks.LeanCorpus_Bm25L_TermQuery,Rowles.LeanCorpus.Benchmarks,SimilarityBenchmarks,LeanCorpus_Bm25L_TermQuery,DefaultJob,Default,Default,Default,Default,Default,Default,Default,Default,Default,Default,Default,Default,Default,Default,Default,Default,Default,Default,Default,Default,Default,Default,Default,Default,Default,Default,Default,Default,Default,Default,Default,Default,Default,Default,Default,Default,Default,Default,Default,Default,Default,DefaultJob,DocumentCount=100000,1,Workload,Pilot,1,4383941,16,273996.31,1,0,0,888
SimilarityBenchmarks.LeanCorpus_Bm25L_TermQuery,Rowles.LeanCorpus.Benchmarks,SimilarityBenchmarks,LeanCorpus_Bm25L_TermQuery,DefaultJob,Default,Default,Default,Default,Default,Default,Default,Default,Default,Default,Default,Default,Default,Default,Default,Default,Default,Default,Default,Default,Default,Default,Default,Default,Default,Default,Default,Default,Default,Default,Default,Default,Default,Default,Default,Default,Default,Default,Default,Default,Default,DefaultJob,DocumentCount=100000,1,Workload,Pilot,2,8667462,32,270858.19,1,0,0,888
SimilarityBenchmarks.LeanCorpus_Bm25L_TermQuery,Rowles.LeanCorpus.Benchmarks,SimilarityBenchmarks,LeanCorpus_Bm25L_TermQuery,DefaultJob,Default,Default,Default,Default,Default,Default,Default,Default,Default,Default,Default,Default,Default,Default,Default,Default,Default,Default,Default,Default,Default,Default,Default,Default,Default,Default,Default,Default,Default,Default,Default,Default,Default,Default,Default,Default,Default,Default,Default,Default,Default,DefaultJob,DocumentCount=100000,1,Workload,Pilot,3,16164052,64,252563.31,1,0,0,888
SimilarityBenchmarks.LeanCorpus_Bm25L_TermQuery,Rowles.LeanCorpus.Benchmarks,SimilarityBenchmarks,LeanCorpus_Bm25L_TermQuery,DefaultJob,Default,Default,Default,Default,Default,Default,Default,Default,Default,Default,Default,Default,Default,Default,Default,Default,Default,Default,Default,Default,Default,Default,Default,Default,Default,Default,Default,Default,Default,Default,Default,Default,Default,Default,Default,Default,Default,Default,Default,Default,Default,DefaultJob,DocumentCount=100000,1,Workload,Pilot,4,25651425,128,200401.76,1,0,0,888
SimilarityBenchmarks.LeanCorpus_Bm25L_TermQuery,Rowles.LeanCorpus.Benchmarks,SimilarityBenchmarks,LeanCorpus_Bm25L_TermQuery,DefaultJob,Default,Default,Default,Default,Default,Default,Default,Default,Default,Default,Default,Default,Default,Default,Default,Default,Default,Default,Default,Default,Default,Default,Default,Default,Default,Default,Default,Default,Default,Default,Default,Default,Default,Default,Default,Default,Default,Default,Default,Default,Default,DefaultJob,DocumentCount=100000,1,Workload,Pilot,5,39198176,256,153117.88,1,0,0,888
SimilarityBenchmarks.LeanCorpus_Bm25L_TermQuery,Rowles.LeanCorpus.Benchmarks,SimilarityBenchmarks,LeanCorpus_Bm25L_TermQuery,DefaultJob,Default,Default,Default,Default,Default,Default,Default,Default,Default,Default,Default,Default,Default,Default,Default,Default,Default,Default,Default,Default,Default,Default,Default,Default,Default,Default,Default,Default,Default,Default,Default,Default,Default,Default,Default,Default,Default,Default,Default,Default,Default,DefaultJob,DocumentCount=100000,1,Workload,Pilot,6,64414858,512,125810.27,1,0,0,888
SimilarityBenchmarks.LeanCorpus_Bm25L_TermQuery,Rowles.LeanCorpus.Benchmarks,SimilarityBenchmarks,LeanCorpus_Bm25L_TermQuery,DefaultJob,Default,Default,Default,Default,Default,Default,Default,Default,Default,Default,Default,Default,Default,Default,Default,Default,Default,Default,Default,Default,Default,Default,Default,Default,Default,Default,Default,Default,Default,Default,Default,Default,Default,Default,Default,Default,Default,Default,Default,Default,Default,DefaultJob,DocumentCount=100000,1,Workload,Pilot,7,127467073,1024,124479.56,1,0,0,888
SimilarityBenchmarks.LeanCorpus_Bm25L_TermQuery,Rowles.LeanCorpus.Benchmarks,SimilarityBenchmarks,LeanCorpus_Bm25L_TermQuery,DefaultJob,Default,Default,Default,Default,Default,Default,Default,Default,Default,Default,Default,Default,Default,Default,Default,Default,Default,Default,Default,Default,Default,Default,Default,Default,Default,Default,Default,Default,Default,Default,Default,Default,Default,Default,Default,Default,Default,Default,Default,Default,Default,DefaultJob,DocumentCount=100000,1,Workload,Pilot,8,250895739,2048,122507.69,1,0,0,888
SimilarityBenchmarks.LeanCorpus_Bm25L_TermQuery,Rowles.LeanCorpus.Benchmarks,SimilarityBenchmarks,LeanCorpus_Bm25L_TermQuery,DefaultJob,Default,Default,Default,Default,Default,Default,Default,Default,Default,Default,Default,Default,Default,Default,Default,Default,Default,Default,Default,Default,Default,Default,Default,Default,Default,Default,Default,Default,Default,Default,Default,Default,Default,Default,Default,Default,Default,Default,Default,Default,Default,DefaultJob,DocumentCount=100000,1,Workload,Pilot,9,497952892,4096,121570.53,1,0,0,888
SimilarityBenchmarks.LeanCorpus_Bm25L_TermQuery,Rowles.LeanCorpus.Benchmarks,SimilarityBenchmarks,LeanCorpus_Bm25L_TermQuery,DefaultJob,Default,Default,Default,Default,Default,Default,Default,Default,Default,Default,Default,Default,Default,Default,Default,Default,Default,Default,Default,Default,Default,Default,Default,Default,Default,Default,Default,Default,Default,Default,Default,Default,Default,Default,Default,Default,Default,Default,Default,Default,Default,DefaultJob,DocumentCount=100000,1,Workload,Pilot,10,995337955,8192,121501.22,1,0,0,888
SimilarityBenchmarks.LeanCorpus_Bm25L_TermQuery,Rowles.LeanCorpus.Benchmarks,SimilarityBenchmarks,LeanCorpus_Bm25L_TermQuery,DefaultJob,Default,Default,Default,Default,Default,Default,Default,Default,Default,Default,Default,Default,Default,Default,Default,Default,Default,Default,Default,Default,Default,Default,Default,Default,Default,Default,Default,Default,Default,Default,Default,Default,Default,Default,Default,Default,Default,Default,Default,Default,Default,DefaultJob,DocumentCount=100000,1,Workload,Warmup,1,1005142906,8192,122698.11,1,0,0,888
SimilarityBenchmarks.LeanCorpus_Bm25L_TermQuery,Rowles.LeanCorpus.Benchmarks,SimilarityBenchmarks,LeanCorpus_Bm25L_TermQuery,DefaultJob,Default,Default,Default,Default,Default,Default,Default,Default,Default,Default,Default,Default,Default,Default,Default,Default,Default,Default,Default,Default,Default,Default,Default,Default,Default,Default,Default,Default,Default,Default,Default,Default,Default,Default,Default,Default,Default,Default,Default,Default,Default,DefaultJob,DocumentCount=100000,1,Workload,Warmup,2,1003240207,8192,122465.85,1,0,0,888
SimilarityBenchmarks.LeanCorpus_Bm25L_TermQuery,Rowles.LeanCorpus.Benchmarks,SimilarityBenchmarks,LeanCorpus_Bm25L_TermQuery,DefaultJob,Default,Default,Default,Default,Default,Default,Default,Default,Default,Default,Default,Default,Default,Default,Default,Default,Default,Default,Default,Default,Default,Default,Default,Default,Default,Default,Default,Default,Default,Default,Default,Default,Default,Default,Default,Default,Default,Default,Default,Default,Default,DefaultJob,DocumentCount=100000,1,Workload,Warmup,3,998970499,8192,121944.64,1,0,0,888
SimilarityBenchmarks.LeanCorpus_Bm25L_TermQuery,Rowles.LeanCorpus.Benchmarks,SimilarityBenchmarks,LeanCorpus_Bm25L_TermQuery,DefaultJob,Default,Default,Default,Default,Default,Default,Default,Default,Default,Default,Default,Default,Default,Default,Default,Default,Default,Default,Default,Default,Default,Default,Default,Default,Default,Default,Default,Default,Default,Default,Default,Default,Default,Default,Default,Default,Default,Default,Default,Default,Default,DefaultJob,DocumentCount=100000,1,Workload,Warmup,4,1001515575,8192,122255.32,1,0,0,888
SimilarityBenchmarks.LeanCorpus_Bm25L_TermQuery,Rowles.LeanCorpus.Benchmarks,SimilarityBenchmarks,LeanCorpus_Bm25L_TermQuery,DefaultJob,Default,Default,Default,Default,Default,Default,Default,Default,Default,Default,Default,Default,Default,Default,Default,Default,Default,Default,Default,Default,Default,Default,Default,Default,Default,Default,Default,Default,Default,Default,Default,Default,Default,Default,Default,Default,Default,Default,Default,Default,Default,DefaultJob,DocumentCount=100000,1,Workload,Warmup,5,1007894482,8192,123033.99,1,0,0,888
SimilarityBenchmarks.LeanCorpus_Bm25L_TermQuery,Rowles.LeanCorpus.Benchmarks,SimilarityBenchmarks,LeanCorpus_Bm25L_TermQuery,DefaultJob,Default,Default,Default,Default,Default,Default,Default,Default,Default,Default,Default,Default,Default,Default,Default,Default,Default,Default,Default,Default,Default,Default,Default,Default,Default,Default,Default,Default,Default,Default,Default,Default,Default,Default,Default,Default,Default,Default,Default,Default,Default,DefaultJob,DocumentCount=100000,1,Workload,Warmup,6,1011230687,8192,123441.25,1,0,0,888
SimilarityBenchmarks.LeanCorpus_Bm25L_TermQuery,Rowles.LeanCorpus.Benchmarks,SimilarityBenchmarks,LeanCorpus_Bm25L_TermQuery,DefaultJob,Default,Default,Default,Default,Default,Default,Default,Default,Default,Default,Default,Default,Default,Default,Default,Default,Default,Default,Default,Default,Default,Default,Default,Default,Default,Default,Default,Default,Default,Default,Default,Default,Default,Default,Default,Default,Default,Default,Default,Default,Default,DefaultJob,DocumentCount=100000,1,Workload,Warmup,7,1011802895,8192,123511.1,1,0,0,888
SimilarityBenchmarks.LeanCorpus_Bm25L_TermQuery,Rowles.LeanCorpus.Benchmarks,SimilarityBenchmarks,LeanCorpus_Bm25L_TermQuery,DefaultJob,Default,Default,Default,Default,Default,Default,Default,Default,Default,Default,Default,Default,Default,Default,Default,Default,Default,Default,Default,Default,Default,Default,Default,Default,Default,Default,Default,Default,Default,Default,Default,Default,Default,Default,Default,Default,Default,Default,Default,Default,Default,DefaultJob,DocumentCount=100000,1,Workload,Warmup,8,1016052046,8192,124029.79,1,0,0,888
SimilarityBenchmarks.LeanCorpus_Bm25L_TermQuery,Rowles.LeanCorpus.Benchmarks,SimilarityBenchmarks,LeanCorpus_Bm25L_TermQuery,DefaultJob,Default,Default,Default,Default,Default,Default,Default,Default,Default,Default,Default,Default,Default,Default,Default,Default,Default,Default,Default,Default,Default,Default,Default,Default,Default,Default,Default,Default,Default,Default,Default,Default,Default,Default,Default,Default,Default,Default,Default,Default,Default,DefaultJob,DocumentCount=100000,1,Workload,Warmup,9,1002375095,8192,122360.24,1,0,0,888
SimilarityBenchmarks.LeanCorpus_Bm25L_TermQuery,Rowles.LeanCorpus.Benchmarks,SimilarityBenchmarks,LeanCorpus_Bm25L_TermQuery,DefaultJob,Default,Default,Default,Default,Default,Default,Default,Default,Default,Default,Default,Default,Default,Default,Default,Default,Default,Default,Default,Default,Default,Default,Default,Default,Default,Default,Default,Default,Default,Default,Default,Default,Default,Default,Default,Default,Default,Default,Default,Default,Default,DefaultJob,DocumentCount=100000,1,Workload,Warmup,10,1012439863,8192,123588.85,1,0,0,888
SimilarityBenchmarks.LeanCorpus_Bm25L_TermQuery,Rowles.LeanCorpus.Benchmarks,SimilarityBenchmarks,LeanCorpus_Bm25L_TermQuery,DefaultJob,Default,Default,Default,Default,Default,Default,Default,Default,Default,Default,Default,Default,Default,Default,Default,Default,Default,Default,Default,Default,Default,Default,Default,Default,Default,Default,Default,Default,Default,Default,Default,Default,Default,Default,Default,Default,Default,Default,Default,Default,Default,DefaultJob,DocumentCount=100000,1,Workload,Warmup,11,1000471621,8192,122127.88,1,0,0,888
SimilarityBenchmarks.LeanCorpus_Bm25L_TermQuery,Rowles.LeanCorpus.Benchmarks,SimilarityBenchmarks,LeanCorpus_Bm25L_TermQuery,DefaultJob,Default,Default,Default,Default,Default,Default,Default,Default,Default,Default,Default,Default,Default,Default,Default,Default,Default,Default,Default,Default,Default,Default,Default,Default,Default,Default,Default,Default,Default,Default,Default,Default,Default,Default,Default,Default,Default,Default,Default,Default,Default,DefaultJob,DocumentCount=100000,1,Workload,Actual,1,1000689221,8192,122154.45,1,0,0,888
SimilarityBenchmarks.LeanCorpus_Bm25L_TermQuery,Rowles.LeanCorpus.Benchmarks,SimilarityBenchmarks,LeanCorpus_Bm25L_TermQuery,DefaultJob,Default,Default,Default,Default,Default,Default,Default,Default,Default,Default,Default,Default,Default,Default,Default,Default,Default,Default,Default,Default,Default,Default,Default,Default,Default,Default,Default,Default,Default,Default,Default,Default,Default,Default,Default,Default,Default,Default,Default,Default,Default,DefaultJob,DocumentCount=100000,1,Workload,Actual,2,1000432280,8192,122123.08,1,0,0,888
SimilarityBenchmarks.LeanCorpus_Bm25L_TermQuery,Rowles.LeanCorpus.Benchmarks,SimilarityBenchmarks,LeanCorpus_Bm25L_TermQuery,DefaultJob,Default,Default,Default,Default,Default,Default,Default,Default,Default,Default,Default,Default,Default,Default,Default,Default,Default,Default,Default,Default,Default,Default,Default,Default,Default,Default,Default,Default,Default,Default,Default,Default,Default,Default,Default,Default,Default,Default,Default,Default,Default,DefaultJob,DocumentCount=100000,1,Workload,Actual,3,1009429527,8192,123221.38,1,0,0,888
SimilarityBenchmarks.LeanCorpus_Bm25L_TermQuery,Rowles.LeanCorpus.Benchmarks,SimilarityBenchmarks,LeanCorpus_Bm25L_TermQuery,DefaultJob,Default,Default,Default,Default,Default,Default,Default,Default,Default,Default,Default,Default,Default,Default,Default,Default,Default,Default,Default,Default,Default,Default,Default,Default,Default,Default,Default,Default,Default,Default,Default,Default,Default,Default,Default,Default,Default,Default,Default,Default,Default,DefaultJob,DocumentCount=100000,1,Workload,Actual,4,1016728325,8192,124112.34,1,0,0,888
SimilarityBenchmarks.LeanCorpus_Bm25L_TermQuery,Rowles.LeanCorpus.Benchmarks,SimilarityBenchmarks,LeanCorpus_Bm25L_TermQuery,DefaultJob,Default,Default,Default,Default,Default,Default,Default,Default,Default,Default,Default,Default,Default,Default,Default,Default,Default,Default,Default,Default,Default,Default,Default,Default,Default,Default,Default,Default,Default,Default,Default,Default,Default,Default,Default,Default,Default,Default,Default,Default,Default,DefaultJob,DocumentCount=100000,1,Workload,Actual,5,1010408898,8192,123340.93,1,0,0,888
SimilarityBenchmarks.LeanCorpus_Bm25L_TermQuery,Rowles.LeanCorpus.Benchmarks,SimilarityBenchmarks,LeanCorpus_Bm25L_TermQuery,DefaultJob,Default,Default,Default,Default,Default,Default,Default,Default,Default,Default,Default,Default,Default,Default,Default,Default,Default,Default,Default,Default,Default,Default,Default,Default,Default,Default,Default,Default,Default,Default,Default,Default,Default,Default,Default,Default,Default,Default,Default,Default,Default,DefaultJob,DocumentCount=100000,1,Workload,Actual,6,1015306709,8192,123938.81,1,0,0,888
SimilarityBenchmarks.LeanCorpus_Bm25L_TermQuery,Rowles.LeanCorpus.Benchmarks,SimilarityBenchmarks,LeanCorpus_Bm25L_TermQuery,DefaultJob,Default,Default,Default,Default,Default,Default,Default,Default,Default,Default,Default,Default,Default,Default,Default,Default,Default,Default,Default,Default,Default,Default,Default,Default,Default,Default,Default,Default,Default,Default,Default,Default,Default,Default,Default,Default,Default,Default,Default,Default,Default,DefaultJob,DocumentCount=100000,1,Workload,Actual,7,1013399701,8192,123706.02,1,0,0,888
SimilarityBenchmarks.LeanCorpus_Bm25L_TermQuery,Rowles.LeanCorpus.Benchmarks,SimilarityBenchmarks,LeanCorpus_Bm25L_TermQuery,DefaultJob,Default,Default,Default,Default,Default,Default,Default,Default,Default,Default,Default,Default,Default,Default,Default,Default,Default,Default,Default,Default,Default,Default,Default,Default,Default,Default,Default,Default,Default,Default,Default,Default,Default,Default,Default,Default,Default,Default,Default,Default,Default,DefaultJob,DocumentCount=100000,1,Workload,Actual,8,1006094222,8192,122814.24,1,0,0,888
SimilarityBenchmarks.LeanCorpus_Bm25L_TermQuery,Rowles.LeanCorpus.Benchmarks,SimilarityBenchmarks,LeanCorpus_Bm25L_TermQuery,DefaultJob,Default,Default,Default,Default,Default,Default,Default,Default,Default,Default,Default,Default,Default,Default,Default,Default,Default,Default,Default,Default,Default,Default,Default,Default,Default,Default,Default,Default,Default,Default,Default,Default,Default,Default,Default,Default,Default,Default,Default,Default,Default,DefaultJob,DocumentCount=100000,1,Workload,Actual,9,999885483,8192,122056.33,1,0,0,888
SimilarityBenchmarks.LeanCorpus_Bm25L_TermQuery,Rowles.LeanCorpus.Benchmarks,SimilarityBenchmarks,LeanCorpus_Bm25L_TermQuery,DefaultJob,Default,Default,Default,Default,Default,Default,Default,Default,Default,Default,Default,Default,Default,Default,Default,Default,Default,Default,Default,Default,Default,Default,Default,Default,Default,Default,Default,Default,Default,Default,Default,Default,Default,Default,Default,Default,Default,Default,Default,Default,Default,DefaultJob,DocumentCount=100000,1,Workload,Actual,10,1016754213,8192,124115.5,1,0,0,888
SimilarityBenchmarks.LeanCorpus_Bm25L_TermQuery,Rowles.LeanCorpus.Benchmarks,SimilarityBenchmarks,LeanCorpus_Bm25L_TermQuery,DefaultJob,Default,Default,Default,Default,Default,Default,Default,Default,Default,Default,Default,Default,Default,Default,Default,Default,Default,Default,Default,Default,Default,Default,Default,Default,Default,Default,Default,Default,Default,Default,Default,Default,Default,Default,Default,Default,Default,Default,Default,Default,Default,DefaultJob,DocumentCount=100000,1,Workload,Actual,11,1010258056,8192,123322.52,1,0,0,888
SimilarityBenchmarks.LeanCorpus_Bm25L_TermQuery,Rowles.LeanCorpus.Benchmarks,SimilarityBenchmarks,LeanCorpus_Bm25L_TermQuery,DefaultJob,Default,Default,Default,Default,Default,Default,Default,Default,Default,Default,Default,Default,Default,Default,Default,Default,Default,Default,Default,Default,Default,Default,Default,Default,Default,Default,Default,Default,Default,Default,Default,Default,Default,Default,Default,Default,Default,Default,Default,Default,Default,DefaultJob,DocumentCount=100000,1,Workload,Actual,12,1010817418,8192,123390.8,1,0,0,888
SimilarityBenchmarks.LeanCorpus_Bm25L_TermQuery,Rowles.LeanCorpus.Benchmarks,SimilarityBenchmarks,LeanCorpus_Bm25L_TermQuery,DefaultJob,Default,Default,Default,Default,Default,Default,Default,Default,Default,Default,Default,Default,Default,Default,Default,Default,Default,Default,Default,Default,Default,Default,Default,Default,Default,Default,Default,Default,Default,Default,Default,Default,Default,Default,Default,Default,Default,Default,Default,Default,Default,DefaultJob,DocumentCount=100000,1,Workload,Actual,13,1011969921,8192,123531.48,1,0,0,888
SimilarityBenchmarks.LeanCorpus_Bm25L_TermQuery,Rowles.LeanCorpus.Benchmarks,SimilarityBenchmarks,LeanCorpus_Bm25L_TermQuery,DefaultJob,Default,Default,Default,Default,Default,Default,Default,Default,Default,Default,Default,Default,Default,Default,Default,Default,Default,Default,Default,Default,Default,Default,Default,Default,Default,Default,Default,Default,Default,Default,Default,Default,Default,Default,Default,Default,Default,Default,Default,Default,Default,DefaultJob,DocumentCount=100000,1,Workload,Actual,14,1006273915,8192,122836.17,1,0,0,888
SimilarityBenchmarks.LeanCorpus_Bm25L_TermQuery,Rowles.LeanCorpus.Benchmarks,SimilarityBenchmarks,LeanCorpus_Bm25L_TermQuery,DefaultJob,Default,Default,Default,Default,Default,Default,Default,Default,Default,Default,Default,Default,Default,Default,Default,Default,Default,Default,Default,Default,Default,Default,Default,Default,Default,Default,Default,Default,Default,Default,Default,Default,Default,Default,Default,Default,Default,Default,Default,Default,Default,DefaultJob,DocumentCount=100000,1,Workload,Actual,15,1016733523,8192,124112.98,1,0,0,888
SimilarityBenchmarks.LeanCorpus_Bm25L_TermQuery,Rowles.LeanCorpus.Benchmarks,SimilarityBenchmarks,LeanCorpus_Bm25L_TermQuery,DefaultJob,Default,Default,Default,Default,Default,Default,Default,Default,Default,Default,Default,Default,Default,Default,Default,Default,Default,Default,Default,Default,Default,Default,Default,Default,Default,Default,Default,Default,Default,Default,Default,Default,Default,Default,Default,Default,Default,Default,Default,Default,Default,DefaultJob,DocumentCount=100000,1,Workload,Extra,1,999972981,8192,122067.01,1,0,0,888
SimilarityBenchmarks.LeanCorpus_Bm25L_TermQuery,Rowles.LeanCorpus.Benchmarks,SimilarityBenchmarks,LeanCorpus_Bm25L_TermQuery,DefaultJob,Default,Default,Default,Default,Default,Default,Default,Default,Default,Default,Default,Default,Default,Default,Default,Default,Default,Default,Default,Default,Default,Default,Default,Default,Default,Default,Default,Default,Default,Default,Default,Default,Default,Default,Default,Default,Default,Default,Default,Default,Default,DefaultJob,DocumentCount=100000,1,Workload,Result,1,1000689221,8192,122154.45,1,0,0,888
SimilarityBenchmarks.LeanCorpus_Bm25L_TermQuery,Rowles.LeanCorpus.Benchmarks,SimilarityBenchmarks,LeanCorpus_Bm25L_TermQuery,DefaultJob,Default,Default,Default,Default,Default,Default,Default,Default,Default,Default,Default,Default,Default,Default,Default,Default,Default,Default,Default,Default,Default,Default,Default,Default,Default,Default,Default,Default,Default,Default,Default,Default,Default,Default,Default,Default,Default,Default,Default,Default,Default,DefaultJob,DocumentCount=100000,1,Workload,Result,2,1000432280,8192,122123.08,1,0,0,888
SimilarityBenchmarks.LeanCorpus_Bm25L_TermQuery,Rowles.LeanCorpus.Benchmarks,SimilarityBenchmarks,LeanCorpus_Bm25L_TermQuery,DefaultJob,Default,Default,Default,Default,Default,Default,Default,Default,Default,Default,Default,Default,Default,Default,Default,Default,Default,Default,Default,Default,Default,Default,Default,Default,Default,Default,Default,Default,Default,Default,Default,Default,Default,Default,Default,Default,Default,Default,Default,Default,Default,DefaultJob,DocumentCount=100000,1,Workload,Result,3,1009429527,8192,123221.38,1,0,0,888
SimilarityBenchmarks.LeanCorpus_Bm25L_TermQuery,Rowles.LeanCorpus.Benchmarks,SimilarityBenchmarks,LeanCorpus_Bm25L_TermQuery,DefaultJob,Default,Default,Default,Default,Default,Default,Default,Default,Default,Default,Default,Default,Default,Default,Default,Default,Default,Default,Default,Default,Default,Default,Default,Default,Default,Default,Default,Default,Default,Default,Default,Default,Default,Default,Default,Default,Default,Default,Default,Default,Default,DefaultJob,DocumentCount=100000,1,Workload,Result,4,1016728325,8192,124112.34,1,0,0,888
SimilarityBenchmarks.LeanCorpus_Bm25L_TermQuery,Rowles.LeanCorpus.Benchmarks,SimilarityBenchmarks,LeanCorpus_Bm25L_TermQuery,DefaultJob,Default,Default,Default,Default,Default,Default,Default,Default,Default,Default,Default,Default,Default,Default,Default,Default,Default,Default,Default,Default,Default,Default,Default,Default,Default,Default,Default,Default,Default,Default,Default,Default,Default,Default,Default,Default,Default,Default,Default,Default,Default,DefaultJob,DocumentCount=100000,1,Workload,Result,5,1010408898,8192,123340.93,1,0,0,888
SimilarityBenchmarks.LeanCorpus_Bm25L_TermQuery,Rowles.LeanCorpus.Benchmarks,SimilarityBenchmarks,LeanCorpus_Bm25L_TermQuery,DefaultJob,Default,Default,Default,Default,Default,Default,Default,Default,Default,Default,Default,Default,Default,Default,Default,Default,Default,Default,Default,Default,Default,Default,Default,Default,Default,Default,Default,Default,Default,Default,Default,Default,Default,Default,Default,Default,Default,Default,Default,Default,Default,DefaultJob,DocumentCount=100000,1,Workload,Result,6,1015306709,8192,123938.81,1,0,0,888
SimilarityBenchmarks.LeanCorpus_Bm25L_TermQuery,Rowles.LeanCorpus.Benchmarks,SimilarityBenchmarks,LeanCorpus_Bm25L_TermQuery,DefaultJob,Default,Default,Default,Default,Default,Default,Default,Default,Default,Default,Default,Default,Default,Default,Default,Default,Default,Default,Default,Default,Default,Default,Default,Default,Default,Default,Default,Default,Default,Default,Default,Default,Default,Default,Default,Default,Default,Default,Default,Default,Default,DefaultJob,DocumentCount=100000,1,Workload,Result,7,1013399701,8192,123706.02,1,0,0,888
SimilarityBenchmarks.LeanCorpus_Bm25L_TermQuery,Rowles.LeanCorpus.Benchmarks,SimilarityBenchmarks,LeanCorpus_Bm25L_TermQuery,DefaultJob,Default,Default,Default,Default,Default,Default,Default,Default,Default,Default,Default,Default,Default,Default,Default,Default,Default,Default,Default,Default,Default,Default,Default,Default,Default,Default,Default,Default,Default,Default,Default,Default,Default,Default,Default,Default,Default,Default,Default,Default,Default,DefaultJob,DocumentCount=100000,1,Workload,Result,8,1006094222,8192,122814.24,1,0,0,888
SimilarityBenchmarks.LeanCorpus_Bm25L_TermQuery,Rowles.LeanCorpus.Benchmarks,SimilarityBenchmarks,LeanCorpus_Bm25L_TermQuery,DefaultJob,Default,Default,Default,Default,Default,Default,Default,Default,Default,Default,Default,Default,Default,Default,Default,Default,Default,Default,Default,Default,Default,Default,Default,Default,Default,Default,Default,Default,Default,Default,Default,Default,Default,Default,Default,Default,Default,Default,Default,Default,Default,DefaultJob,DocumentCount=100000,1,Workload,Result,9,999885483,8192,122056.33,1,0,0,888
SimilarityBenchmarks.LeanCorpus_Bm25L_TermQuery,Rowles.LeanCorpus.Benchmarks,SimilarityBenchmarks,LeanCorpus_Bm25L_TermQuery,DefaultJob,Default,Default,Default,Default,Default,Default,Default,Default,Default,Default,Default,Default,Default,Default,Default,Default,Default,Default,Default,Default,Default,Default,Default,Default,Default,Default,Default,Default,Default,Default,Default,Default,Default,Default,Default,Default,Default,Default,Default,Default,Default,DefaultJob,DocumentCount=100000,1,Workload,Result,10,1016754213,8192,124115.5,1,0,0,888
SimilarityBenchmarks.LeanCorpus_Bm25L_TermQuery,Rowles.LeanCorpus.Benchmarks,SimilarityBenchmarks,LeanCorpus_Bm25L_TermQuery,DefaultJob,Default,Default,Default,Default,Default,Default,Default,Default,Default,Default,Default,Default,Default,Default,Default,Default,Default,Default,Default,Default,Default,Default,Default,Default,Default,Default,Default,Default,Default,Default,Default,Default,Default,Default,Default,Default,Default,Default,Default,Default,Default,DefaultJob,DocumentCount=100000,1,Workload,Result,11,1010258056,8192,123322.52,1,0,0,888
SimilarityBenchmarks.LeanCorpus_Bm25L_TermQuery,Rowles.LeanCorpus.Benchmarks,SimilarityBenchmarks,LeanCorpus_Bm25L_TermQuery,DefaultJob,Default,Default,Default,Default,Default,Default,Default,Default,Default,Default,Default,Default,Default,Default,Default,Default,Default,Default,Default,Default,Default,Default,Default,Default,Default,Default,Default,Default,Default,Default,Default,Default,Default,Default,Default,Default,Default,Default,Default,Default,Default,DefaultJob,DocumentCount=100000,1,Workload,Result,12,1010817418,8192,123390.8,1,0,0,888
SimilarityBenchmarks.LeanCorpus_Bm25L_TermQuery,Rowles.LeanCorpus.Benchmarks,SimilarityBenchmarks,LeanCorpus_Bm25L_TermQuery,DefaultJob,Default,Default,Default,Default,Default,Default,Default,Default,Default,Default,Default,Default,Default,Default,Default,Default,Default,Default,Default,Default,Default,Default,Default,Default,Default,Default,Default,Default,Default,Default,Default,Default,Default,Default,Default,Default,Default,Default,Default,Default,Default,DefaultJob,DocumentCount=100000,1,Workload,Result,13,1011969921,8192,123531.48,1,0,0,888
SimilarityBenchmarks.LeanCorpus_Bm25L_TermQuery,Rowles.LeanCorpus.Benchmarks,SimilarityBenchmarks,LeanCorpus_Bm25L_TermQuery,DefaultJob,Default,Default,Default,Default,Default,Default,Default,Default,Default,Default,Default,Default,Default,Default,Default,Default,Default,Default,Default,Default,Default,Default,Default,Default,Default,Default,Default,Default,Default,Default,Default,Default,Default,Default,Default,Default,Default,Default,Default,Default,Default,DefaultJob,DocumentCount=100000,1,Workload,Result,14,1006273915,8192,122836.17,1,0,0,888
SimilarityBenchmarks.LeanCorpus_Bm25L_TermQuery,Rowles.LeanCorpus.Benchmarks,SimilarityBenchmarks,LeanCorpus_Bm25L_TermQuery,DefaultJob,Default,Default,Default,Default,Default,Default,Default,Default,Default,Default,Default,Default,Default,Default,Default,Default,Default,Default,Default,Default,Default,Default,Default,Default,Default,Default,Default,Default,Default,Default,Default,Default,Default,Default,Default,Default,Default,Default,Default,Default,Default,DefaultJob,DocumentCount=100000,1,Workload,Result,15,1016733523,8192,124112.98,1,0,0,888
SimilarityBenchmarks.LeanCorpus_TfIdfAugmented_TermQuery,Rowles.LeanCorpus.Benchmarks,SimilarityBenchmarks,LeanCorpus_TfIdfAugmented_TermQuery,DefaultJob,Default,Default,Default,Default,Default,Default,Default,Default,Default,Default,Default,Default,Default,Default,Default,Default,Default,Default,Default,Default,Default,Default,Default,Default,Default,Default,Default,Default,Default,Default,Default,Default,Default,Default,Default,Default,Default,Default,Default,Default,Default,DefaultJob,DocumentCount=100000,1,Workload,Jitting,1,68860609,1,68860609,0,0,0,888
SimilarityBenchmarks.LeanCorpus_TfIdfAugmented_TermQuery,Rowles.LeanCorpus.Benchmarks,SimilarityBenchmarks,LeanCorpus_TfIdfAugmented_TermQuery,DefaultJob,Default,Default,Default,Default,Default,Default,Default,Default,Default,Default,Default,Default,Default,Default,Default,Default,Default,Default,Default,Default,Default,Default,Default,Default,Default,Default,Default,Default,Default,Default,Default,Default,Default,Default,Default,Default,Default,Default,Default,Default,Default,DefaultJob,DocumentCount=100000,1,Workload,Jitting,2,9850102,30,328336.73,0,0,0,888
SimilarityBenchmarks.LeanCorpus_TfIdfAugmented_TermQuery,Rowles.LeanCorpus.Benchmarks,SimilarityBenchmarks,LeanCorpus_TfIdfAugmented_TermQuery,DefaultJob,Default,Default,Default,Default,Default,Default,Default,Default,Default,Default,Default,Default,Default,Default,Default,Default,Default,Default,Default,Default,Default,Default,Default,Default,Default,Default,Default,Default,Default,Default,Default,Default,Default,Default,Default,Default,Default,Default,Default,Default,Default,DefaultJob,DocumentCount=100000,1,Workload,Jitting,3,11704985,30,390166.17,0,0,0,888
SimilarityBenchmarks.LeanCorpus_TfIdfAugmented_TermQuery,Rowles.LeanCorpus.Benchmarks,SimilarityBenchmarks,LeanCorpus_TfIdfAugmented_TermQuery,DefaultJob,Default,Default,Default,Default,Default,Default,Default,Default,Default,Default,Default,Default,Default,Default,Default,Default,Default,Default,Default,Default,Default,Default,Default,Default,Default,Default,Default,Default,Default,Default,Default,Default,Default,Default,Default,Default,Default,Default,Default,Default,Default,DefaultJob,DocumentCount=100000,1,Workload,Jitting,4,5239993,30,174666.43,0,0,0,888
SimilarityBenchmarks.LeanCorpus_TfIdfAugmented_TermQuery,Rowles.LeanCorpus.Benchmarks,SimilarityBenchmarks,LeanCorpus_TfIdfAugmented_TermQuery,DefaultJob,Default,Default,Default,Default,Default,Default,Default,Default,Default,Default,Default,Default,Default,Default,Default,Default,Default,Default,Default,Default,Default,Default,Default,Default,Default,Default,Default,Default,Default,Default,Default,Default,Default,Default,Default,Default,Default,Default,Default,Default,Default,DefaultJob,DocumentCount=100000,1,Workload,Jitting,5,332955,1,332955,0,0,0,888
SimilarityBenchmarks.LeanCorpus_TfIdfAugmented_TermQuery,Rowles.LeanCorpus.Benchmarks,SimilarityBenchmarks,LeanCorpus_TfIdfAugmented_TermQuery,DefaultJob,Default,Default,Default,Default,Default,Default,Default,Default,Default,Default,Default,Default,Default,Default,Default,Default,Default,Default,Default,Default,Default,Default,Default,Default,Default,Default,Default,Default,Default,Default,Default,Default,Default,Default,Default,Default,Default,Default,Default,Default,Default,DefaultJob,DocumentCount=100000,1,Workload,Pilot,1,325654,1,325654,0,0,0,888
SimilarityBenchmarks.LeanCorpus_TfIdfAugmented_TermQuery,Rowles.LeanCorpus.Benchmarks,SimilarityBenchmarks,LeanCorpus_TfIdfAugmented_TermQuery,DefaultJob,Default,Default,Default,Default,Default,Default,Default,Default,Default,Default,Default,Default,Default,Default,Default,Default,Default,Default,Default,Default,Default,Default,Default,Default,Default,Default,Default,Default,Default,Default,Default,Default,Default,Default,Default,Default,Default,Default,Default,Default,Default,DefaultJob,DocumentCount=100000,1,Workload,Pilot,1,4328029,16,270501.81,0,0,0,888
SimilarityBenchmarks.LeanCorpus_TfIdfAugmented_TermQuery,Rowles.LeanCorpus.Benchmarks,SimilarityBenchmarks,LeanCorpus_TfIdfAugmented_TermQuery,DefaultJob,Default,Default,Default,Default,Default,Default,Default,Default,Default,Default,Default,Default,Default,Default,Default,Default,Default,Default,Default,Default,Default,Default,Default,Default,Default,Default,Default,Default,Default,Default,Default,Default,Default,Default,Default,Default,Default,Default,Default,Default,Default,DefaultJob,DocumentCount=100000,1,Workload,Pilot,2,7592177,32,237255.53,0,0,0,888
SimilarityBenchmarks.LeanCorpus_TfIdfAugmented_TermQuery,Rowles.LeanCorpus.Benchmarks,SimilarityBenchmarks,LeanCorpus_TfIdfAugmented_TermQuery,DefaultJob,Default,Default,Default,Default,Default,Default,Default,Default,Default,Default,Default,Default,Default,Default,Default,Default,Default,Default,Default,Default,Default,Default,Default,Default,Default,Default,Default,Default,Default,Default,Default,Default,Default,Default,Default,Default,Default,Default,Default,Default,Default,DefaultJob,DocumentCount=100000,1,Workload,Pilot,3,14599228,64,228112.94,0,0,0,888
SimilarityBenchmarks.LeanCorpus_TfIdfAugmented_TermQuery,Rowles.LeanCorpus.Benchmarks,SimilarityBenchmarks,LeanCorpus_TfIdfAugmented_TermQuery,DefaultJob,Default,Default,Default,Default,Default,Default,Default,Default,Default,Default,Default,Default,Default,Default,Default,Default,Default,Default,Default,Default,Default,Default,Default,Default,Default,Default,Default,Default,Default,Default,Default,Default,Default,Default,Default,Default,Default,Default,Default,Default,Default,DefaultJob,DocumentCount=100000,1,Workload,Pilot,4,24040199,128,187814.05,0,0,0,888
SimilarityBenchmarks.LeanCorpus_TfIdfAugmented_TermQuery,Rowles.LeanCorpus.Benchmarks,SimilarityBenchmarks,LeanCorpus_TfIdfAugmented_TermQuery,DefaultJob,Default,Default,Default,Default,Default,Default,Default,Default,Default,Default,Default,Default,Default,Default,Default,Default,Default,Default,Default,Default,Default,Default,Default,Default,Default,Default,Default,Default,Default,Default,Default,Default,Default,Default,Default,Default,Default,Default,Default,Default,Default,DefaultJob,DocumentCount=100000,1,Workload,Pilot,5,37227482,256,145419.85,0,0,0,888
SimilarityBenchmarks.LeanCorpus_TfIdfAugmented_TermQuery,Rowles.LeanCorpus.Benchmarks,SimilarityBenchmarks,LeanCorpus_TfIdfAugmented_TermQuery,DefaultJob,Default,Default,Default,Default,Default,Default,Default,Default,Default,Default,Default,Default,Default,Default,Default,Default,Default,Default,Default,Default,Default,Default,Default,Default,Default,Default,Default,Default,Default,Default,Default,Default,Default,Default,Default,Default,Default,Default,Default,Default,Default,DefaultJob,DocumentCount=100000,1,Workload,Pilot,6,62687023,512,122435.59,0,0,0,888
SimilarityBenchmarks.LeanCorpus_TfIdfAugmented_TermQuery,Rowles.LeanCorpus.Benchmarks,SimilarityBenchmarks,LeanCorpus_TfIdfAugmented_TermQuery,DefaultJob,Default,Default,Default,Default,Default,Default,Default,Default,Default,Default,Default,Default,Default,Default,Default,Default,Default,Default,Default,Default,Default,Default,Default,Default,Default,Default,Default,Default,Default,Default,Default,Default,Default,Default,Default,Default,Default,Default,Default,Default,Default,DefaultJob,DocumentCount=100000,1,Workload,Pilot,7,125580694,1024,122637.4,0,0,0,888
SimilarityBenchmarks.LeanCorpus_TfIdfAugmented_TermQuery,Rowles.LeanCorpus.Benchmarks,SimilarityBenchmarks,LeanCorpus_TfIdfAugmented_TermQuery,DefaultJob,Default,Default,Default,Default,Default,Default,Default,Default,Default,Default,Default,Default,Default,Default,Default,Default,Default,Default,Default,Default,Default,Default,Default,Default,Default,Default,Default,Default,Default,Default,Default,Default,Default,Default,Default,Default,Default,Default,Default,Default,Default,DefaultJob,DocumentCount=100000,1,Workload,Pilot,8,253012647,2048,123541.33,0,0,0,888
SimilarityBenchmarks.LeanCorpus_TfIdfAugmented_TermQuery,Rowles.LeanCorpus.Benchmarks,SimilarityBenchmarks,LeanCorpus_TfIdfAugmented_TermQuery,DefaultJob,Default,Default,Default,Default,Default,Default,Default,Default,Default,Default,Default,Default,Default,Default,Default,Default,Default,Default,Default,Default,Default,Default,Default,Default,Default,Default,Default,Default,Default,Default,Default,Default,Default,Default,Default,Default,Default,Default,Default,Default,Default,DefaultJob,DocumentCount=100000,1,Workload,Pilot,9,506339066,4096,123617.94,0,0,0,888
SimilarityBenchmarks.LeanCorpus_TfIdfAugmented_TermQuery,Rowles.LeanCorpus.Benchmarks,SimilarityBenchmarks,LeanCorpus_TfIdfAugmented_TermQuery,DefaultJob,Default,Default,Default,Default,Default,Default,Default,Default,Default,Default,Default,Default,Default,Default,Default,Default,Default,Default,Default,Default,Default,Default,Default,Default,Default,Default,Default,Default,Default,Default,Default,Default,Default,Default,Default,Default,Default,Default,Default,Default,Default,DefaultJob,DocumentCount=100000,1,Workload,Warmup,1,505412325,4096,123391.68,0,0,0,888
SimilarityBenchmarks.LeanCorpus_TfIdfAugmented_TermQuery,Rowles.LeanCorpus.Benchmarks,SimilarityBenchmarks,LeanCorpus_TfIdfAugmented_TermQuery,DefaultJob,Default,Default,Default,Default,Default,Default,Default,Default,Default,Default,Default,Default,Default,Default,Default,Default,Default,Default,Default,Default,Default,Default,Default,Default,Default,Default,Default,Default,Default,Default,Default,Default,Default,Default,Default,Default,Default,Default,Default,Default,Default,DefaultJob,DocumentCount=100000,1,Workload,Warmup,2,498937301,4096,121810.86,0,0,0,888
SimilarityBenchmarks.LeanCorpus_TfIdfAugmented_TermQuery,Rowles.LeanCorpus.Benchmarks,SimilarityBenchmarks,LeanCorpus_TfIdfAugmented_TermQuery,DefaultJob,Default,Default,Default,Default,Default,Default,Default,Default,Default,Default,Default,Default,Default,Default,Default,Default,Default,Default,Default,Default,Default,Default,Default,Default,Default,Default,Default,Default,Default,Default,Default,Default,Default,Default,Default,Default,Default,Default,Default,Default,Default,DefaultJob,DocumentCount=100000,1,Workload,Warmup,3,499403548,4096,121924.69,0,0,0,888
SimilarityBenchmarks.LeanCorpus_TfIdfAugmented_TermQuery,Rowles.LeanCorpus.Benchmarks,SimilarityBenchmarks,LeanCorpus_TfIdfAugmented_TermQuery,DefaultJob,Default,Default,Default,Default,Default,Default,Default,Default,Default,Default,Default,Default,Default,Default,Default,Default,Default,Default,Default,Default,Default,Default,Default,Default,Default,Default,Default,Default,Default,Default,Default,Default,Default,Default,Default,Default,Default,Default,Default,Default,Default,DefaultJob,DocumentCount=100000,1,Workload,Warmup,4,500769951,4096,122258.29,0,0,0,888
SimilarityBenchmarks.LeanCorpus_TfIdfAugmented_TermQuery,Rowles.LeanCorpus.Benchmarks,SimilarityBenchmarks,LeanCorpus_TfIdfAugmented_TermQuery,DefaultJob,Default,Default,Default,Default,Default,Default,Default,Default,Default,Default,Default,Default,Default,Default,Default,Default,Default,Default,Default,Default,Default,Default,Default,Default,Default,Default,Default,Default,Default,Default,Default,Default,Default,Default,Default,Default,Default,Default,Default,Default,Default,DefaultJob,DocumentCount=100000,1,Workload,Warmup,5,500242192,4096,122129.44,0,0,0,888
SimilarityBenchmarks.LeanCorpus_TfIdfAugmented_TermQuery,Rowles.LeanCorpus.Benchmarks,SimilarityBenchmarks,LeanCorpus_TfIdfAugmented_TermQuery,DefaultJob,Default,Default,Default,Default,Default,Default,Default,Default,Default,Default,Default,Default,Default,Default,Default,Default,Default,Default,Default,Default,Default,Default,Default,Default,Default,Default,Default,Default,Default,Default,Default,Default,Default,Default,Default,Default,Default,Default,Default,Default,Default,DefaultJob,DocumentCount=100000,1,Workload,Warmup,6,500193205,4096,122117.48,0,0,0,888
SimilarityBenchmarks.LeanCorpus_TfIdfAugmented_TermQuery,Rowles.LeanCorpus.Benchmarks,SimilarityBenchmarks,LeanCorpus_TfIdfAugmented_TermQuery,DefaultJob,Default,Default,Default,Default,Default,Default,Default,Default,Default,Default,Default,Default,Default,Default,Default,Default,Default,Default,Default,Default,Default,Default,Default,Default,Default,Default,Default,Default,Default,Default,Default,Default,Default,Default,Default,Default,Default,Default,Default,Default,Default,DefaultJob,DocumentCount=100000,1,Workload,Warmup,7,499630783,4096,121980.17,0,0,0,888
SimilarityBenchmarks.LeanCorpus_TfIdfAugmented_TermQuery,Rowles.LeanCorpus.Benchmarks,SimilarityBenchmarks,LeanCorpus_TfIdfAugmented_TermQuery,DefaultJob,Default,Default,Default,Default,Default,Default,Default,Default,Default,Default,Default,Default,Default,Default,Default,Default,Default,Default,Default,Default,Default,Default,Default,Default,Default,Default,Default,Default,Default,Default,Default,Default,Default,Default,Default,Default,Default,Default,Default,Default,Default,DefaultJob,DocumentCount=100000,1,Workload,Warmup,8,492128965,4096,120148.67,0,0,0,888
SimilarityBenchmarks.LeanCorpus_TfIdfAugmented_TermQuery,Rowles.LeanCorpus.Benchmarks,SimilarityBenchmarks,LeanCorpus_TfIdfAugmented_TermQuery,DefaultJob,Default,Default,Default,Default,Default,Default,Default,Default,Default,Default,Default,Default,Default,Default,Default,Default,Default,Default,Default,Default,Default,Default,Default,Default,Default,Default,Default,Default,Default,Default,Default,Default,Default,Default,Default,Default,Default,Default,Default,Default,Default,DefaultJob,DocumentCount=100000,1,Workload,Warmup,9,495370531,4096,120940.07,0,0,0,888
SimilarityBenchmarks.LeanCorpus_TfIdfAugmented_TermQuery,Rowles.LeanCorpus.Benchmarks,SimilarityBenchmarks,LeanCorpus_TfIdfAugmented_TermQuery,DefaultJob,Default,Default,Default,Default,Default,Default,Default,Default,Default,Default,Default,Default,Default,Default,Default,Default,Default,Default,Default,Default,Default,Default,Default,Default,Default,Default,Default,Default,Default,Default,Default,Default,Default,Default,Default,Default,Default,Default,Default,Default,Default,DefaultJob,DocumentCount=100000,1,Workload,Warmup,10,499106834,4096,121852.25,0,0,0,888
SimilarityBenchmarks.LeanCorpus_TfIdfAugmented_TermQuery,Rowles.LeanCorpus.Benchmarks,SimilarityBenchmarks,LeanCorpus_TfIdfAugmented_TermQuery,DefaultJob,Default,Default,Default,Default,Default,Default,Default,Default,Default,Default,Default,Default,Default,Default,Default,Default,Default,Default,Default,Default,Default,Default,Default,Default,Default,Default,Default,Default,Default,Default,Default,Default,Default,Default,Default,Default,Default,Default,Default,Default,Default,DefaultJob,DocumentCount=100000,1,Workload,Warmup,11,499775362,4096,122015.47,0,0,0,888
SimilarityBenchmarks.LeanCorpus_TfIdfAugmented_TermQuery,Rowles.LeanCorpus.Benchmarks,SimilarityBenchmarks,LeanCorpus_TfIdfAugmented_TermQuery,DefaultJob,Default,Default,Default,Default,Default,Default,Default,Default,Default,Default,Default,Default,Default,Default,Default,Default,Default,Default,Default,Default,Default,Default,Default,Default,Default,Default,Default,Default,Default,Default,Default,Default,Default,Default,Default,Default,Default,Default,Default,Default,Default,DefaultJob,DocumentCount=100000,1,Workload,Warmup,12,500143603,4096,122105.37,0,0,0,888
SimilarityBenchmarks.LeanCorpus_TfIdfAugmented_TermQuery,Rowles.LeanCorpus.Benchmarks,SimilarityBenchmarks,LeanCorpus_TfIdfAugmented_TermQuery,DefaultJob,Default,Default,Default,Default,Default,Default,Default,Default,Default,Default,Default,Default,Default,Default,Default,Default,Default,Default,Default,Default,Default,Default,Default,Default,Default,Default,Default,Default,Default,Default,Default,Default,Default,Default,Default,Default,Default,Default,Default,Default,Default,DefaultJob,DocumentCount=100000,1,Workload,Warmup,13,499077023,4096,121844.98,0,0,0,888
SimilarityBenchmarks.LeanCorpus_TfIdfAugmented_TermQuery,Rowles.LeanCorpus.Benchmarks,SimilarityBenchmarks,LeanCorpus_TfIdfAugmented_TermQuery,DefaultJob,Default,Default,Default,Default,Default,Default,Default,Default,Default,Default,Default,Default,Default,Default,Default,Default,Default,Default,Default,Default,Default,Default,Default,Default,Default,Default,Default,Default,Default,Default,Default,Default,Default,Default,Default,Default,Default,Default,Default,Default,Default,DefaultJob,DocumentCount=100000,1,Workload,Actual,1,490879620,4096,119843.66,0,0,0,888
SimilarityBenchmarks.LeanCorpus_TfIdfAugmented_TermQuery,Rowles.LeanCorpus.Benchmarks,SimilarityBenchmarks,LeanCorpus_TfIdfAugmented_TermQuery,DefaultJob,Default,Default,Default,Default,Default,Default,Default,Default,Default,Default,Default,Default,Default,Default,Default,Default,Default,Default,Default,Default,Default,Default,Default,Default,Default,Default,Default,Default,Default,Default,Default,Default,Default,Default,Default,Default,Default,Default,Default,Default,Default,DefaultJob,DocumentCount=100000,1,Workload,Actual,2,493044377,4096,120372.16,0,0,0,888
SimilarityBenchmarks.LeanCorpus_TfIdfAugmented_TermQuery,Rowles.LeanCorpus.Benchmarks,SimilarityBenchmarks,LeanCorpus_TfIdfAugmented_TermQuery,DefaultJob,Default,Default,Default,Default,Default,Default,Default,Default,Default,Default,Default,Default,Default,Default,Default,Default,Default,Default,Default,Default,Default,Default,Default,Default,Default,Default,Default,Default,Default,Default,Default,Default,Default,Default,Default,Default,Default,Default,Default,Default,Default,DefaultJob,DocumentCount=100000,1,Workload,Actual,3,497572814,4096,121477.74,0,0,0,888
SimilarityBenchmarks.LeanCorpus_TfIdfAugmented_TermQuery,Rowles.LeanCorpus.Benchmarks,SimilarityBenchmarks,LeanCorpus_TfIdfAugmented_TermQuery,DefaultJob,Default,Default,Default,Default,Default,Default,Default,Default,Default,Default,Default,Default,Default,Default,Default,Default,Default,Default,Default,Default,Default,Default,Default,Default,Default,Default,Default,Default,Default,Default,Default,Default,Default,Default,Default,Default,Default,Default,Default,Default,Default,DefaultJob,DocumentCount=100000,1,Workload,Actual,4,501077487,4096,122333.37,0,0,0,888
SimilarityBenchmarks.LeanCorpus_TfIdfAugmented_TermQuery,Rowles.LeanCorpus.Benchmarks,SimilarityBenchmarks,LeanCorpus_TfIdfAugmented_TermQuery,DefaultJob,Default,Default,Default,Default,Default,Default,Default,Default,Default,Default,Default,Default,Default,Default,Default,Default,Default,Default,Default,Default,Default,Default,Default,Default,Default,Default,Default,Default,Default,Default,Default,Default,Default,Default,Default,Default,Default,Default,Default,Default,Default,DefaultJob,DocumentCount=100000,1,Workload,Actual,5,500106707,4096,122096.36,0,0,0,888
SimilarityBenchmarks.LeanCorpus_TfIdfAugmented_TermQuery,Rowles.LeanCorpus.Benchmarks,SimilarityBenchmarks,LeanCorpus_TfIdfAugmented_TermQuery,DefaultJob,Default,Default,Default,Default,Default,Default,Default,Default,Default,Default,Default,Default,Default,Default,Default,Default,Default,Default,Default,Default,Default,Default,Default,Default,Default,Default,Default,Default,Default,Default,Default,Default,Default,Default,Default,Default,Default,Default,Default,Default,Default,DefaultJob,DocumentCount=100000,1,Workload,Actual,6,499156361,4096,121864.35,0,0,0,888
SimilarityBenchmarks.LeanCorpus_TfIdfAugmented_TermQuery,Rowles.LeanCorpus.Benchmarks,SimilarityBenchmarks,LeanCorpus_TfIdfAugmented_TermQuery,DefaultJob,Default,Default,Default,Default,Default,Default,Default,Default,Default,Default,Default,Default,Default,Default,Default,Default,Default,Default,Default,Default,Default,Default,Default,Default,Default,Default,Default,Default,Default,Default,Default,Default,Default,Default,Default,Default,Default,Default,Default,Default,Default,DefaultJob,DocumentCount=100000,1,Workload,Actual,7,494026636,4096,120611.97,0,0,0,888
SimilarityBenchmarks.LeanCorpus_TfIdfAugmented_TermQuery,Rowles.LeanCorpus.Benchmarks,SimilarityBenchmarks,LeanCorpus_TfIdfAugmented_TermQuery,DefaultJob,Default,Default,Default,Default,Default,Default,Default,Default,Default,Default,Default,Default,Default,Default,Default,Default,Default,Default,Default,Default,Default,Default,Default,Default,Default,Default,Default,Default,Default,Default,Default,Default,Default,Default,Default,Default,Default,Default,Default,Default,Default,DefaultJob,DocumentCount=100000,1,Workload,Actual,8,491739790,4096,120053.66,0,0,0,888
SimilarityBenchmarks.LeanCorpus_TfIdfAugmented_TermQuery,Rowles.LeanCorpus.Benchmarks,SimilarityBenchmarks,LeanCorpus_TfIdfAugmented_TermQuery,DefaultJob,Default,Default,Default,Default,Default,Default,Default,Default,Default,Default,Default,Default,Default,Default,Default,Default,Default,Default,Default,Default,Default,Default,Default,Default,Default,Default,Default,Default,Default,Default,Default,Default,Default,Default,Default,Default,Default,Default,Default,Default,Default,DefaultJob,DocumentCount=100000,1,Workload,Actual,9,491730404,4096,120051.37,0,0,0,888
SimilarityBenchmarks.LeanCorpus_TfIdfAugmented_TermQuery,Rowles.LeanCorpus.Benchmarks,SimilarityBenchmarks,LeanCorpus_TfIdfAugmented_TermQuery,DefaultJob,Default,Default,Default,Default,Default,Default,Default,Default,Default,Default,Default,Default,Default,Default,Default,Default,Default,Default,Default,Default,Default,Default,Default,Default,Default,Default,Default,Default,Default,Default,Default,Default,Default,Default,Default,Default,Default,Default,Default,Default,Default,DefaultJob,DocumentCount=100000,1,Workload,Actual,10,490775349,4096,119818.2,0,0,0,888
SimilarityBenchmarks.LeanCorpus_TfIdfAugmented_TermQuery,Rowles.LeanCorpus.Benchmarks,SimilarityBenchmarks,LeanCorpus_TfIdfAugmented_TermQuery,DefaultJob,Default,Default,Default,Default,Default,Default,Default,Default,Default,Default,Default,Default,Default,Default,Default,Default,Default,Default,Default,Default,Default,Default,Default,Default,Default,Default,Default,Default,Default,Default,Default,Default,Default,Default,Default,Default,Default,Default,Default,Default,Default,DefaultJob,DocumentCount=100000,1,Workload,Actual,11,495798176,4096,121044.48,0,0,0,888
SimilarityBenchmarks.LeanCorpus_TfIdfAugmented_TermQuery,Rowles.LeanCorpus.Benchmarks,SimilarityBenchmarks,LeanCorpus_TfIdfAugmented_TermQuery,DefaultJob,Default,Default,Default,Default,Default,Default,Default,Default,Default,Default,Default,Default,Default,Default,Default,Default,Default,Default,Default,Default,Default,Default,Default,Default,Default,Default,Default,Default,Default,Default,Default,Default,Default,Default,Default,Default,Default,Default,Default,Default,Default,DefaultJob,DocumentCount=100000,1,Workload,Actual,12,497951534,4096,121570.2,0,0,0,888
SimilarityBenchmarks.LeanCorpus_TfIdfAugmented_TermQuery,Rowles.LeanCorpus.Benchmarks,SimilarityBenchmarks,LeanCorpus_TfIdfAugmented_TermQuery,DefaultJob,Default,Default,Default,Default,Default,Default,Default,Default,Default,Default,Default,Default,Default,Default,Default,Default,Default,Default,Default,Default,Default,Default,Default,Default,Default,Default,Default,Default,Default,Default,Default,Default,Default,Default,Default,Default,Default,Default,Default,Default,Default,DefaultJob,DocumentCount=100000,1,Workload,Actual,13,494838223,4096,120810.11,0,0,0,888
SimilarityBenchmarks.LeanCorpus_TfIdfAugmented_TermQuery,Rowles.LeanCorpus.Benchmarks,SimilarityBenchmarks,LeanCorpus_TfIdfAugmented_TermQuery,DefaultJob,Default,Default,Default,Default,Default,Default,Default,Default,Default,Default,Default,Default,Default,Default,Default,Default,Default,Default,Default,Default,Default,Default,Default,Default,Default,Default,Default,Default,Default,Default,Default,Default,Default,Default,Default,Default,Default,Default,Default,Default,Default,DefaultJob,DocumentCount=100000,1,Workload,Actual,14,500280219,4096,122138.73,0,0,0,888
SimilarityBenchmarks.LeanCorpus_TfIdfAugmented_TermQuery,Rowles.LeanCorpus.Benchmarks,SimilarityBenchmarks,LeanCorpus_TfIdfAugmented_TermQuery,DefaultJob,Default,Default,Default,Default,Default,Default,Default,Default,Default,Default,Default,Default,Default,Default,Default,Default,Default,Default,Default,Default,Default,Default,Default,Default,Default,Default,Default,Default,Default,Default,Default,Default,Default,Default,Default,Default,Default,Default,Default,Default,Default,DefaultJob,DocumentCount=100000,1,Workload,Actual,15,501893068,4096,122532.49,0,0,0,888
SimilarityBenchmarks.LeanCorpus_TfIdfAugmented_TermQuery,Rowles.LeanCorpus.Benchmarks,SimilarityBenchmarks,LeanCorpus_TfIdfAugmented_TermQuery,DefaultJob,Default,Default,Default,Default,Default,Default,Default,Default,Default,Default,Default,Default,Default,Default,Default,Default,Default,Default,Default,Default,Default,Default,Default,Default,Default,Default,Default,Default,Default,Default,Default,Default,Default,Default,Default,Default,Default,Default,Default,Default,Default,DefaultJob,DocumentCount=100000,1,Workload,Extra,1,498652717,4096,121741.39,0,0,0,888
SimilarityBenchmarks.LeanCorpus_TfIdfAugmented_TermQuery,Rowles.LeanCorpus.Benchmarks,SimilarityBenchmarks,LeanCorpus_TfIdfAugmented_TermQuery,DefaultJob,Default,Default,Default,Default,Default,Default,Default,Default,Default,Default,Default,Default,Default,Default,Default,Default,Default,Default,Default,Default,Default,Default,Default,Default,Default,Default,Default,Default,Default,Default,Default,Default,Default,Default,Default,Default,Default,Default,Default,Default,Default,DefaultJob,DocumentCount=100000,1,Workload,Result,1,490879620,4096,119843.66,0,0,0,888
SimilarityBenchmarks.LeanCorpus_TfIdfAugmented_TermQuery,Rowles.LeanCorpus.Benchmarks,SimilarityBenchmarks,LeanCorpus_TfIdfAugmented_TermQuery,DefaultJob,Default,Default,Default,Default,Default,Default,Default,Default,Default,Default,Default,Default,Default,Default,Default,Default,Default,Default,Default,Default,Default,Default,Default,Default,Default,Default,Default,Default,Default,Default,Default,Default,Default,Default,Default,Default,Default,Default,Default,Default,Default,DefaultJob,DocumentCount=100000,1,Workload,Result,2,493044377,4096,120372.16,0,0,0,888
SimilarityBenchmarks.LeanCorpus_TfIdfAugmented_TermQuery,Rowles.LeanCorpus.Benchmarks,SimilarityBenchmarks,LeanCorpus_TfIdfAugmented_TermQuery,DefaultJob,Default,Default,Default,Default,Default,Default,Default,Default,Default,Default,Default,Default,Default,Default,Default,Default,Default,Default,Default,Default,Default,Default,Default,Default,Default,Default,Default,Default,Default,Default,Default,Default,Default,Default,Default,Default,Default,Default,Default,Default,Default,DefaultJob,DocumentCount=100000,1,Workload,Result,3,497572814,4096,121477.74,0,0,0,888
SimilarityBenchmarks.LeanCorpus_TfIdfAugmented_TermQuery,Rowles.LeanCorpus.Benchmarks,SimilarityBenchmarks,LeanCorpus_TfIdfAugmented_TermQuery,DefaultJob,Default,Default,Default,Default,Default,Default,Default,Default,Default,Default,Default,Default,Default,Default,Default,Default,Default,Default,Default,Default,Default,Default,Default,Default,Default,Default,Default,Default,Default,Default,Default,Default,Default,Default,Default,Default,Default,Default,Default,Default,Default,DefaultJob,DocumentCount=100000,1,Workload,Result,4,501077487,4096,122333.37,0,0,0,888
SimilarityBenchmarks.LeanCorpus_TfIdfAugmented_TermQuery,Rowles.LeanCorpus.Benchmarks,SimilarityBenchmarks,LeanCorpus_TfIdfAugmented_TermQuery,DefaultJob,Default,Default,Default,Default,Default,Default,Default,Default,Default,Default,Default,Default,Default,Default,Default,Default,Default,Default,Default,Default,Default,Default,Default,Default,Default,Default,Default,Default,Default,Default,Default,Default,Default,Default,Default,Default,Default,Default,Default,Default,Default,DefaultJob,DocumentCount=100000,1,Workload,Result,5,500106707,4096,122096.36,0,0,0,888
SimilarityBenchmarks.LeanCorpus_TfIdfAugmented_TermQuery,Rowles.LeanCorpus.Benchmarks,SimilarityBenchmarks,LeanCorpus_TfIdfAugmented_TermQuery,DefaultJob,Default,Default,Default,Default,Default,Default,Default,Default,Default,Default,Default,Default,Default,Default,Default,Default,Default,Default,Default,Default,Default,Default,Default,Default,Default,Default,Default,Default,Default,Default,Default,Default,Default,Default,Default,Default,Default,Default,Default,Default,Default,DefaultJob,DocumentCount=100000,1,Workload,Result,6,499156361,4096,121864.35,0,0,0,888
SimilarityBenchmarks.LeanCorpus_TfIdfAugmented_TermQuery,Rowles.LeanCorpus.Benchmarks,SimilarityBenchmarks,LeanCorpus_TfIdfAugmented_TermQuery,DefaultJob,Default,Default,Default,Default,Default,Default,Default,Default,Default,Default,Default,Default,Default,Default,Default,Default,Default,Default,Default,Default,Default,Default,Default,Default,Default,Default,Default,Default,Default,Default,Default,Default,Default,Default,Default,Default,Default,Default,Default,Default,Default,DefaultJob,DocumentCount=100000,1,Workload,Result,7,494026636,4096,120611.97,0,0,0,888
SimilarityBenchmarks.LeanCorpus_TfIdfAugmented_TermQuery,Rowles.LeanCorpus.Benchmarks,SimilarityBenchmarks,LeanCorpus_TfIdfAugmented_TermQuery,DefaultJob,Default,Default,Default,Default,Default,Default,Default,Default,Default,Default,Default,Default,Default,Default,Default,Default,Default,Default,Default,Default,Default,Default,Default,Default,Default,Default,Default,Default,Default,Default,Default,Default,Default,Default,Default,Default,Default,Default,Default,Default,Default,DefaultJob,DocumentCount=100000,1,Workload,Result,8,491739790,4096,120053.66,0,0,0,888
SimilarityBenchmarks.LeanCorpus_TfIdfAugmented_TermQuery,Rowles.LeanCorpus.Benchmarks,SimilarityBenchmarks,LeanCorpus_TfIdfAugmented_TermQuery,DefaultJob,Default,Default,Default,Default,Default,Default,Default,Default,Default,Default,Default,Default,Default,Default,Default,Default,Default,Default,Default,Default,Default,Default,Default,Default,Default,Default,Default,Default,Default,Default,Default,Default,Default,Default,Default,Default,Default,Default,Default,Default,Default,DefaultJob,DocumentCount=100000,1,Workload,Result,9,491730404,4096,120051.37,0,0,0,888
SimilarityBenchmarks.LeanCorpus_TfIdfAugmented_TermQuery,Rowles.LeanCorpus.Benchmarks,SimilarityBenchmarks,LeanCorpus_TfIdfAugmented_TermQuery,DefaultJob,Default,Default,Default,Default,Default,Default,Default,Default,Default,Default,Default,Default,Default,Default,Default,Default,Default,Default,Default,Default,Default,Default,Default,Default,Default,Default,Default,Default,Default,Default,Default,Default,Default,Default,Default,Default,Default,Default,Default,Default,Default,DefaultJob,DocumentCount=100000,1,Workload,Result,10,490775349,4096,119818.2,0,0,0,888
SimilarityBenchmarks.LeanCorpus_TfIdfAugmented_TermQuery,Rowles.LeanCorpus.Benchmarks,SimilarityBenchmarks,LeanCorpus_TfIdfAugmented_TermQuery,DefaultJob,Default,Default,Default,Default,Default,Default,Default,Default,Default,Default,Default,Default,Default,Default,Default,Default,Default,Default,Default,Default,Default,Default,Default,Default,Default,Default,Default,Default,Default,Default,Default,Default,Default,Default,Default,Default,Default,Default,Default,Default,Default,DefaultJob,DocumentCount=100000,1,Workload,Result,11,495798176,4096,121044.48,0,0,0,888
SimilarityBenchmarks.LeanCorpus_TfIdfAugmented_TermQuery,Rowles.LeanCorpus.Benchmarks,SimilarityBenchmarks,LeanCorpus_TfIdfAugmented_TermQuery,DefaultJob,Default,Default,Default,Default,Default,Default,Default,Default,Default,Default,Default,Default,Default,Default,Default,Default,Default,Default,Default,Default,Default,Default,Default,Default,Default,Default,Default,Default,Default,Default,Default,Default,Default,Default,Default,Default,Default,Default,Default,Default,Default,DefaultJob,DocumentCount=100000,1,Workload,Result,12,497951534,4096,121570.2,0,0,0,888
SimilarityBenchmarks.LeanCorpus_TfIdfAugmented_TermQuery,Rowles.LeanCorpus.Benchmarks,SimilarityBenchmarks,LeanCorpus_TfIdfAugmented_TermQuery,DefaultJob,Default,Default,Default,Default,Default,Default,Default,Default,Default,Default,Default,Default,Default,Default,Default,Default,Default,Default,Default,Default,Default,Default,Default,Default,Default,Default,Default,Default,Default,Default,Default,Default,Default,Default,Default,Default,Default,Default,Default,Default,Default,DefaultJob,DocumentCount=100000,1,Workload,Result,13,494838223,4096,120810.11,0,0,0,888
SimilarityBenchmarks.LeanCorpus_TfIdfAugmented_TermQuery,Rowles.LeanCorpus.Benchmarks,SimilarityBenchmarks,LeanCorpus_TfIdfAugmented_TermQuery,DefaultJob,Default,Default,Default,Default,Default,Default,Default,Default,Default,Default,Default,Default,Default,Default,Default,Default,Default,Default,Default,Default,Default,Default,Default,Default,Default,Default,Default,Default,Default,Default,Default,Default,Default,Default,Default,Default,Default,Default,Default,Default,Default,DefaultJob,DocumentCount=100000,1,Workload,Result,14,500280219,4096,122138.73,0,0,0,888
SimilarityBenchmarks.LeanCorpus_TfIdfAugmented_TermQuery,Rowles.LeanCorpus.Benchmarks,SimilarityBenchmarks,LeanCorpus_TfIdfAugmented_TermQuery,DefaultJob,Default,Default,Default,Default,Default,Default,Default,Default,Default,Default,Default,Default,Default,Default,Default,Default,Default,Default,Default,Default,Default,Default,Default,Default,Default,Default,Default,Default,Default,Default,Default,Default,Default,Default,Default,Default,Default,Default,Default,Default,Default,DefaultJob,DocumentCount=100000,1,Workload,Result,15,501893068,4096,122532.49,0,0,0,888
SimilarityBenchmarks.LeanCorpus_TfIdfPivoted_TermQuery,Rowles.LeanCorpus.Benchmarks,SimilarityBenchmarks,LeanCorpus_TfIdfPivoted_TermQuery,DefaultJob,Default,Default,Default,Default,Default,Default,Default,Default,Default,Default,Default,Default,Default,Default,Default,Default,Default,Default,Default,Default,Default,Default,Default,Default,Default,Default,Default,Default,Default,Default,Default,Default,Default,Default,Default,Default,Default,Default,Default,Default,Default,DefaultJob,DocumentCount=100000,1,Workload,Jitting,1,68659336,1,68659336,1,0,0,888
SimilarityBenchmarks.LeanCorpus_TfIdfPivoted_TermQuery,Rowles.LeanCorpus.Benchmarks,SimilarityBenchmarks,LeanCorpus_TfIdfPivoted_TermQuery,DefaultJob,Default,Default,Default,Default,Default,Default,Default,Default,Default,Default,Default,Default,Default,Default,Default,Default,Default,Default,Default,Default,Default,Default,Default,Default,Default,Default,Default,Default,Default,Default,Default,Default,Default,Default,Default,Default,Default,Default,Default,Default,Default,DefaultJob,DocumentCount=100000,1,Workload,Jitting,2,9537405,30,317913.5,1,0,0,888
SimilarityBenchmarks.LeanCorpus_TfIdfPivoted_TermQuery,Rowles.LeanCorpus.Benchmarks,SimilarityBenchmarks,LeanCorpus_TfIdfPivoted_TermQuery,DefaultJob,Default,Default,Default,Default,Default,Default,Default,Default,Default,Default,Default,Default,Default,Default,Default,Default,Default,Default,Default,Default,Default,Default,Default,Default,Default,Default,Default,Default,Default,Default,Default,Default,Default,Default,Default,Default,Default,Default,Default,Default,Default,DefaultJob,DocumentCount=100000,1,Workload,Jitting,3,7569208,30,252306.93,1,0,0,888
SimilarityBenchmarks.LeanCorpus_TfIdfPivoted_TermQuery,Rowles.LeanCorpus.Benchmarks,SimilarityBenchmarks,LeanCorpus_TfIdfPivoted_TermQuery,DefaultJob,Default,Default,Default,Default,Default,Default,Default,Default,Default,Default,Default,Default,Default,Default,Default,Default,Default,Default,Default,Default,Default,Default,Default,Default,Default,Default,Default,Default,Default,Default,Default,Default,Default,Default,Default,Default,Default,Default,Default,Default,Default,DefaultJob,DocumentCount=100000,1,Workload,Jitting,4,7708185,30,256939.5,1,0,0,888
SimilarityBenchmarks.LeanCorpus_TfIdfPivoted_TermQuery,Rowles.LeanCorpus.Benchmarks,SimilarityBenchmarks,LeanCorpus_TfIdfPivoted_TermQuery,DefaultJob,Default,Default,Default,Default,Default,Default,Default,Default,Default,Default,Default,Default,Default,Default,Default,Default,Default,Default,Default,Default,Default,Default,Default,Default,Default,Default,Default,Default,Default,Default,Default,Default,Default,Default,Default,Default,Default,Default,Default,Default,Default,DefaultJob,DocumentCount=100000,1,Workload,Jitting,5,314481,1,314481,1,0,0,888
SimilarityBenchmarks.LeanCorpus_TfIdfPivoted_TermQuery,Rowles.LeanCorpus.Benchmarks,SimilarityBenchmarks,LeanCorpus_TfIdfPivoted_TermQuery,DefaultJob,Default,Default,Default,Default,Default,Default,Default,Default,Default,Default,Default,Default,Default,Default,Default,Default,Default,Default,Default,Default,Default,Default,Default,Default,Default,Default,Default,Default,Default,Default,Default,Default,Default,Default,Default,Default,Default,Default,Default,Default,Default,DefaultJob,DocumentCount=100000,1,Workload,Pilot,1,319018,1,319018,1,0,0,888
SimilarityBenchmarks.LeanCorpus_TfIdfPivoted_TermQuery,Rowles.LeanCorpus.Benchmarks,SimilarityBenchmarks,LeanCorpus_TfIdfPivoted_TermQuery,DefaultJob,Default,Default,Default,Default,Default,Default,Default,Default,Default,Default,Default,Default,Default,Default,Default,Default,Default,Default,Default,Default,Default,Default,Default,Default,Default,Default,Default,Default,Default,Default,Default,Default,Default,Default,Default,Default,Default,Default,Default,Default,Default,DefaultJob,DocumentCount=100000,1,Workload,Pilot,1,4298411,16,268650.69,1,0,0,888
SimilarityBenchmarks.LeanCorpus_TfIdfPivoted_TermQuery,Rowles.LeanCorpus.Benchmarks,SimilarityBenchmarks,LeanCorpus_TfIdfPivoted_TermQuery,DefaultJob,Default,Default,Default,Default,Default,Default,Default,Default,Default,Default,Default,Default,Default,Default,Default,Default,Default,Default,Default,Default,Default,Default,Default,Default,Default,Default,Default,Default,Default,Default,Default,Default,Default,Default,Default,Default,Default,Default,Default,Default,Default,DefaultJob,DocumentCount=100000,1,Workload,Pilot,2,8363705,32,261365.78,1,0,0,888
SimilarityBenchmarks.LeanCorpus_TfIdfPivoted_TermQuery,Rowles.LeanCorpus.Benchmarks,SimilarityBenchmarks,LeanCorpus_TfIdfPivoted_TermQuery,DefaultJob,Default,Default,Default,Default,Default,Default,Default,Default,Default,Default,Default,Default,Default,Default,Default,Default,Default,Default,Default,Default,Default,Default,Default,Default,Default,Default,Default,Default,Default,Default,Default,Default,Default,Default,Default,Default,Default,Default,Default,Default,Default,DefaultJob,DocumentCount=100000,1,Workload,Pilot,3,15768257,64,246379.02,1,0,0,888
SimilarityBenchmarks.LeanCorpus_TfIdfPivoted_TermQuery,Rowles.LeanCorpus.Benchmarks,SimilarityBenchmarks,LeanCorpus_TfIdfPivoted_TermQuery,DefaultJob,Default,Default,Default,Default,Default,Default,Default,Default,Default,Default,Default,Default,Default,Default,Default,Default,Default,Default,Default,Default,Default,Default,Default,Default,Default,Default,Default,Default,Default,Default,Default,Default,Default,Default,Default,Default,Default,Default,Default,Default,Default,DefaultJob,DocumentCount=100000,1,Workload,Pilot,4,24937507,128,194824.27,1,0,0,888
SimilarityBenchmarks.LeanCorpus_TfIdfPivoted_TermQuery,Rowles.LeanCorpus.Benchmarks,SimilarityBenchmarks,LeanCorpus_TfIdfPivoted_TermQuery,DefaultJob,Default,Default,Default,Default,Default,Default,Default,Default,Default,Default,Default,Default,Default,Default,Default,Default,Default,Default,Default,Default,Default,Default,Default,Default,Default,Default,Default,Default,Default,Default,Default,Default,Default,Default,Default,Default,Default,Default,Default,Default,Default,DefaultJob,DocumentCount=100000,1,Workload,Pilot,5,38411232,256,150043.88,1,0,0,888
SimilarityBenchmarks.LeanCorpus_TfIdfPivoted_TermQuery,Rowles.LeanCorpus.Benchmarks,SimilarityBenchmarks,LeanCorpus_TfIdfPivoted_TermQuery,DefaultJob,Default,Default,Default,Default,Default,Default,Default,Default,Default,Default,Default,Default,Default,Default,Default,Default,Default,Default,Default,Default,Default,Default,Default,Default,Default,Default,Default,Default,Default,Default,Default,Default,Default,Default,Default,Default,Default,Default,Default,Default,Default,DefaultJob,DocumentCount=100000,1,Workload,Pilot,6,61660072,512,120429.83,1,0,0,888
SimilarityBenchmarks.LeanCorpus_TfIdfPivoted_TermQuery,Rowles.LeanCorpus.Benchmarks,SimilarityBenchmarks,LeanCorpus_TfIdfPivoted_TermQuery,DefaultJob,Default,Default,Default,Default,Default,Default,Default,Default,Default,Default,Default,Default,Default,Default,Default,Default,Default,Default,Default,Default,Default,Default,Default,Default,Default,Default,Default,Default,Default,Default,Default,Default,Default,Default,Default,Default,Default,Default,Default,Default,Default,DefaultJob,DocumentCount=100000,1,Workload,Pilot,7,121200153,1024,118359.52,1,0,0,888
SimilarityBenchmarks.LeanCorpus_TfIdfPivoted_TermQuery,Rowles.LeanCorpus.Benchmarks,SimilarityBenchmarks,LeanCorpus_TfIdfPivoted_TermQuery,DefaultJob,Default,Default,Default,Default,Default,Default,Default,Default,Default,Default,Default,Default,Default,Default,Default,Default,Default,Default,Default,Default,Default,Default,Default,Default,Default,Default,Default,Default,Default,Default,Default,Default,Default,Default,Default,Default,Default,Default,Default,Default,Default,DefaultJob,DocumentCount=100000,1,Workload,Pilot,8,242066833,2048,118196.7,1,0,0,888
SimilarityBenchmarks.LeanCorpus_TfIdfPivoted_TermQuery,Rowles.LeanCorpus.Benchmarks,SimilarityBenchmarks,LeanCorpus_TfIdfPivoted_TermQuery,DefaultJob,Default,Default,Default,Default,Default,Default,Default,Default,Default,Default,Default,Default,Default,Default,Default,Default,Default,Default,Default,Default,Default,Default,Default,Default,Default,Default,Default,Default,Default,Default,Default,Default,Default,Default,Default,Default,Default,Default,Default,Default,Default,DefaultJob,DocumentCount=100000,1,Workload,Pilot,9,481224605,4096,117486.48,1,0,0,888
SimilarityBenchmarks.LeanCorpus_TfIdfPivoted_TermQuery,Rowles.LeanCorpus.Benchmarks,SimilarityBenchmarks,LeanCorpus_TfIdfPivoted_TermQuery,DefaultJob,Default,Default,Default,Default,Default,Default,Default,Default,Default,Default,Default,Default,Default,Default,Default,Default,Default,Default,Default,Default,Default,Default,Default,Default,Default,Default,Default,Default,Default,Default,Default,Default,Default,Default,Default,Default,Default,Default,Default,Default,Default,DefaultJob,DocumentCount=100000,1,Workload,Pilot,10,963125741,8192,117569.06,1,0,0,888
SimilarityBenchmarks.LeanCorpus_TfIdfPivoted_TermQuery,Rowles.LeanCorpus.Benchmarks,SimilarityBenchmarks,LeanCorpus_TfIdfPivoted_TermQuery,DefaultJob,Default,Default,Default,Default,Default,Default,Default,Default,Default,Default,Default,Default,Default,Default,Default,Default,Default,Default,Default,Default,Default,Default,Default,Default,Default,Default,Default,Default,Default,Default,Default,Default,Default,Default,Default,Default,Default,Default,Default,Default,Default,DefaultJob,DocumentCount=100000,1,Workload,Warmup,1,970477312,8192,118466.47,1,0,0,888
SimilarityBenchmarks.LeanCorpus_TfIdfPivoted_TermQuery,Rowles.LeanCorpus.Benchmarks,SimilarityBenchmarks,LeanCorpus_TfIdfPivoted_TermQuery,DefaultJob,Default,Default,Default,Default,Default,Default,Default,Default,Default,Default,Default,Default,Default,Default,Default,Default,Default,Default,Default,Default,Default,Default,Default,Default,Default,Default,Default,Default,Default,Default,Default,Default,Default,Default,Default,Default,Default,Default,Default,Default,Default,DefaultJob,DocumentCount=100000,1,Workload,Warmup,2,974223230,8192,118923.73,1,0,0,888
SimilarityBenchmarks.LeanCorpus_TfIdfPivoted_TermQuery,Rowles.LeanCorpus.Benchmarks,SimilarityBenchmarks,LeanCorpus_TfIdfPivoted_TermQuery,DefaultJob,Default,Default,Default,Default,Default,Default,Default,Default,Default,Default,Default,Default,Default,Default,Default,Default,Default,Default,Default,Default,Default,Default,Default,Default,Default,Default,Default,Default,Default,Default,Default,Default,Default,Default,Default,Default,Default,Default,Default,Default,Default,DefaultJob,DocumentCount=100000,1,Workload,Warmup,3,963392450,8192,117601.62,1,0,0,888
SimilarityBenchmarks.LeanCorpus_TfIdfPivoted_TermQuery,Rowles.LeanCorpus.Benchmarks,SimilarityBenchmarks,LeanCorpus_TfIdfPivoted_TermQuery,DefaultJob,Default,Default,Default,Default,Default,Default,Default,Default,Default,Default,Default,Default,Default,Default,Default,Default,Default,Default,Default,Default,Default,Default,Default,Default,Default,Default,Default,Default,Default,Default,Default,Default,Default,Default,Default,Default,Default,Default,Default,Default,Default,DefaultJob,DocumentCount=100000,1,Workload,Warmup,4,966838696,8192,118022.3,1,0,0,888
SimilarityBenchmarks.LeanCorpus_TfIdfPivoted_TermQuery,Rowles.LeanCorpus.Benchmarks,SimilarityBenchmarks,LeanCorpus_TfIdfPivoted_TermQuery,DefaultJob,Default,Default,Default,Default,Default,Default,Default,Default,Default,Default,Default,Default,Default,Default,Default,Default,Default,Default,Default,Default,Default,Default,Default,Default,Default,Default,Default,Default,Default,Default,Default,Default,Default,Default,Default,Default,Default,Default,Default,Default,Default,DefaultJob,DocumentCount=100000,1,Workload,Warmup,5,973157235,8192,118793.61,1,0,0,888
SimilarityBenchmarks.LeanCorpus_TfIdfPivoted_TermQuery,Rowles.LeanCorpus.Benchmarks,SimilarityBenchmarks,LeanCorpus_TfIdfPivoted_TermQuery,DefaultJob,Default,Default,Default,Default,Default,Default,Default,Default,Default,Default,Default,Default,Default,Default,Default,Default,Default,Default,Default,Default,Default,Default,Default,Default,Default,Default,Default,Default,Default,Default,Default,Default,Default,Default,Default,Default,Default,Default,Default,Default,Default,DefaultJob,DocumentCount=100000,1,Workload,Warmup,6,971620194,8192,118605.98,1,0,0,888
SimilarityBenchmarks.LeanCorpus_TfIdfPivoted_TermQuery,Rowles.LeanCorpus.Benchmarks,SimilarityBenchmarks,LeanCorpus_TfIdfPivoted_TermQuery,DefaultJob,Default,Default,Default,Default,Default,Default,Default,Default,Default,Default,Default,Default,Default,Default,Default,Default,Default,Default,Default,Default,Default,Default,Default,Default,Default,Default,Default,Default,Default,Default,Default,Default,Default,Default,Default,Default,Default,Default,Default,Default,Default,DefaultJob,DocumentCount=100000,1,Workload,Actual,1,969567590,8192,118355.42,1,0,0,888
SimilarityBenchmarks.LeanCorpus_TfIdfPivoted_TermQuery,Rowles.LeanCorpus.Benchmarks,SimilarityBenchmarks,LeanCorpus_TfIdfPivoted_TermQuery,DefaultJob,Default,Default,Default,Default,Default,Default,Default,Default,Default,Default,Default,Default,Default,Default,Default,Default,Default,Default,Default,Default,Default,Default,Default,Default,Default,Default,Default,Default,Default,Default,Default,Default,Default,Default,Default,Default,Default,Default,Default,Default,Default,DefaultJob,DocumentCount=100000,1,Workload,Actual,2,974132804,8192,118912.7,1,0,0,888
SimilarityBenchmarks.LeanCorpus_TfIdfPivoted_TermQuery,Rowles.LeanCorpus.Benchmarks,SimilarityBenchmarks,LeanCorpus_TfIdfPivoted_TermQuery,DefaultJob,Default,Default,Default,Default,Default,Default,Default,Default,Default,Default,Default,Default,Default,Default,Default,Default,Default,Default,Default,Default,Default,Default,Default,Default,Default,Default,Default,Default,Default,Default,Default,Default,Default,Default,Default,Default,Default,Default,Default,Default,Default,DefaultJob,DocumentCount=100000,1,Workload,Actual,3,974082349,8192,118906.54,1,0,0,888
SimilarityBenchmarks.LeanCorpus_TfIdfPivoted_TermQuery,Rowles.LeanCorpus.Benchmarks,SimilarityBenchmarks,LeanCorpus_TfIdfPivoted_TermQuery,DefaultJob,Default,Default,Default,Default,Default,Default,Default,Default,Default,Default,Default,Default,Default,Default,Default,Default,Default,Default,Default,Default,Default,Default,Default,Default,Default,Default,Default,Default,Default,Default,Default,Default,Default,Default,Default,Default,Default,Default,Default,Default,Default,DefaultJob,DocumentCount=100000,1,Workload,Actual,4,975368540,8192,119063.54,1,0,0,888
SimilarityBenchmarks.LeanCorpus_TfIdfPivoted_TermQuery,Rowles.LeanCorpus.Benchmarks,SimilarityBenchmarks,LeanCorpus_TfIdfPivoted_TermQuery,DefaultJob,Default,Default,Default,Default,Default,Default,Default,Default,Default,Default,Default,Default,Default,Default,Default,Default,Default,Default,Default,Default,Default,Default,Default,Default,Default,Default,Default,Default,Default,Default,Default,Default,Default,Default,Default,Default,Default,Default,Default,Default,Default,DefaultJob,DocumentCount=100000,1,Workload,Actual,5,975217004,8192,119045.04,1,0,0,888
SimilarityBenchmarks.LeanCorpus_TfIdfPivoted_TermQuery,Rowles.LeanCorpus.Benchmarks,SimilarityBenchmarks,LeanCorpus_TfIdfPivoted_TermQuery,DefaultJob,Default,Default,Default,Default,Default,Default,Default,Default,Default,Default,Default,Default,Default,Default,Default,Default,Default,Default,Default,Default,Default,Default,Default,Default,Default,Default,Default,Default,Default,Default,Default,Default,Default,Default,Default,Default,Default,Default,Default,Default,Default,DefaultJob,DocumentCount=100000,1,Workload,Actual,6,974137207,8192,118913.23,1,0,0,888
SimilarityBenchmarks.LeanCorpus_TfIdfPivoted_TermQuery,Rowles.LeanCorpus.Benchmarks,SimilarityBenchmarks,LeanCorpus_TfIdfPivoted_TermQuery,DefaultJob,Default,Default,Default,Default,Default,Default,Default,Default,Default,Default,Default,Default,Default,Default,Default,Default,Default,Default,Default,Default,Default,Default,Default,Default,Default,Default,Default,Default,Default,Default,Default,Default,Default,Default,Default,Default,Default,Default,Default,Default,Default,DefaultJob,DocumentCount=100000,1,Workload,Actual,7,969011641,8192,118287.55,1,0,0,888
SimilarityBenchmarks.LeanCorpus_TfIdfPivoted_TermQuery,Rowles.LeanCorpus.Benchmarks,SimilarityBenchmarks,LeanCorpus_TfIdfPivoted_TermQuery,DefaultJob,Default,Default,Default,Default,Default,Default,Default,Default,Default,Default,Default,Default,Default,Default,Default,Default,Default,Default,Default,Default,Default,Default,Default,Default,Default,Default,Default,Default,Default,Default,Default,Default,Default,Default,Default,Default,Default,Default,Default,Default,Default,DefaultJob,DocumentCount=100000,1,Workload,Actual,8,958907225,8192,117054.1,1,0,0,888
SimilarityBenchmarks.LeanCorpus_TfIdfPivoted_TermQuery,Rowles.LeanCorpus.Benchmarks,SimilarityBenchmarks,LeanCorpus_TfIdfPivoted_TermQuery,DefaultJob,Default,Default,Default,Default,Default,Default,Default,Default,Default,Default,Default,Default,Default,Default,Default,Default,Default,Default,Default,Default,Default,Default,Default,Default,Default,Default,Default,Default,Default,Default,Default,Default,Default,Default,Default,Default,Default,Default,Default,Default,Default,DefaultJob,DocumentCount=100000,1,Workload,Actual,9,959605287,8192,117139.32,1,0,0,888
SimilarityBenchmarks.LeanCorpus_TfIdfPivoted_TermQuery,Rowles.LeanCorpus.Benchmarks,SimilarityBenchmarks,LeanCorpus_TfIdfPivoted_TermQuery,DefaultJob,Default,Default,Default,Default,Default,Default,Default,Default,Default,Default,Default,Default,Default,Default,Default,Default,Default,Default,Default,Default,Default,Default,Default,Default,Default,Default,Default,Default,Default,Default,Default,Default,Default,Default,Default,Default,Default,Default,Default,Default,Default,DefaultJob,DocumentCount=100000,1,Workload,Actual,10,970008159,8192,118409.2,1,0,0,888
SimilarityBenchmarks.LeanCorpus_TfIdfPivoted_TermQuery,Rowles.LeanCorpus.Benchmarks,SimilarityBenchmarks,LeanCorpus_TfIdfPivoted_TermQuery,DefaultJob,Default,Default,Default,Default,Default,Default,Default,Default,Default,Default,Default,Default,Default,Default,Default,Default,Default,Default,Default,Default,Default,Default,Default,Default,Default,Default,Default,Default,Default,Default,Default,Default,Default,Default,Default,Default,Default,Default,Default,Default,Default,DefaultJob,DocumentCount=100000,1,Workload,Actual,11,970920585,8192,118520.58,1,0,0,888
SimilarityBenchmarks.LeanCorpus_TfIdfPivoted_TermQuery,Rowles.LeanCorpus.Benchmarks,SimilarityBenchmarks,LeanCorpus_TfIdfPivoted_TermQuery,DefaultJob,Default,Default,Default,Default,Default,Default,Default,Default,Default,Default,Default,Default,Default,Default,Default,Default,Default,Default,Default,Default,Default,Default,Default,Default,Default,Default,Default,Default,Default,Default,Default,Default,Default,Default,Default,Default,Default,Default,Default,Default,Default,DefaultJob,DocumentCount=100000,1,Workload,Actual,12,972463432,8192,118708.92,1,0,0,888
SimilarityBenchmarks.LeanCorpus_TfIdfPivoted_TermQuery,Rowles.LeanCorpus.Benchmarks,SimilarityBenchmarks,LeanCorpus_TfIdfPivoted_TermQuery,DefaultJob,Default,Default,Default,Default,Default,Default,Default,Default,Default,Default,Default,Default,Default,Default,Default,Default,Default,Default,Default,Default,Default,Default,Default,Default,Default,Default,Default,Default,Default,Default,Default,Default,Default,Default,Default,Default,Default,Default,Default,Default,Default,DefaultJob,DocumentCount=100000,1,Workload,Actual,13,975645348,8192,119097.33,1,0,0,888
SimilarityBenchmarks.LeanCorpus_TfIdfPivoted_TermQuery,Rowles.LeanCorpus.Benchmarks,SimilarityBenchmarks,LeanCorpus_TfIdfPivoted_TermQuery,DefaultJob,Default,Default,Default,Default,Default,Default,Default,Default,Default,Default,Default,Default,Default,Default,Default,Default,Default,Default,Default,Default,Default,Default,Default,Default,Default,Default,Default,Default,Default,Default,Default,Default,Default,Default,Default,Default,Default,Default,Default,Default,Default,DefaultJob,DocumentCount=100000,1,Workload,Actual,14,968953902,8192,118280.51,1,0,0,888
SimilarityBenchmarks.LeanCorpus_TfIdfPivoted_TermQuery,Rowles.LeanCorpus.Benchmarks,SimilarityBenchmarks,LeanCorpus_TfIdfPivoted_TermQuery,DefaultJob,Default,Default,Default,Default,Default,Default,Default,Default,Default,Default,Default,Default,Default,Default,Default,Default,Default,Default,Default,Default,Default,Default,Default,Default,Default,Default,Default,Default,Default,Default,Default,Default,Default,Default,Default,Default,Default,Default,Default,Default,Default,DefaultJob,DocumentCount=100000,1,Workload,Actual,15,962780333,8192,117526.9,1,0,0,888
SimilarityBenchmarks.LeanCorpus_TfIdfPivoted_TermQuery,Rowles.LeanCorpus.Benchmarks,SimilarityBenchmarks,LeanCorpus_TfIdfPivoted_TermQuery,DefaultJob,Default,Default,Default,Default,Default,Default,Default,Default,Default,Default,Default,Default,Default,Default,Default,Default,Default,Default,Default,Default,Default,Default,Default,Default,Default,Default,Default,Default,Default,Default,Default,Default,Default,Default,Default,Default,Default,Default,Default,Default,Default,DefaultJob,DocumentCount=100000,1,Workload,Extra,1,976649016,8192,119219.85,1,0,0,888
SimilarityBenchmarks.LeanCorpus_TfIdfPivoted_TermQuery,Rowles.LeanCorpus.Benchmarks,SimilarityBenchmarks,LeanCorpus_TfIdfPivoted_TermQuery,DefaultJob,Default,Default,Default,Default,Default,Default,Default,Default,Default,Default,Default,Default,Default,Default,Default,Default,Default,Default,Default,Default,Default,Default,Default,Default,Default,Default,Default,Default,Default,Default,Default,Default,Default,Default,Default,Default,Default,Default,Default,Default,Default,DefaultJob,DocumentCount=100000,1,Workload,Result,1,969567590,8192,118355.42,1,0,0,888
SimilarityBenchmarks.LeanCorpus_TfIdfPivoted_TermQuery,Rowles.LeanCorpus.Benchmarks,SimilarityBenchmarks,LeanCorpus_TfIdfPivoted_TermQuery,DefaultJob,Default,Default,Default,Default,Default,Default,Default,Default,Default,Default,Default,Default,Default,Default,Default,Default,Default,Default,Default,Default,Default,Default,Default,Default,Default,Default,Default,Default,Default,Default,Default,Default,Default,Default,Default,Default,Default,Default,Default,Default,Default,DefaultJob,DocumentCount=100000,1,Workload,Result,2,974132804,8192,118912.7,1,0,0,888
SimilarityBenchmarks.LeanCorpus_TfIdfPivoted_TermQuery,Rowles.LeanCorpus.Benchmarks,SimilarityBenchmarks,LeanCorpus_TfIdfPivoted_TermQuery,DefaultJob,Default,Default,Default,Default,Default,Default,Default,Default,Default,Default,Default,Default,Default,Default,Default,Default,Default,Default,Default,Default,Default,Default,Default,Default,Default,Default,Default,Default,Default,Default,Default,Default,Default,Default,Default,Default,Default,Default,Default,Default,Default,DefaultJob,DocumentCount=100000,1,Workload,Result,3,974082349,8192,118906.54,1,0,0,888
SimilarityBenchmarks.LeanCorpus_TfIdfPivoted_TermQuery,Rowles.LeanCorpus.Benchmarks,SimilarityBenchmarks,LeanCorpus_TfIdfPivoted_TermQuery,DefaultJob,Default,Default,Default,Default,Default,Default,Default,Default,Default,Default,Default,Default,Default,Default,Default,Default,Default,Default,Default,Default,Default,Default,Default,Default,Default,Default,Default,Default,Default,Default,Default,Default,Default,Default,Default,Default,Default,Default,Default,Default,Default,DefaultJob,DocumentCount=100000,1,Workload,Result,4,975368540,8192,119063.54,1,0,0,888
SimilarityBenchmarks.LeanCorpus_TfIdfPivoted_TermQuery,Rowles.LeanCorpus.Benchmarks,SimilarityBenchmarks,LeanCorpus_TfIdfPivoted_TermQuery,DefaultJob,Default,Default,Default,Default,Default,Default,Default,Default,Default,Default,Default,Default,Default,Default,Default,Default,Default,Default,Default,Default,Default,Default,Default,Default,Default,Default,Default,Default,Default,Default,Default,Default,Default,Default,Default,Default,Default,Default,Default,Default,Default,DefaultJob,DocumentCount=100000,1,Workload,Result,5,975217004,8192,119045.04,1,0,0,888
SimilarityBenchmarks.LeanCorpus_TfIdfPivoted_TermQuery,Rowles.LeanCorpus.Benchmarks,SimilarityBenchmarks,LeanCorpus_TfIdfPivoted_TermQuery,DefaultJob,Default,Default,Default,Default,Default,Default,Default,Default,Default,Default,Default,Default,Default,Default,Default,Default,Default,Default,Default,Default,Default,Default,Default,Default,Default,Default,Default,Default,Default,Default,Default,Default,Default,Default,Default,Default,Default,Default,Default,Default,Default,DefaultJob,DocumentCount=100000,1,Workload,Result,6,974137207,8192,118913.23,1,0,0,888
SimilarityBenchmarks.LeanCorpus_TfIdfPivoted_TermQuery,Rowles.LeanCorpus.Benchmarks,SimilarityBenchmarks,LeanCorpus_TfIdfPivoted_TermQuery,DefaultJob,Default,Default,Default,Default,Default,Default,Default,Default,Default,Default,Default,Default,Default,Default,Default,Default,Default,Default,Default,Default,Default,Default,Default,Default,Default,Default,Default,Default,Default,Default,Default,Default,Default,Default,Default,Default,Default,Default,Default,Default,Default,DefaultJob,DocumentCount=100000,1,Workload,Result,7,969011641,8192,118287.55,1,0,0,888
SimilarityBenchmarks.LeanCorpus_TfIdfPivoted_TermQuery,Rowles.LeanCorpus.Benchmarks,SimilarityBenchmarks,LeanCorpus_TfIdfPivoted_TermQuery,DefaultJob,Default,Default,Default,Default,Default,Default,Default,Default,Default,Default,Default,Default,Default,Default,Default,Default,Default,Default,Default,Default,Default,Default,Default,Default,Default,Default,Default,Default,Default,Default,Default,Default,Default,Default,Default,Default,Default,Default,Default,Default,Default,DefaultJob,DocumentCount=100000,1,Workload,Result,8,958907225,8192,117054.1,1,0,0,888
SimilarityBenchmarks.LeanCorpus_TfIdfPivoted_TermQuery,Rowles.LeanCorpus.Benchmarks,SimilarityBenchmarks,LeanCorpus_TfIdfPivoted_TermQuery,DefaultJob,Default,Default,Default,Default,Default,Default,Default,Default,Default,Default,Default,Default,Default,Default,Default,Default,Default,Default,Default,Default,Default,Default,Default,Default,Default,Default,Default,Default,Default,Default,Default,Default,Default,Default,Default,Default,Default,Default,Default,Default,Default,DefaultJob,DocumentCount=100000,1,Workload,Result,9,959605287,8192,117139.32,1,0,0,888
SimilarityBenchmarks.LeanCorpus_TfIdfPivoted_TermQuery,Rowles.LeanCorpus.Benchmarks,SimilarityBenchmarks,LeanCorpus_TfIdfPivoted_TermQuery,DefaultJob,Default,Default,Default,Default,Default,Default,Default,Default,Default,Default,Default,Default,Default,Default,Default,Default,Default,Default,Default,Default,Default,Default,Default,Default,Default,Default,Default,Default,Default,Default,Default,Default,Default,Default,Default,Default,Default,Default,Default,Default,Default,DefaultJob,DocumentCount=100000,1,Workload,Result,10,970008159,8192,118409.2,1,0,0,888
SimilarityBenchmarks.LeanCorpus_TfIdfPivoted_TermQuery,Rowles.LeanCorpus.Benchmarks,SimilarityBenchmarks,LeanCorpus_TfIdfPivoted_TermQuery,DefaultJob,Default,Default,Default,Default,Default,Default,Default,Default,Default,Default,Default,Default,Default,Default,Default,Default,Default,Default,Default,Default,Default,Default,Default,Default,Default,Default,Default,Default,Default,Default,Default,Default,Default,Default,Default,Default,Default,Default,Default,Default,Default,DefaultJob,DocumentCount=100000,1,Workload,Result,11,970920585,8192,118520.58,1,0,0,888
SimilarityBenchmarks.LeanCorpus_TfIdfPivoted_TermQuery,Rowles.LeanCorpus.Benchmarks,SimilarityBenchmarks,LeanCorpus_TfIdfPivoted_TermQuery,DefaultJob,Default,Default,Default,Default,Default,Default,Default,Default,Default,Default,Default,Default,Default,Default,Default,Default,Default,Default,Default,Default,Default,Default,Default,Default,Default,Default,Default,Default,Default,Default,Default,Default,Default,Default,Default,Default,Default,Default,Default,Default,Default,DefaultJob,DocumentCount=100000,1,Workload,Result,12,972463432,8192,118708.92,1,0,0,888
SimilarityBenchmarks.LeanCorpus_TfIdfPivoted_TermQuery,Rowles.LeanCorpus.Benchmarks,SimilarityBenchmarks,LeanCorpus_TfIdfPivoted_TermQuery,DefaultJob,Default,Default,Default,Default,Default,Default,Default,Default,Default,Default,Default,Default,Default,Default,Default,Default,Default,Default,Default,Default,Default,Default,Default,Default,Default,Default,Default,Default,Default,Default,Default,Default,Default,Default,Default,Default,Default,Default,Default,Default,Default,DefaultJob,DocumentCount=100000,1,Workload,Result,13,975645348,8192,119097.33,1,0,0,888
SimilarityBenchmarks.LeanCorpus_TfIdfPivoted_TermQuery,Rowles.LeanCorpus.Benchmarks,SimilarityBenchmarks,LeanCorpus_TfIdfPivoted_TermQuery,DefaultJob,Default,Default,Default,Default,Default,Default,Default,Default,Default,Default,Default,Default,Default,Default,Default,Default,Default,Default,Default,Default,Default,Default,Default,Default,Default,Default,Default,Default,Default,Default,Default,Default,Default,Default,Default,Default,Default,Default,Default,Default,Default,DefaultJob,DocumentCount=100000,1,Workload,Result,14,968953902,8192,118280.51,1,0,0,888
SimilarityBenchmarks.LeanCorpus_TfIdfPivoted_TermQuery,Rowles.LeanCorpus.Benchmarks,SimilarityBenchmarks,LeanCorpus_TfIdfPivoted_TermQuery,DefaultJob,Default,Default,Default,Default,Default,Default,Default,Default,Default,Default,Default,Default,Default,Default,Default,Default,Default,Default,Default,Default,Default,Default,Default,Default,Default,Default,Default,Default,Default,Default,Default,Default,Default,Default,Default,Default,Default,Default,Default,Default,Default,DefaultJob,DocumentCount=100000,1,Workload,Result,15,962780333,8192,117526.9,1,0,0,888
SimilarityBenchmarks.LeanCorpus_TfIdfDoubleNorm_TermQuery,Rowles.LeanCorpus.Benchmarks,SimilarityBenchmarks,LeanCorpus_TfIdfDoubleNorm_TermQuery,DefaultJob,Default,Default,Default,Default,Default,Default,Default,Default,Default,Default,Default,Default,Default,Default,Default,Default,Default,Default,Default,Default,Default,Default,Default,Default,Default,Default,Default,Default,Default,Default,Default,Default,Default,Default,Default,Default,Default,Default,Default,Default,Default,DefaultJob,DocumentCount=100000,1,Workload,Jitting,1,68825805,1,68825805,1,0,0,888
SimilarityBenchmarks.LeanCorpus_TfIdfDoubleNorm_TermQuery,Rowles.LeanCorpus.Benchmarks,SimilarityBenchmarks,LeanCorpus_TfIdfDoubleNorm_TermQuery,DefaultJob,Default,Default,Default,Default,Default,Default,Default,Default,Default,Default,Default,Default,Default,Default,Default,Default,Default,Default,Default,Default,Default,Default,Default,Default,Default,Default,Default,Default,Default,Default,Default,Default,Default,Default,Default,Default,Default,Default,Default,Default,Default,DefaultJob,DocumentCount=100000,1,Workload,Jitting,2,9919462,30,330648.73,1,0,0,888
SimilarityBenchmarks.LeanCorpus_TfIdfDoubleNorm_TermQuery,Rowles.LeanCorpus.Benchmarks,SimilarityBenchmarks,LeanCorpus_TfIdfDoubleNorm_TermQuery,DefaultJob,Default,Default,Default,Default,Default,Default,Default,Default,Default,Default,Default,Default,Default,Default,Default,Default,Default,Default,Default,Default,Default,Default,Default,Default,Default,Default,Default,Default,Default,Default,Default,Default,Default,Default,Default,Default,Default,Default,Default,Default,Default,DefaultJob,DocumentCount=100000,1,Workload,Jitting,3,7994528,30,266484.27,1,0,0,888
SimilarityBenchmarks.LeanCorpus_TfIdfDoubleNorm_TermQuery,Rowles.LeanCorpus.Benchmarks,SimilarityBenchmarks,LeanCorpus_TfIdfDoubleNorm_TermQuery,DefaultJob,Default,Default,Default,Default,Default,Default,Default,Default,Default,Default,Default,Default,Default,Default,Default,Default,Default,Default,Default,Default,Default,Default,Default,Default,Default,Default,Default,Default,Default,Default,Default,Default,Default,Default,Default,Default,Default,Default,Default,Default,Default,DefaultJob,DocumentCount=100000,1,Workload,Jitting,4,7517044,30,250568.13,1,0,0,888
SimilarityBenchmarks.LeanCorpus_TfIdfDoubleNorm_TermQuery,Rowles.LeanCorpus.Benchmarks,SimilarityBenchmarks,LeanCorpus_TfIdfDoubleNorm_TermQuery,DefaultJob,Default,Default,Default,Default,Default,Default,Default,Default,Default,Default,Default,Default,Default,Default,Default,Default,Default,Default,Default,Default,Default,Default,Default,Default,Default,Default,Default,Default,Default,Default,Default,Default,Default,Default,Default,Default,Default,Default,Default,Default,Default,DefaultJob,DocumentCount=100000,1,Workload,Jitting,5,321883,1,321883,1,0,0,888
SimilarityBenchmarks.LeanCorpus_TfIdfDoubleNorm_TermQuery,Rowles.LeanCorpus.Benchmarks,SimilarityBenchmarks,LeanCorpus_TfIdfDoubleNorm_TermQuery,DefaultJob,Default,Default,Default,Default,Default,Default,Default,Default,Default,Default,Default,Default,Default,Default,Default,Default,Default,Default,Default,Default,Default,Default,Default,Default,Default,Default,Default,Default,Default,Default,Default,Default,Default,Default,Default,Default,Default,Default,Default,Default,Default,DefaultJob,DocumentCount=100000,1,Workload,Pilot,1,331409,1,331409,1,0,0,888
SimilarityBenchmarks.LeanCorpus_TfIdfDoubleNorm_TermQuery,Rowles.LeanCorpus.Benchmarks,SimilarityBenchmarks,LeanCorpus_TfIdfDoubleNorm_TermQuery,DefaultJob,Default,Default,Default,Default,Default,Default,Default,Default,Default,Default,Default,Default,Default,Default,Default,Default,Default,Default,Default,Default,Default,Default,Default,Default,Default,Default,Default,Default,Default,Default,Default,Default,Default,Default,Default,Default,Default,Default,Default,Default,Default,DefaultJob,DocumentCount=100000,1,Workload,Pilot,1,4436150,16,277259.38,1,0,0,888
SimilarityBenchmarks.LeanCorpus_TfIdfDoubleNorm_TermQuery,Rowles.LeanCorpus.Benchmarks,SimilarityBenchmarks,LeanCorpus_TfIdfDoubleNorm_TermQuery,DefaultJob,Default,Default,Default,Default,Default,Default,Default,Default,Default,Default,Default,Default,Default,Default,Default,Default,Default,Default,Default,Default,Default,Default,Default,Default,Default,Default,Default,Default,Default,Default,Default,Default,Default,Default,Default,Default,Default,Default,Default,Default,Default,DefaultJob,DocumentCount=100000,1,Workload,Pilot,2,8489828,32,265307.13,1,0,0,888
SimilarityBenchmarks.LeanCorpus_TfIdfDoubleNorm_TermQuery,Rowles.LeanCorpus.Benchmarks,SimilarityBenchmarks,LeanCorpus_TfIdfDoubleNorm_TermQuery,DefaultJob,Default,Default,Default,Default,Default,Default,Default,Default,Default,Default,Default,Default,Default,Default,Default,Default,Default,Default,Default,Default,Default,Default,Default,Default,Default,Default,Default,Default,Default,Default,Default,Default,Default,Default,Default,Default,Default,Default,Default,Default,Default,DefaultJob,DocumentCount=100000,1,Workload,Pilot,3,16019828,64,250309.81,1,0,0,888
SimilarityBenchmarks.LeanCorpus_TfIdfDoubleNorm_TermQuery,Rowles.LeanCorpus.Benchmarks,SimilarityBenchmarks,LeanCorpus_TfIdfDoubleNorm_TermQuery,DefaultJob,Default,Default,Default,Default,Default,Default,Default,Default,Default,Default,Default,Default,Default,Default,Default,Default,Default,Default,Default,Default,Default,Default,Default,Default,Default,Default,Default,Default,Default,Default,Default,Default,Default,Default,Default,Default,Default,Default,Default,Default,Default,DefaultJob,DocumentCount=100000,1,Workload,Pilot,4,25261856,128,197358.25,1,0,0,888
SimilarityBenchmarks.LeanCorpus_TfIdfDoubleNorm_TermQuery,Rowles.LeanCorpus.Benchmarks,SimilarityBenchmarks,LeanCorpus_TfIdfDoubleNorm_TermQuery,DefaultJob,Default,Default,Default,Default,Default,Default,Default,Default,Default,Default,Default,Default,Default,Default,Default,Default,Default,Default,Default,Default,Default,Default,Default,Default,Default,Default,Default,Default,Default,Default,Default,Default,Default,Default,Default,Default,Default,Default,Default,Default,Default,DefaultJob,DocumentCount=100000,1,Workload,Pilot,5,38277101,256,149519.93,1,0,0,888
SimilarityBenchmarks.LeanCorpus_TfIdfDoubleNorm_TermQuery,Rowles.LeanCorpus.Benchmarks,SimilarityBenchmarks,LeanCorpus_TfIdfDoubleNorm_TermQuery,DefaultJob,Default,Default,Default,Default,Default,Default,Default,Default,Default,Default,Default,Default,Default,Default,Default,Default,Default,Default,Default,Default,Default,Default,Default,Default,Default,Default,Default,Default,Default,Default,Default,Default,Default,Default,Default,Default,Default,Default,Default,Default,Default,DefaultJob,DocumentCount=100000,1,Workload,Pilot,6,62765782,512,122589.42,1,0,0,888
SimilarityBenchmarks.LeanCorpus_TfIdfDoubleNorm_TermQuery,Rowles.LeanCorpus.Benchmarks,SimilarityBenchmarks,LeanCorpus_TfIdfDoubleNorm_TermQuery,DefaultJob,Default,Default,Default,Default,Default,Default,Default,Default,Default,Default,Default,Default,Default,Default,Default,Default,Default,Default,Default,Default,Default,Default,Default,Default,Default,Default,Default,Default,Default,Default,Default,Default,Default,Default,Default,Default,Default,Default,Default,Default,Default,DefaultJob,DocumentCount=100000,1,Workload,Pilot,7,125856663,1024,122906.9,1,0,0,888
SimilarityBenchmarks.LeanCorpus_TfIdfDoubleNorm_TermQuery,Rowles.LeanCorpus.Benchmarks,SimilarityBenchmarks,LeanCorpus_TfIdfDoubleNorm_TermQuery,DefaultJob,Default,Default,Default,Default,Default,Default,Default,Default,Default,Default,Default,Default,Default,Default,Default,Default,Default,Default,Default,Default,Default,Default,Default,Default,Default,Default,Default,Default,Default,Default,Default,Default,Default,Default,Default,Default,Default,Default,Default,Default,Default,DefaultJob,DocumentCount=100000,1,Workload,Pilot,8,250181455,2048,122158.91,1,0,0,888
SimilarityBenchmarks.LeanCorpus_TfIdfDoubleNorm_TermQuery,Rowles.LeanCorpus.Benchmarks,SimilarityBenchmarks,LeanCorpus_TfIdfDoubleNorm_TermQuery,DefaultJob,Default,Default,Default,Default,Default,Default,Default,Default,Default,Default,Default,Default,Default,Default,Default,Default,Default,Default,Default,Default,Default,Default,Default,Default,Default,Default,Default,Default,Default,Default,Default,Default,Default,Default,Default,Default,Default,Default,Default,Default,Default,DefaultJob,DocumentCount=100000,1,Workload,Pilot,9,498545598,4096,121715.23,1,0,0,888
SimilarityBenchmarks.LeanCorpus_TfIdfDoubleNorm_TermQuery,Rowles.LeanCorpus.Benchmarks,SimilarityBenchmarks,LeanCorpus_TfIdfDoubleNorm_TermQuery,DefaultJob,Default,Default,Default,Default,Default,Default,Default,Default,Default,Default,Default,Default,Default,Default,Default,Default,Default,Default,Default,Default,Default,Default,Default,Default,Default,Default,Default,Default,Default,Default,Default,Default,Default,Default,Default,Default,Default,Default,Default,Default,Default,DefaultJob,DocumentCount=100000,1,Workload,Pilot,10,996497556,8192,121642.77,1,0,0,888
SimilarityBenchmarks.LeanCorpus_TfIdfDoubleNorm_TermQuery,Rowles.LeanCorpus.Benchmarks,SimilarityBenchmarks,LeanCorpus_TfIdfDoubleNorm_TermQuery,DefaultJob,Default,Default,Default,Default,Default,Default,Default,Default,Default,Default,Default,Default,Default,Default,Default,Default,Default,Default,Default,Default,Default,Default,Default,Default,Default,Default,Default,Default,Default,Default,Default,Default,Default,Default,Default,Default,Default,Default,Default,Default,Default,DefaultJob,DocumentCount=100000,1,Workload,Warmup,1,997557865,8192,121772.2,1,0,0,888
SimilarityBenchmarks.LeanCorpus_TfIdfDoubleNorm_TermQuery,Rowles.LeanCorpus.Benchmarks,SimilarityBenchmarks,LeanCorpus_TfIdfDoubleNorm_TermQuery,DefaultJob,Default,Default,Default,Default,Default,Default,Default,Default,Default,Default,Default,Default,Default,Default,Default,Default,Default,Default,Default,Default,Default,Default,Default,Default,Default,Default,Default,Default,Default,Default,Default,Default,Default,Default,Default,Default,Default,Default,Default,Default,Default,DefaultJob,DocumentCount=100000,1,Workload,Warmup,2,999907588,8192,122059.03,1,0,0,888
SimilarityBenchmarks.LeanCorpus_TfIdfDoubleNorm_TermQuery,Rowles.LeanCorpus.Benchmarks,SimilarityBenchmarks,LeanCorpus_TfIdfDoubleNorm_TermQuery,DefaultJob,Default,Default,Default,Default,Default,Default,Default,Default,Default,Default,Default,Default,Default,Default,Default,Default,Default,Default,Default,Default,Default,Default,Default,Default,Default,Default,Default,Default,Default,Default,Default,Default,Default,Default,Default,Default,Default,Default,Default,Default,Default,DefaultJob,DocumentCount=100000,1,Workload,Warmup,3,998267714,8192,121858.85,1,0,0,888
SimilarityBenchmarks.LeanCorpus_TfIdfDoubleNorm_TermQuery,Rowles.LeanCorpus.Benchmarks,SimilarityBenchmarks,LeanCorpus_TfIdfDoubleNorm_TermQuery,DefaultJob,Default,Default,Default,Default,Default,Default,Default,Default,Default,Default,Default,Default,Default,Default,Default,Default,Default,Default,Default,Default,Default,Default,Default,Default,Default,Default,Default,Default,Default,Default,Default,Default,Default,Default,Default,Default,Default,Default,Default,Default,Default,DefaultJob,DocumentCount=100000,1,Workload,Warmup,4,982593001,8192,119945.43,1,0,0,888
SimilarityBenchmarks.LeanCorpus_TfIdfDoubleNorm_TermQuery,Rowles.LeanCorpus.Benchmarks,SimilarityBenchmarks,LeanCorpus_TfIdfDoubleNorm_TermQuery,DefaultJob,Default,Default,Default,Default,Default,Default,Default,Default,Default,Default,Default,Default,Default,Default,Default,Default,Default,Default,Default,Default,Default,Default,Default,Default,Default,Default,Default,Default,Default,Default,Default,Default,Default,Default,Default,Default,Default,Default,Default,Default,Default,DefaultJob,DocumentCount=100000,1,Workload,Warmup,5,993906798,8192,121326.51,1,0,0,888
SimilarityBenchmarks.LeanCorpus_TfIdfDoubleNorm_TermQuery,Rowles.LeanCorpus.Benchmarks,SimilarityBenchmarks,LeanCorpus_TfIdfDoubleNorm_TermQuery,DefaultJob,Default,Default,Default,Default,Default,Default,Default,Default,Default,Default,Default,Default,Default,Default,Default,Default,Default,Default,Default,Default,Default,Default,Default,Default,Default,Default,Default,Default,Default,Default,Default,Default,Default,Default,Default,Default,Default,Default,Default,Default,Default,DefaultJob,DocumentCount=100000,1,Workload,Warmup,6,999293742,8192,121984.1,1,0,0,888
SimilarityBenchmarks.LeanCorpus_TfIdfDoubleNorm_TermQuery,Rowles.LeanCorpus.Benchmarks,SimilarityBenchmarks,LeanCorpus_TfIdfDoubleNorm_TermQuery,DefaultJob,Default,Default,Default,Default,Default,Default,Default,Default,Default,Default,Default,Default,Default,Default,Default,Default,Default,Default,Default,Default,Default,Default,Default,Default,Default,Default,Default,Default,Default,Default,Default,Default,Default,Default,Default,Default,Default,Default,Default,Default,Default,DefaultJob,DocumentCount=100000,1,Workload,Warmup,7,998266075,8192,121858.65,1,0,0,888
SimilarityBenchmarks.LeanCorpus_TfIdfDoubleNorm_TermQuery,Rowles.LeanCorpus.Benchmarks,SimilarityBenchmarks,LeanCorpus_TfIdfDoubleNorm_TermQuery,DefaultJob,Default,Default,Default,Default,Default,Default,Default,Default,Default,Default,Default,Default,Default,Default,Default,Default,Default,Default,Default,Default,Default,Default,Default,Default,Default,Default,Default,Default,Default,Default,Default,Default,Default,Default,Default,Default,Default,Default,Default,Default,Default,DefaultJob,DocumentCount=100000,1,Workload,Actual,1,996606962,8192,121656.12,1,0,0,888
SimilarityBenchmarks.LeanCorpus_TfIdfDoubleNorm_TermQuery,Rowles.LeanCorpus.Benchmarks,SimilarityBenchmarks,LeanCorpus_TfIdfDoubleNorm_TermQuery,DefaultJob,Default,Default,Default,Default,Default,Default,Default,Default,Default,Default,Default,Default,Default,Default,Default,Default,Default,Default,Default,Default,Default,Default,Default,Default,Default,Default,Default,Default,Default,Default,Default,Default,Default,Default,Default,Default,Default,Default,Default,Default,Default,DefaultJob,DocumentCount=100000,1,Workload,Actual,2,993545734,8192,121282.44,1,0,0,888
SimilarityBenchmarks.LeanCorpus_TfIdfDoubleNorm_TermQuery,Rowles.LeanCorpus.Benchmarks,SimilarityBenchmarks,LeanCorpus_TfIdfDoubleNorm_TermQuery,DefaultJob,Default,Default,Default,Default,Default,Default,Default,Default,Default,Default,Default,Default,Default,Default,Default,Default,Default,Default,Default,Default,Default,Default,Default,Default,Default,Default,Default,Default,Default,Default,Default,Default,Default,Default,Default,Default,Default,Default,Default,Default,Default,DefaultJob,DocumentCount=100000,1,Workload,Actual,3,999104553,8192,121961.01,1,0,0,888
SimilarityBenchmarks.LeanCorpus_TfIdfDoubleNorm_TermQuery,Rowles.LeanCorpus.Benchmarks,SimilarityBenchmarks,LeanCorpus_TfIdfDoubleNorm_TermQuery,DefaultJob,Default,Default,Default,Default,Default,Default,Default,Default,Default,Default,Default,Default,Default,Default,Default,Default,Default,Default,Default,Default,Default,Default,Default,Default,Default,Default,Default,Default,Default,Default,Default,Default,Default,Default,Default,Default,Default,Default,Default,Default,Default,DefaultJob,DocumentCount=100000,1,Workload,Actual,4,998723446,8192,121914.48,1,0,0,888
SimilarityBenchmarks.LeanCorpus_TfIdfDoubleNorm_TermQuery,Rowles.LeanCorpus.Benchmarks,SimilarityBenchmarks,LeanCorpus_TfIdfDoubleNorm_TermQuery,DefaultJob,Default,Default,Default,Default,Default,Default,Default,Default,Default,Default,Default,Default,Default,Default,Default,Default,Default,Default,Default,Default,Default,Default,Default,Default,Default,Default,Default,Default,Default,Default,Default,Default,Default,Default,Default,Default,Default,Default,Default,Default,Default,DefaultJob,DocumentCount=100000,1,Workload,Actual,5,993829069,8192,121317.03,1,0,0,888
SimilarityBenchmarks.LeanCorpus_TfIdfDoubleNorm_TermQuery,Rowles.LeanCorpus.Benchmarks,SimilarityBenchmarks,LeanCorpus_TfIdfDoubleNorm_TermQuery,DefaultJob,Default,Default,Default,Default,Default,Default,Default,Default,Default,Default,Default,Default,Default,Default,Default,Default,Default,Default,Default,Default,Default,Default,Default,Default,Default,Default,Default,Default,Default,Default,Default,Default,Default,Default,Default,Default,Default,Default,Default,Default,Default,DefaultJob,DocumentCount=100000,1,Workload,Actual,6,997040853,8192,121709.09,1,0,0,888
SimilarityBenchmarks.LeanCorpus_TfIdfDoubleNorm_TermQuery,Rowles.LeanCorpus.Benchmarks,SimilarityBenchmarks,LeanCorpus_TfIdfDoubleNorm_TermQuery,DefaultJob,Default,Default,Default,Default,Default,Default,Default,Default,Default,Default,Default,Default,Default,Default,Default,Default,Default,Default,Default,Default,Default,Default,Default,Default,Default,Default,Default,Default,Default,Default,Default,Default,Default,Default,Default,Default,Default,Default,Default,Default,Default,DefaultJob,DocumentCount=100000,1,Workload,Actual,7,989961812,8192,120844.95,1,0,0,888
SimilarityBenchmarks.LeanCorpus_TfIdfDoubleNorm_TermQuery,Rowles.LeanCorpus.Benchmarks,SimilarityBenchmarks,LeanCorpus_TfIdfDoubleNorm_TermQuery,DefaultJob,Default,Default,Default,Default,Default,Default,Default,Default,Default,Default,Default,Default,Default,Default,Default,Default,Default,Default,Default,Default,Default,Default,Default,Default,Default,Default,Default,Default,Default,Default,Default,Default,Default,Default,Default,Default,Default,Default,Default,Default,Default,DefaultJob,DocumentCount=100000,1,Workload,Actual,8,991164066,8192,120991.71,1,0,0,888
SimilarityBenchmarks.LeanCorpus_TfIdfDoubleNorm_TermQuery,Rowles.LeanCorpus.Benchmarks,SimilarityBenchmarks,LeanCorpus_TfIdfDoubleNorm_TermQuery,DefaultJob,Default,Default,Default,Default,Default,Default,Default,Default,Default,Default,Default,Default,Default,Default,Default,Default,Default,Default,Default,Default,Default,Default,Default,Default,Default,Default,Default,Default,Default,Default,Default,Default,Default,Default,Default,Default,Default,Default,Default,Default,Default,DefaultJob,DocumentCount=100000,1,Workload,Actual,9,998959940,8192,121943.35,1,0,0,888
SimilarityBenchmarks.LeanCorpus_TfIdfDoubleNorm_TermQuery,Rowles.LeanCorpus.Benchmarks,SimilarityBenchmarks,LeanCorpus_TfIdfDoubleNorm_TermQuery,DefaultJob,Default,Default,Default,Default,Default,Default,Default,Default,Default,Default,Default,Default,Default,Default,Default,Default,Default,Default,Default,Default,Default,Default,Default,Default,Default,Default,Default,Default,Default,Default,Default,Default,Default,Default,Default,Default,Default,Default,Default,Default,Default,DefaultJob,DocumentCount=100000,1,Workload,Actual,10,982675276,8192,119955.48,1,0,0,888
SimilarityBenchmarks.LeanCorpus_TfIdfDoubleNorm_TermQuery,Rowles.LeanCorpus.Benchmarks,SimilarityBenchmarks,LeanCorpus_TfIdfDoubleNorm_TermQuery,DefaultJob,Default,Default,Default,Default,Default,Default,Default,Default,Default,Default,Default,Default,Default,Default,Default,Default,Default,Default,Default,Default,Default,Default,Default,Default,Default,Default,Default,Default,Default,Default,Default,Default,Default,Default,Default,Default,Default,Default,Default,Default,Default,DefaultJob,DocumentCount=100000,1,Workload,Actual,11,982530386,8192,119937.79,1,0,0,888
SimilarityBenchmarks.LeanCorpus_TfIdfDoubleNorm_TermQuery,Rowles.LeanCorpus.Benchmarks,SimilarityBenchmarks,LeanCorpus_TfIdfDoubleNorm_TermQuery,DefaultJob,Default,Default,Default,Default,Default,Default,Default,Default,Default,Default,Default,Default,Default,Default,Default,Default,Default,Default,Default,Default,Default,Default,Default,Default,Default,Default,Default,Default,Default,Default,Default,Default,Default,Default,Default,Default,Default,Default,Default,Default,Default,DefaultJob,DocumentCount=100000,1,Workload,Actual,12,999163749,8192,121968.23,1,0,0,888
SimilarityBenchmarks.LeanCorpus_TfIdfDoubleNorm_TermQuery,Rowles.LeanCorpus.Benchmarks,SimilarityBenchmarks,LeanCorpus_TfIdfDoubleNorm_TermQuery,DefaultJob,Default,Default,Default,Default,Default,Default,Default,Default,Default,Default,Default,Default,Default,Default,Default,Default,Default,Default,Default,Default,Default,Default,Default,Default,Default,Default,Default,Default,Default,Default,Default,Default,Default,Default,Default,Default,Default,Default,Default,Default,Default,DefaultJob,DocumentCount=100000,1,Workload,Actual,13,997839329,8192,121806.56,1,0,0,888
SimilarityBenchmarks.LeanCorpus_TfIdfDoubleNorm_TermQuery,Rowles.LeanCorpus.Benchmarks,SimilarityBenchmarks,LeanCorpus_TfIdfDoubleNorm_TermQuery,DefaultJob,Default,Default,Default,Default,Default,Default,Default,Default,Default,Default,Default,Default,Default,Default,Default,Default,Default,Default,Default,Default,Default,Default,Default,Default,Default,Default,Default,Default,Default,Default,Default,Default,Default,Default,Default,Default,Default,Default,Default,Default,Default,DefaultJob,DocumentCount=100000,1,Workload,Actual,14,999217136,8192,121974.75,1,0,0,888
SimilarityBenchmarks.LeanCorpus_TfIdfDoubleNorm_TermQuery,Rowles.LeanCorpus.Benchmarks,SimilarityBenchmarks,LeanCorpus_TfIdfDoubleNorm_TermQuery,DefaultJob,Default,Default,Default,Default,Default,Default,Default,Default,Default,Default,Default,Default,Default,Default,Default,Default,Default,Default,Default,Default,Default,Default,Default,Default,Default,Default,Default,Default,Default,Default,Default,Default,Default,Default,Default,Default,Default,Default,Default,Default,Default,DefaultJob,DocumentCount=100000,1,Workload,Actual,15,999161041,8192,121967.9,1,0,0,888
SimilarityBenchmarks.LeanCorpus_TfIdfDoubleNorm_TermQuery,Rowles.LeanCorpus.Benchmarks,SimilarityBenchmarks,LeanCorpus_TfIdfDoubleNorm_TermQuery,DefaultJob,Default,Default,Default,Default,Default,Default,Default,Default,Default,Default,Default,Default,Default,Default,Default,Default,Default,Default,Default,Default,Default,Default,Default,Default,Default,Default,Default,Default,Default,Default,Default,Default,Default,Default,Default,Default,Default,Default,Default,Default,Default,DefaultJob,DocumentCount=100000,1,Workload,Extra,1,991117403,8192,120986.01,1,0,0,888
SimilarityBenchmarks.LeanCorpus_TfIdfDoubleNorm_TermQuery,Rowles.LeanCorpus.Benchmarks,SimilarityBenchmarks,LeanCorpus_TfIdfDoubleNorm_TermQuery,DefaultJob,Default,Default,Default,Default,Default,Default,Default,Default,Default,Default,Default,Default,Default,Default,Default,Default,Default,Default,Default,Default,Default,Default,Default,Default,Default,Default,Default,Default,Default,Default,Default,Default,Default,Default,Default,Default,Default,Default,Default,Default,Default,DefaultJob,DocumentCount=100000,1,Workload,Result,1,996606962,8192,121656.12,1,0,0,888
SimilarityBenchmarks.LeanCorpus_TfIdfDoubleNorm_TermQuery,Rowles.LeanCorpus.Benchmarks,SimilarityBenchmarks,LeanCorpus_TfIdfDoubleNorm_TermQuery,DefaultJob,Default,Default,Default,Default,Default,Default,Default,Default,Default,Default,Default,Default,Default,Default,Default,Default,Default,Default,Default,Default,Default,Default,Default,Default,Default,Default,Default,Default,Default,Default,Default,Default,Default,Default,Default,Default,Default,Default,Default,Default,Default,DefaultJob,DocumentCount=100000,1,Workload,Result,2,993545734,8192,121282.44,1,0,0,888
SimilarityBenchmarks.LeanCorpus_TfIdfDoubleNorm_TermQuery,Rowles.LeanCorpus.Benchmarks,SimilarityBenchmarks,LeanCorpus_TfIdfDoubleNorm_TermQuery,DefaultJob,Default,Default,Default,Default,Default,Default,Default,Default,Default,Default,Default,Default,Default,Default,Default,Default,Default,Default,Default,Default,Default,Default,Default,Default,Default,Default,Default,Default,Default,Default,Default,Default,Default,Default,Default,Default,Default,Default,Default,Default,Default,DefaultJob,DocumentCount=100000,1,Workload,Result,3,999104553,8192,121961.01,1,0,0,888
SimilarityBenchmarks.LeanCorpus_TfIdfDoubleNorm_TermQuery,Rowles.LeanCorpus.Benchmarks,SimilarityBenchmarks,LeanCorpus_TfIdfDoubleNorm_TermQuery,DefaultJob,Default,Default,Default,Default,Default,Default,Default,Default,Default,Default,Default,Default,Default,Default,Default,Default,Default,Default,Default,Default,Default,Default,Default,Default,Default,Default,Default,Default,Default,Default,Default,Default,Default,Default,Default,Default,Default,Default,Default,Default,Default,DefaultJob,DocumentCount=100000,1,Workload,Result,4,998723446,8192,121914.48,1,0,0,888
SimilarityBenchmarks.LeanCorpus_TfIdfDoubleNorm_TermQuery,Rowles.LeanCorpus.Benchmarks,SimilarityBenchmarks,LeanCorpus_TfIdfDoubleNorm_TermQuery,DefaultJob,Default,Default,Default,Default,Default,Default,Default,Default,Default,Default,Default,Default,Default,Default,Default,Default,Default,Default,Default,Default,Default,Default,Default,Default,Default,Default,Default,Default,Default,Default,Default,Default,Default,Default,Default,Default,Default,Default,Default,Default,Default,DefaultJob,DocumentCount=100000,1,Workload,Result,5,993829069,8192,121317.03,1,0,0,888
SimilarityBenchmarks.LeanCorpus_TfIdfDoubleNorm_TermQuery,Rowles.LeanCorpus.Benchmarks,SimilarityBenchmarks,LeanCorpus_TfIdfDoubleNorm_TermQuery,DefaultJob,Default,Default,Default,Default,Default,Default,Default,Default,Default,Default,Default,Default,Default,Default,Default,Default,Default,Default,Default,Default,Default,Default,Default,Default,Default,Default,Default,Default,Default,Default,Default,Default,Default,Default,Default,Default,Default,Default,Default,Default,Default,DefaultJob,DocumentCount=100000,1,Workload,Result,6,997040853,8192,121709.09,1,0,0,888
SimilarityBenchmarks.LeanCorpus_TfIdfDoubleNorm_TermQuery,Rowles.LeanCorpus.Benchmarks,SimilarityBenchmarks,LeanCorpus_TfIdfDoubleNorm_TermQuery,DefaultJob,Default,Default,Default,Default,Default,Default,Default,Default,Default,Default,Default,Default,Default,Default,Default,Default,Default,Default,Default,Default,Default,Default,Default,Default,Default,Default,Default,Default,Default,Default,Default,Default,Default,Default,Default,Default,Default,Default,Default,Default,Default,DefaultJob,DocumentCount=100000,1,Workload,Result,7,989961812,8192,120844.95,1,0,0,888
SimilarityBenchmarks.LeanCorpus_TfIdfDoubleNorm_TermQuery,Rowles.LeanCorpus.Benchmarks,SimilarityBenchmarks,LeanCorpus_TfIdfDoubleNorm_TermQuery,DefaultJob,Default,Default,Default,Default,Default,Default,Default,Default,Default,Default,Default,Default,Default,Default,Default,Default,Default,Default,Default,Default,Default,Default,Default,Default,Default,Default,Default,Default,Default,Default,Default,Default,Default,Default,Default,Default,Default,Default,Default,Default,Default,DefaultJob,DocumentCount=100000,1,Workload,Result,8,991164066,8192,120991.71,1,0,0,888
SimilarityBenchmarks.LeanCorpus_TfIdfDoubleNorm_TermQuery,Rowles.LeanCorpus.Benchmarks,SimilarityBenchmarks,LeanCorpus_TfIdfDoubleNorm_TermQuery,DefaultJob,Default,Default,Default,Default,Default,Default,Default,Default,Default,Default,Default,Default,Default,Default,Default,Default,Default,Default,Default,Default,Default,Default,Default,Default,Default,Default,Default,Default,Default,Default,Default,Default,Default,Default,Default,Default,Default,Default,Default,Default,Default,DefaultJob,DocumentCount=100000,1,Workload,Result,9,998959940,8192,121943.35,1,0,0,888
SimilarityBenchmarks.LeanCorpus_TfIdfDoubleNorm_TermQuery,Rowles.LeanCorpus.Benchmarks,SimilarityBenchmarks,LeanCorpus_TfIdfDoubleNorm_TermQuery,DefaultJob,Default,Default,Default,Default,Default,Default,Default,Default,Default,Default,Default,Default,Default,Default,Default,Default,Default,Default,Default,Default,Default,Default,Default,Default,Default,Default,Default,Default,Default,Default,Default,Default,Default,Default,Default,Default,Default,Default,Default,Default,Default,DefaultJob,DocumentCount=100000,1,Workload,Result,10,982675276,8192,119955.48,1,0,0,888
SimilarityBenchmarks.LeanCorpus_TfIdfDoubleNorm_TermQuery,Rowles.LeanCorpus.Benchmarks,SimilarityBenchmarks,LeanCorpus_TfIdfDoubleNorm_TermQuery,DefaultJob,Default,Default,Default,Default,Default,Default,Default,Default,Default,Default,Default,Default,Default,Default,Default,Default,Default,Default,Default,Default,Default,Default,Default,Default,Default,Default,Default,Default,Default,Default,Default,Default,Default,Default,Default,Default,Default,Default,Default,Default,Default,DefaultJob,DocumentCount=100000,1,Workload,Result,11,982530386,8192,119937.79,1,0,0,888
SimilarityBenchmarks.LeanCorpus_TfIdfDoubleNorm_TermQuery,Rowles.LeanCorpus.Benchmarks,SimilarityBenchmarks,LeanCorpus_TfIdfDoubleNorm_TermQuery,DefaultJob,Default,Default,Default,Default,Default,Default,Default,Default,Default,Default,Default,Default,Default,Default,Default,Default,Default,Default,Default,Default,Default,Default,Default,Default,Default,Default,Default,Default,Default,Default,Default,Default,Default,Default,Default,Default,Default,Default,Default,Default,Default,DefaultJob,DocumentCount=100000,1,Workload,Result,12,999163749,8192,121968.23,1,0,0,888
SimilarityBenchmarks.LeanCorpus_TfIdfDoubleNorm_TermQuery,Rowles.LeanCorpus.Benchmarks,SimilarityBenchmarks,LeanCorpus_TfIdfDoubleNorm_TermQuery,DefaultJob,Default,Default,Default,Default,Default,Default,Default,Default,Default,Default,Default,Default,Default,Default,Default,Default,Default,Default,Default,Default,Default,Default,Default,Default,Default,Default,Default,Default,Default,Default,Default,Default,Default,Default,Default,Default,Default,Default,Default,Default,Default,DefaultJob,DocumentCount=100000,1,Workload,Result,13,997839329,8192,121806.56,1,0,0,888
SimilarityBenchmarks.LeanCorpus_TfIdfDoubleNorm_TermQuery,Rowles.LeanCorpus.Benchmarks,SimilarityBenchmarks,LeanCorpus_TfIdfDoubleNorm_TermQuery,DefaultJob,Default,Default,Default,Default,Default,Default,Default,Default,Default,Default,Default,Default,Default,Default,Default,Default,Default,Default,Default,Default,Default,Default,Default,Default,Default,Default,Default,Default,Default,Default,Default,Default,Default,Default,Default,Default,Default,Default,Default,Default,Default,DefaultJob,DocumentCount=100000,1,Workload,Result,14,999217136,8192,121974.75,1,0,0,888
SimilarityBenchmarks.LeanCorpus_TfIdfDoubleNorm_TermQuery,Rowles.LeanCorpus.Benchmarks,SimilarityBenchmarks,LeanCorpus_TfIdfDoubleNorm_TermQuery,DefaultJob,Default,Default,Default,Default,Default,Default,Default,Default,Default,Default,Default,Default,Default,Default,Default,Default,Default,Default,Default,Default,Default,Default,Default,Default,Default,Default,Default,Default,Default,Default,Default,Default,Default,Default,Default,Default,Default,Default,Default,Default,Default,DefaultJob,DocumentCount=100000,1,Workload,Result,15,999161041,8192,121967.9,1,0,0,888
SimilarityBenchmarks.LeanCorpus_Bm25Plus_BooleanQuery,Rowles.LeanCorpus.Benchmarks,SimilarityBenchmarks,LeanCorpus_Bm25Plus_BooleanQuery,DefaultJob,Default,Default,Default,Default,Default,Default,Default,Default,Default,Default,Default,Default,Default,Default,Default,Default,Default,Default,Default,Default,Default,Default,Default,Default,Default,Default,Default,Default,Default,Default,Default,Default,Default,Default,Default,Default,Default,Default,Default,Default,Default,DefaultJob,DocumentCount=100000,1,Workload,Jitting,1,81098170,1,81098170,8,0,0,16596
SimilarityBenchmarks.LeanCorpus_Bm25Plus_BooleanQuery,Rowles.LeanCorpus.Benchmarks,SimilarityBenchmarks,LeanCorpus_Bm25Plus_BooleanQuery,DefaultJob,Default,Default,Default,Default,Default,Default,Default,Default,Default,Default,Default,Default,Default,Default,Default,Default,Default,Default,Default,Default,Default,Default,Default,Default,Default,Default,Default,Default,Default,Default,Default,Default,Default,Default,Default,Default,Default,Default,Default,Default,Default,DefaultJob,DocumentCount=100000,1,Workload,Jitting,2,37950687,30,1265022.9,8,0,0,16596
SimilarityBenchmarks.LeanCorpus_Bm25Plus_BooleanQuery,Rowles.LeanCorpus.Benchmarks,SimilarityBenchmarks,LeanCorpus_Bm25Plus_BooleanQuery,DefaultJob,Default,Default,Default,Default,Default,Default,Default,Default,Default,Default,Default,Default,Default,Default,Default,Default,Default,Default,Default,Default,Default,Default,Default,Default,Default,Default,Default,Default,Default,Default,Default,Default,Default,Default,Default,Default,Default,Default,Default,Default,Default,DefaultJob,DocumentCount=100000,1,Workload,Jitting,3,36135209,30,1204506.97,8,0,0,16596
SimilarityBenchmarks.LeanCorpus_Bm25Plus_BooleanQuery,Rowles.LeanCorpus.Benchmarks,SimilarityBenchmarks,LeanCorpus_Bm25Plus_BooleanQuery,DefaultJob,Default,Default,Default,Default,Default,Default,Default,Default,Default,Default,Default,Default,Default,Default,Default,Default,Default,Default,Default,Default,Default,Default,Default,Default,Default,Default,Default,Default,Default,Default,Default,Default,Default,Default,Default,Default,Default,Default,Default,Default,Default,DefaultJob,DocumentCount=100000,1,Workload,Jitting,4,14834794,30,494493.13,8,0,0,16596
SimilarityBenchmarks.LeanCorpus_Bm25Plus_BooleanQuery,Rowles.LeanCorpus.Benchmarks,SimilarityBenchmarks,LeanCorpus_Bm25Plus_BooleanQuery,DefaultJob,Default,Default,Default,Default,Default,Default,Default,Default,Default,Default,Default,Default,Default,Default,Default,Default,Default,Default,Default,Default,Default,Default,Default,Default,Default,Default,Default,Default,Default,Default,Default,Default,Default,Default,Default,Default,Default,Default,Default,Default,Default,DefaultJob,DocumentCount=100000,1,Workload,Jitting,5,928173,1,928173,8,0,0,16596
SimilarityBenchmarks.LeanCorpus_Bm25Plus_BooleanQuery,Rowles.LeanCorpus.Benchmarks,SimilarityBenchmarks,LeanCorpus_Bm25Plus_BooleanQuery,DefaultJob,Default,Default,Default,Default,Default,Default,Default,Default,Default,Default,Default,Default,Default,Default,Default,Default,Default,Default,Default,Default,Default,Default,Default,Default,Default,Default,Default,Default,Default,Default,Default,Default,Default,Default,Default,Default,Default,Default,Default,Default,Default,DefaultJob,DocumentCount=100000,1,Workload,Pilot,1,600512,1,600512,8,0,0,16596
SimilarityBenchmarks.LeanCorpus_Bm25Plus_BooleanQuery,Rowles.LeanCorpus.Benchmarks,SimilarityBenchmarks,LeanCorpus_Bm25Plus_BooleanQuery,DefaultJob,Default,Default,Default,Default,Default,Default,Default,Default,Default,Default,Default,Default,Default,Default,Default,Default,Default,Default,Default,Default,Default,Default,Default,Default,Default,Default,Default,Default,Default,Default,Default,Default,Default,Default,Default,Default,Default,Default,Default,Default,Default,DefaultJob,DocumentCount=100000,1,Workload,Pilot,1,12030908,16,751931.75,8,0,0,16596
SimilarityBenchmarks.LeanCorpus_Bm25Plus_BooleanQuery,Rowles.LeanCorpus.Benchmarks,SimilarityBenchmarks,LeanCorpus_Bm25Plus_BooleanQuery,DefaultJob,Default,Default,Default,Default,Default,Default,Default,Default,Default,Default,Default,Default,Default,Default,Default,Default,Default,Default,Default,Default,Default,Default,Default,Default,Default,Default,Default,Default,Default,Default,Default,Default,Default,Default,Default,Default,Default,Default,Default,Default,Default,DefaultJob,DocumentCount=100000,1,Workload,Pilot,2,22860695,32,714396.72,8,0,0,16596
SimilarityBenchmarks.LeanCorpus_Bm25Plus_BooleanQuery,Rowles.LeanCorpus.Benchmarks,SimilarityBenchmarks,LeanCorpus_Bm25Plus_BooleanQuery,DefaultJob,Default,Default,Default,Default,Default,Default,Default,Default,Default,Default,Default,Default,Default,Default,Default,Default,Default,Default,Default,Default,Default,Default,Default,Default,Default,Default,Default,Default,Default,Default,Default,Default,Default,Default,Default,Default,Default,Default,Default,Default,Default,DefaultJob,DocumentCount=100000,1,Workload,Pilot,3,25990870,64,406107.34,8,0,0,16596
SimilarityBenchmarks.LeanCorpus_Bm25Plus_BooleanQuery,Rowles.LeanCorpus.Benchmarks,SimilarityBenchmarks,LeanCorpus_Bm25Plus_BooleanQuery,DefaultJob,Default,Default,Default,Default,Default,Default,Default,Default,Default,Default,Default,Default,Default,Default,Default,Default,Default,Default,Default,Default,Default,Default,Default,Default,Default,Default,Default,Default,Default,Default,Default,Default,Default,Default,Default,Default,Default,Default,Default,Default,Default,DefaultJob,DocumentCount=100000,1,Workload,Pilot,4,52792753,128,412443.38,8,0,0,16596
SimilarityBenchmarks.LeanCorpus_Bm25Plus_BooleanQuery,Rowles.LeanCorpus.Benchmarks,SimilarityBenchmarks,LeanCorpus_Bm25Plus_BooleanQuery,DefaultJob,Default,Default,Default,Default,Default,Default,Default,Default,Default,Default,Default,Default,Default,Default,Default,Default,Default,Default,Default,Default,Default,Default,Default,Default,Default,Default,Default,Default,Default,Default,Default,Default,Default,Default,Default,Default,Default,Default,Default,Default,Default,DefaultJob,DocumentCount=100000,1,Workload,Pilot,5,107438678,256,419682.34,8,0,0,16596
SimilarityBenchmarks.LeanCorpus_Bm25Plus_BooleanQuery,Rowles.LeanCorpus.Benchmarks,SimilarityBenchmarks,LeanCorpus_Bm25Plus_BooleanQuery,DefaultJob,Default,Default,Default,Default,Default,Default,Default,Default,Default,Default,Default,Default,Default,Default,Default,Default,Default,Default,Default,Default,Default,Default,Default,Default,Default,Default,Default,Default,Default,Default,Default,Default,Default,Default,Default,Default,Default,Default,Default,Default,Default,DefaultJob,DocumentCount=100000,1,Workload,Pilot,6,201875768,512,394288.61,8,0,0,16596
SimilarityBenchmarks.LeanCorpus_Bm25Plus_BooleanQuery,Rowles.LeanCorpus.Benchmarks,SimilarityBenchmarks,LeanCorpus_Bm25Plus_BooleanQuery,DefaultJob,Default,Default,Default,Default,Default,Default,Default,Default,Default,Default,Default,Default,Default,Default,Default,Default,Default,Default,Default,Default,Default,Default,Default,Default,Default,Default,Default,Default,Default,Default,Default,Default,Default,Default,Default,Default,Default,Default,Default,Default,Default,DefaultJob,DocumentCount=100000,1,Workload,Pilot,7,429828451,1024,419754.35,8,0,0,16596
SimilarityBenchmarks.LeanCorpus_Bm25Plus_BooleanQuery,Rowles.LeanCorpus.Benchmarks,SimilarityBenchmarks,LeanCorpus_Bm25Plus_BooleanQuery,DefaultJob,Default,Default,Default,Default,Default,Default,Default,Default,Default,Default,Default,Default,Default,Default,Default,Default,Default,Default,Default,Default,Default,Default,Default,Default,Default,Default,Default,Default,Default,Default,Default,Default,Default,Default,Default,Default,Default,Default,Default,Default,Default,DefaultJob,DocumentCount=100000,1,Workload,Pilot,8,855221164,2048,417588.46,8,0,0,16596
SimilarityBenchmarks.LeanCorpus_Bm25Plus_BooleanQuery,Rowles.LeanCorpus.Benchmarks,SimilarityBenchmarks,LeanCorpus_Bm25Plus_BooleanQuery,DefaultJob,Default,Default,Default,Default,Default,Default,Default,Default,Default,Default,Default,Default,Default,Default,Default,Default,Default,Default,Default,Default,Default,Default,Default,Default,Default,Default,Default,Default,Default,Default,Default,Default,Default,Default,Default,Default,Default,Default,Default,Default,Default,DefaultJob,DocumentCount=100000,1,Workload,Warmup,1,843598058,2048,411913.11,8,0,0,16596
SimilarityBenchmarks.LeanCorpus_Bm25Plus_BooleanQuery,Rowles.LeanCorpus.Benchmarks,SimilarityBenchmarks,LeanCorpus_Bm25Plus_BooleanQuery,DefaultJob,Default,Default,Default,Default,Default,Default,Default,Default,Default,Default,Default,Default,Default,Default,Default,Default,Default,Default,Default,Default,Default,Default,Default,Default,Default,Default,Default,Default,Default,Default,Default,Default,Default,Default,Default,Default,Default,Default,Default,Default,Default,DefaultJob,DocumentCount=100000,1,Workload,Warmup,2,861025101,2048,420422.41,8,0,0,16596
SimilarityBenchmarks.LeanCorpus_Bm25Plus_BooleanQuery,Rowles.LeanCorpus.Benchmarks,SimilarityBenchmarks,LeanCorpus_Bm25Plus_BooleanQuery,DefaultJob,Default,Default,Default,Default,Default,Default,Default,Default,Default,Default,Default,Default,Default,Default,Default,Default,Default,Default,Default,Default,Default,Default,Default,Default,Default,Default,Default,Default,Default,Default,Default,Default,Default,Default,Default,Default,Default,Default,Default,Default,Default,DefaultJob,DocumentCount=100000,1,Workload,Warmup,3,844577848,2048,412391.53,8,0,0,16596
SimilarityBenchmarks.LeanCorpus_Bm25Plus_BooleanQuery,Rowles.LeanCorpus.Benchmarks,SimilarityBenchmarks,LeanCorpus_Bm25Plus_BooleanQuery,DefaultJob,Default,Default,Default,Default,Default,Default,Default,Default,Default,Default,Default,Default,Default,Default,Default,Default,Default,Default,Default,Default,Default,Default,Default,Default,Default,Default,Default,Default,Default,Default,Default,Default,Default,Default,Default,Default,Default,Default,Default,Default,Default,DefaultJob,DocumentCount=100000,1,Workload,Warmup,4,827930377,2048,404262.88,8,0,0,16596
SimilarityBenchmarks.LeanCorpus_Bm25Plus_BooleanQuery,Rowles.LeanCorpus.Benchmarks,SimilarityBenchmarks,LeanCorpus_Bm25Plus_BooleanQuery,DefaultJob,Default,Default,Default,Default,Default,Default,Default,Default,Default,Default,Default,Default,Default,Default,Default,Default,Default,Default,Default,Default,Default,Default,Default,Default,Default,Default,Default,Default,Default,Default,Default,Default,Default,Default,Default,Default,Default,Default,Default,Default,Default,DefaultJob,DocumentCount=100000,1,Workload,Warmup,5,834811224,2048,407622.67,8,0,0,16596
SimilarityBenchmarks.LeanCorpus_Bm25Plus_BooleanQuery,Rowles.LeanCorpus.Benchmarks,SimilarityBenchmarks,LeanCorpus_Bm25Plus_BooleanQuery,DefaultJob,Default,Default,Default,Default,Default,Default,Default,Default,Default,Default,Default,Default,Default,Default,Default,Default,Default,Default,Default,Default,Default,Default,Default,Default,Default,Default,Default,Default,Default,Default,Default,Default,Default,Default,Default,Default,Default,Default,Default,Default,Default,DefaultJob,DocumentCount=100000,1,Workload,Warmup,6,852495439,2048,416257.54,8,0,0,16596
SimilarityBenchmarks.LeanCorpus_Bm25Plus_BooleanQuery,Rowles.LeanCorpus.Benchmarks,SimilarityBenchmarks,LeanCorpus_Bm25Plus_BooleanQuery,DefaultJob,Default,Default,Default,Default,Default,Default,Default,Default,Default,Default,Default,Default,Default,Default,Default,Default,Default,Default,Default,Default,Default,Default,Default,Default,Default,Default,Default,Default,Default,Default,Default,Default,Default,Default,Default,Default,Default,Default,Default,Default,Default,DefaultJob,DocumentCount=100000,1,Workload,Warmup,7,838986655,2048,409661.45,8,0,0,16596
SimilarityBenchmarks.LeanCorpus_Bm25Plus_BooleanQuery,Rowles.LeanCorpus.Benchmarks,SimilarityBenchmarks,LeanCorpus_Bm25Plus_BooleanQuery,DefaultJob,Default,Default,Default,Default,Default,Default,Default,Default,Default,Default,Default,Default,Default,Default,Default,Default,Default,Default,Default,Default,Default,Default,Default,Default,Default,Default,Default,Default,Default,Default,Default,Default,Default,Default,Default,Default,Default,Default,Default,Default,Default,DefaultJob,DocumentCount=100000,1,Workload,Actual,1,857959346,2048,418925.46,8,0,0,16596
SimilarityBenchmarks.LeanCorpus_Bm25Plus_BooleanQuery,Rowles.LeanCorpus.Benchmarks,SimilarityBenchmarks,LeanCorpus_Bm25Plus_BooleanQuery,DefaultJob,Default,Default,Default,Default,Default,Default,Default,Default,Default,Default,Default,Default,Default,Default,Default,Default,Default,Default,Default,Default,Default,Default,Default,Default,Default,Default,Default,Default,Default,Default,Default,Default,Default,Default,Default,Default,Default,Default,Default,Default,Default,DefaultJob,DocumentCount=100000,1,Workload,Actual,2,837145501,2048,408762.45,8,0,0,16596
SimilarityBenchmarks.LeanCorpus_Bm25Plus_BooleanQuery,Rowles.LeanCorpus.Benchmarks,SimilarityBenchmarks,LeanCorpus_Bm25Plus_BooleanQuery,DefaultJob,Default,Default,Default,Default,Default,Default,Default,Default,Default,Default,Default,Default,Default,Default,Default,Default,Default,Default,Default,Default,Default,Default,Default,Default,Default,Default,Default,Default,Default,Default,Default,Default,Default,Default,Default,Default,Default,Default,Default,Default,Default,DefaultJob,DocumentCount=100000,1,Workload,Actual,3,854705069,2048,417336.46,8,0,0,16596
SimilarityBenchmarks.LeanCorpus_Bm25Plus_BooleanQuery,Rowles.LeanCorpus.Benchmarks,SimilarityBenchmarks,LeanCorpus_Bm25Plus_BooleanQuery,DefaultJob,Default,Default,Default,Default,Default,Default,Default,Default,Default,Default,Default,Default,Default,Default,Default,Default,Default,Default,Default,Default,Default,Default,Default,Default,Default,Default,Default,Default,Default,Default,Default,Default,Default,Default,Default,Default,Default,Default,Default,Default,Default,DefaultJob,DocumentCount=100000,1,Workload,Actual,4,845519162,2048,412851.15,8,0,0,16596
SimilarityBenchmarks.LeanCorpus_Bm25Plus_BooleanQuery,Rowles.LeanCorpus.Benchmarks,SimilarityBenchmarks,LeanCorpus_Bm25Plus_BooleanQuery,DefaultJob,Default,Default,Default,Default,Default,Default,Default,Default,Default,Default,Default,Default,Default,Default,Default,Default,Default,Default,Default,Default,Default,Default,Default,Default,Default,Default,Default,Default,Default,Default,Default,Default,Default,Default,Default,Default,Default,Default,Default,Default,Default,DefaultJob,DocumentCount=100000,1,Workload,Actual,5,845827696,2048,413001.8,8,0,0,16596
SimilarityBenchmarks.LeanCorpus_Bm25Plus_BooleanQuery,Rowles.LeanCorpus.Benchmarks,SimilarityBenchmarks,LeanCorpus_Bm25Plus_BooleanQuery,DefaultJob,Default,Default,Default,Default,Default,Default,Default,Default,Default,Default,Default,Default,Default,Default,Default,Default,Default,Default,Default,Default,Default,Default,Default,Default,Default,Default,Default,Default,Default,Default,Default,Default,Default,Default,Default,Default,Default,Default,Default,Default,Default,DefaultJob,DocumentCount=100000,1,Workload,Actual,6,847053475,2048,413600.33,8,0,0,16596
SimilarityBenchmarks.LeanCorpus_Bm25Plus_BooleanQuery,Rowles.LeanCorpus.Benchmarks,SimilarityBenchmarks,LeanCorpus_Bm25Plus_BooleanQuery,DefaultJob,Default,Default,Default,Default,Default,Default,Default,Default,Default,Default,Default,Default,Default,Default,Default,Default,Default,Default,Default,Default,Default,Default,Default,Default,Default,Default,Default,Default,Default,Default,Default,Default,Default,Default,Default,Default,Default,Default,Default,Default,Default,DefaultJob,DocumentCount=100000,1,Workload,Actual,7,856963393,2048,418439.16,8,0,0,16596
SimilarityBenchmarks.LeanCorpus_Bm25Plus_BooleanQuery,Rowles.LeanCorpus.Benchmarks,SimilarityBenchmarks,LeanCorpus_Bm25Plus_BooleanQuery,DefaultJob,Default,Default,Default,Default,Default,Default,Default,Default,Default,Default,Default,Default,Default,Default,Default,Default,Default,Default,Default,Default,Default,Default,Default,Default,Default,Default,Default,Default,Default,Default,Default,Default,Default,Default,Default,Default,Default,Default,Default,Default,Default,DefaultJob,DocumentCount=100000,1,Workload,Actual,8,828262976,2048,404425.28,8,0,0,16596
SimilarityBenchmarks.LeanCorpus_Bm25Plus_BooleanQuery,Rowles.LeanCorpus.Benchmarks,SimilarityBenchmarks,LeanCorpus_Bm25Plus_BooleanQuery,DefaultJob,Default,Default,Default,Default,Default,Default,Default,Default,Default,Default,Default,Default,Default,Default,Default,Default,Default,Default,Default,Default,Default,Default,Default,Default,Default,Default,Default,Default,Default,Default,Default,Default,Default,Default,Default,Default,Default,Default,Default,Default,Default,DefaultJob,DocumentCount=100000,1,Workload,Actual,9,853437399,2048,416717.48,8,0,0,16596
SimilarityBenchmarks.LeanCorpus_Bm25Plus_BooleanQuery,Rowles.LeanCorpus.Benchmarks,SimilarityBenchmarks,LeanCorpus_Bm25Plus_BooleanQuery,DefaultJob,Default,Default,Default,Default,Default,Default,Default,Default,Default,Default,Default,Default,Default,Default,Default,Default,Default,Default,Default,Default,Default,Default,Default,Default,Default,Default,Default,Default,Default,Default,Default,Default,Default,Default,Default,Default,Default,Default,Default,Default,Default,DefaultJob,DocumentCount=100000,1,Workload,Actual,10,836523061,2048,408458.53,8,0,0,16596
SimilarityBenchmarks.LeanCorpus_Bm25Plus_BooleanQuery,Rowles.LeanCorpus.Benchmarks,SimilarityBenchmarks,LeanCorpus_Bm25Plus_BooleanQuery,DefaultJob,Default,Default,Default,Default,Default,Default,Default,Default,Default,Default,Default,Default,Default,Default,Default,Default,Default,Default,Default,Default,Default,Default,Default,Default,Default,Default,Default,Default,Default,Default,Default,Default,Default,Default,Default,Default,Default,Default,Default,Default,Default,DefaultJob,DocumentCount=100000,1,Workload,Actual,11,847786814,2048,413958.41,8,0,0,16596
SimilarityBenchmarks.LeanCorpus_Bm25Plus_BooleanQuery,Rowles.LeanCorpus.Benchmarks,SimilarityBenchmarks,LeanCorpus_Bm25Plus_BooleanQuery,DefaultJob,Default,Default,Default,Default,Default,Default,Default,Default,Default,Default,Default,Default,Default,Default,Default,Default,Default,Default,Default,Default,Default,Default,Default,Default,Default,Default,Default,Default,Default,Default,Default,Default,Default,Default,Default,Default,Default,Default,Default,Default,Default,DefaultJob,DocumentCount=100000,1,Workload,Actual,12,829491859,2048,405025.32,8,0,0,16596
SimilarityBenchmarks.LeanCorpus_Bm25Plus_BooleanQuery,Rowles.LeanCorpus.Benchmarks,SimilarityBenchmarks,LeanCorpus_Bm25Plus_BooleanQuery,DefaultJob,Default,Default,Default,Default,Default,Default,Default,Default,Default,Default,Default,Default,Default,Default,Default,Default,Default,Default,Default,Default,Default,Default,Default,Default,Default,Default,Default,Default,Default,Default,Default,Default,Default,Default,Default,Default,Default,Default,Default,Default,Default,DefaultJob,DocumentCount=100000,1,Workload,Actual,13,847930904,2048,414028.76,8,0,0,16596
SimilarityBenchmarks.LeanCorpus_Bm25Plus_BooleanQuery,Rowles.LeanCorpus.Benchmarks,SimilarityBenchmarks,LeanCorpus_Bm25Plus_BooleanQuery,DefaultJob,Default,Default,Default,Default,Default,Default,Default,Default,Default,Default,Default,Default,Default,Default,Default,Default,Default,Default,Default,Default,Default,Default,Default,Default,Default,Default,Default,Default,Default,Default,Default,Default,Default,Default,Default,Default,Default,Default,Default,Default,Default,DefaultJob,DocumentCount=100000,1,Workload,Actual,14,863104807,2048,421437.89,8,0,0,16596
SimilarityBenchmarks.LeanCorpus_Bm25Plus_BooleanQuery,Rowles.LeanCorpus.Benchmarks,SimilarityBenchmarks,LeanCorpus_Bm25Plus_BooleanQuery,DefaultJob,Default,Default,Default,Default,Default,Default,Default,Default,Default,Default,Default,Default,Default,Default,Default,Default,Default,Default,Default,Default,Default,Default,Default,Default,Default,Default,Default,Default,Default,Default,Default,Default,Default,Default,Default,Default,Default,Default,Default,Default,Default,DefaultJob,DocumentCount=100000,1,Workload,Actual,15,827738193,2048,404169.04,8,0,0,16596
SimilarityBenchmarks.LeanCorpus_Bm25Plus_BooleanQuery,Rowles.LeanCorpus.Benchmarks,SimilarityBenchmarks,LeanCorpus_Bm25Plus_BooleanQuery,DefaultJob,Default,Default,Default,Default,Default,Default,Default,Default,Default,Default,Default,Default,Default,Default,Default,Default,Default,Default,Default,Default,Default,Default,Default,Default,Default,Default,Default,Default,Default,Default,Default,Default,Default,Default,Default,Default,Default,Default,Default,Default,Default,DefaultJob,DocumentCount=100000,1,Workload,Extra,1,837831471,2048,409097.4,8,0,0,16596
SimilarityBenchmarks.LeanCorpus_Bm25Plus_BooleanQuery,Rowles.LeanCorpus.Benchmarks,SimilarityBenchmarks,LeanCorpus_Bm25Plus_BooleanQuery,DefaultJob,Default,Default,Default,Default,Default,Default,Default,Default,Default,Default,Default,Default,Default,Default,Default,Default,Default,Default,Default,Default,Default,Default,Default,Default,Default,Default,Default,Default,Default,Default,Default,Default,Default,Default,Default,Default,Default,Default,Default,Default,Default,DefaultJob,DocumentCount=100000,1,Workload,Result,1,857959346,2048,418925.46,8,0,0,16596
SimilarityBenchmarks.LeanCorpus_Bm25Plus_BooleanQuery,Rowles.LeanCorpus.Benchmarks,SimilarityBenchmarks,LeanCorpus_Bm25Plus_BooleanQuery,DefaultJob,Default,Default,Default,Default,Default,Default,Default,Default,Default,Default,Default,Default,Default,Default,Default,Default,Default,Default,Default,Default,Default,Default,Default,Default,Default,Default,Default,Default,Default,Default,Default,Default,Default,Default,Default,Default,Default,Default,Default,Default,Default,DefaultJob,DocumentCount=100000,1,Workload,Result,2,837145501,2048,408762.45,8,0,0,16596
SimilarityBenchmarks.LeanCorpus_Bm25Plus_BooleanQuery,Rowles.LeanCorpus.Benchmarks,SimilarityBenchmarks,LeanCorpus_Bm25Plus_BooleanQuery,DefaultJob,Default,Default,Default,Default,Default,Default,Default,Default,Default,Default,Default,Default,Default,Default,Default,Default,Default,Default,Default,Default,Default,Default,Default,Default,Default,Default,Default,Default,Default,Default,Default,Default,Default,Default,Default,Default,Default,Default,Default,Default,Default,DefaultJob,DocumentCount=100000,1,Workload,Result,3,854705069,2048,417336.46,8,0,0,16596
SimilarityBenchmarks.LeanCorpus_Bm25Plus_BooleanQuery,Rowles.LeanCorpus.Benchmarks,SimilarityBenchmarks,LeanCorpus_Bm25Plus_BooleanQuery,DefaultJob,Default,Default,Default,Default,Default,Default,Default,Default,Default,Default,Default,Default,Default,Default,Default,Default,Default,Default,Default,Default,Default,Default,Default,Default,Default,Default,Default,Default,Default,Default,Default,Default,Default,Default,Default,Default,Default,Default,Default,Default,Default,DefaultJob,DocumentCount=100000,1,Workload,Result,4,845519162,2048,412851.15,8,0,0,16596
SimilarityBenchmarks.LeanCorpus_Bm25Plus_BooleanQuery,Rowles.LeanCorpus.Benchmarks,SimilarityBenchmarks,LeanCorpus_Bm25Plus_BooleanQuery,DefaultJob,Default,Default,Default,Default,Default,Default,Default,Default,Default,Default,Default,Default,Default,Default,Default,Default,Default,Default,Default,Default,Default,Default,Default,Default,Default,Default,Default,Default,Default,Default,Default,Default,Default,Default,Default,Default,Default,Default,Default,Default,Default,DefaultJob,DocumentCount=100000,1,Workload,Result,5,845827696,2048,413001.8,8,0,0,16596
SimilarityBenchmarks.LeanCorpus_Bm25Plus_BooleanQuery,Rowles.LeanCorpus.Benchmarks,SimilarityBenchmarks,LeanCorpus_Bm25Plus_BooleanQuery,DefaultJob,Default,Default,Default,Default,Default,Default,Default,Default,Default,Default,Default,Default,Default,Default,Default,Default,Default,Default,Default,Default,Default,Default,Default,Default,Default,Default,Default,Default,Default,Default,Default,Default,Default,Default,Default,Default,Default,Default,Default,Default,Default,DefaultJob,DocumentCount=100000,1,Workload,Result,6,847053475,2048,413600.33,8,0,0,16596
SimilarityBenchmarks.LeanCorpus_Bm25Plus_BooleanQuery,Rowles.LeanCorpus.Benchmarks,SimilarityBenchmarks,LeanCorpus_Bm25Plus_BooleanQuery,DefaultJob,Default,Default,Default,Default,Default,Default,Default,Default,Default,Default,Default,Default,Default,Default,Default,Default,Default,Default,Default,Default,Default,Default,Default,Default,Default,Default,Default,Default,Default,Default,Default,Default,Default,Default,Default,Default,Default,Default,Default,Default,Default,DefaultJob,DocumentCount=100000,1,Workload,Result,7,856963393,2048,418439.16,8,0,0,16596
SimilarityBenchmarks.LeanCorpus_Bm25Plus_BooleanQuery,Rowles.LeanCorpus.Benchmarks,SimilarityBenchmarks,LeanCorpus_Bm25Plus_BooleanQuery,DefaultJob,Default,Default,Default,Default,Default,Default,Default,Default,Default,Default,Default,Default,Default,Default,Default,Default,Default,Default,Default,Default,Default,Default,Default,Default,Default,Default,Default,Default,Default,Default,Default,Default,Default,Default,Default,Default,Default,Default,Default,Default,Default,DefaultJob,DocumentCount=100000,1,Workload,Result,8,828262976,2048,404425.28,8,0,0,16596
SimilarityBenchmarks.LeanCorpus_Bm25Plus_BooleanQuery,Rowles.LeanCorpus.Benchmarks,SimilarityBenchmarks,LeanCorpus_Bm25Plus_BooleanQuery,DefaultJob,Default,Default,Default,Default,Default,Default,Default,Default,Default,Default,Default,Default,Default,Default,Default,Default,Default,Default,Default,Default,Default,Default,Default,Default,Default,Default,Default,Default,Default,Default,Default,Default,Default,Default,Default,Default,Default,Default,Default,Default,Default,DefaultJob,DocumentCount=100000,1,Workload,Result,9,853437399,2048,416717.48,8,0,0,16596
SimilarityBenchmarks.LeanCorpus_Bm25Plus_BooleanQuery,Rowles.LeanCorpus.Benchmarks,SimilarityBenchmarks,LeanCorpus_Bm25Plus_BooleanQuery,DefaultJob,Default,Default,Default,Default,Default,Default,Default,Default,Default,Default,Default,Default,Default,Default,Default,Default,Default,Default,Default,Default,Default,Default,Default,Default,Default,Default,Default,Default,Default,Default,Default,Default,Default,Default,Default,Default,Default,Default,Default,Default,Default,DefaultJob,DocumentCount=100000,1,Workload,Result,10,836523061,2048,408458.53,8,0,0,16596
SimilarityBenchmarks.LeanCorpus_Bm25Plus_BooleanQuery,Rowles.LeanCorpus.Benchmarks,SimilarityBenchmarks,LeanCorpus_Bm25Plus_BooleanQuery,DefaultJob,Default,Default,Default,Default,Default,Default,Default,Default,Default,Default,Default,Default,Default,Default,Default,Default,Default,Default,Default,Default,Default,Default,Default,Default,Default,Default,Default,Default,Default,Default,Default,Default,Default,Default,Default,Default,Default,Default,Default,Default,Default,DefaultJob,DocumentCount=100000,1,Workload,Result,11,847786814,2048,413958.41,8,0,0,16596
SimilarityBenchmarks.LeanCorpus_Bm25Plus_BooleanQuery,Rowles.LeanCorpus.Benchmarks,SimilarityBenchmarks,LeanCorpus_Bm25Plus_BooleanQuery,DefaultJob,Default,Default,Default,Default,Default,Default,Default,Default,Default,Default,Default,Default,Default,Default,Default,Default,Default,Default,Default,Default,Default,Default,Default,Default,Default,Default,Default,Default,Default,Default,Default,Default,Default,Default,Default,Default,Default,Default,Default,Default,Default,DefaultJob,DocumentCount=100000,1,Workload,Result,12,829491859,2048,405025.32,8,0,0,16596
SimilarityBenchmarks.LeanCorpus_Bm25Plus_BooleanQuery,Rowles.LeanCorpus.Benchmarks,SimilarityBenchmarks,LeanCorpus_Bm25Plus_BooleanQuery,DefaultJob,Default,Default,Default,Default,Default,Default,Default,Default,Default,Default,Default,Default,Default,Default,Default,Default,Default,Default,Default,Default,Default,Default,Default,Default,Default,Default,Default,Default,Default,Default,Default,Default,Default,Default,Default,Default,Default,Default,Default,Default,Default,DefaultJob,DocumentCount=100000,1,Workload,Result,13,847930904,2048,414028.76,8,0,0,16596
SimilarityBenchmarks.LeanCorpus_Bm25Plus_BooleanQuery,Rowles.LeanCorpus.Benchmarks,SimilarityBenchmarks,LeanCorpus_Bm25Plus_BooleanQuery,DefaultJob,Default,Default,Default,Default,Default,Default,Default,Default,Default,Default,Default,Default,Default,Default,Default,Default,Default,Default,Default,Default,Default,Default,Default,Default,Default,Default,Default,Default,Default,Default,Default,Default,Default,Default,Default,Default,Default,Default,Default,Default,Default,DefaultJob,DocumentCount=100000,1,Workload,Result,14,863104807,2048,421437.89,8,0,0,16596
SimilarityBenchmarks.LeanCorpus_Bm25Plus_BooleanQuery,Rowles.LeanCorpus.Benchmarks,SimilarityBenchmarks,LeanCorpus_Bm25Plus_BooleanQuery,DefaultJob,Default,Default,Default,Default,Default,Default,Default,Default,Default,Default,Default,Default,Default,Default,Default,Default,Default,Default,Default,Default,Default,Default,Default,Default,Default,Default,Default,Default,Default,Default,Default,Default,Default,Default,Default,Default,Default,Default,Default,Default,Default,DefaultJob,DocumentCount=100000,1,Workload,Result,15,827738193,2048,404169.04,8,0,0,16596
