// Validating benchmarks:
// ***** BenchmarkRunner: Start   *****
// ***** Found 20 benchmark(s) in total *****
// ***** Building 1 exe(s) in Parallel: Start   *****
// start dotnet  restore "/home/jordan/leancorpus/working_directory/src/devops/Rowles.LeanCorpus.Benchmarks/bin/Release/net10.0/Rowles.LeanCorpus.Benchmarks-DefaultJob-1/DllGatherer.csproj" --nodeReuse:false /p:UseSharedCompilation=false /p:Deterministic=true /p:Optimize=true /p:ArtifactsPath="/home/jordan/leancorpus/working_directory/src/devops/Rowles.LeanCorpus.Benchmarks/bin/Release/net10.0/Rowles.LeanCorpus.Benchmarks-DefaultJob-1/.artifacts/" /p:OutDir="/home/jordan/leancorpus/working_directory/src/devops/Rowles.LeanCorpus.Benchmarks/bin/Release/net10.0/Rowles.LeanCorpus.Benchmarks-DefaultJob-1/bin/Release/net10.0/" /p:OutputPath="/home/jordan/leancorpus/working_directory/src/devops/Rowles.LeanCorpus.Benchmarks/bin/Release/net10.0/Rowles.LeanCorpus.Benchmarks-DefaultJob-1/bin/Release/net10.0/" /p:PublishDir="/home/jordan/leancorpus/working_directory/src/devops/Rowles.LeanCorpus.Benchmarks/bin/Release/net10.0/Rowles.LeanCorpus.Benchmarks-DefaultJob-1/publish/" in /home/jordan/leancorpus/working_directory/src/devops/Rowles.LeanCorpus.Benchmarks/bin/Release/net10.0/Rowles.LeanCorpus.Benchmarks-DefaultJob-1
// command took 5.93 sec and exited with 0
// start dotnet  build "/home/jordan/leancorpus/working_directory/src/devops/Rowles.LeanCorpus.Benchmarks/bin/Release/net10.0/Rowles.LeanCorpus.Benchmarks-DefaultJob-1/DllGatherer.csproj" -f net10.0 -c Release --no-restore --nodeReuse:false /p:UseSharedCompilation=false /p:Deterministic=true /p:Optimize=true /p:ArtifactsPath="/home/jordan/leancorpus/working_directory/src/devops/Rowles.LeanCorpus.Benchmarks/bin/Release/net10.0/Rowles.LeanCorpus.Benchmarks-DefaultJob-1/.artifacts/" /p:OutDir="/home/jordan/leancorpus/working_directory/src/devops/Rowles.LeanCorpus.Benchmarks/bin/Release/net10.0/Rowles.LeanCorpus.Benchmarks-DefaultJob-1/bin/Release/net10.0/" /p:OutputPath="/home/jordan/leancorpus/working_directory/src/devops/Rowles.LeanCorpus.Benchmarks/bin/Release/net10.0/Rowles.LeanCorpus.Benchmarks-DefaultJob-1/bin/Release/net10.0/" /p:PublishDir="/home/jordan/leancorpus/working_directory/src/devops/Rowles.LeanCorpus.Benchmarks/bin/Release/net10.0/Rowles.LeanCorpus.Benchmarks-DefaultJob-1/publish/" --output "/home/jordan/leancorpus/working_directory/src/devops/Rowles.LeanCorpus.Benchmarks/bin/Release/net10.0/Rowles.LeanCorpus.Benchmarks-DefaultJob-1/bin/Release/net10.0/" in /home/jordan/leancorpus/working_directory/src/devops/Rowles.LeanCorpus.Benchmarks/bin/Release/net10.0/Rowles.LeanCorpus.Benchmarks-DefaultJob-1
// command took 44.98 sec and exited with 0
// start dotnet  restore "/home/jordan/leancorpus/working_directory/src/devops/Rowles.LeanCorpus.Benchmarks/bin/Release/net10.0/Rowles.LeanCorpus.Benchmarks-DefaultJob-1/BenchmarkDotNet.Autogenerated.csproj" --nodeReuse:false /p:UseSharedCompilation=false /p:Deterministic=true /p:Optimize=true /p:ArtifactsPath="/home/jordan/leancorpus/working_directory/src/devops/Rowles.LeanCorpus.Benchmarks/bin/Release/net10.0/Rowles.LeanCorpus.Benchmarks-DefaultJob-1/.artifacts/" /p:OutDir="/home/jordan/leancorpus/working_directory/src/devops/Rowles.LeanCorpus.Benchmarks/bin/Release/net10.0/Rowles.LeanCorpus.Benchmarks-DefaultJob-1/bin/Release/net10.0/" /p:OutputPath="/home/jordan/leancorpus/working_directory/src/devops/Rowles.LeanCorpus.Benchmarks/bin/Release/net10.0/Rowles.LeanCorpus.Benchmarks-DefaultJob-1/bin/Release/net10.0/" /p:PublishDir="/home/jordan/leancorpus/working_directory/src/devops/Rowles.LeanCorpus.Benchmarks/bin/Release/net10.0/Rowles.LeanCorpus.Benchmarks-DefaultJob-1/publish/" in /home/jordan/leancorpus/working_directory/src/devops/Rowles.LeanCorpus.Benchmarks/bin/Release/net10.0/Rowles.LeanCorpus.Benchmarks-DefaultJob-1
// command took 5.07 sec and exited with 0
// start dotnet  build "/home/jordan/leancorpus/working_directory/src/devops/Rowles.LeanCorpus.Benchmarks/bin/Release/net10.0/Rowles.LeanCorpus.Benchmarks-DefaultJob-1/BenchmarkDotNet.Autogenerated.csproj" -f net10.0 -c Release --no-restore --nodeReuse:false /p:UseSharedCompilation=false /p:Deterministic=true /p:Optimize=true /p:ArtifactsPath="/home/jordan/leancorpus/working_directory/src/devops/Rowles.LeanCorpus.Benchmarks/bin/Release/net10.0/Rowles.LeanCorpus.Benchmarks-DefaultJob-1/.artifacts/" /p:OutDir="/home/jordan/leancorpus/working_directory/src/devops/Rowles.LeanCorpus.Benchmarks/bin/Release/net10.0/Rowles.LeanCorpus.Benchmarks-DefaultJob-1/bin/Release/net10.0/" /p:OutputPath="/home/jordan/leancorpus/working_directory/src/devops/Rowles.LeanCorpus.Benchmarks/bin/Release/net10.0/Rowles.LeanCorpus.Benchmarks-DefaultJob-1/bin/Release/net10.0/" /p:PublishDir="/home/jordan/leancorpus/working_directory/src/devops/Rowles.LeanCorpus.Benchmarks/bin/Release/net10.0/Rowles.LeanCorpus.Benchmarks-DefaultJob-1/publish/" --output "/home/jordan/leancorpus/working_directory/src/devops/Rowles.LeanCorpus.Benchmarks/bin/Release/net10.0/Rowles.LeanCorpus.Benchmarks-DefaultJob-1/bin/Release/net10.0/" in /home/jordan/leancorpus/working_directory/src/devops/Rowles.LeanCorpus.Benchmarks/bin/Release/net10.0/Rowles.LeanCorpus.Benchmarks-DefaultJob-1
// command took 17.67 sec and exited with 0
// ***** Done, took 00:01:14 (74.34 sec)   *****
// Found 20 benchmarks:
//   HybridRetrievalBenchmarks.'Filtered exact scan': DefaultJob [Dimension=64, FilterPercentage=1]
//   HybridRetrievalBenchmarks.'Filtered HNSW planner': DefaultJob [Dimension=64, FilterPercentage=1]
//   HybridRetrievalBenchmarks.'Sparse+dense fusion': DefaultJob [Dimension=64, FilterPercentage=1]
//   HybridRetrievalBenchmarks.'Sparse-seeded dense fusion': DefaultJob [Dimension=64, FilterPercentage=1]
//   HybridRetrievalBenchmarks.'Matryoshka prefix rerank': DefaultJob [Dimension=64, FilterPercentage=1]
//   HybridRetrievalBenchmarks.'Filtered exact scan': DefaultJob [Dimension=64, FilterPercentage=10]
//   HybridRetrievalBenchmarks.'Filtered HNSW planner': DefaultJob [Dimension=64, FilterPercentage=10]
//   HybridRetrievalBenchmarks.'Sparse+dense fusion': DefaultJob [Dimension=64, FilterPercentage=10]
//   HybridRetrievalBenchmarks.'Sparse-seeded dense fusion': DefaultJob [Dimension=64, FilterPercentage=10]
//   HybridRetrievalBenchmarks.'Matryoshka prefix rerank': DefaultJob [Dimension=64, FilterPercentage=10]
//   HybridRetrievalBenchmarks.'Filtered exact scan': DefaultJob [Dimension=128, FilterPercentage=1]
//   HybridRetrievalBenchmarks.'Filtered HNSW planner': DefaultJob [Dimension=128, FilterPercentage=1]
//   HybridRetrievalBenchmarks.'Sparse+dense fusion': DefaultJob [Dimension=128, FilterPercentage=1]
//   HybridRetrievalBenchmarks.'Sparse-seeded dense fusion': DefaultJob [Dimension=128, FilterPercentage=1]
//   HybridRetrievalBenchmarks.'Matryoshka prefix rerank': DefaultJob [Dimension=128, FilterPercentage=1]
//   HybridRetrievalBenchmarks.'Filtered exact scan': DefaultJob [Dimension=128, FilterPercentage=10]
//   HybridRetrievalBenchmarks.'Filtered HNSW planner': DefaultJob [Dimension=128, FilterPercentage=10]
//   HybridRetrievalBenchmarks.'Sparse+dense fusion': DefaultJob [Dimension=128, FilterPercentage=10]
//   HybridRetrievalBenchmarks.'Sparse-seeded dense fusion': DefaultJob [Dimension=128, FilterPercentage=10]
//   HybridRetrievalBenchmarks.'Matryoshka prefix rerank': DefaultJob [Dimension=128, FilterPercentage=10]

// **************************
// Benchmark: HybridRetrievalBenchmarks.'Filtered exact scan': DefaultJob [Dimension=64, FilterPercentage=1]
// *** Execute ***
// Launch: 1 / 1
// Execute: dotnet Rowles.LeanCorpus.Benchmarks-DefaultJob-1.dll --ipcPort 41625 --benchmarkName "Rowles.LeanCorpus.Benchmarks.HybridRetrievalBenchmarks.FilteredExactScan(Dimension: 64, FilterPercentage: 1)" --job Default --diagnoserRunMode 3 --benchmarkId 0 in /home/jordan/leancorpus/working_directory/src/devops/Rowles.LeanCorpus.Benchmarks/bin/Release/net10.0/Rowles.LeanCorpus.Benchmarks-DefaultJob-1/bin/Release/net10.0
// Failed to set up high priority (Permission denied). In order to run benchmarks with high priority, make sure you have the right permissions.
// BeforeAnythingElse

// Benchmark Process Environment Information:
// BenchmarkDotNet v0.16.0-nightly.20260427.506
// Runtime=.NET 10.0.3 (10.0.3, 10.0.326.7603), X64 RyuJIT x86-64-v2
// GC=Concurrent Workstation
// HardwareIntrinsics=AVX,SSE3+SSSE3+SSE4.1+SSE4.2+POPCNT,X86Base+SSE+SSE2,AES+PCLMUL VectorSize=128
// Job: DefaultJob

WorkloadJitting  1: 1 op, 3164409.00 ns, 3.1644 ms/op
WorkloadJitting  2: 30 op, 91735607.00 ns, 3.0579 ms/op
WorkloadJitting  3: 30 op, 77515310.00 ns, 2.5838 ms/op
WorkloadJitting  4: 30 op, 84748227.00 ns, 2.8249 ms/op
WorkloadJitting  5: 1 op, 3323571.00 ns, 3.3236 ms/op

WorkloadPilot    1: 1 op, 3292783.00 ns, 3.2928 ms/op

WorkloadPilot    1: 16 op, 44104197.00 ns, 2.7565 ms/op
WorkloadPilot    2: 32 op, 77128508.00 ns, 2.4103 ms/op
WorkloadPilot    3: 64 op, 153759981.00 ns, 2.4025 ms/op
WorkloadPilot    4: 128 op, 312307416.00 ns, 2.4399 ms/op
WorkloadPilot    5: 256 op, 618749000.00 ns, 2.4170 ms/op

WorkloadWarmup   1: 256 op, 615063088.00 ns, 2.4026 ms/op
WorkloadWarmup   2: 256 op, 617759744.00 ns, 2.4131 ms/op
WorkloadWarmup   3: 256 op, 621818556.00 ns, 2.4290 ms/op
WorkloadWarmup   4: 256 op, 622721182.00 ns, 2.4325 ms/op
WorkloadWarmup   5: 256 op, 623105328.00 ns, 2.4340 ms/op
WorkloadWarmup   6: 256 op, 619368109.00 ns, 2.4194 ms/op
WorkloadWarmup   7: 256 op, 618724410.00 ns, 2.4169 ms/op
WorkloadWarmup   8: 256 op, 622568697.00 ns, 2.4319 ms/op
WorkloadWarmup   9: 256 op, 621937519.00 ns, 2.4294 ms/op

// BeforeActualRun
WorkloadActual   1: 256 op, 617174318.00 ns, 2.4108 ms/op
WorkloadActual   2: 256 op, 622891470.00 ns, 2.4332 ms/op
WorkloadActual   3: 256 op, 624360041.00 ns, 2.4389 ms/op
WorkloadActual   4: 256 op, 620972040.00 ns, 2.4257 ms/op
WorkloadActual   5: 256 op, 623163085.00 ns, 2.4342 ms/op
WorkloadActual   6: 256 op, 622226433.00 ns, 2.4306 ms/op
WorkloadActual   7: 256 op, 619046399.00 ns, 2.4181 ms/op
WorkloadActual   8: 256 op, 621664542.00 ns, 2.4284 ms/op
WorkloadActual   9: 256 op, 617359759.00 ns, 2.4116 ms/op
WorkloadActual  10: 256 op, 622099020.00 ns, 2.4301 ms/op
WorkloadActual  11: 256 op, 622356338.00 ns, 2.4311 ms/op
WorkloadActual  12: 256 op, 615786578.00 ns, 2.4054 ms/op
WorkloadActual  13: 256 op, 621685884.00 ns, 2.4285 ms/op
WorkloadActual  14: 256 op, 624456754.00 ns, 2.4393 ms/op
WorkloadActual  15: 256 op, 624226754.00 ns, 2.4384 ms/op

// AfterActualRun
// BeforeExtraIteration
// AfterExtraIteration
WorkloadExtra    1: 256 op, 618882636.00 ns, 2.4175 ms/op
WorkloadResult   1: 256 op, 617174318.00 ns, 2.4108 ms/op
WorkloadResult   2: 256 op, 622891470.00 ns, 2.4332 ms/op
WorkloadResult   3: 256 op, 624360041.00 ns, 2.4389 ms/op
WorkloadResult   4: 256 op, 620972040.00 ns, 2.4257 ms/op
WorkloadResult   5: 256 op, 623163085.00 ns, 2.4342 ms/op
WorkloadResult   6: 256 op, 622226433.00 ns, 2.4306 ms/op
WorkloadResult   7: 256 op, 619046399.00 ns, 2.4181 ms/op
WorkloadResult   8: 256 op, 621664542.00 ns, 2.4284 ms/op
WorkloadResult   9: 256 op, 617359759.00 ns, 2.4116 ms/op
WorkloadResult  10: 256 op, 622099020.00 ns, 2.4301 ms/op
WorkloadResult  11: 256 op, 622356338.00 ns, 2.4311 ms/op
WorkloadResult  12: 256 op, 615786578.00 ns, 2.4054 ms/op
WorkloadResult  13: 256 op, 621685884.00 ns, 2.4285 ms/op
WorkloadResult  14: 256 op, 624456754.00 ns, 2.4393 ms/op
WorkloadResult  15: 256 op, 624226754.00 ns, 2.4384 ms/op
// GC:  0 0 0 2203888 256

// AfterAll
// Benchmark Process 341527 has exited with code 0.

Mean = 2.427 ms, StdErr = 0.003 ms (0.11%), N = 15, StdDev = 0.011 ms
Min = 2.405 ms, Q1 = 2.422 ms, Median = 2.430 ms, Q3 = 2.434 ms, Max = 2.439 ms
IQR = 0.012 ms, LowerFence = 2.404 ms, UpperFence = 2.451 ms
ConfidenceInterval = [2.416 ms; 2.438 ms] (CI 99.9%), Margin = 0.011 ms (0.47% of Mean)
Skewness = -0.69, Kurtosis = 2.09, MValue = 2

// ** Remained 19 (95.0%) benchmark(s) to run. Estimated finish 2026-07-30 11:48 (0h 24m from now) **
// **************************
// Benchmark: HybridRetrievalBenchmarks.'Filtered HNSW planner': DefaultJob [Dimension=64, FilterPercentage=1]
// *** Execute ***
// Launch: 1 / 1
// Execute: dotnet Rowles.LeanCorpus.Benchmarks-DefaultJob-1.dll --ipcPort 39927 --benchmarkName "Rowles.LeanCorpus.Benchmarks.HybridRetrievalBenchmarks.FilteredHnswPlanner(Dimension: 64, FilterPercentage: 1)" --job Default --diagnoserRunMode 3 --benchmarkId 1 in /home/jordan/leancorpus/working_directory/src/devops/Rowles.LeanCorpus.Benchmarks/bin/Release/net10.0/Rowles.LeanCorpus.Benchmarks-DefaultJob-1/bin/Release/net10.0
// Failed to set up high priority (Permission denied). In order to run benchmarks with high priority, make sure you have the right permissions.
// BeforeAnythingElse

// Benchmark Process Environment Information:
// BenchmarkDotNet v0.16.0-nightly.20260427.506
// Runtime=.NET 10.0.3 (10.0.3, 10.0.326.7603), X64 RyuJIT x86-64-v2
// GC=Concurrent Workstation
// HardwareIntrinsics=AVX,SSE3+SSSE3+SSE4.1+SSE4.2+POPCNT,X86Base+SSE+SSE2,AES+PCLMUL VectorSize=128
// Job: DefaultJob

WorkloadJitting  1: 1 op, 3169079.00 ns, 3.1691 ms/op
WorkloadJitting  2: 30 op, 93271198.00 ns, 3.1090 ms/op
WorkloadJitting  3: 30 op, 76013357.00 ns, 2.5338 ms/op
WorkloadJitting  4: 30 op, 73662199.00 ns, 2.4554 ms/op
WorkloadJitting  5: 1 op, 2716356.00 ns, 2.7164 ms/op

WorkloadPilot    1: 1 op, 2654020.00 ns, 2.6540 ms/op

WorkloadPilot    1: 16 op, 39894434.00 ns, 2.4934 ms/op
WorkloadPilot    2: 32 op, 79053853.00 ns, 2.4704 ms/op
WorkloadPilot    3: 64 op, 156519552.00 ns, 2.4456 ms/op
WorkloadPilot    4: 128 op, 310504935.00 ns, 2.4258 ms/op
WorkloadPilot    5: 256 op, 618243709.00 ns, 2.4150 ms/op

WorkloadWarmup   1: 256 op, 620598539.00 ns, 2.4242 ms/op
WorkloadWarmup   2: 256 op, 618533426.00 ns, 2.4161 ms/op
WorkloadWarmup   3: 256 op, 612555907.00 ns, 2.3928 ms/op
WorkloadWarmup   4: 256 op, 607645024.00 ns, 2.3736 ms/op
WorkloadWarmup   5: 256 op, 617806810.00 ns, 2.4133 ms/op
WorkloadWarmup   6: 256 op, 618084513.00 ns, 2.4144 ms/op
WorkloadWarmup   7: 256 op, 619896646.00 ns, 2.4215 ms/op
WorkloadWarmup   8: 256 op, 619987859.00 ns, 2.4218 ms/op
WorkloadWarmup   9: 256 op, 620176643.00 ns, 2.4226 ms/op
WorkloadWarmup  10: 256 op, 621765911.00 ns, 2.4288 ms/op
WorkloadWarmup  11: 256 op, 621213029.00 ns, 2.4266 ms/op
WorkloadWarmup  12: 256 op, 620364005.00 ns, 2.4233 ms/op
WorkloadWarmup  13: 256 op, 612332331.00 ns, 2.3919 ms/op
WorkloadWarmup  14: 256 op, 610962495.00 ns, 2.3866 ms/op
WorkloadWarmup  15: 256 op, 611176476.00 ns, 2.3874 ms/op
WorkloadWarmup  16: 256 op, 620568151.00 ns, 2.4241 ms/op
WorkloadWarmup  17: 256 op, 617859447.00 ns, 2.4135 ms/op

// BeforeActualRun
WorkloadActual   1: 256 op, 618637446.00 ns, 2.4166 ms/op
WorkloadActual   2: 256 op, 622654805.00 ns, 2.4322 ms/op
WorkloadActual   3: 256 op, 646271457.00 ns, 2.5245 ms/op
WorkloadActual   4: 256 op, 617445731.00 ns, 2.4119 ms/op
WorkloadActual   5: 256 op, 608493005.00 ns, 2.3769 ms/op
WorkloadActual   6: 256 op, 614053263.00 ns, 2.3986 ms/op
WorkloadActual   7: 256 op, 617390964.00 ns, 2.4117 ms/op
WorkloadActual   8: 256 op, 616240422.00 ns, 2.4072 ms/op
WorkloadActual   9: 256 op, 616459369.00 ns, 2.4080 ms/op
WorkloadActual  10: 256 op, 610058690.00 ns, 2.3830 ms/op
WorkloadActual  11: 256 op, 617116568.00 ns, 2.4106 ms/op
WorkloadActual  12: 256 op, 610993750.00 ns, 2.3867 ms/op
WorkloadActual  13: 256 op, 617594176.00 ns, 2.4125 ms/op
WorkloadActual  14: 256 op, 617417032.00 ns, 2.4118 ms/op
WorkloadActual  15: 256 op, 617989022.00 ns, 2.4140 ms/op

// AfterActualRun
// BeforeExtraIteration
// AfterExtraIteration
WorkloadExtra    1: 256 op, 620911493.00 ns, 2.4254 ms/op
WorkloadResult   1: 256 op, 618637446.00 ns, 2.4166 ms/op
WorkloadResult   2: 256 op, 617445731.00 ns, 2.4119 ms/op
WorkloadResult   3: 256 op, 608493005.00 ns, 2.3769 ms/op
WorkloadResult   4: 256 op, 614053263.00 ns, 2.3986 ms/op
WorkloadResult   5: 256 op, 617390964.00 ns, 2.4117 ms/op
WorkloadResult   6: 256 op, 616240422.00 ns, 2.4072 ms/op
WorkloadResult   7: 256 op, 616459369.00 ns, 2.4080 ms/op
WorkloadResult   8: 256 op, 610058690.00 ns, 2.3830 ms/op
WorkloadResult   9: 256 op, 617116568.00 ns, 2.4106 ms/op
WorkloadResult  10: 256 op, 610993750.00 ns, 2.3867 ms/op
WorkloadResult  11: 256 op, 617594176.00 ns, 2.4125 ms/op
WorkloadResult  12: 256 op, 617417032.00 ns, 2.4118 ms/op
WorkloadResult  13: 256 op, 617989022.00 ns, 2.4140 ms/op
// GC:  0 0 0 2203888 256

// AfterAll
// Benchmark Process 341635 has exited with code 0.

Mean = 2.404 ms, StdErr = 0.004 ms (0.15%), N = 13, StdDev = 0.013 ms
Min = 2.377 ms, Q1 = 2.399 ms, Median = 2.411 ms, Q3 = 2.412 ms, Max = 2.417 ms
IQR = 0.013 ms, LowerFence = 2.379 ms, UpperFence = 2.432 ms
ConfidenceInterval = [2.388 ms; 2.420 ms] (CI 99.9%), Margin = 0.016 ms (0.66% of Mean)
Skewness = -0.94, Kurtosis = 2.18, MValue = 2

// ** Remained 18 (90.0%) benchmark(s) to run. Estimated finish 2026-07-30 11:49 (0h 23m from now) **
// **************************
// Benchmark: HybridRetrievalBenchmarks.'Sparse+dense fusion': DefaultJob [Dimension=64, FilterPercentage=1]
// *** Execute ***
// Launch: 1 / 1
// Execute: dotnet Rowles.LeanCorpus.Benchmarks-DefaultJob-1.dll --ipcPort 45849 --benchmarkName "Rowles.LeanCorpus.Benchmarks.HybridRetrievalBenchmarks.FusionWithoutSparseSeeds(Dimension: 64, FilterPercentage: 1)" --job Default --diagnoserRunMode 3 --benchmarkId 2 in /home/jordan/leancorpus/working_directory/src/devops/Rowles.LeanCorpus.Benchmarks/bin/Release/net10.0/Rowles.LeanCorpus.Benchmarks-DefaultJob-1/bin/Release/net10.0
// Failed to set up high priority (Permission denied). In order to run benchmarks with high priority, make sure you have the right permissions.
// BeforeAnythingElse

// Benchmark Process Environment Information:
// BenchmarkDotNet v0.16.0-nightly.20260427.506
// Runtime=.NET 10.0.3 (10.0.3, 10.0.326.7603), X64 RyuJIT x86-64-v2
// GC=Concurrent Workstation
// HardwareIntrinsics=AVX,SSE3+SSSE3+SSE4.1+SSE4.2+POPCNT,X86Base+SSE+SSE2,AES+PCLMUL VectorSize=128
// Job: DefaultJob

WorkloadJitting  1: 1 op, 87905250.00 ns, 87.9053 ms/op
WorkloadJitting  2: 30 op, 335831384.00 ns, 11.1944 ms/op
WorkloadJitting  3: 30 op, 283144778.00 ns, 9.4382 ms/op
WorkloadJitting  4: 30 op, 280185267.00 ns, 9.3395 ms/op
WorkloadJitting  5: 1 op, 11415201.00 ns, 11.4152 ms/op

WorkloadPilot    1: 1 op, 11279856.00 ns, 11.2799 ms/op

WorkloadPilot    1: 16 op, 149307348.00 ns, 9.3317 ms/op
WorkloadPilot    2: 32 op, 299533523.00 ns, 9.3604 ms/op
WorkloadPilot    3: 64 op, 595048415.00 ns, 9.2976 ms/op

WorkloadWarmup   1: 64 op, 594861171.00 ns, 9.2947 ms/op
WorkloadWarmup   2: 64 op, 594114092.00 ns, 9.2830 ms/op
WorkloadWarmup   3: 64 op, 594437927.00 ns, 9.2881 ms/op
WorkloadWarmup   4: 64 op, 593977228.00 ns, 9.2809 ms/op
WorkloadWarmup   5: 64 op, 594320963.00 ns, 9.2863 ms/op
WorkloadWarmup   6: 64 op, 592813293.00 ns, 9.2627 ms/op

// BeforeActualRun
WorkloadActual   1: 64 op, 597786572.00 ns, 9.3404 ms/op
WorkloadActual   2: 64 op, 591444112.00 ns, 9.2413 ms/op
WorkloadActual   3: 64 op, 602641324.00 ns, 9.4163 ms/op
WorkloadActual   4: 64 op, 593175824.00 ns, 9.2684 ms/op
WorkloadActual   5: 64 op, 589795816.00 ns, 9.2156 ms/op
WorkloadActual   6: 64 op, 586034039.00 ns, 9.1568 ms/op
WorkloadActual   7: 64 op, 592936125.00 ns, 9.2646 ms/op
WorkloadActual   8: 64 op, 594337484.00 ns, 9.2865 ms/op
WorkloadActual   9: 64 op, 587259809.00 ns, 9.1759 ms/op
WorkloadActual  10: 64 op, 591551286.00 ns, 9.2430 ms/op
WorkloadActual  11: 64 op, 595008453.00 ns, 9.2970 ms/op
WorkloadActual  12: 64 op, 595853800.00 ns, 9.3102 ms/op
WorkloadActual  13: 64 op, 593568098.00 ns, 9.2745 ms/op
WorkloadActual  14: 64 op, 595208447.00 ns, 9.3001 ms/op
WorkloadActual  15: 64 op, 595238349.00 ns, 9.3006 ms/op

// AfterActualRun
// BeforeExtraIteration
// AfterExtraIteration
WorkloadExtra    1: 64 op, 596806122.00 ns, 9.3251 ms/op
WorkloadResult   1: 64 op, 597786572.00 ns, 9.3404 ms/op
WorkloadResult   2: 64 op, 591444112.00 ns, 9.2413 ms/op
WorkloadResult   3: 64 op, 593175824.00 ns, 9.2684 ms/op
WorkloadResult   4: 64 op, 589795816.00 ns, 9.2156 ms/op
WorkloadResult   5: 64 op, 586034039.00 ns, 9.1568 ms/op
WorkloadResult   6: 64 op, 592936125.00 ns, 9.2646 ms/op
WorkloadResult   7: 64 op, 594337484.00 ns, 9.2865 ms/op
WorkloadResult   8: 64 op, 587259809.00 ns, 9.1759 ms/op
WorkloadResult   9: 64 op, 591551286.00 ns, 9.2430 ms/op
WorkloadResult  10: 64 op, 595008453.00 ns, 9.2970 ms/op
WorkloadResult  11: 64 op, 595853800.00 ns, 9.3102 ms/op
WorkloadResult  12: 64 op, 593568098.00 ns, 9.2745 ms/op
WorkloadResult  13: 64 op, 595208447.00 ns, 9.3001 ms/op
WorkloadResult  14: 64 op, 595238349.00 ns, 9.3006 ms/op
// GC:  51 0 0 214693152 64

// AfterAll
// Benchmark Process 342341 has exited with code 0.

Mean = 9.262 ms, StdErr = 0.014 ms (0.15%), N = 14, StdDev = 0.052 ms
Min = 9.157 ms, Q1 = 9.242 ms, Median = 9.271 ms, Q3 = 9.299 ms, Max = 9.340 ms
IQR = 0.058 ms, LowerFence = 9.155 ms, UpperFence = 9.386 ms
ConfidenceInterval = [9.204 ms; 9.321 ms] (CI 99.9%), Margin = 0.058 ms (0.63% of Mean)
Skewness = -0.62, Kurtosis = 2.33, MValue = 2

// ** Remained 17 (85.0%) benchmark(s) to run. Estimated finish 2026-07-30 11:48 (0h 22m from now) **
// **************************
// Benchmark: HybridRetrievalBenchmarks.'Sparse-seeded dense fusion': DefaultJob [Dimension=64, FilterPercentage=1]
// *** Execute ***
// Launch: 1 / 1
// Execute: dotnet Rowles.LeanCorpus.Benchmarks-DefaultJob-1.dll --ipcPort 38255 --benchmarkName "Rowles.LeanCorpus.Benchmarks.HybridRetrievalBenchmarks.FusionWithSparseSeeds(Dimension: 64, FilterPercentage: 1)" --job Default --diagnoserRunMode 3 --benchmarkId 3 in /home/jordan/leancorpus/working_directory/src/devops/Rowles.LeanCorpus.Benchmarks/bin/Release/net10.0/Rowles.LeanCorpus.Benchmarks-DefaultJob-1/bin/Release/net10.0
// Failed to set up high priority (Permission denied). In order to run benchmarks with high priority, make sure you have the right permissions.
// BeforeAnythingElse

// Benchmark Process Environment Information:
// BenchmarkDotNet v0.16.0-nightly.20260427.506
// Runtime=.NET 10.0.3 (10.0.3, 10.0.326.7603), X64 RyuJIT x86-64-v2
// GC=Concurrent Workstation
// HardwareIntrinsics=AVX,SSE3+SSSE3+SSE4.1+SSE4.2+POPCNT,X86Base+SSE+SSE2,AES+PCLMUL VectorSize=128
// Job: DefaultJob

WorkloadJitting  1: 1 op, 91114026.00 ns, 91.1140 ms/op
WorkloadJitting  2: 30 op, 329177167.00 ns, 10.9726 ms/op
WorkloadJitting  3: 30 op, 289164927.00 ns, 9.6388 ms/op
WorkloadJitting  4: 30 op, 286464983.00 ns, 9.5488 ms/op
WorkloadJitting  5: 1 op, 11655451.00 ns, 11.6555 ms/op

WorkloadPilot    1: 1 op, 11786381.00 ns, 11.7864 ms/op

WorkloadPilot    1: 16 op, 156313793.00 ns, 9.7696 ms/op
WorkloadPilot    2: 32 op, 309921661.00 ns, 9.6851 ms/op
WorkloadPilot    3: 64 op, 615677596.00 ns, 9.6200 ms/op

WorkloadWarmup   1: 64 op, 608719019.00 ns, 9.5112 ms/op
WorkloadWarmup   2: 64 op, 607114010.00 ns, 9.4862 ms/op
WorkloadWarmup   3: 64 op, 604492284.00 ns, 9.4452 ms/op
WorkloadWarmup   4: 64 op, 606360264.00 ns, 9.4744 ms/op
WorkloadWarmup   5: 64 op, 608253077.00 ns, 9.5040 ms/op
WorkloadWarmup   6: 64 op, 603190705.00 ns, 9.4249 ms/op
WorkloadWarmup   7: 64 op, 607072090.00 ns, 9.4855 ms/op
WorkloadWarmup   8: 64 op, 610346550.00 ns, 9.5367 ms/op
WorkloadWarmup   9: 64 op, 609727000.00 ns, 9.5270 ms/op

// BeforeActualRun
WorkloadActual   1: 64 op, 614781448.00 ns, 9.6060 ms/op
WorkloadActual   2: 64 op, 609720748.00 ns, 9.5269 ms/op
WorkloadActual   3: 64 op, 608461143.00 ns, 9.5072 ms/op
WorkloadActual   4: 64 op, 612883432.00 ns, 9.5763 ms/op
WorkloadActual   5: 64 op, 612369251.00 ns, 9.5683 ms/op
WorkloadActual   6: 64 op, 612335330.00 ns, 9.5677 ms/op
WorkloadActual   7: 64 op, 606394634.00 ns, 9.4749 ms/op
WorkloadActual   8: 64 op, 612382380.00 ns, 9.5685 ms/op
WorkloadActual   9: 64 op, 613759732.00 ns, 9.5900 ms/op
WorkloadActual  10: 64 op, 612152967.00 ns, 9.5649 ms/op
WorkloadActual  11: 64 op, 612581939.00 ns, 9.5716 ms/op
WorkloadActual  12: 64 op, 613751300.00 ns, 9.5899 ms/op
WorkloadActual  13: 64 op, 612937570.00 ns, 9.5771 ms/op
WorkloadActual  14: 64 op, 609616963.00 ns, 9.5253 ms/op
WorkloadActual  15: 64 op, 616387902.00 ns, 9.6311 ms/op

// AfterActualRun
// BeforeExtraIteration
// AfterExtraIteration
WorkloadExtra    1: 64 op, 608016407.00 ns, 9.5003 ms/op
WorkloadResult   1: 64 op, 614781448.00 ns, 9.6060 ms/op
WorkloadResult   2: 64 op, 609720748.00 ns, 9.5269 ms/op
WorkloadResult   3: 64 op, 608461143.00 ns, 9.5072 ms/op
WorkloadResult   4: 64 op, 612883432.00 ns, 9.5763 ms/op
WorkloadResult   5: 64 op, 612369251.00 ns, 9.5683 ms/op
WorkloadResult   6: 64 op, 612335330.00 ns, 9.5677 ms/op
WorkloadResult   7: 64 op, 606394634.00 ns, 9.4749 ms/op
WorkloadResult   8: 64 op, 612382380.00 ns, 9.5685 ms/op
WorkloadResult   9: 64 op, 613759732.00 ns, 9.5900 ms/op
WorkloadResult  10: 64 op, 612152967.00 ns, 9.5649 ms/op
WorkloadResult  11: 64 op, 612581939.00 ns, 9.5716 ms/op
WorkloadResult  12: 64 op, 613751300.00 ns, 9.5899 ms/op
WorkloadResult  13: 64 op, 612937570.00 ns, 9.5771 ms/op
WorkloadResult  14: 64 op, 609616963.00 ns, 9.5253 ms/op
WorkloadResult  15: 64 op, 616387902.00 ns, 9.6311 ms/op
// GC:  51 0 0 215536416 64

// AfterAll
// Benchmark Process 342528 has exited with code 0.

Mean = 9.563 ms, StdErr = 0.010 ms (0.11%), N = 15, StdDev = 0.040 ms
Min = 9.475 ms, Q1 = 9.546 ms, Median = 9.568 ms, Q3 = 9.584 ms, Max = 9.631 ms
IQR = 0.038 ms, LowerFence = 9.489 ms, UpperFence = 9.640 ms
ConfidenceInterval = [9.521 ms; 9.605 ms] (CI 99.9%), Margin = 0.042 ms (0.44% of Mean)
Skewness = -0.55, Kurtosis = 2.68, MValue = 2

// ** Remained 16 (80.0%) benchmark(s) to run. Estimated finish 2026-07-30 11:48 (0h 20m from now) **
// **************************
// Benchmark: HybridRetrievalBenchmarks.'Matryoshka prefix rerank': DefaultJob [Dimension=64, FilterPercentage=1]
// *** Execute ***
// Launch: 1 / 1
// Execute: dotnet Rowles.LeanCorpus.Benchmarks-DefaultJob-1.dll --ipcPort 45941 --benchmarkName "Rowles.LeanCorpus.Benchmarks.HybridRetrievalBenchmarks.MatryoshkaPrefixRerank(Dimension: 64, FilterPercentage: 1)" --job Default --diagnoserRunMode 3 --benchmarkId 4 in /home/jordan/leancorpus/working_directory/src/devops/Rowles.LeanCorpus.Benchmarks/bin/Release/net10.0/Rowles.LeanCorpus.Benchmarks-DefaultJob-1/bin/Release/net10.0
// Failed to set up high priority (Permission denied). In order to run benchmarks with high priority, make sure you have the right permissions.
// BeforeAnythingElse

// Benchmark Process Environment Information:
// BenchmarkDotNet v0.16.0-nightly.20260427.506
// Runtime=.NET 10.0.3 (10.0.3, 10.0.326.7603), X64 RyuJIT x86-64-v2
// GC=Concurrent Workstation
// HardwareIntrinsics=AVX,SSE3+SSSE3+SSE4.1+SSE4.2+POPCNT,X86Base+SSE+SSE2,AES+PCLMUL VectorSize=128
// Job: DefaultJob

WorkloadJitting  1: 1 op, 53490925.00 ns, 53.4909 ms/op
WorkloadJitting  2: 30 op, 819583390.00 ns, 27.3194 ms/op
WorkloadJitting  3: 30 op, 794419774.00 ns, 26.4807 ms/op
WorkloadJitting  4: 30 op, 791759108.00 ns, 26.3920 ms/op
WorkloadJitting  5: 1 op, 26206950.00 ns, 26.2070 ms/op

WorkloadPilot    1: 1 op, 28421538.00 ns, 28.4215 ms/op

WorkloadPilot    1: 16 op, 415380000.00 ns, 25.9613 ms/op
WorkloadPilot    2: 32 op, 844489614.00 ns, 26.3903 ms/op

WorkloadWarmup   1: 32 op, 839339345.00 ns, 26.2294 ms/op
WorkloadWarmup   2: 32 op, 833184263.00 ns, 26.0370 ms/op
WorkloadWarmup   3: 32 op, 832692982.00 ns, 26.0217 ms/op
WorkloadWarmup   4: 32 op, 842268500.00 ns, 26.3209 ms/op
WorkloadWarmup   5: 32 op, 839930931.00 ns, 26.2478 ms/op
WorkloadWarmup   6: 32 op, 844443669.00 ns, 26.3889 ms/op
WorkloadWarmup   7: 32 op, 837630186.00 ns, 26.1759 ms/op

// BeforeActualRun
WorkloadActual   1: 32 op, 847277088.00 ns, 26.4774 ms/op
WorkloadActual   2: 32 op, 840482298.00 ns, 26.2651 ms/op
WorkloadActual   3: 32 op, 849718908.00 ns, 26.5537 ms/op
WorkloadActual   4: 32 op, 842071340.00 ns, 26.3147 ms/op
WorkloadActual   5: 32 op, 846276430.00 ns, 26.4461 ms/op
WorkloadActual   6: 32 op, 839667896.00 ns, 26.2396 ms/op
WorkloadActual   7: 32 op, 838096554.00 ns, 26.1905 ms/op
WorkloadActual   8: 32 op, 843202189.00 ns, 26.3501 ms/op
WorkloadActual   9: 32 op, 846509200.00 ns, 26.4534 ms/op
WorkloadActual  10: 32 op, 847846321.00 ns, 26.4952 ms/op
WorkloadActual  11: 32 op, 848156692.00 ns, 26.5049 ms/op
WorkloadActual  12: 32 op, 842071632.00 ns, 26.3147 ms/op
WorkloadActual  13: 32 op, 841656100.00 ns, 26.3018 ms/op
WorkloadActual  14: 32 op, 848228339.00 ns, 26.5071 ms/op
WorkloadActual  15: 32 op, 844218283.00 ns, 26.3818 ms/op

// AfterActualRun
// BeforeExtraIteration
// AfterExtraIteration
WorkloadExtra    1: 32 op, 841451194.00 ns, 26.2953 ms/op
WorkloadResult   1: 32 op, 847277088.00 ns, 26.4774 ms/op
WorkloadResult   2: 32 op, 840482298.00 ns, 26.2651 ms/op
WorkloadResult   3: 32 op, 849718908.00 ns, 26.5537 ms/op
WorkloadResult   4: 32 op, 842071340.00 ns, 26.3147 ms/op
WorkloadResult   5: 32 op, 846276430.00 ns, 26.4461 ms/op
WorkloadResult   6: 32 op, 839667896.00 ns, 26.2396 ms/op
WorkloadResult   7: 32 op, 838096554.00 ns, 26.1905 ms/op
WorkloadResult   8: 32 op, 843202189.00 ns, 26.3501 ms/op
WorkloadResult   9: 32 op, 846509200.00 ns, 26.4534 ms/op
WorkloadResult  10: 32 op, 847846321.00 ns, 26.4952 ms/op
WorkloadResult  11: 32 op, 848156692.00 ns, 26.5049 ms/op
WorkloadResult  12: 32 op, 842071632.00 ns, 26.3147 ms/op
WorkloadResult  13: 32 op, 841656100.00 ns, 26.3018 ms/op
WorkloadResult  14: 32 op, 848228339.00 ns, 26.5071 ms/op
WorkloadResult  15: 32 op, 844218283.00 ns, 26.3818 ms/op
// GC:  227 10 2 983840704 32

// AfterAll
// Benchmark Process 342618 has exited with code 0.

Mean = 26.386 ms, StdErr = 0.029 ms (0.11%), N = 15, StdDev = 0.113 ms
Min = 26.191 ms, Q1 = 26.308 ms, Median = 26.382 ms, Q3 = 26.486 ms, Max = 26.554 ms
IQR = 0.178 ms, LowerFence = 26.041 ms, UpperFence = 26.753 ms
ConfidenceInterval = [26.266 ms; 26.507 ms] (CI 99.9%), Margin = 0.121 ms (0.46% of Mean)
Skewness = -0.15, Kurtosis = 1.52, MValue = 2

// ** Remained 15 (75.0%) benchmark(s) to run. Estimated finish 2026-07-30 11:48 (0h 19m from now) **
// **************************
// Benchmark: HybridRetrievalBenchmarks.'Filtered exact scan': DefaultJob [Dimension=64, FilterPercentage=10]
// *** Execute ***
// Launch: 1 / 1
// Execute: dotnet Rowles.LeanCorpus.Benchmarks-DefaultJob-1.dll --ipcPort 34547 --benchmarkName "Rowles.LeanCorpus.Benchmarks.HybridRetrievalBenchmarks.FilteredExactScan(Dimension: 64, FilterPercentage: 10)" --job Default --diagnoserRunMode 3 --benchmarkId 5 in /home/jordan/leancorpus/working_directory/src/devops/Rowles.LeanCorpus.Benchmarks/bin/Release/net10.0/Rowles.LeanCorpus.Benchmarks-DefaultJob-1/bin/Release/net10.0
// Failed to set up high priority (Permission denied). In order to run benchmarks with high priority, make sure you have the right permissions.
// BeforeAnythingElse

// Benchmark Process Environment Information:
// BenchmarkDotNet v0.16.0-nightly.20260427.506
// Runtime=.NET 10.0.3 (10.0.3, 10.0.326.7603), X64 RyuJIT x86-64-v2
// GC=Concurrent Workstation
// HardwareIntrinsics=AVX,SSE3+SSSE3+SSE4.1+SSE4.2+POPCNT,X86Base+SSE+SSE2,AES+PCLMUL VectorSize=128
// Job: DefaultJob

WorkloadJitting  1: 1 op, 4817105.00 ns, 4.8171 ms/op
WorkloadJitting  2: 30 op, 135554864.00 ns, 4.5185 ms/op
WorkloadJitting  3: 30 op, 111975202.00 ns, 3.7325 ms/op
WorkloadJitting  4: 30 op, 111168485.00 ns, 3.7056 ms/op
WorkloadJitting  5: 1 op, 3972588.00 ns, 3.9726 ms/op

WorkloadPilot    1: 1 op, 4002751.00 ns, 4.0028 ms/op

WorkloadPilot    1: 16 op, 60251687.00 ns, 3.7657 ms/op
WorkloadPilot    2: 32 op, 118755871.00 ns, 3.7111 ms/op
WorkloadPilot    3: 64 op, 233486294.00 ns, 3.6482 ms/op
WorkloadPilot    4: 128 op, 461357847.00 ns, 3.6044 ms/op
WorkloadPilot    5: 256 op, 936956775.00 ns, 3.6600 ms/op

WorkloadWarmup   1: 256 op, 941084114.00 ns, 3.6761 ms/op
WorkloadWarmup   2: 256 op, 932602975.00 ns, 3.6430 ms/op
WorkloadWarmup   3: 256 op, 929528279.00 ns, 3.6310 ms/op
WorkloadWarmup   4: 256 op, 931386887.00 ns, 3.6382 ms/op
WorkloadWarmup   5: 256 op, 939716951.00 ns, 3.6708 ms/op
WorkloadWarmup   6: 256 op, 938987396.00 ns, 3.6679 ms/op
WorkloadWarmup   7: 256 op, 937433673.00 ns, 3.6619 ms/op
WorkloadWarmup   8: 256 op, 940315742.00 ns, 3.6731 ms/op
WorkloadWarmup   9: 256 op, 937598869.00 ns, 3.6625 ms/op

// BeforeActualRun
WorkloadActual   1: 256 op, 936053093.00 ns, 3.6565 ms/op
WorkloadActual   2: 256 op, 922913347.00 ns, 3.6051 ms/op
WorkloadActual   3: 256 op, 937791672.00 ns, 3.6632 ms/op
WorkloadActual   4: 256 op, 936739888.00 ns, 3.6591 ms/op
WorkloadActual   5: 256 op, 938696650.00 ns, 3.6668 ms/op
WorkloadActual   6: 256 op, 936713628.00 ns, 3.6590 ms/op
WorkloadActual   7: 256 op, 924091634.00 ns, 3.6097 ms/op
WorkloadActual   8: 256 op, 930951718.00 ns, 3.6365 ms/op
WorkloadActual   9: 256 op, 936795771.00 ns, 3.6594 ms/op
WorkloadActual  10: 256 op, 939190940.00 ns, 3.6687 ms/op
WorkloadActual  11: 256 op, 927731004.00 ns, 3.6239 ms/op
WorkloadActual  12: 256 op, 937561669.00 ns, 3.6624 ms/op
WorkloadActual  13: 256 op, 939359661.00 ns, 3.6694 ms/op
WorkloadActual  14: 256 op, 940892957.00 ns, 3.6754 ms/op
WorkloadActual  15: 256 op, 927150567.00 ns, 3.6217 ms/op

// AfterActualRun
// BeforeExtraIteration
// AfterExtraIteration
WorkloadExtra    1: 256 op, 941493623.00 ns, 3.6777 ms/op
WorkloadResult   1: 256 op, 936053093.00 ns, 3.6565 ms/op
WorkloadResult   2: 256 op, 922913347.00 ns, 3.6051 ms/op
WorkloadResult   3: 256 op, 937791672.00 ns, 3.6632 ms/op
WorkloadResult   4: 256 op, 936739888.00 ns, 3.6591 ms/op
WorkloadResult   5: 256 op, 938696650.00 ns, 3.6668 ms/op
WorkloadResult   6: 256 op, 936713628.00 ns, 3.6590 ms/op
WorkloadResult   7: 256 op, 924091634.00 ns, 3.6097 ms/op
WorkloadResult   8: 256 op, 930951718.00 ns, 3.6365 ms/op
WorkloadResult   9: 256 op, 936795771.00 ns, 3.6594 ms/op
WorkloadResult  10: 256 op, 939190940.00 ns, 3.6687 ms/op
WorkloadResult  11: 256 op, 927731004.00 ns, 3.6239 ms/op
WorkloadResult  12: 256 op, 937561669.00 ns, 3.6624 ms/op
WorkloadResult  13: 256 op, 939359661.00 ns, 3.6694 ms/op
WorkloadResult  14: 256 op, 940892957.00 ns, 3.6754 ms/op
WorkloadResult  15: 256 op, 927150567.00 ns, 3.6217 ms/op
// GC:  0 0 0 2203888 256

// AfterAll
// Benchmark Process 342919 has exited with code 0.

Mean = 3.649 ms, StdErr = 0.006 ms (0.16%), N = 15, StdDev = 0.023 ms
Min = 3.605 ms, Q1 = 3.630 ms, Median = 3.659 ms, Q3 = 3.665 ms, Max = 3.675 ms
IQR = 0.035 ms, LowerFence = 3.578 ms, UpperFence = 3.717 ms
ConfidenceInterval = [3.624 ms; 3.674 ms] (CI 99.9%), Margin = 0.025 ms (0.68% of Mean)
Skewness = -0.73, Kurtosis = 1.86, MValue = 2

// ** Remained 14 (70.0%) benchmark(s) to run. Estimated finish 2026-07-30 11:49 (0h 18m from now) **
// **************************
// Benchmark: HybridRetrievalBenchmarks.'Filtered HNSW planner': DefaultJob [Dimension=64, FilterPercentage=10]
// *** Execute ***
// Launch: 1 / 1
// Execute: dotnet Rowles.LeanCorpus.Benchmarks-DefaultJob-1.dll --ipcPort 42503 --benchmarkName "Rowles.LeanCorpus.Benchmarks.HybridRetrievalBenchmarks.FilteredHnswPlanner(Dimension: 64, FilterPercentage: 10)" --job Default --diagnoserRunMode 3 --benchmarkId 6 in /home/jordan/leancorpus/working_directory/src/devops/Rowles.LeanCorpus.Benchmarks/bin/Release/net10.0/Rowles.LeanCorpus.Benchmarks-DefaultJob-1/bin/Release/net10.0
// Failed to set up high priority (Permission denied). In order to run benchmarks with high priority, make sure you have the right permissions.
// BeforeAnythingElse

// Benchmark Process Environment Information:
// BenchmarkDotNet v0.16.0-nightly.20260427.506
// Runtime=.NET 10.0.3 (10.0.3, 10.0.326.7603), X64 RyuJIT x86-64-v2
// GC=Concurrent Workstation
// HardwareIntrinsics=AVX,SSE3+SSSE3+SSE4.1+SSE4.2+POPCNT,X86Base+SSE+SSE2,AES+PCLMUL VectorSize=128
// Job: DefaultJob

WorkloadJitting  1: 1 op, 21048973.00 ns, 21.0490 ms/op
WorkloadJitting  2: 30 op, 579513019.00 ns, 19.3171 ms/op
WorkloadJitting  3: 30 op, 572331194.00 ns, 19.0777 ms/op
WorkloadJitting  4: 30 op, 566830132.00 ns, 18.8943 ms/op
WorkloadJitting  5: 1 op, 19961052.00 ns, 19.9611 ms/op

WorkloadPilot    1: 1 op, 20260417.00 ns, 20.2604 ms/op

WorkloadPilot    1: 16 op, 302235437.00 ns, 18.8897 ms/op
WorkloadPilot    2: 32 op, 609509317.00 ns, 19.0472 ms/op

WorkloadWarmup   1: 32 op, 610038982.00 ns, 19.0637 ms/op
WorkloadWarmup   2: 32 op, 603073414.00 ns, 18.8460 ms/op
WorkloadWarmup   3: 32 op, 607288140.00 ns, 18.9778 ms/op
WorkloadWarmup   4: 32 op, 609374722.00 ns, 19.0430 ms/op
WorkloadWarmup   5: 32 op, 609618656.00 ns, 19.0506 ms/op
WorkloadWarmup   6: 32 op, 607661695.00 ns, 18.9894 ms/op
WorkloadWarmup   7: 32 op, 611422897.00 ns, 19.1070 ms/op
WorkloadWarmup   8: 32 op, 613271496.00 ns, 19.1647 ms/op
WorkloadWarmup   9: 32 op, 604886428.00 ns, 18.9027 ms/op

// BeforeActualRun
WorkloadActual   1: 32 op, 611695726.00 ns, 19.1155 ms/op
WorkloadActual   2: 32 op, 606917002.00 ns, 18.9662 ms/op
WorkloadActual   3: 32 op, 610910741.00 ns, 19.0910 ms/op
WorkloadActual   4: 32 op, 603050533.00 ns, 18.8453 ms/op
WorkloadActual   5: 32 op, 607143521.00 ns, 18.9732 ms/op
WorkloadActual   6: 32 op, 606937203.00 ns, 18.9668 ms/op
WorkloadActual   7: 32 op, 608959728.00 ns, 19.0300 ms/op
WorkloadActual   8: 32 op, 598900941.00 ns, 18.7157 ms/op
WorkloadActual   9: 32 op, 605253154.00 ns, 18.9142 ms/op
WorkloadActual  10: 32 op, 597544014.00 ns, 18.6733 ms/op
WorkloadActual  11: 32 op, 604840536.00 ns, 18.9013 ms/op
WorkloadActual  12: 32 op, 607679920.00 ns, 18.9900 ms/op
WorkloadActual  13: 32 op, 611677690.00 ns, 19.1149 ms/op
WorkloadActual  14: 32 op, 604497643.00 ns, 18.8906 ms/op
WorkloadActual  15: 32 op, 605017812.00 ns, 18.9068 ms/op

// AfterActualRun
// BeforeExtraIteration
// AfterExtraIteration
WorkloadExtra    1: 32 op, 603393691.00 ns, 18.8561 ms/op
WorkloadResult   1: 32 op, 611695726.00 ns, 19.1155 ms/op
WorkloadResult   2: 32 op, 606917002.00 ns, 18.9662 ms/op
WorkloadResult   3: 32 op, 610910741.00 ns, 19.0910 ms/op
WorkloadResult   4: 32 op, 603050533.00 ns, 18.8453 ms/op
WorkloadResult   5: 32 op, 607143521.00 ns, 18.9732 ms/op
WorkloadResult   6: 32 op, 606937203.00 ns, 18.9668 ms/op
WorkloadResult   7: 32 op, 608959728.00 ns, 19.0300 ms/op
WorkloadResult   8: 32 op, 598900941.00 ns, 18.7157 ms/op
WorkloadResult   9: 32 op, 605253154.00 ns, 18.9142 ms/op
WorkloadResult  10: 32 op, 597544014.00 ns, 18.6733 ms/op
WorkloadResult  11: 32 op, 604840536.00 ns, 18.9013 ms/op
WorkloadResult  12: 32 op, 607679920.00 ns, 18.9900 ms/op
WorkloadResult  13: 32 op, 611677690.00 ns, 19.1149 ms/op
WorkloadResult  14: 32 op, 604497643.00 ns, 18.8906 ms/op
WorkloadResult  15: 32 op, 605017812.00 ns, 18.9068 ms/op
// GC:  1 0 0 6776288 32

// AfterAll
// Benchmark Process 343035 has exited with code 0.

Mean = 18.940 ms, StdErr = 0.033 ms (0.18%), N = 15, StdDev = 0.129 ms
Min = 18.673 ms, Q1 = 18.896 ms, Median = 18.966 ms, Q3 = 19.010 ms, Max = 19.115 ms
IQR = 0.114 ms, LowerFence = 18.725 ms, UpperFence = 19.181 ms
ConfidenceInterval = [18.802 ms; 19.078 ms] (CI 99.9%), Margin = 0.138 ms (0.73% of Mean)
Skewness = -0.49, Kurtosis = 2.43, MValue = 2

// ** Remained 13 (65.0%) benchmark(s) to run. Estimated finish 2026-07-30 11:49 (0h 17m from now) **
// **************************
// Benchmark: HybridRetrievalBenchmarks.'Sparse+dense fusion': DefaultJob [Dimension=64, FilterPercentage=10]
// *** Execute ***
// Launch: 1 / 1
// Execute: dotnet Rowles.LeanCorpus.Benchmarks-DefaultJob-1.dll --ipcPort 41877 --benchmarkName "Rowles.LeanCorpus.Benchmarks.HybridRetrievalBenchmarks.FusionWithoutSparseSeeds(Dimension: 64, FilterPercentage: 10)" --job Default --diagnoserRunMode 3 --benchmarkId 7 in /home/jordan/leancorpus/working_directory/src/devops/Rowles.LeanCorpus.Benchmarks/bin/Release/net10.0/Rowles.LeanCorpus.Benchmarks-DefaultJob-1/bin/Release/net10.0
// Failed to set up high priority (Permission denied). In order to run benchmarks with high priority, make sure you have the right permissions.
// BeforeAnythingElse

// Benchmark Process Environment Information:
// BenchmarkDotNet v0.16.0-nightly.20260427.506
// Runtime=.NET 10.0.3 (10.0.3, 10.0.326.7603), X64 RyuJIT x86-64-v2
// GC=Concurrent Workstation
// HardwareIntrinsics=AVX,SSE3+SSSE3+SSE4.1+SSE4.2+POPCNT,X86Base+SSE+SSE2,AES+PCLMUL VectorSize=128
// Job: DefaultJob

WorkloadJitting  1: 1 op, 83686540.00 ns, 83.6865 ms/op
WorkloadJitting  2: 30 op, 317387337.00 ns, 10.5796 ms/op
WorkloadJitting  3: 30 op, 277073651.00 ns, 9.2358 ms/op
WorkloadJitting  4: 30 op, 276543999.00 ns, 9.2181 ms/op
WorkloadJitting  5: 1 op, 11099937.00 ns, 11.0999 ms/op

WorkloadPilot    1: 1 op, 11598295.00 ns, 11.5983 ms/op

WorkloadPilot    1: 16 op, 150004690.00 ns, 9.3753 ms/op
WorkloadPilot    2: 32 op, 296535439.00 ns, 9.2667 ms/op
WorkloadPilot    3: 64 op, 593467473.00 ns, 9.2729 ms/op

WorkloadWarmup   1: 64 op, 588269701.00 ns, 9.1917 ms/op
WorkloadWarmup   2: 64 op, 589611091.00 ns, 9.2127 ms/op
WorkloadWarmup   3: 64 op, 591037993.00 ns, 9.2350 ms/op
WorkloadWarmup   4: 64 op, 590347937.00 ns, 9.2242 ms/op
WorkloadWarmup   5: 64 op, 588712394.00 ns, 9.1986 ms/op
WorkloadWarmup   6: 64 op, 590947607.00 ns, 9.2336 ms/op
WorkloadWarmup   7: 64 op, 593277242.00 ns, 9.2700 ms/op
WorkloadWarmup   8: 64 op, 589530028.00 ns, 9.2114 ms/op

// BeforeActualRun
WorkloadActual   1: 64 op, 591256872.00 ns, 9.2384 ms/op
WorkloadActual   2: 64 op, 593013494.00 ns, 9.2658 ms/op
WorkloadActual   3: 64 op, 593828708.00 ns, 9.2786 ms/op
WorkloadActual   4: 64 op, 591375163.00 ns, 9.2402 ms/op
WorkloadActual   5: 64 op, 590156843.00 ns, 9.2212 ms/op
WorkloadActual   6: 64 op, 588599311.00 ns, 9.1969 ms/op
WorkloadActual   7: 64 op, 591097171.00 ns, 9.2359 ms/op
WorkloadActual   8: 64 op, 591360309.00 ns, 9.2400 ms/op
WorkloadActual   9: 64 op, 591387543.00 ns, 9.2404 ms/op
WorkloadActual  10: 64 op, 584381309.00 ns, 9.1310 ms/op
WorkloadActual  11: 64 op, 589420764.00 ns, 9.2097 ms/op
WorkloadActual  12: 64 op, 592915015.00 ns, 9.2643 ms/op
WorkloadActual  13: 64 op, 592329544.00 ns, 9.2551 ms/op
WorkloadActual  14: 64 op, 593424383.00 ns, 9.2723 ms/op
WorkloadActual  15: 64 op, 593054245.00 ns, 9.2665 ms/op

// AfterActualRun
// BeforeExtraIteration
// AfterExtraIteration
WorkloadExtra    1: 64 op, 592010866.00 ns, 9.2502 ms/op
WorkloadResult   1: 64 op, 591256872.00 ns, 9.2384 ms/op
WorkloadResult   2: 64 op, 593013494.00 ns, 9.2658 ms/op
WorkloadResult   3: 64 op, 593828708.00 ns, 9.2786 ms/op
WorkloadResult   4: 64 op, 591375163.00 ns, 9.2402 ms/op
WorkloadResult   5: 64 op, 590156843.00 ns, 9.2212 ms/op
WorkloadResult   6: 64 op, 588599311.00 ns, 9.1969 ms/op
WorkloadResult   7: 64 op, 591097171.00 ns, 9.2359 ms/op
WorkloadResult   8: 64 op, 591360309.00 ns, 9.2400 ms/op
WorkloadResult   9: 64 op, 591387543.00 ns, 9.2404 ms/op
WorkloadResult  10: 64 op, 584381309.00 ns, 9.1310 ms/op
WorkloadResult  11: 64 op, 589420764.00 ns, 9.2097 ms/op
WorkloadResult  12: 64 op, 592915015.00 ns, 9.2643 ms/op
WorkloadResult  13: 64 op, 592329544.00 ns, 9.2551 ms/op
WorkloadResult  14: 64 op, 593424383.00 ns, 9.2723 ms/op
WorkloadResult  15: 64 op, 593054245.00 ns, 9.2665 ms/op
// GC:  49 0 0 208959824 64

// AfterAll
// Benchmark Process 343115 has exited with code 0.

Mean = 9.237 ms, StdErr = 0.010 ms (0.10%), N = 15, StdDev = 0.037 ms
Min = 9.131 ms, Q1 = 9.229 ms, Median = 9.240 ms, Q3 = 9.265 ms, Max = 9.279 ms
IQR = 0.037 ms, LowerFence = 9.174 ms, UpperFence = 9.320 ms
ConfidenceInterval = [9.197 ms; 9.277 ms] (CI 99.9%), Margin = 0.040 ms (0.43% of Mean)
Skewness = -1.39, Kurtosis = 4.63, MValue = 2

// ** Remained 12 (60.0%) benchmark(s) to run. Estimated finish 2026-07-30 11:49 (0h 15m from now) **
// **************************
// Benchmark: HybridRetrievalBenchmarks.'Sparse-seeded dense fusion': DefaultJob [Dimension=64, FilterPercentage=10]
// *** Execute ***
// Launch: 1 / 1
// Execute: dotnet Rowles.LeanCorpus.Benchmarks-DefaultJob-1.dll --ipcPort 43123 --benchmarkName "Rowles.LeanCorpus.Benchmarks.HybridRetrievalBenchmarks.FusionWithSparseSeeds(Dimension: 64, FilterPercentage: 10)" --job Default --diagnoserRunMode 3 --benchmarkId 8 in /home/jordan/leancorpus/working_directory/src/devops/Rowles.LeanCorpus.Benchmarks/bin/Release/net10.0/Rowles.LeanCorpus.Benchmarks-DefaultJob-1/bin/Release/net10.0
// Failed to set up high priority (Permission denied). In order to run benchmarks with high priority, make sure you have the right permissions.
// BeforeAnythingElse

// Benchmark Process Environment Information:
// BenchmarkDotNet v0.16.0-nightly.20260427.506
// Runtime=.NET 10.0.3 (10.0.3, 10.0.326.7603), X64 RyuJIT x86-64-v2
// GC=Concurrent Workstation
// HardwareIntrinsics=AVX,SSE3+SSSE3+SSE4.1+SSE4.2+POPCNT,X86Base+SSE+SSE2,AES+PCLMUL VectorSize=128
// Job: DefaultJob

WorkloadJitting  1: 1 op, 86587456.00 ns, 86.5875 ms/op
WorkloadJitting  2: 30 op, 322773944.00 ns, 10.7591 ms/op
WorkloadJitting  3: 30 op, 281830174.00 ns, 9.3943 ms/op
WorkloadJitting  4: 30 op, 285297754.00 ns, 9.5099 ms/op
WorkloadJitting  5: 1 op, 11260496.00 ns, 11.2605 ms/op

WorkloadPilot    1: 1 op, 11505162.00 ns, 11.5052 ms/op

WorkloadPilot    1: 16 op, 151713733.00 ns, 9.4821 ms/op
WorkloadPilot    2: 32 op, 300521495.00 ns, 9.3913 ms/op
WorkloadPilot    3: 64 op, 597899788.00 ns, 9.3422 ms/op

WorkloadWarmup   1: 64 op, 599927799.00 ns, 9.3739 ms/op
WorkloadWarmup   2: 64 op, 599311281.00 ns, 9.3642 ms/op
WorkloadWarmup   3: 64 op, 601384261.00 ns, 9.3966 ms/op
WorkloadWarmup   4: 64 op, 600249791.00 ns, 9.3789 ms/op
WorkloadWarmup   5: 64 op, 597627826.00 ns, 9.3379 ms/op
WorkloadWarmup   6: 64 op, 591271633.00 ns, 9.2386 ms/op
WorkloadWarmup   7: 64 op, 597271642.00 ns, 9.3324 ms/op
WorkloadWarmup   8: 64 op, 595485923.00 ns, 9.3045 ms/op

// BeforeActualRun
WorkloadActual   1: 64 op, 593672111.00 ns, 9.2761 ms/op
WorkloadActual   2: 64 op, 589797612.00 ns, 9.2156 ms/op
WorkloadActual   3: 64 op, 603363403.00 ns, 9.4276 ms/op
WorkloadActual   4: 64 op, 600784255.00 ns, 9.3873 ms/op
WorkloadActual   5: 64 op, 594592795.00 ns, 9.2905 ms/op
WorkloadActual   6: 64 op, 592312867.00 ns, 9.2549 ms/op
WorkloadActual   7: 64 op, 590940656.00 ns, 9.2334 ms/op
WorkloadActual   8: 64 op, 594948807.00 ns, 9.2961 ms/op
WorkloadActual   9: 64 op, 601080073.00 ns, 9.3919 ms/op
WorkloadActual  10: 64 op, 597933562.00 ns, 9.3427 ms/op
WorkloadActual  11: 64 op, 604596054.00 ns, 9.4468 ms/op
WorkloadActual  12: 64 op, 603758891.00 ns, 9.4337 ms/op
WorkloadActual  13: 64 op, 596000850.00 ns, 9.3125 ms/op
WorkloadActual  14: 64 op, 597719393.00 ns, 9.3394 ms/op
WorkloadActual  15: 64 op, 601145781.00 ns, 9.3929 ms/op

// AfterActualRun
// BeforeExtraIteration
// AfterExtraIteration
WorkloadExtra    1: 64 op, 591119599.00 ns, 9.2362 ms/op
WorkloadResult   1: 64 op, 593672111.00 ns, 9.2761 ms/op
WorkloadResult   2: 64 op, 589797612.00 ns, 9.2156 ms/op
WorkloadResult   3: 64 op, 603363403.00 ns, 9.4276 ms/op
WorkloadResult   4: 64 op, 600784255.00 ns, 9.3873 ms/op
WorkloadResult   5: 64 op, 594592795.00 ns, 9.2905 ms/op
WorkloadResult   6: 64 op, 592312867.00 ns, 9.2549 ms/op
WorkloadResult   7: 64 op, 590940656.00 ns, 9.2334 ms/op
WorkloadResult   8: 64 op, 594948807.00 ns, 9.2961 ms/op
WorkloadResult   9: 64 op, 601080073.00 ns, 9.3919 ms/op
WorkloadResult  10: 64 op, 597933562.00 ns, 9.3427 ms/op
WorkloadResult  11: 64 op, 604596054.00 ns, 9.4468 ms/op
WorkloadResult  12: 64 op, 603758891.00 ns, 9.4337 ms/op
WorkloadResult  13: 64 op, 596000850.00 ns, 9.3125 ms/op
WorkloadResult  14: 64 op, 597719393.00 ns, 9.3394 ms/op
WorkloadResult  15: 64 op, 601145781.00 ns, 9.3929 ms/op
// GC:  50 0 0 209803576 64

// AfterAll
// Benchmark Process 343199 has exited with code 0.

Mean = 9.336 ms, StdErr = 0.019 ms (0.21%), N = 15, StdDev = 0.075 ms
Min = 9.216 ms, Q1 = 9.283 ms, Median = 9.339 ms, Q3 = 9.392 ms, Max = 9.447 ms
IQR = 0.109 ms, LowerFence = 9.120 ms, UpperFence = 9.556 ms
ConfidenceInterval = [9.256 ms; 9.416 ms] (CI 99.9%), Margin = 0.080 ms (0.86% of Mean)
Skewness = -0.03, Kurtosis = 1.53, MValue = 2

// ** Remained 11 (55.0%) benchmark(s) to run. Estimated finish 2026-07-30 11:48 (0h 14m from now) **
// **************************
// Benchmark: HybridRetrievalBenchmarks.'Matryoshka prefix rerank': DefaultJob [Dimension=64, FilterPercentage=10]
// *** Execute ***
// Launch: 1 / 1
// Execute: dotnet Rowles.LeanCorpus.Benchmarks-DefaultJob-1.dll --ipcPort 42565 --benchmarkName "Rowles.LeanCorpus.Benchmarks.HybridRetrievalBenchmarks.MatryoshkaPrefixRerank(Dimension: 64, FilterPercentage: 10)" --job Default --diagnoserRunMode 3 --benchmarkId 9 in /home/jordan/leancorpus/working_directory/src/devops/Rowles.LeanCorpus.Benchmarks/bin/Release/net10.0/Rowles.LeanCorpus.Benchmarks-DefaultJob-1/bin/Release/net10.0
// Failed to set up high priority (Permission denied). In order to run benchmarks with high priority, make sure you have the right permissions.
// BeforeAnythingElse

// Benchmark Process Environment Information:
// BenchmarkDotNet v0.16.0-nightly.20260427.506
// Runtime=.NET 10.0.3 (10.0.3, 10.0.326.7603), X64 RyuJIT x86-64-v2
// GC=Concurrent Workstation
// HardwareIntrinsics=AVX,SSE3+SSSE3+SSE4.1+SSE4.2+POPCNT,X86Base+SSE+SSE2,AES+PCLMUL VectorSize=128
// Job: DefaultJob

WorkloadJitting  1: 1 op, 52434512.00 ns, 52.4345 ms/op
WorkloadJitting  2: 30 op, 806072698.00 ns, 26.8691 ms/op
WorkloadJitting  3: 30 op, 786553480.00 ns, 26.2184 ms/op
WorkloadJitting  4: 30 op, 779797353.00 ns, 25.9932 ms/op
WorkloadJitting  5: 1 op, 26515210.00 ns, 26.5152 ms/op

WorkloadPilot    1: 1 op, 28630548.00 ns, 28.6305 ms/op

WorkloadPilot    1: 16 op, 416053741.00 ns, 26.0034 ms/op
WorkloadPilot    2: 32 op, 834398622.00 ns, 26.0750 ms/op

WorkloadWarmup   1: 32 op, 837020639.00 ns, 26.1569 ms/op
WorkloadWarmup   2: 32 op, 835554498.00 ns, 26.1111 ms/op
WorkloadWarmup   3: 32 op, 835136420.00 ns, 26.0980 ms/op
WorkloadWarmup   4: 32 op, 825705211.00 ns, 25.8033 ms/op
WorkloadWarmup   5: 32 op, 832460064.00 ns, 26.0144 ms/op
WorkloadWarmup   6: 32 op, 833014012.00 ns, 26.0317 ms/op
WorkloadWarmup   7: 32 op, 831204139.00 ns, 25.9751 ms/op
WorkloadWarmup   8: 32 op, 832143248.00 ns, 26.0045 ms/op
WorkloadWarmup   9: 32 op, 835501554.00 ns, 26.1094 ms/op
WorkloadWarmup  10: 32 op, 839563222.00 ns, 26.2364 ms/op
WorkloadWarmup  11: 32 op, 839390038.00 ns, 26.2309 ms/op

// BeforeActualRun
WorkloadActual   1: 32 op, 839848859.00 ns, 26.2453 ms/op
WorkloadActual   2: 32 op, 833016597.00 ns, 26.0318 ms/op
WorkloadActual   3: 32 op, 840044896.00 ns, 26.2514 ms/op
WorkloadActual   4: 32 op, 825573581.00 ns, 25.7992 ms/op
WorkloadActual   5: 32 op, 837651152.00 ns, 26.1766 ms/op
WorkloadActual   6: 32 op, 829769554.00 ns, 25.9303 ms/op
WorkloadActual   7: 32 op, 825170172.00 ns, 25.7866 ms/op
WorkloadActual   8: 32 op, 832913858.00 ns, 26.0286 ms/op
WorkloadActual   9: 32 op, 832900681.00 ns, 26.0281 ms/op
WorkloadActual  10: 32 op, 826526874.00 ns, 25.8290 ms/op
WorkloadActual  11: 32 op, 830364692.00 ns, 25.9489 ms/op
WorkloadActual  12: 32 op, 832228048.00 ns, 26.0071 ms/op
WorkloadActual  13: 32 op, 839278434.00 ns, 26.2275 ms/op
WorkloadActual  14: 32 op, 834831625.00 ns, 26.0885 ms/op
WorkloadActual  15: 32 op, 837553247.00 ns, 26.1735 ms/op

// AfterActualRun
// BeforeExtraIteration
// AfterExtraIteration
WorkloadExtra    1: 32 op, 848108795.00 ns, 26.5034 ms/op
WorkloadResult   1: 32 op, 839848859.00 ns, 26.2453 ms/op
WorkloadResult   2: 32 op, 833016597.00 ns, 26.0318 ms/op
WorkloadResult   3: 32 op, 840044896.00 ns, 26.2514 ms/op
WorkloadResult   4: 32 op, 825573581.00 ns, 25.7992 ms/op
WorkloadResult   5: 32 op, 837651152.00 ns, 26.1766 ms/op
WorkloadResult   6: 32 op, 829769554.00 ns, 25.9303 ms/op
WorkloadResult   7: 32 op, 825170172.00 ns, 25.7866 ms/op
WorkloadResult   8: 32 op, 832913858.00 ns, 26.0286 ms/op
WorkloadResult   9: 32 op, 832900681.00 ns, 26.0281 ms/op
WorkloadResult  10: 32 op, 826526874.00 ns, 25.8290 ms/op
WorkloadResult  11: 32 op, 830364692.00 ns, 25.9489 ms/op
WorkloadResult  12: 32 op, 832228048.00 ns, 26.0071 ms/op
WorkloadResult  13: 32 op, 839278434.00 ns, 26.2275 ms/op
WorkloadResult  14: 32 op, 834831625.00 ns, 26.0885 ms/op
WorkloadResult  15: 32 op, 837553247.00 ns, 26.1735 ms/op
// GC:  227 10 2 983847872 32

// AfterAll
// Benchmark Process 343305 has exited with code 0.

Mean = 26.037 ms, StdErr = 0.041 ms (0.16%), N = 15, StdDev = 0.158 ms
Min = 25.787 ms, Q1 = 25.940 ms, Median = 26.029 ms, Q3 = 26.175 ms, Max = 26.251 ms
IQR = 0.235 ms, LowerFence = 25.586 ms, UpperFence = 26.528 ms
ConfidenceInterval = [25.868 ms; 26.206 ms] (CI 99.9%), Margin = 0.169 ms (0.65% of Mean)
Skewness = -0.15, Kurtosis = 1.63, MValue = 2

// ** Remained 10 (50.0%) benchmark(s) to run. Estimated finish 2026-07-30 11:49 (0h 13m from now) **
// **************************
// Benchmark: HybridRetrievalBenchmarks.'Filtered exact scan': DefaultJob [Dimension=128, FilterPercentage=1]
// *** Execute ***
// Launch: 1 / 1
// Execute: dotnet Rowles.LeanCorpus.Benchmarks-DefaultJob-1.dll --ipcPort 46751 --benchmarkName "Rowles.LeanCorpus.Benchmarks.HybridRetrievalBenchmarks.FilteredExactScan(Dimension: 128, FilterPercentage: 1)" --job Default --diagnoserRunMode 3 --benchmarkId 10 in /home/jordan/leancorpus/working_directory/src/devops/Rowles.LeanCorpus.Benchmarks/bin/Release/net10.0/Rowles.LeanCorpus.Benchmarks-DefaultJob-1/bin/Release/net10.0
// Failed to set up high priority (Permission denied). In order to run benchmarks with high priority, make sure you have the right permissions.
// BeforeAnythingElse

// Benchmark Process Environment Information:
// BenchmarkDotNet v0.16.0-nightly.20260427.506
// Runtime=.NET 10.0.3 (10.0.3, 10.0.326.7603), X64 RyuJIT x86-64-v2
// GC=Concurrent Workstation
// HardwareIntrinsics=AVX,SSE3+SSSE3+SSE4.1+SSE4.2+POPCNT,X86Base+SSE+SSE2,AES+PCLMUL VectorSize=128
// Job: DefaultJob

WorkloadJitting  1: 1 op, 3252145.00 ns, 3.2521 ms/op
WorkloadJitting  2: 30 op, 96906927.00 ns, 3.2302 ms/op
WorkloadJitting  3: 30 op, 75890937.00 ns, 2.5297 ms/op
WorkloadJitting  4: 30 op, 75195454.00 ns, 2.5065 ms/op
WorkloadJitting  5: 1 op, 2789255.00 ns, 2.7893 ms/op

WorkloadPilot    1: 1 op, 2758998.00 ns, 2.7590 ms/op

WorkloadPilot    1: 16 op, 41480494.00 ns, 2.5925 ms/op
WorkloadPilot    2: 32 op, 81995087.00 ns, 2.5623 ms/op
WorkloadPilot    3: 64 op, 161152164.00 ns, 2.5180 ms/op
WorkloadPilot    4: 128 op, 319539794.00 ns, 2.4964 ms/op
WorkloadPilot    5: 256 op, 639077172.00 ns, 2.4964 ms/op

WorkloadWarmup   1: 256 op, 639955789.00 ns, 2.4998 ms/op
WorkloadWarmup   2: 256 op, 636091613.00 ns, 2.4847 ms/op
WorkloadWarmup   3: 256 op, 638960141.00 ns, 2.4959 ms/op
WorkloadWarmup   4: 256 op, 637396677.00 ns, 2.4898 ms/op
WorkloadWarmup   5: 256 op, 634779097.00 ns, 2.4796 ms/op
WorkloadWarmup   6: 256 op, 637151504.00 ns, 2.4889 ms/op
WorkloadWarmup   7: 256 op, 639851320.00 ns, 2.4994 ms/op
WorkloadWarmup   8: 256 op, 639692146.00 ns, 2.4988 ms/op

// BeforeActualRun
WorkloadActual   1: 256 op, 639253197.00 ns, 2.4971 ms/op
WorkloadActual   2: 256 op, 633317695.00 ns, 2.4739 ms/op
WorkloadActual   3: 256 op, 639222550.00 ns, 2.4970 ms/op
WorkloadActual   4: 256 op, 624707656.00 ns, 2.4403 ms/op
WorkloadActual   5: 256 op, 626647915.00 ns, 2.4478 ms/op
WorkloadActual   6: 256 op, 625154017.00 ns, 2.4420 ms/op
WorkloadActual   7: 256 op, 635828607.00 ns, 2.4837 ms/op
WorkloadActual   8: 256 op, 634158154.00 ns, 2.4772 ms/op
WorkloadActual   9: 256 op, 636686943.00 ns, 2.4871 ms/op
WorkloadActual  10: 256 op, 639795815.00 ns, 2.4992 ms/op
WorkloadActual  11: 256 op, 641246629.00 ns, 2.5049 ms/op
WorkloadActual  12: 256 op, 630274972.00 ns, 2.4620 ms/op
WorkloadActual  13: 256 op, 635254034.00 ns, 2.4815 ms/op
WorkloadActual  14: 256 op, 640188940.00 ns, 2.5007 ms/op
WorkloadActual  15: 256 op, 639660445.00 ns, 2.4987 ms/op

// AfterActualRun
// BeforeExtraIteration
// AfterExtraIteration
WorkloadExtra    1: 256 op, 636896863.00 ns, 2.4879 ms/op
WorkloadResult   1: 256 op, 639253197.00 ns, 2.4971 ms/op
WorkloadResult   2: 256 op, 633317695.00 ns, 2.4739 ms/op
WorkloadResult   3: 256 op, 639222550.00 ns, 2.4970 ms/op
WorkloadResult   4: 256 op, 624707656.00 ns, 2.4403 ms/op
WorkloadResult   5: 256 op, 626647915.00 ns, 2.4478 ms/op
WorkloadResult   6: 256 op, 625154017.00 ns, 2.4420 ms/op
WorkloadResult   7: 256 op, 635828607.00 ns, 2.4837 ms/op
WorkloadResult   8: 256 op, 634158154.00 ns, 2.4772 ms/op
WorkloadResult   9: 256 op, 636686943.00 ns, 2.4871 ms/op
WorkloadResult  10: 256 op, 639795815.00 ns, 2.4992 ms/op
WorkloadResult  11: 256 op, 641246629.00 ns, 2.5049 ms/op
WorkloadResult  12: 256 op, 630274972.00 ns, 2.4620 ms/op
WorkloadResult  13: 256 op, 635254034.00 ns, 2.4815 ms/op
WorkloadResult  14: 256 op, 640188940.00 ns, 2.5007 ms/op
WorkloadResult  15: 256 op, 639660445.00 ns, 2.4987 ms/op
// GC:  0 0 0 3514608 256

// AfterAll
// Benchmark Process 343409 has exited with code 0.

Mean = 2.480 ms, StdErr = 0.006 ms (0.23%), N = 15, StdDev = 0.022 ms
Min = 2.440 ms, Q1 = 2.468 ms, Median = 2.484 ms, Q3 = 2.498 ms, Max = 2.505 ms
IQR = 0.030 ms, LowerFence = 2.423 ms, UpperFence = 2.543 ms
ConfidenceInterval = [2.456 ms; 2.503 ms] (CI 99.9%), Margin = 0.024 ms (0.95% of Mean)
Skewness = -0.61, Kurtosis = 1.83, MValue = 2

// ** Remained 9 (45.0%) benchmark(s) to run. Estimated finish 2026-07-30 11:50 (0h 12m from now) **
// **************************
// Benchmark: HybridRetrievalBenchmarks.'Filtered HNSW planner': DefaultJob [Dimension=128, FilterPercentage=1]
// *** Execute ***
// Launch: 1 / 1
// Execute: dotnet Rowles.LeanCorpus.Benchmarks-DefaultJob-1.dll --ipcPort 44815 --benchmarkName "Rowles.LeanCorpus.Benchmarks.HybridRetrievalBenchmarks.FilteredHnswPlanner(Dimension: 128, FilterPercentage: 1)" --job Default --diagnoserRunMode 3 --benchmarkId 11 in /home/jordan/leancorpus/working_directory/src/devops/Rowles.LeanCorpus.Benchmarks/bin/Release/net10.0/Rowles.LeanCorpus.Benchmarks-DefaultJob-1/bin/Release/net10.0
// Failed to set up high priority (Permission denied). In order to run benchmarks with high priority, make sure you have the right permissions.
// BeforeAnythingElse

// Benchmark Process Environment Information:
// BenchmarkDotNet v0.16.0-nightly.20260427.506
// Runtime=.NET 10.0.3 (10.0.3, 10.0.326.7603), X64 RyuJIT x86-64-v2
// GC=Concurrent Workstation
// HardwareIntrinsics=AVX,SSE3+SSSE3+SSE4.1+SSE4.2+POPCNT,X86Base+SSE+SSE2,AES+PCLMUL VectorSize=128
// Job: DefaultJob

WorkloadJitting  1: 1 op, 3336448.00 ns, 3.3364 ms/op
WorkloadJitting  2: 30 op, 98477691.00 ns, 3.2826 ms/op
WorkloadJitting  3: 30 op, 78312837.00 ns, 2.6104 ms/op
WorkloadJitting  4: 30 op, 74268392.00 ns, 2.4756 ms/op
WorkloadJitting  5: 1 op, 2807366.00 ns, 2.8074 ms/op

WorkloadPilot    1: 1 op, 3884534.00 ns, 3.8845 ms/op

WorkloadPilot    1: 16 op, 44034592.00 ns, 2.7522 ms/op
WorkloadPilot    2: 32 op, 80489557.00 ns, 2.5153 ms/op
WorkloadPilot    3: 64 op, 159449194.00 ns, 2.4914 ms/op
WorkloadPilot    4: 128 op, 316086789.00 ns, 2.4694 ms/op
WorkloadPilot    5: 256 op, 630429508.00 ns, 2.4626 ms/op

WorkloadWarmup   1: 256 op, 624988725.00 ns, 2.4414 ms/op
WorkloadWarmup   2: 256 op, 627954214.00 ns, 2.4529 ms/op
WorkloadWarmup   3: 256 op, 626686835.00 ns, 2.4480 ms/op
WorkloadWarmup   4: 256 op, 618213034.00 ns, 2.4149 ms/op
WorkloadWarmup   5: 256 op, 630281261.00 ns, 2.4620 ms/op
WorkloadWarmup   6: 256 op, 627789736.00 ns, 2.4523 ms/op

// BeforeActualRun
WorkloadActual   1: 256 op, 629330927.00 ns, 2.4583 ms/op
WorkloadActual   2: 256 op, 626966862.00 ns, 2.4491 ms/op
WorkloadActual   3: 256 op, 627436169.00 ns, 2.4509 ms/op
WorkloadActual   4: 256 op, 625967895.00 ns, 2.4452 ms/op
WorkloadActual   5: 256 op, 626391946.00 ns, 2.4468 ms/op
WorkloadActual   6: 256 op, 624841546.00 ns, 2.4408 ms/op
WorkloadActual   7: 256 op, 624533770.00 ns, 2.4396 ms/op
WorkloadActual   8: 256 op, 626884274.00 ns, 2.4488 ms/op
WorkloadActual   9: 256 op, 629044697.00 ns, 2.4572 ms/op
WorkloadActual  10: 256 op, 629054477.00 ns, 2.4572 ms/op
WorkloadActual  11: 256 op, 629325886.00 ns, 2.4583 ms/op
WorkloadActual  12: 256 op, 629670946.00 ns, 2.4597 ms/op
WorkloadActual  13: 256 op, 628798670.00 ns, 2.4562 ms/op
WorkloadActual  14: 256 op, 627807241.00 ns, 2.4524 ms/op
WorkloadActual  15: 256 op, 630668294.00 ns, 2.4635 ms/op

// AfterActualRun
// BeforeExtraIteration
// AfterExtraIteration
WorkloadExtra    1: 256 op, 624699529.00 ns, 2.4402 ms/op
WorkloadResult   1: 256 op, 629330927.00 ns, 2.4583 ms/op
WorkloadResult   2: 256 op, 626966862.00 ns, 2.4491 ms/op
WorkloadResult   3: 256 op, 627436169.00 ns, 2.4509 ms/op
WorkloadResult   4: 256 op, 625967895.00 ns, 2.4452 ms/op
WorkloadResult   5: 256 op, 626391946.00 ns, 2.4468 ms/op
WorkloadResult   6: 256 op, 624841546.00 ns, 2.4408 ms/op
WorkloadResult   7: 256 op, 624533770.00 ns, 2.4396 ms/op
WorkloadResult   8: 256 op, 626884274.00 ns, 2.4488 ms/op
WorkloadResult   9: 256 op, 629044697.00 ns, 2.4572 ms/op
WorkloadResult  10: 256 op, 629054477.00 ns, 2.4572 ms/op
WorkloadResult  11: 256 op, 629325886.00 ns, 2.4583 ms/op
WorkloadResult  12: 256 op, 629670946.00 ns, 2.4597 ms/op
WorkloadResult  13: 256 op, 628798670.00 ns, 2.4562 ms/op
WorkloadResult  14: 256 op, 627807241.00 ns, 2.4524 ms/op
WorkloadResult  15: 256 op, 630668294.00 ns, 2.4635 ms/op
// GC:  0 0 0 3514608 256

// AfterAll
// Benchmark Process 343527 has exited with code 0.

Mean = 2.452 ms, StdErr = 0.002 ms (0.08%), N = 15, StdDev = 0.007 ms
Min = 2.440 ms, Q1 = 2.448 ms, Median = 2.452 ms, Q3 = 2.458 ms, Max = 2.464 ms
IQR = 0.010 ms, LowerFence = 2.433 ms, UpperFence = 2.473 ms
ConfidenceInterval = [2.445 ms; 2.460 ms] (CI 99.9%), Margin = 0.008 ms (0.31% of Mean)
Skewness = -0.29, Kurtosis = 1.79, MValue = 2

// ** Remained 8 (40.0%) benchmark(s) to run. Estimated finish 2026-07-30 11:51 (0h 11m from now) **
// **************************
// Benchmark: HybridRetrievalBenchmarks.'Sparse+dense fusion': DefaultJob [Dimension=128, FilterPercentage=1]
// *** Execute ***
// Launch: 1 / 1
// Execute: dotnet Rowles.LeanCorpus.Benchmarks-DefaultJob-1.dll --ipcPort 38633 --benchmarkName "Rowles.LeanCorpus.Benchmarks.HybridRetrievalBenchmarks.FusionWithoutSparseSeeds(Dimension: 128, FilterPercentage: 1)" --job Default --diagnoserRunMode 3 --benchmarkId 12 in /home/jordan/leancorpus/working_directory/src/devops/Rowles.LeanCorpus.Benchmarks/bin/Release/net10.0/Rowles.LeanCorpus.Benchmarks-DefaultJob-1/bin/Release/net10.0
// Failed to set up high priority (Permission denied). In order to run benchmarks with high priority, make sure you have the right permissions.
// BeforeAnythingElse

// Benchmark Process Environment Information:
// BenchmarkDotNet v0.16.0-nightly.20260427.506
// Runtime=.NET 10.0.3 (10.0.3, 10.0.326.7603), X64 RyuJIT x86-64-v2
// GC=Concurrent Workstation
// HardwareIntrinsics=AVX,SSE3+SSSE3+SSE4.1+SSE4.2+POPCNT,X86Base+SSE+SSE2,AES+PCLMUL VectorSize=128
// Job: DefaultJob

WorkloadJitting  1: 1 op, 87839809.00 ns, 87.8398 ms/op
WorkloadJitting  2: 30 op, 366434054.00 ns, 12.2145 ms/op
WorkloadJitting  3: 30 op, 336547556.00 ns, 11.2183 ms/op
WorkloadJitting  4: 30 op, 331229171.00 ns, 11.0410 ms/op
WorkloadJitting  5: 1 op, 13039613.00 ns, 13.0396 ms/op

WorkloadPilot    1: 1 op, 12758523.00 ns, 12.7585 ms/op

WorkloadPilot    1: 16 op, 175538525.00 ns, 10.9712 ms/op
WorkloadPilot    2: 32 op, 352488990.00 ns, 11.0153 ms/op
WorkloadPilot    3: 64 op, 694599463.00 ns, 10.8531 ms/op

WorkloadWarmup   1: 64 op, 702205812.00 ns, 10.9720 ms/op
WorkloadWarmup   2: 64 op, 707921539.00 ns, 11.0613 ms/op
WorkloadWarmup   3: 64 op, 708599543.00 ns, 11.0719 ms/op
WorkloadWarmup   4: 64 op, 707736917.00 ns, 11.0584 ms/op
WorkloadWarmup   5: 64 op, 700672400.00 ns, 10.9480 ms/op
WorkloadWarmup   6: 64 op, 698098947.00 ns, 10.9078 ms/op
WorkloadWarmup   7: 64 op, 703997128.00 ns, 11.0000 ms/op
WorkloadWarmup   8: 64 op, 709996760.00 ns, 11.0937 ms/op
WorkloadWarmup   9: 64 op, 707039062.00 ns, 11.0475 ms/op

// BeforeActualRun
WorkloadActual   1: 64 op, 699616498.00 ns, 10.9315 ms/op
WorkloadActual   2: 64 op, 710528877.00 ns, 11.1020 ms/op
WorkloadActual   3: 64 op, 702612163.00 ns, 10.9783 ms/op
WorkloadActual   4: 64 op, 712142518.00 ns, 11.1272 ms/op
WorkloadActual   5: 64 op, 702560417.00 ns, 10.9775 ms/op
WorkloadActual   6: 64 op, 708266435.00 ns, 11.0667 ms/op
WorkloadActual   7: 64 op, 710556704.00 ns, 11.1024 ms/op
WorkloadActual   8: 64 op, 709228174.00 ns, 11.0817 ms/op
WorkloadActual   9: 64 op, 711221828.00 ns, 11.1128 ms/op
WorkloadActual  10: 64 op, 700692147.00 ns, 10.9483 ms/op
WorkloadActual  11: 64 op, 712040118.00 ns, 11.1256 ms/op
WorkloadActual  12: 64 op, 713242251.00 ns, 11.1444 ms/op
WorkloadActual  13: 64 op, 712036865.00 ns, 11.1256 ms/op
WorkloadActual  14: 64 op, 702749215.00 ns, 10.9805 ms/op
WorkloadActual  15: 64 op, 703130734.00 ns, 10.9864 ms/op

// AfterActualRun
// BeforeExtraIteration
// AfterExtraIteration
WorkloadExtra    1: 64 op, 703921056.00 ns, 10.9988 ms/op
WorkloadResult   1: 64 op, 699616498.00 ns, 10.9315 ms/op
WorkloadResult   2: 64 op, 710528877.00 ns, 11.1020 ms/op
WorkloadResult   3: 64 op, 702612163.00 ns, 10.9783 ms/op
WorkloadResult   4: 64 op, 712142518.00 ns, 11.1272 ms/op
WorkloadResult   5: 64 op, 702560417.00 ns, 10.9775 ms/op
WorkloadResult   6: 64 op, 708266435.00 ns, 11.0667 ms/op
WorkloadResult   7: 64 op, 710556704.00 ns, 11.1024 ms/op
WorkloadResult   8: 64 op, 709228174.00 ns, 11.0817 ms/op
WorkloadResult   9: 64 op, 711221828.00 ns, 11.1128 ms/op
WorkloadResult  10: 64 op, 700692147.00 ns, 10.9483 ms/op
WorkloadResult  11: 64 op, 712040118.00 ns, 11.1256 ms/op
WorkloadResult  12: 64 op, 713242251.00 ns, 11.1444 ms/op
WorkloadResult  13: 64 op, 712036865.00 ns, 11.1256 ms/op
WorkloadResult  14: 64 op, 702749215.00 ns, 10.9805 ms/op
WorkloadResult  15: 64 op, 703130734.00 ns, 10.9864 ms/op
// GC:  51 0 0 215082272 64

// AfterAll
// Benchmark Process 343722 has exited with code 0.

Mean = 11.053 ms, StdErr = 0.020 ms (0.18%), N = 15, StdDev = 0.076 ms
Min = 10.932 ms, Q1 = 10.979 ms, Median = 11.082 ms, Q3 = 11.119 ms, Max = 11.144 ms
IQR = 0.140 ms, LowerFence = 10.770 ms, UpperFence = 11.329 ms
ConfidenceInterval = [10.972 ms; 11.134 ms] (CI 99.9%), Margin = 0.081 ms (0.73% of Mean)
Skewness = -0.3, Kurtosis = 1.26, MValue = 2

// ** Remained 7 (35.0%) benchmark(s) to run. Estimated finish 2026-07-30 11:52 (0h 10m from now) **
// **************************
// Benchmark: HybridRetrievalBenchmarks.'Sparse-seeded dense fusion': DefaultJob [Dimension=128, FilterPercentage=1]
// *** Execute ***
// Launch: 1 / 1
// Execute: dotnet Rowles.LeanCorpus.Benchmarks-DefaultJob-1.dll --ipcPort 34311 --benchmarkName "Rowles.LeanCorpus.Benchmarks.HybridRetrievalBenchmarks.FusionWithSparseSeeds(Dimension: 128, FilterPercentage: 1)" --job Default --diagnoserRunMode 3 --benchmarkId 13 in /home/jordan/leancorpus/working_directory/src/devops/Rowles.LeanCorpus.Benchmarks/bin/Release/net10.0/Rowles.LeanCorpus.Benchmarks-DefaultJob-1/bin/Release/net10.0
// Failed to set up high priority (Permission denied). In order to run benchmarks with high priority, make sure you have the right permissions.
// BeforeAnythingElse

// Benchmark Process Environment Information:
// BenchmarkDotNet v0.16.0-nightly.20260427.506
// Runtime=.NET 10.0.3 (10.0.3, 10.0.326.7603), X64 RyuJIT x86-64-v2
// GC=Concurrent Workstation
// HardwareIntrinsics=AVX,SSE3+SSSE3+SSE4.1+SSE4.2+POPCNT,X86Base+SSE+SSE2,AES+PCLMUL VectorSize=128
// Job: DefaultJob

WorkloadJitting  1: 1 op, 91878037.00 ns, 91.8780 ms/op
WorkloadJitting  2: 30 op, 372855111.00 ns, 12.4285 ms/op
WorkloadJitting  3: 30 op, 331978623.00 ns, 11.0660 ms/op
WorkloadJitting  4: 30 op, 328689340.00 ns, 10.9563 ms/op
WorkloadJitting  5: 1 op, 13028195.00 ns, 13.0282 ms/op

WorkloadPilot    1: 1 op, 13290718.00 ns, 13.2907 ms/op

WorkloadPilot    1: 16 op, 179796768.00 ns, 11.2373 ms/op
WorkloadPilot    2: 32 op, 354407707.00 ns, 11.0752 ms/op
WorkloadPilot    3: 64 op, 710359546.00 ns, 11.0994 ms/op

WorkloadWarmup   1: 64 op, 710295590.00 ns, 11.0984 ms/op
WorkloadWarmup   2: 64 op, 704350783.00 ns, 11.0055 ms/op
WorkloadWarmup   3: 64 op, 703465841.00 ns, 10.9917 ms/op
WorkloadWarmup   4: 64 op, 697070359.00 ns, 10.8917 ms/op
WorkloadWarmup   5: 64 op, 701837191.00 ns, 10.9662 ms/op
WorkloadWarmup   6: 64 op, 706185675.00 ns, 11.0342 ms/op
WorkloadWarmup   7: 64 op, 700635019.00 ns, 10.9474 ms/op
WorkloadWarmup   8: 64 op, 699409377.00 ns, 10.9283 ms/op
WorkloadWarmup   9: 64 op, 699254952.00 ns, 10.9259 ms/op
WorkloadWarmup  10: 64 op, 703964427.00 ns, 10.9994 ms/op
WorkloadWarmup  11: 64 op, 709159115.00 ns, 11.0806 ms/op
WorkloadWarmup  12: 64 op, 709157951.00 ns, 11.0806 ms/op

// BeforeActualRun
WorkloadActual   1: 64 op, 707107142.00 ns, 11.0485 ms/op
WorkloadActual   2: 64 op, 707500055.00 ns, 11.0547 ms/op
WorkloadActual   3: 64 op, 708000481.00 ns, 11.0625 ms/op
WorkloadActual   4: 64 op, 700058555.00 ns, 10.9384 ms/op
WorkloadActual   5: 64 op, 707827962.00 ns, 11.0598 ms/op
WorkloadActual   6: 64 op, 705388118.00 ns, 11.0217 ms/op
WorkloadActual   7: 64 op, 708225044.00 ns, 11.0660 ms/op
WorkloadActual   8: 64 op, 708244451.00 ns, 11.0663 ms/op
WorkloadActual   9: 64 op, 703969787.00 ns, 10.9995 ms/op
WorkloadActual  10: 64 op, 708280414.00 ns, 11.0669 ms/op
WorkloadActual  11: 64 op, 709427886.00 ns, 11.0848 ms/op
WorkloadActual  12: 64 op, 702163963.00 ns, 10.9713 ms/op
WorkloadActual  13: 64 op, 705815621.00 ns, 11.0284 ms/op
WorkloadActual  14: 64 op, 710374937.00 ns, 11.0996 ms/op
WorkloadActual  15: 64 op, 710409502.00 ns, 11.1001 ms/op

// AfterActualRun
// BeforeExtraIteration
// AfterExtraIteration
WorkloadExtra    1: 64 op, 712356518.00 ns, 11.1306 ms/op
WorkloadResult   1: 64 op, 707107142.00 ns, 11.0485 ms/op
WorkloadResult   2: 64 op, 707500055.00 ns, 11.0547 ms/op
WorkloadResult   3: 64 op, 708000481.00 ns, 11.0625 ms/op
WorkloadResult   4: 64 op, 700058555.00 ns, 10.9384 ms/op
WorkloadResult   5: 64 op, 707827962.00 ns, 11.0598 ms/op
WorkloadResult   6: 64 op, 705388118.00 ns, 11.0217 ms/op
WorkloadResult   7: 64 op, 708225044.00 ns, 11.0660 ms/op
WorkloadResult   8: 64 op, 708244451.00 ns, 11.0663 ms/op
WorkloadResult   9: 64 op, 703969787.00 ns, 10.9995 ms/op
WorkloadResult  10: 64 op, 708280414.00 ns, 11.0669 ms/op
WorkloadResult  11: 64 op, 709427886.00 ns, 11.0848 ms/op
WorkloadResult  12: 64 op, 702163963.00 ns, 10.9713 ms/op
WorkloadResult  13: 64 op, 705815621.00 ns, 11.0284 ms/op
WorkloadResult  14: 64 op, 710374937.00 ns, 11.0996 ms/op
WorkloadResult  15: 64 op, 710409502.00 ns, 11.1001 ms/op
// GC:  51 0 0 216466208 64

// AfterAll
// Benchmark Process 343841 has exited with code 0.

Mean = 11.045 ms, StdErr = 0.012 ms (0.11%), N = 15, StdDev = 0.046 ms
Min = 10.938 ms, Q1 = 11.025 ms, Median = 11.060 ms, Q3 = 11.067 ms, Max = 11.100 ms
IQR = 0.042 ms, LowerFence = 10.963 ms, UpperFence = 11.129 ms
ConfidenceInterval = [10.996 ms; 11.093 ms] (CI 99.9%), Margin = 0.049 ms (0.44% of Mean)
Skewness = -0.87, Kurtosis = 2.78, MValue = 2

// ** Remained 6 (30.0%) benchmark(s) to run. Estimated finish 2026-07-30 11:53 (0h 9m from now) **
// **************************
// Benchmark: HybridRetrievalBenchmarks.'Matryoshka prefix rerank': DefaultJob [Dimension=128, FilterPercentage=1]
// *** Execute ***
// Launch: 1 / 1
// Execute: dotnet Rowles.LeanCorpus.Benchmarks-DefaultJob-1.dll --ipcPort 41685 --benchmarkName "Rowles.LeanCorpus.Benchmarks.HybridRetrievalBenchmarks.MatryoshkaPrefixRerank(Dimension: 128, FilterPercentage: 1)" --job Default --diagnoserRunMode 3 --benchmarkId 14 in /home/jordan/leancorpus/working_directory/src/devops/Rowles.LeanCorpus.Benchmarks/bin/Release/net10.0/Rowles.LeanCorpus.Benchmarks-DefaultJob-1/bin/Release/net10.0
// Failed to set up high priority (Permission denied). In order to run benchmarks with high priority, make sure you have the right permissions.
// BeforeAnythingElse

// Benchmark Process Environment Information:
// BenchmarkDotNet v0.16.0-nightly.20260427.506
// Runtime=.NET 10.0.3 (10.0.3, 10.0.326.7603), X64 RyuJIT x86-64-v2
// GC=Concurrent Workstation
// HardwareIntrinsics=AVX,SSE3+SSSE3+SSE4.1+SSE4.2+POPCNT,X86Base+SSE+SSE2,AES+PCLMUL VectorSize=128
// Job: DefaultJob

WorkloadJitting  1: 1 op, 57501242.00 ns, 57.5012 ms/op
WorkloadJitting  2: 30 op, 972071741.00 ns, 32.4024 ms/op
WorkloadJitting  3: 30 op, 942552986.00 ns, 31.4184 ms/op
WorkloadJitting  4: 30 op, 940692647.00 ns, 31.3564 ms/op
WorkloadJitting  5: 1 op, 33335491.00 ns, 33.3355 ms/op

WorkloadPilot    1: 1 op, 33321419.00 ns, 33.3214 ms/op

WorkloadPilot    1: 16 op, 496079467.00 ns, 31.0050 ms/op
WorkloadPilot    2: 32 op, 1020538097.00 ns, 31.8918 ms/op

WorkloadWarmup   1: 32 op, 999790647.00 ns, 31.2435 ms/op
WorkloadWarmup   2: 32 op, 991109850.00 ns, 30.9722 ms/op
WorkloadWarmup   3: 32 op, 990001974.00 ns, 30.9376 ms/op
WorkloadWarmup   4: 32 op, 992800987.00 ns, 31.0250 ms/op
WorkloadWarmup   5: 32 op, 989096723.00 ns, 30.9093 ms/op
WorkloadWarmup   6: 32 op, 991649924.00 ns, 30.9891 ms/op
WorkloadWarmup   7: 32 op, 995178762.00 ns, 31.0993 ms/op
WorkloadWarmup   8: 32 op, 990189379.00 ns, 30.9434 ms/op

// BeforeActualRun
WorkloadActual   1: 32 op, 990999779.00 ns, 30.9687 ms/op
WorkloadActual   2: 32 op, 1003870885.00 ns, 31.3710 ms/op
WorkloadActual   3: 32 op, 997564751.00 ns, 31.1739 ms/op
WorkloadActual   4: 32 op, 986165546.00 ns, 30.8177 ms/op
WorkloadActual   5: 32 op, 997040911.00 ns, 31.1575 ms/op
WorkloadActual   6: 32 op, 998173149.00 ns, 31.1929 ms/op
WorkloadActual   7: 32 op, 994250652.00 ns, 31.0703 ms/op
WorkloadActual   8: 32 op, 990957513.00 ns, 30.9674 ms/op
WorkloadActual   9: 32 op, 987908407.00 ns, 30.8721 ms/op
WorkloadActual  10: 32 op, 1004965968.00 ns, 31.4052 ms/op
WorkloadActual  11: 32 op, 998002259.00 ns, 31.1876 ms/op
WorkloadActual  12: 32 op, 999936514.00 ns, 31.2480 ms/op
WorkloadActual  13: 32 op, 1005467541.00 ns, 31.4209 ms/op
WorkloadActual  14: 32 op, 994727182.00 ns, 31.0852 ms/op
WorkloadActual  15: 32 op, 996173771.00 ns, 31.1304 ms/op

// AfterActualRun
// BeforeExtraIteration
// AfterExtraIteration
WorkloadExtra    1: 32 op, 998488078.00 ns, 31.2028 ms/op
WorkloadResult   1: 32 op, 990999779.00 ns, 30.9687 ms/op
WorkloadResult   2: 32 op, 1003870885.00 ns, 31.3710 ms/op
WorkloadResult   3: 32 op, 997564751.00 ns, 31.1739 ms/op
WorkloadResult   4: 32 op, 986165546.00 ns, 30.8177 ms/op
WorkloadResult   5: 32 op, 997040911.00 ns, 31.1575 ms/op
WorkloadResult   6: 32 op, 998173149.00 ns, 31.1929 ms/op
WorkloadResult   7: 32 op, 994250652.00 ns, 31.0703 ms/op
WorkloadResult   8: 32 op, 990957513.00 ns, 30.9674 ms/op
WorkloadResult   9: 32 op, 987908407.00 ns, 30.8721 ms/op
WorkloadResult  10: 32 op, 1004965968.00 ns, 31.4052 ms/op
WorkloadResult  11: 32 op, 998002259.00 ns, 31.1876 ms/op
WorkloadResult  12: 32 op, 999936514.00 ns, 31.2480 ms/op
WorkloadResult  13: 32 op, 1005467541.00 ns, 31.4209 ms/op
WorkloadResult  14: 32 op, 994727182.00 ns, 31.0852 ms/op
WorkloadResult  15: 32 op, 996173771.00 ns, 31.1304 ms/op
// GC:  422 6 1 1806459072 32

// AfterAll
// Benchmark Process 343967 has exited with code 0.

Mean = 31.138 ms, StdErr = 0.047 ms (0.15%), N = 15, StdDev = 0.182 ms
Min = 30.818 ms, Q1 = 31.020 ms, Median = 31.158 ms, Q3 = 31.220 ms, Max = 31.421 ms
IQR = 0.201 ms, LowerFence = 30.718 ms, UpperFence = 31.522 ms
ConfidenceInterval = [30.943 ms; 31.332 ms] (CI 99.9%), Margin = 0.194 ms (0.62% of Mean)
Skewness = -0.06, Kurtosis = 1.94, MValue = 2

// ** Remained 5 (25.0%) benchmark(s) to run. Estimated finish 2026-07-30 11:54 (0h 7m from now) **
// **************************
// Benchmark: HybridRetrievalBenchmarks.'Filtered exact scan': DefaultJob [Dimension=128, FilterPercentage=10]
// *** Execute ***
// Launch: 1 / 1
// Execute: dotnet Rowles.LeanCorpus.Benchmarks-DefaultJob-1.dll --ipcPort 42689 --benchmarkName "Rowles.LeanCorpus.Benchmarks.HybridRetrievalBenchmarks.FilteredExactScan(Dimension: 128, FilterPercentage: 10)" --job Default --diagnoserRunMode 3 --benchmarkId 15 in /home/jordan/leancorpus/working_directory/src/devops/Rowles.LeanCorpus.Benchmarks/bin/Release/net10.0/Rowles.LeanCorpus.Benchmarks-DefaultJob-1/bin/Release/net10.0
// Failed to set up high priority (Permission denied). In order to run benchmarks with high priority, make sure you have the right permissions.
// BeforeAnythingElse

// Benchmark Process Environment Information:
// BenchmarkDotNet v0.16.0-nightly.20260427.506
// Runtime=.NET 10.0.3 (10.0.3, 10.0.326.7603), X64 RyuJIT x86-64-v2
// GC=Concurrent Workstation
// HardwareIntrinsics=AVX,SSE3+SSSE3+SSE4.1+SSE4.2+POPCNT,X86Base+SSE+SSE2,AES+PCLMUL VectorSize=128
// Job: DefaultJob

WorkloadJitting  1: 1 op, 4997321.00 ns, 4.9973 ms/op
WorkloadJitting  2: 30 op, 140467617.00 ns, 4.6823 ms/op
WorkloadJitting  3: 30 op, 117091728.00 ns, 3.9031 ms/op
WorkloadJitting  4: 30 op, 114643684.00 ns, 3.8215 ms/op
WorkloadJitting  5: 1 op, 4170665.00 ns, 4.1707 ms/op

WorkloadPilot    1: 1 op, 4249496.00 ns, 4.2495 ms/op

WorkloadPilot    1: 16 op, 62272943.00 ns, 3.8921 ms/op
WorkloadPilot    2: 32 op, 123548965.00 ns, 3.8609 ms/op
WorkloadPilot    3: 64 op, 248861919.00 ns, 3.8885 ms/op
WorkloadPilot    4: 128 op, 494342420.00 ns, 3.8621 ms/op
WorkloadPilot    5: 256 op, 994516174.00 ns, 3.8848 ms/op

WorkloadWarmup   1: 256 op, 990497296.00 ns, 3.8691 ms/op
WorkloadWarmup   2: 256 op, 989709848.00 ns, 3.8661 ms/op
WorkloadWarmup   3: 256 op, 991154810.00 ns, 3.8717 ms/op
WorkloadWarmup   4: 256 op, 990074652.00 ns, 3.8675 ms/op
WorkloadWarmup   5: 256 op, 990409037.00 ns, 3.8688 ms/op
WorkloadWarmup   6: 256 op, 990021511.00 ns, 3.8673 ms/op

// BeforeActualRun
WorkloadActual   1: 256 op, 996010063.00 ns, 3.8907 ms/op
WorkloadActual   2: 256 op, 991279877.00 ns, 3.8722 ms/op
WorkloadActual   3: 256 op, 995658828.00 ns, 3.8893 ms/op
WorkloadActual   4: 256 op, 989742139.00 ns, 3.8662 ms/op
WorkloadActual   5: 256 op, 985802532.00 ns, 3.8508 ms/op
WorkloadActual   6: 256 op, 993155548.00 ns, 3.8795 ms/op
WorkloadActual   7: 256 op, 992182446.00 ns, 3.8757 ms/op
WorkloadActual   8: 256 op, 995151338.00 ns, 3.8873 ms/op
WorkloadActual   9: 256 op, 996282758.00 ns, 3.8917 ms/op
WorkloadActual  10: 256 op, 995758409.00 ns, 3.8897 ms/op
WorkloadActual  11: 256 op, 996511826.00 ns, 3.8926 ms/op
WorkloadActual  12: 256 op, 993698241.00 ns, 3.8816 ms/op
WorkloadActual  13: 256 op, 990869102.00 ns, 3.8706 ms/op
WorkloadActual  14: 256 op, 996473699.00 ns, 3.8925 ms/op
WorkloadActual  15: 256 op, 996425205.00 ns, 3.8923 ms/op

// AfterActualRun
// BeforeExtraIteration
// AfterExtraIteration
WorkloadExtra    1: 256 op, 991800988.00 ns, 3.8742 ms/op
WorkloadResult   1: 256 op, 996010063.00 ns, 3.8907 ms/op
WorkloadResult   2: 256 op, 991279877.00 ns, 3.8722 ms/op
WorkloadResult   3: 256 op, 995658828.00 ns, 3.8893 ms/op
WorkloadResult   4: 256 op, 989742139.00 ns, 3.8662 ms/op
WorkloadResult   5: 256 op, 985802532.00 ns, 3.8508 ms/op
WorkloadResult   6: 256 op, 993155548.00 ns, 3.8795 ms/op
WorkloadResult   7: 256 op, 992182446.00 ns, 3.8757 ms/op
WorkloadResult   8: 256 op, 995151338.00 ns, 3.8873 ms/op
WorkloadResult   9: 256 op, 996282758.00 ns, 3.8917 ms/op
WorkloadResult  10: 256 op, 995758409.00 ns, 3.8897 ms/op
WorkloadResult  11: 256 op, 996511826.00 ns, 3.8926 ms/op
WorkloadResult  12: 256 op, 993698241.00 ns, 3.8816 ms/op
WorkloadResult  13: 256 op, 990869102.00 ns, 3.8706 ms/op
WorkloadResult  14: 256 op, 996473699.00 ns, 3.8925 ms/op
WorkloadResult  15: 256 op, 996425205.00 ns, 3.8923 ms/op
// GC:  0 0 0 3514608 256

// AfterAll
// Benchmark Process 344108 has exited with code 0.

Mean = 3.882 ms, StdErr = 0.003 ms (0.08%), N = 15, StdDev = 0.012 ms
Min = 3.851 ms, Q1 = 3.874 ms, Median = 3.887 ms, Q3 = 3.891 ms, Max = 3.893 ms
IQR = 0.017 ms, LowerFence = 3.848 ms, UpperFence = 3.917 ms
ConfidenceInterval = [3.868 ms; 3.895 ms] (CI 99.9%), Margin = 0.013 ms (0.34% of Mean)
Skewness = -0.99, Kurtosis = 2.99, MValue = 2

// ** Remained 4 (20.0%) benchmark(s) to run. Estimated finish 2026-07-30 11:54 (0h 6m from now) **
// **************************
// Benchmark: HybridRetrievalBenchmarks.'Filtered HNSW planner': DefaultJob [Dimension=128, FilterPercentage=10]
// *** Execute ***
// Launch: 1 / 1
// Execute: dotnet Rowles.LeanCorpus.Benchmarks-DefaultJob-1.dll --ipcPort 35131 --benchmarkName "Rowles.LeanCorpus.Benchmarks.HybridRetrievalBenchmarks.FilteredHnswPlanner(Dimension: 128, FilterPercentage: 10)" --job Default --diagnoserRunMode 3 --benchmarkId 16 in /home/jordan/leancorpus/working_directory/src/devops/Rowles.LeanCorpus.Benchmarks/bin/Release/net10.0/Rowles.LeanCorpus.Benchmarks-DefaultJob-1/bin/Release/net10.0
// Failed to set up high priority (Permission denied). In order to run benchmarks with high priority, make sure you have the right permissions.
// BeforeAnythingElse

// Benchmark Process Environment Information:
// BenchmarkDotNet v0.16.0-nightly.20260427.506
// Runtime=.NET 10.0.3 (10.0.3, 10.0.326.7603), X64 RyuJIT x86-64-v2
// GC=Concurrent Workstation
// HardwareIntrinsics=AVX,SSE3+SSSE3+SSE4.1+SSE4.2+POPCNT,X86Base+SSE+SSE2,AES+PCLMUL VectorSize=128
// Job: DefaultJob

WorkloadJitting  1: 1 op, 27550316.00 ns, 27.5503 ms/op
WorkloadJitting  2: 30 op, 776966324.00 ns, 25.8989 ms/op
WorkloadJitting  3: 30 op, 765240534.00 ns, 25.5080 ms/op
WorkloadJitting  4: 30 op, 766994876.00 ns, 25.5665 ms/op
WorkloadJitting  5: 1 op, 26267485.00 ns, 26.2675 ms/op

WorkloadPilot    1: 1 op, 27054425.00 ns, 27.0544 ms/op

WorkloadPilot    1: 16 op, 407442526.00 ns, 25.4652 ms/op
WorkloadPilot    2: 32 op, 817790530.00 ns, 25.5560 ms/op

WorkloadWarmup   1: 32 op, 818528449.00 ns, 25.5790 ms/op
WorkloadWarmup   2: 32 op, 820414789.00 ns, 25.6380 ms/op
WorkloadWarmup   3: 32 op, 817809849.00 ns, 25.5566 ms/op
WorkloadWarmup   4: 32 op, 817758695.00 ns, 25.5550 ms/op
WorkloadWarmup   5: 32 op, 816608904.00 ns, 25.5190 ms/op
WorkloadWarmup   6: 32 op, 814856934.00 ns, 25.4643 ms/op
WorkloadWarmup   7: 32 op, 823743960.00 ns, 25.7420 ms/op
WorkloadWarmup   8: 32 op, 826925512.00 ns, 25.8414 ms/op
WorkloadWarmup   9: 32 op, 825980484.00 ns, 25.8119 ms/op

// BeforeActualRun
WorkloadActual   1: 32 op, 823091799.00 ns, 25.7216 ms/op
WorkloadActual   2: 32 op, 822452043.00 ns, 25.7016 ms/op
WorkloadActual   3: 32 op, 818976487.00 ns, 25.5930 ms/op
WorkloadActual   4: 32 op, 818580229.00 ns, 25.5806 ms/op
WorkloadActual   5: 32 op, 820374098.00 ns, 25.6367 ms/op
WorkloadActual   6: 32 op, 821401000.00 ns, 25.6688 ms/op
WorkloadActual   7: 32 op, 820083052.00 ns, 25.6276 ms/op
WorkloadActual   8: 32 op, 812716754.00 ns, 25.3974 ms/op
WorkloadActual   9: 32 op, 813804949.00 ns, 25.4314 ms/op
WorkloadActual  10: 32 op, 816291211.00 ns, 25.5091 ms/op
WorkloadActual  11: 32 op, 823931598.00 ns, 25.7479 ms/op
WorkloadActual  12: 32 op, 818791328.00 ns, 25.5872 ms/op
WorkloadActual  13: 32 op, 828583145.00 ns, 25.8932 ms/op
WorkloadActual  14: 32 op, 823866285.00 ns, 25.7458 ms/op
WorkloadActual  15: 32 op, 826693441.00 ns, 25.8342 ms/op

// AfterActualRun
// BeforeExtraIteration
// AfterExtraIteration
WorkloadExtra    1: 32 op, 827579883.00 ns, 25.8619 ms/op
WorkloadResult   1: 32 op, 823091799.00 ns, 25.7216 ms/op
WorkloadResult   2: 32 op, 822452043.00 ns, 25.7016 ms/op
WorkloadResult   3: 32 op, 818976487.00 ns, 25.5930 ms/op
WorkloadResult   4: 32 op, 818580229.00 ns, 25.5806 ms/op
WorkloadResult   5: 32 op, 820374098.00 ns, 25.6367 ms/op
WorkloadResult   6: 32 op, 821401000.00 ns, 25.6688 ms/op
WorkloadResult   7: 32 op, 820083052.00 ns, 25.6276 ms/op
WorkloadResult   8: 32 op, 812716754.00 ns, 25.3974 ms/op
WorkloadResult   9: 32 op, 813804949.00 ns, 25.4314 ms/op
WorkloadResult  10: 32 op, 816291211.00 ns, 25.5091 ms/op
WorkloadResult  11: 32 op, 823931598.00 ns, 25.7479 ms/op
WorkloadResult  12: 32 op, 818791328.00 ns, 25.5872 ms/op
WorkloadResult  13: 32 op, 828583145.00 ns, 25.8932 ms/op
WorkloadResult  14: 32 op, 823866285.00 ns, 25.7458 ms/op
WorkloadResult  15: 32 op, 826693441.00 ns, 25.8342 ms/op
// GC:  1 0 0 7347680 32

// AfterAll
// Benchmark Process 344232 has exited with code 0.

Mean = 25.645 ms, StdErr = 0.035 ms (0.14%), N = 15, StdDev = 0.137 ms
Min = 25.397 ms, Q1 = 25.584 ms, Median = 25.637 ms, Q3 = 25.734 ms, Max = 25.893 ms
IQR = 0.150 ms, LowerFence = 25.359 ms, UpperFence = 25.958 ms
ConfidenceInterval = [25.498 ms; 25.792 ms] (CI 99.9%), Margin = 0.147 ms (0.57% of Mean)
Skewness = -0.08, Kurtosis = 2.17, MValue = 2

// ** Remained 3 (15.0%) benchmark(s) to run. Estimated finish 2026-07-30 11:55 (0h 4m from now) **
// **************************
// Benchmark: HybridRetrievalBenchmarks.'Sparse+dense fusion': DefaultJob [Dimension=128, FilterPercentage=10]
// *** Execute ***
// Launch: 1 / 1
// Execute: dotnet Rowles.LeanCorpus.Benchmarks-DefaultJob-1.dll --ipcPort 39357 --benchmarkName "Rowles.LeanCorpus.Benchmarks.HybridRetrievalBenchmarks.FusionWithoutSparseSeeds(Dimension: 128, FilterPercentage: 10)" --job Default --diagnoserRunMode 3 --benchmarkId 17 in /home/jordan/leancorpus/working_directory/src/devops/Rowles.LeanCorpus.Benchmarks/bin/Release/net10.0/Rowles.LeanCorpus.Benchmarks-DefaultJob-1/bin/Release/net10.0
// Failed to set up high priority (Permission denied). In order to run benchmarks with high priority, make sure you have the right permissions.
// BeforeAnythingElse

// Benchmark Process Environment Information:
// BenchmarkDotNet v0.16.0-nightly.20260427.506
// Runtime=.NET 10.0.3 (10.0.3, 10.0.326.7603), X64 RyuJIT x86-64-v2
// GC=Concurrent Workstation
// HardwareIntrinsics=AVX,SSE3+SSSE3+SSE4.1+SSE4.2+POPCNT,X86Base+SSE+SSE2,AES+PCLMUL VectorSize=128
// Job: DefaultJob

WorkloadJitting  1: 1 op, 77494432.00 ns, 77.4944 ms/op
WorkloadJitting  2: 30 op, 372913802.00 ns, 12.4305 ms/op
WorkloadJitting  3: 30 op, 337630931.00 ns, 11.2544 ms/op
WorkloadJitting  4: 30 op, 335866369.00 ns, 11.1955 ms/op
WorkloadJitting  5: 1 op, 13100414.00 ns, 13.1004 ms/op

WorkloadPilot    1: 1 op, 13344784.00 ns, 13.3448 ms/op

WorkloadPilot    1: 16 op, 181270058.00 ns, 11.3294 ms/op
WorkloadPilot    2: 32 op, 356808778.00 ns, 11.1503 ms/op
WorkloadPilot    3: 64 op, 705018841.00 ns, 11.0159 ms/op

WorkloadWarmup   1: 64 op, 709130298.00 ns, 11.0802 ms/op
WorkloadWarmup   2: 64 op, 703952883.00 ns, 10.9993 ms/op
WorkloadWarmup   3: 64 op, 708258551.00 ns, 11.0665 ms/op
WorkloadWarmup   4: 64 op, 713056930.00 ns, 11.1415 ms/op
WorkloadWarmup   5: 64 op, 709633689.00 ns, 11.0880 ms/op
WorkloadWarmup   6: 64 op, 715438036.00 ns, 11.1787 ms/op
WorkloadWarmup   7: 64 op, 717171252.00 ns, 11.2058 ms/op
WorkloadWarmup   8: 64 op, 716936756.00 ns, 11.2021 ms/op

// BeforeActualRun
WorkloadActual   1: 64 op, 715530239.00 ns, 11.1802 ms/op
WorkloadActual   2: 64 op, 714593209.00 ns, 11.1655 ms/op
WorkloadActual   3: 64 op, 715953988.00 ns, 11.1868 ms/op
WorkloadActual   4: 64 op, 712827295.00 ns, 11.1379 ms/op
WorkloadActual   5: 64 op, 710876131.00 ns, 11.1074 ms/op
WorkloadActual   6: 64 op, 709688234.00 ns, 11.0889 ms/op
WorkloadActual   7: 64 op, 712980375.00 ns, 11.1403 ms/op
WorkloadActual   8: 64 op, 713702955.00 ns, 11.1516 ms/op
WorkloadActual   9: 64 op, 713362238.00 ns, 11.1463 ms/op
WorkloadActual  10: 64 op, 716672670.00 ns, 11.1980 ms/op
WorkloadActual  11: 64 op, 716266962.00 ns, 11.1917 ms/op
WorkloadActual  12: 64 op, 716335712.00 ns, 11.1927 ms/op
WorkloadActual  13: 64 op, 715144933.00 ns, 11.1741 ms/op
WorkloadActual  14: 64 op, 713639229.00 ns, 11.1506 ms/op
WorkloadActual  15: 64 op, 717577692.00 ns, 11.2122 ms/op

// AfterActualRun
// BeforeExtraIteration
// AfterExtraIteration
WorkloadExtra    1: 64 op, 714569356.00 ns, 11.1651 ms/op
WorkloadResult   1: 64 op, 715530239.00 ns, 11.1802 ms/op
WorkloadResult   2: 64 op, 714593209.00 ns, 11.1655 ms/op
WorkloadResult   3: 64 op, 715953988.00 ns, 11.1868 ms/op
WorkloadResult   4: 64 op, 712827295.00 ns, 11.1379 ms/op
WorkloadResult   5: 64 op, 710876131.00 ns, 11.1074 ms/op
WorkloadResult   6: 64 op, 709688234.00 ns, 11.0889 ms/op
WorkloadResult   7: 64 op, 712980375.00 ns, 11.1403 ms/op
WorkloadResult   8: 64 op, 713702955.00 ns, 11.1516 ms/op
WorkloadResult   9: 64 op, 713362238.00 ns, 11.1463 ms/op
WorkloadResult  10: 64 op, 716672670.00 ns, 11.1980 ms/op
WorkloadResult  11: 64 op, 716266962.00 ns, 11.1917 ms/op
WorkloadResult  12: 64 op, 716335712.00 ns, 11.1927 ms/op
WorkloadResult  13: 64 op, 715144933.00 ns, 11.1741 ms/op
WorkloadResult  14: 64 op, 713639229.00 ns, 11.1506 ms/op
WorkloadResult  15: 64 op, 717577692.00 ns, 11.2122 ms/op
// GC:  50 0 0 209349432 64

// AfterAll
// Benchmark Process 344367 has exited with code 0.

Mean = 11.162 ms, StdErr = 0.009 ms (0.08%), N = 15, StdDev = 0.034 ms
Min = 11.089 ms, Q1 = 11.143 ms, Median = 11.166 ms, Q3 = 11.189 ms, Max = 11.212 ms
IQR = 0.046 ms, LowerFence = 11.074 ms, UpperFence = 11.258 ms
ConfidenceInterval = [11.125 ms; 11.198 ms] (CI 99.9%), Margin = 0.037 ms (0.33% of Mean)
Skewness = -0.51, Kurtosis = 2.27, MValue = 2

// ** Remained 2 (10.0%) benchmark(s) to run. Estimated finish 2026-07-30 11:55 (0h 3m from now) **
// **************************
// Benchmark: HybridRetrievalBenchmarks.'Sparse-seeded dense fusion': DefaultJob [Dimension=128, FilterPercentage=10]
// *** Execute ***
// Launch: 1 / 1
// Execute: dotnet Rowles.LeanCorpus.Benchmarks-DefaultJob-1.dll --ipcPort 32845 --benchmarkName "Rowles.LeanCorpus.Benchmarks.HybridRetrievalBenchmarks.FusionWithSparseSeeds(Dimension: 128, FilterPercentage: 10)" --job Default --diagnoserRunMode 3 --benchmarkId 18 in /home/jordan/leancorpus/working_directory/src/devops/Rowles.LeanCorpus.Benchmarks/bin/Release/net10.0/Rowles.LeanCorpus.Benchmarks-DefaultJob-1/bin/Release/net10.0
// Failed to set up high priority (Permission denied). In order to run benchmarks with high priority, make sure you have the right permissions.
// BeforeAnythingElse

// Benchmark Process Environment Information:
// BenchmarkDotNet v0.16.0-nightly.20260427.506
// Runtime=.NET 10.0.3 (10.0.3, 10.0.326.7603), X64 RyuJIT x86-64-v2
// GC=Concurrent Workstation
// HardwareIntrinsics=AVX,SSE3+SSSE3+SSE4.1+SSE4.2+POPCNT,X86Base+SSE+SSE2,AES+PCLMUL VectorSize=128
// Job: DefaultJob

WorkloadJitting  1: 1 op, 79424520.00 ns, 79.4245 ms/op
WorkloadJitting  2: 30 op, 366268627.00 ns, 12.2090 ms/op
WorkloadJitting  3: 30 op, 331580628.00 ns, 11.0527 ms/op
WorkloadJitting  4: 30 op, 327728209.00 ns, 10.9243 ms/op
WorkloadJitting  5: 1 op, 13130675.00 ns, 13.1307 ms/op

WorkloadPilot    1: 1 op, 12965326.00 ns, 12.9653 ms/op

WorkloadPilot    1: 16 op, 175170819.00 ns, 10.9482 ms/op
WorkloadPilot    2: 32 op, 347614586.00 ns, 10.8630 ms/op
WorkloadPilot    3: 64 op, 685287725.00 ns, 10.7076 ms/op

WorkloadWarmup   1: 64 op, 700454267.00 ns, 10.9446 ms/op
WorkloadWarmup   2: 64 op, 701836206.00 ns, 10.9662 ms/op
WorkloadWarmup   3: 64 op, 700412738.00 ns, 10.9439 ms/op
WorkloadWarmup   4: 64 op, 700367073.00 ns, 10.9432 ms/op
WorkloadWarmup   5: 64 op, 700676960.00 ns, 10.9481 ms/op
WorkloadWarmup   6: 64 op, 700765233.00 ns, 10.9495 ms/op
WorkloadWarmup   7: 64 op, 697225919.00 ns, 10.8942 ms/op

// BeforeActualRun
WorkloadActual   1: 64 op, 703642710.00 ns, 10.9944 ms/op
WorkloadActual   2: 64 op, 702613700.00 ns, 10.9783 ms/op
WorkloadActual   3: 64 op, 694448035.00 ns, 10.8508 ms/op
WorkloadActual   4: 64 op, 691588218.00 ns, 10.8061 ms/op
WorkloadActual   5: 64 op, 692968265.00 ns, 10.8276 ms/op
WorkloadActual   6: 64 op, 692927335.00 ns, 10.8270 ms/op
WorkloadActual   7: 64 op, 692159922.00 ns, 10.8150 ms/op
WorkloadActual   8: 64 op, 693375941.00 ns, 10.8340 ms/op
WorkloadActual   9: 64 op, 704107973.00 ns, 11.0017 ms/op
WorkloadActual  10: 64 op, 695994195.00 ns, 10.8749 ms/op
WorkloadActual  11: 64 op, 699050472.00 ns, 10.9227 ms/op
WorkloadActual  12: 64 op, 693048067.00 ns, 10.8289 ms/op
WorkloadActual  13: 64 op, 702102188.00 ns, 10.9703 ms/op
WorkloadActual  14: 64 op, 688616025.00 ns, 10.7596 ms/op
WorkloadActual  15: 64 op, 705066594.00 ns, 11.0167 ms/op

// AfterActualRun
// BeforeExtraIteration
// AfterExtraIteration
WorkloadExtra    1: 64 op, 705173962.00 ns, 11.0183 ms/op
WorkloadResult   1: 64 op, 703642710.00 ns, 10.9944 ms/op
WorkloadResult   2: 64 op, 702613700.00 ns, 10.9783 ms/op
WorkloadResult   3: 64 op, 694448035.00 ns, 10.8508 ms/op
WorkloadResult   4: 64 op, 691588218.00 ns, 10.8061 ms/op
WorkloadResult   5: 64 op, 692968265.00 ns, 10.8276 ms/op
WorkloadResult   6: 64 op, 692927335.00 ns, 10.8270 ms/op
WorkloadResult   7: 64 op, 692159922.00 ns, 10.8150 ms/op
WorkloadResult   8: 64 op, 693375941.00 ns, 10.8340 ms/op
WorkloadResult   9: 64 op, 704107973.00 ns, 11.0017 ms/op
WorkloadResult  10: 64 op, 695994195.00 ns, 10.8749 ms/op
WorkloadResult  11: 64 op, 699050472.00 ns, 10.9227 ms/op
WorkloadResult  12: 64 op, 693048067.00 ns, 10.8289 ms/op
WorkloadResult  13: 64 op, 702102188.00 ns, 10.9703 ms/op
WorkloadResult  14: 64 op, 688616025.00 ns, 10.7596 ms/op
WorkloadResult  15: 64 op, 705066594.00 ns, 11.0167 ms/op
// GC:  50 0 0 210733368 64

// AfterAll
// Benchmark Process 344478 has exited with code 0.

Mean = 10.887 ms, StdErr = 0.022 ms (0.20%), N = 15, StdDev = 0.085 ms
Min = 10.760 ms, Q1 = 10.827 ms, Median = 10.851 ms, Q3 = 10.974 ms, Max = 11.017 ms
IQR = 0.147 ms, LowerFence = 10.607 ms, UpperFence = 11.195 ms
ConfidenceInterval = [10.796 ms; 10.978 ms] (CI 99.9%), Margin = 0.091 ms (0.83% of Mean)
Skewness = 0.27, Kurtosis = 1.4, MValue = 2

// ** Remained 1 (5.0%) benchmark(s) to run. Estimated finish 2026-07-30 11:56 (0h 1m from now) **
// **************************
// Benchmark: HybridRetrievalBenchmarks.'Matryoshka prefix rerank': DefaultJob [Dimension=128, FilterPercentage=10]
// *** Execute ***
// Launch: 1 / 1
// Execute: dotnet Rowles.LeanCorpus.Benchmarks-DefaultJob-1.dll --ipcPort 42565 --benchmarkName "Rowles.LeanCorpus.Benchmarks.HybridRetrievalBenchmarks.MatryoshkaPrefixRerank(Dimension: 128, FilterPercentage: 10)" --job Default --diagnoserRunMode 3 --benchmarkId 19 in /home/jordan/leancorpus/working_directory/src/devops/Rowles.LeanCorpus.Benchmarks/bin/Release/net10.0/Rowles.LeanCorpus.Benchmarks-DefaultJob-1/bin/Release/net10.0
// Failed to set up high priority (Permission denied). In order to run benchmarks with high priority, make sure you have the right permissions.
// BeforeAnythingElse

// Benchmark Process Environment Information:
// BenchmarkDotNet v0.16.0-nightly.20260427.506
// Runtime=.NET 10.0.3 (10.0.3, 10.0.326.7603), X64 RyuJIT x86-64-v2
// GC=Concurrent Workstation
// HardwareIntrinsics=AVX,SSE3+SSSE3+SSE4.1+SSE4.2+POPCNT,X86Base+SSE+SSE2,AES+PCLMUL VectorSize=128
// Job: DefaultJob

WorkloadJitting  1: 1 op, 57565178.00 ns, 57.5652 ms/op
WorkloadJitting  2: 30 op, 957395915.00 ns, 31.9132 ms/op
WorkloadJitting  3: 30 op, 928086656.00 ns, 30.9362 ms/op
WorkloadJitting  4: 30 op, 929515562.00 ns, 30.9839 ms/op
WorkloadJitting  5: 1 op, 33299704.00 ns, 33.2997 ms/op

WorkloadPilot    1: 1 op, 33598550.00 ns, 33.5986 ms/op

WorkloadPilot    1: 2 op, 64962741.00 ns, 32.4814 ms/op
WorkloadPilot    2: 3 op, 95960873.00 ns, 31.9870 ms/op
WorkloadPilot    3: 4 op, 122124420.00 ns, 30.5311 ms/op
WorkloadPilot    4: 5 op, 154699854.00 ns, 30.9400 ms/op
WorkloadPilot    5: 6 op, 186062871.00 ns, 31.0105 ms/op
WorkloadPilot    6: 7 op, 219850723.00 ns, 31.4072 ms/op
WorkloadPilot    7: 8 op, 249643633.00 ns, 31.2055 ms/op
WorkloadPilot    8: 9 op, 280757587.00 ns, 31.1953 ms/op
WorkloadPilot    9: 10 op, 311100145.00 ns, 31.1100 ms/op
WorkloadPilot   10: 11 op, 339905051.00 ns, 30.9005 ms/op
WorkloadPilot   11: 12 op, 374336857.00 ns, 31.1947 ms/op
WorkloadPilot   12: 13 op, 403816549.00 ns, 31.0628 ms/op
WorkloadPilot   13: 14 op, 434889863.00 ns, 31.0636 ms/op
WorkloadPilot   14: 15 op, 465603836.00 ns, 31.0403 ms/op
WorkloadPilot   15: 16 op, 497042041.00 ns, 31.0651 ms/op
WorkloadPilot   16: 32 op, 994028332.00 ns, 31.0634 ms/op

WorkloadWarmup   1: 32 op, 1002333152.00 ns, 31.3229 ms/op
WorkloadWarmup   2: 32 op, 1002164696.00 ns, 31.3176 ms/op
WorkloadWarmup   3: 32 op, 1002395510.00 ns, 31.3249 ms/op
WorkloadWarmup   4: 32 op, 999040889.00 ns, 31.2200 ms/op
WorkloadWarmup   5: 32 op, 996256943.00 ns, 31.1330 ms/op
WorkloadWarmup   6: 32 op, 1001749299.00 ns, 31.3047 ms/op
WorkloadWarmup   7: 32 op, 1003886918.00 ns, 31.3715 ms/op
WorkloadWarmup   8: 32 op, 996507907.00 ns, 31.1409 ms/op

// BeforeActualRun
WorkloadActual   1: 32 op, 1002739478.00 ns, 31.3356 ms/op
WorkloadActual   2: 32 op, 1001926660.00 ns, 31.3102 ms/op
WorkloadActual   3: 32 op, 998817285.00 ns, 31.2130 ms/op
WorkloadActual   4: 32 op, 997255067.00 ns, 31.1642 ms/op
WorkloadActual   5: 32 op, 995888736.00 ns, 31.1215 ms/op
WorkloadActual   6: 32 op, 1000411549.00 ns, 31.2629 ms/op
WorkloadActual   7: 32 op, 1000199389.00 ns, 31.2562 ms/op
WorkloadActual   8: 32 op, 997348212.00 ns, 31.1671 ms/op
WorkloadActual   9: 32 op, 998001374.00 ns, 31.1875 ms/op
WorkloadActual  10: 32 op, 996313492.00 ns, 31.1348 ms/op
WorkloadActual  11: 32 op, 993651868.00 ns, 31.0516 ms/op
WorkloadActual  12: 32 op, 991672239.00 ns, 30.9898 ms/op
WorkloadActual  13: 32 op, 993410696.00 ns, 31.0441 ms/op
WorkloadActual  14: 32 op, 1004235798.00 ns, 31.3824 ms/op
WorkloadActual  15: 32 op, 996483567.00 ns, 31.1401 ms/op

// AfterActualRun
// BeforeExtraIteration
// AfterExtraIteration
WorkloadExtra    1: 32 op, 1000935015.00 ns, 31.2792 ms/op
WorkloadResult   1: 32 op, 1002739478.00 ns, 31.3356 ms/op
WorkloadResult   2: 32 op, 1001926660.00 ns, 31.3102 ms/op
WorkloadResult   3: 32 op, 998817285.00 ns, 31.2130 ms/op
WorkloadResult   4: 32 op, 997255067.00 ns, 31.1642 ms/op
WorkloadResult   5: 32 op, 995888736.00 ns, 31.1215 ms/op
WorkloadResult   6: 32 op, 1000411549.00 ns, 31.2629 ms/op
WorkloadResult   7: 32 op, 1000199389.00 ns, 31.2562 ms/op
WorkloadResult   8: 32 op, 997348212.00 ns, 31.1671 ms/op
WorkloadResult   9: 32 op, 998001374.00 ns, 31.1875 ms/op
WorkloadResult  10: 32 op, 996313492.00 ns, 31.1348 ms/op
WorkloadResult  11: 32 op, 993651868.00 ns, 31.0516 ms/op
WorkloadResult  12: 32 op, 991672239.00 ns, 30.9898 ms/op
WorkloadResult  13: 32 op, 993410696.00 ns, 31.0441 ms/op
WorkloadResult  14: 32 op, 1004235798.00 ns, 31.3824 ms/op
WorkloadResult  15: 32 op, 996483567.00 ns, 31.1401 ms/op
// GC:  423 7 2 1806463232 32

// AfterAll
// Benchmark Process 344588 has exited with code 0.

Mean = 31.184 ms, StdErr = 0.029 ms (0.09%), N = 15, StdDev = 0.112 ms
Min = 30.990 ms, Q1 = 31.128 ms, Median = 31.167 ms, Q3 = 31.260 ms, Max = 31.382 ms
IQR = 0.131 ms, LowerFence = 30.931 ms, UpperFence = 31.457 ms
ConfidenceInterval = [31.065 ms; 31.303 ms] (CI 99.9%), Margin = 0.119 ms (0.38% of Mean)
Skewness = 0.06, Kurtosis = 1.95, MValue = 2

// ** Remained 0 (0.0%) benchmark(s) to run. Estimated finish 2026-07-30 11:56 (0h 0m from now) **
// ***** BenchmarkRunner: Finish  *****

// * Export *
  bench/debian/2026-07-30/10-21/_runner/results/Rowles.LeanCorpus.Benchmarks.HybridRetrievalBenchmarks-report.csv
  bench/debian/2026-07-30/10-21/_runner/results/Rowles.LeanCorpus.Benchmarks.HybridRetrievalBenchmarks-report-github.md
  bench/debian/2026-07-30/10-21/_runner/results/Rowles.LeanCorpus.Benchmarks.HybridRetrievalBenchmarks-report.html
  bench/debian/2026-07-30/10-21/_runner/results/Rowles.LeanCorpus.Benchmarks.HybridRetrievalBenchmarks-report-full.json

// * Detailed results *
HybridRetrievalBenchmarks.'Filtered exact scan': DefaultJob [Dimension=64, FilterPercentage=1]
Runtime = .NET 10.0.3 (10.0.3, 10.0.326.7603), X64 RyuJIT x86-64-v2; GC = Concurrent Workstation
Mean = 2.427 ms, StdErr = 0.003 ms (0.11%), N = 15, StdDev = 0.011 ms
Min = 2.405 ms, Q1 = 2.422 ms, Median = 2.430 ms, Q3 = 2.434 ms, Max = 2.439 ms
IQR = 0.012 ms, LowerFence = 2.404 ms, UpperFence = 2.451 ms
ConfidenceInterval = [2.416 ms; 2.438 ms] (CI 99.9%), Margin = 0.011 ms (0.47% of Mean)
Skewness = -0.69, Kurtosis = 2.09, MValue = 2
-------------------- Histogram --------------------
[2.400 ms ; 2.445 ms) | @@@@@@@@@@@@@@@
---------------------------------------------------

HybridRetrievalBenchmarks.'Filtered HNSW planner': DefaultJob [Dimension=64, FilterPercentage=1]
Runtime = .NET 10.0.3 (10.0.3, 10.0.326.7603), X64 RyuJIT x86-64-v2; GC = Concurrent Workstation
Mean = 2.404 ms, StdErr = 0.004 ms (0.15%), N = 13, StdDev = 0.013 ms
Min = 2.377 ms, Q1 = 2.399 ms, Median = 2.411 ms, Q3 = 2.412 ms, Max = 2.417 ms
IQR = 0.013 ms, LowerFence = 2.379 ms, UpperFence = 2.432 ms
ConfidenceInterval = [2.388 ms; 2.420 ms] (CI 99.9%), Margin = 0.016 ms (0.66% of Mean)
Skewness = -0.94, Kurtosis = 2.18, MValue = 2
-------------------- Histogram --------------------
[2.370 ms ; 2.424 ms) | @@@@@@@@@@@@@
---------------------------------------------------

HybridRetrievalBenchmarks.'Sparse+dense fusion': DefaultJob [Dimension=64, FilterPercentage=1]
Runtime = .NET 10.0.3 (10.0.3, 10.0.326.7603), X64 RyuJIT x86-64-v2; GC = Concurrent Workstation
Mean = 9.262 ms, StdErr = 0.014 ms (0.15%), N = 14, StdDev = 0.052 ms
Min = 9.157 ms, Q1 = 9.242 ms, Median = 9.271 ms, Q3 = 9.299 ms, Max = 9.340 ms
IQR = 0.058 ms, LowerFence = 9.155 ms, UpperFence = 9.386 ms
ConfidenceInterval = [9.204 ms; 9.321 ms] (CI 99.9%), Margin = 0.058 ms (0.63% of Mean)
Skewness = -0.62, Kurtosis = 2.33, MValue = 2
-------------------- Histogram --------------------
[9.129 ms ; 9.369 ms) | @@@@@@@@@@@@@@
---------------------------------------------------

HybridRetrievalBenchmarks.'Sparse-seeded dense fusion': DefaultJob [Dimension=64, FilterPercentage=1]
Runtime = .NET 10.0.3 (10.0.3, 10.0.326.7603), X64 RyuJIT x86-64-v2; GC = Concurrent Workstation
Mean = 9.563 ms, StdErr = 0.010 ms (0.11%), N = 15, StdDev = 0.040 ms
Min = 9.475 ms, Q1 = 9.546 ms, Median = 9.568 ms, Q3 = 9.584 ms, Max = 9.631 ms
IQR = 0.038 ms, LowerFence = 9.489 ms, UpperFence = 9.640 ms
ConfidenceInterval = [9.521 ms; 9.605 ms] (CI 99.9%), Margin = 0.042 ms (0.44% of Mean)
Skewness = -0.55, Kurtosis = 2.68, MValue = 2
-------------------- Histogram --------------------
[9.454 ms ; 9.652 ms) | @@@@@@@@@@@@@@@
---------------------------------------------------

HybridRetrievalBenchmarks.'Matryoshka prefix rerank': DefaultJob [Dimension=64, FilterPercentage=1]
Runtime = .NET 10.0.3 (10.0.3, 10.0.326.7603), X64 RyuJIT x86-64-v2; GC = Concurrent Workstation
Mean = 26.386 ms, StdErr = 0.029 ms (0.11%), N = 15, StdDev = 0.113 ms
Min = 26.191 ms, Q1 = 26.308 ms, Median = 26.382 ms, Q3 = 26.486 ms, Max = 26.554 ms
IQR = 0.178 ms, LowerFence = 26.041 ms, UpperFence = 26.753 ms
ConfidenceInterval = [26.266 ms; 26.507 ms] (CI 99.9%), Margin = 0.121 ms (0.46% of Mean)
Skewness = -0.15, Kurtosis = 1.52, MValue = 2
-------------------- Histogram --------------------
[26.130 ms ; 26.614 ms) | @@@@@@@@@@@@@@@
---------------------------------------------------

HybridRetrievalBenchmarks.'Filtered exact scan': DefaultJob [Dimension=64, FilterPercentage=10]
Runtime = .NET 10.0.3 (10.0.3, 10.0.326.7603), X64 RyuJIT x86-64-v2; GC = Concurrent Workstation
Mean = 3.649 ms, StdErr = 0.006 ms (0.16%), N = 15, StdDev = 0.023 ms
Min = 3.605 ms, Q1 = 3.630 ms, Median = 3.659 ms, Q3 = 3.665 ms, Max = 3.675 ms
IQR = 0.035 ms, LowerFence = 3.578 ms, UpperFence = 3.717 ms
ConfidenceInterval = [3.624 ms; 3.674 ms] (CI 99.9%), Margin = 0.025 ms (0.68% of Mean)
Skewness = -0.73, Kurtosis = 1.86, MValue = 2
-------------------- Histogram --------------------
[3.593 ms ; 3.688 ms) | @@@@@@@@@@@@@@@
---------------------------------------------------

HybridRetrievalBenchmarks.'Filtered HNSW planner': DefaultJob [Dimension=64, FilterPercentage=10]
Runtime = .NET 10.0.3 (10.0.3, 10.0.326.7603), X64 RyuJIT x86-64-v2; GC = Concurrent Workstation
Mean = 18.940 ms, StdErr = 0.033 ms (0.18%), N = 15, StdDev = 0.129 ms
Min = 18.673 ms, Q1 = 18.896 ms, Median = 18.966 ms, Q3 = 19.010 ms, Max = 19.115 ms
IQR = 0.114 ms, LowerFence = 18.725 ms, UpperFence = 19.181 ms
ConfidenceInterval = [18.802 ms; 19.078 ms] (CI 99.9%), Margin = 0.138 ms (0.73% of Mean)
Skewness = -0.49, Kurtosis = 2.43, MValue = 2
-------------------- Histogram --------------------
[18.605 ms ; 19.130 ms) | @@@@@@@@@@@@@@@
---------------------------------------------------

HybridRetrievalBenchmarks.'Sparse+dense fusion': DefaultJob [Dimension=64, FilterPercentage=10]
Runtime = .NET 10.0.3 (10.0.3, 10.0.326.7603), X64 RyuJIT x86-64-v2; GC = Concurrent Workstation
Mean = 9.237 ms, StdErr = 0.010 ms (0.10%), N = 15, StdDev = 0.037 ms
Min = 9.131 ms, Q1 = 9.229 ms, Median = 9.240 ms, Q3 = 9.265 ms, Max = 9.279 ms
IQR = 0.037 ms, LowerFence = 9.174 ms, UpperFence = 9.320 ms
ConfidenceInterval = [9.197 ms; 9.277 ms] (CI 99.9%), Margin = 0.040 ms (0.43% of Mean)
Skewness = -1.39, Kurtosis = 4.63, MValue = 2
-------------------- Histogram --------------------
[9.111 ms ; 9.299 ms) | @@@@@@@@@@@@@@@
---------------------------------------------------

HybridRetrievalBenchmarks.'Sparse-seeded dense fusion': DefaultJob [Dimension=64, FilterPercentage=10]
Runtime = .NET 10.0.3 (10.0.3, 10.0.326.7603), X64 RyuJIT x86-64-v2; GC = Concurrent Workstation
Mean = 9.336 ms, StdErr = 0.019 ms (0.21%), N = 15, StdDev = 0.075 ms
Min = 9.216 ms, Q1 = 9.283 ms, Median = 9.339 ms, Q3 = 9.392 ms, Max = 9.447 ms
IQR = 0.109 ms, LowerFence = 9.120 ms, UpperFence = 9.556 ms
ConfidenceInterval = [9.256 ms; 9.416 ms] (CI 99.9%), Margin = 0.080 ms (0.86% of Mean)
Skewness = -0.03, Kurtosis = 1.53, MValue = 2
-------------------- Histogram --------------------
[9.176 ms ; 9.487 ms) | @@@@@@@@@@@@@@@
---------------------------------------------------

HybridRetrievalBenchmarks.'Matryoshka prefix rerank': DefaultJob [Dimension=64, FilterPercentage=10]
Runtime = .NET 10.0.3 (10.0.3, 10.0.326.7603), X64 RyuJIT x86-64-v2; GC = Concurrent Workstation
Mean = 26.037 ms, StdErr = 0.041 ms (0.16%), N = 15, StdDev = 0.158 ms
Min = 25.787 ms, Q1 = 25.940 ms, Median = 26.029 ms, Q3 = 26.175 ms, Max = 26.251 ms
IQR = 0.235 ms, LowerFence = 25.586 ms, UpperFence = 26.528 ms
ConfidenceInterval = [25.868 ms; 26.206 ms] (CI 99.9%), Margin = 0.169 ms (0.65% of Mean)
Skewness = -0.15, Kurtosis = 1.63, MValue = 2
-------------------- Histogram --------------------
[25.749 ms ; 26.269 ms) | @@@@@@@@@@@@@@@
---------------------------------------------------

HybridRetrievalBenchmarks.'Filtered exact scan': DefaultJob [Dimension=128, FilterPercentage=1]
Runtime = .NET 10.0.3 (10.0.3, 10.0.326.7603), X64 RyuJIT x86-64-v2; GC = Concurrent Workstation
Mean = 2.480 ms, StdErr = 0.006 ms (0.23%), N = 15, StdDev = 0.022 ms
Min = 2.440 ms, Q1 = 2.468 ms, Median = 2.484 ms, Q3 = 2.498 ms, Max = 2.505 ms
IQR = 0.030 ms, LowerFence = 2.423 ms, UpperFence = 2.543 ms
ConfidenceInterval = [2.456 ms; 2.503 ms] (CI 99.9%), Margin = 0.024 ms (0.95% of Mean)
Skewness = -0.61, Kurtosis = 1.83, MValue = 2
-------------------- Histogram --------------------
[2.429 ms ; 2.517 ms) | @@@@@@@@@@@@@@@
---------------------------------------------------

HybridRetrievalBenchmarks.'Filtered HNSW planner': DefaultJob [Dimension=128, FilterPercentage=1]
Runtime = .NET 10.0.3 (10.0.3, 10.0.326.7603), X64 RyuJIT x86-64-v2; GC = Concurrent Workstation
Mean = 2.452 ms, StdErr = 0.002 ms (0.08%), N = 15, StdDev = 0.007 ms
Min = 2.440 ms, Q1 = 2.448 ms, Median = 2.452 ms, Q3 = 2.458 ms, Max = 2.464 ms
IQR = 0.010 ms, LowerFence = 2.433 ms, UpperFence = 2.473 ms
ConfidenceInterval = [2.445 ms; 2.460 ms] (CI 99.9%), Margin = 0.008 ms (0.31% of Mean)
Skewness = -0.29, Kurtosis = 1.79, MValue = 2
-------------------- Histogram --------------------
[2.436 ms ; 2.467 ms) | @@@@@@@@@@@@@@@
---------------------------------------------------

HybridRetrievalBenchmarks.'Sparse+dense fusion': DefaultJob [Dimension=128, FilterPercentage=1]
Runtime = .NET 10.0.3 (10.0.3, 10.0.326.7603), X64 RyuJIT x86-64-v2; GC = Concurrent Workstation
Mean = 11.053 ms, StdErr = 0.020 ms (0.18%), N = 15, StdDev = 0.076 ms
Min = 10.932 ms, Q1 = 10.979 ms, Median = 11.082 ms, Q3 = 11.119 ms, Max = 11.144 ms
IQR = 0.140 ms, LowerFence = 10.770 ms, UpperFence = 11.329 ms
ConfidenceInterval = [10.972 ms; 11.134 ms] (CI 99.9%), Margin = 0.081 ms (0.73% of Mean)
Skewness = -0.3, Kurtosis = 1.26, MValue = 2
-------------------- Histogram --------------------
[10.891 ms ; 11.185 ms) | @@@@@@@@@@@@@@@
---------------------------------------------------

HybridRetrievalBenchmarks.'Sparse-seeded dense fusion': DefaultJob [Dimension=128, FilterPercentage=1]
Runtime = .NET 10.0.3 (10.0.3, 10.0.326.7603), X64 RyuJIT x86-64-v2; GC = Concurrent Workstation
Mean = 11.045 ms, StdErr = 0.012 ms (0.11%), N = 15, StdDev = 0.046 ms
Min = 10.938 ms, Q1 = 11.025 ms, Median = 11.060 ms, Q3 = 11.067 ms, Max = 11.100 ms
IQR = 0.042 ms, LowerFence = 10.963 ms, UpperFence = 11.129 ms
ConfidenceInterval = [10.996 ms; 11.093 ms] (CI 99.9%), Margin = 0.049 ms (0.44% of Mean)
Skewness = -0.87, Kurtosis = 2.78, MValue = 2
-------------------- Histogram --------------------
[10.914 ms ; 11.124 ms) | @@@@@@@@@@@@@@@
---------------------------------------------------

HybridRetrievalBenchmarks.'Matryoshka prefix rerank': DefaultJob [Dimension=128, FilterPercentage=1]
Runtime = .NET 10.0.3 (10.0.3, 10.0.326.7603), X64 RyuJIT x86-64-v2; GC = Concurrent Workstation
Mean = 31.138 ms, StdErr = 0.047 ms (0.15%), N = 15, StdDev = 0.182 ms
Min = 30.818 ms, Q1 = 31.020 ms, Median = 31.158 ms, Q3 = 31.220 ms, Max = 31.421 ms
IQR = 0.201 ms, LowerFence = 30.718 ms, UpperFence = 31.522 ms
ConfidenceInterval = [30.943 ms; 31.332 ms] (CI 99.9%), Margin = 0.194 ms (0.62% of Mean)
Skewness = -0.06, Kurtosis = 1.94, MValue = 2
-------------------- Histogram --------------------
[30.721 ms ; 31.471 ms) | @@@@@@@@@@@@@@@
---------------------------------------------------

HybridRetrievalBenchmarks.'Filtered exact scan': DefaultJob [Dimension=128, FilterPercentage=10]
Runtime = .NET 10.0.3 (10.0.3, 10.0.326.7603), X64 RyuJIT x86-64-v2; GC = Concurrent Workstation
Mean = 3.882 ms, StdErr = 0.003 ms (0.08%), N = 15, StdDev = 0.012 ms
Min = 3.851 ms, Q1 = 3.874 ms, Median = 3.887 ms, Q3 = 3.891 ms, Max = 3.893 ms
IQR = 0.017 ms, LowerFence = 3.848 ms, UpperFence = 3.917 ms
ConfidenceInterval = [3.868 ms; 3.895 ms] (CI 99.9%), Margin = 0.013 ms (0.34% of Mean)
Skewness = -0.99, Kurtosis = 2.99, MValue = 2
-------------------- Histogram --------------------
[3.844 ms ; 3.899 ms) | @@@@@@@@@@@@@@@
---------------------------------------------------

HybridRetrievalBenchmarks.'Filtered HNSW planner': DefaultJob [Dimension=128, FilterPercentage=10]
Runtime = .NET 10.0.3 (10.0.3, 10.0.326.7603), X64 RyuJIT x86-64-v2; GC = Concurrent Workstation
Mean = 25.645 ms, StdErr = 0.035 ms (0.14%), N = 15, StdDev = 0.137 ms
Min = 25.397 ms, Q1 = 25.584 ms, Median = 25.637 ms, Q3 = 25.734 ms, Max = 25.893 ms
IQR = 0.150 ms, LowerFence = 25.359 ms, UpperFence = 25.958 ms
ConfidenceInterval = [25.498 ms; 25.792 ms] (CI 99.9%), Margin = 0.147 ms (0.57% of Mean)
Skewness = -0.08, Kurtosis = 2.17, MValue = 2
-------------------- Histogram --------------------
[25.395 ms ; 25.908 ms) | @@@@@@@@@@@@@@@
---------------------------------------------------

HybridRetrievalBenchmarks.'Sparse+dense fusion': DefaultJob [Dimension=128, FilterPercentage=10]
Runtime = .NET 10.0.3 (10.0.3, 10.0.326.7603), X64 RyuJIT x86-64-v2; GC = Concurrent Workstation
Mean = 11.162 ms, StdErr = 0.009 ms (0.08%), N = 15, StdDev = 0.034 ms
Min = 11.089 ms, Q1 = 11.143 ms, Median = 11.166 ms, Q3 = 11.189 ms, Max = 11.212 ms
IQR = 0.046 ms, LowerFence = 11.074 ms, UpperFence = 11.258 ms
ConfidenceInterval = [11.125 ms; 11.198 ms] (CI 99.9%), Margin = 0.037 ms (0.33% of Mean)
Skewness = -0.51, Kurtosis = 2.27, MValue = 2
-------------------- Histogram --------------------
[11.071 ms ; 11.230 ms) | @@@@@@@@@@@@@@@
---------------------------------------------------

HybridRetrievalBenchmarks.'Sparse-seeded dense fusion': DefaultJob [Dimension=128, FilterPercentage=10]
Runtime = .NET 10.0.3 (10.0.3, 10.0.326.7603), X64 RyuJIT x86-64-v2; GC = Concurrent Workstation
Mean = 10.887 ms, StdErr = 0.022 ms (0.20%), N = 15, StdDev = 0.085 ms
Min = 10.760 ms, Q1 = 10.827 ms, Median = 10.851 ms, Q3 = 10.974 ms, Max = 11.017 ms
IQR = 0.147 ms, LowerFence = 10.607 ms, UpperFence = 11.195 ms
ConfidenceInterval = [10.796 ms; 10.978 ms] (CI 99.9%), Margin = 0.091 ms (0.83% of Mean)
Skewness = 0.27, Kurtosis = 1.4, MValue = 2
-------------------- Histogram --------------------
[10.732 ms ; 11.062 ms) | @@@@@@@@@@@@@@@
---------------------------------------------------

HybridRetrievalBenchmarks.'Matryoshka prefix rerank': DefaultJob [Dimension=128, FilterPercentage=10]
Runtime = .NET 10.0.3 (10.0.3, 10.0.326.7603), X64 RyuJIT x86-64-v2; GC = Concurrent Workstation
Mean = 31.184 ms, StdErr = 0.029 ms (0.09%), N = 15, StdDev = 0.112 ms
Min = 30.990 ms, Q1 = 31.128 ms, Median = 31.167 ms, Q3 = 31.260 ms, Max = 31.382 ms
IQR = 0.131 ms, LowerFence = 30.931 ms, UpperFence = 31.457 ms
ConfidenceInterval = [31.065 ms; 31.303 ms] (CI 99.9%), Margin = 0.119 ms (0.38% of Mean)
Skewness = 0.06, Kurtosis = 1.95, MValue = 2
-------------------- Histogram --------------------
[30.930 ms ; 31.442 ms) | @@@@@@@@@@@@@@@
---------------------------------------------------

// * Summary *

BenchmarkDotNet v0.16.0-nightly.20260427.506, Linux Debian GNU/Linux 13 (trixie)
Intel Xeon CPU E3-1220 V2 3.10GHz (Max: 2.05GHz), 1 CPU, 4 logical and 4 physical cores
Memory: 23.45 GB Total, 6.1 GB Available
.NET SDK 11.0.100-preview.1.26104.118
  [Host]     : .NET 10.0.3 (10.0.3, 10.0.326.7603), X64 RyuJIT x86-64-v2
  DefaultJob : .NET 10.0.3 (10.0.3, 10.0.326.7603), X64 RyuJIT x86-64-v2


| Method                       | Dimension | FilterPercentage | Mean      | Error     | StdDev    | Ratio | RatioSD | Gen0       | Gen1     | Gen2    | Allocated   | Alloc Ratio |
|----------------------------- |---------- |----------------- |----------:|----------:|----------:|------:|--------:|-----------:|---------:|--------:|------------:|------------:|
| 'Filtered exact scan'        | 64        | 1                |  2.427 ms | 0.0114 ms | 0.0107 ms |  1.00 |    0.00 |          - |        - |       - |     8.41 KB |        1.00 |
| 'Filtered HNSW planner'      | 64        | 1                |  2.404 ms | 0.0158 ms | 0.0132 ms |  0.99 |    0.01 |          - |        - |       - |     8.41 KB |        1.00 |
| 'Sparse+dense fusion'        | 64        | 1                |  9.262 ms | 0.0584 ms | 0.0518 ms |  3.82 |    0.03 |   796.8750 |        - |       - |  3275.96 KB |      389.66 |
| 'Sparse-seeded dense fusion' | 64        | 1                |  9.563 ms | 0.0424 ms | 0.0397 ms |  3.94 |    0.02 |   796.8750 |        - |       - |  3288.82 KB |      391.19 |
| 'Matryoshka prefix rerank'   | 64        | 1                | 26.386 ms | 0.1206 ms | 0.1128 ms | 10.87 |    0.06 |  7093.7500 | 312.5000 | 62.5000 | 30024.44 KB |    3,571.27 |
|                              |           |                  |           |           |           |       |         |            |          |         |             |             |
| 'Filtered exact scan'        | 64        | 10               |  3.649 ms | 0.0248 ms | 0.0232 ms |  1.00 |    0.00 |          - |        - |       - |     8.41 KB |        1.00 |
| 'Filtered HNSW planner'      | 64        | 10               | 18.940 ms | 0.1381 ms | 0.1291 ms |  5.19 |    0.05 |    31.2500 |        - |       - |    206.8 KB |       24.60 |
| 'Sparse+dense fusion'        | 64        | 10               |  9.237 ms | 0.0400 ms | 0.0374 ms |  2.53 |    0.02 |   765.6250 |        - |       - |  3188.47 KB |      379.25 |
| 'Sparse-seeded dense fusion' | 64        | 10               |  9.336 ms | 0.0801 ms | 0.0750 ms |  2.56 |    0.03 |   781.2500 |        - |       - |  3201.35 KB |      380.79 |
| 'Matryoshka prefix rerank'   | 64        | 10               | 26.037 ms | 0.1688 ms | 0.1579 ms |  7.14 |    0.06 |  7093.7500 | 312.5000 | 62.5000 | 30024.65 KB |    3,571.29 |
|                              |           |                  |           |           |           |       |         |            |          |         |             |             |
| 'Filtered exact scan'        | 128       | 1                |  2.480 ms | 0.0236 ms | 0.0221 ms |  1.00 |    0.00 |          - |        - |       - |    13.41 KB |        1.00 |
| 'Filtered HNSW planner'      | 128       | 1                |  2.452 ms | 0.0076 ms | 0.0072 ms |  0.99 |    0.01 |          - |        - |       - |    13.41 KB |        1.00 |
| 'Sparse+dense fusion'        | 128       | 1                | 11.053 ms | 0.0811 ms | 0.0758 ms |  4.46 |    0.05 |   796.8750 |        - |       - |  3281.89 KB |      244.79 |
| 'Sparse-seeded dense fusion' | 128       | 1                | 11.045 ms | 0.0489 ms | 0.0457 ms |  4.45 |    0.04 |   796.8750 |        - |       - |  3303.01 KB |      246.36 |
| 'Matryoshka prefix rerank'   | 128       | 1                | 31.138 ms | 0.1945 ms | 0.1819 ms | 12.56 |    0.13 | 13187.5000 | 187.5000 | 31.2500 | 55128.76 KB |    4,111.87 |
|                              |           |                  |           |           |           |       |         |            |          |         |             |             |
| 'Filtered exact scan'        | 128       | 10               |  3.882 ms | 0.0132 ms | 0.0123 ms |  1.00 |    0.00 |          - |        - |       - |    13.41 KB |        1.00 |
| 'Filtered HNSW planner'      | 128       | 10               | 25.645 ms | 0.1467 ms | 0.1373 ms |  6.61 |    0.04 |    31.2500 |        - |       - |   224.23 KB |       16.72 |
| 'Sparse+dense fusion'        | 128       | 10               | 11.162 ms | 0.0368 ms | 0.0344 ms |  2.88 |    0.01 |   781.2500 |        - |       - |  3194.42 KB |      238.26 |
| 'Sparse-seeded dense fusion' | 128       | 10               | 10.887 ms | 0.0907 ms | 0.0849 ms |  2.80 |    0.02 |   781.2500 |        - |       - |  3215.54 KB |      239.84 |
| 'Matryoshka prefix rerank'   | 128       | 10               | 31.184 ms | 0.1193 ms | 0.1116 ms |  8.03 |    0.04 | 13218.7500 | 218.7500 | 62.5000 | 55128.88 KB |    4,111.88 |

// * Hints *
Outliers
  HybridRetrievalBenchmarks.'Filtered HNSW planner': Default      -> 2 outliers were removed, 5 outliers were detected (2.38 ms..2.39 ms, 2.43 ms, 2.52 ms)
  HybridRetrievalBenchmarks.'Sparse+dense fusion': Default        -> 1 outlier  was  removed (9.42 ms)
  HybridRetrievalBenchmarks.'Sparse-seeded dense fusion': Default -> 1 outlier  was  detected (9.47 ms)
  HybridRetrievalBenchmarks.'Filtered HNSW planner': Default      -> 2 outliers were detected (18.67 ms, 18.72 ms)
  HybridRetrievalBenchmarks.'Sparse+dense fusion': Default        -> 1 outlier  was  detected (9.13 ms)
  HybridRetrievalBenchmarks.'Sparse-seeded dense fusion': Default -> 1 outlier  was  detected (10.94 ms)

// * Legends *
  Dimension        : Value of the 'Dimension' parameter
  FilterPercentage : Value of the 'FilterPercentage' parameter
  Mean             : Arithmetic mean of all measurements
  Error            : Half of 99.9% confidence interval
  StdDev           : Standard deviation of all measurements
  Ratio            : Mean of the ratio distribution ([Current]/[Baseline])
  RatioSD          : Standard deviation of the ratio distribution ([Current]/[Baseline])
  Gen0             : GC Generation 0 collects per 1000 operations
  Gen1             : GC Generation 1 collects per 1000 operations
  Gen2             : GC Generation 2 collects per 1000 operations
  Allocated        : Allocated memory per single operation (managed only, inclusive, 1KB = 1024B)
  Alloc Ratio      : Allocated memory ratio distribution ([Current]/[Baseline])
  1 ms             : 1 Millisecond (0.001 sec)

// * Diagnostic Output - MemoryDiagnoser *


// ***** BenchmarkRunner: End *****
Run time: 00:34:14 (2054.19 sec), executed benchmarks: 20

Global total time: 00:35:28 (2128.97 sec), executed benchmarks: 20
// * Artifacts cleanup *
Artifacts cleanup is finished
