// Validating benchmarks:
// ***** BenchmarkRunner: Start   *****
// ***** Found 20 benchmark(s) in total *****
// ***** Building 1 exe(s) in Parallel: Start   *****
// start dotnet  restore "/home/jordan/leancorpus/working_directory/src/devops/Rowles.LeanCorpus.Benchmarks/bin/Release/net10.0/Rowles.LeanCorpus.Benchmarks-DefaultJob-1/DllGatherer.csproj" --nodeReuse:false /p:UseSharedCompilation=false /p:Deterministic=true /p:Optimize=true /p:ArtifactsPath="/home/jordan/leancorpus/working_directory/src/devops/Rowles.LeanCorpus.Benchmarks/bin/Release/net10.0/Rowles.LeanCorpus.Benchmarks-DefaultJob-1/.artifacts/" /p:OutDir="/home/jordan/leancorpus/working_directory/src/devops/Rowles.LeanCorpus.Benchmarks/bin/Release/net10.0/Rowles.LeanCorpus.Benchmarks-DefaultJob-1/bin/Release/net10.0/" /p:OutputPath="/home/jordan/leancorpus/working_directory/src/devops/Rowles.LeanCorpus.Benchmarks/bin/Release/net10.0/Rowles.LeanCorpus.Benchmarks-DefaultJob-1/bin/Release/net10.0/" /p:PublishDir="/home/jordan/leancorpus/working_directory/src/devops/Rowles.LeanCorpus.Benchmarks/bin/Release/net10.0/Rowles.LeanCorpus.Benchmarks-DefaultJob-1/publish/" in /home/jordan/leancorpus/working_directory/src/devops/Rowles.LeanCorpus.Benchmarks/bin/Release/net10.0/Rowles.LeanCorpus.Benchmarks-DefaultJob-1
// command took 5.75 sec and exited with 0
// start dotnet  build "/home/jordan/leancorpus/working_directory/src/devops/Rowles.LeanCorpus.Benchmarks/bin/Release/net10.0/Rowles.LeanCorpus.Benchmarks-DefaultJob-1/DllGatherer.csproj" -f net10.0 -c Release --no-restore --nodeReuse:false /p:UseSharedCompilation=false /p:Deterministic=true /p:Optimize=true /p:ArtifactsPath="/home/jordan/leancorpus/working_directory/src/devops/Rowles.LeanCorpus.Benchmarks/bin/Release/net10.0/Rowles.LeanCorpus.Benchmarks-DefaultJob-1/.artifacts/" /p:OutDir="/home/jordan/leancorpus/working_directory/src/devops/Rowles.LeanCorpus.Benchmarks/bin/Release/net10.0/Rowles.LeanCorpus.Benchmarks-DefaultJob-1/bin/Release/net10.0/" /p:OutputPath="/home/jordan/leancorpus/working_directory/src/devops/Rowles.LeanCorpus.Benchmarks/bin/Release/net10.0/Rowles.LeanCorpus.Benchmarks-DefaultJob-1/bin/Release/net10.0/" /p:PublishDir="/home/jordan/leancorpus/working_directory/src/devops/Rowles.LeanCorpus.Benchmarks/bin/Release/net10.0/Rowles.LeanCorpus.Benchmarks-DefaultJob-1/publish/" --output "/home/jordan/leancorpus/working_directory/src/devops/Rowles.LeanCorpus.Benchmarks/bin/Release/net10.0/Rowles.LeanCorpus.Benchmarks-DefaultJob-1/bin/Release/net10.0/" in /home/jordan/leancorpus/working_directory/src/devops/Rowles.LeanCorpus.Benchmarks/bin/Release/net10.0/Rowles.LeanCorpus.Benchmarks-DefaultJob-1
// command took 43.82 sec and exited with 0
// start dotnet  restore "/home/jordan/leancorpus/working_directory/src/devops/Rowles.LeanCorpus.Benchmarks/bin/Release/net10.0/Rowles.LeanCorpus.Benchmarks-DefaultJob-1/BenchmarkDotNet.Autogenerated.csproj" --nodeReuse:false /p:UseSharedCompilation=false /p:Deterministic=true /p:Optimize=true /p:ArtifactsPath="/home/jordan/leancorpus/working_directory/src/devops/Rowles.LeanCorpus.Benchmarks/bin/Release/net10.0/Rowles.LeanCorpus.Benchmarks-DefaultJob-1/.artifacts/" /p:OutDir="/home/jordan/leancorpus/working_directory/src/devops/Rowles.LeanCorpus.Benchmarks/bin/Release/net10.0/Rowles.LeanCorpus.Benchmarks-DefaultJob-1/bin/Release/net10.0/" /p:OutputPath="/home/jordan/leancorpus/working_directory/src/devops/Rowles.LeanCorpus.Benchmarks/bin/Release/net10.0/Rowles.LeanCorpus.Benchmarks-DefaultJob-1/bin/Release/net10.0/" /p:PublishDir="/home/jordan/leancorpus/working_directory/src/devops/Rowles.LeanCorpus.Benchmarks/bin/Release/net10.0/Rowles.LeanCorpus.Benchmarks-DefaultJob-1/publish/" in /home/jordan/leancorpus/working_directory/src/devops/Rowles.LeanCorpus.Benchmarks/bin/Release/net10.0/Rowles.LeanCorpus.Benchmarks-DefaultJob-1
// command took 5.11 sec and exited with 0
// start dotnet  build "/home/jordan/leancorpus/working_directory/src/devops/Rowles.LeanCorpus.Benchmarks/bin/Release/net10.0/Rowles.LeanCorpus.Benchmarks-DefaultJob-1/BenchmarkDotNet.Autogenerated.csproj" -f net10.0 -c Release --no-restore --nodeReuse:false /p:UseSharedCompilation=false /p:Deterministic=true /p:Optimize=true /p:ArtifactsPath="/home/jordan/leancorpus/working_directory/src/devops/Rowles.LeanCorpus.Benchmarks/bin/Release/net10.0/Rowles.LeanCorpus.Benchmarks-DefaultJob-1/.artifacts/" /p:OutDir="/home/jordan/leancorpus/working_directory/src/devops/Rowles.LeanCorpus.Benchmarks/bin/Release/net10.0/Rowles.LeanCorpus.Benchmarks-DefaultJob-1/bin/Release/net10.0/" /p:OutputPath="/home/jordan/leancorpus/working_directory/src/devops/Rowles.LeanCorpus.Benchmarks/bin/Release/net10.0/Rowles.LeanCorpus.Benchmarks-DefaultJob-1/bin/Release/net10.0/" /p:PublishDir="/home/jordan/leancorpus/working_directory/src/devops/Rowles.LeanCorpus.Benchmarks/bin/Release/net10.0/Rowles.LeanCorpus.Benchmarks-DefaultJob-1/publish/" --output "/home/jordan/leancorpus/working_directory/src/devops/Rowles.LeanCorpus.Benchmarks/bin/Release/net10.0/Rowles.LeanCorpus.Benchmarks-DefaultJob-1/bin/Release/net10.0/" in /home/jordan/leancorpus/working_directory/src/devops/Rowles.LeanCorpus.Benchmarks/bin/Release/net10.0/Rowles.LeanCorpus.Benchmarks-DefaultJob-1
// command took 17.62 sec and exited with 0
// ***** Done, took 00:01:12 (72.66 sec)   *****
// Found 20 benchmarks:
//   VectorQuantisationBenchmarks.'HNSW search': DefaultJob [Dimension=64, Quantisation=None]
//   VectorQuantisationBenchmarks.'Lucene.NET flat scan': DefaultJob [Dimension=64, Quantisation=None]
//   VectorQuantisationBenchmarks.'HNSW search': DefaultJob [Dimension=64, Quantisation=Int8]
//   VectorQuantisationBenchmarks.'Lucene.NET flat scan': DefaultJob [Dimension=64, Quantisation=Int8]
//   VectorQuantisationBenchmarks.'HNSW search': DefaultJob [Dimension=64, Quantisation=BBQ]
//   VectorQuantisationBenchmarks.'Lucene.NET flat scan': DefaultJob [Dimension=64, Quantisation=BBQ]
//   VectorQuantisationBenchmarks.'HNSW search': DefaultJob [Dimension=64, Quantisation=Int4]
//   VectorQuantisationBenchmarks.'Lucene.NET flat scan': DefaultJob [Dimension=64, Quantisation=Int4]
//   VectorQuantisationBenchmarks.'HNSW search': DefaultJob [Dimension=64, Quantisation=ProductQuantisation]
//   VectorQuantisationBenchmarks.'Lucene.NET flat scan': DefaultJob [Dimension=64, Quantisation=ProductQuantisation]
//   VectorQuantisationBenchmarks.'HNSW search': DefaultJob [Dimension=128, Quantisation=None]
//   VectorQuantisationBenchmarks.'Lucene.NET flat scan': DefaultJob [Dimension=128, Quantisation=None]
//   VectorQuantisationBenchmarks.'HNSW search': DefaultJob [Dimension=128, Quantisation=Int8]
//   VectorQuantisationBenchmarks.'Lucene.NET flat scan': DefaultJob [Dimension=128, Quantisation=Int8]
//   VectorQuantisationBenchmarks.'HNSW search': DefaultJob [Dimension=128, Quantisation=BBQ]
//   VectorQuantisationBenchmarks.'Lucene.NET flat scan': DefaultJob [Dimension=128, Quantisation=BBQ]
//   VectorQuantisationBenchmarks.'HNSW search': DefaultJob [Dimension=128, Quantisation=Int4]
//   VectorQuantisationBenchmarks.'Lucene.NET flat scan': DefaultJob [Dimension=128, Quantisation=Int4]
//   VectorQuantisationBenchmarks.'HNSW search': DefaultJob [Dimension=128, Quantisation=ProductQuantisation]
//   VectorQuantisationBenchmarks.'Lucene.NET flat scan': DefaultJob [Dimension=128, Quantisation=ProductQuantisation]

// **************************
// Benchmark: VectorQuantisationBenchmarks.'HNSW search': DefaultJob [Dimension=64, Quantisation=None]
// *** Execute ***
// Launch: 1 / 1
// Execute: dotnet Rowles.LeanCorpus.Benchmarks-DefaultJob-1.dll --ipcPort 35197 --benchmarkName "Rowles.LeanCorpus.Benchmarks.VectorQuantisationBenchmarks.Search(Dimension: 64, Quantisation: None)" --job Default --diagnoserRunMode 3 --benchmarkId 0 in /home/jordan/leancorpus/working_directory/src/devops/Rowles.LeanCorpus.Benchmarks/bin/Release/net10.0/Rowles.LeanCorpus.Benchmarks-DefaultJob-1/bin/Release/net10.0
// Failed to set up high priority (Permission denied). In order to run benchmarks with high priority, make sure you have the right permissions.
// BeforeAnythingElse

// Benchmark Process Environment Information:
// BenchmarkDotNet v0.16.0-nightly.20260427.506
// Runtime=.NET 10.0.3 (10.0.3, 10.0.326.7603), X64 RyuJIT x86-64-v2
// GC=Concurrent Workstation
// HardwareIntrinsics=AVX,SSE3+SSSE3+SSE4.1+SSE4.2+POPCNT,X86Base+SSE+SSE2,AES+PCLMUL VectorSize=128
// Job: DefaultJob

WorkloadJitting  1: 1 op, 3905285.00 ns, 3.9053 ms/op
WorkloadJitting  2: 30 op, 88196662.00 ns, 2.9399 ms/op
WorkloadJitting  3: 30 op, 91206959.00 ns, 3.0402 ms/op
WorkloadJitting  4: 30 op, 80876023.00 ns, 2.6959 ms/op
WorkloadJitting  5: 1 op, 3580878.00 ns, 3.5809 ms/op

WorkloadPilot    1: 1 op, 3895218.00 ns, 3.8952 ms/op

WorkloadPilot    1: 16 op, 47132462.00 ns, 2.9458 ms/op
WorkloadPilot    2: 32 op, 87479063.00 ns, 2.7337 ms/op
WorkloadPilot    3: 64 op, 154852237.00 ns, 2.4196 ms/op
WorkloadPilot    4: 128 op, 299767263.00 ns, 2.3419 ms/op
WorkloadPilot    5: 256 op, 574113108.00 ns, 2.2426 ms/op

WorkloadWarmup   1: 256 op, 570187000.00 ns, 2.2273 ms/op
WorkloadWarmup   2: 256 op, 571997795.00 ns, 2.2344 ms/op
WorkloadWarmup   3: 256 op, 589443140.00 ns, 2.3025 ms/op
WorkloadWarmup   4: 256 op, 578569832.00 ns, 2.2600 ms/op
WorkloadWarmup   5: 256 op, 591169758.00 ns, 2.3093 ms/op
WorkloadWarmup   6: 256 op, 576052268.00 ns, 2.2502 ms/op

// BeforeActualRun
WorkloadActual   1: 256 op, 580181774.00 ns, 2.2663 ms/op
WorkloadActual   2: 256 op, 570479207.00 ns, 2.2284 ms/op
WorkloadActual   3: 256 op, 577413476.00 ns, 2.2555 ms/op
WorkloadActual   4: 256 op, 574267544.00 ns, 2.2432 ms/op
WorkloadActual   5: 256 op, 572968951.00 ns, 2.2382 ms/op
WorkloadActual   6: 256 op, 568872918.00 ns, 2.2222 ms/op
WorkloadActual   7: 256 op, 578498791.00 ns, 2.2598 ms/op
WorkloadActual   8: 256 op, 598890804.00 ns, 2.3394 ms/op
WorkloadActual   9: 256 op, 579216400.00 ns, 2.2626 ms/op
WorkloadActual  10: 256 op, 575932628.00 ns, 2.2497 ms/op
WorkloadActual  11: 256 op, 579235065.00 ns, 2.2626 ms/op
WorkloadActual  12: 256 op, 573456571.00 ns, 2.2401 ms/op
WorkloadActual  13: 256 op, 584685931.00 ns, 2.2839 ms/op
WorkloadActual  14: 256 op, 581612431.00 ns, 2.2719 ms/op
WorkloadActual  15: 256 op, 589126590.00 ns, 2.3013 ms/op

// AfterActualRun
// BeforeExtraIteration
// AfterExtraIteration
WorkloadExtra    1: 256 op, 584206329.00 ns, 2.2821 ms/op
WorkloadResult   1: 256 op, 580181774.00 ns, 2.2663 ms/op
WorkloadResult   2: 256 op, 570479207.00 ns, 2.2284 ms/op
WorkloadResult   3: 256 op, 577413476.00 ns, 2.2555 ms/op
WorkloadResult   4: 256 op, 574267544.00 ns, 2.2432 ms/op
WorkloadResult   5: 256 op, 572968951.00 ns, 2.2382 ms/op
WorkloadResult   6: 256 op, 568872918.00 ns, 2.2222 ms/op
WorkloadResult   7: 256 op, 578498791.00 ns, 2.2598 ms/op
WorkloadResult   8: 256 op, 579216400.00 ns, 2.2626 ms/op
WorkloadResult   9: 256 op, 575932628.00 ns, 2.2497 ms/op
WorkloadResult  10: 256 op, 579235065.00 ns, 2.2626 ms/op
WorkloadResult  11: 256 op, 573456571.00 ns, 2.2401 ms/op
WorkloadResult  12: 256 op, 584685931.00 ns, 2.2839 ms/op
WorkloadResult  13: 256 op, 581612431.00 ns, 2.2719 ms/op
WorkloadResult  14: 256 op, 589126590.00 ns, 2.3013 ms/op
// GC:  2 0 0 10480336 256

// AfterAll
// Benchmark Process 385333 has exited with code 0.

Mean = 2.256 ms, StdErr = 0.006 ms (0.25%), N = 14, StdDev = 0.021 ms
Min = 2.222 ms, Q1 = 2.241 ms, Median = 2.258 ms, Q3 = 2.265 ms, Max = 2.301 ms
IQR = 0.025 ms, LowerFence = 2.204 ms, UpperFence = 2.302 ms
ConfidenceInterval = [2.232 ms; 2.280 ms] (CI 99.9%), Margin = 0.024 ms (1.07% of Mean)
Skewness = 0.34, Kurtosis = 2.35, MValue = 2

// ** Remained 19 (95.0%) benchmark(s) to run. Estimated finish 2026-07-30 16:45 (0h 23m from now) **
// **************************
// Benchmark: VectorQuantisationBenchmarks.'Lucene.NET flat scan': DefaultJob [Dimension=64, Quantisation=None]
// *** Execute ***
// Launch: 1 / 1
// Execute: dotnet Rowles.LeanCorpus.Benchmarks-DefaultJob-1.dll --ipcPort 45987 --benchmarkName "Rowles.LeanCorpus.Benchmarks.VectorQuantisationBenchmarks.LuceneNet_Baseline(Dimension: 64, Quantisation: None)" --job Default --diagnoserRunMode 3 --benchmarkId 1 in /home/jordan/leancorpus/working_directory/src/devops/Rowles.LeanCorpus.Benchmarks/bin/Release/net10.0/Rowles.LeanCorpus.Benchmarks-DefaultJob-1/bin/Release/net10.0
// Failed to set up high priority (Permission denied). In order to run benchmarks with high priority, make sure you have the right permissions.
// BeforeAnythingElse

// Benchmark Process Environment Information:
// BenchmarkDotNet v0.16.0-nightly.20260427.506
// Runtime=.NET 10.0.3 (10.0.3, 10.0.326.7603), X64 RyuJIT x86-64-v2
// GC=Concurrent Workstation
// HardwareIntrinsics=AVX,SSE3+SSSE3+SSE4.1+SSE4.2+POPCNT,X86Base+SSE+SSE2,AES+PCLMUL VectorSize=128
// Job: DefaultJob

WorkloadJitting  1: 1 op, 330440879.00 ns, 330.4409 ms/op
WorkloadJitting  2: 30 op, 7845675358.00 ns, 261.5225 ms/op
WorkloadJitting  3: 7 op, 1732020702.00 ns, 247.4315 ms/op
WorkloadJitting  4: 1 op, 250338278.00 ns, 250.3383 ms/op

WorkloadPilot    1: 2 op, 499797537.00 ns, 249.8988 ms/op
WorkloadPilot    2: 3 op, 741759011.00 ns, 247.2530 ms/op

WorkloadWarmup   1: 3 op, 745613696.00 ns, 248.5379 ms/op
WorkloadWarmup   2: 3 op, 746481966.00 ns, 248.8273 ms/op
WorkloadWarmup   3: 3 op, 743553442.00 ns, 247.8511 ms/op
WorkloadWarmup   4: 3 op, 746907877.00 ns, 248.9693 ms/op
WorkloadWarmup   5: 3 op, 739293190.00 ns, 246.4311 ms/op
WorkloadWarmup   6: 3 op, 743059981.00 ns, 247.6867 ms/op

// BeforeActualRun
WorkloadActual   1: 3 op, 735000205.00 ns, 245.0001 ms/op
WorkloadActual   2: 3 op, 731365346.00 ns, 243.7884 ms/op
WorkloadActual   3: 3 op, 731584763.00 ns, 243.8616 ms/op
WorkloadActual   4: 3 op, 725449670.00 ns, 241.8166 ms/op
WorkloadActual   5: 3 op, 724584109.00 ns, 241.5280 ms/op
WorkloadActual   6: 3 op, 729148406.00 ns, 243.0495 ms/op
WorkloadActual   7: 3 op, 731919701.00 ns, 243.9732 ms/op
WorkloadActual   8: 3 op, 730930647.00 ns, 243.6435 ms/op
WorkloadActual   9: 3 op, 733790447.00 ns, 244.5968 ms/op
WorkloadActual  10: 3 op, 733114675.00 ns, 244.3716 ms/op
WorkloadActual  11: 3 op, 732647306.00 ns, 244.2158 ms/op
WorkloadActual  12: 3 op, 733838642.00 ns, 244.6129 ms/op
WorkloadActual  13: 3 op, 729713089.00 ns, 243.2377 ms/op
WorkloadActual  14: 3 op, 733967291.00 ns, 244.6558 ms/op
WorkloadActual  15: 3 op, 734540632.00 ns, 244.8469 ms/op

// AfterActualRun
// BeforeExtraIteration
// AfterExtraIteration
WorkloadExtra    1: 3 op, 725364043.00 ns, 241.7880 ms/op
WorkloadResult   1: 3 op, 735000205.00 ns, 245.0001 ms/op
WorkloadResult   2: 3 op, 731365346.00 ns, 243.7884 ms/op
WorkloadResult   3: 3 op, 731584763.00 ns, 243.8616 ms/op
WorkloadResult   4: 3 op, 725449670.00 ns, 241.8166 ms/op
WorkloadResult   5: 3 op, 724584109.00 ns, 241.5280 ms/op
WorkloadResult   6: 3 op, 729148406.00 ns, 243.0495 ms/op
WorkloadResult   7: 3 op, 731919701.00 ns, 243.9732 ms/op
WorkloadResult   8: 3 op, 730930647.00 ns, 243.6435 ms/op
WorkloadResult   9: 3 op, 733790447.00 ns, 244.5968 ms/op
WorkloadResult  10: 3 op, 733114675.00 ns, 244.3716 ms/op
WorkloadResult  11: 3 op, 732647306.00 ns, 244.2158 ms/op
WorkloadResult  12: 3 op, 733838642.00 ns, 244.6129 ms/op
WorkloadResult  13: 3 op, 729713089.00 ns, 243.2377 ms/op
WorkloadResult  14: 3 op, 733967291.00 ns, 244.6558 ms/op
WorkloadResult  15: 3 op, 734540632.00 ns, 244.8469 ms/op
// GC:  63 0 0 266400312 3

// AfterAll
// Benchmark Process 385438 has exited with code 0.

Mean = 243.813 ms, StdErr = 0.268 ms (0.11%), N = 15, StdDev = 1.038 ms
Min = 241.528 ms, Q1 = 243.441 ms, Median = 243.973 ms, Q3 = 244.605 ms, Max = 245.000 ms
IQR = 1.164 ms, LowerFence = 241.694 ms, UpperFence = 246.351 ms
ConfidenceInterval = [242.703 ms; 244.923 ms] (CI 99.9%), Margin = 1.110 ms (0.46% of Mean)
Skewness = -0.95, Kurtosis = 2.76, MValue = 2

// ** Remained 18 (90.0%) benchmark(s) to run. Estimated finish 2026-07-30 16:47 (0h 24m from now) **
// **************************
// Benchmark: VectorQuantisationBenchmarks.'HNSW search': DefaultJob [Dimension=64, Quantisation=Int8]
// *** Execute ***
// Launch: 1 / 1
// Execute: dotnet Rowles.LeanCorpus.Benchmarks-DefaultJob-1.dll --ipcPort 40061 --benchmarkName "Rowles.LeanCorpus.Benchmarks.VectorQuantisationBenchmarks.Search(Dimension: 64, Quantisation: Int8)" --job Default --diagnoserRunMode 3 --benchmarkId 2 in /home/jordan/leancorpus/working_directory/src/devops/Rowles.LeanCorpus.Benchmarks/bin/Release/net10.0/Rowles.LeanCorpus.Benchmarks-DefaultJob-1/bin/Release/net10.0
// Failed to set up high priority (Permission denied). In order to run benchmarks with high priority, make sure you have the right permissions.
// BeforeAnythingElse

// Benchmark Process Environment Information:
// BenchmarkDotNet v0.16.0-nightly.20260427.506
// Runtime=.NET 10.0.3 (10.0.3, 10.0.326.7603), X64 RyuJIT x86-64-v2
// GC=Concurrent Workstation
// HardwareIntrinsics=AVX,SSE3+SSSE3+SSE4.1+SSE4.2+POPCNT,X86Base+SSE+SSE2,AES+PCLMUL VectorSize=128
// Job: DefaultJob

WorkloadJitting  1: 1 op, 4634978.00 ns, 4.6350 ms/op
WorkloadJitting  2: 30 op, 98570259.00 ns, 3.2857 ms/op
WorkloadJitting  3: 30 op, 95798757.00 ns, 3.1933 ms/op
WorkloadJitting  4: 30 op, 86302484.00 ns, 2.8767 ms/op
WorkloadJitting  5: 1 op, 4192505.00 ns, 4.1925 ms/op

WorkloadPilot    1: 1 op, 4546397.00 ns, 4.5464 ms/op

WorkloadPilot    1: 16 op, 49877255.00 ns, 3.1173 ms/op
WorkloadPilot    2: 32 op, 93249337.00 ns, 2.9140 ms/op
WorkloadPilot    3: 64 op, 177840344.00 ns, 2.7788 ms/op
WorkloadPilot    4: 128 op, 353328068.00 ns, 2.7604 ms/op
WorkloadPilot    5: 256 op, 694866200.00 ns, 2.7143 ms/op

WorkloadWarmup   1: 256 op, 698226867.00 ns, 2.7274 ms/op
WorkloadWarmup   2: 256 op, 700531239.00 ns, 2.7365 ms/op
WorkloadWarmup   3: 256 op, 702656406.00 ns, 2.7448 ms/op
WorkloadWarmup   4: 256 op, 695015667.00 ns, 2.7149 ms/op
WorkloadWarmup   5: 256 op, 695588539.00 ns, 2.7171 ms/op
WorkloadWarmup   6: 256 op, 695766075.00 ns, 2.7178 ms/op
WorkloadWarmup   7: 256 op, 694675972.00 ns, 2.7136 ms/op

// BeforeActualRun
WorkloadActual   1: 256 op, 695813160.00 ns, 2.7180 ms/op
WorkloadActual   2: 256 op, 703220895.00 ns, 2.7470 ms/op
WorkloadActual   3: 256 op, 696125098.00 ns, 2.7192 ms/op
WorkloadActual   4: 256 op, 693608219.00 ns, 2.7094 ms/op
WorkloadActual   5: 256 op, 695123120.00 ns, 2.7153 ms/op
WorkloadActual   6: 256 op, 695429288.00 ns, 2.7165 ms/op
WorkloadActual   7: 256 op, 695677146.00 ns, 2.7175 ms/op
WorkloadActual   8: 256 op, 685558275.00 ns, 2.6780 ms/op
WorkloadActual   9: 256 op, 704935258.00 ns, 2.7537 ms/op
WorkloadActual  10: 256 op, 696374530.00 ns, 2.7202 ms/op
WorkloadActual  11: 256 op, 693901482.00 ns, 2.7106 ms/op
WorkloadActual  12: 256 op, 693301723.00 ns, 2.7082 ms/op
WorkloadActual  13: 256 op, 696677740.00 ns, 2.7214 ms/op
WorkloadActual  14: 256 op, 705172126.00 ns, 2.7546 ms/op
WorkloadActual  15: 256 op, 697699233.00 ns, 2.7254 ms/op

// AfterActualRun
// BeforeExtraIteration
// AfterExtraIteration
WorkloadExtra    1: 256 op, 701505883.00 ns, 2.7403 ms/op
WorkloadResult   1: 256 op, 695813160.00 ns, 2.7180 ms/op
WorkloadResult   2: 256 op, 696125098.00 ns, 2.7192 ms/op
WorkloadResult   3: 256 op, 693608219.00 ns, 2.7094 ms/op
WorkloadResult   4: 256 op, 695123120.00 ns, 2.7153 ms/op
WorkloadResult   5: 256 op, 695429288.00 ns, 2.7165 ms/op
WorkloadResult   6: 256 op, 695677146.00 ns, 2.7175 ms/op
WorkloadResult   7: 256 op, 685558275.00 ns, 2.6780 ms/op
WorkloadResult   8: 256 op, 696374530.00 ns, 2.7202 ms/op
WorkloadResult   9: 256 op, 693901482.00 ns, 2.7106 ms/op
WorkloadResult  10: 256 op, 693301723.00 ns, 2.7082 ms/op
WorkloadResult  11: 256 op, 696677740.00 ns, 2.7214 ms/op
WorkloadResult  12: 256 op, 697699233.00 ns, 2.7254 ms/op
// GC:  2 0 0 10439376 256

// AfterAll
// Benchmark Process 385546 has exited with code 0.

Mean = 2.713 ms, StdErr = 0.004 ms (0.13%), N = 12, StdDev = 0.012 ms
Min = 2.678 ms, Q1 = 2.710 ms, Median = 2.717 ms, Q3 = 2.719 ms, Max = 2.725 ms
IQR = 0.009 ms, LowerFence = 2.696 ms, UpperFence = 2.733 ms
ConfidenceInterval = [2.698 ms; 2.729 ms] (CI 99.9%), Margin = 0.016 ms (0.58% of Mean)
Skewness = -1.88, Kurtosis = 5.92, MValue = 2

// ** Remained 17 (85.0%) benchmark(s) to run. Estimated finish 2026-07-30 17:09 (0h 42m from now) **
// **************************
// Benchmark: VectorQuantisationBenchmarks.'Lucene.NET flat scan': DefaultJob [Dimension=64, Quantisation=Int8]
// *** Execute ***
// Launch: 1 / 1
// Execute: dotnet Rowles.LeanCorpus.Benchmarks-DefaultJob-1.dll --ipcPort 40589 --benchmarkName "Rowles.LeanCorpus.Benchmarks.VectorQuantisationBenchmarks.LuceneNet_Baseline(Dimension: 64, Quantisation: Int8)" --job Default --diagnoserRunMode 3 --benchmarkId 3 in /home/jordan/leancorpus/working_directory/src/devops/Rowles.LeanCorpus.Benchmarks/bin/Release/net10.0/Rowles.LeanCorpus.Benchmarks-DefaultJob-1/bin/Release/net10.0
// Failed to set up high priority (Permission denied). In order to run benchmarks with high priority, make sure you have the right permissions.
// BeforeAnythingElse

// Benchmark Process Environment Information:
// BenchmarkDotNet v0.16.0-nightly.20260427.506
// Runtime=.NET 10.0.3 (10.0.3, 10.0.326.7603), X64 RyuJIT x86-64-v2
// GC=Concurrent Workstation
// HardwareIntrinsics=AVX,SSE3+SSSE3+SSE4.1+SSE4.2+POPCNT,X86Base+SSE+SSE2,AES+PCLMUL VectorSize=128
// Job: DefaultJob

WorkloadJitting  1: 1 op, 321218561.00 ns, 321.2186 ms/op
WorkloadJitting  2: 30 op, 7552956300.00 ns, 251.7652 ms/op
WorkloadJitting  3: 8 op, 1963695732.00 ns, 245.4620 ms/op
WorkloadJitting  4: 1 op, 250033850.00 ns, 250.0339 ms/op

WorkloadPilot    1: 2 op, 495476416.00 ns, 247.7382 ms/op
WorkloadPilot    2: 3 op, 743832715.00 ns, 247.9442 ms/op

WorkloadWarmup   1: 3 op, 741561953.00 ns, 247.1873 ms/op
WorkloadWarmup   2: 3 op, 741744309.00 ns, 247.2481 ms/op
WorkloadWarmup   3: 3 op, 738094003.00 ns, 246.0313 ms/op
WorkloadWarmup   4: 3 op, 741008560.00 ns, 247.0029 ms/op
WorkloadWarmup   5: 3 op, 741974140.00 ns, 247.3247 ms/op
WorkloadWarmup   6: 3 op, 738209680.00 ns, 246.0699 ms/op

// BeforeActualRun
WorkloadActual   1: 3 op, 734529814.00 ns, 244.8433 ms/op
WorkloadActual   2: 3 op, 726236234.00 ns, 242.0787 ms/op
WorkloadActual   3: 3 op, 734093216.00 ns, 244.6977 ms/op
WorkloadActual   4: 3 op, 730608837.00 ns, 243.5363 ms/op
WorkloadActual   5: 3 op, 725757577.00 ns, 241.9192 ms/op
WorkloadActual   6: 3 op, 719636242.00 ns, 239.8787 ms/op
WorkloadActual   7: 3 op, 718874030.00 ns, 239.6247 ms/op
WorkloadActual   8: 3 op, 727852400.00 ns, 242.6175 ms/op
WorkloadActual   9: 3 op, 733220342.00 ns, 244.4068 ms/op
WorkloadActual  10: 3 op, 722432951.00 ns, 240.8110 ms/op
WorkloadActual  11: 3 op, 734545705.00 ns, 244.8486 ms/op
WorkloadActual  12: 3 op, 734921064.00 ns, 244.9737 ms/op
WorkloadActual  13: 3 op, 734712148.00 ns, 244.9040 ms/op
WorkloadActual  14: 3 op, 734574988.00 ns, 244.8583 ms/op
WorkloadActual  15: 3 op, 730143452.00 ns, 243.3812 ms/op

// AfterActualRun
// BeforeExtraIteration
// AfterExtraIteration
WorkloadExtra    1: 3 op, 732696062.00 ns, 244.2320 ms/op
WorkloadResult   1: 3 op, 734529814.00 ns, 244.8433 ms/op
WorkloadResult   2: 3 op, 726236234.00 ns, 242.0787 ms/op
WorkloadResult   3: 3 op, 734093216.00 ns, 244.6977 ms/op
WorkloadResult   4: 3 op, 730608837.00 ns, 243.5363 ms/op
WorkloadResult   5: 3 op, 725757577.00 ns, 241.9192 ms/op
WorkloadResult   6: 3 op, 719636242.00 ns, 239.8787 ms/op
WorkloadResult   7: 3 op, 718874030.00 ns, 239.6247 ms/op
WorkloadResult   8: 3 op, 727852400.00 ns, 242.6175 ms/op
WorkloadResult   9: 3 op, 733220342.00 ns, 244.4068 ms/op
WorkloadResult  10: 3 op, 722432951.00 ns, 240.8110 ms/op
WorkloadResult  11: 3 op, 734545705.00 ns, 244.8486 ms/op
WorkloadResult  12: 3 op, 734921064.00 ns, 244.9737 ms/op
WorkloadResult  13: 3 op, 734712148.00 ns, 244.9040 ms/op
WorkloadResult  14: 3 op, 734574988.00 ns, 244.8583 ms/op
WorkloadResult  15: 3 op, 730143452.00 ns, 243.3812 ms/op
// GC:  63 0 0 266400312 3

// AfterAll
// Benchmark Process 386495 has exited with code 0.

Mean = 243.159 ms, StdErr = 0.492 ms (0.20%), N = 15, StdDev = 1.905 ms
Min = 239.625 ms, Q1 = 241.999 ms, Median = 243.536 ms, Q3 = 244.846 ms, Max = 244.974 ms
IQR = 2.847 ms, LowerFence = 237.729 ms, UpperFence = 249.116 ms
ConfidenceInterval = [241.122 ms; 245.195 ms] (CI 99.9%), Margin = 2.036 ms (0.84% of Mean)
Skewness = -0.62, Kurtosis = 1.82, MValue = 2

// ** Remained 16 (80.0%) benchmark(s) to run. Estimated finish 2026-07-30 17:21 (0h 49m from now) **
// **************************
// Benchmark: VectorQuantisationBenchmarks.'HNSW search': DefaultJob [Dimension=64, Quantisation=BBQ]
// *** Execute ***
// Launch: 1 / 1
// Execute: dotnet Rowles.LeanCorpus.Benchmarks-DefaultJob-1.dll --ipcPort 33799 --benchmarkName "Rowles.LeanCorpus.Benchmarks.VectorQuantisationBenchmarks.Search(Dimension: 64, Quantisation: BBQ)" --job Default --diagnoserRunMode 3 --benchmarkId 4 in /home/jordan/leancorpus/working_directory/src/devops/Rowles.LeanCorpus.Benchmarks/bin/Release/net10.0/Rowles.LeanCorpus.Benchmarks-DefaultJob-1/bin/Release/net10.0
// Failed to set up high priority (Permission denied). In order to run benchmarks with high priority, make sure you have the right permissions.
// BeforeAnythingElse

// Benchmark Process Environment Information:
// BenchmarkDotNet v0.16.0-nightly.20260427.506
// Runtime=.NET 10.0.3 (10.0.3, 10.0.326.7603), X64 RyuJIT x86-64-v2
// GC=Concurrent Workstation
// HardwareIntrinsics=AVX,SSE3+SSSE3+SSE4.1+SSE4.2+POPCNT,X86Base+SSE+SSE2,AES+PCLMUL VectorSize=128
// Job: DefaultJob

WorkloadJitting  1: 1 op, 5190253.00 ns, 5.1903 ms/op
WorkloadJitting  2: 30 op, 119758796.00 ns, 3.9920 ms/op
WorkloadJitting  3: 30 op, 117346341.00 ns, 3.9115 ms/op
WorkloadJitting  4: 30 op, 113994624.00 ns, 3.7998 ms/op
WorkloadJitting  5: 1 op, 4828695.00 ns, 4.8287 ms/op

WorkloadPilot    1: 1 op, 5158934.00 ns, 5.1589 ms/op

WorkloadPilot    1: 16 op, 63294925.00 ns, 3.9559 ms/op
WorkloadPilot    2: 32 op, 124319644.00 ns, 3.8850 ms/op
WorkloadPilot    3: 64 op, 239985192.00 ns, 3.7498 ms/op
WorkloadPilot    4: 128 op, 480951084.00 ns, 3.7574 ms/op
WorkloadPilot    5: 256 op, 954120810.00 ns, 3.7270 ms/op

WorkloadWarmup   1: 256 op, 954188739.00 ns, 3.7273 ms/op
WorkloadWarmup   2: 256 op, 944376366.00 ns, 3.6890 ms/op
WorkloadWarmup   3: 256 op, 951248885.00 ns, 3.7158 ms/op
WorkloadWarmup   4: 256 op, 946601368.00 ns, 3.6977 ms/op
WorkloadWarmup   5: 256 op, 951207670.00 ns, 3.7157 ms/op
WorkloadWarmup   6: 256 op, 950111792.00 ns, 3.7114 ms/op

// BeforeActualRun
WorkloadActual   1: 256 op, 953623542.00 ns, 3.7251 ms/op
WorkloadActual   2: 256 op, 947678727.00 ns, 3.7019 ms/op
WorkloadActual   3: 256 op, 953464412.00 ns, 3.7245 ms/op
WorkloadActual   4: 256 op, 953191800.00 ns, 3.7234 ms/op
WorkloadActual   5: 256 op, 952586407.00 ns, 3.7210 ms/op
WorkloadActual   6: 256 op, 952093170.00 ns, 3.7191 ms/op
WorkloadActual   7: 256 op, 943995284.00 ns, 3.6875 ms/op
WorkloadActual   8: 256 op, 945180452.00 ns, 3.6921 ms/op
WorkloadActual   9: 256 op, 948829292.00 ns, 3.7064 ms/op
WorkloadActual  10: 256 op, 957774931.00 ns, 3.7413 ms/op
WorkloadActual  11: 256 op, 955736086.00 ns, 3.7333 ms/op
WorkloadActual  12: 256 op, 956625045.00 ns, 3.7368 ms/op
WorkloadActual  13: 256 op, 953958495.00 ns, 3.7264 ms/op
WorkloadActual  14: 256 op, 956464279.00 ns, 3.7362 ms/op
WorkloadActual  15: 256 op, 959077746.00 ns, 3.7464 ms/op

// AfterActualRun
// BeforeExtraIteration
// AfterExtraIteration
WorkloadExtra    1: 256 op, 944928701.00 ns, 3.6911 ms/op
WorkloadResult   1: 256 op, 953623542.00 ns, 3.7251 ms/op
WorkloadResult   2: 256 op, 947678727.00 ns, 3.7019 ms/op
WorkloadResult   3: 256 op, 953464412.00 ns, 3.7245 ms/op
WorkloadResult   4: 256 op, 953191800.00 ns, 3.7234 ms/op
WorkloadResult   5: 256 op, 952586407.00 ns, 3.7210 ms/op
WorkloadResult   6: 256 op, 952093170.00 ns, 3.7191 ms/op
WorkloadResult   7: 256 op, 943995284.00 ns, 3.6875 ms/op
WorkloadResult   8: 256 op, 945180452.00 ns, 3.6921 ms/op
WorkloadResult   9: 256 op, 948829292.00 ns, 3.7064 ms/op
WorkloadResult  10: 256 op, 957774931.00 ns, 3.7413 ms/op
WorkloadResult  11: 256 op, 955736086.00 ns, 3.7333 ms/op
WorkloadResult  12: 256 op, 956625045.00 ns, 3.7368 ms/op
WorkloadResult  13: 256 op, 953958495.00 ns, 3.7264 ms/op
WorkloadResult  14: 256 op, 956464279.00 ns, 3.7362 ms/op
WorkloadResult  15: 256 op, 959077746.00 ns, 3.7464 ms/op
// GC:  2 0 0 11315920 256

// AfterAll
// Benchmark Process 386966 has exited with code 0.

Mean = 3.721 ms, StdErr = 0.005 ms (0.12%), N = 15, StdDev = 0.018 ms
Min = 3.687 ms, Q1 = 3.713 ms, Median = 3.724 ms, Q3 = 3.735 ms, Max = 3.746 ms
IQR = 0.022 ms, LowerFence = 3.680 ms, UpperFence = 3.768 ms
ConfidenceInterval = [3.703 ms; 3.740 ms] (CI 99.9%), Margin = 0.019 ms (0.50% of Mean)
Skewness = -0.53, Kurtosis = 2.08, MValue = 2

// ** Remained 15 (75.0%) benchmark(s) to run. Estimated finish 2026-07-30 17:14 (0h 40m from now) **
// **************************
// Benchmark: VectorQuantisationBenchmarks.'Lucene.NET flat scan': DefaultJob [Dimension=64, Quantisation=BBQ]
// *** Execute ***
// Launch: 1 / 1
// Execute: dotnet Rowles.LeanCorpus.Benchmarks-DefaultJob-1.dll --ipcPort 34765 --benchmarkName "Rowles.LeanCorpus.Benchmarks.VectorQuantisationBenchmarks.LuceneNet_Baseline(Dimension: 64, Quantisation: BBQ)" --job Default --diagnoserRunMode 3 --benchmarkId 5 in /home/jordan/leancorpus/working_directory/src/devops/Rowles.LeanCorpus.Benchmarks/bin/Release/net10.0/Rowles.LeanCorpus.Benchmarks-DefaultJob-1/bin/Release/net10.0
// Failed to set up high priority (Permission denied). In order to run benchmarks with high priority, make sure you have the right permissions.
// BeforeAnythingElse

// Benchmark Process Environment Information:
// BenchmarkDotNet v0.16.0-nightly.20260427.506
// Runtime=.NET 10.0.3 (10.0.3, 10.0.326.7603), X64 RyuJIT x86-64-v2
// GC=Concurrent Workstation
// HardwareIntrinsics=AVX,SSE3+SSSE3+SSE4.1+SSE4.2+POPCNT,X86Base+SSE+SSE2,AES+PCLMUL VectorSize=128
// Job: DefaultJob

WorkloadJitting  1: 1 op, 321504406.00 ns, 321.5044 ms/op
WorkloadJitting  2: 30 op, 7512717837.00 ns, 250.4239 ms/op
WorkloadJitting  3: 8 op, 2046536011.00 ns, 255.8170 ms/op
WorkloadJitting  4: 1 op, 249629279.00 ns, 249.6293 ms/op

WorkloadPilot    1: 2 op, 496122282.00 ns, 248.0611 ms/op
WorkloadPilot    2: 3 op, 743597407.00 ns, 247.8658 ms/op

WorkloadWarmup   1: 3 op, 743999944.00 ns, 248.0000 ms/op
WorkloadWarmup   2: 3 op, 741935131.00 ns, 247.3117 ms/op
WorkloadWarmup   3: 3 op, 742918568.00 ns, 247.6395 ms/op
WorkloadWarmup   4: 3 op, 742142154.00 ns, 247.3807 ms/op
WorkloadWarmup   5: 3 op, 742241212.00 ns, 247.4137 ms/op
WorkloadWarmup   6: 3 op, 726732092.00 ns, 242.2440 ms/op

// BeforeActualRun
WorkloadActual   1: 3 op, 717737828.00 ns, 239.2459 ms/op
WorkloadActual   2: 3 op, 719356950.00 ns, 239.7857 ms/op
WorkloadActual   3: 3 op, 727181704.00 ns, 242.3939 ms/op
WorkloadActual   4: 3 op, 725418057.00 ns, 241.8060 ms/op
WorkloadActual   5: 3 op, 713439451.00 ns, 237.8132 ms/op
WorkloadActual   6: 3 op, 712667228.00 ns, 237.5557 ms/op
WorkloadActual   7: 3 op, 725284355.00 ns, 241.7615 ms/op
WorkloadActual   8: 3 op, 715469532.00 ns, 238.4898 ms/op
WorkloadActual   9: 3 op, 722243867.00 ns, 240.7480 ms/op
WorkloadActual  10: 3 op, 727340162.00 ns, 242.4467 ms/op
WorkloadActual  11: 3 op, 728095618.00 ns, 242.6985 ms/op
WorkloadActual  12: 3 op, 750623657.00 ns, 250.2079 ms/op
WorkloadActual  13: 3 op, 728601807.00 ns, 242.8673 ms/op
WorkloadActual  14: 3 op, 722844069.00 ns, 240.9480 ms/op
WorkloadActual  15: 3 op, 725133656.00 ns, 241.7112 ms/op

// AfterActualRun
// BeforeExtraIteration
// AfterExtraIteration
WorkloadExtra    1: 3 op, 769994930.00 ns, 256.6650 ms/op
WorkloadResult   1: 3 op, 717737828.00 ns, 239.2459 ms/op
WorkloadResult   2: 3 op, 719356950.00 ns, 239.7857 ms/op
WorkloadResult   3: 3 op, 727181704.00 ns, 242.3939 ms/op
WorkloadResult   4: 3 op, 725418057.00 ns, 241.8060 ms/op
WorkloadResult   5: 3 op, 713439451.00 ns, 237.8132 ms/op
WorkloadResult   6: 3 op, 712667228.00 ns, 237.5557 ms/op
WorkloadResult   7: 3 op, 725284355.00 ns, 241.7615 ms/op
WorkloadResult   8: 3 op, 715469532.00 ns, 238.4898 ms/op
WorkloadResult   9: 3 op, 722243867.00 ns, 240.7480 ms/op
WorkloadResult  10: 3 op, 727340162.00 ns, 242.4467 ms/op
WorkloadResult  11: 3 op, 728095618.00 ns, 242.6985 ms/op
WorkloadResult  12: 3 op, 728601807.00 ns, 242.8673 ms/op
WorkloadResult  13: 3 op, 722844069.00 ns, 240.9480 ms/op
WorkloadResult  14: 3 op, 725133656.00 ns, 241.7112 ms/op
// GC:  63 0 0 266400312 3

// AfterAll
// Benchmark Process 387058 has exited with code 0.

Mean = 240.734 ms, StdErr = 0.492 ms (0.20%), N = 14, StdDev = 1.842 ms
Min = 237.556 ms, Q1 = 239.381 ms, Median = 241.330 ms, Q3 = 242.247 ms, Max = 242.867 ms
IQR = 2.866 ms, LowerFence = 235.082 ms, UpperFence = 246.546 ms
ConfidenceInterval = [238.656 ms; 242.811 ms] (CI 99.9%), Margin = 2.077 ms (0.86% of Mean)
Skewness = -0.48, Kurtosis = 1.62, MValue = 2

// ** Remained 14 (70.0%) benchmark(s) to run. Estimated finish 2026-07-30 17:10 (0h 35m from now) **
// **************************
// Benchmark: VectorQuantisationBenchmarks.'HNSW search': DefaultJob [Dimension=64, Quantisation=Int4]
// *** Execute ***
// Launch: 1 / 1
// Execute: dotnet Rowles.LeanCorpus.Benchmarks-DefaultJob-1.dll --ipcPort 45579 --benchmarkName "Rowles.LeanCorpus.Benchmarks.VectorQuantisationBenchmarks.Search(Dimension: 64, Quantisation: Int4)" --job Default --diagnoserRunMode 3 --benchmarkId 6 in /home/jordan/leancorpus/working_directory/src/devops/Rowles.LeanCorpus.Benchmarks/bin/Release/net10.0/Rowles.LeanCorpus.Benchmarks-DefaultJob-1/bin/Release/net10.0
// Failed to set up high priority (Permission denied). In order to run benchmarks with high priority, make sure you have the right permissions.
// BeforeAnythingElse

// Benchmark Process Environment Information:
// BenchmarkDotNet v0.16.0-nightly.20260427.506
// Runtime=.NET 10.0.3 (10.0.3, 10.0.326.7603), X64 RyuJIT x86-64-v2
// GC=Concurrent Workstation
// HardwareIntrinsics=AVX,SSE3+SSSE3+SSE4.1+SSE4.2+POPCNT,X86Base+SSE+SSE2,AES+PCLMUL VectorSize=128
// Job: DefaultJob

WorkloadJitting  1: 1 op, 8098740.00 ns, 8.0987 ms/op
WorkloadJitting  2: 30 op, 168326480.00 ns, 5.6109 ms/op
WorkloadJitting  3: 30 op, 165863885.00 ns, 5.5288 ms/op
WorkloadJitting  4: 30 op, 162536332.00 ns, 5.4179 ms/op
WorkloadJitting  5: 1 op, 8139103.00 ns, 8.1391 ms/op

WorkloadPilot    1: 1 op, 8397753.00 ns, 8.3978 ms/op

WorkloadPilot    1: 16 op, 86420089.00 ns, 5.4013 ms/op
WorkloadPilot    2: 32 op, 173630778.00 ns, 5.4260 ms/op
WorkloadPilot    3: 64 op, 334107566.00 ns, 5.2204 ms/op
WorkloadPilot    4: 128 op, 677446476.00 ns, 5.2926 ms/op

WorkloadWarmup   1: 128 op, 631508884.00 ns, 4.9337 ms/op
WorkloadWarmup   2: 128 op, 634082531.00 ns, 4.9538 ms/op
WorkloadWarmup   3: 128 op, 632607012.00 ns, 4.9422 ms/op
WorkloadWarmup   4: 128 op, 638410956.00 ns, 4.9876 ms/op
WorkloadWarmup   5: 128 op, 635312637.00 ns, 4.9634 ms/op
WorkloadWarmup   6: 128 op, 642429913.00 ns, 5.0190 ms/op

// BeforeActualRun
WorkloadActual   1: 128 op, 678495943.00 ns, 5.3007 ms/op
WorkloadActual   2: 128 op, 676273600.00 ns, 5.2834 ms/op
WorkloadActual   3: 128 op, 628392762.00 ns, 4.9093 ms/op
WorkloadActual   4: 128 op, 629255439.00 ns, 4.9161 ms/op
WorkloadActual   5: 128 op, 629981753.00 ns, 4.9217 ms/op
WorkloadActual   6: 128 op, 629333032.00 ns, 4.9167 ms/op
WorkloadActual   7: 128 op, 630765634.00 ns, 4.9279 ms/op
WorkloadActual   8: 128 op, 681795789.00 ns, 5.3265 ms/op
WorkloadActual   9: 128 op, 636838152.00 ns, 4.9753 ms/op
WorkloadActual  10: 128 op, 678573594.00 ns, 5.3014 ms/op
WorkloadActual  11: 128 op, 622741763.00 ns, 4.8652 ms/op
WorkloadActual  12: 128 op, 677001657.00 ns, 5.2891 ms/op
WorkloadActual  13: 128 op, 631462684.00 ns, 4.9333 ms/op
WorkloadActual  14: 128 op, 678073481.00 ns, 5.2974 ms/op
WorkloadActual  15: 128 op, 634602986.00 ns, 4.9578 ms/op
WorkloadActual  16: 128 op, 682829090.00 ns, 5.3346 ms/op
WorkloadActual  17: 128 op, 672669278.00 ns, 5.2552 ms/op
WorkloadActual  18: 128 op, 625724189.00 ns, 4.8885 ms/op
WorkloadActual  19: 128 op, 674158039.00 ns, 5.2669 ms/op
WorkloadActual  20: 128 op, 620847688.00 ns, 4.8504 ms/op
WorkloadActual  21: 128 op, 674015827.00 ns, 5.2657 ms/op
WorkloadActual  22: 128 op, 624049636.00 ns, 4.8754 ms/op
WorkloadActual  23: 128 op, 677369937.00 ns, 5.2920 ms/op
WorkloadActual  24: 128 op, 631268335.00 ns, 4.9318 ms/op
WorkloadActual  25: 128 op, 674236048.00 ns, 5.2675 ms/op
WorkloadActual  26: 128 op, 630483385.00 ns, 4.9257 ms/op
WorkloadActual  27: 128 op, 679056715.00 ns, 5.3051 ms/op
WorkloadActual  28: 128 op, 658108615.00 ns, 5.1415 ms/op
WorkloadActual  29: 128 op, 679268409.00 ns, 5.3068 ms/op
WorkloadActual  30: 128 op, 679444258.00 ns, 5.3082 ms/op
WorkloadActual  31: 128 op, 671692929.00 ns, 5.2476 ms/op
WorkloadActual  32: 128 op, 667959942.00 ns, 5.2184 ms/op
WorkloadActual  33: 128 op, 669451114.00 ns, 5.2301 ms/op
WorkloadActual  34: 128 op, 622903792.00 ns, 4.8664 ms/op
WorkloadActual  35: 128 op, 665302696.00 ns, 5.1977 ms/op
WorkloadActual  36: 128 op, 632509407.00 ns, 4.9415 ms/op
WorkloadActual  37: 128 op, 669863133.00 ns, 5.2333 ms/op
WorkloadActual  38: 128 op, 637031886.00 ns, 4.9768 ms/op
WorkloadActual  39: 128 op, 672425731.00 ns, 5.2533 ms/op
WorkloadActual  40: 128 op, 633239223.00 ns, 4.9472 ms/op

// AfterActualRun
// BeforeExtraIteration
// AfterExtraIteration
WorkloadExtra    1: 128 op, 626649631.00 ns, 4.8957 ms/op
WorkloadResult   1: 128 op, 678495943.00 ns, 5.3007 ms/op
WorkloadResult   2: 128 op, 676273600.00 ns, 5.2834 ms/op
WorkloadResult   3: 128 op, 628392762.00 ns, 4.9093 ms/op
WorkloadResult   4: 128 op, 629255439.00 ns, 4.9161 ms/op
WorkloadResult   5: 128 op, 629981753.00 ns, 4.9217 ms/op
WorkloadResult   6: 128 op, 629333032.00 ns, 4.9167 ms/op
WorkloadResult   7: 128 op, 630765634.00 ns, 4.9279 ms/op
WorkloadResult   8: 128 op, 681795789.00 ns, 5.3265 ms/op
WorkloadResult   9: 128 op, 636838152.00 ns, 4.9753 ms/op
WorkloadResult  10: 128 op, 678573594.00 ns, 5.3014 ms/op
WorkloadResult  11: 128 op, 622741763.00 ns, 4.8652 ms/op
WorkloadResult  12: 128 op, 677001657.00 ns, 5.2891 ms/op
WorkloadResult  13: 128 op, 631462684.00 ns, 4.9333 ms/op
WorkloadResult  14: 128 op, 678073481.00 ns, 5.2974 ms/op
WorkloadResult  15: 128 op, 634602986.00 ns, 4.9578 ms/op
WorkloadResult  16: 128 op, 682829090.00 ns, 5.3346 ms/op
WorkloadResult  17: 128 op, 672669278.00 ns, 5.2552 ms/op
WorkloadResult  18: 128 op, 625724189.00 ns, 4.8885 ms/op
WorkloadResult  19: 128 op, 674158039.00 ns, 5.2669 ms/op
WorkloadResult  20: 128 op, 620847688.00 ns, 4.8504 ms/op
WorkloadResult  21: 128 op, 674015827.00 ns, 5.2657 ms/op
WorkloadResult  22: 128 op, 624049636.00 ns, 4.8754 ms/op
WorkloadResult  23: 128 op, 677369937.00 ns, 5.2920 ms/op
WorkloadResult  24: 128 op, 631268335.00 ns, 4.9318 ms/op
WorkloadResult  25: 128 op, 674236048.00 ns, 5.2675 ms/op
WorkloadResult  26: 128 op, 630483385.00 ns, 4.9257 ms/op
WorkloadResult  27: 128 op, 679056715.00 ns, 5.3051 ms/op
WorkloadResult  28: 128 op, 658108615.00 ns, 5.1415 ms/op
WorkloadResult  29: 128 op, 679268409.00 ns, 5.3068 ms/op
WorkloadResult  30: 128 op, 679444258.00 ns, 5.3082 ms/op
WorkloadResult  31: 128 op, 671692929.00 ns, 5.2476 ms/op
WorkloadResult  32: 128 op, 667959942.00 ns, 5.2184 ms/op
WorkloadResult  33: 128 op, 669451114.00 ns, 5.2301 ms/op
WorkloadResult  34: 128 op, 622903792.00 ns, 4.8664 ms/op
WorkloadResult  35: 128 op, 665302696.00 ns, 5.1977 ms/op
WorkloadResult  36: 128 op, 632509407.00 ns, 4.9415 ms/op
WorkloadResult  37: 128 op, 669863133.00 ns, 5.2333 ms/op
WorkloadResult  38: 128 op, 637031886.00 ns, 4.9768 ms/op
WorkloadResult  39: 128 op, 672425731.00 ns, 5.2533 ms/op
WorkloadResult  40: 128 op, 633239223.00 ns, 4.9472 ms/op
// GC:  150 0 0 630174096 128

// AfterAll
// Benchmark Process 387167 has exited with code 0.

Mean = 5.111 ms, StdErr = 0.029 ms (0.56%), N = 40, StdDev = 0.182 ms
Min = 4.850 ms, Q1 = 4.927 ms, Median = 5.208 ms, Q3 = 5.285 ms, Max = 5.335 ms
IQR = 0.358 ms, LowerFence = 4.391 ms, UpperFence = 5.821 ms
ConfidenceInterval = [5.009 ms; 5.213 ms] (CI 99.9%), Margin = 0.102 ms (2.00% of Mean)
Skewness = -0.16, Kurtosis = 1.14, MValue = 3.62

// ** Remained 13 (65.0%) benchmark(s) to run. Estimated finish 2026-07-30 17:07 (0h 30m from now) **
// **************************
// Benchmark: VectorQuantisationBenchmarks.'Lucene.NET flat scan': DefaultJob [Dimension=64, Quantisation=Int4]
// *** Execute ***
// Launch: 1 / 1
// Execute: dotnet Rowles.LeanCorpus.Benchmarks-DefaultJob-1.dll --ipcPort 42673 --benchmarkName "Rowles.LeanCorpus.Benchmarks.VectorQuantisationBenchmarks.LuceneNet_Baseline(Dimension: 64, Quantisation: Int4)" --job Default --diagnoserRunMode 3 --benchmarkId 7 in /home/jordan/leancorpus/working_directory/src/devops/Rowles.LeanCorpus.Benchmarks/bin/Release/net10.0/Rowles.LeanCorpus.Benchmarks-DefaultJob-1/bin/Release/net10.0
// Failed to set up high priority (Permission denied). In order to run benchmarks with high priority, make sure you have the right permissions.
// BeforeAnythingElse

// Benchmark Process Environment Information:
// BenchmarkDotNet v0.16.0-nightly.20260427.506
// Runtime=.NET 10.0.3 (10.0.3, 10.0.326.7603), X64 RyuJIT x86-64-v2
// GC=Concurrent Workstation
// HardwareIntrinsics=AVX,SSE3+SSSE3+SSE4.1+SSE4.2+POPCNT,X86Base+SSE+SSE2,AES+PCLMUL VectorSize=128
// Job: DefaultJob

WorkloadJitting  1: 1 op, 337625902.00 ns, 337.6259 ms/op
WorkloadJitting  2: 29 op, 7897443452.00 ns, 272.3256 ms/op
WorkloadJitting  3: 1 op, 275364351.00 ns, 275.3644 ms/op
WorkloadJitting  4: 5 op, 1356549815.00 ns, 271.3100 ms/op
WorkloadJitting  5: 1 op, 272497362.00 ns, 272.4974 ms/op

WorkloadPilot    1: 2 op, 540822117.00 ns, 270.4111 ms/op

WorkloadWarmup   1: 2 op, 542227032.00 ns, 271.1135 ms/op
WorkloadWarmup   2: 2 op, 538135374.00 ns, 269.0677 ms/op
WorkloadWarmup   3: 2 op, 537387451.00 ns, 268.6937 ms/op
WorkloadWarmup   4: 2 op, 537716255.00 ns, 268.8581 ms/op
WorkloadWarmup   5: 2 op, 539095639.00 ns, 269.5478 ms/op
WorkloadWarmup   6: 2 op, 538840698.00 ns, 269.4203 ms/op
WorkloadWarmup   7: 2 op, 538741246.00 ns, 269.3706 ms/op
WorkloadWarmup   8: 2 op, 541743497.00 ns, 270.8717 ms/op
WorkloadWarmup   9: 2 op, 540204687.00 ns, 270.1023 ms/op

// BeforeActualRun
WorkloadActual   1: 2 op, 542637726.00 ns, 271.3189 ms/op
WorkloadActual   2: 2 op, 539497923.00 ns, 269.7490 ms/op
WorkloadActual   3: 2 op, 534775939.00 ns, 267.3880 ms/op
WorkloadActual   4: 2 op, 529762569.00 ns, 264.8813 ms/op
WorkloadActual   5: 2 op, 533006407.00 ns, 266.5032 ms/op
WorkloadActual   6: 2 op, 533027836.00 ns, 266.5139 ms/op
WorkloadActual   7: 2 op, 532490400.00 ns, 266.2452 ms/op
WorkloadActual   8: 2 op, 532775750.00 ns, 266.3879 ms/op
WorkloadActual   9: 2 op, 533181603.00 ns, 266.5908 ms/op
WorkloadActual  10: 2 op, 533270979.00 ns, 266.6355 ms/op
WorkloadActual  11: 2 op, 535040469.00 ns, 267.5202 ms/op
WorkloadActual  12: 2 op, 529788743.00 ns, 264.8944 ms/op
WorkloadActual  13: 2 op, 534791816.00 ns, 267.3959 ms/op
WorkloadActual  14: 2 op, 533397932.00 ns, 266.6990 ms/op
WorkloadActual  15: 2 op, 529443920.00 ns, 264.7220 ms/op

// AfterActualRun
// BeforeExtraIteration
// AfterExtraIteration
WorkloadExtra    1: 2 op, 531025414.00 ns, 265.5127 ms/op
WorkloadResult   1: 2 op, 534775939.00 ns, 267.3880 ms/op
WorkloadResult   2: 2 op, 529762569.00 ns, 264.8813 ms/op
WorkloadResult   3: 2 op, 533006407.00 ns, 266.5032 ms/op
WorkloadResult   4: 2 op, 533027836.00 ns, 266.5139 ms/op
WorkloadResult   5: 2 op, 532490400.00 ns, 266.2452 ms/op
WorkloadResult   6: 2 op, 532775750.00 ns, 266.3879 ms/op
WorkloadResult   7: 2 op, 533181603.00 ns, 266.5908 ms/op
WorkloadResult   8: 2 op, 533270979.00 ns, 266.6355 ms/op
WorkloadResult   9: 2 op, 535040469.00 ns, 267.5202 ms/op
WorkloadResult  10: 2 op, 529788743.00 ns, 264.8944 ms/op
WorkloadResult  11: 2 op, 534791816.00 ns, 267.3959 ms/op
WorkloadResult  12: 2 op, 533397932.00 ns, 266.6990 ms/op
WorkloadResult  13: 2 op, 529443920.00 ns, 264.7220 ms/op
// GC:  42 0 0 177600208 2

// AfterAll
// Benchmark Process 387274 has exited with code 0.

Mean = 266.337 ms, StdErr = 0.263 ms (0.10%), N = 13, StdDev = 0.948 ms
Min = 264.722 ms, Q1 = 266.245 ms, Median = 266.514 ms, Q3 = 266.699 ms, Max = 267.520 ms
IQR = 0.454 ms, LowerFence = 265.565 ms, UpperFence = 267.380 ms
ConfidenceInterval = [265.201 ms; 267.472 ms] (CI 99.9%), Margin = 1.136 ms (0.43% of Mean)
Skewness = -0.56, Kurtosis = 1.91, MValue = 2

// ** Remained 12 (60.0%) benchmark(s) to run. Estimated finish 2026-07-30 17:05 (0h 27m from now) **
// **************************
// Benchmark: VectorQuantisationBenchmarks.'HNSW search': DefaultJob [Dimension=64, Quantisation=ProductQuantisation]
// *** Execute ***
// Launch: 1 / 1
// Execute: dotnet Rowles.LeanCorpus.Benchmarks-DefaultJob-1.dll --ipcPort 33135 --benchmarkName "Rowles.LeanCorpus.Benchmarks.VectorQuantisationBenchmarks.Search(Dimension: 64, Quantisation: ProductQuantisation)" --job Default --diagnoserRunMode 3 --benchmarkId 8 in /home/jordan/leancorpus/working_directory/src/devops/Rowles.LeanCorpus.Benchmarks/bin/Release/net10.0/Rowles.LeanCorpus.Benchmarks-DefaultJob-1/bin/Release/net10.0
// Failed to set up high priority (Permission denied). In order to run benchmarks with high priority, make sure you have the right permissions.
// BeforeAnythingElse

// Benchmark Process Environment Information:
// BenchmarkDotNet v0.16.0-nightly.20260427.506
// Runtime=.NET 10.0.3 (10.0.3, 10.0.326.7603), X64 RyuJIT x86-64-v2
// GC=Concurrent Workstation
// HardwareIntrinsics=AVX,SSE3+SSSE3+SSE4.1+SSE4.2+POPCNT,X86Base+SSE+SSE2,AES+PCLMUL VectorSize=128
// Job: DefaultJob

WorkloadJitting  1: 1 op, 2839833.00 ns, 2.8398 ms/op
WorkloadJitting  2: 30 op, 53913628.00 ns, 1.7971 ms/op
WorkloadJitting  3: 30 op, 51597626.00 ns, 1.7199 ms/op
WorkloadJitting  4: 30 op, 52379569.00 ns, 1.7460 ms/op
WorkloadJitting  5: 1 op, 2566030.00 ns, 2.5660 ms/op

WorkloadPilot    1: 1 op, 2827888.00 ns, 2.8279 ms/op

WorkloadPilot    1: 16 op, 29671578.00 ns, 1.8545 ms/op
WorkloadPilot    2: 32 op, 56519383.00 ns, 1.7662 ms/op
WorkloadPilot    3: 64 op, 106597056.00 ns, 1.6656 ms/op
WorkloadPilot    4: 128 op, 207191918.00 ns, 1.6187 ms/op
WorkloadPilot    5: 256 op, 416377557.00 ns, 1.6265 ms/op
WorkloadPilot    6: 512 op, 826996681.00 ns, 1.6152 ms/op

WorkloadWarmup   1: 512 op, 827001606.00 ns, 1.6152 ms/op
WorkloadWarmup   2: 512 op, 825704866.00 ns, 1.6127 ms/op
WorkloadWarmup   3: 512 op, 825313318.00 ns, 1.6119 ms/op
WorkloadWarmup   4: 512 op, 825380876.00 ns, 1.6121 ms/op
WorkloadWarmup   5: 512 op, 825582954.00 ns, 1.6125 ms/op
WorkloadWarmup   6: 512 op, 826109278.00 ns, 1.6135 ms/op
WorkloadWarmup   7: 512 op, 824050238.00 ns, 1.6095 ms/op
WorkloadWarmup   8: 512 op, 827064558.00 ns, 1.6154 ms/op
WorkloadWarmup   9: 512 op, 827271176.00 ns, 1.6158 ms/op
WorkloadWarmup  10: 512 op, 828379096.00 ns, 1.6179 ms/op
WorkloadWarmup  11: 512 op, 827449243.00 ns, 1.6161 ms/op

// BeforeActualRun
WorkloadActual   1: 512 op, 829329404.00 ns, 1.6198 ms/op
WorkloadActual   2: 512 op, 824523583.00 ns, 1.6104 ms/op
WorkloadActual   3: 512 op, 827851877.00 ns, 1.6169 ms/op
WorkloadActual   4: 512 op, 824263972.00 ns, 1.6099 ms/op
WorkloadActual   5: 512 op, 811594319.00 ns, 1.5851 ms/op
WorkloadActual   6: 512 op, 819437793.00 ns, 1.6005 ms/op
WorkloadActual   7: 512 op, 819919821.00 ns, 1.6014 ms/op
WorkloadActual   8: 512 op, 825457608.00 ns, 1.6122 ms/op
WorkloadActual   9: 512 op, 825326391.00 ns, 1.6120 ms/op
WorkloadActual  10: 512 op, 825041524.00 ns, 1.6114 ms/op
WorkloadActual  11: 512 op, 823540934.00 ns, 1.6085 ms/op
WorkloadActual  12: 512 op, 822049953.00 ns, 1.6056 ms/op
WorkloadActual  13: 512 op, 824309931.00 ns, 1.6100 ms/op
WorkloadActual  14: 512 op, 823448127.00 ns, 1.6083 ms/op
WorkloadActual  15: 512 op, 827577521.00 ns, 1.6164 ms/op

// AfterActualRun
// BeforeExtraIteration
// AfterExtraIteration
WorkloadExtra    1: 512 op, 827434844.00 ns, 1.6161 ms/op
WorkloadResult   1: 512 op, 829329404.00 ns, 1.6198 ms/op
WorkloadResult   2: 512 op, 824523583.00 ns, 1.6104 ms/op
WorkloadResult   3: 512 op, 827851877.00 ns, 1.6169 ms/op
WorkloadResult   4: 512 op, 824263972.00 ns, 1.6099 ms/op
WorkloadResult   5: 512 op, 811594319.00 ns, 1.5851 ms/op
WorkloadResult   6: 512 op, 819437793.00 ns, 1.6005 ms/op
WorkloadResult   7: 512 op, 819919821.00 ns, 1.6014 ms/op
WorkloadResult   8: 512 op, 825457608.00 ns, 1.6122 ms/op
WorkloadResult   9: 512 op, 825326391.00 ns, 1.6120 ms/op
WorkloadResult  10: 512 op, 825041524.00 ns, 1.6114 ms/op
WorkloadResult  11: 512 op, 823540934.00 ns, 1.6085 ms/op
WorkloadResult  12: 512 op, 822049953.00 ns, 1.6056 ms/op
WorkloadResult  13: 512 op, 824309931.00 ns, 1.6100 ms/op
WorkloadResult  14: 512 op, 823448127.00 ns, 1.6083 ms/op
WorkloadResult  15: 512 op, 827577521.00 ns, 1.6164 ms/op
// GC:  15 0 0 63102720 512

// AfterAll
// Benchmark Process 387364 has exited with code 0.

Mean = 1.609 ms, StdErr = 0.002 ms (0.13%), N = 15, StdDev = 0.008 ms
Min = 1.585 ms, Q1 = 1.607 ms, Median = 1.610 ms, Q3 = 1.612 ms, Max = 1.620 ms
IQR = 0.005 ms, LowerFence = 1.599 ms, UpperFence = 1.620 ms
ConfidenceInterval = [1.600 ms; 1.617 ms] (CI 99.9%), Margin = 0.009 ms (0.55% of Mean)
Skewness = -1.29, Kurtosis = 4.6, MValue = 2

// ** Remained 11 (55.0%) benchmark(s) to run. Estimated finish 2026-07-30 17:06 (0h 25m from now) **
// **************************
// Benchmark: VectorQuantisationBenchmarks.'Lucene.NET flat scan': DefaultJob [Dimension=64, Quantisation=ProductQuantisation]
// *** Execute ***
// Launch: 1 / 1
// Execute: dotnet Rowles.LeanCorpus.Benchmarks-DefaultJob-1.dll --ipcPort 40403 --benchmarkName "Rowles.LeanCorpus.Benchmarks.VectorQuantisationBenchmarks.LuceneNet_Baseline(Dimension: 64, Quantisation: ProductQuantisation)" --job Default --diagnoserRunMode 3 --benchmarkId 9 in /home/jordan/leancorpus/working_directory/src/devops/Rowles.LeanCorpus.Benchmarks/bin/Release/net10.0/Rowles.LeanCorpus.Benchmarks-DefaultJob-1/bin/Release/net10.0
// Failed to set up high priority (Permission denied). In order to run benchmarks with high priority, make sure you have the right permissions.
// BeforeAnythingElse

// Benchmark Process Environment Information:
// BenchmarkDotNet v0.16.0-nightly.20260427.506
// Runtime=.NET 10.0.3 (10.0.3, 10.0.326.7603), X64 RyuJIT x86-64-v2
// GC=Concurrent Workstation
// HardwareIntrinsics=AVX,SSE3+SSSE3+SSE4.1+SSE4.2+POPCNT,X86Base+SSE+SSE2,AES+PCLMUL VectorSize=128
// Job: DefaultJob

WorkloadJitting  1: 1 op, 316326899.00 ns, 316.3269 ms/op
WorkloadJitting  2: 30 op, 7580626269.00 ns, 252.6875 ms/op
WorkloadJitting  3: 8 op, 1967436112.00 ns, 245.9295 ms/op
WorkloadJitting  4: 1 op, 248913921.00 ns, 248.9139 ms/op

WorkloadPilot    1: 2 op, 494687526.00 ns, 247.3438 ms/op
WorkloadPilot    2: 3 op, 742501858.00 ns, 247.5006 ms/op

WorkloadWarmup   1: 3 op, 742763921.00 ns, 247.5880 ms/op
WorkloadWarmup   2: 3 op, 740362436.00 ns, 246.7875 ms/op
WorkloadWarmup   3: 3 op, 727260995.00 ns, 242.4203 ms/op
WorkloadWarmup   4: 3 op, 737543795.00 ns, 245.8479 ms/op
WorkloadWarmup   5: 3 op, 739593061.00 ns, 246.5310 ms/op
WorkloadWarmup   6: 3 op, 737082426.00 ns, 245.6941 ms/op
WorkloadWarmup   7: 3 op, 735362899.00 ns, 245.1210 ms/op
WorkloadWarmup   8: 3 op, 737038509.00 ns, 245.6795 ms/op
WorkloadWarmup   9: 3 op, 733466694.00 ns, 244.4889 ms/op

// BeforeActualRun
WorkloadActual   1: 3 op, 731012755.00 ns, 243.6709 ms/op
WorkloadActual   2: 3 op, 724084563.00 ns, 241.3615 ms/op
WorkloadActual   3: 3 op, 730886379.00 ns, 243.6288 ms/op
WorkloadActual   4: 3 op, 733480185.00 ns, 244.4934 ms/op
WorkloadActual   5: 3 op, 733195925.00 ns, 244.3986 ms/op
WorkloadActual   6: 3 op, 734514075.00 ns, 244.8380 ms/op
WorkloadActual   7: 3 op, 732169666.00 ns, 244.0566 ms/op
WorkloadActual   8: 3 op, 734278051.00 ns, 244.7594 ms/op
WorkloadActual   9: 3 op, 732021557.00 ns, 244.0072 ms/op
WorkloadActual  10: 3 op, 733811719.00 ns, 244.6039 ms/op
WorkloadActual  11: 3 op, 736091393.00 ns, 245.3638 ms/op
WorkloadActual  12: 3 op, 735984007.00 ns, 245.3280 ms/op
WorkloadActual  13: 3 op, 728811959.00 ns, 242.9373 ms/op
WorkloadActual  14: 3 op, 736113567.00 ns, 245.3712 ms/op
WorkloadActual  15: 3 op, 735313365.00 ns, 245.1045 ms/op

// AfterActualRun
// BeforeExtraIteration
// AfterExtraIteration
WorkloadExtra    1: 3 op, 725600254.00 ns, 241.8668 ms/op
WorkloadResult   1: 3 op, 731012755.00 ns, 243.6709 ms/op
WorkloadResult   2: 3 op, 724084563.00 ns, 241.3615 ms/op
WorkloadResult   3: 3 op, 730886379.00 ns, 243.6288 ms/op
WorkloadResult   4: 3 op, 733480185.00 ns, 244.4934 ms/op
WorkloadResult   5: 3 op, 733195925.00 ns, 244.3986 ms/op
WorkloadResult   6: 3 op, 734514075.00 ns, 244.8380 ms/op
WorkloadResult   7: 3 op, 732169666.00 ns, 244.0566 ms/op
WorkloadResult   8: 3 op, 734278051.00 ns, 244.7594 ms/op
WorkloadResult   9: 3 op, 732021557.00 ns, 244.0072 ms/op
WorkloadResult  10: 3 op, 733811719.00 ns, 244.6039 ms/op
WorkloadResult  11: 3 op, 736091393.00 ns, 245.3638 ms/op
WorkloadResult  12: 3 op, 735984007.00 ns, 245.3280 ms/op
WorkloadResult  13: 3 op, 728811959.00 ns, 242.9373 ms/op
WorkloadResult  14: 3 op, 736113567.00 ns, 245.3712 ms/op
WorkloadResult  15: 3 op, 735313365.00 ns, 245.1045 ms/op
// GC:  63 0 0 266400312 3

// AfterAll
// Benchmark Process 387586 has exited with code 0.

Mean = 244.262 ms, StdErr = 0.277 ms (0.11%), N = 15, StdDev = 1.072 ms
Min = 241.362 ms, Q1 = 243.839 ms, Median = 244.493 ms, Q3 = 244.971 ms, Max = 245.371 ms
IQR = 1.132 ms, LowerFence = 242.141 ms, UpperFence = 246.670 ms
ConfidenceInterval = [243.116 ms; 245.407 ms] (CI 99.9%), Margin = 1.146 ms (0.47% of Mean)
Skewness = -1.21, Kurtosis = 3.99, MValue = 2

// ** Remained 10 (50.0%) benchmark(s) to run. Estimated finish 2026-07-30 17:07 (0h 23m from now) **
// **************************
// Benchmark: VectorQuantisationBenchmarks.'HNSW search': DefaultJob [Dimension=128, Quantisation=None]
// *** Execute ***
// Launch: 1 / 1
// Execute: dotnet Rowles.LeanCorpus.Benchmarks-DefaultJob-1.dll --ipcPort 41769 --benchmarkName "Rowles.LeanCorpus.Benchmarks.VectorQuantisationBenchmarks.Search(Dimension: 128, Quantisation: None)" --job Default --diagnoserRunMode 3 --benchmarkId 10 in /home/jordan/leancorpus/working_directory/src/devops/Rowles.LeanCorpus.Benchmarks/bin/Release/net10.0/Rowles.LeanCorpus.Benchmarks-DefaultJob-1/bin/Release/net10.0
// Failed to set up high priority (Permission denied). In order to run benchmarks with high priority, make sure you have the right permissions.
// BeforeAnythingElse

// Benchmark Process Environment Information:
// BenchmarkDotNet v0.16.0-nightly.20260427.506
// Runtime=.NET 10.0.3 (10.0.3, 10.0.326.7603), X64 RyuJIT x86-64-v2
// GC=Concurrent Workstation
// HardwareIntrinsics=AVX,SSE3+SSSE3+SSE4.1+SSE4.2+POPCNT,X86Base+SSE+SSE2,AES+PCLMUL VectorSize=128
// Job: DefaultJob

WorkloadJitting  1: 1 op, 5477417.00 ns, 5.4774 ms/op
WorkloadJitting  2: 30 op, 133980589.00 ns, 4.4660 ms/op
WorkloadJitting  3: 30 op, 131935577.00 ns, 4.3979 ms/op
WorkloadJitting  4: 30 op, 126690192.00 ns, 4.2230 ms/op
WorkloadJitting  5: 1 op, 5193845.00 ns, 5.1938 ms/op

WorkloadPilot    1: 1 op, 5461503.00 ns, 5.4615 ms/op

WorkloadPilot    1: 16 op, 69132463.00 ns, 4.3208 ms/op
WorkloadPilot    2: 32 op, 133700797.00 ns, 4.1781 ms/op
WorkloadPilot    3: 64 op, 265508743.00 ns, 4.1486 ms/op
WorkloadPilot    4: 128 op, 522918833.00 ns, 4.0853 ms/op

WorkloadWarmup   1: 128 op, 532857574.00 ns, 4.1629 ms/op
WorkloadWarmup   2: 128 op, 519921902.00 ns, 4.0619 ms/op
WorkloadWarmup   3: 128 op, 522750347.00 ns, 4.0840 ms/op
WorkloadWarmup   4: 128 op, 523550940.00 ns, 4.0902 ms/op
WorkloadWarmup   5: 128 op, 524723231.00 ns, 4.0994 ms/op
WorkloadWarmup   6: 128 op, 523586789.00 ns, 4.0905 ms/op
WorkloadWarmup   7: 128 op, 528043008.00 ns, 4.1253 ms/op
WorkloadWarmup   8: 128 op, 524959237.00 ns, 4.1012 ms/op

// BeforeActualRun
WorkloadActual   1: 128 op, 526065763.00 ns, 4.1099 ms/op
WorkloadActual   2: 128 op, 526850444.00 ns, 4.1160 ms/op
WorkloadActual   3: 128 op, 525430469.00 ns, 4.1049 ms/op
WorkloadActual   4: 128 op, 514609905.00 ns, 4.0204 ms/op
WorkloadActual   5: 128 op, 520004410.00 ns, 4.0625 ms/op
WorkloadActual   6: 128 op, 515413959.00 ns, 4.0267 ms/op
WorkloadActual   7: 128 op, 514067982.00 ns, 4.0162 ms/op
WorkloadActual   8: 128 op, 511552001.00 ns, 3.9965 ms/op
WorkloadActual   9: 128 op, 519222120.00 ns, 4.0564 ms/op
WorkloadActual  10: 128 op, 526594504.00 ns, 4.1140 ms/op
WorkloadActual  11: 128 op, 525104806.00 ns, 4.1024 ms/op
WorkloadActual  12: 128 op, 529454652.00 ns, 4.1364 ms/op
WorkloadActual  13: 128 op, 528466551.00 ns, 4.1286 ms/op
WorkloadActual  14: 128 op, 524495202.00 ns, 4.0976 ms/op
WorkloadActual  15: 128 op, 518636081.00 ns, 4.0518 ms/op

// AfterActualRun
// BeforeExtraIteration
// AfterExtraIteration
WorkloadExtra    1: 128 op, 522707324.00 ns, 4.0837 ms/op
WorkloadResult   1: 128 op, 526065763.00 ns, 4.1099 ms/op
WorkloadResult   2: 128 op, 526850444.00 ns, 4.1160 ms/op
WorkloadResult   3: 128 op, 525430469.00 ns, 4.1049 ms/op
WorkloadResult   4: 128 op, 514609905.00 ns, 4.0204 ms/op
WorkloadResult   5: 128 op, 520004410.00 ns, 4.0625 ms/op
WorkloadResult   6: 128 op, 515413959.00 ns, 4.0267 ms/op
WorkloadResult   7: 128 op, 514067982.00 ns, 4.0162 ms/op
WorkloadResult   8: 128 op, 511552001.00 ns, 3.9965 ms/op
WorkloadResult   9: 128 op, 519222120.00 ns, 4.0564 ms/op
WorkloadResult  10: 128 op, 526594504.00 ns, 4.1140 ms/op
WorkloadResult  11: 128 op, 525104806.00 ns, 4.1024 ms/op
WorkloadResult  12: 128 op, 529454652.00 ns, 4.1364 ms/op
WorkloadResult  13: 128 op, 528466551.00 ns, 4.1286 ms/op
WorkloadResult  14: 128 op, 524495202.00 ns, 4.0976 ms/op
WorkloadResult  15: 128 op, 518636081.00 ns, 4.0518 ms/op
// GC:  1 0 0 6026720 128

// AfterAll
// Benchmark Process 387749 has exited with code 0.

Mean = 4.076 ms, StdErr = 0.012 ms (0.29%), N = 15, StdDev = 0.046 ms
Min = 3.997 ms, Q1 = 4.039 ms, Median = 4.098 ms, Q3 = 4.112 ms, Max = 4.136 ms
IQR = 0.073 ms, LowerFence = 3.930 ms, UpperFence = 4.221 ms
ConfidenceInterval = [4.027 ms; 4.125 ms] (CI 99.9%), Margin = 0.049 ms (1.20% of Mean)
Skewness = -0.32, Kurtosis = 1.49, MValue = 2

// ** Remained 9 (45.0%) benchmark(s) to run. Estimated finish 2026-07-30 17:06 (0h 21m from now) **
// **************************
// Benchmark: VectorQuantisationBenchmarks.'Lucene.NET flat scan': DefaultJob [Dimension=128, Quantisation=None]
// *** Execute ***
// Launch: 1 / 1
// Execute: dotnet Rowles.LeanCorpus.Benchmarks-DefaultJob-1.dll --ipcPort 46457 --benchmarkName "Rowles.LeanCorpus.Benchmarks.VectorQuantisationBenchmarks.LuceneNet_Baseline(Dimension: 128, Quantisation: None)" --job Default --diagnoserRunMode 3 --benchmarkId 11 in /home/jordan/leancorpus/working_directory/src/devops/Rowles.LeanCorpus.Benchmarks/bin/Release/net10.0/Rowles.LeanCorpus.Benchmarks-DefaultJob-1/bin/Release/net10.0
// Failed to set up high priority (Permission denied). In order to run benchmarks with high priority, make sure you have the right permissions.
// BeforeAnythingElse

// Benchmark Process Environment Information:
// BenchmarkDotNet v0.16.0-nightly.20260427.506
// Runtime=.NET 10.0.3 (10.0.3, 10.0.326.7603), X64 RyuJIT x86-64-v2
// GC=Concurrent Workstation
// HardwareIntrinsics=AVX,SSE3+SSSE3+SSE4.1+SSE4.2+POPCNT,X86Base+SSE+SSE2,AES+PCLMUL VectorSize=128
// Job: DefaultJob

WorkloadJitting  1: 1 op, 296936493.00 ns, 296.9365 ms/op
WorkloadJitting  2: 30 op, 6915797102.00 ns, 230.5266 ms/op
WorkloadJitting  3: 12 op, 2707161284.00 ns, 225.5968 ms/op
WorkloadJitting  4: 1 op, 226207620.00 ns, 226.2076 ms/op

WorkloadPilot    1: 2 op, 453448613.00 ns, 226.7243 ms/op
WorkloadPilot    2: 3 op, 678960866.00 ns, 226.3203 ms/op

WorkloadWarmup   1: 3 op, 680040827.00 ns, 226.6803 ms/op
WorkloadWarmup   2: 3 op, 676334123.00 ns, 225.4447 ms/op
WorkloadWarmup   3: 3 op, 671776682.00 ns, 223.9256 ms/op
WorkloadWarmup   4: 3 op, 674306702.00 ns, 224.7689 ms/op
WorkloadWarmup   5: 3 op, 660820952.00 ns, 220.2737 ms/op
WorkloadWarmup   6: 3 op, 666228966.00 ns, 222.0763 ms/op
WorkloadWarmup   7: 3 op, 664634100.00 ns, 221.5447 ms/op

// BeforeActualRun
WorkloadActual   1: 3 op, 666074342.00 ns, 222.0248 ms/op
WorkloadActual   2: 3 op, 664417518.00 ns, 221.4725 ms/op
WorkloadActual   3: 3 op, 666817399.00 ns, 222.2725 ms/op
WorkloadActual   4: 3 op, 665995174.00 ns, 221.9984 ms/op
WorkloadActual   5: 3 op, 665717172.00 ns, 221.9057 ms/op
WorkloadActual   6: 3 op, 662119551.00 ns, 220.7065 ms/op
WorkloadActual   7: 3 op, 663188530.00 ns, 221.0628 ms/op
WorkloadActual   8: 3 op, 662857348.00 ns, 220.9524 ms/op
WorkloadActual   9: 3 op, 666957570.00 ns, 222.3192 ms/op
WorkloadActual  10: 3 op, 660792495.00 ns, 220.2642 ms/op
WorkloadActual  11: 3 op, 666094122.00 ns, 222.0314 ms/op
WorkloadActual  12: 3 op, 667126908.00 ns, 222.3756 ms/op
WorkloadActual  13: 3 op, 662280600.00 ns, 220.7602 ms/op
WorkloadActual  14: 3 op, 666409787.00 ns, 222.1366 ms/op
WorkloadActual  15: 3 op, 666545524.00 ns, 222.1818 ms/op

// AfterActualRun
// BeforeExtraIteration
// AfterExtraIteration
WorkloadExtra    1: 3 op, 655879603.00 ns, 218.6265 ms/op
WorkloadResult   1: 3 op, 666074342.00 ns, 222.0248 ms/op
WorkloadResult   2: 3 op, 664417518.00 ns, 221.4725 ms/op
WorkloadResult   3: 3 op, 666817399.00 ns, 222.2725 ms/op
WorkloadResult   4: 3 op, 665995174.00 ns, 221.9984 ms/op
WorkloadResult   5: 3 op, 665717172.00 ns, 221.9057 ms/op
WorkloadResult   6: 3 op, 662119551.00 ns, 220.7065 ms/op
WorkloadResult   7: 3 op, 663188530.00 ns, 221.0628 ms/op
WorkloadResult   8: 3 op, 662857348.00 ns, 220.9524 ms/op
WorkloadResult   9: 3 op, 666957570.00 ns, 222.3192 ms/op
WorkloadResult  10: 3 op, 660792495.00 ns, 220.2642 ms/op
WorkloadResult  11: 3 op, 666094122.00 ns, 222.0314 ms/op
WorkloadResult  12: 3 op, 667126908.00 ns, 222.3756 ms/op
WorkloadResult  13: 3 op, 662280600.00 ns, 220.7602 ms/op
WorkloadResult  14: 3 op, 666409787.00 ns, 222.1366 ms/op
WorkloadResult  15: 3 op, 666545524.00 ns, 222.1818 ms/op
// GC:  100 0 0 420000312 3

// AfterAll
// Benchmark Process 387877 has exited with code 0.

Mean = 221.631 ms, StdErr = 0.180 ms (0.08%), N = 15, StdDev = 0.698 ms
Min = 220.264 ms, Q1 = 221.008 ms, Median = 221.998 ms, Q3 = 222.159 ms, Max = 222.376 ms
IQR = 1.152 ms, LowerFence = 219.280 ms, UpperFence = 223.887 ms
ConfidenceInterval = [220.885 ms; 222.377 ms] (CI 99.9%), Margin = 0.746 ms (0.34% of Mean)
Skewness = -0.59, Kurtosis = 1.7, MValue = 2

// ** Remained 8 (40.0%) benchmark(s) to run. Estimated finish 2026-07-30 17:06 (0h 18m from now) **
// **************************
// Benchmark: VectorQuantisationBenchmarks.'HNSW search': DefaultJob [Dimension=128, Quantisation=Int8]
// *** Execute ***
// Launch: 1 / 1
// Execute: dotnet Rowles.LeanCorpus.Benchmarks-DefaultJob-1.dll --ipcPort 45327 --benchmarkName "Rowles.LeanCorpus.Benchmarks.VectorQuantisationBenchmarks.Search(Dimension: 128, Quantisation: Int8)" --job Default --diagnoserRunMode 3 --benchmarkId 12 in /home/jordan/leancorpus/working_directory/src/devops/Rowles.LeanCorpus.Benchmarks/bin/Release/net10.0/Rowles.LeanCorpus.Benchmarks-DefaultJob-1/bin/Release/net10.0
// Failed to set up high priority (Permission denied). In order to run benchmarks with high priority, make sure you have the right permissions.
// BeforeAnythingElse

// Benchmark Process Environment Information:
// BenchmarkDotNet v0.16.0-nightly.20260427.506
// Runtime=.NET 10.0.3 (10.0.3, 10.0.326.7603), X64 RyuJIT x86-64-v2
// GC=Concurrent Workstation
// HardwareIntrinsics=AVX,SSE3+SSSE3+SSE4.1+SSE4.2+POPCNT,X86Base+SSE+SSE2,AES+PCLMUL VectorSize=128
// Job: DefaultJob

WorkloadJitting  1: 1 op, 6270889.00 ns, 6.2709 ms/op
WorkloadJitting  2: 30 op, 151780248.00 ns, 5.0593 ms/op
WorkloadJitting  3: 30 op, 148479108.00 ns, 4.9493 ms/op
WorkloadJitting  4: 30 op, 140009534.00 ns, 4.6670 ms/op
WorkloadJitting  5: 1 op, 5959692.00 ns, 5.9597 ms/op

WorkloadPilot    1: 1 op, 6262044.00 ns, 6.2620 ms/op

WorkloadPilot    1: 16 op, 76284432.00 ns, 4.7678 ms/op
WorkloadPilot    2: 32 op, 150077624.00 ns, 4.6899 ms/op
WorkloadPilot    3: 64 op, 286825891.00 ns, 4.4817 ms/op
WorkloadPilot    4: 128 op, 570961595.00 ns, 4.4606 ms/op

WorkloadWarmup   1: 128 op, 575790326.00 ns, 4.4984 ms/op
WorkloadWarmup   2: 128 op, 571259654.00 ns, 4.4630 ms/op
WorkloadWarmup   3: 128 op, 568772205.00 ns, 4.4435 ms/op
WorkloadWarmup   4: 128 op, 573087980.00 ns, 4.4772 ms/op
WorkloadWarmup   5: 128 op, 583076444.00 ns, 4.5553 ms/op
WorkloadWarmup   6: 128 op, 566241587.00 ns, 4.4238 ms/op
WorkloadWarmup   7: 128 op, 569497359.00 ns, 4.4492 ms/op
WorkloadWarmup   8: 128 op, 572100668.00 ns, 4.4695 ms/op
WorkloadWarmup   9: 128 op, 567980676.00 ns, 4.4373 ms/op

// BeforeActualRun
WorkloadActual   1: 128 op, 573325069.00 ns, 4.4791 ms/op
WorkloadActual   2: 128 op, 571079998.00 ns, 4.4616 ms/op
WorkloadActual   3: 128 op, 574698021.00 ns, 4.4898 ms/op
WorkloadActual   4: 128 op, 581385510.00 ns, 4.5421 ms/op
WorkloadActual   5: 128 op, 570567732.00 ns, 4.4576 ms/op
WorkloadActual   6: 128 op, 568925420.00 ns, 4.4447 ms/op
WorkloadActual   7: 128 op, 568252592.00 ns, 4.4395 ms/op
WorkloadActual   8: 128 op, 570891235.00 ns, 4.4601 ms/op
WorkloadActual   9: 128 op, 570618730.00 ns, 4.4580 ms/op
WorkloadActual  10: 128 op, 568007111.00 ns, 4.4376 ms/op
WorkloadActual  11: 128 op, 576068612.00 ns, 4.5005 ms/op
WorkloadActual  12: 128 op, 577508577.00 ns, 4.5118 ms/op
WorkloadActual  13: 128 op, 587168041.00 ns, 4.5873 ms/op
WorkloadActual  14: 128 op, 573287429.00 ns, 4.4788 ms/op
WorkloadActual  15: 128 op, 576759138.00 ns, 4.5059 ms/op

// AfterActualRun
// BeforeExtraIteration
// AfterExtraIteration
WorkloadExtra    1: 128 op, 567835475.00 ns, 4.4362 ms/op
WorkloadResult   1: 128 op, 573325069.00 ns, 4.4791 ms/op
WorkloadResult   2: 128 op, 571079998.00 ns, 4.4616 ms/op
WorkloadResult   3: 128 op, 574698021.00 ns, 4.4898 ms/op
WorkloadResult   4: 128 op, 581385510.00 ns, 4.5421 ms/op
WorkloadResult   5: 128 op, 570567732.00 ns, 4.4576 ms/op
WorkloadResult   6: 128 op, 568925420.00 ns, 4.4447 ms/op
WorkloadResult   7: 128 op, 568252592.00 ns, 4.4395 ms/op
WorkloadResult   8: 128 op, 570891235.00 ns, 4.4601 ms/op
WorkloadResult   9: 128 op, 570618730.00 ns, 4.4580 ms/op
WorkloadResult  10: 128 op, 568007111.00 ns, 4.4376 ms/op
WorkloadResult  11: 128 op, 576068612.00 ns, 4.5005 ms/op
WorkloadResult  12: 128 op, 577508577.00 ns, 4.5118 ms/op
WorkloadResult  13: 128 op, 573287429.00 ns, 4.4788 ms/op
WorkloadResult  14: 128 op, 576759138.00 ns, 4.5059 ms/op
// GC:  1 0 0 5932512 128

// AfterAll
// Benchmark Process 388015 has exited with code 0.

Mean = 4.476 ms, StdErr = 0.008 ms (0.18%), N = 14, StdDev = 0.031 ms
Min = 4.438 ms, Q1 = 4.458 ms, Median = 4.470 ms, Q3 = 4.498 ms, Max = 4.542 ms
IQR = 0.040 ms, LowerFence = 4.397 ms, UpperFence = 4.558 ms
ConfidenceInterval = [4.442 ms; 4.511 ms] (CI 99.9%), Margin = 0.035 ms (0.77% of Mean)
Skewness = 0.53, Kurtosis = 2.16, MValue = 2

// ** Remained 7 (35.0%) benchmark(s) to run. Estimated finish 2026-07-30 17:21 (0h 21m from now) **
// **************************
// Benchmark: VectorQuantisationBenchmarks.'Lucene.NET flat scan': DefaultJob [Dimension=128, Quantisation=Int8]
// *** Execute ***
// Launch: 1 / 1
// Execute: dotnet Rowles.LeanCorpus.Benchmarks-DefaultJob-1.dll --ipcPort 36469 --benchmarkName "Rowles.LeanCorpus.Benchmarks.VectorQuantisationBenchmarks.LuceneNet_Baseline(Dimension: 128, Quantisation: Int8)" --job Default --diagnoserRunMode 3 --benchmarkId 13 in /home/jordan/leancorpus/working_directory/src/devops/Rowles.LeanCorpus.Benchmarks/bin/Release/net10.0/Rowles.LeanCorpus.Benchmarks-DefaultJob-1/bin/Release/net10.0
// Failed to set up high priority (Permission denied). In order to run benchmarks with high priority, make sure you have the right permissions.
// BeforeAnythingElse

// Benchmark Process Environment Information:
// BenchmarkDotNet v0.16.0-nightly.20260427.506
// Runtime=.NET 10.0.3 (10.0.3, 10.0.326.7603), X64 RyuJIT x86-64-v2
// GC=Concurrent Workstation
// HardwareIntrinsics=AVX,SSE3+SSSE3+SSE4.1+SSE4.2+POPCNT,X86Base+SSE+SSE2,AES+PCLMUL VectorSize=128
// Job: DefaultJob

WorkloadJitting  1: 1 op, 296177814.00 ns, 296.1778 ms/op
WorkloadJitting  2: 30 op, 6921693325.00 ns, 230.7231 ms/op
WorkloadJitting  3: 12 op, 2742928223.00 ns, 228.5774 ms/op

WorkloadPilot    1: 2 op, 457060030.00 ns, 228.5300 ms/op
WorkloadPilot    2: 3 op, 688127721.00 ns, 229.3759 ms/op

WorkloadWarmup   1: 3 op, 687189511.00 ns, 229.0632 ms/op
WorkloadWarmup   2: 3 op, 683954456.00 ns, 227.9848 ms/op
WorkloadWarmup   3: 3 op, 685509363.00 ns, 228.5031 ms/op
WorkloadWarmup   4: 3 op, 685231884.00 ns, 228.4106 ms/op
WorkloadWarmup   5: 3 op, 674965709.00 ns, 224.9886 ms/op
WorkloadWarmup   6: 3 op, 662326630.00 ns, 220.7755 ms/op
WorkloadWarmup   7: 3 op, 665937682.00 ns, 221.9792 ms/op
WorkloadWarmup   8: 3 op, 655814979.00 ns, 218.6050 ms/op

// BeforeActualRun
WorkloadActual   1: 3 op, 667067048.00 ns, 222.3557 ms/op
WorkloadActual   2: 3 op, 658742972.00 ns, 219.5810 ms/op
WorkloadActual   3: 3 op, 667738701.00 ns, 222.5796 ms/op
WorkloadActual   4: 3 op, 665403362.00 ns, 221.8011 ms/op
WorkloadActual   5: 3 op, 660176038.00 ns, 220.0587 ms/op
WorkloadActual   6: 3 op, 664968170.00 ns, 221.6561 ms/op
WorkloadActual   7: 3 op, 665140292.00 ns, 221.7134 ms/op
WorkloadActual   8: 3 op, 663048222.00 ns, 221.0161 ms/op
WorkloadActual   9: 3 op, 664117951.00 ns, 221.3727 ms/op
WorkloadActual  10: 3 op, 660833080.00 ns, 220.2777 ms/op
WorkloadActual  11: 3 op, 659203862.00 ns, 219.7346 ms/op
WorkloadActual  12: 3 op, 657956957.00 ns, 219.3190 ms/op
WorkloadActual  13: 3 op, 658409921.00 ns, 219.4700 ms/op
WorkloadActual  14: 3 op, 667500169.00 ns, 222.5001 ms/op
WorkloadActual  15: 3 op, 666564891.00 ns, 222.1883 ms/op

// AfterActualRun
// BeforeExtraIteration
// AfterExtraIteration
WorkloadExtra    1: 3 op, 661168098.00 ns, 220.3894 ms/op
WorkloadResult   1: 3 op, 667067048.00 ns, 222.3557 ms/op
WorkloadResult   2: 3 op, 658742972.00 ns, 219.5810 ms/op
WorkloadResult   3: 3 op, 667738701.00 ns, 222.5796 ms/op
WorkloadResult   4: 3 op, 665403362.00 ns, 221.8011 ms/op
WorkloadResult   5: 3 op, 660176038.00 ns, 220.0587 ms/op
WorkloadResult   6: 3 op, 664968170.00 ns, 221.6561 ms/op
WorkloadResult   7: 3 op, 665140292.00 ns, 221.7134 ms/op
WorkloadResult   8: 3 op, 663048222.00 ns, 221.0161 ms/op
WorkloadResult   9: 3 op, 664117951.00 ns, 221.3727 ms/op
WorkloadResult  10: 3 op, 660833080.00 ns, 220.2777 ms/op
WorkloadResult  11: 3 op, 659203862.00 ns, 219.7346 ms/op
WorkloadResult  12: 3 op, 657956957.00 ns, 219.3190 ms/op
WorkloadResult  13: 3 op, 658409921.00 ns, 219.4700 ms/op
WorkloadResult  14: 3 op, 667500169.00 ns, 222.5001 ms/op
WorkloadResult  15: 3 op, 666564891.00 ns, 222.1883 ms/op
// GC:  100 0 0 420000312 3

// AfterAll
// Benchmark Process 389471 has exited with code 0.

Mean = 221.042 ms, StdErr = 0.308 ms (0.14%), N = 15, StdDev = 1.192 ms
Min = 219.319 ms, Q1 = 219.897 ms, Median = 221.373 ms, Q3 = 221.995 ms, Max = 222.580 ms
IQR = 2.098 ms, LowerFence = 216.750 ms, UpperFence = 225.142 ms
ConfidenceInterval = [219.768 ms; 222.315 ms] (CI 99.9%), Margin = 1.274 ms (0.58% of Mean)
Skewness = -0.17, Kurtosis = 1.3, MValue = 2

// ** Remained 6 (30.0%) benchmark(s) to run. Estimated finish 2026-07-30 17:34 (0h 22m from now) **
// **************************
// Benchmark: VectorQuantisationBenchmarks.'HNSW search': DefaultJob [Dimension=128, Quantisation=BBQ]
// *** Execute ***
// Launch: 1 / 1
// Execute: dotnet Rowles.LeanCorpus.Benchmarks-DefaultJob-1.dll --ipcPort 39309 --benchmarkName "Rowles.LeanCorpus.Benchmarks.VectorQuantisationBenchmarks.Search(Dimension: 128, Quantisation: BBQ)" --job Default --diagnoserRunMode 3 --benchmarkId 14 in /home/jordan/leancorpus/working_directory/src/devops/Rowles.LeanCorpus.Benchmarks/bin/Release/net10.0/Rowles.LeanCorpus.Benchmarks-DefaultJob-1/bin/Release/net10.0
// Failed to set up high priority (Permission denied). In order to run benchmarks with high priority, make sure you have the right permissions.
// BeforeAnythingElse

// Benchmark Process Environment Information:
// BenchmarkDotNet v0.16.0-nightly.20260427.506
// Runtime=.NET 10.0.3 (10.0.3, 10.0.326.7603), X64 RyuJIT x86-64-v2
// GC=Concurrent Workstation
// HardwareIntrinsics=AVX,SSE3+SSSE3+SSE4.1+SSE4.2+POPCNT,X86Base+SSE+SSE2,AES+PCLMUL VectorSize=128
// Job: DefaultJob

WorkloadJitting  1: 1 op, 7693743.00 ns, 7.6937 ms/op
WorkloadJitting  2: 30 op, 182888300.00 ns, 6.0963 ms/op
WorkloadJitting  3: 30 op, 181567306.00 ns, 6.0522 ms/op
WorkloadJitting  4: 30 op, 176953531.00 ns, 5.8985 ms/op
WorkloadJitting  5: 1 op, 7392700.00 ns, 7.3927 ms/op

WorkloadPilot    1: 1 op, 7170329.00 ns, 7.1703 ms/op

WorkloadPilot    1: 16 op, 97672356.00 ns, 6.1045 ms/op
WorkloadPilot    2: 32 op, 189342875.00 ns, 5.9170 ms/op
WorkloadPilot    3: 64 op, 373145325.00 ns, 5.8304 ms/op
WorkloadPilot    4: 128 op, 741686283.00 ns, 5.7944 ms/op

WorkloadWarmup   1: 128 op, 737070745.00 ns, 5.7584 ms/op
WorkloadWarmup   2: 128 op, 734098227.00 ns, 5.7351 ms/op
WorkloadWarmup   3: 128 op, 731739539.00 ns, 5.7167 ms/op
WorkloadWarmup   4: 128 op, 731650451.00 ns, 5.7160 ms/op
WorkloadWarmup   5: 128 op, 734340265.00 ns, 5.7370 ms/op
WorkloadWarmup   6: 128 op, 735808941.00 ns, 5.7485 ms/op
WorkloadWarmup   7: 128 op, 739866767.00 ns, 5.7802 ms/op
WorkloadWarmup   8: 128 op, 738211019.00 ns, 5.7673 ms/op
WorkloadWarmup   9: 128 op, 738519970.00 ns, 5.7697 ms/op
WorkloadWarmup  10: 128 op, 727815549.00 ns, 5.6861 ms/op

// BeforeActualRun
WorkloadActual   1: 128 op, 726432259.00 ns, 5.6753 ms/op
WorkloadActual   2: 128 op, 734080404.00 ns, 5.7350 ms/op
WorkloadActual   3: 128 op, 740098652.00 ns, 5.7820 ms/op
WorkloadActual   4: 128 op, 734598277.00 ns, 5.7390 ms/op
WorkloadActual   5: 128 op, 733925413.00 ns, 5.7338 ms/op
WorkloadActual   6: 128 op, 734107531.00 ns, 5.7352 ms/op
WorkloadActual   7: 128 op, 722755594.00 ns, 5.6465 ms/op
WorkloadActual   8: 128 op, 726358871.00 ns, 5.6747 ms/op
WorkloadActual   9: 128 op, 729550217.00 ns, 5.6996 ms/op
WorkloadActual  10: 128 op, 735225347.00 ns, 5.7439 ms/op
WorkloadActual  11: 128 op, 736137740.00 ns, 5.7511 ms/op
WorkloadActual  12: 128 op, 742730364.00 ns, 5.8026 ms/op
WorkloadActual  13: 128 op, 737830038.00 ns, 5.7643 ms/op
WorkloadActual  14: 128 op, 739706141.00 ns, 5.7790 ms/op
WorkloadActual  15: 128 op, 742082976.00 ns, 5.7975 ms/op

// AfterActualRun
// BeforeExtraIteration
// AfterExtraIteration
WorkloadExtra    1: 128 op, 742526332.00 ns, 5.8010 ms/op
WorkloadResult   1: 128 op, 726432259.00 ns, 5.6753 ms/op
WorkloadResult   2: 128 op, 734080404.00 ns, 5.7350 ms/op
WorkloadResult   3: 128 op, 740098652.00 ns, 5.7820 ms/op
WorkloadResult   4: 128 op, 734598277.00 ns, 5.7390 ms/op
WorkloadResult   5: 128 op, 733925413.00 ns, 5.7338 ms/op
WorkloadResult   6: 128 op, 734107531.00 ns, 5.7352 ms/op
WorkloadResult   7: 128 op, 722755594.00 ns, 5.6465 ms/op
WorkloadResult   8: 128 op, 726358871.00 ns, 5.6747 ms/op
WorkloadResult   9: 128 op, 729550217.00 ns, 5.6996 ms/op
WorkloadResult  10: 128 op, 735225347.00 ns, 5.7439 ms/op
WorkloadResult  11: 128 op, 736137740.00 ns, 5.7511 ms/op
WorkloadResult  12: 128 op, 742730364.00 ns, 5.8026 ms/op
WorkloadResult  13: 128 op, 737830038.00 ns, 5.7643 ms/op
WorkloadResult  14: 128 op, 739706141.00 ns, 5.7790 ms/op
WorkloadResult  15: 128 op, 742082976.00 ns, 5.7975 ms/op
// GC:  1 0 0 6153696 128

// AfterAll
// Benchmark Process 390103 has exited with code 0.

Mean = 5.737 ms, StdErr = 0.012 ms (0.21%), N = 15, StdDev = 0.046 ms
Min = 5.647 ms, Q1 = 5.717 ms, Median = 5.739 ms, Q3 = 5.772 ms, Max = 5.803 ms
IQR = 0.055 ms, LowerFence = 5.634 ms, UpperFence = 5.854 ms
ConfidenceInterval = [5.688 ms; 5.787 ms] (CI 99.9%), Margin = 0.050 ms (0.86% of Mean)
Skewness = -0.41, Kurtosis = 2.01, MValue = 2

// ** Remained 5 (25.0%) benchmark(s) to run. Estimated finish 2026-07-30 17:31 (0h 17m from now) **
// **************************
// Benchmark: VectorQuantisationBenchmarks.'Lucene.NET flat scan': DefaultJob [Dimension=128, Quantisation=BBQ]
// *** Execute ***
// Launch: 1 / 1
// Execute: dotnet Rowles.LeanCorpus.Benchmarks-DefaultJob-1.dll --ipcPort 40307 --benchmarkName "Rowles.LeanCorpus.Benchmarks.VectorQuantisationBenchmarks.LuceneNet_Baseline(Dimension: 128, Quantisation: BBQ)" --job Default --diagnoserRunMode 3 --benchmarkId 15 in /home/jordan/leancorpus/working_directory/src/devops/Rowles.LeanCorpus.Benchmarks/bin/Release/net10.0/Rowles.LeanCorpus.Benchmarks-DefaultJob-1/bin/Release/net10.0
// Failed to set up high priority (Permission denied). In order to run benchmarks with high priority, make sure you have the right permissions.
// BeforeAnythingElse

// Benchmark Process Environment Information:
// BenchmarkDotNet v0.16.0-nightly.20260427.506
// Runtime=.NET 10.0.3 (10.0.3, 10.0.326.7603), X64 RyuJIT x86-64-v2
// GC=Concurrent Workstation
// HardwareIntrinsics=AVX,SSE3+SSSE3+SSE4.1+SSE4.2+POPCNT,X86Base+SSE+SSE2,AES+PCLMUL VectorSize=128
// Job: DefaultJob

WorkloadJitting  1: 1 op, 300540151.00 ns, 300.5402 ms/op
WorkloadJitting  2: 30 op, 6931833068.00 ns, 231.0611 ms/op
WorkloadJitting  3: 11 op, 2485802843.00 ns, 225.9821 ms/op
WorkloadJitting  4: 1 op, 226412405.00 ns, 226.4124 ms/op

WorkloadPilot    1: 2 op, 455208117.00 ns, 227.6041 ms/op
WorkloadPilot    2: 3 op, 679772383.00 ns, 226.5908 ms/op

WorkloadWarmup   1: 3 op, 682179871.00 ns, 227.3933 ms/op
WorkloadWarmup   2: 3 op, 672255514.00 ns, 224.0852 ms/op
WorkloadWarmup   3: 3 op, 678147797.00 ns, 226.0493 ms/op
WorkloadWarmup   4: 3 op, 672175122.00 ns, 224.0584 ms/op
WorkloadWarmup   5: 3 op, 663552294.00 ns, 221.1841 ms/op
WorkloadWarmup   6: 3 op, 662098998.00 ns, 220.6997 ms/op
WorkloadWarmup   7: 3 op, 667565462.00 ns, 222.5218 ms/op
WorkloadWarmup   8: 3 op, 661533840.00 ns, 220.5113 ms/op

// BeforeActualRun
WorkloadActual   1: 3 op, 665229791.00 ns, 221.7433 ms/op
WorkloadActual   2: 3 op, 663736686.00 ns, 221.2456 ms/op
WorkloadActual   3: 3 op, 665777459.00 ns, 221.9258 ms/op
WorkloadActual   4: 3 op, 663232746.00 ns, 221.0776 ms/op
WorkloadActual   5: 3 op, 663017792.00 ns, 221.0059 ms/op
WorkloadActual   6: 3 op, 663523452.00 ns, 221.1745 ms/op
WorkloadActual   7: 3 op, 663312496.00 ns, 221.1042 ms/op
WorkloadActual   8: 3 op, 663253172.00 ns, 221.0844 ms/op
WorkloadActual   9: 3 op, 653464199.00 ns, 217.8214 ms/op
WorkloadActual  10: 3 op, 664223185.00 ns, 221.4077 ms/op
WorkloadActual  11: 3 op, 666597637.00 ns, 222.1992 ms/op
WorkloadActual  12: 3 op, 663190063.00 ns, 221.0634 ms/op
WorkloadActual  13: 3 op, 668097720.00 ns, 222.6992 ms/op
WorkloadActual  14: 3 op, 665981826.00 ns, 221.9939 ms/op
WorkloadActual  15: 3 op, 668075261.00 ns, 222.6918 ms/op

// AfterActualRun
// BeforeExtraIteration
// AfterExtraIteration
WorkloadExtra    1: 3 op, 663587699.00 ns, 221.1959 ms/op
WorkloadResult   1: 3 op, 665229791.00 ns, 221.7433 ms/op
WorkloadResult   2: 3 op, 663736686.00 ns, 221.2456 ms/op
WorkloadResult   3: 3 op, 665777459.00 ns, 221.9258 ms/op
WorkloadResult   4: 3 op, 663232746.00 ns, 221.0776 ms/op
WorkloadResult   5: 3 op, 663017792.00 ns, 221.0059 ms/op
WorkloadResult   6: 3 op, 663523452.00 ns, 221.1745 ms/op
WorkloadResult   7: 3 op, 663312496.00 ns, 221.1042 ms/op
WorkloadResult   8: 3 op, 663253172.00 ns, 221.0844 ms/op
WorkloadResult   9: 3 op, 653464199.00 ns, 217.8214 ms/op
WorkloadResult  10: 3 op, 664223185.00 ns, 221.4077 ms/op
WorkloadResult  11: 3 op, 666597637.00 ns, 222.1992 ms/op
WorkloadResult  12: 3 op, 663190063.00 ns, 221.0634 ms/op
WorkloadResult  13: 3 op, 668097720.00 ns, 222.6992 ms/op
WorkloadResult  14: 3 op, 665981826.00 ns, 221.9939 ms/op
WorkloadResult  15: 3 op, 668075261.00 ns, 222.6918 ms/op
// GC:  100 0 0 420000312 3

// AfterAll
// Benchmark Process 390204 has exited with code 0.

Mean = 221.349 ms, StdErr = 0.294 ms (0.13%), N = 15, StdDev = 1.138 ms
Min = 217.821 ms, Q1 = 221.081 ms, Median = 221.246 ms, Q3 = 221.960 ms, Max = 222.699 ms
IQR = 0.879 ms, LowerFence = 219.763 ms, UpperFence = 223.278 ms
ConfidenceInterval = [220.132 ms; 222.566 ms] (CI 99.9%), Margin = 1.217 ms (0.55% of Mean)
Skewness = -1.72, Kurtosis = 6.44, MValue = 2

// ** Remained 4 (20.0%) benchmark(s) to run. Estimated finish 2026-07-30 17:29 (0h 13m from now) **
// **************************
// Benchmark: VectorQuantisationBenchmarks.'HNSW search': DefaultJob [Dimension=128, Quantisation=Int4]
// *** Execute ***
// Launch: 1 / 1
// Execute: dotnet Rowles.LeanCorpus.Benchmarks-DefaultJob-1.dll --ipcPort 40055 --benchmarkName "Rowles.LeanCorpus.Benchmarks.VectorQuantisationBenchmarks.Search(Dimension: 128, Quantisation: Int4)" --job Default --diagnoserRunMode 3 --benchmarkId 16 in /home/jordan/leancorpus/working_directory/src/devops/Rowles.LeanCorpus.Benchmarks/bin/Release/net10.0/Rowles.LeanCorpus.Benchmarks-DefaultJob-1/bin/Release/net10.0
// Failed to set up high priority (Permission denied). In order to run benchmarks with high priority, make sure you have the right permissions.
// BeforeAnythingElse

// Benchmark Process Environment Information:
// BenchmarkDotNet v0.16.0-nightly.20260427.506
// Runtime=.NET 10.0.3 (10.0.3, 10.0.326.7603), X64 RyuJIT x86-64-v2
// GC=Concurrent Workstation
// HardwareIntrinsics=AVX,SSE3+SSSE3+SSE4.1+SSE4.2+POPCNT,X86Base+SSE+SSE2,AES+PCLMUL VectorSize=128
// Job: DefaultJob

WorkloadJitting  1: 1 op, 12593149.00 ns, 12.5931 ms/op
WorkloadJitting  2: 30 op, 270625459.00 ns, 9.0208 ms/op
WorkloadJitting  3: 30 op, 266439608.00 ns, 8.8813 ms/op
WorkloadJitting  4: 30 op, 265423071.00 ns, 8.8474 ms/op
WorkloadJitting  5: 1 op, 11663859.00 ns, 11.6639 ms/op

WorkloadPilot    1: 1 op, 11849743.00 ns, 11.8497 ms/op

WorkloadPilot    1: 16 op, 140158082.00 ns, 8.7599 ms/op
WorkloadPilot    2: 32 op, 281211018.00 ns, 8.7878 ms/op
WorkloadPilot    3: 64 op, 541747955.00 ns, 8.4648 ms/op

WorkloadWarmup   1: 64 op, 548902473.00 ns, 8.5766 ms/op
WorkloadWarmup   2: 64 op, 549529405.00 ns, 8.5864 ms/op
WorkloadWarmup   3: 64 op, 549682735.00 ns, 8.5888 ms/op
WorkloadWarmup   4: 64 op, 549218624.00 ns, 8.5815 ms/op
WorkloadWarmup   5: 64 op, 553156418.00 ns, 8.6431 ms/op
WorkloadWarmup   6: 64 op, 550620943.00 ns, 8.6035 ms/op

// BeforeActualRun
WorkloadActual   1: 64 op, 539597053.00 ns, 8.4312 ms/op
WorkloadActual   2: 64 op, 536781836.00 ns, 8.3872 ms/op
WorkloadActual   3: 64 op, 542349561.00 ns, 8.4742 ms/op
WorkloadActual   4: 64 op, 545528809.00 ns, 8.5239 ms/op
WorkloadActual   5: 64 op, 545919358.00 ns, 8.5300 ms/op
WorkloadActual   6: 64 op, 549714681.00 ns, 8.5893 ms/op
WorkloadActual   7: 64 op, 549889289.00 ns, 8.5920 ms/op
WorkloadActual   8: 64 op, 545469098.00 ns, 8.5230 ms/op
WorkloadActual   9: 64 op, 564782671.00 ns, 8.8247 ms/op
WorkloadActual  10: 64 op, 548058779.00 ns, 8.5634 ms/op
WorkloadActual  11: 64 op, 548959492.00 ns, 8.5775 ms/op
WorkloadActual  12: 64 op, 543667533.00 ns, 8.4948 ms/op
WorkloadActual  13: 64 op, 542964534.00 ns, 8.4838 ms/op
WorkloadActual  14: 64 op, 544279031.00 ns, 8.5044 ms/op
WorkloadActual  15: 64 op, 570780251.00 ns, 8.9184 ms/op

// AfterActualRun
// BeforeExtraIteration
// AfterExtraIteration
WorkloadExtra    1: 64 op, 546788975.00 ns, 8.5436 ms/op
WorkloadResult   1: 64 op, 539597053.00 ns, 8.4312 ms/op
WorkloadResult   2: 64 op, 536781836.00 ns, 8.3872 ms/op
WorkloadResult   3: 64 op, 542349561.00 ns, 8.4742 ms/op
WorkloadResult   4: 64 op, 545528809.00 ns, 8.5239 ms/op
WorkloadResult   5: 64 op, 545919358.00 ns, 8.5300 ms/op
WorkloadResult   6: 64 op, 549714681.00 ns, 8.5893 ms/op
WorkloadResult   7: 64 op, 549889289.00 ns, 8.5920 ms/op
WorkloadResult   8: 64 op, 545469098.00 ns, 8.5230 ms/op
WorkloadResult   9: 64 op, 548058779.00 ns, 8.5634 ms/op
WorkloadResult  10: 64 op, 548959492.00 ns, 8.5775 ms/op
WorkloadResult  11: 64 op, 543667533.00 ns, 8.4948 ms/op
WorkloadResult  12: 64 op, 542964534.00 ns, 8.4838 ms/op
WorkloadResult  13: 64 op, 544279031.00 ns, 8.5044 ms/op
// GC:  154 0 0 647777616 64

// AfterAll
// Benchmark Process 390330 has exited with code 0.

Mean = 8.513 ms, StdErr = 0.017 ms (0.20%), N = 13, StdDev = 0.061 ms
Min = 8.387 ms, Q1 = 8.484 ms, Median = 8.523 ms, Q3 = 8.563 ms, Max = 8.592 ms
IQR = 0.080 ms, LowerFence = 8.364 ms, UpperFence = 8.683 ms
ConfidenceInterval = [8.440 ms; 8.586 ms] (CI 99.9%), Margin = 0.073 ms (0.86% of Mean)
Skewness = -0.46, Kurtosis = 2.22, MValue = 2

// ** Remained 3 (15.0%) benchmark(s) to run. Estimated finish 2026-07-30 17:28 (0h 10m from now) **
// **************************
// Benchmark: VectorQuantisationBenchmarks.'Lucene.NET flat scan': DefaultJob [Dimension=128, Quantisation=Int4]
// *** Execute ***
// Launch: 1 / 1
// Execute: dotnet Rowles.LeanCorpus.Benchmarks-DefaultJob-1.dll --ipcPort 40713 --benchmarkName "Rowles.LeanCorpus.Benchmarks.VectorQuantisationBenchmarks.LuceneNet_Baseline(Dimension: 128, Quantisation: Int4)" --job Default --diagnoserRunMode 3 --benchmarkId 17 in /home/jordan/leancorpus/working_directory/src/devops/Rowles.LeanCorpus.Benchmarks/bin/Release/net10.0/Rowles.LeanCorpus.Benchmarks-DefaultJob-1/bin/Release/net10.0
// Failed to set up high priority (Permission denied). In order to run benchmarks with high priority, make sure you have the right permissions.
// BeforeAnythingElse

// Benchmark Process Environment Information:
// BenchmarkDotNet v0.16.0-nightly.20260427.506
// Runtime=.NET 10.0.3 (10.0.3, 10.0.326.7603), X64 RyuJIT x86-64-v2
// GC=Concurrent Workstation
// HardwareIntrinsics=AVX,SSE3+SSSE3+SSE4.1+SSE4.2+POPCNT,X86Base+SSE+SSE2,AES+PCLMUL VectorSize=128
// Job: DefaultJob

WorkloadJitting  1: 1 op, 295778816.00 ns, 295.7788 ms/op
WorkloadJitting  2: 30 op, 6882542535.00 ns, 229.4181 ms/op
WorkloadJitting  3: 12 op, 2706427469.00 ns, 225.5356 ms/op
WorkloadJitting  4: 1 op, 228048564.00 ns, 228.0486 ms/op

WorkloadPilot    1: 2 op, 456355087.00 ns, 228.1775 ms/op
WorkloadPilot    2: 3 op, 683596306.00 ns, 227.8654 ms/op

WorkloadWarmup   1: 3 op, 683420467.00 ns, 227.8068 ms/op
WorkloadWarmup   2: 3 op, 681782147.00 ns, 227.2607 ms/op
WorkloadWarmup   3: 3 op, 677117058.00 ns, 225.7057 ms/op
WorkloadWarmup   4: 3 op, 680939357.00 ns, 226.9798 ms/op
WorkloadWarmup   5: 3 op, 663065481.00 ns, 221.0218 ms/op
WorkloadWarmup   6: 3 op, 668499018.00 ns, 222.8330 ms/op
WorkloadWarmup   7: 3 op, 665958793.00 ns, 221.9863 ms/op

// BeforeActualRun
WorkloadActual   1: 3 op, 669130243.00 ns, 223.0434 ms/op
WorkloadActual   2: 3 op, 655777668.00 ns, 218.5926 ms/op
WorkloadActual   3: 3 op, 670422655.00 ns, 223.4742 ms/op
WorkloadActual   4: 3 op, 661752833.00 ns, 220.5843 ms/op
WorkloadActual   5: 3 op, 655796626.00 ns, 218.5989 ms/op
WorkloadActual   6: 3 op, 656898132.00 ns, 218.9660 ms/op
WorkloadActual   7: 3 op, 666560079.00 ns, 222.1867 ms/op
WorkloadActual   8: 3 op, 664215845.00 ns, 221.4053 ms/op
WorkloadActual   9: 3 op, 668988793.00 ns, 222.9963 ms/op
WorkloadActual  10: 3 op, 663531713.00 ns, 221.1772 ms/op
WorkloadActual  11: 3 op, 661265242.00 ns, 220.4217 ms/op
WorkloadActual  12: 3 op, 658819576.00 ns, 219.6065 ms/op
WorkloadActual  13: 3 op, 667180335.00 ns, 222.3934 ms/op
WorkloadActual  14: 3 op, 670001352.00 ns, 223.3338 ms/op
WorkloadActual  15: 3 op, 670639471.00 ns, 223.5465 ms/op

// AfterActualRun
// BeforeExtraIteration
// AfterExtraIteration
WorkloadExtra    1: 3 op, 667068814.00 ns, 222.3563 ms/op
WorkloadResult   1: 3 op, 669130243.00 ns, 223.0434 ms/op
WorkloadResult   2: 3 op, 655777668.00 ns, 218.5926 ms/op
WorkloadResult   3: 3 op, 670422655.00 ns, 223.4742 ms/op
WorkloadResult   4: 3 op, 661752833.00 ns, 220.5843 ms/op
WorkloadResult   5: 3 op, 655796626.00 ns, 218.5989 ms/op
WorkloadResult   6: 3 op, 656898132.00 ns, 218.9660 ms/op
WorkloadResult   7: 3 op, 666560079.00 ns, 222.1867 ms/op
WorkloadResult   8: 3 op, 664215845.00 ns, 221.4053 ms/op
WorkloadResult   9: 3 op, 668988793.00 ns, 222.9963 ms/op
WorkloadResult  10: 3 op, 663531713.00 ns, 221.1772 ms/op
WorkloadResult  11: 3 op, 661265242.00 ns, 220.4217 ms/op
WorkloadResult  12: 3 op, 658819576.00 ns, 219.6065 ms/op
WorkloadResult  13: 3 op, 667180335.00 ns, 222.3934 ms/op
WorkloadResult  14: 3 op, 670001352.00 ns, 223.3338 ms/op
WorkloadResult  15: 3 op, 670639471.00 ns, 223.5465 ms/op
// GC:  100 0 0 420000312 3

// AfterAll
// Benchmark Process 390484 has exited with code 0.

Mean = 221.355 ms, StdErr = 0.468 ms (0.21%), N = 15, StdDev = 1.813 ms
Min = 218.593 ms, Q1 = 220.014 ms, Median = 221.405 ms, Q3 = 223.020 ms, Max = 223.546 ms
IQR = 3.006 ms, LowerFence = 215.506 ms, UpperFence = 227.528 ms
ConfidenceInterval = [219.417 ms; 223.293 ms] (CI 99.9%), Margin = 1.938 ms (0.88% of Mean)
Skewness = -0.26, Kurtosis = 1.45, MValue = 2

// ** Remained 2 (10.0%) benchmark(s) to run. Estimated finish 2026-07-30 17:26 (0h 6m from now) **
// **************************
// Benchmark: VectorQuantisationBenchmarks.'HNSW search': DefaultJob [Dimension=128, Quantisation=ProductQuantisation]
// *** Execute ***
// Launch: 1 / 1
// Execute: dotnet Rowles.LeanCorpus.Benchmarks-DefaultJob-1.dll --ipcPort 45425 --benchmarkName "Rowles.LeanCorpus.Benchmarks.VectorQuantisationBenchmarks.Search(Dimension: 128, Quantisation: ProductQuantisation)" --job Default --diagnoserRunMode 3 --benchmarkId 18 in /home/jordan/leancorpus/working_directory/src/devops/Rowles.LeanCorpus.Benchmarks/bin/Release/net10.0/Rowles.LeanCorpus.Benchmarks-DefaultJob-1/bin/Release/net10.0
// Failed to set up high priority (Permission denied). In order to run benchmarks with high priority, make sure you have the right permissions.
// BeforeAnythingElse

// Benchmark Process Environment Information:
// BenchmarkDotNet v0.16.0-nightly.20260427.506
// Runtime=.NET 10.0.3 (10.0.3, 10.0.326.7603), X64 RyuJIT x86-64-v2
// GC=Concurrent Workstation
// HardwareIntrinsics=AVX,SSE3+SSSE3+SSE4.1+SSE4.2+POPCNT,X86Base+SSE+SSE2,AES+PCLMUL VectorSize=128
// Job: DefaultJob

WorkloadJitting  1: 1 op, 3848736.00 ns, 3.8487 ms/op
WorkloadJitting  2: 30 op, 77457482.00 ns, 2.5819 ms/op
WorkloadJitting  3: 30 op, 68386060.00 ns, 2.2795 ms/op
WorkloadJitting  4: 30 op, 70355350.00 ns, 2.3452 ms/op
WorkloadJitting  5: 1 op, 3419194.00 ns, 3.4192 ms/op

WorkloadPilot    1: 1 op, 3808294.00 ns, 3.8083 ms/op

WorkloadPilot    1: 16 op, 39726123.00 ns, 2.4829 ms/op
WorkloadPilot    2: 32 op, 77739556.00 ns, 2.4294 ms/op
WorkloadPilot    3: 64 op, 146918574.00 ns, 2.2956 ms/op
WorkloadPilot    4: 128 op, 289137893.00 ns, 2.2589 ms/op
WorkloadPilot    5: 256 op, 573875177.00 ns, 2.2417 ms/op

WorkloadWarmup   1: 256 op, 569673335.00 ns, 2.2253 ms/op
WorkloadWarmup   2: 256 op, 568847363.00 ns, 2.2221 ms/op
WorkloadWarmup   3: 256 op, 565959770.00 ns, 2.2108 ms/op
WorkloadWarmup   4: 256 op, 567671054.00 ns, 2.2175 ms/op
WorkloadWarmup   5: 256 op, 568288944.00 ns, 2.2199 ms/op
WorkloadWarmup   6: 256 op, 567720100.00 ns, 2.2177 ms/op
WorkloadWarmup   7: 256 op, 566781548.00 ns, 2.2140 ms/op
WorkloadWarmup   8: 256 op, 568946145.00 ns, 2.2224 ms/op
WorkloadWarmup   9: 256 op, 562260186.00 ns, 2.1963 ms/op

// BeforeActualRun
WorkloadActual   1: 256 op, 569625069.00 ns, 2.2251 ms/op
WorkloadActual   2: 256 op, 566128674.00 ns, 2.2114 ms/op
WorkloadActual   3: 256 op, 570247075.00 ns, 2.2275 ms/op
WorkloadActual   4: 256 op, 565784790.00 ns, 2.2101 ms/op
WorkloadActual   5: 256 op, 566487169.00 ns, 2.2128 ms/op
WorkloadActual   6: 256 op, 567329246.00 ns, 2.2161 ms/op
WorkloadActual   7: 256 op, 566789602.00 ns, 2.2140 ms/op
WorkloadActual   8: 256 op, 557053648.00 ns, 2.1760 ms/op
WorkloadActual   9: 256 op, 558486409.00 ns, 2.1816 ms/op
WorkloadActual  10: 256 op, 556906936.00 ns, 2.1754 ms/op
WorkloadActual  11: 256 op, 562111172.00 ns, 2.1957 ms/op
WorkloadActual  12: 256 op, 565458515.00 ns, 2.2088 ms/op
WorkloadActual  13: 256 op, 561468602.00 ns, 2.1932 ms/op
WorkloadActual  14: 256 op, 560025279.00 ns, 2.1876 ms/op
WorkloadActual  15: 256 op, 571044126.00 ns, 2.2306 ms/op

// AfterActualRun
// BeforeExtraIteration
// AfterExtraIteration
WorkloadExtra    1: 256 op, 562692595.00 ns, 2.1980 ms/op
WorkloadResult   1: 256 op, 569625069.00 ns, 2.2251 ms/op
WorkloadResult   2: 256 op, 566128674.00 ns, 2.2114 ms/op
WorkloadResult   3: 256 op, 570247075.00 ns, 2.2275 ms/op
WorkloadResult   4: 256 op, 565784790.00 ns, 2.2101 ms/op
WorkloadResult   5: 256 op, 566487169.00 ns, 2.2128 ms/op
WorkloadResult   6: 256 op, 567329246.00 ns, 2.2161 ms/op
WorkloadResult   7: 256 op, 566789602.00 ns, 2.2140 ms/op
WorkloadResult   8: 256 op, 557053648.00 ns, 2.1760 ms/op
WorkloadResult   9: 256 op, 558486409.00 ns, 2.1816 ms/op
WorkloadResult  10: 256 op, 556906936.00 ns, 2.1754 ms/op
WorkloadResult  11: 256 op, 562111172.00 ns, 2.1957 ms/op
WorkloadResult  12: 256 op, 565458515.00 ns, 2.2088 ms/op
WorkloadResult  13: 256 op, 561468602.00 ns, 2.1932 ms/op
WorkloadResult  14: 256 op, 560025279.00 ns, 2.1876 ms/op
WorkloadResult  15: 256 op, 571044126.00 ns, 2.2306 ms/op
// GC:  12 0 0 54031408 256

// AfterAll
// Benchmark Process 390599 has exited with code 0.

Mean = 2.204 ms, StdErr = 0.005 ms (0.21%), N = 15, StdDev = 0.018 ms
Min = 2.175 ms, Q1 = 2.190 ms, Median = 2.210 ms, Q3 = 2.215 ms, Max = 2.231 ms
IQR = 0.025 ms, LowerFence = 2.153 ms, UpperFence = 2.252 ms
ConfidenceInterval = [2.185 ms; 2.224 ms] (CI 99.9%), Margin = 0.020 ms (0.89% of Mean)
Skewness = -0.25, Kurtosis = 1.6, MValue = 2

// ** Remained 1 (5.0%) benchmark(s) to run. Estimated finish 2026-07-30 17:30 (0h 3m from now) **
// **************************
// Benchmark: VectorQuantisationBenchmarks.'Lucene.NET flat scan': DefaultJob [Dimension=128, Quantisation=ProductQuantisation]
// *** Execute ***
// Launch: 1 / 1
// Execute: dotnet Rowles.LeanCorpus.Benchmarks-DefaultJob-1.dll --ipcPort 44807 --benchmarkName "Rowles.LeanCorpus.Benchmarks.VectorQuantisationBenchmarks.LuceneNet_Baseline(Dimension: 128, Quantisation: ProductQuantisation)" --job Default --diagnoserRunMode 3 --benchmarkId 19 in /home/jordan/leancorpus/working_directory/src/devops/Rowles.LeanCorpus.Benchmarks/bin/Release/net10.0/Rowles.LeanCorpus.Benchmarks-DefaultJob-1/bin/Release/net10.0
// Failed to set up high priority (Permission denied). In order to run benchmarks with high priority, make sure you have the right permissions.
// BeforeAnythingElse

// Benchmark Process Environment Information:
// BenchmarkDotNet v0.16.0-nightly.20260427.506
// Runtime=.NET 10.0.3 (10.0.3, 10.0.326.7603), X64 RyuJIT x86-64-v2
// GC=Concurrent Workstation
// HardwareIntrinsics=AVX,SSE3+SSSE3+SSE4.1+SSE4.2+POPCNT,X86Base+SSE+SSE2,AES+PCLMUL VectorSize=128
// Job: DefaultJob

WorkloadJitting  1: 1 op, 292360868.00 ns, 292.3609 ms/op
WorkloadJitting  2: 30 op, 6876799611.00 ns, 229.2267 ms/op
WorkloadJitting  3: 12 op, 2725333796.00 ns, 227.1111 ms/op

WorkloadPilot    1: 2 op, 448635315.00 ns, 224.3177 ms/op
WorkloadPilot    2: 3 op, 671188336.00 ns, 223.7294 ms/op

WorkloadWarmup   1: 3 op, 683037575.00 ns, 227.6792 ms/op
WorkloadWarmup   2: 3 op, 679452462.00 ns, 226.4842 ms/op
WorkloadWarmup   3: 3 op, 669700240.00 ns, 223.2334 ms/op
WorkloadWarmup   4: 3 op, 667583204.00 ns, 222.5277 ms/op
WorkloadWarmup   5: 3 op, 665903830.00 ns, 221.9679 ms/op
WorkloadWarmup   6: 3 op, 661992524.00 ns, 220.6642 ms/op
WorkloadWarmup   7: 3 op, 662413025.00 ns, 220.8043 ms/op
WorkloadWarmup   8: 3 op, 664025041.00 ns, 221.3417 ms/op
WorkloadWarmup   9: 3 op, 659751435.00 ns, 219.9171 ms/op
WorkloadWarmup  10: 3 op, 658476741.00 ns, 219.4922 ms/op
WorkloadWarmup  11: 3 op, 657076203.00 ns, 219.0254 ms/op
WorkloadWarmup  12: 3 op, 662510327.00 ns, 220.8368 ms/op
WorkloadWarmup  13: 3 op, 661823806.00 ns, 220.6079 ms/op

// BeforeActualRun
WorkloadActual   1: 3 op, 666493492.00 ns, 222.1645 ms/op
WorkloadActual   2: 3 op, 662597240.00 ns, 220.8657 ms/op
WorkloadActual   3: 3 op, 663747927.00 ns, 221.2493 ms/op
WorkloadActual   4: 3 op, 661777768.00 ns, 220.5926 ms/op
WorkloadActual   5: 3 op, 661517025.00 ns, 220.5057 ms/op
WorkloadActual   6: 3 op, 659659743.00 ns, 219.8866 ms/op
WorkloadActual   7: 3 op, 662856126.00 ns, 220.9520 ms/op
WorkloadActual   8: 3 op, 657627288.00 ns, 219.2091 ms/op
WorkloadActual   9: 3 op, 661552854.00 ns, 220.5176 ms/op
WorkloadActual  10: 3 op, 662284413.00 ns, 220.7615 ms/op
WorkloadActual  11: 3 op, 662828028.00 ns, 220.9427 ms/op
WorkloadActual  12: 3 op, 661880028.00 ns, 220.6267 ms/op
WorkloadActual  13: 3 op, 663428523.00 ns, 221.1428 ms/op
WorkloadActual  14: 3 op, 662571620.00 ns, 220.8572 ms/op
WorkloadActual  15: 3 op, 665648080.00 ns, 221.8827 ms/op

// AfterActualRun
// BeforeExtraIteration
// AfterExtraIteration
WorkloadExtra    1: 3 op, 666204652.00 ns, 222.0682 ms/op
WorkloadResult   1: 3 op, 662597240.00 ns, 220.8657 ms/op
WorkloadResult   2: 3 op, 663747927.00 ns, 221.2493 ms/op
WorkloadResult   3: 3 op, 661777768.00 ns, 220.5926 ms/op
WorkloadResult   4: 3 op, 661517025.00 ns, 220.5057 ms/op
WorkloadResult   5: 3 op, 659659743.00 ns, 219.8866 ms/op
WorkloadResult   6: 3 op, 662856126.00 ns, 220.9520 ms/op
WorkloadResult   7: 3 op, 657627288.00 ns, 219.2091 ms/op
WorkloadResult   8: 3 op, 661552854.00 ns, 220.5176 ms/op
WorkloadResult   9: 3 op, 662284413.00 ns, 220.7615 ms/op
WorkloadResult  10: 3 op, 662828028.00 ns, 220.9427 ms/op
WorkloadResult  11: 3 op, 661880028.00 ns, 220.6267 ms/op
WorkloadResult  12: 3 op, 663428523.00 ns, 221.1428 ms/op
WorkloadResult  13: 3 op, 662571620.00 ns, 220.8572 ms/op
// GC:  100 0 0 420000312 3

// AfterAll
// Benchmark Process 391619 has exited with code 0.

Mean = 220.624 ms, StdErr = 0.151 ms (0.07%), N = 13, StdDev = 0.546 ms
Min = 219.209 ms, Q1 = 220.518 ms, Median = 220.761 ms, Q3 = 220.943 ms, Max = 221.249 ms
IQR = 0.425 ms, LowerFence = 219.880 ms, UpperFence = 221.580 ms
ConfidenceInterval = [219.970 ms; 221.277 ms] (CI 99.9%), Margin = 0.653 ms (0.30% of Mean)
Skewness = -1.3, Kurtosis = 3.95, MValue = 2

// ** Remained 0 (0.0%) benchmark(s) to run. Estimated finish 2026-07-30 17:33 (0h 0m from now) **
// ***** BenchmarkRunner: Finish  *****

// * Export *
  bench/debian/2026-07-30/15-18/_runner/results/Rowles.LeanCorpus.Benchmarks.VectorQuantisationBenchmarks-report.csv
  bench/debian/2026-07-30/15-18/_runner/results/Rowles.LeanCorpus.Benchmarks.VectorQuantisationBenchmarks-report-github.md
  bench/debian/2026-07-30/15-18/_runner/results/Rowles.LeanCorpus.Benchmarks.VectorQuantisationBenchmarks-report.html
  bench/debian/2026-07-30/15-18/_runner/results/Rowles.LeanCorpus.Benchmarks.VectorQuantisationBenchmarks-report-full.json
  bench/debian/2026-07-30/15-18/_runner/results/Rowles.LeanCorpus.Benchmarks.VectorQuantisationBenchmarks-measurements.csv
  bench/debian/2026-07-30/15-18/_runner/results/BuildPlots.R
RPlotExporter couldn't find Rscript in your PATH and no R_HOME environment variable is defined

// * Detailed results *
VectorQuantisationBenchmarks.'HNSW search': DefaultJob [Dimension=64, Quantisation=None]
Runtime = .NET 10.0.3 (10.0.3, 10.0.326.7603), X64 RyuJIT x86-64-v2; GC = Concurrent Workstation
Mean = 2.256 ms, StdErr = 0.006 ms (0.25%), N = 14, StdDev = 0.021 ms
Min = 2.222 ms, Q1 = 2.241 ms, Median = 2.258 ms, Q3 = 2.265 ms, Max = 2.301 ms
IQR = 0.025 ms, LowerFence = 2.204 ms, UpperFence = 2.302 ms
ConfidenceInterval = [2.232 ms; 2.280 ms] (CI 99.9%), Margin = 0.024 ms (1.07% of Mean)
Skewness = 0.34, Kurtosis = 2.35, MValue = 2
-------------------- Histogram --------------------
[2.210 ms ; 2.313 ms) | @@@@@@@@@@@@@@
---------------------------------------------------

VectorQuantisationBenchmarks.'Lucene.NET flat scan': DefaultJob [Dimension=64, Quantisation=None]
Runtime = .NET 10.0.3 (10.0.3, 10.0.326.7603), X64 RyuJIT x86-64-v2; GC = Concurrent Workstation
Mean = 243.813 ms, StdErr = 0.268 ms (0.11%), N = 15, StdDev = 1.038 ms
Min = 241.528 ms, Q1 = 243.441 ms, Median = 243.973 ms, Q3 = 244.605 ms, Max = 245.000 ms
IQR = 1.164 ms, LowerFence = 241.694 ms, UpperFence = 246.351 ms
ConfidenceInterval = [242.703 ms; 244.923 ms] (CI 99.9%), Margin = 1.110 ms (0.46% of Mean)
Skewness = -0.95, Kurtosis = 2.76, MValue = 2
-------------------- Histogram --------------------
[240.975 ms ; 245.553 ms) | @@@@@@@@@@@@@@@
---------------------------------------------------

VectorQuantisationBenchmarks.'HNSW search': DefaultJob [Dimension=64, Quantisation=Int8]
Runtime = .NET 10.0.3 (10.0.3, 10.0.326.7603), X64 RyuJIT x86-64-v2; GC = Concurrent Workstation
Mean = 2.713 ms, StdErr = 0.004 ms (0.13%), N = 12, StdDev = 0.012 ms
Min = 2.678 ms, Q1 = 2.710 ms, Median = 2.717 ms, Q3 = 2.719 ms, Max = 2.725 ms
IQR = 0.009 ms, LowerFence = 2.696 ms, UpperFence = 2.733 ms
ConfidenceInterval = [2.698 ms; 2.729 ms] (CI 99.9%), Margin = 0.016 ms (0.58% of Mean)
Skewness = -1.88, Kurtosis = 5.92, MValue = 2
-------------------- Histogram --------------------
[2.671 ms ; 2.732 ms) | @@@@@@@@@@@@
---------------------------------------------------

VectorQuantisationBenchmarks.'Lucene.NET flat scan': DefaultJob [Dimension=64, Quantisation=Int8]
Runtime = .NET 10.0.3 (10.0.3, 10.0.326.7603), X64 RyuJIT x86-64-v2; GC = Concurrent Workstation
Mean = 243.159 ms, StdErr = 0.492 ms (0.20%), N = 15, StdDev = 1.905 ms
Min = 239.625 ms, Q1 = 241.999 ms, Median = 243.536 ms, Q3 = 244.846 ms, Max = 244.974 ms
IQR = 2.847 ms, LowerFence = 237.729 ms, UpperFence = 249.116 ms
ConfidenceInterval = [241.122 ms; 245.195 ms] (CI 99.9%), Margin = 2.036 ms (0.84% of Mean)
Skewness = -0.62, Kurtosis = 1.82, MValue = 2
-------------------- Histogram --------------------
[238.611 ms ; 245.987 ms) | @@@@@@@@@@@@@@@
---------------------------------------------------

VectorQuantisationBenchmarks.'HNSW search': DefaultJob [Dimension=64, Quantisation=BBQ]
Runtime = .NET 10.0.3 (10.0.3, 10.0.326.7603), X64 RyuJIT x86-64-v2; GC = Concurrent Workstation
Mean = 3.721 ms, StdErr = 0.005 ms (0.12%), N = 15, StdDev = 0.018 ms
Min = 3.687 ms, Q1 = 3.713 ms, Median = 3.724 ms, Q3 = 3.735 ms, Max = 3.746 ms
IQR = 0.022 ms, LowerFence = 3.680 ms, UpperFence = 3.768 ms
ConfidenceInterval = [3.703 ms; 3.740 ms] (CI 99.9%), Margin = 0.019 ms (0.50% of Mean)
Skewness = -0.53, Kurtosis = 2.08, MValue = 2
-------------------- Histogram --------------------
[3.678 ms ; 3.756 ms) | @@@@@@@@@@@@@@@
---------------------------------------------------

VectorQuantisationBenchmarks.'Lucene.NET flat scan': DefaultJob [Dimension=64, Quantisation=BBQ]
Runtime = .NET 10.0.3 (10.0.3, 10.0.326.7603), X64 RyuJIT x86-64-v2; GC = Concurrent Workstation
Mean = 240.734 ms, StdErr = 0.492 ms (0.20%), N = 14, StdDev = 1.842 ms
Min = 237.556 ms, Q1 = 239.381 ms, Median = 241.330 ms, Q3 = 242.247 ms, Max = 242.867 ms
IQR = 2.866 ms, LowerFence = 235.082 ms, UpperFence = 246.546 ms
ConfidenceInterval = [238.656 ms; 242.811 ms] (CI 99.9%), Margin = 2.077 ms (0.86% of Mean)
Skewness = -0.48, Kurtosis = 1.62, MValue = 2
-------------------- Histogram --------------------
[236.553 ms ; 243.870 ms) | @@@@@@@@@@@@@@
---------------------------------------------------

VectorQuantisationBenchmarks.'HNSW search': DefaultJob [Dimension=64, Quantisation=Int4]
Runtime = .NET 10.0.3 (10.0.3, 10.0.326.7603), X64 RyuJIT x86-64-v2; GC = Concurrent Workstation
Mean = 5.111 ms, StdErr = 0.029 ms (0.56%), N = 40, StdDev = 0.182 ms
Min = 4.850 ms, Q1 = 4.927 ms, Median = 5.208 ms, Q3 = 5.285 ms, Max = 5.335 ms
IQR = 0.358 ms, LowerFence = 4.391 ms, UpperFence = 5.821 ms
ConfidenceInterval = [5.009 ms; 5.213 ms] (CI 99.9%), Margin = 0.102 ms (2.00% of Mean)
Skewness = -0.16, Kurtosis = 1.14, MValue = 3.62
-------------------- Histogram --------------------
[4.844 ms ; 4.983 ms) | @@@@@@@@@@@@@@@@@@
[4.983 ms ; 5.196 ms) | @
[5.196 ms ; 5.336 ms) | @@@@@@@@@@@@@@@@@@@@@
---------------------------------------------------

VectorQuantisationBenchmarks.'Lucene.NET flat scan': DefaultJob [Dimension=64, Quantisation=Int4]
Runtime = .NET 10.0.3 (10.0.3, 10.0.326.7603), X64 RyuJIT x86-64-v2; GC = Concurrent Workstation
Mean = 266.337 ms, StdErr = 0.263 ms (0.10%), N = 13, StdDev = 0.948 ms
Min = 264.722 ms, Q1 = 266.245 ms, Median = 266.514 ms, Q3 = 266.699 ms, Max = 267.520 ms
IQR = 0.454 ms, LowerFence = 265.565 ms, UpperFence = 267.380 ms
ConfidenceInterval = [265.201 ms; 267.472 ms] (CI 99.9%), Margin = 1.136 ms (0.43% of Mean)
Skewness = -0.56, Kurtosis = 1.91, MValue = 2
-------------------- Histogram --------------------
[264.193 ms ; 268.050 ms) | @@@@@@@@@@@@@
---------------------------------------------------

VectorQuantisationBenchmarks.'HNSW search': DefaultJob [Dimension=64, Quantisation=ProductQuantisation]
Runtime = .NET 10.0.3 (10.0.3, 10.0.326.7603), X64 RyuJIT x86-64-v2; GC = Concurrent Workstation
Mean = 1.609 ms, StdErr = 0.002 ms (0.13%), N = 15, StdDev = 0.008 ms
Min = 1.585 ms, Q1 = 1.607 ms, Median = 1.610 ms, Q3 = 1.612 ms, Max = 1.620 ms
IQR = 0.005 ms, LowerFence = 1.599 ms, UpperFence = 1.620 ms
ConfidenceInterval = [1.600 ms; 1.617 ms] (CI 99.9%), Margin = 0.009 ms (0.55% of Mean)
Skewness = -1.29, Kurtosis = 4.6, MValue = 2
-------------------- Histogram --------------------
[1.581 ms ; 1.624 ms) | @@@@@@@@@@@@@@@
---------------------------------------------------

VectorQuantisationBenchmarks.'Lucene.NET flat scan': DefaultJob [Dimension=64, Quantisation=ProductQuantisation]
Runtime = .NET 10.0.3 (10.0.3, 10.0.326.7603), X64 RyuJIT x86-64-v2; GC = Concurrent Workstation
Mean = 244.262 ms, StdErr = 0.277 ms (0.11%), N = 15, StdDev = 1.072 ms
Min = 241.362 ms, Q1 = 243.839 ms, Median = 244.493 ms, Q3 = 244.971 ms, Max = 245.371 ms
IQR = 1.132 ms, LowerFence = 242.141 ms, UpperFence = 246.670 ms
ConfidenceInterval = [243.116 ms; 245.407 ms] (CI 99.9%), Margin = 1.146 ms (0.47% of Mean)
Skewness = -1.21, Kurtosis = 3.99, MValue = 2
-------------------- Histogram --------------------
[240.791 ms ; 245.942 ms) | @@@@@@@@@@@@@@@
---------------------------------------------------

VectorQuantisationBenchmarks.'HNSW search': DefaultJob [Dimension=128, Quantisation=None]
Runtime = .NET 10.0.3 (10.0.3, 10.0.326.7603), X64 RyuJIT x86-64-v2; GC = Concurrent Workstation
Mean = 4.076 ms, StdErr = 0.012 ms (0.29%), N = 15, StdDev = 0.046 ms
Min = 3.997 ms, Q1 = 4.039 ms, Median = 4.098 ms, Q3 = 4.112 ms, Max = 4.136 ms
IQR = 0.073 ms, LowerFence = 3.930 ms, UpperFence = 4.221 ms
ConfidenceInterval = [4.027 ms; 4.125 ms] (CI 99.9%), Margin = 0.049 ms (1.20% of Mean)
Skewness = -0.32, Kurtosis = 1.49, MValue = 2
-------------------- Histogram --------------------
[3.972 ms ; 4.076 ms) | @@@@@@@
[4.076 ms ; 4.161 ms) | @@@@@@@@
---------------------------------------------------

VectorQuantisationBenchmarks.'Lucene.NET flat scan': DefaultJob [Dimension=128, Quantisation=None]
Runtime = .NET 10.0.3 (10.0.3, 10.0.326.7603), X64 RyuJIT x86-64-v2; GC = Concurrent Workstation
Mean = 221.631 ms, StdErr = 0.180 ms (0.08%), N = 15, StdDev = 0.698 ms
Min = 220.264 ms, Q1 = 221.008 ms, Median = 221.998 ms, Q3 = 222.159 ms, Max = 222.376 ms
IQR = 1.152 ms, LowerFence = 219.280 ms, UpperFence = 223.887 ms
ConfidenceInterval = [220.885 ms; 222.377 ms] (CI 99.9%), Margin = 0.746 ms (0.34% of Mean)
Skewness = -0.59, Kurtosis = 1.7, MValue = 2
-------------------- Histogram --------------------
[219.893 ms ; 222.747 ms) | @@@@@@@@@@@@@@@
---------------------------------------------------

VectorQuantisationBenchmarks.'HNSW search': DefaultJob [Dimension=128, Quantisation=Int8]
Runtime = .NET 10.0.3 (10.0.3, 10.0.326.7603), X64 RyuJIT x86-64-v2; GC = Concurrent Workstation
Mean = 4.476 ms, StdErr = 0.008 ms (0.18%), N = 14, StdDev = 0.031 ms
Min = 4.438 ms, Q1 = 4.458 ms, Median = 4.470 ms, Q3 = 4.498 ms, Max = 4.542 ms
IQR = 0.040 ms, LowerFence = 4.397 ms, UpperFence = 4.558 ms
ConfidenceInterval = [4.442 ms; 4.511 ms] (CI 99.9%), Margin = 0.035 ms (0.77% of Mean)
Skewness = 0.53, Kurtosis = 2.16, MValue = 2
-------------------- Histogram --------------------
[4.421 ms ; 4.559 ms) | @@@@@@@@@@@@@@
---------------------------------------------------

VectorQuantisationBenchmarks.'Lucene.NET flat scan': DefaultJob [Dimension=128, Quantisation=Int8]
Runtime = .NET 10.0.3 (10.0.3, 10.0.326.7603), X64 RyuJIT x86-64-v2; GC = Concurrent Workstation
Mean = 221.042 ms, StdErr = 0.308 ms (0.14%), N = 15, StdDev = 1.192 ms
Min = 219.319 ms, Q1 = 219.897 ms, Median = 221.373 ms, Q3 = 221.995 ms, Max = 222.580 ms
IQR = 2.098 ms, LowerFence = 216.750 ms, UpperFence = 225.142 ms
ConfidenceInterval = [219.768 ms; 222.315 ms] (CI 99.9%), Margin = 1.274 ms (0.58% of Mean)
Skewness = -0.17, Kurtosis = 1.3, MValue = 2
-------------------- Histogram --------------------
[218.685 ms ; 223.214 ms) | @@@@@@@@@@@@@@@
---------------------------------------------------

VectorQuantisationBenchmarks.'HNSW search': DefaultJob [Dimension=128, Quantisation=BBQ]
Runtime = .NET 10.0.3 (10.0.3, 10.0.326.7603), X64 RyuJIT x86-64-v2; GC = Concurrent Workstation
Mean = 5.737 ms, StdErr = 0.012 ms (0.21%), N = 15, StdDev = 0.046 ms
Min = 5.647 ms, Q1 = 5.717 ms, Median = 5.739 ms, Q3 = 5.772 ms, Max = 5.803 ms
IQR = 0.055 ms, LowerFence = 5.634 ms, UpperFence = 5.854 ms
ConfidenceInterval = [5.688 ms; 5.787 ms] (CI 99.9%), Margin = 0.050 ms (0.86% of Mean)
Skewness = -0.41, Kurtosis = 2.01, MValue = 2
-------------------- Histogram --------------------
[5.622 ms ; 5.815 ms) | @@@@@@@@@@@@@@@
---------------------------------------------------

VectorQuantisationBenchmarks.'Lucene.NET flat scan': DefaultJob [Dimension=128, Quantisation=BBQ]
Runtime = .NET 10.0.3 (10.0.3, 10.0.326.7603), X64 RyuJIT x86-64-v2; GC = Concurrent Workstation
Mean = 221.349 ms, StdErr = 0.294 ms (0.13%), N = 15, StdDev = 1.138 ms
Min = 217.821 ms, Q1 = 221.081 ms, Median = 221.246 ms, Q3 = 221.960 ms, Max = 222.699 ms
IQR = 0.879 ms, LowerFence = 219.763 ms, UpperFence = 223.278 ms
ConfidenceInterval = [220.132 ms; 222.566 ms] (CI 99.9%), Margin = 1.217 ms (0.55% of Mean)
Skewness = -1.72, Kurtosis = 6.44, MValue = 2
-------------------- Histogram --------------------
[217.216 ms ; 223.305 ms) | @@@@@@@@@@@@@@@
---------------------------------------------------

VectorQuantisationBenchmarks.'HNSW search': DefaultJob [Dimension=128, Quantisation=Int4]
Runtime = .NET 10.0.3 (10.0.3, 10.0.326.7603), X64 RyuJIT x86-64-v2; GC = Concurrent Workstation
Mean = 8.513 ms, StdErr = 0.017 ms (0.20%), N = 13, StdDev = 0.061 ms
Min = 8.387 ms, Q1 = 8.484 ms, Median = 8.523 ms, Q3 = 8.563 ms, Max = 8.592 ms
IQR = 0.080 ms, LowerFence = 8.364 ms, UpperFence = 8.683 ms
ConfidenceInterval = [8.440 ms; 8.586 ms] (CI 99.9%), Margin = 0.073 ms (0.86% of Mean)
Skewness = -0.46, Kurtosis = 2.22, MValue = 2
-------------------- Histogram --------------------
[8.353 ms ; 8.626 ms) | @@@@@@@@@@@@@
---------------------------------------------------

VectorQuantisationBenchmarks.'Lucene.NET flat scan': DefaultJob [Dimension=128, Quantisation=Int4]
Runtime = .NET 10.0.3 (10.0.3, 10.0.326.7603), X64 RyuJIT x86-64-v2; GC = Concurrent Workstation
Mean = 221.355 ms, StdErr = 0.468 ms (0.21%), N = 15, StdDev = 1.813 ms
Min = 218.593 ms, Q1 = 220.014 ms, Median = 221.405 ms, Q3 = 223.020 ms, Max = 223.546 ms
IQR = 3.006 ms, LowerFence = 215.506 ms, UpperFence = 227.528 ms
ConfidenceInterval = [219.417 ms; 223.293 ms] (CI 99.9%), Margin = 1.938 ms (0.88% of Mean)
Skewness = -0.26, Kurtosis = 1.45, MValue = 2
-------------------- Histogram --------------------
[217.628 ms ; 224.511 ms) | @@@@@@@@@@@@@@@
---------------------------------------------------

VectorQuantisationBenchmarks.'HNSW search': DefaultJob [Dimension=128, Quantisation=ProductQuantisation]
Runtime = .NET 10.0.3 (10.0.3, 10.0.326.7603), X64 RyuJIT x86-64-v2; GC = Concurrent Workstation
Mean = 2.204 ms, StdErr = 0.005 ms (0.21%), N = 15, StdDev = 0.018 ms
Min = 2.175 ms, Q1 = 2.190 ms, Median = 2.210 ms, Q3 = 2.215 ms, Max = 2.231 ms
IQR = 0.025 ms, LowerFence = 2.153 ms, UpperFence = 2.252 ms
ConfidenceInterval = [2.185 ms; 2.224 ms] (CI 99.9%), Margin = 0.020 ms (0.89% of Mean)
Skewness = -0.25, Kurtosis = 1.6, MValue = 2
-------------------- Histogram --------------------
[2.166 ms ; 2.240 ms) | @@@@@@@@@@@@@@@
---------------------------------------------------

VectorQuantisationBenchmarks.'Lucene.NET flat scan': DefaultJob [Dimension=128, Quantisation=ProductQuantisation]
Runtime = .NET 10.0.3 (10.0.3, 10.0.326.7603), X64 RyuJIT x86-64-v2; GC = Concurrent Workstation
Mean = 220.624 ms, StdErr = 0.151 ms (0.07%), N = 13, StdDev = 0.546 ms
Min = 219.209 ms, Q1 = 220.518 ms, Median = 220.761 ms, Q3 = 220.943 ms, Max = 221.249 ms
IQR = 0.425 ms, LowerFence = 219.880 ms, UpperFence = 221.580 ms
ConfidenceInterval = [219.970 ms; 221.277 ms] (CI 99.9%), Margin = 0.653 ms (0.30% of Mean)
Skewness = -1.3, Kurtosis = 3.95, MValue = 2
-------------------- Histogram --------------------
[218.905 ms ; 221.554 ms) | @@@@@@@@@@@@@
---------------------------------------------------

// * Summary *

BenchmarkDotNet v0.16.0-nightly.20260427.506, Linux Debian GNU/Linux 13 (trixie)
Intel Xeon CPU E3-1220 V2 3.10GHz (Max: 1.60GHz), 1 CPU, 4 logical and 4 physical cores
Memory: 23.45 GB Total, 5.82 GB Available
.NET SDK 11.0.100-preview.1.26104.118
  [Host]     : .NET 10.0.3 (10.0.3, 10.0.326.7603), X64 RyuJIT x86-64-v2
  DefaultJob : .NET 10.0.3 (10.0.3, 10.0.326.7603), X64 RyuJIT x86-64-v2


| Method                 | Dimension | Quantisation        | Mean       | Error     | StdDev    | Median     | Ratio  | RatioSD | Gen0       | Allocated    | Alloc Ratio |
|----------------------- |---------- |-------------------- |-----------:|----------:|----------:|-----------:|-------:|--------:|-----------:|-------------:|------------:|
| 'HNSW search'          | 64        | None                |   2.256 ms | 0.0242 ms | 0.0214 ms |   2.258 ms |   1.00 |    0.00 |     7.8125 |     39.98 KB |        1.00 |
| 'Lucene.NET flat scan' | 64        | None                | 243.813 ms | 1.1101 ms | 1.0384 ms | 243.973 ms | 108.08 |    1.08 | 21000.0000 |  86718.85 KB |    2,169.08 |
|                        |           |                     |            |           |           |            |        |         |            |              |             |
| 'HNSW search'          | 64        | Int8                |   2.713 ms | 0.0157 ms | 0.0122 ms |   2.717 ms |   1.00 |    0.00 |     7.8125 |     39.82 KB |        1.00 |
| 'Lucene.NET flat scan' | 64        | Int8                | 243.159 ms | 2.0363 ms | 1.9048 ms | 243.536 ms |  89.62 |    0.78 | 21000.0000 |  86718.85 KB |    2,177.59 |
|                        |           |                     |            |           |           |            |        |         |            |              |             |
| 'HNSW search'          | 64        | BBQ                 |   3.721 ms | 0.0187 ms | 0.0175 ms |   3.724 ms |   1.00 |    0.00 |     7.8125 |     43.17 KB |        1.00 |
| 'Lucene.NET flat scan' | 64        | BBQ                 | 240.734 ms | 2.0774 ms | 1.8416 ms | 241.330 ms |  64.69 |    0.56 | 21000.0000 |  86718.85 KB |    2,008.92 |
|                        |           |                     |            |           |           |            |        |         |            |              |             |
| 'HNSW search'          | 64        | Int4                |   5.111 ms | 0.1022 ms | 0.1816 ms |   5.208 ms |   1.00 |    0.00 |  1171.8750 |   4807.85 KB |        1.00 |
| 'Lucene.NET flat scan' | 64        | Int4                | 266.337 ms | 1.1355 ms | 0.9482 ms | 266.514 ms |  52.17 |    1.85 | 21000.0000 |  86718.85 KB |       18.04 |
|                        |           |                     |            |           |           |            |        |         |            |              |             |
| 'HNSW search'          | 64        | ProductQuantisation |   1.609 ms | 0.0089 ms | 0.0083 ms |   1.610 ms |   1.00 |    0.00 |    29.2969 |    120.36 KB |        1.00 |
| 'Lucene.NET flat scan' | 64        | ProductQuantisation | 244.262 ms | 1.1459 ms | 1.0718 ms | 244.493 ms | 151.86 |    1.00 | 21000.0000 |  86718.85 KB |      720.50 |
|                        |           |                     |            |           |           |            |        |         |            |              |             |
| 'HNSW search'          | 128       | None                |   4.076 ms | 0.0488 ms | 0.0457 ms |   4.098 ms |   1.00 |    0.00 |     7.8125 |     45.98 KB |        1.00 |
| 'Lucene.NET flat scan' | 128       | None                | 221.631 ms | 0.7458 ms | 0.6976 ms | 221.998 ms |  54.38 |    0.61 | 33333.3333 | 136718.85 KB |    2,973.41 |
|                        |           |                     |            |           |           |            |        |         |            |              |             |
| 'HNSW search'          | 128       | Int8                |   4.476 ms | 0.0347 ms | 0.0307 ms |   4.470 ms |   1.00 |    0.00 |     7.8125 |     45.26 KB |        1.00 |
| 'Lucene.NET flat scan' | 128       | Int8                | 221.042 ms | 1.2739 ms | 1.1916 ms | 221.373 ms |  49.38 |    0.42 | 33333.3333 | 136718.85 KB |    3,020.63 |
|                        |           |                     |            |           |           |            |        |         |            |              |             |
| 'HNSW search'          | 128       | BBQ                 |   5.737 ms | 0.0495 ms | 0.0463 ms |   5.739 ms |   1.00 |    0.00 |     7.8125 |     46.95 KB |        1.00 |
| 'Lucene.NET flat scan' | 128       | BBQ                 | 221.349 ms | 1.2171 ms | 1.1384 ms | 221.246 ms |  38.58 |    0.36 | 33333.3333 | 136718.85 KB |    2,912.06 |
|                        |           |                     |            |           |           |            |        |         |            |              |             |
| 'HNSW search'          | 128       | Int4                |   8.513 ms | 0.0730 ms | 0.0609 ms |   8.523 ms |   1.00 |    0.00 |  2406.2500 |    9884.3 KB |        1.00 |
| 'Lucene.NET flat scan' | 128       | Int4                | 221.355 ms | 1.9381 ms | 1.8129 ms | 221.405 ms |  26.00 |    0.27 | 33333.3333 | 136718.85 KB |       13.83 |
|                        |           |                     |            |           |           |            |        |         |            |              |             |
| 'HNSW search'          | 128       | ProductQuantisation |   2.204 ms | 0.0196 ms | 0.0183 ms |   2.210 ms |   1.00 |    0.00 |    46.8750 |    206.11 KB |        1.00 |
| 'Lucene.NET flat scan' | 128       | ProductQuantisation | 220.624 ms | 0.6535 ms | 0.5457 ms | 220.761 ms | 100.09 |    0.84 | 33333.3333 | 136718.85 KB |      663.32 |

// * Warnings *
MultimodalDistribution
  VectorQuantisationBenchmarks.'HNSW search': Default -> It seems that the distribution is bimodal (mValue = 3.62)

// * Hints *
Outliers
  VectorQuantisationBenchmarks.'HNSW search': Default          -> 1 outlier  was  removed (2.34 ms)
  VectorQuantisationBenchmarks.'Lucene.NET flat scan': Default -> 1 outlier  was  detected (241.53 ms)
  VectorQuantisationBenchmarks.'HNSW search': Default          -> 3 outliers were removed, 4 outliers were detected (2.68 ms, 2.75 ms..2.75 ms)
  VectorQuantisationBenchmarks.'Lucene.NET flat scan': Default -> 1 outlier  was  removed (250.21 ms)
  VectorQuantisationBenchmarks.'Lucene.NET flat scan': Default -> 2 outliers were removed (269.75 ms, 271.32 ms)
  VectorQuantisationBenchmarks.'HNSW search': Default          -> 1 outlier  was  detected (1.59 ms)
  VectorQuantisationBenchmarks.'Lucene.NET flat scan': Default -> 1 outlier  was  detected (241.36 ms)
  VectorQuantisationBenchmarks.'HNSW search': Default          -> 1 outlier  was  removed (4.59 ms)
  VectorQuantisationBenchmarks.'Lucene.NET flat scan': Default -> 1 outlier  was  detected (217.82 ms)
  VectorQuantisationBenchmarks.'HNSW search': Default          -> 2 outliers were removed (8.82 ms, 8.92 ms)
  VectorQuantisationBenchmarks.'Lucene.NET flat scan': Default -> 2 outliers were removed, 3 outliers were detected (219.21 ms, 221.88 ms, 222.16 ms)

// * Legends *
  Dimension    : Value of the 'Dimension' parameter
  Quantisation : Value of the 'Quantisation' parameter
  Mean         : Arithmetic mean of all measurements
  Error        : Half of 99.9% confidence interval
  StdDev       : Standard deviation of all measurements
  Median       : Value separating the higher half of all measurements (50th percentile)
  Ratio        : Mean of the ratio distribution ([Current]/[Baseline])
  RatioSD      : Standard deviation of the ratio distribution ([Current]/[Baseline])
  Gen0         : GC Generation 0 collects per 1000 operations
  Allocated    : Allocated memory per single operation (managed only, inclusive, 1KB = 1024B)
  Alloc Ratio  : Allocated memory ratio distribution ([Current]/[Baseline])
  1 ms         : 1 Millisecond (0.001 sec)

// * Diagnostic Output - MemoryDiagnoser *


// ***** BenchmarkRunner: End *****
Run time: 01:13:48 (4428.77 sec), executed benchmarks: 20

Global total time: 01:15:01 (4501.89 sec), executed benchmarks: 20
// * Artifacts cleanup *
Artifacts cleanup is finished
