Target,Target_Namespace,Target_Type,Target_Method,Job_Id,Job_AnalyzeLaunchVariance,Job_EvaluateOverhead,Job_MaxAbsoluteError,Job_MaxRelativeError,Job_MinInvokeCount,Job_MinIterationTime,Job_OutlierMode,Job_Affinity,Job_EnvironmentVariables,Job_Jit,Job_LargeAddressAware,Job_Platform,Job_PowerPlanMode,Job_Runtime,Job_AllowVeryLargeObjects,Job_Concurrent,Job_CpuGroups,Job_Force,Job_HeapAffinitizeMask,Job_HeapCount,Job_NoAffinitize,Job_RetainVm,Job_Server,Job_Arguments,Job_BuildConfiguration,Job_Clock,Job_EngineFactory,Job_Toolchain,Job_IsMutator,Job_InvocationCount,Job_IterationCount,Job_IterationTime,Job_LaunchCount,Job_MaxIterationCount,Job_MaxWarmupIterationCount,Job_MemoryRandomization,Job_MinIterationCount,Job_MinWarmupIterationCount,Job_RunStrategy,Job_UnrollFactor,Job_WarmupCount,Job_Display,Params,Measurement_LaunchIndex,Measurement_IterationMode,Measurement_IterationStage,Measurement_IterationIndex,Measurement_Nanoseconds,Measurement_Operations,Measurement_Value,Gen_0,Gen_1,Gen_2,Allocated_Bytes
WildcardQueryBenchmarks.LeanCorpus_WildcardQuery,Rowles.LeanCorpus.Benchmarks,WildcardQueryBenchmarks,LeanCorpus_WildcardQuery,DefaultJob,Default,Default,Default,Default,Default,Default,Default,Default,Default,Default,Default,Default,Default,Default,Default,Default,Default,Default,Default,Default,Default,Default,Default,Default,Default,Default,Default,Default,Default,Default,Default,Default,Default,Default,Default,Default,Default,Default,Default,Default,Default,DefaultJob,WildcardPattern=gov*&DocumentCount=100000,1,Workload,Jitting,1,72540509,1,72540509,6,0,0,12672
WildcardQueryBenchmarks.LeanCorpus_WildcardQuery,Rowles.LeanCorpus.Benchmarks,WildcardQueryBenchmarks,LeanCorpus_WildcardQuery,DefaultJob,Default,Default,Default,Default,Default,Default,Default,Default,Default,Default,Default,Default,Default,Default,Default,Default,Default,Default,Default,Default,Default,Default,Default,Default,Default,Default,Default,Default,Default,Default,Default,Default,Default,Default,Default,Default,Default,Default,Default,Default,Default,DefaultJob,WildcardPattern=gov*&DocumentCount=100000,1,Workload,Jitting,2,55244640,30,1841488,6,0,0,12672
WildcardQueryBenchmarks.LeanCorpus_WildcardQuery,Rowles.LeanCorpus.Benchmarks,WildcardQueryBenchmarks,LeanCorpus_WildcardQuery,DefaultJob,Default,Default,Default,Default,Default,Default,Default,Default,Default,Default,Default,Default,Default,Default,Default,Default,Default,Default,Default,Default,Default,Default,Default,Default,Default,Default,Default,Default,Default,Default,Default,Default,Default,Default,Default,Default,Default,Default,Default,Default,Default,DefaultJob,WildcardPattern=gov*&DocumentCount=100000,1,Workload,Jitting,3,34816273,30,1160542.43,6,0,0,12672
WildcardQueryBenchmarks.LeanCorpus_WildcardQuery,Rowles.LeanCorpus.Benchmarks,WildcardQueryBenchmarks,LeanCorpus_WildcardQuery,DefaultJob,Default,Default,Default,Default,Default,Default,Default,Default,Default,Default,Default,Default,Default,Default,Default,Default,Default,Default,Default,Default,Default,Default,Default,Default,Default,Default,Default,Default,Default,Default,Default,Default,Default,Default,Default,Default,Default,Default,Default,Default,Default,DefaultJob,WildcardPattern=gov*&DocumentCount=100000,1,Workload,Jitting,4,9952260,30,331742,6,0,0,12672
WildcardQueryBenchmarks.LeanCorpus_WildcardQuery,Rowles.LeanCorpus.Benchmarks,WildcardQueryBenchmarks,LeanCorpus_WildcardQuery,DefaultJob,Default,Default,Default,Default,Default,Default,Default,Default,Default,Default,Default,Default,Default,Default,Default,Default,Default,Default,Default,Default,Default,Default,Default,Default,Default,Default,Default,Default,Default,Default,Default,Default,Default,Default,Default,Default,Default,Default,Default,Default,Default,DefaultJob,WildcardPattern=gov*&DocumentCount=100000,1,Workload,Jitting,5,737089,1,737089,6,0,0,12672
WildcardQueryBenchmarks.LeanCorpus_WildcardQuery,Rowles.LeanCorpus.Benchmarks,WildcardQueryBenchmarks,LeanCorpus_WildcardQuery,DefaultJob,Default,Default,Default,Default,Default,Default,Default,Default,Default,Default,Default,Default,Default,Default,Default,Default,Default,Default,Default,Default,Default,Default,Default,Default,Default,Default,Default,Default,Default,Default,Default,Default,Default,Default,Default,Default,Default,Default,Default,Default,Default,DefaultJob,WildcardPattern=gov*&DocumentCount=100000,1,Workload,Pilot,1,713825,1,713825,6,0,0,12672
WildcardQueryBenchmarks.LeanCorpus_WildcardQuery,Rowles.LeanCorpus.Benchmarks,WildcardQueryBenchmarks,LeanCorpus_WildcardQuery,DefaultJob,Default,Default,Default,Default,Default,Default,Default,Default,Default,Default,Default,Default,Default,Default,Default,Default,Default,Default,Default,Default,Default,Default,Default,Default,Default,Default,Default,Default,Default,Default,Default,Default,Default,Default,Default,Default,Default,Default,Default,Default,Default,DefaultJob,WildcardPattern=gov*&DocumentCount=100000,1,Workload,Pilot,1,9811328,16,613208,6,0,0,12672
WildcardQueryBenchmarks.LeanCorpus_WildcardQuery,Rowles.LeanCorpus.Benchmarks,WildcardQueryBenchmarks,LeanCorpus_WildcardQuery,DefaultJob,Default,Default,Default,Default,Default,Default,Default,Default,Default,Default,Default,Default,Default,Default,Default,Default,Default,Default,Default,Default,Default,Default,Default,Default,Default,Default,Default,Default,Default,Default,Default,Default,Default,Default,Default,Default,Default,Default,Default,Default,Default,DefaultJob,WildcardPattern=gov*&DocumentCount=100000,1,Workload,Pilot,2,18955631,32,592363.47,6,0,0,12672
WildcardQueryBenchmarks.LeanCorpus_WildcardQuery,Rowles.LeanCorpus.Benchmarks,WildcardQueryBenchmarks,LeanCorpus_WildcardQuery,DefaultJob,Default,Default,Default,Default,Default,Default,Default,Default,Default,Default,Default,Default,Default,Default,Default,Default,Default,Default,Default,Default,Default,Default,Default,Default,Default,Default,Default,Default,Default,Default,Default,Default,Default,Default,Default,Default,Default,Default,Default,Default,Default,DefaultJob,WildcardPattern=gov*&DocumentCount=100000,1,Workload,Pilot,3,30401833,64,475028.64,6,0,0,12672
WildcardQueryBenchmarks.LeanCorpus_WildcardQuery,Rowles.LeanCorpus.Benchmarks,WildcardQueryBenchmarks,LeanCorpus_WildcardQuery,DefaultJob,Default,Default,Default,Default,Default,Default,Default,Default,Default,Default,Default,Default,Default,Default,Default,Default,Default,Default,Default,Default,Default,Default,Default,Default,Default,Default,Default,Default,Default,Default,Default,Default,Default,Default,Default,Default,Default,Default,Default,Default,Default,DefaultJob,WildcardPattern=gov*&DocumentCount=100000,1,Workload,Pilot,4,42834830,128,334647.11,6,0,0,12672
WildcardQueryBenchmarks.LeanCorpus_WildcardQuery,Rowles.LeanCorpus.Benchmarks,WildcardQueryBenchmarks,LeanCorpus_WildcardQuery,DefaultJob,Default,Default,Default,Default,Default,Default,Default,Default,Default,Default,Default,Default,Default,Default,Default,Default,Default,Default,Default,Default,Default,Default,Default,Default,Default,Default,Default,Default,Default,Default,Default,Default,Default,Default,Default,Default,Default,Default,Default,Default,Default,DefaultJob,WildcardPattern=gov*&DocumentCount=100000,1,Workload,Pilot,5,68754964,256,268574.08,6,0,0,12672
WildcardQueryBenchmarks.LeanCorpus_WildcardQuery,Rowles.LeanCorpus.Benchmarks,WildcardQueryBenchmarks,LeanCorpus_WildcardQuery,DefaultJob,Default,Default,Default,Default,Default,Default,Default,Default,Default,Default,Default,Default,Default,Default,Default,Default,Default,Default,Default,Default,Default,Default,Default,Default,Default,Default,Default,Default,Default,Default,Default,Default,Default,Default,Default,Default,Default,Default,Default,Default,Default,DefaultJob,WildcardPattern=gov*&DocumentCount=100000,1,Workload,Pilot,6,133821563,512,261370.24,6,0,0,12672
WildcardQueryBenchmarks.LeanCorpus_WildcardQuery,Rowles.LeanCorpus.Benchmarks,WildcardQueryBenchmarks,LeanCorpus_WildcardQuery,DefaultJob,Default,Default,Default,Default,Default,Default,Default,Default,Default,Default,Default,Default,Default,Default,Default,Default,Default,Default,Default,Default,Default,Default,Default,Default,Default,Default,Default,Default,Default,Default,Default,Default,Default,Default,Default,Default,Default,Default,Default,Default,Default,DefaultJob,WildcardPattern=gov*&DocumentCount=100000,1,Workload,Pilot,7,265526078,1024,259302.81,6,0,0,12672
WildcardQueryBenchmarks.LeanCorpus_WildcardQuery,Rowles.LeanCorpus.Benchmarks,WildcardQueryBenchmarks,LeanCorpus_WildcardQuery,DefaultJob,Default,Default,Default,Default,Default,Default,Default,Default,Default,Default,Default,Default,Default,Default,Default,Default,Default,Default,Default,Default,Default,Default,Default,Default,Default,Default,Default,Default,Default,Default,Default,Default,Default,Default,Default,Default,Default,Default,Default,Default,Default,DefaultJob,WildcardPattern=gov*&DocumentCount=100000,1,Workload,Pilot,8,534430090,2048,260952.19,6,0,0,12672
WildcardQueryBenchmarks.LeanCorpus_WildcardQuery,Rowles.LeanCorpus.Benchmarks,WildcardQueryBenchmarks,LeanCorpus_WildcardQuery,DefaultJob,Default,Default,Default,Default,Default,Default,Default,Default,Default,Default,Default,Default,Default,Default,Default,Default,Default,Default,Default,Default,Default,Default,Default,Default,Default,Default,Default,Default,Default,Default,Default,Default,Default,Default,Default,Default,Default,Default,Default,Default,Default,DefaultJob,WildcardPattern=gov*&DocumentCount=100000,1,Workload,Warmup,1,531536656,2048,259539.38,6,0,0,12672
WildcardQueryBenchmarks.LeanCorpus_WildcardQuery,Rowles.LeanCorpus.Benchmarks,WildcardQueryBenchmarks,LeanCorpus_WildcardQuery,DefaultJob,Default,Default,Default,Default,Default,Default,Default,Default,Default,Default,Default,Default,Default,Default,Default,Default,Default,Default,Default,Default,Default,Default,Default,Default,Default,Default,Default,Default,Default,Default,Default,Default,Default,Default,Default,Default,Default,Default,Default,Default,Default,DefaultJob,WildcardPattern=gov*&DocumentCount=100000,1,Workload,Warmup,2,527147153,2048,257396.07,6,0,0,12672
WildcardQueryBenchmarks.LeanCorpus_WildcardQuery,Rowles.LeanCorpus.Benchmarks,WildcardQueryBenchmarks,LeanCorpus_WildcardQuery,DefaultJob,Default,Default,Default,Default,Default,Default,Default,Default,Default,Default,Default,Default,Default,Default,Default,Default,Default,Default,Default,Default,Default,Default,Default,Default,Default,Default,Default,Default,Default,Default,Default,Default,Default,Default,Default,Default,Default,Default,Default,Default,Default,DefaultJob,WildcardPattern=gov*&DocumentCount=100000,1,Workload,Warmup,3,531733337,2048,259635.42,6,0,0,12672
WildcardQueryBenchmarks.LeanCorpus_WildcardQuery,Rowles.LeanCorpus.Benchmarks,WildcardQueryBenchmarks,LeanCorpus_WildcardQuery,DefaultJob,Default,Default,Default,Default,Default,Default,Default,Default,Default,Default,Default,Default,Default,Default,Default,Default,Default,Default,Default,Default,Default,Default,Default,Default,Default,Default,Default,Default,Default,Default,Default,Default,Default,Default,Default,Default,Default,Default,Default,Default,Default,DefaultJob,WildcardPattern=gov*&DocumentCount=100000,1,Workload,Warmup,4,530671415,2048,259116.9,6,0,0,12672
WildcardQueryBenchmarks.LeanCorpus_WildcardQuery,Rowles.LeanCorpus.Benchmarks,WildcardQueryBenchmarks,LeanCorpus_WildcardQuery,DefaultJob,Default,Default,Default,Default,Default,Default,Default,Default,Default,Default,Default,Default,Default,Default,Default,Default,Default,Default,Default,Default,Default,Default,Default,Default,Default,Default,Default,Default,Default,Default,Default,Default,Default,Default,Default,Default,Default,Default,Default,Default,Default,DefaultJob,WildcardPattern=gov*&DocumentCount=100000,1,Workload,Warmup,5,530480319,2048,259023.59,6,0,0,12672
WildcardQueryBenchmarks.LeanCorpus_WildcardQuery,Rowles.LeanCorpus.Benchmarks,WildcardQueryBenchmarks,LeanCorpus_WildcardQuery,DefaultJob,Default,Default,Default,Default,Default,Default,Default,Default,Default,Default,Default,Default,Default,Default,Default,Default,Default,Default,Default,Default,Default,Default,Default,Default,Default,Default,Default,Default,Default,Default,Default,Default,Default,Default,Default,Default,Default,Default,Default,Default,Default,DefaultJob,WildcardPattern=gov*&DocumentCount=100000,1,Workload,Warmup,6,531705887,2048,259622.02,6,0,0,12672
WildcardQueryBenchmarks.LeanCorpus_WildcardQuery,Rowles.LeanCorpus.Benchmarks,WildcardQueryBenchmarks,LeanCorpus_WildcardQuery,DefaultJob,Default,Default,Default,Default,Default,Default,Default,Default,Default,Default,Default,Default,Default,Default,Default,Default,Default,Default,Default,Default,Default,Default,Default,Default,Default,Default,Default,Default,Default,Default,Default,Default,Default,Default,Default,Default,Default,Default,Default,Default,Default,DefaultJob,WildcardPattern=gov*&DocumentCount=100000,1,Workload,Warmup,7,532168405,2048,259847.85,6,0,0,12672
WildcardQueryBenchmarks.LeanCorpus_WildcardQuery,Rowles.LeanCorpus.Benchmarks,WildcardQueryBenchmarks,LeanCorpus_WildcardQuery,DefaultJob,Default,Default,Default,Default,Default,Default,Default,Default,Default,Default,Default,Default,Default,Default,Default,Default,Default,Default,Default,Default,Default,Default,Default,Default,Default,Default,Default,Default,Default,Default,Default,Default,Default,Default,Default,Default,Default,Default,Default,Default,Default,DefaultJob,WildcardPattern=gov*&DocumentCount=100000,1,Workload,Warmup,8,530942077,2048,259249.06,6,0,0,12672
WildcardQueryBenchmarks.LeanCorpus_WildcardQuery,Rowles.LeanCorpus.Benchmarks,WildcardQueryBenchmarks,LeanCorpus_WildcardQuery,DefaultJob,Default,Default,Default,Default,Default,Default,Default,Default,Default,Default,Default,Default,Default,Default,Default,Default,Default,Default,Default,Default,Default,Default,Default,Default,Default,Default,Default,Default,Default,Default,Default,Default,Default,Default,Default,Default,Default,Default,Default,Default,Default,DefaultJob,WildcardPattern=gov*&DocumentCount=100000,1,Workload,Actual,1,529708744,2048,258646.85,6,0,0,12672
WildcardQueryBenchmarks.LeanCorpus_WildcardQuery,Rowles.LeanCorpus.Benchmarks,WildcardQueryBenchmarks,LeanCorpus_WildcardQuery,DefaultJob,Default,Default,Default,Default,Default,Default,Default,Default,Default,Default,Default,Default,Default,Default,Default,Default,Default,Default,Default,Default,Default,Default,Default,Default,Default,Default,Default,Default,Default,Default,Default,Default,Default,Default,Default,Default,Default,Default,Default,Default,Default,DefaultJob,WildcardPattern=gov*&DocumentCount=100000,1,Workload,Actual,2,529884128,2048,258732.48,6,0,0,12672
WildcardQueryBenchmarks.LeanCorpus_WildcardQuery,Rowles.LeanCorpus.Benchmarks,WildcardQueryBenchmarks,LeanCorpus_WildcardQuery,DefaultJob,Default,Default,Default,Default,Default,Default,Default,Default,Default,Default,Default,Default,Default,Default,Default,Default,Default,Default,Default,Default,Default,Default,Default,Default,Default,Default,Default,Default,Default,Default,Default,Default,Default,Default,Default,Default,Default,Default,Default,Default,Default,DefaultJob,WildcardPattern=gov*&DocumentCount=100000,1,Workload,Actual,3,528473717,2048,258043.81,6,0,0,12672
WildcardQueryBenchmarks.LeanCorpus_WildcardQuery,Rowles.LeanCorpus.Benchmarks,WildcardQueryBenchmarks,LeanCorpus_WildcardQuery,DefaultJob,Default,Default,Default,Default,Default,Default,Default,Default,Default,Default,Default,Default,Default,Default,Default,Default,Default,Default,Default,Default,Default,Default,Default,Default,Default,Default,Default,Default,Default,Default,Default,Default,Default,Default,Default,Default,Default,Default,Default,Default,Default,DefaultJob,WildcardPattern=gov*&DocumentCount=100000,1,Workload,Actual,4,530134674,2048,258854.82,6,0,0,12672
WildcardQueryBenchmarks.LeanCorpus_WildcardQuery,Rowles.LeanCorpus.Benchmarks,WildcardQueryBenchmarks,LeanCorpus_WildcardQuery,DefaultJob,Default,Default,Default,Default,Default,Default,Default,Default,Default,Default,Default,Default,Default,Default,Default,Default,Default,Default,Default,Default,Default,Default,Default,Default,Default,Default,Default,Default,Default,Default,Default,Default,Default,Default,Default,Default,Default,Default,Default,Default,Default,DefaultJob,WildcardPattern=gov*&DocumentCount=100000,1,Workload,Actual,5,531329447,2048,259438.21,6,0,0,12672
WildcardQueryBenchmarks.LeanCorpus_WildcardQuery,Rowles.LeanCorpus.Benchmarks,WildcardQueryBenchmarks,LeanCorpus_WildcardQuery,DefaultJob,Default,Default,Default,Default,Default,Default,Default,Default,Default,Default,Default,Default,Default,Default,Default,Default,Default,Default,Default,Default,Default,Default,Default,Default,Default,Default,Default,Default,Default,Default,Default,Default,Default,Default,Default,Default,Default,Default,Default,Default,Default,DefaultJob,WildcardPattern=gov*&DocumentCount=100000,1,Workload,Actual,6,531168181,2048,259359.46,6,0,0,12672
WildcardQueryBenchmarks.LeanCorpus_WildcardQuery,Rowles.LeanCorpus.Benchmarks,WildcardQueryBenchmarks,LeanCorpus_WildcardQuery,DefaultJob,Default,Default,Default,Default,Default,Default,Default,Default,Default,Default,Default,Default,Default,Default,Default,Default,Default,Default,Default,Default,Default,Default,Default,Default,Default,Default,Default,Default,Default,Default,Default,Default,Default,Default,Default,Default,Default,Default,Default,Default,Default,DefaultJob,WildcardPattern=gov*&DocumentCount=100000,1,Workload,Actual,7,531969242,2048,259750.61,6,0,0,12672
WildcardQueryBenchmarks.LeanCorpus_WildcardQuery,Rowles.LeanCorpus.Benchmarks,WildcardQueryBenchmarks,LeanCorpus_WildcardQuery,DefaultJob,Default,Default,Default,Default,Default,Default,Default,Default,Default,Default,Default,Default,Default,Default,Default,Default,Default,Default,Default,Default,Default,Default,Default,Default,Default,Default,Default,Default,Default,Default,Default,Default,Default,Default,Default,Default,Default,Default,Default,Default,Default,DefaultJob,WildcardPattern=gov*&DocumentCount=100000,1,Workload,Actual,8,531502560,2048,259522.73,6,0,0,12672
WildcardQueryBenchmarks.LeanCorpus_WildcardQuery,Rowles.LeanCorpus.Benchmarks,WildcardQueryBenchmarks,LeanCorpus_WildcardQuery,DefaultJob,Default,Default,Default,Default,Default,Default,Default,Default,Default,Default,Default,Default,Default,Default,Default,Default,Default,Default,Default,Default,Default,Default,Default,Default,Default,Default,Default,Default,Default,Default,Default,Default,Default,Default,Default,Default,Default,Default,Default,Default,Default,DefaultJob,WildcardPattern=gov*&DocumentCount=100000,1,Workload,Actual,9,529239376,2048,258417.66,6,0,0,12672
WildcardQueryBenchmarks.LeanCorpus_WildcardQuery,Rowles.LeanCorpus.Benchmarks,WildcardQueryBenchmarks,LeanCorpus_WildcardQuery,DefaultJob,Default,Default,Default,Default,Default,Default,Default,Default,Default,Default,Default,Default,Default,Default,Default,Default,Default,Default,Default,Default,Default,Default,Default,Default,Default,Default,Default,Default,Default,Default,Default,Default,Default,Default,Default,Default,Default,Default,Default,Default,Default,DefaultJob,WildcardPattern=gov*&DocumentCount=100000,1,Workload,Actual,10,532843301,2048,260177.39,6,0,0,12672
WildcardQueryBenchmarks.LeanCorpus_WildcardQuery,Rowles.LeanCorpus.Benchmarks,WildcardQueryBenchmarks,LeanCorpus_WildcardQuery,DefaultJob,Default,Default,Default,Default,Default,Default,Default,Default,Default,Default,Default,Default,Default,Default,Default,Default,Default,Default,Default,Default,Default,Default,Default,Default,Default,Default,Default,Default,Default,Default,Default,Default,Default,Default,Default,Default,Default,Default,Default,Default,Default,DefaultJob,WildcardPattern=gov*&DocumentCount=100000,1,Workload,Actual,11,525661355,2048,256670.58,6,0,0,12672
WildcardQueryBenchmarks.LeanCorpus_WildcardQuery,Rowles.LeanCorpus.Benchmarks,WildcardQueryBenchmarks,LeanCorpus_WildcardQuery,DefaultJob,Default,Default,Default,Default,Default,Default,Default,Default,Default,Default,Default,Default,Default,Default,Default,Default,Default,Default,Default,Default,Default,Default,Default,Default,Default,Default,Default,Default,Default,Default,Default,Default,Default,Default,Default,Default,Default,Default,Default,Default,Default,DefaultJob,WildcardPattern=gov*&DocumentCount=100000,1,Workload,Actual,12,528986357,2048,258294.12,6,0,0,12672
WildcardQueryBenchmarks.LeanCorpus_WildcardQuery,Rowles.LeanCorpus.Benchmarks,WildcardQueryBenchmarks,LeanCorpus_WildcardQuery,DefaultJob,Default,Default,Default,Default,Default,Default,Default,Default,Default,Default,Default,Default,Default,Default,Default,Default,Default,Default,Default,Default,Default,Default,Default,Default,Default,Default,Default,Default,Default,Default,Default,Default,Default,Default,Default,Default,Default,Default,Default,Default,Default,DefaultJob,WildcardPattern=gov*&DocumentCount=100000,1,Workload,Actual,13,532308271,2048,259916.15,6,0,0,12672
WildcardQueryBenchmarks.LeanCorpus_WildcardQuery,Rowles.LeanCorpus.Benchmarks,WildcardQueryBenchmarks,LeanCorpus_WildcardQuery,DefaultJob,Default,Default,Default,Default,Default,Default,Default,Default,Default,Default,Default,Default,Default,Default,Default,Default,Default,Default,Default,Default,Default,Default,Default,Default,Default,Default,Default,Default,Default,Default,Default,Default,Default,Default,Default,Default,Default,Default,Default,Default,Default,DefaultJob,WildcardPattern=gov*&DocumentCount=100000,1,Workload,Actual,14,523289619,2048,255512.51,6,0,0,12672
WildcardQueryBenchmarks.LeanCorpus_WildcardQuery,Rowles.LeanCorpus.Benchmarks,WildcardQueryBenchmarks,LeanCorpus_WildcardQuery,DefaultJob,Default,Default,Default,Default,Default,Default,Default,Default,Default,Default,Default,Default,Default,Default,Default,Default,Default,Default,Default,Default,Default,Default,Default,Default,Default,Default,Default,Default,Default,Default,Default,Default,Default,Default,Default,Default,Default,Default,Default,Default,Default,DefaultJob,WildcardPattern=gov*&DocumentCount=100000,1,Workload,Actual,15,529499422,2048,258544.64,6,0,0,12672
WildcardQueryBenchmarks.LeanCorpus_WildcardQuery,Rowles.LeanCorpus.Benchmarks,WildcardQueryBenchmarks,LeanCorpus_WildcardQuery,DefaultJob,Default,Default,Default,Default,Default,Default,Default,Default,Default,Default,Default,Default,Default,Default,Default,Default,Default,Default,Default,Default,Default,Default,Default,Default,Default,Default,Default,Default,Default,Default,Default,Default,Default,Default,Default,Default,Default,Default,Default,Default,Default,DefaultJob,WildcardPattern=gov*&DocumentCount=100000,1,Workload,Extra,1,532712575,2048,260113.56,6,0,0,12672
WildcardQueryBenchmarks.LeanCorpus_WildcardQuery,Rowles.LeanCorpus.Benchmarks,WildcardQueryBenchmarks,LeanCorpus_WildcardQuery,DefaultJob,Default,Default,Default,Default,Default,Default,Default,Default,Default,Default,Default,Default,Default,Default,Default,Default,Default,Default,Default,Default,Default,Default,Default,Default,Default,Default,Default,Default,Default,Default,Default,Default,Default,Default,Default,Default,Default,Default,Default,Default,Default,DefaultJob,WildcardPattern=gov*&DocumentCount=100000,1,Workload,Result,1,529708744,2048,258646.85,6,0,0,12672
WildcardQueryBenchmarks.LeanCorpus_WildcardQuery,Rowles.LeanCorpus.Benchmarks,WildcardQueryBenchmarks,LeanCorpus_WildcardQuery,DefaultJob,Default,Default,Default,Default,Default,Default,Default,Default,Default,Default,Default,Default,Default,Default,Default,Default,Default,Default,Default,Default,Default,Default,Default,Default,Default,Default,Default,Default,Default,Default,Default,Default,Default,Default,Default,Default,Default,Default,Default,Default,Default,DefaultJob,WildcardPattern=gov*&DocumentCount=100000,1,Workload,Result,2,529884128,2048,258732.48,6,0,0,12672
WildcardQueryBenchmarks.LeanCorpus_WildcardQuery,Rowles.LeanCorpus.Benchmarks,WildcardQueryBenchmarks,LeanCorpus_WildcardQuery,DefaultJob,Default,Default,Default,Default,Default,Default,Default,Default,Default,Default,Default,Default,Default,Default,Default,Default,Default,Default,Default,Default,Default,Default,Default,Default,Default,Default,Default,Default,Default,Default,Default,Default,Default,Default,Default,Default,Default,Default,Default,Default,Default,DefaultJob,WildcardPattern=gov*&DocumentCount=100000,1,Workload,Result,3,528473717,2048,258043.81,6,0,0,12672
WildcardQueryBenchmarks.LeanCorpus_WildcardQuery,Rowles.LeanCorpus.Benchmarks,WildcardQueryBenchmarks,LeanCorpus_WildcardQuery,DefaultJob,Default,Default,Default,Default,Default,Default,Default,Default,Default,Default,Default,Default,Default,Default,Default,Default,Default,Default,Default,Default,Default,Default,Default,Default,Default,Default,Default,Default,Default,Default,Default,Default,Default,Default,Default,Default,Default,Default,Default,Default,Default,DefaultJob,WildcardPattern=gov*&DocumentCount=100000,1,Workload,Result,4,530134674,2048,258854.82,6,0,0,12672
WildcardQueryBenchmarks.LeanCorpus_WildcardQuery,Rowles.LeanCorpus.Benchmarks,WildcardQueryBenchmarks,LeanCorpus_WildcardQuery,DefaultJob,Default,Default,Default,Default,Default,Default,Default,Default,Default,Default,Default,Default,Default,Default,Default,Default,Default,Default,Default,Default,Default,Default,Default,Default,Default,Default,Default,Default,Default,Default,Default,Default,Default,Default,Default,Default,Default,Default,Default,Default,Default,DefaultJob,WildcardPattern=gov*&DocumentCount=100000,1,Workload,Result,5,531329447,2048,259438.21,6,0,0,12672
WildcardQueryBenchmarks.LeanCorpus_WildcardQuery,Rowles.LeanCorpus.Benchmarks,WildcardQueryBenchmarks,LeanCorpus_WildcardQuery,DefaultJob,Default,Default,Default,Default,Default,Default,Default,Default,Default,Default,Default,Default,Default,Default,Default,Default,Default,Default,Default,Default,Default,Default,Default,Default,Default,Default,Default,Default,Default,Default,Default,Default,Default,Default,Default,Default,Default,Default,Default,Default,Default,DefaultJob,WildcardPattern=gov*&DocumentCount=100000,1,Workload,Result,6,531168181,2048,259359.46,6,0,0,12672
WildcardQueryBenchmarks.LeanCorpus_WildcardQuery,Rowles.LeanCorpus.Benchmarks,WildcardQueryBenchmarks,LeanCorpus_WildcardQuery,DefaultJob,Default,Default,Default,Default,Default,Default,Default,Default,Default,Default,Default,Default,Default,Default,Default,Default,Default,Default,Default,Default,Default,Default,Default,Default,Default,Default,Default,Default,Default,Default,Default,Default,Default,Default,Default,Default,Default,Default,Default,Default,Default,DefaultJob,WildcardPattern=gov*&DocumentCount=100000,1,Workload,Result,7,531969242,2048,259750.61,6,0,0,12672
WildcardQueryBenchmarks.LeanCorpus_WildcardQuery,Rowles.LeanCorpus.Benchmarks,WildcardQueryBenchmarks,LeanCorpus_WildcardQuery,DefaultJob,Default,Default,Default,Default,Default,Default,Default,Default,Default,Default,Default,Default,Default,Default,Default,Default,Default,Default,Default,Default,Default,Default,Default,Default,Default,Default,Default,Default,Default,Default,Default,Default,Default,Default,Default,Default,Default,Default,Default,Default,Default,DefaultJob,WildcardPattern=gov*&DocumentCount=100000,1,Workload,Result,8,531502560,2048,259522.73,6,0,0,12672
WildcardQueryBenchmarks.LeanCorpus_WildcardQuery,Rowles.LeanCorpus.Benchmarks,WildcardQueryBenchmarks,LeanCorpus_WildcardQuery,DefaultJob,Default,Default,Default,Default,Default,Default,Default,Default,Default,Default,Default,Default,Default,Default,Default,Default,Default,Default,Default,Default,Default,Default,Default,Default,Default,Default,Default,Default,Default,Default,Default,Default,Default,Default,Default,Default,Default,Default,Default,Default,Default,DefaultJob,WildcardPattern=gov*&DocumentCount=100000,1,Workload,Result,9,529239376,2048,258417.66,6,0,0,12672
WildcardQueryBenchmarks.LeanCorpus_WildcardQuery,Rowles.LeanCorpus.Benchmarks,WildcardQueryBenchmarks,LeanCorpus_WildcardQuery,DefaultJob,Default,Default,Default,Default,Default,Default,Default,Default,Default,Default,Default,Default,Default,Default,Default,Default,Default,Default,Default,Default,Default,Default,Default,Default,Default,Default,Default,Default,Default,Default,Default,Default,Default,Default,Default,Default,Default,Default,Default,Default,Default,DefaultJob,WildcardPattern=gov*&DocumentCount=100000,1,Workload,Result,10,532843301,2048,260177.39,6,0,0,12672
WildcardQueryBenchmarks.LeanCorpus_WildcardQuery,Rowles.LeanCorpus.Benchmarks,WildcardQueryBenchmarks,LeanCorpus_WildcardQuery,DefaultJob,Default,Default,Default,Default,Default,Default,Default,Default,Default,Default,Default,Default,Default,Default,Default,Default,Default,Default,Default,Default,Default,Default,Default,Default,Default,Default,Default,Default,Default,Default,Default,Default,Default,Default,Default,Default,Default,Default,Default,Default,Default,DefaultJob,WildcardPattern=gov*&DocumentCount=100000,1,Workload,Result,11,525661355,2048,256670.58,6,0,0,12672
WildcardQueryBenchmarks.LeanCorpus_WildcardQuery,Rowles.LeanCorpus.Benchmarks,WildcardQueryBenchmarks,LeanCorpus_WildcardQuery,DefaultJob,Default,Default,Default,Default,Default,Default,Default,Default,Default,Default,Default,Default,Default,Default,Default,Default,Default,Default,Default,Default,Default,Default,Default,Default,Default,Default,Default,Default,Default,Default,Default,Default,Default,Default,Default,Default,Default,Default,Default,Default,Default,DefaultJob,WildcardPattern=gov*&DocumentCount=100000,1,Workload,Result,12,528986357,2048,258294.12,6,0,0,12672
WildcardQueryBenchmarks.LeanCorpus_WildcardQuery,Rowles.LeanCorpus.Benchmarks,WildcardQueryBenchmarks,LeanCorpus_WildcardQuery,DefaultJob,Default,Default,Default,Default,Default,Default,Default,Default,Default,Default,Default,Default,Default,Default,Default,Default,Default,Default,Default,Default,Default,Default,Default,Default,Default,Default,Default,Default,Default,Default,Default,Default,Default,Default,Default,Default,Default,Default,Default,Default,Default,DefaultJob,WildcardPattern=gov*&DocumentCount=100000,1,Workload,Result,13,532308271,2048,259916.15,6,0,0,12672
WildcardQueryBenchmarks.LeanCorpus_WildcardQuery,Rowles.LeanCorpus.Benchmarks,WildcardQueryBenchmarks,LeanCorpus_WildcardQuery,DefaultJob,Default,Default,Default,Default,Default,Default,Default,Default,Default,Default,Default,Default,Default,Default,Default,Default,Default,Default,Default,Default,Default,Default,Default,Default,Default,Default,Default,Default,Default,Default,Default,Default,Default,Default,Default,Default,Default,Default,Default,Default,Default,DefaultJob,WildcardPattern=gov*&DocumentCount=100000,1,Workload,Result,14,523289619,2048,255512.51,6,0,0,12672
WildcardQueryBenchmarks.LeanCorpus_WildcardQuery,Rowles.LeanCorpus.Benchmarks,WildcardQueryBenchmarks,LeanCorpus_WildcardQuery,DefaultJob,Default,Default,Default,Default,Default,Default,Default,Default,Default,Default,Default,Default,Default,Default,Default,Default,Default,Default,Default,Default,Default,Default,Default,Default,Default,Default,Default,Default,Default,Default,Default,Default,Default,Default,Default,Default,Default,Default,Default,Default,Default,DefaultJob,WildcardPattern=gov*&DocumentCount=100000,1,Workload,Result,15,529499422,2048,258544.64,6,0,0,12672
WildcardQueryBenchmarks.LuceneNet_WildcardQuery,Rowles.LeanCorpus.Benchmarks,WildcardQueryBenchmarks,LuceneNet_WildcardQuery,DefaultJob,Default,Default,Default,Default,Default,Default,Default,Default,Default,Default,Default,Default,Default,Default,Default,Default,Default,Default,Default,Default,Default,Default,Default,Default,Default,Default,Default,Default,Default,Default,Default,Default,Default,Default,Default,Default,Default,Default,Default,Default,Default,DefaultJob,WildcardPattern=gov*&DocumentCount=100000,1,Workload,Jitting,1,60249489,1,60249489,59,2,0,122546
WildcardQueryBenchmarks.LuceneNet_WildcardQuery,Rowles.LeanCorpus.Benchmarks,WildcardQueryBenchmarks,LuceneNet_WildcardQuery,DefaultJob,Default,Default,Default,Default,Default,Default,Default,Default,Default,Default,Default,Default,Default,Default,Default,Default,Default,Default,Default,Default,Default,Default,Default,Default,Default,Default,Default,Default,Default,Default,Default,Default,Default,Default,Default,Default,Default,Default,Default,Default,Default,DefaultJob,WildcardPattern=gov*&DocumentCount=100000,1,Workload,Jitting,2,66381995,30,2212733.17,59,2,0,122546
WildcardQueryBenchmarks.LuceneNet_WildcardQuery,Rowles.LeanCorpus.Benchmarks,WildcardQueryBenchmarks,LuceneNet_WildcardQuery,DefaultJob,Default,Default,Default,Default,Default,Default,Default,Default,Default,Default,Default,Default,Default,Default,Default,Default,Default,Default,Default,Default,Default,Default,Default,Default,Default,Default,Default,Default,Default,Default,Default,Default,Default,Default,Default,Default,Default,Default,Default,Default,Default,DefaultJob,WildcardPattern=gov*&DocumentCount=100000,1,Workload,Jitting,3,28500311,30,950010.37,59,2,0,122546
WildcardQueryBenchmarks.LuceneNet_WildcardQuery,Rowles.LeanCorpus.Benchmarks,WildcardQueryBenchmarks,LuceneNet_WildcardQuery,DefaultJob,Default,Default,Default,Default,Default,Default,Default,Default,Default,Default,Default,Default,Default,Default,Default,Default,Default,Default,Default,Default,Default,Default,Default,Default,Default,Default,Default,Default,Default,Default,Default,Default,Default,Default,Default,Default,Default,Default,Default,Default,Default,DefaultJob,WildcardPattern=gov*&DocumentCount=100000,1,Workload,Jitting,4,7860427,30,262014.23,59,2,0,122546
WildcardQueryBenchmarks.LuceneNet_WildcardQuery,Rowles.LeanCorpus.Benchmarks,WildcardQueryBenchmarks,LuceneNet_WildcardQuery,DefaultJob,Default,Default,Default,Default,Default,Default,Default,Default,Default,Default,Default,Default,Default,Default,Default,Default,Default,Default,Default,Default,Default,Default,Default,Default,Default,Default,Default,Default,Default,Default,Default,Default,Default,Default,Default,Default,Default,Default,Default,Default,Default,DefaultJob,WildcardPattern=gov*&DocumentCount=100000,1,Workload,Jitting,5,675471,1,675471,59,2,0,122546
WildcardQueryBenchmarks.LuceneNet_WildcardQuery,Rowles.LeanCorpus.Benchmarks,WildcardQueryBenchmarks,LuceneNet_WildcardQuery,DefaultJob,Default,Default,Default,Default,Default,Default,Default,Default,Default,Default,Default,Default,Default,Default,Default,Default,Default,Default,Default,Default,Default,Default,Default,Default,Default,Default,Default,Default,Default,Default,Default,Default,Default,Default,Default,Default,Default,Default,Default,Default,Default,DefaultJob,WildcardPattern=gov*&DocumentCount=100000,1,Workload,Pilot,1,351105,1,351105,59,2,0,122546
WildcardQueryBenchmarks.LuceneNet_WildcardQuery,Rowles.LeanCorpus.Benchmarks,WildcardQueryBenchmarks,LuceneNet_WildcardQuery,DefaultJob,Default,Default,Default,Default,Default,Default,Default,Default,Default,Default,Default,Default,Default,Default,Default,Default,Default,Default,Default,Default,Default,Default,Default,Default,Default,Default,Default,Default,Default,Default,Default,Default,Default,Default,Default,Default,Default,Default,Default,Default,Default,DefaultJob,WildcardPattern=gov*&DocumentCount=100000,1,Workload,Pilot,1,7139287,16,446205.44,59,2,0,122546
WildcardQueryBenchmarks.LuceneNet_WildcardQuery,Rowles.LeanCorpus.Benchmarks,WildcardQueryBenchmarks,LuceneNet_WildcardQuery,DefaultJob,Default,Default,Default,Default,Default,Default,Default,Default,Default,Default,Default,Default,Default,Default,Default,Default,Default,Default,Default,Default,Default,Default,Default,Default,Default,Default,Default,Default,Default,Default,Default,Default,Default,Default,Default,Default,Default,Default,Default,Default,Default,DefaultJob,WildcardPattern=gov*&DocumentCount=100000,1,Workload,Pilot,2,21789608,32,680925.25,59,2,0,122546
WildcardQueryBenchmarks.LuceneNet_WildcardQuery,Rowles.LeanCorpus.Benchmarks,WildcardQueryBenchmarks,LuceneNet_WildcardQuery,DefaultJob,Default,Default,Default,Default,Default,Default,Default,Default,Default,Default,Default,Default,Default,Default,Default,Default,Default,Default,Default,Default,Default,Default,Default,Default,Default,Default,Default,Default,Default,Default,Default,Default,Default,Default,Default,Default,Default,Default,Default,Default,Default,DefaultJob,WildcardPattern=gov*&DocumentCount=100000,1,Workload,Pilot,3,27632580,64,431759.06,59,2,0,122546
WildcardQueryBenchmarks.LuceneNet_WildcardQuery,Rowles.LeanCorpus.Benchmarks,WildcardQueryBenchmarks,LuceneNet_WildcardQuery,DefaultJob,Default,Default,Default,Default,Default,Default,Default,Default,Default,Default,Default,Default,Default,Default,Default,Default,Default,Default,Default,Default,Default,Default,Default,Default,Default,Default,Default,Default,Default,Default,Default,Default,Default,Default,Default,Default,Default,Default,Default,Default,Default,DefaultJob,WildcardPattern=gov*&DocumentCount=100000,1,Workload,Pilot,4,42096213,128,328876.66,59,2,0,122546
WildcardQueryBenchmarks.LuceneNet_WildcardQuery,Rowles.LeanCorpus.Benchmarks,WildcardQueryBenchmarks,LuceneNet_WildcardQuery,DefaultJob,Default,Default,Default,Default,Default,Default,Default,Default,Default,Default,Default,Default,Default,Default,Default,Default,Default,Default,Default,Default,Default,Default,Default,Default,Default,Default,Default,Default,Default,Default,Default,Default,Default,Default,Default,Default,Default,Default,Default,Default,Default,DefaultJob,WildcardPattern=gov*&DocumentCount=100000,1,Workload,Pilot,5,69580740,256,271799.77,59,2,0,122546
WildcardQueryBenchmarks.LuceneNet_WildcardQuery,Rowles.LeanCorpus.Benchmarks,WildcardQueryBenchmarks,LuceneNet_WildcardQuery,DefaultJob,Default,Default,Default,Default,Default,Default,Default,Default,Default,Default,Default,Default,Default,Default,Default,Default,Default,Default,Default,Default,Default,Default,Default,Default,Default,Default,Default,Default,Default,Default,Default,Default,Default,Default,Default,Default,Default,Default,Default,Default,Default,DefaultJob,WildcardPattern=gov*&DocumentCount=100000,1,Workload,Pilot,6,138569213,512,270642.99,59,2,0,122546
WildcardQueryBenchmarks.LuceneNet_WildcardQuery,Rowles.LeanCorpus.Benchmarks,WildcardQueryBenchmarks,LuceneNet_WildcardQuery,DefaultJob,Default,Default,Default,Default,Default,Default,Default,Default,Default,Default,Default,Default,Default,Default,Default,Default,Default,Default,Default,Default,Default,Default,Default,Default,Default,Default,Default,Default,Default,Default,Default,Default,Default,Default,Default,Default,Default,Default,Default,Default,Default,DefaultJob,WildcardPattern=gov*&DocumentCount=100000,1,Workload,Pilot,7,278015918,1024,271499.92,59,2,0,122546
WildcardQueryBenchmarks.LuceneNet_WildcardQuery,Rowles.LeanCorpus.Benchmarks,WildcardQueryBenchmarks,LuceneNet_WildcardQuery,DefaultJob,Default,Default,Default,Default,Default,Default,Default,Default,Default,Default,Default,Default,Default,Default,Default,Default,Default,Default,Default,Default,Default,Default,Default,Default,Default,Default,Default,Default,Default,Default,Default,Default,Default,Default,Default,Default,Default,Default,Default,Default,Default,DefaultJob,WildcardPattern=gov*&DocumentCount=100000,1,Workload,Pilot,8,562899223,2048,274853.14,59,2,0,122546
WildcardQueryBenchmarks.LuceneNet_WildcardQuery,Rowles.LeanCorpus.Benchmarks,WildcardQueryBenchmarks,LuceneNet_WildcardQuery,DefaultJob,Default,Default,Default,Default,Default,Default,Default,Default,Default,Default,Default,Default,Default,Default,Default,Default,Default,Default,Default,Default,Default,Default,Default,Default,Default,Default,Default,Default,Default,Default,Default,Default,Default,Default,Default,Default,Default,Default,Default,Default,Default,DefaultJob,WildcardPattern=gov*&DocumentCount=100000,1,Workload,Warmup,1,561295158,2048,274069.9,59,2,0,122546
WildcardQueryBenchmarks.LuceneNet_WildcardQuery,Rowles.LeanCorpus.Benchmarks,WildcardQueryBenchmarks,LuceneNet_WildcardQuery,DefaultJob,Default,Default,Default,Default,Default,Default,Default,Default,Default,Default,Default,Default,Default,Default,Default,Default,Default,Default,Default,Default,Default,Default,Default,Default,Default,Default,Default,Default,Default,Default,Default,Default,Default,Default,Default,Default,Default,Default,Default,Default,Default,DefaultJob,WildcardPattern=gov*&DocumentCount=100000,1,Workload,Warmup,2,563422838,2048,275108.81,59,2,0,122546
WildcardQueryBenchmarks.LuceneNet_WildcardQuery,Rowles.LeanCorpus.Benchmarks,WildcardQueryBenchmarks,LuceneNet_WildcardQuery,DefaultJob,Default,Default,Default,Default,Default,Default,Default,Default,Default,Default,Default,Default,Default,Default,Default,Default,Default,Default,Default,Default,Default,Default,Default,Default,Default,Default,Default,Default,Default,Default,Default,Default,Default,Default,Default,Default,Default,Default,Default,Default,Default,DefaultJob,WildcardPattern=gov*&DocumentCount=100000,1,Workload,Warmup,3,561763290,2048,274298.48,59,2,0,122546
WildcardQueryBenchmarks.LuceneNet_WildcardQuery,Rowles.LeanCorpus.Benchmarks,WildcardQueryBenchmarks,LuceneNet_WildcardQuery,DefaultJob,Default,Default,Default,Default,Default,Default,Default,Default,Default,Default,Default,Default,Default,Default,Default,Default,Default,Default,Default,Default,Default,Default,Default,Default,Default,Default,Default,Default,Default,Default,Default,Default,Default,Default,Default,Default,Default,Default,Default,Default,Default,DefaultJob,WildcardPattern=gov*&DocumentCount=100000,1,Workload,Warmup,4,563895631,2048,275339.66,59,2,0,122546
WildcardQueryBenchmarks.LuceneNet_WildcardQuery,Rowles.LeanCorpus.Benchmarks,WildcardQueryBenchmarks,LuceneNet_WildcardQuery,DefaultJob,Default,Default,Default,Default,Default,Default,Default,Default,Default,Default,Default,Default,Default,Default,Default,Default,Default,Default,Default,Default,Default,Default,Default,Default,Default,Default,Default,Default,Default,Default,Default,Default,Default,Default,Default,Default,Default,Default,Default,Default,Default,DefaultJob,WildcardPattern=gov*&DocumentCount=100000,1,Workload,Warmup,5,562952006,2048,274878.91,59,2,0,122546
WildcardQueryBenchmarks.LuceneNet_WildcardQuery,Rowles.LeanCorpus.Benchmarks,WildcardQueryBenchmarks,LuceneNet_WildcardQuery,DefaultJob,Default,Default,Default,Default,Default,Default,Default,Default,Default,Default,Default,Default,Default,Default,Default,Default,Default,Default,Default,Default,Default,Default,Default,Default,Default,Default,Default,Default,Default,Default,Default,Default,Default,Default,Default,Default,Default,Default,Default,Default,Default,DefaultJob,WildcardPattern=gov*&DocumentCount=100000,1,Workload,Warmup,6,558104051,2048,272511.74,59,2,0,122546
WildcardQueryBenchmarks.LuceneNet_WildcardQuery,Rowles.LeanCorpus.Benchmarks,WildcardQueryBenchmarks,LuceneNet_WildcardQuery,DefaultJob,Default,Default,Default,Default,Default,Default,Default,Default,Default,Default,Default,Default,Default,Default,Default,Default,Default,Default,Default,Default,Default,Default,Default,Default,Default,Default,Default,Default,Default,Default,Default,Default,Default,Default,Default,Default,Default,Default,Default,Default,Default,DefaultJob,WildcardPattern=gov*&DocumentCount=100000,1,Workload,Actual,1,554194994,2048,270603.02,59,2,0,122546
WildcardQueryBenchmarks.LuceneNet_WildcardQuery,Rowles.LeanCorpus.Benchmarks,WildcardQueryBenchmarks,LuceneNet_WildcardQuery,DefaultJob,Default,Default,Default,Default,Default,Default,Default,Default,Default,Default,Default,Default,Default,Default,Default,Default,Default,Default,Default,Default,Default,Default,Default,Default,Default,Default,Default,Default,Default,Default,Default,Default,Default,Default,Default,Default,Default,Default,Default,Default,Default,DefaultJob,WildcardPattern=gov*&DocumentCount=100000,1,Workload,Actual,2,561234980,2048,274040.52,59,2,0,122546
WildcardQueryBenchmarks.LuceneNet_WildcardQuery,Rowles.LeanCorpus.Benchmarks,WildcardQueryBenchmarks,LuceneNet_WildcardQuery,DefaultJob,Default,Default,Default,Default,Default,Default,Default,Default,Default,Default,Default,Default,Default,Default,Default,Default,Default,Default,Default,Default,Default,Default,Default,Default,Default,Default,Default,Default,Default,Default,Default,Default,Default,Default,Default,Default,Default,Default,Default,Default,Default,DefaultJob,WildcardPattern=gov*&DocumentCount=100000,1,Workload,Actual,3,560700819,2048,273779.7,59,2,0,122546
WildcardQueryBenchmarks.LuceneNet_WildcardQuery,Rowles.LeanCorpus.Benchmarks,WildcardQueryBenchmarks,LuceneNet_WildcardQuery,DefaultJob,Default,Default,Default,Default,Default,Default,Default,Default,Default,Default,Default,Default,Default,Default,Default,Default,Default,Default,Default,Default,Default,Default,Default,Default,Default,Default,Default,Default,Default,Default,Default,Default,Default,Default,Default,Default,Default,Default,Default,Default,Default,DefaultJob,WildcardPattern=gov*&DocumentCount=100000,1,Workload,Actual,4,563712399,2048,275250.19,59,2,0,122546
WildcardQueryBenchmarks.LuceneNet_WildcardQuery,Rowles.LeanCorpus.Benchmarks,WildcardQueryBenchmarks,LuceneNet_WildcardQuery,DefaultJob,Default,Default,Default,Default,Default,Default,Default,Default,Default,Default,Default,Default,Default,Default,Default,Default,Default,Default,Default,Default,Default,Default,Default,Default,Default,Default,Default,Default,Default,Default,Default,Default,Default,Default,Default,Default,Default,Default,Default,Default,Default,DefaultJob,WildcardPattern=gov*&DocumentCount=100000,1,Workload,Actual,5,564586317,2048,275676.91,59,2,0,122546
WildcardQueryBenchmarks.LuceneNet_WildcardQuery,Rowles.LeanCorpus.Benchmarks,WildcardQueryBenchmarks,LuceneNet_WildcardQuery,DefaultJob,Default,Default,Default,Default,Default,Default,Default,Default,Default,Default,Default,Default,Default,Default,Default,Default,Default,Default,Default,Default,Default,Default,Default,Default,Default,Default,Default,Default,Default,Default,Default,Default,Default,Default,Default,Default,Default,Default,Default,Default,Default,DefaultJob,WildcardPattern=gov*&DocumentCount=100000,1,Workload,Actual,6,562679316,2048,274745.76,59,2,0,122546
WildcardQueryBenchmarks.LuceneNet_WildcardQuery,Rowles.LeanCorpus.Benchmarks,WildcardQueryBenchmarks,LuceneNet_WildcardQuery,DefaultJob,Default,Default,Default,Default,Default,Default,Default,Default,Default,Default,Default,Default,Default,Default,Default,Default,Default,Default,Default,Default,Default,Default,Default,Default,Default,Default,Default,Default,Default,Default,Default,Default,Default,Default,Default,Default,Default,Default,Default,Default,Default,DefaultJob,WildcardPattern=gov*&DocumentCount=100000,1,Workload,Actual,7,561101271,2048,273975.23,59,2,0,122546
WildcardQueryBenchmarks.LuceneNet_WildcardQuery,Rowles.LeanCorpus.Benchmarks,WildcardQueryBenchmarks,LuceneNet_WildcardQuery,DefaultJob,Default,Default,Default,Default,Default,Default,Default,Default,Default,Default,Default,Default,Default,Default,Default,Default,Default,Default,Default,Default,Default,Default,Default,Default,Default,Default,Default,Default,Default,Default,Default,Default,Default,Default,Default,Default,Default,Default,Default,Default,Default,DefaultJob,WildcardPattern=gov*&DocumentCount=100000,1,Workload,Actual,8,560444231,2048,273654.41,59,2,0,122546
WildcardQueryBenchmarks.LuceneNet_WildcardQuery,Rowles.LeanCorpus.Benchmarks,WildcardQueryBenchmarks,LuceneNet_WildcardQuery,DefaultJob,Default,Default,Default,Default,Default,Default,Default,Default,Default,Default,Default,Default,Default,Default,Default,Default,Default,Default,Default,Default,Default,Default,Default,Default,Default,Default,Default,Default,Default,Default,Default,Default,Default,Default,Default,Default,Default,Default,Default,Default,Default,DefaultJob,WildcardPattern=gov*&DocumentCount=100000,1,Workload,Actual,9,557981829,2048,272452.06,59,2,0,122546
WildcardQueryBenchmarks.LuceneNet_WildcardQuery,Rowles.LeanCorpus.Benchmarks,WildcardQueryBenchmarks,LuceneNet_WildcardQuery,DefaultJob,Default,Default,Default,Default,Default,Default,Default,Default,Default,Default,Default,Default,Default,Default,Default,Default,Default,Default,Default,Default,Default,Default,Default,Default,Default,Default,Default,Default,Default,Default,Default,Default,Default,Default,Default,Default,Default,Default,Default,Default,Default,DefaultJob,WildcardPattern=gov*&DocumentCount=100000,1,Workload,Actual,10,562520879,2048,274668.4,59,2,0,122546
WildcardQueryBenchmarks.LuceneNet_WildcardQuery,Rowles.LeanCorpus.Benchmarks,WildcardQueryBenchmarks,LuceneNet_WildcardQuery,DefaultJob,Default,Default,Default,Default,Default,Default,Default,Default,Default,Default,Default,Default,Default,Default,Default,Default,Default,Default,Default,Default,Default,Default,Default,Default,Default,Default,Default,Default,Default,Default,Default,Default,Default,Default,Default,Default,Default,Default,Default,Default,Default,DefaultJob,WildcardPattern=gov*&DocumentCount=100000,1,Workload,Actual,11,563504470,2048,275148.67,59,2,0,122546
WildcardQueryBenchmarks.LuceneNet_WildcardQuery,Rowles.LeanCorpus.Benchmarks,WildcardQueryBenchmarks,LuceneNet_WildcardQuery,DefaultJob,Default,Default,Default,Default,Default,Default,Default,Default,Default,Default,Default,Default,Default,Default,Default,Default,Default,Default,Default,Default,Default,Default,Default,Default,Default,Default,Default,Default,Default,Default,Default,Default,Default,Default,Default,Default,Default,Default,Default,Default,Default,DefaultJob,WildcardPattern=gov*&DocumentCount=100000,1,Workload,Actual,12,562621869,2048,274717.71,59,2,0,122546
WildcardQueryBenchmarks.LuceneNet_WildcardQuery,Rowles.LeanCorpus.Benchmarks,WildcardQueryBenchmarks,LuceneNet_WildcardQuery,DefaultJob,Default,Default,Default,Default,Default,Default,Default,Default,Default,Default,Default,Default,Default,Default,Default,Default,Default,Default,Default,Default,Default,Default,Default,Default,Default,Default,Default,Default,Default,Default,Default,Default,Default,Default,Default,Default,Default,Default,Default,Default,Default,DefaultJob,WildcardPattern=gov*&DocumentCount=100000,1,Workload,Actual,13,561954447,2048,274391.82,59,2,0,122546
WildcardQueryBenchmarks.LuceneNet_WildcardQuery,Rowles.LeanCorpus.Benchmarks,WildcardQueryBenchmarks,LuceneNet_WildcardQuery,DefaultJob,Default,Default,Default,Default,Default,Default,Default,Default,Default,Default,Default,Default,Default,Default,Default,Default,Default,Default,Default,Default,Default,Default,Default,Default,Default,Default,Default,Default,Default,Default,Default,Default,Default,Default,Default,Default,Default,Default,Default,Default,Default,DefaultJob,WildcardPattern=gov*&DocumentCount=100000,1,Workload,Actual,14,557682222,2048,272305.77,59,2,0,122546
WildcardQueryBenchmarks.LuceneNet_WildcardQuery,Rowles.LeanCorpus.Benchmarks,WildcardQueryBenchmarks,LuceneNet_WildcardQuery,DefaultJob,Default,Default,Default,Default,Default,Default,Default,Default,Default,Default,Default,Default,Default,Default,Default,Default,Default,Default,Default,Default,Default,Default,Default,Default,Default,Default,Default,Default,Default,Default,Default,Default,Default,Default,Default,Default,Default,Default,Default,Default,Default,DefaultJob,WildcardPattern=gov*&DocumentCount=100000,1,Workload,Actual,15,554304729,2048,270656.61,59,2,0,122546
WildcardQueryBenchmarks.LuceneNet_WildcardQuery,Rowles.LeanCorpus.Benchmarks,WildcardQueryBenchmarks,LuceneNet_WildcardQuery,DefaultJob,Default,Default,Default,Default,Default,Default,Default,Default,Default,Default,Default,Default,Default,Default,Default,Default,Default,Default,Default,Default,Default,Default,Default,Default,Default,Default,Default,Default,Default,Default,Default,Default,Default,Default,Default,Default,Default,Default,Default,Default,Default,DefaultJob,WildcardPattern=gov*&DocumentCount=100000,1,Workload,Extra,1,553020696,2048,270029.64,59,2,0,122546
WildcardQueryBenchmarks.LuceneNet_WildcardQuery,Rowles.LeanCorpus.Benchmarks,WildcardQueryBenchmarks,LuceneNet_WildcardQuery,DefaultJob,Default,Default,Default,Default,Default,Default,Default,Default,Default,Default,Default,Default,Default,Default,Default,Default,Default,Default,Default,Default,Default,Default,Default,Default,Default,Default,Default,Default,Default,Default,Default,Default,Default,Default,Default,Default,Default,Default,Default,Default,Default,DefaultJob,WildcardPattern=gov*&DocumentCount=100000,1,Workload,Result,1,554194994,2048,270603.02,59,2,0,122546
WildcardQueryBenchmarks.LuceneNet_WildcardQuery,Rowles.LeanCorpus.Benchmarks,WildcardQueryBenchmarks,LuceneNet_WildcardQuery,DefaultJob,Default,Default,Default,Default,Default,Default,Default,Default,Default,Default,Default,Default,Default,Default,Default,Default,Default,Default,Default,Default,Default,Default,Default,Default,Default,Default,Default,Default,Default,Default,Default,Default,Default,Default,Default,Default,Default,Default,Default,Default,Default,DefaultJob,WildcardPattern=gov*&DocumentCount=100000,1,Workload,Result,2,561234980,2048,274040.52,59,2,0,122546
WildcardQueryBenchmarks.LuceneNet_WildcardQuery,Rowles.LeanCorpus.Benchmarks,WildcardQueryBenchmarks,LuceneNet_WildcardQuery,DefaultJob,Default,Default,Default,Default,Default,Default,Default,Default,Default,Default,Default,Default,Default,Default,Default,Default,Default,Default,Default,Default,Default,Default,Default,Default,Default,Default,Default,Default,Default,Default,Default,Default,Default,Default,Default,Default,Default,Default,Default,Default,Default,DefaultJob,WildcardPattern=gov*&DocumentCount=100000,1,Workload,Result,3,560700819,2048,273779.7,59,2,0,122546
WildcardQueryBenchmarks.LuceneNet_WildcardQuery,Rowles.LeanCorpus.Benchmarks,WildcardQueryBenchmarks,LuceneNet_WildcardQuery,DefaultJob,Default,Default,Default,Default,Default,Default,Default,Default,Default,Default,Default,Default,Default,Default,Default,Default,Default,Default,Default,Default,Default,Default,Default,Default,Default,Default,Default,Default,Default,Default,Default,Default,Default,Default,Default,Default,Default,Default,Default,Default,Default,DefaultJob,WildcardPattern=gov*&DocumentCount=100000,1,Workload,Result,4,563712399,2048,275250.19,59,2,0,122546
WildcardQueryBenchmarks.LuceneNet_WildcardQuery,Rowles.LeanCorpus.Benchmarks,WildcardQueryBenchmarks,LuceneNet_WildcardQuery,DefaultJob,Default,Default,Default,Default,Default,Default,Default,Default,Default,Default,Default,Default,Default,Default,Default,Default,Default,Default,Default,Default,Default,Default,Default,Default,Default,Default,Default,Default,Default,Default,Default,Default,Default,Default,Default,Default,Default,Default,Default,Default,Default,DefaultJob,WildcardPattern=gov*&DocumentCount=100000,1,Workload,Result,5,564586317,2048,275676.91,59,2,0,122546
WildcardQueryBenchmarks.LuceneNet_WildcardQuery,Rowles.LeanCorpus.Benchmarks,WildcardQueryBenchmarks,LuceneNet_WildcardQuery,DefaultJob,Default,Default,Default,Default,Default,Default,Default,Default,Default,Default,Default,Default,Default,Default,Default,Default,Default,Default,Default,Default,Default,Default,Default,Default,Default,Default,Default,Default,Default,Default,Default,Default,Default,Default,Default,Default,Default,Default,Default,Default,Default,DefaultJob,WildcardPattern=gov*&DocumentCount=100000,1,Workload,Result,6,562679316,2048,274745.76,59,2,0,122546
WildcardQueryBenchmarks.LuceneNet_WildcardQuery,Rowles.LeanCorpus.Benchmarks,WildcardQueryBenchmarks,LuceneNet_WildcardQuery,DefaultJob,Default,Default,Default,Default,Default,Default,Default,Default,Default,Default,Default,Default,Default,Default,Default,Default,Default,Default,Default,Default,Default,Default,Default,Default,Default,Default,Default,Default,Default,Default,Default,Default,Default,Default,Default,Default,Default,Default,Default,Default,Default,DefaultJob,WildcardPattern=gov*&DocumentCount=100000,1,Workload,Result,7,561101271,2048,273975.23,59,2,0,122546
WildcardQueryBenchmarks.LuceneNet_WildcardQuery,Rowles.LeanCorpus.Benchmarks,WildcardQueryBenchmarks,LuceneNet_WildcardQuery,DefaultJob,Default,Default,Default,Default,Default,Default,Default,Default,Default,Default,Default,Default,Default,Default,Default,Default,Default,Default,Default,Default,Default,Default,Default,Default,Default,Default,Default,Default,Default,Default,Default,Default,Default,Default,Default,Default,Default,Default,Default,Default,Default,DefaultJob,WildcardPattern=gov*&DocumentCount=100000,1,Workload,Result,8,560444231,2048,273654.41,59,2,0,122546
WildcardQueryBenchmarks.LuceneNet_WildcardQuery,Rowles.LeanCorpus.Benchmarks,WildcardQueryBenchmarks,LuceneNet_WildcardQuery,DefaultJob,Default,Default,Default,Default,Default,Default,Default,Default,Default,Default,Default,Default,Default,Default,Default,Default,Default,Default,Default,Default,Default,Default,Default,Default,Default,Default,Default,Default,Default,Default,Default,Default,Default,Default,Default,Default,Default,Default,Default,Default,Default,DefaultJob,WildcardPattern=gov*&DocumentCount=100000,1,Workload,Result,9,557981829,2048,272452.06,59,2,0,122546
WildcardQueryBenchmarks.LuceneNet_WildcardQuery,Rowles.LeanCorpus.Benchmarks,WildcardQueryBenchmarks,LuceneNet_WildcardQuery,DefaultJob,Default,Default,Default,Default,Default,Default,Default,Default,Default,Default,Default,Default,Default,Default,Default,Default,Default,Default,Default,Default,Default,Default,Default,Default,Default,Default,Default,Default,Default,Default,Default,Default,Default,Default,Default,Default,Default,Default,Default,Default,Default,DefaultJob,WildcardPattern=gov*&DocumentCount=100000,1,Workload,Result,10,562520879,2048,274668.4,59,2,0,122546
WildcardQueryBenchmarks.LuceneNet_WildcardQuery,Rowles.LeanCorpus.Benchmarks,WildcardQueryBenchmarks,LuceneNet_WildcardQuery,DefaultJob,Default,Default,Default,Default,Default,Default,Default,Default,Default,Default,Default,Default,Default,Default,Default,Default,Default,Default,Default,Default,Default,Default,Default,Default,Default,Default,Default,Default,Default,Default,Default,Default,Default,Default,Default,Default,Default,Default,Default,Default,Default,DefaultJob,WildcardPattern=gov*&DocumentCount=100000,1,Workload,Result,11,563504470,2048,275148.67,59,2,0,122546
WildcardQueryBenchmarks.LuceneNet_WildcardQuery,Rowles.LeanCorpus.Benchmarks,WildcardQueryBenchmarks,LuceneNet_WildcardQuery,DefaultJob,Default,Default,Default,Default,Default,Default,Default,Default,Default,Default,Default,Default,Default,Default,Default,Default,Default,Default,Default,Default,Default,Default,Default,Default,Default,Default,Default,Default,Default,Default,Default,Default,Default,Default,Default,Default,Default,Default,Default,Default,Default,DefaultJob,WildcardPattern=gov*&DocumentCount=100000,1,Workload,Result,12,562621869,2048,274717.71,59,2,0,122546
WildcardQueryBenchmarks.LuceneNet_WildcardQuery,Rowles.LeanCorpus.Benchmarks,WildcardQueryBenchmarks,LuceneNet_WildcardQuery,DefaultJob,Default,Default,Default,Default,Default,Default,Default,Default,Default,Default,Default,Default,Default,Default,Default,Default,Default,Default,Default,Default,Default,Default,Default,Default,Default,Default,Default,Default,Default,Default,Default,Default,Default,Default,Default,Default,Default,Default,Default,Default,Default,DefaultJob,WildcardPattern=gov*&DocumentCount=100000,1,Workload,Result,13,561954447,2048,274391.82,59,2,0,122546
WildcardQueryBenchmarks.LuceneNet_WildcardQuery,Rowles.LeanCorpus.Benchmarks,WildcardQueryBenchmarks,LuceneNet_WildcardQuery,DefaultJob,Default,Default,Default,Default,Default,Default,Default,Default,Default,Default,Default,Default,Default,Default,Default,Default,Default,Default,Default,Default,Default,Default,Default,Default,Default,Default,Default,Default,Default,Default,Default,Default,Default,Default,Default,Default,Default,Default,Default,Default,Default,DefaultJob,WildcardPattern=gov*&DocumentCount=100000,1,Workload,Result,14,557682222,2048,272305.77,59,2,0,122546
WildcardQueryBenchmarks.LuceneNet_WildcardQuery,Rowles.LeanCorpus.Benchmarks,WildcardQueryBenchmarks,LuceneNet_WildcardQuery,DefaultJob,Default,Default,Default,Default,Default,Default,Default,Default,Default,Default,Default,Default,Default,Default,Default,Default,Default,Default,Default,Default,Default,Default,Default,Default,Default,Default,Default,Default,Default,Default,Default,Default,Default,Default,Default,Default,Default,Default,Default,Default,Default,DefaultJob,WildcardPattern=gov*&DocumentCount=100000,1,Workload,Result,15,554304729,2048,270656.61,59,2,0,122546
WildcardQueryBenchmarks.LeanCorpus_WildcardQuery,Rowles.LeanCorpus.Benchmarks,WildcardQueryBenchmarks,LeanCorpus_WildcardQuery,DefaultJob,Default,Default,Default,Default,Default,Default,Default,Default,Default,Default,Default,Default,Default,Default,Default,Default,Default,Default,Default,Default,Default,Default,Default,Default,Default,Default,Default,Default,Default,Default,Default,Default,Default,Default,Default,Default,Default,Default,Default,Default,Default,DefaultJob,WildcardPattern=m*rket&DocumentCount=100000,1,Workload,Jitting,1,135964472,1,135964472,0,0,0,3288
WildcardQueryBenchmarks.LeanCorpus_WildcardQuery,Rowles.LeanCorpus.Benchmarks,WildcardQueryBenchmarks,LeanCorpus_WildcardQuery,DefaultJob,Default,Default,Default,Default,Default,Default,Default,Default,Default,Default,Default,Default,Default,Default,Default,Default,Default,Default,Default,Default,Default,Default,Default,Default,Default,Default,Default,Default,Default,Default,Default,Default,Default,Default,Default,Default,Default,Default,Default,Default,Default,DefaultJob,WildcardPattern=m*rket&DocumentCount=100000,1,Workload,Jitting,2,154660071,30,5155335.7,0,0,0,3288
WildcardQueryBenchmarks.LeanCorpus_WildcardQuery,Rowles.LeanCorpus.Benchmarks,WildcardQueryBenchmarks,LeanCorpus_WildcardQuery,DefaultJob,Default,Default,Default,Default,Default,Default,Default,Default,Default,Default,Default,Default,Default,Default,Default,Default,Default,Default,Default,Default,Default,Default,Default,Default,Default,Default,Default,Default,Default,Default,Default,Default,Default,Default,Default,Default,Default,Default,Default,Default,Default,DefaultJob,WildcardPattern=m*rket&DocumentCount=100000,1,Workload,Jitting,3,78020804,30,2600693.47,0,0,0,3288
WildcardQueryBenchmarks.LeanCorpus_WildcardQuery,Rowles.LeanCorpus.Benchmarks,WildcardQueryBenchmarks,LeanCorpus_WildcardQuery,DefaultJob,Default,Default,Default,Default,Default,Default,Default,Default,Default,Default,Default,Default,Default,Default,Default,Default,Default,Default,Default,Default,Default,Default,Default,Default,Default,Default,Default,Default,Default,Default,Default,Default,Default,Default,Default,Default,Default,Default,Default,Default,Default,DefaultJob,WildcardPattern=m*rket&DocumentCount=100000,1,Workload,Jitting,4,89224295,30,2974143.17,0,0,0,3288
WildcardQueryBenchmarks.LeanCorpus_WildcardQuery,Rowles.LeanCorpus.Benchmarks,WildcardQueryBenchmarks,LeanCorpus_WildcardQuery,DefaultJob,Default,Default,Default,Default,Default,Default,Default,Default,Default,Default,Default,Default,Default,Default,Default,Default,Default,Default,Default,Default,Default,Default,Default,Default,Default,Default,Default,Default,Default,Default,Default,Default,Default,Default,Default,Default,Default,Default,Default,Default,Default,DefaultJob,WildcardPattern=m*rket&DocumentCount=100000,1,Workload,Jitting,5,2864292,1,2864292,0,0,0,3288
WildcardQueryBenchmarks.LeanCorpus_WildcardQuery,Rowles.LeanCorpus.Benchmarks,WildcardQueryBenchmarks,LeanCorpus_WildcardQuery,DefaultJob,Default,Default,Default,Default,Default,Default,Default,Default,Default,Default,Default,Default,Default,Default,Default,Default,Default,Default,Default,Default,Default,Default,Default,Default,Default,Default,Default,Default,Default,Default,Default,Default,Default,Default,Default,Default,Default,Default,Default,Default,Default,DefaultJob,WildcardPattern=m*rket&DocumentCount=100000,1,Workload,Pilot,1,2898102,1,2898102,0,0,0,3288
WildcardQueryBenchmarks.LeanCorpus_WildcardQuery,Rowles.LeanCorpus.Benchmarks,WildcardQueryBenchmarks,LeanCorpus_WildcardQuery,DefaultJob,Default,Default,Default,Default,Default,Default,Default,Default,Default,Default,Default,Default,Default,Default,Default,Default,Default,Default,Default,Default,Default,Default,Default,Default,Default,Default,Default,Default,Default,Default,Default,Default,Default,Default,Default,Default,Default,Default,Default,Default,Default,DefaultJob,WildcardPattern=m*rket&DocumentCount=100000,1,Workload,Pilot,1,41162102,16,2572631.38,0,0,0,3288
WildcardQueryBenchmarks.LeanCorpus_WildcardQuery,Rowles.LeanCorpus.Benchmarks,WildcardQueryBenchmarks,LeanCorpus_WildcardQuery,DefaultJob,Default,Default,Default,Default,Default,Default,Default,Default,Default,Default,Default,Default,Default,Default,Default,Default,Default,Default,Default,Default,Default,Default,Default,Default,Default,Default,Default,Default,Default,Default,Default,Default,Default,Default,Default,Default,Default,Default,Default,Default,Default,DefaultJob,WildcardPattern=m*rket&DocumentCount=100000,1,Workload,Pilot,2,78806221,32,2462694.41,0,0,0,3288
WildcardQueryBenchmarks.LeanCorpus_WildcardQuery,Rowles.LeanCorpus.Benchmarks,WildcardQueryBenchmarks,LeanCorpus_WildcardQuery,DefaultJob,Default,Default,Default,Default,Default,Default,Default,Default,Default,Default,Default,Default,Default,Default,Default,Default,Default,Default,Default,Default,Default,Default,Default,Default,Default,Default,Default,Default,Default,Default,Default,Default,Default,Default,Default,Default,Default,Default,Default,Default,Default,DefaultJob,WildcardPattern=m*rket&DocumentCount=100000,1,Workload,Pilot,3,157647765,64,2463246.33,0,0,0,3288
WildcardQueryBenchmarks.LeanCorpus_WildcardQuery,Rowles.LeanCorpus.Benchmarks,WildcardQueryBenchmarks,LeanCorpus_WildcardQuery,DefaultJob,Default,Default,Default,Default,Default,Default,Default,Default,Default,Default,Default,Default,Default,Default,Default,Default,Default,Default,Default,Default,Default,Default,Default,Default,Default,Default,Default,Default,Default,Default,Default,Default,Default,Default,Default,Default,Default,Default,Default,Default,Default,DefaultJob,WildcardPattern=m*rket&DocumentCount=100000,1,Workload,Pilot,4,314627334,128,2458026.05,0,0,0,3288
WildcardQueryBenchmarks.LeanCorpus_WildcardQuery,Rowles.LeanCorpus.Benchmarks,WildcardQueryBenchmarks,LeanCorpus_WildcardQuery,DefaultJob,Default,Default,Default,Default,Default,Default,Default,Default,Default,Default,Default,Default,Default,Default,Default,Default,Default,Default,Default,Default,Default,Default,Default,Default,Default,Default,Default,Default,Default,Default,Default,Default,Default,Default,Default,Default,Default,Default,Default,Default,Default,DefaultJob,WildcardPattern=m*rket&DocumentCount=100000,1,Workload,Pilot,5,629326297,256,2458305.85,0,0,0,3288
WildcardQueryBenchmarks.LeanCorpus_WildcardQuery,Rowles.LeanCorpus.Benchmarks,WildcardQueryBenchmarks,LeanCorpus_WildcardQuery,DefaultJob,Default,Default,Default,Default,Default,Default,Default,Default,Default,Default,Default,Default,Default,Default,Default,Default,Default,Default,Default,Default,Default,Default,Default,Default,Default,Default,Default,Default,Default,Default,Default,Default,Default,Default,Default,Default,Default,Default,Default,Default,Default,DefaultJob,WildcardPattern=m*rket&DocumentCount=100000,1,Workload,Warmup,1,622771948,256,2432702.92,0,0,0,3288
WildcardQueryBenchmarks.LeanCorpus_WildcardQuery,Rowles.LeanCorpus.Benchmarks,WildcardQueryBenchmarks,LeanCorpus_WildcardQuery,DefaultJob,Default,Default,Default,Default,Default,Default,Default,Default,Default,Default,Default,Default,Default,Default,Default,Default,Default,Default,Default,Default,Default,Default,Default,Default,Default,Default,Default,Default,Default,Default,Default,Default,Default,Default,Default,Default,Default,Default,Default,Default,Default,DefaultJob,WildcardPattern=m*rket&DocumentCount=100000,1,Workload,Warmup,2,624726177,256,2440336.63,0,0,0,3288
WildcardQueryBenchmarks.LeanCorpus_WildcardQuery,Rowles.LeanCorpus.Benchmarks,WildcardQueryBenchmarks,LeanCorpus_WildcardQuery,DefaultJob,Default,Default,Default,Default,Default,Default,Default,Default,Default,Default,Default,Default,Default,Default,Default,Default,Default,Default,Default,Default,Default,Default,Default,Default,Default,Default,Default,Default,Default,Default,Default,Default,Default,Default,Default,Default,Default,Default,Default,Default,Default,DefaultJob,WildcardPattern=m*rket&DocumentCount=100000,1,Workload,Warmup,3,628920328,256,2456720.03,0,0,0,3288
WildcardQueryBenchmarks.LeanCorpus_WildcardQuery,Rowles.LeanCorpus.Benchmarks,WildcardQueryBenchmarks,LeanCorpus_WildcardQuery,DefaultJob,Default,Default,Default,Default,Default,Default,Default,Default,Default,Default,Default,Default,Default,Default,Default,Default,Default,Default,Default,Default,Default,Default,Default,Default,Default,Default,Default,Default,Default,Default,Default,Default,Default,Default,Default,Default,Default,Default,Default,Default,Default,DefaultJob,WildcardPattern=m*rket&DocumentCount=100000,1,Workload,Warmup,4,625183639,256,2442123.59,0,0,0,3288
WildcardQueryBenchmarks.LeanCorpus_WildcardQuery,Rowles.LeanCorpus.Benchmarks,WildcardQueryBenchmarks,LeanCorpus_WildcardQuery,DefaultJob,Default,Default,Default,Default,Default,Default,Default,Default,Default,Default,Default,Default,Default,Default,Default,Default,Default,Default,Default,Default,Default,Default,Default,Default,Default,Default,Default,Default,Default,Default,Default,Default,Default,Default,Default,Default,Default,Default,Default,Default,Default,DefaultJob,WildcardPattern=m*rket&DocumentCount=100000,1,Workload,Warmup,5,619750752,256,2420901.38,0,0,0,3288
WildcardQueryBenchmarks.LeanCorpus_WildcardQuery,Rowles.LeanCorpus.Benchmarks,WildcardQueryBenchmarks,LeanCorpus_WildcardQuery,DefaultJob,Default,Default,Default,Default,Default,Default,Default,Default,Default,Default,Default,Default,Default,Default,Default,Default,Default,Default,Default,Default,Default,Default,Default,Default,Default,Default,Default,Default,Default,Default,Default,Default,Default,Default,Default,Default,Default,Default,Default,Default,Default,DefaultJob,WildcardPattern=m*rket&DocumentCount=100000,1,Workload,Warmup,6,622561489,256,2431880.82,0,0,0,3288
WildcardQueryBenchmarks.LeanCorpus_WildcardQuery,Rowles.LeanCorpus.Benchmarks,WildcardQueryBenchmarks,LeanCorpus_WildcardQuery,DefaultJob,Default,Default,Default,Default,Default,Default,Default,Default,Default,Default,Default,Default,Default,Default,Default,Default,Default,Default,Default,Default,Default,Default,Default,Default,Default,Default,Default,Default,Default,Default,Default,Default,Default,Default,Default,Default,Default,Default,Default,Default,Default,DefaultJob,WildcardPattern=m*rket&DocumentCount=100000,1,Workload,Warmup,7,625532226,256,2443485.26,0,0,0,3288
WildcardQueryBenchmarks.LeanCorpus_WildcardQuery,Rowles.LeanCorpus.Benchmarks,WildcardQueryBenchmarks,LeanCorpus_WildcardQuery,DefaultJob,Default,Default,Default,Default,Default,Default,Default,Default,Default,Default,Default,Default,Default,Default,Default,Default,Default,Default,Default,Default,Default,Default,Default,Default,Default,Default,Default,Default,Default,Default,Default,Default,Default,Default,Default,Default,Default,Default,Default,Default,Default,DefaultJob,WildcardPattern=m*rket&DocumentCount=100000,1,Workload,Warmup,8,628067992,256,2453390.59,0,0,0,3288
WildcardQueryBenchmarks.LeanCorpus_WildcardQuery,Rowles.LeanCorpus.Benchmarks,WildcardQueryBenchmarks,LeanCorpus_WildcardQuery,DefaultJob,Default,Default,Default,Default,Default,Default,Default,Default,Default,Default,Default,Default,Default,Default,Default,Default,Default,Default,Default,Default,Default,Default,Default,Default,Default,Default,Default,Default,Default,Default,Default,Default,Default,Default,Default,Default,Default,Default,Default,Default,Default,DefaultJob,WildcardPattern=m*rket&DocumentCount=100000,1,Workload,Warmup,9,619429927,256,2419648.15,0,0,0,3288
WildcardQueryBenchmarks.LeanCorpus_WildcardQuery,Rowles.LeanCorpus.Benchmarks,WildcardQueryBenchmarks,LeanCorpus_WildcardQuery,DefaultJob,Default,Default,Default,Default,Default,Default,Default,Default,Default,Default,Default,Default,Default,Default,Default,Default,Default,Default,Default,Default,Default,Default,Default,Default,Default,Default,Default,Default,Default,Default,Default,Default,Default,Default,Default,Default,Default,Default,Default,Default,Default,DefaultJob,WildcardPattern=m*rket&DocumentCount=100000,1,Workload,Actual,1,622774847,256,2432714.25,0,0,0,3288
WildcardQueryBenchmarks.LeanCorpus_WildcardQuery,Rowles.LeanCorpus.Benchmarks,WildcardQueryBenchmarks,LeanCorpus_WildcardQuery,DefaultJob,Default,Default,Default,Default,Default,Default,Default,Default,Default,Default,Default,Default,Default,Default,Default,Default,Default,Default,Default,Default,Default,Default,Default,Default,Default,Default,Default,Default,Default,Default,Default,Default,Default,Default,Default,Default,Default,Default,Default,Default,Default,DefaultJob,WildcardPattern=m*rket&DocumentCount=100000,1,Workload,Actual,2,628816186,256,2456313.23,0,0,0,3288
WildcardQueryBenchmarks.LeanCorpus_WildcardQuery,Rowles.LeanCorpus.Benchmarks,WildcardQueryBenchmarks,LeanCorpus_WildcardQuery,DefaultJob,Default,Default,Default,Default,Default,Default,Default,Default,Default,Default,Default,Default,Default,Default,Default,Default,Default,Default,Default,Default,Default,Default,Default,Default,Default,Default,Default,Default,Default,Default,Default,Default,Default,Default,Default,Default,Default,Default,Default,Default,Default,DefaultJob,WildcardPattern=m*rket&DocumentCount=100000,1,Workload,Actual,3,622166918,256,2430339.52,0,0,0,3288
WildcardQueryBenchmarks.LeanCorpus_WildcardQuery,Rowles.LeanCorpus.Benchmarks,WildcardQueryBenchmarks,LeanCorpus_WildcardQuery,DefaultJob,Default,Default,Default,Default,Default,Default,Default,Default,Default,Default,Default,Default,Default,Default,Default,Default,Default,Default,Default,Default,Default,Default,Default,Default,Default,Default,Default,Default,Default,Default,Default,Default,Default,Default,Default,Default,Default,Default,Default,Default,Default,DefaultJob,WildcardPattern=m*rket&DocumentCount=100000,1,Workload,Actual,4,627640913,256,2451722.32,0,0,0,3288
WildcardQueryBenchmarks.LeanCorpus_WildcardQuery,Rowles.LeanCorpus.Benchmarks,WildcardQueryBenchmarks,LeanCorpus_WildcardQuery,DefaultJob,Default,Default,Default,Default,Default,Default,Default,Default,Default,Default,Default,Default,Default,Default,Default,Default,Default,Default,Default,Default,Default,Default,Default,Default,Default,Default,Default,Default,Default,Default,Default,Default,Default,Default,Default,Default,Default,Default,Default,Default,Default,DefaultJob,WildcardPattern=m*rket&DocumentCount=100000,1,Workload,Actual,5,619785028,256,2421035.27,0,0,0,3288
WildcardQueryBenchmarks.LeanCorpus_WildcardQuery,Rowles.LeanCorpus.Benchmarks,WildcardQueryBenchmarks,LeanCorpus_WildcardQuery,DefaultJob,Default,Default,Default,Default,Default,Default,Default,Default,Default,Default,Default,Default,Default,Default,Default,Default,Default,Default,Default,Default,Default,Default,Default,Default,Default,Default,Default,Default,Default,Default,Default,Default,Default,Default,Default,Default,Default,Default,Default,Default,Default,DefaultJob,WildcardPattern=m*rket&DocumentCount=100000,1,Workload,Actual,6,620326573,256,2423150.68,0,0,0,3288
WildcardQueryBenchmarks.LeanCorpus_WildcardQuery,Rowles.LeanCorpus.Benchmarks,WildcardQueryBenchmarks,LeanCorpus_WildcardQuery,DefaultJob,Default,Default,Default,Default,Default,Default,Default,Default,Default,Default,Default,Default,Default,Default,Default,Default,Default,Default,Default,Default,Default,Default,Default,Default,Default,Default,Default,Default,Default,Default,Default,Default,Default,Default,Default,Default,Default,Default,Default,Default,Default,DefaultJob,WildcardPattern=m*rket&DocumentCount=100000,1,Workload,Actual,7,617740918,256,2413050.46,0,0,0,3288
WildcardQueryBenchmarks.LeanCorpus_WildcardQuery,Rowles.LeanCorpus.Benchmarks,WildcardQueryBenchmarks,LeanCorpus_WildcardQuery,DefaultJob,Default,Default,Default,Default,Default,Default,Default,Default,Default,Default,Default,Default,Default,Default,Default,Default,Default,Default,Default,Default,Default,Default,Default,Default,Default,Default,Default,Default,Default,Default,Default,Default,Default,Default,Default,Default,Default,Default,Default,Default,Default,DefaultJob,WildcardPattern=m*rket&DocumentCount=100000,1,Workload,Actual,8,622660631,256,2432268.09,0,0,0,3288
WildcardQueryBenchmarks.LeanCorpus_WildcardQuery,Rowles.LeanCorpus.Benchmarks,WildcardQueryBenchmarks,LeanCorpus_WildcardQuery,DefaultJob,Default,Default,Default,Default,Default,Default,Default,Default,Default,Default,Default,Default,Default,Default,Default,Default,Default,Default,Default,Default,Default,Default,Default,Default,Default,Default,Default,Default,Default,Default,Default,Default,Default,Default,Default,Default,Default,Default,Default,Default,Default,DefaultJob,WildcardPattern=m*rket&DocumentCount=100000,1,Workload,Actual,9,630147617,256,2461514.13,0,0,0,3288
WildcardQueryBenchmarks.LeanCorpus_WildcardQuery,Rowles.LeanCorpus.Benchmarks,WildcardQueryBenchmarks,LeanCorpus_WildcardQuery,DefaultJob,Default,Default,Default,Default,Default,Default,Default,Default,Default,Default,Default,Default,Default,Default,Default,Default,Default,Default,Default,Default,Default,Default,Default,Default,Default,Default,Default,Default,Default,Default,Default,Default,Default,Default,Default,Default,Default,Default,Default,Default,Default,DefaultJob,WildcardPattern=m*rket&DocumentCount=100000,1,Workload,Actual,10,624790252,256,2440586.92,0,0,0,3288
WildcardQueryBenchmarks.LeanCorpus_WildcardQuery,Rowles.LeanCorpus.Benchmarks,WildcardQueryBenchmarks,LeanCorpus_WildcardQuery,DefaultJob,Default,Default,Default,Default,Default,Default,Default,Default,Default,Default,Default,Default,Default,Default,Default,Default,Default,Default,Default,Default,Default,Default,Default,Default,Default,Default,Default,Default,Default,Default,Default,Default,Default,Default,Default,Default,Default,Default,Default,Default,Default,DefaultJob,WildcardPattern=m*rket&DocumentCount=100000,1,Workload,Actual,11,618594996,256,2416386.7,0,0,0,3288
WildcardQueryBenchmarks.LeanCorpus_WildcardQuery,Rowles.LeanCorpus.Benchmarks,WildcardQueryBenchmarks,LeanCorpus_WildcardQuery,DefaultJob,Default,Default,Default,Default,Default,Default,Default,Default,Default,Default,Default,Default,Default,Default,Default,Default,Default,Default,Default,Default,Default,Default,Default,Default,Default,Default,Default,Default,Default,Default,Default,Default,Default,Default,Default,Default,Default,Default,Default,Default,Default,DefaultJob,WildcardPattern=m*rket&DocumentCount=100000,1,Workload,Actual,12,628469421,256,2454958.68,0,0,0,3288
WildcardQueryBenchmarks.LeanCorpus_WildcardQuery,Rowles.LeanCorpus.Benchmarks,WildcardQueryBenchmarks,LeanCorpus_WildcardQuery,DefaultJob,Default,Default,Default,Default,Default,Default,Default,Default,Default,Default,Default,Default,Default,Default,Default,Default,Default,Default,Default,Default,Default,Default,Default,Default,Default,Default,Default,Default,Default,Default,Default,Default,Default,Default,Default,Default,Default,Default,Default,Default,Default,DefaultJob,WildcardPattern=m*rket&DocumentCount=100000,1,Workload,Actual,13,626964515,256,2449080.14,0,0,0,3288
WildcardQueryBenchmarks.LeanCorpus_WildcardQuery,Rowles.LeanCorpus.Benchmarks,WildcardQueryBenchmarks,LeanCorpus_WildcardQuery,DefaultJob,Default,Default,Default,Default,Default,Default,Default,Default,Default,Default,Default,Default,Default,Default,Default,Default,Default,Default,Default,Default,Default,Default,Default,Default,Default,Default,Default,Default,Default,Default,Default,Default,Default,Default,Default,Default,Default,Default,Default,Default,Default,DefaultJob,WildcardPattern=m*rket&DocumentCount=100000,1,Workload,Actual,14,622902087,256,2433211.28,0,0,0,3288
WildcardQueryBenchmarks.LeanCorpus_WildcardQuery,Rowles.LeanCorpus.Benchmarks,WildcardQueryBenchmarks,LeanCorpus_WildcardQuery,DefaultJob,Default,Default,Default,Default,Default,Default,Default,Default,Default,Default,Default,Default,Default,Default,Default,Default,Default,Default,Default,Default,Default,Default,Default,Default,Default,Default,Default,Default,Default,Default,Default,Default,Default,Default,Default,Default,Default,Default,Default,Default,Default,DefaultJob,WildcardPattern=m*rket&DocumentCount=100000,1,Workload,Actual,15,624789746,256,2440584.95,0,0,0,3288
WildcardQueryBenchmarks.LeanCorpus_WildcardQuery,Rowles.LeanCorpus.Benchmarks,WildcardQueryBenchmarks,LeanCorpus_WildcardQuery,DefaultJob,Default,Default,Default,Default,Default,Default,Default,Default,Default,Default,Default,Default,Default,Default,Default,Default,Default,Default,Default,Default,Default,Default,Default,Default,Default,Default,Default,Default,Default,Default,Default,Default,Default,Default,Default,Default,Default,Default,Default,Default,Default,DefaultJob,WildcardPattern=m*rket&DocumentCount=100000,1,Workload,Extra,1,618419226,256,2415700.1,0,0,0,3288
WildcardQueryBenchmarks.LeanCorpus_WildcardQuery,Rowles.LeanCorpus.Benchmarks,WildcardQueryBenchmarks,LeanCorpus_WildcardQuery,DefaultJob,Default,Default,Default,Default,Default,Default,Default,Default,Default,Default,Default,Default,Default,Default,Default,Default,Default,Default,Default,Default,Default,Default,Default,Default,Default,Default,Default,Default,Default,Default,Default,Default,Default,Default,Default,Default,Default,Default,Default,Default,Default,DefaultJob,WildcardPattern=m*rket&DocumentCount=100000,1,Workload,Result,1,622774847,256,2432714.25,0,0,0,3288
WildcardQueryBenchmarks.LeanCorpus_WildcardQuery,Rowles.LeanCorpus.Benchmarks,WildcardQueryBenchmarks,LeanCorpus_WildcardQuery,DefaultJob,Default,Default,Default,Default,Default,Default,Default,Default,Default,Default,Default,Default,Default,Default,Default,Default,Default,Default,Default,Default,Default,Default,Default,Default,Default,Default,Default,Default,Default,Default,Default,Default,Default,Default,Default,Default,Default,Default,Default,Default,Default,DefaultJob,WildcardPattern=m*rket&DocumentCount=100000,1,Workload,Result,2,628816186,256,2456313.23,0,0,0,3288
WildcardQueryBenchmarks.LeanCorpus_WildcardQuery,Rowles.LeanCorpus.Benchmarks,WildcardQueryBenchmarks,LeanCorpus_WildcardQuery,DefaultJob,Default,Default,Default,Default,Default,Default,Default,Default,Default,Default,Default,Default,Default,Default,Default,Default,Default,Default,Default,Default,Default,Default,Default,Default,Default,Default,Default,Default,Default,Default,Default,Default,Default,Default,Default,Default,Default,Default,Default,Default,Default,DefaultJob,WildcardPattern=m*rket&DocumentCount=100000,1,Workload,Result,3,622166918,256,2430339.52,0,0,0,3288
WildcardQueryBenchmarks.LeanCorpus_WildcardQuery,Rowles.LeanCorpus.Benchmarks,WildcardQueryBenchmarks,LeanCorpus_WildcardQuery,DefaultJob,Default,Default,Default,Default,Default,Default,Default,Default,Default,Default,Default,Default,Default,Default,Default,Default,Default,Default,Default,Default,Default,Default,Default,Default,Default,Default,Default,Default,Default,Default,Default,Default,Default,Default,Default,Default,Default,Default,Default,Default,Default,DefaultJob,WildcardPattern=m*rket&DocumentCount=100000,1,Workload,Result,4,627640913,256,2451722.32,0,0,0,3288
WildcardQueryBenchmarks.LeanCorpus_WildcardQuery,Rowles.LeanCorpus.Benchmarks,WildcardQueryBenchmarks,LeanCorpus_WildcardQuery,DefaultJob,Default,Default,Default,Default,Default,Default,Default,Default,Default,Default,Default,Default,Default,Default,Default,Default,Default,Default,Default,Default,Default,Default,Default,Default,Default,Default,Default,Default,Default,Default,Default,Default,Default,Default,Default,Default,Default,Default,Default,Default,Default,DefaultJob,WildcardPattern=m*rket&DocumentCount=100000,1,Workload,Result,5,619785028,256,2421035.27,0,0,0,3288
WildcardQueryBenchmarks.LeanCorpus_WildcardQuery,Rowles.LeanCorpus.Benchmarks,WildcardQueryBenchmarks,LeanCorpus_WildcardQuery,DefaultJob,Default,Default,Default,Default,Default,Default,Default,Default,Default,Default,Default,Default,Default,Default,Default,Default,Default,Default,Default,Default,Default,Default,Default,Default,Default,Default,Default,Default,Default,Default,Default,Default,Default,Default,Default,Default,Default,Default,Default,Default,Default,DefaultJob,WildcardPattern=m*rket&DocumentCount=100000,1,Workload,Result,6,620326573,256,2423150.68,0,0,0,3288
WildcardQueryBenchmarks.LeanCorpus_WildcardQuery,Rowles.LeanCorpus.Benchmarks,WildcardQueryBenchmarks,LeanCorpus_WildcardQuery,DefaultJob,Default,Default,Default,Default,Default,Default,Default,Default,Default,Default,Default,Default,Default,Default,Default,Default,Default,Default,Default,Default,Default,Default,Default,Default,Default,Default,Default,Default,Default,Default,Default,Default,Default,Default,Default,Default,Default,Default,Default,Default,Default,DefaultJob,WildcardPattern=m*rket&DocumentCount=100000,1,Workload,Result,7,617740918,256,2413050.46,0,0,0,3288
WildcardQueryBenchmarks.LeanCorpus_WildcardQuery,Rowles.LeanCorpus.Benchmarks,WildcardQueryBenchmarks,LeanCorpus_WildcardQuery,DefaultJob,Default,Default,Default,Default,Default,Default,Default,Default,Default,Default,Default,Default,Default,Default,Default,Default,Default,Default,Default,Default,Default,Default,Default,Default,Default,Default,Default,Default,Default,Default,Default,Default,Default,Default,Default,Default,Default,Default,Default,Default,Default,DefaultJob,WildcardPattern=m*rket&DocumentCount=100000,1,Workload,Result,8,622660631,256,2432268.09,0,0,0,3288
WildcardQueryBenchmarks.LeanCorpus_WildcardQuery,Rowles.LeanCorpus.Benchmarks,WildcardQueryBenchmarks,LeanCorpus_WildcardQuery,DefaultJob,Default,Default,Default,Default,Default,Default,Default,Default,Default,Default,Default,Default,Default,Default,Default,Default,Default,Default,Default,Default,Default,Default,Default,Default,Default,Default,Default,Default,Default,Default,Default,Default,Default,Default,Default,Default,Default,Default,Default,Default,Default,DefaultJob,WildcardPattern=m*rket&DocumentCount=100000,1,Workload,Result,9,630147617,256,2461514.13,0,0,0,3288
WildcardQueryBenchmarks.LeanCorpus_WildcardQuery,Rowles.LeanCorpus.Benchmarks,WildcardQueryBenchmarks,LeanCorpus_WildcardQuery,DefaultJob,Default,Default,Default,Default,Default,Default,Default,Default,Default,Default,Default,Default,Default,Default,Default,Default,Default,Default,Default,Default,Default,Default,Default,Default,Default,Default,Default,Default,Default,Default,Default,Default,Default,Default,Default,Default,Default,Default,Default,Default,Default,DefaultJob,WildcardPattern=m*rket&DocumentCount=100000,1,Workload,Result,10,624790252,256,2440586.92,0,0,0,3288
WildcardQueryBenchmarks.LeanCorpus_WildcardQuery,Rowles.LeanCorpus.Benchmarks,WildcardQueryBenchmarks,LeanCorpus_WildcardQuery,DefaultJob,Default,Default,Default,Default,Default,Default,Default,Default,Default,Default,Default,Default,Default,Default,Default,Default,Default,Default,Default,Default,Default,Default,Default,Default,Default,Default,Default,Default,Default,Default,Default,Default,Default,Default,Default,Default,Default,Default,Default,Default,Default,DefaultJob,WildcardPattern=m*rket&DocumentCount=100000,1,Workload,Result,11,618594996,256,2416386.7,0,0,0,3288
WildcardQueryBenchmarks.LeanCorpus_WildcardQuery,Rowles.LeanCorpus.Benchmarks,WildcardQueryBenchmarks,LeanCorpus_WildcardQuery,DefaultJob,Default,Default,Default,Default,Default,Default,Default,Default,Default,Default,Default,Default,Default,Default,Default,Default,Default,Default,Default,Default,Default,Default,Default,Default,Default,Default,Default,Default,Default,Default,Default,Default,Default,Default,Default,Default,Default,Default,Default,Default,Default,DefaultJob,WildcardPattern=m*rket&DocumentCount=100000,1,Workload,Result,12,628469421,256,2454958.68,0,0,0,3288
WildcardQueryBenchmarks.LeanCorpus_WildcardQuery,Rowles.LeanCorpus.Benchmarks,WildcardQueryBenchmarks,LeanCorpus_WildcardQuery,DefaultJob,Default,Default,Default,Default,Default,Default,Default,Default,Default,Default,Default,Default,Default,Default,Default,Default,Default,Default,Default,Default,Default,Default,Default,Default,Default,Default,Default,Default,Default,Default,Default,Default,Default,Default,Default,Default,Default,Default,Default,Default,Default,DefaultJob,WildcardPattern=m*rket&DocumentCount=100000,1,Workload,Result,13,626964515,256,2449080.14,0,0,0,3288
WildcardQueryBenchmarks.LeanCorpus_WildcardQuery,Rowles.LeanCorpus.Benchmarks,WildcardQueryBenchmarks,LeanCorpus_WildcardQuery,DefaultJob,Default,Default,Default,Default,Default,Default,Default,Default,Default,Default,Default,Default,Default,Default,Default,Default,Default,Default,Default,Default,Default,Default,Default,Default,Default,Default,Default,Default,Default,Default,Default,Default,Default,Default,Default,Default,Default,Default,Default,Default,Default,DefaultJob,WildcardPattern=m*rket&DocumentCount=100000,1,Workload,Result,14,622902087,256,2433211.28,0,0,0,3288
WildcardQueryBenchmarks.LeanCorpus_WildcardQuery,Rowles.LeanCorpus.Benchmarks,WildcardQueryBenchmarks,LeanCorpus_WildcardQuery,DefaultJob,Default,Default,Default,Default,Default,Default,Default,Default,Default,Default,Default,Default,Default,Default,Default,Default,Default,Default,Default,Default,Default,Default,Default,Default,Default,Default,Default,Default,Default,Default,Default,Default,Default,Default,Default,Default,Default,Default,Default,Default,Default,DefaultJob,WildcardPattern=m*rket&DocumentCount=100000,1,Workload,Result,15,624789746,256,2440584.95,0,0,0,3288
WildcardQueryBenchmarks.LuceneNet_WildcardQuery,Rowles.LeanCorpus.Benchmarks,WildcardQueryBenchmarks,LuceneNet_WildcardQuery,DefaultJob,Default,Default,Default,Default,Default,Default,Default,Default,Default,Default,Default,Default,Default,Default,Default,Default,Default,Default,Default,Default,Default,Default,Default,Default,Default,Default,Default,Default,Default,Default,Default,Default,Default,Default,Default,Default,Default,Default,Default,Default,Default,DefaultJob,WildcardPattern=m*rket&DocumentCount=100000,1,Workload,Jitting,1,84712899,1,84712899,49,2,0,405895
WildcardQueryBenchmarks.LuceneNet_WildcardQuery,Rowles.LeanCorpus.Benchmarks,WildcardQueryBenchmarks,LuceneNet_WildcardQuery,DefaultJob,Default,Default,Default,Default,Default,Default,Default,Default,Default,Default,Default,Default,Default,Default,Default,Default,Default,Default,Default,Default,Default,Default,Default,Default,Default,Default,Default,Default,Default,Default,Default,Default,Default,Default,Default,Default,Default,Default,Default,Default,Default,DefaultJob,WildcardPattern=m*rket&DocumentCount=100000,1,Workload,Jitting,2,198311676,30,6610389.2,49,2,0,405895
WildcardQueryBenchmarks.LuceneNet_WildcardQuery,Rowles.LeanCorpus.Benchmarks,WildcardQueryBenchmarks,LuceneNet_WildcardQuery,DefaultJob,Default,Default,Default,Default,Default,Default,Default,Default,Default,Default,Default,Default,Default,Default,Default,Default,Default,Default,Default,Default,Default,Default,Default,Default,Default,Default,Default,Default,Default,Default,Default,Default,Default,Default,Default,Default,Default,Default,Default,Default,Default,DefaultJob,WildcardPattern=m*rket&DocumentCount=100000,1,Workload,Jitting,3,89999873,30,2999995.77,49,2,0,405895
WildcardQueryBenchmarks.LuceneNet_WildcardQuery,Rowles.LeanCorpus.Benchmarks,WildcardQueryBenchmarks,LuceneNet_WildcardQuery,DefaultJob,Default,Default,Default,Default,Default,Default,Default,Default,Default,Default,Default,Default,Default,Default,Default,Default,Default,Default,Default,Default,Default,Default,Default,Default,Default,Default,Default,Default,Default,Default,Default,Default,Default,Default,Default,Default,Default,Default,Default,Default,Default,DefaultJob,WildcardPattern=m*rket&DocumentCount=100000,1,Workload,Jitting,4,42518568,30,1417285.6,49,2,0,405895
WildcardQueryBenchmarks.LuceneNet_WildcardQuery,Rowles.LeanCorpus.Benchmarks,WildcardQueryBenchmarks,LuceneNet_WildcardQuery,DefaultJob,Default,Default,Default,Default,Default,Default,Default,Default,Default,Default,Default,Default,Default,Default,Default,Default,Default,Default,Default,Default,Default,Default,Default,Default,Default,Default,Default,Default,Default,Default,Default,Default,Default,Default,Default,Default,Default,Default,Default,Default,Default,DefaultJob,WildcardPattern=m*rket&DocumentCount=100000,1,Workload,Jitting,5,1862378,1,1862378,49,2,0,405895
WildcardQueryBenchmarks.LuceneNet_WildcardQuery,Rowles.LeanCorpus.Benchmarks,WildcardQueryBenchmarks,LuceneNet_WildcardQuery,DefaultJob,Default,Default,Default,Default,Default,Default,Default,Default,Default,Default,Default,Default,Default,Default,Default,Default,Default,Default,Default,Default,Default,Default,Default,Default,Default,Default,Default,Default,Default,Default,Default,Default,Default,Default,Default,Default,Default,Default,Default,Default,Default,DefaultJob,WildcardPattern=m*rket&DocumentCount=100000,1,Workload,Pilot,1,1836228,1,1836228,49,2,0,405895
WildcardQueryBenchmarks.LuceneNet_WildcardQuery,Rowles.LeanCorpus.Benchmarks,WildcardQueryBenchmarks,LuceneNet_WildcardQuery,DefaultJob,Default,Default,Default,Default,Default,Default,Default,Default,Default,Default,Default,Default,Default,Default,Default,Default,Default,Default,Default,Default,Default,Default,Default,Default,Default,Default,Default,Default,Default,Default,Default,Default,Default,Default,Default,Default,Default,Default,Default,Default,Default,DefaultJob,WildcardPattern=m*rket&DocumentCount=100000,1,Workload,Pilot,1,28686818,16,1792926.13,49,2,0,405895
WildcardQueryBenchmarks.LuceneNet_WildcardQuery,Rowles.LeanCorpus.Benchmarks,WildcardQueryBenchmarks,LuceneNet_WildcardQuery,DefaultJob,Default,Default,Default,Default,Default,Default,Default,Default,Default,Default,Default,Default,Default,Default,Default,Default,Default,Default,Default,Default,Default,Default,Default,Default,Default,Default,Default,Default,Default,Default,Default,Default,Default,Default,Default,Default,Default,Default,Default,Default,Default,DefaultJob,WildcardPattern=m*rket&DocumentCount=100000,1,Workload,Pilot,2,54396562,32,1699892.56,49,2,0,405895
WildcardQueryBenchmarks.LuceneNet_WildcardQuery,Rowles.LeanCorpus.Benchmarks,WildcardQueryBenchmarks,LuceneNet_WildcardQuery,DefaultJob,Default,Default,Default,Default,Default,Default,Default,Default,Default,Default,Default,Default,Default,Default,Default,Default,Default,Default,Default,Default,Default,Default,Default,Default,Default,Default,Default,Default,Default,Default,Default,Default,Default,Default,Default,Default,Default,Default,Default,Default,Default,DefaultJob,WildcardPattern=m*rket&DocumentCount=100000,1,Workload,Pilot,3,89396027,64,1396812.92,49,2,0,405895
WildcardQueryBenchmarks.LuceneNet_WildcardQuery,Rowles.LeanCorpus.Benchmarks,WildcardQueryBenchmarks,LuceneNet_WildcardQuery,DefaultJob,Default,Default,Default,Default,Default,Default,Default,Default,Default,Default,Default,Default,Default,Default,Default,Default,Default,Default,Default,Default,Default,Default,Default,Default,Default,Default,Default,Default,Default,Default,Default,Default,Default,Default,Default,Default,Default,Default,Default,Default,Default,DefaultJob,WildcardPattern=m*rket&DocumentCount=100000,1,Workload,Pilot,4,181199976,128,1415624.81,49,2,0,405895
WildcardQueryBenchmarks.LuceneNet_WildcardQuery,Rowles.LeanCorpus.Benchmarks,WildcardQueryBenchmarks,LuceneNet_WildcardQuery,DefaultJob,Default,Default,Default,Default,Default,Default,Default,Default,Default,Default,Default,Default,Default,Default,Default,Default,Default,Default,Default,Default,Default,Default,Default,Default,Default,Default,Default,Default,Default,Default,Default,Default,Default,Default,Default,Default,Default,Default,Default,Default,Default,DefaultJob,WildcardPattern=m*rket&DocumentCount=100000,1,Workload,Pilot,5,360855135,256,1409590.37,49,2,0,405895
WildcardQueryBenchmarks.LuceneNet_WildcardQuery,Rowles.LeanCorpus.Benchmarks,WildcardQueryBenchmarks,LuceneNet_WildcardQuery,DefaultJob,Default,Default,Default,Default,Default,Default,Default,Default,Default,Default,Default,Default,Default,Default,Default,Default,Default,Default,Default,Default,Default,Default,Default,Default,Default,Default,Default,Default,Default,Default,Default,Default,Default,Default,Default,Default,Default,Default,Default,Default,Default,DefaultJob,WildcardPattern=m*rket&DocumentCount=100000,1,Workload,Pilot,6,720238730,512,1406716.27,49,2,0,405895
WildcardQueryBenchmarks.LuceneNet_WildcardQuery,Rowles.LeanCorpus.Benchmarks,WildcardQueryBenchmarks,LuceneNet_WildcardQuery,DefaultJob,Default,Default,Default,Default,Default,Default,Default,Default,Default,Default,Default,Default,Default,Default,Default,Default,Default,Default,Default,Default,Default,Default,Default,Default,Default,Default,Default,Default,Default,Default,Default,Default,Default,Default,Default,Default,Default,Default,Default,Default,Default,DefaultJob,WildcardPattern=m*rket&DocumentCount=100000,1,Workload,Warmup,1,717784936,512,1401923.7,49,2,0,405895
WildcardQueryBenchmarks.LuceneNet_WildcardQuery,Rowles.LeanCorpus.Benchmarks,WildcardQueryBenchmarks,LuceneNet_WildcardQuery,DefaultJob,Default,Default,Default,Default,Default,Default,Default,Default,Default,Default,Default,Default,Default,Default,Default,Default,Default,Default,Default,Default,Default,Default,Default,Default,Default,Default,Default,Default,Default,Default,Default,Default,Default,Default,Default,Default,Default,Default,Default,Default,Default,DefaultJob,WildcardPattern=m*rket&DocumentCount=100000,1,Workload,Warmup,2,721438148,512,1409058.88,49,2,0,405895
WildcardQueryBenchmarks.LuceneNet_WildcardQuery,Rowles.LeanCorpus.Benchmarks,WildcardQueryBenchmarks,LuceneNet_WildcardQuery,DefaultJob,Default,Default,Default,Default,Default,Default,Default,Default,Default,Default,Default,Default,Default,Default,Default,Default,Default,Default,Default,Default,Default,Default,Default,Default,Default,Default,Default,Default,Default,Default,Default,Default,Default,Default,Default,Default,Default,Default,Default,Default,Default,DefaultJob,WildcardPattern=m*rket&DocumentCount=100000,1,Workload,Warmup,3,722419197,512,1410974.99,49,2,0,405895
WildcardQueryBenchmarks.LuceneNet_WildcardQuery,Rowles.LeanCorpus.Benchmarks,WildcardQueryBenchmarks,LuceneNet_WildcardQuery,DefaultJob,Default,Default,Default,Default,Default,Default,Default,Default,Default,Default,Default,Default,Default,Default,Default,Default,Default,Default,Default,Default,Default,Default,Default,Default,Default,Default,Default,Default,Default,Default,Default,Default,Default,Default,Default,Default,Default,Default,Default,Default,Default,DefaultJob,WildcardPattern=m*rket&DocumentCount=100000,1,Workload,Warmup,4,717929880,512,1402206.8,49,2,0,405895
WildcardQueryBenchmarks.LuceneNet_WildcardQuery,Rowles.LeanCorpus.Benchmarks,WildcardQueryBenchmarks,LuceneNet_WildcardQuery,DefaultJob,Default,Default,Default,Default,Default,Default,Default,Default,Default,Default,Default,Default,Default,Default,Default,Default,Default,Default,Default,Default,Default,Default,Default,Default,Default,Default,Default,Default,Default,Default,Default,Default,Default,Default,Default,Default,Default,Default,Default,Default,Default,DefaultJob,WildcardPattern=m*rket&DocumentCount=100000,1,Workload,Warmup,5,723002759,512,1412114.76,49,2,0,405895
WildcardQueryBenchmarks.LuceneNet_WildcardQuery,Rowles.LeanCorpus.Benchmarks,WildcardQueryBenchmarks,LuceneNet_WildcardQuery,DefaultJob,Default,Default,Default,Default,Default,Default,Default,Default,Default,Default,Default,Default,Default,Default,Default,Default,Default,Default,Default,Default,Default,Default,Default,Default,Default,Default,Default,Default,Default,Default,Default,Default,Default,Default,Default,Default,Default,Default,Default,Default,Default,DefaultJob,WildcardPattern=m*rket&DocumentCount=100000,1,Workload,Warmup,6,722627418,512,1411381.68,49,2,0,405895
WildcardQueryBenchmarks.LuceneNet_WildcardQuery,Rowles.LeanCorpus.Benchmarks,WildcardQueryBenchmarks,LuceneNet_WildcardQuery,DefaultJob,Default,Default,Default,Default,Default,Default,Default,Default,Default,Default,Default,Default,Default,Default,Default,Default,Default,Default,Default,Default,Default,Default,Default,Default,Default,Default,Default,Default,Default,Default,Default,Default,Default,Default,Default,Default,Default,Default,Default,Default,Default,DefaultJob,WildcardPattern=m*rket&DocumentCount=100000,1,Workload,Actual,1,725178423,512,1416364.11,49,2,0,405895
WildcardQueryBenchmarks.LuceneNet_WildcardQuery,Rowles.LeanCorpus.Benchmarks,WildcardQueryBenchmarks,LuceneNet_WildcardQuery,DefaultJob,Default,Default,Default,Default,Default,Default,Default,Default,Default,Default,Default,Default,Default,Default,Default,Default,Default,Default,Default,Default,Default,Default,Default,Default,Default,Default,Default,Default,Default,Default,Default,Default,Default,Default,Default,Default,Default,Default,Default,Default,Default,DefaultJob,WildcardPattern=m*rket&DocumentCount=100000,1,Workload,Actual,2,726149084,512,1418259.93,49,2,0,405895
WildcardQueryBenchmarks.LuceneNet_WildcardQuery,Rowles.LeanCorpus.Benchmarks,WildcardQueryBenchmarks,LuceneNet_WildcardQuery,DefaultJob,Default,Default,Default,Default,Default,Default,Default,Default,Default,Default,Default,Default,Default,Default,Default,Default,Default,Default,Default,Default,Default,Default,Default,Default,Default,Default,Default,Default,Default,Default,Default,Default,Default,Default,Default,Default,Default,Default,Default,Default,Default,DefaultJob,WildcardPattern=m*rket&DocumentCount=100000,1,Workload,Actual,3,712634754,512,1391864.75,49,2,0,405895
WildcardQueryBenchmarks.LuceneNet_WildcardQuery,Rowles.LeanCorpus.Benchmarks,WildcardQueryBenchmarks,LuceneNet_WildcardQuery,DefaultJob,Default,Default,Default,Default,Default,Default,Default,Default,Default,Default,Default,Default,Default,Default,Default,Default,Default,Default,Default,Default,Default,Default,Default,Default,Default,Default,Default,Default,Default,Default,Default,Default,Default,Default,Default,Default,Default,Default,Default,Default,Default,DefaultJob,WildcardPattern=m*rket&DocumentCount=100000,1,Workload,Actual,4,722436292,512,1411008.38,49,2,0,405895
WildcardQueryBenchmarks.LuceneNet_WildcardQuery,Rowles.LeanCorpus.Benchmarks,WildcardQueryBenchmarks,LuceneNet_WildcardQuery,DefaultJob,Default,Default,Default,Default,Default,Default,Default,Default,Default,Default,Default,Default,Default,Default,Default,Default,Default,Default,Default,Default,Default,Default,Default,Default,Default,Default,Default,Default,Default,Default,Default,Default,Default,Default,Default,Default,Default,Default,Default,Default,Default,DefaultJob,WildcardPattern=m*rket&DocumentCount=100000,1,Workload,Actual,5,718950845,512,1404200.87,49,2,0,405895
WildcardQueryBenchmarks.LuceneNet_WildcardQuery,Rowles.LeanCorpus.Benchmarks,WildcardQueryBenchmarks,LuceneNet_WildcardQuery,DefaultJob,Default,Default,Default,Default,Default,Default,Default,Default,Default,Default,Default,Default,Default,Default,Default,Default,Default,Default,Default,Default,Default,Default,Default,Default,Default,Default,Default,Default,Default,Default,Default,Default,Default,Default,Default,Default,Default,Default,Default,Default,Default,DefaultJob,WildcardPattern=m*rket&DocumentCount=100000,1,Workload,Actual,6,721086008,512,1408371.11,49,2,0,405895
WildcardQueryBenchmarks.LuceneNet_WildcardQuery,Rowles.LeanCorpus.Benchmarks,WildcardQueryBenchmarks,LuceneNet_WildcardQuery,DefaultJob,Default,Default,Default,Default,Default,Default,Default,Default,Default,Default,Default,Default,Default,Default,Default,Default,Default,Default,Default,Default,Default,Default,Default,Default,Default,Default,Default,Default,Default,Default,Default,Default,Default,Default,Default,Default,Default,Default,Default,Default,Default,DefaultJob,WildcardPattern=m*rket&DocumentCount=100000,1,Workload,Actual,7,720076510,512,1406399.43,49,2,0,405895
WildcardQueryBenchmarks.LuceneNet_WildcardQuery,Rowles.LeanCorpus.Benchmarks,WildcardQueryBenchmarks,LuceneNet_WildcardQuery,DefaultJob,Default,Default,Default,Default,Default,Default,Default,Default,Default,Default,Default,Default,Default,Default,Default,Default,Default,Default,Default,Default,Default,Default,Default,Default,Default,Default,Default,Default,Default,Default,Default,Default,Default,Default,Default,Default,Default,Default,Default,Default,Default,DefaultJob,WildcardPattern=m*rket&DocumentCount=100000,1,Workload,Actual,8,722121429,512,1410393.42,49,2,0,405895
WildcardQueryBenchmarks.LuceneNet_WildcardQuery,Rowles.LeanCorpus.Benchmarks,WildcardQueryBenchmarks,LuceneNet_WildcardQuery,DefaultJob,Default,Default,Default,Default,Default,Default,Default,Default,Default,Default,Default,Default,Default,Default,Default,Default,Default,Default,Default,Default,Default,Default,Default,Default,Default,Default,Default,Default,Default,Default,Default,Default,Default,Default,Default,Default,Default,Default,Default,Default,Default,DefaultJob,WildcardPattern=m*rket&DocumentCount=100000,1,Workload,Actual,9,720554235,512,1407332.49,49,2,0,405895
WildcardQueryBenchmarks.LuceneNet_WildcardQuery,Rowles.LeanCorpus.Benchmarks,WildcardQueryBenchmarks,LuceneNet_WildcardQuery,DefaultJob,Default,Default,Default,Default,Default,Default,Default,Default,Default,Default,Default,Default,Default,Default,Default,Default,Default,Default,Default,Default,Default,Default,Default,Default,Default,Default,Default,Default,Default,Default,Default,Default,Default,Default,Default,Default,Default,Default,Default,Default,Default,DefaultJob,WildcardPattern=m*rket&DocumentCount=100000,1,Workload,Actual,10,718467184,512,1403256.22,49,2,0,405895
WildcardQueryBenchmarks.LuceneNet_WildcardQuery,Rowles.LeanCorpus.Benchmarks,WildcardQueryBenchmarks,LuceneNet_WildcardQuery,DefaultJob,Default,Default,Default,Default,Default,Default,Default,Default,Default,Default,Default,Default,Default,Default,Default,Default,Default,Default,Default,Default,Default,Default,Default,Default,Default,Default,Default,Default,Default,Default,Default,Default,Default,Default,Default,Default,Default,Default,Default,Default,Default,DefaultJob,WildcardPattern=m*rket&DocumentCount=100000,1,Workload,Actual,11,718320430,512,1402969.59,49,2,0,405895
WildcardQueryBenchmarks.LuceneNet_WildcardQuery,Rowles.LeanCorpus.Benchmarks,WildcardQueryBenchmarks,LuceneNet_WildcardQuery,DefaultJob,Default,Default,Default,Default,Default,Default,Default,Default,Default,Default,Default,Default,Default,Default,Default,Default,Default,Default,Default,Default,Default,Default,Default,Default,Default,Default,Default,Default,Default,Default,Default,Default,Default,Default,Default,Default,Default,Default,Default,Default,Default,DefaultJob,WildcardPattern=m*rket&DocumentCount=100000,1,Workload,Actual,12,722240213,512,1410625.42,49,2,0,405895
WildcardQueryBenchmarks.LuceneNet_WildcardQuery,Rowles.LeanCorpus.Benchmarks,WildcardQueryBenchmarks,LuceneNet_WildcardQuery,DefaultJob,Default,Default,Default,Default,Default,Default,Default,Default,Default,Default,Default,Default,Default,Default,Default,Default,Default,Default,Default,Default,Default,Default,Default,Default,Default,Default,Default,Default,Default,Default,Default,Default,Default,Default,Default,Default,Default,Default,Default,Default,Default,DefaultJob,WildcardPattern=m*rket&DocumentCount=100000,1,Workload,Actual,13,723497836,512,1413081.71,49,2,0,405895
WildcardQueryBenchmarks.LuceneNet_WildcardQuery,Rowles.LeanCorpus.Benchmarks,WildcardQueryBenchmarks,LuceneNet_WildcardQuery,DefaultJob,Default,Default,Default,Default,Default,Default,Default,Default,Default,Default,Default,Default,Default,Default,Default,Default,Default,Default,Default,Default,Default,Default,Default,Default,Default,Default,Default,Default,Default,Default,Default,Default,Default,Default,Default,Default,Default,Default,Default,Default,Default,DefaultJob,WildcardPattern=m*rket&DocumentCount=100000,1,Workload,Actual,14,724938852,512,1415896.2,49,2,0,405895
WildcardQueryBenchmarks.LuceneNet_WildcardQuery,Rowles.LeanCorpus.Benchmarks,WildcardQueryBenchmarks,LuceneNet_WildcardQuery,DefaultJob,Default,Default,Default,Default,Default,Default,Default,Default,Default,Default,Default,Default,Default,Default,Default,Default,Default,Default,Default,Default,Default,Default,Default,Default,Default,Default,Default,Default,Default,Default,Default,Default,Default,Default,Default,Default,Default,Default,Default,Default,Default,DefaultJob,WildcardPattern=m*rket&DocumentCount=100000,1,Workload,Actual,15,722632719,512,1411392.03,49,2,0,405895
WildcardQueryBenchmarks.LuceneNet_WildcardQuery,Rowles.LeanCorpus.Benchmarks,WildcardQueryBenchmarks,LuceneNet_WildcardQuery,DefaultJob,Default,Default,Default,Default,Default,Default,Default,Default,Default,Default,Default,Default,Default,Default,Default,Default,Default,Default,Default,Default,Default,Default,Default,Default,Default,Default,Default,Default,Default,Default,Default,Default,Default,Default,Default,Default,Default,Default,Default,Default,Default,DefaultJob,WildcardPattern=m*rket&DocumentCount=100000,1,Workload,Extra,1,715451459,512,1397366.13,49,2,0,405895
WildcardQueryBenchmarks.LuceneNet_WildcardQuery,Rowles.LeanCorpus.Benchmarks,WildcardQueryBenchmarks,LuceneNet_WildcardQuery,DefaultJob,Default,Default,Default,Default,Default,Default,Default,Default,Default,Default,Default,Default,Default,Default,Default,Default,Default,Default,Default,Default,Default,Default,Default,Default,Default,Default,Default,Default,Default,Default,Default,Default,Default,Default,Default,Default,Default,Default,Default,Default,Default,DefaultJob,WildcardPattern=m*rket&DocumentCount=100000,1,Workload,Result,1,725178423,512,1416364.11,49,2,0,405895
WildcardQueryBenchmarks.LuceneNet_WildcardQuery,Rowles.LeanCorpus.Benchmarks,WildcardQueryBenchmarks,LuceneNet_WildcardQuery,DefaultJob,Default,Default,Default,Default,Default,Default,Default,Default,Default,Default,Default,Default,Default,Default,Default,Default,Default,Default,Default,Default,Default,Default,Default,Default,Default,Default,Default,Default,Default,Default,Default,Default,Default,Default,Default,Default,Default,Default,Default,Default,Default,DefaultJob,WildcardPattern=m*rket&DocumentCount=100000,1,Workload,Result,2,726149084,512,1418259.93,49,2,0,405895
WildcardQueryBenchmarks.LuceneNet_WildcardQuery,Rowles.LeanCorpus.Benchmarks,WildcardQueryBenchmarks,LuceneNet_WildcardQuery,DefaultJob,Default,Default,Default,Default,Default,Default,Default,Default,Default,Default,Default,Default,Default,Default,Default,Default,Default,Default,Default,Default,Default,Default,Default,Default,Default,Default,Default,Default,Default,Default,Default,Default,Default,Default,Default,Default,Default,Default,Default,Default,Default,DefaultJob,WildcardPattern=m*rket&DocumentCount=100000,1,Workload,Result,3,712634754,512,1391864.75,49,2,0,405895
WildcardQueryBenchmarks.LuceneNet_WildcardQuery,Rowles.LeanCorpus.Benchmarks,WildcardQueryBenchmarks,LuceneNet_WildcardQuery,DefaultJob,Default,Default,Default,Default,Default,Default,Default,Default,Default,Default,Default,Default,Default,Default,Default,Default,Default,Default,Default,Default,Default,Default,Default,Default,Default,Default,Default,Default,Default,Default,Default,Default,Default,Default,Default,Default,Default,Default,Default,Default,Default,DefaultJob,WildcardPattern=m*rket&DocumentCount=100000,1,Workload,Result,4,722436292,512,1411008.38,49,2,0,405895
WildcardQueryBenchmarks.LuceneNet_WildcardQuery,Rowles.LeanCorpus.Benchmarks,WildcardQueryBenchmarks,LuceneNet_WildcardQuery,DefaultJob,Default,Default,Default,Default,Default,Default,Default,Default,Default,Default,Default,Default,Default,Default,Default,Default,Default,Default,Default,Default,Default,Default,Default,Default,Default,Default,Default,Default,Default,Default,Default,Default,Default,Default,Default,Default,Default,Default,Default,Default,Default,DefaultJob,WildcardPattern=m*rket&DocumentCount=100000,1,Workload,Result,5,718950845,512,1404200.87,49,2,0,405895
WildcardQueryBenchmarks.LuceneNet_WildcardQuery,Rowles.LeanCorpus.Benchmarks,WildcardQueryBenchmarks,LuceneNet_WildcardQuery,DefaultJob,Default,Default,Default,Default,Default,Default,Default,Default,Default,Default,Default,Default,Default,Default,Default,Default,Default,Default,Default,Default,Default,Default,Default,Default,Default,Default,Default,Default,Default,Default,Default,Default,Default,Default,Default,Default,Default,Default,Default,Default,Default,DefaultJob,WildcardPattern=m*rket&DocumentCount=100000,1,Workload,Result,6,721086008,512,1408371.11,49,2,0,405895
WildcardQueryBenchmarks.LuceneNet_WildcardQuery,Rowles.LeanCorpus.Benchmarks,WildcardQueryBenchmarks,LuceneNet_WildcardQuery,DefaultJob,Default,Default,Default,Default,Default,Default,Default,Default,Default,Default,Default,Default,Default,Default,Default,Default,Default,Default,Default,Default,Default,Default,Default,Default,Default,Default,Default,Default,Default,Default,Default,Default,Default,Default,Default,Default,Default,Default,Default,Default,Default,DefaultJob,WildcardPattern=m*rket&DocumentCount=100000,1,Workload,Result,7,720076510,512,1406399.43,49,2,0,405895
WildcardQueryBenchmarks.LuceneNet_WildcardQuery,Rowles.LeanCorpus.Benchmarks,WildcardQueryBenchmarks,LuceneNet_WildcardQuery,DefaultJob,Default,Default,Default,Default,Default,Default,Default,Default,Default,Default,Default,Default,Default,Default,Default,Default,Default,Default,Default,Default,Default,Default,Default,Default,Default,Default,Default,Default,Default,Default,Default,Default,Default,Default,Default,Default,Default,Default,Default,Default,Default,DefaultJob,WildcardPattern=m*rket&DocumentCount=100000,1,Workload,Result,8,722121429,512,1410393.42,49,2,0,405895
WildcardQueryBenchmarks.LuceneNet_WildcardQuery,Rowles.LeanCorpus.Benchmarks,WildcardQueryBenchmarks,LuceneNet_WildcardQuery,DefaultJob,Default,Default,Default,Default,Default,Default,Default,Default,Default,Default,Default,Default,Default,Default,Default,Default,Default,Default,Default,Default,Default,Default,Default,Default,Default,Default,Default,Default,Default,Default,Default,Default,Default,Default,Default,Default,Default,Default,Default,Default,Default,DefaultJob,WildcardPattern=m*rket&DocumentCount=100000,1,Workload,Result,9,720554235,512,1407332.49,49,2,0,405895
WildcardQueryBenchmarks.LuceneNet_WildcardQuery,Rowles.LeanCorpus.Benchmarks,WildcardQueryBenchmarks,LuceneNet_WildcardQuery,DefaultJob,Default,Default,Default,Default,Default,Default,Default,Default,Default,Default,Default,Default,Default,Default,Default,Default,Default,Default,Default,Default,Default,Default,Default,Default,Default,Default,Default,Default,Default,Default,Default,Default,Default,Default,Default,Default,Default,Default,Default,Default,Default,DefaultJob,WildcardPattern=m*rket&DocumentCount=100000,1,Workload,Result,10,718467184,512,1403256.22,49,2,0,405895
WildcardQueryBenchmarks.LuceneNet_WildcardQuery,Rowles.LeanCorpus.Benchmarks,WildcardQueryBenchmarks,LuceneNet_WildcardQuery,DefaultJob,Default,Default,Default,Default,Default,Default,Default,Default,Default,Default,Default,Default,Default,Default,Default,Default,Default,Default,Default,Default,Default,Default,Default,Default,Default,Default,Default,Default,Default,Default,Default,Default,Default,Default,Default,Default,Default,Default,Default,Default,Default,DefaultJob,WildcardPattern=m*rket&DocumentCount=100000,1,Workload,Result,11,718320430,512,1402969.59,49,2,0,405895
WildcardQueryBenchmarks.LuceneNet_WildcardQuery,Rowles.LeanCorpus.Benchmarks,WildcardQueryBenchmarks,LuceneNet_WildcardQuery,DefaultJob,Default,Default,Default,Default,Default,Default,Default,Default,Default,Default,Default,Default,Default,Default,Default,Default,Default,Default,Default,Default,Default,Default,Default,Default,Default,Default,Default,Default,Default,Default,Default,Default,Default,Default,Default,Default,Default,Default,Default,Default,Default,DefaultJob,WildcardPattern=m*rket&DocumentCount=100000,1,Workload,Result,12,722240213,512,1410625.42,49,2,0,405895
WildcardQueryBenchmarks.LuceneNet_WildcardQuery,Rowles.LeanCorpus.Benchmarks,WildcardQueryBenchmarks,LuceneNet_WildcardQuery,DefaultJob,Default,Default,Default,Default,Default,Default,Default,Default,Default,Default,Default,Default,Default,Default,Default,Default,Default,Default,Default,Default,Default,Default,Default,Default,Default,Default,Default,Default,Default,Default,Default,Default,Default,Default,Default,Default,Default,Default,Default,Default,Default,DefaultJob,WildcardPattern=m*rket&DocumentCount=100000,1,Workload,Result,13,723497836,512,1413081.71,49,2,0,405895
WildcardQueryBenchmarks.LuceneNet_WildcardQuery,Rowles.LeanCorpus.Benchmarks,WildcardQueryBenchmarks,LuceneNet_WildcardQuery,DefaultJob,Default,Default,Default,Default,Default,Default,Default,Default,Default,Default,Default,Default,Default,Default,Default,Default,Default,Default,Default,Default,Default,Default,Default,Default,Default,Default,Default,Default,Default,Default,Default,Default,Default,Default,Default,Default,Default,Default,Default,Default,Default,DefaultJob,WildcardPattern=m*rket&DocumentCount=100000,1,Workload,Result,14,724938852,512,1415896.2,49,2,0,405895
WildcardQueryBenchmarks.LuceneNet_WildcardQuery,Rowles.LeanCorpus.Benchmarks,WildcardQueryBenchmarks,LuceneNet_WildcardQuery,DefaultJob,Default,Default,Default,Default,Default,Default,Default,Default,Default,Default,Default,Default,Default,Default,Default,Default,Default,Default,Default,Default,Default,Default,Default,Default,Default,Default,Default,Default,Default,Default,Default,Default,Default,Default,Default,Default,Default,Default,Default,Default,Default,DefaultJob,WildcardPattern=m*rket&DocumentCount=100000,1,Workload,Result,15,722632719,512,1411392.03,49,2,0,405895
WildcardQueryBenchmarks.LeanCorpus_WildcardQuery,Rowles.LeanCorpus.Benchmarks,WildcardQueryBenchmarks,LeanCorpus_WildcardQuery,DefaultJob,Default,Default,Default,Default,Default,Default,Default,Default,Default,Default,Default,Default,Default,Default,Default,Default,Default,Default,Default,Default,Default,Default,Default,Default,Default,Default,Default,Default,Default,Default,Default,Default,Default,Default,Default,Default,Default,Default,Default,Default,Default,DefaultJob,WildcardPattern=pre*dent&DocumentCount=100000,1,Workload,Jitting,1,100576762,1,100576762,2,0,0,4304
WildcardQueryBenchmarks.LeanCorpus_WildcardQuery,Rowles.LeanCorpus.Benchmarks,WildcardQueryBenchmarks,LeanCorpus_WildcardQuery,DefaultJob,Default,Default,Default,Default,Default,Default,Default,Default,Default,Default,Default,Default,Default,Default,Default,Default,Default,Default,Default,Default,Default,Default,Default,Default,Default,Default,Default,Default,Default,Default,Default,Default,Default,Default,Default,Default,Default,Default,Default,Default,Default,DefaultJob,WildcardPattern=pre*dent&DocumentCount=100000,1,Workload,Jitting,2,81045279,30,2701509.3,2,0,0,4304
WildcardQueryBenchmarks.LeanCorpus_WildcardQuery,Rowles.LeanCorpus.Benchmarks,WildcardQueryBenchmarks,LeanCorpus_WildcardQuery,DefaultJob,Default,Default,Default,Default,Default,Default,Default,Default,Default,Default,Default,Default,Default,Default,Default,Default,Default,Default,Default,Default,Default,Default,Default,Default,Default,Default,Default,Default,Default,Default,Default,Default,Default,Default,Default,Default,Default,Default,Default,Default,Default,DefaultJob,WildcardPattern=pre*dent&DocumentCount=100000,1,Workload,Jitting,3,18232478,30,607749.27,2,0,0,4304
WildcardQueryBenchmarks.LeanCorpus_WildcardQuery,Rowles.LeanCorpus.Benchmarks,WildcardQueryBenchmarks,LeanCorpus_WildcardQuery,DefaultJob,Default,Default,Default,Default,Default,Default,Default,Default,Default,Default,Default,Default,Default,Default,Default,Default,Default,Default,Default,Default,Default,Default,Default,Default,Default,Default,Default,Default,Default,Default,Default,Default,Default,Default,Default,Default,Default,Default,Default,Default,Default,DefaultJob,WildcardPattern=pre*dent&DocumentCount=100000,1,Workload,Jitting,4,12180806,30,406026.87,2,0,0,4304
WildcardQueryBenchmarks.LeanCorpus_WildcardQuery,Rowles.LeanCorpus.Benchmarks,WildcardQueryBenchmarks,LeanCorpus_WildcardQuery,DefaultJob,Default,Default,Default,Default,Default,Default,Default,Default,Default,Default,Default,Default,Default,Default,Default,Default,Default,Default,Default,Default,Default,Default,Default,Default,Default,Default,Default,Default,Default,Default,Default,Default,Default,Default,Default,Default,Default,Default,Default,Default,Default,DefaultJob,WildcardPattern=pre*dent&DocumentCount=100000,1,Workload,Jitting,5,865235,1,865235,2,0,0,4304
WildcardQueryBenchmarks.LeanCorpus_WildcardQuery,Rowles.LeanCorpus.Benchmarks,WildcardQueryBenchmarks,LeanCorpus_WildcardQuery,DefaultJob,Default,Default,Default,Default,Default,Default,Default,Default,Default,Default,Default,Default,Default,Default,Default,Default,Default,Default,Default,Default,Default,Default,Default,Default,Default,Default,Default,Default,Default,Default,Default,Default,Default,Default,Default,Default,Default,Default,Default,Default,Default,DefaultJob,WildcardPattern=pre*dent&DocumentCount=100000,1,Workload,Pilot,1,909648,1,909648,2,0,0,4304
WildcardQueryBenchmarks.LeanCorpus_WildcardQuery,Rowles.LeanCorpus.Benchmarks,WildcardQueryBenchmarks,LeanCorpus_WildcardQuery,DefaultJob,Default,Default,Default,Default,Default,Default,Default,Default,Default,Default,Default,Default,Default,Default,Default,Default,Default,Default,Default,Default,Default,Default,Default,Default,Default,Default,Default,Default,Default,Default,Default,Default,Default,Default,Default,Default,Default,Default,Default,Default,Default,DefaultJob,WildcardPattern=pre*dent&DocumentCount=100000,1,Workload,Pilot,1,11904644,16,744040.25,2,0,0,4304
WildcardQueryBenchmarks.LeanCorpus_WildcardQuery,Rowles.LeanCorpus.Benchmarks,WildcardQueryBenchmarks,LeanCorpus_WildcardQuery,DefaultJob,Default,Default,Default,Default,Default,Default,Default,Default,Default,Default,Default,Default,Default,Default,Default,Default,Default,Default,Default,Default,Default,Default,Default,Default,Default,Default,Default,Default,Default,Default,Default,Default,Default,Default,Default,Default,Default,Default,Default,Default,Default,DefaultJob,WildcardPattern=pre*dent&DocumentCount=100000,1,Workload,Pilot,2,22269482,32,695921.31,2,0,0,4304
WildcardQueryBenchmarks.LeanCorpus_WildcardQuery,Rowles.LeanCorpus.Benchmarks,WildcardQueryBenchmarks,LeanCorpus_WildcardQuery,DefaultJob,Default,Default,Default,Default,Default,Default,Default,Default,Default,Default,Default,Default,Default,Default,Default,Default,Default,Default,Default,Default,Default,Default,Default,Default,Default,Default,Default,Default,Default,Default,Default,Default,Default,Default,Default,Default,Default,Default,Default,Default,Default,DefaultJob,WildcardPattern=pre*dent&DocumentCount=100000,1,Workload,Pilot,3,34485730,64,538839.53,2,0,0,4304
WildcardQueryBenchmarks.LeanCorpus_WildcardQuery,Rowles.LeanCorpus.Benchmarks,WildcardQueryBenchmarks,LeanCorpus_WildcardQuery,DefaultJob,Default,Default,Default,Default,Default,Default,Default,Default,Default,Default,Default,Default,Default,Default,Default,Default,Default,Default,Default,Default,Default,Default,Default,Default,Default,Default,Default,Default,Default,Default,Default,Default,Default,Default,Default,Default,Default,Default,Default,Default,Default,DefaultJob,WildcardPattern=pre*dent&DocumentCount=100000,1,Workload,Pilot,4,50121736,128,391576.06,2,0,0,4304
WildcardQueryBenchmarks.LeanCorpus_WildcardQuery,Rowles.LeanCorpus.Benchmarks,WildcardQueryBenchmarks,LeanCorpus_WildcardQuery,DefaultJob,Default,Default,Default,Default,Default,Default,Default,Default,Default,Default,Default,Default,Default,Default,Default,Default,Default,Default,Default,Default,Default,Default,Default,Default,Default,Default,Default,Default,Default,Default,Default,Default,Default,Default,Default,Default,Default,Default,Default,Default,Default,DefaultJob,WildcardPattern=pre*dent&DocumentCount=100000,1,Workload,Pilot,5,84514451,256,330134.57,2,0,0,4304
WildcardQueryBenchmarks.LeanCorpus_WildcardQuery,Rowles.LeanCorpus.Benchmarks,WildcardQueryBenchmarks,LeanCorpus_WildcardQuery,DefaultJob,Default,Default,Default,Default,Default,Default,Default,Default,Default,Default,Default,Default,Default,Default,Default,Default,Default,Default,Default,Default,Default,Default,Default,Default,Default,Default,Default,Default,Default,Default,Default,Default,Default,Default,Default,Default,Default,Default,Default,Default,Default,DefaultJob,WildcardPattern=pre*dent&DocumentCount=100000,1,Workload,Pilot,6,167280623,512,326719.97,2,0,0,4304
WildcardQueryBenchmarks.LeanCorpus_WildcardQuery,Rowles.LeanCorpus.Benchmarks,WildcardQueryBenchmarks,LeanCorpus_WildcardQuery,DefaultJob,Default,Default,Default,Default,Default,Default,Default,Default,Default,Default,Default,Default,Default,Default,Default,Default,Default,Default,Default,Default,Default,Default,Default,Default,Default,Default,Default,Default,Default,Default,Default,Default,Default,Default,Default,Default,Default,Default,Default,Default,Default,DefaultJob,WildcardPattern=pre*dent&DocumentCount=100000,1,Workload,Pilot,7,333277456,1024,325466.27,2,0,0,4304
WildcardQueryBenchmarks.LeanCorpus_WildcardQuery,Rowles.LeanCorpus.Benchmarks,WildcardQueryBenchmarks,LeanCorpus_WildcardQuery,DefaultJob,Default,Default,Default,Default,Default,Default,Default,Default,Default,Default,Default,Default,Default,Default,Default,Default,Default,Default,Default,Default,Default,Default,Default,Default,Default,Default,Default,Default,Default,Default,Default,Default,Default,Default,Default,Default,Default,Default,Default,Default,Default,DefaultJob,WildcardPattern=pre*dent&DocumentCount=100000,1,Workload,Pilot,8,668040199,2048,326191.5,2,0,0,4304
WildcardQueryBenchmarks.LeanCorpus_WildcardQuery,Rowles.LeanCorpus.Benchmarks,WildcardQueryBenchmarks,LeanCorpus_WildcardQuery,DefaultJob,Default,Default,Default,Default,Default,Default,Default,Default,Default,Default,Default,Default,Default,Default,Default,Default,Default,Default,Default,Default,Default,Default,Default,Default,Default,Default,Default,Default,Default,Default,Default,Default,Default,Default,Default,Default,Default,Default,Default,Default,Default,DefaultJob,WildcardPattern=pre*dent&DocumentCount=100000,1,Workload,Warmup,1,670652833,2048,327467.2,2,0,0,4304
WildcardQueryBenchmarks.LeanCorpus_WildcardQuery,Rowles.LeanCorpus.Benchmarks,WildcardQueryBenchmarks,LeanCorpus_WildcardQuery,DefaultJob,Default,Default,Default,Default,Default,Default,Default,Default,Default,Default,Default,Default,Default,Default,Default,Default,Default,Default,Default,Default,Default,Default,Default,Default,Default,Default,Default,Default,Default,Default,Default,Default,Default,Default,Default,Default,Default,Default,Default,Default,Default,DefaultJob,WildcardPattern=pre*dent&DocumentCount=100000,1,Workload,Warmup,2,666428960,2048,325404.77,2,0,0,4304
WildcardQueryBenchmarks.LeanCorpus_WildcardQuery,Rowles.LeanCorpus.Benchmarks,WildcardQueryBenchmarks,LeanCorpus_WildcardQuery,DefaultJob,Default,Default,Default,Default,Default,Default,Default,Default,Default,Default,Default,Default,Default,Default,Default,Default,Default,Default,Default,Default,Default,Default,Default,Default,Default,Default,Default,Default,Default,Default,Default,Default,Default,Default,Default,Default,Default,Default,Default,Default,Default,DefaultJob,WildcardPattern=pre*dent&DocumentCount=100000,1,Workload,Warmup,3,668332457,2048,326334.21,2,0,0,4304
WildcardQueryBenchmarks.LeanCorpus_WildcardQuery,Rowles.LeanCorpus.Benchmarks,WildcardQueryBenchmarks,LeanCorpus_WildcardQuery,DefaultJob,Default,Default,Default,Default,Default,Default,Default,Default,Default,Default,Default,Default,Default,Default,Default,Default,Default,Default,Default,Default,Default,Default,Default,Default,Default,Default,Default,Default,Default,Default,Default,Default,Default,Default,Default,Default,Default,Default,Default,Default,Default,DefaultJob,WildcardPattern=pre*dent&DocumentCount=100000,1,Workload,Warmup,4,667888507,2048,326117.44,2,0,0,4304
WildcardQueryBenchmarks.LeanCorpus_WildcardQuery,Rowles.LeanCorpus.Benchmarks,WildcardQueryBenchmarks,LeanCorpus_WildcardQuery,DefaultJob,Default,Default,Default,Default,Default,Default,Default,Default,Default,Default,Default,Default,Default,Default,Default,Default,Default,Default,Default,Default,Default,Default,Default,Default,Default,Default,Default,Default,Default,Default,Default,Default,Default,Default,Default,Default,Default,Default,Default,Default,Default,DefaultJob,WildcardPattern=pre*dent&DocumentCount=100000,1,Workload,Warmup,5,667171428,2048,325767.3,2,0,0,4304
WildcardQueryBenchmarks.LeanCorpus_WildcardQuery,Rowles.LeanCorpus.Benchmarks,WildcardQueryBenchmarks,LeanCorpus_WildcardQuery,DefaultJob,Default,Default,Default,Default,Default,Default,Default,Default,Default,Default,Default,Default,Default,Default,Default,Default,Default,Default,Default,Default,Default,Default,Default,Default,Default,Default,Default,Default,Default,Default,Default,Default,Default,Default,Default,Default,Default,Default,Default,Default,Default,DefaultJob,WildcardPattern=pre*dent&DocumentCount=100000,1,Workload,Warmup,6,659973503,2048,322252.69,2,0,0,4304
WildcardQueryBenchmarks.LeanCorpus_WildcardQuery,Rowles.LeanCorpus.Benchmarks,WildcardQueryBenchmarks,LeanCorpus_WildcardQuery,DefaultJob,Default,Default,Default,Default,Default,Default,Default,Default,Default,Default,Default,Default,Default,Default,Default,Default,Default,Default,Default,Default,Default,Default,Default,Default,Default,Default,Default,Default,Default,Default,Default,Default,Default,Default,Default,Default,Default,Default,Default,Default,Default,DefaultJob,WildcardPattern=pre*dent&DocumentCount=100000,1,Workload,Warmup,7,664796119,2048,324607.48,2,0,0,4304
WildcardQueryBenchmarks.LeanCorpus_WildcardQuery,Rowles.LeanCorpus.Benchmarks,WildcardQueryBenchmarks,LeanCorpus_WildcardQuery,DefaultJob,Default,Default,Default,Default,Default,Default,Default,Default,Default,Default,Default,Default,Default,Default,Default,Default,Default,Default,Default,Default,Default,Default,Default,Default,Default,Default,Default,Default,Default,Default,Default,Default,Default,Default,Default,Default,Default,Default,Default,Default,Default,DefaultJob,WildcardPattern=pre*dent&DocumentCount=100000,1,Workload,Warmup,8,664826658,2048,324622.39,2,0,0,4304
WildcardQueryBenchmarks.LeanCorpus_WildcardQuery,Rowles.LeanCorpus.Benchmarks,WildcardQueryBenchmarks,LeanCorpus_WildcardQuery,DefaultJob,Default,Default,Default,Default,Default,Default,Default,Default,Default,Default,Default,Default,Default,Default,Default,Default,Default,Default,Default,Default,Default,Default,Default,Default,Default,Default,Default,Default,Default,Default,Default,Default,Default,Default,Default,Default,Default,Default,Default,Default,Default,DefaultJob,WildcardPattern=pre*dent&DocumentCount=100000,1,Workload,Warmup,9,666895694,2048,325632.66,2,0,0,4304
WildcardQueryBenchmarks.LeanCorpus_WildcardQuery,Rowles.LeanCorpus.Benchmarks,WildcardQueryBenchmarks,LeanCorpus_WildcardQuery,DefaultJob,Default,Default,Default,Default,Default,Default,Default,Default,Default,Default,Default,Default,Default,Default,Default,Default,Default,Default,Default,Default,Default,Default,Default,Default,Default,Default,Default,Default,Default,Default,Default,Default,Default,Default,Default,Default,Default,Default,Default,Default,Default,DefaultJob,WildcardPattern=pre*dent&DocumentCount=100000,1,Workload,Warmup,10,671353434,2048,327809.29,2,0,0,4304
WildcardQueryBenchmarks.LeanCorpus_WildcardQuery,Rowles.LeanCorpus.Benchmarks,WildcardQueryBenchmarks,LeanCorpus_WildcardQuery,DefaultJob,Default,Default,Default,Default,Default,Default,Default,Default,Default,Default,Default,Default,Default,Default,Default,Default,Default,Default,Default,Default,Default,Default,Default,Default,Default,Default,Default,Default,Default,Default,Default,Default,Default,Default,Default,Default,Default,Default,Default,Default,Default,DefaultJob,WildcardPattern=pre*dent&DocumentCount=100000,1,Workload,Warmup,11,661526780,2048,323011.12,2,0,0,4304
WildcardQueryBenchmarks.LeanCorpus_WildcardQuery,Rowles.LeanCorpus.Benchmarks,WildcardQueryBenchmarks,LeanCorpus_WildcardQuery,DefaultJob,Default,Default,Default,Default,Default,Default,Default,Default,Default,Default,Default,Default,Default,Default,Default,Default,Default,Default,Default,Default,Default,Default,Default,Default,Default,Default,Default,Default,Default,Default,Default,Default,Default,Default,Default,Default,Default,Default,Default,Default,Default,DefaultJob,WildcardPattern=pre*dent&DocumentCount=100000,1,Workload,Actual,1,661762587,2048,323126.26,2,0,0,4304
WildcardQueryBenchmarks.LeanCorpus_WildcardQuery,Rowles.LeanCorpus.Benchmarks,WildcardQueryBenchmarks,LeanCorpus_WildcardQuery,DefaultJob,Default,Default,Default,Default,Default,Default,Default,Default,Default,Default,Default,Default,Default,Default,Default,Default,Default,Default,Default,Default,Default,Default,Default,Default,Default,Default,Default,Default,Default,Default,Default,Default,Default,Default,Default,Default,Default,Default,Default,Default,Default,DefaultJob,WildcardPattern=pre*dent&DocumentCount=100000,1,Workload,Actual,2,657413075,2048,321002.48,2,0,0,4304
WildcardQueryBenchmarks.LeanCorpus_WildcardQuery,Rowles.LeanCorpus.Benchmarks,WildcardQueryBenchmarks,LeanCorpus_WildcardQuery,DefaultJob,Default,Default,Default,Default,Default,Default,Default,Default,Default,Default,Default,Default,Default,Default,Default,Default,Default,Default,Default,Default,Default,Default,Default,Default,Default,Default,Default,Default,Default,Default,Default,Default,Default,Default,Default,Default,Default,Default,Default,Default,Default,DefaultJob,WildcardPattern=pre*dent&DocumentCount=100000,1,Workload,Actual,3,665612626,2048,325006.17,2,0,0,4304
WildcardQueryBenchmarks.LeanCorpus_WildcardQuery,Rowles.LeanCorpus.Benchmarks,WildcardQueryBenchmarks,LeanCorpus_WildcardQuery,DefaultJob,Default,Default,Default,Default,Default,Default,Default,Default,Default,Default,Default,Default,Default,Default,Default,Default,Default,Default,Default,Default,Default,Default,Default,Default,Default,Default,Default,Default,Default,Default,Default,Default,Default,Default,Default,Default,Default,Default,Default,Default,Default,DefaultJob,WildcardPattern=pre*dent&DocumentCount=100000,1,Workload,Actual,4,662190697,2048,323335.3,2,0,0,4304
WildcardQueryBenchmarks.LeanCorpus_WildcardQuery,Rowles.LeanCorpus.Benchmarks,WildcardQueryBenchmarks,LeanCorpus_WildcardQuery,DefaultJob,Default,Default,Default,Default,Default,Default,Default,Default,Default,Default,Default,Default,Default,Default,Default,Default,Default,Default,Default,Default,Default,Default,Default,Default,Default,Default,Default,Default,Default,Default,Default,Default,Default,Default,Default,Default,Default,Default,Default,Default,Default,DefaultJob,WildcardPattern=pre*dent&DocumentCount=100000,1,Workload,Actual,5,657335503,2048,320964.6,2,0,0,4304
WildcardQueryBenchmarks.LeanCorpus_WildcardQuery,Rowles.LeanCorpus.Benchmarks,WildcardQueryBenchmarks,LeanCorpus_WildcardQuery,DefaultJob,Default,Default,Default,Default,Default,Default,Default,Default,Default,Default,Default,Default,Default,Default,Default,Default,Default,Default,Default,Default,Default,Default,Default,Default,Default,Default,Default,Default,Default,Default,Default,Default,Default,Default,Default,Default,Default,Default,Default,Default,Default,DefaultJob,WildcardPattern=pre*dent&DocumentCount=100000,1,Workload,Actual,6,664202499,2048,324317.63,2,0,0,4304
WildcardQueryBenchmarks.LeanCorpus_WildcardQuery,Rowles.LeanCorpus.Benchmarks,WildcardQueryBenchmarks,LeanCorpus_WildcardQuery,DefaultJob,Default,Default,Default,Default,Default,Default,Default,Default,Default,Default,Default,Default,Default,Default,Default,Default,Default,Default,Default,Default,Default,Default,Default,Default,Default,Default,Default,Default,Default,Default,Default,Default,Default,Default,Default,Default,Default,Default,Default,Default,Default,DefaultJob,WildcardPattern=pre*dent&DocumentCount=100000,1,Workload,Actual,7,659844157,2048,322189.53,2,0,0,4304
WildcardQueryBenchmarks.LeanCorpus_WildcardQuery,Rowles.LeanCorpus.Benchmarks,WildcardQueryBenchmarks,LeanCorpus_WildcardQuery,DefaultJob,Default,Default,Default,Default,Default,Default,Default,Default,Default,Default,Default,Default,Default,Default,Default,Default,Default,Default,Default,Default,Default,Default,Default,Default,Default,Default,Default,Default,Default,Default,Default,Default,Default,Default,Default,Default,Default,Default,Default,Default,Default,DefaultJob,WildcardPattern=pre*dent&DocumentCount=100000,1,Workload,Actual,8,667272090,2048,325816.45,2,0,0,4304
WildcardQueryBenchmarks.LeanCorpus_WildcardQuery,Rowles.LeanCorpus.Benchmarks,WildcardQueryBenchmarks,LeanCorpus_WildcardQuery,DefaultJob,Default,Default,Default,Default,Default,Default,Default,Default,Default,Default,Default,Default,Default,Default,Default,Default,Default,Default,Default,Default,Default,Default,Default,Default,Default,Default,Default,Default,Default,Default,Default,Default,Default,Default,Default,Default,Default,Default,Default,Default,Default,DefaultJob,WildcardPattern=pre*dent&DocumentCount=100000,1,Workload,Actual,9,659845054,2048,322189.97,2,0,0,4304
WildcardQueryBenchmarks.LeanCorpus_WildcardQuery,Rowles.LeanCorpus.Benchmarks,WildcardQueryBenchmarks,LeanCorpus_WildcardQuery,DefaultJob,Default,Default,Default,Default,Default,Default,Default,Default,Default,Default,Default,Default,Default,Default,Default,Default,Default,Default,Default,Default,Default,Default,Default,Default,Default,Default,Default,Default,Default,Default,Default,Default,Default,Default,Default,Default,Default,Default,Default,Default,Default,DefaultJob,WildcardPattern=pre*dent&DocumentCount=100000,1,Workload,Actual,10,666081729,2048,325235.22,2,0,0,4304
WildcardQueryBenchmarks.LeanCorpus_WildcardQuery,Rowles.LeanCorpus.Benchmarks,WildcardQueryBenchmarks,LeanCorpus_WildcardQuery,DefaultJob,Default,Default,Default,Default,Default,Default,Default,Default,Default,Default,Default,Default,Default,Default,Default,Default,Default,Default,Default,Default,Default,Default,Default,Default,Default,Default,Default,Default,Default,Default,Default,Default,Default,Default,Default,Default,Default,Default,Default,Default,Default,DefaultJob,WildcardPattern=pre*dent&DocumentCount=100000,1,Workload,Actual,11,656944086,2048,320773.48,2,0,0,4304
WildcardQueryBenchmarks.LeanCorpus_WildcardQuery,Rowles.LeanCorpus.Benchmarks,WildcardQueryBenchmarks,LeanCorpus_WildcardQuery,DefaultJob,Default,Default,Default,Default,Default,Default,Default,Default,Default,Default,Default,Default,Default,Default,Default,Default,Default,Default,Default,Default,Default,Default,Default,Default,Default,Default,Default,Default,Default,Default,Default,Default,Default,Default,Default,Default,Default,Default,Default,Default,Default,DefaultJob,WildcardPattern=pre*dent&DocumentCount=100000,1,Workload,Actual,12,658944754,2048,321750.37,2,0,0,4304
WildcardQueryBenchmarks.LeanCorpus_WildcardQuery,Rowles.LeanCorpus.Benchmarks,WildcardQueryBenchmarks,LeanCorpus_WildcardQuery,DefaultJob,Default,Default,Default,Default,Default,Default,Default,Default,Default,Default,Default,Default,Default,Default,Default,Default,Default,Default,Default,Default,Default,Default,Default,Default,Default,Default,Default,Default,Default,Default,Default,Default,Default,Default,Default,Default,Default,Default,Default,Default,Default,DefaultJob,WildcardPattern=pre*dent&DocumentCount=100000,1,Workload,Actual,13,661397647,2048,322948.07,2,0,0,4304
WildcardQueryBenchmarks.LeanCorpus_WildcardQuery,Rowles.LeanCorpus.Benchmarks,WildcardQueryBenchmarks,LeanCorpus_WildcardQuery,DefaultJob,Default,Default,Default,Default,Default,Default,Default,Default,Default,Default,Default,Default,Default,Default,Default,Default,Default,Default,Default,Default,Default,Default,Default,Default,Default,Default,Default,Default,Default,Default,Default,Default,Default,Default,Default,Default,Default,Default,Default,Default,Default,DefaultJob,WildcardPattern=pre*dent&DocumentCount=100000,1,Workload,Actual,14,668694722,2048,326511.09,2,0,0,4304
WildcardQueryBenchmarks.LeanCorpus_WildcardQuery,Rowles.LeanCorpus.Benchmarks,WildcardQueryBenchmarks,LeanCorpus_WildcardQuery,DefaultJob,Default,Default,Default,Default,Default,Default,Default,Default,Default,Default,Default,Default,Default,Default,Default,Default,Default,Default,Default,Default,Default,Default,Default,Default,Default,Default,Default,Default,Default,Default,Default,Default,Default,Default,Default,Default,Default,Default,Default,Default,Default,DefaultJob,WildcardPattern=pre*dent&DocumentCount=100000,1,Workload,Actual,15,671222718,2048,327745.47,2,0,0,4304
WildcardQueryBenchmarks.LeanCorpus_WildcardQuery,Rowles.LeanCorpus.Benchmarks,WildcardQueryBenchmarks,LeanCorpus_WildcardQuery,DefaultJob,Default,Default,Default,Default,Default,Default,Default,Default,Default,Default,Default,Default,Default,Default,Default,Default,Default,Default,Default,Default,Default,Default,Default,Default,Default,Default,Default,Default,Default,Default,Default,Default,Default,Default,Default,Default,Default,Default,Default,Default,Default,DefaultJob,WildcardPattern=pre*dent&DocumentCount=100000,1,Workload,Extra,1,670528883,2048,327406.68,2,0,0,4304
WildcardQueryBenchmarks.LeanCorpus_WildcardQuery,Rowles.LeanCorpus.Benchmarks,WildcardQueryBenchmarks,LeanCorpus_WildcardQuery,DefaultJob,Default,Default,Default,Default,Default,Default,Default,Default,Default,Default,Default,Default,Default,Default,Default,Default,Default,Default,Default,Default,Default,Default,Default,Default,Default,Default,Default,Default,Default,Default,Default,Default,Default,Default,Default,Default,Default,Default,Default,Default,Default,DefaultJob,WildcardPattern=pre*dent&DocumentCount=100000,1,Workload,Result,1,661762587,2048,323126.26,2,0,0,4304
WildcardQueryBenchmarks.LeanCorpus_WildcardQuery,Rowles.LeanCorpus.Benchmarks,WildcardQueryBenchmarks,LeanCorpus_WildcardQuery,DefaultJob,Default,Default,Default,Default,Default,Default,Default,Default,Default,Default,Default,Default,Default,Default,Default,Default,Default,Default,Default,Default,Default,Default,Default,Default,Default,Default,Default,Default,Default,Default,Default,Default,Default,Default,Default,Default,Default,Default,Default,Default,Default,DefaultJob,WildcardPattern=pre*dent&DocumentCount=100000,1,Workload,Result,2,657413075,2048,321002.48,2,0,0,4304
WildcardQueryBenchmarks.LeanCorpus_WildcardQuery,Rowles.LeanCorpus.Benchmarks,WildcardQueryBenchmarks,LeanCorpus_WildcardQuery,DefaultJob,Default,Default,Default,Default,Default,Default,Default,Default,Default,Default,Default,Default,Default,Default,Default,Default,Default,Default,Default,Default,Default,Default,Default,Default,Default,Default,Default,Default,Default,Default,Default,Default,Default,Default,Default,Default,Default,Default,Default,Default,Default,DefaultJob,WildcardPattern=pre*dent&DocumentCount=100000,1,Workload,Result,3,665612626,2048,325006.17,2,0,0,4304
WildcardQueryBenchmarks.LeanCorpus_WildcardQuery,Rowles.LeanCorpus.Benchmarks,WildcardQueryBenchmarks,LeanCorpus_WildcardQuery,DefaultJob,Default,Default,Default,Default,Default,Default,Default,Default,Default,Default,Default,Default,Default,Default,Default,Default,Default,Default,Default,Default,Default,Default,Default,Default,Default,Default,Default,Default,Default,Default,Default,Default,Default,Default,Default,Default,Default,Default,Default,Default,Default,DefaultJob,WildcardPattern=pre*dent&DocumentCount=100000,1,Workload,Result,4,662190697,2048,323335.3,2,0,0,4304
WildcardQueryBenchmarks.LeanCorpus_WildcardQuery,Rowles.LeanCorpus.Benchmarks,WildcardQueryBenchmarks,LeanCorpus_WildcardQuery,DefaultJob,Default,Default,Default,Default,Default,Default,Default,Default,Default,Default,Default,Default,Default,Default,Default,Default,Default,Default,Default,Default,Default,Default,Default,Default,Default,Default,Default,Default,Default,Default,Default,Default,Default,Default,Default,Default,Default,Default,Default,Default,Default,DefaultJob,WildcardPattern=pre*dent&DocumentCount=100000,1,Workload,Result,5,657335503,2048,320964.6,2,0,0,4304
WildcardQueryBenchmarks.LeanCorpus_WildcardQuery,Rowles.LeanCorpus.Benchmarks,WildcardQueryBenchmarks,LeanCorpus_WildcardQuery,DefaultJob,Default,Default,Default,Default,Default,Default,Default,Default,Default,Default,Default,Default,Default,Default,Default,Default,Default,Default,Default,Default,Default,Default,Default,Default,Default,Default,Default,Default,Default,Default,Default,Default,Default,Default,Default,Default,Default,Default,Default,Default,Default,DefaultJob,WildcardPattern=pre*dent&DocumentCount=100000,1,Workload,Result,6,664202499,2048,324317.63,2,0,0,4304
WildcardQueryBenchmarks.LeanCorpus_WildcardQuery,Rowles.LeanCorpus.Benchmarks,WildcardQueryBenchmarks,LeanCorpus_WildcardQuery,DefaultJob,Default,Default,Default,Default,Default,Default,Default,Default,Default,Default,Default,Default,Default,Default,Default,Default,Default,Default,Default,Default,Default,Default,Default,Default,Default,Default,Default,Default,Default,Default,Default,Default,Default,Default,Default,Default,Default,Default,Default,Default,Default,DefaultJob,WildcardPattern=pre*dent&DocumentCount=100000,1,Workload,Result,7,659844157,2048,322189.53,2,0,0,4304
WildcardQueryBenchmarks.LeanCorpus_WildcardQuery,Rowles.LeanCorpus.Benchmarks,WildcardQueryBenchmarks,LeanCorpus_WildcardQuery,DefaultJob,Default,Default,Default,Default,Default,Default,Default,Default,Default,Default,Default,Default,Default,Default,Default,Default,Default,Default,Default,Default,Default,Default,Default,Default,Default,Default,Default,Default,Default,Default,Default,Default,Default,Default,Default,Default,Default,Default,Default,Default,Default,DefaultJob,WildcardPattern=pre*dent&DocumentCount=100000,1,Workload,Result,8,667272090,2048,325816.45,2,0,0,4304
WildcardQueryBenchmarks.LeanCorpus_WildcardQuery,Rowles.LeanCorpus.Benchmarks,WildcardQueryBenchmarks,LeanCorpus_WildcardQuery,DefaultJob,Default,Default,Default,Default,Default,Default,Default,Default,Default,Default,Default,Default,Default,Default,Default,Default,Default,Default,Default,Default,Default,Default,Default,Default,Default,Default,Default,Default,Default,Default,Default,Default,Default,Default,Default,Default,Default,Default,Default,Default,Default,DefaultJob,WildcardPattern=pre*dent&DocumentCount=100000,1,Workload,Result,9,659845054,2048,322189.97,2,0,0,4304
WildcardQueryBenchmarks.LeanCorpus_WildcardQuery,Rowles.LeanCorpus.Benchmarks,WildcardQueryBenchmarks,LeanCorpus_WildcardQuery,DefaultJob,Default,Default,Default,Default,Default,Default,Default,Default,Default,Default,Default,Default,Default,Default,Default,Default,Default,Default,Default,Default,Default,Default,Default,Default,Default,Default,Default,Default,Default,Default,Default,Default,Default,Default,Default,Default,Default,Default,Default,Default,Default,DefaultJob,WildcardPattern=pre*dent&DocumentCount=100000,1,Workload,Result,10,666081729,2048,325235.22,2,0,0,4304
WildcardQueryBenchmarks.LeanCorpus_WildcardQuery,Rowles.LeanCorpus.Benchmarks,WildcardQueryBenchmarks,LeanCorpus_WildcardQuery,DefaultJob,Default,Default,Default,Default,Default,Default,Default,Default,Default,Default,Default,Default,Default,Default,Default,Default,Default,Default,Default,Default,Default,Default,Default,Default,Default,Default,Default,Default,Default,Default,Default,Default,Default,Default,Default,Default,Default,Default,Default,Default,Default,DefaultJob,WildcardPattern=pre*dent&DocumentCount=100000,1,Workload,Result,11,656944086,2048,320773.48,2,0,0,4304
WildcardQueryBenchmarks.LeanCorpus_WildcardQuery,Rowles.LeanCorpus.Benchmarks,WildcardQueryBenchmarks,LeanCorpus_WildcardQuery,DefaultJob,Default,Default,Default,Default,Default,Default,Default,Default,Default,Default,Default,Default,Default,Default,Default,Default,Default,Default,Default,Default,Default,Default,Default,Default,Default,Default,Default,Default,Default,Default,Default,Default,Default,Default,Default,Default,Default,Default,Default,Default,Default,DefaultJob,WildcardPattern=pre*dent&DocumentCount=100000,1,Workload,Result,12,658944754,2048,321750.37,2,0,0,4304
WildcardQueryBenchmarks.LeanCorpus_WildcardQuery,Rowles.LeanCorpus.Benchmarks,WildcardQueryBenchmarks,LeanCorpus_WildcardQuery,DefaultJob,Default,Default,Default,Default,Default,Default,Default,Default,Default,Default,Default,Default,Default,Default,Default,Default,Default,Default,Default,Default,Default,Default,Default,Default,Default,Default,Default,Default,Default,Default,Default,Default,Default,Default,Default,Default,Default,Default,Default,Default,Default,DefaultJob,WildcardPattern=pre*dent&DocumentCount=100000,1,Workload,Result,13,661397647,2048,322948.07,2,0,0,4304
WildcardQueryBenchmarks.LeanCorpus_WildcardQuery,Rowles.LeanCorpus.Benchmarks,WildcardQueryBenchmarks,LeanCorpus_WildcardQuery,DefaultJob,Default,Default,Default,Default,Default,Default,Default,Default,Default,Default,Default,Default,Default,Default,Default,Default,Default,Default,Default,Default,Default,Default,Default,Default,Default,Default,Default,Default,Default,Default,Default,Default,Default,Default,Default,Default,Default,Default,Default,Default,Default,DefaultJob,WildcardPattern=pre*dent&DocumentCount=100000,1,Workload,Result,14,668694722,2048,326511.09,2,0,0,4304
WildcardQueryBenchmarks.LeanCorpus_WildcardQuery,Rowles.LeanCorpus.Benchmarks,WildcardQueryBenchmarks,LeanCorpus_WildcardQuery,DefaultJob,Default,Default,Default,Default,Default,Default,Default,Default,Default,Default,Default,Default,Default,Default,Default,Default,Default,Default,Default,Default,Default,Default,Default,Default,Default,Default,Default,Default,Default,Default,Default,Default,Default,Default,Default,Default,Default,Default,Default,Default,Default,DefaultJob,WildcardPattern=pre*dent&DocumentCount=100000,1,Workload,Result,15,671222718,2048,327745.47,2,0,0,4304
WildcardQueryBenchmarks.LuceneNet_WildcardQuery,Rowles.LeanCorpus.Benchmarks,WildcardQueryBenchmarks,LuceneNet_WildcardQuery,DefaultJob,Default,Default,Default,Default,Default,Default,Default,Default,Default,Default,Default,Default,Default,Default,Default,Default,Default,Default,Default,Default,Default,Default,Default,Default,Default,Default,Default,Default,Default,Default,Default,Default,Default,Default,Default,Default,Default,Default,Default,Default,Default,DefaultJob,WildcardPattern=pre*dent&DocumentCount=100000,1,Workload,Jitting,1,71507931,1,71507931,185,3,0,379368
WildcardQueryBenchmarks.LuceneNet_WildcardQuery,Rowles.LeanCorpus.Benchmarks,WildcardQueryBenchmarks,LuceneNet_WildcardQuery,DefaultJob,Default,Default,Default,Default,Default,Default,Default,Default,Default,Default,Default,Default,Default,Default,Default,Default,Default,Default,Default,Default,Default,Default,Default,Default,Default,Default,Default,Default,Default,Default,Default,Default,Default,Default,Default,Default,Default,Default,Default,Default,Default,DefaultJob,WildcardPattern=pre*dent&DocumentCount=100000,1,Workload,Jitting,2,152606625,30,5086887.5,185,3,0,379368
WildcardQueryBenchmarks.LuceneNet_WildcardQuery,Rowles.LeanCorpus.Benchmarks,WildcardQueryBenchmarks,LuceneNet_WildcardQuery,DefaultJob,Default,Default,Default,Default,Default,Default,Default,Default,Default,Default,Default,Default,Default,Default,Default,Default,Default,Default,Default,Default,Default,Default,Default,Default,Default,Default,Default,Default,Default,Default,Default,Default,Default,Default,Default,Default,Default,Default,Default,Default,Default,DefaultJob,WildcardPattern=pre*dent&DocumentCount=100000,1,Workload,Jitting,3,85367248,30,2845574.93,185,3,0,379368
WildcardQueryBenchmarks.LuceneNet_WildcardQuery,Rowles.LeanCorpus.Benchmarks,WildcardQueryBenchmarks,LuceneNet_WildcardQuery,DefaultJob,Default,Default,Default,Default,Default,Default,Default,Default,Default,Default,Default,Default,Default,Default,Default,Default,Default,Default,Default,Default,Default,Default,Default,Default,Default,Default,Default,Default,Default,Default,Default,Default,Default,Default,Default,Default,Default,Default,Default,Default,Default,DefaultJob,WildcardPattern=pre*dent&DocumentCount=100000,1,Workload,Jitting,4,14592106,30,486403.53,185,3,0,379368
WildcardQueryBenchmarks.LuceneNet_WildcardQuery,Rowles.LeanCorpus.Benchmarks,WildcardQueryBenchmarks,LuceneNet_WildcardQuery,DefaultJob,Default,Default,Default,Default,Default,Default,Default,Default,Default,Default,Default,Default,Default,Default,Default,Default,Default,Default,Default,Default,Default,Default,Default,Default,Default,Default,Default,Default,Default,Default,Default,Default,Default,Default,Default,Default,Default,Default,Default,Default,Default,DefaultJob,WildcardPattern=pre*dent&DocumentCount=100000,1,Workload,Jitting,5,1036804,1,1036804,185,3,0,379368
WildcardQueryBenchmarks.LuceneNet_WildcardQuery,Rowles.LeanCorpus.Benchmarks,WildcardQueryBenchmarks,LuceneNet_WildcardQuery,DefaultJob,Default,Default,Default,Default,Default,Default,Default,Default,Default,Default,Default,Default,Default,Default,Default,Default,Default,Default,Default,Default,Default,Default,Default,Default,Default,Default,Default,Default,Default,Default,Default,Default,Default,Default,Default,Default,Default,Default,Default,Default,Default,DefaultJob,WildcardPattern=pre*dent&DocumentCount=100000,1,Workload,Pilot,1,750812,1,750812,185,3,0,379368
WildcardQueryBenchmarks.LuceneNet_WildcardQuery,Rowles.LeanCorpus.Benchmarks,WildcardQueryBenchmarks,LuceneNet_WildcardQuery,DefaultJob,Default,Default,Default,Default,Default,Default,Default,Default,Default,Default,Default,Default,Default,Default,Default,Default,Default,Default,Default,Default,Default,Default,Default,Default,Default,Default,Default,Default,Default,Default,Default,Default,Default,Default,Default,Default,Default,Default,Default,Default,Default,DefaultJob,WildcardPattern=pre*dent&DocumentCount=100000,1,Workload,Pilot,1,13273557,16,829597.31,185,3,0,379368
WildcardQueryBenchmarks.LuceneNet_WildcardQuery,Rowles.LeanCorpus.Benchmarks,WildcardQueryBenchmarks,LuceneNet_WildcardQuery,DefaultJob,Default,Default,Default,Default,Default,Default,Default,Default,Default,Default,Default,Default,Default,Default,Default,Default,Default,Default,Default,Default,Default,Default,Default,Default,Default,Default,Default,Default,Default,Default,Default,Default,Default,Default,Default,Default,Default,Default,Default,Default,Default,DefaultJob,WildcardPattern=pre*dent&DocumentCount=100000,1,Workload,Pilot,2,28826647,32,900832.72,185,3,0,379368
WildcardQueryBenchmarks.LuceneNet_WildcardQuery,Rowles.LeanCorpus.Benchmarks,WildcardQueryBenchmarks,LuceneNet_WildcardQuery,DefaultJob,Default,Default,Default,Default,Default,Default,Default,Default,Default,Default,Default,Default,Default,Default,Default,Default,Default,Default,Default,Default,Default,Default,Default,Default,Default,Default,Default,Default,Default,Default,Default,Default,Default,Default,Default,Default,Default,Default,Default,Default,Default,DefaultJob,WildcardPattern=pre*dent&DocumentCount=100000,1,Workload,Pilot,3,39163905,64,611936.02,185,3,0,379368
WildcardQueryBenchmarks.LuceneNet_WildcardQuery,Rowles.LeanCorpus.Benchmarks,WildcardQueryBenchmarks,LuceneNet_WildcardQuery,DefaultJob,Default,Default,Default,Default,Default,Default,Default,Default,Default,Default,Default,Default,Default,Default,Default,Default,Default,Default,Default,Default,Default,Default,Default,Default,Default,Default,Default,Default,Default,Default,Default,Default,Default,Default,Default,Default,Default,Default,Default,Default,Default,DefaultJob,WildcardPattern=pre*dent&DocumentCount=100000,1,Workload,Pilot,4,59362414,128,463768.86,185,3,0,379368
WildcardQueryBenchmarks.LuceneNet_WildcardQuery,Rowles.LeanCorpus.Benchmarks,WildcardQueryBenchmarks,LuceneNet_WildcardQuery,DefaultJob,Default,Default,Default,Default,Default,Default,Default,Default,Default,Default,Default,Default,Default,Default,Default,Default,Default,Default,Default,Default,Default,Default,Default,Default,Default,Default,Default,Default,Default,Default,Default,Default,Default,Default,Default,Default,Default,Default,Default,Default,Default,DefaultJob,WildcardPattern=pre*dent&DocumentCount=100000,1,Workload,Pilot,5,111743099,256,436496.48,185,3,0,379368
WildcardQueryBenchmarks.LuceneNet_WildcardQuery,Rowles.LeanCorpus.Benchmarks,WildcardQueryBenchmarks,LuceneNet_WildcardQuery,DefaultJob,Default,Default,Default,Default,Default,Default,Default,Default,Default,Default,Default,Default,Default,Default,Default,Default,Default,Default,Default,Default,Default,Default,Default,Default,Default,Default,Default,Default,Default,Default,Default,Default,Default,Default,Default,Default,Default,Default,Default,Default,Default,DefaultJob,WildcardPattern=pre*dent&DocumentCount=100000,1,Workload,Pilot,6,224266174,512,438019.87,185,3,0,379368
WildcardQueryBenchmarks.LuceneNet_WildcardQuery,Rowles.LeanCorpus.Benchmarks,WildcardQueryBenchmarks,LuceneNet_WildcardQuery,DefaultJob,Default,Default,Default,Default,Default,Default,Default,Default,Default,Default,Default,Default,Default,Default,Default,Default,Default,Default,Default,Default,Default,Default,Default,Default,Default,Default,Default,Default,Default,Default,Default,Default,Default,Default,Default,Default,Default,Default,Default,Default,Default,DefaultJob,WildcardPattern=pre*dent&DocumentCount=100000,1,Workload,Pilot,7,452054064,1024,441459.05,185,3,0,379368
WildcardQueryBenchmarks.LuceneNet_WildcardQuery,Rowles.LeanCorpus.Benchmarks,WildcardQueryBenchmarks,LuceneNet_WildcardQuery,DefaultJob,Default,Default,Default,Default,Default,Default,Default,Default,Default,Default,Default,Default,Default,Default,Default,Default,Default,Default,Default,Default,Default,Default,Default,Default,Default,Default,Default,Default,Default,Default,Default,Default,Default,Default,Default,Default,Default,Default,Default,Default,Default,DefaultJob,WildcardPattern=pre*dent&DocumentCount=100000,1,Workload,Pilot,8,917929861,2048,448207.94,185,3,0,379368
WildcardQueryBenchmarks.LuceneNet_WildcardQuery,Rowles.LeanCorpus.Benchmarks,WildcardQueryBenchmarks,LuceneNet_WildcardQuery,DefaultJob,Default,Default,Default,Default,Default,Default,Default,Default,Default,Default,Default,Default,Default,Default,Default,Default,Default,Default,Default,Default,Default,Default,Default,Default,Default,Default,Default,Default,Default,Default,Default,Default,Default,Default,Default,Default,Default,Default,Default,Default,Default,DefaultJob,WildcardPattern=pre*dent&DocumentCount=100000,1,Workload,Warmup,1,916539408,2048,447529.01,185,3,0,379368
WildcardQueryBenchmarks.LuceneNet_WildcardQuery,Rowles.LeanCorpus.Benchmarks,WildcardQueryBenchmarks,LuceneNet_WildcardQuery,DefaultJob,Default,Default,Default,Default,Default,Default,Default,Default,Default,Default,Default,Default,Default,Default,Default,Default,Default,Default,Default,Default,Default,Default,Default,Default,Default,Default,Default,Default,Default,Default,Default,Default,Default,Default,Default,Default,Default,Default,Default,Default,Default,DefaultJob,WildcardPattern=pre*dent&DocumentCount=100000,1,Workload,Warmup,2,917128916,2048,447816.85,185,3,0,379368
WildcardQueryBenchmarks.LuceneNet_WildcardQuery,Rowles.LeanCorpus.Benchmarks,WildcardQueryBenchmarks,LuceneNet_WildcardQuery,DefaultJob,Default,Default,Default,Default,Default,Default,Default,Default,Default,Default,Default,Default,Default,Default,Default,Default,Default,Default,Default,Default,Default,Default,Default,Default,Default,Default,Default,Default,Default,Default,Default,Default,Default,Default,Default,Default,Default,Default,Default,Default,Default,DefaultJob,WildcardPattern=pre*dent&DocumentCount=100000,1,Workload,Warmup,3,918438052,2048,448456.08,185,3,0,379368
WildcardQueryBenchmarks.LuceneNet_WildcardQuery,Rowles.LeanCorpus.Benchmarks,WildcardQueryBenchmarks,LuceneNet_WildcardQuery,DefaultJob,Default,Default,Default,Default,Default,Default,Default,Default,Default,Default,Default,Default,Default,Default,Default,Default,Default,Default,Default,Default,Default,Default,Default,Default,Default,Default,Default,Default,Default,Default,Default,Default,Default,Default,Default,Default,Default,Default,Default,Default,Default,DefaultJob,WildcardPattern=pre*dent&DocumentCount=100000,1,Workload,Warmup,4,917162710,2048,447833.35,185,3,0,379368
WildcardQueryBenchmarks.LuceneNet_WildcardQuery,Rowles.LeanCorpus.Benchmarks,WildcardQueryBenchmarks,LuceneNet_WildcardQuery,DefaultJob,Default,Default,Default,Default,Default,Default,Default,Default,Default,Default,Default,Default,Default,Default,Default,Default,Default,Default,Default,Default,Default,Default,Default,Default,Default,Default,Default,Default,Default,Default,Default,Default,Default,Default,Default,Default,Default,Default,Default,Default,Default,DefaultJob,WildcardPattern=pre*dent&DocumentCount=100000,1,Workload,Warmup,5,916872824,2048,447691.81,185,3,0,379368
WildcardQueryBenchmarks.LuceneNet_WildcardQuery,Rowles.LeanCorpus.Benchmarks,WildcardQueryBenchmarks,LuceneNet_WildcardQuery,DefaultJob,Default,Default,Default,Default,Default,Default,Default,Default,Default,Default,Default,Default,Default,Default,Default,Default,Default,Default,Default,Default,Default,Default,Default,Default,Default,Default,Default,Default,Default,Default,Default,Default,Default,Default,Default,Default,Default,Default,Default,Default,Default,DefaultJob,WildcardPattern=pre*dent&DocumentCount=100000,1,Workload,Warmup,6,917888435,2048,448187.71,185,3,0,379368
WildcardQueryBenchmarks.LuceneNet_WildcardQuery,Rowles.LeanCorpus.Benchmarks,WildcardQueryBenchmarks,LuceneNet_WildcardQuery,DefaultJob,Default,Default,Default,Default,Default,Default,Default,Default,Default,Default,Default,Default,Default,Default,Default,Default,Default,Default,Default,Default,Default,Default,Default,Default,Default,Default,Default,Default,Default,Default,Default,Default,Default,Default,Default,Default,Default,Default,Default,Default,Default,DefaultJob,WildcardPattern=pre*dent&DocumentCount=100000,1,Workload,Warmup,7,917859037,2048,448173.36,185,3,0,379368
WildcardQueryBenchmarks.LuceneNet_WildcardQuery,Rowles.LeanCorpus.Benchmarks,WildcardQueryBenchmarks,LuceneNet_WildcardQuery,DefaultJob,Default,Default,Default,Default,Default,Default,Default,Default,Default,Default,Default,Default,Default,Default,Default,Default,Default,Default,Default,Default,Default,Default,Default,Default,Default,Default,Default,Default,Default,Default,Default,Default,Default,Default,Default,Default,Default,Default,Default,Default,Default,DefaultJob,WildcardPattern=pre*dent&DocumentCount=100000,1,Workload,Actual,1,917955097,2048,448220.26,185,3,0,379368
WildcardQueryBenchmarks.LuceneNet_WildcardQuery,Rowles.LeanCorpus.Benchmarks,WildcardQueryBenchmarks,LuceneNet_WildcardQuery,DefaultJob,Default,Default,Default,Default,Default,Default,Default,Default,Default,Default,Default,Default,Default,Default,Default,Default,Default,Default,Default,Default,Default,Default,Default,Default,Default,Default,Default,Default,Default,Default,Default,Default,Default,Default,Default,Default,Default,Default,Default,Default,Default,DefaultJob,WildcardPattern=pre*dent&DocumentCount=100000,1,Workload,Actual,2,919531846,2048,448990.16,185,3,0,379368
WildcardQueryBenchmarks.LuceneNet_WildcardQuery,Rowles.LeanCorpus.Benchmarks,WildcardQueryBenchmarks,LuceneNet_WildcardQuery,DefaultJob,Default,Default,Default,Default,Default,Default,Default,Default,Default,Default,Default,Default,Default,Default,Default,Default,Default,Default,Default,Default,Default,Default,Default,Default,Default,Default,Default,Default,Default,Default,Default,Default,Default,Default,Default,Default,Default,Default,Default,Default,Default,DefaultJob,WildcardPattern=pre*dent&DocumentCount=100000,1,Workload,Actual,3,916568480,2048,447543.2,185,3,0,379368
WildcardQueryBenchmarks.LuceneNet_WildcardQuery,Rowles.LeanCorpus.Benchmarks,WildcardQueryBenchmarks,LuceneNet_WildcardQuery,DefaultJob,Default,Default,Default,Default,Default,Default,Default,Default,Default,Default,Default,Default,Default,Default,Default,Default,Default,Default,Default,Default,Default,Default,Default,Default,Default,Default,Default,Default,Default,Default,Default,Default,Default,Default,Default,Default,Default,Default,Default,Default,Default,DefaultJob,WildcardPattern=pre*dent&DocumentCount=100000,1,Workload,Actual,4,918271420,2048,448374.72,185,3,0,379368
WildcardQueryBenchmarks.LuceneNet_WildcardQuery,Rowles.LeanCorpus.Benchmarks,WildcardQueryBenchmarks,LuceneNet_WildcardQuery,DefaultJob,Default,Default,Default,Default,Default,Default,Default,Default,Default,Default,Default,Default,Default,Default,Default,Default,Default,Default,Default,Default,Default,Default,Default,Default,Default,Default,Default,Default,Default,Default,Default,Default,Default,Default,Default,Default,Default,Default,Default,Default,Default,DefaultJob,WildcardPattern=pre*dent&DocumentCount=100000,1,Workload,Actual,5,913936109,2048,446257.87,185,3,0,379368
WildcardQueryBenchmarks.LuceneNet_WildcardQuery,Rowles.LeanCorpus.Benchmarks,WildcardQueryBenchmarks,LuceneNet_WildcardQuery,DefaultJob,Default,Default,Default,Default,Default,Default,Default,Default,Default,Default,Default,Default,Default,Default,Default,Default,Default,Default,Default,Default,Default,Default,Default,Default,Default,Default,Default,Default,Default,Default,Default,Default,Default,Default,Default,Default,Default,Default,Default,Default,Default,DefaultJob,WildcardPattern=pre*dent&DocumentCount=100000,1,Workload,Actual,6,910766969,2048,444710.43,185,3,0,379368
WildcardQueryBenchmarks.LuceneNet_WildcardQuery,Rowles.LeanCorpus.Benchmarks,WildcardQueryBenchmarks,LuceneNet_WildcardQuery,DefaultJob,Default,Default,Default,Default,Default,Default,Default,Default,Default,Default,Default,Default,Default,Default,Default,Default,Default,Default,Default,Default,Default,Default,Default,Default,Default,Default,Default,Default,Default,Default,Default,Default,Default,Default,Default,Default,Default,Default,Default,Default,Default,DefaultJob,WildcardPattern=pre*dent&DocumentCount=100000,1,Workload,Actual,7,906047481,2048,442406,185,3,0,379368
WildcardQueryBenchmarks.LuceneNet_WildcardQuery,Rowles.LeanCorpus.Benchmarks,WildcardQueryBenchmarks,LuceneNet_WildcardQuery,DefaultJob,Default,Default,Default,Default,Default,Default,Default,Default,Default,Default,Default,Default,Default,Default,Default,Default,Default,Default,Default,Default,Default,Default,Default,Default,Default,Default,Default,Default,Default,Default,Default,Default,Default,Default,Default,Default,Default,Default,Default,Default,Default,DefaultJob,WildcardPattern=pre*dent&DocumentCount=100000,1,Workload,Actual,8,907923925,2048,443322.23,185,3,0,379368
WildcardQueryBenchmarks.LuceneNet_WildcardQuery,Rowles.LeanCorpus.Benchmarks,WildcardQueryBenchmarks,LuceneNet_WildcardQuery,DefaultJob,Default,Default,Default,Default,Default,Default,Default,Default,Default,Default,Default,Default,Default,Default,Default,Default,Default,Default,Default,Default,Default,Default,Default,Default,Default,Default,Default,Default,Default,Default,Default,Default,Default,Default,Default,Default,Default,Default,Default,Default,Default,DefaultJob,WildcardPattern=pre*dent&DocumentCount=100000,1,Workload,Actual,9,897341739,2048,438155.15,185,3,0,379368
WildcardQueryBenchmarks.LuceneNet_WildcardQuery,Rowles.LeanCorpus.Benchmarks,WildcardQueryBenchmarks,LuceneNet_WildcardQuery,DefaultJob,Default,Default,Default,Default,Default,Default,Default,Default,Default,Default,Default,Default,Default,Default,Default,Default,Default,Default,Default,Default,Default,Default,Default,Default,Default,Default,Default,Default,Default,Default,Default,Default,Default,Default,Default,Default,Default,Default,Default,Default,Default,DefaultJob,WildcardPattern=pre*dent&DocumentCount=100000,1,Workload,Actual,10,894286555,2048,436663.36,185,3,0,379368
WildcardQueryBenchmarks.LuceneNet_WildcardQuery,Rowles.LeanCorpus.Benchmarks,WildcardQueryBenchmarks,LuceneNet_WildcardQuery,DefaultJob,Default,Default,Default,Default,Default,Default,Default,Default,Default,Default,Default,Default,Default,Default,Default,Default,Default,Default,Default,Default,Default,Default,Default,Default,Default,Default,Default,Default,Default,Default,Default,Default,Default,Default,Default,Default,Default,Default,Default,Default,Default,DefaultJob,WildcardPattern=pre*dent&DocumentCount=100000,1,Workload,Actual,11,910008704,2048,444340.19,185,3,0,379368
WildcardQueryBenchmarks.LuceneNet_WildcardQuery,Rowles.LeanCorpus.Benchmarks,WildcardQueryBenchmarks,LuceneNet_WildcardQuery,DefaultJob,Default,Default,Default,Default,Default,Default,Default,Default,Default,Default,Default,Default,Default,Default,Default,Default,Default,Default,Default,Default,Default,Default,Default,Default,Default,Default,Default,Default,Default,Default,Default,Default,Default,Default,Default,Default,Default,Default,Default,Default,Default,DefaultJob,WildcardPattern=pre*dent&DocumentCount=100000,1,Workload,Actual,12,907825987,2048,443274.41,185,3,0,379368
WildcardQueryBenchmarks.LuceneNet_WildcardQuery,Rowles.LeanCorpus.Benchmarks,WildcardQueryBenchmarks,LuceneNet_WildcardQuery,DefaultJob,Default,Default,Default,Default,Default,Default,Default,Default,Default,Default,Default,Default,Default,Default,Default,Default,Default,Default,Default,Default,Default,Default,Default,Default,Default,Default,Default,Default,Default,Default,Default,Default,Default,Default,Default,Default,Default,Default,Default,Default,Default,DefaultJob,WildcardPattern=pre*dent&DocumentCount=100000,1,Workload,Actual,13,895838225,2048,437421.01,185,3,0,379368
WildcardQueryBenchmarks.LuceneNet_WildcardQuery,Rowles.LeanCorpus.Benchmarks,WildcardQueryBenchmarks,LuceneNet_WildcardQuery,DefaultJob,Default,Default,Default,Default,Default,Default,Default,Default,Default,Default,Default,Default,Default,Default,Default,Default,Default,Default,Default,Default,Default,Default,Default,Default,Default,Default,Default,Default,Default,Default,Default,Default,Default,Default,Default,Default,Default,Default,Default,Default,Default,DefaultJob,WildcardPattern=pre*dent&DocumentCount=100000,1,Workload,Actual,14,908396594,2048,443553.02,185,3,0,379368
WildcardQueryBenchmarks.LuceneNet_WildcardQuery,Rowles.LeanCorpus.Benchmarks,WildcardQueryBenchmarks,LuceneNet_WildcardQuery,DefaultJob,Default,Default,Default,Default,Default,Default,Default,Default,Default,Default,Default,Default,Default,Default,Default,Default,Default,Default,Default,Default,Default,Default,Default,Default,Default,Default,Default,Default,Default,Default,Default,Default,Default,Default,Default,Default,Default,Default,Default,Default,Default,DefaultJob,WildcardPattern=pre*dent&DocumentCount=100000,1,Workload,Actual,15,905875327,2048,442321.94,185,3,0,379368
WildcardQueryBenchmarks.LuceneNet_WildcardQuery,Rowles.LeanCorpus.Benchmarks,WildcardQueryBenchmarks,LuceneNet_WildcardQuery,DefaultJob,Default,Default,Default,Default,Default,Default,Default,Default,Default,Default,Default,Default,Default,Default,Default,Default,Default,Default,Default,Default,Default,Default,Default,Default,Default,Default,Default,Default,Default,Default,Default,Default,Default,Default,Default,Default,Default,Default,Default,Default,Default,DefaultJob,WildcardPattern=pre*dent&DocumentCount=100000,1,Workload,Extra,1,910459105,2048,444560.11,185,3,0,379368
WildcardQueryBenchmarks.LuceneNet_WildcardQuery,Rowles.LeanCorpus.Benchmarks,WildcardQueryBenchmarks,LuceneNet_WildcardQuery,DefaultJob,Default,Default,Default,Default,Default,Default,Default,Default,Default,Default,Default,Default,Default,Default,Default,Default,Default,Default,Default,Default,Default,Default,Default,Default,Default,Default,Default,Default,Default,Default,Default,Default,Default,Default,Default,Default,Default,Default,Default,Default,Default,DefaultJob,WildcardPattern=pre*dent&DocumentCount=100000,1,Workload,Result,1,917955097,2048,448220.26,185,3,0,379368
WildcardQueryBenchmarks.LuceneNet_WildcardQuery,Rowles.LeanCorpus.Benchmarks,WildcardQueryBenchmarks,LuceneNet_WildcardQuery,DefaultJob,Default,Default,Default,Default,Default,Default,Default,Default,Default,Default,Default,Default,Default,Default,Default,Default,Default,Default,Default,Default,Default,Default,Default,Default,Default,Default,Default,Default,Default,Default,Default,Default,Default,Default,Default,Default,Default,Default,Default,Default,Default,DefaultJob,WildcardPattern=pre*dent&DocumentCount=100000,1,Workload,Result,2,919531846,2048,448990.16,185,3,0,379368
WildcardQueryBenchmarks.LuceneNet_WildcardQuery,Rowles.LeanCorpus.Benchmarks,WildcardQueryBenchmarks,LuceneNet_WildcardQuery,DefaultJob,Default,Default,Default,Default,Default,Default,Default,Default,Default,Default,Default,Default,Default,Default,Default,Default,Default,Default,Default,Default,Default,Default,Default,Default,Default,Default,Default,Default,Default,Default,Default,Default,Default,Default,Default,Default,Default,Default,Default,Default,Default,DefaultJob,WildcardPattern=pre*dent&DocumentCount=100000,1,Workload,Result,3,916568480,2048,447543.2,185,3,0,379368
WildcardQueryBenchmarks.LuceneNet_WildcardQuery,Rowles.LeanCorpus.Benchmarks,WildcardQueryBenchmarks,LuceneNet_WildcardQuery,DefaultJob,Default,Default,Default,Default,Default,Default,Default,Default,Default,Default,Default,Default,Default,Default,Default,Default,Default,Default,Default,Default,Default,Default,Default,Default,Default,Default,Default,Default,Default,Default,Default,Default,Default,Default,Default,Default,Default,Default,Default,Default,Default,DefaultJob,WildcardPattern=pre*dent&DocumentCount=100000,1,Workload,Result,4,918271420,2048,448374.72,185,3,0,379368
WildcardQueryBenchmarks.LuceneNet_WildcardQuery,Rowles.LeanCorpus.Benchmarks,WildcardQueryBenchmarks,LuceneNet_WildcardQuery,DefaultJob,Default,Default,Default,Default,Default,Default,Default,Default,Default,Default,Default,Default,Default,Default,Default,Default,Default,Default,Default,Default,Default,Default,Default,Default,Default,Default,Default,Default,Default,Default,Default,Default,Default,Default,Default,Default,Default,Default,Default,Default,Default,DefaultJob,WildcardPattern=pre*dent&DocumentCount=100000,1,Workload,Result,5,913936109,2048,446257.87,185,3,0,379368
WildcardQueryBenchmarks.LuceneNet_WildcardQuery,Rowles.LeanCorpus.Benchmarks,WildcardQueryBenchmarks,LuceneNet_WildcardQuery,DefaultJob,Default,Default,Default,Default,Default,Default,Default,Default,Default,Default,Default,Default,Default,Default,Default,Default,Default,Default,Default,Default,Default,Default,Default,Default,Default,Default,Default,Default,Default,Default,Default,Default,Default,Default,Default,Default,Default,Default,Default,Default,Default,DefaultJob,WildcardPattern=pre*dent&DocumentCount=100000,1,Workload,Result,6,910766969,2048,444710.43,185,3,0,379368
WildcardQueryBenchmarks.LuceneNet_WildcardQuery,Rowles.LeanCorpus.Benchmarks,WildcardQueryBenchmarks,LuceneNet_WildcardQuery,DefaultJob,Default,Default,Default,Default,Default,Default,Default,Default,Default,Default,Default,Default,Default,Default,Default,Default,Default,Default,Default,Default,Default,Default,Default,Default,Default,Default,Default,Default,Default,Default,Default,Default,Default,Default,Default,Default,Default,Default,Default,Default,Default,DefaultJob,WildcardPattern=pre*dent&DocumentCount=100000,1,Workload,Result,7,906047481,2048,442406,185,3,0,379368
WildcardQueryBenchmarks.LuceneNet_WildcardQuery,Rowles.LeanCorpus.Benchmarks,WildcardQueryBenchmarks,LuceneNet_WildcardQuery,DefaultJob,Default,Default,Default,Default,Default,Default,Default,Default,Default,Default,Default,Default,Default,Default,Default,Default,Default,Default,Default,Default,Default,Default,Default,Default,Default,Default,Default,Default,Default,Default,Default,Default,Default,Default,Default,Default,Default,Default,Default,Default,Default,DefaultJob,WildcardPattern=pre*dent&DocumentCount=100000,1,Workload,Result,8,907923925,2048,443322.23,185,3,0,379368
WildcardQueryBenchmarks.LuceneNet_WildcardQuery,Rowles.LeanCorpus.Benchmarks,WildcardQueryBenchmarks,LuceneNet_WildcardQuery,DefaultJob,Default,Default,Default,Default,Default,Default,Default,Default,Default,Default,Default,Default,Default,Default,Default,Default,Default,Default,Default,Default,Default,Default,Default,Default,Default,Default,Default,Default,Default,Default,Default,Default,Default,Default,Default,Default,Default,Default,Default,Default,Default,DefaultJob,WildcardPattern=pre*dent&DocumentCount=100000,1,Workload,Result,9,897341739,2048,438155.15,185,3,0,379368
WildcardQueryBenchmarks.LuceneNet_WildcardQuery,Rowles.LeanCorpus.Benchmarks,WildcardQueryBenchmarks,LuceneNet_WildcardQuery,DefaultJob,Default,Default,Default,Default,Default,Default,Default,Default,Default,Default,Default,Default,Default,Default,Default,Default,Default,Default,Default,Default,Default,Default,Default,Default,Default,Default,Default,Default,Default,Default,Default,Default,Default,Default,Default,Default,Default,Default,Default,Default,Default,DefaultJob,WildcardPattern=pre*dent&DocumentCount=100000,1,Workload,Result,10,894286555,2048,436663.36,185,3,0,379368
WildcardQueryBenchmarks.LuceneNet_WildcardQuery,Rowles.LeanCorpus.Benchmarks,WildcardQueryBenchmarks,LuceneNet_WildcardQuery,DefaultJob,Default,Default,Default,Default,Default,Default,Default,Default,Default,Default,Default,Default,Default,Default,Default,Default,Default,Default,Default,Default,Default,Default,Default,Default,Default,Default,Default,Default,Default,Default,Default,Default,Default,Default,Default,Default,Default,Default,Default,Default,Default,DefaultJob,WildcardPattern=pre*dent&DocumentCount=100000,1,Workload,Result,11,910008704,2048,444340.19,185,3,0,379368
WildcardQueryBenchmarks.LuceneNet_WildcardQuery,Rowles.LeanCorpus.Benchmarks,WildcardQueryBenchmarks,LuceneNet_WildcardQuery,DefaultJob,Default,Default,Default,Default,Default,Default,Default,Default,Default,Default,Default,Default,Default,Default,Default,Default,Default,Default,Default,Default,Default,Default,Default,Default,Default,Default,Default,Default,Default,Default,Default,Default,Default,Default,Default,Default,Default,Default,Default,Default,Default,DefaultJob,WildcardPattern=pre*dent&DocumentCount=100000,1,Workload,Result,12,907825987,2048,443274.41,185,3,0,379368
WildcardQueryBenchmarks.LuceneNet_WildcardQuery,Rowles.LeanCorpus.Benchmarks,WildcardQueryBenchmarks,LuceneNet_WildcardQuery,DefaultJob,Default,Default,Default,Default,Default,Default,Default,Default,Default,Default,Default,Default,Default,Default,Default,Default,Default,Default,Default,Default,Default,Default,Default,Default,Default,Default,Default,Default,Default,Default,Default,Default,Default,Default,Default,Default,Default,Default,Default,Default,Default,DefaultJob,WildcardPattern=pre*dent&DocumentCount=100000,1,Workload,Result,13,895838225,2048,437421.01,185,3,0,379368
WildcardQueryBenchmarks.LuceneNet_WildcardQuery,Rowles.LeanCorpus.Benchmarks,WildcardQueryBenchmarks,LuceneNet_WildcardQuery,DefaultJob,Default,Default,Default,Default,Default,Default,Default,Default,Default,Default,Default,Default,Default,Default,Default,Default,Default,Default,Default,Default,Default,Default,Default,Default,Default,Default,Default,Default,Default,Default,Default,Default,Default,Default,Default,Default,Default,Default,Default,Default,Default,DefaultJob,WildcardPattern=pre*dent&DocumentCount=100000,1,Workload,Result,14,908396594,2048,443553.02,185,3,0,379368
WildcardQueryBenchmarks.LuceneNet_WildcardQuery,Rowles.LeanCorpus.Benchmarks,WildcardQueryBenchmarks,LuceneNet_WildcardQuery,DefaultJob,Default,Default,Default,Default,Default,Default,Default,Default,Default,Default,Default,Default,Default,Default,Default,Default,Default,Default,Default,Default,Default,Default,Default,Default,Default,Default,Default,Default,Default,Default,Default,Default,Default,Default,Default,Default,Default,Default,Default,Default,Default,DefaultJob,WildcardPattern=pre*dent&DocumentCount=100000,1,Workload,Result,15,905875327,2048,442321.94,185,3,0,379368
