Target,Target_Namespace,Target_Type,Target_Method,Job_Id,Job_AnalyzeLaunchVariance,Job_EvaluateOverhead,Job_MaxAbsoluteError,Job_MaxRelativeError,Job_MinInvokeCount,Job_MinIterationTime,Job_OutlierMode,Job_Affinity,Job_EnvironmentVariables,Job_Jit,Job_LargeAddressAware,Job_Platform,Job_PowerPlanMode,Job_Runtime,Job_AllowVeryLargeObjects,Job_Concurrent,Job_CpuGroups,Job_Force,Job_HeapAffinitizeMask,Job_HeapCount,Job_NoAffinitize,Job_RetainVm,Job_Server,Job_Arguments,Job_BuildConfiguration,Job_Clock,Job_EngineFactory,Job_Toolchain,Job_IsMutator,Job_InvocationCount,Job_IterationCount,Job_IterationTime,Job_LaunchCount,Job_MaxIterationCount,Job_MaxWarmupIterationCount,Job_MemoryRandomization,Job_MinIterationCount,Job_MinWarmupIterationCount,Job_RunStrategy,Job_UnrollFactor,Job_WarmupCount,Job_Display,Params,Measurement_LaunchIndex,Measurement_IterationMode,Measurement_IterationStage,Measurement_IterationIndex,Measurement_Nanoseconds,Measurement_Operations,Measurement_Value,Gen_0,Gen_1,Gen_2,Allocated_Bytes
QueryCacheBenchmarks.LeanCorpus_NoCache,Rowles.LeanCorpus.Benchmarks,QueryCacheBenchmarks,LeanCorpus_NoCache,DefaultJob,Default,Default,Default,Default,Default,Default,Default,Default,Default,Default,Default,Default,Default,Default,Default,Default,Default,Default,Default,Default,Default,Default,Default,Default,Default,Default,Default,Default,Default,Default,Default,Default,Default,Default,Default,Default,Default,Default,Default,Default,Default,DefaultJob,DocumentCount=100000,1,Workload,Jitting,1,70411452,1,70411452,1,0,0,888
QueryCacheBenchmarks.LeanCorpus_NoCache,Rowles.LeanCorpus.Benchmarks,QueryCacheBenchmarks,LeanCorpus_NoCache,DefaultJob,Default,Default,Default,Default,Default,Default,Default,Default,Default,Default,Default,Default,Default,Default,Default,Default,Default,Default,Default,Default,Default,Default,Default,Default,Default,Default,Default,Default,Default,Default,Default,Default,Default,Default,Default,Default,Default,Default,Default,Default,Default,DefaultJob,DocumentCount=100000,1,Workload,Jitting,2,8718927,30,290630.9,1,0,0,888
QueryCacheBenchmarks.LeanCorpus_NoCache,Rowles.LeanCorpus.Benchmarks,QueryCacheBenchmarks,LeanCorpus_NoCache,DefaultJob,Default,Default,Default,Default,Default,Default,Default,Default,Default,Default,Default,Default,Default,Default,Default,Default,Default,Default,Default,Default,Default,Default,Default,Default,Default,Default,Default,Default,Default,Default,Default,Default,Default,Default,Default,Default,Default,Default,Default,Default,Default,DefaultJob,DocumentCount=100000,1,Workload,Jitting,3,8573898,30,285796.6,1,0,0,888
QueryCacheBenchmarks.LeanCorpus_NoCache,Rowles.LeanCorpus.Benchmarks,QueryCacheBenchmarks,LeanCorpus_NoCache,DefaultJob,Default,Default,Default,Default,Default,Default,Default,Default,Default,Default,Default,Default,Default,Default,Default,Default,Default,Default,Default,Default,Default,Default,Default,Default,Default,Default,Default,Default,Default,Default,Default,Default,Default,Default,Default,Default,Default,Default,Default,Default,Default,DefaultJob,DocumentCount=100000,1,Workload,Jitting,4,6892268,30,229742.27,1,0,0,888
QueryCacheBenchmarks.LeanCorpus_NoCache,Rowles.LeanCorpus.Benchmarks,QueryCacheBenchmarks,LeanCorpus_NoCache,DefaultJob,Default,Default,Default,Default,Default,Default,Default,Default,Default,Default,Default,Default,Default,Default,Default,Default,Default,Default,Default,Default,Default,Default,Default,Default,Default,Default,Default,Default,Default,Default,Default,Default,Default,Default,Default,Default,Default,Default,Default,Default,Default,DefaultJob,DocumentCount=100000,1,Workload,Jitting,5,284818,1,284818,1,0,0,888
QueryCacheBenchmarks.LeanCorpus_NoCache,Rowles.LeanCorpus.Benchmarks,QueryCacheBenchmarks,LeanCorpus_NoCache,DefaultJob,Default,Default,Default,Default,Default,Default,Default,Default,Default,Default,Default,Default,Default,Default,Default,Default,Default,Default,Default,Default,Default,Default,Default,Default,Default,Default,Default,Default,Default,Default,Default,Default,Default,Default,Default,Default,Default,Default,Default,Default,Default,DefaultJob,DocumentCount=100000,1,Workload,Pilot,1,301294,1,301294,1,0,0,888
QueryCacheBenchmarks.LeanCorpus_NoCache,Rowles.LeanCorpus.Benchmarks,QueryCacheBenchmarks,LeanCorpus_NoCache,DefaultJob,Default,Default,Default,Default,Default,Default,Default,Default,Default,Default,Default,Default,Default,Default,Default,Default,Default,Default,Default,Default,Default,Default,Default,Default,Default,Default,Default,Default,Default,Default,Default,Default,Default,Default,Default,Default,Default,Default,Default,Default,Default,DefaultJob,DocumentCount=100000,1,Workload,Pilot,1,4023117,16,251444.81,1,0,0,888
QueryCacheBenchmarks.LeanCorpus_NoCache,Rowles.LeanCorpus.Benchmarks,QueryCacheBenchmarks,LeanCorpus_NoCache,DefaultJob,Default,Default,Default,Default,Default,Default,Default,Default,Default,Default,Default,Default,Default,Default,Default,Default,Default,Default,Default,Default,Default,Default,Default,Default,Default,Default,Default,Default,Default,Default,Default,Default,Default,Default,Default,Default,Default,Default,Default,Default,Default,DefaultJob,DocumentCount=100000,1,Workload,Pilot,2,8083381,32,252605.66,1,0,0,888
QueryCacheBenchmarks.LeanCorpus_NoCache,Rowles.LeanCorpus.Benchmarks,QueryCacheBenchmarks,LeanCorpus_NoCache,DefaultJob,Default,Default,Default,Default,Default,Default,Default,Default,Default,Default,Default,Default,Default,Default,Default,Default,Default,Default,Default,Default,Default,Default,Default,Default,Default,Default,Default,Default,Default,Default,Default,Default,Default,Default,Default,Default,Default,Default,Default,Default,Default,DefaultJob,DocumentCount=100000,1,Workload,Pilot,3,14644771,64,228824.55,1,0,0,888
QueryCacheBenchmarks.LeanCorpus_NoCache,Rowles.LeanCorpus.Benchmarks,QueryCacheBenchmarks,LeanCorpus_NoCache,DefaultJob,Default,Default,Default,Default,Default,Default,Default,Default,Default,Default,Default,Default,Default,Default,Default,Default,Default,Default,Default,Default,Default,Default,Default,Default,Default,Default,Default,Default,Default,Default,Default,Default,Default,Default,Default,Default,Default,Default,Default,Default,Default,DefaultJob,DocumentCount=100000,1,Workload,Pilot,4,17784806,128,138943.8,1,0,0,888
QueryCacheBenchmarks.LeanCorpus_NoCache,Rowles.LeanCorpus.Benchmarks,QueryCacheBenchmarks,LeanCorpus_NoCache,DefaultJob,Default,Default,Default,Default,Default,Default,Default,Default,Default,Default,Default,Default,Default,Default,Default,Default,Default,Default,Default,Default,Default,Default,Default,Default,Default,Default,Default,Default,Default,Default,Default,Default,Default,Default,Default,Default,Default,Default,Default,Default,Default,DefaultJob,DocumentCount=100000,1,Workload,Pilot,5,32027051,256,125105.67,1,0,0,888
QueryCacheBenchmarks.LeanCorpus_NoCache,Rowles.LeanCorpus.Benchmarks,QueryCacheBenchmarks,LeanCorpus_NoCache,DefaultJob,Default,Default,Default,Default,Default,Default,Default,Default,Default,Default,Default,Default,Default,Default,Default,Default,Default,Default,Default,Default,Default,Default,Default,Default,Default,Default,Default,Default,Default,Default,Default,Default,Default,Default,Default,Default,Default,Default,Default,Default,Default,DefaultJob,DocumentCount=100000,1,Workload,Pilot,6,58736246,512,114719.23,1,0,0,888
QueryCacheBenchmarks.LeanCorpus_NoCache,Rowles.LeanCorpus.Benchmarks,QueryCacheBenchmarks,LeanCorpus_NoCache,DefaultJob,Default,Default,Default,Default,Default,Default,Default,Default,Default,Default,Default,Default,Default,Default,Default,Default,Default,Default,Default,Default,Default,Default,Default,Default,Default,Default,Default,Default,Default,Default,Default,Default,Default,Default,Default,Default,Default,Default,Default,Default,Default,DefaultJob,DocumentCount=100000,1,Workload,Pilot,7,116885803,1024,114146.29,1,0,0,888
QueryCacheBenchmarks.LeanCorpus_NoCache,Rowles.LeanCorpus.Benchmarks,QueryCacheBenchmarks,LeanCorpus_NoCache,DefaultJob,Default,Default,Default,Default,Default,Default,Default,Default,Default,Default,Default,Default,Default,Default,Default,Default,Default,Default,Default,Default,Default,Default,Default,Default,Default,Default,Default,Default,Default,Default,Default,Default,Default,Default,Default,Default,Default,Default,Default,Default,Default,DefaultJob,DocumentCount=100000,1,Workload,Pilot,8,228733830,2048,111686.44,1,0,0,888
QueryCacheBenchmarks.LeanCorpus_NoCache,Rowles.LeanCorpus.Benchmarks,QueryCacheBenchmarks,LeanCorpus_NoCache,DefaultJob,Default,Default,Default,Default,Default,Default,Default,Default,Default,Default,Default,Default,Default,Default,Default,Default,Default,Default,Default,Default,Default,Default,Default,Default,Default,Default,Default,Default,Default,Default,Default,Default,Default,Default,Default,Default,Default,Default,Default,Default,Default,DefaultJob,DocumentCount=100000,1,Workload,Pilot,9,453639365,4096,110751.8,1,0,0,888
QueryCacheBenchmarks.LeanCorpus_NoCache,Rowles.LeanCorpus.Benchmarks,QueryCacheBenchmarks,LeanCorpus_NoCache,DefaultJob,Default,Default,Default,Default,Default,Default,Default,Default,Default,Default,Default,Default,Default,Default,Default,Default,Default,Default,Default,Default,Default,Default,Default,Default,Default,Default,Default,Default,Default,Default,Default,Default,Default,Default,Default,Default,Default,Default,Default,Default,Default,DefaultJob,DocumentCount=100000,1,Workload,Pilot,10,909177942,8192,110983.64,1,0,0,888
QueryCacheBenchmarks.LeanCorpus_NoCache,Rowles.LeanCorpus.Benchmarks,QueryCacheBenchmarks,LeanCorpus_NoCache,DefaultJob,Default,Default,Default,Default,Default,Default,Default,Default,Default,Default,Default,Default,Default,Default,Default,Default,Default,Default,Default,Default,Default,Default,Default,Default,Default,Default,Default,Default,Default,Default,Default,Default,Default,Default,Default,Default,Default,Default,Default,Default,Default,DefaultJob,DocumentCount=100000,1,Workload,Warmup,1,906370455,8192,110640.92,1,0,0,888
QueryCacheBenchmarks.LeanCorpus_NoCache,Rowles.LeanCorpus.Benchmarks,QueryCacheBenchmarks,LeanCorpus_NoCache,DefaultJob,Default,Default,Default,Default,Default,Default,Default,Default,Default,Default,Default,Default,Default,Default,Default,Default,Default,Default,Default,Default,Default,Default,Default,Default,Default,Default,Default,Default,Default,Default,Default,Default,Default,Default,Default,Default,Default,Default,Default,Default,Default,DefaultJob,DocumentCount=100000,1,Workload,Warmup,2,904884816,8192,110459.57,1,0,0,888
QueryCacheBenchmarks.LeanCorpus_NoCache,Rowles.LeanCorpus.Benchmarks,QueryCacheBenchmarks,LeanCorpus_NoCache,DefaultJob,Default,Default,Default,Default,Default,Default,Default,Default,Default,Default,Default,Default,Default,Default,Default,Default,Default,Default,Default,Default,Default,Default,Default,Default,Default,Default,Default,Default,Default,Default,Default,Default,Default,Default,Default,Default,Default,Default,Default,Default,Default,DefaultJob,DocumentCount=100000,1,Workload,Warmup,3,907316641,8192,110756.43,1,0,0,888
QueryCacheBenchmarks.LeanCorpus_NoCache,Rowles.LeanCorpus.Benchmarks,QueryCacheBenchmarks,LeanCorpus_NoCache,DefaultJob,Default,Default,Default,Default,Default,Default,Default,Default,Default,Default,Default,Default,Default,Default,Default,Default,Default,Default,Default,Default,Default,Default,Default,Default,Default,Default,Default,Default,Default,Default,Default,Default,Default,Default,Default,Default,Default,Default,Default,Default,Default,DefaultJob,DocumentCount=100000,1,Workload,Warmup,4,903038372,8192,110234.18,1,0,0,888
QueryCacheBenchmarks.LeanCorpus_NoCache,Rowles.LeanCorpus.Benchmarks,QueryCacheBenchmarks,LeanCorpus_NoCache,DefaultJob,Default,Default,Default,Default,Default,Default,Default,Default,Default,Default,Default,Default,Default,Default,Default,Default,Default,Default,Default,Default,Default,Default,Default,Default,Default,Default,Default,Default,Default,Default,Default,Default,Default,Default,Default,Default,Default,Default,Default,Default,Default,DefaultJob,DocumentCount=100000,1,Workload,Warmup,5,907023806,8192,110720.68,1,0,0,888
QueryCacheBenchmarks.LeanCorpus_NoCache,Rowles.LeanCorpus.Benchmarks,QueryCacheBenchmarks,LeanCorpus_NoCache,DefaultJob,Default,Default,Default,Default,Default,Default,Default,Default,Default,Default,Default,Default,Default,Default,Default,Default,Default,Default,Default,Default,Default,Default,Default,Default,Default,Default,Default,Default,Default,Default,Default,Default,Default,Default,Default,Default,Default,Default,Default,Default,Default,DefaultJob,DocumentCount=100000,1,Workload,Warmup,6,900847495,8192,109966.74,1,0,0,888
QueryCacheBenchmarks.LeanCorpus_NoCache,Rowles.LeanCorpus.Benchmarks,QueryCacheBenchmarks,LeanCorpus_NoCache,DefaultJob,Default,Default,Default,Default,Default,Default,Default,Default,Default,Default,Default,Default,Default,Default,Default,Default,Default,Default,Default,Default,Default,Default,Default,Default,Default,Default,Default,Default,Default,Default,Default,Default,Default,Default,Default,Default,Default,Default,Default,Default,Default,DefaultJob,DocumentCount=100000,1,Workload,Actual,1,899199171,8192,109765.52,1,0,0,888
QueryCacheBenchmarks.LeanCorpus_NoCache,Rowles.LeanCorpus.Benchmarks,QueryCacheBenchmarks,LeanCorpus_NoCache,DefaultJob,Default,Default,Default,Default,Default,Default,Default,Default,Default,Default,Default,Default,Default,Default,Default,Default,Default,Default,Default,Default,Default,Default,Default,Default,Default,Default,Default,Default,Default,Default,Default,Default,Default,Default,Default,Default,Default,Default,Default,Default,Default,DefaultJob,DocumentCount=100000,1,Workload,Actual,2,906115458,8192,110609.8,1,0,0,888
QueryCacheBenchmarks.LeanCorpus_NoCache,Rowles.LeanCorpus.Benchmarks,QueryCacheBenchmarks,LeanCorpus_NoCache,DefaultJob,Default,Default,Default,Default,Default,Default,Default,Default,Default,Default,Default,Default,Default,Default,Default,Default,Default,Default,Default,Default,Default,Default,Default,Default,Default,Default,Default,Default,Default,Default,Default,Default,Default,Default,Default,Default,Default,Default,Default,Default,Default,DefaultJob,DocumentCount=100000,1,Workload,Actual,3,906533977,8192,110660.89,1,0,0,888
QueryCacheBenchmarks.LeanCorpus_NoCache,Rowles.LeanCorpus.Benchmarks,QueryCacheBenchmarks,LeanCorpus_NoCache,DefaultJob,Default,Default,Default,Default,Default,Default,Default,Default,Default,Default,Default,Default,Default,Default,Default,Default,Default,Default,Default,Default,Default,Default,Default,Default,Default,Default,Default,Default,Default,Default,Default,Default,Default,Default,Default,Default,Default,Default,Default,Default,Default,DefaultJob,DocumentCount=100000,1,Workload,Actual,4,902010476,8192,110108.7,1,0,0,888
QueryCacheBenchmarks.LeanCorpus_NoCache,Rowles.LeanCorpus.Benchmarks,QueryCacheBenchmarks,LeanCorpus_NoCache,DefaultJob,Default,Default,Default,Default,Default,Default,Default,Default,Default,Default,Default,Default,Default,Default,Default,Default,Default,Default,Default,Default,Default,Default,Default,Default,Default,Default,Default,Default,Default,Default,Default,Default,Default,Default,Default,Default,Default,Default,Default,Default,Default,DefaultJob,DocumentCount=100000,1,Workload,Actual,5,893385596,8192,109055.86,1,0,0,888
QueryCacheBenchmarks.LeanCorpus_NoCache,Rowles.LeanCorpus.Benchmarks,QueryCacheBenchmarks,LeanCorpus_NoCache,DefaultJob,Default,Default,Default,Default,Default,Default,Default,Default,Default,Default,Default,Default,Default,Default,Default,Default,Default,Default,Default,Default,Default,Default,Default,Default,Default,Default,Default,Default,Default,Default,Default,Default,Default,Default,Default,Default,Default,Default,Default,Default,Default,DefaultJob,DocumentCount=100000,1,Workload,Actual,6,905994931,8192,110595.08,1,0,0,888
QueryCacheBenchmarks.LeanCorpus_NoCache,Rowles.LeanCorpus.Benchmarks,QueryCacheBenchmarks,LeanCorpus_NoCache,DefaultJob,Default,Default,Default,Default,Default,Default,Default,Default,Default,Default,Default,Default,Default,Default,Default,Default,Default,Default,Default,Default,Default,Default,Default,Default,Default,Default,Default,Default,Default,Default,Default,Default,Default,Default,Default,Default,Default,Default,Default,Default,Default,DefaultJob,DocumentCount=100000,1,Workload,Actual,7,903898055,8192,110339.12,1,0,0,888
QueryCacheBenchmarks.LeanCorpus_NoCache,Rowles.LeanCorpus.Benchmarks,QueryCacheBenchmarks,LeanCorpus_NoCache,DefaultJob,Default,Default,Default,Default,Default,Default,Default,Default,Default,Default,Default,Default,Default,Default,Default,Default,Default,Default,Default,Default,Default,Default,Default,Default,Default,Default,Default,Default,Default,Default,Default,Default,Default,Default,Default,Default,Default,Default,Default,Default,Default,DefaultJob,DocumentCount=100000,1,Workload,Actual,8,904799317,8192,110449.14,1,0,0,888
QueryCacheBenchmarks.LeanCorpus_NoCache,Rowles.LeanCorpus.Benchmarks,QueryCacheBenchmarks,LeanCorpus_NoCache,DefaultJob,Default,Default,Default,Default,Default,Default,Default,Default,Default,Default,Default,Default,Default,Default,Default,Default,Default,Default,Default,Default,Default,Default,Default,Default,Default,Default,Default,Default,Default,Default,Default,Default,Default,Default,Default,Default,Default,Default,Default,Default,Default,DefaultJob,DocumentCount=100000,1,Workload,Actual,9,905122019,8192,110488.53,1,0,0,888
QueryCacheBenchmarks.LeanCorpus_NoCache,Rowles.LeanCorpus.Benchmarks,QueryCacheBenchmarks,LeanCorpus_NoCache,DefaultJob,Default,Default,Default,Default,Default,Default,Default,Default,Default,Default,Default,Default,Default,Default,Default,Default,Default,Default,Default,Default,Default,Default,Default,Default,Default,Default,Default,Default,Default,Default,Default,Default,Default,Default,Default,Default,Default,Default,Default,Default,Default,DefaultJob,DocumentCount=100000,1,Workload,Actual,10,908057777,8192,110846.9,1,0,0,888
QueryCacheBenchmarks.LeanCorpus_NoCache,Rowles.LeanCorpus.Benchmarks,QueryCacheBenchmarks,LeanCorpus_NoCache,DefaultJob,Default,Default,Default,Default,Default,Default,Default,Default,Default,Default,Default,Default,Default,Default,Default,Default,Default,Default,Default,Default,Default,Default,Default,Default,Default,Default,Default,Default,Default,Default,Default,Default,Default,Default,Default,Default,Default,Default,Default,Default,Default,DefaultJob,DocumentCount=100000,1,Workload,Actual,11,901146998,8192,110003.3,1,0,0,888
QueryCacheBenchmarks.LeanCorpus_NoCache,Rowles.LeanCorpus.Benchmarks,QueryCacheBenchmarks,LeanCorpus_NoCache,DefaultJob,Default,Default,Default,Default,Default,Default,Default,Default,Default,Default,Default,Default,Default,Default,Default,Default,Default,Default,Default,Default,Default,Default,Default,Default,Default,Default,Default,Default,Default,Default,Default,Default,Default,Default,Default,Default,Default,Default,Default,Default,Default,DefaultJob,DocumentCount=100000,1,Workload,Actual,12,905736945,8192,110563.59,1,0,0,888
QueryCacheBenchmarks.LeanCorpus_NoCache,Rowles.LeanCorpus.Benchmarks,QueryCacheBenchmarks,LeanCorpus_NoCache,DefaultJob,Default,Default,Default,Default,Default,Default,Default,Default,Default,Default,Default,Default,Default,Default,Default,Default,Default,Default,Default,Default,Default,Default,Default,Default,Default,Default,Default,Default,Default,Default,Default,Default,Default,Default,Default,Default,Default,Default,Default,Default,Default,DefaultJob,DocumentCount=100000,1,Workload,Actual,13,905235743,8192,110502.41,1,0,0,888
QueryCacheBenchmarks.LeanCorpus_NoCache,Rowles.LeanCorpus.Benchmarks,QueryCacheBenchmarks,LeanCorpus_NoCache,DefaultJob,Default,Default,Default,Default,Default,Default,Default,Default,Default,Default,Default,Default,Default,Default,Default,Default,Default,Default,Default,Default,Default,Default,Default,Default,Default,Default,Default,Default,Default,Default,Default,Default,Default,Default,Default,Default,Default,Default,Default,Default,Default,DefaultJob,DocumentCount=100000,1,Workload,Actual,14,907068627,8192,110726.15,1,0,0,888
QueryCacheBenchmarks.LeanCorpus_NoCache,Rowles.LeanCorpus.Benchmarks,QueryCacheBenchmarks,LeanCorpus_NoCache,DefaultJob,Default,Default,Default,Default,Default,Default,Default,Default,Default,Default,Default,Default,Default,Default,Default,Default,Default,Default,Default,Default,Default,Default,Default,Default,Default,Default,Default,Default,Default,Default,Default,Default,Default,Default,Default,Default,Default,Default,Default,Default,Default,DefaultJob,DocumentCount=100000,1,Workload,Actual,15,906516278,8192,110658.73,1,0,0,888
QueryCacheBenchmarks.LeanCorpus_NoCache,Rowles.LeanCorpus.Benchmarks,QueryCacheBenchmarks,LeanCorpus_NoCache,DefaultJob,Default,Default,Default,Default,Default,Default,Default,Default,Default,Default,Default,Default,Default,Default,Default,Default,Default,Default,Default,Default,Default,Default,Default,Default,Default,Default,Default,Default,Default,Default,Default,Default,Default,Default,Default,Default,Default,Default,Default,Default,Default,DefaultJob,DocumentCount=100000,1,Workload,Extra,1,906133828,8192,110612.04,1,0,0,888
QueryCacheBenchmarks.LeanCorpus_NoCache,Rowles.LeanCorpus.Benchmarks,QueryCacheBenchmarks,LeanCorpus_NoCache,DefaultJob,Default,Default,Default,Default,Default,Default,Default,Default,Default,Default,Default,Default,Default,Default,Default,Default,Default,Default,Default,Default,Default,Default,Default,Default,Default,Default,Default,Default,Default,Default,Default,Default,Default,Default,Default,Default,Default,Default,Default,Default,Default,DefaultJob,DocumentCount=100000,1,Workload,Result,1,899199171,8192,109765.52,1,0,0,888
QueryCacheBenchmarks.LeanCorpus_NoCache,Rowles.LeanCorpus.Benchmarks,QueryCacheBenchmarks,LeanCorpus_NoCache,DefaultJob,Default,Default,Default,Default,Default,Default,Default,Default,Default,Default,Default,Default,Default,Default,Default,Default,Default,Default,Default,Default,Default,Default,Default,Default,Default,Default,Default,Default,Default,Default,Default,Default,Default,Default,Default,Default,Default,Default,Default,Default,Default,DefaultJob,DocumentCount=100000,1,Workload,Result,2,906115458,8192,110609.8,1,0,0,888
QueryCacheBenchmarks.LeanCorpus_NoCache,Rowles.LeanCorpus.Benchmarks,QueryCacheBenchmarks,LeanCorpus_NoCache,DefaultJob,Default,Default,Default,Default,Default,Default,Default,Default,Default,Default,Default,Default,Default,Default,Default,Default,Default,Default,Default,Default,Default,Default,Default,Default,Default,Default,Default,Default,Default,Default,Default,Default,Default,Default,Default,Default,Default,Default,Default,Default,Default,DefaultJob,DocumentCount=100000,1,Workload,Result,3,906533977,8192,110660.89,1,0,0,888
QueryCacheBenchmarks.LeanCorpus_NoCache,Rowles.LeanCorpus.Benchmarks,QueryCacheBenchmarks,LeanCorpus_NoCache,DefaultJob,Default,Default,Default,Default,Default,Default,Default,Default,Default,Default,Default,Default,Default,Default,Default,Default,Default,Default,Default,Default,Default,Default,Default,Default,Default,Default,Default,Default,Default,Default,Default,Default,Default,Default,Default,Default,Default,Default,Default,Default,Default,DefaultJob,DocumentCount=100000,1,Workload,Result,4,902010476,8192,110108.7,1,0,0,888
QueryCacheBenchmarks.LeanCorpus_NoCache,Rowles.LeanCorpus.Benchmarks,QueryCacheBenchmarks,LeanCorpus_NoCache,DefaultJob,Default,Default,Default,Default,Default,Default,Default,Default,Default,Default,Default,Default,Default,Default,Default,Default,Default,Default,Default,Default,Default,Default,Default,Default,Default,Default,Default,Default,Default,Default,Default,Default,Default,Default,Default,Default,Default,Default,Default,Default,Default,DefaultJob,DocumentCount=100000,1,Workload,Result,5,893385596,8192,109055.86,1,0,0,888
QueryCacheBenchmarks.LeanCorpus_NoCache,Rowles.LeanCorpus.Benchmarks,QueryCacheBenchmarks,LeanCorpus_NoCache,DefaultJob,Default,Default,Default,Default,Default,Default,Default,Default,Default,Default,Default,Default,Default,Default,Default,Default,Default,Default,Default,Default,Default,Default,Default,Default,Default,Default,Default,Default,Default,Default,Default,Default,Default,Default,Default,Default,Default,Default,Default,Default,Default,DefaultJob,DocumentCount=100000,1,Workload,Result,6,905994931,8192,110595.08,1,0,0,888
QueryCacheBenchmarks.LeanCorpus_NoCache,Rowles.LeanCorpus.Benchmarks,QueryCacheBenchmarks,LeanCorpus_NoCache,DefaultJob,Default,Default,Default,Default,Default,Default,Default,Default,Default,Default,Default,Default,Default,Default,Default,Default,Default,Default,Default,Default,Default,Default,Default,Default,Default,Default,Default,Default,Default,Default,Default,Default,Default,Default,Default,Default,Default,Default,Default,Default,Default,DefaultJob,DocumentCount=100000,1,Workload,Result,7,903898055,8192,110339.12,1,0,0,888
QueryCacheBenchmarks.LeanCorpus_NoCache,Rowles.LeanCorpus.Benchmarks,QueryCacheBenchmarks,LeanCorpus_NoCache,DefaultJob,Default,Default,Default,Default,Default,Default,Default,Default,Default,Default,Default,Default,Default,Default,Default,Default,Default,Default,Default,Default,Default,Default,Default,Default,Default,Default,Default,Default,Default,Default,Default,Default,Default,Default,Default,Default,Default,Default,Default,Default,Default,DefaultJob,DocumentCount=100000,1,Workload,Result,8,904799317,8192,110449.14,1,0,0,888
QueryCacheBenchmarks.LeanCorpus_NoCache,Rowles.LeanCorpus.Benchmarks,QueryCacheBenchmarks,LeanCorpus_NoCache,DefaultJob,Default,Default,Default,Default,Default,Default,Default,Default,Default,Default,Default,Default,Default,Default,Default,Default,Default,Default,Default,Default,Default,Default,Default,Default,Default,Default,Default,Default,Default,Default,Default,Default,Default,Default,Default,Default,Default,Default,Default,Default,Default,DefaultJob,DocumentCount=100000,1,Workload,Result,9,905122019,8192,110488.53,1,0,0,888
QueryCacheBenchmarks.LeanCorpus_NoCache,Rowles.LeanCorpus.Benchmarks,QueryCacheBenchmarks,LeanCorpus_NoCache,DefaultJob,Default,Default,Default,Default,Default,Default,Default,Default,Default,Default,Default,Default,Default,Default,Default,Default,Default,Default,Default,Default,Default,Default,Default,Default,Default,Default,Default,Default,Default,Default,Default,Default,Default,Default,Default,Default,Default,Default,Default,Default,Default,DefaultJob,DocumentCount=100000,1,Workload,Result,10,908057777,8192,110846.9,1,0,0,888
QueryCacheBenchmarks.LeanCorpus_NoCache,Rowles.LeanCorpus.Benchmarks,QueryCacheBenchmarks,LeanCorpus_NoCache,DefaultJob,Default,Default,Default,Default,Default,Default,Default,Default,Default,Default,Default,Default,Default,Default,Default,Default,Default,Default,Default,Default,Default,Default,Default,Default,Default,Default,Default,Default,Default,Default,Default,Default,Default,Default,Default,Default,Default,Default,Default,Default,Default,DefaultJob,DocumentCount=100000,1,Workload,Result,11,901146998,8192,110003.3,1,0,0,888
QueryCacheBenchmarks.LeanCorpus_NoCache,Rowles.LeanCorpus.Benchmarks,QueryCacheBenchmarks,LeanCorpus_NoCache,DefaultJob,Default,Default,Default,Default,Default,Default,Default,Default,Default,Default,Default,Default,Default,Default,Default,Default,Default,Default,Default,Default,Default,Default,Default,Default,Default,Default,Default,Default,Default,Default,Default,Default,Default,Default,Default,Default,Default,Default,Default,Default,Default,DefaultJob,DocumentCount=100000,1,Workload,Result,12,905736945,8192,110563.59,1,0,0,888
QueryCacheBenchmarks.LeanCorpus_NoCache,Rowles.LeanCorpus.Benchmarks,QueryCacheBenchmarks,LeanCorpus_NoCache,DefaultJob,Default,Default,Default,Default,Default,Default,Default,Default,Default,Default,Default,Default,Default,Default,Default,Default,Default,Default,Default,Default,Default,Default,Default,Default,Default,Default,Default,Default,Default,Default,Default,Default,Default,Default,Default,Default,Default,Default,Default,Default,Default,DefaultJob,DocumentCount=100000,1,Workload,Result,13,905235743,8192,110502.41,1,0,0,888
QueryCacheBenchmarks.LeanCorpus_NoCache,Rowles.LeanCorpus.Benchmarks,QueryCacheBenchmarks,LeanCorpus_NoCache,DefaultJob,Default,Default,Default,Default,Default,Default,Default,Default,Default,Default,Default,Default,Default,Default,Default,Default,Default,Default,Default,Default,Default,Default,Default,Default,Default,Default,Default,Default,Default,Default,Default,Default,Default,Default,Default,Default,Default,Default,Default,Default,Default,DefaultJob,DocumentCount=100000,1,Workload,Result,14,907068627,8192,110726.15,1,0,0,888
QueryCacheBenchmarks.LeanCorpus_NoCache,Rowles.LeanCorpus.Benchmarks,QueryCacheBenchmarks,LeanCorpus_NoCache,DefaultJob,Default,Default,Default,Default,Default,Default,Default,Default,Default,Default,Default,Default,Default,Default,Default,Default,Default,Default,Default,Default,Default,Default,Default,Default,Default,Default,Default,Default,Default,Default,Default,Default,Default,Default,Default,Default,Default,Default,Default,Default,Default,DefaultJob,DocumentCount=100000,1,Workload,Result,15,906516278,8192,110658.73,1,0,0,888
QueryCacheBenchmarks.LeanCorpus_WithCache,Rowles.LeanCorpus.Benchmarks,QueryCacheBenchmarks,LeanCorpus_WithCache,DefaultJob,Default,Default,Default,Default,Default,Default,Default,Default,Default,Default,Default,Default,Default,Default,Default,Default,Default,Default,Default,Default,Default,Default,Default,Default,Default,Default,Default,Default,Default,Default,Default,Default,Default,Default,Default,Default,Default,Default,Default,Default,Default,DefaultJob,DocumentCount=100000,1,Workload,Jitting,1,76183213,1,76183213,248,0,0,496
QueryCacheBenchmarks.LeanCorpus_WithCache,Rowles.LeanCorpus.Benchmarks,QueryCacheBenchmarks,LeanCorpus_WithCache,DefaultJob,Default,Default,Default,Default,Default,Default,Default,Default,Default,Default,Default,Default,Default,Default,Default,Default,Default,Default,Default,Default,Default,Default,Default,Default,Default,Default,Default,Default,Default,Default,Default,Default,Default,Default,Default,Default,Default,Default,Default,Default,Default,DefaultJob,DocumentCount=100000,1,Workload,Jitting,2,770447,30,25681.57,248,0,0,496
QueryCacheBenchmarks.LeanCorpus_WithCache,Rowles.LeanCorpus.Benchmarks,QueryCacheBenchmarks,LeanCorpus_WithCache,DefaultJob,Default,Default,Default,Default,Default,Default,Default,Default,Default,Default,Default,Default,Default,Default,Default,Default,Default,Default,Default,Default,Default,Default,Default,Default,Default,Default,Default,Default,Default,Default,Default,Default,Default,Default,Default,Default,Default,Default,Default,Default,Default,DefaultJob,DocumentCount=100000,1,Workload,Jitting,3,119648,30,3988.27,248,0,0,496
QueryCacheBenchmarks.LeanCorpus_WithCache,Rowles.LeanCorpus.Benchmarks,QueryCacheBenchmarks,LeanCorpus_WithCache,DefaultJob,Default,Default,Default,Default,Default,Default,Default,Default,Default,Default,Default,Default,Default,Default,Default,Default,Default,Default,Default,Default,Default,Default,Default,Default,Default,Default,Default,Default,Default,Default,Default,Default,Default,Default,Default,Default,Default,Default,Default,Default,Default,DefaultJob,DocumentCount=100000,1,Workload,Jitting,4,74665,30,2488.83,248,0,0,496
QueryCacheBenchmarks.LeanCorpus_WithCache,Rowles.LeanCorpus.Benchmarks,QueryCacheBenchmarks,LeanCorpus_WithCache,DefaultJob,Default,Default,Default,Default,Default,Default,Default,Default,Default,Default,Default,Default,Default,Default,Default,Default,Default,Default,Default,Default,Default,Default,Default,Default,Default,Default,Default,Default,Default,Default,Default,Default,Default,Default,Default,Default,Default,Default,Default,Default,Default,DefaultJob,DocumentCount=100000,1,Workload,Jitting,5,18974,1,18974,248,0,0,496
QueryCacheBenchmarks.LeanCorpus_WithCache,Rowles.LeanCorpus.Benchmarks,QueryCacheBenchmarks,LeanCorpus_WithCache,DefaultJob,Default,Default,Default,Default,Default,Default,Default,Default,Default,Default,Default,Default,Default,Default,Default,Default,Default,Default,Default,Default,Default,Default,Default,Default,Default,Default,Default,Default,Default,Default,Default,Default,Default,Default,Default,Default,Default,Default,Default,Default,Default,DefaultJob,DocumentCount=100000,1,Workload,Pilot,1,20021,1,20021,248,0,0,496
QueryCacheBenchmarks.LeanCorpus_WithCache,Rowles.LeanCorpus.Benchmarks,QueryCacheBenchmarks,LeanCorpus_WithCache,DefaultJob,Default,Default,Default,Default,Default,Default,Default,Default,Default,Default,Default,Default,Default,Default,Default,Default,Default,Default,Default,Default,Default,Default,Default,Default,Default,Default,Default,Default,Default,Default,Default,Default,Default,Default,Default,Default,Default,Default,Default,Default,Default,DefaultJob,DocumentCount=100000,1,Workload,Pilot,1,62031,16,3876.94,248,0,0,496
QueryCacheBenchmarks.LeanCorpus_WithCache,Rowles.LeanCorpus.Benchmarks,QueryCacheBenchmarks,LeanCorpus_WithCache,DefaultJob,Default,Default,Default,Default,Default,Default,Default,Default,Default,Default,Default,Default,Default,Default,Default,Default,Default,Default,Default,Default,Default,Default,Default,Default,Default,Default,Default,Default,Default,Default,Default,Default,Default,Default,Default,Default,Default,Default,Default,Default,Default,DefaultJob,DocumentCount=100000,1,Workload,Pilot,2,78351,32,2448.47,248,0,0,496
QueryCacheBenchmarks.LeanCorpus_WithCache,Rowles.LeanCorpus.Benchmarks,QueryCacheBenchmarks,LeanCorpus_WithCache,DefaultJob,Default,Default,Default,Default,Default,Default,Default,Default,Default,Default,Default,Default,Default,Default,Default,Default,Default,Default,Default,Default,Default,Default,Default,Default,Default,Default,Default,Default,Default,Default,Default,Default,Default,Default,Default,Default,Default,Default,Default,Default,Default,DefaultJob,DocumentCount=100000,1,Workload,Pilot,3,118780,64,1855.94,248,0,0,496
QueryCacheBenchmarks.LeanCorpus_WithCache,Rowles.LeanCorpus.Benchmarks,QueryCacheBenchmarks,LeanCorpus_WithCache,DefaultJob,Default,Default,Default,Default,Default,Default,Default,Default,Default,Default,Default,Default,Default,Default,Default,Default,Default,Default,Default,Default,Default,Default,Default,Default,Default,Default,Default,Default,Default,Default,Default,Default,Default,Default,Default,Default,Default,Default,Default,Default,Default,DefaultJob,DocumentCount=100000,1,Workload,Pilot,4,185115,128,1446.21,248,0,0,496
QueryCacheBenchmarks.LeanCorpus_WithCache,Rowles.LeanCorpus.Benchmarks,QueryCacheBenchmarks,LeanCorpus_WithCache,DefaultJob,Default,Default,Default,Default,Default,Default,Default,Default,Default,Default,Default,Default,Default,Default,Default,Default,Default,Default,Default,Default,Default,Default,Default,Default,Default,Default,Default,Default,Default,Default,Default,Default,Default,Default,Default,Default,Default,Default,Default,Default,Default,DefaultJob,DocumentCount=100000,1,Workload,Pilot,5,306029,256,1195.43,248,0,0,496
QueryCacheBenchmarks.LeanCorpus_WithCache,Rowles.LeanCorpus.Benchmarks,QueryCacheBenchmarks,LeanCorpus_WithCache,DefaultJob,Default,Default,Default,Default,Default,Default,Default,Default,Default,Default,Default,Default,Default,Default,Default,Default,Default,Default,Default,Default,Default,Default,Default,Default,Default,Default,Default,Default,Default,Default,Default,Default,Default,Default,Default,Default,Default,Default,Default,Default,Default,DefaultJob,DocumentCount=100000,1,Workload,Pilot,6,542237,512,1059.06,248,0,0,496
QueryCacheBenchmarks.LeanCorpus_WithCache,Rowles.LeanCorpus.Benchmarks,QueryCacheBenchmarks,LeanCorpus_WithCache,DefaultJob,Default,Default,Default,Default,Default,Default,Default,Default,Default,Default,Default,Default,Default,Default,Default,Default,Default,Default,Default,Default,Default,Default,Default,Default,Default,Default,Default,Default,Default,Default,Default,Default,Default,Default,Default,Default,Default,Default,Default,Default,Default,DefaultJob,DocumentCount=100000,1,Workload,Pilot,7,982059,1024,959.04,248,0,0,496
QueryCacheBenchmarks.LeanCorpus_WithCache,Rowles.LeanCorpus.Benchmarks,QueryCacheBenchmarks,LeanCorpus_WithCache,DefaultJob,Default,Default,Default,Default,Default,Default,Default,Default,Default,Default,Default,Default,Default,Default,Default,Default,Default,Default,Default,Default,Default,Default,Default,Default,Default,Default,Default,Default,Default,Default,Default,Default,Default,Default,Default,Default,Default,Default,Default,Default,Default,DefaultJob,DocumentCount=100000,1,Workload,Pilot,8,1816864,2048,887.14,248,0,0,496
QueryCacheBenchmarks.LeanCorpus_WithCache,Rowles.LeanCorpus.Benchmarks,QueryCacheBenchmarks,LeanCorpus_WithCache,DefaultJob,Default,Default,Default,Default,Default,Default,Default,Default,Default,Default,Default,Default,Default,Default,Default,Default,Default,Default,Default,Default,Default,Default,Default,Default,Default,Default,Default,Default,Default,Default,Default,Default,Default,Default,Default,Default,Default,Default,Default,Default,Default,DefaultJob,DocumentCount=100000,1,Workload,Pilot,9,2390126,4096,583.53,248,0,0,496
QueryCacheBenchmarks.LeanCorpus_WithCache,Rowles.LeanCorpus.Benchmarks,QueryCacheBenchmarks,LeanCorpus_WithCache,DefaultJob,Default,Default,Default,Default,Default,Default,Default,Default,Default,Default,Default,Default,Default,Default,Default,Default,Default,Default,Default,Default,Default,Default,Default,Default,Default,Default,Default,Default,Default,Default,Default,Default,Default,Default,Default,Default,Default,Default,Default,Default,Default,DefaultJob,DocumentCount=100000,1,Workload,Pilot,10,5258202,8192,641.87,248,0,0,496
QueryCacheBenchmarks.LeanCorpus_WithCache,Rowles.LeanCorpus.Benchmarks,QueryCacheBenchmarks,LeanCorpus_WithCache,DefaultJob,Default,Default,Default,Default,Default,Default,Default,Default,Default,Default,Default,Default,Default,Default,Default,Default,Default,Default,Default,Default,Default,Default,Default,Default,Default,Default,Default,Default,Default,Default,Default,Default,Default,Default,Default,Default,Default,Default,Default,Default,Default,DefaultJob,DocumentCount=100000,1,Workload,Pilot,11,7885867,16384,481.32,248,0,0,496
QueryCacheBenchmarks.LeanCorpus_WithCache,Rowles.LeanCorpus.Benchmarks,QueryCacheBenchmarks,LeanCorpus_WithCache,DefaultJob,Default,Default,Default,Default,Default,Default,Default,Default,Default,Default,Default,Default,Default,Default,Default,Default,Default,Default,Default,Default,Default,Default,Default,Default,Default,Default,Default,Default,Default,Default,Default,Default,Default,Default,Default,Default,Default,Default,Default,Default,Default,DefaultJob,DocumentCount=100000,1,Workload,Pilot,12,11071374,32768,337.87,248,0,0,496
QueryCacheBenchmarks.LeanCorpus_WithCache,Rowles.LeanCorpus.Benchmarks,QueryCacheBenchmarks,LeanCorpus_WithCache,DefaultJob,Default,Default,Default,Default,Default,Default,Default,Default,Default,Default,Default,Default,Default,Default,Default,Default,Default,Default,Default,Default,Default,Default,Default,Default,Default,Default,Default,Default,Default,Default,Default,Default,Default,Default,Default,Default,Default,Default,Default,Default,Default,DefaultJob,DocumentCount=100000,1,Workload,Pilot,13,19217869,65536,293.24,248,0,0,496
QueryCacheBenchmarks.LeanCorpus_WithCache,Rowles.LeanCorpus.Benchmarks,QueryCacheBenchmarks,LeanCorpus_WithCache,DefaultJob,Default,Default,Default,Default,Default,Default,Default,Default,Default,Default,Default,Default,Default,Default,Default,Default,Default,Default,Default,Default,Default,Default,Default,Default,Default,Default,Default,Default,Default,Default,Default,Default,Default,Default,Default,Default,Default,Default,Default,Default,Default,DefaultJob,DocumentCount=100000,1,Workload,Pilot,14,34910512,131072,266.35,248,0,0,496
QueryCacheBenchmarks.LeanCorpus_WithCache,Rowles.LeanCorpus.Benchmarks,QueryCacheBenchmarks,LeanCorpus_WithCache,DefaultJob,Default,Default,Default,Default,Default,Default,Default,Default,Default,Default,Default,Default,Default,Default,Default,Default,Default,Default,Default,Default,Default,Default,Default,Default,Default,Default,Default,Default,Default,Default,Default,Default,Default,Default,Default,Default,Default,Default,Default,Default,Default,DefaultJob,DocumentCount=100000,1,Workload,Pilot,15,69591960,262144,265.47,248,0,0,496
QueryCacheBenchmarks.LeanCorpus_WithCache,Rowles.LeanCorpus.Benchmarks,QueryCacheBenchmarks,LeanCorpus_WithCache,DefaultJob,Default,Default,Default,Default,Default,Default,Default,Default,Default,Default,Default,Default,Default,Default,Default,Default,Default,Default,Default,Default,Default,Default,Default,Default,Default,Default,Default,Default,Default,Default,Default,Default,Default,Default,Default,Default,Default,Default,Default,Default,Default,DefaultJob,DocumentCount=100000,1,Workload,Pilot,16,141078014,524288,269.08,248,0,0,496
QueryCacheBenchmarks.LeanCorpus_WithCache,Rowles.LeanCorpus.Benchmarks,QueryCacheBenchmarks,LeanCorpus_WithCache,DefaultJob,Default,Default,Default,Default,Default,Default,Default,Default,Default,Default,Default,Default,Default,Default,Default,Default,Default,Default,Default,Default,Default,Default,Default,Default,Default,Default,Default,Default,Default,Default,Default,Default,Default,Default,Default,Default,Default,Default,Default,Default,Default,DefaultJob,DocumentCount=100000,1,Workload,Pilot,17,273358313,1048576,260.69,248,0,0,496
QueryCacheBenchmarks.LeanCorpus_WithCache,Rowles.LeanCorpus.Benchmarks,QueryCacheBenchmarks,LeanCorpus_WithCache,DefaultJob,Default,Default,Default,Default,Default,Default,Default,Default,Default,Default,Default,Default,Default,Default,Default,Default,Default,Default,Default,Default,Default,Default,Default,Default,Default,Default,Default,Default,Default,Default,Default,Default,Default,Default,Default,Default,Default,Default,Default,Default,Default,DefaultJob,DocumentCount=100000,1,Workload,Pilot,18,553286224,2097152,263.83,248,0,0,496
QueryCacheBenchmarks.LeanCorpus_WithCache,Rowles.LeanCorpus.Benchmarks,QueryCacheBenchmarks,LeanCorpus_WithCache,DefaultJob,Default,Default,Default,Default,Default,Default,Default,Default,Default,Default,Default,Default,Default,Default,Default,Default,Default,Default,Default,Default,Default,Default,Default,Default,Default,Default,Default,Default,Default,Default,Default,Default,Default,Default,Default,Default,Default,Default,Default,Default,Default,DefaultJob,DocumentCount=100000,1,Workload,Warmup,1,551382990,2097152,262.92,248,0,0,496
QueryCacheBenchmarks.LeanCorpus_WithCache,Rowles.LeanCorpus.Benchmarks,QueryCacheBenchmarks,LeanCorpus_WithCache,DefaultJob,Default,Default,Default,Default,Default,Default,Default,Default,Default,Default,Default,Default,Default,Default,Default,Default,Default,Default,Default,Default,Default,Default,Default,Default,Default,Default,Default,Default,Default,Default,Default,Default,Default,Default,Default,Default,Default,Default,Default,Default,Default,DefaultJob,DocumentCount=100000,1,Workload,Warmup,2,549363768,2097152,261.96,248,0,0,496
QueryCacheBenchmarks.LeanCorpus_WithCache,Rowles.LeanCorpus.Benchmarks,QueryCacheBenchmarks,LeanCorpus_WithCache,DefaultJob,Default,Default,Default,Default,Default,Default,Default,Default,Default,Default,Default,Default,Default,Default,Default,Default,Default,Default,Default,Default,Default,Default,Default,Default,Default,Default,Default,Default,Default,Default,Default,Default,Default,Default,Default,Default,Default,Default,Default,Default,Default,DefaultJob,DocumentCount=100000,1,Workload,Warmup,3,550528803,2097152,262.51,248,0,0,496
QueryCacheBenchmarks.LeanCorpus_WithCache,Rowles.LeanCorpus.Benchmarks,QueryCacheBenchmarks,LeanCorpus_WithCache,DefaultJob,Default,Default,Default,Default,Default,Default,Default,Default,Default,Default,Default,Default,Default,Default,Default,Default,Default,Default,Default,Default,Default,Default,Default,Default,Default,Default,Default,Default,Default,Default,Default,Default,Default,Default,Default,Default,Default,Default,Default,Default,Default,DefaultJob,DocumentCount=100000,1,Workload,Warmup,4,549788475,2097152,262.16,248,0,0,496
QueryCacheBenchmarks.LeanCorpus_WithCache,Rowles.LeanCorpus.Benchmarks,QueryCacheBenchmarks,LeanCorpus_WithCache,DefaultJob,Default,Default,Default,Default,Default,Default,Default,Default,Default,Default,Default,Default,Default,Default,Default,Default,Default,Default,Default,Default,Default,Default,Default,Default,Default,Default,Default,Default,Default,Default,Default,Default,Default,Default,Default,Default,Default,Default,Default,Default,Default,DefaultJob,DocumentCount=100000,1,Workload,Warmup,5,547823261,2097152,261.22,248,0,0,496
QueryCacheBenchmarks.LeanCorpus_WithCache,Rowles.LeanCorpus.Benchmarks,QueryCacheBenchmarks,LeanCorpus_WithCache,DefaultJob,Default,Default,Default,Default,Default,Default,Default,Default,Default,Default,Default,Default,Default,Default,Default,Default,Default,Default,Default,Default,Default,Default,Default,Default,Default,Default,Default,Default,Default,Default,Default,Default,Default,Default,Default,Default,Default,Default,Default,Default,Default,DefaultJob,DocumentCount=100000,1,Workload,Warmup,6,545090447,2097152,259.92,248,0,0,496
QueryCacheBenchmarks.LeanCorpus_WithCache,Rowles.LeanCorpus.Benchmarks,QueryCacheBenchmarks,LeanCorpus_WithCache,DefaultJob,Default,Default,Default,Default,Default,Default,Default,Default,Default,Default,Default,Default,Default,Default,Default,Default,Default,Default,Default,Default,Default,Default,Default,Default,Default,Default,Default,Default,Default,Default,Default,Default,Default,Default,Default,Default,Default,Default,Default,Default,Default,DefaultJob,DocumentCount=100000,1,Workload,Warmup,7,549862421,2097152,262.19,248,0,0,496
QueryCacheBenchmarks.LeanCorpus_WithCache,Rowles.LeanCorpus.Benchmarks,QueryCacheBenchmarks,LeanCorpus_WithCache,DefaultJob,Default,Default,Default,Default,Default,Default,Default,Default,Default,Default,Default,Default,Default,Default,Default,Default,Default,Default,Default,Default,Default,Default,Default,Default,Default,Default,Default,Default,Default,Default,Default,Default,Default,Default,Default,Default,Default,Default,Default,Default,Default,DefaultJob,DocumentCount=100000,1,Workload,Warmup,8,552202559,2097152,263.31,248,0,0,496
QueryCacheBenchmarks.LeanCorpus_WithCache,Rowles.LeanCorpus.Benchmarks,QueryCacheBenchmarks,LeanCorpus_WithCache,DefaultJob,Default,Default,Default,Default,Default,Default,Default,Default,Default,Default,Default,Default,Default,Default,Default,Default,Default,Default,Default,Default,Default,Default,Default,Default,Default,Default,Default,Default,Default,Default,Default,Default,Default,Default,Default,Default,Default,Default,Default,Default,Default,DefaultJob,DocumentCount=100000,1,Workload,Warmup,9,550539797,2097152,262.52,248,0,0,496
QueryCacheBenchmarks.LeanCorpus_WithCache,Rowles.LeanCorpus.Benchmarks,QueryCacheBenchmarks,LeanCorpus_WithCache,DefaultJob,Default,Default,Default,Default,Default,Default,Default,Default,Default,Default,Default,Default,Default,Default,Default,Default,Default,Default,Default,Default,Default,Default,Default,Default,Default,Default,Default,Default,Default,Default,Default,Default,Default,Default,Default,Default,Default,Default,Default,Default,Default,DefaultJob,DocumentCount=100000,1,Workload,Actual,1,550464076,2097152,262.48,248,0,0,496
QueryCacheBenchmarks.LeanCorpus_WithCache,Rowles.LeanCorpus.Benchmarks,QueryCacheBenchmarks,LeanCorpus_WithCache,DefaultJob,Default,Default,Default,Default,Default,Default,Default,Default,Default,Default,Default,Default,Default,Default,Default,Default,Default,Default,Default,Default,Default,Default,Default,Default,Default,Default,Default,Default,Default,Default,Default,Default,Default,Default,Default,Default,Default,Default,Default,Default,Default,DefaultJob,DocumentCount=100000,1,Workload,Actual,2,543995698,2097152,259.4,248,0,0,496
QueryCacheBenchmarks.LeanCorpus_WithCache,Rowles.LeanCorpus.Benchmarks,QueryCacheBenchmarks,LeanCorpus_WithCache,DefaultJob,Default,Default,Default,Default,Default,Default,Default,Default,Default,Default,Default,Default,Default,Default,Default,Default,Default,Default,Default,Default,Default,Default,Default,Default,Default,Default,Default,Default,Default,Default,Default,Default,Default,Default,Default,Default,Default,Default,Default,Default,Default,DefaultJob,DocumentCount=100000,1,Workload,Actual,3,550886897,2097152,262.68,248,0,0,496
QueryCacheBenchmarks.LeanCorpus_WithCache,Rowles.LeanCorpus.Benchmarks,QueryCacheBenchmarks,LeanCorpus_WithCache,DefaultJob,Default,Default,Default,Default,Default,Default,Default,Default,Default,Default,Default,Default,Default,Default,Default,Default,Default,Default,Default,Default,Default,Default,Default,Default,Default,Default,Default,Default,Default,Default,Default,Default,Default,Default,Default,Default,Default,Default,Default,Default,Default,DefaultJob,DocumentCount=100000,1,Workload,Actual,4,547956102,2097152,261.29,248,0,0,496
QueryCacheBenchmarks.LeanCorpus_WithCache,Rowles.LeanCorpus.Benchmarks,QueryCacheBenchmarks,LeanCorpus_WithCache,DefaultJob,Default,Default,Default,Default,Default,Default,Default,Default,Default,Default,Default,Default,Default,Default,Default,Default,Default,Default,Default,Default,Default,Default,Default,Default,Default,Default,Default,Default,Default,Default,Default,Default,Default,Default,Default,Default,Default,Default,Default,Default,Default,DefaultJob,DocumentCount=100000,1,Workload,Actual,5,548445767,2097152,261.52,248,0,0,496
QueryCacheBenchmarks.LeanCorpus_WithCache,Rowles.LeanCorpus.Benchmarks,QueryCacheBenchmarks,LeanCorpus_WithCache,DefaultJob,Default,Default,Default,Default,Default,Default,Default,Default,Default,Default,Default,Default,Default,Default,Default,Default,Default,Default,Default,Default,Default,Default,Default,Default,Default,Default,Default,Default,Default,Default,Default,Default,Default,Default,Default,Default,Default,Default,Default,Default,Default,DefaultJob,DocumentCount=100000,1,Workload,Actual,6,548865504,2097152,261.72,248,0,0,496
QueryCacheBenchmarks.LeanCorpus_WithCache,Rowles.LeanCorpus.Benchmarks,QueryCacheBenchmarks,LeanCorpus_WithCache,DefaultJob,Default,Default,Default,Default,Default,Default,Default,Default,Default,Default,Default,Default,Default,Default,Default,Default,Default,Default,Default,Default,Default,Default,Default,Default,Default,Default,Default,Default,Default,Default,Default,Default,Default,Default,Default,Default,Default,Default,Default,Default,Default,DefaultJob,DocumentCount=100000,1,Workload,Actual,7,550694369,2097152,262.59,248,0,0,496
QueryCacheBenchmarks.LeanCorpus_WithCache,Rowles.LeanCorpus.Benchmarks,QueryCacheBenchmarks,LeanCorpus_WithCache,DefaultJob,Default,Default,Default,Default,Default,Default,Default,Default,Default,Default,Default,Default,Default,Default,Default,Default,Default,Default,Default,Default,Default,Default,Default,Default,Default,Default,Default,Default,Default,Default,Default,Default,Default,Default,Default,Default,Default,Default,Default,Default,Default,DefaultJob,DocumentCount=100000,1,Workload,Actual,8,548891790,2097152,261.73,248,0,0,496
QueryCacheBenchmarks.LeanCorpus_WithCache,Rowles.LeanCorpus.Benchmarks,QueryCacheBenchmarks,LeanCorpus_WithCache,DefaultJob,Default,Default,Default,Default,Default,Default,Default,Default,Default,Default,Default,Default,Default,Default,Default,Default,Default,Default,Default,Default,Default,Default,Default,Default,Default,Default,Default,Default,Default,Default,Default,Default,Default,Default,Default,Default,Default,Default,Default,Default,Default,DefaultJob,DocumentCount=100000,1,Workload,Actual,9,546448606,2097152,260.57,248,0,0,496
QueryCacheBenchmarks.LeanCorpus_WithCache,Rowles.LeanCorpus.Benchmarks,QueryCacheBenchmarks,LeanCorpus_WithCache,DefaultJob,Default,Default,Default,Default,Default,Default,Default,Default,Default,Default,Default,Default,Default,Default,Default,Default,Default,Default,Default,Default,Default,Default,Default,Default,Default,Default,Default,Default,Default,Default,Default,Default,Default,Default,Default,Default,Default,Default,Default,Default,Default,DefaultJob,DocumentCount=100000,1,Workload,Actual,10,541707855,2097152,258.31,248,0,0,496
QueryCacheBenchmarks.LeanCorpus_WithCache,Rowles.LeanCorpus.Benchmarks,QueryCacheBenchmarks,LeanCorpus_WithCache,DefaultJob,Default,Default,Default,Default,Default,Default,Default,Default,Default,Default,Default,Default,Default,Default,Default,Default,Default,Default,Default,Default,Default,Default,Default,Default,Default,Default,Default,Default,Default,Default,Default,Default,Default,Default,Default,Default,Default,Default,Default,Default,Default,DefaultJob,DocumentCount=100000,1,Workload,Actual,11,544441513,2097152,259.61,248,0,0,496
QueryCacheBenchmarks.LeanCorpus_WithCache,Rowles.LeanCorpus.Benchmarks,QueryCacheBenchmarks,LeanCorpus_WithCache,DefaultJob,Default,Default,Default,Default,Default,Default,Default,Default,Default,Default,Default,Default,Default,Default,Default,Default,Default,Default,Default,Default,Default,Default,Default,Default,Default,Default,Default,Default,Default,Default,Default,Default,Default,Default,Default,Default,Default,Default,Default,Default,Default,DefaultJob,DocumentCount=100000,1,Workload,Actual,12,549926244,2097152,262.23,248,0,0,496
QueryCacheBenchmarks.LeanCorpus_WithCache,Rowles.LeanCorpus.Benchmarks,QueryCacheBenchmarks,LeanCorpus_WithCache,DefaultJob,Default,Default,Default,Default,Default,Default,Default,Default,Default,Default,Default,Default,Default,Default,Default,Default,Default,Default,Default,Default,Default,Default,Default,Default,Default,Default,Default,Default,Default,Default,Default,Default,Default,Default,Default,Default,Default,Default,Default,Default,Default,DefaultJob,DocumentCount=100000,1,Workload,Actual,13,550946650,2097152,262.71,248,0,0,496
QueryCacheBenchmarks.LeanCorpus_WithCache,Rowles.LeanCorpus.Benchmarks,QueryCacheBenchmarks,LeanCorpus_WithCache,DefaultJob,Default,Default,Default,Default,Default,Default,Default,Default,Default,Default,Default,Default,Default,Default,Default,Default,Default,Default,Default,Default,Default,Default,Default,Default,Default,Default,Default,Default,Default,Default,Default,Default,Default,Default,Default,Default,Default,Default,Default,Default,Default,DefaultJob,DocumentCount=100000,1,Workload,Actual,14,544796858,2097152,259.78,248,0,0,496
QueryCacheBenchmarks.LeanCorpus_WithCache,Rowles.LeanCorpus.Benchmarks,QueryCacheBenchmarks,LeanCorpus_WithCache,DefaultJob,Default,Default,Default,Default,Default,Default,Default,Default,Default,Default,Default,Default,Default,Default,Default,Default,Default,Default,Default,Default,Default,Default,Default,Default,Default,Default,Default,Default,Default,Default,Default,Default,Default,Default,Default,Default,Default,Default,Default,Default,Default,DefaultJob,DocumentCount=100000,1,Workload,Actual,15,545005597,2097152,259.88,248,0,0,496
QueryCacheBenchmarks.LeanCorpus_WithCache,Rowles.LeanCorpus.Benchmarks,QueryCacheBenchmarks,LeanCorpus_WithCache,DefaultJob,Default,Default,Default,Default,Default,Default,Default,Default,Default,Default,Default,Default,Default,Default,Default,Default,Default,Default,Default,Default,Default,Default,Default,Default,Default,Default,Default,Default,Default,Default,Default,Default,Default,Default,Default,Default,Default,Default,Default,Default,Default,DefaultJob,DocumentCount=100000,1,Workload,Extra,1,554763955,2097152,264.53,248,0,0,496
QueryCacheBenchmarks.LeanCorpus_WithCache,Rowles.LeanCorpus.Benchmarks,QueryCacheBenchmarks,LeanCorpus_WithCache,DefaultJob,Default,Default,Default,Default,Default,Default,Default,Default,Default,Default,Default,Default,Default,Default,Default,Default,Default,Default,Default,Default,Default,Default,Default,Default,Default,Default,Default,Default,Default,Default,Default,Default,Default,Default,Default,Default,Default,Default,Default,Default,Default,DefaultJob,DocumentCount=100000,1,Workload,Result,1,550464076,2097152,262.48,248,0,0,496
QueryCacheBenchmarks.LeanCorpus_WithCache,Rowles.LeanCorpus.Benchmarks,QueryCacheBenchmarks,LeanCorpus_WithCache,DefaultJob,Default,Default,Default,Default,Default,Default,Default,Default,Default,Default,Default,Default,Default,Default,Default,Default,Default,Default,Default,Default,Default,Default,Default,Default,Default,Default,Default,Default,Default,Default,Default,Default,Default,Default,Default,Default,Default,Default,Default,Default,Default,DefaultJob,DocumentCount=100000,1,Workload,Result,2,543995698,2097152,259.4,248,0,0,496
QueryCacheBenchmarks.LeanCorpus_WithCache,Rowles.LeanCorpus.Benchmarks,QueryCacheBenchmarks,LeanCorpus_WithCache,DefaultJob,Default,Default,Default,Default,Default,Default,Default,Default,Default,Default,Default,Default,Default,Default,Default,Default,Default,Default,Default,Default,Default,Default,Default,Default,Default,Default,Default,Default,Default,Default,Default,Default,Default,Default,Default,Default,Default,Default,Default,Default,Default,DefaultJob,DocumentCount=100000,1,Workload,Result,3,550886897,2097152,262.68,248,0,0,496
QueryCacheBenchmarks.LeanCorpus_WithCache,Rowles.LeanCorpus.Benchmarks,QueryCacheBenchmarks,LeanCorpus_WithCache,DefaultJob,Default,Default,Default,Default,Default,Default,Default,Default,Default,Default,Default,Default,Default,Default,Default,Default,Default,Default,Default,Default,Default,Default,Default,Default,Default,Default,Default,Default,Default,Default,Default,Default,Default,Default,Default,Default,Default,Default,Default,Default,Default,DefaultJob,DocumentCount=100000,1,Workload,Result,4,547956102,2097152,261.29,248,0,0,496
QueryCacheBenchmarks.LeanCorpus_WithCache,Rowles.LeanCorpus.Benchmarks,QueryCacheBenchmarks,LeanCorpus_WithCache,DefaultJob,Default,Default,Default,Default,Default,Default,Default,Default,Default,Default,Default,Default,Default,Default,Default,Default,Default,Default,Default,Default,Default,Default,Default,Default,Default,Default,Default,Default,Default,Default,Default,Default,Default,Default,Default,Default,Default,Default,Default,Default,Default,DefaultJob,DocumentCount=100000,1,Workload,Result,5,548445767,2097152,261.52,248,0,0,496
QueryCacheBenchmarks.LeanCorpus_WithCache,Rowles.LeanCorpus.Benchmarks,QueryCacheBenchmarks,LeanCorpus_WithCache,DefaultJob,Default,Default,Default,Default,Default,Default,Default,Default,Default,Default,Default,Default,Default,Default,Default,Default,Default,Default,Default,Default,Default,Default,Default,Default,Default,Default,Default,Default,Default,Default,Default,Default,Default,Default,Default,Default,Default,Default,Default,Default,Default,DefaultJob,DocumentCount=100000,1,Workload,Result,6,548865504,2097152,261.72,248,0,0,496
QueryCacheBenchmarks.LeanCorpus_WithCache,Rowles.LeanCorpus.Benchmarks,QueryCacheBenchmarks,LeanCorpus_WithCache,DefaultJob,Default,Default,Default,Default,Default,Default,Default,Default,Default,Default,Default,Default,Default,Default,Default,Default,Default,Default,Default,Default,Default,Default,Default,Default,Default,Default,Default,Default,Default,Default,Default,Default,Default,Default,Default,Default,Default,Default,Default,Default,Default,DefaultJob,DocumentCount=100000,1,Workload,Result,7,550694369,2097152,262.59,248,0,0,496
QueryCacheBenchmarks.LeanCorpus_WithCache,Rowles.LeanCorpus.Benchmarks,QueryCacheBenchmarks,LeanCorpus_WithCache,DefaultJob,Default,Default,Default,Default,Default,Default,Default,Default,Default,Default,Default,Default,Default,Default,Default,Default,Default,Default,Default,Default,Default,Default,Default,Default,Default,Default,Default,Default,Default,Default,Default,Default,Default,Default,Default,Default,Default,Default,Default,Default,Default,DefaultJob,DocumentCount=100000,1,Workload,Result,8,548891790,2097152,261.73,248,0,0,496
QueryCacheBenchmarks.LeanCorpus_WithCache,Rowles.LeanCorpus.Benchmarks,QueryCacheBenchmarks,LeanCorpus_WithCache,DefaultJob,Default,Default,Default,Default,Default,Default,Default,Default,Default,Default,Default,Default,Default,Default,Default,Default,Default,Default,Default,Default,Default,Default,Default,Default,Default,Default,Default,Default,Default,Default,Default,Default,Default,Default,Default,Default,Default,Default,Default,Default,Default,DefaultJob,DocumentCount=100000,1,Workload,Result,9,546448606,2097152,260.57,248,0,0,496
QueryCacheBenchmarks.LeanCorpus_WithCache,Rowles.LeanCorpus.Benchmarks,QueryCacheBenchmarks,LeanCorpus_WithCache,DefaultJob,Default,Default,Default,Default,Default,Default,Default,Default,Default,Default,Default,Default,Default,Default,Default,Default,Default,Default,Default,Default,Default,Default,Default,Default,Default,Default,Default,Default,Default,Default,Default,Default,Default,Default,Default,Default,Default,Default,Default,Default,Default,DefaultJob,DocumentCount=100000,1,Workload,Result,10,541707855,2097152,258.31,248,0,0,496
QueryCacheBenchmarks.LeanCorpus_WithCache,Rowles.LeanCorpus.Benchmarks,QueryCacheBenchmarks,LeanCorpus_WithCache,DefaultJob,Default,Default,Default,Default,Default,Default,Default,Default,Default,Default,Default,Default,Default,Default,Default,Default,Default,Default,Default,Default,Default,Default,Default,Default,Default,Default,Default,Default,Default,Default,Default,Default,Default,Default,Default,Default,Default,Default,Default,Default,Default,DefaultJob,DocumentCount=100000,1,Workload,Result,11,544441513,2097152,259.61,248,0,0,496
QueryCacheBenchmarks.LeanCorpus_WithCache,Rowles.LeanCorpus.Benchmarks,QueryCacheBenchmarks,LeanCorpus_WithCache,DefaultJob,Default,Default,Default,Default,Default,Default,Default,Default,Default,Default,Default,Default,Default,Default,Default,Default,Default,Default,Default,Default,Default,Default,Default,Default,Default,Default,Default,Default,Default,Default,Default,Default,Default,Default,Default,Default,Default,Default,Default,Default,Default,DefaultJob,DocumentCount=100000,1,Workload,Result,12,549926244,2097152,262.23,248,0,0,496
QueryCacheBenchmarks.LeanCorpus_WithCache,Rowles.LeanCorpus.Benchmarks,QueryCacheBenchmarks,LeanCorpus_WithCache,DefaultJob,Default,Default,Default,Default,Default,Default,Default,Default,Default,Default,Default,Default,Default,Default,Default,Default,Default,Default,Default,Default,Default,Default,Default,Default,Default,Default,Default,Default,Default,Default,Default,Default,Default,Default,Default,Default,Default,Default,Default,Default,Default,DefaultJob,DocumentCount=100000,1,Workload,Result,13,550946650,2097152,262.71,248,0,0,496
QueryCacheBenchmarks.LeanCorpus_WithCache,Rowles.LeanCorpus.Benchmarks,QueryCacheBenchmarks,LeanCorpus_WithCache,DefaultJob,Default,Default,Default,Default,Default,Default,Default,Default,Default,Default,Default,Default,Default,Default,Default,Default,Default,Default,Default,Default,Default,Default,Default,Default,Default,Default,Default,Default,Default,Default,Default,Default,Default,Default,Default,Default,Default,Default,Default,Default,Default,DefaultJob,DocumentCount=100000,1,Workload,Result,14,544796858,2097152,259.78,248,0,0,496
QueryCacheBenchmarks.LeanCorpus_WithCache,Rowles.LeanCorpus.Benchmarks,QueryCacheBenchmarks,LeanCorpus_WithCache,DefaultJob,Default,Default,Default,Default,Default,Default,Default,Default,Default,Default,Default,Default,Default,Default,Default,Default,Default,Default,Default,Default,Default,Default,Default,Default,Default,Default,Default,Default,Default,Default,Default,Default,Default,Default,Default,Default,Default,Default,Default,Default,Default,DefaultJob,DocumentCount=100000,1,Workload,Result,15,545005597,2097152,259.88,248,0,0,496
"QueryCacheBenchmarks.'Cache enabled, cacheable BooleanQuery'",Rowles.LeanCorpus.Benchmarks,QueryCacheBenchmarks,"'Cache enabled, cacheable BooleanQuery'",DefaultJob,Default,Default,Default,Default,Default,Default,Default,Default,Default,Default,Default,Default,Default,Default,Default,Default,Default,Default,Default,Default,Default,Default,Default,Default,Default,Default,Default,Default,Default,Default,Default,Default,Default,Default,Default,Default,Default,Default,Default,Default,Default,DefaultJob,DocumentCount=100000,1,Workload,Jitting,1,86872207,1,86872207,268,0,0,1072
"QueryCacheBenchmarks.'Cache enabled, cacheable BooleanQuery'",Rowles.LeanCorpus.Benchmarks,QueryCacheBenchmarks,"'Cache enabled, cacheable BooleanQuery'",DefaultJob,Default,Default,Default,Default,Default,Default,Default,Default,Default,Default,Default,Default,Default,Default,Default,Default,Default,Default,Default,Default,Default,Default,Default,Default,Default,Default,Default,Default,Default,Default,Default,Default,Default,Default,Default,Default,Default,Default,Default,Default,Default,DefaultJob,DocumentCount=100000,1,Workload,Jitting,2,887504,30,29583.47,268,0,0,1072
"QueryCacheBenchmarks.'Cache enabled, cacheable BooleanQuery'",Rowles.LeanCorpus.Benchmarks,QueryCacheBenchmarks,"'Cache enabled, cacheable BooleanQuery'",DefaultJob,Default,Default,Default,Default,Default,Default,Default,Default,Default,Default,Default,Default,Default,Default,Default,Default,Default,Default,Default,Default,Default,Default,Default,Default,Default,Default,Default,Default,Default,Default,Default,Default,Default,Default,Default,Default,Default,Default,Default,Default,Default,DefaultJob,DocumentCount=100000,1,Workload,Jitting,3,231064,30,7702.13,268,0,0,1072
"QueryCacheBenchmarks.'Cache enabled, cacheable BooleanQuery'",Rowles.LeanCorpus.Benchmarks,QueryCacheBenchmarks,"'Cache enabled, cacheable BooleanQuery'",DefaultJob,Default,Default,Default,Default,Default,Default,Default,Default,Default,Default,Default,Default,Default,Default,Default,Default,Default,Default,Default,Default,Default,Default,Default,Default,Default,Default,Default,Default,Default,Default,Default,Default,Default,Default,Default,Default,Default,Default,Default,Default,Default,DefaultJob,DocumentCount=100000,1,Workload,Jitting,4,124534,30,4151.13,268,0,0,1072
"QueryCacheBenchmarks.'Cache enabled, cacheable BooleanQuery'",Rowles.LeanCorpus.Benchmarks,QueryCacheBenchmarks,"'Cache enabled, cacheable BooleanQuery'",DefaultJob,Default,Default,Default,Default,Default,Default,Default,Default,Default,Default,Default,Default,Default,Default,Default,Default,Default,Default,Default,Default,Default,Default,Default,Default,Default,Default,Default,Default,Default,Default,Default,Default,Default,Default,Default,Default,Default,Default,Default,Default,Default,DefaultJob,DocumentCount=100000,1,Workload,Jitting,5,46793,1,46793,268,0,0,1072
"QueryCacheBenchmarks.'Cache enabled, cacheable BooleanQuery'",Rowles.LeanCorpus.Benchmarks,QueryCacheBenchmarks,"'Cache enabled, cacheable BooleanQuery'",DefaultJob,Default,Default,Default,Default,Default,Default,Default,Default,Default,Default,Default,Default,Default,Default,Default,Default,Default,Default,Default,Default,Default,Default,Default,Default,Default,Default,Default,Default,Default,Default,Default,Default,Default,Default,Default,Default,Default,Default,Default,Default,Default,DefaultJob,DocumentCount=100000,1,Workload,Pilot,1,43978,1,43978,268,0,0,1072
"QueryCacheBenchmarks.'Cache enabled, cacheable BooleanQuery'",Rowles.LeanCorpus.Benchmarks,QueryCacheBenchmarks,"'Cache enabled, cacheable BooleanQuery'",DefaultJob,Default,Default,Default,Default,Default,Default,Default,Default,Default,Default,Default,Default,Default,Default,Default,Default,Default,Default,Default,Default,Default,Default,Default,Default,Default,Default,Default,Default,Default,Default,Default,Default,Default,Default,Default,Default,Default,Default,Default,Default,Default,DefaultJob,DocumentCount=100000,1,Workload,Pilot,1,133234,16,8327.13,268,0,0,1072
"QueryCacheBenchmarks.'Cache enabled, cacheable BooleanQuery'",Rowles.LeanCorpus.Benchmarks,QueryCacheBenchmarks,"'Cache enabled, cacheable BooleanQuery'",DefaultJob,Default,Default,Default,Default,Default,Default,Default,Default,Default,Default,Default,Default,Default,Default,Default,Default,Default,Default,Default,Default,Default,Default,Default,Default,Default,Default,Default,Default,Default,Default,Default,Default,Default,Default,Default,Default,Default,Default,Default,Default,Default,DefaultJob,DocumentCount=100000,1,Workload,Pilot,2,140766,32,4398.94,268,0,0,1072
"QueryCacheBenchmarks.'Cache enabled, cacheable BooleanQuery'",Rowles.LeanCorpus.Benchmarks,QueryCacheBenchmarks,"'Cache enabled, cacheable BooleanQuery'",DefaultJob,Default,Default,Default,Default,Default,Default,Default,Default,Default,Default,Default,Default,Default,Default,Default,Default,Default,Default,Default,Default,Default,Default,Default,Default,Default,Default,Default,Default,Default,Default,Default,Default,Default,Default,Default,Default,Default,Default,Default,Default,Default,DefaultJob,DocumentCount=100000,1,Workload,Pilot,3,251348,64,3927.31,268,0,0,1072
"QueryCacheBenchmarks.'Cache enabled, cacheable BooleanQuery'",Rowles.LeanCorpus.Benchmarks,QueryCacheBenchmarks,"'Cache enabled, cacheable BooleanQuery'",DefaultJob,Default,Default,Default,Default,Default,Default,Default,Default,Default,Default,Default,Default,Default,Default,Default,Default,Default,Default,Default,Default,Default,Default,Default,Default,Default,Default,Default,Default,Default,Default,Default,Default,Default,Default,Default,Default,Default,Default,Default,Default,Default,DefaultJob,DocumentCount=100000,1,Workload,Pilot,4,392619,128,3067.34,268,0,0,1072
"QueryCacheBenchmarks.'Cache enabled, cacheable BooleanQuery'",Rowles.LeanCorpus.Benchmarks,QueryCacheBenchmarks,"'Cache enabled, cacheable BooleanQuery'",DefaultJob,Default,Default,Default,Default,Default,Default,Default,Default,Default,Default,Default,Default,Default,Default,Default,Default,Default,Default,Default,Default,Default,Default,Default,Default,Default,Default,Default,Default,Default,Default,Default,Default,Default,Default,Default,Default,Default,Default,Default,Default,Default,DefaultJob,DocumentCount=100000,1,Workload,Pilot,5,711153,256,2777.94,268,0,0,1072
"QueryCacheBenchmarks.'Cache enabled, cacheable BooleanQuery'",Rowles.LeanCorpus.Benchmarks,QueryCacheBenchmarks,"'Cache enabled, cacheable BooleanQuery'",DefaultJob,Default,Default,Default,Default,Default,Default,Default,Default,Default,Default,Default,Default,Default,Default,Default,Default,Default,Default,Default,Default,Default,Default,Default,Default,Default,Default,Default,Default,Default,Default,Default,Default,Default,Default,Default,Default,Default,Default,Default,Default,Default,DefaultJob,DocumentCount=100000,1,Workload,Pilot,6,1231361,512,2405,268,0,0,1072
"QueryCacheBenchmarks.'Cache enabled, cacheable BooleanQuery'",Rowles.LeanCorpus.Benchmarks,QueryCacheBenchmarks,"'Cache enabled, cacheable BooleanQuery'",DefaultJob,Default,Default,Default,Default,Default,Default,Default,Default,Default,Default,Default,Default,Default,Default,Default,Default,Default,Default,Default,Default,Default,Default,Default,Default,Default,Default,Default,Default,Default,Default,Default,Default,Default,Default,Default,Default,Default,Default,Default,Default,Default,DefaultJob,DocumentCount=100000,1,Workload,Pilot,7,2273204,1024,2219.93,268,0,0,1072
"QueryCacheBenchmarks.'Cache enabled, cacheable BooleanQuery'",Rowles.LeanCorpus.Benchmarks,QueryCacheBenchmarks,"'Cache enabled, cacheable BooleanQuery'",DefaultJob,Default,Default,Default,Default,Default,Default,Default,Default,Default,Default,Default,Default,Default,Default,Default,Default,Default,Default,Default,Default,Default,Default,Default,Default,Default,Default,Default,Default,Default,Default,Default,Default,Default,Default,Default,Default,Default,Default,Default,Default,Default,DefaultJob,DocumentCount=100000,1,Workload,Pilot,8,2997067,2048,1463.41,268,0,0,1072
"QueryCacheBenchmarks.'Cache enabled, cacheable BooleanQuery'",Rowles.LeanCorpus.Benchmarks,QueryCacheBenchmarks,"'Cache enabled, cacheable BooleanQuery'",DefaultJob,Default,Default,Default,Default,Default,Default,Default,Default,Default,Default,Default,Default,Default,Default,Default,Default,Default,Default,Default,Default,Default,Default,Default,Default,Default,Default,Default,Default,Default,Default,Default,Default,Default,Default,Default,Default,Default,Default,Default,Default,Default,DefaultJob,DocumentCount=100000,1,Workload,Pilot,9,6565099,4096,1602.81,268,0,0,1072
"QueryCacheBenchmarks.'Cache enabled, cacheable BooleanQuery'",Rowles.LeanCorpus.Benchmarks,QueryCacheBenchmarks,"'Cache enabled, cacheable BooleanQuery'",DefaultJob,Default,Default,Default,Default,Default,Default,Default,Default,Default,Default,Default,Default,Default,Default,Default,Default,Default,Default,Default,Default,Default,Default,Default,Default,Default,Default,Default,Default,Default,Default,Default,Default,Default,Default,Default,Default,Default,Default,Default,Default,Default,DefaultJob,DocumentCount=100000,1,Workload,Pilot,10,9815461,8192,1198.18,268,0,0,1072
"QueryCacheBenchmarks.'Cache enabled, cacheable BooleanQuery'",Rowles.LeanCorpus.Benchmarks,QueryCacheBenchmarks,"'Cache enabled, cacheable BooleanQuery'",DefaultJob,Default,Default,Default,Default,Default,Default,Default,Default,Default,Default,Default,Default,Default,Default,Default,Default,Default,Default,Default,Default,Default,Default,Default,Default,Default,Default,Default,Default,Default,Default,Default,Default,Default,Default,Default,Default,Default,Default,Default,Default,Default,DefaultJob,DocumentCount=100000,1,Workload,Pilot,11,16930630,16384,1033.36,268,0,0,1072
"QueryCacheBenchmarks.'Cache enabled, cacheable BooleanQuery'",Rowles.LeanCorpus.Benchmarks,QueryCacheBenchmarks,"'Cache enabled, cacheable BooleanQuery'",DefaultJob,Default,Default,Default,Default,Default,Default,Default,Default,Default,Default,Default,Default,Default,Default,Default,Default,Default,Default,Default,Default,Default,Default,Default,Default,Default,Default,Default,Default,Default,Default,Default,Default,Default,Default,Default,Default,Default,Default,Default,Default,Default,DefaultJob,DocumentCount=100000,1,Workload,Pilot,12,26746514,32768,816.24,268,0,0,1072
"QueryCacheBenchmarks.'Cache enabled, cacheable BooleanQuery'",Rowles.LeanCorpus.Benchmarks,QueryCacheBenchmarks,"'Cache enabled, cacheable BooleanQuery'",DefaultJob,Default,Default,Default,Default,Default,Default,Default,Default,Default,Default,Default,Default,Default,Default,Default,Default,Default,Default,Default,Default,Default,Default,Default,Default,Default,Default,Default,Default,Default,Default,Default,Default,Default,Default,Default,Default,Default,Default,Default,Default,Default,DefaultJob,DocumentCount=100000,1,Workload,Pilot,13,48126269,65536,734.35,268,0,0,1072
"QueryCacheBenchmarks.'Cache enabled, cacheable BooleanQuery'",Rowles.LeanCorpus.Benchmarks,QueryCacheBenchmarks,"'Cache enabled, cacheable BooleanQuery'",DefaultJob,Default,Default,Default,Default,Default,Default,Default,Default,Default,Default,Default,Default,Default,Default,Default,Default,Default,Default,Default,Default,Default,Default,Default,Default,Default,Default,Default,Default,Default,Default,Default,Default,Default,Default,Default,Default,Default,Default,Default,Default,Default,DefaultJob,DocumentCount=100000,1,Workload,Pilot,14,94470805,131072,720.76,268,0,0,1072
"QueryCacheBenchmarks.'Cache enabled, cacheable BooleanQuery'",Rowles.LeanCorpus.Benchmarks,QueryCacheBenchmarks,"'Cache enabled, cacheable BooleanQuery'",DefaultJob,Default,Default,Default,Default,Default,Default,Default,Default,Default,Default,Default,Default,Default,Default,Default,Default,Default,Default,Default,Default,Default,Default,Default,Default,Default,Default,Default,Default,Default,Default,Default,Default,Default,Default,Default,Default,Default,Default,Default,Default,Default,DefaultJob,DocumentCount=100000,1,Workload,Pilot,15,188889803,262144,720.56,268,0,0,1072
"QueryCacheBenchmarks.'Cache enabled, cacheable BooleanQuery'",Rowles.LeanCorpus.Benchmarks,QueryCacheBenchmarks,"'Cache enabled, cacheable BooleanQuery'",DefaultJob,Default,Default,Default,Default,Default,Default,Default,Default,Default,Default,Default,Default,Default,Default,Default,Default,Default,Default,Default,Default,Default,Default,Default,Default,Default,Default,Default,Default,Default,Default,Default,Default,Default,Default,Default,Default,Default,Default,Default,Default,Default,DefaultJob,DocumentCount=100000,1,Workload,Pilot,16,378568547,524288,722.06,268,0,0,1072
"QueryCacheBenchmarks.'Cache enabled, cacheable BooleanQuery'",Rowles.LeanCorpus.Benchmarks,QueryCacheBenchmarks,"'Cache enabled, cacheable BooleanQuery'",DefaultJob,Default,Default,Default,Default,Default,Default,Default,Default,Default,Default,Default,Default,Default,Default,Default,Default,Default,Default,Default,Default,Default,Default,Default,Default,Default,Default,Default,Default,Default,Default,Default,Default,Default,Default,Default,Default,Default,Default,Default,Default,Default,DefaultJob,DocumentCount=100000,1,Workload,Pilot,17,757184384,1048576,722.11,268,0,0,1072
"QueryCacheBenchmarks.'Cache enabled, cacheable BooleanQuery'",Rowles.LeanCorpus.Benchmarks,QueryCacheBenchmarks,"'Cache enabled, cacheable BooleanQuery'",DefaultJob,Default,Default,Default,Default,Default,Default,Default,Default,Default,Default,Default,Default,Default,Default,Default,Default,Default,Default,Default,Default,Default,Default,Default,Default,Default,Default,Default,Default,Default,Default,Default,Default,Default,Default,Default,Default,Default,Default,Default,Default,Default,DefaultJob,DocumentCount=100000,1,Workload,Warmup,1,758168524,1048576,723.05,268,0,0,1072
"QueryCacheBenchmarks.'Cache enabled, cacheable BooleanQuery'",Rowles.LeanCorpus.Benchmarks,QueryCacheBenchmarks,"'Cache enabled, cacheable BooleanQuery'",DefaultJob,Default,Default,Default,Default,Default,Default,Default,Default,Default,Default,Default,Default,Default,Default,Default,Default,Default,Default,Default,Default,Default,Default,Default,Default,Default,Default,Default,Default,Default,Default,Default,Default,Default,Default,Default,Default,Default,Default,Default,Default,Default,DefaultJob,DocumentCount=100000,1,Workload,Warmup,2,758831952,1048576,723.68,268,0,0,1072
"QueryCacheBenchmarks.'Cache enabled, cacheable BooleanQuery'",Rowles.LeanCorpus.Benchmarks,QueryCacheBenchmarks,"'Cache enabled, cacheable BooleanQuery'",DefaultJob,Default,Default,Default,Default,Default,Default,Default,Default,Default,Default,Default,Default,Default,Default,Default,Default,Default,Default,Default,Default,Default,Default,Default,Default,Default,Default,Default,Default,Default,Default,Default,Default,Default,Default,Default,Default,Default,Default,Default,Default,Default,DefaultJob,DocumentCount=100000,1,Workload,Warmup,3,760942691,1048576,725.69,268,0,0,1072
"QueryCacheBenchmarks.'Cache enabled, cacheable BooleanQuery'",Rowles.LeanCorpus.Benchmarks,QueryCacheBenchmarks,"'Cache enabled, cacheable BooleanQuery'",DefaultJob,Default,Default,Default,Default,Default,Default,Default,Default,Default,Default,Default,Default,Default,Default,Default,Default,Default,Default,Default,Default,Default,Default,Default,Default,Default,Default,Default,Default,Default,Default,Default,Default,Default,Default,Default,Default,Default,Default,Default,Default,Default,DefaultJob,DocumentCount=100000,1,Workload,Warmup,4,760319532,1048576,725.1,268,0,0,1072
"QueryCacheBenchmarks.'Cache enabled, cacheable BooleanQuery'",Rowles.LeanCorpus.Benchmarks,QueryCacheBenchmarks,"'Cache enabled, cacheable BooleanQuery'",DefaultJob,Default,Default,Default,Default,Default,Default,Default,Default,Default,Default,Default,Default,Default,Default,Default,Default,Default,Default,Default,Default,Default,Default,Default,Default,Default,Default,Default,Default,Default,Default,Default,Default,Default,Default,Default,Default,Default,Default,Default,Default,Default,DefaultJob,DocumentCount=100000,1,Workload,Warmup,5,760613406,1048576,725.38,268,0,0,1072
"QueryCacheBenchmarks.'Cache enabled, cacheable BooleanQuery'",Rowles.LeanCorpus.Benchmarks,QueryCacheBenchmarks,"'Cache enabled, cacheable BooleanQuery'",DefaultJob,Default,Default,Default,Default,Default,Default,Default,Default,Default,Default,Default,Default,Default,Default,Default,Default,Default,Default,Default,Default,Default,Default,Default,Default,Default,Default,Default,Default,Default,Default,Default,Default,Default,Default,Default,Default,Default,Default,Default,Default,Default,DefaultJob,DocumentCount=100000,1,Workload,Warmup,6,763190091,1048576,727.83,268,0,0,1072
"QueryCacheBenchmarks.'Cache enabled, cacheable BooleanQuery'",Rowles.LeanCorpus.Benchmarks,QueryCacheBenchmarks,"'Cache enabled, cacheable BooleanQuery'",DefaultJob,Default,Default,Default,Default,Default,Default,Default,Default,Default,Default,Default,Default,Default,Default,Default,Default,Default,Default,Default,Default,Default,Default,Default,Default,Default,Default,Default,Default,Default,Default,Default,Default,Default,Default,Default,Default,Default,Default,Default,Default,Default,DefaultJob,DocumentCount=100000,1,Workload,Warmup,7,761761494,1048576,726.47,268,0,0,1072
"QueryCacheBenchmarks.'Cache enabled, cacheable BooleanQuery'",Rowles.LeanCorpus.Benchmarks,QueryCacheBenchmarks,"'Cache enabled, cacheable BooleanQuery'",DefaultJob,Default,Default,Default,Default,Default,Default,Default,Default,Default,Default,Default,Default,Default,Default,Default,Default,Default,Default,Default,Default,Default,Default,Default,Default,Default,Default,Default,Default,Default,Default,Default,Default,Default,Default,Default,Default,Default,Default,Default,Default,Default,DefaultJob,DocumentCount=100000,1,Workload,Actual,1,759986418,1048576,724.78,268,0,0,1072
"QueryCacheBenchmarks.'Cache enabled, cacheable BooleanQuery'",Rowles.LeanCorpus.Benchmarks,QueryCacheBenchmarks,"'Cache enabled, cacheable BooleanQuery'",DefaultJob,Default,Default,Default,Default,Default,Default,Default,Default,Default,Default,Default,Default,Default,Default,Default,Default,Default,Default,Default,Default,Default,Default,Default,Default,Default,Default,Default,Default,Default,Default,Default,Default,Default,Default,Default,Default,Default,Default,Default,Default,Default,DefaultJob,DocumentCount=100000,1,Workload,Actual,2,760880904,1048576,725.63,268,0,0,1072
"QueryCacheBenchmarks.'Cache enabled, cacheable BooleanQuery'",Rowles.LeanCorpus.Benchmarks,QueryCacheBenchmarks,"'Cache enabled, cacheable BooleanQuery'",DefaultJob,Default,Default,Default,Default,Default,Default,Default,Default,Default,Default,Default,Default,Default,Default,Default,Default,Default,Default,Default,Default,Default,Default,Default,Default,Default,Default,Default,Default,Default,Default,Default,Default,Default,Default,Default,Default,Default,Default,Default,Default,Default,DefaultJob,DocumentCount=100000,1,Workload,Actual,3,762365223,1048576,727.05,268,0,0,1072
"QueryCacheBenchmarks.'Cache enabled, cacheable BooleanQuery'",Rowles.LeanCorpus.Benchmarks,QueryCacheBenchmarks,"'Cache enabled, cacheable BooleanQuery'",DefaultJob,Default,Default,Default,Default,Default,Default,Default,Default,Default,Default,Default,Default,Default,Default,Default,Default,Default,Default,Default,Default,Default,Default,Default,Default,Default,Default,Default,Default,Default,Default,Default,Default,Default,Default,Default,Default,Default,Default,Default,Default,Default,DefaultJob,DocumentCount=100000,1,Workload,Actual,4,759885685,1048576,724.68,268,0,0,1072
"QueryCacheBenchmarks.'Cache enabled, cacheable BooleanQuery'",Rowles.LeanCorpus.Benchmarks,QueryCacheBenchmarks,"'Cache enabled, cacheable BooleanQuery'",DefaultJob,Default,Default,Default,Default,Default,Default,Default,Default,Default,Default,Default,Default,Default,Default,Default,Default,Default,Default,Default,Default,Default,Default,Default,Default,Default,Default,Default,Default,Default,Default,Default,Default,Default,Default,Default,Default,Default,Default,Default,Default,Default,DefaultJob,DocumentCount=100000,1,Workload,Actual,5,759770298,1048576,724.57,268,0,0,1072
"QueryCacheBenchmarks.'Cache enabled, cacheable BooleanQuery'",Rowles.LeanCorpus.Benchmarks,QueryCacheBenchmarks,"'Cache enabled, cacheable BooleanQuery'",DefaultJob,Default,Default,Default,Default,Default,Default,Default,Default,Default,Default,Default,Default,Default,Default,Default,Default,Default,Default,Default,Default,Default,Default,Default,Default,Default,Default,Default,Default,Default,Default,Default,Default,Default,Default,Default,Default,Default,Default,Default,Default,Default,DefaultJob,DocumentCount=100000,1,Workload,Actual,6,761666095,1048576,726.38,268,0,0,1072
"QueryCacheBenchmarks.'Cache enabled, cacheable BooleanQuery'",Rowles.LeanCorpus.Benchmarks,QueryCacheBenchmarks,"'Cache enabled, cacheable BooleanQuery'",DefaultJob,Default,Default,Default,Default,Default,Default,Default,Default,Default,Default,Default,Default,Default,Default,Default,Default,Default,Default,Default,Default,Default,Default,Default,Default,Default,Default,Default,Default,Default,Default,Default,Default,Default,Default,Default,Default,Default,Default,Default,Default,Default,DefaultJob,DocumentCount=100000,1,Workload,Actual,7,762458163,1048576,727.14,268,0,0,1072
"QueryCacheBenchmarks.'Cache enabled, cacheable BooleanQuery'",Rowles.LeanCorpus.Benchmarks,QueryCacheBenchmarks,"'Cache enabled, cacheable BooleanQuery'",DefaultJob,Default,Default,Default,Default,Default,Default,Default,Default,Default,Default,Default,Default,Default,Default,Default,Default,Default,Default,Default,Default,Default,Default,Default,Default,Default,Default,Default,Default,Default,Default,Default,Default,Default,Default,Default,Default,Default,Default,Default,Default,Default,DefaultJob,DocumentCount=100000,1,Workload,Actual,8,757030911,1048576,721.96,268,0,0,1072
"QueryCacheBenchmarks.'Cache enabled, cacheable BooleanQuery'",Rowles.LeanCorpus.Benchmarks,QueryCacheBenchmarks,"'Cache enabled, cacheable BooleanQuery'",DefaultJob,Default,Default,Default,Default,Default,Default,Default,Default,Default,Default,Default,Default,Default,Default,Default,Default,Default,Default,Default,Default,Default,Default,Default,Default,Default,Default,Default,Default,Default,Default,Default,Default,Default,Default,Default,Default,Default,Default,Default,Default,Default,DefaultJob,DocumentCount=100000,1,Workload,Actual,9,761605658,1048576,726.32,268,0,0,1072
"QueryCacheBenchmarks.'Cache enabled, cacheable BooleanQuery'",Rowles.LeanCorpus.Benchmarks,QueryCacheBenchmarks,"'Cache enabled, cacheable BooleanQuery'",DefaultJob,Default,Default,Default,Default,Default,Default,Default,Default,Default,Default,Default,Default,Default,Default,Default,Default,Default,Default,Default,Default,Default,Default,Default,Default,Default,Default,Default,Default,Default,Default,Default,Default,Default,Default,Default,Default,Default,Default,Default,Default,Default,DefaultJob,DocumentCount=100000,1,Workload,Actual,10,761894503,1048576,726.6,268,0,0,1072
"QueryCacheBenchmarks.'Cache enabled, cacheable BooleanQuery'",Rowles.LeanCorpus.Benchmarks,QueryCacheBenchmarks,"'Cache enabled, cacheable BooleanQuery'",DefaultJob,Default,Default,Default,Default,Default,Default,Default,Default,Default,Default,Default,Default,Default,Default,Default,Default,Default,Default,Default,Default,Default,Default,Default,Default,Default,Default,Default,Default,Default,Default,Default,Default,Default,Default,Default,Default,Default,Default,Default,Default,Default,DefaultJob,DocumentCount=100000,1,Workload,Actual,11,758622059,1048576,723.48,268,0,0,1072
"QueryCacheBenchmarks.'Cache enabled, cacheable BooleanQuery'",Rowles.LeanCorpus.Benchmarks,QueryCacheBenchmarks,"'Cache enabled, cacheable BooleanQuery'",DefaultJob,Default,Default,Default,Default,Default,Default,Default,Default,Default,Default,Default,Default,Default,Default,Default,Default,Default,Default,Default,Default,Default,Default,Default,Default,Default,Default,Default,Default,Default,Default,Default,Default,Default,Default,Default,Default,Default,Default,Default,Default,Default,DefaultJob,DocumentCount=100000,1,Workload,Actual,12,758966421,1048576,723.81,268,0,0,1072
"QueryCacheBenchmarks.'Cache enabled, cacheable BooleanQuery'",Rowles.LeanCorpus.Benchmarks,QueryCacheBenchmarks,"'Cache enabled, cacheable BooleanQuery'",DefaultJob,Default,Default,Default,Default,Default,Default,Default,Default,Default,Default,Default,Default,Default,Default,Default,Default,Default,Default,Default,Default,Default,Default,Default,Default,Default,Default,Default,Default,Default,Default,Default,Default,Default,Default,Default,Default,Default,Default,Default,Default,Default,DefaultJob,DocumentCount=100000,1,Workload,Actual,13,761137284,1048576,725.88,268,0,0,1072
"QueryCacheBenchmarks.'Cache enabled, cacheable BooleanQuery'",Rowles.LeanCorpus.Benchmarks,QueryCacheBenchmarks,"'Cache enabled, cacheable BooleanQuery'",DefaultJob,Default,Default,Default,Default,Default,Default,Default,Default,Default,Default,Default,Default,Default,Default,Default,Default,Default,Default,Default,Default,Default,Default,Default,Default,Default,Default,Default,Default,Default,Default,Default,Default,Default,Default,Default,Default,Default,Default,Default,Default,Default,DefaultJob,DocumentCount=100000,1,Workload,Actual,14,761415278,1048576,726.14,268,0,0,1072
"QueryCacheBenchmarks.'Cache enabled, cacheable BooleanQuery'",Rowles.LeanCorpus.Benchmarks,QueryCacheBenchmarks,"'Cache enabled, cacheable BooleanQuery'",DefaultJob,Default,Default,Default,Default,Default,Default,Default,Default,Default,Default,Default,Default,Default,Default,Default,Default,Default,Default,Default,Default,Default,Default,Default,Default,Default,Default,Default,Default,Default,Default,Default,Default,Default,Default,Default,Default,Default,Default,Default,Default,Default,DefaultJob,DocumentCount=100000,1,Workload,Actual,15,757782188,1048576,722.68,268,0,0,1072
"QueryCacheBenchmarks.'Cache enabled, cacheable BooleanQuery'",Rowles.LeanCorpus.Benchmarks,QueryCacheBenchmarks,"'Cache enabled, cacheable BooleanQuery'",DefaultJob,Default,Default,Default,Default,Default,Default,Default,Default,Default,Default,Default,Default,Default,Default,Default,Default,Default,Default,Default,Default,Default,Default,Default,Default,Default,Default,Default,Default,Default,Default,Default,Default,Default,Default,Default,Default,Default,Default,Default,Default,Default,DefaultJob,DocumentCount=100000,1,Workload,Extra,1,755640953,1048576,720.64,268,0,0,1072
"QueryCacheBenchmarks.'Cache enabled, cacheable BooleanQuery'",Rowles.LeanCorpus.Benchmarks,QueryCacheBenchmarks,"'Cache enabled, cacheable BooleanQuery'",DefaultJob,Default,Default,Default,Default,Default,Default,Default,Default,Default,Default,Default,Default,Default,Default,Default,Default,Default,Default,Default,Default,Default,Default,Default,Default,Default,Default,Default,Default,Default,Default,Default,Default,Default,Default,Default,Default,Default,Default,Default,Default,Default,DefaultJob,DocumentCount=100000,1,Workload,Result,1,759986418,1048576,724.78,268,0,0,1072
"QueryCacheBenchmarks.'Cache enabled, cacheable BooleanQuery'",Rowles.LeanCorpus.Benchmarks,QueryCacheBenchmarks,"'Cache enabled, cacheable BooleanQuery'",DefaultJob,Default,Default,Default,Default,Default,Default,Default,Default,Default,Default,Default,Default,Default,Default,Default,Default,Default,Default,Default,Default,Default,Default,Default,Default,Default,Default,Default,Default,Default,Default,Default,Default,Default,Default,Default,Default,Default,Default,Default,Default,Default,DefaultJob,DocumentCount=100000,1,Workload,Result,2,760880904,1048576,725.63,268,0,0,1072
"QueryCacheBenchmarks.'Cache enabled, cacheable BooleanQuery'",Rowles.LeanCorpus.Benchmarks,QueryCacheBenchmarks,"'Cache enabled, cacheable BooleanQuery'",DefaultJob,Default,Default,Default,Default,Default,Default,Default,Default,Default,Default,Default,Default,Default,Default,Default,Default,Default,Default,Default,Default,Default,Default,Default,Default,Default,Default,Default,Default,Default,Default,Default,Default,Default,Default,Default,Default,Default,Default,Default,Default,Default,DefaultJob,DocumentCount=100000,1,Workload,Result,3,762365223,1048576,727.05,268,0,0,1072
"QueryCacheBenchmarks.'Cache enabled, cacheable BooleanQuery'",Rowles.LeanCorpus.Benchmarks,QueryCacheBenchmarks,"'Cache enabled, cacheable BooleanQuery'",DefaultJob,Default,Default,Default,Default,Default,Default,Default,Default,Default,Default,Default,Default,Default,Default,Default,Default,Default,Default,Default,Default,Default,Default,Default,Default,Default,Default,Default,Default,Default,Default,Default,Default,Default,Default,Default,Default,Default,Default,Default,Default,Default,DefaultJob,DocumentCount=100000,1,Workload,Result,4,759885685,1048576,724.68,268,0,0,1072
"QueryCacheBenchmarks.'Cache enabled, cacheable BooleanQuery'",Rowles.LeanCorpus.Benchmarks,QueryCacheBenchmarks,"'Cache enabled, cacheable BooleanQuery'",DefaultJob,Default,Default,Default,Default,Default,Default,Default,Default,Default,Default,Default,Default,Default,Default,Default,Default,Default,Default,Default,Default,Default,Default,Default,Default,Default,Default,Default,Default,Default,Default,Default,Default,Default,Default,Default,Default,Default,Default,Default,Default,Default,DefaultJob,DocumentCount=100000,1,Workload,Result,5,759770298,1048576,724.57,268,0,0,1072
"QueryCacheBenchmarks.'Cache enabled, cacheable BooleanQuery'",Rowles.LeanCorpus.Benchmarks,QueryCacheBenchmarks,"'Cache enabled, cacheable BooleanQuery'",DefaultJob,Default,Default,Default,Default,Default,Default,Default,Default,Default,Default,Default,Default,Default,Default,Default,Default,Default,Default,Default,Default,Default,Default,Default,Default,Default,Default,Default,Default,Default,Default,Default,Default,Default,Default,Default,Default,Default,Default,Default,Default,Default,DefaultJob,DocumentCount=100000,1,Workload,Result,6,761666095,1048576,726.38,268,0,0,1072
"QueryCacheBenchmarks.'Cache enabled, cacheable BooleanQuery'",Rowles.LeanCorpus.Benchmarks,QueryCacheBenchmarks,"'Cache enabled, cacheable BooleanQuery'",DefaultJob,Default,Default,Default,Default,Default,Default,Default,Default,Default,Default,Default,Default,Default,Default,Default,Default,Default,Default,Default,Default,Default,Default,Default,Default,Default,Default,Default,Default,Default,Default,Default,Default,Default,Default,Default,Default,Default,Default,Default,Default,Default,DefaultJob,DocumentCount=100000,1,Workload,Result,7,762458163,1048576,727.14,268,0,0,1072
"QueryCacheBenchmarks.'Cache enabled, cacheable BooleanQuery'",Rowles.LeanCorpus.Benchmarks,QueryCacheBenchmarks,"'Cache enabled, cacheable BooleanQuery'",DefaultJob,Default,Default,Default,Default,Default,Default,Default,Default,Default,Default,Default,Default,Default,Default,Default,Default,Default,Default,Default,Default,Default,Default,Default,Default,Default,Default,Default,Default,Default,Default,Default,Default,Default,Default,Default,Default,Default,Default,Default,Default,Default,DefaultJob,DocumentCount=100000,1,Workload,Result,8,757030911,1048576,721.96,268,0,0,1072
"QueryCacheBenchmarks.'Cache enabled, cacheable BooleanQuery'",Rowles.LeanCorpus.Benchmarks,QueryCacheBenchmarks,"'Cache enabled, cacheable BooleanQuery'",DefaultJob,Default,Default,Default,Default,Default,Default,Default,Default,Default,Default,Default,Default,Default,Default,Default,Default,Default,Default,Default,Default,Default,Default,Default,Default,Default,Default,Default,Default,Default,Default,Default,Default,Default,Default,Default,Default,Default,Default,Default,Default,Default,DefaultJob,DocumentCount=100000,1,Workload,Result,9,761605658,1048576,726.32,268,0,0,1072
"QueryCacheBenchmarks.'Cache enabled, cacheable BooleanQuery'",Rowles.LeanCorpus.Benchmarks,QueryCacheBenchmarks,"'Cache enabled, cacheable BooleanQuery'",DefaultJob,Default,Default,Default,Default,Default,Default,Default,Default,Default,Default,Default,Default,Default,Default,Default,Default,Default,Default,Default,Default,Default,Default,Default,Default,Default,Default,Default,Default,Default,Default,Default,Default,Default,Default,Default,Default,Default,Default,Default,Default,Default,DefaultJob,DocumentCount=100000,1,Workload,Result,10,761894503,1048576,726.6,268,0,0,1072
"QueryCacheBenchmarks.'Cache enabled, cacheable BooleanQuery'",Rowles.LeanCorpus.Benchmarks,QueryCacheBenchmarks,"'Cache enabled, cacheable BooleanQuery'",DefaultJob,Default,Default,Default,Default,Default,Default,Default,Default,Default,Default,Default,Default,Default,Default,Default,Default,Default,Default,Default,Default,Default,Default,Default,Default,Default,Default,Default,Default,Default,Default,Default,Default,Default,Default,Default,Default,Default,Default,Default,Default,Default,DefaultJob,DocumentCount=100000,1,Workload,Result,11,758622059,1048576,723.48,268,0,0,1072
"QueryCacheBenchmarks.'Cache enabled, cacheable BooleanQuery'",Rowles.LeanCorpus.Benchmarks,QueryCacheBenchmarks,"'Cache enabled, cacheable BooleanQuery'",DefaultJob,Default,Default,Default,Default,Default,Default,Default,Default,Default,Default,Default,Default,Default,Default,Default,Default,Default,Default,Default,Default,Default,Default,Default,Default,Default,Default,Default,Default,Default,Default,Default,Default,Default,Default,Default,Default,Default,Default,Default,Default,Default,DefaultJob,DocumentCount=100000,1,Workload,Result,12,758966421,1048576,723.81,268,0,0,1072
"QueryCacheBenchmarks.'Cache enabled, cacheable BooleanQuery'",Rowles.LeanCorpus.Benchmarks,QueryCacheBenchmarks,"'Cache enabled, cacheable BooleanQuery'",DefaultJob,Default,Default,Default,Default,Default,Default,Default,Default,Default,Default,Default,Default,Default,Default,Default,Default,Default,Default,Default,Default,Default,Default,Default,Default,Default,Default,Default,Default,Default,Default,Default,Default,Default,Default,Default,Default,Default,Default,Default,Default,Default,DefaultJob,DocumentCount=100000,1,Workload,Result,13,761137284,1048576,725.88,268,0,0,1072
"QueryCacheBenchmarks.'Cache enabled, cacheable BooleanQuery'",Rowles.LeanCorpus.Benchmarks,QueryCacheBenchmarks,"'Cache enabled, cacheable BooleanQuery'",DefaultJob,Default,Default,Default,Default,Default,Default,Default,Default,Default,Default,Default,Default,Default,Default,Default,Default,Default,Default,Default,Default,Default,Default,Default,Default,Default,Default,Default,Default,Default,Default,Default,Default,Default,Default,Default,Default,Default,Default,Default,Default,Default,DefaultJob,DocumentCount=100000,1,Workload,Result,14,761415278,1048576,726.14,268,0,0,1072
"QueryCacheBenchmarks.'Cache enabled, cacheable BooleanQuery'",Rowles.LeanCorpus.Benchmarks,QueryCacheBenchmarks,"'Cache enabled, cacheable BooleanQuery'",DefaultJob,Default,Default,Default,Default,Default,Default,Default,Default,Default,Default,Default,Default,Default,Default,Default,Default,Default,Default,Default,Default,Default,Default,Default,Default,Default,Default,Default,Default,Default,Default,Default,Default,Default,Default,Default,Default,Default,Default,Default,Default,Default,DefaultJob,DocumentCount=100000,1,Workload,Result,15,757782188,1048576,722.68,268,0,0,1072
"QueryCacheBenchmarks.'Cache enabled, BooleanQuery misses'",Rowles.LeanCorpus.Benchmarks,QueryCacheBenchmarks,"'Cache enabled, BooleanQuery misses'",DefaultJob,Default,Default,Default,Default,Default,Default,Default,Default,Default,Default,Default,Default,Default,Default,Default,Default,Default,Default,Default,Default,Default,Default,Default,Default,Default,Default,Default,Default,Default,Default,Default,Default,Default,Default,Default,Default,Default,Default,Default,Default,Default,DefaultJob,DocumentCount=100000,1,Workload,Jitting,1,85421855,1,85421855,7,1,0,17744
"QueryCacheBenchmarks.'Cache enabled, BooleanQuery misses'",Rowles.LeanCorpus.Benchmarks,QueryCacheBenchmarks,"'Cache enabled, BooleanQuery misses'",DefaultJob,Default,Default,Default,Default,Default,Default,Default,Default,Default,Default,Default,Default,Default,Default,Default,Default,Default,Default,Default,Default,Default,Default,Default,Default,Default,Default,Default,Default,Default,Default,Default,Default,Default,Default,Default,Default,Default,Default,Default,Default,Default,DefaultJob,DocumentCount=100000,1,Workload,Jitting,2,37090813,30,1236360.43,7,1,0,17744
"QueryCacheBenchmarks.'Cache enabled, BooleanQuery misses'",Rowles.LeanCorpus.Benchmarks,QueryCacheBenchmarks,"'Cache enabled, BooleanQuery misses'",DefaultJob,Default,Default,Default,Default,Default,Default,Default,Default,Default,Default,Default,Default,Default,Default,Default,Default,Default,Default,Default,Default,Default,Default,Default,Default,Default,Default,Default,Default,Default,Default,Default,Default,Default,Default,Default,Default,Default,Default,Default,Default,Default,DefaultJob,DocumentCount=100000,1,Workload,Jitting,3,45441733,30,1514724.43,7,1,0,17744
"QueryCacheBenchmarks.'Cache enabled, BooleanQuery misses'",Rowles.LeanCorpus.Benchmarks,QueryCacheBenchmarks,"'Cache enabled, BooleanQuery misses'",DefaultJob,Default,Default,Default,Default,Default,Default,Default,Default,Default,Default,Default,Default,Default,Default,Default,Default,Default,Default,Default,Default,Default,Default,Default,Default,Default,Default,Default,Default,Default,Default,Default,Default,Default,Default,Default,Default,Default,Default,Default,Default,Default,DefaultJob,DocumentCount=100000,1,Workload,Jitting,4,14551329,30,485044.3,7,1,0,17744
"QueryCacheBenchmarks.'Cache enabled, BooleanQuery misses'",Rowles.LeanCorpus.Benchmarks,QueryCacheBenchmarks,"'Cache enabled, BooleanQuery misses'",DefaultJob,Default,Default,Default,Default,Default,Default,Default,Default,Default,Default,Default,Default,Default,Default,Default,Default,Default,Default,Default,Default,Default,Default,Default,Default,Default,Default,Default,Default,Default,Default,Default,Default,Default,Default,Default,Default,Default,Default,Default,Default,Default,DefaultJob,DocumentCount=100000,1,Workload,Jitting,5,648436,1,648436,7,1,0,17744
"QueryCacheBenchmarks.'Cache enabled, BooleanQuery misses'",Rowles.LeanCorpus.Benchmarks,QueryCacheBenchmarks,"'Cache enabled, BooleanQuery misses'",DefaultJob,Default,Default,Default,Default,Default,Default,Default,Default,Default,Default,Default,Default,Default,Default,Default,Default,Default,Default,Default,Default,Default,Default,Default,Default,Default,Default,Default,Default,Default,Default,Default,Default,Default,Default,Default,Default,Default,Default,Default,Default,Default,DefaultJob,DocumentCount=100000,1,Workload,Pilot,1,785584,1,785584,7,1,0,17744
"QueryCacheBenchmarks.'Cache enabled, BooleanQuery misses'",Rowles.LeanCorpus.Benchmarks,QueryCacheBenchmarks,"'Cache enabled, BooleanQuery misses'",DefaultJob,Default,Default,Default,Default,Default,Default,Default,Default,Default,Default,Default,Default,Default,Default,Default,Default,Default,Default,Default,Default,Default,Default,Default,Default,Default,Default,Default,Default,Default,Default,Default,Default,Default,Default,Default,Default,Default,Default,Default,Default,Default,DefaultJob,DocumentCount=100000,1,Workload,Pilot,1,16244317,16,1015269.81,7,1,0,17744
"QueryCacheBenchmarks.'Cache enabled, BooleanQuery misses'",Rowles.LeanCorpus.Benchmarks,QueryCacheBenchmarks,"'Cache enabled, BooleanQuery misses'",DefaultJob,Default,Default,Default,Default,Default,Default,Default,Default,Default,Default,Default,Default,Default,Default,Default,Default,Default,Default,Default,Default,Default,Default,Default,Default,Default,Default,Default,Default,Default,Default,Default,Default,Default,Default,Default,Default,Default,Default,Default,Default,Default,DefaultJob,DocumentCount=100000,1,Workload,Pilot,2,22647978,32,707749.31,7,1,0,17744
"QueryCacheBenchmarks.'Cache enabled, BooleanQuery misses'",Rowles.LeanCorpus.Benchmarks,QueryCacheBenchmarks,"'Cache enabled, BooleanQuery misses'",DefaultJob,Default,Default,Default,Default,Default,Default,Default,Default,Default,Default,Default,Default,Default,Default,Default,Default,Default,Default,Default,Default,Default,Default,Default,Default,Default,Default,Default,Default,Default,Default,Default,Default,Default,Default,Default,Default,Default,Default,Default,Default,Default,DefaultJob,DocumentCount=100000,1,Workload,Pilot,3,38957652,64,608713.31,7,1,0,17744
"QueryCacheBenchmarks.'Cache enabled, BooleanQuery misses'",Rowles.LeanCorpus.Benchmarks,QueryCacheBenchmarks,"'Cache enabled, BooleanQuery misses'",DefaultJob,Default,Default,Default,Default,Default,Default,Default,Default,Default,Default,Default,Default,Default,Default,Default,Default,Default,Default,Default,Default,Default,Default,Default,Default,Default,Default,Default,Default,Default,Default,Default,Default,Default,Default,Default,Default,Default,Default,Default,Default,Default,DefaultJob,DocumentCount=100000,1,Workload,Pilot,4,51516131,128,402469.77,7,1,0,17744
"QueryCacheBenchmarks.'Cache enabled, BooleanQuery misses'",Rowles.LeanCorpus.Benchmarks,QueryCacheBenchmarks,"'Cache enabled, BooleanQuery misses'",DefaultJob,Default,Default,Default,Default,Default,Default,Default,Default,Default,Default,Default,Default,Default,Default,Default,Default,Default,Default,Default,Default,Default,Default,Default,Default,Default,Default,Default,Default,Default,Default,Default,Default,Default,Default,Default,Default,Default,Default,Default,Default,Default,DefaultJob,DocumentCount=100000,1,Workload,Pilot,5,106906125,256,417602.05,7,1,0,17744
"QueryCacheBenchmarks.'Cache enabled, BooleanQuery misses'",Rowles.LeanCorpus.Benchmarks,QueryCacheBenchmarks,"'Cache enabled, BooleanQuery misses'",DefaultJob,Default,Default,Default,Default,Default,Default,Default,Default,Default,Default,Default,Default,Default,Default,Default,Default,Default,Default,Default,Default,Default,Default,Default,Default,Default,Default,Default,Default,Default,Default,Default,Default,Default,Default,Default,Default,Default,Default,Default,Default,Default,DefaultJob,DocumentCount=100000,1,Workload,Pilot,6,219166660,512,428059.88,7,1,0,17744
"QueryCacheBenchmarks.'Cache enabled, BooleanQuery misses'",Rowles.LeanCorpus.Benchmarks,QueryCacheBenchmarks,"'Cache enabled, BooleanQuery misses'",DefaultJob,Default,Default,Default,Default,Default,Default,Default,Default,Default,Default,Default,Default,Default,Default,Default,Default,Default,Default,Default,Default,Default,Default,Default,Default,Default,Default,Default,Default,Default,Default,Default,Default,Default,Default,Default,Default,Default,Default,Default,Default,Default,DefaultJob,DocumentCount=100000,1,Workload,Pilot,7,397372910,1024,388059.48,7,1,0,17744
"QueryCacheBenchmarks.'Cache enabled, BooleanQuery misses'",Rowles.LeanCorpus.Benchmarks,QueryCacheBenchmarks,"'Cache enabled, BooleanQuery misses'",DefaultJob,Default,Default,Default,Default,Default,Default,Default,Default,Default,Default,Default,Default,Default,Default,Default,Default,Default,Default,Default,Default,Default,Default,Default,Default,Default,Default,Default,Default,Default,Default,Default,Default,Default,Default,Default,Default,Default,Default,Default,Default,Default,DefaultJob,DocumentCount=100000,1,Workload,Pilot,8,845258861,2048,412724.05,7,1,0,17744
"QueryCacheBenchmarks.'Cache enabled, BooleanQuery misses'",Rowles.LeanCorpus.Benchmarks,QueryCacheBenchmarks,"'Cache enabled, BooleanQuery misses'",DefaultJob,Default,Default,Default,Default,Default,Default,Default,Default,Default,Default,Default,Default,Default,Default,Default,Default,Default,Default,Default,Default,Default,Default,Default,Default,Default,Default,Default,Default,Default,Default,Default,Default,Default,Default,Default,Default,Default,Default,Default,Default,Default,DefaultJob,DocumentCount=100000,1,Workload,Warmup,1,839306334,2048,409817.55,7,1,0,17744
"QueryCacheBenchmarks.'Cache enabled, BooleanQuery misses'",Rowles.LeanCorpus.Benchmarks,QueryCacheBenchmarks,"'Cache enabled, BooleanQuery misses'",DefaultJob,Default,Default,Default,Default,Default,Default,Default,Default,Default,Default,Default,Default,Default,Default,Default,Default,Default,Default,Default,Default,Default,Default,Default,Default,Default,Default,Default,Default,Default,Default,Default,Default,Default,Default,Default,Default,Default,Default,Default,Default,Default,DefaultJob,DocumentCount=100000,1,Workload,Warmup,2,820494992,2048,400632.32,7,1,0,17744
"QueryCacheBenchmarks.'Cache enabled, BooleanQuery misses'",Rowles.LeanCorpus.Benchmarks,QueryCacheBenchmarks,"'Cache enabled, BooleanQuery misses'",DefaultJob,Default,Default,Default,Default,Default,Default,Default,Default,Default,Default,Default,Default,Default,Default,Default,Default,Default,Default,Default,Default,Default,Default,Default,Default,Default,Default,Default,Default,Default,Default,Default,Default,Default,Default,Default,Default,Default,Default,Default,Default,Default,DefaultJob,DocumentCount=100000,1,Workload,Warmup,3,839185869,2048,409758.73,7,1,0,17744
"QueryCacheBenchmarks.'Cache enabled, BooleanQuery misses'",Rowles.LeanCorpus.Benchmarks,QueryCacheBenchmarks,"'Cache enabled, BooleanQuery misses'",DefaultJob,Default,Default,Default,Default,Default,Default,Default,Default,Default,Default,Default,Default,Default,Default,Default,Default,Default,Default,Default,Default,Default,Default,Default,Default,Default,Default,Default,Default,Default,Default,Default,Default,Default,Default,Default,Default,Default,Default,Default,Default,Default,DefaultJob,DocumentCount=100000,1,Workload,Warmup,4,838358431,2048,409354.7,7,1,0,17744
"QueryCacheBenchmarks.'Cache enabled, BooleanQuery misses'",Rowles.LeanCorpus.Benchmarks,QueryCacheBenchmarks,"'Cache enabled, BooleanQuery misses'",DefaultJob,Default,Default,Default,Default,Default,Default,Default,Default,Default,Default,Default,Default,Default,Default,Default,Default,Default,Default,Default,Default,Default,Default,Default,Default,Default,Default,Default,Default,Default,Default,Default,Default,Default,Default,Default,Default,Default,Default,Default,Default,Default,DefaultJob,DocumentCount=100000,1,Workload,Warmup,5,819449427,2048,400121.79,7,1,0,17744
"QueryCacheBenchmarks.'Cache enabled, BooleanQuery misses'",Rowles.LeanCorpus.Benchmarks,QueryCacheBenchmarks,"'Cache enabled, BooleanQuery misses'",DefaultJob,Default,Default,Default,Default,Default,Default,Default,Default,Default,Default,Default,Default,Default,Default,Default,Default,Default,Default,Default,Default,Default,Default,Default,Default,Default,Default,Default,Default,Default,Default,Default,Default,Default,Default,Default,Default,Default,Default,Default,Default,Default,DefaultJob,DocumentCount=100000,1,Workload,Warmup,6,852937998,2048,416473.63,7,1,0,17744
"QueryCacheBenchmarks.'Cache enabled, BooleanQuery misses'",Rowles.LeanCorpus.Benchmarks,QueryCacheBenchmarks,"'Cache enabled, BooleanQuery misses'",DefaultJob,Default,Default,Default,Default,Default,Default,Default,Default,Default,Default,Default,Default,Default,Default,Default,Default,Default,Default,Default,Default,Default,Default,Default,Default,Default,Default,Default,Default,Default,Default,Default,Default,Default,Default,Default,Default,Default,Default,Default,Default,Default,DefaultJob,DocumentCount=100000,1,Workload,Warmup,7,843273335,2048,411754.56,7,1,0,17744
"QueryCacheBenchmarks.'Cache enabled, BooleanQuery misses'",Rowles.LeanCorpus.Benchmarks,QueryCacheBenchmarks,"'Cache enabled, BooleanQuery misses'",DefaultJob,Default,Default,Default,Default,Default,Default,Default,Default,Default,Default,Default,Default,Default,Default,Default,Default,Default,Default,Default,Default,Default,Default,Default,Default,Default,Default,Default,Default,Default,Default,Default,Default,Default,Default,Default,Default,Default,Default,Default,Default,Default,DefaultJob,DocumentCount=100000,1,Workload,Actual,1,842289477,2048,411274.16,7,1,0,17744
"QueryCacheBenchmarks.'Cache enabled, BooleanQuery misses'",Rowles.LeanCorpus.Benchmarks,QueryCacheBenchmarks,"'Cache enabled, BooleanQuery misses'",DefaultJob,Default,Default,Default,Default,Default,Default,Default,Default,Default,Default,Default,Default,Default,Default,Default,Default,Default,Default,Default,Default,Default,Default,Default,Default,Default,Default,Default,Default,Default,Default,Default,Default,Default,Default,Default,Default,Default,Default,Default,Default,Default,DefaultJob,DocumentCount=100000,1,Workload,Actual,2,842048945,2048,411156.71,7,1,0,17744
"QueryCacheBenchmarks.'Cache enabled, BooleanQuery misses'",Rowles.LeanCorpus.Benchmarks,QueryCacheBenchmarks,"'Cache enabled, BooleanQuery misses'",DefaultJob,Default,Default,Default,Default,Default,Default,Default,Default,Default,Default,Default,Default,Default,Default,Default,Default,Default,Default,Default,Default,Default,Default,Default,Default,Default,Default,Default,Default,Default,Default,Default,Default,Default,Default,Default,Default,Default,Default,Default,Default,Default,DefaultJob,DocumentCount=100000,1,Workload,Actual,3,833298876,2048,406884.22,7,1,0,17744
"QueryCacheBenchmarks.'Cache enabled, BooleanQuery misses'",Rowles.LeanCorpus.Benchmarks,QueryCacheBenchmarks,"'Cache enabled, BooleanQuery misses'",DefaultJob,Default,Default,Default,Default,Default,Default,Default,Default,Default,Default,Default,Default,Default,Default,Default,Default,Default,Default,Default,Default,Default,Default,Default,Default,Default,Default,Default,Default,Default,Default,Default,Default,Default,Default,Default,Default,Default,Default,Default,Default,Default,DefaultJob,DocumentCount=100000,1,Workload,Actual,4,831074425,2048,405798.06,7,1,0,17744
"QueryCacheBenchmarks.'Cache enabled, BooleanQuery misses'",Rowles.LeanCorpus.Benchmarks,QueryCacheBenchmarks,"'Cache enabled, BooleanQuery misses'",DefaultJob,Default,Default,Default,Default,Default,Default,Default,Default,Default,Default,Default,Default,Default,Default,Default,Default,Default,Default,Default,Default,Default,Default,Default,Default,Default,Default,Default,Default,Default,Default,Default,Default,Default,Default,Default,Default,Default,Default,Default,Default,Default,DefaultJob,DocumentCount=100000,1,Workload,Actual,5,835619964,2048,408017.56,7,1,0,17744
"QueryCacheBenchmarks.'Cache enabled, BooleanQuery misses'",Rowles.LeanCorpus.Benchmarks,QueryCacheBenchmarks,"'Cache enabled, BooleanQuery misses'",DefaultJob,Default,Default,Default,Default,Default,Default,Default,Default,Default,Default,Default,Default,Default,Default,Default,Default,Default,Default,Default,Default,Default,Default,Default,Default,Default,Default,Default,Default,Default,Default,Default,Default,Default,Default,Default,Default,Default,Default,Default,Default,Default,DefaultJob,DocumentCount=100000,1,Workload,Actual,6,829358004,2048,404959.96,7,1,0,17744
"QueryCacheBenchmarks.'Cache enabled, BooleanQuery misses'",Rowles.LeanCorpus.Benchmarks,QueryCacheBenchmarks,"'Cache enabled, BooleanQuery misses'",DefaultJob,Default,Default,Default,Default,Default,Default,Default,Default,Default,Default,Default,Default,Default,Default,Default,Default,Default,Default,Default,Default,Default,Default,Default,Default,Default,Default,Default,Default,Default,Default,Default,Default,Default,Default,Default,Default,Default,Default,Default,Default,Default,DefaultJob,DocumentCount=100000,1,Workload,Actual,7,824622677,2048,402647.79,7,1,0,17744
"QueryCacheBenchmarks.'Cache enabled, BooleanQuery misses'",Rowles.LeanCorpus.Benchmarks,QueryCacheBenchmarks,"'Cache enabled, BooleanQuery misses'",DefaultJob,Default,Default,Default,Default,Default,Default,Default,Default,Default,Default,Default,Default,Default,Default,Default,Default,Default,Default,Default,Default,Default,Default,Default,Default,Default,Default,Default,Default,Default,Default,Default,Default,Default,Default,Default,Default,Default,Default,Default,Default,Default,DefaultJob,DocumentCount=100000,1,Workload,Actual,8,838455853,2048,409402.27,7,1,0,17744
"QueryCacheBenchmarks.'Cache enabled, BooleanQuery misses'",Rowles.LeanCorpus.Benchmarks,QueryCacheBenchmarks,"'Cache enabled, BooleanQuery misses'",DefaultJob,Default,Default,Default,Default,Default,Default,Default,Default,Default,Default,Default,Default,Default,Default,Default,Default,Default,Default,Default,Default,Default,Default,Default,Default,Default,Default,Default,Default,Default,Default,Default,Default,Default,Default,Default,Default,Default,Default,Default,Default,Default,DefaultJob,DocumentCount=100000,1,Workload,Actual,9,846276038,2048,413220.72,7,1,0,17744
"QueryCacheBenchmarks.'Cache enabled, BooleanQuery misses'",Rowles.LeanCorpus.Benchmarks,QueryCacheBenchmarks,"'Cache enabled, BooleanQuery misses'",DefaultJob,Default,Default,Default,Default,Default,Default,Default,Default,Default,Default,Default,Default,Default,Default,Default,Default,Default,Default,Default,Default,Default,Default,Default,Default,Default,Default,Default,Default,Default,Default,Default,Default,Default,Default,Default,Default,Default,Default,Default,Default,Default,DefaultJob,DocumentCount=100000,1,Workload,Actual,10,837532795,2048,408951.56,7,1,0,17744
"QueryCacheBenchmarks.'Cache enabled, BooleanQuery misses'",Rowles.LeanCorpus.Benchmarks,QueryCacheBenchmarks,"'Cache enabled, BooleanQuery misses'",DefaultJob,Default,Default,Default,Default,Default,Default,Default,Default,Default,Default,Default,Default,Default,Default,Default,Default,Default,Default,Default,Default,Default,Default,Default,Default,Default,Default,Default,Default,Default,Default,Default,Default,Default,Default,Default,Default,Default,Default,Default,Default,Default,DefaultJob,DocumentCount=100000,1,Workload,Actual,11,859418826,2048,419638.1,7,1,0,17744
"QueryCacheBenchmarks.'Cache enabled, BooleanQuery misses'",Rowles.LeanCorpus.Benchmarks,QueryCacheBenchmarks,"'Cache enabled, BooleanQuery misses'",DefaultJob,Default,Default,Default,Default,Default,Default,Default,Default,Default,Default,Default,Default,Default,Default,Default,Default,Default,Default,Default,Default,Default,Default,Default,Default,Default,Default,Default,Default,Default,Default,Default,Default,Default,Default,Default,Default,Default,Default,Default,Default,Default,DefaultJob,DocumentCount=100000,1,Workload,Actual,12,845019743,2048,412607.3,7,1,0,17744
"QueryCacheBenchmarks.'Cache enabled, BooleanQuery misses'",Rowles.LeanCorpus.Benchmarks,QueryCacheBenchmarks,"'Cache enabled, BooleanQuery misses'",DefaultJob,Default,Default,Default,Default,Default,Default,Default,Default,Default,Default,Default,Default,Default,Default,Default,Default,Default,Default,Default,Default,Default,Default,Default,Default,Default,Default,Default,Default,Default,Default,Default,Default,Default,Default,Default,Default,Default,Default,Default,Default,Default,DefaultJob,DocumentCount=100000,1,Workload,Actual,13,843129415,2048,411684.28,7,1,0,17744
"QueryCacheBenchmarks.'Cache enabled, BooleanQuery misses'",Rowles.LeanCorpus.Benchmarks,QueryCacheBenchmarks,"'Cache enabled, BooleanQuery misses'",DefaultJob,Default,Default,Default,Default,Default,Default,Default,Default,Default,Default,Default,Default,Default,Default,Default,Default,Default,Default,Default,Default,Default,Default,Default,Default,Default,Default,Default,Default,Default,Default,Default,Default,Default,Default,Default,Default,Default,Default,Default,Default,Default,DefaultJob,DocumentCount=100000,1,Workload,Actual,14,852764434,2048,416388.88,7,1,0,17744
"QueryCacheBenchmarks.'Cache enabled, BooleanQuery misses'",Rowles.LeanCorpus.Benchmarks,QueryCacheBenchmarks,"'Cache enabled, BooleanQuery misses'",DefaultJob,Default,Default,Default,Default,Default,Default,Default,Default,Default,Default,Default,Default,Default,Default,Default,Default,Default,Default,Default,Default,Default,Default,Default,Default,Default,Default,Default,Default,Default,Default,Default,Default,Default,Default,Default,Default,Default,Default,Default,Default,Default,DefaultJob,DocumentCount=100000,1,Workload,Actual,15,851426990,2048,415735.83,7,1,0,17744
"QueryCacheBenchmarks.'Cache enabled, BooleanQuery misses'",Rowles.LeanCorpus.Benchmarks,QueryCacheBenchmarks,"'Cache enabled, BooleanQuery misses'",DefaultJob,Default,Default,Default,Default,Default,Default,Default,Default,Default,Default,Default,Default,Default,Default,Default,Default,Default,Default,Default,Default,Default,Default,Default,Default,Default,Default,Default,Default,Default,Default,Default,Default,Default,Default,Default,Default,Default,Default,Default,Default,Default,DefaultJob,DocumentCount=100000,1,Workload,Extra,1,823114115,2048,401911.19,7,1,0,17744
"QueryCacheBenchmarks.'Cache enabled, BooleanQuery misses'",Rowles.LeanCorpus.Benchmarks,QueryCacheBenchmarks,"'Cache enabled, BooleanQuery misses'",DefaultJob,Default,Default,Default,Default,Default,Default,Default,Default,Default,Default,Default,Default,Default,Default,Default,Default,Default,Default,Default,Default,Default,Default,Default,Default,Default,Default,Default,Default,Default,Default,Default,Default,Default,Default,Default,Default,Default,Default,Default,Default,Default,DefaultJob,DocumentCount=100000,1,Workload,Result,1,842289477,2048,411274.16,7,1,0,17744
"QueryCacheBenchmarks.'Cache enabled, BooleanQuery misses'",Rowles.LeanCorpus.Benchmarks,QueryCacheBenchmarks,"'Cache enabled, BooleanQuery misses'",DefaultJob,Default,Default,Default,Default,Default,Default,Default,Default,Default,Default,Default,Default,Default,Default,Default,Default,Default,Default,Default,Default,Default,Default,Default,Default,Default,Default,Default,Default,Default,Default,Default,Default,Default,Default,Default,Default,Default,Default,Default,Default,Default,DefaultJob,DocumentCount=100000,1,Workload,Result,2,842048945,2048,411156.71,7,1,0,17744
"QueryCacheBenchmarks.'Cache enabled, BooleanQuery misses'",Rowles.LeanCorpus.Benchmarks,QueryCacheBenchmarks,"'Cache enabled, BooleanQuery misses'",DefaultJob,Default,Default,Default,Default,Default,Default,Default,Default,Default,Default,Default,Default,Default,Default,Default,Default,Default,Default,Default,Default,Default,Default,Default,Default,Default,Default,Default,Default,Default,Default,Default,Default,Default,Default,Default,Default,Default,Default,Default,Default,Default,DefaultJob,DocumentCount=100000,1,Workload,Result,3,833298876,2048,406884.22,7,1,0,17744
"QueryCacheBenchmarks.'Cache enabled, BooleanQuery misses'",Rowles.LeanCorpus.Benchmarks,QueryCacheBenchmarks,"'Cache enabled, BooleanQuery misses'",DefaultJob,Default,Default,Default,Default,Default,Default,Default,Default,Default,Default,Default,Default,Default,Default,Default,Default,Default,Default,Default,Default,Default,Default,Default,Default,Default,Default,Default,Default,Default,Default,Default,Default,Default,Default,Default,Default,Default,Default,Default,Default,Default,DefaultJob,DocumentCount=100000,1,Workload,Result,4,831074425,2048,405798.06,7,1,0,17744
"QueryCacheBenchmarks.'Cache enabled, BooleanQuery misses'",Rowles.LeanCorpus.Benchmarks,QueryCacheBenchmarks,"'Cache enabled, BooleanQuery misses'",DefaultJob,Default,Default,Default,Default,Default,Default,Default,Default,Default,Default,Default,Default,Default,Default,Default,Default,Default,Default,Default,Default,Default,Default,Default,Default,Default,Default,Default,Default,Default,Default,Default,Default,Default,Default,Default,Default,Default,Default,Default,Default,Default,DefaultJob,DocumentCount=100000,1,Workload,Result,5,835619964,2048,408017.56,7,1,0,17744
"QueryCacheBenchmarks.'Cache enabled, BooleanQuery misses'",Rowles.LeanCorpus.Benchmarks,QueryCacheBenchmarks,"'Cache enabled, BooleanQuery misses'",DefaultJob,Default,Default,Default,Default,Default,Default,Default,Default,Default,Default,Default,Default,Default,Default,Default,Default,Default,Default,Default,Default,Default,Default,Default,Default,Default,Default,Default,Default,Default,Default,Default,Default,Default,Default,Default,Default,Default,Default,Default,Default,Default,DefaultJob,DocumentCount=100000,1,Workload,Result,6,829358004,2048,404959.96,7,1,0,17744
"QueryCacheBenchmarks.'Cache enabled, BooleanQuery misses'",Rowles.LeanCorpus.Benchmarks,QueryCacheBenchmarks,"'Cache enabled, BooleanQuery misses'",DefaultJob,Default,Default,Default,Default,Default,Default,Default,Default,Default,Default,Default,Default,Default,Default,Default,Default,Default,Default,Default,Default,Default,Default,Default,Default,Default,Default,Default,Default,Default,Default,Default,Default,Default,Default,Default,Default,Default,Default,Default,Default,Default,DefaultJob,DocumentCount=100000,1,Workload,Result,7,824622677,2048,402647.79,7,1,0,17744
"QueryCacheBenchmarks.'Cache enabled, BooleanQuery misses'",Rowles.LeanCorpus.Benchmarks,QueryCacheBenchmarks,"'Cache enabled, BooleanQuery misses'",DefaultJob,Default,Default,Default,Default,Default,Default,Default,Default,Default,Default,Default,Default,Default,Default,Default,Default,Default,Default,Default,Default,Default,Default,Default,Default,Default,Default,Default,Default,Default,Default,Default,Default,Default,Default,Default,Default,Default,Default,Default,Default,Default,DefaultJob,DocumentCount=100000,1,Workload,Result,8,838455853,2048,409402.27,7,1,0,17744
"QueryCacheBenchmarks.'Cache enabled, BooleanQuery misses'",Rowles.LeanCorpus.Benchmarks,QueryCacheBenchmarks,"'Cache enabled, BooleanQuery misses'",DefaultJob,Default,Default,Default,Default,Default,Default,Default,Default,Default,Default,Default,Default,Default,Default,Default,Default,Default,Default,Default,Default,Default,Default,Default,Default,Default,Default,Default,Default,Default,Default,Default,Default,Default,Default,Default,Default,Default,Default,Default,Default,Default,DefaultJob,DocumentCount=100000,1,Workload,Result,9,846276038,2048,413220.72,7,1,0,17744
"QueryCacheBenchmarks.'Cache enabled, BooleanQuery misses'",Rowles.LeanCorpus.Benchmarks,QueryCacheBenchmarks,"'Cache enabled, BooleanQuery misses'",DefaultJob,Default,Default,Default,Default,Default,Default,Default,Default,Default,Default,Default,Default,Default,Default,Default,Default,Default,Default,Default,Default,Default,Default,Default,Default,Default,Default,Default,Default,Default,Default,Default,Default,Default,Default,Default,Default,Default,Default,Default,Default,Default,DefaultJob,DocumentCount=100000,1,Workload,Result,10,837532795,2048,408951.56,7,1,0,17744
"QueryCacheBenchmarks.'Cache enabled, BooleanQuery misses'",Rowles.LeanCorpus.Benchmarks,QueryCacheBenchmarks,"'Cache enabled, BooleanQuery misses'",DefaultJob,Default,Default,Default,Default,Default,Default,Default,Default,Default,Default,Default,Default,Default,Default,Default,Default,Default,Default,Default,Default,Default,Default,Default,Default,Default,Default,Default,Default,Default,Default,Default,Default,Default,Default,Default,Default,Default,Default,Default,Default,Default,DefaultJob,DocumentCount=100000,1,Workload,Result,11,859418826,2048,419638.1,7,1,0,17744
"QueryCacheBenchmarks.'Cache enabled, BooleanQuery misses'",Rowles.LeanCorpus.Benchmarks,QueryCacheBenchmarks,"'Cache enabled, BooleanQuery misses'",DefaultJob,Default,Default,Default,Default,Default,Default,Default,Default,Default,Default,Default,Default,Default,Default,Default,Default,Default,Default,Default,Default,Default,Default,Default,Default,Default,Default,Default,Default,Default,Default,Default,Default,Default,Default,Default,Default,Default,Default,Default,Default,Default,DefaultJob,DocumentCount=100000,1,Workload,Result,12,845019743,2048,412607.3,7,1,0,17744
"QueryCacheBenchmarks.'Cache enabled, BooleanQuery misses'",Rowles.LeanCorpus.Benchmarks,QueryCacheBenchmarks,"'Cache enabled, BooleanQuery misses'",DefaultJob,Default,Default,Default,Default,Default,Default,Default,Default,Default,Default,Default,Default,Default,Default,Default,Default,Default,Default,Default,Default,Default,Default,Default,Default,Default,Default,Default,Default,Default,Default,Default,Default,Default,Default,Default,Default,Default,Default,Default,Default,Default,DefaultJob,DocumentCount=100000,1,Workload,Result,13,843129415,2048,411684.28,7,1,0,17744
"QueryCacheBenchmarks.'Cache enabled, BooleanQuery misses'",Rowles.LeanCorpus.Benchmarks,QueryCacheBenchmarks,"'Cache enabled, BooleanQuery misses'",DefaultJob,Default,Default,Default,Default,Default,Default,Default,Default,Default,Default,Default,Default,Default,Default,Default,Default,Default,Default,Default,Default,Default,Default,Default,Default,Default,Default,Default,Default,Default,Default,Default,Default,Default,Default,Default,Default,Default,Default,Default,Default,Default,DefaultJob,DocumentCount=100000,1,Workload,Result,14,852764434,2048,416388.88,7,1,0,17744
"QueryCacheBenchmarks.'Cache enabled, BooleanQuery misses'",Rowles.LeanCorpus.Benchmarks,QueryCacheBenchmarks,"'Cache enabled, BooleanQuery misses'",DefaultJob,Default,Default,Default,Default,Default,Default,Default,Default,Default,Default,Default,Default,Default,Default,Default,Default,Default,Default,Default,Default,Default,Default,Default,Default,Default,Default,Default,Default,Default,Default,Default,Default,Default,Default,Default,Default,Default,Default,Default,Default,Default,DefaultJob,DocumentCount=100000,1,Workload,Result,15,851426990,2048,415735.83,7,1,0,17744
"QueryCacheBenchmarks.'Cache disabled, BooleanQuery'",Rowles.LeanCorpus.Benchmarks,QueryCacheBenchmarks,"'Cache disabled, BooleanQuery'",DefaultJob,Default,Default,Default,Default,Default,Default,Default,Default,Default,Default,Default,Default,Default,Default,Default,Default,Default,Default,Default,Default,Default,Default,Default,Default,Default,Default,Default,Default,Default,Default,Default,Default,Default,Default,Default,Default,Default,Default,Default,Default,Default,DefaultJob,DocumentCount=100000,1,Workload,Jitting,1,79853613,1,79853613,8,0,0,16598
"QueryCacheBenchmarks.'Cache disabled, BooleanQuery'",Rowles.LeanCorpus.Benchmarks,QueryCacheBenchmarks,"'Cache disabled, BooleanQuery'",DefaultJob,Default,Default,Default,Default,Default,Default,Default,Default,Default,Default,Default,Default,Default,Default,Default,Default,Default,Default,Default,Default,Default,Default,Default,Default,Default,Default,Default,Default,Default,Default,Default,Default,Default,Default,Default,Default,Default,Default,Default,Default,Default,DefaultJob,DocumentCount=100000,1,Workload,Jitting,2,38523286,30,1284109.53,8,0,0,16598
"QueryCacheBenchmarks.'Cache disabled, BooleanQuery'",Rowles.LeanCorpus.Benchmarks,QueryCacheBenchmarks,"'Cache disabled, BooleanQuery'",DefaultJob,Default,Default,Default,Default,Default,Default,Default,Default,Default,Default,Default,Default,Default,Default,Default,Default,Default,Default,Default,Default,Default,Default,Default,Default,Default,Default,Default,Default,Default,Default,Default,Default,Default,Default,Default,Default,Default,Default,Default,Default,Default,DefaultJob,DocumentCount=100000,1,Workload,Jitting,3,24773132,30,825771.07,8,0,0,16598
"QueryCacheBenchmarks.'Cache disabled, BooleanQuery'",Rowles.LeanCorpus.Benchmarks,QueryCacheBenchmarks,"'Cache disabled, BooleanQuery'",DefaultJob,Default,Default,Default,Default,Default,Default,Default,Default,Default,Default,Default,Default,Default,Default,Default,Default,Default,Default,Default,Default,Default,Default,Default,Default,Default,Default,Default,Default,Default,Default,Default,Default,Default,Default,Default,Default,Default,Default,Default,Default,Default,DefaultJob,DocumentCount=100000,1,Workload,Jitting,4,17187928,30,572930.93,8,0,0,16598
"QueryCacheBenchmarks.'Cache disabled, BooleanQuery'",Rowles.LeanCorpus.Benchmarks,QueryCacheBenchmarks,"'Cache disabled, BooleanQuery'",DefaultJob,Default,Default,Default,Default,Default,Default,Default,Default,Default,Default,Default,Default,Default,Default,Default,Default,Default,Default,Default,Default,Default,Default,Default,Default,Default,Default,Default,Default,Default,Default,Default,Default,Default,Default,Default,Default,Default,Default,Default,Default,Default,DefaultJob,DocumentCount=100000,1,Workload,Jitting,5,795571,1,795571,8,0,0,16598
"QueryCacheBenchmarks.'Cache disabled, BooleanQuery'",Rowles.LeanCorpus.Benchmarks,QueryCacheBenchmarks,"'Cache disabled, BooleanQuery'",DefaultJob,Default,Default,Default,Default,Default,Default,Default,Default,Default,Default,Default,Default,Default,Default,Default,Default,Default,Default,Default,Default,Default,Default,Default,Default,Default,Default,Default,Default,Default,Default,Default,Default,Default,Default,Default,Default,Default,Default,Default,Default,Default,DefaultJob,DocumentCount=100000,1,Workload,Pilot,1,1084293,1,1084293,8,0,0,16598
"QueryCacheBenchmarks.'Cache disabled, BooleanQuery'",Rowles.LeanCorpus.Benchmarks,QueryCacheBenchmarks,"'Cache disabled, BooleanQuery'",DefaultJob,Default,Default,Default,Default,Default,Default,Default,Default,Default,Default,Default,Default,Default,Default,Default,Default,Default,Default,Default,Default,Default,Default,Default,Default,Default,Default,Default,Default,Default,Default,Default,Default,Default,Default,Default,Default,Default,Default,Default,Default,Default,DefaultJob,DocumentCount=100000,1,Workload,Pilot,1,14110067,16,881879.19,8,0,0,16598
"QueryCacheBenchmarks.'Cache disabled, BooleanQuery'",Rowles.LeanCorpus.Benchmarks,QueryCacheBenchmarks,"'Cache disabled, BooleanQuery'",DefaultJob,Default,Default,Default,Default,Default,Default,Default,Default,Default,Default,Default,Default,Default,Default,Default,Default,Default,Default,Default,Default,Default,Default,Default,Default,Default,Default,Default,Default,Default,Default,Default,Default,Default,Default,Default,Default,Default,Default,Default,Default,Default,DefaultJob,DocumentCount=100000,1,Workload,Pilot,2,26641048,32,832532.75,8,0,0,16598
"QueryCacheBenchmarks.'Cache disabled, BooleanQuery'",Rowles.LeanCorpus.Benchmarks,QueryCacheBenchmarks,"'Cache disabled, BooleanQuery'",DefaultJob,Default,Default,Default,Default,Default,Default,Default,Default,Default,Default,Default,Default,Default,Default,Default,Default,Default,Default,Default,Default,Default,Default,Default,Default,Default,Default,Default,Default,Default,Default,Default,Default,Default,Default,Default,Default,Default,Default,Default,Default,Default,DefaultJob,DocumentCount=100000,1,Workload,Pilot,3,34997104,64,546829.75,8,0,0,16598
"QueryCacheBenchmarks.'Cache disabled, BooleanQuery'",Rowles.LeanCorpus.Benchmarks,QueryCacheBenchmarks,"'Cache disabled, BooleanQuery'",DefaultJob,Default,Default,Default,Default,Default,Default,Default,Default,Default,Default,Default,Default,Default,Default,Default,Default,Default,Default,Default,Default,Default,Default,Default,Default,Default,Default,Default,Default,Default,Default,Default,Default,Default,Default,Default,Default,Default,Default,Default,Default,Default,DefaultJob,DocumentCount=100000,1,Workload,Pilot,4,50218773,128,392334.16,8,0,0,16598
"QueryCacheBenchmarks.'Cache disabled, BooleanQuery'",Rowles.LeanCorpus.Benchmarks,QueryCacheBenchmarks,"'Cache disabled, BooleanQuery'",DefaultJob,Default,Default,Default,Default,Default,Default,Default,Default,Default,Default,Default,Default,Default,Default,Default,Default,Default,Default,Default,Default,Default,Default,Default,Default,Default,Default,Default,Default,Default,Default,Default,Default,Default,Default,Default,Default,Default,Default,Default,Default,Default,DefaultJob,DocumentCount=100000,1,Workload,Pilot,5,99666973,256,389324.11,8,0,0,16598
"QueryCacheBenchmarks.'Cache disabled, BooleanQuery'",Rowles.LeanCorpus.Benchmarks,QueryCacheBenchmarks,"'Cache disabled, BooleanQuery'",DefaultJob,Default,Default,Default,Default,Default,Default,Default,Default,Default,Default,Default,Default,Default,Default,Default,Default,Default,Default,Default,Default,Default,Default,Default,Default,Default,Default,Default,Default,Default,Default,Default,Default,Default,Default,Default,Default,Default,Default,Default,Default,Default,DefaultJob,DocumentCount=100000,1,Workload,Pilot,6,209150017,512,408496.13,8,0,0,16598
"QueryCacheBenchmarks.'Cache disabled, BooleanQuery'",Rowles.LeanCorpus.Benchmarks,QueryCacheBenchmarks,"'Cache disabled, BooleanQuery'",DefaultJob,Default,Default,Default,Default,Default,Default,Default,Default,Default,Default,Default,Default,Default,Default,Default,Default,Default,Default,Default,Default,Default,Default,Default,Default,Default,Default,Default,Default,Default,Default,Default,Default,Default,Default,Default,Default,Default,Default,Default,Default,Default,DefaultJob,DocumentCount=100000,1,Workload,Pilot,7,435061966,1024,424865.2,8,0,0,16598
"QueryCacheBenchmarks.'Cache disabled, BooleanQuery'",Rowles.LeanCorpus.Benchmarks,QueryCacheBenchmarks,"'Cache disabled, BooleanQuery'",DefaultJob,Default,Default,Default,Default,Default,Default,Default,Default,Default,Default,Default,Default,Default,Default,Default,Default,Default,Default,Default,Default,Default,Default,Default,Default,Default,Default,Default,Default,Default,Default,Default,Default,Default,Default,Default,Default,Default,Default,Default,Default,Default,DefaultJob,DocumentCount=100000,1,Workload,Pilot,8,844229363,2048,412221.37,8,0,0,16598
"QueryCacheBenchmarks.'Cache disabled, BooleanQuery'",Rowles.LeanCorpus.Benchmarks,QueryCacheBenchmarks,"'Cache disabled, BooleanQuery'",DefaultJob,Default,Default,Default,Default,Default,Default,Default,Default,Default,Default,Default,Default,Default,Default,Default,Default,Default,Default,Default,Default,Default,Default,Default,Default,Default,Default,Default,Default,Default,Default,Default,Default,Default,Default,Default,Default,Default,Default,Default,Default,Default,DefaultJob,DocumentCount=100000,1,Workload,Warmup,1,859546606,2048,419700.49,8,0,0,16598
"QueryCacheBenchmarks.'Cache disabled, BooleanQuery'",Rowles.LeanCorpus.Benchmarks,QueryCacheBenchmarks,"'Cache disabled, BooleanQuery'",DefaultJob,Default,Default,Default,Default,Default,Default,Default,Default,Default,Default,Default,Default,Default,Default,Default,Default,Default,Default,Default,Default,Default,Default,Default,Default,Default,Default,Default,Default,Default,Default,Default,Default,Default,Default,Default,Default,Default,Default,Default,Default,Default,DefaultJob,DocumentCount=100000,1,Workload,Warmup,2,859638104,2048,419745.17,8,0,0,16598
"QueryCacheBenchmarks.'Cache disabled, BooleanQuery'",Rowles.LeanCorpus.Benchmarks,QueryCacheBenchmarks,"'Cache disabled, BooleanQuery'",DefaultJob,Default,Default,Default,Default,Default,Default,Default,Default,Default,Default,Default,Default,Default,Default,Default,Default,Default,Default,Default,Default,Default,Default,Default,Default,Default,Default,Default,Default,Default,Default,Default,Default,Default,Default,Default,Default,Default,Default,Default,Default,Default,DefaultJob,DocumentCount=100000,1,Workload,Warmup,3,845219544,2048,412704.86,8,0,0,16598
"QueryCacheBenchmarks.'Cache disabled, BooleanQuery'",Rowles.LeanCorpus.Benchmarks,QueryCacheBenchmarks,"'Cache disabled, BooleanQuery'",DefaultJob,Default,Default,Default,Default,Default,Default,Default,Default,Default,Default,Default,Default,Default,Default,Default,Default,Default,Default,Default,Default,Default,Default,Default,Default,Default,Default,Default,Default,Default,Default,Default,Default,Default,Default,Default,Default,Default,Default,Default,Default,Default,DefaultJob,DocumentCount=100000,1,Workload,Warmup,4,834466196,2048,407454.2,8,0,0,16598
"QueryCacheBenchmarks.'Cache disabled, BooleanQuery'",Rowles.LeanCorpus.Benchmarks,QueryCacheBenchmarks,"'Cache disabled, BooleanQuery'",DefaultJob,Default,Default,Default,Default,Default,Default,Default,Default,Default,Default,Default,Default,Default,Default,Default,Default,Default,Default,Default,Default,Default,Default,Default,Default,Default,Default,Default,Default,Default,Default,Default,Default,Default,Default,Default,Default,Default,Default,Default,Default,Default,DefaultJob,DocumentCount=100000,1,Workload,Warmup,5,835634715,2048,408024.76,8,0,0,16598
"QueryCacheBenchmarks.'Cache disabled, BooleanQuery'",Rowles.LeanCorpus.Benchmarks,QueryCacheBenchmarks,"'Cache disabled, BooleanQuery'",DefaultJob,Default,Default,Default,Default,Default,Default,Default,Default,Default,Default,Default,Default,Default,Default,Default,Default,Default,Default,Default,Default,Default,Default,Default,Default,Default,Default,Default,Default,Default,Default,Default,Default,Default,Default,Default,Default,Default,Default,Default,Default,Default,DefaultJob,DocumentCount=100000,1,Workload,Warmup,6,825179430,2048,402919.64,8,0,0,16598
"QueryCacheBenchmarks.'Cache disabled, BooleanQuery'",Rowles.LeanCorpus.Benchmarks,QueryCacheBenchmarks,"'Cache disabled, BooleanQuery'",DefaultJob,Default,Default,Default,Default,Default,Default,Default,Default,Default,Default,Default,Default,Default,Default,Default,Default,Default,Default,Default,Default,Default,Default,Default,Default,Default,Default,Default,Default,Default,Default,Default,Default,Default,Default,Default,Default,Default,Default,Default,Default,Default,DefaultJob,DocumentCount=100000,1,Workload,Actual,1,850307380,2048,415189.15,8,0,0,16598
"QueryCacheBenchmarks.'Cache disabled, BooleanQuery'",Rowles.LeanCorpus.Benchmarks,QueryCacheBenchmarks,"'Cache disabled, BooleanQuery'",DefaultJob,Default,Default,Default,Default,Default,Default,Default,Default,Default,Default,Default,Default,Default,Default,Default,Default,Default,Default,Default,Default,Default,Default,Default,Default,Default,Default,Default,Default,Default,Default,Default,Default,Default,Default,Default,Default,Default,Default,Default,Default,Default,DefaultJob,DocumentCount=100000,1,Workload,Actual,2,835188218,2048,407806.75,8,0,0,16598
"QueryCacheBenchmarks.'Cache disabled, BooleanQuery'",Rowles.LeanCorpus.Benchmarks,QueryCacheBenchmarks,"'Cache disabled, BooleanQuery'",DefaultJob,Default,Default,Default,Default,Default,Default,Default,Default,Default,Default,Default,Default,Default,Default,Default,Default,Default,Default,Default,Default,Default,Default,Default,Default,Default,Default,Default,Default,Default,Default,Default,Default,Default,Default,Default,Default,Default,Default,Default,Default,Default,DefaultJob,DocumentCount=100000,1,Workload,Actual,3,830195976,2048,405369.13,8,0,0,16598
"QueryCacheBenchmarks.'Cache disabled, BooleanQuery'",Rowles.LeanCorpus.Benchmarks,QueryCacheBenchmarks,"'Cache disabled, BooleanQuery'",DefaultJob,Default,Default,Default,Default,Default,Default,Default,Default,Default,Default,Default,Default,Default,Default,Default,Default,Default,Default,Default,Default,Default,Default,Default,Default,Default,Default,Default,Default,Default,Default,Default,Default,Default,Default,Default,Default,Default,Default,Default,Default,Default,DefaultJob,DocumentCount=100000,1,Workload,Actual,4,849271232,2048,414683.22,8,0,0,16598
"QueryCacheBenchmarks.'Cache disabled, BooleanQuery'",Rowles.LeanCorpus.Benchmarks,QueryCacheBenchmarks,"'Cache disabled, BooleanQuery'",DefaultJob,Default,Default,Default,Default,Default,Default,Default,Default,Default,Default,Default,Default,Default,Default,Default,Default,Default,Default,Default,Default,Default,Default,Default,Default,Default,Default,Default,Default,Default,Default,Default,Default,Default,Default,Default,Default,Default,Default,Default,Default,Default,DefaultJob,DocumentCount=100000,1,Workload,Actual,5,837836198,2048,409099.71,8,0,0,16598
"QueryCacheBenchmarks.'Cache disabled, BooleanQuery'",Rowles.LeanCorpus.Benchmarks,QueryCacheBenchmarks,"'Cache disabled, BooleanQuery'",DefaultJob,Default,Default,Default,Default,Default,Default,Default,Default,Default,Default,Default,Default,Default,Default,Default,Default,Default,Default,Default,Default,Default,Default,Default,Default,Default,Default,Default,Default,Default,Default,Default,Default,Default,Default,Default,Default,Default,Default,Default,Default,Default,DefaultJob,DocumentCount=100000,1,Workload,Actual,6,839461537,2048,409893.33,8,0,0,16598
"QueryCacheBenchmarks.'Cache disabled, BooleanQuery'",Rowles.LeanCorpus.Benchmarks,QueryCacheBenchmarks,"'Cache disabled, BooleanQuery'",DefaultJob,Default,Default,Default,Default,Default,Default,Default,Default,Default,Default,Default,Default,Default,Default,Default,Default,Default,Default,Default,Default,Default,Default,Default,Default,Default,Default,Default,Default,Default,Default,Default,Default,Default,Default,Default,Default,Default,Default,Default,Default,Default,DefaultJob,DocumentCount=100000,1,Workload,Actual,7,834937151,2048,407684.16,8,0,0,16598
"QueryCacheBenchmarks.'Cache disabled, BooleanQuery'",Rowles.LeanCorpus.Benchmarks,QueryCacheBenchmarks,"'Cache disabled, BooleanQuery'",DefaultJob,Default,Default,Default,Default,Default,Default,Default,Default,Default,Default,Default,Default,Default,Default,Default,Default,Default,Default,Default,Default,Default,Default,Default,Default,Default,Default,Default,Default,Default,Default,Default,Default,Default,Default,Default,Default,Default,Default,Default,Default,Default,DefaultJob,DocumentCount=100000,1,Workload,Actual,8,836678550,2048,408534.45,8,0,0,16598
"QueryCacheBenchmarks.'Cache disabled, BooleanQuery'",Rowles.LeanCorpus.Benchmarks,QueryCacheBenchmarks,"'Cache disabled, BooleanQuery'",DefaultJob,Default,Default,Default,Default,Default,Default,Default,Default,Default,Default,Default,Default,Default,Default,Default,Default,Default,Default,Default,Default,Default,Default,Default,Default,Default,Default,Default,Default,Default,Default,Default,Default,Default,Default,Default,Default,Default,Default,Default,Default,Default,DefaultJob,DocumentCount=100000,1,Workload,Actual,9,841263467,2048,410773.18,8,0,0,16598
"QueryCacheBenchmarks.'Cache disabled, BooleanQuery'",Rowles.LeanCorpus.Benchmarks,QueryCacheBenchmarks,"'Cache disabled, BooleanQuery'",DefaultJob,Default,Default,Default,Default,Default,Default,Default,Default,Default,Default,Default,Default,Default,Default,Default,Default,Default,Default,Default,Default,Default,Default,Default,Default,Default,Default,Default,Default,Default,Default,Default,Default,Default,Default,Default,Default,Default,Default,Default,Default,Default,DefaultJob,DocumentCount=100000,1,Workload,Actual,10,837706315,2048,409036.29,8,0,0,16598
"QueryCacheBenchmarks.'Cache disabled, BooleanQuery'",Rowles.LeanCorpus.Benchmarks,QueryCacheBenchmarks,"'Cache disabled, BooleanQuery'",DefaultJob,Default,Default,Default,Default,Default,Default,Default,Default,Default,Default,Default,Default,Default,Default,Default,Default,Default,Default,Default,Default,Default,Default,Default,Default,Default,Default,Default,Default,Default,Default,Default,Default,Default,Default,Default,Default,Default,Default,Default,Default,Default,DefaultJob,DocumentCount=100000,1,Workload,Actual,11,844778216,2048,412489.36,8,0,0,16598
"QueryCacheBenchmarks.'Cache disabled, BooleanQuery'",Rowles.LeanCorpus.Benchmarks,QueryCacheBenchmarks,"'Cache disabled, BooleanQuery'",DefaultJob,Default,Default,Default,Default,Default,Default,Default,Default,Default,Default,Default,Default,Default,Default,Default,Default,Default,Default,Default,Default,Default,Default,Default,Default,Default,Default,Default,Default,Default,Default,Default,Default,Default,Default,Default,Default,Default,Default,Default,Default,Default,DefaultJob,DocumentCount=100000,1,Workload,Actual,12,843545904,2048,411887.65,8,0,0,16598
"QueryCacheBenchmarks.'Cache disabled, BooleanQuery'",Rowles.LeanCorpus.Benchmarks,QueryCacheBenchmarks,"'Cache disabled, BooleanQuery'",DefaultJob,Default,Default,Default,Default,Default,Default,Default,Default,Default,Default,Default,Default,Default,Default,Default,Default,Default,Default,Default,Default,Default,Default,Default,Default,Default,Default,Default,Default,Default,Default,Default,Default,Default,Default,Default,Default,Default,Default,Default,Default,Default,DefaultJob,DocumentCount=100000,1,Workload,Actual,13,828378904,2048,404481.89,8,0,0,16598
"QueryCacheBenchmarks.'Cache disabled, BooleanQuery'",Rowles.LeanCorpus.Benchmarks,QueryCacheBenchmarks,"'Cache disabled, BooleanQuery'",DefaultJob,Default,Default,Default,Default,Default,Default,Default,Default,Default,Default,Default,Default,Default,Default,Default,Default,Default,Default,Default,Default,Default,Default,Default,Default,Default,Default,Default,Default,Default,Default,Default,Default,Default,Default,Default,Default,Default,Default,Default,Default,Default,DefaultJob,DocumentCount=100000,1,Workload,Actual,14,858199385,2048,419042.67,8,0,0,16598
"QueryCacheBenchmarks.'Cache disabled, BooleanQuery'",Rowles.LeanCorpus.Benchmarks,QueryCacheBenchmarks,"'Cache disabled, BooleanQuery'",DefaultJob,Default,Default,Default,Default,Default,Default,Default,Default,Default,Default,Default,Default,Default,Default,Default,Default,Default,Default,Default,Default,Default,Default,Default,Default,Default,Default,Default,Default,Default,Default,Default,Default,Default,Default,Default,Default,Default,Default,Default,Default,Default,DefaultJob,DocumentCount=100000,1,Workload,Actual,15,839274039,2048,409801.78,8,0,0,16598
"QueryCacheBenchmarks.'Cache disabled, BooleanQuery'",Rowles.LeanCorpus.Benchmarks,QueryCacheBenchmarks,"'Cache disabled, BooleanQuery'",DefaultJob,Default,Default,Default,Default,Default,Default,Default,Default,Default,Default,Default,Default,Default,Default,Default,Default,Default,Default,Default,Default,Default,Default,Default,Default,Default,Default,Default,Default,Default,Default,Default,Default,Default,Default,Default,Default,Default,Default,Default,Default,Default,DefaultJob,DocumentCount=100000,1,Workload,Extra,1,816681298,2048,398770.17,8,0,0,16598
"QueryCacheBenchmarks.'Cache disabled, BooleanQuery'",Rowles.LeanCorpus.Benchmarks,QueryCacheBenchmarks,"'Cache disabled, BooleanQuery'",DefaultJob,Default,Default,Default,Default,Default,Default,Default,Default,Default,Default,Default,Default,Default,Default,Default,Default,Default,Default,Default,Default,Default,Default,Default,Default,Default,Default,Default,Default,Default,Default,Default,Default,Default,Default,Default,Default,Default,Default,Default,Default,Default,DefaultJob,DocumentCount=100000,1,Workload,Result,1,850307380,2048,415189.15,8,0,0,16598
"QueryCacheBenchmarks.'Cache disabled, BooleanQuery'",Rowles.LeanCorpus.Benchmarks,QueryCacheBenchmarks,"'Cache disabled, BooleanQuery'",DefaultJob,Default,Default,Default,Default,Default,Default,Default,Default,Default,Default,Default,Default,Default,Default,Default,Default,Default,Default,Default,Default,Default,Default,Default,Default,Default,Default,Default,Default,Default,Default,Default,Default,Default,Default,Default,Default,Default,Default,Default,Default,Default,DefaultJob,DocumentCount=100000,1,Workload,Result,2,835188218,2048,407806.75,8,0,0,16598
"QueryCacheBenchmarks.'Cache disabled, BooleanQuery'",Rowles.LeanCorpus.Benchmarks,QueryCacheBenchmarks,"'Cache disabled, BooleanQuery'",DefaultJob,Default,Default,Default,Default,Default,Default,Default,Default,Default,Default,Default,Default,Default,Default,Default,Default,Default,Default,Default,Default,Default,Default,Default,Default,Default,Default,Default,Default,Default,Default,Default,Default,Default,Default,Default,Default,Default,Default,Default,Default,Default,DefaultJob,DocumentCount=100000,1,Workload,Result,3,830195976,2048,405369.13,8,0,0,16598
"QueryCacheBenchmarks.'Cache disabled, BooleanQuery'",Rowles.LeanCorpus.Benchmarks,QueryCacheBenchmarks,"'Cache disabled, BooleanQuery'",DefaultJob,Default,Default,Default,Default,Default,Default,Default,Default,Default,Default,Default,Default,Default,Default,Default,Default,Default,Default,Default,Default,Default,Default,Default,Default,Default,Default,Default,Default,Default,Default,Default,Default,Default,Default,Default,Default,Default,Default,Default,Default,Default,DefaultJob,DocumentCount=100000,1,Workload,Result,4,849271232,2048,414683.22,8,0,0,16598
"QueryCacheBenchmarks.'Cache disabled, BooleanQuery'",Rowles.LeanCorpus.Benchmarks,QueryCacheBenchmarks,"'Cache disabled, BooleanQuery'",DefaultJob,Default,Default,Default,Default,Default,Default,Default,Default,Default,Default,Default,Default,Default,Default,Default,Default,Default,Default,Default,Default,Default,Default,Default,Default,Default,Default,Default,Default,Default,Default,Default,Default,Default,Default,Default,Default,Default,Default,Default,Default,Default,DefaultJob,DocumentCount=100000,1,Workload,Result,5,837836198,2048,409099.71,8,0,0,16598
"QueryCacheBenchmarks.'Cache disabled, BooleanQuery'",Rowles.LeanCorpus.Benchmarks,QueryCacheBenchmarks,"'Cache disabled, BooleanQuery'",DefaultJob,Default,Default,Default,Default,Default,Default,Default,Default,Default,Default,Default,Default,Default,Default,Default,Default,Default,Default,Default,Default,Default,Default,Default,Default,Default,Default,Default,Default,Default,Default,Default,Default,Default,Default,Default,Default,Default,Default,Default,Default,Default,DefaultJob,DocumentCount=100000,1,Workload,Result,6,839461537,2048,409893.33,8,0,0,16598
"QueryCacheBenchmarks.'Cache disabled, BooleanQuery'",Rowles.LeanCorpus.Benchmarks,QueryCacheBenchmarks,"'Cache disabled, BooleanQuery'",DefaultJob,Default,Default,Default,Default,Default,Default,Default,Default,Default,Default,Default,Default,Default,Default,Default,Default,Default,Default,Default,Default,Default,Default,Default,Default,Default,Default,Default,Default,Default,Default,Default,Default,Default,Default,Default,Default,Default,Default,Default,Default,Default,DefaultJob,DocumentCount=100000,1,Workload,Result,7,834937151,2048,407684.16,8,0,0,16598
"QueryCacheBenchmarks.'Cache disabled, BooleanQuery'",Rowles.LeanCorpus.Benchmarks,QueryCacheBenchmarks,"'Cache disabled, BooleanQuery'",DefaultJob,Default,Default,Default,Default,Default,Default,Default,Default,Default,Default,Default,Default,Default,Default,Default,Default,Default,Default,Default,Default,Default,Default,Default,Default,Default,Default,Default,Default,Default,Default,Default,Default,Default,Default,Default,Default,Default,Default,Default,Default,Default,DefaultJob,DocumentCount=100000,1,Workload,Result,8,836678550,2048,408534.45,8,0,0,16598
"QueryCacheBenchmarks.'Cache disabled, BooleanQuery'",Rowles.LeanCorpus.Benchmarks,QueryCacheBenchmarks,"'Cache disabled, BooleanQuery'",DefaultJob,Default,Default,Default,Default,Default,Default,Default,Default,Default,Default,Default,Default,Default,Default,Default,Default,Default,Default,Default,Default,Default,Default,Default,Default,Default,Default,Default,Default,Default,Default,Default,Default,Default,Default,Default,Default,Default,Default,Default,Default,Default,DefaultJob,DocumentCount=100000,1,Workload,Result,9,841263467,2048,410773.18,8,0,0,16598
"QueryCacheBenchmarks.'Cache disabled, BooleanQuery'",Rowles.LeanCorpus.Benchmarks,QueryCacheBenchmarks,"'Cache disabled, BooleanQuery'",DefaultJob,Default,Default,Default,Default,Default,Default,Default,Default,Default,Default,Default,Default,Default,Default,Default,Default,Default,Default,Default,Default,Default,Default,Default,Default,Default,Default,Default,Default,Default,Default,Default,Default,Default,Default,Default,Default,Default,Default,Default,Default,Default,DefaultJob,DocumentCount=100000,1,Workload,Result,10,837706315,2048,409036.29,8,0,0,16598
"QueryCacheBenchmarks.'Cache disabled, BooleanQuery'",Rowles.LeanCorpus.Benchmarks,QueryCacheBenchmarks,"'Cache disabled, BooleanQuery'",DefaultJob,Default,Default,Default,Default,Default,Default,Default,Default,Default,Default,Default,Default,Default,Default,Default,Default,Default,Default,Default,Default,Default,Default,Default,Default,Default,Default,Default,Default,Default,Default,Default,Default,Default,Default,Default,Default,Default,Default,Default,Default,Default,DefaultJob,DocumentCount=100000,1,Workload,Result,11,844778216,2048,412489.36,8,0,0,16598
"QueryCacheBenchmarks.'Cache disabled, BooleanQuery'",Rowles.LeanCorpus.Benchmarks,QueryCacheBenchmarks,"'Cache disabled, BooleanQuery'",DefaultJob,Default,Default,Default,Default,Default,Default,Default,Default,Default,Default,Default,Default,Default,Default,Default,Default,Default,Default,Default,Default,Default,Default,Default,Default,Default,Default,Default,Default,Default,Default,Default,Default,Default,Default,Default,Default,Default,Default,Default,Default,Default,DefaultJob,DocumentCount=100000,1,Workload,Result,12,843545904,2048,411887.65,8,0,0,16598
"QueryCacheBenchmarks.'Cache disabled, BooleanQuery'",Rowles.LeanCorpus.Benchmarks,QueryCacheBenchmarks,"'Cache disabled, BooleanQuery'",DefaultJob,Default,Default,Default,Default,Default,Default,Default,Default,Default,Default,Default,Default,Default,Default,Default,Default,Default,Default,Default,Default,Default,Default,Default,Default,Default,Default,Default,Default,Default,Default,Default,Default,Default,Default,Default,Default,Default,Default,Default,Default,Default,DefaultJob,DocumentCount=100000,1,Workload,Result,13,828378904,2048,404481.89,8,0,0,16598
"QueryCacheBenchmarks.'Cache disabled, BooleanQuery'",Rowles.LeanCorpus.Benchmarks,QueryCacheBenchmarks,"'Cache disabled, BooleanQuery'",DefaultJob,Default,Default,Default,Default,Default,Default,Default,Default,Default,Default,Default,Default,Default,Default,Default,Default,Default,Default,Default,Default,Default,Default,Default,Default,Default,Default,Default,Default,Default,Default,Default,Default,Default,Default,Default,Default,Default,Default,Default,Default,Default,DefaultJob,DocumentCount=100000,1,Workload,Result,14,839274039,2048,409801.78,8,0,0,16598
QueryCacheBenchmarks.LuceneNet_TermQuery,Rowles.LeanCorpus.Benchmarks,QueryCacheBenchmarks,LuceneNet_TermQuery,DefaultJob,Default,Default,Default,Default,Default,Default,Default,Default,Default,Default,Default,Default,Default,Default,Default,Default,Default,Default,Default,Default,Default,Default,Default,Default,Default,Default,Default,Default,Default,Default,Default,Default,Default,Default,Default,Default,Default,Default,Default,Default,Default,DefaultJob,DocumentCount=100000,1,Workload,Jitting,1,32139792,1,32139792,49,1,0,51119
QueryCacheBenchmarks.LuceneNet_TermQuery,Rowles.LeanCorpus.Benchmarks,QueryCacheBenchmarks,LuceneNet_TermQuery,DefaultJob,Default,Default,Default,Default,Default,Default,Default,Default,Default,Default,Default,Default,Default,Default,Default,Default,Default,Default,Default,Default,Default,Default,Default,Default,Default,Default,Default,Default,Default,Default,Default,Default,Default,Default,Default,Default,Default,Default,Default,Default,Default,DefaultJob,DocumentCount=100000,1,Workload,Jitting,2,48807543,30,1626918.1,49,1,0,51119
QueryCacheBenchmarks.LuceneNet_TermQuery,Rowles.LeanCorpus.Benchmarks,QueryCacheBenchmarks,LuceneNet_TermQuery,DefaultJob,Default,Default,Default,Default,Default,Default,Default,Default,Default,Default,Default,Default,Default,Default,Default,Default,Default,Default,Default,Default,Default,Default,Default,Default,Default,Default,Default,Default,Default,Default,Default,Default,Default,Default,Default,Default,Default,Default,Default,Default,Default,DefaultJob,DocumentCount=100000,1,Workload,Jitting,3,24612992,30,820433.07,49,1,0,51119
QueryCacheBenchmarks.LuceneNet_TermQuery,Rowles.LeanCorpus.Benchmarks,QueryCacheBenchmarks,LuceneNet_TermQuery,DefaultJob,Default,Default,Default,Default,Default,Default,Default,Default,Default,Default,Default,Default,Default,Default,Default,Default,Default,Default,Default,Default,Default,Default,Default,Default,Default,Default,Default,Default,Default,Default,Default,Default,Default,Default,Default,Default,Default,Default,Default,Default,Default,DefaultJob,DocumentCount=100000,1,Workload,Jitting,4,4712854,30,157095.13,49,1,0,51119
QueryCacheBenchmarks.LuceneNet_TermQuery,Rowles.LeanCorpus.Benchmarks,QueryCacheBenchmarks,LuceneNet_TermQuery,DefaultJob,Default,Default,Default,Default,Default,Default,Default,Default,Default,Default,Default,Default,Default,Default,Default,Default,Default,Default,Default,Default,Default,Default,Default,Default,Default,Default,Default,Default,Default,Default,Default,Default,Default,Default,Default,Default,Default,Default,Default,Default,Default,DefaultJob,DocumentCount=100000,1,Workload,Jitting,5,305389,1,305389,49,1,0,51119
QueryCacheBenchmarks.LuceneNet_TermQuery,Rowles.LeanCorpus.Benchmarks,QueryCacheBenchmarks,LuceneNet_TermQuery,DefaultJob,Default,Default,Default,Default,Default,Default,Default,Default,Default,Default,Default,Default,Default,Default,Default,Default,Default,Default,Default,Default,Default,Default,Default,Default,Default,Default,Default,Default,Default,Default,Default,Default,Default,Default,Default,Default,Default,Default,Default,Default,Default,DefaultJob,DocumentCount=100000,1,Workload,Pilot,1,465105,1,465105,49,1,0,51119
QueryCacheBenchmarks.LuceneNet_TermQuery,Rowles.LeanCorpus.Benchmarks,QueryCacheBenchmarks,LuceneNet_TermQuery,DefaultJob,Default,Default,Default,Default,Default,Default,Default,Default,Default,Default,Default,Default,Default,Default,Default,Default,Default,Default,Default,Default,Default,Default,Default,Default,Default,Default,Default,Default,Default,Default,Default,Default,Default,Default,Default,Default,Default,Default,Default,Default,Default,DefaultJob,DocumentCount=100000,1,Workload,Pilot,1,6223652,16,388978.25,49,1,0,51119
QueryCacheBenchmarks.LuceneNet_TermQuery,Rowles.LeanCorpus.Benchmarks,QueryCacheBenchmarks,LuceneNet_TermQuery,DefaultJob,Default,Default,Default,Default,Default,Default,Default,Default,Default,Default,Default,Default,Default,Default,Default,Default,Default,Default,Default,Default,Default,Default,Default,Default,Default,Default,Default,Default,Default,Default,Default,Default,Default,Default,Default,Default,Default,Default,Default,Default,Default,DefaultJob,DocumentCount=100000,1,Workload,Pilot,2,12010753,32,375336.03,49,1,0,51119
QueryCacheBenchmarks.LuceneNet_TermQuery,Rowles.LeanCorpus.Benchmarks,QueryCacheBenchmarks,LuceneNet_TermQuery,DefaultJob,Default,Default,Default,Default,Default,Default,Default,Default,Default,Default,Default,Default,Default,Default,Default,Default,Default,Default,Default,Default,Default,Default,Default,Default,Default,Default,Default,Default,Default,Default,Default,Default,Default,Default,Default,Default,Default,Default,Default,Default,Default,DefaultJob,DocumentCount=100000,1,Workload,Pilot,3,20797050,64,324953.91,49,1,0,51119
QueryCacheBenchmarks.LuceneNet_TermQuery,Rowles.LeanCorpus.Benchmarks,QueryCacheBenchmarks,LuceneNet_TermQuery,DefaultJob,Default,Default,Default,Default,Default,Default,Default,Default,Default,Default,Default,Default,Default,Default,Default,Default,Default,Default,Default,Default,Default,Default,Default,Default,Default,Default,Default,Default,Default,Default,Default,Default,Default,Default,Default,Default,Default,Default,Default,Default,Default,DefaultJob,DocumentCount=100000,1,Workload,Pilot,4,29529955,128,230702.77,49,1,0,51119
QueryCacheBenchmarks.LuceneNet_TermQuery,Rowles.LeanCorpus.Benchmarks,QueryCacheBenchmarks,LuceneNet_TermQuery,DefaultJob,Default,Default,Default,Default,Default,Default,Default,Default,Default,Default,Default,Default,Default,Default,Default,Default,Default,Default,Default,Default,Default,Default,Default,Default,Default,Default,Default,Default,Default,Default,Default,Default,Default,Default,Default,Default,Default,Default,Default,Default,Default,DefaultJob,DocumentCount=100000,1,Workload,Pilot,5,42167564,256,164717.05,49,1,0,51119
QueryCacheBenchmarks.LuceneNet_TermQuery,Rowles.LeanCorpus.Benchmarks,QueryCacheBenchmarks,LuceneNet_TermQuery,DefaultJob,Default,Default,Default,Default,Default,Default,Default,Default,Default,Default,Default,Default,Default,Default,Default,Default,Default,Default,Default,Default,Default,Default,Default,Default,Default,Default,Default,Default,Default,Default,Default,Default,Default,Default,Default,Default,Default,Default,Default,Default,Default,DefaultJob,DocumentCount=100000,1,Workload,Pilot,6,74876432,512,146243.03,49,1,0,51119
QueryCacheBenchmarks.LuceneNet_TermQuery,Rowles.LeanCorpus.Benchmarks,QueryCacheBenchmarks,LuceneNet_TermQuery,DefaultJob,Default,Default,Default,Default,Default,Default,Default,Default,Default,Default,Default,Default,Default,Default,Default,Default,Default,Default,Default,Default,Default,Default,Default,Default,Default,Default,Default,Default,Default,Default,Default,Default,Default,Default,Default,Default,Default,Default,Default,Default,Default,DefaultJob,DocumentCount=100000,1,Workload,Pilot,7,151397825,1024,147849.44,49,1,0,51119
QueryCacheBenchmarks.LuceneNet_TermQuery,Rowles.LeanCorpus.Benchmarks,QueryCacheBenchmarks,LuceneNet_TermQuery,DefaultJob,Default,Default,Default,Default,Default,Default,Default,Default,Default,Default,Default,Default,Default,Default,Default,Default,Default,Default,Default,Default,Default,Default,Default,Default,Default,Default,Default,Default,Default,Default,Default,Default,Default,Default,Default,Default,Default,Default,Default,Default,Default,DefaultJob,DocumentCount=100000,1,Workload,Pilot,8,309736741,2048,151238.64,49,1,0,51119
QueryCacheBenchmarks.LuceneNet_TermQuery,Rowles.LeanCorpus.Benchmarks,QueryCacheBenchmarks,LuceneNet_TermQuery,DefaultJob,Default,Default,Default,Default,Default,Default,Default,Default,Default,Default,Default,Default,Default,Default,Default,Default,Default,Default,Default,Default,Default,Default,Default,Default,Default,Default,Default,Default,Default,Default,Default,Default,Default,Default,Default,Default,Default,Default,Default,Default,Default,DefaultJob,DocumentCount=100000,1,Workload,Pilot,9,616873643,4096,150603.92,49,1,0,51119
QueryCacheBenchmarks.LuceneNet_TermQuery,Rowles.LeanCorpus.Benchmarks,QueryCacheBenchmarks,LuceneNet_TermQuery,DefaultJob,Default,Default,Default,Default,Default,Default,Default,Default,Default,Default,Default,Default,Default,Default,Default,Default,Default,Default,Default,Default,Default,Default,Default,Default,Default,Default,Default,Default,Default,Default,Default,Default,Default,Default,Default,Default,Default,Default,Default,Default,Default,DefaultJob,DocumentCount=100000,1,Workload,Warmup,1,618183262,4096,150923.65,49,1,0,51119
QueryCacheBenchmarks.LuceneNet_TermQuery,Rowles.LeanCorpus.Benchmarks,QueryCacheBenchmarks,LuceneNet_TermQuery,DefaultJob,Default,Default,Default,Default,Default,Default,Default,Default,Default,Default,Default,Default,Default,Default,Default,Default,Default,Default,Default,Default,Default,Default,Default,Default,Default,Default,Default,Default,Default,Default,Default,Default,Default,Default,Default,Default,Default,Default,Default,Default,Default,DefaultJob,DocumentCount=100000,1,Workload,Warmup,2,619414973,4096,151224.36,49,1,0,51119
QueryCacheBenchmarks.LuceneNet_TermQuery,Rowles.LeanCorpus.Benchmarks,QueryCacheBenchmarks,LuceneNet_TermQuery,DefaultJob,Default,Default,Default,Default,Default,Default,Default,Default,Default,Default,Default,Default,Default,Default,Default,Default,Default,Default,Default,Default,Default,Default,Default,Default,Default,Default,Default,Default,Default,Default,Default,Default,Default,Default,Default,Default,Default,Default,Default,Default,Default,DefaultJob,DocumentCount=100000,1,Workload,Warmup,3,614936055,4096,150130.87,49,1,0,51119
QueryCacheBenchmarks.LuceneNet_TermQuery,Rowles.LeanCorpus.Benchmarks,QueryCacheBenchmarks,LuceneNet_TermQuery,DefaultJob,Default,Default,Default,Default,Default,Default,Default,Default,Default,Default,Default,Default,Default,Default,Default,Default,Default,Default,Default,Default,Default,Default,Default,Default,Default,Default,Default,Default,Default,Default,Default,Default,Default,Default,Default,Default,Default,Default,Default,Default,Default,DefaultJob,DocumentCount=100000,1,Workload,Warmup,4,619023907,4096,151128.88,49,1,0,51119
QueryCacheBenchmarks.LuceneNet_TermQuery,Rowles.LeanCorpus.Benchmarks,QueryCacheBenchmarks,LuceneNet_TermQuery,DefaultJob,Default,Default,Default,Default,Default,Default,Default,Default,Default,Default,Default,Default,Default,Default,Default,Default,Default,Default,Default,Default,Default,Default,Default,Default,Default,Default,Default,Default,Default,Default,Default,Default,Default,Default,Default,Default,Default,Default,Default,Default,Default,DefaultJob,DocumentCount=100000,1,Workload,Warmup,5,619279024,4096,151191.17,49,1,0,51119
QueryCacheBenchmarks.LuceneNet_TermQuery,Rowles.LeanCorpus.Benchmarks,QueryCacheBenchmarks,LuceneNet_TermQuery,DefaultJob,Default,Default,Default,Default,Default,Default,Default,Default,Default,Default,Default,Default,Default,Default,Default,Default,Default,Default,Default,Default,Default,Default,Default,Default,Default,Default,Default,Default,Default,Default,Default,Default,Default,Default,Default,Default,Default,Default,Default,Default,Default,DefaultJob,DocumentCount=100000,1,Workload,Warmup,6,609133490,4096,148714.23,49,1,0,51119
QueryCacheBenchmarks.LuceneNet_TermQuery,Rowles.LeanCorpus.Benchmarks,QueryCacheBenchmarks,LuceneNet_TermQuery,DefaultJob,Default,Default,Default,Default,Default,Default,Default,Default,Default,Default,Default,Default,Default,Default,Default,Default,Default,Default,Default,Default,Default,Default,Default,Default,Default,Default,Default,Default,Default,Default,Default,Default,Default,Default,Default,Default,Default,Default,Default,Default,Default,DefaultJob,DocumentCount=100000,1,Workload,Actual,1,616772380,4096,150579.19,49,1,0,51119
QueryCacheBenchmarks.LuceneNet_TermQuery,Rowles.LeanCorpus.Benchmarks,QueryCacheBenchmarks,LuceneNet_TermQuery,DefaultJob,Default,Default,Default,Default,Default,Default,Default,Default,Default,Default,Default,Default,Default,Default,Default,Default,Default,Default,Default,Default,Default,Default,Default,Default,Default,Default,Default,Default,Default,Default,Default,Default,Default,Default,Default,Default,Default,Default,Default,Default,Default,DefaultJob,DocumentCount=100000,1,Workload,Actual,2,607667761,4096,148356.39,49,1,0,51119
QueryCacheBenchmarks.LuceneNet_TermQuery,Rowles.LeanCorpus.Benchmarks,QueryCacheBenchmarks,LuceneNet_TermQuery,DefaultJob,Default,Default,Default,Default,Default,Default,Default,Default,Default,Default,Default,Default,Default,Default,Default,Default,Default,Default,Default,Default,Default,Default,Default,Default,Default,Default,Default,Default,Default,Default,Default,Default,Default,Default,Default,Default,Default,Default,Default,Default,Default,DefaultJob,DocumentCount=100000,1,Workload,Actual,3,610705975,4096,149098.14,49,1,0,51119
QueryCacheBenchmarks.LuceneNet_TermQuery,Rowles.LeanCorpus.Benchmarks,QueryCacheBenchmarks,LuceneNet_TermQuery,DefaultJob,Default,Default,Default,Default,Default,Default,Default,Default,Default,Default,Default,Default,Default,Default,Default,Default,Default,Default,Default,Default,Default,Default,Default,Default,Default,Default,Default,Default,Default,Default,Default,Default,Default,Default,Default,Default,Default,Default,Default,Default,Default,DefaultJob,DocumentCount=100000,1,Workload,Actual,4,617246147,4096,150694.86,49,1,0,51119
QueryCacheBenchmarks.LuceneNet_TermQuery,Rowles.LeanCorpus.Benchmarks,QueryCacheBenchmarks,LuceneNet_TermQuery,DefaultJob,Default,Default,Default,Default,Default,Default,Default,Default,Default,Default,Default,Default,Default,Default,Default,Default,Default,Default,Default,Default,Default,Default,Default,Default,Default,Default,Default,Default,Default,Default,Default,Default,Default,Default,Default,Default,Default,Default,Default,Default,Default,DefaultJob,DocumentCount=100000,1,Workload,Actual,5,616401909,4096,150488.75,49,1,0,51119
QueryCacheBenchmarks.LuceneNet_TermQuery,Rowles.LeanCorpus.Benchmarks,QueryCacheBenchmarks,LuceneNet_TermQuery,DefaultJob,Default,Default,Default,Default,Default,Default,Default,Default,Default,Default,Default,Default,Default,Default,Default,Default,Default,Default,Default,Default,Default,Default,Default,Default,Default,Default,Default,Default,Default,Default,Default,Default,Default,Default,Default,Default,Default,Default,Default,Default,Default,DefaultJob,DocumentCount=100000,1,Workload,Actual,6,617184727,4096,150679.86,49,1,0,51119
QueryCacheBenchmarks.LuceneNet_TermQuery,Rowles.LeanCorpus.Benchmarks,QueryCacheBenchmarks,LuceneNet_TermQuery,DefaultJob,Default,Default,Default,Default,Default,Default,Default,Default,Default,Default,Default,Default,Default,Default,Default,Default,Default,Default,Default,Default,Default,Default,Default,Default,Default,Default,Default,Default,Default,Default,Default,Default,Default,Default,Default,Default,Default,Default,Default,Default,Default,DefaultJob,DocumentCount=100000,1,Workload,Actual,7,618878816,4096,151093.46,49,1,0,51119
QueryCacheBenchmarks.LuceneNet_TermQuery,Rowles.LeanCorpus.Benchmarks,QueryCacheBenchmarks,LuceneNet_TermQuery,DefaultJob,Default,Default,Default,Default,Default,Default,Default,Default,Default,Default,Default,Default,Default,Default,Default,Default,Default,Default,Default,Default,Default,Default,Default,Default,Default,Default,Default,Default,Default,Default,Default,Default,Default,Default,Default,Default,Default,Default,Default,Default,Default,DefaultJob,DocumentCount=100000,1,Workload,Actual,8,618666590,4096,151041.65,49,1,0,51119
QueryCacheBenchmarks.LuceneNet_TermQuery,Rowles.LeanCorpus.Benchmarks,QueryCacheBenchmarks,LuceneNet_TermQuery,DefaultJob,Default,Default,Default,Default,Default,Default,Default,Default,Default,Default,Default,Default,Default,Default,Default,Default,Default,Default,Default,Default,Default,Default,Default,Default,Default,Default,Default,Default,Default,Default,Default,Default,Default,Default,Default,Default,Default,Default,Default,Default,Default,DefaultJob,DocumentCount=100000,1,Workload,Actual,9,614062840,4096,149917.69,49,1,0,51119
QueryCacheBenchmarks.LuceneNet_TermQuery,Rowles.LeanCorpus.Benchmarks,QueryCacheBenchmarks,LuceneNet_TermQuery,DefaultJob,Default,Default,Default,Default,Default,Default,Default,Default,Default,Default,Default,Default,Default,Default,Default,Default,Default,Default,Default,Default,Default,Default,Default,Default,Default,Default,Default,Default,Default,Default,Default,Default,Default,Default,Default,Default,Default,Default,Default,Default,Default,DefaultJob,DocumentCount=100000,1,Workload,Actual,10,619695890,4096,151292.94,49,1,0,51119
QueryCacheBenchmarks.LuceneNet_TermQuery,Rowles.LeanCorpus.Benchmarks,QueryCacheBenchmarks,LuceneNet_TermQuery,DefaultJob,Default,Default,Default,Default,Default,Default,Default,Default,Default,Default,Default,Default,Default,Default,Default,Default,Default,Default,Default,Default,Default,Default,Default,Default,Default,Default,Default,Default,Default,Default,Default,Default,Default,Default,Default,Default,Default,Default,Default,Default,Default,DefaultJob,DocumentCount=100000,1,Workload,Actual,11,636443736,4096,155381.77,49,1,0,51119
QueryCacheBenchmarks.LuceneNet_TermQuery,Rowles.LeanCorpus.Benchmarks,QueryCacheBenchmarks,LuceneNet_TermQuery,DefaultJob,Default,Default,Default,Default,Default,Default,Default,Default,Default,Default,Default,Default,Default,Default,Default,Default,Default,Default,Default,Default,Default,Default,Default,Default,Default,Default,Default,Default,Default,Default,Default,Default,Default,Default,Default,Default,Default,Default,Default,Default,Default,DefaultJob,DocumentCount=100000,1,Workload,Actual,12,619310873,4096,151198.94,49,1,0,51119
QueryCacheBenchmarks.LuceneNet_TermQuery,Rowles.LeanCorpus.Benchmarks,QueryCacheBenchmarks,LuceneNet_TermQuery,DefaultJob,Default,Default,Default,Default,Default,Default,Default,Default,Default,Default,Default,Default,Default,Default,Default,Default,Default,Default,Default,Default,Default,Default,Default,Default,Default,Default,Default,Default,Default,Default,Default,Default,Default,Default,Default,Default,Default,Default,Default,Default,Default,DefaultJob,DocumentCount=100000,1,Workload,Actual,13,619118153,4096,151151.89,49,1,0,51119
QueryCacheBenchmarks.LuceneNet_TermQuery,Rowles.LeanCorpus.Benchmarks,QueryCacheBenchmarks,LuceneNet_TermQuery,DefaultJob,Default,Default,Default,Default,Default,Default,Default,Default,Default,Default,Default,Default,Default,Default,Default,Default,Default,Default,Default,Default,Default,Default,Default,Default,Default,Default,Default,Default,Default,Default,Default,Default,Default,Default,Default,Default,Default,Default,Default,Default,Default,DefaultJob,DocumentCount=100000,1,Workload,Actual,14,619038595,4096,151132.47,49,1,0,51119
QueryCacheBenchmarks.LuceneNet_TermQuery,Rowles.LeanCorpus.Benchmarks,QueryCacheBenchmarks,LuceneNet_TermQuery,DefaultJob,Default,Default,Default,Default,Default,Default,Default,Default,Default,Default,Default,Default,Default,Default,Default,Default,Default,Default,Default,Default,Default,Default,Default,Default,Default,Default,Default,Default,Default,Default,Default,Default,Default,Default,Default,Default,Default,Default,Default,Default,Default,DefaultJob,DocumentCount=100000,1,Workload,Actual,15,616172837,4096,150432.82,49,1,0,51119
QueryCacheBenchmarks.LuceneNet_TermQuery,Rowles.LeanCorpus.Benchmarks,QueryCacheBenchmarks,LuceneNet_TermQuery,DefaultJob,Default,Default,Default,Default,Default,Default,Default,Default,Default,Default,Default,Default,Default,Default,Default,Default,Default,Default,Default,Default,Default,Default,Default,Default,Default,Default,Default,Default,Default,Default,Default,Default,Default,Default,Default,Default,Default,Default,Default,Default,Default,DefaultJob,DocumentCount=100000,1,Workload,Extra,1,613329773,4096,149738.71,49,1,0,51119
QueryCacheBenchmarks.LuceneNet_TermQuery,Rowles.LeanCorpus.Benchmarks,QueryCacheBenchmarks,LuceneNet_TermQuery,DefaultJob,Default,Default,Default,Default,Default,Default,Default,Default,Default,Default,Default,Default,Default,Default,Default,Default,Default,Default,Default,Default,Default,Default,Default,Default,Default,Default,Default,Default,Default,Default,Default,Default,Default,Default,Default,Default,Default,Default,Default,Default,Default,DefaultJob,DocumentCount=100000,1,Workload,Result,1,616772380,4096,150579.19,49,1,0,51119
QueryCacheBenchmarks.LuceneNet_TermQuery,Rowles.LeanCorpus.Benchmarks,QueryCacheBenchmarks,LuceneNet_TermQuery,DefaultJob,Default,Default,Default,Default,Default,Default,Default,Default,Default,Default,Default,Default,Default,Default,Default,Default,Default,Default,Default,Default,Default,Default,Default,Default,Default,Default,Default,Default,Default,Default,Default,Default,Default,Default,Default,Default,Default,Default,Default,Default,Default,DefaultJob,DocumentCount=100000,1,Workload,Result,2,607667761,4096,148356.39,49,1,0,51119
QueryCacheBenchmarks.LuceneNet_TermQuery,Rowles.LeanCorpus.Benchmarks,QueryCacheBenchmarks,LuceneNet_TermQuery,DefaultJob,Default,Default,Default,Default,Default,Default,Default,Default,Default,Default,Default,Default,Default,Default,Default,Default,Default,Default,Default,Default,Default,Default,Default,Default,Default,Default,Default,Default,Default,Default,Default,Default,Default,Default,Default,Default,Default,Default,Default,Default,Default,DefaultJob,DocumentCount=100000,1,Workload,Result,3,610705975,4096,149098.14,49,1,0,51119
QueryCacheBenchmarks.LuceneNet_TermQuery,Rowles.LeanCorpus.Benchmarks,QueryCacheBenchmarks,LuceneNet_TermQuery,DefaultJob,Default,Default,Default,Default,Default,Default,Default,Default,Default,Default,Default,Default,Default,Default,Default,Default,Default,Default,Default,Default,Default,Default,Default,Default,Default,Default,Default,Default,Default,Default,Default,Default,Default,Default,Default,Default,Default,Default,Default,Default,Default,DefaultJob,DocumentCount=100000,1,Workload,Result,4,617246147,4096,150694.86,49,1,0,51119
QueryCacheBenchmarks.LuceneNet_TermQuery,Rowles.LeanCorpus.Benchmarks,QueryCacheBenchmarks,LuceneNet_TermQuery,DefaultJob,Default,Default,Default,Default,Default,Default,Default,Default,Default,Default,Default,Default,Default,Default,Default,Default,Default,Default,Default,Default,Default,Default,Default,Default,Default,Default,Default,Default,Default,Default,Default,Default,Default,Default,Default,Default,Default,Default,Default,Default,Default,DefaultJob,DocumentCount=100000,1,Workload,Result,5,616401909,4096,150488.75,49,1,0,51119
QueryCacheBenchmarks.LuceneNet_TermQuery,Rowles.LeanCorpus.Benchmarks,QueryCacheBenchmarks,LuceneNet_TermQuery,DefaultJob,Default,Default,Default,Default,Default,Default,Default,Default,Default,Default,Default,Default,Default,Default,Default,Default,Default,Default,Default,Default,Default,Default,Default,Default,Default,Default,Default,Default,Default,Default,Default,Default,Default,Default,Default,Default,Default,Default,Default,Default,Default,DefaultJob,DocumentCount=100000,1,Workload,Result,6,617184727,4096,150679.86,49,1,0,51119
QueryCacheBenchmarks.LuceneNet_TermQuery,Rowles.LeanCorpus.Benchmarks,QueryCacheBenchmarks,LuceneNet_TermQuery,DefaultJob,Default,Default,Default,Default,Default,Default,Default,Default,Default,Default,Default,Default,Default,Default,Default,Default,Default,Default,Default,Default,Default,Default,Default,Default,Default,Default,Default,Default,Default,Default,Default,Default,Default,Default,Default,Default,Default,Default,Default,Default,Default,DefaultJob,DocumentCount=100000,1,Workload,Result,7,618878816,4096,151093.46,49,1,0,51119
QueryCacheBenchmarks.LuceneNet_TermQuery,Rowles.LeanCorpus.Benchmarks,QueryCacheBenchmarks,LuceneNet_TermQuery,DefaultJob,Default,Default,Default,Default,Default,Default,Default,Default,Default,Default,Default,Default,Default,Default,Default,Default,Default,Default,Default,Default,Default,Default,Default,Default,Default,Default,Default,Default,Default,Default,Default,Default,Default,Default,Default,Default,Default,Default,Default,Default,Default,DefaultJob,DocumentCount=100000,1,Workload,Result,8,618666590,4096,151041.65,49,1,0,51119
QueryCacheBenchmarks.LuceneNet_TermQuery,Rowles.LeanCorpus.Benchmarks,QueryCacheBenchmarks,LuceneNet_TermQuery,DefaultJob,Default,Default,Default,Default,Default,Default,Default,Default,Default,Default,Default,Default,Default,Default,Default,Default,Default,Default,Default,Default,Default,Default,Default,Default,Default,Default,Default,Default,Default,Default,Default,Default,Default,Default,Default,Default,Default,Default,Default,Default,Default,DefaultJob,DocumentCount=100000,1,Workload,Result,9,614062840,4096,149917.69,49,1,0,51119
QueryCacheBenchmarks.LuceneNet_TermQuery,Rowles.LeanCorpus.Benchmarks,QueryCacheBenchmarks,LuceneNet_TermQuery,DefaultJob,Default,Default,Default,Default,Default,Default,Default,Default,Default,Default,Default,Default,Default,Default,Default,Default,Default,Default,Default,Default,Default,Default,Default,Default,Default,Default,Default,Default,Default,Default,Default,Default,Default,Default,Default,Default,Default,Default,Default,Default,Default,DefaultJob,DocumentCount=100000,1,Workload,Result,10,619695890,4096,151292.94,49,1,0,51119
QueryCacheBenchmarks.LuceneNet_TermQuery,Rowles.LeanCorpus.Benchmarks,QueryCacheBenchmarks,LuceneNet_TermQuery,DefaultJob,Default,Default,Default,Default,Default,Default,Default,Default,Default,Default,Default,Default,Default,Default,Default,Default,Default,Default,Default,Default,Default,Default,Default,Default,Default,Default,Default,Default,Default,Default,Default,Default,Default,Default,Default,Default,Default,Default,Default,Default,Default,DefaultJob,DocumentCount=100000,1,Workload,Result,11,619310873,4096,151198.94,49,1,0,51119
QueryCacheBenchmarks.LuceneNet_TermQuery,Rowles.LeanCorpus.Benchmarks,QueryCacheBenchmarks,LuceneNet_TermQuery,DefaultJob,Default,Default,Default,Default,Default,Default,Default,Default,Default,Default,Default,Default,Default,Default,Default,Default,Default,Default,Default,Default,Default,Default,Default,Default,Default,Default,Default,Default,Default,Default,Default,Default,Default,Default,Default,Default,Default,Default,Default,Default,Default,DefaultJob,DocumentCount=100000,1,Workload,Result,12,619118153,4096,151151.89,49,1,0,51119
QueryCacheBenchmarks.LuceneNet_TermQuery,Rowles.LeanCorpus.Benchmarks,QueryCacheBenchmarks,LuceneNet_TermQuery,DefaultJob,Default,Default,Default,Default,Default,Default,Default,Default,Default,Default,Default,Default,Default,Default,Default,Default,Default,Default,Default,Default,Default,Default,Default,Default,Default,Default,Default,Default,Default,Default,Default,Default,Default,Default,Default,Default,Default,Default,Default,Default,Default,DefaultJob,DocumentCount=100000,1,Workload,Result,13,619038595,4096,151132.47,49,1,0,51119
QueryCacheBenchmarks.LuceneNet_TermQuery,Rowles.LeanCorpus.Benchmarks,QueryCacheBenchmarks,LuceneNet_TermQuery,DefaultJob,Default,Default,Default,Default,Default,Default,Default,Default,Default,Default,Default,Default,Default,Default,Default,Default,Default,Default,Default,Default,Default,Default,Default,Default,Default,Default,Default,Default,Default,Default,Default,Default,Default,Default,Default,Default,Default,Default,Default,Default,Default,DefaultJob,DocumentCount=100000,1,Workload,Result,14,616172837,4096,150432.82,49,1,0,51119
