Target,Target_Namespace,Target_Type,Target_Method,Job_Id,Job_AnalyzeLaunchVariance,Job_EvaluateOverhead,Job_MaxAbsoluteError,Job_MaxRelativeError,Job_MinInvokeCount,Job_MinIterationTime,Job_OutlierMode,Job_Affinity,Job_EnvironmentVariables,Job_Jit,Job_LargeAddressAware,Job_Platform,Job_PowerPlanMode,Job_Runtime,Job_AllowVeryLargeObjects,Job_Concurrent,Job_CpuGroups,Job_Force,Job_HeapAffinitizeMask,Job_HeapCount,Job_NoAffinitize,Job_RetainVm,Job_Server,Job_Arguments,Job_BuildConfiguration,Job_Clock,Job_EngineFactory,Job_Toolchain,Job_IsMutator,Job_InvocationCount,Job_IterationCount,Job_IterationTime,Job_LaunchCount,Job_MaxIterationCount,Job_MaxWarmupIterationCount,Job_MemoryRandomization,Job_MinIterationCount,Job_MinWarmupIterationCount,Job_RunStrategy,Job_UnrollFactor,Job_WarmupCount,Job_Display,Params,Measurement_LaunchIndex,Measurement_IterationMode,Measurement_IterationStage,Measurement_IterationIndex,Measurement_Nanoseconds,Measurement_Operations,Measurement_Value,Gen_0,Gen_1,Gen_2,Allocated_Bytes
CollapseAndFacetBenchmarks.LeanCorpus_BaseSearch,Rowles.LeanCorpus.Benchmarks,CollapseAndFacetBenchmarks,LeanCorpus_BaseSearch,DefaultJob,Default,Default,Default,Default,Default,Default,Default,Default,Default,Default,Default,Default,Default,Default,Default,Default,Default,Default,Default,Default,Default,Default,Default,Default,Default,Default,Default,Default,Default,Default,Default,Default,Default,Default,Default,Default,Default,Default,Default,Default,Default,DefaultJob,DocumentCount=100000,1,Workload,Jitting,1,25293012,1,25293012,1,0,0,784
CollapseAndFacetBenchmarks.LeanCorpus_BaseSearch,Rowles.LeanCorpus.Benchmarks,CollapseAndFacetBenchmarks,LeanCorpus_BaseSearch,DefaultJob,Default,Default,Default,Default,Default,Default,Default,Default,Default,Default,Default,Default,Default,Default,Default,Default,Default,Default,Default,Default,Default,Default,Default,Default,Default,Default,Default,Default,Default,Default,Default,Default,Default,Default,Default,Default,Default,Default,Default,Default,Default,DefaultJob,DocumentCount=100000,1,Workload,Jitting,2,6940814,30,231360.47,1,0,0,784
CollapseAndFacetBenchmarks.LeanCorpus_BaseSearch,Rowles.LeanCorpus.Benchmarks,CollapseAndFacetBenchmarks,LeanCorpus_BaseSearch,DefaultJob,Default,Default,Default,Default,Default,Default,Default,Default,Default,Default,Default,Default,Default,Default,Default,Default,Default,Default,Default,Default,Default,Default,Default,Default,Default,Default,Default,Default,Default,Default,Default,Default,Default,Default,Default,Default,Default,Default,Default,Default,Default,DefaultJob,DocumentCount=100000,1,Workload,Jitting,3,3807041,30,126901.37,1,0,0,784
CollapseAndFacetBenchmarks.LeanCorpus_BaseSearch,Rowles.LeanCorpus.Benchmarks,CollapseAndFacetBenchmarks,LeanCorpus_BaseSearch,DefaultJob,Default,Default,Default,Default,Default,Default,Default,Default,Default,Default,Default,Default,Default,Default,Default,Default,Default,Default,Default,Default,Default,Default,Default,Default,Default,Default,Default,Default,Default,Default,Default,Default,Default,Default,Default,Default,Default,Default,Default,Default,Default,DefaultJob,DocumentCount=100000,1,Workload,Jitting,4,4709625,30,156987.5,1,0,0,784
CollapseAndFacetBenchmarks.LeanCorpus_BaseSearch,Rowles.LeanCorpus.Benchmarks,CollapseAndFacetBenchmarks,LeanCorpus_BaseSearch,DefaultJob,Default,Default,Default,Default,Default,Default,Default,Default,Default,Default,Default,Default,Default,Default,Default,Default,Default,Default,Default,Default,Default,Default,Default,Default,Default,Default,Default,Default,Default,Default,Default,Default,Default,Default,Default,Default,Default,Default,Default,Default,Default,DefaultJob,DocumentCount=100000,1,Workload,Jitting,5,306422,1,306422,1,0,0,784
CollapseAndFacetBenchmarks.LeanCorpus_BaseSearch,Rowles.LeanCorpus.Benchmarks,CollapseAndFacetBenchmarks,LeanCorpus_BaseSearch,DefaultJob,Default,Default,Default,Default,Default,Default,Default,Default,Default,Default,Default,Default,Default,Default,Default,Default,Default,Default,Default,Default,Default,Default,Default,Default,Default,Default,Default,Default,Default,Default,Default,Default,Default,Default,Default,Default,Default,Default,Default,Default,Default,DefaultJob,DocumentCount=100000,1,Workload,Pilot,1,309188,1,309188,1,0,0,784
CollapseAndFacetBenchmarks.LeanCorpus_BaseSearch,Rowles.LeanCorpus.Benchmarks,CollapseAndFacetBenchmarks,LeanCorpus_BaseSearch,DefaultJob,Default,Default,Default,Default,Default,Default,Default,Default,Default,Default,Default,Default,Default,Default,Default,Default,Default,Default,Default,Default,Default,Default,Default,Default,Default,Default,Default,Default,Default,Default,Default,Default,Default,Default,Default,Default,Default,Default,Default,Default,Default,DefaultJob,DocumentCount=100000,1,Workload,Pilot,1,3365338,16,210333.63,1,0,0,784
CollapseAndFacetBenchmarks.LeanCorpus_BaseSearch,Rowles.LeanCorpus.Benchmarks,CollapseAndFacetBenchmarks,LeanCorpus_BaseSearch,DefaultJob,Default,Default,Default,Default,Default,Default,Default,Default,Default,Default,Default,Default,Default,Default,Default,Default,Default,Default,Default,Default,Default,Default,Default,Default,Default,Default,Default,Default,Default,Default,Default,Default,Default,Default,Default,Default,Default,Default,Default,Default,Default,DefaultJob,DocumentCount=100000,1,Workload,Pilot,2,5949005,32,185906.41,1,0,0,784
CollapseAndFacetBenchmarks.LeanCorpus_BaseSearch,Rowles.LeanCorpus.Benchmarks,CollapseAndFacetBenchmarks,LeanCorpus_BaseSearch,DefaultJob,Default,Default,Default,Default,Default,Default,Default,Default,Default,Default,Default,Default,Default,Default,Default,Default,Default,Default,Default,Default,Default,Default,Default,Default,Default,Default,Default,Default,Default,Default,Default,Default,Default,Default,Default,Default,Default,Default,Default,Default,Default,DefaultJob,DocumentCount=100000,1,Workload,Pilot,3,9954685,64,155541.95,1,0,0,784
CollapseAndFacetBenchmarks.LeanCorpus_BaseSearch,Rowles.LeanCorpus.Benchmarks,CollapseAndFacetBenchmarks,LeanCorpus_BaseSearch,DefaultJob,Default,Default,Default,Default,Default,Default,Default,Default,Default,Default,Default,Default,Default,Default,Default,Default,Default,Default,Default,Default,Default,Default,Default,Default,Default,Default,Default,Default,Default,Default,Default,Default,Default,Default,Default,Default,Default,Default,Default,Default,Default,DefaultJob,DocumentCount=100000,1,Workload,Pilot,4,16675706,128,130278.95,1,0,0,784
CollapseAndFacetBenchmarks.LeanCorpus_BaseSearch,Rowles.LeanCorpus.Benchmarks,CollapseAndFacetBenchmarks,LeanCorpus_BaseSearch,DefaultJob,Default,Default,Default,Default,Default,Default,Default,Default,Default,Default,Default,Default,Default,Default,Default,Default,Default,Default,Default,Default,Default,Default,Default,Default,Default,Default,Default,Default,Default,Default,Default,Default,Default,Default,Default,Default,Default,Default,Default,Default,Default,DefaultJob,DocumentCount=100000,1,Workload,Pilot,5,29342280,256,114618.28,1,0,0,784
CollapseAndFacetBenchmarks.LeanCorpus_BaseSearch,Rowles.LeanCorpus.Benchmarks,CollapseAndFacetBenchmarks,LeanCorpus_BaseSearch,DefaultJob,Default,Default,Default,Default,Default,Default,Default,Default,Default,Default,Default,Default,Default,Default,Default,Default,Default,Default,Default,Default,Default,Default,Default,Default,Default,Default,Default,Default,Default,Default,Default,Default,Default,Default,Default,Default,Default,Default,Default,Default,Default,DefaultJob,DocumentCount=100000,1,Workload,Pilot,6,58259892,512,113788.85,1,0,0,784
CollapseAndFacetBenchmarks.LeanCorpus_BaseSearch,Rowles.LeanCorpus.Benchmarks,CollapseAndFacetBenchmarks,LeanCorpus_BaseSearch,DefaultJob,Default,Default,Default,Default,Default,Default,Default,Default,Default,Default,Default,Default,Default,Default,Default,Default,Default,Default,Default,Default,Default,Default,Default,Default,Default,Default,Default,Default,Default,Default,Default,Default,Default,Default,Default,Default,Default,Default,Default,Default,Default,DefaultJob,DocumentCount=100000,1,Workload,Pilot,7,115422426,1024,112717.21,1,0,0,784
CollapseAndFacetBenchmarks.LeanCorpus_BaseSearch,Rowles.LeanCorpus.Benchmarks,CollapseAndFacetBenchmarks,LeanCorpus_BaseSearch,DefaultJob,Default,Default,Default,Default,Default,Default,Default,Default,Default,Default,Default,Default,Default,Default,Default,Default,Default,Default,Default,Default,Default,Default,Default,Default,Default,Default,Default,Default,Default,Default,Default,Default,Default,Default,Default,Default,Default,Default,Default,Default,Default,DefaultJob,DocumentCount=100000,1,Workload,Pilot,8,230586893,2048,112591.26,1,0,0,784
CollapseAndFacetBenchmarks.LeanCorpus_BaseSearch,Rowles.LeanCorpus.Benchmarks,CollapseAndFacetBenchmarks,LeanCorpus_BaseSearch,DefaultJob,Default,Default,Default,Default,Default,Default,Default,Default,Default,Default,Default,Default,Default,Default,Default,Default,Default,Default,Default,Default,Default,Default,Default,Default,Default,Default,Default,Default,Default,Default,Default,Default,Default,Default,Default,Default,Default,Default,Default,Default,Default,DefaultJob,DocumentCount=100000,1,Workload,Pilot,9,456949417,4096,111559.92,1,0,0,784
CollapseAndFacetBenchmarks.LeanCorpus_BaseSearch,Rowles.LeanCorpus.Benchmarks,CollapseAndFacetBenchmarks,LeanCorpus_BaseSearch,DefaultJob,Default,Default,Default,Default,Default,Default,Default,Default,Default,Default,Default,Default,Default,Default,Default,Default,Default,Default,Default,Default,Default,Default,Default,Default,Default,Default,Default,Default,Default,Default,Default,Default,Default,Default,Default,Default,Default,Default,Default,Default,Default,DefaultJob,DocumentCount=100000,1,Workload,Pilot,10,921656999,8192,112506.96,1,0,0,784
CollapseAndFacetBenchmarks.LeanCorpus_BaseSearch,Rowles.LeanCorpus.Benchmarks,CollapseAndFacetBenchmarks,LeanCorpus_BaseSearch,DefaultJob,Default,Default,Default,Default,Default,Default,Default,Default,Default,Default,Default,Default,Default,Default,Default,Default,Default,Default,Default,Default,Default,Default,Default,Default,Default,Default,Default,Default,Default,Default,Default,Default,Default,Default,Default,Default,Default,Default,Default,Default,Default,DefaultJob,DocumentCount=100000,1,Workload,Warmup,1,923182791,8192,112693.21,1,0,0,784
CollapseAndFacetBenchmarks.LeanCorpus_BaseSearch,Rowles.LeanCorpus.Benchmarks,CollapseAndFacetBenchmarks,LeanCorpus_BaseSearch,DefaultJob,Default,Default,Default,Default,Default,Default,Default,Default,Default,Default,Default,Default,Default,Default,Default,Default,Default,Default,Default,Default,Default,Default,Default,Default,Default,Default,Default,Default,Default,Default,Default,Default,Default,Default,Default,Default,Default,Default,Default,Default,Default,DefaultJob,DocumentCount=100000,1,Workload,Warmup,2,909122851,8192,110976.91,1,0,0,784
CollapseAndFacetBenchmarks.LeanCorpus_BaseSearch,Rowles.LeanCorpus.Benchmarks,CollapseAndFacetBenchmarks,LeanCorpus_BaseSearch,DefaultJob,Default,Default,Default,Default,Default,Default,Default,Default,Default,Default,Default,Default,Default,Default,Default,Default,Default,Default,Default,Default,Default,Default,Default,Default,Default,Default,Default,Default,Default,Default,Default,Default,Default,Default,Default,Default,Default,Default,Default,Default,Default,DefaultJob,DocumentCount=100000,1,Workload,Warmup,3,921469811,8192,112484.11,1,0,0,784
CollapseAndFacetBenchmarks.LeanCorpus_BaseSearch,Rowles.LeanCorpus.Benchmarks,CollapseAndFacetBenchmarks,LeanCorpus_BaseSearch,DefaultJob,Default,Default,Default,Default,Default,Default,Default,Default,Default,Default,Default,Default,Default,Default,Default,Default,Default,Default,Default,Default,Default,Default,Default,Default,Default,Default,Default,Default,Default,Default,Default,Default,Default,Default,Default,Default,Default,Default,Default,Default,Default,DefaultJob,DocumentCount=100000,1,Workload,Warmup,4,921788669,8192,112523.03,1,0,0,784
CollapseAndFacetBenchmarks.LeanCorpus_BaseSearch,Rowles.LeanCorpus.Benchmarks,CollapseAndFacetBenchmarks,LeanCorpus_BaseSearch,DefaultJob,Default,Default,Default,Default,Default,Default,Default,Default,Default,Default,Default,Default,Default,Default,Default,Default,Default,Default,Default,Default,Default,Default,Default,Default,Default,Default,Default,Default,Default,Default,Default,Default,Default,Default,Default,Default,Default,Default,Default,Default,Default,DefaultJob,DocumentCount=100000,1,Workload,Warmup,5,918598470,8192,112133.6,1,0,0,784
CollapseAndFacetBenchmarks.LeanCorpus_BaseSearch,Rowles.LeanCorpus.Benchmarks,CollapseAndFacetBenchmarks,LeanCorpus_BaseSearch,DefaultJob,Default,Default,Default,Default,Default,Default,Default,Default,Default,Default,Default,Default,Default,Default,Default,Default,Default,Default,Default,Default,Default,Default,Default,Default,Default,Default,Default,Default,Default,Default,Default,Default,Default,Default,Default,Default,Default,Default,Default,Default,Default,DefaultJob,DocumentCount=100000,1,Workload,Warmup,6,920805826,8192,112403.05,1,0,0,784
CollapseAndFacetBenchmarks.LeanCorpus_BaseSearch,Rowles.LeanCorpus.Benchmarks,CollapseAndFacetBenchmarks,LeanCorpus_BaseSearch,DefaultJob,Default,Default,Default,Default,Default,Default,Default,Default,Default,Default,Default,Default,Default,Default,Default,Default,Default,Default,Default,Default,Default,Default,Default,Default,Default,Default,Default,Default,Default,Default,Default,Default,Default,Default,Default,Default,Default,Default,Default,Default,Default,DefaultJob,DocumentCount=100000,1,Workload,Warmup,7,917221077,8192,111965.46,1,0,0,784
CollapseAndFacetBenchmarks.LeanCorpus_BaseSearch,Rowles.LeanCorpus.Benchmarks,CollapseAndFacetBenchmarks,LeanCorpus_BaseSearch,DefaultJob,Default,Default,Default,Default,Default,Default,Default,Default,Default,Default,Default,Default,Default,Default,Default,Default,Default,Default,Default,Default,Default,Default,Default,Default,Default,Default,Default,Default,Default,Default,Default,Default,Default,Default,Default,Default,Default,Default,Default,Default,Default,DefaultJob,DocumentCount=100000,1,Workload,Actual,1,923396117,8192,112719.25,1,0,0,784
CollapseAndFacetBenchmarks.LeanCorpus_BaseSearch,Rowles.LeanCorpus.Benchmarks,CollapseAndFacetBenchmarks,LeanCorpus_BaseSearch,DefaultJob,Default,Default,Default,Default,Default,Default,Default,Default,Default,Default,Default,Default,Default,Default,Default,Default,Default,Default,Default,Default,Default,Default,Default,Default,Default,Default,Default,Default,Default,Default,Default,Default,Default,Default,Default,Default,Default,Default,Default,Default,Default,DefaultJob,DocumentCount=100000,1,Workload,Actual,2,921115109,8192,112440.81,1,0,0,784
CollapseAndFacetBenchmarks.LeanCorpus_BaseSearch,Rowles.LeanCorpus.Benchmarks,CollapseAndFacetBenchmarks,LeanCorpus_BaseSearch,DefaultJob,Default,Default,Default,Default,Default,Default,Default,Default,Default,Default,Default,Default,Default,Default,Default,Default,Default,Default,Default,Default,Default,Default,Default,Default,Default,Default,Default,Default,Default,Default,Default,Default,Default,Default,Default,Default,Default,Default,Default,Default,Default,DefaultJob,DocumentCount=100000,1,Workload,Actual,3,922024532,8192,112551.82,1,0,0,784
CollapseAndFacetBenchmarks.LeanCorpus_BaseSearch,Rowles.LeanCorpus.Benchmarks,CollapseAndFacetBenchmarks,LeanCorpus_BaseSearch,DefaultJob,Default,Default,Default,Default,Default,Default,Default,Default,Default,Default,Default,Default,Default,Default,Default,Default,Default,Default,Default,Default,Default,Default,Default,Default,Default,Default,Default,Default,Default,Default,Default,Default,Default,Default,Default,Default,Default,Default,Default,Default,Default,DefaultJob,DocumentCount=100000,1,Workload,Actual,4,921080417,8192,112436.57,1,0,0,784
CollapseAndFacetBenchmarks.LeanCorpus_BaseSearch,Rowles.LeanCorpus.Benchmarks,CollapseAndFacetBenchmarks,LeanCorpus_BaseSearch,DefaultJob,Default,Default,Default,Default,Default,Default,Default,Default,Default,Default,Default,Default,Default,Default,Default,Default,Default,Default,Default,Default,Default,Default,Default,Default,Default,Default,Default,Default,Default,Default,Default,Default,Default,Default,Default,Default,Default,Default,Default,Default,Default,DefaultJob,DocumentCount=100000,1,Workload,Actual,5,920739904,8192,112395.01,1,0,0,784
CollapseAndFacetBenchmarks.LeanCorpus_BaseSearch,Rowles.LeanCorpus.Benchmarks,CollapseAndFacetBenchmarks,LeanCorpus_BaseSearch,DefaultJob,Default,Default,Default,Default,Default,Default,Default,Default,Default,Default,Default,Default,Default,Default,Default,Default,Default,Default,Default,Default,Default,Default,Default,Default,Default,Default,Default,Default,Default,Default,Default,Default,Default,Default,Default,Default,Default,Default,Default,Default,Default,DefaultJob,DocumentCount=100000,1,Workload,Actual,6,924792326,8192,112889.69,1,0,0,784
CollapseAndFacetBenchmarks.LeanCorpus_BaseSearch,Rowles.LeanCorpus.Benchmarks,CollapseAndFacetBenchmarks,LeanCorpus_BaseSearch,DefaultJob,Default,Default,Default,Default,Default,Default,Default,Default,Default,Default,Default,Default,Default,Default,Default,Default,Default,Default,Default,Default,Default,Default,Default,Default,Default,Default,Default,Default,Default,Default,Default,Default,Default,Default,Default,Default,Default,Default,Default,Default,Default,DefaultJob,DocumentCount=100000,1,Workload,Actual,7,907789230,8192,110814.11,1,0,0,784
CollapseAndFacetBenchmarks.LeanCorpus_BaseSearch,Rowles.LeanCorpus.Benchmarks,CollapseAndFacetBenchmarks,LeanCorpus_BaseSearch,DefaultJob,Default,Default,Default,Default,Default,Default,Default,Default,Default,Default,Default,Default,Default,Default,Default,Default,Default,Default,Default,Default,Default,Default,Default,Default,Default,Default,Default,Default,Default,Default,Default,Default,Default,Default,Default,Default,Default,Default,Default,Default,Default,DefaultJob,DocumentCount=100000,1,Workload,Actual,8,914040452,8192,111577.2,1,0,0,784
CollapseAndFacetBenchmarks.LeanCorpus_BaseSearch,Rowles.LeanCorpus.Benchmarks,CollapseAndFacetBenchmarks,LeanCorpus_BaseSearch,DefaultJob,Default,Default,Default,Default,Default,Default,Default,Default,Default,Default,Default,Default,Default,Default,Default,Default,Default,Default,Default,Default,Default,Default,Default,Default,Default,Default,Default,Default,Default,Default,Default,Default,Default,Default,Default,Default,Default,Default,Default,Default,Default,DefaultJob,DocumentCount=100000,1,Workload,Actual,9,922840775,8192,112651.46,1,0,0,784
CollapseAndFacetBenchmarks.LeanCorpus_BaseSearch,Rowles.LeanCorpus.Benchmarks,CollapseAndFacetBenchmarks,LeanCorpus_BaseSearch,DefaultJob,Default,Default,Default,Default,Default,Default,Default,Default,Default,Default,Default,Default,Default,Default,Default,Default,Default,Default,Default,Default,Default,Default,Default,Default,Default,Default,Default,Default,Default,Default,Default,Default,Default,Default,Default,Default,Default,Default,Default,Default,Default,DefaultJob,DocumentCount=100000,1,Workload,Actual,10,920678296,8192,112387.49,1,0,0,784
CollapseAndFacetBenchmarks.LeanCorpus_BaseSearch,Rowles.LeanCorpus.Benchmarks,CollapseAndFacetBenchmarks,LeanCorpus_BaseSearch,DefaultJob,Default,Default,Default,Default,Default,Default,Default,Default,Default,Default,Default,Default,Default,Default,Default,Default,Default,Default,Default,Default,Default,Default,Default,Default,Default,Default,Default,Default,Default,Default,Default,Default,Default,Default,Default,Default,Default,Default,Default,Default,Default,DefaultJob,DocumentCount=100000,1,Workload,Actual,11,920365860,8192,112349.35,1,0,0,784
CollapseAndFacetBenchmarks.LeanCorpus_BaseSearch,Rowles.LeanCorpus.Benchmarks,CollapseAndFacetBenchmarks,LeanCorpus_BaseSearch,DefaultJob,Default,Default,Default,Default,Default,Default,Default,Default,Default,Default,Default,Default,Default,Default,Default,Default,Default,Default,Default,Default,Default,Default,Default,Default,Default,Default,Default,Default,Default,Default,Default,Default,Default,Default,Default,Default,Default,Default,Default,Default,Default,DefaultJob,DocumentCount=100000,1,Workload,Actual,12,921244060,8192,112456.55,1,0,0,784
CollapseAndFacetBenchmarks.LeanCorpus_BaseSearch,Rowles.LeanCorpus.Benchmarks,CollapseAndFacetBenchmarks,LeanCorpus_BaseSearch,DefaultJob,Default,Default,Default,Default,Default,Default,Default,Default,Default,Default,Default,Default,Default,Default,Default,Default,Default,Default,Default,Default,Default,Default,Default,Default,Default,Default,Default,Default,Default,Default,Default,Default,Default,Default,Default,Default,Default,Default,Default,Default,Default,DefaultJob,DocumentCount=100000,1,Workload,Actual,13,917303124,8192,111975.48,1,0,0,784
CollapseAndFacetBenchmarks.LeanCorpus_BaseSearch,Rowles.LeanCorpus.Benchmarks,CollapseAndFacetBenchmarks,LeanCorpus_BaseSearch,DefaultJob,Default,Default,Default,Default,Default,Default,Default,Default,Default,Default,Default,Default,Default,Default,Default,Default,Default,Default,Default,Default,Default,Default,Default,Default,Default,Default,Default,Default,Default,Default,Default,Default,Default,Default,Default,Default,Default,Default,Default,Default,Default,DefaultJob,DocumentCount=100000,1,Workload,Actual,14,918816254,8192,112160.19,1,0,0,784
CollapseAndFacetBenchmarks.LeanCorpus_BaseSearch,Rowles.LeanCorpus.Benchmarks,CollapseAndFacetBenchmarks,LeanCorpus_BaseSearch,DefaultJob,Default,Default,Default,Default,Default,Default,Default,Default,Default,Default,Default,Default,Default,Default,Default,Default,Default,Default,Default,Default,Default,Default,Default,Default,Default,Default,Default,Default,Default,Default,Default,Default,Default,Default,Default,Default,Default,Default,Default,Default,Default,DefaultJob,DocumentCount=100000,1,Workload,Actual,15,910322469,8192,111123.35,1,0,0,784
CollapseAndFacetBenchmarks.LeanCorpus_BaseSearch,Rowles.LeanCorpus.Benchmarks,CollapseAndFacetBenchmarks,LeanCorpus_BaseSearch,DefaultJob,Default,Default,Default,Default,Default,Default,Default,Default,Default,Default,Default,Default,Default,Default,Default,Default,Default,Default,Default,Default,Default,Default,Default,Default,Default,Default,Default,Default,Default,Default,Default,Default,Default,Default,Default,Default,Default,Default,Default,Default,Default,DefaultJob,DocumentCount=100000,1,Workload,Extra,1,922830438,8192,112650.2,1,0,0,784
CollapseAndFacetBenchmarks.LeanCorpus_BaseSearch,Rowles.LeanCorpus.Benchmarks,CollapseAndFacetBenchmarks,LeanCorpus_BaseSearch,DefaultJob,Default,Default,Default,Default,Default,Default,Default,Default,Default,Default,Default,Default,Default,Default,Default,Default,Default,Default,Default,Default,Default,Default,Default,Default,Default,Default,Default,Default,Default,Default,Default,Default,Default,Default,Default,Default,Default,Default,Default,Default,Default,DefaultJob,DocumentCount=100000,1,Workload,Result,1,923396117,8192,112719.25,1,0,0,784
CollapseAndFacetBenchmarks.LeanCorpus_BaseSearch,Rowles.LeanCorpus.Benchmarks,CollapseAndFacetBenchmarks,LeanCorpus_BaseSearch,DefaultJob,Default,Default,Default,Default,Default,Default,Default,Default,Default,Default,Default,Default,Default,Default,Default,Default,Default,Default,Default,Default,Default,Default,Default,Default,Default,Default,Default,Default,Default,Default,Default,Default,Default,Default,Default,Default,Default,Default,Default,Default,Default,DefaultJob,DocumentCount=100000,1,Workload,Result,2,921115109,8192,112440.81,1,0,0,784
CollapseAndFacetBenchmarks.LeanCorpus_BaseSearch,Rowles.LeanCorpus.Benchmarks,CollapseAndFacetBenchmarks,LeanCorpus_BaseSearch,DefaultJob,Default,Default,Default,Default,Default,Default,Default,Default,Default,Default,Default,Default,Default,Default,Default,Default,Default,Default,Default,Default,Default,Default,Default,Default,Default,Default,Default,Default,Default,Default,Default,Default,Default,Default,Default,Default,Default,Default,Default,Default,Default,DefaultJob,DocumentCount=100000,1,Workload,Result,3,922024532,8192,112551.82,1,0,0,784
CollapseAndFacetBenchmarks.LeanCorpus_BaseSearch,Rowles.LeanCorpus.Benchmarks,CollapseAndFacetBenchmarks,LeanCorpus_BaseSearch,DefaultJob,Default,Default,Default,Default,Default,Default,Default,Default,Default,Default,Default,Default,Default,Default,Default,Default,Default,Default,Default,Default,Default,Default,Default,Default,Default,Default,Default,Default,Default,Default,Default,Default,Default,Default,Default,Default,Default,Default,Default,Default,Default,DefaultJob,DocumentCount=100000,1,Workload,Result,4,921080417,8192,112436.57,1,0,0,784
CollapseAndFacetBenchmarks.LeanCorpus_BaseSearch,Rowles.LeanCorpus.Benchmarks,CollapseAndFacetBenchmarks,LeanCorpus_BaseSearch,DefaultJob,Default,Default,Default,Default,Default,Default,Default,Default,Default,Default,Default,Default,Default,Default,Default,Default,Default,Default,Default,Default,Default,Default,Default,Default,Default,Default,Default,Default,Default,Default,Default,Default,Default,Default,Default,Default,Default,Default,Default,Default,Default,DefaultJob,DocumentCount=100000,1,Workload,Result,5,920739904,8192,112395.01,1,0,0,784
CollapseAndFacetBenchmarks.LeanCorpus_BaseSearch,Rowles.LeanCorpus.Benchmarks,CollapseAndFacetBenchmarks,LeanCorpus_BaseSearch,DefaultJob,Default,Default,Default,Default,Default,Default,Default,Default,Default,Default,Default,Default,Default,Default,Default,Default,Default,Default,Default,Default,Default,Default,Default,Default,Default,Default,Default,Default,Default,Default,Default,Default,Default,Default,Default,Default,Default,Default,Default,Default,Default,DefaultJob,DocumentCount=100000,1,Workload,Result,6,924792326,8192,112889.69,1,0,0,784
CollapseAndFacetBenchmarks.LeanCorpus_BaseSearch,Rowles.LeanCorpus.Benchmarks,CollapseAndFacetBenchmarks,LeanCorpus_BaseSearch,DefaultJob,Default,Default,Default,Default,Default,Default,Default,Default,Default,Default,Default,Default,Default,Default,Default,Default,Default,Default,Default,Default,Default,Default,Default,Default,Default,Default,Default,Default,Default,Default,Default,Default,Default,Default,Default,Default,Default,Default,Default,Default,Default,DefaultJob,DocumentCount=100000,1,Workload,Result,7,907789230,8192,110814.11,1,0,0,784
CollapseAndFacetBenchmarks.LeanCorpus_BaseSearch,Rowles.LeanCorpus.Benchmarks,CollapseAndFacetBenchmarks,LeanCorpus_BaseSearch,DefaultJob,Default,Default,Default,Default,Default,Default,Default,Default,Default,Default,Default,Default,Default,Default,Default,Default,Default,Default,Default,Default,Default,Default,Default,Default,Default,Default,Default,Default,Default,Default,Default,Default,Default,Default,Default,Default,Default,Default,Default,Default,Default,DefaultJob,DocumentCount=100000,1,Workload,Result,8,914040452,8192,111577.2,1,0,0,784
CollapseAndFacetBenchmarks.LeanCorpus_BaseSearch,Rowles.LeanCorpus.Benchmarks,CollapseAndFacetBenchmarks,LeanCorpus_BaseSearch,DefaultJob,Default,Default,Default,Default,Default,Default,Default,Default,Default,Default,Default,Default,Default,Default,Default,Default,Default,Default,Default,Default,Default,Default,Default,Default,Default,Default,Default,Default,Default,Default,Default,Default,Default,Default,Default,Default,Default,Default,Default,Default,Default,DefaultJob,DocumentCount=100000,1,Workload,Result,9,922840775,8192,112651.46,1,0,0,784
CollapseAndFacetBenchmarks.LeanCorpus_BaseSearch,Rowles.LeanCorpus.Benchmarks,CollapseAndFacetBenchmarks,LeanCorpus_BaseSearch,DefaultJob,Default,Default,Default,Default,Default,Default,Default,Default,Default,Default,Default,Default,Default,Default,Default,Default,Default,Default,Default,Default,Default,Default,Default,Default,Default,Default,Default,Default,Default,Default,Default,Default,Default,Default,Default,Default,Default,Default,Default,Default,Default,DefaultJob,DocumentCount=100000,1,Workload,Result,10,920678296,8192,112387.49,1,0,0,784
CollapseAndFacetBenchmarks.LeanCorpus_BaseSearch,Rowles.LeanCorpus.Benchmarks,CollapseAndFacetBenchmarks,LeanCorpus_BaseSearch,DefaultJob,Default,Default,Default,Default,Default,Default,Default,Default,Default,Default,Default,Default,Default,Default,Default,Default,Default,Default,Default,Default,Default,Default,Default,Default,Default,Default,Default,Default,Default,Default,Default,Default,Default,Default,Default,Default,Default,Default,Default,Default,Default,DefaultJob,DocumentCount=100000,1,Workload,Result,11,920365860,8192,112349.35,1,0,0,784
CollapseAndFacetBenchmarks.LeanCorpus_BaseSearch,Rowles.LeanCorpus.Benchmarks,CollapseAndFacetBenchmarks,LeanCorpus_BaseSearch,DefaultJob,Default,Default,Default,Default,Default,Default,Default,Default,Default,Default,Default,Default,Default,Default,Default,Default,Default,Default,Default,Default,Default,Default,Default,Default,Default,Default,Default,Default,Default,Default,Default,Default,Default,Default,Default,Default,Default,Default,Default,Default,Default,DefaultJob,DocumentCount=100000,1,Workload,Result,12,921244060,8192,112456.55,1,0,0,784
CollapseAndFacetBenchmarks.LeanCorpus_BaseSearch,Rowles.LeanCorpus.Benchmarks,CollapseAndFacetBenchmarks,LeanCorpus_BaseSearch,DefaultJob,Default,Default,Default,Default,Default,Default,Default,Default,Default,Default,Default,Default,Default,Default,Default,Default,Default,Default,Default,Default,Default,Default,Default,Default,Default,Default,Default,Default,Default,Default,Default,Default,Default,Default,Default,Default,Default,Default,Default,Default,Default,DefaultJob,DocumentCount=100000,1,Workload,Result,13,917303124,8192,111975.48,1,0,0,784
CollapseAndFacetBenchmarks.LeanCorpus_BaseSearch,Rowles.LeanCorpus.Benchmarks,CollapseAndFacetBenchmarks,LeanCorpus_BaseSearch,DefaultJob,Default,Default,Default,Default,Default,Default,Default,Default,Default,Default,Default,Default,Default,Default,Default,Default,Default,Default,Default,Default,Default,Default,Default,Default,Default,Default,Default,Default,Default,Default,Default,Default,Default,Default,Default,Default,Default,Default,Default,Default,Default,DefaultJob,DocumentCount=100000,1,Workload,Result,14,918816254,8192,112160.19,1,0,0,784
CollapseAndFacetBenchmarks.LeanCorpus_BaseSearch,Rowles.LeanCorpus.Benchmarks,CollapseAndFacetBenchmarks,LeanCorpus_BaseSearch,DefaultJob,Default,Default,Default,Default,Default,Default,Default,Default,Default,Default,Default,Default,Default,Default,Default,Default,Default,Default,Default,Default,Default,Default,Default,Default,Default,Default,Default,Default,Default,Default,Default,Default,Default,Default,Default,Default,Default,Default,Default,Default,Default,DefaultJob,DocumentCount=100000,1,Workload,Result,15,910322469,8192,111123.35,1,0,0,784
CollapseAndFacetBenchmarks.LeanCorpus_SearchWithCollapse,Rowles.LeanCorpus.Benchmarks,CollapseAndFacetBenchmarks,LeanCorpus_SearchWithCollapse,DefaultJob,Default,Default,Default,Default,Default,Default,Default,Default,Default,Default,Default,Default,Default,Default,Default,Default,Default,Default,Default,Default,Default,Default,Default,Default,Default,Default,Default,Default,Default,Default,Default,Default,Default,Default,Default,Default,Default,Default,Default,Default,Default,DefaultJob,DocumentCount=100000,1,Workload,Jitting,1,45916594,1,45916594,1,0,0,4096
CollapseAndFacetBenchmarks.LeanCorpus_SearchWithCollapse,Rowles.LeanCorpus.Benchmarks,CollapseAndFacetBenchmarks,LeanCorpus_SearchWithCollapse,DefaultJob,Default,Default,Default,Default,Default,Default,Default,Default,Default,Default,Default,Default,Default,Default,Default,Default,Default,Default,Default,Default,Default,Default,Default,Default,Default,Default,Default,Default,Default,Default,Default,Default,Default,Default,Default,Default,Default,Default,Default,Default,Default,DefaultJob,DocumentCount=100000,1,Workload,Jitting,2,21163471,30,705449.03,1,0,0,4096
CollapseAndFacetBenchmarks.LeanCorpus_SearchWithCollapse,Rowles.LeanCorpus.Benchmarks,CollapseAndFacetBenchmarks,LeanCorpus_SearchWithCollapse,DefaultJob,Default,Default,Default,Default,Default,Default,Default,Default,Default,Default,Default,Default,Default,Default,Default,Default,Default,Default,Default,Default,Default,Default,Default,Default,Default,Default,Default,Default,Default,Default,Default,Default,Default,Default,Default,Default,Default,Default,Default,Default,Default,DefaultJob,DocumentCount=100000,1,Workload,Jitting,3,18502237,30,616741.23,1,0,0,4096
CollapseAndFacetBenchmarks.LeanCorpus_SearchWithCollapse,Rowles.LeanCorpus.Benchmarks,CollapseAndFacetBenchmarks,LeanCorpus_SearchWithCollapse,DefaultJob,Default,Default,Default,Default,Default,Default,Default,Default,Default,Default,Default,Default,Default,Default,Default,Default,Default,Default,Default,Default,Default,Default,Default,Default,Default,Default,Default,Default,Default,Default,Default,Default,Default,Default,Default,Default,Default,Default,Default,Default,Default,DefaultJob,DocumentCount=100000,1,Workload,Jitting,4,20195644,30,673188.13,1,0,0,4096
CollapseAndFacetBenchmarks.LeanCorpus_SearchWithCollapse,Rowles.LeanCorpus.Benchmarks,CollapseAndFacetBenchmarks,LeanCorpus_SearchWithCollapse,DefaultJob,Default,Default,Default,Default,Default,Default,Default,Default,Default,Default,Default,Default,Default,Default,Default,Default,Default,Default,Default,Default,Default,Default,Default,Default,Default,Default,Default,Default,Default,Default,Default,Default,Default,Default,Default,Default,Default,Default,Default,Default,Default,DefaultJob,DocumentCount=100000,1,Workload,Jitting,5,877938,1,877938,1,0,0,4096
CollapseAndFacetBenchmarks.LeanCorpus_SearchWithCollapse,Rowles.LeanCorpus.Benchmarks,CollapseAndFacetBenchmarks,LeanCorpus_SearchWithCollapse,DefaultJob,Default,Default,Default,Default,Default,Default,Default,Default,Default,Default,Default,Default,Default,Default,Default,Default,Default,Default,Default,Default,Default,Default,Default,Default,Default,Default,Default,Default,Default,Default,Default,Default,Default,Default,Default,Default,Default,Default,Default,Default,Default,DefaultJob,DocumentCount=100000,1,Workload,Pilot,1,871855,1,871855,1,0,0,4096
CollapseAndFacetBenchmarks.LeanCorpus_SearchWithCollapse,Rowles.LeanCorpus.Benchmarks,CollapseAndFacetBenchmarks,LeanCorpus_SearchWithCollapse,DefaultJob,Default,Default,Default,Default,Default,Default,Default,Default,Default,Default,Default,Default,Default,Default,Default,Default,Default,Default,Default,Default,Default,Default,Default,Default,Default,Default,Default,Default,Default,Default,Default,Default,Default,Default,Default,Default,Default,Default,Default,Default,Default,DefaultJob,DocumentCount=100000,1,Workload,Pilot,1,9949422,16,621838.88,1,0,0,4096
CollapseAndFacetBenchmarks.LeanCorpus_SearchWithCollapse,Rowles.LeanCorpus.Benchmarks,CollapseAndFacetBenchmarks,LeanCorpus_SearchWithCollapse,DefaultJob,Default,Default,Default,Default,Default,Default,Default,Default,Default,Default,Default,Default,Default,Default,Default,Default,Default,Default,Default,Default,Default,Default,Default,Default,Default,Default,Default,Default,Default,Default,Default,Default,Default,Default,Default,Default,Default,Default,Default,Default,Default,DefaultJob,DocumentCount=100000,1,Workload,Pilot,2,19941786,32,623180.81,1,0,0,4096
CollapseAndFacetBenchmarks.LeanCorpus_SearchWithCollapse,Rowles.LeanCorpus.Benchmarks,CollapseAndFacetBenchmarks,LeanCorpus_SearchWithCollapse,DefaultJob,Default,Default,Default,Default,Default,Default,Default,Default,Default,Default,Default,Default,Default,Default,Default,Default,Default,Default,Default,Default,Default,Default,Default,Default,Default,Default,Default,Default,Default,Default,Default,Default,Default,Default,Default,Default,Default,Default,Default,Default,Default,DefaultJob,DocumentCount=100000,1,Workload,Pilot,3,38951182,64,608612.22,1,0,0,4096
CollapseAndFacetBenchmarks.LeanCorpus_SearchWithCollapse,Rowles.LeanCorpus.Benchmarks,CollapseAndFacetBenchmarks,LeanCorpus_SearchWithCollapse,DefaultJob,Default,Default,Default,Default,Default,Default,Default,Default,Default,Default,Default,Default,Default,Default,Default,Default,Default,Default,Default,Default,Default,Default,Default,Default,Default,Default,Default,Default,Default,Default,Default,Default,Default,Default,Default,Default,Default,Default,Default,Default,Default,DefaultJob,DocumentCount=100000,1,Workload,Pilot,4,78074744,128,609958.94,1,0,0,4096
CollapseAndFacetBenchmarks.LeanCorpus_SearchWithCollapse,Rowles.LeanCorpus.Benchmarks,CollapseAndFacetBenchmarks,LeanCorpus_SearchWithCollapse,DefaultJob,Default,Default,Default,Default,Default,Default,Default,Default,Default,Default,Default,Default,Default,Default,Default,Default,Default,Default,Default,Default,Default,Default,Default,Default,Default,Default,Default,Default,Default,Default,Default,Default,Default,Default,Default,Default,Default,Default,Default,Default,Default,DefaultJob,DocumentCount=100000,1,Workload,Pilot,5,154775075,256,604590.14,1,0,0,4096
CollapseAndFacetBenchmarks.LeanCorpus_SearchWithCollapse,Rowles.LeanCorpus.Benchmarks,CollapseAndFacetBenchmarks,LeanCorpus_SearchWithCollapse,DefaultJob,Default,Default,Default,Default,Default,Default,Default,Default,Default,Default,Default,Default,Default,Default,Default,Default,Default,Default,Default,Default,Default,Default,Default,Default,Default,Default,Default,Default,Default,Default,Default,Default,Default,Default,Default,Default,Default,Default,Default,Default,Default,DefaultJob,DocumentCount=100000,1,Workload,Pilot,6,311060507,512,607540.05,1,0,0,4096
CollapseAndFacetBenchmarks.LeanCorpus_SearchWithCollapse,Rowles.LeanCorpus.Benchmarks,CollapseAndFacetBenchmarks,LeanCorpus_SearchWithCollapse,DefaultJob,Default,Default,Default,Default,Default,Default,Default,Default,Default,Default,Default,Default,Default,Default,Default,Default,Default,Default,Default,Default,Default,Default,Default,Default,Default,Default,Default,Default,Default,Default,Default,Default,Default,Default,Default,Default,Default,Default,Default,Default,Default,DefaultJob,DocumentCount=100000,1,Workload,Pilot,7,619097992,1024,604587.88,1,0,0,4096
CollapseAndFacetBenchmarks.LeanCorpus_SearchWithCollapse,Rowles.LeanCorpus.Benchmarks,CollapseAndFacetBenchmarks,LeanCorpus_SearchWithCollapse,DefaultJob,Default,Default,Default,Default,Default,Default,Default,Default,Default,Default,Default,Default,Default,Default,Default,Default,Default,Default,Default,Default,Default,Default,Default,Default,Default,Default,Default,Default,Default,Default,Default,Default,Default,Default,Default,Default,Default,Default,Default,Default,Default,DefaultJob,DocumentCount=100000,1,Workload,Warmup,1,618980039,1024,604472.69,1,0,0,4096
CollapseAndFacetBenchmarks.LeanCorpus_SearchWithCollapse,Rowles.LeanCorpus.Benchmarks,CollapseAndFacetBenchmarks,LeanCorpus_SearchWithCollapse,DefaultJob,Default,Default,Default,Default,Default,Default,Default,Default,Default,Default,Default,Default,Default,Default,Default,Default,Default,Default,Default,Default,Default,Default,Default,Default,Default,Default,Default,Default,Default,Default,Default,Default,Default,Default,Default,Default,Default,Default,Default,Default,Default,DefaultJob,DocumentCount=100000,1,Workload,Warmup,2,615896940,1024,601461.86,1,0,0,4096
CollapseAndFacetBenchmarks.LeanCorpus_SearchWithCollapse,Rowles.LeanCorpus.Benchmarks,CollapseAndFacetBenchmarks,LeanCorpus_SearchWithCollapse,DefaultJob,Default,Default,Default,Default,Default,Default,Default,Default,Default,Default,Default,Default,Default,Default,Default,Default,Default,Default,Default,Default,Default,Default,Default,Default,Default,Default,Default,Default,Default,Default,Default,Default,Default,Default,Default,Default,Default,Default,Default,Default,Default,DefaultJob,DocumentCount=100000,1,Workload,Warmup,3,621322194,1024,606759.96,1,0,0,4096
CollapseAndFacetBenchmarks.LeanCorpus_SearchWithCollapse,Rowles.LeanCorpus.Benchmarks,CollapseAndFacetBenchmarks,LeanCorpus_SearchWithCollapse,DefaultJob,Default,Default,Default,Default,Default,Default,Default,Default,Default,Default,Default,Default,Default,Default,Default,Default,Default,Default,Default,Default,Default,Default,Default,Default,Default,Default,Default,Default,Default,Default,Default,Default,Default,Default,Default,Default,Default,Default,Default,Default,Default,DefaultJob,DocumentCount=100000,1,Workload,Warmup,4,622044059,1024,607464.9,1,0,0,4096
CollapseAndFacetBenchmarks.LeanCorpus_SearchWithCollapse,Rowles.LeanCorpus.Benchmarks,CollapseAndFacetBenchmarks,LeanCorpus_SearchWithCollapse,DefaultJob,Default,Default,Default,Default,Default,Default,Default,Default,Default,Default,Default,Default,Default,Default,Default,Default,Default,Default,Default,Default,Default,Default,Default,Default,Default,Default,Default,Default,Default,Default,Default,Default,Default,Default,Default,Default,Default,Default,Default,Default,Default,DefaultJob,DocumentCount=100000,1,Workload,Warmup,5,615750142,1024,601318.5,1,0,0,4096
CollapseAndFacetBenchmarks.LeanCorpus_SearchWithCollapse,Rowles.LeanCorpus.Benchmarks,CollapseAndFacetBenchmarks,LeanCorpus_SearchWithCollapse,DefaultJob,Default,Default,Default,Default,Default,Default,Default,Default,Default,Default,Default,Default,Default,Default,Default,Default,Default,Default,Default,Default,Default,Default,Default,Default,Default,Default,Default,Default,Default,Default,Default,Default,Default,Default,Default,Default,Default,Default,Default,Default,Default,DefaultJob,DocumentCount=100000,1,Workload,Warmup,6,612518292,1024,598162.39,1,0,0,4096
CollapseAndFacetBenchmarks.LeanCorpus_SearchWithCollapse,Rowles.LeanCorpus.Benchmarks,CollapseAndFacetBenchmarks,LeanCorpus_SearchWithCollapse,DefaultJob,Default,Default,Default,Default,Default,Default,Default,Default,Default,Default,Default,Default,Default,Default,Default,Default,Default,Default,Default,Default,Default,Default,Default,Default,Default,Default,Default,Default,Default,Default,Default,Default,Default,Default,Default,Default,Default,Default,Default,Default,Default,DefaultJob,DocumentCount=100000,1,Workload,Warmup,7,612435909,1024,598081.94,1,0,0,4096
CollapseAndFacetBenchmarks.LeanCorpus_SearchWithCollapse,Rowles.LeanCorpus.Benchmarks,CollapseAndFacetBenchmarks,LeanCorpus_SearchWithCollapse,DefaultJob,Default,Default,Default,Default,Default,Default,Default,Default,Default,Default,Default,Default,Default,Default,Default,Default,Default,Default,Default,Default,Default,Default,Default,Default,Default,Default,Default,Default,Default,Default,Default,Default,Default,Default,Default,Default,Default,Default,Default,Default,Default,DefaultJob,DocumentCount=100000,1,Workload,Warmup,8,611994460,1024,597650.84,1,0,0,4096
CollapseAndFacetBenchmarks.LeanCorpus_SearchWithCollapse,Rowles.LeanCorpus.Benchmarks,CollapseAndFacetBenchmarks,LeanCorpus_SearchWithCollapse,DefaultJob,Default,Default,Default,Default,Default,Default,Default,Default,Default,Default,Default,Default,Default,Default,Default,Default,Default,Default,Default,Default,Default,Default,Default,Default,Default,Default,Default,Default,Default,Default,Default,Default,Default,Default,Default,Default,Default,Default,Default,Default,Default,DefaultJob,DocumentCount=100000,1,Workload,Warmup,9,613212777,1024,598840.6,1,0,0,4096
CollapseAndFacetBenchmarks.LeanCorpus_SearchWithCollapse,Rowles.LeanCorpus.Benchmarks,CollapseAndFacetBenchmarks,LeanCorpus_SearchWithCollapse,DefaultJob,Default,Default,Default,Default,Default,Default,Default,Default,Default,Default,Default,Default,Default,Default,Default,Default,Default,Default,Default,Default,Default,Default,Default,Default,Default,Default,Default,Default,Default,Default,Default,Default,Default,Default,Default,Default,Default,Default,Default,Default,Default,DefaultJob,DocumentCount=100000,1,Workload,Warmup,10,621435203,1024,606870.32,1,0,0,4096
CollapseAndFacetBenchmarks.LeanCorpus_SearchWithCollapse,Rowles.LeanCorpus.Benchmarks,CollapseAndFacetBenchmarks,LeanCorpus_SearchWithCollapse,DefaultJob,Default,Default,Default,Default,Default,Default,Default,Default,Default,Default,Default,Default,Default,Default,Default,Default,Default,Default,Default,Default,Default,Default,Default,Default,Default,Default,Default,Default,Default,Default,Default,Default,Default,Default,Default,Default,Default,Default,Default,Default,Default,DefaultJob,DocumentCount=100000,1,Workload,Warmup,11,612311685,1024,597960.63,1,0,0,4096
CollapseAndFacetBenchmarks.LeanCorpus_SearchWithCollapse,Rowles.LeanCorpus.Benchmarks,CollapseAndFacetBenchmarks,LeanCorpus_SearchWithCollapse,DefaultJob,Default,Default,Default,Default,Default,Default,Default,Default,Default,Default,Default,Default,Default,Default,Default,Default,Default,Default,Default,Default,Default,Default,Default,Default,Default,Default,Default,Default,Default,Default,Default,Default,Default,Default,Default,Default,Default,Default,Default,Default,Default,DefaultJob,DocumentCount=100000,1,Workload,Actual,1,618635143,1024,604135.88,1,0,0,4096
CollapseAndFacetBenchmarks.LeanCorpus_SearchWithCollapse,Rowles.LeanCorpus.Benchmarks,CollapseAndFacetBenchmarks,LeanCorpus_SearchWithCollapse,DefaultJob,Default,Default,Default,Default,Default,Default,Default,Default,Default,Default,Default,Default,Default,Default,Default,Default,Default,Default,Default,Default,Default,Default,Default,Default,Default,Default,Default,Default,Default,Default,Default,Default,Default,Default,Default,Default,Default,Default,Default,Default,Default,DefaultJob,DocumentCount=100000,1,Workload,Actual,2,634489906,1024,619619.05,1,0,0,4096
CollapseAndFacetBenchmarks.LeanCorpus_SearchWithCollapse,Rowles.LeanCorpus.Benchmarks,CollapseAndFacetBenchmarks,LeanCorpus_SearchWithCollapse,DefaultJob,Default,Default,Default,Default,Default,Default,Default,Default,Default,Default,Default,Default,Default,Default,Default,Default,Default,Default,Default,Default,Default,Default,Default,Default,Default,Default,Default,Default,Default,Default,Default,Default,Default,Default,Default,Default,Default,Default,Default,Default,Default,DefaultJob,DocumentCount=100000,1,Workload,Actual,3,641484222,1024,626449.44,1,0,0,4096
CollapseAndFacetBenchmarks.LeanCorpus_SearchWithCollapse,Rowles.LeanCorpus.Benchmarks,CollapseAndFacetBenchmarks,LeanCorpus_SearchWithCollapse,DefaultJob,Default,Default,Default,Default,Default,Default,Default,Default,Default,Default,Default,Default,Default,Default,Default,Default,Default,Default,Default,Default,Default,Default,Default,Default,Default,Default,Default,Default,Default,Default,Default,Default,Default,Default,Default,Default,Default,Default,Default,Default,Default,DefaultJob,DocumentCount=100000,1,Workload,Actual,4,621055654,1024,606499.66,1,0,0,4096
CollapseAndFacetBenchmarks.LeanCorpus_SearchWithCollapse,Rowles.LeanCorpus.Benchmarks,CollapseAndFacetBenchmarks,LeanCorpus_SearchWithCollapse,DefaultJob,Default,Default,Default,Default,Default,Default,Default,Default,Default,Default,Default,Default,Default,Default,Default,Default,Default,Default,Default,Default,Default,Default,Default,Default,Default,Default,Default,Default,Default,Default,Default,Default,Default,Default,Default,Default,Default,Default,Default,Default,Default,DefaultJob,DocumentCount=100000,1,Workload,Actual,5,621920061,1024,607343.81,1,0,0,4096
CollapseAndFacetBenchmarks.LeanCorpus_SearchWithCollapse,Rowles.LeanCorpus.Benchmarks,CollapseAndFacetBenchmarks,LeanCorpus_SearchWithCollapse,DefaultJob,Default,Default,Default,Default,Default,Default,Default,Default,Default,Default,Default,Default,Default,Default,Default,Default,Default,Default,Default,Default,Default,Default,Default,Default,Default,Default,Default,Default,Default,Default,Default,Default,Default,Default,Default,Default,Default,Default,Default,Default,Default,DefaultJob,DocumentCount=100000,1,Workload,Actual,6,613749366,1024,599364.62,1,0,0,4096
CollapseAndFacetBenchmarks.LeanCorpus_SearchWithCollapse,Rowles.LeanCorpus.Benchmarks,CollapseAndFacetBenchmarks,LeanCorpus_SearchWithCollapse,DefaultJob,Default,Default,Default,Default,Default,Default,Default,Default,Default,Default,Default,Default,Default,Default,Default,Default,Default,Default,Default,Default,Default,Default,Default,Default,Default,Default,Default,Default,Default,Default,Default,Default,Default,Default,Default,Default,Default,Default,Default,Default,Default,DefaultJob,DocumentCount=100000,1,Workload,Actual,7,618097160,1024,603610.51,1,0,0,4096
CollapseAndFacetBenchmarks.LeanCorpus_SearchWithCollapse,Rowles.LeanCorpus.Benchmarks,CollapseAndFacetBenchmarks,LeanCorpus_SearchWithCollapse,DefaultJob,Default,Default,Default,Default,Default,Default,Default,Default,Default,Default,Default,Default,Default,Default,Default,Default,Default,Default,Default,Default,Default,Default,Default,Default,Default,Default,Default,Default,Default,Default,Default,Default,Default,Default,Default,Default,Default,Default,Default,Default,Default,DefaultJob,DocumentCount=100000,1,Workload,Actual,8,622978639,1024,608377.58,1,0,0,4096
CollapseAndFacetBenchmarks.LeanCorpus_SearchWithCollapse,Rowles.LeanCorpus.Benchmarks,CollapseAndFacetBenchmarks,LeanCorpus_SearchWithCollapse,DefaultJob,Default,Default,Default,Default,Default,Default,Default,Default,Default,Default,Default,Default,Default,Default,Default,Default,Default,Default,Default,Default,Default,Default,Default,Default,Default,Default,Default,Default,Default,Default,Default,Default,Default,Default,Default,Default,Default,Default,Default,Default,Default,DefaultJob,DocumentCount=100000,1,Workload,Actual,9,622002284,1024,607424.11,1,0,0,4096
CollapseAndFacetBenchmarks.LeanCorpus_SearchWithCollapse,Rowles.LeanCorpus.Benchmarks,CollapseAndFacetBenchmarks,LeanCorpus_SearchWithCollapse,DefaultJob,Default,Default,Default,Default,Default,Default,Default,Default,Default,Default,Default,Default,Default,Default,Default,Default,Default,Default,Default,Default,Default,Default,Default,Default,Default,Default,Default,Default,Default,Default,Default,Default,Default,Default,Default,Default,Default,Default,Default,Default,Default,DefaultJob,DocumentCount=100000,1,Workload,Actual,10,622450129,1024,607861.45,1,0,0,4096
CollapseAndFacetBenchmarks.LeanCorpus_SearchWithCollapse,Rowles.LeanCorpus.Benchmarks,CollapseAndFacetBenchmarks,LeanCorpus_SearchWithCollapse,DefaultJob,Default,Default,Default,Default,Default,Default,Default,Default,Default,Default,Default,Default,Default,Default,Default,Default,Default,Default,Default,Default,Default,Default,Default,Default,Default,Default,Default,Default,Default,Default,Default,Default,Default,Default,Default,Default,Default,Default,Default,Default,Default,DefaultJob,DocumentCount=100000,1,Workload,Actual,11,621583650,1024,607015.28,1,0,0,4096
CollapseAndFacetBenchmarks.LeanCorpus_SearchWithCollapse,Rowles.LeanCorpus.Benchmarks,CollapseAndFacetBenchmarks,LeanCorpus_SearchWithCollapse,DefaultJob,Default,Default,Default,Default,Default,Default,Default,Default,Default,Default,Default,Default,Default,Default,Default,Default,Default,Default,Default,Default,Default,Default,Default,Default,Default,Default,Default,Default,Default,Default,Default,Default,Default,Default,Default,Default,Default,Default,Default,Default,Default,DefaultJob,DocumentCount=100000,1,Workload,Actual,12,621260399,1024,606699.61,1,0,0,4096
CollapseAndFacetBenchmarks.LeanCorpus_SearchWithCollapse,Rowles.LeanCorpus.Benchmarks,CollapseAndFacetBenchmarks,LeanCorpus_SearchWithCollapse,DefaultJob,Default,Default,Default,Default,Default,Default,Default,Default,Default,Default,Default,Default,Default,Default,Default,Default,Default,Default,Default,Default,Default,Default,Default,Default,Default,Default,Default,Default,Default,Default,Default,Default,Default,Default,Default,Default,Default,Default,Default,Default,Default,DefaultJob,DocumentCount=100000,1,Workload,Actual,13,620642898,1024,606096.58,1,0,0,4096
CollapseAndFacetBenchmarks.LeanCorpus_SearchWithCollapse,Rowles.LeanCorpus.Benchmarks,CollapseAndFacetBenchmarks,LeanCorpus_SearchWithCollapse,DefaultJob,Default,Default,Default,Default,Default,Default,Default,Default,Default,Default,Default,Default,Default,Default,Default,Default,Default,Default,Default,Default,Default,Default,Default,Default,Default,Default,Default,Default,Default,Default,Default,Default,Default,Default,Default,Default,Default,Default,Default,Default,Default,DefaultJob,DocumentCount=100000,1,Workload,Actual,14,622165094,1024,607583.1,1,0,0,4096
CollapseAndFacetBenchmarks.LeanCorpus_SearchWithCollapse,Rowles.LeanCorpus.Benchmarks,CollapseAndFacetBenchmarks,LeanCorpus_SearchWithCollapse,DefaultJob,Default,Default,Default,Default,Default,Default,Default,Default,Default,Default,Default,Default,Default,Default,Default,Default,Default,Default,Default,Default,Default,Default,Default,Default,Default,Default,Default,Default,Default,Default,Default,Default,Default,Default,Default,Default,Default,Default,Default,Default,Default,DefaultJob,DocumentCount=100000,1,Workload,Actual,15,621137077,1024,606579.18,1,0,0,4096
CollapseAndFacetBenchmarks.LeanCorpus_SearchWithCollapse,Rowles.LeanCorpus.Benchmarks,CollapseAndFacetBenchmarks,LeanCorpus_SearchWithCollapse,DefaultJob,Default,Default,Default,Default,Default,Default,Default,Default,Default,Default,Default,Default,Default,Default,Default,Default,Default,Default,Default,Default,Default,Default,Default,Default,Default,Default,Default,Default,Default,Default,Default,Default,Default,Default,Default,Default,Default,Default,Default,Default,Default,DefaultJob,DocumentCount=100000,1,Workload,Extra,1,614074673,1024,599682.3,1,0,0,4096
CollapseAndFacetBenchmarks.LeanCorpus_SearchWithCollapse,Rowles.LeanCorpus.Benchmarks,CollapseAndFacetBenchmarks,LeanCorpus_SearchWithCollapse,DefaultJob,Default,Default,Default,Default,Default,Default,Default,Default,Default,Default,Default,Default,Default,Default,Default,Default,Default,Default,Default,Default,Default,Default,Default,Default,Default,Default,Default,Default,Default,Default,Default,Default,Default,Default,Default,Default,Default,Default,Default,Default,Default,DefaultJob,DocumentCount=100000,1,Workload,Result,1,618635143,1024,604135.88,1,0,0,4096
CollapseAndFacetBenchmarks.LeanCorpus_SearchWithCollapse,Rowles.LeanCorpus.Benchmarks,CollapseAndFacetBenchmarks,LeanCorpus_SearchWithCollapse,DefaultJob,Default,Default,Default,Default,Default,Default,Default,Default,Default,Default,Default,Default,Default,Default,Default,Default,Default,Default,Default,Default,Default,Default,Default,Default,Default,Default,Default,Default,Default,Default,Default,Default,Default,Default,Default,Default,Default,Default,Default,Default,Default,DefaultJob,DocumentCount=100000,1,Workload,Result,2,621055654,1024,606499.66,1,0,0,4096
CollapseAndFacetBenchmarks.LeanCorpus_SearchWithCollapse,Rowles.LeanCorpus.Benchmarks,CollapseAndFacetBenchmarks,LeanCorpus_SearchWithCollapse,DefaultJob,Default,Default,Default,Default,Default,Default,Default,Default,Default,Default,Default,Default,Default,Default,Default,Default,Default,Default,Default,Default,Default,Default,Default,Default,Default,Default,Default,Default,Default,Default,Default,Default,Default,Default,Default,Default,Default,Default,Default,Default,Default,DefaultJob,DocumentCount=100000,1,Workload,Result,3,621920061,1024,607343.81,1,0,0,4096
CollapseAndFacetBenchmarks.LeanCorpus_SearchWithCollapse,Rowles.LeanCorpus.Benchmarks,CollapseAndFacetBenchmarks,LeanCorpus_SearchWithCollapse,DefaultJob,Default,Default,Default,Default,Default,Default,Default,Default,Default,Default,Default,Default,Default,Default,Default,Default,Default,Default,Default,Default,Default,Default,Default,Default,Default,Default,Default,Default,Default,Default,Default,Default,Default,Default,Default,Default,Default,Default,Default,Default,Default,DefaultJob,DocumentCount=100000,1,Workload,Result,4,613749366,1024,599364.62,1,0,0,4096
CollapseAndFacetBenchmarks.LeanCorpus_SearchWithCollapse,Rowles.LeanCorpus.Benchmarks,CollapseAndFacetBenchmarks,LeanCorpus_SearchWithCollapse,DefaultJob,Default,Default,Default,Default,Default,Default,Default,Default,Default,Default,Default,Default,Default,Default,Default,Default,Default,Default,Default,Default,Default,Default,Default,Default,Default,Default,Default,Default,Default,Default,Default,Default,Default,Default,Default,Default,Default,Default,Default,Default,Default,DefaultJob,DocumentCount=100000,1,Workload,Result,5,618097160,1024,603610.51,1,0,0,4096
CollapseAndFacetBenchmarks.LeanCorpus_SearchWithCollapse,Rowles.LeanCorpus.Benchmarks,CollapseAndFacetBenchmarks,LeanCorpus_SearchWithCollapse,DefaultJob,Default,Default,Default,Default,Default,Default,Default,Default,Default,Default,Default,Default,Default,Default,Default,Default,Default,Default,Default,Default,Default,Default,Default,Default,Default,Default,Default,Default,Default,Default,Default,Default,Default,Default,Default,Default,Default,Default,Default,Default,Default,DefaultJob,DocumentCount=100000,1,Workload,Result,6,622978639,1024,608377.58,1,0,0,4096
CollapseAndFacetBenchmarks.LeanCorpus_SearchWithCollapse,Rowles.LeanCorpus.Benchmarks,CollapseAndFacetBenchmarks,LeanCorpus_SearchWithCollapse,DefaultJob,Default,Default,Default,Default,Default,Default,Default,Default,Default,Default,Default,Default,Default,Default,Default,Default,Default,Default,Default,Default,Default,Default,Default,Default,Default,Default,Default,Default,Default,Default,Default,Default,Default,Default,Default,Default,Default,Default,Default,Default,Default,DefaultJob,DocumentCount=100000,1,Workload,Result,7,622002284,1024,607424.11,1,0,0,4096
CollapseAndFacetBenchmarks.LeanCorpus_SearchWithCollapse,Rowles.LeanCorpus.Benchmarks,CollapseAndFacetBenchmarks,LeanCorpus_SearchWithCollapse,DefaultJob,Default,Default,Default,Default,Default,Default,Default,Default,Default,Default,Default,Default,Default,Default,Default,Default,Default,Default,Default,Default,Default,Default,Default,Default,Default,Default,Default,Default,Default,Default,Default,Default,Default,Default,Default,Default,Default,Default,Default,Default,Default,DefaultJob,DocumentCount=100000,1,Workload,Result,8,622450129,1024,607861.45,1,0,0,4096
CollapseAndFacetBenchmarks.LeanCorpus_SearchWithCollapse,Rowles.LeanCorpus.Benchmarks,CollapseAndFacetBenchmarks,LeanCorpus_SearchWithCollapse,DefaultJob,Default,Default,Default,Default,Default,Default,Default,Default,Default,Default,Default,Default,Default,Default,Default,Default,Default,Default,Default,Default,Default,Default,Default,Default,Default,Default,Default,Default,Default,Default,Default,Default,Default,Default,Default,Default,Default,Default,Default,Default,Default,DefaultJob,DocumentCount=100000,1,Workload,Result,9,621583650,1024,607015.28,1,0,0,4096
CollapseAndFacetBenchmarks.LeanCorpus_SearchWithCollapse,Rowles.LeanCorpus.Benchmarks,CollapseAndFacetBenchmarks,LeanCorpus_SearchWithCollapse,DefaultJob,Default,Default,Default,Default,Default,Default,Default,Default,Default,Default,Default,Default,Default,Default,Default,Default,Default,Default,Default,Default,Default,Default,Default,Default,Default,Default,Default,Default,Default,Default,Default,Default,Default,Default,Default,Default,Default,Default,Default,Default,Default,DefaultJob,DocumentCount=100000,1,Workload,Result,10,621260399,1024,606699.61,1,0,0,4096
CollapseAndFacetBenchmarks.LeanCorpus_SearchWithCollapse,Rowles.LeanCorpus.Benchmarks,CollapseAndFacetBenchmarks,LeanCorpus_SearchWithCollapse,DefaultJob,Default,Default,Default,Default,Default,Default,Default,Default,Default,Default,Default,Default,Default,Default,Default,Default,Default,Default,Default,Default,Default,Default,Default,Default,Default,Default,Default,Default,Default,Default,Default,Default,Default,Default,Default,Default,Default,Default,Default,Default,Default,DefaultJob,DocumentCount=100000,1,Workload,Result,11,620642898,1024,606096.58,1,0,0,4096
CollapseAndFacetBenchmarks.LeanCorpus_SearchWithCollapse,Rowles.LeanCorpus.Benchmarks,CollapseAndFacetBenchmarks,LeanCorpus_SearchWithCollapse,DefaultJob,Default,Default,Default,Default,Default,Default,Default,Default,Default,Default,Default,Default,Default,Default,Default,Default,Default,Default,Default,Default,Default,Default,Default,Default,Default,Default,Default,Default,Default,Default,Default,Default,Default,Default,Default,Default,Default,Default,Default,Default,Default,DefaultJob,DocumentCount=100000,1,Workload,Result,12,622165094,1024,607583.1,1,0,0,4096
CollapseAndFacetBenchmarks.LeanCorpus_SearchWithCollapse,Rowles.LeanCorpus.Benchmarks,CollapseAndFacetBenchmarks,LeanCorpus_SearchWithCollapse,DefaultJob,Default,Default,Default,Default,Default,Default,Default,Default,Default,Default,Default,Default,Default,Default,Default,Default,Default,Default,Default,Default,Default,Default,Default,Default,Default,Default,Default,Default,Default,Default,Default,Default,Default,Default,Default,Default,Default,Default,Default,Default,Default,DefaultJob,DocumentCount=100000,1,Workload,Result,13,621137077,1024,606579.18,1,0,0,4096
CollapseAndFacetBenchmarks.LeanCorpus_SearchWithFacets,Rowles.LeanCorpus.Benchmarks,CollapseAndFacetBenchmarks,LeanCorpus_SearchWithFacets,DefaultJob,Default,Default,Default,Default,Default,Default,Default,Default,Default,Default,Default,Default,Default,Default,Default,Default,Default,Default,Default,Default,Default,Default,Default,Default,Default,Default,Default,Default,Default,Default,Default,Default,Default,Default,Default,Default,Default,Default,Default,Default,Default,DefaultJob,DocumentCount=100000,1,Workload,Jitting,1,58490044,1,58490044,78,16,1,418944
CollapseAndFacetBenchmarks.LeanCorpus_SearchWithFacets,Rowles.LeanCorpus.Benchmarks,CollapseAndFacetBenchmarks,LeanCorpus_SearchWithFacets,DefaultJob,Default,Default,Default,Default,Default,Default,Default,Default,Default,Default,Default,Default,Default,Default,Default,Default,Default,Default,Default,Default,Default,Default,Default,Default,Default,Default,Default,Default,Default,Default,Default,Default,Default,Default,Default,Default,Default,Default,Default,Default,Default,DefaultJob,DocumentCount=100000,1,Workload,Jitting,2,28635970,30,954532.33,78,16,1,418944
CollapseAndFacetBenchmarks.LeanCorpus_SearchWithFacets,Rowles.LeanCorpus.Benchmarks,CollapseAndFacetBenchmarks,LeanCorpus_SearchWithFacets,DefaultJob,Default,Default,Default,Default,Default,Default,Default,Default,Default,Default,Default,Default,Default,Default,Default,Default,Default,Default,Default,Default,Default,Default,Default,Default,Default,Default,Default,Default,Default,Default,Default,Default,Default,Default,Default,Default,Default,Default,Default,Default,Default,DefaultJob,DocumentCount=100000,1,Workload,Jitting,3,25529868,30,850995.6,78,16,1,418944
CollapseAndFacetBenchmarks.LeanCorpus_SearchWithFacets,Rowles.LeanCorpus.Benchmarks,CollapseAndFacetBenchmarks,LeanCorpus_SearchWithFacets,DefaultJob,Default,Default,Default,Default,Default,Default,Default,Default,Default,Default,Default,Default,Default,Default,Default,Default,Default,Default,Default,Default,Default,Default,Default,Default,Default,Default,Default,Default,Default,Default,Default,Default,Default,Default,Default,Default,Default,Default,Default,Default,Default,DefaultJob,DocumentCount=100000,1,Workload,Jitting,4,23712236,30,790407.87,78,16,1,418944
CollapseAndFacetBenchmarks.LeanCorpus_SearchWithFacets,Rowles.LeanCorpus.Benchmarks,CollapseAndFacetBenchmarks,LeanCorpus_SearchWithFacets,DefaultJob,Default,Default,Default,Default,Default,Default,Default,Default,Default,Default,Default,Default,Default,Default,Default,Default,Default,Default,Default,Default,Default,Default,Default,Default,Default,Default,Default,Default,Default,Default,Default,Default,Default,Default,Default,Default,Default,Default,Default,Default,Default,DefaultJob,DocumentCount=100000,1,Workload,Jitting,5,930282,1,930282,78,16,1,418944
CollapseAndFacetBenchmarks.LeanCorpus_SearchWithFacets,Rowles.LeanCorpus.Benchmarks,CollapseAndFacetBenchmarks,LeanCorpus_SearchWithFacets,DefaultJob,Default,Default,Default,Default,Default,Default,Default,Default,Default,Default,Default,Default,Default,Default,Default,Default,Default,Default,Default,Default,Default,Default,Default,Default,Default,Default,Default,Default,Default,Default,Default,Default,Default,Default,Default,Default,Default,Default,Default,Default,Default,DefaultJob,DocumentCount=100000,1,Workload,Pilot,1,951020,1,951020,78,16,1,418944
CollapseAndFacetBenchmarks.LeanCorpus_SearchWithFacets,Rowles.LeanCorpus.Benchmarks,CollapseAndFacetBenchmarks,LeanCorpus_SearchWithFacets,DefaultJob,Default,Default,Default,Default,Default,Default,Default,Default,Default,Default,Default,Default,Default,Default,Default,Default,Default,Default,Default,Default,Default,Default,Default,Default,Default,Default,Default,Default,Default,Default,Default,Default,Default,Default,Default,Default,Default,Default,Default,Default,Default,DefaultJob,DocumentCount=100000,1,Workload,Pilot,1,15117429,16,944839.31,78,16,1,418944
CollapseAndFacetBenchmarks.LeanCorpus_SearchWithFacets,Rowles.LeanCorpus.Benchmarks,CollapseAndFacetBenchmarks,LeanCorpus_SearchWithFacets,DefaultJob,Default,Default,Default,Default,Default,Default,Default,Default,Default,Default,Default,Default,Default,Default,Default,Default,Default,Default,Default,Default,Default,Default,Default,Default,Default,Default,Default,Default,Default,Default,Default,Default,Default,Default,Default,Default,Default,Default,Default,Default,Default,DefaultJob,DocumentCount=100000,1,Workload,Pilot,2,26966480,32,842702.5,78,16,1,418944
CollapseAndFacetBenchmarks.LeanCorpus_SearchWithFacets,Rowles.LeanCorpus.Benchmarks,CollapseAndFacetBenchmarks,LeanCorpus_SearchWithFacets,DefaultJob,Default,Default,Default,Default,Default,Default,Default,Default,Default,Default,Default,Default,Default,Default,Default,Default,Default,Default,Default,Default,Default,Default,Default,Default,Default,Default,Default,Default,Default,Default,Default,Default,Default,Default,Default,Default,Default,Default,Default,Default,Default,DefaultJob,DocumentCount=100000,1,Workload,Pilot,3,49554385,64,774287.27,78,16,1,418944
CollapseAndFacetBenchmarks.LeanCorpus_SearchWithFacets,Rowles.LeanCorpus.Benchmarks,CollapseAndFacetBenchmarks,LeanCorpus_SearchWithFacets,DefaultJob,Default,Default,Default,Default,Default,Default,Default,Default,Default,Default,Default,Default,Default,Default,Default,Default,Default,Default,Default,Default,Default,Default,Default,Default,Default,Default,Default,Default,Default,Default,Default,Default,Default,Default,Default,Default,Default,Default,Default,Default,Default,DefaultJob,DocumentCount=100000,1,Workload,Pilot,4,98700878,128,771100.61,78,16,1,418944
CollapseAndFacetBenchmarks.LeanCorpus_SearchWithFacets,Rowles.LeanCorpus.Benchmarks,CollapseAndFacetBenchmarks,LeanCorpus_SearchWithFacets,DefaultJob,Default,Default,Default,Default,Default,Default,Default,Default,Default,Default,Default,Default,Default,Default,Default,Default,Default,Default,Default,Default,Default,Default,Default,Default,Default,Default,Default,Default,Default,Default,Default,Default,Default,Default,Default,Default,Default,Default,Default,Default,Default,DefaultJob,DocumentCount=100000,1,Workload,Pilot,5,189587310,256,740575.43,78,16,1,418944
CollapseAndFacetBenchmarks.LeanCorpus_SearchWithFacets,Rowles.LeanCorpus.Benchmarks,CollapseAndFacetBenchmarks,LeanCorpus_SearchWithFacets,DefaultJob,Default,Default,Default,Default,Default,Default,Default,Default,Default,Default,Default,Default,Default,Default,Default,Default,Default,Default,Default,Default,Default,Default,Default,Default,Default,Default,Default,Default,Default,Default,Default,Default,Default,Default,Default,Default,Default,Default,Default,Default,Default,DefaultJob,DocumentCount=100000,1,Workload,Pilot,6,380054505,512,742293.96,78,16,1,418944
CollapseAndFacetBenchmarks.LeanCorpus_SearchWithFacets,Rowles.LeanCorpus.Benchmarks,CollapseAndFacetBenchmarks,LeanCorpus_SearchWithFacets,DefaultJob,Default,Default,Default,Default,Default,Default,Default,Default,Default,Default,Default,Default,Default,Default,Default,Default,Default,Default,Default,Default,Default,Default,Default,Default,Default,Default,Default,Default,Default,Default,Default,Default,Default,Default,Default,Default,Default,Default,Default,Default,Default,DefaultJob,DocumentCount=100000,1,Workload,Pilot,7,771382288,1024,753303.02,78,16,1,418944
CollapseAndFacetBenchmarks.LeanCorpus_SearchWithFacets,Rowles.LeanCorpus.Benchmarks,CollapseAndFacetBenchmarks,LeanCorpus_SearchWithFacets,DefaultJob,Default,Default,Default,Default,Default,Default,Default,Default,Default,Default,Default,Default,Default,Default,Default,Default,Default,Default,Default,Default,Default,Default,Default,Default,Default,Default,Default,Default,Default,Default,Default,Default,Default,Default,Default,Default,Default,Default,Default,Default,Default,DefaultJob,DocumentCount=100000,1,Workload,Warmup,1,759752400,1024,741945.7,78,16,1,418944
CollapseAndFacetBenchmarks.LeanCorpus_SearchWithFacets,Rowles.LeanCorpus.Benchmarks,CollapseAndFacetBenchmarks,LeanCorpus_SearchWithFacets,DefaultJob,Default,Default,Default,Default,Default,Default,Default,Default,Default,Default,Default,Default,Default,Default,Default,Default,Default,Default,Default,Default,Default,Default,Default,Default,Default,Default,Default,Default,Default,Default,Default,Default,Default,Default,Default,Default,Default,Default,Default,Default,Default,DefaultJob,DocumentCount=100000,1,Workload,Warmup,2,769131126,1024,751104.62,78,16,1,418944
CollapseAndFacetBenchmarks.LeanCorpus_SearchWithFacets,Rowles.LeanCorpus.Benchmarks,CollapseAndFacetBenchmarks,LeanCorpus_SearchWithFacets,DefaultJob,Default,Default,Default,Default,Default,Default,Default,Default,Default,Default,Default,Default,Default,Default,Default,Default,Default,Default,Default,Default,Default,Default,Default,Default,Default,Default,Default,Default,Default,Default,Default,Default,Default,Default,Default,Default,Default,Default,Default,Default,Default,DefaultJob,DocumentCount=100000,1,Workload,Warmup,3,771821979,1024,753732.4,78,16,1,418944
CollapseAndFacetBenchmarks.LeanCorpus_SearchWithFacets,Rowles.LeanCorpus.Benchmarks,CollapseAndFacetBenchmarks,LeanCorpus_SearchWithFacets,DefaultJob,Default,Default,Default,Default,Default,Default,Default,Default,Default,Default,Default,Default,Default,Default,Default,Default,Default,Default,Default,Default,Default,Default,Default,Default,Default,Default,Default,Default,Default,Default,Default,Default,Default,Default,Default,Default,Default,Default,Default,Default,Default,DefaultJob,DocumentCount=100000,1,Workload,Warmup,4,768510307,1024,750498.35,78,16,1,418944
CollapseAndFacetBenchmarks.LeanCorpus_SearchWithFacets,Rowles.LeanCorpus.Benchmarks,CollapseAndFacetBenchmarks,LeanCorpus_SearchWithFacets,DefaultJob,Default,Default,Default,Default,Default,Default,Default,Default,Default,Default,Default,Default,Default,Default,Default,Default,Default,Default,Default,Default,Default,Default,Default,Default,Default,Default,Default,Default,Default,Default,Default,Default,Default,Default,Default,Default,Default,Default,Default,Default,Default,DefaultJob,DocumentCount=100000,1,Workload,Warmup,5,767954346,1024,749955.42,78,16,1,418944
CollapseAndFacetBenchmarks.LeanCorpus_SearchWithFacets,Rowles.LeanCorpus.Benchmarks,CollapseAndFacetBenchmarks,LeanCorpus_SearchWithFacets,DefaultJob,Default,Default,Default,Default,Default,Default,Default,Default,Default,Default,Default,Default,Default,Default,Default,Default,Default,Default,Default,Default,Default,Default,Default,Default,Default,Default,Default,Default,Default,Default,Default,Default,Default,Default,Default,Default,Default,Default,Default,Default,Default,DefaultJob,DocumentCount=100000,1,Workload,Warmup,6,768043630,1024,750042.61,78,16,1,418944
CollapseAndFacetBenchmarks.LeanCorpus_SearchWithFacets,Rowles.LeanCorpus.Benchmarks,CollapseAndFacetBenchmarks,LeanCorpus_SearchWithFacets,DefaultJob,Default,Default,Default,Default,Default,Default,Default,Default,Default,Default,Default,Default,Default,Default,Default,Default,Default,Default,Default,Default,Default,Default,Default,Default,Default,Default,Default,Default,Default,Default,Default,Default,Default,Default,Default,Default,Default,Default,Default,Default,Default,DefaultJob,DocumentCount=100000,1,Workload,Warmup,7,766382052,1024,748419.97,78,16,1,418944
CollapseAndFacetBenchmarks.LeanCorpus_SearchWithFacets,Rowles.LeanCorpus.Benchmarks,CollapseAndFacetBenchmarks,LeanCorpus_SearchWithFacets,DefaultJob,Default,Default,Default,Default,Default,Default,Default,Default,Default,Default,Default,Default,Default,Default,Default,Default,Default,Default,Default,Default,Default,Default,Default,Default,Default,Default,Default,Default,Default,Default,Default,Default,Default,Default,Default,Default,Default,Default,Default,Default,Default,DefaultJob,DocumentCount=100000,1,Workload,Actual,1,771266880,1024,753190.31,78,16,1,418944
CollapseAndFacetBenchmarks.LeanCorpus_SearchWithFacets,Rowles.LeanCorpus.Benchmarks,CollapseAndFacetBenchmarks,LeanCorpus_SearchWithFacets,DefaultJob,Default,Default,Default,Default,Default,Default,Default,Default,Default,Default,Default,Default,Default,Default,Default,Default,Default,Default,Default,Default,Default,Default,Default,Default,Default,Default,Default,Default,Default,Default,Default,Default,Default,Default,Default,Default,Default,Default,Default,Default,Default,DefaultJob,DocumentCount=100000,1,Workload,Actual,2,769337462,1024,751306.12,78,16,1,418944
CollapseAndFacetBenchmarks.LeanCorpus_SearchWithFacets,Rowles.LeanCorpus.Benchmarks,CollapseAndFacetBenchmarks,LeanCorpus_SearchWithFacets,DefaultJob,Default,Default,Default,Default,Default,Default,Default,Default,Default,Default,Default,Default,Default,Default,Default,Default,Default,Default,Default,Default,Default,Default,Default,Default,Default,Default,Default,Default,Default,Default,Default,Default,Default,Default,Default,Default,Default,Default,Default,Default,Default,DefaultJob,DocumentCount=100000,1,Workload,Actual,3,761652282,1024,743801.06,78,16,1,418944
CollapseAndFacetBenchmarks.LeanCorpus_SearchWithFacets,Rowles.LeanCorpus.Benchmarks,CollapseAndFacetBenchmarks,LeanCorpus_SearchWithFacets,DefaultJob,Default,Default,Default,Default,Default,Default,Default,Default,Default,Default,Default,Default,Default,Default,Default,Default,Default,Default,Default,Default,Default,Default,Default,Default,Default,Default,Default,Default,Default,Default,Default,Default,Default,Default,Default,Default,Default,Default,Default,Default,Default,DefaultJob,DocumentCount=100000,1,Workload,Actual,4,768807916,1024,750788.98,78,16,1,418944
CollapseAndFacetBenchmarks.LeanCorpus_SearchWithFacets,Rowles.LeanCorpus.Benchmarks,CollapseAndFacetBenchmarks,LeanCorpus_SearchWithFacets,DefaultJob,Default,Default,Default,Default,Default,Default,Default,Default,Default,Default,Default,Default,Default,Default,Default,Default,Default,Default,Default,Default,Default,Default,Default,Default,Default,Default,Default,Default,Default,Default,Default,Default,Default,Default,Default,Default,Default,Default,Default,Default,Default,DefaultJob,DocumentCount=100000,1,Workload,Actual,5,765516810,1024,747575.01,78,16,1,418944
CollapseAndFacetBenchmarks.LeanCorpus_SearchWithFacets,Rowles.LeanCorpus.Benchmarks,CollapseAndFacetBenchmarks,LeanCorpus_SearchWithFacets,DefaultJob,Default,Default,Default,Default,Default,Default,Default,Default,Default,Default,Default,Default,Default,Default,Default,Default,Default,Default,Default,Default,Default,Default,Default,Default,Default,Default,Default,Default,Default,Default,Default,Default,Default,Default,Default,Default,Default,Default,Default,Default,Default,DefaultJob,DocumentCount=100000,1,Workload,Actual,6,765304124,1024,747367.31,78,16,1,418944
CollapseAndFacetBenchmarks.LeanCorpus_SearchWithFacets,Rowles.LeanCorpus.Benchmarks,CollapseAndFacetBenchmarks,LeanCorpus_SearchWithFacets,DefaultJob,Default,Default,Default,Default,Default,Default,Default,Default,Default,Default,Default,Default,Default,Default,Default,Default,Default,Default,Default,Default,Default,Default,Default,Default,Default,Default,Default,Default,Default,Default,Default,Default,Default,Default,Default,Default,Default,Default,Default,Default,Default,DefaultJob,DocumentCount=100000,1,Workload,Actual,7,767116870,1024,749137.57,78,16,1,418944
CollapseAndFacetBenchmarks.LeanCorpus_SearchWithFacets,Rowles.LeanCorpus.Benchmarks,CollapseAndFacetBenchmarks,LeanCorpus_SearchWithFacets,DefaultJob,Default,Default,Default,Default,Default,Default,Default,Default,Default,Default,Default,Default,Default,Default,Default,Default,Default,Default,Default,Default,Default,Default,Default,Default,Default,Default,Default,Default,Default,Default,Default,Default,Default,Default,Default,Default,Default,Default,Default,Default,Default,DefaultJob,DocumentCount=100000,1,Workload,Actual,8,766908365,1024,748933.95,78,16,1,418944
CollapseAndFacetBenchmarks.LeanCorpus_SearchWithFacets,Rowles.LeanCorpus.Benchmarks,CollapseAndFacetBenchmarks,LeanCorpus_SearchWithFacets,DefaultJob,Default,Default,Default,Default,Default,Default,Default,Default,Default,Default,Default,Default,Default,Default,Default,Default,Default,Default,Default,Default,Default,Default,Default,Default,Default,Default,Default,Default,Default,Default,Default,Default,Default,Default,Default,Default,Default,Default,Default,Default,Default,DefaultJob,DocumentCount=100000,1,Workload,Actual,9,769879238,1024,751835.19,78,16,1,418944
CollapseAndFacetBenchmarks.LeanCorpus_SearchWithFacets,Rowles.LeanCorpus.Benchmarks,CollapseAndFacetBenchmarks,LeanCorpus_SearchWithFacets,DefaultJob,Default,Default,Default,Default,Default,Default,Default,Default,Default,Default,Default,Default,Default,Default,Default,Default,Default,Default,Default,Default,Default,Default,Default,Default,Default,Default,Default,Default,Default,Default,Default,Default,Default,Default,Default,Default,Default,Default,Default,Default,Default,DefaultJob,DocumentCount=100000,1,Workload,Actual,10,768599196,1024,750585.15,78,16,1,418944
CollapseAndFacetBenchmarks.LeanCorpus_SearchWithFacets,Rowles.LeanCorpus.Benchmarks,CollapseAndFacetBenchmarks,LeanCorpus_SearchWithFacets,DefaultJob,Default,Default,Default,Default,Default,Default,Default,Default,Default,Default,Default,Default,Default,Default,Default,Default,Default,Default,Default,Default,Default,Default,Default,Default,Default,Default,Default,Default,Default,Default,Default,Default,Default,Default,Default,Default,Default,Default,Default,Default,Default,DefaultJob,DocumentCount=100000,1,Workload,Actual,11,769338051,1024,751306.69,78,16,1,418944
CollapseAndFacetBenchmarks.LeanCorpus_SearchWithFacets,Rowles.LeanCorpus.Benchmarks,CollapseAndFacetBenchmarks,LeanCorpus_SearchWithFacets,DefaultJob,Default,Default,Default,Default,Default,Default,Default,Default,Default,Default,Default,Default,Default,Default,Default,Default,Default,Default,Default,Default,Default,Default,Default,Default,Default,Default,Default,Default,Default,Default,Default,Default,Default,Default,Default,Default,Default,Default,Default,Default,Default,DefaultJob,DocumentCount=100000,1,Workload,Actual,12,770924454,1024,752855.91,78,16,1,418944
CollapseAndFacetBenchmarks.LeanCorpus_SearchWithFacets,Rowles.LeanCorpus.Benchmarks,CollapseAndFacetBenchmarks,LeanCorpus_SearchWithFacets,DefaultJob,Default,Default,Default,Default,Default,Default,Default,Default,Default,Default,Default,Default,Default,Default,Default,Default,Default,Default,Default,Default,Default,Default,Default,Default,Default,Default,Default,Default,Default,Default,Default,Default,Default,Default,Default,Default,Default,Default,Default,Default,Default,DefaultJob,DocumentCount=100000,1,Workload,Actual,13,761438336,1024,743592.13,78,16,1,418944
CollapseAndFacetBenchmarks.LeanCorpus_SearchWithFacets,Rowles.LeanCorpus.Benchmarks,CollapseAndFacetBenchmarks,LeanCorpus_SearchWithFacets,DefaultJob,Default,Default,Default,Default,Default,Default,Default,Default,Default,Default,Default,Default,Default,Default,Default,Default,Default,Default,Default,Default,Default,Default,Default,Default,Default,Default,Default,Default,Default,Default,Default,Default,Default,Default,Default,Default,Default,Default,Default,Default,Default,DefaultJob,DocumentCount=100000,1,Workload,Actual,14,765870886,1024,747920.79,78,16,1,418944
CollapseAndFacetBenchmarks.LeanCorpus_SearchWithFacets,Rowles.LeanCorpus.Benchmarks,CollapseAndFacetBenchmarks,LeanCorpus_SearchWithFacets,DefaultJob,Default,Default,Default,Default,Default,Default,Default,Default,Default,Default,Default,Default,Default,Default,Default,Default,Default,Default,Default,Default,Default,Default,Default,Default,Default,Default,Default,Default,Default,Default,Default,Default,Default,Default,Default,Default,Default,Default,Default,Default,Default,DefaultJob,DocumentCount=100000,1,Workload,Actual,15,758662572,1024,740881.42,78,16,1,418944
CollapseAndFacetBenchmarks.LeanCorpus_SearchWithFacets,Rowles.LeanCorpus.Benchmarks,CollapseAndFacetBenchmarks,LeanCorpus_SearchWithFacets,DefaultJob,Default,Default,Default,Default,Default,Default,Default,Default,Default,Default,Default,Default,Default,Default,Default,Default,Default,Default,Default,Default,Default,Default,Default,Default,Default,Default,Default,Default,Default,Default,Default,Default,Default,Default,Default,Default,Default,Default,Default,Default,Default,DefaultJob,DocumentCount=100000,1,Workload,Extra,1,772101316,1024,754005.19,78,16,1,418944
CollapseAndFacetBenchmarks.LeanCorpus_SearchWithFacets,Rowles.LeanCorpus.Benchmarks,CollapseAndFacetBenchmarks,LeanCorpus_SearchWithFacets,DefaultJob,Default,Default,Default,Default,Default,Default,Default,Default,Default,Default,Default,Default,Default,Default,Default,Default,Default,Default,Default,Default,Default,Default,Default,Default,Default,Default,Default,Default,Default,Default,Default,Default,Default,Default,Default,Default,Default,Default,Default,Default,Default,DefaultJob,DocumentCount=100000,1,Workload,Result,1,771266880,1024,753190.31,78,16,1,418944
CollapseAndFacetBenchmarks.LeanCorpus_SearchWithFacets,Rowles.LeanCorpus.Benchmarks,CollapseAndFacetBenchmarks,LeanCorpus_SearchWithFacets,DefaultJob,Default,Default,Default,Default,Default,Default,Default,Default,Default,Default,Default,Default,Default,Default,Default,Default,Default,Default,Default,Default,Default,Default,Default,Default,Default,Default,Default,Default,Default,Default,Default,Default,Default,Default,Default,Default,Default,Default,Default,Default,Default,DefaultJob,DocumentCount=100000,1,Workload,Result,2,769337462,1024,751306.12,78,16,1,418944
CollapseAndFacetBenchmarks.LeanCorpus_SearchWithFacets,Rowles.LeanCorpus.Benchmarks,CollapseAndFacetBenchmarks,LeanCorpus_SearchWithFacets,DefaultJob,Default,Default,Default,Default,Default,Default,Default,Default,Default,Default,Default,Default,Default,Default,Default,Default,Default,Default,Default,Default,Default,Default,Default,Default,Default,Default,Default,Default,Default,Default,Default,Default,Default,Default,Default,Default,Default,Default,Default,Default,Default,DefaultJob,DocumentCount=100000,1,Workload,Result,3,761652282,1024,743801.06,78,16,1,418944
CollapseAndFacetBenchmarks.LeanCorpus_SearchWithFacets,Rowles.LeanCorpus.Benchmarks,CollapseAndFacetBenchmarks,LeanCorpus_SearchWithFacets,DefaultJob,Default,Default,Default,Default,Default,Default,Default,Default,Default,Default,Default,Default,Default,Default,Default,Default,Default,Default,Default,Default,Default,Default,Default,Default,Default,Default,Default,Default,Default,Default,Default,Default,Default,Default,Default,Default,Default,Default,Default,Default,Default,DefaultJob,DocumentCount=100000,1,Workload,Result,4,768807916,1024,750788.98,78,16,1,418944
CollapseAndFacetBenchmarks.LeanCorpus_SearchWithFacets,Rowles.LeanCorpus.Benchmarks,CollapseAndFacetBenchmarks,LeanCorpus_SearchWithFacets,DefaultJob,Default,Default,Default,Default,Default,Default,Default,Default,Default,Default,Default,Default,Default,Default,Default,Default,Default,Default,Default,Default,Default,Default,Default,Default,Default,Default,Default,Default,Default,Default,Default,Default,Default,Default,Default,Default,Default,Default,Default,Default,Default,DefaultJob,DocumentCount=100000,1,Workload,Result,5,765516810,1024,747575.01,78,16,1,418944
CollapseAndFacetBenchmarks.LeanCorpus_SearchWithFacets,Rowles.LeanCorpus.Benchmarks,CollapseAndFacetBenchmarks,LeanCorpus_SearchWithFacets,DefaultJob,Default,Default,Default,Default,Default,Default,Default,Default,Default,Default,Default,Default,Default,Default,Default,Default,Default,Default,Default,Default,Default,Default,Default,Default,Default,Default,Default,Default,Default,Default,Default,Default,Default,Default,Default,Default,Default,Default,Default,Default,Default,DefaultJob,DocumentCount=100000,1,Workload,Result,6,765304124,1024,747367.31,78,16,1,418944
CollapseAndFacetBenchmarks.LeanCorpus_SearchWithFacets,Rowles.LeanCorpus.Benchmarks,CollapseAndFacetBenchmarks,LeanCorpus_SearchWithFacets,DefaultJob,Default,Default,Default,Default,Default,Default,Default,Default,Default,Default,Default,Default,Default,Default,Default,Default,Default,Default,Default,Default,Default,Default,Default,Default,Default,Default,Default,Default,Default,Default,Default,Default,Default,Default,Default,Default,Default,Default,Default,Default,Default,DefaultJob,DocumentCount=100000,1,Workload,Result,7,767116870,1024,749137.57,78,16,1,418944
CollapseAndFacetBenchmarks.LeanCorpus_SearchWithFacets,Rowles.LeanCorpus.Benchmarks,CollapseAndFacetBenchmarks,LeanCorpus_SearchWithFacets,DefaultJob,Default,Default,Default,Default,Default,Default,Default,Default,Default,Default,Default,Default,Default,Default,Default,Default,Default,Default,Default,Default,Default,Default,Default,Default,Default,Default,Default,Default,Default,Default,Default,Default,Default,Default,Default,Default,Default,Default,Default,Default,Default,DefaultJob,DocumentCount=100000,1,Workload,Result,8,766908365,1024,748933.95,78,16,1,418944
CollapseAndFacetBenchmarks.LeanCorpus_SearchWithFacets,Rowles.LeanCorpus.Benchmarks,CollapseAndFacetBenchmarks,LeanCorpus_SearchWithFacets,DefaultJob,Default,Default,Default,Default,Default,Default,Default,Default,Default,Default,Default,Default,Default,Default,Default,Default,Default,Default,Default,Default,Default,Default,Default,Default,Default,Default,Default,Default,Default,Default,Default,Default,Default,Default,Default,Default,Default,Default,Default,Default,Default,DefaultJob,DocumentCount=100000,1,Workload,Result,9,769879238,1024,751835.19,78,16,1,418944
CollapseAndFacetBenchmarks.LeanCorpus_SearchWithFacets,Rowles.LeanCorpus.Benchmarks,CollapseAndFacetBenchmarks,LeanCorpus_SearchWithFacets,DefaultJob,Default,Default,Default,Default,Default,Default,Default,Default,Default,Default,Default,Default,Default,Default,Default,Default,Default,Default,Default,Default,Default,Default,Default,Default,Default,Default,Default,Default,Default,Default,Default,Default,Default,Default,Default,Default,Default,Default,Default,Default,Default,DefaultJob,DocumentCount=100000,1,Workload,Result,10,768599196,1024,750585.15,78,16,1,418944
CollapseAndFacetBenchmarks.LeanCorpus_SearchWithFacets,Rowles.LeanCorpus.Benchmarks,CollapseAndFacetBenchmarks,LeanCorpus_SearchWithFacets,DefaultJob,Default,Default,Default,Default,Default,Default,Default,Default,Default,Default,Default,Default,Default,Default,Default,Default,Default,Default,Default,Default,Default,Default,Default,Default,Default,Default,Default,Default,Default,Default,Default,Default,Default,Default,Default,Default,Default,Default,Default,Default,Default,DefaultJob,DocumentCount=100000,1,Workload,Result,11,769338051,1024,751306.69,78,16,1,418944
CollapseAndFacetBenchmarks.LeanCorpus_SearchWithFacets,Rowles.LeanCorpus.Benchmarks,CollapseAndFacetBenchmarks,LeanCorpus_SearchWithFacets,DefaultJob,Default,Default,Default,Default,Default,Default,Default,Default,Default,Default,Default,Default,Default,Default,Default,Default,Default,Default,Default,Default,Default,Default,Default,Default,Default,Default,Default,Default,Default,Default,Default,Default,Default,Default,Default,Default,Default,Default,Default,Default,Default,DefaultJob,DocumentCount=100000,1,Workload,Result,12,770924454,1024,752855.91,78,16,1,418944
CollapseAndFacetBenchmarks.LeanCorpus_SearchWithFacets,Rowles.LeanCorpus.Benchmarks,CollapseAndFacetBenchmarks,LeanCorpus_SearchWithFacets,DefaultJob,Default,Default,Default,Default,Default,Default,Default,Default,Default,Default,Default,Default,Default,Default,Default,Default,Default,Default,Default,Default,Default,Default,Default,Default,Default,Default,Default,Default,Default,Default,Default,Default,Default,Default,Default,Default,Default,Default,Default,Default,Default,DefaultJob,DocumentCount=100000,1,Workload,Result,13,761438336,1024,743592.13,78,16,1,418944
CollapseAndFacetBenchmarks.LeanCorpus_SearchWithFacets,Rowles.LeanCorpus.Benchmarks,CollapseAndFacetBenchmarks,LeanCorpus_SearchWithFacets,DefaultJob,Default,Default,Default,Default,Default,Default,Default,Default,Default,Default,Default,Default,Default,Default,Default,Default,Default,Default,Default,Default,Default,Default,Default,Default,Default,Default,Default,Default,Default,Default,Default,Default,Default,Default,Default,Default,Default,Default,Default,Default,Default,DefaultJob,DocumentCount=100000,1,Workload,Result,14,765870886,1024,747920.79,78,16,1,418944
CollapseAndFacetBenchmarks.LeanCorpus_SearchWithFacets,Rowles.LeanCorpus.Benchmarks,CollapseAndFacetBenchmarks,LeanCorpus_SearchWithFacets,DefaultJob,Default,Default,Default,Default,Default,Default,Default,Default,Default,Default,Default,Default,Default,Default,Default,Default,Default,Default,Default,Default,Default,Default,Default,Default,Default,Default,Default,Default,Default,Default,Default,Default,Default,Default,Default,Default,Default,Default,Default,Default,Default,DefaultJob,DocumentCount=100000,1,Workload,Result,15,758662572,1024,740881.42,78,16,1,418944
CollapseAndFacetBenchmarks.LeanCorpus_SearchWithCollapseAndFacets,Rowles.LeanCorpus.Benchmarks,CollapseAndFacetBenchmarks,LeanCorpus_SearchWithCollapseAndFacets,DefaultJob,Default,Default,Default,Default,Default,Default,Default,Default,Default,Default,Default,Default,Default,Default,Default,Default,Default,Default,Default,Default,Default,Default,Default,Default,Default,Default,Default,Default,Default,Default,Default,Default,Default,Default,Default,Default,Default,Default,Default,Default,Default,DefaultJob,DocumentCount=100000,1,Workload,Jitting,1,100073034,1,100073034,39,4,0,423032
CollapseAndFacetBenchmarks.LeanCorpus_SearchWithCollapseAndFacets,Rowles.LeanCorpus.Benchmarks,CollapseAndFacetBenchmarks,LeanCorpus_SearchWithCollapseAndFacets,DefaultJob,Default,Default,Default,Default,Default,Default,Default,Default,Default,Default,Default,Default,Default,Default,Default,Default,Default,Default,Default,Default,Default,Default,Default,Default,Default,Default,Default,Default,Default,Default,Default,Default,Default,Default,Default,Default,Default,Default,Default,Default,Default,DefaultJob,DocumentCount=100000,1,Workload,Jitting,2,58270441,30,1942348.03,39,4,0,423032
CollapseAndFacetBenchmarks.LeanCorpus_SearchWithCollapseAndFacets,Rowles.LeanCorpus.Benchmarks,CollapseAndFacetBenchmarks,LeanCorpus_SearchWithCollapseAndFacets,DefaultJob,Default,Default,Default,Default,Default,Default,Default,Default,Default,Default,Default,Default,Default,Default,Default,Default,Default,Default,Default,Default,Default,Default,Default,Default,Default,Default,Default,Default,Default,Default,Default,Default,Default,Default,Default,Default,Default,Default,Default,Default,Default,DefaultJob,DocumentCount=100000,1,Workload,Jitting,3,44390563,30,1479685.43,39,4,0,423032
CollapseAndFacetBenchmarks.LeanCorpus_SearchWithCollapseAndFacets,Rowles.LeanCorpus.Benchmarks,CollapseAndFacetBenchmarks,LeanCorpus_SearchWithCollapseAndFacets,DefaultJob,Default,Default,Default,Default,Default,Default,Default,Default,Default,Default,Default,Default,Default,Default,Default,Default,Default,Default,Default,Default,Default,Default,Default,Default,Default,Default,Default,Default,Default,Default,Default,Default,Default,Default,Default,Default,Default,Default,Default,Default,Default,DefaultJob,DocumentCount=100000,1,Workload,Jitting,4,42327676,30,1410922.53,39,4,0,423032
CollapseAndFacetBenchmarks.LeanCorpus_SearchWithCollapseAndFacets,Rowles.LeanCorpus.Benchmarks,CollapseAndFacetBenchmarks,LeanCorpus_SearchWithCollapseAndFacets,DefaultJob,Default,Default,Default,Default,Default,Default,Default,Default,Default,Default,Default,Default,Default,Default,Default,Default,Default,Default,Default,Default,Default,Default,Default,Default,Default,Default,Default,Default,Default,Default,Default,Default,Default,Default,Default,Default,Default,Default,Default,Default,Default,DefaultJob,DocumentCount=100000,1,Workload,Jitting,5,1646559,1,1646559,39,4,0,423032
CollapseAndFacetBenchmarks.LeanCorpus_SearchWithCollapseAndFacets,Rowles.LeanCorpus.Benchmarks,CollapseAndFacetBenchmarks,LeanCorpus_SearchWithCollapseAndFacets,DefaultJob,Default,Default,Default,Default,Default,Default,Default,Default,Default,Default,Default,Default,Default,Default,Default,Default,Default,Default,Default,Default,Default,Default,Default,Default,Default,Default,Default,Default,Default,Default,Default,Default,Default,Default,Default,Default,Default,Default,Default,Default,Default,DefaultJob,DocumentCount=100000,1,Workload,Pilot,1,1613476,1,1613476,39,4,0,423032
CollapseAndFacetBenchmarks.LeanCorpus_SearchWithCollapseAndFacets,Rowles.LeanCorpus.Benchmarks,CollapseAndFacetBenchmarks,LeanCorpus_SearchWithCollapseAndFacets,DefaultJob,Default,Default,Default,Default,Default,Default,Default,Default,Default,Default,Default,Default,Default,Default,Default,Default,Default,Default,Default,Default,Default,Default,Default,Default,Default,Default,Default,Default,Default,Default,Default,Default,Default,Default,Default,Default,Default,Default,Default,Default,Default,DefaultJob,DocumentCount=100000,1,Workload,Pilot,1,25366999,16,1585437.44,39,4,0,423032
CollapseAndFacetBenchmarks.LeanCorpus_SearchWithCollapseAndFacets,Rowles.LeanCorpus.Benchmarks,CollapseAndFacetBenchmarks,LeanCorpus_SearchWithCollapseAndFacets,DefaultJob,Default,Default,Default,Default,Default,Default,Default,Default,Default,Default,Default,Default,Default,Default,Default,Default,Default,Default,Default,Default,Default,Default,Default,Default,Default,Default,Default,Default,Default,Default,Default,Default,Default,Default,Default,Default,Default,Default,Default,Default,Default,DefaultJob,DocumentCount=100000,1,Workload,Pilot,2,46551650,32,1454739.06,39,4,0,423032
CollapseAndFacetBenchmarks.LeanCorpus_SearchWithCollapseAndFacets,Rowles.LeanCorpus.Benchmarks,CollapseAndFacetBenchmarks,LeanCorpus_SearchWithCollapseAndFacets,DefaultJob,Default,Default,Default,Default,Default,Default,Default,Default,Default,Default,Default,Default,Default,Default,Default,Default,Default,Default,Default,Default,Default,Default,Default,Default,Default,Default,Default,Default,Default,Default,Default,Default,Default,Default,Default,Default,Default,Default,Default,Default,Default,DefaultJob,DocumentCount=100000,1,Workload,Pilot,3,89375168,64,1396487,39,4,0,423032
CollapseAndFacetBenchmarks.LeanCorpus_SearchWithCollapseAndFacets,Rowles.LeanCorpus.Benchmarks,CollapseAndFacetBenchmarks,LeanCorpus_SearchWithCollapseAndFacets,DefaultJob,Default,Default,Default,Default,Default,Default,Default,Default,Default,Default,Default,Default,Default,Default,Default,Default,Default,Default,Default,Default,Default,Default,Default,Default,Default,Default,Default,Default,Default,Default,Default,Default,Default,Default,Default,Default,Default,Default,Default,Default,Default,DefaultJob,DocumentCount=100000,1,Workload,Pilot,4,175844285,128,1373783.48,39,4,0,423032
CollapseAndFacetBenchmarks.LeanCorpus_SearchWithCollapseAndFacets,Rowles.LeanCorpus.Benchmarks,CollapseAndFacetBenchmarks,LeanCorpus_SearchWithCollapseAndFacets,DefaultJob,Default,Default,Default,Default,Default,Default,Default,Default,Default,Default,Default,Default,Default,Default,Default,Default,Default,Default,Default,Default,Default,Default,Default,Default,Default,Default,Default,Default,Default,Default,Default,Default,Default,Default,Default,Default,Default,Default,Default,Default,Default,DefaultJob,DocumentCount=100000,1,Workload,Pilot,5,348367794,256,1360811.7,39,4,0,423032
CollapseAndFacetBenchmarks.LeanCorpus_SearchWithCollapseAndFacets,Rowles.LeanCorpus.Benchmarks,CollapseAndFacetBenchmarks,LeanCorpus_SearchWithCollapseAndFacets,DefaultJob,Default,Default,Default,Default,Default,Default,Default,Default,Default,Default,Default,Default,Default,Default,Default,Default,Default,Default,Default,Default,Default,Default,Default,Default,Default,Default,Default,Default,Default,Default,Default,Default,Default,Default,Default,Default,Default,Default,Default,Default,Default,DefaultJob,DocumentCount=100000,1,Workload,Pilot,6,696613975,512,1360574.17,39,4,0,423032
CollapseAndFacetBenchmarks.LeanCorpus_SearchWithCollapseAndFacets,Rowles.LeanCorpus.Benchmarks,CollapseAndFacetBenchmarks,LeanCorpus_SearchWithCollapseAndFacets,DefaultJob,Default,Default,Default,Default,Default,Default,Default,Default,Default,Default,Default,Default,Default,Default,Default,Default,Default,Default,Default,Default,Default,Default,Default,Default,Default,Default,Default,Default,Default,Default,Default,Default,Default,Default,Default,Default,Default,Default,Default,Default,Default,DefaultJob,DocumentCount=100000,1,Workload,Warmup,1,695890142,512,1359160.43,39,4,0,423032
CollapseAndFacetBenchmarks.LeanCorpus_SearchWithCollapseAndFacets,Rowles.LeanCorpus.Benchmarks,CollapseAndFacetBenchmarks,LeanCorpus_SearchWithCollapseAndFacets,DefaultJob,Default,Default,Default,Default,Default,Default,Default,Default,Default,Default,Default,Default,Default,Default,Default,Default,Default,Default,Default,Default,Default,Default,Default,Default,Default,Default,Default,Default,Default,Default,Default,Default,Default,Default,Default,Default,Default,Default,Default,Default,Default,DefaultJob,DocumentCount=100000,1,Workload,Warmup,2,693204205,512,1353914.46,39,4,0,423032
CollapseAndFacetBenchmarks.LeanCorpus_SearchWithCollapseAndFacets,Rowles.LeanCorpus.Benchmarks,CollapseAndFacetBenchmarks,LeanCorpus_SearchWithCollapseAndFacets,DefaultJob,Default,Default,Default,Default,Default,Default,Default,Default,Default,Default,Default,Default,Default,Default,Default,Default,Default,Default,Default,Default,Default,Default,Default,Default,Default,Default,Default,Default,Default,Default,Default,Default,Default,Default,Default,Default,Default,Default,Default,Default,Default,DefaultJob,DocumentCount=100000,1,Workload,Warmup,3,695087718,512,1357593.2,39,4,0,423032
CollapseAndFacetBenchmarks.LeanCorpus_SearchWithCollapseAndFacets,Rowles.LeanCorpus.Benchmarks,CollapseAndFacetBenchmarks,LeanCorpus_SearchWithCollapseAndFacets,DefaultJob,Default,Default,Default,Default,Default,Default,Default,Default,Default,Default,Default,Default,Default,Default,Default,Default,Default,Default,Default,Default,Default,Default,Default,Default,Default,Default,Default,Default,Default,Default,Default,Default,Default,Default,Default,Default,Default,Default,Default,Default,Default,DefaultJob,DocumentCount=100000,1,Workload,Warmup,4,692111827,512,1351780.91,39,4,0,423032
CollapseAndFacetBenchmarks.LeanCorpus_SearchWithCollapseAndFacets,Rowles.LeanCorpus.Benchmarks,CollapseAndFacetBenchmarks,LeanCorpus_SearchWithCollapseAndFacets,DefaultJob,Default,Default,Default,Default,Default,Default,Default,Default,Default,Default,Default,Default,Default,Default,Default,Default,Default,Default,Default,Default,Default,Default,Default,Default,Default,Default,Default,Default,Default,Default,Default,Default,Default,Default,Default,Default,Default,Default,Default,Default,Default,DefaultJob,DocumentCount=100000,1,Workload,Warmup,5,696504169,512,1360359.71,39,4,0,423032
CollapseAndFacetBenchmarks.LeanCorpus_SearchWithCollapseAndFacets,Rowles.LeanCorpus.Benchmarks,CollapseAndFacetBenchmarks,LeanCorpus_SearchWithCollapseAndFacets,DefaultJob,Default,Default,Default,Default,Default,Default,Default,Default,Default,Default,Default,Default,Default,Default,Default,Default,Default,Default,Default,Default,Default,Default,Default,Default,Default,Default,Default,Default,Default,Default,Default,Default,Default,Default,Default,Default,Default,Default,Default,Default,Default,DefaultJob,DocumentCount=100000,1,Workload,Warmup,6,697053896,512,1361433.39,39,4,0,423032
CollapseAndFacetBenchmarks.LeanCorpus_SearchWithCollapseAndFacets,Rowles.LeanCorpus.Benchmarks,CollapseAndFacetBenchmarks,LeanCorpus_SearchWithCollapseAndFacets,DefaultJob,Default,Default,Default,Default,Default,Default,Default,Default,Default,Default,Default,Default,Default,Default,Default,Default,Default,Default,Default,Default,Default,Default,Default,Default,Default,Default,Default,Default,Default,Default,Default,Default,Default,Default,Default,Default,Default,Default,Default,Default,Default,DefaultJob,DocumentCount=100000,1,Workload,Warmup,7,694710162,512,1356855.79,39,4,0,423032
CollapseAndFacetBenchmarks.LeanCorpus_SearchWithCollapseAndFacets,Rowles.LeanCorpus.Benchmarks,CollapseAndFacetBenchmarks,LeanCorpus_SearchWithCollapseAndFacets,DefaultJob,Default,Default,Default,Default,Default,Default,Default,Default,Default,Default,Default,Default,Default,Default,Default,Default,Default,Default,Default,Default,Default,Default,Default,Default,Default,Default,Default,Default,Default,Default,Default,Default,Default,Default,Default,Default,Default,Default,Default,Default,Default,DefaultJob,DocumentCount=100000,1,Workload,Actual,1,697932620,512,1363149.65,39,4,0,423032
CollapseAndFacetBenchmarks.LeanCorpus_SearchWithCollapseAndFacets,Rowles.LeanCorpus.Benchmarks,CollapseAndFacetBenchmarks,LeanCorpus_SearchWithCollapseAndFacets,DefaultJob,Default,Default,Default,Default,Default,Default,Default,Default,Default,Default,Default,Default,Default,Default,Default,Default,Default,Default,Default,Default,Default,Default,Default,Default,Default,Default,Default,Default,Default,Default,Default,Default,Default,Default,Default,Default,Default,Default,Default,Default,Default,DefaultJob,DocumentCount=100000,1,Workload,Actual,2,693191391,512,1353889.44,39,4,0,423032
CollapseAndFacetBenchmarks.LeanCorpus_SearchWithCollapseAndFacets,Rowles.LeanCorpus.Benchmarks,CollapseAndFacetBenchmarks,LeanCorpus_SearchWithCollapseAndFacets,DefaultJob,Default,Default,Default,Default,Default,Default,Default,Default,Default,Default,Default,Default,Default,Default,Default,Default,Default,Default,Default,Default,Default,Default,Default,Default,Default,Default,Default,Default,Default,Default,Default,Default,Default,Default,Default,Default,Default,Default,Default,Default,Default,DefaultJob,DocumentCount=100000,1,Workload,Actual,3,686061727,512,1339964.31,39,4,0,423032
CollapseAndFacetBenchmarks.LeanCorpus_SearchWithCollapseAndFacets,Rowles.LeanCorpus.Benchmarks,CollapseAndFacetBenchmarks,LeanCorpus_SearchWithCollapseAndFacets,DefaultJob,Default,Default,Default,Default,Default,Default,Default,Default,Default,Default,Default,Default,Default,Default,Default,Default,Default,Default,Default,Default,Default,Default,Default,Default,Default,Default,Default,Default,Default,Default,Default,Default,Default,Default,Default,Default,Default,Default,Default,Default,Default,DefaultJob,DocumentCount=100000,1,Workload,Actual,4,684380333,512,1336680.34,39,4,0,423032
CollapseAndFacetBenchmarks.LeanCorpus_SearchWithCollapseAndFacets,Rowles.LeanCorpus.Benchmarks,CollapseAndFacetBenchmarks,LeanCorpus_SearchWithCollapseAndFacets,DefaultJob,Default,Default,Default,Default,Default,Default,Default,Default,Default,Default,Default,Default,Default,Default,Default,Default,Default,Default,Default,Default,Default,Default,Default,Default,Default,Default,Default,Default,Default,Default,Default,Default,Default,Default,Default,Default,Default,Default,Default,Default,Default,DefaultJob,DocumentCount=100000,1,Workload,Actual,5,686607037,512,1341029.37,39,4,0,423032
CollapseAndFacetBenchmarks.LeanCorpus_SearchWithCollapseAndFacets,Rowles.LeanCorpus.Benchmarks,CollapseAndFacetBenchmarks,LeanCorpus_SearchWithCollapseAndFacets,DefaultJob,Default,Default,Default,Default,Default,Default,Default,Default,Default,Default,Default,Default,Default,Default,Default,Default,Default,Default,Default,Default,Default,Default,Default,Default,Default,Default,Default,Default,Default,Default,Default,Default,Default,Default,Default,Default,Default,Default,Default,Default,Default,DefaultJob,DocumentCount=100000,1,Workload,Actual,6,695613424,512,1358619.97,39,4,0,423032
CollapseAndFacetBenchmarks.LeanCorpus_SearchWithCollapseAndFacets,Rowles.LeanCorpus.Benchmarks,CollapseAndFacetBenchmarks,LeanCorpus_SearchWithCollapseAndFacets,DefaultJob,Default,Default,Default,Default,Default,Default,Default,Default,Default,Default,Default,Default,Default,Default,Default,Default,Default,Default,Default,Default,Default,Default,Default,Default,Default,Default,Default,Default,Default,Default,Default,Default,Default,Default,Default,Default,Default,Default,Default,Default,Default,DefaultJob,DocumentCount=100000,1,Workload,Actual,7,695712668,512,1358813.8,39,4,0,423032
CollapseAndFacetBenchmarks.LeanCorpus_SearchWithCollapseAndFacets,Rowles.LeanCorpus.Benchmarks,CollapseAndFacetBenchmarks,LeanCorpus_SearchWithCollapseAndFacets,DefaultJob,Default,Default,Default,Default,Default,Default,Default,Default,Default,Default,Default,Default,Default,Default,Default,Default,Default,Default,Default,Default,Default,Default,Default,Default,Default,Default,Default,Default,Default,Default,Default,Default,Default,Default,Default,Default,Default,Default,Default,Default,Default,DefaultJob,DocumentCount=100000,1,Workload,Actual,8,691586690,512,1350755.25,39,4,0,423032
CollapseAndFacetBenchmarks.LeanCorpus_SearchWithCollapseAndFacets,Rowles.LeanCorpus.Benchmarks,CollapseAndFacetBenchmarks,LeanCorpus_SearchWithCollapseAndFacets,DefaultJob,Default,Default,Default,Default,Default,Default,Default,Default,Default,Default,Default,Default,Default,Default,Default,Default,Default,Default,Default,Default,Default,Default,Default,Default,Default,Default,Default,Default,Default,Default,Default,Default,Default,Default,Default,Default,Default,Default,Default,Default,Default,DefaultJob,DocumentCount=100000,1,Workload,Actual,9,691833163,512,1351236.65,39,4,0,423032
CollapseAndFacetBenchmarks.LeanCorpus_SearchWithCollapseAndFacets,Rowles.LeanCorpus.Benchmarks,CollapseAndFacetBenchmarks,LeanCorpus_SearchWithCollapseAndFacets,DefaultJob,Default,Default,Default,Default,Default,Default,Default,Default,Default,Default,Default,Default,Default,Default,Default,Default,Default,Default,Default,Default,Default,Default,Default,Default,Default,Default,Default,Default,Default,Default,Default,Default,Default,Default,Default,Default,Default,Default,Default,Default,Default,DefaultJob,DocumentCount=100000,1,Workload,Actual,10,695528344,512,1358453.8,39,4,0,423032
CollapseAndFacetBenchmarks.LeanCorpus_SearchWithCollapseAndFacets,Rowles.LeanCorpus.Benchmarks,CollapseAndFacetBenchmarks,LeanCorpus_SearchWithCollapseAndFacets,DefaultJob,Default,Default,Default,Default,Default,Default,Default,Default,Default,Default,Default,Default,Default,Default,Default,Default,Default,Default,Default,Default,Default,Default,Default,Default,Default,Default,Default,Default,Default,Default,Default,Default,Default,Default,Default,Default,Default,Default,Default,Default,Default,DefaultJob,DocumentCount=100000,1,Workload,Actual,11,693915051,512,1355302.83,39,4,0,423032
CollapseAndFacetBenchmarks.LeanCorpus_SearchWithCollapseAndFacets,Rowles.LeanCorpus.Benchmarks,CollapseAndFacetBenchmarks,LeanCorpus_SearchWithCollapseAndFacets,DefaultJob,Default,Default,Default,Default,Default,Default,Default,Default,Default,Default,Default,Default,Default,Default,Default,Default,Default,Default,Default,Default,Default,Default,Default,Default,Default,Default,Default,Default,Default,Default,Default,Default,Default,Default,Default,Default,Default,Default,Default,Default,Default,DefaultJob,DocumentCount=100000,1,Workload,Actual,12,695050773,512,1357521.04,39,4,0,423032
CollapseAndFacetBenchmarks.LeanCorpus_SearchWithCollapseAndFacets,Rowles.LeanCorpus.Benchmarks,CollapseAndFacetBenchmarks,LeanCorpus_SearchWithCollapseAndFacets,DefaultJob,Default,Default,Default,Default,Default,Default,Default,Default,Default,Default,Default,Default,Default,Default,Default,Default,Default,Default,Default,Default,Default,Default,Default,Default,Default,Default,Default,Default,Default,Default,Default,Default,Default,Default,Default,Default,Default,Default,Default,Default,Default,DefaultJob,DocumentCount=100000,1,Workload,Actual,13,694573241,512,1356588.36,39,4,0,423032
CollapseAndFacetBenchmarks.LeanCorpus_SearchWithCollapseAndFacets,Rowles.LeanCorpus.Benchmarks,CollapseAndFacetBenchmarks,LeanCorpus_SearchWithCollapseAndFacets,DefaultJob,Default,Default,Default,Default,Default,Default,Default,Default,Default,Default,Default,Default,Default,Default,Default,Default,Default,Default,Default,Default,Default,Default,Default,Default,Default,Default,Default,Default,Default,Default,Default,Default,Default,Default,Default,Default,Default,Default,Default,Default,Default,DefaultJob,DocumentCount=100000,1,Workload,Actual,14,693816744,512,1355110.83,39,4,0,423032
CollapseAndFacetBenchmarks.LeanCorpus_SearchWithCollapseAndFacets,Rowles.LeanCorpus.Benchmarks,CollapseAndFacetBenchmarks,LeanCorpus_SearchWithCollapseAndFacets,DefaultJob,Default,Default,Default,Default,Default,Default,Default,Default,Default,Default,Default,Default,Default,Default,Default,Default,Default,Default,Default,Default,Default,Default,Default,Default,Default,Default,Default,Default,Default,Default,Default,Default,Default,Default,Default,Default,Default,Default,Default,Default,Default,DefaultJob,DocumentCount=100000,1,Workload,Actual,15,695552505,512,1358500.99,39,4,0,423032
CollapseAndFacetBenchmarks.LeanCorpus_SearchWithCollapseAndFacets,Rowles.LeanCorpus.Benchmarks,CollapseAndFacetBenchmarks,LeanCorpus_SearchWithCollapseAndFacets,DefaultJob,Default,Default,Default,Default,Default,Default,Default,Default,Default,Default,Default,Default,Default,Default,Default,Default,Default,Default,Default,Default,Default,Default,Default,Default,Default,Default,Default,Default,Default,Default,Default,Default,Default,Default,Default,Default,Default,Default,Default,Default,Default,DefaultJob,DocumentCount=100000,1,Workload,Extra,1,704090727,512,1375177.2,39,4,0,423032
CollapseAndFacetBenchmarks.LeanCorpus_SearchWithCollapseAndFacets,Rowles.LeanCorpus.Benchmarks,CollapseAndFacetBenchmarks,LeanCorpus_SearchWithCollapseAndFacets,DefaultJob,Default,Default,Default,Default,Default,Default,Default,Default,Default,Default,Default,Default,Default,Default,Default,Default,Default,Default,Default,Default,Default,Default,Default,Default,Default,Default,Default,Default,Default,Default,Default,Default,Default,Default,Default,Default,Default,Default,Default,Default,Default,DefaultJob,DocumentCount=100000,1,Workload,Result,1,697932620,512,1363149.65,39,4,0,423032
CollapseAndFacetBenchmarks.LeanCorpus_SearchWithCollapseAndFacets,Rowles.LeanCorpus.Benchmarks,CollapseAndFacetBenchmarks,LeanCorpus_SearchWithCollapseAndFacets,DefaultJob,Default,Default,Default,Default,Default,Default,Default,Default,Default,Default,Default,Default,Default,Default,Default,Default,Default,Default,Default,Default,Default,Default,Default,Default,Default,Default,Default,Default,Default,Default,Default,Default,Default,Default,Default,Default,Default,Default,Default,Default,Default,DefaultJob,DocumentCount=100000,1,Workload,Result,2,693191391,512,1353889.44,39,4,0,423032
CollapseAndFacetBenchmarks.LeanCorpus_SearchWithCollapseAndFacets,Rowles.LeanCorpus.Benchmarks,CollapseAndFacetBenchmarks,LeanCorpus_SearchWithCollapseAndFacets,DefaultJob,Default,Default,Default,Default,Default,Default,Default,Default,Default,Default,Default,Default,Default,Default,Default,Default,Default,Default,Default,Default,Default,Default,Default,Default,Default,Default,Default,Default,Default,Default,Default,Default,Default,Default,Default,Default,Default,Default,Default,Default,Default,DefaultJob,DocumentCount=100000,1,Workload,Result,3,686061727,512,1339964.31,39,4,0,423032
CollapseAndFacetBenchmarks.LeanCorpus_SearchWithCollapseAndFacets,Rowles.LeanCorpus.Benchmarks,CollapseAndFacetBenchmarks,LeanCorpus_SearchWithCollapseAndFacets,DefaultJob,Default,Default,Default,Default,Default,Default,Default,Default,Default,Default,Default,Default,Default,Default,Default,Default,Default,Default,Default,Default,Default,Default,Default,Default,Default,Default,Default,Default,Default,Default,Default,Default,Default,Default,Default,Default,Default,Default,Default,Default,Default,DefaultJob,DocumentCount=100000,1,Workload,Result,4,684380333,512,1336680.34,39,4,0,423032
CollapseAndFacetBenchmarks.LeanCorpus_SearchWithCollapseAndFacets,Rowles.LeanCorpus.Benchmarks,CollapseAndFacetBenchmarks,LeanCorpus_SearchWithCollapseAndFacets,DefaultJob,Default,Default,Default,Default,Default,Default,Default,Default,Default,Default,Default,Default,Default,Default,Default,Default,Default,Default,Default,Default,Default,Default,Default,Default,Default,Default,Default,Default,Default,Default,Default,Default,Default,Default,Default,Default,Default,Default,Default,Default,Default,DefaultJob,DocumentCount=100000,1,Workload,Result,5,686607037,512,1341029.37,39,4,0,423032
CollapseAndFacetBenchmarks.LeanCorpus_SearchWithCollapseAndFacets,Rowles.LeanCorpus.Benchmarks,CollapseAndFacetBenchmarks,LeanCorpus_SearchWithCollapseAndFacets,DefaultJob,Default,Default,Default,Default,Default,Default,Default,Default,Default,Default,Default,Default,Default,Default,Default,Default,Default,Default,Default,Default,Default,Default,Default,Default,Default,Default,Default,Default,Default,Default,Default,Default,Default,Default,Default,Default,Default,Default,Default,Default,Default,DefaultJob,DocumentCount=100000,1,Workload,Result,6,695613424,512,1358619.97,39,4,0,423032
CollapseAndFacetBenchmarks.LeanCorpus_SearchWithCollapseAndFacets,Rowles.LeanCorpus.Benchmarks,CollapseAndFacetBenchmarks,LeanCorpus_SearchWithCollapseAndFacets,DefaultJob,Default,Default,Default,Default,Default,Default,Default,Default,Default,Default,Default,Default,Default,Default,Default,Default,Default,Default,Default,Default,Default,Default,Default,Default,Default,Default,Default,Default,Default,Default,Default,Default,Default,Default,Default,Default,Default,Default,Default,Default,Default,DefaultJob,DocumentCount=100000,1,Workload,Result,7,695712668,512,1358813.8,39,4,0,423032
CollapseAndFacetBenchmarks.LeanCorpus_SearchWithCollapseAndFacets,Rowles.LeanCorpus.Benchmarks,CollapseAndFacetBenchmarks,LeanCorpus_SearchWithCollapseAndFacets,DefaultJob,Default,Default,Default,Default,Default,Default,Default,Default,Default,Default,Default,Default,Default,Default,Default,Default,Default,Default,Default,Default,Default,Default,Default,Default,Default,Default,Default,Default,Default,Default,Default,Default,Default,Default,Default,Default,Default,Default,Default,Default,Default,DefaultJob,DocumentCount=100000,1,Workload,Result,8,691586690,512,1350755.25,39,4,0,423032
CollapseAndFacetBenchmarks.LeanCorpus_SearchWithCollapseAndFacets,Rowles.LeanCorpus.Benchmarks,CollapseAndFacetBenchmarks,LeanCorpus_SearchWithCollapseAndFacets,DefaultJob,Default,Default,Default,Default,Default,Default,Default,Default,Default,Default,Default,Default,Default,Default,Default,Default,Default,Default,Default,Default,Default,Default,Default,Default,Default,Default,Default,Default,Default,Default,Default,Default,Default,Default,Default,Default,Default,Default,Default,Default,Default,DefaultJob,DocumentCount=100000,1,Workload,Result,9,691833163,512,1351236.65,39,4,0,423032
CollapseAndFacetBenchmarks.LeanCorpus_SearchWithCollapseAndFacets,Rowles.LeanCorpus.Benchmarks,CollapseAndFacetBenchmarks,LeanCorpus_SearchWithCollapseAndFacets,DefaultJob,Default,Default,Default,Default,Default,Default,Default,Default,Default,Default,Default,Default,Default,Default,Default,Default,Default,Default,Default,Default,Default,Default,Default,Default,Default,Default,Default,Default,Default,Default,Default,Default,Default,Default,Default,Default,Default,Default,Default,Default,Default,DefaultJob,DocumentCount=100000,1,Workload,Result,10,695528344,512,1358453.8,39,4,0,423032
CollapseAndFacetBenchmarks.LeanCorpus_SearchWithCollapseAndFacets,Rowles.LeanCorpus.Benchmarks,CollapseAndFacetBenchmarks,LeanCorpus_SearchWithCollapseAndFacets,DefaultJob,Default,Default,Default,Default,Default,Default,Default,Default,Default,Default,Default,Default,Default,Default,Default,Default,Default,Default,Default,Default,Default,Default,Default,Default,Default,Default,Default,Default,Default,Default,Default,Default,Default,Default,Default,Default,Default,Default,Default,Default,Default,DefaultJob,DocumentCount=100000,1,Workload,Result,11,693915051,512,1355302.83,39,4,0,423032
CollapseAndFacetBenchmarks.LeanCorpus_SearchWithCollapseAndFacets,Rowles.LeanCorpus.Benchmarks,CollapseAndFacetBenchmarks,LeanCorpus_SearchWithCollapseAndFacets,DefaultJob,Default,Default,Default,Default,Default,Default,Default,Default,Default,Default,Default,Default,Default,Default,Default,Default,Default,Default,Default,Default,Default,Default,Default,Default,Default,Default,Default,Default,Default,Default,Default,Default,Default,Default,Default,Default,Default,Default,Default,Default,Default,DefaultJob,DocumentCount=100000,1,Workload,Result,12,695050773,512,1357521.04,39,4,0,423032
CollapseAndFacetBenchmarks.LeanCorpus_SearchWithCollapseAndFacets,Rowles.LeanCorpus.Benchmarks,CollapseAndFacetBenchmarks,LeanCorpus_SearchWithCollapseAndFacets,DefaultJob,Default,Default,Default,Default,Default,Default,Default,Default,Default,Default,Default,Default,Default,Default,Default,Default,Default,Default,Default,Default,Default,Default,Default,Default,Default,Default,Default,Default,Default,Default,Default,Default,Default,Default,Default,Default,Default,Default,Default,Default,Default,DefaultJob,DocumentCount=100000,1,Workload,Result,13,694573241,512,1356588.36,39,4,0,423032
CollapseAndFacetBenchmarks.LeanCorpus_SearchWithCollapseAndFacets,Rowles.LeanCorpus.Benchmarks,CollapseAndFacetBenchmarks,LeanCorpus_SearchWithCollapseAndFacets,DefaultJob,Default,Default,Default,Default,Default,Default,Default,Default,Default,Default,Default,Default,Default,Default,Default,Default,Default,Default,Default,Default,Default,Default,Default,Default,Default,Default,Default,Default,Default,Default,Default,Default,Default,Default,Default,Default,Default,Default,Default,Default,Default,DefaultJob,DocumentCount=100000,1,Workload,Result,14,693816744,512,1355110.83,39,4,0,423032
CollapseAndFacetBenchmarks.LeanCorpus_SearchWithCollapseAndFacets,Rowles.LeanCorpus.Benchmarks,CollapseAndFacetBenchmarks,LeanCorpus_SearchWithCollapseAndFacets,DefaultJob,Default,Default,Default,Default,Default,Default,Default,Default,Default,Default,Default,Default,Default,Default,Default,Default,Default,Default,Default,Default,Default,Default,Default,Default,Default,Default,Default,Default,Default,Default,Default,Default,Default,Default,Default,Default,Default,Default,Default,Default,Default,DefaultJob,DocumentCount=100000,1,Workload,Result,15,695552505,512,1358500.99,39,4,0,423032
CollapseAndFacetBenchmarks.LuceneNet_TermQuery,Rowles.LeanCorpus.Benchmarks,CollapseAndFacetBenchmarks,LuceneNet_TermQuery,DefaultJob,Default,Default,Default,Default,Default,Default,Default,Default,Default,Default,Default,Default,Default,Default,Default,Default,Default,Default,Default,Default,Default,Default,Default,Default,Default,Default,Default,Default,Default,Default,Default,Default,Default,Default,Default,Default,Default,Default,Default,Default,Default,DefaultJob,DocumentCount=100000,1,Workload,Jitting,1,22430912,1,22430912,48,1,0,50392
CollapseAndFacetBenchmarks.LuceneNet_TermQuery,Rowles.LeanCorpus.Benchmarks,CollapseAndFacetBenchmarks,LuceneNet_TermQuery,DefaultJob,Default,Default,Default,Default,Default,Default,Default,Default,Default,Default,Default,Default,Default,Default,Default,Default,Default,Default,Default,Default,Default,Default,Default,Default,Default,Default,Default,Default,Default,Default,Default,Default,Default,Default,Default,Default,Default,Default,Default,Default,Default,DefaultJob,DocumentCount=100000,1,Workload,Jitting,2,14773420,30,492447.33,48,1,0,50392
CollapseAndFacetBenchmarks.LuceneNet_TermQuery,Rowles.LeanCorpus.Benchmarks,CollapseAndFacetBenchmarks,LuceneNet_TermQuery,DefaultJob,Default,Default,Default,Default,Default,Default,Default,Default,Default,Default,Default,Default,Default,Default,Default,Default,Default,Default,Default,Default,Default,Default,Default,Default,Default,Default,Default,Default,Default,Default,Default,Default,Default,Default,Default,Default,Default,Default,Default,Default,Default,DefaultJob,DocumentCount=100000,1,Workload,Jitting,3,12840274,30,428009.13,48,1,0,50392
CollapseAndFacetBenchmarks.LuceneNet_TermQuery,Rowles.LeanCorpus.Benchmarks,CollapseAndFacetBenchmarks,LuceneNet_TermQuery,DefaultJob,Default,Default,Default,Default,Default,Default,Default,Default,Default,Default,Default,Default,Default,Default,Default,Default,Default,Default,Default,Default,Default,Default,Default,Default,Default,Default,Default,Default,Default,Default,Default,Default,Default,Default,Default,Default,Default,Default,Default,Default,Default,DefaultJob,DocumentCount=100000,1,Workload,Jitting,4,4836892,30,161229.73,48,1,0,50392
CollapseAndFacetBenchmarks.LuceneNet_TermQuery,Rowles.LeanCorpus.Benchmarks,CollapseAndFacetBenchmarks,LuceneNet_TermQuery,DefaultJob,Default,Default,Default,Default,Default,Default,Default,Default,Default,Default,Default,Default,Default,Default,Default,Default,Default,Default,Default,Default,Default,Default,Default,Default,Default,Default,Default,Default,Default,Default,Default,Default,Default,Default,Default,Default,Default,Default,Default,Default,Default,DefaultJob,DocumentCount=100000,1,Workload,Jitting,5,401281,1,401281,48,1,0,50392
CollapseAndFacetBenchmarks.LuceneNet_TermQuery,Rowles.LeanCorpus.Benchmarks,CollapseAndFacetBenchmarks,LuceneNet_TermQuery,DefaultJob,Default,Default,Default,Default,Default,Default,Default,Default,Default,Default,Default,Default,Default,Default,Default,Default,Default,Default,Default,Default,Default,Default,Default,Default,Default,Default,Default,Default,Default,Default,Default,Default,Default,Default,Default,Default,Default,Default,Default,Default,Default,DefaultJob,DocumentCount=100000,1,Workload,Pilot,1,400884,1,400884,48,1,0,50392
CollapseAndFacetBenchmarks.LuceneNet_TermQuery,Rowles.LeanCorpus.Benchmarks,CollapseAndFacetBenchmarks,LuceneNet_TermQuery,DefaultJob,Default,Default,Default,Default,Default,Default,Default,Default,Default,Default,Default,Default,Default,Default,Default,Default,Default,Default,Default,Default,Default,Default,Default,Default,Default,Default,Default,Default,Default,Default,Default,Default,Default,Default,Default,Default,Default,Default,Default,Default,Default,DefaultJob,DocumentCount=100000,1,Workload,Pilot,1,4517496,16,282343.5,48,1,0,50392
CollapseAndFacetBenchmarks.LuceneNet_TermQuery,Rowles.LeanCorpus.Benchmarks,CollapseAndFacetBenchmarks,LuceneNet_TermQuery,DefaultJob,Default,Default,Default,Default,Default,Default,Default,Default,Default,Default,Default,Default,Default,Default,Default,Default,Default,Default,Default,Default,Default,Default,Default,Default,Default,Default,Default,Default,Default,Default,Default,Default,Default,Default,Default,Default,Default,Default,Default,Default,Default,DefaultJob,DocumentCount=100000,1,Workload,Pilot,2,7723931,32,241372.84,48,1,0,50392
CollapseAndFacetBenchmarks.LuceneNet_TermQuery,Rowles.LeanCorpus.Benchmarks,CollapseAndFacetBenchmarks,LuceneNet_TermQuery,DefaultJob,Default,Default,Default,Default,Default,Default,Default,Default,Default,Default,Default,Default,Default,Default,Default,Default,Default,Default,Default,Default,Default,Default,Default,Default,Default,Default,Default,Default,Default,Default,Default,Default,Default,Default,Default,Default,Default,Default,Default,Default,Default,DefaultJob,DocumentCount=100000,1,Workload,Pilot,3,14279398,64,223115.59,48,1,0,50392
CollapseAndFacetBenchmarks.LuceneNet_TermQuery,Rowles.LeanCorpus.Benchmarks,CollapseAndFacetBenchmarks,LuceneNet_TermQuery,DefaultJob,Default,Default,Default,Default,Default,Default,Default,Default,Default,Default,Default,Default,Default,Default,Default,Default,Default,Default,Default,Default,Default,Default,Default,Default,Default,Default,Default,Default,Default,Default,Default,Default,Default,Default,Default,Default,Default,Default,Default,Default,Default,DefaultJob,DocumentCount=100000,1,Workload,Pilot,4,22090464,128,172581.75,48,1,0,50392
CollapseAndFacetBenchmarks.LuceneNet_TermQuery,Rowles.LeanCorpus.Benchmarks,CollapseAndFacetBenchmarks,LuceneNet_TermQuery,DefaultJob,Default,Default,Default,Default,Default,Default,Default,Default,Default,Default,Default,Default,Default,Default,Default,Default,Default,Default,Default,Default,Default,Default,Default,Default,Default,Default,Default,Default,Default,Default,Default,Default,Default,Default,Default,Default,Default,Default,Default,Default,Default,DefaultJob,DocumentCount=100000,1,Workload,Pilot,5,40644704,256,158768.38,48,1,0,50392
CollapseAndFacetBenchmarks.LuceneNet_TermQuery,Rowles.LeanCorpus.Benchmarks,CollapseAndFacetBenchmarks,LuceneNet_TermQuery,DefaultJob,Default,Default,Default,Default,Default,Default,Default,Default,Default,Default,Default,Default,Default,Default,Default,Default,Default,Default,Default,Default,Default,Default,Default,Default,Default,Default,Default,Default,Default,Default,Default,Default,Default,Default,Default,Default,Default,Default,Default,Default,Default,DefaultJob,DocumentCount=100000,1,Workload,Pilot,6,80732398,512,157680.46,48,1,0,50392
CollapseAndFacetBenchmarks.LuceneNet_TermQuery,Rowles.LeanCorpus.Benchmarks,CollapseAndFacetBenchmarks,LuceneNet_TermQuery,DefaultJob,Default,Default,Default,Default,Default,Default,Default,Default,Default,Default,Default,Default,Default,Default,Default,Default,Default,Default,Default,Default,Default,Default,Default,Default,Default,Default,Default,Default,Default,Default,Default,Default,Default,Default,Default,Default,Default,Default,Default,Default,Default,DefaultJob,DocumentCount=100000,1,Workload,Pilot,7,158781876,1024,155060.43,48,1,0,50392
CollapseAndFacetBenchmarks.LuceneNet_TermQuery,Rowles.LeanCorpus.Benchmarks,CollapseAndFacetBenchmarks,LuceneNet_TermQuery,DefaultJob,Default,Default,Default,Default,Default,Default,Default,Default,Default,Default,Default,Default,Default,Default,Default,Default,Default,Default,Default,Default,Default,Default,Default,Default,Default,Default,Default,Default,Default,Default,Default,Default,Default,Default,Default,Default,Default,Default,Default,Default,Default,DefaultJob,DocumentCount=100000,1,Workload,Pilot,8,319027846,2048,155775.32,48,1,0,50392
CollapseAndFacetBenchmarks.LuceneNet_TermQuery,Rowles.LeanCorpus.Benchmarks,CollapseAndFacetBenchmarks,LuceneNet_TermQuery,DefaultJob,Default,Default,Default,Default,Default,Default,Default,Default,Default,Default,Default,Default,Default,Default,Default,Default,Default,Default,Default,Default,Default,Default,Default,Default,Default,Default,Default,Default,Default,Default,Default,Default,Default,Default,Default,Default,Default,Default,Default,Default,Default,DefaultJob,DocumentCount=100000,1,Workload,Pilot,9,643644718,4096,157139.82,48,1,0,50392
CollapseAndFacetBenchmarks.LuceneNet_TermQuery,Rowles.LeanCorpus.Benchmarks,CollapseAndFacetBenchmarks,LuceneNet_TermQuery,DefaultJob,Default,Default,Default,Default,Default,Default,Default,Default,Default,Default,Default,Default,Default,Default,Default,Default,Default,Default,Default,Default,Default,Default,Default,Default,Default,Default,Default,Default,Default,Default,Default,Default,Default,Default,Default,Default,Default,Default,Default,Default,Default,DefaultJob,DocumentCount=100000,1,Workload,Warmup,1,643346997,4096,157067.14,48,1,0,50392
CollapseAndFacetBenchmarks.LuceneNet_TermQuery,Rowles.LeanCorpus.Benchmarks,CollapseAndFacetBenchmarks,LuceneNet_TermQuery,DefaultJob,Default,Default,Default,Default,Default,Default,Default,Default,Default,Default,Default,Default,Default,Default,Default,Default,Default,Default,Default,Default,Default,Default,Default,Default,Default,Default,Default,Default,Default,Default,Default,Default,Default,Default,Default,Default,Default,Default,Default,Default,Default,DefaultJob,DocumentCount=100000,1,Workload,Warmup,2,652886909,4096,159396.22,48,1,0,50392
CollapseAndFacetBenchmarks.LuceneNet_TermQuery,Rowles.LeanCorpus.Benchmarks,CollapseAndFacetBenchmarks,LuceneNet_TermQuery,DefaultJob,Default,Default,Default,Default,Default,Default,Default,Default,Default,Default,Default,Default,Default,Default,Default,Default,Default,Default,Default,Default,Default,Default,Default,Default,Default,Default,Default,Default,Default,Default,Default,Default,Default,Default,Default,Default,Default,Default,Default,Default,Default,DefaultJob,DocumentCount=100000,1,Workload,Warmup,3,651591524,4096,159079.96,48,1,0,50392
CollapseAndFacetBenchmarks.LuceneNet_TermQuery,Rowles.LeanCorpus.Benchmarks,CollapseAndFacetBenchmarks,LuceneNet_TermQuery,DefaultJob,Default,Default,Default,Default,Default,Default,Default,Default,Default,Default,Default,Default,Default,Default,Default,Default,Default,Default,Default,Default,Default,Default,Default,Default,Default,Default,Default,Default,Default,Default,Default,Default,Default,Default,Default,Default,Default,Default,Default,Default,Default,DefaultJob,DocumentCount=100000,1,Workload,Warmup,4,645316746,4096,157548.03,48,1,0,50392
CollapseAndFacetBenchmarks.LuceneNet_TermQuery,Rowles.LeanCorpus.Benchmarks,CollapseAndFacetBenchmarks,LuceneNet_TermQuery,DefaultJob,Default,Default,Default,Default,Default,Default,Default,Default,Default,Default,Default,Default,Default,Default,Default,Default,Default,Default,Default,Default,Default,Default,Default,Default,Default,Default,Default,Default,Default,Default,Default,Default,Default,Default,Default,Default,Default,Default,Default,Default,Default,DefaultJob,DocumentCount=100000,1,Workload,Warmup,5,651090699,4096,158957.69,48,1,0,50392
CollapseAndFacetBenchmarks.LuceneNet_TermQuery,Rowles.LeanCorpus.Benchmarks,CollapseAndFacetBenchmarks,LuceneNet_TermQuery,DefaultJob,Default,Default,Default,Default,Default,Default,Default,Default,Default,Default,Default,Default,Default,Default,Default,Default,Default,Default,Default,Default,Default,Default,Default,Default,Default,Default,Default,Default,Default,Default,Default,Default,Default,Default,Default,Default,Default,Default,Default,Default,Default,DefaultJob,DocumentCount=100000,1,Workload,Warmup,6,644591858,4096,157371.06,48,1,0,50392
CollapseAndFacetBenchmarks.LuceneNet_TermQuery,Rowles.LeanCorpus.Benchmarks,CollapseAndFacetBenchmarks,LuceneNet_TermQuery,DefaultJob,Default,Default,Default,Default,Default,Default,Default,Default,Default,Default,Default,Default,Default,Default,Default,Default,Default,Default,Default,Default,Default,Default,Default,Default,Default,Default,Default,Default,Default,Default,Default,Default,Default,Default,Default,Default,Default,Default,Default,Default,Default,DefaultJob,DocumentCount=100000,1,Workload,Actual,1,644527666,4096,157355.39,48,1,0,50392
CollapseAndFacetBenchmarks.LuceneNet_TermQuery,Rowles.LeanCorpus.Benchmarks,CollapseAndFacetBenchmarks,LuceneNet_TermQuery,DefaultJob,Default,Default,Default,Default,Default,Default,Default,Default,Default,Default,Default,Default,Default,Default,Default,Default,Default,Default,Default,Default,Default,Default,Default,Default,Default,Default,Default,Default,Default,Default,Default,Default,Default,Default,Default,Default,Default,Default,Default,Default,Default,DefaultJob,DocumentCount=100000,1,Workload,Actual,2,649416459,4096,158548.94,48,1,0,50392
CollapseAndFacetBenchmarks.LuceneNet_TermQuery,Rowles.LeanCorpus.Benchmarks,CollapseAndFacetBenchmarks,LuceneNet_TermQuery,DefaultJob,Default,Default,Default,Default,Default,Default,Default,Default,Default,Default,Default,Default,Default,Default,Default,Default,Default,Default,Default,Default,Default,Default,Default,Default,Default,Default,Default,Default,Default,Default,Default,Default,Default,Default,Default,Default,Default,Default,Default,Default,Default,DefaultJob,DocumentCount=100000,1,Workload,Actual,3,649939370,4096,158676.6,48,1,0,50392
CollapseAndFacetBenchmarks.LuceneNet_TermQuery,Rowles.LeanCorpus.Benchmarks,CollapseAndFacetBenchmarks,LuceneNet_TermQuery,DefaultJob,Default,Default,Default,Default,Default,Default,Default,Default,Default,Default,Default,Default,Default,Default,Default,Default,Default,Default,Default,Default,Default,Default,Default,Default,Default,Default,Default,Default,Default,Default,Default,Default,Default,Default,Default,Default,Default,Default,Default,Default,Default,DefaultJob,DocumentCount=100000,1,Workload,Actual,4,650860004,4096,158901.37,48,1,0,50392
CollapseAndFacetBenchmarks.LuceneNet_TermQuery,Rowles.LeanCorpus.Benchmarks,CollapseAndFacetBenchmarks,LuceneNet_TermQuery,DefaultJob,Default,Default,Default,Default,Default,Default,Default,Default,Default,Default,Default,Default,Default,Default,Default,Default,Default,Default,Default,Default,Default,Default,Default,Default,Default,Default,Default,Default,Default,Default,Default,Default,Default,Default,Default,Default,Default,Default,Default,Default,Default,DefaultJob,DocumentCount=100000,1,Workload,Actual,5,646755717,4096,157899.34,48,1,0,50392
CollapseAndFacetBenchmarks.LuceneNet_TermQuery,Rowles.LeanCorpus.Benchmarks,CollapseAndFacetBenchmarks,LuceneNet_TermQuery,DefaultJob,Default,Default,Default,Default,Default,Default,Default,Default,Default,Default,Default,Default,Default,Default,Default,Default,Default,Default,Default,Default,Default,Default,Default,Default,Default,Default,Default,Default,Default,Default,Default,Default,Default,Default,Default,Default,Default,Default,Default,Default,Default,DefaultJob,DocumentCount=100000,1,Workload,Actual,6,643748947,4096,157165.27,48,1,0,50392
CollapseAndFacetBenchmarks.LuceneNet_TermQuery,Rowles.LeanCorpus.Benchmarks,CollapseAndFacetBenchmarks,LuceneNet_TermQuery,DefaultJob,Default,Default,Default,Default,Default,Default,Default,Default,Default,Default,Default,Default,Default,Default,Default,Default,Default,Default,Default,Default,Default,Default,Default,Default,Default,Default,Default,Default,Default,Default,Default,Default,Default,Default,Default,Default,Default,Default,Default,Default,Default,DefaultJob,DocumentCount=100000,1,Workload,Actual,7,650886196,4096,158907.76,48,1,0,50392
CollapseAndFacetBenchmarks.LuceneNet_TermQuery,Rowles.LeanCorpus.Benchmarks,CollapseAndFacetBenchmarks,LuceneNet_TermQuery,DefaultJob,Default,Default,Default,Default,Default,Default,Default,Default,Default,Default,Default,Default,Default,Default,Default,Default,Default,Default,Default,Default,Default,Default,Default,Default,Default,Default,Default,Default,Default,Default,Default,Default,Default,Default,Default,Default,Default,Default,Default,Default,Default,DefaultJob,DocumentCount=100000,1,Workload,Actual,8,647943855,4096,158189.42,48,1,0,50392
CollapseAndFacetBenchmarks.LuceneNet_TermQuery,Rowles.LeanCorpus.Benchmarks,CollapseAndFacetBenchmarks,LuceneNet_TermQuery,DefaultJob,Default,Default,Default,Default,Default,Default,Default,Default,Default,Default,Default,Default,Default,Default,Default,Default,Default,Default,Default,Default,Default,Default,Default,Default,Default,Default,Default,Default,Default,Default,Default,Default,Default,Default,Default,Default,Default,Default,Default,Default,Default,DefaultJob,DocumentCount=100000,1,Workload,Actual,9,652000885,4096,159179.9,48,1,0,50392
CollapseAndFacetBenchmarks.LuceneNet_TermQuery,Rowles.LeanCorpus.Benchmarks,CollapseAndFacetBenchmarks,LuceneNet_TermQuery,DefaultJob,Default,Default,Default,Default,Default,Default,Default,Default,Default,Default,Default,Default,Default,Default,Default,Default,Default,Default,Default,Default,Default,Default,Default,Default,Default,Default,Default,Default,Default,Default,Default,Default,Default,Default,Default,Default,Default,Default,Default,Default,Default,DefaultJob,DocumentCount=100000,1,Workload,Actual,10,645650709,4096,157629.57,48,1,0,50392
CollapseAndFacetBenchmarks.LuceneNet_TermQuery,Rowles.LeanCorpus.Benchmarks,CollapseAndFacetBenchmarks,LuceneNet_TermQuery,DefaultJob,Default,Default,Default,Default,Default,Default,Default,Default,Default,Default,Default,Default,Default,Default,Default,Default,Default,Default,Default,Default,Default,Default,Default,Default,Default,Default,Default,Default,Default,Default,Default,Default,Default,Default,Default,Default,Default,Default,Default,Default,Default,DefaultJob,DocumentCount=100000,1,Workload,Actual,11,648335519,4096,158285.04,48,1,0,50392
CollapseAndFacetBenchmarks.LuceneNet_TermQuery,Rowles.LeanCorpus.Benchmarks,CollapseAndFacetBenchmarks,LuceneNet_TermQuery,DefaultJob,Default,Default,Default,Default,Default,Default,Default,Default,Default,Default,Default,Default,Default,Default,Default,Default,Default,Default,Default,Default,Default,Default,Default,Default,Default,Default,Default,Default,Default,Default,Default,Default,Default,Default,Default,Default,Default,Default,Default,Default,Default,DefaultJob,DocumentCount=100000,1,Workload,Actual,12,648564107,4096,158340.85,48,1,0,50392
CollapseAndFacetBenchmarks.LuceneNet_TermQuery,Rowles.LeanCorpus.Benchmarks,CollapseAndFacetBenchmarks,LuceneNet_TermQuery,DefaultJob,Default,Default,Default,Default,Default,Default,Default,Default,Default,Default,Default,Default,Default,Default,Default,Default,Default,Default,Default,Default,Default,Default,Default,Default,Default,Default,Default,Default,Default,Default,Default,Default,Default,Default,Default,Default,Default,Default,Default,Default,Default,DefaultJob,DocumentCount=100000,1,Workload,Actual,13,651133192,4096,158968.06,48,1,0,50392
CollapseAndFacetBenchmarks.LuceneNet_TermQuery,Rowles.LeanCorpus.Benchmarks,CollapseAndFacetBenchmarks,LuceneNet_TermQuery,DefaultJob,Default,Default,Default,Default,Default,Default,Default,Default,Default,Default,Default,Default,Default,Default,Default,Default,Default,Default,Default,Default,Default,Default,Default,Default,Default,Default,Default,Default,Default,Default,Default,Default,Default,Default,Default,Default,Default,Default,Default,Default,Default,DefaultJob,DocumentCount=100000,1,Workload,Actual,14,649791574,4096,158640.52,48,1,0,50392
CollapseAndFacetBenchmarks.LuceneNet_TermQuery,Rowles.LeanCorpus.Benchmarks,CollapseAndFacetBenchmarks,LuceneNet_TermQuery,DefaultJob,Default,Default,Default,Default,Default,Default,Default,Default,Default,Default,Default,Default,Default,Default,Default,Default,Default,Default,Default,Default,Default,Default,Default,Default,Default,Default,Default,Default,Default,Default,Default,Default,Default,Default,Default,Default,Default,Default,Default,Default,Default,DefaultJob,DocumentCount=100000,1,Workload,Actual,15,652900172,4096,159399.46,48,1,0,50392
CollapseAndFacetBenchmarks.LuceneNet_TermQuery,Rowles.LeanCorpus.Benchmarks,CollapseAndFacetBenchmarks,LuceneNet_TermQuery,DefaultJob,Default,Default,Default,Default,Default,Default,Default,Default,Default,Default,Default,Default,Default,Default,Default,Default,Default,Default,Default,Default,Default,Default,Default,Default,Default,Default,Default,Default,Default,Default,Default,Default,Default,Default,Default,Default,Default,Default,Default,Default,Default,DefaultJob,DocumentCount=100000,1,Workload,Extra,1,645066193,4096,157486.86,48,1,0,50392
CollapseAndFacetBenchmarks.LuceneNet_TermQuery,Rowles.LeanCorpus.Benchmarks,CollapseAndFacetBenchmarks,LuceneNet_TermQuery,DefaultJob,Default,Default,Default,Default,Default,Default,Default,Default,Default,Default,Default,Default,Default,Default,Default,Default,Default,Default,Default,Default,Default,Default,Default,Default,Default,Default,Default,Default,Default,Default,Default,Default,Default,Default,Default,Default,Default,Default,Default,Default,Default,DefaultJob,DocumentCount=100000,1,Workload,Result,1,644527666,4096,157355.39,48,1,0,50392
CollapseAndFacetBenchmarks.LuceneNet_TermQuery,Rowles.LeanCorpus.Benchmarks,CollapseAndFacetBenchmarks,LuceneNet_TermQuery,DefaultJob,Default,Default,Default,Default,Default,Default,Default,Default,Default,Default,Default,Default,Default,Default,Default,Default,Default,Default,Default,Default,Default,Default,Default,Default,Default,Default,Default,Default,Default,Default,Default,Default,Default,Default,Default,Default,Default,Default,Default,Default,Default,DefaultJob,DocumentCount=100000,1,Workload,Result,2,649416459,4096,158548.94,48,1,0,50392
CollapseAndFacetBenchmarks.LuceneNet_TermQuery,Rowles.LeanCorpus.Benchmarks,CollapseAndFacetBenchmarks,LuceneNet_TermQuery,DefaultJob,Default,Default,Default,Default,Default,Default,Default,Default,Default,Default,Default,Default,Default,Default,Default,Default,Default,Default,Default,Default,Default,Default,Default,Default,Default,Default,Default,Default,Default,Default,Default,Default,Default,Default,Default,Default,Default,Default,Default,Default,Default,DefaultJob,DocumentCount=100000,1,Workload,Result,3,649939370,4096,158676.6,48,1,0,50392
CollapseAndFacetBenchmarks.LuceneNet_TermQuery,Rowles.LeanCorpus.Benchmarks,CollapseAndFacetBenchmarks,LuceneNet_TermQuery,DefaultJob,Default,Default,Default,Default,Default,Default,Default,Default,Default,Default,Default,Default,Default,Default,Default,Default,Default,Default,Default,Default,Default,Default,Default,Default,Default,Default,Default,Default,Default,Default,Default,Default,Default,Default,Default,Default,Default,Default,Default,Default,Default,DefaultJob,DocumentCount=100000,1,Workload,Result,4,650860004,4096,158901.37,48,1,0,50392
CollapseAndFacetBenchmarks.LuceneNet_TermQuery,Rowles.LeanCorpus.Benchmarks,CollapseAndFacetBenchmarks,LuceneNet_TermQuery,DefaultJob,Default,Default,Default,Default,Default,Default,Default,Default,Default,Default,Default,Default,Default,Default,Default,Default,Default,Default,Default,Default,Default,Default,Default,Default,Default,Default,Default,Default,Default,Default,Default,Default,Default,Default,Default,Default,Default,Default,Default,Default,Default,DefaultJob,DocumentCount=100000,1,Workload,Result,5,646755717,4096,157899.34,48,1,0,50392
CollapseAndFacetBenchmarks.LuceneNet_TermQuery,Rowles.LeanCorpus.Benchmarks,CollapseAndFacetBenchmarks,LuceneNet_TermQuery,DefaultJob,Default,Default,Default,Default,Default,Default,Default,Default,Default,Default,Default,Default,Default,Default,Default,Default,Default,Default,Default,Default,Default,Default,Default,Default,Default,Default,Default,Default,Default,Default,Default,Default,Default,Default,Default,Default,Default,Default,Default,Default,Default,DefaultJob,DocumentCount=100000,1,Workload,Result,6,643748947,4096,157165.27,48,1,0,50392
CollapseAndFacetBenchmarks.LuceneNet_TermQuery,Rowles.LeanCorpus.Benchmarks,CollapseAndFacetBenchmarks,LuceneNet_TermQuery,DefaultJob,Default,Default,Default,Default,Default,Default,Default,Default,Default,Default,Default,Default,Default,Default,Default,Default,Default,Default,Default,Default,Default,Default,Default,Default,Default,Default,Default,Default,Default,Default,Default,Default,Default,Default,Default,Default,Default,Default,Default,Default,Default,DefaultJob,DocumentCount=100000,1,Workload,Result,7,650886196,4096,158907.76,48,1,0,50392
CollapseAndFacetBenchmarks.LuceneNet_TermQuery,Rowles.LeanCorpus.Benchmarks,CollapseAndFacetBenchmarks,LuceneNet_TermQuery,DefaultJob,Default,Default,Default,Default,Default,Default,Default,Default,Default,Default,Default,Default,Default,Default,Default,Default,Default,Default,Default,Default,Default,Default,Default,Default,Default,Default,Default,Default,Default,Default,Default,Default,Default,Default,Default,Default,Default,Default,Default,Default,Default,DefaultJob,DocumentCount=100000,1,Workload,Result,8,647943855,4096,158189.42,48,1,0,50392
CollapseAndFacetBenchmarks.LuceneNet_TermQuery,Rowles.LeanCorpus.Benchmarks,CollapseAndFacetBenchmarks,LuceneNet_TermQuery,DefaultJob,Default,Default,Default,Default,Default,Default,Default,Default,Default,Default,Default,Default,Default,Default,Default,Default,Default,Default,Default,Default,Default,Default,Default,Default,Default,Default,Default,Default,Default,Default,Default,Default,Default,Default,Default,Default,Default,Default,Default,Default,Default,DefaultJob,DocumentCount=100000,1,Workload,Result,9,652000885,4096,159179.9,48,1,0,50392
CollapseAndFacetBenchmarks.LuceneNet_TermQuery,Rowles.LeanCorpus.Benchmarks,CollapseAndFacetBenchmarks,LuceneNet_TermQuery,DefaultJob,Default,Default,Default,Default,Default,Default,Default,Default,Default,Default,Default,Default,Default,Default,Default,Default,Default,Default,Default,Default,Default,Default,Default,Default,Default,Default,Default,Default,Default,Default,Default,Default,Default,Default,Default,Default,Default,Default,Default,Default,Default,DefaultJob,DocumentCount=100000,1,Workload,Result,10,645650709,4096,157629.57,48,1,0,50392
CollapseAndFacetBenchmarks.LuceneNet_TermQuery,Rowles.LeanCorpus.Benchmarks,CollapseAndFacetBenchmarks,LuceneNet_TermQuery,DefaultJob,Default,Default,Default,Default,Default,Default,Default,Default,Default,Default,Default,Default,Default,Default,Default,Default,Default,Default,Default,Default,Default,Default,Default,Default,Default,Default,Default,Default,Default,Default,Default,Default,Default,Default,Default,Default,Default,Default,Default,Default,Default,DefaultJob,DocumentCount=100000,1,Workload,Result,11,648335519,4096,158285.04,48,1,0,50392
CollapseAndFacetBenchmarks.LuceneNet_TermQuery,Rowles.LeanCorpus.Benchmarks,CollapseAndFacetBenchmarks,LuceneNet_TermQuery,DefaultJob,Default,Default,Default,Default,Default,Default,Default,Default,Default,Default,Default,Default,Default,Default,Default,Default,Default,Default,Default,Default,Default,Default,Default,Default,Default,Default,Default,Default,Default,Default,Default,Default,Default,Default,Default,Default,Default,Default,Default,Default,Default,DefaultJob,DocumentCount=100000,1,Workload,Result,12,648564107,4096,158340.85,48,1,0,50392
CollapseAndFacetBenchmarks.LuceneNet_TermQuery,Rowles.LeanCorpus.Benchmarks,CollapseAndFacetBenchmarks,LuceneNet_TermQuery,DefaultJob,Default,Default,Default,Default,Default,Default,Default,Default,Default,Default,Default,Default,Default,Default,Default,Default,Default,Default,Default,Default,Default,Default,Default,Default,Default,Default,Default,Default,Default,Default,Default,Default,Default,Default,Default,Default,Default,Default,Default,Default,Default,DefaultJob,DocumentCount=100000,1,Workload,Result,13,651133192,4096,158968.06,48,1,0,50392
CollapseAndFacetBenchmarks.LuceneNet_TermQuery,Rowles.LeanCorpus.Benchmarks,CollapseAndFacetBenchmarks,LuceneNet_TermQuery,DefaultJob,Default,Default,Default,Default,Default,Default,Default,Default,Default,Default,Default,Default,Default,Default,Default,Default,Default,Default,Default,Default,Default,Default,Default,Default,Default,Default,Default,Default,Default,Default,Default,Default,Default,Default,Default,Default,Default,Default,Default,Default,Default,DefaultJob,DocumentCount=100000,1,Workload,Result,14,649791574,4096,158640.52,48,1,0,50392
CollapseAndFacetBenchmarks.LuceneNet_TermQuery,Rowles.LeanCorpus.Benchmarks,CollapseAndFacetBenchmarks,LuceneNet_TermQuery,DefaultJob,Default,Default,Default,Default,Default,Default,Default,Default,Default,Default,Default,Default,Default,Default,Default,Default,Default,Default,Default,Default,Default,Default,Default,Default,Default,Default,Default,Default,Default,Default,Default,Default,Default,Default,Default,Default,Default,Default,Default,Default,Default,DefaultJob,DocumentCount=100000,1,Workload,Result,15,652900172,4096,159399.46,48,1,0,50392
CollapseAndFacetBenchmarks.LuceneNet_SearchWithCollapse,Rowles.LeanCorpus.Benchmarks,CollapseAndFacetBenchmarks,LuceneNet_SearchWithCollapse,DefaultJob,Default,Default,Default,Default,Default,Default,Default,Default,Default,Default,Default,Default,Default,Default,Default,Default,Default,Default,Default,Default,Default,Default,Default,Default,Default,Default,Default,Default,Default,Default,Default,Default,Default,Default,Default,Default,Default,Default,Default,Default,Default,DefaultJob,DocumentCount=100000,1,Workload,Jitting,1,23762672,1,23762672,30,1,0,61863
CollapseAndFacetBenchmarks.LuceneNet_SearchWithCollapse,Rowles.LeanCorpus.Benchmarks,CollapseAndFacetBenchmarks,LuceneNet_SearchWithCollapse,DefaultJob,Default,Default,Default,Default,Default,Default,Default,Default,Default,Default,Default,Default,Default,Default,Default,Default,Default,Default,Default,Default,Default,Default,Default,Default,Default,Default,Default,Default,Default,Default,Default,Default,Default,Default,Default,Default,Default,Default,Default,Default,Default,DefaultJob,DocumentCount=100000,1,Workload,Jitting,2,21826938,30,727564.6,30,1,0,61863
CollapseAndFacetBenchmarks.LuceneNet_SearchWithCollapse,Rowles.LeanCorpus.Benchmarks,CollapseAndFacetBenchmarks,LuceneNet_SearchWithCollapse,DefaultJob,Default,Default,Default,Default,Default,Default,Default,Default,Default,Default,Default,Default,Default,Default,Default,Default,Default,Default,Default,Default,Default,Default,Default,Default,Default,Default,Default,Default,Default,Default,Default,Default,Default,Default,Default,Default,Default,Default,Default,Default,Default,DefaultJob,DocumentCount=100000,1,Workload,Jitting,3,19085942,30,636198.07,30,1,0,61863
CollapseAndFacetBenchmarks.LuceneNet_SearchWithCollapse,Rowles.LeanCorpus.Benchmarks,CollapseAndFacetBenchmarks,LuceneNet_SearchWithCollapse,DefaultJob,Default,Default,Default,Default,Default,Default,Default,Default,Default,Default,Default,Default,Default,Default,Default,Default,Default,Default,Default,Default,Default,Default,Default,Default,Default,Default,Default,Default,Default,Default,Default,Default,Default,Default,Default,Default,Default,Default,Default,Default,Default,DefaultJob,DocumentCount=100000,1,Workload,Jitting,4,11046993,30,368233.1,30,1,0,61863
CollapseAndFacetBenchmarks.LuceneNet_SearchWithCollapse,Rowles.LeanCorpus.Benchmarks,CollapseAndFacetBenchmarks,LuceneNet_SearchWithCollapse,DefaultJob,Default,Default,Default,Default,Default,Default,Default,Default,Default,Default,Default,Default,Default,Default,Default,Default,Default,Default,Default,Default,Default,Default,Default,Default,Default,Default,Default,Default,Default,Default,Default,Default,Default,Default,Default,Default,Default,Default,Default,Default,Default,DefaultJob,DocumentCount=100000,1,Workload,Jitting,5,500556,1,500556,30,1,0,61863
CollapseAndFacetBenchmarks.LuceneNet_SearchWithCollapse,Rowles.LeanCorpus.Benchmarks,CollapseAndFacetBenchmarks,LuceneNet_SearchWithCollapse,DefaultJob,Default,Default,Default,Default,Default,Default,Default,Default,Default,Default,Default,Default,Default,Default,Default,Default,Default,Default,Default,Default,Default,Default,Default,Default,Default,Default,Default,Default,Default,Default,Default,Default,Default,Default,Default,Default,Default,Default,Default,Default,Default,DefaultJob,DocumentCount=100000,1,Workload,Pilot,1,531343,1,531343,30,1,0,61863
CollapseAndFacetBenchmarks.LuceneNet_SearchWithCollapse,Rowles.LeanCorpus.Benchmarks,CollapseAndFacetBenchmarks,LuceneNet_SearchWithCollapse,DefaultJob,Default,Default,Default,Default,Default,Default,Default,Default,Default,Default,Default,Default,Default,Default,Default,Default,Default,Default,Default,Default,Default,Default,Default,Default,Default,Default,Default,Default,Default,Default,Default,Default,Default,Default,Default,Default,Default,Default,Default,Default,Default,DefaultJob,DocumentCount=100000,1,Workload,Pilot,1,8359314,16,522457.13,30,1,0,61863
CollapseAndFacetBenchmarks.LuceneNet_SearchWithCollapse,Rowles.LeanCorpus.Benchmarks,CollapseAndFacetBenchmarks,LuceneNet_SearchWithCollapse,DefaultJob,Default,Default,Default,Default,Default,Default,Default,Default,Default,Default,Default,Default,Default,Default,Default,Default,Default,Default,Default,Default,Default,Default,Default,Default,Default,Default,Default,Default,Default,Default,Default,Default,Default,Default,Default,Default,Default,Default,Default,Default,Default,DefaultJob,DocumentCount=100000,1,Workload,Pilot,2,14013974,32,437936.69,30,1,0,61863
CollapseAndFacetBenchmarks.LuceneNet_SearchWithCollapse,Rowles.LeanCorpus.Benchmarks,CollapseAndFacetBenchmarks,LuceneNet_SearchWithCollapse,DefaultJob,Default,Default,Default,Default,Default,Default,Default,Default,Default,Default,Default,Default,Default,Default,Default,Default,Default,Default,Default,Default,Default,Default,Default,Default,Default,Default,Default,Default,Default,Default,Default,Default,Default,Default,Default,Default,Default,Default,Default,Default,Default,DefaultJob,DocumentCount=100000,1,Workload,Pilot,3,23624685,64,369135.7,30,1,0,61863
CollapseAndFacetBenchmarks.LuceneNet_SearchWithCollapse,Rowles.LeanCorpus.Benchmarks,CollapseAndFacetBenchmarks,LuceneNet_SearchWithCollapse,DefaultJob,Default,Default,Default,Default,Default,Default,Default,Default,Default,Default,Default,Default,Default,Default,Default,Default,Default,Default,Default,Default,Default,Default,Default,Default,Default,Default,Default,Default,Default,Default,Default,Default,Default,Default,Default,Default,Default,Default,Default,Default,Default,DefaultJob,DocumentCount=100000,1,Workload,Pilot,4,44354994,128,346523.39,30,1,0,61863
CollapseAndFacetBenchmarks.LuceneNet_SearchWithCollapse,Rowles.LeanCorpus.Benchmarks,CollapseAndFacetBenchmarks,LuceneNet_SearchWithCollapse,DefaultJob,Default,Default,Default,Default,Default,Default,Default,Default,Default,Default,Default,Default,Default,Default,Default,Default,Default,Default,Default,Default,Default,Default,Default,Default,Default,Default,Default,Default,Default,Default,Default,Default,Default,Default,Default,Default,Default,Default,Default,Default,Default,DefaultJob,DocumentCount=100000,1,Workload,Pilot,5,85913025,256,335597.75,30,1,0,61863
CollapseAndFacetBenchmarks.LuceneNet_SearchWithCollapse,Rowles.LeanCorpus.Benchmarks,CollapseAndFacetBenchmarks,LuceneNet_SearchWithCollapse,DefaultJob,Default,Default,Default,Default,Default,Default,Default,Default,Default,Default,Default,Default,Default,Default,Default,Default,Default,Default,Default,Default,Default,Default,Default,Default,Default,Default,Default,Default,Default,Default,Default,Default,Default,Default,Default,Default,Default,Default,Default,Default,Default,DefaultJob,DocumentCount=100000,1,Workload,Pilot,6,170197292,512,332416.59,30,1,0,61863
CollapseAndFacetBenchmarks.LuceneNet_SearchWithCollapse,Rowles.LeanCorpus.Benchmarks,CollapseAndFacetBenchmarks,LuceneNet_SearchWithCollapse,DefaultJob,Default,Default,Default,Default,Default,Default,Default,Default,Default,Default,Default,Default,Default,Default,Default,Default,Default,Default,Default,Default,Default,Default,Default,Default,Default,Default,Default,Default,Default,Default,Default,Default,Default,Default,Default,Default,Default,Default,Default,Default,Default,DefaultJob,DocumentCount=100000,1,Workload,Pilot,7,342986144,1024,334947.41,30,1,0,61863
CollapseAndFacetBenchmarks.LuceneNet_SearchWithCollapse,Rowles.LeanCorpus.Benchmarks,CollapseAndFacetBenchmarks,LuceneNet_SearchWithCollapse,DefaultJob,Default,Default,Default,Default,Default,Default,Default,Default,Default,Default,Default,Default,Default,Default,Default,Default,Default,Default,Default,Default,Default,Default,Default,Default,Default,Default,Default,Default,Default,Default,Default,Default,Default,Default,Default,Default,Default,Default,Default,Default,Default,DefaultJob,DocumentCount=100000,1,Workload,Pilot,8,690729796,2048,337270.41,30,1,0,61863
CollapseAndFacetBenchmarks.LuceneNet_SearchWithCollapse,Rowles.LeanCorpus.Benchmarks,CollapseAndFacetBenchmarks,LuceneNet_SearchWithCollapse,DefaultJob,Default,Default,Default,Default,Default,Default,Default,Default,Default,Default,Default,Default,Default,Default,Default,Default,Default,Default,Default,Default,Default,Default,Default,Default,Default,Default,Default,Default,Default,Default,Default,Default,Default,Default,Default,Default,Default,Default,Default,Default,Default,DefaultJob,DocumentCount=100000,1,Workload,Warmup,1,685759831,2048,334843.67,30,1,0,61863
CollapseAndFacetBenchmarks.LuceneNet_SearchWithCollapse,Rowles.LeanCorpus.Benchmarks,CollapseAndFacetBenchmarks,LuceneNet_SearchWithCollapse,DefaultJob,Default,Default,Default,Default,Default,Default,Default,Default,Default,Default,Default,Default,Default,Default,Default,Default,Default,Default,Default,Default,Default,Default,Default,Default,Default,Default,Default,Default,Default,Default,Default,Default,Default,Default,Default,Default,Default,Default,Default,Default,Default,DefaultJob,DocumentCount=100000,1,Workload,Warmup,2,688018144,2048,335946.36,30,1,0,61863
CollapseAndFacetBenchmarks.LuceneNet_SearchWithCollapse,Rowles.LeanCorpus.Benchmarks,CollapseAndFacetBenchmarks,LuceneNet_SearchWithCollapse,DefaultJob,Default,Default,Default,Default,Default,Default,Default,Default,Default,Default,Default,Default,Default,Default,Default,Default,Default,Default,Default,Default,Default,Default,Default,Default,Default,Default,Default,Default,Default,Default,Default,Default,Default,Default,Default,Default,Default,Default,Default,Default,Default,DefaultJob,DocumentCount=100000,1,Workload,Warmup,3,688816407,2048,336336.14,30,1,0,61863
CollapseAndFacetBenchmarks.LuceneNet_SearchWithCollapse,Rowles.LeanCorpus.Benchmarks,CollapseAndFacetBenchmarks,LuceneNet_SearchWithCollapse,DefaultJob,Default,Default,Default,Default,Default,Default,Default,Default,Default,Default,Default,Default,Default,Default,Default,Default,Default,Default,Default,Default,Default,Default,Default,Default,Default,Default,Default,Default,Default,Default,Default,Default,Default,Default,Default,Default,Default,Default,Default,Default,Default,DefaultJob,DocumentCount=100000,1,Workload,Warmup,4,688252048,2048,336060.57,30,1,0,61863
CollapseAndFacetBenchmarks.LuceneNet_SearchWithCollapse,Rowles.LeanCorpus.Benchmarks,CollapseAndFacetBenchmarks,LuceneNet_SearchWithCollapse,DefaultJob,Default,Default,Default,Default,Default,Default,Default,Default,Default,Default,Default,Default,Default,Default,Default,Default,Default,Default,Default,Default,Default,Default,Default,Default,Default,Default,Default,Default,Default,Default,Default,Default,Default,Default,Default,Default,Default,Default,Default,Default,Default,DefaultJob,DocumentCount=100000,1,Workload,Warmup,5,688469640,2048,336166.82,30,1,0,61863
CollapseAndFacetBenchmarks.LuceneNet_SearchWithCollapse,Rowles.LeanCorpus.Benchmarks,CollapseAndFacetBenchmarks,LuceneNet_SearchWithCollapse,DefaultJob,Default,Default,Default,Default,Default,Default,Default,Default,Default,Default,Default,Default,Default,Default,Default,Default,Default,Default,Default,Default,Default,Default,Default,Default,Default,Default,Default,Default,Default,Default,Default,Default,Default,Default,Default,Default,Default,Default,Default,Default,Default,DefaultJob,DocumentCount=100000,1,Workload,Warmup,6,687866132,2048,335872.13,30,1,0,61863
CollapseAndFacetBenchmarks.LuceneNet_SearchWithCollapse,Rowles.LeanCorpus.Benchmarks,CollapseAndFacetBenchmarks,LuceneNet_SearchWithCollapse,DefaultJob,Default,Default,Default,Default,Default,Default,Default,Default,Default,Default,Default,Default,Default,Default,Default,Default,Default,Default,Default,Default,Default,Default,Default,Default,Default,Default,Default,Default,Default,Default,Default,Default,Default,Default,Default,Default,Default,Default,Default,Default,Default,DefaultJob,DocumentCount=100000,1,Workload,Actual,1,681743076,2048,332882.36,30,1,0,61863
CollapseAndFacetBenchmarks.LuceneNet_SearchWithCollapse,Rowles.LeanCorpus.Benchmarks,CollapseAndFacetBenchmarks,LuceneNet_SearchWithCollapse,DefaultJob,Default,Default,Default,Default,Default,Default,Default,Default,Default,Default,Default,Default,Default,Default,Default,Default,Default,Default,Default,Default,Default,Default,Default,Default,Default,Default,Default,Default,Default,Default,Default,Default,Default,Default,Default,Default,Default,Default,Default,Default,Default,DefaultJob,DocumentCount=100000,1,Workload,Actual,2,689387542,2048,336615.01,30,1,0,61863
CollapseAndFacetBenchmarks.LuceneNet_SearchWithCollapse,Rowles.LeanCorpus.Benchmarks,CollapseAndFacetBenchmarks,LuceneNet_SearchWithCollapse,DefaultJob,Default,Default,Default,Default,Default,Default,Default,Default,Default,Default,Default,Default,Default,Default,Default,Default,Default,Default,Default,Default,Default,Default,Default,Default,Default,Default,Default,Default,Default,Default,Default,Default,Default,Default,Default,Default,Default,Default,Default,Default,Default,DefaultJob,DocumentCount=100000,1,Workload,Actual,3,676773922,2048,330456.02,30,1,0,61863
CollapseAndFacetBenchmarks.LuceneNet_SearchWithCollapse,Rowles.LeanCorpus.Benchmarks,CollapseAndFacetBenchmarks,LuceneNet_SearchWithCollapse,DefaultJob,Default,Default,Default,Default,Default,Default,Default,Default,Default,Default,Default,Default,Default,Default,Default,Default,Default,Default,Default,Default,Default,Default,Default,Default,Default,Default,Default,Default,Default,Default,Default,Default,Default,Default,Default,Default,Default,Default,Default,Default,Default,DefaultJob,DocumentCount=100000,1,Workload,Actual,4,688326706,2048,336097.02,30,1,0,61863
CollapseAndFacetBenchmarks.LuceneNet_SearchWithCollapse,Rowles.LeanCorpus.Benchmarks,CollapseAndFacetBenchmarks,LuceneNet_SearchWithCollapse,DefaultJob,Default,Default,Default,Default,Default,Default,Default,Default,Default,Default,Default,Default,Default,Default,Default,Default,Default,Default,Default,Default,Default,Default,Default,Default,Default,Default,Default,Default,Default,Default,Default,Default,Default,Default,Default,Default,Default,Default,Default,Default,Default,DefaultJob,DocumentCount=100000,1,Workload,Actual,5,687788166,2048,335834.07,30,1,0,61863
CollapseAndFacetBenchmarks.LuceneNet_SearchWithCollapse,Rowles.LeanCorpus.Benchmarks,CollapseAndFacetBenchmarks,LuceneNet_SearchWithCollapse,DefaultJob,Default,Default,Default,Default,Default,Default,Default,Default,Default,Default,Default,Default,Default,Default,Default,Default,Default,Default,Default,Default,Default,Default,Default,Default,Default,Default,Default,Default,Default,Default,Default,Default,Default,Default,Default,Default,Default,Default,Default,Default,Default,DefaultJob,DocumentCount=100000,1,Workload,Actual,6,687682672,2048,335782.55,30,1,0,61863
CollapseAndFacetBenchmarks.LuceneNet_SearchWithCollapse,Rowles.LeanCorpus.Benchmarks,CollapseAndFacetBenchmarks,LuceneNet_SearchWithCollapse,DefaultJob,Default,Default,Default,Default,Default,Default,Default,Default,Default,Default,Default,Default,Default,Default,Default,Default,Default,Default,Default,Default,Default,Default,Default,Default,Default,Default,Default,Default,Default,Default,Default,Default,Default,Default,Default,Default,Default,Default,Default,Default,Default,DefaultJob,DocumentCount=100000,1,Workload,Actual,7,679013688,2048,331549.65,30,1,0,61863
CollapseAndFacetBenchmarks.LuceneNet_SearchWithCollapse,Rowles.LeanCorpus.Benchmarks,CollapseAndFacetBenchmarks,LuceneNet_SearchWithCollapse,DefaultJob,Default,Default,Default,Default,Default,Default,Default,Default,Default,Default,Default,Default,Default,Default,Default,Default,Default,Default,Default,Default,Default,Default,Default,Default,Default,Default,Default,Default,Default,Default,Default,Default,Default,Default,Default,Default,Default,Default,Default,Default,Default,DefaultJob,DocumentCount=100000,1,Workload,Actual,8,689159211,2048,336503.52,30,1,0,61863
CollapseAndFacetBenchmarks.LuceneNet_SearchWithCollapse,Rowles.LeanCorpus.Benchmarks,CollapseAndFacetBenchmarks,LuceneNet_SearchWithCollapse,DefaultJob,Default,Default,Default,Default,Default,Default,Default,Default,Default,Default,Default,Default,Default,Default,Default,Default,Default,Default,Default,Default,Default,Default,Default,Default,Default,Default,Default,Default,Default,Default,Default,Default,Default,Default,Default,Default,Default,Default,Default,Default,Default,DefaultJob,DocumentCount=100000,1,Workload,Actual,9,678259865,2048,331181.57,30,1,0,61863
CollapseAndFacetBenchmarks.LuceneNet_SearchWithCollapse,Rowles.LeanCorpus.Benchmarks,CollapseAndFacetBenchmarks,LuceneNet_SearchWithCollapse,DefaultJob,Default,Default,Default,Default,Default,Default,Default,Default,Default,Default,Default,Default,Default,Default,Default,Default,Default,Default,Default,Default,Default,Default,Default,Default,Default,Default,Default,Default,Default,Default,Default,Default,Default,Default,Default,Default,Default,Default,Default,Default,Default,DefaultJob,DocumentCount=100000,1,Workload,Actual,10,675075291,2048,329626.61,30,1,0,61863
CollapseAndFacetBenchmarks.LuceneNet_SearchWithCollapse,Rowles.LeanCorpus.Benchmarks,CollapseAndFacetBenchmarks,LuceneNet_SearchWithCollapse,DefaultJob,Default,Default,Default,Default,Default,Default,Default,Default,Default,Default,Default,Default,Default,Default,Default,Default,Default,Default,Default,Default,Default,Default,Default,Default,Default,Default,Default,Default,Default,Default,Default,Default,Default,Default,Default,Default,Default,Default,Default,Default,Default,DefaultJob,DocumentCount=100000,1,Workload,Actual,11,677780443,2048,330947.48,30,1,0,61863
CollapseAndFacetBenchmarks.LuceneNet_SearchWithCollapse,Rowles.LeanCorpus.Benchmarks,CollapseAndFacetBenchmarks,LuceneNet_SearchWithCollapse,DefaultJob,Default,Default,Default,Default,Default,Default,Default,Default,Default,Default,Default,Default,Default,Default,Default,Default,Default,Default,Default,Default,Default,Default,Default,Default,Default,Default,Default,Default,Default,Default,Default,Default,Default,Default,Default,Default,Default,Default,Default,Default,Default,DefaultJob,DocumentCount=100000,1,Workload,Actual,12,680585724,2048,332317.25,30,1,0,61863
CollapseAndFacetBenchmarks.LuceneNet_SearchWithCollapse,Rowles.LeanCorpus.Benchmarks,CollapseAndFacetBenchmarks,LuceneNet_SearchWithCollapse,DefaultJob,Default,Default,Default,Default,Default,Default,Default,Default,Default,Default,Default,Default,Default,Default,Default,Default,Default,Default,Default,Default,Default,Default,Default,Default,Default,Default,Default,Default,Default,Default,Default,Default,Default,Default,Default,Default,Default,Default,Default,Default,Default,DefaultJob,DocumentCount=100000,1,Workload,Actual,13,677633423,2048,330875.69,30,1,0,61863
CollapseAndFacetBenchmarks.LuceneNet_SearchWithCollapse,Rowles.LeanCorpus.Benchmarks,CollapseAndFacetBenchmarks,LuceneNet_SearchWithCollapse,DefaultJob,Default,Default,Default,Default,Default,Default,Default,Default,Default,Default,Default,Default,Default,Default,Default,Default,Default,Default,Default,Default,Default,Default,Default,Default,Default,Default,Default,Default,Default,Default,Default,Default,Default,Default,Default,Default,Default,Default,Default,Default,Default,DefaultJob,DocumentCount=100000,1,Workload,Actual,14,682814553,2048,333405.54,30,1,0,61863
CollapseAndFacetBenchmarks.LuceneNet_SearchWithCollapse,Rowles.LeanCorpus.Benchmarks,CollapseAndFacetBenchmarks,LuceneNet_SearchWithCollapse,DefaultJob,Default,Default,Default,Default,Default,Default,Default,Default,Default,Default,Default,Default,Default,Default,Default,Default,Default,Default,Default,Default,Default,Default,Default,Default,Default,Default,Default,Default,Default,Default,Default,Default,Default,Default,Default,Default,Default,Default,Default,Default,Default,DefaultJob,DocumentCount=100000,1,Workload,Actual,15,681109753,2048,332573.12,30,1,0,61863
CollapseAndFacetBenchmarks.LuceneNet_SearchWithCollapse,Rowles.LeanCorpus.Benchmarks,CollapseAndFacetBenchmarks,LuceneNet_SearchWithCollapse,DefaultJob,Default,Default,Default,Default,Default,Default,Default,Default,Default,Default,Default,Default,Default,Default,Default,Default,Default,Default,Default,Default,Default,Default,Default,Default,Default,Default,Default,Default,Default,Default,Default,Default,Default,Default,Default,Default,Default,Default,Default,Default,Default,DefaultJob,DocumentCount=100000,1,Workload,Extra,1,681666914,2048,332845.17,30,1,0,61863
CollapseAndFacetBenchmarks.LuceneNet_SearchWithCollapse,Rowles.LeanCorpus.Benchmarks,CollapseAndFacetBenchmarks,LuceneNet_SearchWithCollapse,DefaultJob,Default,Default,Default,Default,Default,Default,Default,Default,Default,Default,Default,Default,Default,Default,Default,Default,Default,Default,Default,Default,Default,Default,Default,Default,Default,Default,Default,Default,Default,Default,Default,Default,Default,Default,Default,Default,Default,Default,Default,Default,Default,DefaultJob,DocumentCount=100000,1,Workload,Result,1,681743076,2048,332882.36,30,1,0,61863
CollapseAndFacetBenchmarks.LuceneNet_SearchWithCollapse,Rowles.LeanCorpus.Benchmarks,CollapseAndFacetBenchmarks,LuceneNet_SearchWithCollapse,DefaultJob,Default,Default,Default,Default,Default,Default,Default,Default,Default,Default,Default,Default,Default,Default,Default,Default,Default,Default,Default,Default,Default,Default,Default,Default,Default,Default,Default,Default,Default,Default,Default,Default,Default,Default,Default,Default,Default,Default,Default,Default,Default,DefaultJob,DocumentCount=100000,1,Workload,Result,2,689387542,2048,336615.01,30,1,0,61863
CollapseAndFacetBenchmarks.LuceneNet_SearchWithCollapse,Rowles.LeanCorpus.Benchmarks,CollapseAndFacetBenchmarks,LuceneNet_SearchWithCollapse,DefaultJob,Default,Default,Default,Default,Default,Default,Default,Default,Default,Default,Default,Default,Default,Default,Default,Default,Default,Default,Default,Default,Default,Default,Default,Default,Default,Default,Default,Default,Default,Default,Default,Default,Default,Default,Default,Default,Default,Default,Default,Default,Default,DefaultJob,DocumentCount=100000,1,Workload,Result,3,676773922,2048,330456.02,30,1,0,61863
CollapseAndFacetBenchmarks.LuceneNet_SearchWithCollapse,Rowles.LeanCorpus.Benchmarks,CollapseAndFacetBenchmarks,LuceneNet_SearchWithCollapse,DefaultJob,Default,Default,Default,Default,Default,Default,Default,Default,Default,Default,Default,Default,Default,Default,Default,Default,Default,Default,Default,Default,Default,Default,Default,Default,Default,Default,Default,Default,Default,Default,Default,Default,Default,Default,Default,Default,Default,Default,Default,Default,Default,DefaultJob,DocumentCount=100000,1,Workload,Result,4,688326706,2048,336097.02,30,1,0,61863
CollapseAndFacetBenchmarks.LuceneNet_SearchWithCollapse,Rowles.LeanCorpus.Benchmarks,CollapseAndFacetBenchmarks,LuceneNet_SearchWithCollapse,DefaultJob,Default,Default,Default,Default,Default,Default,Default,Default,Default,Default,Default,Default,Default,Default,Default,Default,Default,Default,Default,Default,Default,Default,Default,Default,Default,Default,Default,Default,Default,Default,Default,Default,Default,Default,Default,Default,Default,Default,Default,Default,Default,DefaultJob,DocumentCount=100000,1,Workload,Result,5,687788166,2048,335834.07,30,1,0,61863
CollapseAndFacetBenchmarks.LuceneNet_SearchWithCollapse,Rowles.LeanCorpus.Benchmarks,CollapseAndFacetBenchmarks,LuceneNet_SearchWithCollapse,DefaultJob,Default,Default,Default,Default,Default,Default,Default,Default,Default,Default,Default,Default,Default,Default,Default,Default,Default,Default,Default,Default,Default,Default,Default,Default,Default,Default,Default,Default,Default,Default,Default,Default,Default,Default,Default,Default,Default,Default,Default,Default,Default,DefaultJob,DocumentCount=100000,1,Workload,Result,6,687682672,2048,335782.55,30,1,0,61863
CollapseAndFacetBenchmarks.LuceneNet_SearchWithCollapse,Rowles.LeanCorpus.Benchmarks,CollapseAndFacetBenchmarks,LuceneNet_SearchWithCollapse,DefaultJob,Default,Default,Default,Default,Default,Default,Default,Default,Default,Default,Default,Default,Default,Default,Default,Default,Default,Default,Default,Default,Default,Default,Default,Default,Default,Default,Default,Default,Default,Default,Default,Default,Default,Default,Default,Default,Default,Default,Default,Default,Default,DefaultJob,DocumentCount=100000,1,Workload,Result,7,679013688,2048,331549.65,30,1,0,61863
CollapseAndFacetBenchmarks.LuceneNet_SearchWithCollapse,Rowles.LeanCorpus.Benchmarks,CollapseAndFacetBenchmarks,LuceneNet_SearchWithCollapse,DefaultJob,Default,Default,Default,Default,Default,Default,Default,Default,Default,Default,Default,Default,Default,Default,Default,Default,Default,Default,Default,Default,Default,Default,Default,Default,Default,Default,Default,Default,Default,Default,Default,Default,Default,Default,Default,Default,Default,Default,Default,Default,Default,DefaultJob,DocumentCount=100000,1,Workload,Result,8,689159211,2048,336503.52,30,1,0,61863
CollapseAndFacetBenchmarks.LuceneNet_SearchWithCollapse,Rowles.LeanCorpus.Benchmarks,CollapseAndFacetBenchmarks,LuceneNet_SearchWithCollapse,DefaultJob,Default,Default,Default,Default,Default,Default,Default,Default,Default,Default,Default,Default,Default,Default,Default,Default,Default,Default,Default,Default,Default,Default,Default,Default,Default,Default,Default,Default,Default,Default,Default,Default,Default,Default,Default,Default,Default,Default,Default,Default,Default,DefaultJob,DocumentCount=100000,1,Workload,Result,9,678259865,2048,331181.57,30,1,0,61863
CollapseAndFacetBenchmarks.LuceneNet_SearchWithCollapse,Rowles.LeanCorpus.Benchmarks,CollapseAndFacetBenchmarks,LuceneNet_SearchWithCollapse,DefaultJob,Default,Default,Default,Default,Default,Default,Default,Default,Default,Default,Default,Default,Default,Default,Default,Default,Default,Default,Default,Default,Default,Default,Default,Default,Default,Default,Default,Default,Default,Default,Default,Default,Default,Default,Default,Default,Default,Default,Default,Default,Default,DefaultJob,DocumentCount=100000,1,Workload,Result,10,675075291,2048,329626.61,30,1,0,61863
CollapseAndFacetBenchmarks.LuceneNet_SearchWithCollapse,Rowles.LeanCorpus.Benchmarks,CollapseAndFacetBenchmarks,LuceneNet_SearchWithCollapse,DefaultJob,Default,Default,Default,Default,Default,Default,Default,Default,Default,Default,Default,Default,Default,Default,Default,Default,Default,Default,Default,Default,Default,Default,Default,Default,Default,Default,Default,Default,Default,Default,Default,Default,Default,Default,Default,Default,Default,Default,Default,Default,Default,DefaultJob,DocumentCount=100000,1,Workload,Result,11,677780443,2048,330947.48,30,1,0,61863
CollapseAndFacetBenchmarks.LuceneNet_SearchWithCollapse,Rowles.LeanCorpus.Benchmarks,CollapseAndFacetBenchmarks,LuceneNet_SearchWithCollapse,DefaultJob,Default,Default,Default,Default,Default,Default,Default,Default,Default,Default,Default,Default,Default,Default,Default,Default,Default,Default,Default,Default,Default,Default,Default,Default,Default,Default,Default,Default,Default,Default,Default,Default,Default,Default,Default,Default,Default,Default,Default,Default,Default,DefaultJob,DocumentCount=100000,1,Workload,Result,12,680585724,2048,332317.25,30,1,0,61863
CollapseAndFacetBenchmarks.LuceneNet_SearchWithCollapse,Rowles.LeanCorpus.Benchmarks,CollapseAndFacetBenchmarks,LuceneNet_SearchWithCollapse,DefaultJob,Default,Default,Default,Default,Default,Default,Default,Default,Default,Default,Default,Default,Default,Default,Default,Default,Default,Default,Default,Default,Default,Default,Default,Default,Default,Default,Default,Default,Default,Default,Default,Default,Default,Default,Default,Default,Default,Default,Default,Default,Default,DefaultJob,DocumentCount=100000,1,Workload,Result,13,677633423,2048,330875.69,30,1,0,61863
CollapseAndFacetBenchmarks.LuceneNet_SearchWithCollapse,Rowles.LeanCorpus.Benchmarks,CollapseAndFacetBenchmarks,LuceneNet_SearchWithCollapse,DefaultJob,Default,Default,Default,Default,Default,Default,Default,Default,Default,Default,Default,Default,Default,Default,Default,Default,Default,Default,Default,Default,Default,Default,Default,Default,Default,Default,Default,Default,Default,Default,Default,Default,Default,Default,Default,Default,Default,Default,Default,Default,Default,DefaultJob,DocumentCount=100000,1,Workload,Result,14,682814553,2048,333405.54,30,1,0,61863
CollapseAndFacetBenchmarks.LuceneNet_SearchWithCollapse,Rowles.LeanCorpus.Benchmarks,CollapseAndFacetBenchmarks,LuceneNet_SearchWithCollapse,DefaultJob,Default,Default,Default,Default,Default,Default,Default,Default,Default,Default,Default,Default,Default,Default,Default,Default,Default,Default,Default,Default,Default,Default,Default,Default,Default,Default,Default,Default,Default,Default,Default,Default,Default,Default,Default,Default,Default,Default,Default,Default,Default,DefaultJob,DocumentCount=100000,1,Workload,Result,15,681109753,2048,332573.12,30,1,0,61863
CollapseAndFacetBenchmarks.LuceneNet_SearchWithFacets,Rowles.LeanCorpus.Benchmarks,CollapseAndFacetBenchmarks,LuceneNet_SearchWithFacets,DefaultJob,Default,Default,Default,Default,Default,Default,Default,Default,Default,Default,Default,Default,Default,Default,Default,Default,Default,Default,Default,Default,Default,Default,Default,Default,Default,Default,Default,Default,Default,Default,Default,Default,Default,Default,Default,Default,Default,Default,Default,Default,Default,DefaultJob,DocumentCount=100000,1,Workload,Jitting,1,38451858,1,38451858,36,1,0,73894
CollapseAndFacetBenchmarks.LuceneNet_SearchWithFacets,Rowles.LeanCorpus.Benchmarks,CollapseAndFacetBenchmarks,LuceneNet_SearchWithFacets,DefaultJob,Default,Default,Default,Default,Default,Default,Default,Default,Default,Default,Default,Default,Default,Default,Default,Default,Default,Default,Default,Default,Default,Default,Default,Default,Default,Default,Default,Default,Default,Default,Default,Default,Default,Default,Default,Default,Default,Default,Default,Default,Default,DefaultJob,DocumentCount=100000,1,Workload,Jitting,2,24156051,30,805201.7,36,1,0,73894
CollapseAndFacetBenchmarks.LuceneNet_SearchWithFacets,Rowles.LeanCorpus.Benchmarks,CollapseAndFacetBenchmarks,LuceneNet_SearchWithFacets,DefaultJob,Default,Default,Default,Default,Default,Default,Default,Default,Default,Default,Default,Default,Default,Default,Default,Default,Default,Default,Default,Default,Default,Default,Default,Default,Default,Default,Default,Default,Default,Default,Default,Default,Default,Default,Default,Default,Default,Default,Default,Default,Default,DefaultJob,DocumentCount=100000,1,Workload,Jitting,3,31762860,30,1058762,36,1,0,73894
CollapseAndFacetBenchmarks.LuceneNet_SearchWithFacets,Rowles.LeanCorpus.Benchmarks,CollapseAndFacetBenchmarks,LuceneNet_SearchWithFacets,DefaultJob,Default,Default,Default,Default,Default,Default,Default,Default,Default,Default,Default,Default,Default,Default,Default,Default,Default,Default,Default,Default,Default,Default,Default,Default,Default,Default,Default,Default,Default,Default,Default,Default,Default,Default,Default,Default,Default,Default,Default,Default,Default,DefaultJob,DocumentCount=100000,1,Workload,Jitting,4,13790335,30,459677.83,36,1,0,73894
CollapseAndFacetBenchmarks.LuceneNet_SearchWithFacets,Rowles.LeanCorpus.Benchmarks,CollapseAndFacetBenchmarks,LuceneNet_SearchWithFacets,DefaultJob,Default,Default,Default,Default,Default,Default,Default,Default,Default,Default,Default,Default,Default,Default,Default,Default,Default,Default,Default,Default,Default,Default,Default,Default,Default,Default,Default,Default,Default,Default,Default,Default,Default,Default,Default,Default,Default,Default,Default,Default,Default,DefaultJob,DocumentCount=100000,1,Workload,Jitting,5,618991,1,618991,36,1,0,73894
CollapseAndFacetBenchmarks.LuceneNet_SearchWithFacets,Rowles.LeanCorpus.Benchmarks,CollapseAndFacetBenchmarks,LuceneNet_SearchWithFacets,DefaultJob,Default,Default,Default,Default,Default,Default,Default,Default,Default,Default,Default,Default,Default,Default,Default,Default,Default,Default,Default,Default,Default,Default,Default,Default,Default,Default,Default,Default,Default,Default,Default,Default,Default,Default,Default,Default,Default,Default,Default,Default,Default,DefaultJob,DocumentCount=100000,1,Workload,Pilot,1,608452,1,608452,36,1,0,73894
CollapseAndFacetBenchmarks.LuceneNet_SearchWithFacets,Rowles.LeanCorpus.Benchmarks,CollapseAndFacetBenchmarks,LuceneNet_SearchWithFacets,DefaultJob,Default,Default,Default,Default,Default,Default,Default,Default,Default,Default,Default,Default,Default,Default,Default,Default,Default,Default,Default,Default,Default,Default,Default,Default,Default,Default,Default,Default,Default,Default,Default,Default,Default,Default,Default,Default,Default,Default,Default,Default,Default,DefaultJob,DocumentCount=100000,1,Workload,Pilot,1,10057108,16,628569.25,36,1,0,73894
CollapseAndFacetBenchmarks.LuceneNet_SearchWithFacets,Rowles.LeanCorpus.Benchmarks,CollapseAndFacetBenchmarks,LuceneNet_SearchWithFacets,DefaultJob,Default,Default,Default,Default,Default,Default,Default,Default,Default,Default,Default,Default,Default,Default,Default,Default,Default,Default,Default,Default,Default,Default,Default,Default,Default,Default,Default,Default,Default,Default,Default,Default,Default,Default,Default,Default,Default,Default,Default,Default,Default,DefaultJob,DocumentCount=100000,1,Workload,Pilot,2,16326113,32,510191.03,36,1,0,73894
CollapseAndFacetBenchmarks.LuceneNet_SearchWithFacets,Rowles.LeanCorpus.Benchmarks,CollapseAndFacetBenchmarks,LuceneNet_SearchWithFacets,DefaultJob,Default,Default,Default,Default,Default,Default,Default,Default,Default,Default,Default,Default,Default,Default,Default,Default,Default,Default,Default,Default,Default,Default,Default,Default,Default,Default,Default,Default,Default,Default,Default,Default,Default,Default,Default,Default,Default,Default,Default,Default,Default,DefaultJob,DocumentCount=100000,1,Workload,Pilot,3,28451497,64,444554.64,36,1,0,73894
CollapseAndFacetBenchmarks.LuceneNet_SearchWithFacets,Rowles.LeanCorpus.Benchmarks,CollapseAndFacetBenchmarks,LuceneNet_SearchWithFacets,DefaultJob,Default,Default,Default,Default,Default,Default,Default,Default,Default,Default,Default,Default,Default,Default,Default,Default,Default,Default,Default,Default,Default,Default,Default,Default,Default,Default,Default,Default,Default,Default,Default,Default,Default,Default,Default,Default,Default,Default,Default,Default,Default,DefaultJob,DocumentCount=100000,1,Workload,Pilot,4,53539566,128,418277.86,36,1,0,73894
CollapseAndFacetBenchmarks.LuceneNet_SearchWithFacets,Rowles.LeanCorpus.Benchmarks,CollapseAndFacetBenchmarks,LuceneNet_SearchWithFacets,DefaultJob,Default,Default,Default,Default,Default,Default,Default,Default,Default,Default,Default,Default,Default,Default,Default,Default,Default,Default,Default,Default,Default,Default,Default,Default,Default,Default,Default,Default,Default,Default,Default,Default,Default,Default,Default,Default,Default,Default,Default,Default,Default,DefaultJob,DocumentCount=100000,1,Workload,Pilot,5,107135792,256,418499.19,36,1,0,73894
CollapseAndFacetBenchmarks.LuceneNet_SearchWithFacets,Rowles.LeanCorpus.Benchmarks,CollapseAndFacetBenchmarks,LuceneNet_SearchWithFacets,DefaultJob,Default,Default,Default,Default,Default,Default,Default,Default,Default,Default,Default,Default,Default,Default,Default,Default,Default,Default,Default,Default,Default,Default,Default,Default,Default,Default,Default,Default,Default,Default,Default,Default,Default,Default,Default,Default,Default,Default,Default,Default,Default,DefaultJob,DocumentCount=100000,1,Workload,Pilot,6,211344078,512,412781.4,36,1,0,73894
CollapseAndFacetBenchmarks.LuceneNet_SearchWithFacets,Rowles.LeanCorpus.Benchmarks,CollapseAndFacetBenchmarks,LuceneNet_SearchWithFacets,DefaultJob,Default,Default,Default,Default,Default,Default,Default,Default,Default,Default,Default,Default,Default,Default,Default,Default,Default,Default,Default,Default,Default,Default,Default,Default,Default,Default,Default,Default,Default,Default,Default,Default,Default,Default,Default,Default,Default,Default,Default,Default,Default,DefaultJob,DocumentCount=100000,1,Workload,Pilot,7,418528552,1024,408719.29,36,1,0,73894
CollapseAndFacetBenchmarks.LuceneNet_SearchWithFacets,Rowles.LeanCorpus.Benchmarks,CollapseAndFacetBenchmarks,LuceneNet_SearchWithFacets,DefaultJob,Default,Default,Default,Default,Default,Default,Default,Default,Default,Default,Default,Default,Default,Default,Default,Default,Default,Default,Default,Default,Default,Default,Default,Default,Default,Default,Default,Default,Default,Default,Default,Default,Default,Default,Default,Default,Default,Default,Default,Default,Default,DefaultJob,DocumentCount=100000,1,Workload,Pilot,8,838831860,2048,409585.87,36,1,0,73894
CollapseAndFacetBenchmarks.LuceneNet_SearchWithFacets,Rowles.LeanCorpus.Benchmarks,CollapseAndFacetBenchmarks,LuceneNet_SearchWithFacets,DefaultJob,Default,Default,Default,Default,Default,Default,Default,Default,Default,Default,Default,Default,Default,Default,Default,Default,Default,Default,Default,Default,Default,Default,Default,Default,Default,Default,Default,Default,Default,Default,Default,Default,Default,Default,Default,Default,Default,Default,Default,Default,Default,DefaultJob,DocumentCount=100000,1,Workload,Warmup,1,831317602,2048,405916.8,36,1,0,73894
CollapseAndFacetBenchmarks.LuceneNet_SearchWithFacets,Rowles.LeanCorpus.Benchmarks,CollapseAndFacetBenchmarks,LuceneNet_SearchWithFacets,DefaultJob,Default,Default,Default,Default,Default,Default,Default,Default,Default,Default,Default,Default,Default,Default,Default,Default,Default,Default,Default,Default,Default,Default,Default,Default,Default,Default,Default,Default,Default,Default,Default,Default,Default,Default,Default,Default,Default,Default,Default,Default,Default,DefaultJob,DocumentCount=100000,1,Workload,Warmup,2,834167242,2048,407308.22,36,1,0,73894
CollapseAndFacetBenchmarks.LuceneNet_SearchWithFacets,Rowles.LeanCorpus.Benchmarks,CollapseAndFacetBenchmarks,LuceneNet_SearchWithFacets,DefaultJob,Default,Default,Default,Default,Default,Default,Default,Default,Default,Default,Default,Default,Default,Default,Default,Default,Default,Default,Default,Default,Default,Default,Default,Default,Default,Default,Default,Default,Default,Default,Default,Default,Default,Default,Default,Default,Default,Default,Default,Default,Default,DefaultJob,DocumentCount=100000,1,Workload,Warmup,3,837637311,2048,409002.59,36,1,0,73894
CollapseAndFacetBenchmarks.LuceneNet_SearchWithFacets,Rowles.LeanCorpus.Benchmarks,CollapseAndFacetBenchmarks,LuceneNet_SearchWithFacets,DefaultJob,Default,Default,Default,Default,Default,Default,Default,Default,Default,Default,Default,Default,Default,Default,Default,Default,Default,Default,Default,Default,Default,Default,Default,Default,Default,Default,Default,Default,Default,Default,Default,Default,Default,Default,Default,Default,Default,Default,Default,Default,Default,DefaultJob,DocumentCount=100000,1,Workload,Warmup,4,836049290,2048,408227.19,36,1,0,73894
CollapseAndFacetBenchmarks.LuceneNet_SearchWithFacets,Rowles.LeanCorpus.Benchmarks,CollapseAndFacetBenchmarks,LuceneNet_SearchWithFacets,DefaultJob,Default,Default,Default,Default,Default,Default,Default,Default,Default,Default,Default,Default,Default,Default,Default,Default,Default,Default,Default,Default,Default,Default,Default,Default,Default,Default,Default,Default,Default,Default,Default,Default,Default,Default,Default,Default,Default,Default,Default,Default,Default,DefaultJob,DocumentCount=100000,1,Workload,Warmup,5,832169790,2048,406332.91,36,1,0,73894
CollapseAndFacetBenchmarks.LuceneNet_SearchWithFacets,Rowles.LeanCorpus.Benchmarks,CollapseAndFacetBenchmarks,LuceneNet_SearchWithFacets,DefaultJob,Default,Default,Default,Default,Default,Default,Default,Default,Default,Default,Default,Default,Default,Default,Default,Default,Default,Default,Default,Default,Default,Default,Default,Default,Default,Default,Default,Default,Default,Default,Default,Default,Default,Default,Default,Default,Default,Default,Default,Default,Default,DefaultJob,DocumentCount=100000,1,Workload,Warmup,6,835195301,2048,407810.21,36,1,0,73894
CollapseAndFacetBenchmarks.LuceneNet_SearchWithFacets,Rowles.LeanCorpus.Benchmarks,CollapseAndFacetBenchmarks,LuceneNet_SearchWithFacets,DefaultJob,Default,Default,Default,Default,Default,Default,Default,Default,Default,Default,Default,Default,Default,Default,Default,Default,Default,Default,Default,Default,Default,Default,Default,Default,Default,Default,Default,Default,Default,Default,Default,Default,Default,Default,Default,Default,Default,Default,Default,Default,Default,DefaultJob,DocumentCount=100000,1,Workload,Warmup,7,836755216,2048,408571.88,36,1,0,73894
CollapseAndFacetBenchmarks.LuceneNet_SearchWithFacets,Rowles.LeanCorpus.Benchmarks,CollapseAndFacetBenchmarks,LuceneNet_SearchWithFacets,DefaultJob,Default,Default,Default,Default,Default,Default,Default,Default,Default,Default,Default,Default,Default,Default,Default,Default,Default,Default,Default,Default,Default,Default,Default,Default,Default,Default,Default,Default,Default,Default,Default,Default,Default,Default,Default,Default,Default,Default,Default,Default,Default,DefaultJob,DocumentCount=100000,1,Workload,Warmup,8,835570540,2048,407993.43,36,1,0,73894
CollapseAndFacetBenchmarks.LuceneNet_SearchWithFacets,Rowles.LeanCorpus.Benchmarks,CollapseAndFacetBenchmarks,LuceneNet_SearchWithFacets,DefaultJob,Default,Default,Default,Default,Default,Default,Default,Default,Default,Default,Default,Default,Default,Default,Default,Default,Default,Default,Default,Default,Default,Default,Default,Default,Default,Default,Default,Default,Default,Default,Default,Default,Default,Default,Default,Default,Default,Default,Default,Default,Default,DefaultJob,DocumentCount=100000,1,Workload,Actual,1,837443831,2048,408908.12,36,1,0,73894
CollapseAndFacetBenchmarks.LuceneNet_SearchWithFacets,Rowles.LeanCorpus.Benchmarks,CollapseAndFacetBenchmarks,LuceneNet_SearchWithFacets,DefaultJob,Default,Default,Default,Default,Default,Default,Default,Default,Default,Default,Default,Default,Default,Default,Default,Default,Default,Default,Default,Default,Default,Default,Default,Default,Default,Default,Default,Default,Default,Default,Default,Default,Default,Default,Default,Default,Default,Default,Default,Default,Default,DefaultJob,DocumentCount=100000,1,Workload,Actual,2,836988244,2048,408685.67,36,1,0,73894
CollapseAndFacetBenchmarks.LuceneNet_SearchWithFacets,Rowles.LeanCorpus.Benchmarks,CollapseAndFacetBenchmarks,LuceneNet_SearchWithFacets,DefaultJob,Default,Default,Default,Default,Default,Default,Default,Default,Default,Default,Default,Default,Default,Default,Default,Default,Default,Default,Default,Default,Default,Default,Default,Default,Default,Default,Default,Default,Default,Default,Default,Default,Default,Default,Default,Default,Default,Default,Default,Default,Default,DefaultJob,DocumentCount=100000,1,Workload,Actual,3,835310410,2048,407866.41,36,1,0,73894
CollapseAndFacetBenchmarks.LuceneNet_SearchWithFacets,Rowles.LeanCorpus.Benchmarks,CollapseAndFacetBenchmarks,LuceneNet_SearchWithFacets,DefaultJob,Default,Default,Default,Default,Default,Default,Default,Default,Default,Default,Default,Default,Default,Default,Default,Default,Default,Default,Default,Default,Default,Default,Default,Default,Default,Default,Default,Default,Default,Default,Default,Default,Default,Default,Default,Default,Default,Default,Default,Default,Default,DefaultJob,DocumentCount=100000,1,Workload,Actual,4,835029201,2048,407729.1,36,1,0,73894
CollapseAndFacetBenchmarks.LuceneNet_SearchWithFacets,Rowles.LeanCorpus.Benchmarks,CollapseAndFacetBenchmarks,LuceneNet_SearchWithFacets,DefaultJob,Default,Default,Default,Default,Default,Default,Default,Default,Default,Default,Default,Default,Default,Default,Default,Default,Default,Default,Default,Default,Default,Default,Default,Default,Default,Default,Default,Default,Default,Default,Default,Default,Default,Default,Default,Default,Default,Default,Default,Default,Default,DefaultJob,DocumentCount=100000,1,Workload,Actual,5,836424657,2048,408410.48,36,1,0,73894
CollapseAndFacetBenchmarks.LuceneNet_SearchWithFacets,Rowles.LeanCorpus.Benchmarks,CollapseAndFacetBenchmarks,LuceneNet_SearchWithFacets,DefaultJob,Default,Default,Default,Default,Default,Default,Default,Default,Default,Default,Default,Default,Default,Default,Default,Default,Default,Default,Default,Default,Default,Default,Default,Default,Default,Default,Default,Default,Default,Default,Default,Default,Default,Default,Default,Default,Default,Default,Default,Default,Default,DefaultJob,DocumentCount=100000,1,Workload,Actual,6,831106987,2048,405813.96,36,1,0,73894
CollapseAndFacetBenchmarks.LuceneNet_SearchWithFacets,Rowles.LeanCorpus.Benchmarks,CollapseAndFacetBenchmarks,LuceneNet_SearchWithFacets,DefaultJob,Default,Default,Default,Default,Default,Default,Default,Default,Default,Default,Default,Default,Default,Default,Default,Default,Default,Default,Default,Default,Default,Default,Default,Default,Default,Default,Default,Default,Default,Default,Default,Default,Default,Default,Default,Default,Default,Default,Default,Default,Default,DefaultJob,DocumentCount=100000,1,Workload,Actual,7,833115126,2048,406794.5,36,1,0,73894
CollapseAndFacetBenchmarks.LuceneNet_SearchWithFacets,Rowles.LeanCorpus.Benchmarks,CollapseAndFacetBenchmarks,LuceneNet_SearchWithFacets,DefaultJob,Default,Default,Default,Default,Default,Default,Default,Default,Default,Default,Default,Default,Default,Default,Default,Default,Default,Default,Default,Default,Default,Default,Default,Default,Default,Default,Default,Default,Default,Default,Default,Default,Default,Default,Default,Default,Default,Default,Default,Default,Default,DefaultJob,DocumentCount=100000,1,Workload,Actual,8,836358135,2048,408378,36,1,0,73894
CollapseAndFacetBenchmarks.LuceneNet_SearchWithFacets,Rowles.LeanCorpus.Benchmarks,CollapseAndFacetBenchmarks,LuceneNet_SearchWithFacets,DefaultJob,Default,Default,Default,Default,Default,Default,Default,Default,Default,Default,Default,Default,Default,Default,Default,Default,Default,Default,Default,Default,Default,Default,Default,Default,Default,Default,Default,Default,Default,Default,Default,Default,Default,Default,Default,Default,Default,Default,Default,Default,Default,DefaultJob,DocumentCount=100000,1,Workload,Actual,9,834441513,2048,407442.15,36,1,0,73894
CollapseAndFacetBenchmarks.LuceneNet_SearchWithFacets,Rowles.LeanCorpus.Benchmarks,CollapseAndFacetBenchmarks,LuceneNet_SearchWithFacets,DefaultJob,Default,Default,Default,Default,Default,Default,Default,Default,Default,Default,Default,Default,Default,Default,Default,Default,Default,Default,Default,Default,Default,Default,Default,Default,Default,Default,Default,Default,Default,Default,Default,Default,Default,Default,Default,Default,Default,Default,Default,Default,Default,DefaultJob,DocumentCount=100000,1,Workload,Actual,10,836944594,2048,408664.35,36,1,0,73894
CollapseAndFacetBenchmarks.LuceneNet_SearchWithFacets,Rowles.LeanCorpus.Benchmarks,CollapseAndFacetBenchmarks,LuceneNet_SearchWithFacets,DefaultJob,Default,Default,Default,Default,Default,Default,Default,Default,Default,Default,Default,Default,Default,Default,Default,Default,Default,Default,Default,Default,Default,Default,Default,Default,Default,Default,Default,Default,Default,Default,Default,Default,Default,Default,Default,Default,Default,Default,Default,Default,Default,DefaultJob,DocumentCount=100000,1,Workload,Actual,11,836217090,2048,408309.13,36,1,0,73894
CollapseAndFacetBenchmarks.LuceneNet_SearchWithFacets,Rowles.LeanCorpus.Benchmarks,CollapseAndFacetBenchmarks,LuceneNet_SearchWithFacets,DefaultJob,Default,Default,Default,Default,Default,Default,Default,Default,Default,Default,Default,Default,Default,Default,Default,Default,Default,Default,Default,Default,Default,Default,Default,Default,Default,Default,Default,Default,Default,Default,Default,Default,Default,Default,Default,Default,Default,Default,Default,Default,Default,DefaultJob,DocumentCount=100000,1,Workload,Actual,12,831031549,2048,405777.12,36,1,0,73894
CollapseAndFacetBenchmarks.LuceneNet_SearchWithFacets,Rowles.LeanCorpus.Benchmarks,CollapseAndFacetBenchmarks,LuceneNet_SearchWithFacets,DefaultJob,Default,Default,Default,Default,Default,Default,Default,Default,Default,Default,Default,Default,Default,Default,Default,Default,Default,Default,Default,Default,Default,Default,Default,Default,Default,Default,Default,Default,Default,Default,Default,Default,Default,Default,Default,Default,Default,Default,Default,Default,Default,DefaultJob,DocumentCount=100000,1,Workload,Actual,13,834404155,2048,407423.9,36,1,0,73894
CollapseAndFacetBenchmarks.LuceneNet_SearchWithFacets,Rowles.LeanCorpus.Benchmarks,CollapseAndFacetBenchmarks,LuceneNet_SearchWithFacets,DefaultJob,Default,Default,Default,Default,Default,Default,Default,Default,Default,Default,Default,Default,Default,Default,Default,Default,Default,Default,Default,Default,Default,Default,Default,Default,Default,Default,Default,Default,Default,Default,Default,Default,Default,Default,Default,Default,Default,Default,Default,Default,Default,DefaultJob,DocumentCount=100000,1,Workload,Actual,14,837016621,2048,408699.52,36,1,0,73894
CollapseAndFacetBenchmarks.LuceneNet_SearchWithFacets,Rowles.LeanCorpus.Benchmarks,CollapseAndFacetBenchmarks,LuceneNet_SearchWithFacets,DefaultJob,Default,Default,Default,Default,Default,Default,Default,Default,Default,Default,Default,Default,Default,Default,Default,Default,Default,Default,Default,Default,Default,Default,Default,Default,Default,Default,Default,Default,Default,Default,Default,Default,Default,Default,Default,Default,Default,Default,Default,Default,Default,DefaultJob,DocumentCount=100000,1,Workload,Actual,15,836800988,2048,408594.23,36,1,0,73894
CollapseAndFacetBenchmarks.LuceneNet_SearchWithFacets,Rowles.LeanCorpus.Benchmarks,CollapseAndFacetBenchmarks,LuceneNet_SearchWithFacets,DefaultJob,Default,Default,Default,Default,Default,Default,Default,Default,Default,Default,Default,Default,Default,Default,Default,Default,Default,Default,Default,Default,Default,Default,Default,Default,Default,Default,Default,Default,Default,Default,Default,Default,Default,Default,Default,Default,Default,Default,Default,Default,Default,DefaultJob,DocumentCount=100000,1,Workload,Extra,1,818906785,2048,399856.83,36,1,0,73894
CollapseAndFacetBenchmarks.LuceneNet_SearchWithFacets,Rowles.LeanCorpus.Benchmarks,CollapseAndFacetBenchmarks,LuceneNet_SearchWithFacets,DefaultJob,Default,Default,Default,Default,Default,Default,Default,Default,Default,Default,Default,Default,Default,Default,Default,Default,Default,Default,Default,Default,Default,Default,Default,Default,Default,Default,Default,Default,Default,Default,Default,Default,Default,Default,Default,Default,Default,Default,Default,Default,Default,DefaultJob,DocumentCount=100000,1,Workload,Result,1,837443831,2048,408908.12,36,1,0,73894
CollapseAndFacetBenchmarks.LuceneNet_SearchWithFacets,Rowles.LeanCorpus.Benchmarks,CollapseAndFacetBenchmarks,LuceneNet_SearchWithFacets,DefaultJob,Default,Default,Default,Default,Default,Default,Default,Default,Default,Default,Default,Default,Default,Default,Default,Default,Default,Default,Default,Default,Default,Default,Default,Default,Default,Default,Default,Default,Default,Default,Default,Default,Default,Default,Default,Default,Default,Default,Default,Default,Default,DefaultJob,DocumentCount=100000,1,Workload,Result,2,836988244,2048,408685.67,36,1,0,73894
CollapseAndFacetBenchmarks.LuceneNet_SearchWithFacets,Rowles.LeanCorpus.Benchmarks,CollapseAndFacetBenchmarks,LuceneNet_SearchWithFacets,DefaultJob,Default,Default,Default,Default,Default,Default,Default,Default,Default,Default,Default,Default,Default,Default,Default,Default,Default,Default,Default,Default,Default,Default,Default,Default,Default,Default,Default,Default,Default,Default,Default,Default,Default,Default,Default,Default,Default,Default,Default,Default,Default,DefaultJob,DocumentCount=100000,1,Workload,Result,3,835310410,2048,407866.41,36,1,0,73894
CollapseAndFacetBenchmarks.LuceneNet_SearchWithFacets,Rowles.LeanCorpus.Benchmarks,CollapseAndFacetBenchmarks,LuceneNet_SearchWithFacets,DefaultJob,Default,Default,Default,Default,Default,Default,Default,Default,Default,Default,Default,Default,Default,Default,Default,Default,Default,Default,Default,Default,Default,Default,Default,Default,Default,Default,Default,Default,Default,Default,Default,Default,Default,Default,Default,Default,Default,Default,Default,Default,Default,DefaultJob,DocumentCount=100000,1,Workload,Result,4,835029201,2048,407729.1,36,1,0,73894
CollapseAndFacetBenchmarks.LuceneNet_SearchWithFacets,Rowles.LeanCorpus.Benchmarks,CollapseAndFacetBenchmarks,LuceneNet_SearchWithFacets,DefaultJob,Default,Default,Default,Default,Default,Default,Default,Default,Default,Default,Default,Default,Default,Default,Default,Default,Default,Default,Default,Default,Default,Default,Default,Default,Default,Default,Default,Default,Default,Default,Default,Default,Default,Default,Default,Default,Default,Default,Default,Default,Default,DefaultJob,DocumentCount=100000,1,Workload,Result,5,836424657,2048,408410.48,36,1,0,73894
CollapseAndFacetBenchmarks.LuceneNet_SearchWithFacets,Rowles.LeanCorpus.Benchmarks,CollapseAndFacetBenchmarks,LuceneNet_SearchWithFacets,DefaultJob,Default,Default,Default,Default,Default,Default,Default,Default,Default,Default,Default,Default,Default,Default,Default,Default,Default,Default,Default,Default,Default,Default,Default,Default,Default,Default,Default,Default,Default,Default,Default,Default,Default,Default,Default,Default,Default,Default,Default,Default,Default,DefaultJob,DocumentCount=100000,1,Workload,Result,6,831106987,2048,405813.96,36,1,0,73894
CollapseAndFacetBenchmarks.LuceneNet_SearchWithFacets,Rowles.LeanCorpus.Benchmarks,CollapseAndFacetBenchmarks,LuceneNet_SearchWithFacets,DefaultJob,Default,Default,Default,Default,Default,Default,Default,Default,Default,Default,Default,Default,Default,Default,Default,Default,Default,Default,Default,Default,Default,Default,Default,Default,Default,Default,Default,Default,Default,Default,Default,Default,Default,Default,Default,Default,Default,Default,Default,Default,Default,DefaultJob,DocumentCount=100000,1,Workload,Result,7,833115126,2048,406794.5,36,1,0,73894
CollapseAndFacetBenchmarks.LuceneNet_SearchWithFacets,Rowles.LeanCorpus.Benchmarks,CollapseAndFacetBenchmarks,LuceneNet_SearchWithFacets,DefaultJob,Default,Default,Default,Default,Default,Default,Default,Default,Default,Default,Default,Default,Default,Default,Default,Default,Default,Default,Default,Default,Default,Default,Default,Default,Default,Default,Default,Default,Default,Default,Default,Default,Default,Default,Default,Default,Default,Default,Default,Default,Default,DefaultJob,DocumentCount=100000,1,Workload,Result,8,836358135,2048,408378,36,1,0,73894
CollapseAndFacetBenchmarks.LuceneNet_SearchWithFacets,Rowles.LeanCorpus.Benchmarks,CollapseAndFacetBenchmarks,LuceneNet_SearchWithFacets,DefaultJob,Default,Default,Default,Default,Default,Default,Default,Default,Default,Default,Default,Default,Default,Default,Default,Default,Default,Default,Default,Default,Default,Default,Default,Default,Default,Default,Default,Default,Default,Default,Default,Default,Default,Default,Default,Default,Default,Default,Default,Default,Default,DefaultJob,DocumentCount=100000,1,Workload,Result,9,834441513,2048,407442.15,36,1,0,73894
CollapseAndFacetBenchmarks.LuceneNet_SearchWithFacets,Rowles.LeanCorpus.Benchmarks,CollapseAndFacetBenchmarks,LuceneNet_SearchWithFacets,DefaultJob,Default,Default,Default,Default,Default,Default,Default,Default,Default,Default,Default,Default,Default,Default,Default,Default,Default,Default,Default,Default,Default,Default,Default,Default,Default,Default,Default,Default,Default,Default,Default,Default,Default,Default,Default,Default,Default,Default,Default,Default,Default,DefaultJob,DocumentCount=100000,1,Workload,Result,10,836944594,2048,408664.35,36,1,0,73894
CollapseAndFacetBenchmarks.LuceneNet_SearchWithFacets,Rowles.LeanCorpus.Benchmarks,CollapseAndFacetBenchmarks,LuceneNet_SearchWithFacets,DefaultJob,Default,Default,Default,Default,Default,Default,Default,Default,Default,Default,Default,Default,Default,Default,Default,Default,Default,Default,Default,Default,Default,Default,Default,Default,Default,Default,Default,Default,Default,Default,Default,Default,Default,Default,Default,Default,Default,Default,Default,Default,Default,DefaultJob,DocumentCount=100000,1,Workload,Result,11,836217090,2048,408309.13,36,1,0,73894
CollapseAndFacetBenchmarks.LuceneNet_SearchWithFacets,Rowles.LeanCorpus.Benchmarks,CollapseAndFacetBenchmarks,LuceneNet_SearchWithFacets,DefaultJob,Default,Default,Default,Default,Default,Default,Default,Default,Default,Default,Default,Default,Default,Default,Default,Default,Default,Default,Default,Default,Default,Default,Default,Default,Default,Default,Default,Default,Default,Default,Default,Default,Default,Default,Default,Default,Default,Default,Default,Default,Default,DefaultJob,DocumentCount=100000,1,Workload,Result,12,831031549,2048,405777.12,36,1,0,73894
CollapseAndFacetBenchmarks.LuceneNet_SearchWithFacets,Rowles.LeanCorpus.Benchmarks,CollapseAndFacetBenchmarks,LuceneNet_SearchWithFacets,DefaultJob,Default,Default,Default,Default,Default,Default,Default,Default,Default,Default,Default,Default,Default,Default,Default,Default,Default,Default,Default,Default,Default,Default,Default,Default,Default,Default,Default,Default,Default,Default,Default,Default,Default,Default,Default,Default,Default,Default,Default,Default,Default,DefaultJob,DocumentCount=100000,1,Workload,Result,13,834404155,2048,407423.9,36,1,0,73894
CollapseAndFacetBenchmarks.LuceneNet_SearchWithFacets,Rowles.LeanCorpus.Benchmarks,CollapseAndFacetBenchmarks,LuceneNet_SearchWithFacets,DefaultJob,Default,Default,Default,Default,Default,Default,Default,Default,Default,Default,Default,Default,Default,Default,Default,Default,Default,Default,Default,Default,Default,Default,Default,Default,Default,Default,Default,Default,Default,Default,Default,Default,Default,Default,Default,Default,Default,Default,Default,Default,Default,DefaultJob,DocumentCount=100000,1,Workload,Result,14,837016621,2048,408699.52,36,1,0,73894
CollapseAndFacetBenchmarks.LuceneNet_SearchWithFacets,Rowles.LeanCorpus.Benchmarks,CollapseAndFacetBenchmarks,LuceneNet_SearchWithFacets,DefaultJob,Default,Default,Default,Default,Default,Default,Default,Default,Default,Default,Default,Default,Default,Default,Default,Default,Default,Default,Default,Default,Default,Default,Default,Default,Default,Default,Default,Default,Default,Default,Default,Default,Default,Default,Default,Default,Default,Default,Default,Default,Default,DefaultJob,DocumentCount=100000,1,Workload,Result,15,836800988,2048,408594.23,36,1,0,73894
CollapseAndFacetBenchmarks.LuceneNet_SearchWithCollapseAndFacets,Rowles.LeanCorpus.Benchmarks,CollapseAndFacetBenchmarks,LuceneNet_SearchWithCollapseAndFacets,DefaultJob,Default,Default,Default,Default,Default,Default,Default,Default,Default,Default,Default,Default,Default,Default,Default,Default,Default,Default,Default,Default,Default,Default,Default,Default,Default,Default,Default,Default,Default,Default,Default,Default,Default,Default,Default,Default,Default,Default,Default,Default,Default,DefaultJob,DocumentCount=100000,1,Workload,Jitting,1,41300163,1,41300163,32,1,0,135899
CollapseAndFacetBenchmarks.LuceneNet_SearchWithCollapseAndFacets,Rowles.LeanCorpus.Benchmarks,CollapseAndFacetBenchmarks,LuceneNet_SearchWithCollapseAndFacets,DefaultJob,Default,Default,Default,Default,Default,Default,Default,Default,Default,Default,Default,Default,Default,Default,Default,Default,Default,Default,Default,Default,Default,Default,Default,Default,Default,Default,Default,Default,Default,Default,Default,Default,Default,Default,Default,Default,Default,Default,Default,Default,Default,DefaultJob,DocumentCount=100000,1,Workload,Jitting,2,49788704,30,1659623.47,32,1,0,135899
CollapseAndFacetBenchmarks.LuceneNet_SearchWithCollapseAndFacets,Rowles.LeanCorpus.Benchmarks,CollapseAndFacetBenchmarks,LuceneNet_SearchWithCollapseAndFacets,DefaultJob,Default,Default,Default,Default,Default,Default,Default,Default,Default,Default,Default,Default,Default,Default,Default,Default,Default,Default,Default,Default,Default,Default,Default,Default,Default,Default,Default,Default,Default,Default,Default,Default,Default,Default,Default,Default,Default,Default,Default,Default,Default,DefaultJob,DocumentCount=100000,1,Workload,Jitting,3,47525278,30,1584175.93,32,1,0,135899
CollapseAndFacetBenchmarks.LuceneNet_SearchWithCollapseAndFacets,Rowles.LeanCorpus.Benchmarks,CollapseAndFacetBenchmarks,LuceneNet_SearchWithCollapseAndFacets,DefaultJob,Default,Default,Default,Default,Default,Default,Default,Default,Default,Default,Default,Default,Default,Default,Default,Default,Default,Default,Default,Default,Default,Default,Default,Default,Default,Default,Default,Default,Default,Default,Default,Default,Default,Default,Default,Default,Default,Default,Default,Default,Default,DefaultJob,DocumentCount=100000,1,Workload,Jitting,4,23403891,30,780129.7,32,1,0,135899
CollapseAndFacetBenchmarks.LuceneNet_SearchWithCollapseAndFacets,Rowles.LeanCorpus.Benchmarks,CollapseAndFacetBenchmarks,LuceneNet_SearchWithCollapseAndFacets,DefaultJob,Default,Default,Default,Default,Default,Default,Default,Default,Default,Default,Default,Default,Default,Default,Default,Default,Default,Default,Default,Default,Default,Default,Default,Default,Default,Default,Default,Default,Default,Default,Default,Default,Default,Default,Default,Default,Default,Default,Default,Default,Default,DefaultJob,DocumentCount=100000,1,Workload,Jitting,5,1169320,1,1169320,32,1,0,135899
CollapseAndFacetBenchmarks.LuceneNet_SearchWithCollapseAndFacets,Rowles.LeanCorpus.Benchmarks,CollapseAndFacetBenchmarks,LuceneNet_SearchWithCollapseAndFacets,DefaultJob,Default,Default,Default,Default,Default,Default,Default,Default,Default,Default,Default,Default,Default,Default,Default,Default,Default,Default,Default,Default,Default,Default,Default,Default,Default,Default,Default,Default,Default,Default,Default,Default,Default,Default,Default,Default,Default,Default,Default,Default,Default,DefaultJob,DocumentCount=100000,1,Workload,Pilot,1,1644397,1,1644397,32,1,0,135899
CollapseAndFacetBenchmarks.LuceneNet_SearchWithCollapseAndFacets,Rowles.LeanCorpus.Benchmarks,CollapseAndFacetBenchmarks,LuceneNet_SearchWithCollapseAndFacets,DefaultJob,Default,Default,Default,Default,Default,Default,Default,Default,Default,Default,Default,Default,Default,Default,Default,Default,Default,Default,Default,Default,Default,Default,Default,Default,Default,Default,Default,Default,Default,Default,Default,Default,Default,Default,Default,Default,Default,Default,Default,Default,Default,DefaultJob,DocumentCount=100000,1,Workload,Pilot,1,16420257,16,1026266.06,32,1,0,135899
CollapseAndFacetBenchmarks.LuceneNet_SearchWithCollapseAndFacets,Rowles.LeanCorpus.Benchmarks,CollapseAndFacetBenchmarks,LuceneNet_SearchWithCollapseAndFacets,DefaultJob,Default,Default,Default,Default,Default,Default,Default,Default,Default,Default,Default,Default,Default,Default,Default,Default,Default,Default,Default,Default,Default,Default,Default,Default,Default,Default,Default,Default,Default,Default,Default,Default,Default,Default,Default,Default,Default,Default,Default,Default,Default,DefaultJob,DocumentCount=100000,1,Workload,Pilot,2,29824459,32,932014.34,32,1,0,135899
CollapseAndFacetBenchmarks.LuceneNet_SearchWithCollapseAndFacets,Rowles.LeanCorpus.Benchmarks,CollapseAndFacetBenchmarks,LuceneNet_SearchWithCollapseAndFacets,DefaultJob,Default,Default,Default,Default,Default,Default,Default,Default,Default,Default,Default,Default,Default,Default,Default,Default,Default,Default,Default,Default,Default,Default,Default,Default,Default,Default,Default,Default,Default,Default,Default,Default,Default,Default,Default,Default,Default,Default,Default,Default,Default,DefaultJob,DocumentCount=100000,1,Workload,Pilot,3,47888241,64,748253.77,32,1,0,135899
CollapseAndFacetBenchmarks.LuceneNet_SearchWithCollapseAndFacets,Rowles.LeanCorpus.Benchmarks,CollapseAndFacetBenchmarks,LuceneNet_SearchWithCollapseAndFacets,DefaultJob,Default,Default,Default,Default,Default,Default,Default,Default,Default,Default,Default,Default,Default,Default,Default,Default,Default,Default,Default,Default,Default,Default,Default,Default,Default,Default,Default,Default,Default,Default,Default,Default,Default,Default,Default,Default,Default,Default,Default,Default,Default,DefaultJob,DocumentCount=100000,1,Workload,Pilot,4,99108472,128,774284.94,32,1,0,135899
CollapseAndFacetBenchmarks.LuceneNet_SearchWithCollapseAndFacets,Rowles.LeanCorpus.Benchmarks,CollapseAndFacetBenchmarks,LuceneNet_SearchWithCollapseAndFacets,DefaultJob,Default,Default,Default,Default,Default,Default,Default,Default,Default,Default,Default,Default,Default,Default,Default,Default,Default,Default,Default,Default,Default,Default,Default,Default,Default,Default,Default,Default,Default,Default,Default,Default,Default,Default,Default,Default,Default,Default,Default,Default,Default,DefaultJob,DocumentCount=100000,1,Workload,Pilot,5,194385851,256,759319.73,32,1,0,135899
CollapseAndFacetBenchmarks.LuceneNet_SearchWithCollapseAndFacets,Rowles.LeanCorpus.Benchmarks,CollapseAndFacetBenchmarks,LuceneNet_SearchWithCollapseAndFacets,DefaultJob,Default,Default,Default,Default,Default,Default,Default,Default,Default,Default,Default,Default,Default,Default,Default,Default,Default,Default,Default,Default,Default,Default,Default,Default,Default,Default,Default,Default,Default,Default,Default,Default,Default,Default,Default,Default,Default,Default,Default,Default,Default,DefaultJob,DocumentCount=100000,1,Workload,Pilot,6,385629514,512,753182.64,32,1,0,135899
CollapseAndFacetBenchmarks.LuceneNet_SearchWithCollapseAndFacets,Rowles.LeanCorpus.Benchmarks,CollapseAndFacetBenchmarks,LuceneNet_SearchWithCollapseAndFacets,DefaultJob,Default,Default,Default,Default,Default,Default,Default,Default,Default,Default,Default,Default,Default,Default,Default,Default,Default,Default,Default,Default,Default,Default,Default,Default,Default,Default,Default,Default,Default,Default,Default,Default,Default,Default,Default,Default,Default,Default,Default,Default,Default,DefaultJob,DocumentCount=100000,1,Workload,Pilot,7,770995740,1024,752925.53,32,1,0,135899
CollapseAndFacetBenchmarks.LuceneNet_SearchWithCollapseAndFacets,Rowles.LeanCorpus.Benchmarks,CollapseAndFacetBenchmarks,LuceneNet_SearchWithCollapseAndFacets,DefaultJob,Default,Default,Default,Default,Default,Default,Default,Default,Default,Default,Default,Default,Default,Default,Default,Default,Default,Default,Default,Default,Default,Default,Default,Default,Default,Default,Default,Default,Default,Default,Default,Default,Default,Default,Default,Default,Default,Default,Default,Default,Default,DefaultJob,DocumentCount=100000,1,Workload,Warmup,1,765088185,1024,747156.43,32,1,0,135899
CollapseAndFacetBenchmarks.LuceneNet_SearchWithCollapseAndFacets,Rowles.LeanCorpus.Benchmarks,CollapseAndFacetBenchmarks,LuceneNet_SearchWithCollapseAndFacets,DefaultJob,Default,Default,Default,Default,Default,Default,Default,Default,Default,Default,Default,Default,Default,Default,Default,Default,Default,Default,Default,Default,Default,Default,Default,Default,Default,Default,Default,Default,Default,Default,Default,Default,Default,Default,Default,Default,Default,Default,Default,Default,Default,DefaultJob,DocumentCount=100000,1,Workload,Warmup,2,772368822,1024,754266.43,32,1,0,135899
CollapseAndFacetBenchmarks.LuceneNet_SearchWithCollapseAndFacets,Rowles.LeanCorpus.Benchmarks,CollapseAndFacetBenchmarks,LuceneNet_SearchWithCollapseAndFacets,DefaultJob,Default,Default,Default,Default,Default,Default,Default,Default,Default,Default,Default,Default,Default,Default,Default,Default,Default,Default,Default,Default,Default,Default,Default,Default,Default,Default,Default,Default,Default,Default,Default,Default,Default,Default,Default,Default,Default,Default,Default,Default,Default,DefaultJob,DocumentCount=100000,1,Workload,Warmup,3,772664609,1024,754555.28,32,1,0,135899
CollapseAndFacetBenchmarks.LuceneNet_SearchWithCollapseAndFacets,Rowles.LeanCorpus.Benchmarks,CollapseAndFacetBenchmarks,LuceneNet_SearchWithCollapseAndFacets,DefaultJob,Default,Default,Default,Default,Default,Default,Default,Default,Default,Default,Default,Default,Default,Default,Default,Default,Default,Default,Default,Default,Default,Default,Default,Default,Default,Default,Default,Default,Default,Default,Default,Default,Default,Default,Default,Default,Default,Default,Default,Default,Default,DefaultJob,DocumentCount=100000,1,Workload,Warmup,4,775085569,1024,756919.5,32,1,0,135899
CollapseAndFacetBenchmarks.LuceneNet_SearchWithCollapseAndFacets,Rowles.LeanCorpus.Benchmarks,CollapseAndFacetBenchmarks,LuceneNet_SearchWithCollapseAndFacets,DefaultJob,Default,Default,Default,Default,Default,Default,Default,Default,Default,Default,Default,Default,Default,Default,Default,Default,Default,Default,Default,Default,Default,Default,Default,Default,Default,Default,Default,Default,Default,Default,Default,Default,Default,Default,Default,Default,Default,Default,Default,Default,Default,DefaultJob,DocumentCount=100000,1,Workload,Warmup,5,765436325,1024,747496.41,32,1,0,135899
CollapseAndFacetBenchmarks.LuceneNet_SearchWithCollapseAndFacets,Rowles.LeanCorpus.Benchmarks,CollapseAndFacetBenchmarks,LuceneNet_SearchWithCollapseAndFacets,DefaultJob,Default,Default,Default,Default,Default,Default,Default,Default,Default,Default,Default,Default,Default,Default,Default,Default,Default,Default,Default,Default,Default,Default,Default,Default,Default,Default,Default,Default,Default,Default,Default,Default,Default,Default,Default,Default,Default,Default,Default,Default,Default,DefaultJob,DocumentCount=100000,1,Workload,Warmup,6,761512091,1024,743664.15,32,1,0,135899
CollapseAndFacetBenchmarks.LuceneNet_SearchWithCollapseAndFacets,Rowles.LeanCorpus.Benchmarks,CollapseAndFacetBenchmarks,LuceneNet_SearchWithCollapseAndFacets,DefaultJob,Default,Default,Default,Default,Default,Default,Default,Default,Default,Default,Default,Default,Default,Default,Default,Default,Default,Default,Default,Default,Default,Default,Default,Default,Default,Default,Default,Default,Default,Default,Default,Default,Default,Default,Default,Default,Default,Default,Default,Default,Default,DefaultJob,DocumentCount=100000,1,Workload,Warmup,7,770293202,1024,752239.46,32,1,0,135899
CollapseAndFacetBenchmarks.LuceneNet_SearchWithCollapseAndFacets,Rowles.LeanCorpus.Benchmarks,CollapseAndFacetBenchmarks,LuceneNet_SearchWithCollapseAndFacets,DefaultJob,Default,Default,Default,Default,Default,Default,Default,Default,Default,Default,Default,Default,Default,Default,Default,Default,Default,Default,Default,Default,Default,Default,Default,Default,Default,Default,Default,Default,Default,Default,Default,Default,Default,Default,Default,Default,Default,Default,Default,Default,Default,DefaultJob,DocumentCount=100000,1,Workload,Warmup,8,761702781,1024,743850.37,32,1,0,135899
CollapseAndFacetBenchmarks.LuceneNet_SearchWithCollapseAndFacets,Rowles.LeanCorpus.Benchmarks,CollapseAndFacetBenchmarks,LuceneNet_SearchWithCollapseAndFacets,DefaultJob,Default,Default,Default,Default,Default,Default,Default,Default,Default,Default,Default,Default,Default,Default,Default,Default,Default,Default,Default,Default,Default,Default,Default,Default,Default,Default,Default,Default,Default,Default,Default,Default,Default,Default,Default,Default,Default,Default,Default,Default,Default,DefaultJob,DocumentCount=100000,1,Workload,Actual,1,773066274,1024,754947.53,32,1,0,135899
CollapseAndFacetBenchmarks.LuceneNet_SearchWithCollapseAndFacets,Rowles.LeanCorpus.Benchmarks,CollapseAndFacetBenchmarks,LuceneNet_SearchWithCollapseAndFacets,DefaultJob,Default,Default,Default,Default,Default,Default,Default,Default,Default,Default,Default,Default,Default,Default,Default,Default,Default,Default,Default,Default,Default,Default,Default,Default,Default,Default,Default,Default,Default,Default,Default,Default,Default,Default,Default,Default,Default,Default,Default,Default,Default,DefaultJob,DocumentCount=100000,1,Workload,Actual,2,764274893,1024,746362.2,32,1,0,135899
CollapseAndFacetBenchmarks.LuceneNet_SearchWithCollapseAndFacets,Rowles.LeanCorpus.Benchmarks,CollapseAndFacetBenchmarks,LuceneNet_SearchWithCollapseAndFacets,DefaultJob,Default,Default,Default,Default,Default,Default,Default,Default,Default,Default,Default,Default,Default,Default,Default,Default,Default,Default,Default,Default,Default,Default,Default,Default,Default,Default,Default,Default,Default,Default,Default,Default,Default,Default,Default,Default,Default,Default,Default,Default,Default,DefaultJob,DocumentCount=100000,1,Workload,Actual,3,772657200,1024,754548.05,32,1,0,135899
CollapseAndFacetBenchmarks.LuceneNet_SearchWithCollapseAndFacets,Rowles.LeanCorpus.Benchmarks,CollapseAndFacetBenchmarks,LuceneNet_SearchWithCollapseAndFacets,DefaultJob,Default,Default,Default,Default,Default,Default,Default,Default,Default,Default,Default,Default,Default,Default,Default,Default,Default,Default,Default,Default,Default,Default,Default,Default,Default,Default,Default,Default,Default,Default,Default,Default,Default,Default,Default,Default,Default,Default,Default,Default,Default,DefaultJob,DocumentCount=100000,1,Workload,Actual,4,766199245,1024,748241.45,32,1,0,135899
CollapseAndFacetBenchmarks.LuceneNet_SearchWithCollapseAndFacets,Rowles.LeanCorpus.Benchmarks,CollapseAndFacetBenchmarks,LuceneNet_SearchWithCollapseAndFacets,DefaultJob,Default,Default,Default,Default,Default,Default,Default,Default,Default,Default,Default,Default,Default,Default,Default,Default,Default,Default,Default,Default,Default,Default,Default,Default,Default,Default,Default,Default,Default,Default,Default,Default,Default,Default,Default,Default,Default,Default,Default,Default,Default,DefaultJob,DocumentCount=100000,1,Workload,Actual,5,776742048,1024,758537.16,32,1,0,135899
CollapseAndFacetBenchmarks.LuceneNet_SearchWithCollapseAndFacets,Rowles.LeanCorpus.Benchmarks,CollapseAndFacetBenchmarks,LuceneNet_SearchWithCollapseAndFacets,DefaultJob,Default,Default,Default,Default,Default,Default,Default,Default,Default,Default,Default,Default,Default,Default,Default,Default,Default,Default,Default,Default,Default,Default,Default,Default,Default,Default,Default,Default,Default,Default,Default,Default,Default,Default,Default,Default,Default,Default,Default,Default,Default,DefaultJob,DocumentCount=100000,1,Workload,Actual,6,773186525,1024,755064.97,32,1,0,135899
CollapseAndFacetBenchmarks.LuceneNet_SearchWithCollapseAndFacets,Rowles.LeanCorpus.Benchmarks,CollapseAndFacetBenchmarks,LuceneNet_SearchWithCollapseAndFacets,DefaultJob,Default,Default,Default,Default,Default,Default,Default,Default,Default,Default,Default,Default,Default,Default,Default,Default,Default,Default,Default,Default,Default,Default,Default,Default,Default,Default,Default,Default,Default,Default,Default,Default,Default,Default,Default,Default,Default,Default,Default,Default,Default,DefaultJob,DocumentCount=100000,1,Workload,Actual,7,774130509,1024,755986.83,32,1,0,135899
CollapseAndFacetBenchmarks.LuceneNet_SearchWithCollapseAndFacets,Rowles.LeanCorpus.Benchmarks,CollapseAndFacetBenchmarks,LuceneNet_SearchWithCollapseAndFacets,DefaultJob,Default,Default,Default,Default,Default,Default,Default,Default,Default,Default,Default,Default,Default,Default,Default,Default,Default,Default,Default,Default,Default,Default,Default,Default,Default,Default,Default,Default,Default,Default,Default,Default,Default,Default,Default,Default,Default,Default,Default,Default,Default,DefaultJob,DocumentCount=100000,1,Workload,Actual,8,777823750,1024,759593.51,32,1,0,135899
CollapseAndFacetBenchmarks.LuceneNet_SearchWithCollapseAndFacets,Rowles.LeanCorpus.Benchmarks,CollapseAndFacetBenchmarks,LuceneNet_SearchWithCollapseAndFacets,DefaultJob,Default,Default,Default,Default,Default,Default,Default,Default,Default,Default,Default,Default,Default,Default,Default,Default,Default,Default,Default,Default,Default,Default,Default,Default,Default,Default,Default,Default,Default,Default,Default,Default,Default,Default,Default,Default,Default,Default,Default,Default,Default,DefaultJob,DocumentCount=100000,1,Workload,Actual,9,770589607,1024,752528.91,32,1,0,135899
CollapseAndFacetBenchmarks.LuceneNet_SearchWithCollapseAndFacets,Rowles.LeanCorpus.Benchmarks,CollapseAndFacetBenchmarks,LuceneNet_SearchWithCollapseAndFacets,DefaultJob,Default,Default,Default,Default,Default,Default,Default,Default,Default,Default,Default,Default,Default,Default,Default,Default,Default,Default,Default,Default,Default,Default,Default,Default,Default,Default,Default,Default,Default,Default,Default,Default,Default,Default,Default,Default,Default,Default,Default,Default,Default,DefaultJob,DocumentCount=100000,1,Workload,Actual,10,774384130,1024,756234.5,32,1,0,135899
CollapseAndFacetBenchmarks.LuceneNet_SearchWithCollapseAndFacets,Rowles.LeanCorpus.Benchmarks,CollapseAndFacetBenchmarks,LuceneNet_SearchWithCollapseAndFacets,DefaultJob,Default,Default,Default,Default,Default,Default,Default,Default,Default,Default,Default,Default,Default,Default,Default,Default,Default,Default,Default,Default,Default,Default,Default,Default,Default,Default,Default,Default,Default,Default,Default,Default,Default,Default,Default,Default,Default,Default,Default,Default,Default,DefaultJob,DocumentCount=100000,1,Workload,Actual,11,775895042,1024,757710,32,1,0,135899
CollapseAndFacetBenchmarks.LuceneNet_SearchWithCollapseAndFacets,Rowles.LeanCorpus.Benchmarks,CollapseAndFacetBenchmarks,LuceneNet_SearchWithCollapseAndFacets,DefaultJob,Default,Default,Default,Default,Default,Default,Default,Default,Default,Default,Default,Default,Default,Default,Default,Default,Default,Default,Default,Default,Default,Default,Default,Default,Default,Default,Default,Default,Default,Default,Default,Default,Default,Default,Default,Default,Default,Default,Default,Default,Default,DefaultJob,DocumentCount=100000,1,Workload,Actual,12,773791102,1024,755655.37,32,1,0,135899
CollapseAndFacetBenchmarks.LuceneNet_SearchWithCollapseAndFacets,Rowles.LeanCorpus.Benchmarks,CollapseAndFacetBenchmarks,LuceneNet_SearchWithCollapseAndFacets,DefaultJob,Default,Default,Default,Default,Default,Default,Default,Default,Default,Default,Default,Default,Default,Default,Default,Default,Default,Default,Default,Default,Default,Default,Default,Default,Default,Default,Default,Default,Default,Default,Default,Default,Default,Default,Default,Default,Default,Default,Default,Default,Default,DefaultJob,DocumentCount=100000,1,Workload,Actual,13,773988520,1024,755848.16,32,1,0,135899
CollapseAndFacetBenchmarks.LuceneNet_SearchWithCollapseAndFacets,Rowles.LeanCorpus.Benchmarks,CollapseAndFacetBenchmarks,LuceneNet_SearchWithCollapseAndFacets,DefaultJob,Default,Default,Default,Default,Default,Default,Default,Default,Default,Default,Default,Default,Default,Default,Default,Default,Default,Default,Default,Default,Default,Default,Default,Default,Default,Default,Default,Default,Default,Default,Default,Default,Default,Default,Default,Default,Default,Default,Default,Default,Default,DefaultJob,DocumentCount=100000,1,Workload,Actual,14,768395276,1024,750386.01,32,1,0,135899
CollapseAndFacetBenchmarks.LuceneNet_SearchWithCollapseAndFacets,Rowles.LeanCorpus.Benchmarks,CollapseAndFacetBenchmarks,LuceneNet_SearchWithCollapseAndFacets,DefaultJob,Default,Default,Default,Default,Default,Default,Default,Default,Default,Default,Default,Default,Default,Default,Default,Default,Default,Default,Default,Default,Default,Default,Default,Default,Default,Default,Default,Default,Default,Default,Default,Default,Default,Default,Default,Default,Default,Default,Default,Default,Default,DefaultJob,DocumentCount=100000,1,Workload,Actual,15,772592509,1024,754484.87,32,1,0,135899
CollapseAndFacetBenchmarks.LuceneNet_SearchWithCollapseAndFacets,Rowles.LeanCorpus.Benchmarks,CollapseAndFacetBenchmarks,LuceneNet_SearchWithCollapseAndFacets,DefaultJob,Default,Default,Default,Default,Default,Default,Default,Default,Default,Default,Default,Default,Default,Default,Default,Default,Default,Default,Default,Default,Default,Default,Default,Default,Default,Default,Default,Default,Default,Default,Default,Default,Default,Default,Default,Default,Default,Default,Default,Default,Default,DefaultJob,DocumentCount=100000,1,Workload,Extra,1,777135013,1024,758920.91,32,1,0,135899
CollapseAndFacetBenchmarks.LuceneNet_SearchWithCollapseAndFacets,Rowles.LeanCorpus.Benchmarks,CollapseAndFacetBenchmarks,LuceneNet_SearchWithCollapseAndFacets,DefaultJob,Default,Default,Default,Default,Default,Default,Default,Default,Default,Default,Default,Default,Default,Default,Default,Default,Default,Default,Default,Default,Default,Default,Default,Default,Default,Default,Default,Default,Default,Default,Default,Default,Default,Default,Default,Default,Default,Default,Default,Default,Default,DefaultJob,DocumentCount=100000,1,Workload,Result,1,773066274,1024,754947.53,32,1,0,135899
CollapseAndFacetBenchmarks.LuceneNet_SearchWithCollapseAndFacets,Rowles.LeanCorpus.Benchmarks,CollapseAndFacetBenchmarks,LuceneNet_SearchWithCollapseAndFacets,DefaultJob,Default,Default,Default,Default,Default,Default,Default,Default,Default,Default,Default,Default,Default,Default,Default,Default,Default,Default,Default,Default,Default,Default,Default,Default,Default,Default,Default,Default,Default,Default,Default,Default,Default,Default,Default,Default,Default,Default,Default,Default,Default,DefaultJob,DocumentCount=100000,1,Workload,Result,2,764274893,1024,746362.2,32,1,0,135899
CollapseAndFacetBenchmarks.LuceneNet_SearchWithCollapseAndFacets,Rowles.LeanCorpus.Benchmarks,CollapseAndFacetBenchmarks,LuceneNet_SearchWithCollapseAndFacets,DefaultJob,Default,Default,Default,Default,Default,Default,Default,Default,Default,Default,Default,Default,Default,Default,Default,Default,Default,Default,Default,Default,Default,Default,Default,Default,Default,Default,Default,Default,Default,Default,Default,Default,Default,Default,Default,Default,Default,Default,Default,Default,Default,DefaultJob,DocumentCount=100000,1,Workload,Result,3,772657200,1024,754548.05,32,1,0,135899
CollapseAndFacetBenchmarks.LuceneNet_SearchWithCollapseAndFacets,Rowles.LeanCorpus.Benchmarks,CollapseAndFacetBenchmarks,LuceneNet_SearchWithCollapseAndFacets,DefaultJob,Default,Default,Default,Default,Default,Default,Default,Default,Default,Default,Default,Default,Default,Default,Default,Default,Default,Default,Default,Default,Default,Default,Default,Default,Default,Default,Default,Default,Default,Default,Default,Default,Default,Default,Default,Default,Default,Default,Default,Default,Default,DefaultJob,DocumentCount=100000,1,Workload,Result,4,766199245,1024,748241.45,32,1,0,135899
CollapseAndFacetBenchmarks.LuceneNet_SearchWithCollapseAndFacets,Rowles.LeanCorpus.Benchmarks,CollapseAndFacetBenchmarks,LuceneNet_SearchWithCollapseAndFacets,DefaultJob,Default,Default,Default,Default,Default,Default,Default,Default,Default,Default,Default,Default,Default,Default,Default,Default,Default,Default,Default,Default,Default,Default,Default,Default,Default,Default,Default,Default,Default,Default,Default,Default,Default,Default,Default,Default,Default,Default,Default,Default,Default,DefaultJob,DocumentCount=100000,1,Workload,Result,5,776742048,1024,758537.16,32,1,0,135899
CollapseAndFacetBenchmarks.LuceneNet_SearchWithCollapseAndFacets,Rowles.LeanCorpus.Benchmarks,CollapseAndFacetBenchmarks,LuceneNet_SearchWithCollapseAndFacets,DefaultJob,Default,Default,Default,Default,Default,Default,Default,Default,Default,Default,Default,Default,Default,Default,Default,Default,Default,Default,Default,Default,Default,Default,Default,Default,Default,Default,Default,Default,Default,Default,Default,Default,Default,Default,Default,Default,Default,Default,Default,Default,Default,DefaultJob,DocumentCount=100000,1,Workload,Result,6,773186525,1024,755064.97,32,1,0,135899
CollapseAndFacetBenchmarks.LuceneNet_SearchWithCollapseAndFacets,Rowles.LeanCorpus.Benchmarks,CollapseAndFacetBenchmarks,LuceneNet_SearchWithCollapseAndFacets,DefaultJob,Default,Default,Default,Default,Default,Default,Default,Default,Default,Default,Default,Default,Default,Default,Default,Default,Default,Default,Default,Default,Default,Default,Default,Default,Default,Default,Default,Default,Default,Default,Default,Default,Default,Default,Default,Default,Default,Default,Default,Default,Default,DefaultJob,DocumentCount=100000,1,Workload,Result,7,774130509,1024,755986.83,32,1,0,135899
CollapseAndFacetBenchmarks.LuceneNet_SearchWithCollapseAndFacets,Rowles.LeanCorpus.Benchmarks,CollapseAndFacetBenchmarks,LuceneNet_SearchWithCollapseAndFacets,DefaultJob,Default,Default,Default,Default,Default,Default,Default,Default,Default,Default,Default,Default,Default,Default,Default,Default,Default,Default,Default,Default,Default,Default,Default,Default,Default,Default,Default,Default,Default,Default,Default,Default,Default,Default,Default,Default,Default,Default,Default,Default,Default,DefaultJob,DocumentCount=100000,1,Workload,Result,8,777823750,1024,759593.51,32,1,0,135899
CollapseAndFacetBenchmarks.LuceneNet_SearchWithCollapseAndFacets,Rowles.LeanCorpus.Benchmarks,CollapseAndFacetBenchmarks,LuceneNet_SearchWithCollapseAndFacets,DefaultJob,Default,Default,Default,Default,Default,Default,Default,Default,Default,Default,Default,Default,Default,Default,Default,Default,Default,Default,Default,Default,Default,Default,Default,Default,Default,Default,Default,Default,Default,Default,Default,Default,Default,Default,Default,Default,Default,Default,Default,Default,Default,DefaultJob,DocumentCount=100000,1,Workload,Result,9,770589607,1024,752528.91,32,1,0,135899
CollapseAndFacetBenchmarks.LuceneNet_SearchWithCollapseAndFacets,Rowles.LeanCorpus.Benchmarks,CollapseAndFacetBenchmarks,LuceneNet_SearchWithCollapseAndFacets,DefaultJob,Default,Default,Default,Default,Default,Default,Default,Default,Default,Default,Default,Default,Default,Default,Default,Default,Default,Default,Default,Default,Default,Default,Default,Default,Default,Default,Default,Default,Default,Default,Default,Default,Default,Default,Default,Default,Default,Default,Default,Default,Default,DefaultJob,DocumentCount=100000,1,Workload,Result,10,774384130,1024,756234.5,32,1,0,135899
CollapseAndFacetBenchmarks.LuceneNet_SearchWithCollapseAndFacets,Rowles.LeanCorpus.Benchmarks,CollapseAndFacetBenchmarks,LuceneNet_SearchWithCollapseAndFacets,DefaultJob,Default,Default,Default,Default,Default,Default,Default,Default,Default,Default,Default,Default,Default,Default,Default,Default,Default,Default,Default,Default,Default,Default,Default,Default,Default,Default,Default,Default,Default,Default,Default,Default,Default,Default,Default,Default,Default,Default,Default,Default,Default,DefaultJob,DocumentCount=100000,1,Workload,Result,11,775895042,1024,757710,32,1,0,135899
CollapseAndFacetBenchmarks.LuceneNet_SearchWithCollapseAndFacets,Rowles.LeanCorpus.Benchmarks,CollapseAndFacetBenchmarks,LuceneNet_SearchWithCollapseAndFacets,DefaultJob,Default,Default,Default,Default,Default,Default,Default,Default,Default,Default,Default,Default,Default,Default,Default,Default,Default,Default,Default,Default,Default,Default,Default,Default,Default,Default,Default,Default,Default,Default,Default,Default,Default,Default,Default,Default,Default,Default,Default,Default,Default,DefaultJob,DocumentCount=100000,1,Workload,Result,12,773791102,1024,755655.37,32,1,0,135899
CollapseAndFacetBenchmarks.LuceneNet_SearchWithCollapseAndFacets,Rowles.LeanCorpus.Benchmarks,CollapseAndFacetBenchmarks,LuceneNet_SearchWithCollapseAndFacets,DefaultJob,Default,Default,Default,Default,Default,Default,Default,Default,Default,Default,Default,Default,Default,Default,Default,Default,Default,Default,Default,Default,Default,Default,Default,Default,Default,Default,Default,Default,Default,Default,Default,Default,Default,Default,Default,Default,Default,Default,Default,Default,Default,DefaultJob,DocumentCount=100000,1,Workload,Result,13,773988520,1024,755848.16,32,1,0,135899
CollapseAndFacetBenchmarks.LuceneNet_SearchWithCollapseAndFacets,Rowles.LeanCorpus.Benchmarks,CollapseAndFacetBenchmarks,LuceneNet_SearchWithCollapseAndFacets,DefaultJob,Default,Default,Default,Default,Default,Default,Default,Default,Default,Default,Default,Default,Default,Default,Default,Default,Default,Default,Default,Default,Default,Default,Default,Default,Default,Default,Default,Default,Default,Default,Default,Default,Default,Default,Default,Default,Default,Default,Default,Default,Default,DefaultJob,DocumentCount=100000,1,Workload,Result,14,768395276,1024,750386.01,32,1,0,135899
CollapseAndFacetBenchmarks.LuceneNet_SearchWithCollapseAndFacets,Rowles.LeanCorpus.Benchmarks,CollapseAndFacetBenchmarks,LuceneNet_SearchWithCollapseAndFacets,DefaultJob,Default,Default,Default,Default,Default,Default,Default,Default,Default,Default,Default,Default,Default,Default,Default,Default,Default,Default,Default,Default,Default,Default,Default,Default,Default,Default,Default,Default,Default,Default,Default,Default,Default,Default,Default,Default,Default,Default,Default,Default,Default,DefaultJob,DocumentCount=100000,1,Workload,Result,15,772592509,1024,754484.87,32,1,0,135899
