Target,Target_Namespace,Target_Type,Target_Method,Job_Id,Job_AnalyzeLaunchVariance,Job_EvaluateOverhead,Job_MaxAbsoluteError,Job_MaxRelativeError,Job_MinInvokeCount,Job_MinIterationTime,Job_OutlierMode,Job_Affinity,Job_EnvironmentVariables,Job_Jit,Job_LargeAddressAware,Job_Platform,Job_PowerPlanMode,Job_Runtime,Job_AllowVeryLargeObjects,Job_Concurrent,Job_CpuGroups,Job_Force,Job_HeapAffinitizeMask,Job_HeapCount,Job_NoAffinitize,Job_RetainVm,Job_Server,Job_Arguments,Job_BuildConfiguration,Job_Clock,Job_EngineFactory,Job_Toolchain,Job_IsMutator,Job_InvocationCount,Job_IterationCount,Job_IterationTime,Job_LaunchCount,Job_MaxIterationCount,Job_MaxWarmupIterationCount,Job_MemoryRandomization,Job_MinIterationCount,Job_MinWarmupIterationCount,Job_RunStrategy,Job_UnrollFactor,Job_WarmupCount,Job_Display,Params,Measurement_LaunchIndex,Measurement_IterationMode,Measurement_IterationStage,Measurement_IterationIndex,Measurement_Nanoseconds,Measurement_Operations,Measurement_Value,Gen_0,Gen_1,Gen_2,Allocated_Bytes
"SearcherManagerBenchmarks.'LeanCorpus acquire, search, release'",Rowles.LeanCorpus.Benchmarks,SearcherManagerBenchmarks,"'LeanCorpus acquire, search, release'",DefaultJob,Default,Default,Default,Default,Default,Default,Default,Default,Default,Default,Default,Default,Default,Default,Default,Default,Default,Default,Default,Default,Default,Default,Default,Default,Default,Default,Default,Default,Default,Default,Default,Default,Default,Default,Default,Default,Default,Default,Default,Default,Default,DefaultJob,DocumentCount=100000,1,Workload,Jitting,1,69675780,1,69675780,1,0,0,939
"SearcherManagerBenchmarks.'LeanCorpus acquire, search, release'",Rowles.LeanCorpus.Benchmarks,SearcherManagerBenchmarks,"'LeanCorpus acquire, search, release'",DefaultJob,Default,Default,Default,Default,Default,Default,Default,Default,Default,Default,Default,Default,Default,Default,Default,Default,Default,Default,Default,Default,Default,Default,Default,Default,Default,Default,Default,Default,Default,Default,Default,Default,Default,Default,Default,Default,Default,Default,Default,Default,Default,DefaultJob,DocumentCount=100000,1,Workload,Jitting,2,9088355,30,302945.17,1,0,0,939
"SearcherManagerBenchmarks.'LeanCorpus acquire, search, release'",Rowles.LeanCorpus.Benchmarks,SearcherManagerBenchmarks,"'LeanCorpus acquire, search, release'",DefaultJob,Default,Default,Default,Default,Default,Default,Default,Default,Default,Default,Default,Default,Default,Default,Default,Default,Default,Default,Default,Default,Default,Default,Default,Default,Default,Default,Default,Default,Default,Default,Default,Default,Default,Default,Default,Default,Default,Default,Default,Default,Default,DefaultJob,DocumentCount=100000,1,Workload,Jitting,3,9286827,30,309560.9,1,0,0,939
"SearcherManagerBenchmarks.'LeanCorpus acquire, search, release'",Rowles.LeanCorpus.Benchmarks,SearcherManagerBenchmarks,"'LeanCorpus acquire, search, release'",DefaultJob,Default,Default,Default,Default,Default,Default,Default,Default,Default,Default,Default,Default,Default,Default,Default,Default,Default,Default,Default,Default,Default,Default,Default,Default,Default,Default,Default,Default,Default,Default,Default,Default,Default,Default,Default,Default,Default,Default,Default,Default,Default,DefaultJob,DocumentCount=100000,1,Workload,Jitting,4,4299556,30,143318.53,1,0,0,939
"SearcherManagerBenchmarks.'LeanCorpus acquire, search, release'",Rowles.LeanCorpus.Benchmarks,SearcherManagerBenchmarks,"'LeanCorpus acquire, search, release'",DefaultJob,Default,Default,Default,Default,Default,Default,Default,Default,Default,Default,Default,Default,Default,Default,Default,Default,Default,Default,Default,Default,Default,Default,Default,Default,Default,Default,Default,Default,Default,Default,Default,Default,Default,Default,Default,Default,Default,Default,Default,Default,Default,DefaultJob,DocumentCount=100000,1,Workload,Jitting,5,286913,1,286913,1,0,0,939
"SearcherManagerBenchmarks.'LeanCorpus acquire, search, release'",Rowles.LeanCorpus.Benchmarks,SearcherManagerBenchmarks,"'LeanCorpus acquire, search, release'",DefaultJob,Default,Default,Default,Default,Default,Default,Default,Default,Default,Default,Default,Default,Default,Default,Default,Default,Default,Default,Default,Default,Default,Default,Default,Default,Default,Default,Default,Default,Default,Default,Default,Default,Default,Default,Default,Default,Default,Default,Default,Default,Default,DefaultJob,DocumentCount=100000,1,Workload,Pilot,1,295683,1,295683,1,0,0,939
"SearcherManagerBenchmarks.'LeanCorpus acquire, search, release'",Rowles.LeanCorpus.Benchmarks,SearcherManagerBenchmarks,"'LeanCorpus acquire, search, release'",DefaultJob,Default,Default,Default,Default,Default,Default,Default,Default,Default,Default,Default,Default,Default,Default,Default,Default,Default,Default,Default,Default,Default,Default,Default,Default,Default,Default,Default,Default,Default,Default,Default,Default,Default,Default,Default,Default,Default,Default,Default,Default,Default,DefaultJob,DocumentCount=100000,1,Workload,Pilot,1,3967485,16,247967.81,1,0,0,939
"SearcherManagerBenchmarks.'LeanCorpus acquire, search, release'",Rowles.LeanCorpus.Benchmarks,SearcherManagerBenchmarks,"'LeanCorpus acquire, search, release'",DefaultJob,Default,Default,Default,Default,Default,Default,Default,Default,Default,Default,Default,Default,Default,Default,Default,Default,Default,Default,Default,Default,Default,Default,Default,Default,Default,Default,Default,Default,Default,Default,Default,Default,Default,Default,Default,Default,Default,Default,Default,Default,Default,DefaultJob,DocumentCount=100000,1,Workload,Pilot,2,7858102,32,245565.69,1,0,0,939
"SearcherManagerBenchmarks.'LeanCorpus acquire, search, release'",Rowles.LeanCorpus.Benchmarks,SearcherManagerBenchmarks,"'LeanCorpus acquire, search, release'",DefaultJob,Default,Default,Default,Default,Default,Default,Default,Default,Default,Default,Default,Default,Default,Default,Default,Default,Default,Default,Default,Default,Default,Default,Default,Default,Default,Default,Default,Default,Default,Default,Default,Default,Default,Default,Default,Default,Default,Default,Default,Default,Default,DefaultJob,DocumentCount=100000,1,Workload,Pilot,3,14925909,64,233217.33,1,0,0,939
"SearcherManagerBenchmarks.'LeanCorpus acquire, search, release'",Rowles.LeanCorpus.Benchmarks,SearcherManagerBenchmarks,"'LeanCorpus acquire, search, release'",DefaultJob,Default,Default,Default,Default,Default,Default,Default,Default,Default,Default,Default,Default,Default,Default,Default,Default,Default,Default,Default,Default,Default,Default,Default,Default,Default,Default,Default,Default,Default,Default,Default,Default,Default,Default,Default,Default,Default,Default,Default,Default,Default,DefaultJob,DocumentCount=100000,1,Workload,Pilot,4,24156466,128,188722.39,1,0,0,939
"SearcherManagerBenchmarks.'LeanCorpus acquire, search, release'",Rowles.LeanCorpus.Benchmarks,SearcherManagerBenchmarks,"'LeanCorpus acquire, search, release'",DefaultJob,Default,Default,Default,Default,Default,Default,Default,Default,Default,Default,Default,Default,Default,Default,Default,Default,Default,Default,Default,Default,Default,Default,Default,Default,Default,Default,Default,Default,Default,Default,Default,Default,Default,Default,Default,Default,Default,Default,Default,Default,Default,DefaultJob,DocumentCount=100000,1,Workload,Pilot,5,36526992,256,142683.56,1,0,0,939
"SearcherManagerBenchmarks.'LeanCorpus acquire, search, release'",Rowles.LeanCorpus.Benchmarks,SearcherManagerBenchmarks,"'LeanCorpus acquire, search, release'",DefaultJob,Default,Default,Default,Default,Default,Default,Default,Default,Default,Default,Default,Default,Default,Default,Default,Default,Default,Default,Default,Default,Default,Default,Default,Default,Default,Default,Default,Default,Default,Default,Default,Default,Default,Default,Default,Default,Default,Default,Default,Default,Default,DefaultJob,DocumentCount=100000,1,Workload,Pilot,6,58450367,512,114160.87,1,0,0,939
"SearcherManagerBenchmarks.'LeanCorpus acquire, search, release'",Rowles.LeanCorpus.Benchmarks,SearcherManagerBenchmarks,"'LeanCorpus acquire, search, release'",DefaultJob,Default,Default,Default,Default,Default,Default,Default,Default,Default,Default,Default,Default,Default,Default,Default,Default,Default,Default,Default,Default,Default,Default,Default,Default,Default,Default,Default,Default,Default,Default,Default,Default,Default,Default,Default,Default,Default,Default,Default,Default,Default,DefaultJob,DocumentCount=100000,1,Workload,Pilot,7,114736900,1024,112047.75,1,0,0,939
"SearcherManagerBenchmarks.'LeanCorpus acquire, search, release'",Rowles.LeanCorpus.Benchmarks,SearcherManagerBenchmarks,"'LeanCorpus acquire, search, release'",DefaultJob,Default,Default,Default,Default,Default,Default,Default,Default,Default,Default,Default,Default,Default,Default,Default,Default,Default,Default,Default,Default,Default,Default,Default,Default,Default,Default,Default,Default,Default,Default,Default,Default,Default,Default,Default,Default,Default,Default,Default,Default,Default,DefaultJob,DocumentCount=100000,1,Workload,Pilot,8,228553065,2048,111598.18,1,0,0,939
"SearcherManagerBenchmarks.'LeanCorpus acquire, search, release'",Rowles.LeanCorpus.Benchmarks,SearcherManagerBenchmarks,"'LeanCorpus acquire, search, release'",DefaultJob,Default,Default,Default,Default,Default,Default,Default,Default,Default,Default,Default,Default,Default,Default,Default,Default,Default,Default,Default,Default,Default,Default,Default,Default,Default,Default,Default,Default,Default,Default,Default,Default,Default,Default,Default,Default,Default,Default,Default,Default,Default,DefaultJob,DocumentCount=100000,1,Workload,Pilot,9,457232933,4096,111629.13,1,0,0,939
"SearcherManagerBenchmarks.'LeanCorpus acquire, search, release'",Rowles.LeanCorpus.Benchmarks,SearcherManagerBenchmarks,"'LeanCorpus acquire, search, release'",DefaultJob,Default,Default,Default,Default,Default,Default,Default,Default,Default,Default,Default,Default,Default,Default,Default,Default,Default,Default,Default,Default,Default,Default,Default,Default,Default,Default,Default,Default,Default,Default,Default,Default,Default,Default,Default,Default,Default,Default,Default,Default,Default,DefaultJob,DocumentCount=100000,1,Workload,Pilot,10,912073954,8192,111337.15,1,0,0,939
"SearcherManagerBenchmarks.'LeanCorpus acquire, search, release'",Rowles.LeanCorpus.Benchmarks,SearcherManagerBenchmarks,"'LeanCorpus acquire, search, release'",DefaultJob,Default,Default,Default,Default,Default,Default,Default,Default,Default,Default,Default,Default,Default,Default,Default,Default,Default,Default,Default,Default,Default,Default,Default,Default,Default,Default,Default,Default,Default,Default,Default,Default,Default,Default,Default,Default,Default,Default,Default,Default,Default,DefaultJob,DocumentCount=100000,1,Workload,Warmup,1,910440078,8192,111137.7,1,0,0,939
"SearcherManagerBenchmarks.'LeanCorpus acquire, search, release'",Rowles.LeanCorpus.Benchmarks,SearcherManagerBenchmarks,"'LeanCorpus acquire, search, release'",DefaultJob,Default,Default,Default,Default,Default,Default,Default,Default,Default,Default,Default,Default,Default,Default,Default,Default,Default,Default,Default,Default,Default,Default,Default,Default,Default,Default,Default,Default,Default,Default,Default,Default,Default,Default,Default,Default,Default,Default,Default,Default,Default,DefaultJob,DocumentCount=100000,1,Workload,Warmup,2,904674293,8192,110433.87,1,0,0,939
"SearcherManagerBenchmarks.'LeanCorpus acquire, search, release'",Rowles.LeanCorpus.Benchmarks,SearcherManagerBenchmarks,"'LeanCorpus acquire, search, release'",DefaultJob,Default,Default,Default,Default,Default,Default,Default,Default,Default,Default,Default,Default,Default,Default,Default,Default,Default,Default,Default,Default,Default,Default,Default,Default,Default,Default,Default,Default,Default,Default,Default,Default,Default,Default,Default,Default,Default,Default,Default,Default,Default,DefaultJob,DocumentCount=100000,1,Workload,Warmup,3,901347503,8192,110027.77,1,0,0,939
"SearcherManagerBenchmarks.'LeanCorpus acquire, search, release'",Rowles.LeanCorpus.Benchmarks,SearcherManagerBenchmarks,"'LeanCorpus acquire, search, release'",DefaultJob,Default,Default,Default,Default,Default,Default,Default,Default,Default,Default,Default,Default,Default,Default,Default,Default,Default,Default,Default,Default,Default,Default,Default,Default,Default,Default,Default,Default,Default,Default,Default,Default,Default,Default,Default,Default,Default,Default,Default,Default,Default,DefaultJob,DocumentCount=100000,1,Workload,Warmup,4,899844339,8192,109844.28,1,0,0,939
"SearcherManagerBenchmarks.'LeanCorpus acquire, search, release'",Rowles.LeanCorpus.Benchmarks,SearcherManagerBenchmarks,"'LeanCorpus acquire, search, release'",DefaultJob,Default,Default,Default,Default,Default,Default,Default,Default,Default,Default,Default,Default,Default,Default,Default,Default,Default,Default,Default,Default,Default,Default,Default,Default,Default,Default,Default,Default,Default,Default,Default,Default,Default,Default,Default,Default,Default,Default,Default,Default,Default,DefaultJob,DocumentCount=100000,1,Workload,Warmup,5,899622939,8192,109817.25,1,0,0,939
"SearcherManagerBenchmarks.'LeanCorpus acquire, search, release'",Rowles.LeanCorpus.Benchmarks,SearcherManagerBenchmarks,"'LeanCorpus acquire, search, release'",DefaultJob,Default,Default,Default,Default,Default,Default,Default,Default,Default,Default,Default,Default,Default,Default,Default,Default,Default,Default,Default,Default,Default,Default,Default,Default,Default,Default,Default,Default,Default,Default,Default,Default,Default,Default,Default,Default,Default,Default,Default,Default,Default,DefaultJob,DocumentCount=100000,1,Workload,Warmup,6,896999618,8192,109497.02,1,0,0,939
"SearcherManagerBenchmarks.'LeanCorpus acquire, search, release'",Rowles.LeanCorpus.Benchmarks,SearcherManagerBenchmarks,"'LeanCorpus acquire, search, release'",DefaultJob,Default,Default,Default,Default,Default,Default,Default,Default,Default,Default,Default,Default,Default,Default,Default,Default,Default,Default,Default,Default,Default,Default,Default,Default,Default,Default,Default,Default,Default,Default,Default,Default,Default,Default,Default,Default,Default,Default,Default,Default,Default,DefaultJob,DocumentCount=100000,1,Workload,Warmup,7,903258485,8192,110261.05,1,0,0,939
"SearcherManagerBenchmarks.'LeanCorpus acquire, search, release'",Rowles.LeanCorpus.Benchmarks,SearcherManagerBenchmarks,"'LeanCorpus acquire, search, release'",DefaultJob,Default,Default,Default,Default,Default,Default,Default,Default,Default,Default,Default,Default,Default,Default,Default,Default,Default,Default,Default,Default,Default,Default,Default,Default,Default,Default,Default,Default,Default,Default,Default,Default,Default,Default,Default,Default,Default,Default,Default,Default,Default,DefaultJob,DocumentCount=100000,1,Workload,Warmup,8,902285396,8192,110142.26,1,0,0,939
"SearcherManagerBenchmarks.'LeanCorpus acquire, search, release'",Rowles.LeanCorpus.Benchmarks,SearcherManagerBenchmarks,"'LeanCorpus acquire, search, release'",DefaultJob,Default,Default,Default,Default,Default,Default,Default,Default,Default,Default,Default,Default,Default,Default,Default,Default,Default,Default,Default,Default,Default,Default,Default,Default,Default,Default,Default,Default,Default,Default,Default,Default,Default,Default,Default,Default,Default,Default,Default,Default,Default,DefaultJob,DocumentCount=100000,1,Workload,Warmup,9,896877389,8192,109482.1,1,0,0,939
"SearcherManagerBenchmarks.'LeanCorpus acquire, search, release'",Rowles.LeanCorpus.Benchmarks,SearcherManagerBenchmarks,"'LeanCorpus acquire, search, release'",DefaultJob,Default,Default,Default,Default,Default,Default,Default,Default,Default,Default,Default,Default,Default,Default,Default,Default,Default,Default,Default,Default,Default,Default,Default,Default,Default,Default,Default,Default,Default,Default,Default,Default,Default,Default,Default,Default,Default,Default,Default,Default,Default,DefaultJob,DocumentCount=100000,1,Workload,Warmup,10,905054041,8192,110480.23,1,0,0,939
"SearcherManagerBenchmarks.'LeanCorpus acquire, search, release'",Rowles.LeanCorpus.Benchmarks,SearcherManagerBenchmarks,"'LeanCorpus acquire, search, release'",DefaultJob,Default,Default,Default,Default,Default,Default,Default,Default,Default,Default,Default,Default,Default,Default,Default,Default,Default,Default,Default,Default,Default,Default,Default,Default,Default,Default,Default,Default,Default,Default,Default,Default,Default,Default,Default,Default,Default,Default,Default,Default,Default,DefaultJob,DocumentCount=100000,1,Workload,Warmup,11,902524339,8192,110171.43,1,0,0,939
"SearcherManagerBenchmarks.'LeanCorpus acquire, search, release'",Rowles.LeanCorpus.Benchmarks,SearcherManagerBenchmarks,"'LeanCorpus acquire, search, release'",DefaultJob,Default,Default,Default,Default,Default,Default,Default,Default,Default,Default,Default,Default,Default,Default,Default,Default,Default,Default,Default,Default,Default,Default,Default,Default,Default,Default,Default,Default,Default,Default,Default,Default,Default,Default,Default,Default,Default,Default,Default,Default,Default,DefaultJob,DocumentCount=100000,1,Workload,Actual,1,903648728,8192,110308.68,1,0,0,939
"SearcherManagerBenchmarks.'LeanCorpus acquire, search, release'",Rowles.LeanCorpus.Benchmarks,SearcherManagerBenchmarks,"'LeanCorpus acquire, search, release'",DefaultJob,Default,Default,Default,Default,Default,Default,Default,Default,Default,Default,Default,Default,Default,Default,Default,Default,Default,Default,Default,Default,Default,Default,Default,Default,Default,Default,Default,Default,Default,Default,Default,Default,Default,Default,Default,Default,Default,Default,Default,Default,Default,DefaultJob,DocumentCount=100000,1,Workload,Actual,2,903555644,8192,110297.32,1,0,0,939
"SearcherManagerBenchmarks.'LeanCorpus acquire, search, release'",Rowles.LeanCorpus.Benchmarks,SearcherManagerBenchmarks,"'LeanCorpus acquire, search, release'",DefaultJob,Default,Default,Default,Default,Default,Default,Default,Default,Default,Default,Default,Default,Default,Default,Default,Default,Default,Default,Default,Default,Default,Default,Default,Default,Default,Default,Default,Default,Default,Default,Default,Default,Default,Default,Default,Default,Default,Default,Default,Default,Default,DefaultJob,DocumentCount=100000,1,Workload,Actual,3,893820619,8192,109108.96,1,0,0,939
"SearcherManagerBenchmarks.'LeanCorpus acquire, search, release'",Rowles.LeanCorpus.Benchmarks,SearcherManagerBenchmarks,"'LeanCorpus acquire, search, release'",DefaultJob,Default,Default,Default,Default,Default,Default,Default,Default,Default,Default,Default,Default,Default,Default,Default,Default,Default,Default,Default,Default,Default,Default,Default,Default,Default,Default,Default,Default,Default,Default,Default,Default,Default,Default,Default,Default,Default,Default,Default,Default,Default,DefaultJob,DocumentCount=100000,1,Workload,Actual,4,896391742,8192,109422.82,1,0,0,939
"SearcherManagerBenchmarks.'LeanCorpus acquire, search, release'",Rowles.LeanCorpus.Benchmarks,SearcherManagerBenchmarks,"'LeanCorpus acquire, search, release'",DefaultJob,Default,Default,Default,Default,Default,Default,Default,Default,Default,Default,Default,Default,Default,Default,Default,Default,Default,Default,Default,Default,Default,Default,Default,Default,Default,Default,Default,Default,Default,Default,Default,Default,Default,Default,Default,Default,Default,Default,Default,Default,Default,DefaultJob,DocumentCount=100000,1,Workload,Actual,5,904173493,8192,110372.74,1,0,0,939
"SearcherManagerBenchmarks.'LeanCorpus acquire, search, release'",Rowles.LeanCorpus.Benchmarks,SearcherManagerBenchmarks,"'LeanCorpus acquire, search, release'",DefaultJob,Default,Default,Default,Default,Default,Default,Default,Default,Default,Default,Default,Default,Default,Default,Default,Default,Default,Default,Default,Default,Default,Default,Default,Default,Default,Default,Default,Default,Default,Default,Default,Default,Default,Default,Default,Default,Default,Default,Default,Default,Default,DefaultJob,DocumentCount=100000,1,Workload,Actual,6,900103596,8192,109875.93,1,0,0,939
"SearcherManagerBenchmarks.'LeanCorpus acquire, search, release'",Rowles.LeanCorpus.Benchmarks,SearcherManagerBenchmarks,"'LeanCorpus acquire, search, release'",DefaultJob,Default,Default,Default,Default,Default,Default,Default,Default,Default,Default,Default,Default,Default,Default,Default,Default,Default,Default,Default,Default,Default,Default,Default,Default,Default,Default,Default,Default,Default,Default,Default,Default,Default,Default,Default,Default,Default,Default,Default,Default,Default,DefaultJob,DocumentCount=100000,1,Workload,Actual,7,904624683,8192,110427.82,1,0,0,939
"SearcherManagerBenchmarks.'LeanCorpus acquire, search, release'",Rowles.LeanCorpus.Benchmarks,SearcherManagerBenchmarks,"'LeanCorpus acquire, search, release'",DefaultJob,Default,Default,Default,Default,Default,Default,Default,Default,Default,Default,Default,Default,Default,Default,Default,Default,Default,Default,Default,Default,Default,Default,Default,Default,Default,Default,Default,Default,Default,Default,Default,Default,Default,Default,Default,Default,Default,Default,Default,Default,Default,DefaultJob,DocumentCount=100000,1,Workload,Actual,8,906215804,8192,110622.05,1,0,0,939
"SearcherManagerBenchmarks.'LeanCorpus acquire, search, release'",Rowles.LeanCorpus.Benchmarks,SearcherManagerBenchmarks,"'LeanCorpus acquire, search, release'",DefaultJob,Default,Default,Default,Default,Default,Default,Default,Default,Default,Default,Default,Default,Default,Default,Default,Default,Default,Default,Default,Default,Default,Default,Default,Default,Default,Default,Default,Default,Default,Default,Default,Default,Default,Default,Default,Default,Default,Default,Default,Default,Default,DefaultJob,DocumentCount=100000,1,Workload,Actual,9,894845802,8192,109234.11,1,0,0,939
"SearcherManagerBenchmarks.'LeanCorpus acquire, search, release'",Rowles.LeanCorpus.Benchmarks,SearcherManagerBenchmarks,"'LeanCorpus acquire, search, release'",DefaultJob,Default,Default,Default,Default,Default,Default,Default,Default,Default,Default,Default,Default,Default,Default,Default,Default,Default,Default,Default,Default,Default,Default,Default,Default,Default,Default,Default,Default,Default,Default,Default,Default,Default,Default,Default,Default,Default,Default,Default,Default,Default,DefaultJob,DocumentCount=100000,1,Workload,Actual,10,893303583,8192,109045.85,1,0,0,939
"SearcherManagerBenchmarks.'LeanCorpus acquire, search, release'",Rowles.LeanCorpus.Benchmarks,SearcherManagerBenchmarks,"'LeanCorpus acquire, search, release'",DefaultJob,Default,Default,Default,Default,Default,Default,Default,Default,Default,Default,Default,Default,Default,Default,Default,Default,Default,Default,Default,Default,Default,Default,Default,Default,Default,Default,Default,Default,Default,Default,Default,Default,Default,Default,Default,Default,Default,Default,Default,Default,Default,DefaultJob,DocumentCount=100000,1,Workload,Actual,11,904387415,8192,110398.85,1,0,0,939
"SearcherManagerBenchmarks.'LeanCorpus acquire, search, release'",Rowles.LeanCorpus.Benchmarks,SearcherManagerBenchmarks,"'LeanCorpus acquire, search, release'",DefaultJob,Default,Default,Default,Default,Default,Default,Default,Default,Default,Default,Default,Default,Default,Default,Default,Default,Default,Default,Default,Default,Default,Default,Default,Default,Default,Default,Default,Default,Default,Default,Default,Default,Default,Default,Default,Default,Default,Default,Default,Default,Default,DefaultJob,DocumentCount=100000,1,Workload,Actual,12,903797459,8192,110326.84,1,0,0,939
"SearcherManagerBenchmarks.'LeanCorpus acquire, search, release'",Rowles.LeanCorpus.Benchmarks,SearcherManagerBenchmarks,"'LeanCorpus acquire, search, release'",DefaultJob,Default,Default,Default,Default,Default,Default,Default,Default,Default,Default,Default,Default,Default,Default,Default,Default,Default,Default,Default,Default,Default,Default,Default,Default,Default,Default,Default,Default,Default,Default,Default,Default,Default,Default,Default,Default,Default,Default,Default,Default,Default,DefaultJob,DocumentCount=100000,1,Workload,Actual,13,901123362,8192,110000.41,1,0,0,939
"SearcherManagerBenchmarks.'LeanCorpus acquire, search, release'",Rowles.LeanCorpus.Benchmarks,SearcherManagerBenchmarks,"'LeanCorpus acquire, search, release'",DefaultJob,Default,Default,Default,Default,Default,Default,Default,Default,Default,Default,Default,Default,Default,Default,Default,Default,Default,Default,Default,Default,Default,Default,Default,Default,Default,Default,Default,Default,Default,Default,Default,Default,Default,Default,Default,Default,Default,Default,Default,Default,Default,DefaultJob,DocumentCount=100000,1,Workload,Actual,14,897368846,8192,109542.1,1,0,0,939
"SearcherManagerBenchmarks.'LeanCorpus acquire, search, release'",Rowles.LeanCorpus.Benchmarks,SearcherManagerBenchmarks,"'LeanCorpus acquire, search, release'",DefaultJob,Default,Default,Default,Default,Default,Default,Default,Default,Default,Default,Default,Default,Default,Default,Default,Default,Default,Default,Default,Default,Default,Default,Default,Default,Default,Default,Default,Default,Default,Default,Default,Default,Default,Default,Default,Default,Default,Default,Default,Default,Default,DefaultJob,DocumentCount=100000,1,Workload,Actual,15,903322089,8192,110268.81,1,0,0,939
"SearcherManagerBenchmarks.'LeanCorpus acquire, search, release'",Rowles.LeanCorpus.Benchmarks,SearcherManagerBenchmarks,"'LeanCorpus acquire, search, release'",DefaultJob,Default,Default,Default,Default,Default,Default,Default,Default,Default,Default,Default,Default,Default,Default,Default,Default,Default,Default,Default,Default,Default,Default,Default,Default,Default,Default,Default,Default,Default,Default,Default,Default,Default,Default,Default,Default,Default,Default,Default,Default,Default,DefaultJob,DocumentCount=100000,1,Workload,Extra,1,900914971,8192,109974.97,1,0,0,939
"SearcherManagerBenchmarks.'LeanCorpus acquire, search, release'",Rowles.LeanCorpus.Benchmarks,SearcherManagerBenchmarks,"'LeanCorpus acquire, search, release'",DefaultJob,Default,Default,Default,Default,Default,Default,Default,Default,Default,Default,Default,Default,Default,Default,Default,Default,Default,Default,Default,Default,Default,Default,Default,Default,Default,Default,Default,Default,Default,Default,Default,Default,Default,Default,Default,Default,Default,Default,Default,Default,Default,DefaultJob,DocumentCount=100000,1,Workload,Result,1,903648728,8192,110308.68,1,0,0,939
"SearcherManagerBenchmarks.'LeanCorpus acquire, search, release'",Rowles.LeanCorpus.Benchmarks,SearcherManagerBenchmarks,"'LeanCorpus acquire, search, release'",DefaultJob,Default,Default,Default,Default,Default,Default,Default,Default,Default,Default,Default,Default,Default,Default,Default,Default,Default,Default,Default,Default,Default,Default,Default,Default,Default,Default,Default,Default,Default,Default,Default,Default,Default,Default,Default,Default,Default,Default,Default,Default,Default,DefaultJob,DocumentCount=100000,1,Workload,Result,2,903555644,8192,110297.32,1,0,0,939
"SearcherManagerBenchmarks.'LeanCorpus acquire, search, release'",Rowles.LeanCorpus.Benchmarks,SearcherManagerBenchmarks,"'LeanCorpus acquire, search, release'",DefaultJob,Default,Default,Default,Default,Default,Default,Default,Default,Default,Default,Default,Default,Default,Default,Default,Default,Default,Default,Default,Default,Default,Default,Default,Default,Default,Default,Default,Default,Default,Default,Default,Default,Default,Default,Default,Default,Default,Default,Default,Default,Default,DefaultJob,DocumentCount=100000,1,Workload,Result,3,893820619,8192,109108.96,1,0,0,939
"SearcherManagerBenchmarks.'LeanCorpus acquire, search, release'",Rowles.LeanCorpus.Benchmarks,SearcherManagerBenchmarks,"'LeanCorpus acquire, search, release'",DefaultJob,Default,Default,Default,Default,Default,Default,Default,Default,Default,Default,Default,Default,Default,Default,Default,Default,Default,Default,Default,Default,Default,Default,Default,Default,Default,Default,Default,Default,Default,Default,Default,Default,Default,Default,Default,Default,Default,Default,Default,Default,Default,DefaultJob,DocumentCount=100000,1,Workload,Result,4,896391742,8192,109422.82,1,0,0,939
"SearcherManagerBenchmarks.'LeanCorpus acquire, search, release'",Rowles.LeanCorpus.Benchmarks,SearcherManagerBenchmarks,"'LeanCorpus acquire, search, release'",DefaultJob,Default,Default,Default,Default,Default,Default,Default,Default,Default,Default,Default,Default,Default,Default,Default,Default,Default,Default,Default,Default,Default,Default,Default,Default,Default,Default,Default,Default,Default,Default,Default,Default,Default,Default,Default,Default,Default,Default,Default,Default,Default,DefaultJob,DocumentCount=100000,1,Workload,Result,5,904173493,8192,110372.74,1,0,0,939
"SearcherManagerBenchmarks.'LeanCorpus acquire, search, release'",Rowles.LeanCorpus.Benchmarks,SearcherManagerBenchmarks,"'LeanCorpus acquire, search, release'",DefaultJob,Default,Default,Default,Default,Default,Default,Default,Default,Default,Default,Default,Default,Default,Default,Default,Default,Default,Default,Default,Default,Default,Default,Default,Default,Default,Default,Default,Default,Default,Default,Default,Default,Default,Default,Default,Default,Default,Default,Default,Default,Default,DefaultJob,DocumentCount=100000,1,Workload,Result,6,900103596,8192,109875.93,1,0,0,939
"SearcherManagerBenchmarks.'LeanCorpus acquire, search, release'",Rowles.LeanCorpus.Benchmarks,SearcherManagerBenchmarks,"'LeanCorpus acquire, search, release'",DefaultJob,Default,Default,Default,Default,Default,Default,Default,Default,Default,Default,Default,Default,Default,Default,Default,Default,Default,Default,Default,Default,Default,Default,Default,Default,Default,Default,Default,Default,Default,Default,Default,Default,Default,Default,Default,Default,Default,Default,Default,Default,Default,DefaultJob,DocumentCount=100000,1,Workload,Result,7,904624683,8192,110427.82,1,0,0,939
"SearcherManagerBenchmarks.'LeanCorpus acquire, search, release'",Rowles.LeanCorpus.Benchmarks,SearcherManagerBenchmarks,"'LeanCorpus acquire, search, release'",DefaultJob,Default,Default,Default,Default,Default,Default,Default,Default,Default,Default,Default,Default,Default,Default,Default,Default,Default,Default,Default,Default,Default,Default,Default,Default,Default,Default,Default,Default,Default,Default,Default,Default,Default,Default,Default,Default,Default,Default,Default,Default,Default,DefaultJob,DocumentCount=100000,1,Workload,Result,8,906215804,8192,110622.05,1,0,0,939
"SearcherManagerBenchmarks.'LeanCorpus acquire, search, release'",Rowles.LeanCorpus.Benchmarks,SearcherManagerBenchmarks,"'LeanCorpus acquire, search, release'",DefaultJob,Default,Default,Default,Default,Default,Default,Default,Default,Default,Default,Default,Default,Default,Default,Default,Default,Default,Default,Default,Default,Default,Default,Default,Default,Default,Default,Default,Default,Default,Default,Default,Default,Default,Default,Default,Default,Default,Default,Default,Default,Default,DefaultJob,DocumentCount=100000,1,Workload,Result,9,894845802,8192,109234.11,1,0,0,939
"SearcherManagerBenchmarks.'LeanCorpus acquire, search, release'",Rowles.LeanCorpus.Benchmarks,SearcherManagerBenchmarks,"'LeanCorpus acquire, search, release'",DefaultJob,Default,Default,Default,Default,Default,Default,Default,Default,Default,Default,Default,Default,Default,Default,Default,Default,Default,Default,Default,Default,Default,Default,Default,Default,Default,Default,Default,Default,Default,Default,Default,Default,Default,Default,Default,Default,Default,Default,Default,Default,Default,DefaultJob,DocumentCount=100000,1,Workload,Result,10,893303583,8192,109045.85,1,0,0,939
"SearcherManagerBenchmarks.'LeanCorpus acquire, search, release'",Rowles.LeanCorpus.Benchmarks,SearcherManagerBenchmarks,"'LeanCorpus acquire, search, release'",DefaultJob,Default,Default,Default,Default,Default,Default,Default,Default,Default,Default,Default,Default,Default,Default,Default,Default,Default,Default,Default,Default,Default,Default,Default,Default,Default,Default,Default,Default,Default,Default,Default,Default,Default,Default,Default,Default,Default,Default,Default,Default,Default,DefaultJob,DocumentCount=100000,1,Workload,Result,11,904387415,8192,110398.85,1,0,0,939
"SearcherManagerBenchmarks.'LeanCorpus acquire, search, release'",Rowles.LeanCorpus.Benchmarks,SearcherManagerBenchmarks,"'LeanCorpus acquire, search, release'",DefaultJob,Default,Default,Default,Default,Default,Default,Default,Default,Default,Default,Default,Default,Default,Default,Default,Default,Default,Default,Default,Default,Default,Default,Default,Default,Default,Default,Default,Default,Default,Default,Default,Default,Default,Default,Default,Default,Default,Default,Default,Default,Default,DefaultJob,DocumentCount=100000,1,Workload,Result,12,903797459,8192,110326.84,1,0,0,939
"SearcherManagerBenchmarks.'LeanCorpus acquire, search, release'",Rowles.LeanCorpus.Benchmarks,SearcherManagerBenchmarks,"'LeanCorpus acquire, search, release'",DefaultJob,Default,Default,Default,Default,Default,Default,Default,Default,Default,Default,Default,Default,Default,Default,Default,Default,Default,Default,Default,Default,Default,Default,Default,Default,Default,Default,Default,Default,Default,Default,Default,Default,Default,Default,Default,Default,Default,Default,Default,Default,Default,DefaultJob,DocumentCount=100000,1,Workload,Result,13,901123362,8192,110000.41,1,0,0,939
"SearcherManagerBenchmarks.'LeanCorpus acquire, search, release'",Rowles.LeanCorpus.Benchmarks,SearcherManagerBenchmarks,"'LeanCorpus acquire, search, release'",DefaultJob,Default,Default,Default,Default,Default,Default,Default,Default,Default,Default,Default,Default,Default,Default,Default,Default,Default,Default,Default,Default,Default,Default,Default,Default,Default,Default,Default,Default,Default,Default,Default,Default,Default,Default,Default,Default,Default,Default,Default,Default,Default,DefaultJob,DocumentCount=100000,1,Workload,Result,14,897368846,8192,109542.1,1,0,0,939
"SearcherManagerBenchmarks.'LeanCorpus acquire, search, release'",Rowles.LeanCorpus.Benchmarks,SearcherManagerBenchmarks,"'LeanCorpus acquire, search, release'",DefaultJob,Default,Default,Default,Default,Default,Default,Default,Default,Default,Default,Default,Default,Default,Default,Default,Default,Default,Default,Default,Default,Default,Default,Default,Default,Default,Default,Default,Default,Default,Default,Default,Default,Default,Default,Default,Default,Default,Default,Default,Default,Default,DefaultJob,DocumentCount=100000,1,Workload,Result,15,903322089,8192,110268.81,1,0,0,939
"SearcherManagerBenchmarks.'LeanCorpus lease, search, release'",Rowles.LeanCorpus.Benchmarks,SearcherManagerBenchmarks,"'LeanCorpus lease, search, release'",DefaultJob,Default,Default,Default,Default,Default,Default,Default,Default,Default,Default,Default,Default,Default,Default,Default,Default,Default,Default,Default,Default,Default,Default,Default,Default,Default,Default,Default,Default,Default,Default,Default,Default,Default,Default,Default,Default,Default,Default,Default,Default,Default,DefaultJob,DocumentCount=100000,1,Workload,Jitting,1,69162640,1,69162640,1,0,0,952
"SearcherManagerBenchmarks.'LeanCorpus lease, search, release'",Rowles.LeanCorpus.Benchmarks,SearcherManagerBenchmarks,"'LeanCorpus lease, search, release'",DefaultJob,Default,Default,Default,Default,Default,Default,Default,Default,Default,Default,Default,Default,Default,Default,Default,Default,Default,Default,Default,Default,Default,Default,Default,Default,Default,Default,Default,Default,Default,Default,Default,Default,Default,Default,Default,Default,Default,Default,Default,Default,Default,DefaultJob,DocumentCount=100000,1,Workload,Jitting,2,8353189,30,278439.63,1,0,0,952
"SearcherManagerBenchmarks.'LeanCorpus lease, search, release'",Rowles.LeanCorpus.Benchmarks,SearcherManagerBenchmarks,"'LeanCorpus lease, search, release'",DefaultJob,Default,Default,Default,Default,Default,Default,Default,Default,Default,Default,Default,Default,Default,Default,Default,Default,Default,Default,Default,Default,Default,Default,Default,Default,Default,Default,Default,Default,Default,Default,Default,Default,Default,Default,Default,Default,Default,Default,Default,Default,Default,DefaultJob,DocumentCount=100000,1,Workload,Jitting,3,6892299,30,229743.3,1,0,0,952
"SearcherManagerBenchmarks.'LeanCorpus lease, search, release'",Rowles.LeanCorpus.Benchmarks,SearcherManagerBenchmarks,"'LeanCorpus lease, search, release'",DefaultJob,Default,Default,Default,Default,Default,Default,Default,Default,Default,Default,Default,Default,Default,Default,Default,Default,Default,Default,Default,Default,Default,Default,Default,Default,Default,Default,Default,Default,Default,Default,Default,Default,Default,Default,Default,Default,Default,Default,Default,Default,Default,DefaultJob,DocumentCount=100000,1,Workload,Jitting,4,5246202,30,174873.4,1,0,0,952
"SearcherManagerBenchmarks.'LeanCorpus lease, search, release'",Rowles.LeanCorpus.Benchmarks,SearcherManagerBenchmarks,"'LeanCorpus lease, search, release'",DefaultJob,Default,Default,Default,Default,Default,Default,Default,Default,Default,Default,Default,Default,Default,Default,Default,Default,Default,Default,Default,Default,Default,Default,Default,Default,Default,Default,Default,Default,Default,Default,Default,Default,Default,Default,Default,Default,Default,Default,Default,Default,Default,DefaultJob,DocumentCount=100000,1,Workload,Jitting,5,286819,1,286819,1,0,0,952
"SearcherManagerBenchmarks.'LeanCorpus lease, search, release'",Rowles.LeanCorpus.Benchmarks,SearcherManagerBenchmarks,"'LeanCorpus lease, search, release'",DefaultJob,Default,Default,Default,Default,Default,Default,Default,Default,Default,Default,Default,Default,Default,Default,Default,Default,Default,Default,Default,Default,Default,Default,Default,Default,Default,Default,Default,Default,Default,Default,Default,Default,Default,Default,Default,Default,Default,Default,Default,Default,Default,DefaultJob,DocumentCount=100000,1,Workload,Pilot,1,294345,1,294345,1,0,0,952
"SearcherManagerBenchmarks.'LeanCorpus lease, search, release'",Rowles.LeanCorpus.Benchmarks,SearcherManagerBenchmarks,"'LeanCorpus lease, search, release'",DefaultJob,Default,Default,Default,Default,Default,Default,Default,Default,Default,Default,Default,Default,Default,Default,Default,Default,Default,Default,Default,Default,Default,Default,Default,Default,Default,Default,Default,Default,Default,Default,Default,Default,Default,Default,Default,Default,Default,Default,Default,Default,Default,DefaultJob,DocumentCount=100000,1,Workload,Pilot,1,4060504,16,253781.5,1,0,0,952
"SearcherManagerBenchmarks.'LeanCorpus lease, search, release'",Rowles.LeanCorpus.Benchmarks,SearcherManagerBenchmarks,"'LeanCorpus lease, search, release'",DefaultJob,Default,Default,Default,Default,Default,Default,Default,Default,Default,Default,Default,Default,Default,Default,Default,Default,Default,Default,Default,Default,Default,Default,Default,Default,Default,Default,Default,Default,Default,Default,Default,Default,Default,Default,Default,Default,Default,Default,Default,Default,Default,DefaultJob,DocumentCount=100000,1,Workload,Pilot,2,7695132,32,240472.88,1,0,0,952
"SearcherManagerBenchmarks.'LeanCorpus lease, search, release'",Rowles.LeanCorpus.Benchmarks,SearcherManagerBenchmarks,"'LeanCorpus lease, search, release'",DefaultJob,Default,Default,Default,Default,Default,Default,Default,Default,Default,Default,Default,Default,Default,Default,Default,Default,Default,Default,Default,Default,Default,Default,Default,Default,Default,Default,Default,Default,Default,Default,Default,Default,Default,Default,Default,Default,Default,Default,Default,Default,Default,DefaultJob,DocumentCount=100000,1,Workload,Pilot,3,15076791,64,235574.86,1,0,0,952
"SearcherManagerBenchmarks.'LeanCorpus lease, search, release'",Rowles.LeanCorpus.Benchmarks,SearcherManagerBenchmarks,"'LeanCorpus lease, search, release'",DefaultJob,Default,Default,Default,Default,Default,Default,Default,Default,Default,Default,Default,Default,Default,Default,Default,Default,Default,Default,Default,Default,Default,Default,Default,Default,Default,Default,Default,Default,Default,Default,Default,Default,Default,Default,Default,Default,Default,Default,Default,Default,Default,DefaultJob,DocumentCount=100000,1,Workload,Pilot,4,24121889,128,188452.26,1,0,0,952
"SearcherManagerBenchmarks.'LeanCorpus lease, search, release'",Rowles.LeanCorpus.Benchmarks,SearcherManagerBenchmarks,"'LeanCorpus lease, search, release'",DefaultJob,Default,Default,Default,Default,Default,Default,Default,Default,Default,Default,Default,Default,Default,Default,Default,Default,Default,Default,Default,Default,Default,Default,Default,Default,Default,Default,Default,Default,Default,Default,Default,Default,Default,Default,Default,Default,Default,Default,Default,Default,Default,DefaultJob,DocumentCount=100000,1,Workload,Pilot,5,36919584,256,144217.13,1,0,0,952
"SearcherManagerBenchmarks.'LeanCorpus lease, search, release'",Rowles.LeanCorpus.Benchmarks,SearcherManagerBenchmarks,"'LeanCorpus lease, search, release'",DefaultJob,Default,Default,Default,Default,Default,Default,Default,Default,Default,Default,Default,Default,Default,Default,Default,Default,Default,Default,Default,Default,Default,Default,Default,Default,Default,Default,Default,Default,Default,Default,Default,Default,Default,Default,Default,Default,Default,Default,Default,Default,Default,DefaultJob,DocumentCount=100000,1,Workload,Pilot,6,58024822,512,113329.73,1,0,0,952
"SearcherManagerBenchmarks.'LeanCorpus lease, search, release'",Rowles.LeanCorpus.Benchmarks,SearcherManagerBenchmarks,"'LeanCorpus lease, search, release'",DefaultJob,Default,Default,Default,Default,Default,Default,Default,Default,Default,Default,Default,Default,Default,Default,Default,Default,Default,Default,Default,Default,Default,Default,Default,Default,Default,Default,Default,Default,Default,Default,Default,Default,Default,Default,Default,Default,Default,Default,Default,Default,Default,DefaultJob,DocumentCount=100000,1,Workload,Pilot,7,112566900,1024,109928.61,1,0,0,952
"SearcherManagerBenchmarks.'LeanCorpus lease, search, release'",Rowles.LeanCorpus.Benchmarks,SearcherManagerBenchmarks,"'LeanCorpus lease, search, release'",DefaultJob,Default,Default,Default,Default,Default,Default,Default,Default,Default,Default,Default,Default,Default,Default,Default,Default,Default,Default,Default,Default,Default,Default,Default,Default,Default,Default,Default,Default,Default,Default,Default,Default,Default,Default,Default,Default,Default,Default,Default,Default,Default,DefaultJob,DocumentCount=100000,1,Workload,Pilot,8,224855447,2048,109792.7,1,0,0,952
"SearcherManagerBenchmarks.'LeanCorpus lease, search, release'",Rowles.LeanCorpus.Benchmarks,SearcherManagerBenchmarks,"'LeanCorpus lease, search, release'",DefaultJob,Default,Default,Default,Default,Default,Default,Default,Default,Default,Default,Default,Default,Default,Default,Default,Default,Default,Default,Default,Default,Default,Default,Default,Default,Default,Default,Default,Default,Default,Default,Default,Default,Default,Default,Default,Default,Default,Default,Default,Default,Default,DefaultJob,DocumentCount=100000,1,Workload,Pilot,9,454826485,4096,111041.62,1,0,0,952
"SearcherManagerBenchmarks.'LeanCorpus lease, search, release'",Rowles.LeanCorpus.Benchmarks,SearcherManagerBenchmarks,"'LeanCorpus lease, search, release'",DefaultJob,Default,Default,Default,Default,Default,Default,Default,Default,Default,Default,Default,Default,Default,Default,Default,Default,Default,Default,Default,Default,Default,Default,Default,Default,Default,Default,Default,Default,Default,Default,Default,Default,Default,Default,Default,Default,Default,Default,Default,Default,Default,DefaultJob,DocumentCount=100000,1,Workload,Pilot,10,911685964,8192,111289.79,1,0,0,952
"SearcherManagerBenchmarks.'LeanCorpus lease, search, release'",Rowles.LeanCorpus.Benchmarks,SearcherManagerBenchmarks,"'LeanCorpus lease, search, release'",DefaultJob,Default,Default,Default,Default,Default,Default,Default,Default,Default,Default,Default,Default,Default,Default,Default,Default,Default,Default,Default,Default,Default,Default,Default,Default,Default,Default,Default,Default,Default,Default,Default,Default,Default,Default,Default,Default,Default,Default,Default,Default,Default,DefaultJob,DocumentCount=100000,1,Workload,Warmup,1,902460583,8192,110163.65,1,0,0,952
"SearcherManagerBenchmarks.'LeanCorpus lease, search, release'",Rowles.LeanCorpus.Benchmarks,SearcherManagerBenchmarks,"'LeanCorpus lease, search, release'",DefaultJob,Default,Default,Default,Default,Default,Default,Default,Default,Default,Default,Default,Default,Default,Default,Default,Default,Default,Default,Default,Default,Default,Default,Default,Default,Default,Default,Default,Default,Default,Default,Default,Default,Default,Default,Default,Default,Default,Default,Default,Default,Default,DefaultJob,DocumentCount=100000,1,Workload,Warmup,2,904315724,8192,110390.1,1,0,0,952
"SearcherManagerBenchmarks.'LeanCorpus lease, search, release'",Rowles.LeanCorpus.Benchmarks,SearcherManagerBenchmarks,"'LeanCorpus lease, search, release'",DefaultJob,Default,Default,Default,Default,Default,Default,Default,Default,Default,Default,Default,Default,Default,Default,Default,Default,Default,Default,Default,Default,Default,Default,Default,Default,Default,Default,Default,Default,Default,Default,Default,Default,Default,Default,Default,Default,Default,Default,Default,Default,Default,DefaultJob,DocumentCount=100000,1,Workload,Warmup,3,907687602,8192,110801.71,1,0,0,952
"SearcherManagerBenchmarks.'LeanCorpus lease, search, release'",Rowles.LeanCorpus.Benchmarks,SearcherManagerBenchmarks,"'LeanCorpus lease, search, release'",DefaultJob,Default,Default,Default,Default,Default,Default,Default,Default,Default,Default,Default,Default,Default,Default,Default,Default,Default,Default,Default,Default,Default,Default,Default,Default,Default,Default,Default,Default,Default,Default,Default,Default,Default,Default,Default,Default,Default,Default,Default,Default,Default,DefaultJob,DocumentCount=100000,1,Workload,Warmup,4,907325933,8192,110757.56,1,0,0,952
"SearcherManagerBenchmarks.'LeanCorpus lease, search, release'",Rowles.LeanCorpus.Benchmarks,SearcherManagerBenchmarks,"'LeanCorpus lease, search, release'",DefaultJob,Default,Default,Default,Default,Default,Default,Default,Default,Default,Default,Default,Default,Default,Default,Default,Default,Default,Default,Default,Default,Default,Default,Default,Default,Default,Default,Default,Default,Default,Default,Default,Default,Default,Default,Default,Default,Default,Default,Default,Default,Default,DefaultJob,DocumentCount=100000,1,Workload,Warmup,5,907013459,8192,110719.42,1,0,0,952
"SearcherManagerBenchmarks.'LeanCorpus lease, search, release'",Rowles.LeanCorpus.Benchmarks,SearcherManagerBenchmarks,"'LeanCorpus lease, search, release'",DefaultJob,Default,Default,Default,Default,Default,Default,Default,Default,Default,Default,Default,Default,Default,Default,Default,Default,Default,Default,Default,Default,Default,Default,Default,Default,Default,Default,Default,Default,Default,Default,Default,Default,Default,Default,Default,Default,Default,Default,Default,Default,Default,DefaultJob,DocumentCount=100000,1,Workload,Warmup,6,907717119,8192,110805.31,1,0,0,952
"SearcherManagerBenchmarks.'LeanCorpus lease, search, release'",Rowles.LeanCorpus.Benchmarks,SearcherManagerBenchmarks,"'LeanCorpus lease, search, release'",DefaultJob,Default,Default,Default,Default,Default,Default,Default,Default,Default,Default,Default,Default,Default,Default,Default,Default,Default,Default,Default,Default,Default,Default,Default,Default,Default,Default,Default,Default,Default,Default,Default,Default,Default,Default,Default,Default,Default,Default,Default,Default,Default,DefaultJob,DocumentCount=100000,1,Workload,Warmup,7,903903535,8192,110339.79,1,0,0,952
"SearcherManagerBenchmarks.'LeanCorpus lease, search, release'",Rowles.LeanCorpus.Benchmarks,SearcherManagerBenchmarks,"'LeanCorpus lease, search, release'",DefaultJob,Default,Default,Default,Default,Default,Default,Default,Default,Default,Default,Default,Default,Default,Default,Default,Default,Default,Default,Default,Default,Default,Default,Default,Default,Default,Default,Default,Default,Default,Default,Default,Default,Default,Default,Default,Default,Default,Default,Default,Default,Default,DefaultJob,DocumentCount=100000,1,Workload,Actual,1,901942835,8192,110100.44,1,0,0,952
"SearcherManagerBenchmarks.'LeanCorpus lease, search, release'",Rowles.LeanCorpus.Benchmarks,SearcherManagerBenchmarks,"'LeanCorpus lease, search, release'",DefaultJob,Default,Default,Default,Default,Default,Default,Default,Default,Default,Default,Default,Default,Default,Default,Default,Default,Default,Default,Default,Default,Default,Default,Default,Default,Default,Default,Default,Default,Default,Default,Default,Default,Default,Default,Default,Default,Default,Default,Default,Default,Default,DefaultJob,DocumentCount=100000,1,Workload,Actual,2,906623753,8192,110671.84,1,0,0,952
"SearcherManagerBenchmarks.'LeanCorpus lease, search, release'",Rowles.LeanCorpus.Benchmarks,SearcherManagerBenchmarks,"'LeanCorpus lease, search, release'",DefaultJob,Default,Default,Default,Default,Default,Default,Default,Default,Default,Default,Default,Default,Default,Default,Default,Default,Default,Default,Default,Default,Default,Default,Default,Default,Default,Default,Default,Default,Default,Default,Default,Default,Default,Default,Default,Default,Default,Default,Default,Default,Default,DefaultJob,DocumentCount=100000,1,Workload,Actual,3,906505460,8192,110657.4,1,0,0,952
"SearcherManagerBenchmarks.'LeanCorpus lease, search, release'",Rowles.LeanCorpus.Benchmarks,SearcherManagerBenchmarks,"'LeanCorpus lease, search, release'",DefaultJob,Default,Default,Default,Default,Default,Default,Default,Default,Default,Default,Default,Default,Default,Default,Default,Default,Default,Default,Default,Default,Default,Default,Default,Default,Default,Default,Default,Default,Default,Default,Default,Default,Default,Default,Default,Default,Default,Default,Default,Default,Default,DefaultJob,DocumentCount=100000,1,Workload,Actual,4,904291258,8192,110387.12,1,0,0,952
"SearcherManagerBenchmarks.'LeanCorpus lease, search, release'",Rowles.LeanCorpus.Benchmarks,SearcherManagerBenchmarks,"'LeanCorpus lease, search, release'",DefaultJob,Default,Default,Default,Default,Default,Default,Default,Default,Default,Default,Default,Default,Default,Default,Default,Default,Default,Default,Default,Default,Default,Default,Default,Default,Default,Default,Default,Default,Default,Default,Default,Default,Default,Default,Default,Default,Default,Default,Default,Default,Default,DefaultJob,DocumentCount=100000,1,Workload,Actual,5,904106610,8192,110364.58,1,0,0,952
"SearcherManagerBenchmarks.'LeanCorpus lease, search, release'",Rowles.LeanCorpus.Benchmarks,SearcherManagerBenchmarks,"'LeanCorpus lease, search, release'",DefaultJob,Default,Default,Default,Default,Default,Default,Default,Default,Default,Default,Default,Default,Default,Default,Default,Default,Default,Default,Default,Default,Default,Default,Default,Default,Default,Default,Default,Default,Default,Default,Default,Default,Default,Default,Default,Default,Default,Default,Default,Default,Default,DefaultJob,DocumentCount=100000,1,Workload,Actual,6,892476731,8192,108944.91,1,0,0,952
"SearcherManagerBenchmarks.'LeanCorpus lease, search, release'",Rowles.LeanCorpus.Benchmarks,SearcherManagerBenchmarks,"'LeanCorpus lease, search, release'",DefaultJob,Default,Default,Default,Default,Default,Default,Default,Default,Default,Default,Default,Default,Default,Default,Default,Default,Default,Default,Default,Default,Default,Default,Default,Default,Default,Default,Default,Default,Default,Default,Default,Default,Default,Default,Default,Default,Default,Default,Default,Default,Default,DefaultJob,DocumentCount=100000,1,Workload,Actual,7,891230927,8192,108792.84,1,0,0,952
"SearcherManagerBenchmarks.'LeanCorpus lease, search, release'",Rowles.LeanCorpus.Benchmarks,SearcherManagerBenchmarks,"'LeanCorpus lease, search, release'",DefaultJob,Default,Default,Default,Default,Default,Default,Default,Default,Default,Default,Default,Default,Default,Default,Default,Default,Default,Default,Default,Default,Default,Default,Default,Default,Default,Default,Default,Default,Default,Default,Default,Default,Default,Default,Default,Default,Default,Default,Default,Default,Default,DefaultJob,DocumentCount=100000,1,Workload,Actual,8,902398436,8192,110156.06,1,0,0,952
"SearcherManagerBenchmarks.'LeanCorpus lease, search, release'",Rowles.LeanCorpus.Benchmarks,SearcherManagerBenchmarks,"'LeanCorpus lease, search, release'",DefaultJob,Default,Default,Default,Default,Default,Default,Default,Default,Default,Default,Default,Default,Default,Default,Default,Default,Default,Default,Default,Default,Default,Default,Default,Default,Default,Default,Default,Default,Default,Default,Default,Default,Default,Default,Default,Default,Default,Default,Default,Default,Default,DefaultJob,DocumentCount=100000,1,Workload,Actual,9,907644746,8192,110796.48,1,0,0,952
"SearcherManagerBenchmarks.'LeanCorpus lease, search, release'",Rowles.LeanCorpus.Benchmarks,SearcherManagerBenchmarks,"'LeanCorpus lease, search, release'",DefaultJob,Default,Default,Default,Default,Default,Default,Default,Default,Default,Default,Default,Default,Default,Default,Default,Default,Default,Default,Default,Default,Default,Default,Default,Default,Default,Default,Default,Default,Default,Default,Default,Default,Default,Default,Default,Default,Default,Default,Default,Default,Default,DefaultJob,DocumentCount=100000,1,Workload,Actual,10,902250423,8192,110137.99,1,0,0,952
"SearcherManagerBenchmarks.'LeanCorpus lease, search, release'",Rowles.LeanCorpus.Benchmarks,SearcherManagerBenchmarks,"'LeanCorpus lease, search, release'",DefaultJob,Default,Default,Default,Default,Default,Default,Default,Default,Default,Default,Default,Default,Default,Default,Default,Default,Default,Default,Default,Default,Default,Default,Default,Default,Default,Default,Default,Default,Default,Default,Default,Default,Default,Default,Default,Default,Default,Default,Default,Default,Default,DefaultJob,DocumentCount=100000,1,Workload,Actual,11,904949956,8192,110467.52,1,0,0,952
"SearcherManagerBenchmarks.'LeanCorpus lease, search, release'",Rowles.LeanCorpus.Benchmarks,SearcherManagerBenchmarks,"'LeanCorpus lease, search, release'",DefaultJob,Default,Default,Default,Default,Default,Default,Default,Default,Default,Default,Default,Default,Default,Default,Default,Default,Default,Default,Default,Default,Default,Default,Default,Default,Default,Default,Default,Default,Default,Default,Default,Default,Default,Default,Default,Default,Default,Default,Default,Default,Default,DefaultJob,DocumentCount=100000,1,Workload,Actual,12,898937142,8192,109733.54,1,0,0,952
"SearcherManagerBenchmarks.'LeanCorpus lease, search, release'",Rowles.LeanCorpus.Benchmarks,SearcherManagerBenchmarks,"'LeanCorpus lease, search, release'",DefaultJob,Default,Default,Default,Default,Default,Default,Default,Default,Default,Default,Default,Default,Default,Default,Default,Default,Default,Default,Default,Default,Default,Default,Default,Default,Default,Default,Default,Default,Default,Default,Default,Default,Default,Default,Default,Default,Default,Default,Default,Default,Default,DefaultJob,DocumentCount=100000,1,Workload,Actual,13,902736544,8192,110197.33,1,0,0,952
"SearcherManagerBenchmarks.'LeanCorpus lease, search, release'",Rowles.LeanCorpus.Benchmarks,SearcherManagerBenchmarks,"'LeanCorpus lease, search, release'",DefaultJob,Default,Default,Default,Default,Default,Default,Default,Default,Default,Default,Default,Default,Default,Default,Default,Default,Default,Default,Default,Default,Default,Default,Default,Default,Default,Default,Default,Default,Default,Default,Default,Default,Default,Default,Default,Default,Default,Default,Default,Default,Default,DefaultJob,DocumentCount=100000,1,Workload,Actual,14,899329231,8192,109781.4,1,0,0,952
"SearcherManagerBenchmarks.'LeanCorpus lease, search, release'",Rowles.LeanCorpus.Benchmarks,SearcherManagerBenchmarks,"'LeanCorpus lease, search, release'",DefaultJob,Default,Default,Default,Default,Default,Default,Default,Default,Default,Default,Default,Default,Default,Default,Default,Default,Default,Default,Default,Default,Default,Default,Default,Default,Default,Default,Default,Default,Default,Default,Default,Default,Default,Default,Default,Default,Default,Default,Default,Default,Default,DefaultJob,DocumentCount=100000,1,Workload,Actual,15,907616635,8192,110793.05,1,0,0,952
"SearcherManagerBenchmarks.'LeanCorpus lease, search, release'",Rowles.LeanCorpus.Benchmarks,SearcherManagerBenchmarks,"'LeanCorpus lease, search, release'",DefaultJob,Default,Default,Default,Default,Default,Default,Default,Default,Default,Default,Default,Default,Default,Default,Default,Default,Default,Default,Default,Default,Default,Default,Default,Default,Default,Default,Default,Default,Default,Default,Default,Default,Default,Default,Default,Default,Default,Default,Default,Default,Default,DefaultJob,DocumentCount=100000,1,Workload,Extra,1,907801909,8192,110815.66,1,0,0,952
"SearcherManagerBenchmarks.'LeanCorpus lease, search, release'",Rowles.LeanCorpus.Benchmarks,SearcherManagerBenchmarks,"'LeanCorpus lease, search, release'",DefaultJob,Default,Default,Default,Default,Default,Default,Default,Default,Default,Default,Default,Default,Default,Default,Default,Default,Default,Default,Default,Default,Default,Default,Default,Default,Default,Default,Default,Default,Default,Default,Default,Default,Default,Default,Default,Default,Default,Default,Default,Default,Default,DefaultJob,DocumentCount=100000,1,Workload,Result,1,901942835,8192,110100.44,1,0,0,952
"SearcherManagerBenchmarks.'LeanCorpus lease, search, release'",Rowles.LeanCorpus.Benchmarks,SearcherManagerBenchmarks,"'LeanCorpus lease, search, release'",DefaultJob,Default,Default,Default,Default,Default,Default,Default,Default,Default,Default,Default,Default,Default,Default,Default,Default,Default,Default,Default,Default,Default,Default,Default,Default,Default,Default,Default,Default,Default,Default,Default,Default,Default,Default,Default,Default,Default,Default,Default,Default,Default,DefaultJob,DocumentCount=100000,1,Workload,Result,2,906623753,8192,110671.84,1,0,0,952
"SearcherManagerBenchmarks.'LeanCorpus lease, search, release'",Rowles.LeanCorpus.Benchmarks,SearcherManagerBenchmarks,"'LeanCorpus lease, search, release'",DefaultJob,Default,Default,Default,Default,Default,Default,Default,Default,Default,Default,Default,Default,Default,Default,Default,Default,Default,Default,Default,Default,Default,Default,Default,Default,Default,Default,Default,Default,Default,Default,Default,Default,Default,Default,Default,Default,Default,Default,Default,Default,Default,DefaultJob,DocumentCount=100000,1,Workload,Result,3,906505460,8192,110657.4,1,0,0,952
"SearcherManagerBenchmarks.'LeanCorpus lease, search, release'",Rowles.LeanCorpus.Benchmarks,SearcherManagerBenchmarks,"'LeanCorpus lease, search, release'",DefaultJob,Default,Default,Default,Default,Default,Default,Default,Default,Default,Default,Default,Default,Default,Default,Default,Default,Default,Default,Default,Default,Default,Default,Default,Default,Default,Default,Default,Default,Default,Default,Default,Default,Default,Default,Default,Default,Default,Default,Default,Default,Default,DefaultJob,DocumentCount=100000,1,Workload,Result,4,904291258,8192,110387.12,1,0,0,952
"SearcherManagerBenchmarks.'LeanCorpus lease, search, release'",Rowles.LeanCorpus.Benchmarks,SearcherManagerBenchmarks,"'LeanCorpus lease, search, release'",DefaultJob,Default,Default,Default,Default,Default,Default,Default,Default,Default,Default,Default,Default,Default,Default,Default,Default,Default,Default,Default,Default,Default,Default,Default,Default,Default,Default,Default,Default,Default,Default,Default,Default,Default,Default,Default,Default,Default,Default,Default,Default,Default,DefaultJob,DocumentCount=100000,1,Workload,Result,5,904106610,8192,110364.58,1,0,0,952
"SearcherManagerBenchmarks.'LeanCorpus lease, search, release'",Rowles.LeanCorpus.Benchmarks,SearcherManagerBenchmarks,"'LeanCorpus lease, search, release'",DefaultJob,Default,Default,Default,Default,Default,Default,Default,Default,Default,Default,Default,Default,Default,Default,Default,Default,Default,Default,Default,Default,Default,Default,Default,Default,Default,Default,Default,Default,Default,Default,Default,Default,Default,Default,Default,Default,Default,Default,Default,Default,Default,DefaultJob,DocumentCount=100000,1,Workload,Result,6,892476731,8192,108944.91,1,0,0,952
"SearcherManagerBenchmarks.'LeanCorpus lease, search, release'",Rowles.LeanCorpus.Benchmarks,SearcherManagerBenchmarks,"'LeanCorpus lease, search, release'",DefaultJob,Default,Default,Default,Default,Default,Default,Default,Default,Default,Default,Default,Default,Default,Default,Default,Default,Default,Default,Default,Default,Default,Default,Default,Default,Default,Default,Default,Default,Default,Default,Default,Default,Default,Default,Default,Default,Default,Default,Default,Default,Default,DefaultJob,DocumentCount=100000,1,Workload,Result,7,891230927,8192,108792.84,1,0,0,952
"SearcherManagerBenchmarks.'LeanCorpus lease, search, release'",Rowles.LeanCorpus.Benchmarks,SearcherManagerBenchmarks,"'LeanCorpus lease, search, release'",DefaultJob,Default,Default,Default,Default,Default,Default,Default,Default,Default,Default,Default,Default,Default,Default,Default,Default,Default,Default,Default,Default,Default,Default,Default,Default,Default,Default,Default,Default,Default,Default,Default,Default,Default,Default,Default,Default,Default,Default,Default,Default,Default,DefaultJob,DocumentCount=100000,1,Workload,Result,8,902398436,8192,110156.06,1,0,0,952
"SearcherManagerBenchmarks.'LeanCorpus lease, search, release'",Rowles.LeanCorpus.Benchmarks,SearcherManagerBenchmarks,"'LeanCorpus lease, search, release'",DefaultJob,Default,Default,Default,Default,Default,Default,Default,Default,Default,Default,Default,Default,Default,Default,Default,Default,Default,Default,Default,Default,Default,Default,Default,Default,Default,Default,Default,Default,Default,Default,Default,Default,Default,Default,Default,Default,Default,Default,Default,Default,Default,DefaultJob,DocumentCount=100000,1,Workload,Result,9,907644746,8192,110796.48,1,0,0,952
"SearcherManagerBenchmarks.'LeanCorpus lease, search, release'",Rowles.LeanCorpus.Benchmarks,SearcherManagerBenchmarks,"'LeanCorpus lease, search, release'",DefaultJob,Default,Default,Default,Default,Default,Default,Default,Default,Default,Default,Default,Default,Default,Default,Default,Default,Default,Default,Default,Default,Default,Default,Default,Default,Default,Default,Default,Default,Default,Default,Default,Default,Default,Default,Default,Default,Default,Default,Default,Default,Default,DefaultJob,DocumentCount=100000,1,Workload,Result,10,902250423,8192,110137.99,1,0,0,952
"SearcherManagerBenchmarks.'LeanCorpus lease, search, release'",Rowles.LeanCorpus.Benchmarks,SearcherManagerBenchmarks,"'LeanCorpus lease, search, release'",DefaultJob,Default,Default,Default,Default,Default,Default,Default,Default,Default,Default,Default,Default,Default,Default,Default,Default,Default,Default,Default,Default,Default,Default,Default,Default,Default,Default,Default,Default,Default,Default,Default,Default,Default,Default,Default,Default,Default,Default,Default,Default,Default,DefaultJob,DocumentCount=100000,1,Workload,Result,11,904949956,8192,110467.52,1,0,0,952
"SearcherManagerBenchmarks.'LeanCorpus lease, search, release'",Rowles.LeanCorpus.Benchmarks,SearcherManagerBenchmarks,"'LeanCorpus lease, search, release'",DefaultJob,Default,Default,Default,Default,Default,Default,Default,Default,Default,Default,Default,Default,Default,Default,Default,Default,Default,Default,Default,Default,Default,Default,Default,Default,Default,Default,Default,Default,Default,Default,Default,Default,Default,Default,Default,Default,Default,Default,Default,Default,Default,DefaultJob,DocumentCount=100000,1,Workload,Result,12,898937142,8192,109733.54,1,0,0,952
"SearcherManagerBenchmarks.'LeanCorpus lease, search, release'",Rowles.LeanCorpus.Benchmarks,SearcherManagerBenchmarks,"'LeanCorpus lease, search, release'",DefaultJob,Default,Default,Default,Default,Default,Default,Default,Default,Default,Default,Default,Default,Default,Default,Default,Default,Default,Default,Default,Default,Default,Default,Default,Default,Default,Default,Default,Default,Default,Default,Default,Default,Default,Default,Default,Default,Default,Default,Default,Default,Default,DefaultJob,DocumentCount=100000,1,Workload,Result,13,902736544,8192,110197.33,1,0,0,952
"SearcherManagerBenchmarks.'LeanCorpus lease, search, release'",Rowles.LeanCorpus.Benchmarks,SearcherManagerBenchmarks,"'LeanCorpus lease, search, release'",DefaultJob,Default,Default,Default,Default,Default,Default,Default,Default,Default,Default,Default,Default,Default,Default,Default,Default,Default,Default,Default,Default,Default,Default,Default,Default,Default,Default,Default,Default,Default,Default,Default,Default,Default,Default,Default,Default,Default,Default,Default,Default,Default,DefaultJob,DocumentCount=100000,1,Workload,Result,14,899329231,8192,109781.4,1,0,0,952
"SearcherManagerBenchmarks.'LeanCorpus lease, search, release'",Rowles.LeanCorpus.Benchmarks,SearcherManagerBenchmarks,"'LeanCorpus lease, search, release'",DefaultJob,Default,Default,Default,Default,Default,Default,Default,Default,Default,Default,Default,Default,Default,Default,Default,Default,Default,Default,Default,Default,Default,Default,Default,Default,Default,Default,Default,Default,Default,Default,Default,Default,Default,Default,Default,Default,Default,Default,Default,Default,Default,DefaultJob,DocumentCount=100000,1,Workload,Result,15,907616635,8192,110793.05,1,0,0,952
"SearcherManagerBenchmarks.'Lucene.NET acquire, search, release'",Rowles.LeanCorpus.Benchmarks,SearcherManagerBenchmarks,"'Lucene.NET acquire, search, release'",DefaultJob,Default,Default,Default,Default,Default,Default,Default,Default,Default,Default,Default,Default,Default,Default,Default,Default,Default,Default,Default,Default,Default,Default,Default,Default,Default,Default,Default,Default,Default,Default,Default,Default,Default,Default,Default,Default,Default,Default,Default,Default,Default,DefaultJob,DocumentCount=100000,1,Workload,Jitting,1,32303909,1,32303909,49,1,0,51220
"SearcherManagerBenchmarks.'Lucene.NET acquire, search, release'",Rowles.LeanCorpus.Benchmarks,SearcherManagerBenchmarks,"'Lucene.NET acquire, search, release'",DefaultJob,Default,Default,Default,Default,Default,Default,Default,Default,Default,Default,Default,Default,Default,Default,Default,Default,Default,Default,Default,Default,Default,Default,Default,Default,Default,Default,Default,Default,Default,Default,Default,Default,Default,Default,Default,Default,Default,Default,Default,Default,Default,DefaultJob,DocumentCount=100000,1,Workload,Jitting,2,49472944,30,1649098.13,49,1,0,51220
"SearcherManagerBenchmarks.'Lucene.NET acquire, search, release'",Rowles.LeanCorpus.Benchmarks,SearcherManagerBenchmarks,"'Lucene.NET acquire, search, release'",DefaultJob,Default,Default,Default,Default,Default,Default,Default,Default,Default,Default,Default,Default,Default,Default,Default,Default,Default,Default,Default,Default,Default,Default,Default,Default,Default,Default,Default,Default,Default,Default,Default,Default,Default,Default,Default,Default,Default,Default,Default,Default,Default,DefaultJob,DocumentCount=100000,1,Workload,Jitting,3,42027047,30,1400901.57,49,1,0,51220
"SearcherManagerBenchmarks.'Lucene.NET acquire, search, release'",Rowles.LeanCorpus.Benchmarks,SearcherManagerBenchmarks,"'Lucene.NET acquire, search, release'",DefaultJob,Default,Default,Default,Default,Default,Default,Default,Default,Default,Default,Default,Default,Default,Default,Default,Default,Default,Default,Default,Default,Default,Default,Default,Default,Default,Default,Default,Default,Default,Default,Default,Default,Default,Default,Default,Default,Default,Default,Default,Default,Default,DefaultJob,DocumentCount=100000,1,Workload,Jitting,4,6866508,30,228883.6,49,1,0,51220
"SearcherManagerBenchmarks.'Lucene.NET acquire, search, release'",Rowles.LeanCorpus.Benchmarks,SearcherManagerBenchmarks,"'Lucene.NET acquire, search, release'",DefaultJob,Default,Default,Default,Default,Default,Default,Default,Default,Default,Default,Default,Default,Default,Default,Default,Default,Default,Default,Default,Default,Default,Default,Default,Default,Default,Default,Default,Default,Default,Default,Default,Default,Default,Default,Default,Default,Default,Default,Default,Default,Default,DefaultJob,DocumentCount=100000,1,Workload,Jitting,5,416128,1,416128,49,1,0,51220
"SearcherManagerBenchmarks.'Lucene.NET acquire, search, release'",Rowles.LeanCorpus.Benchmarks,SearcherManagerBenchmarks,"'Lucene.NET acquire, search, release'",DefaultJob,Default,Default,Default,Default,Default,Default,Default,Default,Default,Default,Default,Default,Default,Default,Default,Default,Default,Default,Default,Default,Default,Default,Default,Default,Default,Default,Default,Default,Default,Default,Default,Default,Default,Default,Default,Default,Default,Default,Default,Default,Default,DefaultJob,DocumentCount=100000,1,Workload,Pilot,1,411437,1,411437,49,1,0,51220
"SearcherManagerBenchmarks.'Lucene.NET acquire, search, release'",Rowles.LeanCorpus.Benchmarks,SearcherManagerBenchmarks,"'Lucene.NET acquire, search, release'",DefaultJob,Default,Default,Default,Default,Default,Default,Default,Default,Default,Default,Default,Default,Default,Default,Default,Default,Default,Default,Default,Default,Default,Default,Default,Default,Default,Default,Default,Default,Default,Default,Default,Default,Default,Default,Default,Default,Default,Default,Default,Default,Default,DefaultJob,DocumentCount=100000,1,Workload,Pilot,1,4984019,16,311501.19,49,1,0,51220
"SearcherManagerBenchmarks.'Lucene.NET acquire, search, release'",Rowles.LeanCorpus.Benchmarks,SearcherManagerBenchmarks,"'Lucene.NET acquire, search, release'",DefaultJob,Default,Default,Default,Default,Default,Default,Default,Default,Default,Default,Default,Default,Default,Default,Default,Default,Default,Default,Default,Default,Default,Default,Default,Default,Default,Default,Default,Default,Default,Default,Default,Default,Default,Default,Default,Default,Default,Default,Default,Default,Default,DefaultJob,DocumentCount=100000,1,Workload,Pilot,2,10685534,32,333922.94,49,1,0,51220
"SearcherManagerBenchmarks.'Lucene.NET acquire, search, release'",Rowles.LeanCorpus.Benchmarks,SearcherManagerBenchmarks,"'Lucene.NET acquire, search, release'",DefaultJob,Default,Default,Default,Default,Default,Default,Default,Default,Default,Default,Default,Default,Default,Default,Default,Default,Default,Default,Default,Default,Default,Default,Default,Default,Default,Default,Default,Default,Default,Default,Default,Default,Default,Default,Default,Default,Default,Default,Default,Default,Default,DefaultJob,DocumentCount=100000,1,Workload,Pilot,3,21880256,64,341879,49,1,0,51220
"SearcherManagerBenchmarks.'Lucene.NET acquire, search, release'",Rowles.LeanCorpus.Benchmarks,SearcherManagerBenchmarks,"'Lucene.NET acquire, search, release'",DefaultJob,Default,Default,Default,Default,Default,Default,Default,Default,Default,Default,Default,Default,Default,Default,Default,Default,Default,Default,Default,Default,Default,Default,Default,Default,Default,Default,Default,Default,Default,Default,Default,Default,Default,Default,Default,Default,Default,Default,Default,Default,Default,DefaultJob,DocumentCount=100000,1,Workload,Pilot,4,30258500,128,236394.53,49,1,0,51220
"SearcherManagerBenchmarks.'Lucene.NET acquire, search, release'",Rowles.LeanCorpus.Benchmarks,SearcherManagerBenchmarks,"'Lucene.NET acquire, search, release'",DefaultJob,Default,Default,Default,Default,Default,Default,Default,Default,Default,Default,Default,Default,Default,Default,Default,Default,Default,Default,Default,Default,Default,Default,Default,Default,Default,Default,Default,Default,Default,Default,Default,Default,Default,Default,Default,Default,Default,Default,Default,Default,Default,DefaultJob,DocumentCount=100000,1,Workload,Pilot,5,45834165,256,179039.71,49,1,0,51220
"SearcherManagerBenchmarks.'Lucene.NET acquire, search, release'",Rowles.LeanCorpus.Benchmarks,SearcherManagerBenchmarks,"'Lucene.NET acquire, search, release'",DefaultJob,Default,Default,Default,Default,Default,Default,Default,Default,Default,Default,Default,Default,Default,Default,Default,Default,Default,Default,Default,Default,Default,Default,Default,Default,Default,Default,Default,Default,Default,Default,Default,Default,Default,Default,Default,Default,Default,Default,Default,Default,Default,DefaultJob,DocumentCount=100000,1,Workload,Pilot,6,75964758,512,148368.67,49,1,0,51220
"SearcherManagerBenchmarks.'Lucene.NET acquire, search, release'",Rowles.LeanCorpus.Benchmarks,SearcherManagerBenchmarks,"'Lucene.NET acquire, search, release'",DefaultJob,Default,Default,Default,Default,Default,Default,Default,Default,Default,Default,Default,Default,Default,Default,Default,Default,Default,Default,Default,Default,Default,Default,Default,Default,Default,Default,Default,Default,Default,Default,Default,Default,Default,Default,Default,Default,Default,Default,Default,Default,Default,DefaultJob,DocumentCount=100000,1,Workload,Pilot,7,152788337,1024,149207.36,49,1,0,51220
"SearcherManagerBenchmarks.'Lucene.NET acquire, search, release'",Rowles.LeanCorpus.Benchmarks,SearcherManagerBenchmarks,"'Lucene.NET acquire, search, release'",DefaultJob,Default,Default,Default,Default,Default,Default,Default,Default,Default,Default,Default,Default,Default,Default,Default,Default,Default,Default,Default,Default,Default,Default,Default,Default,Default,Default,Default,Default,Default,Default,Default,Default,Default,Default,Default,Default,Default,Default,Default,Default,Default,DefaultJob,DocumentCount=100000,1,Workload,Pilot,8,311302332,2048,152003.09,49,1,0,51220
"SearcherManagerBenchmarks.'Lucene.NET acquire, search, release'",Rowles.LeanCorpus.Benchmarks,SearcherManagerBenchmarks,"'Lucene.NET acquire, search, release'",DefaultJob,Default,Default,Default,Default,Default,Default,Default,Default,Default,Default,Default,Default,Default,Default,Default,Default,Default,Default,Default,Default,Default,Default,Default,Default,Default,Default,Default,Default,Default,Default,Default,Default,Default,Default,Default,Default,Default,Default,Default,Default,Default,DefaultJob,DocumentCount=100000,1,Workload,Pilot,9,616143116,4096,150425.57,49,1,0,51220
"SearcherManagerBenchmarks.'Lucene.NET acquire, search, release'",Rowles.LeanCorpus.Benchmarks,SearcherManagerBenchmarks,"'Lucene.NET acquire, search, release'",DefaultJob,Default,Default,Default,Default,Default,Default,Default,Default,Default,Default,Default,Default,Default,Default,Default,Default,Default,Default,Default,Default,Default,Default,Default,Default,Default,Default,Default,Default,Default,Default,Default,Default,Default,Default,Default,Default,Default,Default,Default,Default,Default,DefaultJob,DocumentCount=100000,1,Workload,Warmup,1,613227474,4096,149713.74,49,1,0,51220
"SearcherManagerBenchmarks.'Lucene.NET acquire, search, release'",Rowles.LeanCorpus.Benchmarks,SearcherManagerBenchmarks,"'Lucene.NET acquire, search, release'",DefaultJob,Default,Default,Default,Default,Default,Default,Default,Default,Default,Default,Default,Default,Default,Default,Default,Default,Default,Default,Default,Default,Default,Default,Default,Default,Default,Default,Default,Default,Default,Default,Default,Default,Default,Default,Default,Default,Default,Default,Default,Default,Default,DefaultJob,DocumentCount=100000,1,Workload,Warmup,2,619764583,4096,151309.71,49,1,0,51220
"SearcherManagerBenchmarks.'Lucene.NET acquire, search, release'",Rowles.LeanCorpus.Benchmarks,SearcherManagerBenchmarks,"'Lucene.NET acquire, search, release'",DefaultJob,Default,Default,Default,Default,Default,Default,Default,Default,Default,Default,Default,Default,Default,Default,Default,Default,Default,Default,Default,Default,Default,Default,Default,Default,Default,Default,Default,Default,Default,Default,Default,Default,Default,Default,Default,Default,Default,Default,Default,Default,Default,DefaultJob,DocumentCount=100000,1,Workload,Warmup,3,619282466,4096,151192.01,49,1,0,51220
"SearcherManagerBenchmarks.'Lucene.NET acquire, search, release'",Rowles.LeanCorpus.Benchmarks,SearcherManagerBenchmarks,"'Lucene.NET acquire, search, release'",DefaultJob,Default,Default,Default,Default,Default,Default,Default,Default,Default,Default,Default,Default,Default,Default,Default,Default,Default,Default,Default,Default,Default,Default,Default,Default,Default,Default,Default,Default,Default,Default,Default,Default,Default,Default,Default,Default,Default,Default,Default,Default,Default,DefaultJob,DocumentCount=100000,1,Workload,Warmup,4,624267687,4096,152409.1,49,1,0,51220
"SearcherManagerBenchmarks.'Lucene.NET acquire, search, release'",Rowles.LeanCorpus.Benchmarks,SearcherManagerBenchmarks,"'Lucene.NET acquire, search, release'",DefaultJob,Default,Default,Default,Default,Default,Default,Default,Default,Default,Default,Default,Default,Default,Default,Default,Default,Default,Default,Default,Default,Default,Default,Default,Default,Default,Default,Default,Default,Default,Default,Default,Default,Default,Default,Default,Default,Default,Default,Default,Default,Default,DefaultJob,DocumentCount=100000,1,Workload,Warmup,5,625873061,4096,152801.04,49,1,0,51220
"SearcherManagerBenchmarks.'Lucene.NET acquire, search, release'",Rowles.LeanCorpus.Benchmarks,SearcherManagerBenchmarks,"'Lucene.NET acquire, search, release'",DefaultJob,Default,Default,Default,Default,Default,Default,Default,Default,Default,Default,Default,Default,Default,Default,Default,Default,Default,Default,Default,Default,Default,Default,Default,Default,Default,Default,Default,Default,Default,Default,Default,Default,Default,Default,Default,Default,Default,Default,Default,Default,Default,DefaultJob,DocumentCount=100000,1,Workload,Warmup,6,617452689,4096,150745.29,49,1,0,51220
"SearcherManagerBenchmarks.'Lucene.NET acquire, search, release'",Rowles.LeanCorpus.Benchmarks,SearcherManagerBenchmarks,"'Lucene.NET acquire, search, release'",DefaultJob,Default,Default,Default,Default,Default,Default,Default,Default,Default,Default,Default,Default,Default,Default,Default,Default,Default,Default,Default,Default,Default,Default,Default,Default,Default,Default,Default,Default,Default,Default,Default,Default,Default,Default,Default,Default,Default,Default,Default,Default,Default,DefaultJob,DocumentCount=100000,1,Workload,Actual,1,618253109,4096,150940.7,49,1,0,51220
"SearcherManagerBenchmarks.'Lucene.NET acquire, search, release'",Rowles.LeanCorpus.Benchmarks,SearcherManagerBenchmarks,"'Lucene.NET acquire, search, release'",DefaultJob,Default,Default,Default,Default,Default,Default,Default,Default,Default,Default,Default,Default,Default,Default,Default,Default,Default,Default,Default,Default,Default,Default,Default,Default,Default,Default,Default,Default,Default,Default,Default,Default,Default,Default,Default,Default,Default,Default,Default,Default,Default,DefaultJob,DocumentCount=100000,1,Workload,Actual,2,617028491,4096,150641.72,49,1,0,51220
"SearcherManagerBenchmarks.'Lucene.NET acquire, search, release'",Rowles.LeanCorpus.Benchmarks,SearcherManagerBenchmarks,"'Lucene.NET acquire, search, release'",DefaultJob,Default,Default,Default,Default,Default,Default,Default,Default,Default,Default,Default,Default,Default,Default,Default,Default,Default,Default,Default,Default,Default,Default,Default,Default,Default,Default,Default,Default,Default,Default,Default,Default,Default,Default,Default,Default,Default,Default,Default,Default,Default,DefaultJob,DocumentCount=100000,1,Workload,Actual,3,618218353,4096,150932.22,49,1,0,51220
"SearcherManagerBenchmarks.'Lucene.NET acquire, search, release'",Rowles.LeanCorpus.Benchmarks,SearcherManagerBenchmarks,"'Lucene.NET acquire, search, release'",DefaultJob,Default,Default,Default,Default,Default,Default,Default,Default,Default,Default,Default,Default,Default,Default,Default,Default,Default,Default,Default,Default,Default,Default,Default,Default,Default,Default,Default,Default,Default,Default,Default,Default,Default,Default,Default,Default,Default,Default,Default,Default,Default,DefaultJob,DocumentCount=100000,1,Workload,Actual,4,618736834,4096,151058.8,49,1,0,51220
"SearcherManagerBenchmarks.'Lucene.NET acquire, search, release'",Rowles.LeanCorpus.Benchmarks,SearcherManagerBenchmarks,"'Lucene.NET acquire, search, release'",DefaultJob,Default,Default,Default,Default,Default,Default,Default,Default,Default,Default,Default,Default,Default,Default,Default,Default,Default,Default,Default,Default,Default,Default,Default,Default,Default,Default,Default,Default,Default,Default,Default,Default,Default,Default,Default,Default,Default,Default,Default,Default,Default,DefaultJob,DocumentCount=100000,1,Workload,Actual,5,619642406,4096,151279.88,49,1,0,51220
"SearcherManagerBenchmarks.'Lucene.NET acquire, search, release'",Rowles.LeanCorpus.Benchmarks,SearcherManagerBenchmarks,"'Lucene.NET acquire, search, release'",DefaultJob,Default,Default,Default,Default,Default,Default,Default,Default,Default,Default,Default,Default,Default,Default,Default,Default,Default,Default,Default,Default,Default,Default,Default,Default,Default,Default,Default,Default,Default,Default,Default,Default,Default,Default,Default,Default,Default,Default,Default,Default,Default,DefaultJob,DocumentCount=100000,1,Workload,Actual,6,620686722,4096,151534.84,49,1,0,51220
"SearcherManagerBenchmarks.'Lucene.NET acquire, search, release'",Rowles.LeanCorpus.Benchmarks,SearcherManagerBenchmarks,"'Lucene.NET acquire, search, release'",DefaultJob,Default,Default,Default,Default,Default,Default,Default,Default,Default,Default,Default,Default,Default,Default,Default,Default,Default,Default,Default,Default,Default,Default,Default,Default,Default,Default,Default,Default,Default,Default,Default,Default,Default,Default,Default,Default,Default,Default,Default,Default,Default,DefaultJob,DocumentCount=100000,1,Workload,Actual,7,613118043,4096,149687.02,49,1,0,51220
"SearcherManagerBenchmarks.'Lucene.NET acquire, search, release'",Rowles.LeanCorpus.Benchmarks,SearcherManagerBenchmarks,"'Lucene.NET acquire, search, release'",DefaultJob,Default,Default,Default,Default,Default,Default,Default,Default,Default,Default,Default,Default,Default,Default,Default,Default,Default,Default,Default,Default,Default,Default,Default,Default,Default,Default,Default,Default,Default,Default,Default,Default,Default,Default,Default,Default,Default,Default,Default,Default,Default,DefaultJob,DocumentCount=100000,1,Workload,Actual,8,611599361,4096,149316.25,49,1,0,51220
"SearcherManagerBenchmarks.'Lucene.NET acquire, search, release'",Rowles.LeanCorpus.Benchmarks,SearcherManagerBenchmarks,"'Lucene.NET acquire, search, release'",DefaultJob,Default,Default,Default,Default,Default,Default,Default,Default,Default,Default,Default,Default,Default,Default,Default,Default,Default,Default,Default,Default,Default,Default,Default,Default,Default,Default,Default,Default,Default,Default,Default,Default,Default,Default,Default,Default,Default,Default,Default,Default,Default,DefaultJob,DocumentCount=100000,1,Workload,Actual,9,619412360,4096,151223.72,49,1,0,51220
"SearcherManagerBenchmarks.'Lucene.NET acquire, search, release'",Rowles.LeanCorpus.Benchmarks,SearcherManagerBenchmarks,"'Lucene.NET acquire, search, release'",DefaultJob,Default,Default,Default,Default,Default,Default,Default,Default,Default,Default,Default,Default,Default,Default,Default,Default,Default,Default,Default,Default,Default,Default,Default,Default,Default,Default,Default,Default,Default,Default,Default,Default,Default,Default,Default,Default,Default,Default,Default,Default,Default,DefaultJob,DocumentCount=100000,1,Workload,Actual,10,621046842,4096,151622.76,49,1,0,51220
"SearcherManagerBenchmarks.'Lucene.NET acquire, search, release'",Rowles.LeanCorpus.Benchmarks,SearcherManagerBenchmarks,"'Lucene.NET acquire, search, release'",DefaultJob,Default,Default,Default,Default,Default,Default,Default,Default,Default,Default,Default,Default,Default,Default,Default,Default,Default,Default,Default,Default,Default,Default,Default,Default,Default,Default,Default,Default,Default,Default,Default,Default,Default,Default,Default,Default,Default,Default,Default,Default,Default,DefaultJob,DocumentCount=100000,1,Workload,Actual,11,621397526,4096,151708.38,49,1,0,51220
"SearcherManagerBenchmarks.'Lucene.NET acquire, search, release'",Rowles.LeanCorpus.Benchmarks,SearcherManagerBenchmarks,"'Lucene.NET acquire, search, release'",DefaultJob,Default,Default,Default,Default,Default,Default,Default,Default,Default,Default,Default,Default,Default,Default,Default,Default,Default,Default,Default,Default,Default,Default,Default,Default,Default,Default,Default,Default,Default,Default,Default,Default,Default,Default,Default,Default,Default,Default,Default,Default,Default,DefaultJob,DocumentCount=100000,1,Workload,Actual,12,614913347,4096,150125.33,49,1,0,51220
"SearcherManagerBenchmarks.'Lucene.NET acquire, search, release'",Rowles.LeanCorpus.Benchmarks,SearcherManagerBenchmarks,"'Lucene.NET acquire, search, release'",DefaultJob,Default,Default,Default,Default,Default,Default,Default,Default,Default,Default,Default,Default,Default,Default,Default,Default,Default,Default,Default,Default,Default,Default,Default,Default,Default,Default,Default,Default,Default,Default,Default,Default,Default,Default,Default,Default,Default,Default,Default,Default,Default,DefaultJob,DocumentCount=100000,1,Workload,Actual,13,616617194,4096,150541.31,49,1,0,51220
"SearcherManagerBenchmarks.'Lucene.NET acquire, search, release'",Rowles.LeanCorpus.Benchmarks,SearcherManagerBenchmarks,"'Lucene.NET acquire, search, release'",DefaultJob,Default,Default,Default,Default,Default,Default,Default,Default,Default,Default,Default,Default,Default,Default,Default,Default,Default,Default,Default,Default,Default,Default,Default,Default,Default,Default,Default,Default,Default,Default,Default,Default,Default,Default,Default,Default,Default,Default,Default,Default,Default,DefaultJob,DocumentCount=100000,1,Workload,Actual,14,617257082,4096,150697.53,49,1,0,51220
"SearcherManagerBenchmarks.'Lucene.NET acquire, search, release'",Rowles.LeanCorpus.Benchmarks,SearcherManagerBenchmarks,"'Lucene.NET acquire, search, release'",DefaultJob,Default,Default,Default,Default,Default,Default,Default,Default,Default,Default,Default,Default,Default,Default,Default,Default,Default,Default,Default,Default,Default,Default,Default,Default,Default,Default,Default,Default,Default,Default,Default,Default,Default,Default,Default,Default,Default,Default,Default,Default,Default,DefaultJob,DocumentCount=100000,1,Workload,Actual,15,616086303,4096,150411.7,49,1,0,51220
"SearcherManagerBenchmarks.'Lucene.NET acquire, search, release'",Rowles.LeanCorpus.Benchmarks,SearcherManagerBenchmarks,"'Lucene.NET acquire, search, release'",DefaultJob,Default,Default,Default,Default,Default,Default,Default,Default,Default,Default,Default,Default,Default,Default,Default,Default,Default,Default,Default,Default,Default,Default,Default,Default,Default,Default,Default,Default,Default,Default,Default,Default,Default,Default,Default,Default,Default,Default,Default,Default,Default,DefaultJob,DocumentCount=100000,1,Workload,Extra,1,612324990,4096,149493.41,49,1,0,51220
"SearcherManagerBenchmarks.'Lucene.NET acquire, search, release'",Rowles.LeanCorpus.Benchmarks,SearcherManagerBenchmarks,"'Lucene.NET acquire, search, release'",DefaultJob,Default,Default,Default,Default,Default,Default,Default,Default,Default,Default,Default,Default,Default,Default,Default,Default,Default,Default,Default,Default,Default,Default,Default,Default,Default,Default,Default,Default,Default,Default,Default,Default,Default,Default,Default,Default,Default,Default,Default,Default,Default,DefaultJob,DocumentCount=100000,1,Workload,Result,1,618253109,4096,150940.7,49,1,0,51220
"SearcherManagerBenchmarks.'Lucene.NET acquire, search, release'",Rowles.LeanCorpus.Benchmarks,SearcherManagerBenchmarks,"'Lucene.NET acquire, search, release'",DefaultJob,Default,Default,Default,Default,Default,Default,Default,Default,Default,Default,Default,Default,Default,Default,Default,Default,Default,Default,Default,Default,Default,Default,Default,Default,Default,Default,Default,Default,Default,Default,Default,Default,Default,Default,Default,Default,Default,Default,Default,Default,Default,DefaultJob,DocumentCount=100000,1,Workload,Result,2,617028491,4096,150641.72,49,1,0,51220
"SearcherManagerBenchmarks.'Lucene.NET acquire, search, release'",Rowles.LeanCorpus.Benchmarks,SearcherManagerBenchmarks,"'Lucene.NET acquire, search, release'",DefaultJob,Default,Default,Default,Default,Default,Default,Default,Default,Default,Default,Default,Default,Default,Default,Default,Default,Default,Default,Default,Default,Default,Default,Default,Default,Default,Default,Default,Default,Default,Default,Default,Default,Default,Default,Default,Default,Default,Default,Default,Default,Default,DefaultJob,DocumentCount=100000,1,Workload,Result,3,618218353,4096,150932.22,49,1,0,51220
"SearcherManagerBenchmarks.'Lucene.NET acquire, search, release'",Rowles.LeanCorpus.Benchmarks,SearcherManagerBenchmarks,"'Lucene.NET acquire, search, release'",DefaultJob,Default,Default,Default,Default,Default,Default,Default,Default,Default,Default,Default,Default,Default,Default,Default,Default,Default,Default,Default,Default,Default,Default,Default,Default,Default,Default,Default,Default,Default,Default,Default,Default,Default,Default,Default,Default,Default,Default,Default,Default,Default,DefaultJob,DocumentCount=100000,1,Workload,Result,4,618736834,4096,151058.8,49,1,0,51220
"SearcherManagerBenchmarks.'Lucene.NET acquire, search, release'",Rowles.LeanCorpus.Benchmarks,SearcherManagerBenchmarks,"'Lucene.NET acquire, search, release'",DefaultJob,Default,Default,Default,Default,Default,Default,Default,Default,Default,Default,Default,Default,Default,Default,Default,Default,Default,Default,Default,Default,Default,Default,Default,Default,Default,Default,Default,Default,Default,Default,Default,Default,Default,Default,Default,Default,Default,Default,Default,Default,Default,DefaultJob,DocumentCount=100000,1,Workload,Result,5,619642406,4096,151279.88,49,1,0,51220
"SearcherManagerBenchmarks.'Lucene.NET acquire, search, release'",Rowles.LeanCorpus.Benchmarks,SearcherManagerBenchmarks,"'Lucene.NET acquire, search, release'",DefaultJob,Default,Default,Default,Default,Default,Default,Default,Default,Default,Default,Default,Default,Default,Default,Default,Default,Default,Default,Default,Default,Default,Default,Default,Default,Default,Default,Default,Default,Default,Default,Default,Default,Default,Default,Default,Default,Default,Default,Default,Default,Default,DefaultJob,DocumentCount=100000,1,Workload,Result,6,620686722,4096,151534.84,49,1,0,51220
"SearcherManagerBenchmarks.'Lucene.NET acquire, search, release'",Rowles.LeanCorpus.Benchmarks,SearcherManagerBenchmarks,"'Lucene.NET acquire, search, release'",DefaultJob,Default,Default,Default,Default,Default,Default,Default,Default,Default,Default,Default,Default,Default,Default,Default,Default,Default,Default,Default,Default,Default,Default,Default,Default,Default,Default,Default,Default,Default,Default,Default,Default,Default,Default,Default,Default,Default,Default,Default,Default,Default,DefaultJob,DocumentCount=100000,1,Workload,Result,7,613118043,4096,149687.02,49,1,0,51220
"SearcherManagerBenchmarks.'Lucene.NET acquire, search, release'",Rowles.LeanCorpus.Benchmarks,SearcherManagerBenchmarks,"'Lucene.NET acquire, search, release'",DefaultJob,Default,Default,Default,Default,Default,Default,Default,Default,Default,Default,Default,Default,Default,Default,Default,Default,Default,Default,Default,Default,Default,Default,Default,Default,Default,Default,Default,Default,Default,Default,Default,Default,Default,Default,Default,Default,Default,Default,Default,Default,Default,DefaultJob,DocumentCount=100000,1,Workload,Result,8,611599361,4096,149316.25,49,1,0,51220
"SearcherManagerBenchmarks.'Lucene.NET acquire, search, release'",Rowles.LeanCorpus.Benchmarks,SearcherManagerBenchmarks,"'Lucene.NET acquire, search, release'",DefaultJob,Default,Default,Default,Default,Default,Default,Default,Default,Default,Default,Default,Default,Default,Default,Default,Default,Default,Default,Default,Default,Default,Default,Default,Default,Default,Default,Default,Default,Default,Default,Default,Default,Default,Default,Default,Default,Default,Default,Default,Default,Default,DefaultJob,DocumentCount=100000,1,Workload,Result,9,619412360,4096,151223.72,49,1,0,51220
"SearcherManagerBenchmarks.'Lucene.NET acquire, search, release'",Rowles.LeanCorpus.Benchmarks,SearcherManagerBenchmarks,"'Lucene.NET acquire, search, release'",DefaultJob,Default,Default,Default,Default,Default,Default,Default,Default,Default,Default,Default,Default,Default,Default,Default,Default,Default,Default,Default,Default,Default,Default,Default,Default,Default,Default,Default,Default,Default,Default,Default,Default,Default,Default,Default,Default,Default,Default,Default,Default,Default,DefaultJob,DocumentCount=100000,1,Workload,Result,10,621046842,4096,151622.76,49,1,0,51220
"SearcherManagerBenchmarks.'Lucene.NET acquire, search, release'",Rowles.LeanCorpus.Benchmarks,SearcherManagerBenchmarks,"'Lucene.NET acquire, search, release'",DefaultJob,Default,Default,Default,Default,Default,Default,Default,Default,Default,Default,Default,Default,Default,Default,Default,Default,Default,Default,Default,Default,Default,Default,Default,Default,Default,Default,Default,Default,Default,Default,Default,Default,Default,Default,Default,Default,Default,Default,Default,Default,Default,DefaultJob,DocumentCount=100000,1,Workload,Result,11,621397526,4096,151708.38,49,1,0,51220
"SearcherManagerBenchmarks.'Lucene.NET acquire, search, release'",Rowles.LeanCorpus.Benchmarks,SearcherManagerBenchmarks,"'Lucene.NET acquire, search, release'",DefaultJob,Default,Default,Default,Default,Default,Default,Default,Default,Default,Default,Default,Default,Default,Default,Default,Default,Default,Default,Default,Default,Default,Default,Default,Default,Default,Default,Default,Default,Default,Default,Default,Default,Default,Default,Default,Default,Default,Default,Default,Default,Default,DefaultJob,DocumentCount=100000,1,Workload,Result,12,614913347,4096,150125.33,49,1,0,51220
"SearcherManagerBenchmarks.'Lucene.NET acquire, search, release'",Rowles.LeanCorpus.Benchmarks,SearcherManagerBenchmarks,"'Lucene.NET acquire, search, release'",DefaultJob,Default,Default,Default,Default,Default,Default,Default,Default,Default,Default,Default,Default,Default,Default,Default,Default,Default,Default,Default,Default,Default,Default,Default,Default,Default,Default,Default,Default,Default,Default,Default,Default,Default,Default,Default,Default,Default,Default,Default,Default,Default,DefaultJob,DocumentCount=100000,1,Workload,Result,13,616617194,4096,150541.31,49,1,0,51220
"SearcherManagerBenchmarks.'Lucene.NET acquire, search, release'",Rowles.LeanCorpus.Benchmarks,SearcherManagerBenchmarks,"'Lucene.NET acquire, search, release'",DefaultJob,Default,Default,Default,Default,Default,Default,Default,Default,Default,Default,Default,Default,Default,Default,Default,Default,Default,Default,Default,Default,Default,Default,Default,Default,Default,Default,Default,Default,Default,Default,Default,Default,Default,Default,Default,Default,Default,Default,Default,Default,Default,DefaultJob,DocumentCount=100000,1,Workload,Result,14,617257082,4096,150697.53,49,1,0,51220
"SearcherManagerBenchmarks.'Lucene.NET acquire, search, release'",Rowles.LeanCorpus.Benchmarks,SearcherManagerBenchmarks,"'Lucene.NET acquire, search, release'",DefaultJob,Default,Default,Default,Default,Default,Default,Default,Default,Default,Default,Default,Default,Default,Default,Default,Default,Default,Default,Default,Default,Default,Default,Default,Default,Default,Default,Default,Default,Default,Default,Default,Default,Default,Default,Default,Default,Default,Default,Default,Default,Default,DefaultJob,DocumentCount=100000,1,Workload,Result,15,616086303,4096,150411.7,49,1,0,51220
SearcherManagerBenchmarks.'LeanCorpus acquire and release',Rowles.LeanCorpus.Benchmarks,SearcherManagerBenchmarks,'LeanCorpus acquire and release',DefaultJob,Default,Default,Default,Default,Default,Default,Default,Default,Default,Default,Default,Default,Default,Default,Default,Default,Default,Default,Default,Default,Default,Default,Default,Default,Default,Default,Default,Default,Default,Default,Default,Default,Default,Default,Default,Default,Default,Default,Default,Default,Default,DefaultJob,DocumentCount=100000,1,Workload,Jitting,1,713942,1,713942,0,0,0,0
SearcherManagerBenchmarks.'LeanCorpus acquire and release',Rowles.LeanCorpus.Benchmarks,SearcherManagerBenchmarks,'LeanCorpus acquire and release',DefaultJob,Default,Default,Default,Default,Default,Default,Default,Default,Default,Default,Default,Default,Default,Default,Default,Default,Default,Default,Default,Default,Default,Default,Default,Default,Default,Default,Default,Default,Default,Default,Default,Default,Default,Default,Default,Default,Default,Default,Default,Default,Default,DefaultJob,DocumentCount=100000,1,Workload,Jitting,2,24278,30,809.27,0,0,0,0
SearcherManagerBenchmarks.'LeanCorpus acquire and release',Rowles.LeanCorpus.Benchmarks,SearcherManagerBenchmarks,'LeanCorpus acquire and release',DefaultJob,Default,Default,Default,Default,Default,Default,Default,Default,Default,Default,Default,Default,Default,Default,Default,Default,Default,Default,Default,Default,Default,Default,Default,Default,Default,Default,Default,Default,Default,Default,Default,Default,Default,Default,Default,Default,Default,Default,Default,Default,Default,DefaultJob,DocumentCount=100000,1,Workload,Jitting,3,11328,30,377.6,0,0,0,0
SearcherManagerBenchmarks.'LeanCorpus acquire and release',Rowles.LeanCorpus.Benchmarks,SearcherManagerBenchmarks,'LeanCorpus acquire and release',DefaultJob,Default,Default,Default,Default,Default,Default,Default,Default,Default,Default,Default,Default,Default,Default,Default,Default,Default,Default,Default,Default,Default,Default,Default,Default,Default,Default,Default,Default,Default,Default,Default,Default,Default,Default,Default,Default,Default,Default,Default,Default,Default,DefaultJob,DocumentCount=100000,1,Workload,Jitting,4,28053,30,935.1,0,0,0,0
SearcherManagerBenchmarks.'LeanCorpus acquire and release',Rowles.LeanCorpus.Benchmarks,SearcherManagerBenchmarks,'LeanCorpus acquire and release',DefaultJob,Default,Default,Default,Default,Default,Default,Default,Default,Default,Default,Default,Default,Default,Default,Default,Default,Default,Default,Default,Default,Default,Default,Default,Default,Default,Default,Default,Default,Default,Default,Default,Default,Default,Default,Default,Default,Default,Default,Default,Default,Default,DefaultJob,DocumentCount=100000,1,Workload,Jitting,5,832,1,832,0,0,0,0
SearcherManagerBenchmarks.'LeanCorpus acquire and release',Rowles.LeanCorpus.Benchmarks,SearcherManagerBenchmarks,'LeanCorpus acquire and release',DefaultJob,Default,Default,Default,Default,Default,Default,Default,Default,Default,Default,Default,Default,Default,Default,Default,Default,Default,Default,Default,Default,Default,Default,Default,Default,Default,Default,Default,Default,Default,Default,Default,Default,Default,Default,Default,Default,Default,Default,Default,Default,Default,DefaultJob,DocumentCount=100000,1,Workload,Pilot,1,706,1,706,0,0,0,0
SearcherManagerBenchmarks.'LeanCorpus acquire and release',Rowles.LeanCorpus.Benchmarks,SearcherManagerBenchmarks,'LeanCorpus acquire and release',DefaultJob,Default,Default,Default,Default,Default,Default,Default,Default,Default,Default,Default,Default,Default,Default,Default,Default,Default,Default,Default,Default,Default,Default,Default,Default,Default,Default,Default,Default,Default,Default,Default,Default,Default,Default,Default,Default,Default,Default,Default,Default,Default,DefaultJob,DocumentCount=100000,1,Workload,Pilot,1,2260,16,141.25,0,0,0,0
SearcherManagerBenchmarks.'LeanCorpus acquire and release',Rowles.LeanCorpus.Benchmarks,SearcherManagerBenchmarks,'LeanCorpus acquire and release',DefaultJob,Default,Default,Default,Default,Default,Default,Default,Default,Default,Default,Default,Default,Default,Default,Default,Default,Default,Default,Default,Default,Default,Default,Default,Default,Default,Default,Default,Default,Default,Default,Default,Default,Default,Default,Default,Default,Default,Default,Default,Default,Default,DefaultJob,DocumentCount=100000,1,Workload,Pilot,2,2666,32,83.31,0,0,0,0
SearcherManagerBenchmarks.'LeanCorpus acquire and release',Rowles.LeanCorpus.Benchmarks,SearcherManagerBenchmarks,'LeanCorpus acquire and release',DefaultJob,Default,Default,Default,Default,Default,Default,Default,Default,Default,Default,Default,Default,Default,Default,Default,Default,Default,Default,Default,Default,Default,Default,Default,Default,Default,Default,Default,Default,Default,Default,Default,Default,Default,Default,Default,Default,Default,Default,Default,Default,Default,DefaultJob,DocumentCount=100000,1,Workload,Pilot,3,4140,64,64.69,0,0,0,0
SearcherManagerBenchmarks.'LeanCorpus acquire and release',Rowles.LeanCorpus.Benchmarks,SearcherManagerBenchmarks,'LeanCorpus acquire and release',DefaultJob,Default,Default,Default,Default,Default,Default,Default,Default,Default,Default,Default,Default,Default,Default,Default,Default,Default,Default,Default,Default,Default,Default,Default,Default,Default,Default,Default,Default,Default,Default,Default,Default,Default,Default,Default,Default,Default,Default,Default,Default,Default,DefaultJob,DocumentCount=100000,1,Workload,Pilot,4,7750,128,60.55,0,0,0,0
SearcherManagerBenchmarks.'LeanCorpus acquire and release',Rowles.LeanCorpus.Benchmarks,SearcherManagerBenchmarks,'LeanCorpus acquire and release',DefaultJob,Default,Default,Default,Default,Default,Default,Default,Default,Default,Default,Default,Default,Default,Default,Default,Default,Default,Default,Default,Default,Default,Default,Default,Default,Default,Default,Default,Default,Default,Default,Default,Default,Default,Default,Default,Default,Default,Default,Default,Default,Default,DefaultJob,DocumentCount=100000,1,Workload,Pilot,5,14409,256,56.29,0,0,0,0
SearcherManagerBenchmarks.'LeanCorpus acquire and release',Rowles.LeanCorpus.Benchmarks,SearcherManagerBenchmarks,'LeanCorpus acquire and release',DefaultJob,Default,Default,Default,Default,Default,Default,Default,Default,Default,Default,Default,Default,Default,Default,Default,Default,Default,Default,Default,Default,Default,Default,Default,Default,Default,Default,Default,Default,Default,Default,Default,Default,Default,Default,Default,Default,Default,Default,Default,Default,Default,DefaultJob,DocumentCount=100000,1,Workload,Pilot,6,28040,512,54.77,0,0,0,0
SearcherManagerBenchmarks.'LeanCorpus acquire and release',Rowles.LeanCorpus.Benchmarks,SearcherManagerBenchmarks,'LeanCorpus acquire and release',DefaultJob,Default,Default,Default,Default,Default,Default,Default,Default,Default,Default,Default,Default,Default,Default,Default,Default,Default,Default,Default,Default,Default,Default,Default,Default,Default,Default,Default,Default,Default,Default,Default,Default,Default,Default,Default,Default,Default,Default,Default,Default,Default,DefaultJob,DocumentCount=100000,1,Workload,Pilot,7,55288,1024,53.99,0,0,0,0
SearcherManagerBenchmarks.'LeanCorpus acquire and release',Rowles.LeanCorpus.Benchmarks,SearcherManagerBenchmarks,'LeanCorpus acquire and release',DefaultJob,Default,Default,Default,Default,Default,Default,Default,Default,Default,Default,Default,Default,Default,Default,Default,Default,Default,Default,Default,Default,Default,Default,Default,Default,Default,Default,Default,Default,Default,Default,Default,Default,Default,Default,Default,Default,Default,Default,Default,Default,Default,DefaultJob,DocumentCount=100000,1,Workload,Pilot,8,126639,2048,61.84,0,0,0,0
SearcherManagerBenchmarks.'LeanCorpus acquire and release',Rowles.LeanCorpus.Benchmarks,SearcherManagerBenchmarks,'LeanCorpus acquire and release',DefaultJob,Default,Default,Default,Default,Default,Default,Default,Default,Default,Default,Default,Default,Default,Default,Default,Default,Default,Default,Default,Default,Default,Default,Default,Default,Default,Default,Default,Default,Default,Default,Default,Default,Default,Default,Default,Default,Default,Default,Default,Default,Default,DefaultJob,DocumentCount=100000,1,Workload,Pilot,9,218890,4096,53.44,0,0,0,0
SearcherManagerBenchmarks.'LeanCorpus acquire and release',Rowles.LeanCorpus.Benchmarks,SearcherManagerBenchmarks,'LeanCorpus acquire and release',DefaultJob,Default,Default,Default,Default,Default,Default,Default,Default,Default,Default,Default,Default,Default,Default,Default,Default,Default,Default,Default,Default,Default,Default,Default,Default,Default,Default,Default,Default,Default,Default,Default,Default,Default,Default,Default,Default,Default,Default,Default,Default,Default,DefaultJob,DocumentCount=100000,1,Workload,Pilot,10,411300,8192,50.21,0,0,0,0
SearcherManagerBenchmarks.'LeanCorpus acquire and release',Rowles.LeanCorpus.Benchmarks,SearcherManagerBenchmarks,'LeanCorpus acquire and release',DefaultJob,Default,Default,Default,Default,Default,Default,Default,Default,Default,Default,Default,Default,Default,Default,Default,Default,Default,Default,Default,Default,Default,Default,Default,Default,Default,Default,Default,Default,Default,Default,Default,Default,Default,Default,Default,Default,Default,Default,Default,Default,Default,DefaultJob,DocumentCount=100000,1,Workload,Pilot,11,821816,16384,50.16,0,0,0,0
SearcherManagerBenchmarks.'LeanCorpus acquire and release',Rowles.LeanCorpus.Benchmarks,SearcherManagerBenchmarks,'LeanCorpus acquire and release',DefaultJob,Default,Default,Default,Default,Default,Default,Default,Default,Default,Default,Default,Default,Default,Default,Default,Default,Default,Default,Default,Default,Default,Default,Default,Default,Default,Default,Default,Default,Default,Default,Default,Default,Default,Default,Default,Default,Default,Default,Default,Default,Default,DefaultJob,DocumentCount=100000,1,Workload,Pilot,12,1551789,32768,47.36,0,0,0,0
SearcherManagerBenchmarks.'LeanCorpus acquire and release',Rowles.LeanCorpus.Benchmarks,SearcherManagerBenchmarks,'LeanCorpus acquire and release',DefaultJob,Default,Default,Default,Default,Default,Default,Default,Default,Default,Default,Default,Default,Default,Default,Default,Default,Default,Default,Default,Default,Default,Default,Default,Default,Default,Default,Default,Default,Default,Default,Default,Default,Default,Default,Default,Default,Default,Default,Default,Default,Default,DefaultJob,DocumentCount=100000,1,Workload,Pilot,13,3052037,65536,46.57,0,0,0,0
SearcherManagerBenchmarks.'LeanCorpus acquire and release',Rowles.LeanCorpus.Benchmarks,SearcherManagerBenchmarks,'LeanCorpus acquire and release',DefaultJob,Default,Default,Default,Default,Default,Default,Default,Default,Default,Default,Default,Default,Default,Default,Default,Default,Default,Default,Default,Default,Default,Default,Default,Default,Default,Default,Default,Default,Default,Default,Default,Default,Default,Default,Default,Default,Default,Default,Default,Default,Default,DefaultJob,DocumentCount=100000,1,Workload,Pilot,14,5654804,131072,43.14,0,0,0,0
SearcherManagerBenchmarks.'LeanCorpus acquire and release',Rowles.LeanCorpus.Benchmarks,SearcherManagerBenchmarks,'LeanCorpus acquire and release',DefaultJob,Default,Default,Default,Default,Default,Default,Default,Default,Default,Default,Default,Default,Default,Default,Default,Default,Default,Default,Default,Default,Default,Default,Default,Default,Default,Default,Default,Default,Default,Default,Default,Default,Default,Default,Default,Default,Default,Default,Default,Default,Default,DefaultJob,DocumentCount=100000,1,Workload,Pilot,15,10239348,262144,39.06,0,0,0,0
SearcherManagerBenchmarks.'LeanCorpus acquire and release',Rowles.LeanCorpus.Benchmarks,SearcherManagerBenchmarks,'LeanCorpus acquire and release',DefaultJob,Default,Default,Default,Default,Default,Default,Default,Default,Default,Default,Default,Default,Default,Default,Default,Default,Default,Default,Default,Default,Default,Default,Default,Default,Default,Default,Default,Default,Default,Default,Default,Default,Default,Default,Default,Default,Default,Default,Default,Default,Default,DefaultJob,DocumentCount=100000,1,Workload,Pilot,16,17954747,524288,34.25,0,0,0,0
SearcherManagerBenchmarks.'LeanCorpus acquire and release',Rowles.LeanCorpus.Benchmarks,SearcherManagerBenchmarks,'LeanCorpus acquire and release',DefaultJob,Default,Default,Default,Default,Default,Default,Default,Default,Default,Default,Default,Default,Default,Default,Default,Default,Default,Default,Default,Default,Default,Default,Default,Default,Default,Default,Default,Default,Default,Default,Default,Default,Default,Default,Default,Default,Default,Default,Default,Default,Default,DefaultJob,DocumentCount=100000,1,Workload,Pilot,17,29830255,1048576,28.45,0,0,0,0
SearcherManagerBenchmarks.'LeanCorpus acquire and release',Rowles.LeanCorpus.Benchmarks,SearcherManagerBenchmarks,'LeanCorpus acquire and release',DefaultJob,Default,Default,Default,Default,Default,Default,Default,Default,Default,Default,Default,Default,Default,Default,Default,Default,Default,Default,Default,Default,Default,Default,Default,Default,Default,Default,Default,Default,Default,Default,Default,Default,Default,Default,Default,Default,Default,Default,Default,Default,Default,DefaultJob,DocumentCount=100000,1,Workload,Pilot,18,52587363,2097152,25.08,0,0,0,0
SearcherManagerBenchmarks.'LeanCorpus acquire and release',Rowles.LeanCorpus.Benchmarks,SearcherManagerBenchmarks,'LeanCorpus acquire and release',DefaultJob,Default,Default,Default,Default,Default,Default,Default,Default,Default,Default,Default,Default,Default,Default,Default,Default,Default,Default,Default,Default,Default,Default,Default,Default,Default,Default,Default,Default,Default,Default,Default,Default,Default,Default,Default,Default,Default,Default,Default,Default,Default,DefaultJob,DocumentCount=100000,1,Workload,Pilot,19,104786927,4194304,24.98,0,0,0,0
SearcherManagerBenchmarks.'LeanCorpus acquire and release',Rowles.LeanCorpus.Benchmarks,SearcherManagerBenchmarks,'LeanCorpus acquire and release',DefaultJob,Default,Default,Default,Default,Default,Default,Default,Default,Default,Default,Default,Default,Default,Default,Default,Default,Default,Default,Default,Default,Default,Default,Default,Default,Default,Default,Default,Default,Default,Default,Default,Default,Default,Default,Default,Default,Default,Default,Default,Default,Default,DefaultJob,DocumentCount=100000,1,Workload,Pilot,20,209049033,8388608,24.92,0,0,0,0
SearcherManagerBenchmarks.'LeanCorpus acquire and release',Rowles.LeanCorpus.Benchmarks,SearcherManagerBenchmarks,'LeanCorpus acquire and release',DefaultJob,Default,Default,Default,Default,Default,Default,Default,Default,Default,Default,Default,Default,Default,Default,Default,Default,Default,Default,Default,Default,Default,Default,Default,Default,Default,Default,Default,Default,Default,Default,Default,Default,Default,Default,Default,Default,Default,Default,Default,Default,Default,DefaultJob,DocumentCount=100000,1,Workload,Pilot,21,417676753,16777216,24.9,0,0,0,0
SearcherManagerBenchmarks.'LeanCorpus acquire and release',Rowles.LeanCorpus.Benchmarks,SearcherManagerBenchmarks,'LeanCorpus acquire and release',DefaultJob,Default,Default,Default,Default,Default,Default,Default,Default,Default,Default,Default,Default,Default,Default,Default,Default,Default,Default,Default,Default,Default,Default,Default,Default,Default,Default,Default,Default,Default,Default,Default,Default,Default,Default,Default,Default,Default,Default,Default,Default,Default,DefaultJob,DocumentCount=100000,1,Workload,Pilot,22,828446435,33554432,24.69,0,0,0,0
SearcherManagerBenchmarks.'LeanCorpus acquire and release',Rowles.LeanCorpus.Benchmarks,SearcherManagerBenchmarks,'LeanCorpus acquire and release',DefaultJob,Default,Default,Default,Default,Default,Default,Default,Default,Default,Default,Default,Default,Default,Default,Default,Default,Default,Default,Default,Default,Default,Default,Default,Default,Default,Default,Default,Default,Default,Default,Default,Default,Default,Default,Default,Default,Default,Default,Default,Default,Default,DefaultJob,DocumentCount=100000,1,Workload,Warmup,1,838648368,33554432,24.99,0,0,0,0
SearcherManagerBenchmarks.'LeanCorpus acquire and release',Rowles.LeanCorpus.Benchmarks,SearcherManagerBenchmarks,'LeanCorpus acquire and release',DefaultJob,Default,Default,Default,Default,Default,Default,Default,Default,Default,Default,Default,Default,Default,Default,Default,Default,Default,Default,Default,Default,Default,Default,Default,Default,Default,Default,Default,Default,Default,Default,Default,Default,Default,Default,Default,Default,Default,Default,Default,Default,Default,DefaultJob,DocumentCount=100000,1,Workload,Warmup,2,833376173,33554432,24.84,0,0,0,0
SearcherManagerBenchmarks.'LeanCorpus acquire and release',Rowles.LeanCorpus.Benchmarks,SearcherManagerBenchmarks,'LeanCorpus acquire and release',DefaultJob,Default,Default,Default,Default,Default,Default,Default,Default,Default,Default,Default,Default,Default,Default,Default,Default,Default,Default,Default,Default,Default,Default,Default,Default,Default,Default,Default,Default,Default,Default,Default,Default,Default,Default,Default,Default,Default,Default,Default,Default,Default,DefaultJob,DocumentCount=100000,1,Workload,Warmup,3,835884125,33554432,24.91,0,0,0,0
SearcherManagerBenchmarks.'LeanCorpus acquire and release',Rowles.LeanCorpus.Benchmarks,SearcherManagerBenchmarks,'LeanCorpus acquire and release',DefaultJob,Default,Default,Default,Default,Default,Default,Default,Default,Default,Default,Default,Default,Default,Default,Default,Default,Default,Default,Default,Default,Default,Default,Default,Default,Default,Default,Default,Default,Default,Default,Default,Default,Default,Default,Default,Default,Default,Default,Default,Default,Default,DefaultJob,DocumentCount=100000,1,Workload,Warmup,4,837471080,33554432,24.96,0,0,0,0
SearcherManagerBenchmarks.'LeanCorpus acquire and release',Rowles.LeanCorpus.Benchmarks,SearcherManagerBenchmarks,'LeanCorpus acquire and release',DefaultJob,Default,Default,Default,Default,Default,Default,Default,Default,Default,Default,Default,Default,Default,Default,Default,Default,Default,Default,Default,Default,Default,Default,Default,Default,Default,Default,Default,Default,Default,Default,Default,Default,Default,Default,Default,Default,Default,Default,Default,Default,Default,DefaultJob,DocumentCount=100000,1,Workload,Warmup,5,832428909,33554432,24.81,0,0,0,0
SearcherManagerBenchmarks.'LeanCorpus acquire and release',Rowles.LeanCorpus.Benchmarks,SearcherManagerBenchmarks,'LeanCorpus acquire and release',DefaultJob,Default,Default,Default,Default,Default,Default,Default,Default,Default,Default,Default,Default,Default,Default,Default,Default,Default,Default,Default,Default,Default,Default,Default,Default,Default,Default,Default,Default,Default,Default,Default,Default,Default,Default,Default,Default,Default,Default,Default,Default,Default,DefaultJob,DocumentCount=100000,1,Workload,Warmup,6,827216159,33554432,24.65,0,0,0,0
SearcherManagerBenchmarks.'LeanCorpus acquire and release',Rowles.LeanCorpus.Benchmarks,SearcherManagerBenchmarks,'LeanCorpus acquire and release',DefaultJob,Default,Default,Default,Default,Default,Default,Default,Default,Default,Default,Default,Default,Default,Default,Default,Default,Default,Default,Default,Default,Default,Default,Default,Default,Default,Default,Default,Default,Default,Default,Default,Default,Default,Default,Default,Default,Default,Default,Default,Default,Default,DefaultJob,DocumentCount=100000,1,Workload,Warmup,7,837276891,33554432,24.95,0,0,0,0
SearcherManagerBenchmarks.'LeanCorpus acquire and release',Rowles.LeanCorpus.Benchmarks,SearcherManagerBenchmarks,'LeanCorpus acquire and release',DefaultJob,Default,Default,Default,Default,Default,Default,Default,Default,Default,Default,Default,Default,Default,Default,Default,Default,Default,Default,Default,Default,Default,Default,Default,Default,Default,Default,Default,Default,Default,Default,Default,Default,Default,Default,Default,Default,Default,Default,Default,Default,Default,DefaultJob,DocumentCount=100000,1,Workload,Warmup,8,833659557,33554432,24.84,0,0,0,0
SearcherManagerBenchmarks.'LeanCorpus acquire and release',Rowles.LeanCorpus.Benchmarks,SearcherManagerBenchmarks,'LeanCorpus acquire and release',DefaultJob,Default,Default,Default,Default,Default,Default,Default,Default,Default,Default,Default,Default,Default,Default,Default,Default,Default,Default,Default,Default,Default,Default,Default,Default,Default,Default,Default,Default,Default,Default,Default,Default,Default,Default,Default,Default,Default,Default,Default,Default,Default,DefaultJob,DocumentCount=100000,1,Workload,Actual,1,834090817,33554432,24.86,0,0,0,0
SearcherManagerBenchmarks.'LeanCorpus acquire and release',Rowles.LeanCorpus.Benchmarks,SearcherManagerBenchmarks,'LeanCorpus acquire and release',DefaultJob,Default,Default,Default,Default,Default,Default,Default,Default,Default,Default,Default,Default,Default,Default,Default,Default,Default,Default,Default,Default,Default,Default,Default,Default,Default,Default,Default,Default,Default,Default,Default,Default,Default,Default,Default,Default,Default,Default,Default,Default,Default,DefaultJob,DocumentCount=100000,1,Workload,Actual,2,836635806,33554432,24.93,0,0,0,0
SearcherManagerBenchmarks.'LeanCorpus acquire and release',Rowles.LeanCorpus.Benchmarks,SearcherManagerBenchmarks,'LeanCorpus acquire and release',DefaultJob,Default,Default,Default,Default,Default,Default,Default,Default,Default,Default,Default,Default,Default,Default,Default,Default,Default,Default,Default,Default,Default,Default,Default,Default,Default,Default,Default,Default,Default,Default,Default,Default,Default,Default,Default,Default,Default,Default,Default,Default,Default,DefaultJob,DocumentCount=100000,1,Workload,Actual,3,838318905,33554432,24.98,0,0,0,0
SearcherManagerBenchmarks.'LeanCorpus acquire and release',Rowles.LeanCorpus.Benchmarks,SearcherManagerBenchmarks,'LeanCorpus acquire and release',DefaultJob,Default,Default,Default,Default,Default,Default,Default,Default,Default,Default,Default,Default,Default,Default,Default,Default,Default,Default,Default,Default,Default,Default,Default,Default,Default,Default,Default,Default,Default,Default,Default,Default,Default,Default,Default,Default,Default,Default,Default,Default,Default,DefaultJob,DocumentCount=100000,1,Workload,Actual,4,834352091,33554432,24.87,0,0,0,0
SearcherManagerBenchmarks.'LeanCorpus acquire and release',Rowles.LeanCorpus.Benchmarks,SearcherManagerBenchmarks,'LeanCorpus acquire and release',DefaultJob,Default,Default,Default,Default,Default,Default,Default,Default,Default,Default,Default,Default,Default,Default,Default,Default,Default,Default,Default,Default,Default,Default,Default,Default,Default,Default,Default,Default,Default,Default,Default,Default,Default,Default,Default,Default,Default,Default,Default,Default,Default,DefaultJob,DocumentCount=100000,1,Workload,Actual,5,833163381,33554432,24.83,0,0,0,0
SearcherManagerBenchmarks.'LeanCorpus acquire and release',Rowles.LeanCorpus.Benchmarks,SearcherManagerBenchmarks,'LeanCorpus acquire and release',DefaultJob,Default,Default,Default,Default,Default,Default,Default,Default,Default,Default,Default,Default,Default,Default,Default,Default,Default,Default,Default,Default,Default,Default,Default,Default,Default,Default,Default,Default,Default,Default,Default,Default,Default,Default,Default,Default,Default,Default,Default,Default,Default,DefaultJob,DocumentCount=100000,1,Workload,Actual,6,825841206,33554432,24.61,0,0,0,0
SearcherManagerBenchmarks.'LeanCorpus acquire and release',Rowles.LeanCorpus.Benchmarks,SearcherManagerBenchmarks,'LeanCorpus acquire and release',DefaultJob,Default,Default,Default,Default,Default,Default,Default,Default,Default,Default,Default,Default,Default,Default,Default,Default,Default,Default,Default,Default,Default,Default,Default,Default,Default,Default,Default,Default,Default,Default,Default,Default,Default,Default,Default,Default,Default,Default,Default,Default,Default,DefaultJob,DocumentCount=100000,1,Workload,Actual,7,825114742,33554432,24.59,0,0,0,0
SearcherManagerBenchmarks.'LeanCorpus acquire and release',Rowles.LeanCorpus.Benchmarks,SearcherManagerBenchmarks,'LeanCorpus acquire and release',DefaultJob,Default,Default,Default,Default,Default,Default,Default,Default,Default,Default,Default,Default,Default,Default,Default,Default,Default,Default,Default,Default,Default,Default,Default,Default,Default,Default,Default,Default,Default,Default,Default,Default,Default,Default,Default,Default,Default,Default,Default,Default,Default,DefaultJob,DocumentCount=100000,1,Workload,Actual,8,834822240,33554432,24.88,0,0,0,0
SearcherManagerBenchmarks.'LeanCorpus acquire and release',Rowles.LeanCorpus.Benchmarks,SearcherManagerBenchmarks,'LeanCorpus acquire and release',DefaultJob,Default,Default,Default,Default,Default,Default,Default,Default,Default,Default,Default,Default,Default,Default,Default,Default,Default,Default,Default,Default,Default,Default,Default,Default,Default,Default,Default,Default,Default,Default,Default,Default,Default,Default,Default,Default,Default,Default,Default,Default,Default,DefaultJob,DocumentCount=100000,1,Workload,Actual,9,829365049,33554432,24.72,0,0,0,0
SearcherManagerBenchmarks.'LeanCorpus acquire and release',Rowles.LeanCorpus.Benchmarks,SearcherManagerBenchmarks,'LeanCorpus acquire and release',DefaultJob,Default,Default,Default,Default,Default,Default,Default,Default,Default,Default,Default,Default,Default,Default,Default,Default,Default,Default,Default,Default,Default,Default,Default,Default,Default,Default,Default,Default,Default,Default,Default,Default,Default,Default,Default,Default,Default,Default,Default,Default,Default,DefaultJob,DocumentCount=100000,1,Workload,Actual,10,834758580,33554432,24.88,0,0,0,0
SearcherManagerBenchmarks.'LeanCorpus acquire and release',Rowles.LeanCorpus.Benchmarks,SearcherManagerBenchmarks,'LeanCorpus acquire and release',DefaultJob,Default,Default,Default,Default,Default,Default,Default,Default,Default,Default,Default,Default,Default,Default,Default,Default,Default,Default,Default,Default,Default,Default,Default,Default,Default,Default,Default,Default,Default,Default,Default,Default,Default,Default,Default,Default,Default,Default,Default,Default,Default,DefaultJob,DocumentCount=100000,1,Workload,Actual,11,828307506,33554432,24.69,0,0,0,0
SearcherManagerBenchmarks.'LeanCorpus acquire and release',Rowles.LeanCorpus.Benchmarks,SearcherManagerBenchmarks,'LeanCorpus acquire and release',DefaultJob,Default,Default,Default,Default,Default,Default,Default,Default,Default,Default,Default,Default,Default,Default,Default,Default,Default,Default,Default,Default,Default,Default,Default,Default,Default,Default,Default,Default,Default,Default,Default,Default,Default,Default,Default,Default,Default,Default,Default,Default,Default,DefaultJob,DocumentCount=100000,1,Workload,Actual,12,825400101,33554432,24.6,0,0,0,0
SearcherManagerBenchmarks.'LeanCorpus acquire and release',Rowles.LeanCorpus.Benchmarks,SearcherManagerBenchmarks,'LeanCorpus acquire and release',DefaultJob,Default,Default,Default,Default,Default,Default,Default,Default,Default,Default,Default,Default,Default,Default,Default,Default,Default,Default,Default,Default,Default,Default,Default,Default,Default,Default,Default,Default,Default,Default,Default,Default,Default,Default,Default,Default,Default,Default,Default,Default,Default,DefaultJob,DocumentCount=100000,1,Workload,Actual,13,824290213,33554432,24.57,0,0,0,0
SearcherManagerBenchmarks.'LeanCorpus acquire and release',Rowles.LeanCorpus.Benchmarks,SearcherManagerBenchmarks,'LeanCorpus acquire and release',DefaultJob,Default,Default,Default,Default,Default,Default,Default,Default,Default,Default,Default,Default,Default,Default,Default,Default,Default,Default,Default,Default,Default,Default,Default,Default,Default,Default,Default,Default,Default,Default,Default,Default,Default,Default,Default,Default,Default,Default,Default,Default,Default,DefaultJob,DocumentCount=100000,1,Workload,Actual,14,825043602,33554432,24.59,0,0,0,0
SearcherManagerBenchmarks.'LeanCorpus acquire and release',Rowles.LeanCorpus.Benchmarks,SearcherManagerBenchmarks,'LeanCorpus acquire and release',DefaultJob,Default,Default,Default,Default,Default,Default,Default,Default,Default,Default,Default,Default,Default,Default,Default,Default,Default,Default,Default,Default,Default,Default,Default,Default,Default,Default,Default,Default,Default,Default,Default,Default,Default,Default,Default,Default,Default,Default,Default,Default,Default,DefaultJob,DocumentCount=100000,1,Workload,Actual,15,823919050,33554432,24.55,0,0,0,0
SearcherManagerBenchmarks.'LeanCorpus acquire and release',Rowles.LeanCorpus.Benchmarks,SearcherManagerBenchmarks,'LeanCorpus acquire and release',DefaultJob,Default,Default,Default,Default,Default,Default,Default,Default,Default,Default,Default,Default,Default,Default,Default,Default,Default,Default,Default,Default,Default,Default,Default,Default,Default,Default,Default,Default,Default,Default,Default,Default,Default,Default,Default,Default,Default,Default,Default,Default,Default,DefaultJob,DocumentCount=100000,1,Workload,Extra,1,828857404,33554432,24.7,0,0,0,0
SearcherManagerBenchmarks.'LeanCorpus acquire and release',Rowles.LeanCorpus.Benchmarks,SearcherManagerBenchmarks,'LeanCorpus acquire and release',DefaultJob,Default,Default,Default,Default,Default,Default,Default,Default,Default,Default,Default,Default,Default,Default,Default,Default,Default,Default,Default,Default,Default,Default,Default,Default,Default,Default,Default,Default,Default,Default,Default,Default,Default,Default,Default,Default,Default,Default,Default,Default,Default,DefaultJob,DocumentCount=100000,1,Workload,Result,1,834090817,33554432,24.86,0,0,0,0
SearcherManagerBenchmarks.'LeanCorpus acquire and release',Rowles.LeanCorpus.Benchmarks,SearcherManagerBenchmarks,'LeanCorpus acquire and release',DefaultJob,Default,Default,Default,Default,Default,Default,Default,Default,Default,Default,Default,Default,Default,Default,Default,Default,Default,Default,Default,Default,Default,Default,Default,Default,Default,Default,Default,Default,Default,Default,Default,Default,Default,Default,Default,Default,Default,Default,Default,Default,Default,DefaultJob,DocumentCount=100000,1,Workload,Result,2,836635806,33554432,24.93,0,0,0,0
SearcherManagerBenchmarks.'LeanCorpus acquire and release',Rowles.LeanCorpus.Benchmarks,SearcherManagerBenchmarks,'LeanCorpus acquire and release',DefaultJob,Default,Default,Default,Default,Default,Default,Default,Default,Default,Default,Default,Default,Default,Default,Default,Default,Default,Default,Default,Default,Default,Default,Default,Default,Default,Default,Default,Default,Default,Default,Default,Default,Default,Default,Default,Default,Default,Default,Default,Default,Default,DefaultJob,DocumentCount=100000,1,Workload,Result,3,838318905,33554432,24.98,0,0,0,0
SearcherManagerBenchmarks.'LeanCorpus acquire and release',Rowles.LeanCorpus.Benchmarks,SearcherManagerBenchmarks,'LeanCorpus acquire and release',DefaultJob,Default,Default,Default,Default,Default,Default,Default,Default,Default,Default,Default,Default,Default,Default,Default,Default,Default,Default,Default,Default,Default,Default,Default,Default,Default,Default,Default,Default,Default,Default,Default,Default,Default,Default,Default,Default,Default,Default,Default,Default,Default,DefaultJob,DocumentCount=100000,1,Workload,Result,4,834352091,33554432,24.87,0,0,0,0
SearcherManagerBenchmarks.'LeanCorpus acquire and release',Rowles.LeanCorpus.Benchmarks,SearcherManagerBenchmarks,'LeanCorpus acquire and release',DefaultJob,Default,Default,Default,Default,Default,Default,Default,Default,Default,Default,Default,Default,Default,Default,Default,Default,Default,Default,Default,Default,Default,Default,Default,Default,Default,Default,Default,Default,Default,Default,Default,Default,Default,Default,Default,Default,Default,Default,Default,Default,Default,DefaultJob,DocumentCount=100000,1,Workload,Result,5,833163381,33554432,24.83,0,0,0,0
SearcherManagerBenchmarks.'LeanCorpus acquire and release',Rowles.LeanCorpus.Benchmarks,SearcherManagerBenchmarks,'LeanCorpus acquire and release',DefaultJob,Default,Default,Default,Default,Default,Default,Default,Default,Default,Default,Default,Default,Default,Default,Default,Default,Default,Default,Default,Default,Default,Default,Default,Default,Default,Default,Default,Default,Default,Default,Default,Default,Default,Default,Default,Default,Default,Default,Default,Default,Default,DefaultJob,DocumentCount=100000,1,Workload,Result,6,825841206,33554432,24.61,0,0,0,0
SearcherManagerBenchmarks.'LeanCorpus acquire and release',Rowles.LeanCorpus.Benchmarks,SearcherManagerBenchmarks,'LeanCorpus acquire and release',DefaultJob,Default,Default,Default,Default,Default,Default,Default,Default,Default,Default,Default,Default,Default,Default,Default,Default,Default,Default,Default,Default,Default,Default,Default,Default,Default,Default,Default,Default,Default,Default,Default,Default,Default,Default,Default,Default,Default,Default,Default,Default,Default,DefaultJob,DocumentCount=100000,1,Workload,Result,7,825114742,33554432,24.59,0,0,0,0
SearcherManagerBenchmarks.'LeanCorpus acquire and release',Rowles.LeanCorpus.Benchmarks,SearcherManagerBenchmarks,'LeanCorpus acquire and release',DefaultJob,Default,Default,Default,Default,Default,Default,Default,Default,Default,Default,Default,Default,Default,Default,Default,Default,Default,Default,Default,Default,Default,Default,Default,Default,Default,Default,Default,Default,Default,Default,Default,Default,Default,Default,Default,Default,Default,Default,Default,Default,Default,DefaultJob,DocumentCount=100000,1,Workload,Result,8,834822240,33554432,24.88,0,0,0,0
SearcherManagerBenchmarks.'LeanCorpus acquire and release',Rowles.LeanCorpus.Benchmarks,SearcherManagerBenchmarks,'LeanCorpus acquire and release',DefaultJob,Default,Default,Default,Default,Default,Default,Default,Default,Default,Default,Default,Default,Default,Default,Default,Default,Default,Default,Default,Default,Default,Default,Default,Default,Default,Default,Default,Default,Default,Default,Default,Default,Default,Default,Default,Default,Default,Default,Default,Default,Default,DefaultJob,DocumentCount=100000,1,Workload,Result,9,829365049,33554432,24.72,0,0,0,0
SearcherManagerBenchmarks.'LeanCorpus acquire and release',Rowles.LeanCorpus.Benchmarks,SearcherManagerBenchmarks,'LeanCorpus acquire and release',DefaultJob,Default,Default,Default,Default,Default,Default,Default,Default,Default,Default,Default,Default,Default,Default,Default,Default,Default,Default,Default,Default,Default,Default,Default,Default,Default,Default,Default,Default,Default,Default,Default,Default,Default,Default,Default,Default,Default,Default,Default,Default,Default,DefaultJob,DocumentCount=100000,1,Workload,Result,10,834758580,33554432,24.88,0,0,0,0
SearcherManagerBenchmarks.'LeanCorpus acquire and release',Rowles.LeanCorpus.Benchmarks,SearcherManagerBenchmarks,'LeanCorpus acquire and release',DefaultJob,Default,Default,Default,Default,Default,Default,Default,Default,Default,Default,Default,Default,Default,Default,Default,Default,Default,Default,Default,Default,Default,Default,Default,Default,Default,Default,Default,Default,Default,Default,Default,Default,Default,Default,Default,Default,Default,Default,Default,Default,Default,DefaultJob,DocumentCount=100000,1,Workload,Result,11,828307506,33554432,24.69,0,0,0,0
SearcherManagerBenchmarks.'LeanCorpus acquire and release',Rowles.LeanCorpus.Benchmarks,SearcherManagerBenchmarks,'LeanCorpus acquire and release',DefaultJob,Default,Default,Default,Default,Default,Default,Default,Default,Default,Default,Default,Default,Default,Default,Default,Default,Default,Default,Default,Default,Default,Default,Default,Default,Default,Default,Default,Default,Default,Default,Default,Default,Default,Default,Default,Default,Default,Default,Default,Default,Default,DefaultJob,DocumentCount=100000,1,Workload,Result,12,825400101,33554432,24.6,0,0,0,0
SearcherManagerBenchmarks.'LeanCorpus acquire and release',Rowles.LeanCorpus.Benchmarks,SearcherManagerBenchmarks,'LeanCorpus acquire and release',DefaultJob,Default,Default,Default,Default,Default,Default,Default,Default,Default,Default,Default,Default,Default,Default,Default,Default,Default,Default,Default,Default,Default,Default,Default,Default,Default,Default,Default,Default,Default,Default,Default,Default,Default,Default,Default,Default,Default,Default,Default,Default,Default,DefaultJob,DocumentCount=100000,1,Workload,Result,13,824290213,33554432,24.57,0,0,0,0
SearcherManagerBenchmarks.'LeanCorpus acquire and release',Rowles.LeanCorpus.Benchmarks,SearcherManagerBenchmarks,'LeanCorpus acquire and release',DefaultJob,Default,Default,Default,Default,Default,Default,Default,Default,Default,Default,Default,Default,Default,Default,Default,Default,Default,Default,Default,Default,Default,Default,Default,Default,Default,Default,Default,Default,Default,Default,Default,Default,Default,Default,Default,Default,Default,Default,Default,Default,Default,DefaultJob,DocumentCount=100000,1,Workload,Result,14,825043602,33554432,24.59,0,0,0,0
SearcherManagerBenchmarks.'LeanCorpus acquire and release',Rowles.LeanCorpus.Benchmarks,SearcherManagerBenchmarks,'LeanCorpus acquire and release',DefaultJob,Default,Default,Default,Default,Default,Default,Default,Default,Default,Default,Default,Default,Default,Default,Default,Default,Default,Default,Default,Default,Default,Default,Default,Default,Default,Default,Default,Default,Default,Default,Default,Default,Default,Default,Default,Default,Default,Default,Default,Default,Default,DefaultJob,DocumentCount=100000,1,Workload,Result,15,823919050,33554432,24.55,0,0,0,0
SearcherManagerBenchmarks.'LeanCorpus lease acquire and release',Rowles.LeanCorpus.Benchmarks,SearcherManagerBenchmarks,'LeanCorpus lease acquire and release',DefaultJob,Default,Default,Default,Default,Default,Default,Default,Default,Default,Default,Default,Default,Default,Default,Default,Default,Default,Default,Default,Default,Default,Default,Default,Default,Default,Default,Default,Default,Default,Default,Default,Default,Default,Default,Default,Default,Default,Default,Default,Default,Default,DefaultJob,DocumentCount=100000,1,Workload,Jitting,1,711915,1,711915,256,0,0,64
SearcherManagerBenchmarks.'LeanCorpus lease acquire and release',Rowles.LeanCorpus.Benchmarks,SearcherManagerBenchmarks,'LeanCorpus lease acquire and release',DefaultJob,Default,Default,Default,Default,Default,Default,Default,Default,Default,Default,Default,Default,Default,Default,Default,Default,Default,Default,Default,Default,Default,Default,Default,Default,Default,Default,Default,Default,Default,Default,Default,Default,Default,Default,Default,Default,Default,Default,Default,Default,Default,DefaultJob,DocumentCount=100000,1,Workload,Jitting,2,18298,30,609.93,256,0,0,64
SearcherManagerBenchmarks.'LeanCorpus lease acquire and release',Rowles.LeanCorpus.Benchmarks,SearcherManagerBenchmarks,'LeanCorpus lease acquire and release',DefaultJob,Default,Default,Default,Default,Default,Default,Default,Default,Default,Default,Default,Default,Default,Default,Default,Default,Default,Default,Default,Default,Default,Default,Default,Default,Default,Default,Default,Default,Default,Default,Default,Default,Default,Default,Default,Default,Default,Default,Default,Default,Default,DefaultJob,DocumentCount=100000,1,Workload,Jitting,3,21703,30,723.43,256,0,0,64
SearcherManagerBenchmarks.'LeanCorpus lease acquire and release',Rowles.LeanCorpus.Benchmarks,SearcherManagerBenchmarks,'LeanCorpus lease acquire and release',DefaultJob,Default,Default,Default,Default,Default,Default,Default,Default,Default,Default,Default,Default,Default,Default,Default,Default,Default,Default,Default,Default,Default,Default,Default,Default,Default,Default,Default,Default,Default,Default,Default,Default,Default,Default,Default,Default,Default,Default,Default,Default,Default,DefaultJob,DocumentCount=100000,1,Workload,Jitting,4,16303,30,543.43,256,0,0,64
SearcherManagerBenchmarks.'LeanCorpus lease acquire and release',Rowles.LeanCorpus.Benchmarks,SearcherManagerBenchmarks,'LeanCorpus lease acquire and release',DefaultJob,Default,Default,Default,Default,Default,Default,Default,Default,Default,Default,Default,Default,Default,Default,Default,Default,Default,Default,Default,Default,Default,Default,Default,Default,Default,Default,Default,Default,Default,Default,Default,Default,Default,Default,Default,Default,Default,Default,Default,Default,Default,DefaultJob,DocumentCount=100000,1,Workload,Jitting,5,3634,1,3634,256,0,0,64
SearcherManagerBenchmarks.'LeanCorpus lease acquire and release',Rowles.LeanCorpus.Benchmarks,SearcherManagerBenchmarks,'LeanCorpus lease acquire and release',DefaultJob,Default,Default,Default,Default,Default,Default,Default,Default,Default,Default,Default,Default,Default,Default,Default,Default,Default,Default,Default,Default,Default,Default,Default,Default,Default,Default,Default,Default,Default,Default,Default,Default,Default,Default,Default,Default,Default,Default,Default,Default,Default,DefaultJob,DocumentCount=100000,1,Workload,Pilot,1,3608,1,3608,256,0,0,64
SearcherManagerBenchmarks.'LeanCorpus lease acquire and release',Rowles.LeanCorpus.Benchmarks,SearcherManagerBenchmarks,'LeanCorpus lease acquire and release',DefaultJob,Default,Default,Default,Default,Default,Default,Default,Default,Default,Default,Default,Default,Default,Default,Default,Default,Default,Default,Default,Default,Default,Default,Default,Default,Default,Default,Default,Default,Default,Default,Default,Default,Default,Default,Default,Default,Default,Default,Default,Default,Default,DefaultJob,DocumentCount=100000,1,Workload,Pilot,1,37198,16,2324.88,256,0,0,64
SearcherManagerBenchmarks.'LeanCorpus lease acquire and release',Rowles.LeanCorpus.Benchmarks,SearcherManagerBenchmarks,'LeanCorpus lease acquire and release',DefaultJob,Default,Default,Default,Default,Default,Default,Default,Default,Default,Default,Default,Default,Default,Default,Default,Default,Default,Default,Default,Default,Default,Default,Default,Default,Default,Default,Default,Default,Default,Default,Default,Default,Default,Default,Default,Default,Default,Default,Default,Default,Default,DefaultJob,DocumentCount=100000,1,Workload,Pilot,2,5571,32,174.09,256,0,0,64
SearcherManagerBenchmarks.'LeanCorpus lease acquire and release',Rowles.LeanCorpus.Benchmarks,SearcherManagerBenchmarks,'LeanCorpus lease acquire and release',DefaultJob,Default,Default,Default,Default,Default,Default,Default,Default,Default,Default,Default,Default,Default,Default,Default,Default,Default,Default,Default,Default,Default,Default,Default,Default,Default,Default,Default,Default,Default,Default,Default,Default,Default,Default,Default,Default,Default,Default,Default,Default,Default,DefaultJob,DocumentCount=100000,1,Workload,Pilot,3,35384,64,552.88,256,0,0,64
SearcherManagerBenchmarks.'LeanCorpus lease acquire and release',Rowles.LeanCorpus.Benchmarks,SearcherManagerBenchmarks,'LeanCorpus lease acquire and release',DefaultJob,Default,Default,Default,Default,Default,Default,Default,Default,Default,Default,Default,Default,Default,Default,Default,Default,Default,Default,Default,Default,Default,Default,Default,Default,Default,Default,Default,Default,Default,Default,Default,Default,Default,Default,Default,Default,Default,Default,Default,Default,Default,DefaultJob,DocumentCount=100000,1,Workload,Pilot,4,39061,128,305.16,256,0,0,64
SearcherManagerBenchmarks.'LeanCorpus lease acquire and release',Rowles.LeanCorpus.Benchmarks,SearcherManagerBenchmarks,'LeanCorpus lease acquire and release',DefaultJob,Default,Default,Default,Default,Default,Default,Default,Default,Default,Default,Default,Default,Default,Default,Default,Default,Default,Default,Default,Default,Default,Default,Default,Default,Default,Default,Default,Default,Default,Default,Default,Default,Default,Default,Default,Default,Default,Default,Default,Default,Default,DefaultJob,DocumentCount=100000,1,Workload,Pilot,5,58392,256,228.09,256,0,0,64
SearcherManagerBenchmarks.'LeanCorpus lease acquire and release',Rowles.LeanCorpus.Benchmarks,SearcherManagerBenchmarks,'LeanCorpus lease acquire and release',DefaultJob,Default,Default,Default,Default,Default,Default,Default,Default,Default,Default,Default,Default,Default,Default,Default,Default,Default,Default,Default,Default,Default,Default,Default,Default,Default,Default,Default,Default,Default,Default,Default,Default,Default,Default,Default,Default,Default,Default,Default,Default,Default,DefaultJob,DocumentCount=100000,1,Workload,Pilot,6,94313,512,184.21,256,0,0,64
SearcherManagerBenchmarks.'LeanCorpus lease acquire and release',Rowles.LeanCorpus.Benchmarks,SearcherManagerBenchmarks,'LeanCorpus lease acquire and release',DefaultJob,Default,Default,Default,Default,Default,Default,Default,Default,Default,Default,Default,Default,Default,Default,Default,Default,Default,Default,Default,Default,Default,Default,Default,Default,Default,Default,Default,Default,Default,Default,Default,Default,Default,Default,Default,Default,Default,Default,Default,Default,Default,DefaultJob,DocumentCount=100000,1,Workload,Pilot,7,150485,1024,146.96,256,0,0,64
SearcherManagerBenchmarks.'LeanCorpus lease acquire and release',Rowles.LeanCorpus.Benchmarks,SearcherManagerBenchmarks,'LeanCorpus lease acquire and release',DefaultJob,Default,Default,Default,Default,Default,Default,Default,Default,Default,Default,Default,Default,Default,Default,Default,Default,Default,Default,Default,Default,Default,Default,Default,Default,Default,Default,Default,Default,Default,Default,Default,Default,Default,Default,Default,Default,Default,Default,Default,Default,Default,DefaultJob,DocumentCount=100000,1,Workload,Pilot,8,412348,2048,201.34,256,0,0,64
SearcherManagerBenchmarks.'LeanCorpus lease acquire and release',Rowles.LeanCorpus.Benchmarks,SearcherManagerBenchmarks,'LeanCorpus lease acquire and release',DefaultJob,Default,Default,Default,Default,Default,Default,Default,Default,Default,Default,Default,Default,Default,Default,Default,Default,Default,Default,Default,Default,Default,Default,Default,Default,Default,Default,Default,Default,Default,Default,Default,Default,Default,Default,Default,Default,Default,Default,Default,Default,Default,DefaultJob,DocumentCount=100000,1,Workload,Pilot,9,518865,4096,126.68,256,0,0,64
SearcherManagerBenchmarks.'LeanCorpus lease acquire and release',Rowles.LeanCorpus.Benchmarks,SearcherManagerBenchmarks,'LeanCorpus lease acquire and release',DefaultJob,Default,Default,Default,Default,Default,Default,Default,Default,Default,Default,Default,Default,Default,Default,Default,Default,Default,Default,Default,Default,Default,Default,Default,Default,Default,Default,Default,Default,Default,Default,Default,Default,Default,Default,Default,Default,Default,Default,Default,Default,Default,DefaultJob,DocumentCount=100000,1,Workload,Pilot,10,1016651,8192,124.1,256,0,0,64
SearcherManagerBenchmarks.'LeanCorpus lease acquire and release',Rowles.LeanCorpus.Benchmarks,SearcherManagerBenchmarks,'LeanCorpus lease acquire and release',DefaultJob,Default,Default,Default,Default,Default,Default,Default,Default,Default,Default,Default,Default,Default,Default,Default,Default,Default,Default,Default,Default,Default,Default,Default,Default,Default,Default,Default,Default,Default,Default,Default,Default,Default,Default,Default,Default,Default,Default,Default,Default,Default,DefaultJob,DocumentCount=100000,1,Workload,Pilot,11,1444763,16384,88.18,256,0,0,64
SearcherManagerBenchmarks.'LeanCorpus lease acquire and release',Rowles.LeanCorpus.Benchmarks,SearcherManagerBenchmarks,'LeanCorpus lease acquire and release',DefaultJob,Default,Default,Default,Default,Default,Default,Default,Default,Default,Default,Default,Default,Default,Default,Default,Default,Default,Default,Default,Default,Default,Default,Default,Default,Default,Default,Default,Default,Default,Default,Default,Default,Default,Default,Default,Default,Default,Default,Default,Default,Default,DefaultJob,DocumentCount=100000,1,Workload,Pilot,12,2505112,32768,76.45,256,0,0,64
SearcherManagerBenchmarks.'LeanCorpus lease acquire and release',Rowles.LeanCorpus.Benchmarks,SearcherManagerBenchmarks,'LeanCorpus lease acquire and release',DefaultJob,Default,Default,Default,Default,Default,Default,Default,Default,Default,Default,Default,Default,Default,Default,Default,Default,Default,Default,Default,Default,Default,Default,Default,Default,Default,Default,Default,Default,Default,Default,Default,Default,Default,Default,Default,Default,Default,Default,Default,Default,Default,DefaultJob,DocumentCount=100000,1,Workload,Pilot,13,5532500,65536,84.42,256,0,0,64
SearcherManagerBenchmarks.'LeanCorpus lease acquire and release',Rowles.LeanCorpus.Benchmarks,SearcherManagerBenchmarks,'LeanCorpus lease acquire and release',DefaultJob,Default,Default,Default,Default,Default,Default,Default,Default,Default,Default,Default,Default,Default,Default,Default,Default,Default,Default,Default,Default,Default,Default,Default,Default,Default,Default,Default,Default,Default,Default,Default,Default,Default,Default,Default,Default,Default,Default,Default,Default,Default,DefaultJob,DocumentCount=100000,1,Workload,Pilot,14,7805024,131072,59.55,256,0,0,64
SearcherManagerBenchmarks.'LeanCorpus lease acquire and release',Rowles.LeanCorpus.Benchmarks,SearcherManagerBenchmarks,'LeanCorpus lease acquire and release',DefaultJob,Default,Default,Default,Default,Default,Default,Default,Default,Default,Default,Default,Default,Default,Default,Default,Default,Default,Default,Default,Default,Default,Default,Default,Default,Default,Default,Default,Default,Default,Default,Default,Default,Default,Default,Default,Default,Default,Default,Default,Default,Default,DefaultJob,DocumentCount=100000,1,Workload,Pilot,15,11342601,262144,43.27,256,0,0,64
SearcherManagerBenchmarks.'LeanCorpus lease acquire and release',Rowles.LeanCorpus.Benchmarks,SearcherManagerBenchmarks,'LeanCorpus lease acquire and release',DefaultJob,Default,Default,Default,Default,Default,Default,Default,Default,Default,Default,Default,Default,Default,Default,Default,Default,Default,Default,Default,Default,Default,Default,Default,Default,Default,Default,Default,Default,Default,Default,Default,Default,Default,Default,Default,Default,Default,Default,Default,Default,Default,DefaultJob,DocumentCount=100000,1,Workload,Pilot,16,21900876,524288,41.77,256,0,0,64
SearcherManagerBenchmarks.'LeanCorpus lease acquire and release',Rowles.LeanCorpus.Benchmarks,SearcherManagerBenchmarks,'LeanCorpus lease acquire and release',DefaultJob,Default,Default,Default,Default,Default,Default,Default,Default,Default,Default,Default,Default,Default,Default,Default,Default,Default,Default,Default,Default,Default,Default,Default,Default,Default,Default,Default,Default,Default,Default,Default,Default,Default,Default,Default,Default,Default,Default,Default,Default,Default,DefaultJob,DocumentCount=100000,1,Workload,Pilot,17,34360420,1048576,32.77,256,0,0,64
SearcherManagerBenchmarks.'LeanCorpus lease acquire and release',Rowles.LeanCorpus.Benchmarks,SearcherManagerBenchmarks,'LeanCorpus lease acquire and release',DefaultJob,Default,Default,Default,Default,Default,Default,Default,Default,Default,Default,Default,Default,Default,Default,Default,Default,Default,Default,Default,Default,Default,Default,Default,Default,Default,Default,Default,Default,Default,Default,Default,Default,Default,Default,Default,Default,Default,Default,Default,Default,Default,DefaultJob,DocumentCount=100000,1,Workload,Pilot,18,65595113,2097152,31.28,256,0,0,64
SearcherManagerBenchmarks.'LeanCorpus lease acquire and release',Rowles.LeanCorpus.Benchmarks,SearcherManagerBenchmarks,'LeanCorpus lease acquire and release',DefaultJob,Default,Default,Default,Default,Default,Default,Default,Default,Default,Default,Default,Default,Default,Default,Default,Default,Default,Default,Default,Default,Default,Default,Default,Default,Default,Default,Default,Default,Default,Default,Default,Default,Default,Default,Default,Default,Default,Default,Default,Default,Default,DefaultJob,DocumentCount=100000,1,Workload,Pilot,19,127767014,4194304,30.46,256,0,0,64
SearcherManagerBenchmarks.'LeanCorpus lease acquire and release',Rowles.LeanCorpus.Benchmarks,SearcherManagerBenchmarks,'LeanCorpus lease acquire and release',DefaultJob,Default,Default,Default,Default,Default,Default,Default,Default,Default,Default,Default,Default,Default,Default,Default,Default,Default,Default,Default,Default,Default,Default,Default,Default,Default,Default,Default,Default,Default,Default,Default,Default,Default,Default,Default,Default,Default,Default,Default,Default,Default,DefaultJob,DocumentCount=100000,1,Workload,Pilot,20,253895997,8388608,30.27,256,0,0,64
SearcherManagerBenchmarks.'LeanCorpus lease acquire and release',Rowles.LeanCorpus.Benchmarks,SearcherManagerBenchmarks,'LeanCorpus lease acquire and release',DefaultJob,Default,Default,Default,Default,Default,Default,Default,Default,Default,Default,Default,Default,Default,Default,Default,Default,Default,Default,Default,Default,Default,Default,Default,Default,Default,Default,Default,Default,Default,Default,Default,Default,Default,Default,Default,Default,Default,Default,Default,Default,Default,DefaultJob,DocumentCount=100000,1,Workload,Pilot,21,508139299,16777216,30.29,256,0,0,64
SearcherManagerBenchmarks.'LeanCorpus lease acquire and release',Rowles.LeanCorpus.Benchmarks,SearcherManagerBenchmarks,'LeanCorpus lease acquire and release',DefaultJob,Default,Default,Default,Default,Default,Default,Default,Default,Default,Default,Default,Default,Default,Default,Default,Default,Default,Default,Default,Default,Default,Default,Default,Default,Default,Default,Default,Default,Default,Default,Default,Default,Default,Default,Default,Default,Default,Default,Default,Default,Default,DefaultJob,DocumentCount=100000,1,Workload,Warmup,1,507089645,16777216,30.22,256,0,0,64
SearcherManagerBenchmarks.'LeanCorpus lease acquire and release',Rowles.LeanCorpus.Benchmarks,SearcherManagerBenchmarks,'LeanCorpus lease acquire and release',DefaultJob,Default,Default,Default,Default,Default,Default,Default,Default,Default,Default,Default,Default,Default,Default,Default,Default,Default,Default,Default,Default,Default,Default,Default,Default,Default,Default,Default,Default,Default,Default,Default,Default,Default,Default,Default,Default,Default,Default,Default,Default,Default,DefaultJob,DocumentCount=100000,1,Workload,Warmup,2,507914921,16777216,30.27,256,0,0,64
SearcherManagerBenchmarks.'LeanCorpus lease acquire and release',Rowles.LeanCorpus.Benchmarks,SearcherManagerBenchmarks,'LeanCorpus lease acquire and release',DefaultJob,Default,Default,Default,Default,Default,Default,Default,Default,Default,Default,Default,Default,Default,Default,Default,Default,Default,Default,Default,Default,Default,Default,Default,Default,Default,Default,Default,Default,Default,Default,Default,Default,Default,Default,Default,Default,Default,Default,Default,Default,Default,DefaultJob,DocumentCount=100000,1,Workload,Warmup,3,512498735,16777216,30.55,256,0,0,64
SearcherManagerBenchmarks.'LeanCorpus lease acquire and release',Rowles.LeanCorpus.Benchmarks,SearcherManagerBenchmarks,'LeanCorpus lease acquire and release',DefaultJob,Default,Default,Default,Default,Default,Default,Default,Default,Default,Default,Default,Default,Default,Default,Default,Default,Default,Default,Default,Default,Default,Default,Default,Default,Default,Default,Default,Default,Default,Default,Default,Default,Default,Default,Default,Default,Default,Default,Default,Default,Default,DefaultJob,DocumentCount=100000,1,Workload,Warmup,4,506768239,16777216,30.21,256,0,0,64
SearcherManagerBenchmarks.'LeanCorpus lease acquire and release',Rowles.LeanCorpus.Benchmarks,SearcherManagerBenchmarks,'LeanCorpus lease acquire and release',DefaultJob,Default,Default,Default,Default,Default,Default,Default,Default,Default,Default,Default,Default,Default,Default,Default,Default,Default,Default,Default,Default,Default,Default,Default,Default,Default,Default,Default,Default,Default,Default,Default,Default,Default,Default,Default,Default,Default,Default,Default,Default,Default,DefaultJob,DocumentCount=100000,1,Workload,Warmup,5,501530913,16777216,29.89,256,0,0,64
SearcherManagerBenchmarks.'LeanCorpus lease acquire and release',Rowles.LeanCorpus.Benchmarks,SearcherManagerBenchmarks,'LeanCorpus lease acquire and release',DefaultJob,Default,Default,Default,Default,Default,Default,Default,Default,Default,Default,Default,Default,Default,Default,Default,Default,Default,Default,Default,Default,Default,Default,Default,Default,Default,Default,Default,Default,Default,Default,Default,Default,Default,Default,Default,Default,Default,Default,Default,Default,Default,DefaultJob,DocumentCount=100000,1,Workload,Warmup,6,500539969,16777216,29.83,256,0,0,64
SearcherManagerBenchmarks.'LeanCorpus lease acquire and release',Rowles.LeanCorpus.Benchmarks,SearcherManagerBenchmarks,'LeanCorpus lease acquire and release',DefaultJob,Default,Default,Default,Default,Default,Default,Default,Default,Default,Default,Default,Default,Default,Default,Default,Default,Default,Default,Default,Default,Default,Default,Default,Default,Default,Default,Default,Default,Default,Default,Default,Default,Default,Default,Default,Default,Default,Default,Default,Default,Default,DefaultJob,DocumentCount=100000,1,Workload,Warmup,7,504911878,16777216,30.1,256,0,0,64
SearcherManagerBenchmarks.'LeanCorpus lease acquire and release',Rowles.LeanCorpus.Benchmarks,SearcherManagerBenchmarks,'LeanCorpus lease acquire and release',DefaultJob,Default,Default,Default,Default,Default,Default,Default,Default,Default,Default,Default,Default,Default,Default,Default,Default,Default,Default,Default,Default,Default,Default,Default,Default,Default,Default,Default,Default,Default,Default,Default,Default,Default,Default,Default,Default,Default,Default,Default,Default,Default,DefaultJob,DocumentCount=100000,1,Workload,Warmup,8,506913299,16777216,30.21,256,0,0,64
SearcherManagerBenchmarks.'LeanCorpus lease acquire and release',Rowles.LeanCorpus.Benchmarks,SearcherManagerBenchmarks,'LeanCorpus lease acquire and release',DefaultJob,Default,Default,Default,Default,Default,Default,Default,Default,Default,Default,Default,Default,Default,Default,Default,Default,Default,Default,Default,Default,Default,Default,Default,Default,Default,Default,Default,Default,Default,Default,Default,Default,Default,Default,Default,Default,Default,Default,Default,Default,Default,DefaultJob,DocumentCount=100000,1,Workload,Warmup,9,507069858,16777216,30.22,256,0,0,64
SearcherManagerBenchmarks.'LeanCorpus lease acquire and release',Rowles.LeanCorpus.Benchmarks,SearcherManagerBenchmarks,'LeanCorpus lease acquire and release',DefaultJob,Default,Default,Default,Default,Default,Default,Default,Default,Default,Default,Default,Default,Default,Default,Default,Default,Default,Default,Default,Default,Default,Default,Default,Default,Default,Default,Default,Default,Default,Default,Default,Default,Default,Default,Default,Default,Default,Default,Default,Default,Default,DefaultJob,DocumentCount=100000,1,Workload,Warmup,10,508626827,16777216,30.32,256,0,0,64
SearcherManagerBenchmarks.'LeanCorpus lease acquire and release',Rowles.LeanCorpus.Benchmarks,SearcherManagerBenchmarks,'LeanCorpus lease acquire and release',DefaultJob,Default,Default,Default,Default,Default,Default,Default,Default,Default,Default,Default,Default,Default,Default,Default,Default,Default,Default,Default,Default,Default,Default,Default,Default,Default,Default,Default,Default,Default,Default,Default,Default,Default,Default,Default,Default,Default,Default,Default,Default,Default,DefaultJob,DocumentCount=100000,1,Workload,Warmup,11,508118105,16777216,30.29,256,0,0,64
SearcherManagerBenchmarks.'LeanCorpus lease acquire and release',Rowles.LeanCorpus.Benchmarks,SearcherManagerBenchmarks,'LeanCorpus lease acquire and release',DefaultJob,Default,Default,Default,Default,Default,Default,Default,Default,Default,Default,Default,Default,Default,Default,Default,Default,Default,Default,Default,Default,Default,Default,Default,Default,Default,Default,Default,Default,Default,Default,Default,Default,Default,Default,Default,Default,Default,Default,Default,Default,Default,DefaultJob,DocumentCount=100000,1,Workload,Actual,1,508625859,16777216,30.32,256,0,0,64
SearcherManagerBenchmarks.'LeanCorpus lease acquire and release',Rowles.LeanCorpus.Benchmarks,SearcherManagerBenchmarks,'LeanCorpus lease acquire and release',DefaultJob,Default,Default,Default,Default,Default,Default,Default,Default,Default,Default,Default,Default,Default,Default,Default,Default,Default,Default,Default,Default,Default,Default,Default,Default,Default,Default,Default,Default,Default,Default,Default,Default,Default,Default,Default,Default,Default,Default,Default,Default,Default,DefaultJob,DocumentCount=100000,1,Workload,Actual,2,507007477,16777216,30.22,256,0,0,64
SearcherManagerBenchmarks.'LeanCorpus lease acquire and release',Rowles.LeanCorpus.Benchmarks,SearcherManagerBenchmarks,'LeanCorpus lease acquire and release',DefaultJob,Default,Default,Default,Default,Default,Default,Default,Default,Default,Default,Default,Default,Default,Default,Default,Default,Default,Default,Default,Default,Default,Default,Default,Default,Default,Default,Default,Default,Default,Default,Default,Default,Default,Default,Default,Default,Default,Default,Default,Default,Default,DefaultJob,DocumentCount=100000,1,Workload,Actual,3,507528099,16777216,30.25,256,0,0,64
SearcherManagerBenchmarks.'LeanCorpus lease acquire and release',Rowles.LeanCorpus.Benchmarks,SearcherManagerBenchmarks,'LeanCorpus lease acquire and release',DefaultJob,Default,Default,Default,Default,Default,Default,Default,Default,Default,Default,Default,Default,Default,Default,Default,Default,Default,Default,Default,Default,Default,Default,Default,Default,Default,Default,Default,Default,Default,Default,Default,Default,Default,Default,Default,Default,Default,Default,Default,Default,Default,DefaultJob,DocumentCount=100000,1,Workload,Actual,4,507690151,16777216,30.26,256,0,0,64
SearcherManagerBenchmarks.'LeanCorpus lease acquire and release',Rowles.LeanCorpus.Benchmarks,SearcherManagerBenchmarks,'LeanCorpus lease acquire and release',DefaultJob,Default,Default,Default,Default,Default,Default,Default,Default,Default,Default,Default,Default,Default,Default,Default,Default,Default,Default,Default,Default,Default,Default,Default,Default,Default,Default,Default,Default,Default,Default,Default,Default,Default,Default,Default,Default,Default,Default,Default,Default,Default,DefaultJob,DocumentCount=100000,1,Workload,Actual,5,508015382,16777216,30.28,256,0,0,64
SearcherManagerBenchmarks.'LeanCorpus lease acquire and release',Rowles.LeanCorpus.Benchmarks,SearcherManagerBenchmarks,'LeanCorpus lease acquire and release',DefaultJob,Default,Default,Default,Default,Default,Default,Default,Default,Default,Default,Default,Default,Default,Default,Default,Default,Default,Default,Default,Default,Default,Default,Default,Default,Default,Default,Default,Default,Default,Default,Default,Default,Default,Default,Default,Default,Default,Default,Default,Default,Default,DefaultJob,DocumentCount=100000,1,Workload,Actual,6,505686424,16777216,30.14,256,0,0,64
SearcherManagerBenchmarks.'LeanCorpus lease acquire and release',Rowles.LeanCorpus.Benchmarks,SearcherManagerBenchmarks,'LeanCorpus lease acquire and release',DefaultJob,Default,Default,Default,Default,Default,Default,Default,Default,Default,Default,Default,Default,Default,Default,Default,Default,Default,Default,Default,Default,Default,Default,Default,Default,Default,Default,Default,Default,Default,Default,Default,Default,Default,Default,Default,Default,Default,Default,Default,Default,Default,DefaultJob,DocumentCount=100000,1,Workload,Actual,7,504560947,16777216,30.07,256,0,0,64
SearcherManagerBenchmarks.'LeanCorpus lease acquire and release',Rowles.LeanCorpus.Benchmarks,SearcherManagerBenchmarks,'LeanCorpus lease acquire and release',DefaultJob,Default,Default,Default,Default,Default,Default,Default,Default,Default,Default,Default,Default,Default,Default,Default,Default,Default,Default,Default,Default,Default,Default,Default,Default,Default,Default,Default,Default,Default,Default,Default,Default,Default,Default,Default,Default,Default,Default,Default,Default,Default,DefaultJob,DocumentCount=100000,1,Workload,Actual,8,506808480,16777216,30.21,256,0,0,64
SearcherManagerBenchmarks.'LeanCorpus lease acquire and release',Rowles.LeanCorpus.Benchmarks,SearcherManagerBenchmarks,'LeanCorpus lease acquire and release',DefaultJob,Default,Default,Default,Default,Default,Default,Default,Default,Default,Default,Default,Default,Default,Default,Default,Default,Default,Default,Default,Default,Default,Default,Default,Default,Default,Default,Default,Default,Default,Default,Default,Default,Default,Default,Default,Default,Default,Default,Default,Default,Default,DefaultJob,DocumentCount=100000,1,Workload,Actual,9,509251368,16777216,30.35,256,0,0,64
SearcherManagerBenchmarks.'LeanCorpus lease acquire and release',Rowles.LeanCorpus.Benchmarks,SearcherManagerBenchmarks,'LeanCorpus lease acquire and release',DefaultJob,Default,Default,Default,Default,Default,Default,Default,Default,Default,Default,Default,Default,Default,Default,Default,Default,Default,Default,Default,Default,Default,Default,Default,Default,Default,Default,Default,Default,Default,Default,Default,Default,Default,Default,Default,Default,Default,Default,Default,Default,Default,DefaultJob,DocumentCount=100000,1,Workload,Actual,10,508131239,16777216,30.29,256,0,0,64
SearcherManagerBenchmarks.'LeanCorpus lease acquire and release',Rowles.LeanCorpus.Benchmarks,SearcherManagerBenchmarks,'LeanCorpus lease acquire and release',DefaultJob,Default,Default,Default,Default,Default,Default,Default,Default,Default,Default,Default,Default,Default,Default,Default,Default,Default,Default,Default,Default,Default,Default,Default,Default,Default,Default,Default,Default,Default,Default,Default,Default,Default,Default,Default,Default,Default,Default,Default,Default,Default,DefaultJob,DocumentCount=100000,1,Workload,Actual,11,508332824,16777216,30.3,256,0,0,64
SearcherManagerBenchmarks.'LeanCorpus lease acquire and release',Rowles.LeanCorpus.Benchmarks,SearcherManagerBenchmarks,'LeanCorpus lease acquire and release',DefaultJob,Default,Default,Default,Default,Default,Default,Default,Default,Default,Default,Default,Default,Default,Default,Default,Default,Default,Default,Default,Default,Default,Default,Default,Default,Default,Default,Default,Default,Default,Default,Default,Default,Default,Default,Default,Default,Default,Default,Default,Default,Default,DefaultJob,DocumentCount=100000,1,Workload,Actual,12,508502405,16777216,30.31,256,0,0,64
SearcherManagerBenchmarks.'LeanCorpus lease acquire and release',Rowles.LeanCorpus.Benchmarks,SearcherManagerBenchmarks,'LeanCorpus lease acquire and release',DefaultJob,Default,Default,Default,Default,Default,Default,Default,Default,Default,Default,Default,Default,Default,Default,Default,Default,Default,Default,Default,Default,Default,Default,Default,Default,Default,Default,Default,Default,Default,Default,Default,Default,Default,Default,Default,Default,Default,Default,Default,Default,Default,DefaultJob,DocumentCount=100000,1,Workload,Actual,13,508302234,16777216,30.3,256,0,0,64
SearcherManagerBenchmarks.'LeanCorpus lease acquire and release',Rowles.LeanCorpus.Benchmarks,SearcherManagerBenchmarks,'LeanCorpus lease acquire and release',DefaultJob,Default,Default,Default,Default,Default,Default,Default,Default,Default,Default,Default,Default,Default,Default,Default,Default,Default,Default,Default,Default,Default,Default,Default,Default,Default,Default,Default,Default,Default,Default,Default,Default,Default,Default,Default,Default,Default,Default,Default,Default,Default,DefaultJob,DocumentCount=100000,1,Workload,Actual,14,507296633,16777216,30.24,256,0,0,64
SearcherManagerBenchmarks.'LeanCorpus lease acquire and release',Rowles.LeanCorpus.Benchmarks,SearcherManagerBenchmarks,'LeanCorpus lease acquire and release',DefaultJob,Default,Default,Default,Default,Default,Default,Default,Default,Default,Default,Default,Default,Default,Default,Default,Default,Default,Default,Default,Default,Default,Default,Default,Default,Default,Default,Default,Default,Default,Default,Default,Default,Default,Default,Default,Default,Default,Default,Default,Default,Default,DefaultJob,DocumentCount=100000,1,Workload,Actual,15,507067501,16777216,30.22,256,0,0,64
SearcherManagerBenchmarks.'LeanCorpus lease acquire and release',Rowles.LeanCorpus.Benchmarks,SearcherManagerBenchmarks,'LeanCorpus lease acquire and release',DefaultJob,Default,Default,Default,Default,Default,Default,Default,Default,Default,Default,Default,Default,Default,Default,Default,Default,Default,Default,Default,Default,Default,Default,Default,Default,Default,Default,Default,Default,Default,Default,Default,Default,Default,Default,Default,Default,Default,Default,Default,Default,Default,DefaultJob,DocumentCount=100000,1,Workload,Extra,1,501614651,16777216,29.9,256,0,0,64
SearcherManagerBenchmarks.'LeanCorpus lease acquire and release',Rowles.LeanCorpus.Benchmarks,SearcherManagerBenchmarks,'LeanCorpus lease acquire and release',DefaultJob,Default,Default,Default,Default,Default,Default,Default,Default,Default,Default,Default,Default,Default,Default,Default,Default,Default,Default,Default,Default,Default,Default,Default,Default,Default,Default,Default,Default,Default,Default,Default,Default,Default,Default,Default,Default,Default,Default,Default,Default,Default,DefaultJob,DocumentCount=100000,1,Workload,Result,1,508625859,16777216,30.32,256,0,0,64
SearcherManagerBenchmarks.'LeanCorpus lease acquire and release',Rowles.LeanCorpus.Benchmarks,SearcherManagerBenchmarks,'LeanCorpus lease acquire and release',DefaultJob,Default,Default,Default,Default,Default,Default,Default,Default,Default,Default,Default,Default,Default,Default,Default,Default,Default,Default,Default,Default,Default,Default,Default,Default,Default,Default,Default,Default,Default,Default,Default,Default,Default,Default,Default,Default,Default,Default,Default,Default,Default,DefaultJob,DocumentCount=100000,1,Workload,Result,2,507007477,16777216,30.22,256,0,0,64
SearcherManagerBenchmarks.'LeanCorpus lease acquire and release',Rowles.LeanCorpus.Benchmarks,SearcherManagerBenchmarks,'LeanCorpus lease acquire and release',DefaultJob,Default,Default,Default,Default,Default,Default,Default,Default,Default,Default,Default,Default,Default,Default,Default,Default,Default,Default,Default,Default,Default,Default,Default,Default,Default,Default,Default,Default,Default,Default,Default,Default,Default,Default,Default,Default,Default,Default,Default,Default,Default,DefaultJob,DocumentCount=100000,1,Workload,Result,3,507528099,16777216,30.25,256,0,0,64
SearcherManagerBenchmarks.'LeanCorpus lease acquire and release',Rowles.LeanCorpus.Benchmarks,SearcherManagerBenchmarks,'LeanCorpus lease acquire and release',DefaultJob,Default,Default,Default,Default,Default,Default,Default,Default,Default,Default,Default,Default,Default,Default,Default,Default,Default,Default,Default,Default,Default,Default,Default,Default,Default,Default,Default,Default,Default,Default,Default,Default,Default,Default,Default,Default,Default,Default,Default,Default,Default,DefaultJob,DocumentCount=100000,1,Workload,Result,4,507690151,16777216,30.26,256,0,0,64
SearcherManagerBenchmarks.'LeanCorpus lease acquire and release',Rowles.LeanCorpus.Benchmarks,SearcherManagerBenchmarks,'LeanCorpus lease acquire and release',DefaultJob,Default,Default,Default,Default,Default,Default,Default,Default,Default,Default,Default,Default,Default,Default,Default,Default,Default,Default,Default,Default,Default,Default,Default,Default,Default,Default,Default,Default,Default,Default,Default,Default,Default,Default,Default,Default,Default,Default,Default,Default,Default,DefaultJob,DocumentCount=100000,1,Workload,Result,5,508015382,16777216,30.28,256,0,0,64
SearcherManagerBenchmarks.'LeanCorpus lease acquire and release',Rowles.LeanCorpus.Benchmarks,SearcherManagerBenchmarks,'LeanCorpus lease acquire and release',DefaultJob,Default,Default,Default,Default,Default,Default,Default,Default,Default,Default,Default,Default,Default,Default,Default,Default,Default,Default,Default,Default,Default,Default,Default,Default,Default,Default,Default,Default,Default,Default,Default,Default,Default,Default,Default,Default,Default,Default,Default,Default,Default,DefaultJob,DocumentCount=100000,1,Workload,Result,6,505686424,16777216,30.14,256,0,0,64
SearcherManagerBenchmarks.'LeanCorpus lease acquire and release',Rowles.LeanCorpus.Benchmarks,SearcherManagerBenchmarks,'LeanCorpus lease acquire and release',DefaultJob,Default,Default,Default,Default,Default,Default,Default,Default,Default,Default,Default,Default,Default,Default,Default,Default,Default,Default,Default,Default,Default,Default,Default,Default,Default,Default,Default,Default,Default,Default,Default,Default,Default,Default,Default,Default,Default,Default,Default,Default,Default,DefaultJob,DocumentCount=100000,1,Workload,Result,7,504560947,16777216,30.07,256,0,0,64
SearcherManagerBenchmarks.'LeanCorpus lease acquire and release',Rowles.LeanCorpus.Benchmarks,SearcherManagerBenchmarks,'LeanCorpus lease acquire and release',DefaultJob,Default,Default,Default,Default,Default,Default,Default,Default,Default,Default,Default,Default,Default,Default,Default,Default,Default,Default,Default,Default,Default,Default,Default,Default,Default,Default,Default,Default,Default,Default,Default,Default,Default,Default,Default,Default,Default,Default,Default,Default,Default,DefaultJob,DocumentCount=100000,1,Workload,Result,8,506808480,16777216,30.21,256,0,0,64
SearcherManagerBenchmarks.'LeanCorpus lease acquire and release',Rowles.LeanCorpus.Benchmarks,SearcherManagerBenchmarks,'LeanCorpus lease acquire and release',DefaultJob,Default,Default,Default,Default,Default,Default,Default,Default,Default,Default,Default,Default,Default,Default,Default,Default,Default,Default,Default,Default,Default,Default,Default,Default,Default,Default,Default,Default,Default,Default,Default,Default,Default,Default,Default,Default,Default,Default,Default,Default,Default,DefaultJob,DocumentCount=100000,1,Workload,Result,9,509251368,16777216,30.35,256,0,0,64
SearcherManagerBenchmarks.'LeanCorpus lease acquire and release',Rowles.LeanCorpus.Benchmarks,SearcherManagerBenchmarks,'LeanCorpus lease acquire and release',DefaultJob,Default,Default,Default,Default,Default,Default,Default,Default,Default,Default,Default,Default,Default,Default,Default,Default,Default,Default,Default,Default,Default,Default,Default,Default,Default,Default,Default,Default,Default,Default,Default,Default,Default,Default,Default,Default,Default,Default,Default,Default,Default,DefaultJob,DocumentCount=100000,1,Workload,Result,10,508131239,16777216,30.29,256,0,0,64
SearcherManagerBenchmarks.'LeanCorpus lease acquire and release',Rowles.LeanCorpus.Benchmarks,SearcherManagerBenchmarks,'LeanCorpus lease acquire and release',DefaultJob,Default,Default,Default,Default,Default,Default,Default,Default,Default,Default,Default,Default,Default,Default,Default,Default,Default,Default,Default,Default,Default,Default,Default,Default,Default,Default,Default,Default,Default,Default,Default,Default,Default,Default,Default,Default,Default,Default,Default,Default,Default,DefaultJob,DocumentCount=100000,1,Workload,Result,11,508332824,16777216,30.3,256,0,0,64
SearcherManagerBenchmarks.'LeanCorpus lease acquire and release',Rowles.LeanCorpus.Benchmarks,SearcherManagerBenchmarks,'LeanCorpus lease acquire and release',DefaultJob,Default,Default,Default,Default,Default,Default,Default,Default,Default,Default,Default,Default,Default,Default,Default,Default,Default,Default,Default,Default,Default,Default,Default,Default,Default,Default,Default,Default,Default,Default,Default,Default,Default,Default,Default,Default,Default,Default,Default,Default,Default,DefaultJob,DocumentCount=100000,1,Workload,Result,12,508502405,16777216,30.31,256,0,0,64
SearcherManagerBenchmarks.'LeanCorpus lease acquire and release',Rowles.LeanCorpus.Benchmarks,SearcherManagerBenchmarks,'LeanCorpus lease acquire and release',DefaultJob,Default,Default,Default,Default,Default,Default,Default,Default,Default,Default,Default,Default,Default,Default,Default,Default,Default,Default,Default,Default,Default,Default,Default,Default,Default,Default,Default,Default,Default,Default,Default,Default,Default,Default,Default,Default,Default,Default,Default,Default,Default,DefaultJob,DocumentCount=100000,1,Workload,Result,13,508302234,16777216,30.3,256,0,0,64
SearcherManagerBenchmarks.'LeanCorpus lease acquire and release',Rowles.LeanCorpus.Benchmarks,SearcherManagerBenchmarks,'LeanCorpus lease acquire and release',DefaultJob,Default,Default,Default,Default,Default,Default,Default,Default,Default,Default,Default,Default,Default,Default,Default,Default,Default,Default,Default,Default,Default,Default,Default,Default,Default,Default,Default,Default,Default,Default,Default,Default,Default,Default,Default,Default,Default,Default,Default,Default,Default,DefaultJob,DocumentCount=100000,1,Workload,Result,14,507296633,16777216,30.24,256,0,0,64
SearcherManagerBenchmarks.'LeanCorpus lease acquire and release',Rowles.LeanCorpus.Benchmarks,SearcherManagerBenchmarks,'LeanCorpus lease acquire and release',DefaultJob,Default,Default,Default,Default,Default,Default,Default,Default,Default,Default,Default,Default,Default,Default,Default,Default,Default,Default,Default,Default,Default,Default,Default,Default,Default,Default,Default,Default,Default,Default,Default,Default,Default,Default,Default,Default,Default,Default,Default,Default,Default,DefaultJob,DocumentCount=100000,1,Workload,Result,15,507067501,16777216,30.22,256,0,0,64
SearcherManagerBenchmarks.'Lucene.NET acquire and release',Rowles.LeanCorpus.Benchmarks,SearcherManagerBenchmarks,'Lucene.NET acquire and release',DefaultJob,Default,Default,Default,Default,Default,Default,Default,Default,Default,Default,Default,Default,Default,Default,Default,Default,Default,Default,Default,Default,Default,Default,Default,Default,Default,Default,Default,Default,Default,Default,Default,Default,Default,Default,Default,Default,Default,Default,Default,Default,Default,DefaultJob,DocumentCount=100000,1,Workload,Jitting,1,916302,1,916302,0,0,0,0
SearcherManagerBenchmarks.'Lucene.NET acquire and release',Rowles.LeanCorpus.Benchmarks,SearcherManagerBenchmarks,'Lucene.NET acquire and release',DefaultJob,Default,Default,Default,Default,Default,Default,Default,Default,Default,Default,Default,Default,Default,Default,Default,Default,Default,Default,Default,Default,Default,Default,Default,Default,Default,Default,Default,Default,Default,Default,Default,Default,Default,Default,Default,Default,Default,Default,Default,Default,Default,DefaultJob,DocumentCount=100000,1,Workload,Jitting,2,21706,30,723.53,0,0,0,0
SearcherManagerBenchmarks.'Lucene.NET acquire and release',Rowles.LeanCorpus.Benchmarks,SearcherManagerBenchmarks,'Lucene.NET acquire and release',DefaultJob,Default,Default,Default,Default,Default,Default,Default,Default,Default,Default,Default,Default,Default,Default,Default,Default,Default,Default,Default,Default,Default,Default,Default,Default,Default,Default,Default,Default,Default,Default,Default,Default,Default,Default,Default,Default,Default,Default,Default,Default,Default,DefaultJob,DocumentCount=100000,1,Workload,Jitting,3,3911,30,130.37,0,0,0,0
SearcherManagerBenchmarks.'Lucene.NET acquire and release',Rowles.LeanCorpus.Benchmarks,SearcherManagerBenchmarks,'Lucene.NET acquire and release',DefaultJob,Default,Default,Default,Default,Default,Default,Default,Default,Default,Default,Default,Default,Default,Default,Default,Default,Default,Default,Default,Default,Default,Default,Default,Default,Default,Default,Default,Default,Default,Default,Default,Default,Default,Default,Default,Default,Default,Default,Default,Default,Default,DefaultJob,DocumentCount=100000,1,Workload,Jitting,4,14766,30,492.2,0,0,0,0
SearcherManagerBenchmarks.'Lucene.NET acquire and release',Rowles.LeanCorpus.Benchmarks,SearcherManagerBenchmarks,'Lucene.NET acquire and release',DefaultJob,Default,Default,Default,Default,Default,Default,Default,Default,Default,Default,Default,Default,Default,Default,Default,Default,Default,Default,Default,Default,Default,Default,Default,Default,Default,Default,Default,Default,Default,Default,Default,Default,Default,Default,Default,Default,Default,Default,Default,Default,Default,DefaultJob,DocumentCount=100000,1,Workload,Jitting,5,687,1,687,0,0,0,0
SearcherManagerBenchmarks.'Lucene.NET acquire and release',Rowles.LeanCorpus.Benchmarks,SearcherManagerBenchmarks,'Lucene.NET acquire and release',DefaultJob,Default,Default,Default,Default,Default,Default,Default,Default,Default,Default,Default,Default,Default,Default,Default,Default,Default,Default,Default,Default,Default,Default,Default,Default,Default,Default,Default,Default,Default,Default,Default,Default,Default,Default,Default,Default,Default,Default,Default,Default,Default,DefaultJob,DocumentCount=100000,1,Workload,Pilot,1,622,1,622,0,0,0,0
SearcherManagerBenchmarks.'Lucene.NET acquire and release',Rowles.LeanCorpus.Benchmarks,SearcherManagerBenchmarks,'Lucene.NET acquire and release',DefaultJob,Default,Default,Default,Default,Default,Default,Default,Default,Default,Default,Default,Default,Default,Default,Default,Default,Default,Default,Default,Default,Default,Default,Default,Default,Default,Default,Default,Default,Default,Default,Default,Default,Default,Default,Default,Default,Default,Default,Default,Default,Default,DefaultJob,DocumentCount=100000,1,Workload,Pilot,1,2130,16,133.13,0,0,0,0
SearcherManagerBenchmarks.'Lucene.NET acquire and release',Rowles.LeanCorpus.Benchmarks,SearcherManagerBenchmarks,'Lucene.NET acquire and release',DefaultJob,Default,Default,Default,Default,Default,Default,Default,Default,Default,Default,Default,Default,Default,Default,Default,Default,Default,Default,Default,Default,Default,Default,Default,Default,Default,Default,Default,Default,Default,Default,Default,Default,Default,Default,Default,Default,Default,Default,Default,Default,Default,DefaultJob,DocumentCount=100000,1,Workload,Pilot,2,2772,32,86.63,0,0,0,0
SearcherManagerBenchmarks.'Lucene.NET acquire and release',Rowles.LeanCorpus.Benchmarks,SearcherManagerBenchmarks,'Lucene.NET acquire and release',DefaultJob,Default,Default,Default,Default,Default,Default,Default,Default,Default,Default,Default,Default,Default,Default,Default,Default,Default,Default,Default,Default,Default,Default,Default,Default,Default,Default,Default,Default,Default,Default,Default,Default,Default,Default,Default,Default,Default,Default,Default,Default,Default,DefaultJob,DocumentCount=100000,1,Workload,Pilot,3,4982,64,77.84,0,0,0,0
SearcherManagerBenchmarks.'Lucene.NET acquire and release',Rowles.LeanCorpus.Benchmarks,SearcherManagerBenchmarks,'Lucene.NET acquire and release',DefaultJob,Default,Default,Default,Default,Default,Default,Default,Default,Default,Default,Default,Default,Default,Default,Default,Default,Default,Default,Default,Default,Default,Default,Default,Default,Default,Default,Default,Default,Default,Default,Default,Default,Default,Default,Default,Default,Default,Default,Default,Default,Default,DefaultJob,DocumentCount=100000,1,Workload,Pilot,4,8955,128,69.96,0,0,0,0
SearcherManagerBenchmarks.'Lucene.NET acquire and release',Rowles.LeanCorpus.Benchmarks,SearcherManagerBenchmarks,'Lucene.NET acquire and release',DefaultJob,Default,Default,Default,Default,Default,Default,Default,Default,Default,Default,Default,Default,Default,Default,Default,Default,Default,Default,Default,Default,Default,Default,Default,Default,Default,Default,Default,Default,Default,Default,Default,Default,Default,Default,Default,Default,Default,Default,Default,Default,Default,DefaultJob,DocumentCount=100000,1,Workload,Pilot,5,17427,256,68.07,0,0,0,0
SearcherManagerBenchmarks.'Lucene.NET acquire and release',Rowles.LeanCorpus.Benchmarks,SearcherManagerBenchmarks,'Lucene.NET acquire and release',DefaultJob,Default,Default,Default,Default,Default,Default,Default,Default,Default,Default,Default,Default,Default,Default,Default,Default,Default,Default,Default,Default,Default,Default,Default,Default,Default,Default,Default,Default,Default,Default,Default,Default,Default,Default,Default,Default,Default,Default,Default,Default,Default,DefaultJob,DocumentCount=100000,1,Workload,Pilot,6,34429,512,67.24,0,0,0,0
SearcherManagerBenchmarks.'Lucene.NET acquire and release',Rowles.LeanCorpus.Benchmarks,SearcherManagerBenchmarks,'Lucene.NET acquire and release',DefaultJob,Default,Default,Default,Default,Default,Default,Default,Default,Default,Default,Default,Default,Default,Default,Default,Default,Default,Default,Default,Default,Default,Default,Default,Default,Default,Default,Default,Default,Default,Default,Default,Default,Default,Default,Default,Default,Default,Default,Default,Default,Default,DefaultJob,DocumentCount=100000,1,Workload,Pilot,7,68323,1024,66.72,0,0,0,0
SearcherManagerBenchmarks.'Lucene.NET acquire and release',Rowles.LeanCorpus.Benchmarks,SearcherManagerBenchmarks,'Lucene.NET acquire and release',DefaultJob,Default,Default,Default,Default,Default,Default,Default,Default,Default,Default,Default,Default,Default,Default,Default,Default,Default,Default,Default,Default,Default,Default,Default,Default,Default,Default,Default,Default,Default,Default,Default,Default,Default,Default,Default,Default,Default,Default,Default,Default,Default,DefaultJob,DocumentCount=100000,1,Workload,Pilot,8,135832,2048,66.32,0,0,0,0
SearcherManagerBenchmarks.'Lucene.NET acquire and release',Rowles.LeanCorpus.Benchmarks,SearcherManagerBenchmarks,'Lucene.NET acquire and release',DefaultJob,Default,Default,Default,Default,Default,Default,Default,Default,Default,Default,Default,Default,Default,Default,Default,Default,Default,Default,Default,Default,Default,Default,Default,Default,Default,Default,Default,Default,Default,Default,Default,Default,Default,Default,Default,Default,Default,Default,Default,Default,Default,DefaultJob,DocumentCount=100000,1,Workload,Pilot,9,270689,4096,66.09,0,0,0,0
SearcherManagerBenchmarks.'Lucene.NET acquire and release',Rowles.LeanCorpus.Benchmarks,SearcherManagerBenchmarks,'Lucene.NET acquire and release',DefaultJob,Default,Default,Default,Default,Default,Default,Default,Default,Default,Default,Default,Default,Default,Default,Default,Default,Default,Default,Default,Default,Default,Default,Default,Default,Default,Default,Default,Default,Default,Default,Default,Default,Default,Default,Default,Default,Default,Default,Default,Default,Default,DefaultJob,DocumentCount=100000,1,Workload,Pilot,10,508692,8192,62.1,0,0,0,0
SearcherManagerBenchmarks.'Lucene.NET acquire and release',Rowles.LeanCorpus.Benchmarks,SearcherManagerBenchmarks,'Lucene.NET acquire and release',DefaultJob,Default,Default,Default,Default,Default,Default,Default,Default,Default,Default,Default,Default,Default,Default,Default,Default,Default,Default,Default,Default,Default,Default,Default,Default,Default,Default,Default,Default,Default,Default,Default,Default,Default,Default,Default,Default,Default,Default,Default,Default,Default,DefaultJob,DocumentCount=100000,1,Workload,Pilot,11,1016001,16384,62.01,0,0,0,0
SearcherManagerBenchmarks.'Lucene.NET acquire and release',Rowles.LeanCorpus.Benchmarks,SearcherManagerBenchmarks,'Lucene.NET acquire and release',DefaultJob,Default,Default,Default,Default,Default,Default,Default,Default,Default,Default,Default,Default,Default,Default,Default,Default,Default,Default,Default,Default,Default,Default,Default,Default,Default,Default,Default,Default,Default,Default,Default,Default,Default,Default,Default,Default,Default,Default,Default,Default,Default,DefaultJob,DocumentCount=100000,1,Workload,Pilot,12,1919083,32768,58.57,0,0,0,0
SearcherManagerBenchmarks.'Lucene.NET acquire and release',Rowles.LeanCorpus.Benchmarks,SearcherManagerBenchmarks,'Lucene.NET acquire and release',DefaultJob,Default,Default,Default,Default,Default,Default,Default,Default,Default,Default,Default,Default,Default,Default,Default,Default,Default,Default,Default,Default,Default,Default,Default,Default,Default,Default,Default,Default,Default,Default,Default,Default,Default,Default,Default,Default,Default,Default,Default,Default,Default,DefaultJob,DocumentCount=100000,1,Workload,Pilot,13,3647286,65536,55.65,0,0,0,0
SearcherManagerBenchmarks.'Lucene.NET acquire and release',Rowles.LeanCorpus.Benchmarks,SearcherManagerBenchmarks,'Lucene.NET acquire and release',DefaultJob,Default,Default,Default,Default,Default,Default,Default,Default,Default,Default,Default,Default,Default,Default,Default,Default,Default,Default,Default,Default,Default,Default,Default,Default,Default,Default,Default,Default,Default,Default,Default,Default,Default,Default,Default,Default,Default,Default,Default,Default,Default,DefaultJob,DocumentCount=100000,1,Workload,Pilot,14,6943559,131072,52.98,0,0,0,0
SearcherManagerBenchmarks.'Lucene.NET acquire and release',Rowles.LeanCorpus.Benchmarks,SearcherManagerBenchmarks,'Lucene.NET acquire and release',DefaultJob,Default,Default,Default,Default,Default,Default,Default,Default,Default,Default,Default,Default,Default,Default,Default,Default,Default,Default,Default,Default,Default,Default,Default,Default,Default,Default,Default,Default,Default,Default,Default,Default,Default,Default,Default,Default,Default,Default,Default,Default,Default,DefaultJob,DocumentCount=100000,1,Workload,Pilot,15,12308988,262144,46.96,0,0,0,0
SearcherManagerBenchmarks.'Lucene.NET acquire and release',Rowles.LeanCorpus.Benchmarks,SearcherManagerBenchmarks,'Lucene.NET acquire and release',DefaultJob,Default,Default,Default,Default,Default,Default,Default,Default,Default,Default,Default,Default,Default,Default,Default,Default,Default,Default,Default,Default,Default,Default,Default,Default,Default,Default,Default,Default,Default,Default,Default,Default,Default,Default,Default,Default,Default,Default,Default,Default,Default,DefaultJob,DocumentCount=100000,1,Workload,Pilot,16,21241305,524288,40.51,0,0,0,0
SearcherManagerBenchmarks.'Lucene.NET acquire and release',Rowles.LeanCorpus.Benchmarks,SearcherManagerBenchmarks,'Lucene.NET acquire and release',DefaultJob,Default,Default,Default,Default,Default,Default,Default,Default,Default,Default,Default,Default,Default,Default,Default,Default,Default,Default,Default,Default,Default,Default,Default,Default,Default,Default,Default,Default,Default,Default,Default,Default,Default,Default,Default,Default,Default,Default,Default,Default,Default,DefaultJob,DocumentCount=100000,1,Workload,Pilot,17,35131860,1048576,33.5,0,0,0,0
SearcherManagerBenchmarks.'Lucene.NET acquire and release',Rowles.LeanCorpus.Benchmarks,SearcherManagerBenchmarks,'Lucene.NET acquire and release',DefaultJob,Default,Default,Default,Default,Default,Default,Default,Default,Default,Default,Default,Default,Default,Default,Default,Default,Default,Default,Default,Default,Default,Default,Default,Default,Default,Default,Default,Default,Default,Default,Default,Default,Default,Default,Default,Default,Default,Default,Default,Default,Default,DefaultJob,DocumentCount=100000,1,Workload,Pilot,18,64823615,2097152,30.91,0,0,0,0
SearcherManagerBenchmarks.'Lucene.NET acquire and release',Rowles.LeanCorpus.Benchmarks,SearcherManagerBenchmarks,'Lucene.NET acquire and release',DefaultJob,Default,Default,Default,Default,Default,Default,Default,Default,Default,Default,Default,Default,Default,Default,Default,Default,Default,Default,Default,Default,Default,Default,Default,Default,Default,Default,Default,Default,Default,Default,Default,Default,Default,Default,Default,Default,Default,Default,Default,Default,Default,DefaultJob,DocumentCount=100000,1,Workload,Pilot,19,129437090,4194304,30.86,0,0,0,0
SearcherManagerBenchmarks.'Lucene.NET acquire and release',Rowles.LeanCorpus.Benchmarks,SearcherManagerBenchmarks,'Lucene.NET acquire and release',DefaultJob,Default,Default,Default,Default,Default,Default,Default,Default,Default,Default,Default,Default,Default,Default,Default,Default,Default,Default,Default,Default,Default,Default,Default,Default,Default,Default,Default,Default,Default,Default,Default,Default,Default,Default,Default,Default,Default,Default,Default,Default,Default,DefaultJob,DocumentCount=100000,1,Workload,Pilot,20,258503907,8388608,30.82,0,0,0,0
SearcherManagerBenchmarks.'Lucene.NET acquire and release',Rowles.LeanCorpus.Benchmarks,SearcherManagerBenchmarks,'Lucene.NET acquire and release',DefaultJob,Default,Default,Default,Default,Default,Default,Default,Default,Default,Default,Default,Default,Default,Default,Default,Default,Default,Default,Default,Default,Default,Default,Default,Default,Default,Default,Default,Default,Default,Default,Default,Default,Default,Default,Default,Default,Default,Default,Default,Default,Default,DefaultJob,DocumentCount=100000,1,Workload,Pilot,21,517921461,16777216,30.87,0,0,0,0
SearcherManagerBenchmarks.'Lucene.NET acquire and release',Rowles.LeanCorpus.Benchmarks,SearcherManagerBenchmarks,'Lucene.NET acquire and release',DefaultJob,Default,Default,Default,Default,Default,Default,Default,Default,Default,Default,Default,Default,Default,Default,Default,Default,Default,Default,Default,Default,Default,Default,Default,Default,Default,Default,Default,Default,Default,Default,Default,Default,Default,Default,Default,Default,Default,Default,Default,Default,Default,DefaultJob,DocumentCount=100000,1,Workload,Warmup,1,510196152,16777216,30.41,0,0,0,0
SearcherManagerBenchmarks.'Lucene.NET acquire and release',Rowles.LeanCorpus.Benchmarks,SearcherManagerBenchmarks,'Lucene.NET acquire and release',DefaultJob,Default,Default,Default,Default,Default,Default,Default,Default,Default,Default,Default,Default,Default,Default,Default,Default,Default,Default,Default,Default,Default,Default,Default,Default,Default,Default,Default,Default,Default,Default,Default,Default,Default,Default,Default,Default,Default,Default,Default,Default,Default,DefaultJob,DocumentCount=100000,1,Workload,Warmup,2,515897540,16777216,30.75,0,0,0,0
SearcherManagerBenchmarks.'Lucene.NET acquire and release',Rowles.LeanCorpus.Benchmarks,SearcherManagerBenchmarks,'Lucene.NET acquire and release',DefaultJob,Default,Default,Default,Default,Default,Default,Default,Default,Default,Default,Default,Default,Default,Default,Default,Default,Default,Default,Default,Default,Default,Default,Default,Default,Default,Default,Default,Default,Default,Default,Default,Default,Default,Default,Default,Default,Default,Default,Default,Default,Default,DefaultJob,DocumentCount=100000,1,Workload,Warmup,3,519433989,16777216,30.96,0,0,0,0
SearcherManagerBenchmarks.'Lucene.NET acquire and release',Rowles.LeanCorpus.Benchmarks,SearcherManagerBenchmarks,'Lucene.NET acquire and release',DefaultJob,Default,Default,Default,Default,Default,Default,Default,Default,Default,Default,Default,Default,Default,Default,Default,Default,Default,Default,Default,Default,Default,Default,Default,Default,Default,Default,Default,Default,Default,Default,Default,Default,Default,Default,Default,Default,Default,Default,Default,Default,Default,DefaultJob,DocumentCount=100000,1,Workload,Warmup,4,519642657,16777216,30.97,0,0,0,0
SearcherManagerBenchmarks.'Lucene.NET acquire and release',Rowles.LeanCorpus.Benchmarks,SearcherManagerBenchmarks,'Lucene.NET acquire and release',DefaultJob,Default,Default,Default,Default,Default,Default,Default,Default,Default,Default,Default,Default,Default,Default,Default,Default,Default,Default,Default,Default,Default,Default,Default,Default,Default,Default,Default,Default,Default,Default,Default,Default,Default,Default,Default,Default,Default,Default,Default,Default,Default,DefaultJob,DocumentCount=100000,1,Workload,Warmup,5,517229119,16777216,30.83,0,0,0,0
SearcherManagerBenchmarks.'Lucene.NET acquire and release',Rowles.LeanCorpus.Benchmarks,SearcherManagerBenchmarks,'Lucene.NET acquire and release',DefaultJob,Default,Default,Default,Default,Default,Default,Default,Default,Default,Default,Default,Default,Default,Default,Default,Default,Default,Default,Default,Default,Default,Default,Default,Default,Default,Default,Default,Default,Default,Default,Default,Default,Default,Default,Default,Default,Default,Default,Default,Default,Default,DefaultJob,DocumentCount=100000,1,Workload,Warmup,6,517351842,16777216,30.84,0,0,0,0
SearcherManagerBenchmarks.'Lucene.NET acquire and release',Rowles.LeanCorpus.Benchmarks,SearcherManagerBenchmarks,'Lucene.NET acquire and release',DefaultJob,Default,Default,Default,Default,Default,Default,Default,Default,Default,Default,Default,Default,Default,Default,Default,Default,Default,Default,Default,Default,Default,Default,Default,Default,Default,Default,Default,Default,Default,Default,Default,Default,Default,Default,Default,Default,Default,Default,Default,Default,Default,DefaultJob,DocumentCount=100000,1,Workload,Warmup,7,516673611,16777216,30.8,0,0,0,0
SearcherManagerBenchmarks.'Lucene.NET acquire and release',Rowles.LeanCorpus.Benchmarks,SearcherManagerBenchmarks,'Lucene.NET acquire and release',DefaultJob,Default,Default,Default,Default,Default,Default,Default,Default,Default,Default,Default,Default,Default,Default,Default,Default,Default,Default,Default,Default,Default,Default,Default,Default,Default,Default,Default,Default,Default,Default,Default,Default,Default,Default,Default,Default,Default,Default,Default,Default,Default,DefaultJob,DocumentCount=100000,1,Workload,Actual,1,517064226,16777216,30.82,0,0,0,0
SearcherManagerBenchmarks.'Lucene.NET acquire and release',Rowles.LeanCorpus.Benchmarks,SearcherManagerBenchmarks,'Lucene.NET acquire and release',DefaultJob,Default,Default,Default,Default,Default,Default,Default,Default,Default,Default,Default,Default,Default,Default,Default,Default,Default,Default,Default,Default,Default,Default,Default,Default,Default,Default,Default,Default,Default,Default,Default,Default,Default,Default,Default,Default,Default,Default,Default,Default,Default,DefaultJob,DocumentCount=100000,1,Workload,Actual,2,516985076,16777216,30.81,0,0,0,0
SearcherManagerBenchmarks.'Lucene.NET acquire and release',Rowles.LeanCorpus.Benchmarks,SearcherManagerBenchmarks,'Lucene.NET acquire and release',DefaultJob,Default,Default,Default,Default,Default,Default,Default,Default,Default,Default,Default,Default,Default,Default,Default,Default,Default,Default,Default,Default,Default,Default,Default,Default,Default,Default,Default,Default,Default,Default,Default,Default,Default,Default,Default,Default,Default,Default,Default,Default,Default,DefaultJob,DocumentCount=100000,1,Workload,Actual,3,517793319,16777216,30.86,0,0,0,0
SearcherManagerBenchmarks.'Lucene.NET acquire and release',Rowles.LeanCorpus.Benchmarks,SearcherManagerBenchmarks,'Lucene.NET acquire and release',DefaultJob,Default,Default,Default,Default,Default,Default,Default,Default,Default,Default,Default,Default,Default,Default,Default,Default,Default,Default,Default,Default,Default,Default,Default,Default,Default,Default,Default,Default,Default,Default,Default,Default,Default,Default,Default,Default,Default,Default,Default,Default,Default,DefaultJob,DocumentCount=100000,1,Workload,Actual,4,517896314,16777216,30.87,0,0,0,0
SearcherManagerBenchmarks.'Lucene.NET acquire and release',Rowles.LeanCorpus.Benchmarks,SearcherManagerBenchmarks,'Lucene.NET acquire and release',DefaultJob,Default,Default,Default,Default,Default,Default,Default,Default,Default,Default,Default,Default,Default,Default,Default,Default,Default,Default,Default,Default,Default,Default,Default,Default,Default,Default,Default,Default,Default,Default,Default,Default,Default,Default,Default,Default,Default,Default,Default,Default,Default,DefaultJob,DocumentCount=100000,1,Workload,Actual,5,517469764,16777216,30.84,0,0,0,0
SearcherManagerBenchmarks.'Lucene.NET acquire and release',Rowles.LeanCorpus.Benchmarks,SearcherManagerBenchmarks,'Lucene.NET acquire and release',DefaultJob,Default,Default,Default,Default,Default,Default,Default,Default,Default,Default,Default,Default,Default,Default,Default,Default,Default,Default,Default,Default,Default,Default,Default,Default,Default,Default,Default,Default,Default,Default,Default,Default,Default,Default,Default,Default,Default,Default,Default,Default,Default,DefaultJob,DocumentCount=100000,1,Workload,Actual,6,516980227,16777216,30.81,0,0,0,0
SearcherManagerBenchmarks.'Lucene.NET acquire and release',Rowles.LeanCorpus.Benchmarks,SearcherManagerBenchmarks,'Lucene.NET acquire and release',DefaultJob,Default,Default,Default,Default,Default,Default,Default,Default,Default,Default,Default,Default,Default,Default,Default,Default,Default,Default,Default,Default,Default,Default,Default,Default,Default,Default,Default,Default,Default,Default,Default,Default,Default,Default,Default,Default,Default,Default,Default,Default,Default,DefaultJob,DocumentCount=100000,1,Workload,Actual,7,517385315,16777216,30.84,0,0,0,0
SearcherManagerBenchmarks.'Lucene.NET acquire and release',Rowles.LeanCorpus.Benchmarks,SearcherManagerBenchmarks,'Lucene.NET acquire and release',DefaultJob,Default,Default,Default,Default,Default,Default,Default,Default,Default,Default,Default,Default,Default,Default,Default,Default,Default,Default,Default,Default,Default,Default,Default,Default,Default,Default,Default,Default,Default,Default,Default,Default,Default,Default,Default,Default,Default,Default,Default,Default,Default,DefaultJob,DocumentCount=100000,1,Workload,Actual,8,517184436,16777216,30.83,0,0,0,0
SearcherManagerBenchmarks.'Lucene.NET acquire and release',Rowles.LeanCorpus.Benchmarks,SearcherManagerBenchmarks,'Lucene.NET acquire and release',DefaultJob,Default,Default,Default,Default,Default,Default,Default,Default,Default,Default,Default,Default,Default,Default,Default,Default,Default,Default,Default,Default,Default,Default,Default,Default,Default,Default,Default,Default,Default,Default,Default,Default,Default,Default,Default,Default,Default,Default,Default,Default,Default,DefaultJob,DocumentCount=100000,1,Workload,Actual,9,517844429,16777216,30.87,0,0,0,0
SearcherManagerBenchmarks.'Lucene.NET acquire and release',Rowles.LeanCorpus.Benchmarks,SearcherManagerBenchmarks,'Lucene.NET acquire and release',DefaultJob,Default,Default,Default,Default,Default,Default,Default,Default,Default,Default,Default,Default,Default,Default,Default,Default,Default,Default,Default,Default,Default,Default,Default,Default,Default,Default,Default,Default,Default,Default,Default,Default,Default,Default,Default,Default,Default,Default,Default,Default,Default,DefaultJob,DocumentCount=100000,1,Workload,Actual,10,524386379,16777216,31.26,0,0,0,0
SearcherManagerBenchmarks.'Lucene.NET acquire and release',Rowles.LeanCorpus.Benchmarks,SearcherManagerBenchmarks,'Lucene.NET acquire and release',DefaultJob,Default,Default,Default,Default,Default,Default,Default,Default,Default,Default,Default,Default,Default,Default,Default,Default,Default,Default,Default,Default,Default,Default,Default,Default,Default,Default,Default,Default,Default,Default,Default,Default,Default,Default,Default,Default,Default,Default,Default,Default,Default,DefaultJob,DocumentCount=100000,1,Workload,Actual,11,529447560,16777216,31.56,0,0,0,0
SearcherManagerBenchmarks.'Lucene.NET acquire and release',Rowles.LeanCorpus.Benchmarks,SearcherManagerBenchmarks,'Lucene.NET acquire and release',DefaultJob,Default,Default,Default,Default,Default,Default,Default,Default,Default,Default,Default,Default,Default,Default,Default,Default,Default,Default,Default,Default,Default,Default,Default,Default,Default,Default,Default,Default,Default,Default,Default,Default,Default,Default,Default,Default,Default,Default,Default,Default,Default,DefaultJob,DocumentCount=100000,1,Workload,Actual,12,512240340,16777216,30.53,0,0,0,0
SearcherManagerBenchmarks.'Lucene.NET acquire and release',Rowles.LeanCorpus.Benchmarks,SearcherManagerBenchmarks,'Lucene.NET acquire and release',DefaultJob,Default,Default,Default,Default,Default,Default,Default,Default,Default,Default,Default,Default,Default,Default,Default,Default,Default,Default,Default,Default,Default,Default,Default,Default,Default,Default,Default,Default,Default,Default,Default,Default,Default,Default,Default,Default,Default,Default,Default,Default,Default,DefaultJob,DocumentCount=100000,1,Workload,Actual,13,516812048,16777216,30.8,0,0,0,0
SearcherManagerBenchmarks.'Lucene.NET acquire and release',Rowles.LeanCorpus.Benchmarks,SearcherManagerBenchmarks,'Lucene.NET acquire and release',DefaultJob,Default,Default,Default,Default,Default,Default,Default,Default,Default,Default,Default,Default,Default,Default,Default,Default,Default,Default,Default,Default,Default,Default,Default,Default,Default,Default,Default,Default,Default,Default,Default,Default,Default,Default,Default,Default,Default,Default,Default,Default,Default,DefaultJob,DocumentCount=100000,1,Workload,Actual,14,517056178,16777216,30.82,0,0,0,0
SearcherManagerBenchmarks.'Lucene.NET acquire and release',Rowles.LeanCorpus.Benchmarks,SearcherManagerBenchmarks,'Lucene.NET acquire and release',DefaultJob,Default,Default,Default,Default,Default,Default,Default,Default,Default,Default,Default,Default,Default,Default,Default,Default,Default,Default,Default,Default,Default,Default,Default,Default,Default,Default,Default,Default,Default,Default,Default,Default,Default,Default,Default,Default,Default,Default,Default,Default,Default,DefaultJob,DocumentCount=100000,1,Workload,Actual,15,513480156,16777216,30.61,0,0,0,0
SearcherManagerBenchmarks.'Lucene.NET acquire and release',Rowles.LeanCorpus.Benchmarks,SearcherManagerBenchmarks,'Lucene.NET acquire and release',DefaultJob,Default,Default,Default,Default,Default,Default,Default,Default,Default,Default,Default,Default,Default,Default,Default,Default,Default,Default,Default,Default,Default,Default,Default,Default,Default,Default,Default,Default,Default,Default,Default,Default,Default,Default,Default,Default,Default,Default,Default,Default,Default,DefaultJob,DocumentCount=100000,1,Workload,Extra,1,514069362,16777216,30.64,0,0,0,0
SearcherManagerBenchmarks.'Lucene.NET acquire and release',Rowles.LeanCorpus.Benchmarks,SearcherManagerBenchmarks,'Lucene.NET acquire and release',DefaultJob,Default,Default,Default,Default,Default,Default,Default,Default,Default,Default,Default,Default,Default,Default,Default,Default,Default,Default,Default,Default,Default,Default,Default,Default,Default,Default,Default,Default,Default,Default,Default,Default,Default,Default,Default,Default,Default,Default,Default,Default,Default,DefaultJob,DocumentCount=100000,1,Workload,Result,1,517064226,16777216,30.82,0,0,0,0
SearcherManagerBenchmarks.'Lucene.NET acquire and release',Rowles.LeanCorpus.Benchmarks,SearcherManagerBenchmarks,'Lucene.NET acquire and release',DefaultJob,Default,Default,Default,Default,Default,Default,Default,Default,Default,Default,Default,Default,Default,Default,Default,Default,Default,Default,Default,Default,Default,Default,Default,Default,Default,Default,Default,Default,Default,Default,Default,Default,Default,Default,Default,Default,Default,Default,Default,Default,Default,DefaultJob,DocumentCount=100000,1,Workload,Result,2,516985076,16777216,30.81,0,0,0,0
SearcherManagerBenchmarks.'Lucene.NET acquire and release',Rowles.LeanCorpus.Benchmarks,SearcherManagerBenchmarks,'Lucene.NET acquire and release',DefaultJob,Default,Default,Default,Default,Default,Default,Default,Default,Default,Default,Default,Default,Default,Default,Default,Default,Default,Default,Default,Default,Default,Default,Default,Default,Default,Default,Default,Default,Default,Default,Default,Default,Default,Default,Default,Default,Default,Default,Default,Default,Default,DefaultJob,DocumentCount=100000,1,Workload,Result,3,517793319,16777216,30.86,0,0,0,0
SearcherManagerBenchmarks.'Lucene.NET acquire and release',Rowles.LeanCorpus.Benchmarks,SearcherManagerBenchmarks,'Lucene.NET acquire and release',DefaultJob,Default,Default,Default,Default,Default,Default,Default,Default,Default,Default,Default,Default,Default,Default,Default,Default,Default,Default,Default,Default,Default,Default,Default,Default,Default,Default,Default,Default,Default,Default,Default,Default,Default,Default,Default,Default,Default,Default,Default,Default,Default,DefaultJob,DocumentCount=100000,1,Workload,Result,4,517896314,16777216,30.87,0,0,0,0
SearcherManagerBenchmarks.'Lucene.NET acquire and release',Rowles.LeanCorpus.Benchmarks,SearcherManagerBenchmarks,'Lucene.NET acquire and release',DefaultJob,Default,Default,Default,Default,Default,Default,Default,Default,Default,Default,Default,Default,Default,Default,Default,Default,Default,Default,Default,Default,Default,Default,Default,Default,Default,Default,Default,Default,Default,Default,Default,Default,Default,Default,Default,Default,Default,Default,Default,Default,Default,DefaultJob,DocumentCount=100000,1,Workload,Result,5,517469764,16777216,30.84,0,0,0,0
SearcherManagerBenchmarks.'Lucene.NET acquire and release',Rowles.LeanCorpus.Benchmarks,SearcherManagerBenchmarks,'Lucene.NET acquire and release',DefaultJob,Default,Default,Default,Default,Default,Default,Default,Default,Default,Default,Default,Default,Default,Default,Default,Default,Default,Default,Default,Default,Default,Default,Default,Default,Default,Default,Default,Default,Default,Default,Default,Default,Default,Default,Default,Default,Default,Default,Default,Default,Default,DefaultJob,DocumentCount=100000,1,Workload,Result,6,516980227,16777216,30.81,0,0,0,0
SearcherManagerBenchmarks.'Lucene.NET acquire and release',Rowles.LeanCorpus.Benchmarks,SearcherManagerBenchmarks,'Lucene.NET acquire and release',DefaultJob,Default,Default,Default,Default,Default,Default,Default,Default,Default,Default,Default,Default,Default,Default,Default,Default,Default,Default,Default,Default,Default,Default,Default,Default,Default,Default,Default,Default,Default,Default,Default,Default,Default,Default,Default,Default,Default,Default,Default,Default,Default,DefaultJob,DocumentCount=100000,1,Workload,Result,7,517385315,16777216,30.84,0,0,0,0
SearcherManagerBenchmarks.'Lucene.NET acquire and release',Rowles.LeanCorpus.Benchmarks,SearcherManagerBenchmarks,'Lucene.NET acquire and release',DefaultJob,Default,Default,Default,Default,Default,Default,Default,Default,Default,Default,Default,Default,Default,Default,Default,Default,Default,Default,Default,Default,Default,Default,Default,Default,Default,Default,Default,Default,Default,Default,Default,Default,Default,Default,Default,Default,Default,Default,Default,Default,Default,DefaultJob,DocumentCount=100000,1,Workload,Result,8,517184436,16777216,30.83,0,0,0,0
SearcherManagerBenchmarks.'Lucene.NET acquire and release',Rowles.LeanCorpus.Benchmarks,SearcherManagerBenchmarks,'Lucene.NET acquire and release',DefaultJob,Default,Default,Default,Default,Default,Default,Default,Default,Default,Default,Default,Default,Default,Default,Default,Default,Default,Default,Default,Default,Default,Default,Default,Default,Default,Default,Default,Default,Default,Default,Default,Default,Default,Default,Default,Default,Default,Default,Default,Default,Default,DefaultJob,DocumentCount=100000,1,Workload,Result,9,517844429,16777216,30.87,0,0,0,0
SearcherManagerBenchmarks.'Lucene.NET acquire and release',Rowles.LeanCorpus.Benchmarks,SearcherManagerBenchmarks,'Lucene.NET acquire and release',DefaultJob,Default,Default,Default,Default,Default,Default,Default,Default,Default,Default,Default,Default,Default,Default,Default,Default,Default,Default,Default,Default,Default,Default,Default,Default,Default,Default,Default,Default,Default,Default,Default,Default,Default,Default,Default,Default,Default,Default,Default,Default,Default,DefaultJob,DocumentCount=100000,1,Workload,Result,10,512240340,16777216,30.53,0,0,0,0
SearcherManagerBenchmarks.'Lucene.NET acquire and release',Rowles.LeanCorpus.Benchmarks,SearcherManagerBenchmarks,'Lucene.NET acquire and release',DefaultJob,Default,Default,Default,Default,Default,Default,Default,Default,Default,Default,Default,Default,Default,Default,Default,Default,Default,Default,Default,Default,Default,Default,Default,Default,Default,Default,Default,Default,Default,Default,Default,Default,Default,Default,Default,Default,Default,Default,Default,Default,Default,DefaultJob,DocumentCount=100000,1,Workload,Result,11,516812048,16777216,30.8,0,0,0,0
SearcherManagerBenchmarks.'Lucene.NET acquire and release',Rowles.LeanCorpus.Benchmarks,SearcherManagerBenchmarks,'Lucene.NET acquire and release',DefaultJob,Default,Default,Default,Default,Default,Default,Default,Default,Default,Default,Default,Default,Default,Default,Default,Default,Default,Default,Default,Default,Default,Default,Default,Default,Default,Default,Default,Default,Default,Default,Default,Default,Default,Default,Default,Default,Default,Default,Default,Default,Default,DefaultJob,DocumentCount=100000,1,Workload,Result,12,517056178,16777216,30.82,0,0,0,0
SearcherManagerBenchmarks.'Lucene.NET acquire and release',Rowles.LeanCorpus.Benchmarks,SearcherManagerBenchmarks,'Lucene.NET acquire and release',DefaultJob,Default,Default,Default,Default,Default,Default,Default,Default,Default,Default,Default,Default,Default,Default,Default,Default,Default,Default,Default,Default,Default,Default,Default,Default,Default,Default,Default,Default,Default,Default,Default,Default,Default,Default,Default,Default,Default,Default,Default,Default,Default,DefaultJob,DocumentCount=100000,1,Workload,Result,13,513480156,16777216,30.61,0,0,0,0
