// Validating benchmarks:
// ***** BenchmarkRunner: Start   *****
// ***** Found 20 benchmark(s) in total *****
// ***** Building 1 exe(s) in Parallel: Start   *****
// start dotnet  restore "/home/jordan/leancorpus/working_directory/src/devops/Rowles.LeanCorpus.Benchmarks/bin/Release/net10.0/Rowles.LeanCorpus.Benchmarks-DefaultJob-1/DllGatherer.csproj" --nodeReuse:false /p:UseSharedCompilation=false /p:Deterministic=true /p:Optimize=true /p:ArtifactsPath="/home/jordan/leancorpus/working_directory/src/devops/Rowles.LeanCorpus.Benchmarks/bin/Release/net10.0/Rowles.LeanCorpus.Benchmarks-DefaultJob-1/.artifacts/" /p:OutDir="/home/jordan/leancorpus/working_directory/src/devops/Rowles.LeanCorpus.Benchmarks/bin/Release/net10.0/Rowles.LeanCorpus.Benchmarks-DefaultJob-1/bin/Release/net10.0/" /p:OutputPath="/home/jordan/leancorpus/working_directory/src/devops/Rowles.LeanCorpus.Benchmarks/bin/Release/net10.0/Rowles.LeanCorpus.Benchmarks-DefaultJob-1/bin/Release/net10.0/" /p:PublishDir="/home/jordan/leancorpus/working_directory/src/devops/Rowles.LeanCorpus.Benchmarks/bin/Release/net10.0/Rowles.LeanCorpus.Benchmarks-DefaultJob-1/publish/" in /home/jordan/leancorpus/working_directory/src/devops/Rowles.LeanCorpus.Benchmarks/bin/Release/net10.0/Rowles.LeanCorpus.Benchmarks-DefaultJob-1
// command took 5.24 sec and exited with 0
// start dotnet  build "/home/jordan/leancorpus/working_directory/src/devops/Rowles.LeanCorpus.Benchmarks/bin/Release/net10.0/Rowles.LeanCorpus.Benchmarks-DefaultJob-1/DllGatherer.csproj" -f net10.0 -c Release --no-restore --nodeReuse:false /p:UseSharedCompilation=false /p:Deterministic=true /p:Optimize=true /p:ArtifactsPath="/home/jordan/leancorpus/working_directory/src/devops/Rowles.LeanCorpus.Benchmarks/bin/Release/net10.0/Rowles.LeanCorpus.Benchmarks-DefaultJob-1/.artifacts/" /p:OutDir="/home/jordan/leancorpus/working_directory/src/devops/Rowles.LeanCorpus.Benchmarks/bin/Release/net10.0/Rowles.LeanCorpus.Benchmarks-DefaultJob-1/bin/Release/net10.0/" /p:OutputPath="/home/jordan/leancorpus/working_directory/src/devops/Rowles.LeanCorpus.Benchmarks/bin/Release/net10.0/Rowles.LeanCorpus.Benchmarks-DefaultJob-1/bin/Release/net10.0/" /p:PublishDir="/home/jordan/leancorpus/working_directory/src/devops/Rowles.LeanCorpus.Benchmarks/bin/Release/net10.0/Rowles.LeanCorpus.Benchmarks-DefaultJob-1/publish/" --output "/home/jordan/leancorpus/working_directory/src/devops/Rowles.LeanCorpus.Benchmarks/bin/Release/net10.0/Rowles.LeanCorpus.Benchmarks-DefaultJob-1/bin/Release/net10.0/" in /home/jordan/leancorpus/working_directory/src/devops/Rowles.LeanCorpus.Benchmarks/bin/Release/net10.0/Rowles.LeanCorpus.Benchmarks-DefaultJob-1
// command took 44.14 sec and exited with 0
// start dotnet  restore "/home/jordan/leancorpus/working_directory/src/devops/Rowles.LeanCorpus.Benchmarks/bin/Release/net10.0/Rowles.LeanCorpus.Benchmarks-DefaultJob-1/BenchmarkDotNet.Autogenerated.csproj" --nodeReuse:false /p:UseSharedCompilation=false /p:Deterministic=true /p:Optimize=true /p:ArtifactsPath="/home/jordan/leancorpus/working_directory/src/devops/Rowles.LeanCorpus.Benchmarks/bin/Release/net10.0/Rowles.LeanCorpus.Benchmarks-DefaultJob-1/.artifacts/" /p:OutDir="/home/jordan/leancorpus/working_directory/src/devops/Rowles.LeanCorpus.Benchmarks/bin/Release/net10.0/Rowles.LeanCorpus.Benchmarks-DefaultJob-1/bin/Release/net10.0/" /p:OutputPath="/home/jordan/leancorpus/working_directory/src/devops/Rowles.LeanCorpus.Benchmarks/bin/Release/net10.0/Rowles.LeanCorpus.Benchmarks-DefaultJob-1/bin/Release/net10.0/" /p:PublishDir="/home/jordan/leancorpus/working_directory/src/devops/Rowles.LeanCorpus.Benchmarks/bin/Release/net10.0/Rowles.LeanCorpus.Benchmarks-DefaultJob-1/publish/" in /home/jordan/leancorpus/working_directory/src/devops/Rowles.LeanCorpus.Benchmarks/bin/Release/net10.0/Rowles.LeanCorpus.Benchmarks-DefaultJob-1
// command took 5.09 sec and exited with 0
// start dotnet  build "/home/jordan/leancorpus/working_directory/src/devops/Rowles.LeanCorpus.Benchmarks/bin/Release/net10.0/Rowles.LeanCorpus.Benchmarks-DefaultJob-1/BenchmarkDotNet.Autogenerated.csproj" -f net10.0 -c Release --no-restore --nodeReuse:false /p:UseSharedCompilation=false /p:Deterministic=true /p:Optimize=true /p:ArtifactsPath="/home/jordan/leancorpus/working_directory/src/devops/Rowles.LeanCorpus.Benchmarks/bin/Release/net10.0/Rowles.LeanCorpus.Benchmarks-DefaultJob-1/.artifacts/" /p:OutDir="/home/jordan/leancorpus/working_directory/src/devops/Rowles.LeanCorpus.Benchmarks/bin/Release/net10.0/Rowles.LeanCorpus.Benchmarks-DefaultJob-1/bin/Release/net10.0/" /p:OutputPath="/home/jordan/leancorpus/working_directory/src/devops/Rowles.LeanCorpus.Benchmarks/bin/Release/net10.0/Rowles.LeanCorpus.Benchmarks-DefaultJob-1/bin/Release/net10.0/" /p:PublishDir="/home/jordan/leancorpus/working_directory/src/devops/Rowles.LeanCorpus.Benchmarks/bin/Release/net10.0/Rowles.LeanCorpus.Benchmarks-DefaultJob-1/publish/" --output "/home/jordan/leancorpus/working_directory/src/devops/Rowles.LeanCorpus.Benchmarks/bin/Release/net10.0/Rowles.LeanCorpus.Benchmarks-DefaultJob-1/bin/Release/net10.0/" in /home/jordan/leancorpus/working_directory/src/devops/Rowles.LeanCorpus.Benchmarks/bin/Release/net10.0/Rowles.LeanCorpus.Benchmarks-DefaultJob-1
// command took 17.62 sec and exited with 0
// ***** Done, took 00:01:12 (72.47 sec)   *****
// Found 20 benchmarks:
//   VectorQuantisationBenchmarks.'HNSW search': DefaultJob [Dimension=64, Quantisation=None]
//   VectorQuantisationBenchmarks.'Lucene.NET flat scan': DefaultJob [Dimension=64, Quantisation=None]
//   VectorQuantisationBenchmarks.'HNSW search': DefaultJob [Dimension=64, Quantisation=Int8]
//   VectorQuantisationBenchmarks.'Lucene.NET flat scan': DefaultJob [Dimension=64, Quantisation=Int8]
//   VectorQuantisationBenchmarks.'HNSW search': DefaultJob [Dimension=64, Quantisation=BBQ]
//   VectorQuantisationBenchmarks.'Lucene.NET flat scan': DefaultJob [Dimension=64, Quantisation=BBQ]
//   VectorQuantisationBenchmarks.'HNSW search': DefaultJob [Dimension=64, Quantisation=Int4]
//   VectorQuantisationBenchmarks.'Lucene.NET flat scan': DefaultJob [Dimension=64, Quantisation=Int4]
//   VectorQuantisationBenchmarks.'HNSW search': DefaultJob [Dimension=64, Quantisation=ProductQuantisation]
//   VectorQuantisationBenchmarks.'Lucene.NET flat scan': DefaultJob [Dimension=64, Quantisation=ProductQuantisation]
//   VectorQuantisationBenchmarks.'HNSW search': DefaultJob [Dimension=128, Quantisation=None]
//   VectorQuantisationBenchmarks.'Lucene.NET flat scan': DefaultJob [Dimension=128, Quantisation=None]
//   VectorQuantisationBenchmarks.'HNSW search': DefaultJob [Dimension=128, Quantisation=Int8]
//   VectorQuantisationBenchmarks.'Lucene.NET flat scan': DefaultJob [Dimension=128, Quantisation=Int8]
//   VectorQuantisationBenchmarks.'HNSW search': DefaultJob [Dimension=128, Quantisation=BBQ]
//   VectorQuantisationBenchmarks.'Lucene.NET flat scan': DefaultJob [Dimension=128, Quantisation=BBQ]
//   VectorQuantisationBenchmarks.'HNSW search': DefaultJob [Dimension=128, Quantisation=Int4]
//   VectorQuantisationBenchmarks.'Lucene.NET flat scan': DefaultJob [Dimension=128, Quantisation=Int4]
//   VectorQuantisationBenchmarks.'HNSW search': DefaultJob [Dimension=128, Quantisation=ProductQuantisation]
//   VectorQuantisationBenchmarks.'Lucene.NET flat scan': DefaultJob [Dimension=128, Quantisation=ProductQuantisation]

// **************************
// Benchmark: VectorQuantisationBenchmarks.'HNSW search': DefaultJob [Dimension=64, Quantisation=None]
// *** Execute ***
// Launch: 1 / 1
// Execute: dotnet Rowles.LeanCorpus.Benchmarks-DefaultJob-1.dll --ipcPort 35047 --benchmarkName "Rowles.LeanCorpus.Benchmarks.VectorQuantisationBenchmarks.Search(Dimension: 64, Quantisation: None)" --job Default --diagnoserRunMode 3 --benchmarkId 0 in /home/jordan/leancorpus/working_directory/src/devops/Rowles.LeanCorpus.Benchmarks/bin/Release/net10.0/Rowles.LeanCorpus.Benchmarks-DefaultJob-1/bin/Release/net10.0
// Failed to set up high priority (Permission denied). In order to run benchmarks with high priority, make sure you have the right permissions.
// BeforeAnythingElse

// Benchmark Process Environment Information:
// BenchmarkDotNet v0.16.0-nightly.20260427.506
// Runtime=.NET 10.0.3 (10.0.3, 10.0.326.7603), X64 RyuJIT x86-64-v2
// GC=Concurrent Workstation
// HardwareIntrinsics=AVX,SSE3+SSSE3+SSE4.1+SSE4.2+POPCNT,X86Base+SSE+SSE2,AES+PCLMUL VectorSize=128
// Job: DefaultJob

WorkloadJitting  1: 1 op, 3824562.00 ns, 3.8246 ms/op
WorkloadJitting  2: 30 op, 86420687.00 ns, 2.8807 ms/op
WorkloadJitting  3: 30 op, 87639363.00 ns, 2.9213 ms/op
WorkloadJitting  4: 30 op, 89093930.00 ns, 2.9698 ms/op
WorkloadJitting  5: 1 op, 3532210.00 ns, 3.5322 ms/op

WorkloadPilot    1: 1 op, 3788765.00 ns, 3.7888 ms/op

WorkloadPilot    1: 16 op, 46863985.00 ns, 2.9290 ms/op
WorkloadPilot    2: 32 op, 87664036.00 ns, 2.7395 ms/op
WorkloadPilot    3: 64 op, 160427626.00 ns, 2.5067 ms/op
WorkloadPilot    4: 128 op, 302005329.00 ns, 2.3594 ms/op
WorkloadPilot    5: 256 op, 586818485.00 ns, 2.2923 ms/op

WorkloadWarmup   1: 256 op, 580764415.00 ns, 2.2686 ms/op
WorkloadWarmup   2: 256 op, 574472957.00 ns, 2.2440 ms/op
WorkloadWarmup   3: 256 op, 593796850.00 ns, 2.3195 ms/op
WorkloadWarmup   4: 256 op, 584119314.00 ns, 2.2817 ms/op
WorkloadWarmup   5: 256 op, 575960194.00 ns, 2.2498 ms/op
WorkloadWarmup   6: 256 op, 592597827.00 ns, 2.3148 ms/op
WorkloadWarmup   7: 256 op, 579032439.00 ns, 2.2618 ms/op

// BeforeActualRun
WorkloadActual   1: 256 op, 585421771.00 ns, 2.2868 ms/op
WorkloadActual   2: 256 op, 578469810.00 ns, 2.2596 ms/op
WorkloadActual   3: 256 op, 590588769.00 ns, 2.3070 ms/op
WorkloadActual   4: 256 op, 577572775.00 ns, 2.2561 ms/op
WorkloadActual   5: 256 op, 584807033.00 ns, 2.2844 ms/op
WorkloadActual   6: 256 op, 592483416.00 ns, 2.3144 ms/op
WorkloadActual   7: 256 op, 609061899.00 ns, 2.3791 ms/op
WorkloadActual   8: 256 op, 577817785.00 ns, 2.2571 ms/op
WorkloadActual   9: 256 op, 576830591.00 ns, 2.2532 ms/op
WorkloadActual  10: 256 op, 581741419.00 ns, 2.2724 ms/op
WorkloadActual  11: 256 op, 602486623.00 ns, 2.3535 ms/op
WorkloadActual  12: 256 op, 581763109.00 ns, 2.2725 ms/op
WorkloadActual  13: 256 op, 579120906.00 ns, 2.2622 ms/op
WorkloadActual  14: 256 op, 596743721.00 ns, 2.3310 ms/op
WorkloadActual  15: 256 op, 581583646.00 ns, 2.2718 ms/op

// AfterActualRun
// BeforeExtraIteration
// AfterExtraIteration
WorkloadExtra    1: 256 op, 607604747.00 ns, 2.3735 ms/op
WorkloadResult   1: 256 op, 585421771.00 ns, 2.2868 ms/op
WorkloadResult   2: 256 op, 578469810.00 ns, 2.2596 ms/op
WorkloadResult   3: 256 op, 590588769.00 ns, 2.3070 ms/op
WorkloadResult   4: 256 op, 577572775.00 ns, 2.2561 ms/op
WorkloadResult   5: 256 op, 584807033.00 ns, 2.2844 ms/op
WorkloadResult   6: 256 op, 592483416.00 ns, 2.3144 ms/op
WorkloadResult   7: 256 op, 609061899.00 ns, 2.3791 ms/op
WorkloadResult   8: 256 op, 577817785.00 ns, 2.2571 ms/op
WorkloadResult   9: 256 op, 576830591.00 ns, 2.2532 ms/op
WorkloadResult  10: 256 op, 581741419.00 ns, 2.2724 ms/op
WorkloadResult  11: 256 op, 602486623.00 ns, 2.3535 ms/op
WorkloadResult  12: 256 op, 581763109.00 ns, 2.2725 ms/op
WorkloadResult  13: 256 op, 579120906.00 ns, 2.2622 ms/op
WorkloadResult  14: 256 op, 596743721.00 ns, 2.3310 ms/op
WorkloadResult  15: 256 op, 581583646.00 ns, 2.2718 ms/op
// GC:  2 0 0 10480336 256

// AfterAll
// Benchmark Process 376083 has exited with code 0.

Mean = 2.291 ms, StdErr = 0.010 ms (0.43%), N = 15, StdDev = 0.039 ms
Min = 2.253 ms, Q1 = 2.261 ms, Median = 2.273 ms, Q3 = 2.311 ms, Max = 2.379 ms
IQR = 0.050 ms, LowerFence = 2.186 ms, UpperFence = 2.385 ms
ConfidenceInterval = [2.250 ms; 2.332 ms] (CI 99.9%), Margin = 0.041 ms (1.80% of Mean)
Skewness = 0.95, Kurtosis = 2.6, MValue = 2

// ** Remained 19 (95.0%) benchmark(s) to run. Estimated finish 2026-07-30 15:13 (0h 24m from now) **
// **************************
// Benchmark: VectorQuantisationBenchmarks.'Lucene.NET flat scan': DefaultJob [Dimension=64, Quantisation=None]
// *** Execute ***
// Launch: 1 / 1
// Execute: dotnet Rowles.LeanCorpus.Benchmarks-DefaultJob-1.dll --ipcPort 42463 --benchmarkName "Rowles.LeanCorpus.Benchmarks.VectorQuantisationBenchmarks.LuceneNet_Baseline(Dimension: 64, Quantisation: None)" --job Default --diagnoserRunMode 3 --benchmarkId 1 in /home/jordan/leancorpus/working_directory/src/devops/Rowles.LeanCorpus.Benchmarks/bin/Release/net10.0/Rowles.LeanCorpus.Benchmarks-DefaultJob-1/bin/Release/net10.0
// Failed to set up high priority (Permission denied). In order to run benchmarks with high priority, make sure you have the right permissions.
// BeforeAnythingElse

// Benchmark Process Environment Information:
// BenchmarkDotNet v0.16.0-nightly.20260427.506
// Runtime=.NET 10.0.3 (10.0.3, 10.0.326.7603), X64 RyuJIT x86-64-v2
// GC=Concurrent Workstation
// HardwareIntrinsics=AVX,SSE3+SSSE3+SSE4.1+SSE4.2+POPCNT,X86Base+SSE+SSE2,AES+PCLMUL VectorSize=128
// Job: DefaultJob

WorkloadJitting  1: 1 op, 322160629.00 ns, 322.1606 ms/op
WorkloadJitting  2: 30 op, 7690360830.00 ns, 256.3454 ms/op
WorkloadJitting  3: 7 op, 1766516298.00 ns, 252.3595 ms/op
WorkloadJitting  4: 1 op, 254155215.00 ns, 254.1552 ms/op

WorkloadPilot    1: 2 op, 509422117.00 ns, 254.7111 ms/op

WorkloadWarmup   1: 2 op, 511770017.00 ns, 255.8850 ms/op
WorkloadWarmup   2: 2 op, 508221328.00 ns, 254.1107 ms/op
WorkloadWarmup   3: 2 op, 508280309.00 ns, 254.1402 ms/op
WorkloadWarmup   4: 2 op, 508306755.00 ns, 254.1534 ms/op
WorkloadWarmup   5: 2 op, 507775182.00 ns, 253.8876 ms/op
WorkloadWarmup   6: 2 op, 510077254.00 ns, 255.0386 ms/op
WorkloadWarmup   7: 2 op, 507728708.00 ns, 253.8644 ms/op

// BeforeActualRun
WorkloadActual   1: 2 op, 509582209.00 ns, 254.7911 ms/op
WorkloadActual   2: 2 op, 508704991.00 ns, 254.3525 ms/op
WorkloadActual   3: 2 op, 511425610.00 ns, 255.7128 ms/op
WorkloadActual   4: 2 op, 501725676.00 ns, 250.8628 ms/op
WorkloadActual   5: 2 op, 502454347.00 ns, 251.2272 ms/op
WorkloadActual   6: 2 op, 501328089.00 ns, 250.6640 ms/op
WorkloadActual   7: 2 op, 501418685.00 ns, 250.7093 ms/op
WorkloadActual   8: 2 op, 501803455.00 ns, 250.9017 ms/op
WorkloadActual   9: 2 op, 502997077.00 ns, 251.4985 ms/op
WorkloadActual  10: 2 op, 497479771.00 ns, 248.7399 ms/op
WorkloadActual  11: 2 op, 504638246.00 ns, 252.3191 ms/op
WorkloadActual  12: 2 op, 499282101.00 ns, 249.6411 ms/op
WorkloadActual  13: 2 op, 503836377.00 ns, 251.9182 ms/op
WorkloadActual  14: 2 op, 499092844.00 ns, 249.5464 ms/op
WorkloadActual  15: 2 op, 500721084.00 ns, 250.3605 ms/op

// AfterActualRun
// BeforeExtraIteration
// AfterExtraIteration
WorkloadExtra    1: 2 op, 500618637.00 ns, 250.3093 ms/op
WorkloadResult   1: 2 op, 508704991.00 ns, 254.3525 ms/op
WorkloadResult   2: 2 op, 501725676.00 ns, 250.8628 ms/op
WorkloadResult   3: 2 op, 502454347.00 ns, 251.2272 ms/op
WorkloadResult   4: 2 op, 501328089.00 ns, 250.6640 ms/op
WorkloadResult   5: 2 op, 501418685.00 ns, 250.7093 ms/op
WorkloadResult   6: 2 op, 501803455.00 ns, 250.9017 ms/op
WorkloadResult   7: 2 op, 502997077.00 ns, 251.4985 ms/op
WorkloadResult   8: 2 op, 497479771.00 ns, 248.7399 ms/op
WorkloadResult   9: 2 op, 504638246.00 ns, 252.3191 ms/op
WorkloadResult  10: 2 op, 499282101.00 ns, 249.6411 ms/op
WorkloadResult  11: 2 op, 503836377.00 ns, 251.9182 ms/op
WorkloadResult  12: 2 op, 499092844.00 ns, 249.5464 ms/op
WorkloadResult  13: 2 op, 500721084.00 ns, 250.3605 ms/op
// GC:  42 0 0 177600208 2

// AfterAll
// Benchmark Process 376198 has exited with code 0.

Mean = 250.980 ms, StdErr = 0.391 ms (0.16%), N = 13, StdDev = 1.409 ms
Min = 248.740 ms, Q1 = 250.361 ms, Median = 250.863 ms, Q3 = 251.499 ms, Max = 254.352 ms
IQR = 1.138 ms, LowerFence = 248.654 ms, UpperFence = 253.206 ms
ConfidenceInterval = [249.293 ms; 252.667 ms] (CI 99.9%), Margin = 1.687 ms (0.67% of Mean)
Skewness = 0.68, Kurtosis = 3.24, MValue = 2

// ** Remained 18 (90.0%) benchmark(s) to run. Estimated finish 2026-07-30 15:14 (0h 23m from now) **
// **************************
// Benchmark: VectorQuantisationBenchmarks.'HNSW search': DefaultJob [Dimension=64, Quantisation=Int8]
// *** Execute ***
// Launch: 1 / 1
// Execute: dotnet Rowles.LeanCorpus.Benchmarks-DefaultJob-1.dll --ipcPort 45463 --benchmarkName "Rowles.LeanCorpus.Benchmarks.VectorQuantisationBenchmarks.Search(Dimension: 64, Quantisation: Int8)" --job Default --diagnoserRunMode 3 --benchmarkId 2 in /home/jordan/leancorpus/working_directory/src/devops/Rowles.LeanCorpus.Benchmarks/bin/Release/net10.0/Rowles.LeanCorpus.Benchmarks-DefaultJob-1/bin/Release/net10.0
// Failed to set up high priority (Permission denied). In order to run benchmarks with high priority, make sure you have the right permissions.
// BeforeAnythingElse

// Benchmark Process Environment Information:
// BenchmarkDotNet v0.16.0-nightly.20260427.506
// Runtime=.NET 10.0.3 (10.0.3, 10.0.326.7603), X64 RyuJIT x86-64-v2
// GC=Concurrent Workstation
// HardwareIntrinsics=AVX,SSE3+SSSE3+SSE4.1+SSE4.2+POPCNT,X86Base+SSE+SSE2,AES+PCLMUL VectorSize=128
// Job: DefaultJob

WorkloadJitting  1: 1 op, 4740543.00 ns, 4.7405 ms/op
WorkloadJitting  2: 30 op, 98839374.00 ns, 3.2946 ms/op
WorkloadJitting  3: 30 op, 96871732.00 ns, 3.2291 ms/op
WorkloadJitting  4: 30 op, 91559786.00 ns, 3.0520 ms/op
WorkloadJitting  5: 1 op, 4234828.00 ns, 4.2348 ms/op

WorkloadPilot    1: 1 op, 4551913.00 ns, 4.5519 ms/op

WorkloadPilot    1: 16 op, 50954301.00 ns, 3.1846 ms/op
WorkloadPilot    2: 32 op, 96017290.00 ns, 3.0005 ms/op
WorkloadPilot    3: 64 op, 181775091.00 ns, 2.8402 ms/op
WorkloadPilot    4: 128 op, 356770215.00 ns, 2.7873 ms/op
WorkloadPilot    5: 256 op, 703303325.00 ns, 2.7473 ms/op

WorkloadWarmup   1: 256 op, 702597617.00 ns, 2.7445 ms/op
WorkloadWarmup   2: 256 op, 697970378.00 ns, 2.7264 ms/op
WorkloadWarmup   3: 256 op, 708374269.00 ns, 2.7671 ms/op
WorkloadWarmup   4: 256 op, 704209551.00 ns, 2.7508 ms/op
WorkloadWarmup   5: 256 op, 701489832.00 ns, 2.7402 ms/op
WorkloadWarmup   6: 256 op, 697495848.00 ns, 2.7246 ms/op
WorkloadWarmup   7: 256 op, 699557610.00 ns, 2.7326 ms/op
WorkloadWarmup   8: 256 op, 697856661.00 ns, 2.7260 ms/op

// BeforeActualRun
WorkloadActual   1: 256 op, 701935192.00 ns, 2.7419 ms/op
WorkloadActual   2: 256 op, 689400604.00 ns, 2.6930 ms/op
WorkloadActual   3: 256 op, 691132474.00 ns, 2.6997 ms/op
WorkloadActual   4: 256 op, 705077291.00 ns, 2.7542 ms/op
WorkloadActual   5: 256 op, 701892160.00 ns, 2.7418 ms/op
WorkloadActual   6: 256 op, 701838669.00 ns, 2.7416 ms/op
WorkloadActual   7: 256 op, 701467656.00 ns, 2.7401 ms/op
WorkloadActual   8: 256 op, 693599624.00 ns, 2.7094 ms/op
WorkloadActual   9: 256 op, 703206932.00 ns, 2.7469 ms/op
WorkloadActual  10: 256 op, 702224781.00 ns, 2.7431 ms/op
WorkloadActual  11: 256 op, 711450851.00 ns, 2.7791 ms/op
WorkloadActual  12: 256 op, 706590984.00 ns, 2.7601 ms/op
WorkloadActual  13: 256 op, 708453743.00 ns, 2.7674 ms/op
WorkloadActual  14: 256 op, 705683560.00 ns, 2.7566 ms/op
WorkloadActual  15: 256 op, 703482367.00 ns, 2.7480 ms/op

// AfterActualRun
// BeforeExtraIteration
// AfterExtraIteration
WorkloadExtra    1: 256 op, 700607019.00 ns, 2.7367 ms/op
WorkloadResult   1: 256 op, 701935192.00 ns, 2.7419 ms/op
WorkloadResult   2: 256 op, 689400604.00 ns, 2.6930 ms/op
WorkloadResult   3: 256 op, 691132474.00 ns, 2.6997 ms/op
WorkloadResult   4: 256 op, 705077291.00 ns, 2.7542 ms/op
WorkloadResult   5: 256 op, 701892160.00 ns, 2.7418 ms/op
WorkloadResult   6: 256 op, 701838669.00 ns, 2.7416 ms/op
WorkloadResult   7: 256 op, 701467656.00 ns, 2.7401 ms/op
WorkloadResult   8: 256 op, 693599624.00 ns, 2.7094 ms/op
WorkloadResult   9: 256 op, 703206932.00 ns, 2.7469 ms/op
WorkloadResult  10: 256 op, 702224781.00 ns, 2.7431 ms/op
WorkloadResult  11: 256 op, 706590984.00 ns, 2.7601 ms/op
WorkloadResult  12: 256 op, 708453743.00 ns, 2.7674 ms/op
WorkloadResult  13: 256 op, 705683560.00 ns, 2.7566 ms/op
WorkloadResult  14: 256 op, 703482367.00 ns, 2.7480 ms/op
// GC:  2 0 0 10439376 256

// AfterAll
// Benchmark Process 376309 has exited with code 0.

Mean = 2.739 ms, StdErr = 0.006 ms (0.22%), N = 14, StdDev = 0.022 ms
Min = 2.693 ms, Q1 = 2.740 ms, Median = 2.742 ms, Q3 = 2.753 ms, Max = 2.767 ms
IQR = 0.012 ms, LowerFence = 2.722 ms, UpperFence = 2.771 ms
ConfidenceInterval = [2.714 ms; 2.764 ms] (CI 99.9%), Margin = 0.025 ms (0.92% of Mean)
Skewness = -0.88, Kurtosis = 2.43, MValue = 2

// ** Remained 17 (85.0%) benchmark(s) to run. Estimated finish 2026-07-30 15:37 (0h 41m from now) **
// **************************
// Benchmark: VectorQuantisationBenchmarks.'Lucene.NET flat scan': DefaultJob [Dimension=64, Quantisation=Int8]
// *** Execute ***
// Launch: 1 / 1
// Execute: dotnet Rowles.LeanCorpus.Benchmarks-DefaultJob-1.dll --ipcPort 33651 --benchmarkName "Rowles.LeanCorpus.Benchmarks.VectorQuantisationBenchmarks.LuceneNet_Baseline(Dimension: 64, Quantisation: Int8)" --job Default --diagnoserRunMode 3 --benchmarkId 3 in /home/jordan/leancorpus/working_directory/src/devops/Rowles.LeanCorpus.Benchmarks/bin/Release/net10.0/Rowles.LeanCorpus.Benchmarks-DefaultJob-1/bin/Release/net10.0
// Failed to set up high priority (Permission denied). In order to run benchmarks with high priority, make sure you have the right permissions.
// BeforeAnythingElse

// Benchmark Process Environment Information:
// BenchmarkDotNet v0.16.0-nightly.20260427.506
// Runtime=.NET 10.0.3 (10.0.3, 10.0.326.7603), X64 RyuJIT x86-64-v2
// GC=Concurrent Workstation
// HardwareIntrinsics=AVX,SSE3+SSSE3+SSE4.1+SSE4.2+POPCNT,X86Base+SSE+SSE2,AES+PCLMUL VectorSize=128
// Job: DefaultJob

WorkloadJitting  1: 1 op, 324352790.00 ns, 324.3528 ms/op
WorkloadJitting  2: 30 op, 7795856282.00 ns, 259.8619 ms/op
WorkloadJitting  3: 7 op, 1789183289.00 ns, 255.5976 ms/op
WorkloadJitting  4: 1 op, 256941650.00 ns, 256.9417 ms/op

WorkloadPilot    1: 2 op, 502665057.00 ns, 251.3325 ms/op

WorkloadWarmup   1: 2 op, 508864550.00 ns, 254.4323 ms/op
WorkloadWarmup   2: 2 op, 507999377.00 ns, 253.9997 ms/op
WorkloadWarmup   3: 2 op, 508765271.00 ns, 254.3826 ms/op
WorkloadWarmup   4: 2 op, 503610061.00 ns, 251.8050 ms/op
WorkloadWarmup   5: 2 op, 504985921.00 ns, 252.4930 ms/op
WorkloadWarmup   6: 2 op, 511291031.00 ns, 255.6455 ms/op
WorkloadWarmup   7: 2 op, 510400316.00 ns, 255.2002 ms/op

// BeforeActualRun
WorkloadActual   1: 2 op, 509520313.00 ns, 254.7602 ms/op
WorkloadActual   2: 2 op, 509902575.00 ns, 254.9513 ms/op
WorkloadActual   3: 2 op, 511258730.00 ns, 255.6294 ms/op
WorkloadActual   4: 2 op, 500905220.00 ns, 250.4526 ms/op
WorkloadActual   5: 2 op, 502374222.00 ns, 251.1871 ms/op
WorkloadActual   6: 2 op, 500249931.00 ns, 250.1250 ms/op
WorkloadActual   7: 2 op, 502836964.00 ns, 251.4185 ms/op
WorkloadActual   8: 2 op, 503089316.00 ns, 251.5447 ms/op
WorkloadActual   9: 2 op, 506216652.00 ns, 253.1083 ms/op
WorkloadActual  10: 2 op, 506198204.00 ns, 253.0991 ms/op
WorkloadActual  11: 2 op, 506109887.00 ns, 253.0549 ms/op
WorkloadActual  12: 2 op, 507082092.00 ns, 253.5410 ms/op
WorkloadActual  13: 2 op, 505890121.00 ns, 252.9451 ms/op
WorkloadActual  14: 2 op, 506344385.00 ns, 253.1722 ms/op
WorkloadActual  15: 2 op, 506371189.00 ns, 253.1856 ms/op

// AfterActualRun
// BeforeExtraIteration
// AfterExtraIteration
WorkloadExtra    1: 2 op, 504365707.00 ns, 252.1829 ms/op
WorkloadResult   1: 2 op, 509520313.00 ns, 254.7602 ms/op
WorkloadResult   2: 2 op, 509902575.00 ns, 254.9513 ms/op
WorkloadResult   3: 2 op, 511258730.00 ns, 255.6294 ms/op
WorkloadResult   4: 2 op, 500905220.00 ns, 250.4526 ms/op
WorkloadResult   5: 2 op, 502374222.00 ns, 251.1871 ms/op
WorkloadResult   6: 2 op, 500249931.00 ns, 250.1250 ms/op
WorkloadResult   7: 2 op, 502836964.00 ns, 251.4185 ms/op
WorkloadResult   8: 2 op, 503089316.00 ns, 251.5447 ms/op
WorkloadResult   9: 2 op, 506216652.00 ns, 253.1083 ms/op
WorkloadResult  10: 2 op, 506198204.00 ns, 253.0991 ms/op
WorkloadResult  11: 2 op, 506109887.00 ns, 253.0549 ms/op
WorkloadResult  12: 2 op, 507082092.00 ns, 253.5410 ms/op
WorkloadResult  13: 2 op, 505890121.00 ns, 252.9451 ms/op
WorkloadResult  14: 2 op, 506344385.00 ns, 253.1722 ms/op
WorkloadResult  15: 2 op, 506371189.00 ns, 253.1856 ms/op
// GC:  42 0 0 177600208 2

// AfterAll
// Benchmark Process 377288 has exited with code 0.

Mean = 252.812 ms, StdErr = 0.416 ms (0.16%), N = 15, StdDev = 1.611 ms
Min = 250.125 ms, Q1 = 251.482 ms, Median = 253.099 ms, Q3 = 253.363 ms, Max = 255.629 ms
IQR = 1.882 ms, LowerFence = 248.659 ms, UpperFence = 256.186 ms
ConfidenceInterval = [251.089 ms; 254.534 ms] (CI 99.9%), Margin = 1.722 ms (0.68% of Mean)
Skewness = -0.02, Kurtosis = 1.93, MValue = 2

// ** Remained 16 (80.0%) benchmark(s) to run. Estimated finish 2026-07-30 15:48 (0h 48m from now) **
// **************************
// Benchmark: VectorQuantisationBenchmarks.'HNSW search': DefaultJob [Dimension=64, Quantisation=BBQ]
// *** Execute ***
// Launch: 1 / 1
// Execute: dotnet Rowles.LeanCorpus.Benchmarks-DefaultJob-1.dll --ipcPort 35291 --benchmarkName "Rowles.LeanCorpus.Benchmarks.VectorQuantisationBenchmarks.Search(Dimension: 64, Quantisation: BBQ)" --job Default --diagnoserRunMode 3 --benchmarkId 4 in /home/jordan/leancorpus/working_directory/src/devops/Rowles.LeanCorpus.Benchmarks/bin/Release/net10.0/Rowles.LeanCorpus.Benchmarks-DefaultJob-1/bin/Release/net10.0
// Failed to set up high priority (Permission denied). In order to run benchmarks with high priority, make sure you have the right permissions.
// BeforeAnythingElse

// Benchmark Process Environment Information:
// BenchmarkDotNet v0.16.0-nightly.20260427.506
// Runtime=.NET 10.0.3 (10.0.3, 10.0.326.7603), X64 RyuJIT x86-64-v2
// GC=Concurrent Workstation
// HardwareIntrinsics=AVX,SSE3+SSSE3+SSE4.1+SSE4.2+POPCNT,X86Base+SSE+SSE2,AES+PCLMUL VectorSize=128
// Job: DefaultJob

WorkloadJitting  1: 1 op, 5169461.00 ns, 5.1695 ms/op
WorkloadJitting  2: 30 op, 116907346.00 ns, 3.8969 ms/op
WorkloadJitting  3: 30 op, 116708569.00 ns, 3.8903 ms/op
WorkloadJitting  4: 30 op, 113986970.00 ns, 3.7996 ms/op
WorkloadJitting  5: 1 op, 4877902.00 ns, 4.8779 ms/op

WorkloadPilot    1: 1 op, 5407575.00 ns, 5.4076 ms/op

WorkloadPilot    1: 16 op, 62579497.00 ns, 3.9112 ms/op
WorkloadPilot    2: 32 op, 122015071.00 ns, 3.8130 ms/op
WorkloadPilot    3: 64 op, 240196427.00 ns, 3.7531 ms/op
WorkloadPilot    4: 128 op, 474136605.00 ns, 3.7042 ms/op
WorkloadPilot    5: 256 op, 940121574.00 ns, 3.6723 ms/op

WorkloadWarmup   1: 256 op, 948555924.00 ns, 3.7053 ms/op
WorkloadWarmup   2: 256 op, 949872250.00 ns, 3.7104 ms/op
WorkloadWarmup   3: 256 op, 937664804.00 ns, 3.6628 ms/op
WorkloadWarmup   4: 256 op, 943366473.00 ns, 3.6850 ms/op
WorkloadWarmup   5: 256 op, 951402677.00 ns, 3.7164 ms/op
WorkloadWarmup   6: 256 op, 946103922.00 ns, 3.6957 ms/op

// BeforeActualRun
WorkloadActual   1: 256 op, 944045097.00 ns, 3.6877 ms/op
WorkloadActual   2: 256 op, 948849862.00 ns, 3.7064 ms/op
WorkloadActual   3: 256 op, 954807794.00 ns, 3.7297 ms/op
WorkloadActual   4: 256 op, 951664457.00 ns, 3.7174 ms/op
WorkloadActual   5: 256 op, 952435929.00 ns, 3.7205 ms/op
WorkloadActual   6: 256 op, 945462910.00 ns, 3.6932 ms/op
WorkloadActual   7: 256 op, 946618577.00 ns, 3.6977 ms/op
WorkloadActual   8: 256 op, 954487585.00 ns, 3.7285 ms/op
WorkloadActual   9: 256 op, 954104460.00 ns, 3.7270 ms/op
WorkloadActual  10: 256 op, 955768973.00 ns, 3.7335 ms/op
WorkloadActual  11: 256 op, 955226570.00 ns, 3.7314 ms/op
WorkloadActual  12: 256 op, 951074873.00 ns, 3.7151 ms/op
WorkloadActual  13: 256 op, 955328425.00 ns, 3.7318 ms/op
WorkloadActual  14: 256 op, 954296676.00 ns, 3.7277 ms/op
WorkloadActual  15: 256 op, 958771294.00 ns, 3.7452 ms/op

// AfterActualRun
// BeforeExtraIteration
// AfterExtraIteration
WorkloadExtra    1: 256 op, 946085262.00 ns, 3.6956 ms/op
WorkloadResult   1: 256 op, 944045097.00 ns, 3.6877 ms/op
WorkloadResult   2: 256 op, 948849862.00 ns, 3.7064 ms/op
WorkloadResult   3: 256 op, 954807794.00 ns, 3.7297 ms/op
WorkloadResult   4: 256 op, 951664457.00 ns, 3.7174 ms/op
WorkloadResult   5: 256 op, 952435929.00 ns, 3.7205 ms/op
WorkloadResult   6: 256 op, 945462910.00 ns, 3.6932 ms/op
WorkloadResult   7: 256 op, 946618577.00 ns, 3.6977 ms/op
WorkloadResult   8: 256 op, 954487585.00 ns, 3.7285 ms/op
WorkloadResult   9: 256 op, 954104460.00 ns, 3.7270 ms/op
WorkloadResult  10: 256 op, 955768973.00 ns, 3.7335 ms/op
WorkloadResult  11: 256 op, 955226570.00 ns, 3.7314 ms/op
WorkloadResult  12: 256 op, 951074873.00 ns, 3.7151 ms/op
WorkloadResult  13: 256 op, 955328425.00 ns, 3.7318 ms/op
WorkloadResult  14: 256 op, 954296676.00 ns, 3.7277 ms/op
WorkloadResult  15: 256 op, 958771294.00 ns, 3.7452 ms/op
// GC:  2 0 0 11315920 256

// AfterAll
// Benchmark Process 377775 has exited with code 0.

Mean = 3.720 ms, StdErr = 0.004 ms (0.11%), N = 15, StdDev = 0.017 ms
Min = 3.688 ms, Q1 = 3.711 ms, Median = 3.727 ms, Q3 = 3.731 ms, Max = 3.745 ms
IQR = 0.020 ms, LowerFence = 3.681 ms, UpperFence = 3.760 ms
ConfidenceInterval = [3.702 ms; 3.737 ms] (CI 99.9%), Margin = 0.018 ms (0.48% of Mean)
Skewness = -0.55, Kurtosis = 2.05, MValue = 2

// ** Remained 15 (75.0%) benchmark(s) to run. Estimated finish 2026-07-30 15:42 (0h 40m from now) **
// **************************
// Benchmark: VectorQuantisationBenchmarks.'Lucene.NET flat scan': DefaultJob [Dimension=64, Quantisation=BBQ]
// *** Execute ***
// Launch: 1 / 1
// Execute: dotnet Rowles.LeanCorpus.Benchmarks-DefaultJob-1.dll --ipcPort 40741 --benchmarkName "Rowles.LeanCorpus.Benchmarks.VectorQuantisationBenchmarks.LuceneNet_Baseline(Dimension: 64, Quantisation: BBQ)" --job Default --diagnoserRunMode 3 --benchmarkId 5 in /home/jordan/leancorpus/working_directory/src/devops/Rowles.LeanCorpus.Benchmarks/bin/Release/net10.0/Rowles.LeanCorpus.Benchmarks-DefaultJob-1/bin/Release/net10.0
// Failed to set up high priority (Permission denied). In order to run benchmarks with high priority, make sure you have the right permissions.
// BeforeAnythingElse

// Benchmark Process Environment Information:
// BenchmarkDotNet v0.16.0-nightly.20260427.506
// Runtime=.NET 10.0.3 (10.0.3, 10.0.326.7603), X64 RyuJIT x86-64-v2
// GC=Concurrent Workstation
// HardwareIntrinsics=AVX,SSE3+SSSE3+SSE4.1+SSE4.2+POPCNT,X86Base+SSE+SSE2,AES+PCLMUL VectorSize=128
// Job: DefaultJob

WorkloadJitting  1: 1 op, 321197135.00 ns, 321.1971 ms/op
WorkloadJitting  2: 30 op, 7891337567.00 ns, 263.0446 ms/op
WorkloadJitting  3: 6 op, 1547419035.00 ns, 257.9032 ms/op
WorkloadJitting  4: 1 op, 262278380.00 ns, 262.2784 ms/op

WorkloadPilot    1: 2 op, 514809103.00 ns, 257.4046 ms/op

WorkloadWarmup   1: 2 op, 514672418.00 ns, 257.3362 ms/op
WorkloadWarmup   2: 2 op, 512935438.00 ns, 256.4677 ms/op
WorkloadWarmup   3: 2 op, 518323760.00 ns, 259.1619 ms/op
WorkloadWarmup   4: 2 op, 519103697.00 ns, 259.5518 ms/op
WorkloadWarmup   5: 2 op, 520289362.00 ns, 260.1447 ms/op
WorkloadWarmup   6: 2 op, 522564269.00 ns, 261.2821 ms/op
WorkloadWarmup   7: 2 op, 519454770.00 ns, 259.7274 ms/op
WorkloadWarmup   8: 2 op, 518377747.00 ns, 259.1889 ms/op
WorkloadWarmup   9: 2 op, 523313348.00 ns, 261.6567 ms/op
WorkloadWarmup  10: 2 op, 522786909.00 ns, 261.3935 ms/op

// BeforeActualRun
WorkloadActual   1: 2 op, 521288922.00 ns, 260.6445 ms/op
WorkloadActual   2: 2 op, 509646141.00 ns, 254.8231 ms/op
WorkloadActual   3: 2 op, 512251850.00 ns, 256.1259 ms/op
WorkloadActual   4: 2 op, 516185987.00 ns, 258.0930 ms/op
WorkloadActual   5: 2 op, 515591047.00 ns, 257.7955 ms/op
WorkloadActual   6: 2 op, 509118736.00 ns, 254.5594 ms/op
WorkloadActual   7: 2 op, 514012625.00 ns, 257.0063 ms/op
WorkloadActual   8: 2 op, 507749012.00 ns, 253.8745 ms/op
WorkloadActual   9: 2 op, 511097348.00 ns, 255.5487 ms/op
WorkloadActual  10: 2 op, 516185694.00 ns, 258.0928 ms/op
WorkloadActual  11: 2 op, 508119502.00 ns, 254.0598 ms/op
WorkloadActual  12: 2 op, 511145450.00 ns, 255.5727 ms/op
WorkloadActual  13: 2 op, 511021911.00 ns, 255.5110 ms/op
WorkloadActual  14: 2 op, 510842528.00 ns, 255.4213 ms/op
WorkloadActual  15: 2 op, 510488645.00 ns, 255.2443 ms/op

// AfterActualRun
// BeforeExtraIteration
// AfterExtraIteration
WorkloadExtra    1: 2 op, 516076776.00 ns, 258.0384 ms/op
WorkloadResult   1: 2 op, 521288922.00 ns, 260.6445 ms/op
WorkloadResult   2: 2 op, 509646141.00 ns, 254.8231 ms/op
WorkloadResult   3: 2 op, 512251850.00 ns, 256.1259 ms/op
WorkloadResult   4: 2 op, 516185987.00 ns, 258.0930 ms/op
WorkloadResult   5: 2 op, 515591047.00 ns, 257.7955 ms/op
WorkloadResult   6: 2 op, 509118736.00 ns, 254.5594 ms/op
WorkloadResult   7: 2 op, 514012625.00 ns, 257.0063 ms/op
WorkloadResult   8: 2 op, 507749012.00 ns, 253.8745 ms/op
WorkloadResult   9: 2 op, 511097348.00 ns, 255.5487 ms/op
WorkloadResult  10: 2 op, 516185694.00 ns, 258.0928 ms/op
WorkloadResult  11: 2 op, 508119502.00 ns, 254.0598 ms/op
WorkloadResult  12: 2 op, 511145450.00 ns, 255.5727 ms/op
WorkloadResult  13: 2 op, 511021911.00 ns, 255.5110 ms/op
WorkloadResult  14: 2 op, 510842528.00 ns, 255.4213 ms/op
WorkloadResult  15: 2 op, 510488645.00 ns, 255.2443 ms/op
// GC:  42 0 0 177600208 2

// AfterAll
// Benchmark Process 377867 has exited with code 0.

Mean = 256.158 ms, StdErr = 0.476 ms (0.19%), N = 15, StdDev = 1.842 ms
Min = 253.875 ms, Q1 = 255.034 ms, Median = 255.549 ms, Q3 = 257.401 ms, Max = 260.644 ms
IQR = 2.367 ms, LowerFence = 251.483 ms, UpperFence = 260.952 ms
ConfidenceInterval = [254.189 ms; 258.127 ms] (CI 99.9%), Margin = 1.969 ms (0.77% of Mean)
Skewness = 0.86, Kurtosis = 2.89, MValue = 2

// ** Remained 14 (70.0%) benchmark(s) to run. Estimated finish 2026-07-30 15:37 (0h 34m from now) **
// **************************
// Benchmark: VectorQuantisationBenchmarks.'HNSW search': DefaultJob [Dimension=64, Quantisation=Int4]
// *** Execute ***
// Launch: 1 / 1
// Execute: dotnet Rowles.LeanCorpus.Benchmarks-DefaultJob-1.dll --ipcPort 40907 --benchmarkName "Rowles.LeanCorpus.Benchmarks.VectorQuantisationBenchmarks.Search(Dimension: 64, Quantisation: Int4)" --job Default --diagnoserRunMode 3 --benchmarkId 6 in /home/jordan/leancorpus/working_directory/src/devops/Rowles.LeanCorpus.Benchmarks/bin/Release/net10.0/Rowles.LeanCorpus.Benchmarks-DefaultJob-1/bin/Release/net10.0
// Failed to set up high priority (Permission denied). In order to run benchmarks with high priority, make sure you have the right permissions.
// BeforeAnythingElse

// Benchmark Process Environment Information:
// BenchmarkDotNet v0.16.0-nightly.20260427.506
// Runtime=.NET 10.0.3 (10.0.3, 10.0.326.7603), X64 RyuJIT x86-64-v2
// GC=Concurrent Workstation
// HardwareIntrinsics=AVX,SSE3+SSSE3+SSE4.1+SSE4.2+POPCNT,X86Base+SSE+SSE2,AES+PCLMUL VectorSize=128
// Job: DefaultJob

WorkloadJitting  1: 1 op, 6666313.00 ns, 6.6663 ms/op
WorkloadJitting  2: 30 op, 158941402.00 ns, 5.2980 ms/op
WorkloadJitting  3: 30 op, 158181553.00 ns, 5.2727 ms/op
WorkloadJitting  4: 30 op, 149386899.00 ns, 4.9796 ms/op
WorkloadJitting  5: 1 op, 8334561.00 ns, 8.3346 ms/op

WorkloadPilot    1: 1 op, 8800629.00 ns, 8.8006 ms/op

WorkloadPilot    1: 16 op, 84959662.00 ns, 5.3100 ms/op
WorkloadPilot    2: 32 op, 163113987.00 ns, 5.0973 ms/op
WorkloadPilot    3: 64 op, 317077820.00 ns, 4.9543 ms/op
WorkloadPilot    4: 128 op, 630242296.00 ns, 4.9238 ms/op

WorkloadWarmup   1: 128 op, 629421506.00 ns, 4.9174 ms/op
WorkloadWarmup   2: 128 op, 626870431.00 ns, 4.8974 ms/op
WorkloadWarmup   3: 128 op, 624435713.00 ns, 4.8784 ms/op
WorkloadWarmup   4: 128 op, 628133487.00 ns, 4.9073 ms/op
WorkloadWarmup   5: 128 op, 615780388.00 ns, 4.8108 ms/op
WorkloadWarmup   6: 128 op, 626164531.00 ns, 4.8919 ms/op
WorkloadWarmup   7: 128 op, 627456405.00 ns, 4.9020 ms/op
WorkloadWarmup   8: 128 op, 629144339.00 ns, 4.9152 ms/op
WorkloadWarmup   9: 128 op, 625156471.00 ns, 4.8840 ms/op

// BeforeActualRun
WorkloadActual   1: 128 op, 631760188.00 ns, 4.9356 ms/op
WorkloadActual   2: 128 op, 625185995.00 ns, 4.8843 ms/op
WorkloadActual   3: 128 op, 629874510.00 ns, 4.9209 ms/op
WorkloadActual   4: 128 op, 626262542.00 ns, 4.8927 ms/op
WorkloadActual   5: 128 op, 616817026.00 ns, 4.8189 ms/op
WorkloadActual   6: 128 op, 622312324.00 ns, 4.8618 ms/op
WorkloadActual   7: 128 op, 626087336.00 ns, 4.8913 ms/op
WorkloadActual   8: 128 op, 625552163.00 ns, 4.8871 ms/op
WorkloadActual   9: 128 op, 626167187.00 ns, 4.8919 ms/op
WorkloadActual  10: 128 op, 626054558.00 ns, 4.8911 ms/op
WorkloadActual  11: 128 op, 626582143.00 ns, 4.8952 ms/op
WorkloadActual  12: 128 op, 625186374.00 ns, 4.8843 ms/op
WorkloadActual  13: 128 op, 628342621.00 ns, 4.9089 ms/op
WorkloadActual  14: 128 op, 628534148.00 ns, 4.9104 ms/op
WorkloadActual  15: 128 op, 629923884.00 ns, 4.9213 ms/op

// AfterActualRun
// BeforeExtraIteration
// AfterExtraIteration
WorkloadExtra    1: 128 op, 633401358.00 ns, 4.9484 ms/op
WorkloadResult   1: 128 op, 631760188.00 ns, 4.9356 ms/op
WorkloadResult   2: 128 op, 625185995.00 ns, 4.8843 ms/op
WorkloadResult   3: 128 op, 629874510.00 ns, 4.9209 ms/op
WorkloadResult   4: 128 op, 626262542.00 ns, 4.8927 ms/op
WorkloadResult   5: 128 op, 616817026.00 ns, 4.8189 ms/op
WorkloadResult   6: 128 op, 622312324.00 ns, 4.8618 ms/op
WorkloadResult   7: 128 op, 626087336.00 ns, 4.8913 ms/op
WorkloadResult   8: 128 op, 625552163.00 ns, 4.8871 ms/op
WorkloadResult   9: 128 op, 626167187.00 ns, 4.8919 ms/op
WorkloadResult  10: 128 op, 626054558.00 ns, 4.8911 ms/op
WorkloadResult  11: 128 op, 626582143.00 ns, 4.8952 ms/op
WorkloadResult  12: 128 op, 625186374.00 ns, 4.8843 ms/op
WorkloadResult  13: 128 op, 628342621.00 ns, 4.9089 ms/op
WorkloadResult  14: 128 op, 628534148.00 ns, 4.9104 ms/op
WorkloadResult  15: 128 op, 629923884.00 ns, 4.9213 ms/op
// GC:  150 0 0 630174096 128

// AfterAll
// Benchmark Process 377968 has exited with code 0.

Mean = 4.893 ms, StdErr = 0.007 ms (0.15%), N = 15, StdDev = 0.028 ms
Min = 4.819 ms, Q1 = 4.886 ms, Median = 4.892 ms, Q3 = 4.910 ms, Max = 4.936 ms
IQR = 0.024 ms, LowerFence = 4.850 ms, UpperFence = 4.946 ms
ConfidenceInterval = [4.864 ms; 4.922 ms] (CI 99.9%), Margin = 0.029 ms (0.60% of Mean)
Skewness = -0.99, Kurtosis = 4.16, MValue = 2

// ** Remained 13 (65.0%) benchmark(s) to run. Estimated finish 2026-07-30 15:34 (0h 29m from now) **
// **************************
// Benchmark: VectorQuantisationBenchmarks.'Lucene.NET flat scan': DefaultJob [Dimension=64, Quantisation=Int4]
// *** Execute ***
// Launch: 1 / 1
// Execute: dotnet Rowles.LeanCorpus.Benchmarks-DefaultJob-1.dll --ipcPort 42023 --benchmarkName "Rowles.LeanCorpus.Benchmarks.VectorQuantisationBenchmarks.LuceneNet_Baseline(Dimension: 64, Quantisation: Int4)" --job Default --diagnoserRunMode 3 --benchmarkId 7 in /home/jordan/leancorpus/working_directory/src/devops/Rowles.LeanCorpus.Benchmarks/bin/Release/net10.0/Rowles.LeanCorpus.Benchmarks-DefaultJob-1/bin/Release/net10.0
// Failed to set up high priority (Permission denied). In order to run benchmarks with high priority, make sure you have the right permissions.
// BeforeAnythingElse

// Benchmark Process Environment Information:
// BenchmarkDotNet v0.16.0-nightly.20260427.506
// Runtime=.NET 10.0.3 (10.0.3, 10.0.326.7603), X64 RyuJIT x86-64-v2
// GC=Concurrent Workstation
// HardwareIntrinsics=AVX,SSE3+SSSE3+SSE4.1+SSE4.2+POPCNT,X86Base+SSE+SSE2,AES+PCLMUL VectorSize=128
// Job: DefaultJob

WorkloadJitting  1: 1 op, 321036879.00 ns, 321.0369 ms/op
WorkloadJitting  2: 30 op, 7712019851.00 ns, 257.0673 ms/op
WorkloadJitting  3: 7 op, 1767723275.00 ns, 252.5319 ms/op
WorkloadJitting  4: 1 op, 257309845.00 ns, 257.3098 ms/op

WorkloadPilot    1: 2 op, 510452405.00 ns, 255.2262 ms/op

WorkloadWarmup   1: 2 op, 508035963.00 ns, 254.0180 ms/op
WorkloadWarmup   2: 2 op, 508580421.00 ns, 254.2902 ms/op
WorkloadWarmup   3: 2 op, 508401903.00 ns, 254.2010 ms/op
WorkloadWarmup   4: 2 op, 506024158.00 ns, 253.0121 ms/op
WorkloadWarmup   5: 2 op, 509009528.00 ns, 254.5048 ms/op
WorkloadWarmup   6: 2 op, 506497637.00 ns, 253.2488 ms/op

// BeforeActualRun
WorkloadActual   1: 2 op, 510860596.00 ns, 255.4303 ms/op
WorkloadActual   2: 2 op, 508541300.00 ns, 254.2707 ms/op
WorkloadActual   3: 2 op, 510896037.00 ns, 255.4480 ms/op
WorkloadActual   4: 2 op, 508387230.00 ns, 254.1936 ms/op
WorkloadActual   5: 2 op, 504210302.00 ns, 252.1052 ms/op
WorkloadActual   6: 2 op, 501170756.00 ns, 250.5854 ms/op
WorkloadActual   7: 2 op, 500875709.00 ns, 250.4379 ms/op
WorkloadActual   8: 2 op, 503730215.00 ns, 251.8651 ms/op
WorkloadActual   9: 2 op, 504075844.00 ns, 252.0379 ms/op
WorkloadActual  10: 2 op, 502454206.00 ns, 251.2271 ms/op
WorkloadActual  11: 2 op, 499547145.00 ns, 249.7736 ms/op
WorkloadActual  12: 2 op, 506619361.00 ns, 253.3097 ms/op
WorkloadActual  13: 2 op, 506387282.00 ns, 253.1936 ms/op
WorkloadActual  14: 2 op, 506766562.00 ns, 253.3833 ms/op
WorkloadActual  15: 2 op, 506814766.00 ns, 253.4074 ms/op

// AfterActualRun
// BeforeExtraIteration
// AfterExtraIteration
WorkloadExtra    1: 2 op, 507820565.00 ns, 253.9103 ms/op
WorkloadResult   1: 2 op, 510860596.00 ns, 255.4303 ms/op
WorkloadResult   2: 2 op, 508541300.00 ns, 254.2707 ms/op
WorkloadResult   3: 2 op, 510896037.00 ns, 255.4480 ms/op
WorkloadResult   4: 2 op, 508387230.00 ns, 254.1936 ms/op
WorkloadResult   5: 2 op, 504210302.00 ns, 252.1052 ms/op
WorkloadResult   6: 2 op, 501170756.00 ns, 250.5854 ms/op
WorkloadResult   7: 2 op, 500875709.00 ns, 250.4379 ms/op
WorkloadResult   8: 2 op, 503730215.00 ns, 251.8651 ms/op
WorkloadResult   9: 2 op, 504075844.00 ns, 252.0379 ms/op
WorkloadResult  10: 2 op, 502454206.00 ns, 251.2271 ms/op
WorkloadResult  11: 2 op, 499547145.00 ns, 249.7736 ms/op
WorkloadResult  12: 2 op, 506619361.00 ns, 253.3097 ms/op
WorkloadResult  13: 2 op, 506387282.00 ns, 253.1936 ms/op
WorkloadResult  14: 2 op, 506766562.00 ns, 253.3833 ms/op
WorkloadResult  15: 2 op, 506814766.00 ns, 253.4074 ms/op
// GC:  42 0 0 177600208 2

// AfterAll
// Benchmark Process 378057 has exited with code 0.

Mean = 252.711 ms, StdErr = 0.453 ms (0.18%), N = 15, StdDev = 1.755 ms
Min = 249.774 ms, Q1 = 251.546 ms, Median = 253.194 ms, Q3 = 253.800 ms, Max = 255.448 ms
IQR = 2.254 ms, LowerFence = 248.165 ms, UpperFence = 257.182 ms
ConfidenceInterval = [250.836 ms; 254.587 ms] (CI 99.9%), Margin = 1.876 ms (0.74% of Mean)
Skewness = -0.03, Kurtosis = 1.75, MValue = 2

// ** Remained 12 (60.0%) benchmark(s) to run. Estimated finish 2026-07-30 15:31 (0h 26m from now) **
// **************************
// Benchmark: VectorQuantisationBenchmarks.'HNSW search': DefaultJob [Dimension=64, Quantisation=ProductQuantisation]
// *** Execute ***
// Launch: 1 / 1
// Execute: dotnet Rowles.LeanCorpus.Benchmarks-DefaultJob-1.dll --ipcPort 39837 --benchmarkName "Rowles.LeanCorpus.Benchmarks.VectorQuantisationBenchmarks.Search(Dimension: 64, Quantisation: ProductQuantisation)" --job Default --diagnoserRunMode 3 --benchmarkId 8 in /home/jordan/leancorpus/working_directory/src/devops/Rowles.LeanCorpus.Benchmarks/bin/Release/net10.0/Rowles.LeanCorpus.Benchmarks-DefaultJob-1/bin/Release/net10.0
// Failed to set up high priority (Permission denied). In order to run benchmarks with high priority, make sure you have the right permissions.
// BeforeAnythingElse

// Benchmark Process Environment Information:
// BenchmarkDotNet v0.16.0-nightly.20260427.506
// Runtime=.NET 10.0.3 (10.0.3, 10.0.326.7603), X64 RyuJIT x86-64-v2
// GC=Concurrent Workstation
// HardwareIntrinsics=AVX,SSE3+SSSE3+SSE4.1+SSE4.2+POPCNT,X86Base+SSE+SSE2,AES+PCLMUL VectorSize=128
// Job: DefaultJob

WorkloadJitting  1: 1 op, 2892297.00 ns, 2.8923 ms/op
WorkloadJitting  2: 30 op, 57172209.00 ns, 1.9057 ms/op
WorkloadJitting  3: 30 op, 54665047.00 ns, 1.8222 ms/op
WorkloadJitting  4: 30 op, 53092034.00 ns, 1.7697 ms/op
WorkloadJitting  5: 1 op, 2749388.00 ns, 2.7494 ms/op

WorkloadPilot    1: 1 op, 2733948.00 ns, 2.7339 ms/op

WorkloadPilot    1: 16 op, 29480873.00 ns, 1.8426 ms/op
WorkloadPilot    2: 32 op, 56199433.00 ns, 1.7562 ms/op
WorkloadPilot    3: 64 op, 109889548.00 ns, 1.7170 ms/op
WorkloadPilot    4: 128 op, 208302707.00 ns, 1.6274 ms/op
WorkloadPilot    5: 256 op, 411621312.00 ns, 1.6079 ms/op
WorkloadPilot    6: 512 op, 820680826.00 ns, 1.6029 ms/op

WorkloadWarmup   1: 512 op, 831513500.00 ns, 1.6240 ms/op
WorkloadWarmup   2: 512 op, 828540311.00 ns, 1.6182 ms/op
WorkloadWarmup   3: 512 op, 827971703.00 ns, 1.6171 ms/op
WorkloadWarmup   4: 512 op, 820718899.00 ns, 1.6030 ms/op
WorkloadWarmup   5: 512 op, 827261995.00 ns, 1.6157 ms/op
WorkloadWarmup   6: 512 op, 824375653.00 ns, 1.6101 ms/op
WorkloadWarmup   7: 512 op, 819402079.00 ns, 1.6004 ms/op
WorkloadWarmup   8: 512 op, 830904155.00 ns, 1.6229 ms/op
WorkloadWarmup   9: 512 op, 830260774.00 ns, 1.6216 ms/op

// BeforeActualRun
WorkloadActual   1: 512 op, 830273001.00 ns, 1.6216 ms/op
WorkloadActual   2: 512 op, 827180313.00 ns, 1.6156 ms/op
WorkloadActual   3: 512 op, 827880423.00 ns, 1.6170 ms/op
WorkloadActual   4: 512 op, 829581883.00 ns, 1.6203 ms/op
WorkloadActual   5: 512 op, 827852426.00 ns, 1.6169 ms/op
WorkloadActual   6: 512 op, 824873209.00 ns, 1.6111 ms/op
WorkloadActual   7: 512 op, 828134374.00 ns, 1.6174 ms/op
WorkloadActual   8: 512 op, 828232345.00 ns, 1.6176 ms/op
WorkloadActual   9: 512 op, 827751795.00 ns, 1.6167 ms/op
WorkloadActual  10: 512 op, 826567305.00 ns, 1.6144 ms/op
WorkloadActual  11: 512 op, 832513994.00 ns, 1.6260 ms/op
WorkloadActual  12: 512 op, 830594053.00 ns, 1.6223 ms/op
WorkloadActual  13: 512 op, 829792941.00 ns, 1.6207 ms/op
WorkloadActual  14: 512 op, 831001118.00 ns, 1.6230 ms/op
WorkloadActual  15: 512 op, 833378139.00 ns, 1.6277 ms/op

// AfterActualRun
// BeforeExtraIteration
// AfterExtraIteration
WorkloadExtra    1: 512 op, 829283773.00 ns, 1.6197 ms/op
WorkloadResult   1: 512 op, 830273001.00 ns, 1.6216 ms/op
WorkloadResult   2: 512 op, 827180313.00 ns, 1.6156 ms/op
WorkloadResult   3: 512 op, 827880423.00 ns, 1.6170 ms/op
WorkloadResult   4: 512 op, 829581883.00 ns, 1.6203 ms/op
WorkloadResult   5: 512 op, 827852426.00 ns, 1.6169 ms/op
WorkloadResult   6: 512 op, 824873209.00 ns, 1.6111 ms/op
WorkloadResult   7: 512 op, 828134374.00 ns, 1.6174 ms/op
WorkloadResult   8: 512 op, 828232345.00 ns, 1.6176 ms/op
WorkloadResult   9: 512 op, 827751795.00 ns, 1.6167 ms/op
WorkloadResult  10: 512 op, 826567305.00 ns, 1.6144 ms/op
WorkloadResult  11: 512 op, 832513994.00 ns, 1.6260 ms/op
WorkloadResult  12: 512 op, 830594053.00 ns, 1.6223 ms/op
WorkloadResult  13: 512 op, 829792941.00 ns, 1.6207 ms/op
WorkloadResult  14: 512 op, 831001118.00 ns, 1.6230 ms/op
WorkloadResult  15: 512 op, 833378139.00 ns, 1.6277 ms/op
// GC:  15 0 0 63102720 512

// AfterAll
// Benchmark Process 378167 has exited with code 0.

Mean = 1.619 ms, StdErr = 0.001 ms (0.07%), N = 15, StdDev = 0.004 ms
Min = 1.611 ms, Q1 = 1.617 ms, Median = 1.618 ms, Q3 = 1.622 ms, Max = 1.628 ms
IQR = 0.005 ms, LowerFence = 1.609 ms, UpperFence = 1.630 ms
ConfidenceInterval = [1.614 ms; 1.624 ms] (CI 99.9%), Margin = 0.005 ms (0.29% of Mean)
Skewness = 0.21, Kurtosis = 2.2, MValue = 2

// ** Remained 11 (55.0%) benchmark(s) to run. Estimated finish 2026-07-30 15:33 (0h 24m from now) **
// **************************
// Benchmark: VectorQuantisationBenchmarks.'Lucene.NET flat scan': DefaultJob [Dimension=64, Quantisation=ProductQuantisation]
// *** Execute ***
// Launch: 1 / 1
// Execute: dotnet Rowles.LeanCorpus.Benchmarks-DefaultJob-1.dll --ipcPort 36679 --benchmarkName "Rowles.LeanCorpus.Benchmarks.VectorQuantisationBenchmarks.LuceneNet_Baseline(Dimension: 64, Quantisation: ProductQuantisation)" --job Default --diagnoserRunMode 3 --benchmarkId 9 in /home/jordan/leancorpus/working_directory/src/devops/Rowles.LeanCorpus.Benchmarks/bin/Release/net10.0/Rowles.LeanCorpus.Benchmarks-DefaultJob-1/bin/Release/net10.0
// Failed to set up high priority (Permission denied). In order to run benchmarks with high priority, make sure you have the right permissions.
// BeforeAnythingElse

// Benchmark Process Environment Information:
// BenchmarkDotNet v0.16.0-nightly.20260427.506
// Runtime=.NET 10.0.3 (10.0.3, 10.0.326.7603), X64 RyuJIT x86-64-v2
// GC=Concurrent Workstation
// HardwareIntrinsics=AVX,SSE3+SSSE3+SSE4.1+SSE4.2+POPCNT,X86Base+SSE+SSE2,AES+PCLMUL VectorSize=128
// Job: DefaultJob

WorkloadJitting  1: 1 op, 327859493.00 ns, 327.8595 ms/op
WorkloadJitting  2: 30 op, 7641043908.00 ns, 254.7015 ms/op
WorkloadJitting  3: 8 op, 2034719425.00 ns, 254.3399 ms/op

WorkloadPilot    1: 2 op, 508195310.00 ns, 254.0977 ms/op

WorkloadWarmup   1: 2 op, 506341684.00 ns, 253.1708 ms/op
WorkloadWarmup   2: 2 op, 499096259.00 ns, 249.5481 ms/op
WorkloadWarmup   3: 2 op, 500385414.00 ns, 250.1927 ms/op
WorkloadWarmup   4: 2 op, 506788742.00 ns, 253.3944 ms/op
WorkloadWarmup   5: 2 op, 509446088.00 ns, 254.7230 ms/op
WorkloadWarmup   6: 2 op, 508999818.00 ns, 254.4999 ms/op
WorkloadWarmup   7: 2 op, 509599429.00 ns, 254.7997 ms/op
WorkloadWarmup   8: 2 op, 510095221.00 ns, 255.0476 ms/op
WorkloadWarmup   9: 2 op, 508036302.00 ns, 254.0182 ms/op

// BeforeActualRun
WorkloadActual   1: 2 op, 509381834.00 ns, 254.6909 ms/op
WorkloadActual   2: 2 op, 502595363.00 ns, 251.2977 ms/op
WorkloadActual   3: 2 op, 505212510.00 ns, 252.6063 ms/op
WorkloadActual   4: 2 op, 500814079.00 ns, 250.4070 ms/op
WorkloadActual   5: 2 op, 502395604.00 ns, 251.1978 ms/op
WorkloadActual   6: 2 op, 501279178.00 ns, 250.6396 ms/op
WorkloadActual   7: 2 op, 502081351.00 ns, 251.0407 ms/op
WorkloadActual   8: 2 op, 502176501.00 ns, 251.0883 ms/op
WorkloadActual   9: 2 op, 500833193.00 ns, 250.4166 ms/op
WorkloadActual  10: 2 op, 500469286.00 ns, 250.2346 ms/op
WorkloadActual  11: 2 op, 501724901.00 ns, 250.8625 ms/op
WorkloadActual  12: 2 op, 504442361.00 ns, 252.2212 ms/op
WorkloadActual  13: 2 op, 505214098.00 ns, 252.6070 ms/op
WorkloadActual  14: 2 op, 497221977.00 ns, 248.6110 ms/op
WorkloadActual  15: 2 op, 495381316.00 ns, 247.6907 ms/op

// AfterActualRun
// BeforeExtraIteration
// AfterExtraIteration
WorkloadExtra    1: 2 op, 495640407.00 ns, 247.8202 ms/op
WorkloadResult   1: 2 op, 502595363.00 ns, 251.2977 ms/op
WorkloadResult   2: 2 op, 505212510.00 ns, 252.6063 ms/op
WorkloadResult   3: 2 op, 500814079.00 ns, 250.4070 ms/op
WorkloadResult   4: 2 op, 502395604.00 ns, 251.1978 ms/op
WorkloadResult   5: 2 op, 501279178.00 ns, 250.6396 ms/op
WorkloadResult   6: 2 op, 502081351.00 ns, 251.0407 ms/op
WorkloadResult   7: 2 op, 502176501.00 ns, 251.0883 ms/op
WorkloadResult   8: 2 op, 500833193.00 ns, 250.4166 ms/op
WorkloadResult   9: 2 op, 500469286.00 ns, 250.2346 ms/op
WorkloadResult  10: 2 op, 501724901.00 ns, 250.8625 ms/op
WorkloadResult  11: 2 op, 504442361.00 ns, 252.2212 ms/op
WorkloadResult  12: 2 op, 505214098.00 ns, 252.6070 ms/op
WorkloadResult  13: 2 op, 497221977.00 ns, 248.6110 ms/op
WorkloadResult  14: 2 op, 495381316.00 ns, 247.6907 ms/op
// GC:  42 0 0 177600208 2

// AfterAll
// Benchmark Process 378317 has exited with code 0.

Mean = 250.780 ms, StdErr = 0.365 ms (0.15%), N = 14, StdDev = 1.364 ms
Min = 247.691 ms, Q1 = 250.409 ms, Median = 250.952 ms, Q3 = 251.273 ms, Max = 252.607 ms
IQR = 0.863 ms, LowerFence = 249.115 ms, UpperFence = 252.568 ms
ConfidenceInterval = [249.241 ms; 252.319 ms] (CI 99.9%), Margin = 1.539 ms (0.61% of Mean)
Skewness = -0.69, Kurtosis = 2.89, MValue = 2

// ** Remained 10 (50.0%) benchmark(s) to run. Estimated finish 2026-07-30 15:34 (0h 22m from now) **
// **************************
// Benchmark: VectorQuantisationBenchmarks.'HNSW search': DefaultJob [Dimension=128, Quantisation=None]
// *** Execute ***
// Launch: 1 / 1
// Execute: dotnet Rowles.LeanCorpus.Benchmarks-DefaultJob-1.dll --ipcPort 38865 --benchmarkName "Rowles.LeanCorpus.Benchmarks.VectorQuantisationBenchmarks.Search(Dimension: 128, Quantisation: None)" --job Default --diagnoserRunMode 3 --benchmarkId 10 in /home/jordan/leancorpus/working_directory/src/devops/Rowles.LeanCorpus.Benchmarks/bin/Release/net10.0/Rowles.LeanCorpus.Benchmarks-DefaultJob-1/bin/Release/net10.0
// Failed to set up high priority (Permission denied). In order to run benchmarks with high priority, make sure you have the right permissions.
// BeforeAnythingElse

// Benchmark Process Environment Information:
// BenchmarkDotNet v0.16.0-nightly.20260427.506
// Runtime=.NET 10.0.3 (10.0.3, 10.0.326.7603), X64 RyuJIT x86-64-v2
// GC=Concurrent Workstation
// HardwareIntrinsics=AVX,SSE3+SSSE3+SSE4.1+SSE4.2+POPCNT,X86Base+SSE+SSE2,AES+PCLMUL VectorSize=128
// Job: DefaultJob

WorkloadJitting  1: 1 op, 5620864.00 ns, 5.6209 ms/op
WorkloadJitting  2: 30 op, 132858280.00 ns, 4.4286 ms/op
WorkloadJitting  3: 30 op, 131514427.00 ns, 4.3838 ms/op
WorkloadJitting  4: 30 op, 126259602.00 ns, 4.2087 ms/op
WorkloadJitting  5: 1 op, 5253917.00 ns, 5.2539 ms/op

WorkloadPilot    1: 1 op, 5542450.00 ns, 5.5425 ms/op

WorkloadPilot    1: 16 op, 69686180.00 ns, 4.3554 ms/op
WorkloadPilot    2: 32 op, 135197190.00 ns, 4.2249 ms/op
WorkloadPilot    3: 64 op, 267155402.00 ns, 4.1743 ms/op
WorkloadPilot    4: 128 op, 528471783.00 ns, 4.1287 ms/op

WorkloadWarmup   1: 128 op, 526363976.00 ns, 4.1122 ms/op
WorkloadWarmup   2: 128 op, 519310561.00 ns, 4.0571 ms/op
WorkloadWarmup   3: 128 op, 530283007.00 ns, 4.1428 ms/op
WorkloadWarmup   4: 128 op, 522368502.00 ns, 4.0810 ms/op
WorkloadWarmup   5: 128 op, 523648958.00 ns, 4.0910 ms/op
WorkloadWarmup   6: 128 op, 525868892.00 ns, 4.1084 ms/op
WorkloadWarmup   7: 128 op, 522278155.00 ns, 4.0803 ms/op

// BeforeActualRun
WorkloadActual   1: 128 op, 524931004.00 ns, 4.1010 ms/op
WorkloadActual   2: 128 op, 517295169.00 ns, 4.0414 ms/op
WorkloadActual   3: 128 op, 524067214.00 ns, 4.0943 ms/op
WorkloadActual   4: 128 op, 521021153.00 ns, 4.0705 ms/op
WorkloadActual   5: 128 op, 521966408.00 ns, 4.0779 ms/op
WorkloadActual   6: 128 op, 521858622.00 ns, 4.0770 ms/op
WorkloadActual   7: 128 op, 521835811.00 ns, 4.0768 ms/op
WorkloadActual   8: 128 op, 518502842.00 ns, 4.0508 ms/op
WorkloadActual   9: 128 op, 529498658.00 ns, 4.1367 ms/op
WorkloadActual  10: 128 op, 524473220.00 ns, 4.0974 ms/op
WorkloadActual  11: 128 op, 524468665.00 ns, 4.0974 ms/op
WorkloadActual  12: 128 op, 527775697.00 ns, 4.1232 ms/op
WorkloadActual  13: 128 op, 529455987.00 ns, 4.1364 ms/op
WorkloadActual  14: 128 op, 523644427.00 ns, 4.0910 ms/op
WorkloadActual  15: 128 op, 532260741.00 ns, 4.1583 ms/op

// AfterActualRun
// BeforeExtraIteration
// AfterExtraIteration
WorkloadExtra    1: 128 op, 526482424.00 ns, 4.1131 ms/op
WorkloadResult   1: 128 op, 524931004.00 ns, 4.1010 ms/op
WorkloadResult   2: 128 op, 517295169.00 ns, 4.0414 ms/op
WorkloadResult   3: 128 op, 524067214.00 ns, 4.0943 ms/op
WorkloadResult   4: 128 op, 521021153.00 ns, 4.0705 ms/op
WorkloadResult   5: 128 op, 521966408.00 ns, 4.0779 ms/op
WorkloadResult   6: 128 op, 521858622.00 ns, 4.0770 ms/op
WorkloadResult   7: 128 op, 521835811.00 ns, 4.0768 ms/op
WorkloadResult   8: 128 op, 518502842.00 ns, 4.0508 ms/op
WorkloadResult   9: 128 op, 529498658.00 ns, 4.1367 ms/op
WorkloadResult  10: 128 op, 524473220.00 ns, 4.0974 ms/op
WorkloadResult  11: 128 op, 524468665.00 ns, 4.0974 ms/op
WorkloadResult  12: 128 op, 527775697.00 ns, 4.1232 ms/op
WorkloadResult  13: 128 op, 529455987.00 ns, 4.1364 ms/op
WorkloadResult  14: 128 op, 523644427.00 ns, 4.0910 ms/op
WorkloadResult  15: 128 op, 532260741.00 ns, 4.1583 ms/op
// GC:  1 0 0 6026720 128

// AfterAll
// Benchmark Process 378515 has exited with code 0.

Mean = 4.095 ms, StdErr = 0.008 ms (0.20%), N = 15, StdDev = 0.032 ms
Min = 4.041 ms, Q1 = 4.077 ms, Median = 4.094 ms, Q3 = 4.112 ms, Max = 4.158 ms
IQR = 0.035 ms, LowerFence = 4.024 ms, UpperFence = 4.165 ms
ConfidenceInterval = [4.061 ms; 4.130 ms] (CI 99.9%), Margin = 0.035 ms (0.85% of Mean)
Skewness = 0.26, Kurtosis = 2.13, MValue = 2

// ** Remained 9 (45.0%) benchmark(s) to run. Estimated finish 2026-07-30 15:33 (0h 20m from now) **
// **************************
// Benchmark: VectorQuantisationBenchmarks.'Lucene.NET flat scan': DefaultJob [Dimension=128, Quantisation=None]
// *** Execute ***
// Launch: 1 / 1
// Execute: dotnet Rowles.LeanCorpus.Benchmarks-DefaultJob-1.dll --ipcPort 34601 --benchmarkName "Rowles.LeanCorpus.Benchmarks.VectorQuantisationBenchmarks.LuceneNet_Baseline(Dimension: 128, Quantisation: None)" --job Default --diagnoserRunMode 3 --benchmarkId 11 in /home/jordan/leancorpus/working_directory/src/devops/Rowles.LeanCorpus.Benchmarks/bin/Release/net10.0/Rowles.LeanCorpus.Benchmarks-DefaultJob-1/bin/Release/net10.0
// Failed to set up high priority (Permission denied). In order to run benchmarks with high priority, make sure you have the right permissions.
// BeforeAnythingElse

// Benchmark Process Environment Information:
// BenchmarkDotNet v0.16.0-nightly.20260427.506
// Runtime=.NET 10.0.3 (10.0.3, 10.0.326.7603), X64 RyuJIT x86-64-v2
// GC=Concurrent Workstation
// HardwareIntrinsics=AVX,SSE3+SSSE3+SSE4.1+SSE4.2+POPCNT,X86Base+SSE+SSE2,AES+PCLMUL VectorSize=128
// Job: DefaultJob

WorkloadJitting  1: 1 op, 318520187.00 ns, 318.5202 ms/op
WorkloadJitting  2: 30 op, 7654726873.00 ns, 255.1576 ms/op
WorkloadJitting  3: 8 op, 1995504136.00 ns, 249.4380 ms/op

WorkloadPilot    1: 2 op, 499710742.00 ns, 249.8554 ms/op
WorkloadPilot    2: 3 op, 746967877.00 ns, 248.9893 ms/op

WorkloadWarmup   1: 3 op, 746970485.00 ns, 248.9902 ms/op
WorkloadWarmup   2: 3 op, 738526126.00 ns, 246.1754 ms/op
WorkloadWarmup   3: 3 op, 757612255.00 ns, 252.5374 ms/op
WorkloadWarmup   4: 3 op, 734683987.00 ns, 244.8947 ms/op
WorkloadWarmup   5: 3 op, 746191800.00 ns, 248.7306 ms/op
WorkloadWarmup   6: 3 op, 744137540.00 ns, 248.0458 ms/op

// BeforeActualRun
WorkloadActual   1: 3 op, 727220172.00 ns, 242.4067 ms/op
WorkloadActual   2: 3 op, 732145910.00 ns, 244.0486 ms/op
WorkloadActual   3: 3 op, 736961610.00 ns, 245.6539 ms/op
WorkloadActual   4: 3 op, 732319066.00 ns, 244.1064 ms/op
WorkloadActual   5: 3 op, 735056822.00 ns, 245.0189 ms/op
WorkloadActual   6: 3 op, 734722221.00 ns, 244.9074 ms/op
WorkloadActual   7: 3 op, 734218070.00 ns, 244.7394 ms/op
WorkloadActual   8: 3 op, 736711587.00 ns, 245.5705 ms/op
WorkloadActual   9: 3 op, 732360850.00 ns, 244.1203 ms/op
WorkloadActual  10: 3 op, 725829393.00 ns, 241.9431 ms/op
WorkloadActual  11: 3 op, 738730662.00 ns, 246.2436 ms/op
WorkloadActual  12: 3 op, 731143029.00 ns, 243.7143 ms/op
WorkloadActual  13: 3 op, 728094183.00 ns, 242.6981 ms/op
WorkloadActual  14: 3 op, 732566947.00 ns, 244.1890 ms/op
WorkloadActual  15: 3 op, 736122219.00 ns, 245.3741 ms/op

// AfterActualRun
// BeforeExtraIteration
// AfterExtraIteration
WorkloadExtra    1: 3 op, 739152477.00 ns, 246.3842 ms/op
WorkloadResult   1: 3 op, 727220172.00 ns, 242.4067 ms/op
WorkloadResult   2: 3 op, 732145910.00 ns, 244.0486 ms/op
WorkloadResult   3: 3 op, 736961610.00 ns, 245.6539 ms/op
WorkloadResult   4: 3 op, 732319066.00 ns, 244.1064 ms/op
WorkloadResult   5: 3 op, 735056822.00 ns, 245.0189 ms/op
WorkloadResult   6: 3 op, 734722221.00 ns, 244.9074 ms/op
WorkloadResult   7: 3 op, 734218070.00 ns, 244.7394 ms/op
WorkloadResult   8: 3 op, 736711587.00 ns, 245.5705 ms/op
WorkloadResult   9: 3 op, 732360850.00 ns, 244.1203 ms/op
WorkloadResult  10: 3 op, 725829393.00 ns, 241.9431 ms/op
WorkloadResult  11: 3 op, 738730662.00 ns, 246.2436 ms/op
WorkloadResult  12: 3 op, 731143029.00 ns, 243.7143 ms/op
WorkloadResult  13: 3 op, 728094183.00 ns, 242.6981 ms/op
WorkloadResult  14: 3 op, 732566947.00 ns, 244.1890 ms/op
WorkloadResult  15: 3 op, 736122219.00 ns, 245.3741 ms/op
// GC:  100 0 0 420000312 3

// AfterAll
// Benchmark Process 378642 has exited with code 0.

Mean = 244.316 ms, StdErr = 0.321 ms (0.13%), N = 15, StdDev = 1.243 ms
Min = 241.943 ms, Q1 = 243.881 ms, Median = 244.189 ms, Q3 = 245.197 ms, Max = 246.244 ms
IQR = 1.315 ms, LowerFence = 241.909 ms, UpperFence = 247.169 ms
ConfidenceInterval = [242.986 ms; 245.645 ms] (CI 99.9%), Margin = 1.329 ms (0.54% of Mean)
Skewness = -0.4, Kurtosis = 2.04, MValue = 2

// ** Remained 8 (40.0%) benchmark(s) to run. Estimated finish 2026-07-30 15:33 (0h 18m from now) **
// **************************
// Benchmark: VectorQuantisationBenchmarks.'HNSW search': DefaultJob [Dimension=128, Quantisation=Int8]
// *** Execute ***
// Launch: 1 / 1
// Execute: dotnet Rowles.LeanCorpus.Benchmarks-DefaultJob-1.dll --ipcPort 43483 --benchmarkName "Rowles.LeanCorpus.Benchmarks.VectorQuantisationBenchmarks.Search(Dimension: 128, Quantisation: Int8)" --job Default --diagnoserRunMode 3 --benchmarkId 12 in /home/jordan/leancorpus/working_directory/src/devops/Rowles.LeanCorpus.Benchmarks/bin/Release/net10.0/Rowles.LeanCorpus.Benchmarks-DefaultJob-1/bin/Release/net10.0
// Failed to set up high priority (Permission denied). In order to run benchmarks with high priority, make sure you have the right permissions.
// BeforeAnythingElse

// Benchmark Process Environment Information:
// BenchmarkDotNet v0.16.0-nightly.20260427.506
// Runtime=.NET 10.0.3 (10.0.3, 10.0.326.7603), X64 RyuJIT x86-64-v2
// GC=Concurrent Workstation
// HardwareIntrinsics=AVX,SSE3+SSSE3+SSE4.1+SSE4.2+POPCNT,X86Base+SSE+SSE2,AES+PCLMUL VectorSize=128
// Job: DefaultJob

WorkloadJitting  1: 1 op, 6192532.00 ns, 6.1925 ms/op
WorkloadJitting  2: 30 op, 150346511.00 ns, 5.0116 ms/op
WorkloadJitting  3: 30 op, 149593948.00 ns, 4.9865 ms/op
WorkloadJitting  4: 30 op, 143637113.00 ns, 4.7879 ms/op
WorkloadJitting  5: 1 op, 5848496.00 ns, 5.8485 ms/op

WorkloadPilot    1: 1 op, 6062738.00 ns, 6.0627 ms/op

WorkloadPilot    1: 16 op, 75491560.00 ns, 4.7182 ms/op
WorkloadPilot    2: 32 op, 149438762.00 ns, 4.6700 ms/op
WorkloadPilot    3: 64 op, 293706988.00 ns, 4.5892 ms/op
WorkloadPilot    4: 128 op, 584916674.00 ns, 4.5697 ms/op

WorkloadWarmup   1: 128 op, 579954951.00 ns, 4.5309 ms/op
WorkloadWarmup   2: 128 op, 572899563.00 ns, 4.4758 ms/op
WorkloadWarmup   3: 128 op, 575329398.00 ns, 4.4948 ms/op
WorkloadWarmup   4: 128 op, 578212453.00 ns, 4.5173 ms/op
WorkloadWarmup   5: 128 op, 577989126.00 ns, 4.5155 ms/op
WorkloadWarmup   6: 128 op, 593126787.00 ns, 4.6338 ms/op
WorkloadWarmup   7: 128 op, 584329175.00 ns, 4.5651 ms/op

// BeforeActualRun
WorkloadActual   1: 128 op, 587600991.00 ns, 4.5906 ms/op
WorkloadActual   2: 128 op, 576314125.00 ns, 4.5025 ms/op
WorkloadActual   3: 128 op, 580878247.00 ns, 4.5381 ms/op
WorkloadActual   4: 128 op, 577002422.00 ns, 4.5078 ms/op
WorkloadActual   5: 128 op, 575512714.00 ns, 4.4962 ms/op
WorkloadActual   6: 128 op, 575955339.00 ns, 4.4997 ms/op
WorkloadActual   7: 128 op, 575457555.00 ns, 4.4958 ms/op
WorkloadActual   8: 128 op, 581855943.00 ns, 4.5457 ms/op
WorkloadActual   9: 128 op, 580705934.00 ns, 4.5368 ms/op
WorkloadActual  10: 128 op, 582375858.00 ns, 4.5498 ms/op
WorkloadActual  11: 128 op, 580568278.00 ns, 4.5357 ms/op
WorkloadActual  12: 128 op, 579083907.00 ns, 4.5241 ms/op
WorkloadActual  13: 128 op, 582518619.00 ns, 4.5509 ms/op
WorkloadActual  14: 128 op, 584023231.00 ns, 4.5627 ms/op
WorkloadActual  15: 128 op, 586686010.00 ns, 4.5835 ms/op

// AfterActualRun
// BeforeExtraIteration
// AfterExtraIteration
WorkloadExtra    1: 128 op, 588006495.00 ns, 4.5938 ms/op
WorkloadResult   1: 128 op, 587600991.00 ns, 4.5906 ms/op
WorkloadResult   2: 128 op, 576314125.00 ns, 4.5025 ms/op
WorkloadResult   3: 128 op, 580878247.00 ns, 4.5381 ms/op
WorkloadResult   4: 128 op, 577002422.00 ns, 4.5078 ms/op
WorkloadResult   5: 128 op, 575512714.00 ns, 4.4962 ms/op
WorkloadResult   6: 128 op, 575955339.00 ns, 4.4997 ms/op
WorkloadResult   7: 128 op, 575457555.00 ns, 4.4958 ms/op
WorkloadResult   8: 128 op, 581855943.00 ns, 4.5457 ms/op
WorkloadResult   9: 128 op, 580705934.00 ns, 4.5368 ms/op
WorkloadResult  10: 128 op, 582375858.00 ns, 4.5498 ms/op
WorkloadResult  11: 128 op, 580568278.00 ns, 4.5357 ms/op
WorkloadResult  12: 128 op, 579083907.00 ns, 4.5241 ms/op
WorkloadResult  13: 128 op, 582518619.00 ns, 4.5509 ms/op
WorkloadResult  14: 128 op, 584023231.00 ns, 4.5627 ms/op
WorkloadResult  15: 128 op, 586686010.00 ns, 4.5835 ms/op
// GC:  1 0 0 5932512 128

// AfterAll
// Benchmark Process 378774 has exited with code 0.

Mean = 4.535 ms, StdErr = 0.008 ms (0.17%), N = 15, StdDev = 0.031 ms
Min = 4.496 ms, Q1 = 4.505 ms, Median = 4.537 ms, Q3 = 4.550 ms, Max = 4.591 ms
IQR = 0.045 ms, LowerFence = 4.437 ms, UpperFence = 4.618 ms
ConfidenceInterval = [4.502 ms; 4.567 ms] (CI 99.9%), Margin = 0.033 ms (0.72% of Mean)
Skewness = 0.26, Kurtosis = 1.84, MValue = 2

// ** Remained 7 (35.0%) benchmark(s) to run. Estimated finish 2026-07-30 15:48 (0h 21m from now) **
// **************************
// Benchmark: VectorQuantisationBenchmarks.'Lucene.NET flat scan': DefaultJob [Dimension=128, Quantisation=Int8]
// *** Execute ***
// Launch: 1 / 1
// Execute: dotnet Rowles.LeanCorpus.Benchmarks-DefaultJob-1.dll --ipcPort 34235 --benchmarkName "Rowles.LeanCorpus.Benchmarks.VectorQuantisationBenchmarks.LuceneNet_Baseline(Dimension: 128, Quantisation: Int8)" --job Default --diagnoserRunMode 3 --benchmarkId 13 in /home/jordan/leancorpus/working_directory/src/devops/Rowles.LeanCorpus.Benchmarks/bin/Release/net10.0/Rowles.LeanCorpus.Benchmarks-DefaultJob-1/bin/Release/net10.0
// Failed to set up high priority (Permission denied). In order to run benchmarks with high priority, make sure you have the right permissions.
// BeforeAnythingElse

// Benchmark Process Environment Information:
// BenchmarkDotNet v0.16.0-nightly.20260427.506
// Runtime=.NET 10.0.3 (10.0.3, 10.0.326.7603), X64 RyuJIT x86-64-v2
// GC=Concurrent Workstation
// HardwareIntrinsics=AVX,SSE3+SSSE3+SSE4.1+SSE4.2+POPCNT,X86Base+SSE+SSE2,AES+PCLMUL VectorSize=128
// Job: DefaultJob

WorkloadJitting  1: 1 op, 295269281.00 ns, 295.2693 ms/op
WorkloadJitting  2: 30 op, 7031867931.00 ns, 234.3956 ms/op
WorkloadJitting  3: 11 op, 2513514110.00 ns, 228.5013 ms/op
WorkloadJitting  4: 1 op, 228844931.00 ns, 228.8449 ms/op

WorkloadPilot    1: 2 op, 455863581.00 ns, 227.9318 ms/op
WorkloadPilot    2: 3 op, 691305987.00 ns, 230.4353 ms/op

WorkloadWarmup   1: 3 op, 682940396.00 ns, 227.6468 ms/op
WorkloadWarmup   2: 3 op, 686719398.00 ns, 228.9065 ms/op
WorkloadWarmup   3: 3 op, 688132351.00 ns, 229.3775 ms/op
WorkloadWarmup   4: 3 op, 688663263.00 ns, 229.5544 ms/op
WorkloadWarmup   5: 3 op, 675003206.00 ns, 225.0011 ms/op
WorkloadWarmup   6: 3 op, 673763224.00 ns, 224.5877 ms/op
WorkloadWarmup   7: 3 op, 673163541.00 ns, 224.3878 ms/op
WorkloadWarmup   8: 3 op, 663773866.00 ns, 221.2580 ms/op
WorkloadWarmup   9: 3 op, 673332353.00 ns, 224.4441 ms/op
WorkloadWarmup  10: 3 op, 673336668.00 ns, 224.4456 ms/op
WorkloadWarmup  11: 3 op, 671935868.00 ns, 223.9786 ms/op

// BeforeActualRun
WorkloadActual   1: 3 op, 674263662.00 ns, 224.7546 ms/op
WorkloadActual   2: 3 op, 672590797.00 ns, 224.1969 ms/op
WorkloadActual   3: 3 op, 672566460.00 ns, 224.1888 ms/op
WorkloadActual   4: 3 op, 670147434.00 ns, 223.3825 ms/op
WorkloadActual   5: 3 op, 658919535.00 ns, 219.6398 ms/op
WorkloadActual   6: 3 op, 660049632.00 ns, 220.0165 ms/op
WorkloadActual   7: 3 op, 661000192.00 ns, 220.3334 ms/op
WorkloadActual   8: 3 op, 667013177.00 ns, 222.3377 ms/op
WorkloadActual   9: 3 op, 663678457.00 ns, 221.2262 ms/op
WorkloadActual  10: 3 op, 669636192.00 ns, 223.2121 ms/op
WorkloadActual  11: 3 op, 670049258.00 ns, 223.3498 ms/op
WorkloadActual  12: 3 op, 669626250.00 ns, 223.2088 ms/op
WorkloadActual  13: 3 op, 673208031.00 ns, 224.4027 ms/op
WorkloadActual  14: 3 op, 674218216.00 ns, 224.7394 ms/op
WorkloadActual  15: 3 op, 675183557.00 ns, 225.0612 ms/op

// AfterActualRun
// BeforeExtraIteration
// AfterExtraIteration
WorkloadExtra    1: 3 op, 674905927.00 ns, 224.9686 ms/op
WorkloadResult   1: 3 op, 674263662.00 ns, 224.7546 ms/op
WorkloadResult   2: 3 op, 672590797.00 ns, 224.1969 ms/op
WorkloadResult   3: 3 op, 672566460.00 ns, 224.1888 ms/op
WorkloadResult   4: 3 op, 670147434.00 ns, 223.3825 ms/op
WorkloadResult   5: 3 op, 658919535.00 ns, 219.6398 ms/op
WorkloadResult   6: 3 op, 660049632.00 ns, 220.0165 ms/op
WorkloadResult   7: 3 op, 661000192.00 ns, 220.3334 ms/op
WorkloadResult   8: 3 op, 667013177.00 ns, 222.3377 ms/op
WorkloadResult   9: 3 op, 663678457.00 ns, 221.2262 ms/op
WorkloadResult  10: 3 op, 669636192.00 ns, 223.2121 ms/op
WorkloadResult  11: 3 op, 670049258.00 ns, 223.3498 ms/op
WorkloadResult  12: 3 op, 669626250.00 ns, 223.2088 ms/op
WorkloadResult  13: 3 op, 673208031.00 ns, 224.4027 ms/op
WorkloadResult  14: 3 op, 674218216.00 ns, 224.7394 ms/op
WorkloadResult  15: 3 op, 675183557.00 ns, 225.0612 ms/op
// GC:  100 0 0 420000312 3

// AfterAll
// Benchmark Process 380018 has exited with code 0.

Mean = 222.937 ms, StdErr = 0.470 ms (0.21%), N = 15, StdDev = 1.820 ms
Min = 219.640 ms, Q1 = 221.782 ms, Median = 223.350 ms, Q3 = 224.300 ms, Max = 225.061 ms
IQR = 2.518 ms, LowerFence = 218.005 ms, UpperFence = 228.077 ms
ConfidenceInterval = [220.991 ms; 224.882 ms] (CI 99.9%), Margin = 1.945 ms (0.87% of Mean)
Skewness = -0.61, Kurtosis = 1.81, MValue = 2

// ** Remained 6 (30.0%) benchmark(s) to run. Estimated finish 2026-07-30 16:01 (0h 21m from now) **
// **************************
// Benchmark: VectorQuantisationBenchmarks.'HNSW search': DefaultJob [Dimension=128, Quantisation=BBQ]
// *** Execute ***
// Launch: 1 / 1
// Execute: dotnet Rowles.LeanCorpus.Benchmarks-DefaultJob-1.dll --ipcPort 42421 --benchmarkName "Rowles.LeanCorpus.Benchmarks.VectorQuantisationBenchmarks.Search(Dimension: 128, Quantisation: BBQ)" --job Default --diagnoserRunMode 3 --benchmarkId 14 in /home/jordan/leancorpus/working_directory/src/devops/Rowles.LeanCorpus.Benchmarks/bin/Release/net10.0/Rowles.LeanCorpus.Benchmarks-DefaultJob-1/bin/Release/net10.0
// Failed to set up high priority (Permission denied). In order to run benchmarks with high priority, make sure you have the right permissions.
// BeforeAnythingElse

// Benchmark Process Environment Information:
// BenchmarkDotNet v0.16.0-nightly.20260427.506
// Runtime=.NET 10.0.3 (10.0.3, 10.0.326.7603), X64 RyuJIT x86-64-v2
// GC=Concurrent Workstation
// HardwareIntrinsics=AVX,SSE3+SSSE3+SSE4.1+SSE4.2+POPCNT,X86Base+SSE+SSE2,AES+PCLMUL VectorSize=128
// Job: DefaultJob

WorkloadJitting  1: 1 op, 7577684.00 ns, 7.5777 ms/op
WorkloadJitting  2: 30 op, 178006041.00 ns, 5.9335 ms/op
WorkloadJitting  3: 30 op, 178993113.00 ns, 5.9664 ms/op
WorkloadJitting  4: 30 op, 176050487.00 ns, 5.8683 ms/op
WorkloadJitting  5: 1 op, 7292971.00 ns, 7.2930 ms/op

WorkloadPilot    1: 1 op, 7226507.00 ns, 7.2265 ms/op

WorkloadPilot    1: 16 op, 95667483.00 ns, 5.9792 ms/op
WorkloadPilot    2: 32 op, 188315218.00 ns, 5.8849 ms/op
WorkloadPilot    3: 64 op, 369433332.00 ns, 5.7724 ms/op
WorkloadPilot    4: 128 op, 734744558.00 ns, 5.7402 ms/op

WorkloadWarmup   1: 128 op, 727304035.00 ns, 5.6821 ms/op
WorkloadWarmup   2: 128 op, 722463489.00 ns, 5.6442 ms/op
WorkloadWarmup   3: 128 op, 723867021.00 ns, 5.6552 ms/op
WorkloadWarmup   4: 128 op, 724637661.00 ns, 5.6612 ms/op
WorkloadWarmup   5: 128 op, 727181319.00 ns, 5.6811 ms/op
WorkloadWarmup   6: 128 op, 721849534.00 ns, 5.6394 ms/op
WorkloadWarmup   7: 128 op, 725026895.00 ns, 5.6643 ms/op
WorkloadWarmup   8: 128 op, 729194934.00 ns, 5.6968 ms/op
WorkloadWarmup   9: 128 op, 729095228.00 ns, 5.6961 ms/op

// BeforeActualRun
WorkloadActual   1: 128 op, 723827493.00 ns, 5.6549 ms/op
WorkloadActual   2: 128 op, 723140071.00 ns, 5.6495 ms/op
WorkloadActual   3: 128 op, 728271972.00 ns, 5.6896 ms/op
WorkloadActual   4: 128 op, 721826862.00 ns, 5.6393 ms/op
WorkloadActual   5: 128 op, 725402864.00 ns, 5.6672 ms/op
WorkloadActual   6: 128 op, 712584072.00 ns, 5.5671 ms/op
WorkloadActual   7: 128 op, 713207014.00 ns, 5.5719 ms/op
WorkloadActual   8: 128 op, 710580153.00 ns, 5.5514 ms/op
WorkloadActual   9: 128 op, 723537484.00 ns, 5.6526 ms/op
WorkloadActual  10: 128 op, 726219607.00 ns, 5.6736 ms/op
WorkloadActual  11: 128 op, 728815486.00 ns, 5.6939 ms/op
WorkloadActual  12: 128 op, 722716949.00 ns, 5.6462 ms/op
WorkloadActual  13: 128 op, 725901714.00 ns, 5.6711 ms/op
WorkloadActual  14: 128 op, 729754915.00 ns, 5.7012 ms/op
WorkloadActual  15: 128 op, 725669007.00 ns, 5.6693 ms/op

// AfterActualRun
// BeforeExtraIteration
// AfterExtraIteration
WorkloadExtra    1: 128 op, 721735225.00 ns, 5.6386 ms/op
WorkloadResult   1: 128 op, 723827493.00 ns, 5.6549 ms/op
WorkloadResult   2: 128 op, 723140071.00 ns, 5.6495 ms/op
WorkloadResult   3: 128 op, 728271972.00 ns, 5.6896 ms/op
WorkloadResult   4: 128 op, 721826862.00 ns, 5.6393 ms/op
WorkloadResult   5: 128 op, 725402864.00 ns, 5.6672 ms/op
WorkloadResult   6: 128 op, 712584072.00 ns, 5.5671 ms/op
WorkloadResult   7: 128 op, 713207014.00 ns, 5.5719 ms/op
WorkloadResult   8: 128 op, 710580153.00 ns, 5.5514 ms/op
WorkloadResult   9: 128 op, 723537484.00 ns, 5.6526 ms/op
WorkloadResult  10: 128 op, 726219607.00 ns, 5.6736 ms/op
WorkloadResult  11: 128 op, 728815486.00 ns, 5.6939 ms/op
WorkloadResult  12: 128 op, 722716949.00 ns, 5.6462 ms/op
WorkloadResult  13: 128 op, 725901714.00 ns, 5.6711 ms/op
WorkloadResult  14: 128 op, 729754915.00 ns, 5.7012 ms/op
WorkloadResult  15: 128 op, 725669007.00 ns, 5.6693 ms/op
// GC:  1 0 0 6153696 128

// AfterAll
// Benchmark Process 380878 has exited with code 0.

Mean = 5.647 ms, StdErr = 0.012 ms (0.21%), N = 15, StdDev = 0.047 ms
Min = 5.551 ms, Q1 = 5.643 ms, Median = 5.655 ms, Q3 = 5.672 ms, Max = 5.701 ms
IQR = 0.030 ms, LowerFence = 5.598 ms, UpperFence = 5.717 ms
ConfidenceInterval = [5.597 ms; 5.696 ms] (CI 99.9%), Margin = 0.050 ms (0.88% of Mean)
Skewness = -0.9, Kurtosis = 2.42, MValue = 2

// ** Remained 5 (25.0%) benchmark(s) to run. Estimated finish 2026-07-30 15:58 (0h 17m from now) **
// **************************
// Benchmark: VectorQuantisationBenchmarks.'Lucene.NET flat scan': DefaultJob [Dimension=128, Quantisation=BBQ]
// *** Execute ***
// Launch: 1 / 1
// Execute: dotnet Rowles.LeanCorpus.Benchmarks-DefaultJob-1.dll --ipcPort 43789 --benchmarkName "Rowles.LeanCorpus.Benchmarks.VectorQuantisationBenchmarks.LuceneNet_Baseline(Dimension: 128, Quantisation: BBQ)" --job Default --diagnoserRunMode 3 --benchmarkId 15 in /home/jordan/leancorpus/working_directory/src/devops/Rowles.LeanCorpus.Benchmarks/bin/Release/net10.0/Rowles.LeanCorpus.Benchmarks-DefaultJob-1/bin/Release/net10.0
// Failed to set up high priority (Permission denied). In order to run benchmarks with high priority, make sure you have the right permissions.
// BeforeAnythingElse

// Benchmark Process Environment Information:
// BenchmarkDotNet v0.16.0-nightly.20260427.506
// Runtime=.NET 10.0.3 (10.0.3, 10.0.326.7603), X64 RyuJIT x86-64-v2
// GC=Concurrent Workstation
// HardwareIntrinsics=AVX,SSE3+SSSE3+SSE4.1+SSE4.2+POPCNT,X86Base+SSE+SSE2,AES+PCLMUL VectorSize=128
// Job: DefaultJob

WorkloadJitting  1: 1 op, 294491214.00 ns, 294.4912 ms/op
WorkloadJitting  2: 30 op, 7102045436.00 ns, 236.7348 ms/op
WorkloadJitting  3: 10 op, 2283826723.00 ns, 228.3827 ms/op
WorkloadJitting  4: 1 op, 229667508.00 ns, 229.6675 ms/op

WorkloadPilot    1: 2 op, 461192961.00 ns, 230.5965 ms/op
WorkloadPilot    2: 3 op, 690830490.00 ns, 230.2768 ms/op

WorkloadWarmup   1: 3 op, 689966807.00 ns, 229.9889 ms/op
WorkloadWarmup   2: 3 op, 690284975.00 ns, 230.0950 ms/op
WorkloadWarmup   3: 3 op, 686980475.00 ns, 228.9935 ms/op
WorkloadWarmup   4: 3 op, 687210717.00 ns, 229.0702 ms/op
WorkloadWarmup   5: 3 op, 677812063.00 ns, 225.9374 ms/op
WorkloadWarmup   6: 3 op, 676126406.00 ns, 225.3755 ms/op

// BeforeActualRun
WorkloadActual   1: 3 op, 675500927.00 ns, 225.1670 ms/op
WorkloadActual   2: 3 op, 672916876.00 ns, 224.3056 ms/op
WorkloadActual   3: 3 op, 678328843.00 ns, 226.1096 ms/op
WorkloadActual   4: 3 op, 668672141.00 ns, 222.8907 ms/op
WorkloadActual   5: 3 op, 674596508.00 ns, 224.8655 ms/op
WorkloadActual   6: 3 op, 672934380.00 ns, 224.3115 ms/op
WorkloadActual   7: 3 op, 674273941.00 ns, 224.7580 ms/op
WorkloadActual   8: 3 op, 665204163.00 ns, 221.7347 ms/op
WorkloadActual   9: 3 op, 671725705.00 ns, 223.9086 ms/op
WorkloadActual  10: 3 op, 670903542.00 ns, 223.6345 ms/op
WorkloadActual  11: 3 op, 664974912.00 ns, 221.6583 ms/op
WorkloadActual  12: 3 op, 674444855.00 ns, 224.8150 ms/op
WorkloadActual  13: 3 op, 677057765.00 ns, 225.6859 ms/op
WorkloadActual  14: 3 op, 674002210.00 ns, 224.6674 ms/op
WorkloadActual  15: 3 op, 668455698.00 ns, 222.8186 ms/op

// AfterActualRun
// BeforeExtraIteration
// AfterExtraIteration
WorkloadExtra    1: 3 op, 667835541.00 ns, 222.6118 ms/op
WorkloadResult   1: 3 op, 675500927.00 ns, 225.1670 ms/op
WorkloadResult   2: 3 op, 672916876.00 ns, 224.3056 ms/op
WorkloadResult   3: 3 op, 678328843.00 ns, 226.1096 ms/op
WorkloadResult   4: 3 op, 668672141.00 ns, 222.8907 ms/op
WorkloadResult   5: 3 op, 674596508.00 ns, 224.8655 ms/op
WorkloadResult   6: 3 op, 672934380.00 ns, 224.3115 ms/op
WorkloadResult   7: 3 op, 674273941.00 ns, 224.7580 ms/op
WorkloadResult   8: 3 op, 665204163.00 ns, 221.7347 ms/op
WorkloadResult   9: 3 op, 671725705.00 ns, 223.9086 ms/op
WorkloadResult  10: 3 op, 670903542.00 ns, 223.6345 ms/op
WorkloadResult  11: 3 op, 664974912.00 ns, 221.6583 ms/op
WorkloadResult  12: 3 op, 674444855.00 ns, 224.8150 ms/op
WorkloadResult  13: 3 op, 677057765.00 ns, 225.6859 ms/op
WorkloadResult  14: 3 op, 674002210.00 ns, 224.6674 ms/op
WorkloadResult  15: 3 op, 668455698.00 ns, 222.8186 ms/op
// GC:  100 0 0 420000312 3

// AfterAll
// Benchmark Process 380981 has exited with code 0.

Mean = 224.089 ms, StdErr = 0.342 ms (0.15%), N = 15, StdDev = 1.324 ms
Min = 221.658 ms, Q1 = 223.263 ms, Median = 224.311 ms, Q3 = 224.840 ms, Max = 226.110 ms
IQR = 1.578 ms, LowerFence = 220.896 ms, UpperFence = 227.207 ms
ConfidenceInterval = [222.673 ms; 225.504 ms] (CI 99.9%), Margin = 1.415 ms (0.63% of Mean)
Skewness = -0.47, Kurtosis = 2.08, MValue = 2

// ** Remained 4 (20.0%) benchmark(s) to run. Estimated finish 2026-07-30 15:56 (0h 13m from now) **
// **************************
// Benchmark: VectorQuantisationBenchmarks.'HNSW search': DefaultJob [Dimension=128, Quantisation=Int4]
// *** Execute ***
// Launch: 1 / 1
// Execute: dotnet Rowles.LeanCorpus.Benchmarks-DefaultJob-1.dll --ipcPort 42101 --benchmarkName "Rowles.LeanCorpus.Benchmarks.VectorQuantisationBenchmarks.Search(Dimension: 128, Quantisation: Int4)" --job Default --diagnoserRunMode 3 --benchmarkId 16 in /home/jordan/leancorpus/working_directory/src/devops/Rowles.LeanCorpus.Benchmarks/bin/Release/net10.0/Rowles.LeanCorpus.Benchmarks-DefaultJob-1/bin/Release/net10.0
// Failed to set up high priority (Permission denied). In order to run benchmarks with high priority, make sure you have the right permissions.
// BeforeAnythingElse

// Benchmark Process Environment Information:
// BenchmarkDotNet v0.16.0-nightly.20260427.506
// Runtime=.NET 10.0.3 (10.0.3, 10.0.326.7603), X64 RyuJIT x86-64-v2
// GC=Concurrent Workstation
// HardwareIntrinsics=AVX,SSE3+SSSE3+SSE4.1+SSE4.2+POPCNT,X86Base+SSE+SSE2,AES+PCLMUL VectorSize=128
// Job: DefaultJob

WorkloadJitting  1: 1 op, 12615784.00 ns, 12.6158 ms/op
WorkloadJitting  2: 30 op, 269618691.00 ns, 8.9873 ms/op
WorkloadJitting  3: 30 op, 267320680.00 ns, 8.9107 ms/op
WorkloadJitting  4: 30 op, 266965023.00 ns, 8.8988 ms/op
WorkloadJitting  5: 1 op, 11622476.00 ns, 11.6225 ms/op

WorkloadPilot    1: 1 op, 11922266.00 ns, 11.9223 ms/op

WorkloadPilot    1: 16 op, 140880047.00 ns, 8.8050 ms/op
WorkloadPilot    2: 32 op, 281869841.00 ns, 8.8084 ms/op
WorkloadPilot    3: 64 op, 542267492.00 ns, 8.4729 ms/op

WorkloadWarmup   1: 64 op, 548209558.00 ns, 8.5658 ms/op
WorkloadWarmup   2: 64 op, 548195792.00 ns, 8.5656 ms/op
WorkloadWarmup   3: 64 op, 549920977.00 ns, 8.5925 ms/op
WorkloadWarmup   4: 64 op, 549415942.00 ns, 8.5846 ms/op
WorkloadWarmup   5: 64 op, 549292843.00 ns, 8.5827 ms/op
WorkloadWarmup   6: 64 op, 554349248.00 ns, 8.6617 ms/op
WorkloadWarmup   7: 64 op, 546230430.00 ns, 8.5349 ms/op

// BeforeActualRun
WorkloadActual   1: 64 op, 544461518.00 ns, 8.5072 ms/op
WorkloadActual   2: 64 op, 541114267.00 ns, 8.4549 ms/op
WorkloadActual   3: 64 op, 543159961.00 ns, 8.4869 ms/op
WorkloadActual   4: 64 op, 538150443.00 ns, 8.4086 ms/op
WorkloadActual   5: 64 op, 538311262.00 ns, 8.4111 ms/op
WorkloadActual   6: 64 op, 534225611.00 ns, 8.3473 ms/op
WorkloadActual   7: 64 op, 540483311.00 ns, 8.4451 ms/op
WorkloadActual   8: 64 op, 545598105.00 ns, 8.5250 ms/op
WorkloadActual   9: 64 op, 601765146.00 ns, 9.4026 ms/op
WorkloadActual  10: 64 op, 533132452.00 ns, 8.3302 ms/op
WorkloadActual  11: 64 op, 540819587.00 ns, 8.4503 ms/op
WorkloadActual  12: 64 op, 543310242.00 ns, 8.4892 ms/op
WorkloadActual  13: 64 op, 545067241.00 ns, 8.5167 ms/op
WorkloadActual  14: 64 op, 543517603.00 ns, 8.4925 ms/op
WorkloadActual  15: 64 op, 540112186.00 ns, 8.4393 ms/op

// AfterActualRun
// BeforeExtraIteration
// AfterExtraIteration
WorkloadExtra    1: 64 op, 537989577.00 ns, 8.4061 ms/op
WorkloadResult   1: 64 op, 544461518.00 ns, 8.5072 ms/op
WorkloadResult   2: 64 op, 541114267.00 ns, 8.4549 ms/op
WorkloadResult   3: 64 op, 543159961.00 ns, 8.4869 ms/op
WorkloadResult   4: 64 op, 538150443.00 ns, 8.4086 ms/op
WorkloadResult   5: 64 op, 538311262.00 ns, 8.4111 ms/op
WorkloadResult   6: 64 op, 534225611.00 ns, 8.3473 ms/op
WorkloadResult   7: 64 op, 540483311.00 ns, 8.4451 ms/op
WorkloadResult   8: 64 op, 545598105.00 ns, 8.5250 ms/op
WorkloadResult   9: 64 op, 533132452.00 ns, 8.3302 ms/op
WorkloadResult  10: 64 op, 540819587.00 ns, 8.4503 ms/op
WorkloadResult  11: 64 op, 543310242.00 ns, 8.4892 ms/op
WorkloadResult  12: 64 op, 545067241.00 ns, 8.5167 ms/op
WorkloadResult  13: 64 op, 543517603.00 ns, 8.4925 ms/op
WorkloadResult  14: 64 op, 540112186.00 ns, 8.4393 ms/op
// GC:  154 0 0 647777616 64

// AfterAll
// Benchmark Process 381113 has exited with code 0.

Mean = 8.450 ms, StdErr = 0.016 ms (0.19%), N = 14, StdDev = 0.060 ms
Min = 8.330 ms, Q1 = 8.418 ms, Median = 8.453 ms, Q3 = 8.492 ms, Max = 8.525 ms
IQR = 0.074 ms, LowerFence = 8.308 ms, UpperFence = 8.602 ms
ConfidenceInterval = [8.383 ms; 8.518 ms] (CI 99.9%), Margin = 0.067 ms (0.80% of Mean)
Skewness = -0.63, Kurtosis = 2.22, MValue = 2

// ** Remained 3 (15.0%) benchmark(s) to run. Estimated finish 2026-07-30 15:55 (0h 10m from now) **
// **************************
// Benchmark: VectorQuantisationBenchmarks.'Lucene.NET flat scan': DefaultJob [Dimension=128, Quantisation=Int4]
// *** Execute ***
// Launch: 1 / 1
// Execute: dotnet Rowles.LeanCorpus.Benchmarks-DefaultJob-1.dll --ipcPort 41437 --benchmarkName "Rowles.LeanCorpus.Benchmarks.VectorQuantisationBenchmarks.LuceneNet_Baseline(Dimension: 128, Quantisation: Int4)" --job Default --diagnoserRunMode 3 --benchmarkId 17 in /home/jordan/leancorpus/working_directory/src/devops/Rowles.LeanCorpus.Benchmarks/bin/Release/net10.0/Rowles.LeanCorpus.Benchmarks-DefaultJob-1/bin/Release/net10.0
// Failed to set up high priority (Permission denied). In order to run benchmarks with high priority, make sure you have the right permissions.
// BeforeAnythingElse

// Benchmark Process Environment Information:
// BenchmarkDotNet v0.16.0-nightly.20260427.506
// Runtime=.NET 10.0.3 (10.0.3, 10.0.326.7603), X64 RyuJIT x86-64-v2
// GC=Concurrent Workstation
// HardwareIntrinsics=AVX,SSE3+SSSE3+SSE4.1+SSE4.2+POPCNT,X86Base+SSE+SSE2,AES+PCLMUL VectorSize=128
// Job: DefaultJob

WorkloadJitting  1: 1 op, 291660831.00 ns, 291.6608 ms/op
WorkloadJitting  2: 30 op, 7047449727.00 ns, 234.9150 ms/op
WorkloadJitting  3: 11 op, 2577073726.00 ns, 234.2794 ms/op
WorkloadJitting  4: 1 op, 234367968.00 ns, 234.3680 ms/op

WorkloadPilot    1: 2 op, 467242354.00 ns, 233.6212 ms/op
WorkloadPilot    2: 3 op, 705039321.00 ns, 235.0131 ms/op

WorkloadWarmup   1: 3 op, 703184883.00 ns, 234.3950 ms/op
WorkloadWarmup   2: 3 op, 696011082.00 ns, 232.0037 ms/op
WorkloadWarmup   3: 3 op, 702052076.00 ns, 234.0174 ms/op
WorkloadWarmup   4: 3 op, 699008050.00 ns, 233.0027 ms/op
WorkloadWarmup   5: 3 op, 686595331.00 ns, 228.8651 ms/op
WorkloadWarmup   6: 3 op, 680971437.00 ns, 226.9905 ms/op
WorkloadWarmup   7: 3 op, 687671102.00 ns, 229.2237 ms/op
WorkloadWarmup   8: 3 op, 692033621.00 ns, 230.6779 ms/op
WorkloadWarmup   9: 3 op, 690544761.00 ns, 230.1816 ms/op

// BeforeActualRun
WorkloadActual   1: 3 op, 690107988.00 ns, 230.0360 ms/op
WorkloadActual   2: 3 op, 689841916.00 ns, 229.9473 ms/op
WorkloadActual   3: 3 op, 685357503.00 ns, 228.4525 ms/op
WorkloadActual   4: 3 op, 682538673.00 ns, 227.5129 ms/op
WorkloadActual   5: 3 op, 688704216.00 ns, 229.5681 ms/op
WorkloadActual   6: 3 op, 688934825.00 ns, 229.6449 ms/op
WorkloadActual   7: 3 op, 688768666.00 ns, 229.5896 ms/op
WorkloadActual   8: 3 op, 688100714.00 ns, 229.3669 ms/op
WorkloadActual   9: 3 op, 688299836.00 ns, 229.4333 ms/op
WorkloadActual  10: 3 op, 680488509.00 ns, 226.8295 ms/op
WorkloadActual  11: 3 op, 686735835.00 ns, 228.9119 ms/op
WorkloadActual  12: 3 op, 685837870.00 ns, 228.6126 ms/op
WorkloadActual  13: 3 op, 691358126.00 ns, 230.4527 ms/op
WorkloadActual  14: 3 op, 688773146.00 ns, 229.5910 ms/op
WorkloadActual  15: 3 op, 692491980.00 ns, 230.8307 ms/op

// AfterActualRun
// BeforeExtraIteration
// AfterExtraIteration
WorkloadExtra    1: 3 op, 682832979.00 ns, 227.6110 ms/op
WorkloadResult   1: 3 op, 690107988.00 ns, 230.0360 ms/op
WorkloadResult   2: 3 op, 689841916.00 ns, 229.9473 ms/op
WorkloadResult   3: 3 op, 685357503.00 ns, 228.4525 ms/op
WorkloadResult   4: 3 op, 682538673.00 ns, 227.5129 ms/op
WorkloadResult   5: 3 op, 688704216.00 ns, 229.5681 ms/op
WorkloadResult   6: 3 op, 688934825.00 ns, 229.6449 ms/op
WorkloadResult   7: 3 op, 688768666.00 ns, 229.5896 ms/op
WorkloadResult   8: 3 op, 688100714.00 ns, 229.3669 ms/op
WorkloadResult   9: 3 op, 688299836.00 ns, 229.4333 ms/op
WorkloadResult  10: 3 op, 680488509.00 ns, 226.8295 ms/op
WorkloadResult  11: 3 op, 686735835.00 ns, 228.9119 ms/op
WorkloadResult  12: 3 op, 685837870.00 ns, 228.6126 ms/op
WorkloadResult  13: 3 op, 691358126.00 ns, 230.4527 ms/op
WorkloadResult  14: 3 op, 688773146.00 ns, 229.5910 ms/op
WorkloadResult  15: 3 op, 692491980.00 ns, 230.8307 ms/op
// GC:  100 0 0 420000312 3

// AfterAll
// Benchmark Process 381246 has exited with code 0.

Mean = 229.252 ms, StdErr = 0.273 ms (0.12%), N = 15, StdDev = 1.056 ms
Min = 226.830 ms, Q1 = 228.762 ms, Median = 229.568 ms, Q3 = 229.796 ms, Max = 230.831 ms
IQR = 1.034 ms, LowerFence = 227.212 ms, UpperFence = 231.347 ms
ConfidenceInterval = [228.123 ms; 230.381 ms] (CI 99.9%), Margin = 1.129 ms (0.49% of Mean)
Skewness = -0.77, Kurtosis = 2.85, MValue = 2

// ** Remained 2 (10.0%) benchmark(s) to run. Estimated finish 2026-07-30 15:53 (0h 6m from now) **
// **************************
// Benchmark: VectorQuantisationBenchmarks.'HNSW search': DefaultJob [Dimension=128, Quantisation=ProductQuantisation]
// *** Execute ***
// Launch: 1 / 1
// Execute: dotnet Rowles.LeanCorpus.Benchmarks-DefaultJob-1.dll --ipcPort 37489 --benchmarkName "Rowles.LeanCorpus.Benchmarks.VectorQuantisationBenchmarks.Search(Dimension: 128, Quantisation: ProductQuantisation)" --job Default --diagnoserRunMode 3 --benchmarkId 18 in /home/jordan/leancorpus/working_directory/src/devops/Rowles.LeanCorpus.Benchmarks/bin/Release/net10.0/Rowles.LeanCorpus.Benchmarks-DefaultJob-1/bin/Release/net10.0
// Failed to set up high priority (Permission denied). In order to run benchmarks with high priority, make sure you have the right permissions.
// BeforeAnythingElse

// Benchmark Process Environment Information:
// BenchmarkDotNet v0.16.0-nightly.20260427.506
// Runtime=.NET 10.0.3 (10.0.3, 10.0.326.7603), X64 RyuJIT x86-64-v2
// GC=Concurrent Workstation
// HardwareIntrinsics=AVX,SSE3+SSSE3+SSE4.1+SSE4.2+POPCNT,X86Base+SSE+SSE2,AES+PCLMUL VectorSize=128
// Job: DefaultJob

WorkloadJitting  1: 1 op, 3725819.00 ns, 3.7258 ms/op
WorkloadJitting  2: 30 op, 78129236.00 ns, 2.6043 ms/op
WorkloadJitting  3: 30 op, 77217983.00 ns, 2.5739 ms/op
WorkloadJitting  4: 30 op, 70272800.00 ns, 2.3424 ms/op
WorkloadJitting  5: 1 op, 3535922.00 ns, 3.5359 ms/op

WorkloadPilot    1: 1 op, 3573028.00 ns, 3.5730 ms/op

WorkloadPilot    1: 16 op, 39913720.00 ns, 2.4946 ms/op
WorkloadPilot    2: 32 op, 76446699.00 ns, 2.3890 ms/op
WorkloadPilot    3: 64 op, 147580212.00 ns, 2.3059 ms/op
WorkloadPilot    4: 128 op, 292434988.00 ns, 2.2846 ms/op
WorkloadPilot    5: 256 op, 579341294.00 ns, 2.2631 ms/op

WorkloadWarmup   1: 256 op, 577866462.00 ns, 2.2573 ms/op
WorkloadWarmup   2: 256 op, 572748901.00 ns, 2.2373 ms/op
WorkloadWarmup   3: 256 op, 576741947.00 ns, 2.2529 ms/op
WorkloadWarmup   4: 256 op, 577692472.00 ns, 2.2566 ms/op
WorkloadWarmup   5: 256 op, 577760884.00 ns, 2.2569 ms/op
WorkloadWarmup   6: 256 op, 574694310.00 ns, 2.2449 ms/op
WorkloadWarmup   7: 256 op, 571222201.00 ns, 2.2313 ms/op
WorkloadWarmup   8: 256 op, 571323098.00 ns, 2.2317 ms/op
WorkloadWarmup   9: 256 op, 578130712.00 ns, 2.2583 ms/op
WorkloadWarmup  10: 256 op, 576584172.00 ns, 2.2523 ms/op

// BeforeActualRun
WorkloadActual   1: 256 op, 580089777.00 ns, 2.2660 ms/op
WorkloadActual   2: 256 op, 576764297.00 ns, 2.2530 ms/op
WorkloadActual   3: 256 op, 579622796.00 ns, 2.2642 ms/op
WorkloadActual   4: 256 op, 576425173.00 ns, 2.2517 ms/op
WorkloadActual   5: 256 op, 576899573.00 ns, 2.2535 ms/op
WorkloadActual   6: 256 op, 577226964.00 ns, 2.2548 ms/op
WorkloadActual   7: 256 op, 581184737.00 ns, 2.2703 ms/op
WorkloadActual   8: 256 op, 576445009.00 ns, 2.2517 ms/op
WorkloadActual   9: 256 op, 577506894.00 ns, 2.2559 ms/op
WorkloadActual  10: 256 op, 573776857.00 ns, 2.2413 ms/op
WorkloadActual  11: 256 op, 576646536.00 ns, 2.2525 ms/op
WorkloadActual  12: 256 op, 580675407.00 ns, 2.2683 ms/op
WorkloadActual  13: 256 op, 579109351.00 ns, 2.2621 ms/op
WorkloadActual  14: 256 op, 579085832.00 ns, 2.2621 ms/op
WorkloadActual  15: 256 op, 583319472.00 ns, 2.2786 ms/op

// AfterActualRun
// BeforeExtraIteration
// AfterExtraIteration
WorkloadExtra    1: 256 op, 577297586.00 ns, 2.2551 ms/op
WorkloadResult   1: 256 op, 580089777.00 ns, 2.2660 ms/op
WorkloadResult   2: 256 op, 576764297.00 ns, 2.2530 ms/op
WorkloadResult   3: 256 op, 579622796.00 ns, 2.2642 ms/op
WorkloadResult   4: 256 op, 576425173.00 ns, 2.2517 ms/op
WorkloadResult   5: 256 op, 576899573.00 ns, 2.2535 ms/op
WorkloadResult   6: 256 op, 577226964.00 ns, 2.2548 ms/op
WorkloadResult   7: 256 op, 581184737.00 ns, 2.2703 ms/op
WorkloadResult   8: 256 op, 576445009.00 ns, 2.2517 ms/op
WorkloadResult   9: 256 op, 577506894.00 ns, 2.2559 ms/op
WorkloadResult  10: 256 op, 573776857.00 ns, 2.2413 ms/op
WorkloadResult  11: 256 op, 576646536.00 ns, 2.2525 ms/op
WorkloadResult  12: 256 op, 580675407.00 ns, 2.2683 ms/op
WorkloadResult  13: 256 op, 579109351.00 ns, 2.2621 ms/op
WorkloadResult  14: 256 op, 579085832.00 ns, 2.2621 ms/op
WorkloadResult  15: 256 op, 583319472.00 ns, 2.2786 ms/op
// GC:  12 0 0 54031408 256

// AfterAll
// Benchmark Process 381373 has exited with code 0.

Mean = 2.259 ms, StdErr = 0.002 ms (0.11%), N = 15, StdDev = 0.009 ms
Min = 2.241 ms, Q1 = 2.253 ms, Median = 2.256 ms, Q3 = 2.265 ms, Max = 2.279 ms
IQR = 0.012 ms, LowerFence = 2.234 ms, UpperFence = 2.284 ms
ConfidenceInterval = [2.249 ms; 2.269 ms] (CI 99.9%), Margin = 0.010 ms (0.45% of Mean)
Skewness = 0.24, Kurtosis = 2.37, MValue = 2

// ** Remained 1 (5.0%) benchmark(s) to run. Estimated finish 2026-07-30 15:57 (0h 3m from now) **
// **************************
// Benchmark: VectorQuantisationBenchmarks.'Lucene.NET flat scan': DefaultJob [Dimension=128, Quantisation=ProductQuantisation]
// *** Execute ***
// Launch: 1 / 1
// Execute: dotnet Rowles.LeanCorpus.Benchmarks-DefaultJob-1.dll --ipcPort 33479 --benchmarkName "Rowles.LeanCorpus.Benchmarks.VectorQuantisationBenchmarks.LuceneNet_Baseline(Dimension: 128, Quantisation: ProductQuantisation)" --job Default --diagnoserRunMode 3 --benchmarkId 19 in /home/jordan/leancorpus/working_directory/src/devops/Rowles.LeanCorpus.Benchmarks/bin/Release/net10.0/Rowles.LeanCorpus.Benchmarks-DefaultJob-1/bin/Release/net10.0
// Failed to set up high priority (Permission denied). In order to run benchmarks with high priority, make sure you have the right permissions.
// BeforeAnythingElse

// Benchmark Process Environment Information:
// BenchmarkDotNet v0.16.0-nightly.20260427.506
// Runtime=.NET 10.0.3 (10.0.3, 10.0.326.7603), X64 RyuJIT x86-64-v2
// GC=Concurrent Workstation
// HardwareIntrinsics=AVX,SSE3+SSSE3+SSE4.1+SSE4.2+POPCNT,X86Base+SSE+SSE2,AES+PCLMUL VectorSize=128
// Job: DefaultJob

WorkloadJitting  1: 1 op, 295572758.00 ns, 295.5728 ms/op
WorkloadJitting  2: 30 op, 7042787029.00 ns, 234.7596 ms/op
WorkloadJitting  3: 11 op, 2522801465.00 ns, 229.3456 ms/op
WorkloadJitting  4: 1 op, 229088466.00 ns, 229.0885 ms/op

WorkloadPilot    1: 2 op, 453198541.00 ns, 226.5993 ms/op
WorkloadPilot    2: 3 op, 687596328.00 ns, 229.1988 ms/op

WorkloadWarmup   1: 3 op, 687568846.00 ns, 229.1896 ms/op
WorkloadWarmup   2: 3 op, 682504282.00 ns, 227.5014 ms/op
WorkloadWarmup   3: 3 op, 685553041.00 ns, 228.5177 ms/op
WorkloadWarmup   4: 3 op, 685062241.00 ns, 228.3541 ms/op
WorkloadWarmup   5: 3 op, 677065726.00 ns, 225.6886 ms/op
WorkloadWarmup   6: 3 op, 675007097.00 ns, 225.0024 ms/op
WorkloadWarmup   7: 3 op, 673127901.00 ns, 224.3760 ms/op
WorkloadWarmup   8: 3 op, 675239676.00 ns, 225.0799 ms/op
WorkloadWarmup   9: 3 op, 674916238.00 ns, 224.9721 ms/op

// BeforeActualRun
WorkloadActual   1: 3 op, 674320719.00 ns, 224.7736 ms/op
WorkloadActual   2: 3 op, 669831734.00 ns, 223.2772 ms/op
WorkloadActual   3: 3 op, 665229665.00 ns, 221.7432 ms/op
WorkloadActual   4: 3 op, 662041671.00 ns, 220.6806 ms/op
WorkloadActual   5: 3 op, 667014430.00 ns, 222.3381 ms/op
WorkloadActual   6: 3 op, 668425506.00 ns, 222.8085 ms/op
WorkloadActual   7: 3 op, 672220688.00 ns, 224.0736 ms/op
WorkloadActual   8: 3 op, 672620660.00 ns, 224.2069 ms/op
WorkloadActual   9: 3 op, 673017961.00 ns, 224.3393 ms/op
WorkloadActual  10: 3 op, 672799794.00 ns, 224.2666 ms/op
WorkloadActual  11: 3 op, 674988649.00 ns, 224.9962 ms/op
WorkloadActual  12: 3 op, 668556589.00 ns, 222.8522 ms/op
WorkloadActual  13: 3 op, 672463763.00 ns, 224.1546 ms/op
WorkloadActual  14: 3 op, 676316923.00 ns, 225.4390 ms/op
WorkloadActual  15: 3 op, 675473993.00 ns, 225.1580 ms/op

// AfterActualRun
// BeforeExtraIteration
// AfterExtraIteration
WorkloadExtra    1: 3 op, 667119675.00 ns, 222.3732 ms/op
WorkloadResult   1: 3 op, 674320719.00 ns, 224.7736 ms/op
WorkloadResult   2: 3 op, 669831734.00 ns, 223.2772 ms/op
WorkloadResult   3: 3 op, 665229665.00 ns, 221.7432 ms/op
WorkloadResult   4: 3 op, 662041671.00 ns, 220.6806 ms/op
WorkloadResult   5: 3 op, 667014430.00 ns, 222.3381 ms/op
WorkloadResult   6: 3 op, 668425506.00 ns, 222.8085 ms/op
WorkloadResult   7: 3 op, 672220688.00 ns, 224.0736 ms/op
WorkloadResult   8: 3 op, 672620660.00 ns, 224.2069 ms/op
WorkloadResult   9: 3 op, 673017961.00 ns, 224.3393 ms/op
WorkloadResult  10: 3 op, 672799794.00 ns, 224.2666 ms/op
WorkloadResult  11: 3 op, 674988649.00 ns, 224.9962 ms/op
WorkloadResult  12: 3 op, 668556589.00 ns, 222.8522 ms/op
WorkloadResult  13: 3 op, 672463763.00 ns, 224.1546 ms/op
WorkloadResult  14: 3 op, 676316923.00 ns, 225.4390 ms/op
WorkloadResult  15: 3 op, 675473993.00 ns, 225.1580 ms/op
// GC:  100 0 0 420000312 3

// AfterAll
// Benchmark Process 381729 has exited with code 0.

Mean = 223.674 ms, StdErr = 0.350 ms (0.16%), N = 15, StdDev = 1.357 ms
Min = 220.681 ms, Q1 = 222.830 ms, Median = 224.155 ms, Q3 = 224.556 ms, Max = 225.439 ms
IQR = 1.726 ms, LowerFence = 220.241 ms, UpperFence = 227.146 ms
ConfidenceInterval = [222.223 ms; 225.125 ms] (CI 99.9%), Margin = 1.451 ms (0.65% of Mean)
Skewness = -0.65, Kurtosis = 2.32, MValue = 2

// ** Remained 0 (0.0%) benchmark(s) to run. Estimated finish 2026-07-30 16:01 (0h 0m from now) **
// ***** BenchmarkRunner: Finish  *****

// * Export *
  bench/debian/2026-07-30/13-46/_runner/results/Rowles.LeanCorpus.Benchmarks.VectorQuantisationBenchmarks-report.csv
  bench/debian/2026-07-30/13-46/_runner/results/Rowles.LeanCorpus.Benchmarks.VectorQuantisationBenchmarks-report-github.md
  bench/debian/2026-07-30/13-46/_runner/results/Rowles.LeanCorpus.Benchmarks.VectorQuantisationBenchmarks-report.html
  bench/debian/2026-07-30/13-46/_runner/results/Rowles.LeanCorpus.Benchmarks.VectorQuantisationBenchmarks-report-full.json
  bench/debian/2026-07-30/13-46/_runner/results/Rowles.LeanCorpus.Benchmarks.VectorQuantisationBenchmarks-measurements.csv
  bench/debian/2026-07-30/13-46/_runner/results/BuildPlots.R
RPlotExporter couldn't find Rscript in your PATH and no R_HOME environment variable is defined

// * Detailed results *
VectorQuantisationBenchmarks.'HNSW search': DefaultJob [Dimension=64, Quantisation=None]
Runtime = .NET 10.0.3 (10.0.3, 10.0.326.7603), X64 RyuJIT x86-64-v2; GC = Concurrent Workstation
Mean = 2.291 ms, StdErr = 0.010 ms (0.43%), N = 15, StdDev = 0.039 ms
Min = 2.253 ms, Q1 = 2.261 ms, Median = 2.273 ms, Q3 = 2.311 ms, Max = 2.379 ms
IQR = 0.050 ms, LowerFence = 2.186 ms, UpperFence = 2.385 ms
ConfidenceInterval = [2.250 ms; 2.332 ms] (CI 99.9%), Margin = 0.041 ms (1.80% of Mean)
Skewness = 0.95, Kurtosis = 2.6, MValue = 2
-------------------- Histogram --------------------
[2.247 ms ; 2.342 ms) | @@@@@@@@@@@@@
[2.342 ms ; 2.390 ms) | @@
---------------------------------------------------

VectorQuantisationBenchmarks.'Lucene.NET flat scan': DefaultJob [Dimension=64, Quantisation=None]
Runtime = .NET 10.0.3 (10.0.3, 10.0.326.7603), X64 RyuJIT x86-64-v2; GC = Concurrent Workstation
Mean = 250.980 ms, StdErr = 0.391 ms (0.16%), N = 13, StdDev = 1.409 ms
Min = 248.740 ms, Q1 = 250.361 ms, Median = 250.863 ms, Q3 = 251.499 ms, Max = 254.352 ms
IQR = 1.138 ms, LowerFence = 248.654 ms, UpperFence = 253.206 ms
ConfidenceInterval = [249.293 ms; 252.667 ms] (CI 99.9%), Margin = 1.687 ms (0.67% of Mean)
Skewness = 0.68, Kurtosis = 3.24, MValue = 2
-------------------- Histogram --------------------
[248.628 ms ; 255.139 ms) | @@@@@@@@@@@@@
---------------------------------------------------

VectorQuantisationBenchmarks.'HNSW search': DefaultJob [Dimension=64, Quantisation=Int8]
Runtime = .NET 10.0.3 (10.0.3, 10.0.326.7603), X64 RyuJIT x86-64-v2; GC = Concurrent Workstation
Mean = 2.739 ms, StdErr = 0.006 ms (0.22%), N = 14, StdDev = 0.022 ms
Min = 2.693 ms, Q1 = 2.740 ms, Median = 2.742 ms, Q3 = 2.753 ms, Max = 2.767 ms
IQR = 0.012 ms, LowerFence = 2.722 ms, UpperFence = 2.771 ms
ConfidenceInterval = [2.714 ms; 2.764 ms] (CI 99.9%), Margin = 0.025 ms (0.92% of Mean)
Skewness = -0.88, Kurtosis = 2.43, MValue = 2
-------------------- Histogram --------------------
[2.681 ms ; 2.780 ms) | @@@@@@@@@@@@@@
---------------------------------------------------

VectorQuantisationBenchmarks.'Lucene.NET flat scan': DefaultJob [Dimension=64, Quantisation=Int8]
Runtime = .NET 10.0.3 (10.0.3, 10.0.326.7603), X64 RyuJIT x86-64-v2; GC = Concurrent Workstation
Mean = 252.812 ms, StdErr = 0.416 ms (0.16%), N = 15, StdDev = 1.611 ms
Min = 250.125 ms, Q1 = 251.482 ms, Median = 253.099 ms, Q3 = 253.363 ms, Max = 255.629 ms
IQR = 1.882 ms, LowerFence = 248.659 ms, UpperFence = 256.186 ms
ConfidenceInterval = [251.089 ms; 254.534 ms] (CI 99.9%), Margin = 1.722 ms (0.68% of Mean)
Skewness = -0.02, Kurtosis = 1.93, MValue = 2
-------------------- Histogram --------------------
[249.268 ms ; 255.775 ms) | @@@@@@@@@@@@@@@
---------------------------------------------------

VectorQuantisationBenchmarks.'HNSW search': DefaultJob [Dimension=64, Quantisation=BBQ]
Runtime = .NET 10.0.3 (10.0.3, 10.0.326.7603), X64 RyuJIT x86-64-v2; GC = Concurrent Workstation
Mean = 3.720 ms, StdErr = 0.004 ms (0.11%), N = 15, StdDev = 0.017 ms
Min = 3.688 ms, Q1 = 3.711 ms, Median = 3.727 ms, Q3 = 3.731 ms, Max = 3.745 ms
IQR = 0.020 ms, LowerFence = 3.681 ms, UpperFence = 3.760 ms
ConfidenceInterval = [3.702 ms; 3.737 ms] (CI 99.9%), Margin = 0.018 ms (0.48% of Mean)
Skewness = -0.55, Kurtosis = 2.05, MValue = 2
-------------------- Histogram --------------------
[3.679 ms ; 3.754 ms) | @@@@@@@@@@@@@@@
---------------------------------------------------

VectorQuantisationBenchmarks.'Lucene.NET flat scan': DefaultJob [Dimension=64, Quantisation=BBQ]
Runtime = .NET 10.0.3 (10.0.3, 10.0.326.7603), X64 RyuJIT x86-64-v2; GC = Concurrent Workstation
Mean = 256.158 ms, StdErr = 0.476 ms (0.19%), N = 15, StdDev = 1.842 ms
Min = 253.875 ms, Q1 = 255.034 ms, Median = 255.549 ms, Q3 = 257.401 ms, Max = 260.644 ms
IQR = 2.367 ms, LowerFence = 251.483 ms, UpperFence = 260.952 ms
ConfidenceInterval = [254.189 ms; 258.127 ms] (CI 99.9%), Margin = 1.969 ms (0.77% of Mean)
Skewness = 0.86, Kurtosis = 2.89, MValue = 2
-------------------- Histogram --------------------
[252.894 ms ; 261.625 ms) | @@@@@@@@@@@@@@@
---------------------------------------------------

VectorQuantisationBenchmarks.'HNSW search': DefaultJob [Dimension=64, Quantisation=Int4]
Runtime = .NET 10.0.3 (10.0.3, 10.0.326.7603), X64 RyuJIT x86-64-v2; GC = Concurrent Workstation
Mean = 4.893 ms, StdErr = 0.007 ms (0.15%), N = 15, StdDev = 0.028 ms
Min = 4.819 ms, Q1 = 4.886 ms, Median = 4.892 ms, Q3 = 4.910 ms, Max = 4.936 ms
IQR = 0.024 ms, LowerFence = 4.850 ms, UpperFence = 4.946 ms
ConfidenceInterval = [4.864 ms; 4.922 ms] (CI 99.9%), Margin = 0.029 ms (0.60% of Mean)
Skewness = -0.99, Kurtosis = 4.16, MValue = 2
-------------------- Histogram --------------------
[4.804 ms ; 4.946 ms) | @@@@@@@@@@@@@@@
---------------------------------------------------

VectorQuantisationBenchmarks.'Lucene.NET flat scan': DefaultJob [Dimension=64, Quantisation=Int4]
Runtime = .NET 10.0.3 (10.0.3, 10.0.326.7603), X64 RyuJIT x86-64-v2; GC = Concurrent Workstation
Mean = 252.711 ms, StdErr = 0.453 ms (0.18%), N = 15, StdDev = 1.755 ms
Min = 249.774 ms, Q1 = 251.546 ms, Median = 253.194 ms, Q3 = 253.800 ms, Max = 255.448 ms
IQR = 2.254 ms, LowerFence = 248.165 ms, UpperFence = 257.182 ms
ConfidenceInterval = [250.836 ms; 254.587 ms] (CI 99.9%), Margin = 1.876 ms (0.74% of Mean)
Skewness = -0.03, Kurtosis = 1.75, MValue = 2
-------------------- Histogram --------------------
[248.840 ms ; 256.382 ms) | @@@@@@@@@@@@@@@
---------------------------------------------------

VectorQuantisationBenchmarks.'HNSW search': DefaultJob [Dimension=64, Quantisation=ProductQuantisation]
Runtime = .NET 10.0.3 (10.0.3, 10.0.326.7603), X64 RyuJIT x86-64-v2; GC = Concurrent Workstation
Mean = 1.619 ms, StdErr = 0.001 ms (0.07%), N = 15, StdDev = 0.004 ms
Min = 1.611 ms, Q1 = 1.617 ms, Median = 1.618 ms, Q3 = 1.622 ms, Max = 1.628 ms
IQR = 0.005 ms, LowerFence = 1.609 ms, UpperFence = 1.630 ms
ConfidenceInterval = [1.614 ms; 1.624 ms] (CI 99.9%), Margin = 0.005 ms (0.29% of Mean)
Skewness = 0.21, Kurtosis = 2.2, MValue = 2
-------------------- Histogram --------------------
[1.609 ms ; 1.630 ms) | @@@@@@@@@@@@@@@
---------------------------------------------------

VectorQuantisationBenchmarks.'Lucene.NET flat scan': DefaultJob [Dimension=64, Quantisation=ProductQuantisation]
Runtime = .NET 10.0.3 (10.0.3, 10.0.326.7603), X64 RyuJIT x86-64-v2; GC = Concurrent Workstation
Mean = 250.780 ms, StdErr = 0.365 ms (0.15%), N = 14, StdDev = 1.364 ms
Min = 247.691 ms, Q1 = 250.409 ms, Median = 250.952 ms, Q3 = 251.273 ms, Max = 252.607 ms
IQR = 0.863 ms, LowerFence = 249.115 ms, UpperFence = 252.568 ms
ConfidenceInterval = [249.241 ms; 252.319 ms] (CI 99.9%), Margin = 1.539 ms (0.61% of Mean)
Skewness = -0.69, Kurtosis = 2.89, MValue = 2
-------------------- Histogram --------------------
[246.948 ms ; 253.350 ms) | @@@@@@@@@@@@@@
---------------------------------------------------

VectorQuantisationBenchmarks.'HNSW search': DefaultJob [Dimension=128, Quantisation=None]
Runtime = .NET 10.0.3 (10.0.3, 10.0.326.7603), X64 RyuJIT x86-64-v2; GC = Concurrent Workstation
Mean = 4.095 ms, StdErr = 0.008 ms (0.20%), N = 15, StdDev = 0.032 ms
Min = 4.041 ms, Q1 = 4.077 ms, Median = 4.094 ms, Q3 = 4.112 ms, Max = 4.158 ms
IQR = 0.035 ms, LowerFence = 4.024 ms, UpperFence = 4.165 ms
ConfidenceInterval = [4.061 ms; 4.130 ms] (CI 99.9%), Margin = 0.035 ms (0.85% of Mean)
Skewness = 0.26, Kurtosis = 2.13, MValue = 2
-------------------- Histogram --------------------
[4.024 ms ; 4.176 ms) | @@@@@@@@@@@@@@@
---------------------------------------------------

VectorQuantisationBenchmarks.'Lucene.NET flat scan': DefaultJob [Dimension=128, Quantisation=None]
Runtime = .NET 10.0.3 (10.0.3, 10.0.326.7603), X64 RyuJIT x86-64-v2; GC = Concurrent Workstation
Mean = 244.316 ms, StdErr = 0.321 ms (0.13%), N = 15, StdDev = 1.243 ms
Min = 241.943 ms, Q1 = 243.881 ms, Median = 244.189 ms, Q3 = 245.197 ms, Max = 246.244 ms
IQR = 1.315 ms, LowerFence = 241.909 ms, UpperFence = 247.169 ms
ConfidenceInterval = [242.986 ms; 245.645 ms] (CI 99.9%), Margin = 1.329 ms (0.54% of Mean)
Skewness = -0.4, Kurtosis = 2.04, MValue = 2
-------------------- Histogram --------------------
[241.923 ms ; 246.905 ms) | @@@@@@@@@@@@@@@
---------------------------------------------------

VectorQuantisationBenchmarks.'HNSW search': DefaultJob [Dimension=128, Quantisation=Int8]
Runtime = .NET 10.0.3 (10.0.3, 10.0.326.7603), X64 RyuJIT x86-64-v2; GC = Concurrent Workstation
Mean = 4.535 ms, StdErr = 0.008 ms (0.17%), N = 15, StdDev = 0.031 ms
Min = 4.496 ms, Q1 = 4.505 ms, Median = 4.537 ms, Q3 = 4.550 ms, Max = 4.591 ms
IQR = 0.045 ms, LowerFence = 4.437 ms, UpperFence = 4.618 ms
ConfidenceInterval = [4.502 ms; 4.567 ms] (CI 99.9%), Margin = 0.033 ms (0.72% of Mean)
Skewness = 0.26, Kurtosis = 1.84, MValue = 2
-------------------- Histogram --------------------
[4.492 ms ; 4.607 ms) | @@@@@@@@@@@@@@@
---------------------------------------------------

VectorQuantisationBenchmarks.'Lucene.NET flat scan': DefaultJob [Dimension=128, Quantisation=Int8]
Runtime = .NET 10.0.3 (10.0.3, 10.0.326.7603), X64 RyuJIT x86-64-v2; GC = Concurrent Workstation
Mean = 222.937 ms, StdErr = 0.470 ms (0.21%), N = 15, StdDev = 1.820 ms
Min = 219.640 ms, Q1 = 221.782 ms, Median = 223.350 ms, Q3 = 224.300 ms, Max = 225.061 ms
IQR = 2.518 ms, LowerFence = 218.005 ms, UpperFence = 228.077 ms
ConfidenceInterval = [220.991 ms; 224.882 ms] (CI 99.9%), Margin = 1.945 ms (0.87% of Mean)
Skewness = -0.61, Kurtosis = 1.81, MValue = 2
-------------------- Histogram --------------------
[218.671 ms ; 226.030 ms) | @@@@@@@@@@@@@@@
---------------------------------------------------

VectorQuantisationBenchmarks.'HNSW search': DefaultJob [Dimension=128, Quantisation=BBQ]
Runtime = .NET 10.0.3 (10.0.3, 10.0.326.7603), X64 RyuJIT x86-64-v2; GC = Concurrent Workstation
Mean = 5.647 ms, StdErr = 0.012 ms (0.21%), N = 15, StdDev = 0.047 ms
Min = 5.551 ms, Q1 = 5.643 ms, Median = 5.655 ms, Q3 = 5.672 ms, Max = 5.701 ms
IQR = 0.030 ms, LowerFence = 5.598 ms, UpperFence = 5.717 ms
ConfidenceInterval = [5.597 ms; 5.696 ms] (CI 99.9%), Margin = 0.050 ms (0.88% of Mean)
Skewness = -0.9, Kurtosis = 2.42, MValue = 2
-------------------- Histogram --------------------
[5.527 ms ; 5.726 ms) | @@@@@@@@@@@@@@@
---------------------------------------------------

VectorQuantisationBenchmarks.'Lucene.NET flat scan': DefaultJob [Dimension=128, Quantisation=BBQ]
Runtime = .NET 10.0.3 (10.0.3, 10.0.326.7603), X64 RyuJIT x86-64-v2; GC = Concurrent Workstation
Mean = 224.089 ms, StdErr = 0.342 ms (0.15%), N = 15, StdDev = 1.324 ms
Min = 221.658 ms, Q1 = 223.263 ms, Median = 224.311 ms, Q3 = 224.840 ms, Max = 226.110 ms
IQR = 1.578 ms, LowerFence = 220.896 ms, UpperFence = 227.207 ms
ConfidenceInterval = [222.673 ms; 225.504 ms] (CI 99.9%), Margin = 1.415 ms (0.63% of Mean)
Skewness = -0.47, Kurtosis = 2.08, MValue = 2
-------------------- Histogram --------------------
[220.954 ms ; 226.493 ms) | @@@@@@@@@@@@@@@
---------------------------------------------------

VectorQuantisationBenchmarks.'HNSW search': DefaultJob [Dimension=128, Quantisation=Int4]
Runtime = .NET 10.0.3 (10.0.3, 10.0.326.7603), X64 RyuJIT x86-64-v2; GC = Concurrent Workstation
Mean = 8.450 ms, StdErr = 0.016 ms (0.19%), N = 14, StdDev = 0.060 ms
Min = 8.330 ms, Q1 = 8.418 ms, Median = 8.453 ms, Q3 = 8.492 ms, Max = 8.525 ms
IQR = 0.074 ms, LowerFence = 8.308 ms, UpperFence = 8.602 ms
ConfidenceInterval = [8.383 ms; 8.518 ms] (CI 99.9%), Margin = 0.067 ms (0.80% of Mean)
Skewness = -0.63, Kurtosis = 2.22, MValue = 2
-------------------- Histogram --------------------
[8.298 ms ; 8.551 ms) | @@@@@@@@@@@@@@
---------------------------------------------------

VectorQuantisationBenchmarks.'Lucene.NET flat scan': DefaultJob [Dimension=128, Quantisation=Int4]
Runtime = .NET 10.0.3 (10.0.3, 10.0.326.7603), X64 RyuJIT x86-64-v2; GC = Concurrent Workstation
Mean = 229.252 ms, StdErr = 0.273 ms (0.12%), N = 15, StdDev = 1.056 ms
Min = 226.830 ms, Q1 = 228.762 ms, Median = 229.568 ms, Q3 = 229.796 ms, Max = 230.831 ms
IQR = 1.034 ms, LowerFence = 227.212 ms, UpperFence = 231.347 ms
ConfidenceInterval = [228.123 ms; 230.381 ms] (CI 99.9%), Margin = 1.129 ms (0.49% of Mean)
Skewness = -0.77, Kurtosis = 2.85, MValue = 2
-------------------- Histogram --------------------
[226.267 ms ; 231.393 ms) | @@@@@@@@@@@@@@@
---------------------------------------------------

VectorQuantisationBenchmarks.'HNSW search': DefaultJob [Dimension=128, Quantisation=ProductQuantisation]
Runtime = .NET 10.0.3 (10.0.3, 10.0.326.7603), X64 RyuJIT x86-64-v2; GC = Concurrent Workstation
Mean = 2.259 ms, StdErr = 0.002 ms (0.11%), N = 15, StdDev = 0.009 ms
Min = 2.241 ms, Q1 = 2.253 ms, Median = 2.256 ms, Q3 = 2.265 ms, Max = 2.279 ms
IQR = 0.012 ms, LowerFence = 2.234 ms, UpperFence = 2.284 ms
ConfidenceInterval = [2.249 ms; 2.269 ms] (CI 99.9%), Margin = 0.010 ms (0.45% of Mean)
Skewness = 0.24, Kurtosis = 2.37, MValue = 2
-------------------- Histogram --------------------
[2.236 ms ; 2.284 ms) | @@@@@@@@@@@@@@@
---------------------------------------------------

VectorQuantisationBenchmarks.'Lucene.NET flat scan': DefaultJob [Dimension=128, Quantisation=ProductQuantisation]
Runtime = .NET 10.0.3 (10.0.3, 10.0.326.7603), X64 RyuJIT x86-64-v2; GC = Concurrent Workstation
Mean = 223.674 ms, StdErr = 0.350 ms (0.16%), N = 15, StdDev = 1.357 ms
Min = 220.681 ms, Q1 = 222.830 ms, Median = 224.155 ms, Q3 = 224.556 ms, Max = 225.439 ms
IQR = 1.726 ms, LowerFence = 220.241 ms, UpperFence = 227.146 ms
ConfidenceInterval = [222.223 ms; 225.125 ms] (CI 99.9%), Margin = 1.451 ms (0.65% of Mean)
Skewness = -0.65, Kurtosis = 2.32, MValue = 2
-------------------- Histogram --------------------
[219.958 ms ; 226.161 ms) | @@@@@@@@@@@@@@@
---------------------------------------------------

// * Summary *

BenchmarkDotNet v0.16.0-nightly.20260427.506, Linux Debian GNU/Linux 13 (trixie)
Intel Xeon CPU E3-1220 V2 3.10GHz (Max: 1.60GHz), 1 CPU, 4 logical and 4 physical cores
Memory: 23.45 GB Total, 5.83 GB Available
.NET SDK 11.0.100-preview.1.26104.118
  [Host]     : .NET 10.0.3 (10.0.3, 10.0.326.7603), X64 RyuJIT x86-64-v2
  DefaultJob : .NET 10.0.3 (10.0.3, 10.0.326.7603), X64 RyuJIT x86-64-v2


| Method                 | Dimension | Quantisation        | Mean       | Error     | StdDev    | Ratio  | RatioSD | Gen0       | Allocated    | Alloc Ratio |
|----------------------- |---------- |-------------------- |-----------:|----------:|----------:|-------:|--------:|-----------:|-------------:|------------:|
| 'HNSW search'          | 64        | None                |   2.291 ms | 0.0412 ms | 0.0385 ms |   1.00 |    0.00 |     7.8125 |     39.98 KB |        1.00 |
| 'Lucene.NET flat scan' | 64        | None                | 250.980 ms | 1.6872 ms | 1.4089 ms | 109.59 |    1.85 | 21000.0000 |  86718.85 KB |    2,169.08 |
|                        |           |                     |            |           |           |        |         |            |              |             |
| 'HNSW search'          | 64        | Int8                |   2.739 ms | 0.0253 ms | 0.0224 ms |   1.00 |    0.00 |     7.8125 |     39.82 KB |        1.00 |
| 'Lucene.NET flat scan' | 64        | Int8                | 252.812 ms | 1.7222 ms | 1.6110 ms |  92.31 |    0.93 | 21000.0000 |  86718.85 KB |    2,177.59 |
|                        |           |                     |            |           |           |        |         |            |              |             |
| 'HNSW search'          | 64        | BBQ                 |   3.720 ms | 0.0177 ms | 0.0165 ms |   1.00 |    0.00 |     7.8125 |     43.17 KB |        1.00 |
| 'Lucene.NET flat scan' | 64        | BBQ                 | 256.158 ms | 1.9688 ms | 1.8416 ms |  68.87 |    0.56 | 21000.0000 |  86718.85 KB |    2,008.92 |
|                        |           |                     |            |           |           |        |         |            |              |             |
| 'HNSW search'          | 64        | Int4                |   4.893 ms | 0.0294 ms | 0.0275 ms |   1.00 |    0.00 |  1171.8750 |   4807.85 KB |        1.00 |
| 'Lucene.NET flat scan' | 64        | Int4                | 252.711 ms | 1.8757 ms | 1.7545 ms |  51.65 |    0.45 | 21000.0000 |  86718.85 KB |       18.04 |
|                        |           |                     |            |           |           |        |         |            |              |             |
| 'HNSW search'          | 64        | ProductQuantisation |   1.619 ms | 0.0047 ms | 0.0044 ms |   1.00 |    0.00 |    29.2969 |    120.36 KB |        1.00 |
| 'Lucene.NET flat scan' | 64        | ProductQuantisation | 250.780 ms | 1.5391 ms | 1.3644 ms | 154.88 |    0.91 | 21000.0000 |  86718.85 KB |      720.50 |
|                        |           |                     |            |           |           |        |         |            |              |             |
| 'HNSW search'          | 128       | None                |   4.095 ms | 0.0346 ms | 0.0324 ms |   1.00 |    0.00 |     7.8125 |     45.98 KB |        1.00 |
| 'Lucene.NET flat scan' | 128       | None                | 244.316 ms | 1.3294 ms | 1.2435 ms |  59.66 |    0.54 | 33333.3333 | 136718.85 KB |    2,973.41 |
|                        |           |                     |            |           |           |        |         |            |              |             |
| 'HNSW search'          | 128       | Int8                |   4.535 ms | 0.0326 ms | 0.0305 ms |   1.00 |    0.00 |     7.8125 |     45.26 KB |        1.00 |
| 'Lucene.NET flat scan' | 128       | Int8                | 222.937 ms | 1.9452 ms | 1.8195 ms |  49.16 |    0.50 | 33333.3333 | 136718.85 KB |    3,020.63 |
|                        |           |                     |            |           |           |        |         |            |              |             |
| 'HNSW search'          | 128       | BBQ                 |   5.647 ms | 0.0499 ms | 0.0467 ms |   1.00 |    0.00 |     7.8125 |     46.95 KB |        1.00 |
| 'Lucene.NET flat scan' | 128       | BBQ                 | 224.089 ms | 1.4155 ms | 1.3240 ms |  39.69 |    0.39 | 33333.3333 | 136718.85 KB |    2,912.06 |
|                        |           |                     |            |           |           |        |         |            |              |             |
| 'HNSW search'          | 128       | Int4                |   8.450 ms | 0.0673 ms | 0.0597 ms |   1.00 |    0.00 |  2406.2500 |    9884.3 KB |        1.00 |
| 'Lucene.NET flat scan' | 128       | Int4                | 229.252 ms | 1.1291 ms | 1.0562 ms |  27.13 |    0.22 | 33333.3333 | 136718.85 KB |       13.83 |
|                        |           |                     |            |           |           |        |         |            |              |             |
| 'HNSW search'          | 128       | ProductQuantisation |   2.259 ms | 0.0101 ms | 0.0094 ms |   1.00 |    0.00 |    46.8750 |    206.11 KB |        1.00 |
| 'Lucene.NET flat scan' | 128       | ProductQuantisation | 223.674 ms | 1.4512 ms | 1.3575 ms |  99.01 |    0.71 | 33333.3333 | 136718.85 KB |      663.32 |

// * Hints *
Outliers
  VectorQuantisationBenchmarks.'Lucene.NET flat scan': Default -> 2 outliers were removed (254.79 ms, 255.71 ms)
  VectorQuantisationBenchmarks.'HNSW search': Default          -> 1 outlier  was  removed, 4 outliers were detected (2.69 ms..2.71 ms, 2.78 ms)
  VectorQuantisationBenchmarks.'HNSW search': Default          -> 1 outlier  was  detected (4.82 ms)
  VectorQuantisationBenchmarks.'Lucene.NET flat scan': Default -> 1 outlier  was  removed, 2 outliers were detected (247.69 ms, 254.69 ms)
  VectorQuantisationBenchmarks.'HNSW search': Default          -> 3 outliers were detected (5.55 ms..5.57 ms)
  VectorQuantisationBenchmarks.'HNSW search': Default          -> 1 outlier  was  removed (9.40 ms)
  VectorQuantisationBenchmarks.'Lucene.NET flat scan': Default -> 1 outlier  was  detected (226.83 ms)

// * Legends *
  Dimension    : Value of the 'Dimension' parameter
  Quantisation : Value of the 'Quantisation' parameter
  Mean         : Arithmetic mean of all measurements
  Error        : Half of 99.9% confidence interval
  StdDev       : Standard deviation of all measurements
  Ratio        : Mean of the ratio distribution ([Current]/[Baseline])
  RatioSD      : Standard deviation of the ratio distribution ([Current]/[Baseline])
  Gen0         : GC Generation 0 collects per 1000 operations
  Allocated    : Allocated memory per single operation (managed only, inclusive, 1KB = 1024B)
  Alloc Ratio  : Allocated memory ratio distribution ([Current]/[Baseline])
  1 ms         : 1 Millisecond (0.001 sec)

// * Diagnostic Output - MemoryDiagnoser *


// ***** BenchmarkRunner: End *****
Run time: 01:12:52 (4372.1 sec), executed benchmarks: 20

Global total time: 01:14:05 (4445.08 sec), executed benchmarks: 20
// * Artifacts cleanup *
Artifacts cleanup is finished
