Target,Target_Namespace,Target_Type,Target_Method,Job_Id,Job_AnalyzeLaunchVariance,Job_EvaluateOverhead,Job_MaxAbsoluteError,Job_MaxRelativeError,Job_MinInvokeCount,Job_MinIterationTime,Job_OutlierMode,Job_Affinity,Job_EnvironmentVariables,Job_Jit,Job_LargeAddressAware,Job_Platform,Job_PowerPlanMode,Job_Runtime,Job_AllowVeryLargeObjects,Job_Concurrent,Job_CpuGroups,Job_Force,Job_HeapAffinitizeMask,Job_HeapCount,Job_NoAffinitize,Job_RetainVm,Job_Server,Job_Arguments,Job_BuildConfiguration,Job_Clock,Job_EngineFactory,Job_Toolchain,Job_IsMutator,Job_InvocationCount,Job_IterationCount,Job_IterationTime,Job_LaunchCount,Job_MaxIterationCount,Job_MaxWarmupIterationCount,Job_MemoryRandomization,Job_MinIterationCount,Job_MinWarmupIterationCount,Job_RunStrategy,Job_UnrollFactor,Job_WarmupCount,Job_Display,Params,Measurement_LaunchIndex,Measurement_IterationMode,Measurement_IterationStage,Measurement_IterationIndex,Measurement_Nanoseconds,Measurement_Operations,Measurement_Value,Gen_0,Gen_1,Gen_2,Allocated_Bytes
PrefixQueryBenchmarks.LeanCorpus_PrefixQuery,Rowles.LeanCorpus.Benchmarks,PrefixQueryBenchmarks,LeanCorpus_PrefixQuery,DefaultJob,Default,Default,Default,Default,Default,Default,Default,Default,Default,Default,Default,Default,Default,Default,Default,Default,Default,Default,Default,Default,Default,Default,Default,Default,Default,Default,Default,Default,Default,Default,Default,Default,Default,Default,Default,Default,Default,Default,Default,Default,Default,DefaultJob,QueryPrefix=gov&DocumentCount=100000,1,Workload,Jitting,1,70259219,1,70259219,5,0,0,11952
PrefixQueryBenchmarks.LeanCorpus_PrefixQuery,Rowles.LeanCorpus.Benchmarks,PrefixQueryBenchmarks,LeanCorpus_PrefixQuery,DefaultJob,Default,Default,Default,Default,Default,Default,Default,Default,Default,Default,Default,Default,Default,Default,Default,Default,Default,Default,Default,Default,Default,Default,Default,Default,Default,Default,Default,Default,Default,Default,Default,Default,Default,Default,Default,Default,Default,Default,Default,Default,Default,DefaultJob,QueryPrefix=gov&DocumentCount=100000,1,Workload,Jitting,2,56393544,30,1879784.8,5,0,0,11952
PrefixQueryBenchmarks.LeanCorpus_PrefixQuery,Rowles.LeanCorpus.Benchmarks,PrefixQueryBenchmarks,LeanCorpus_PrefixQuery,DefaultJob,Default,Default,Default,Default,Default,Default,Default,Default,Default,Default,Default,Default,Default,Default,Default,Default,Default,Default,Default,Default,Default,Default,Default,Default,Default,Default,Default,Default,Default,Default,Default,Default,Default,Default,Default,Default,Default,Default,Default,Default,Default,DefaultJob,QueryPrefix=gov&DocumentCount=100000,1,Workload,Jitting,3,34821624,30,1160720.8,5,0,0,11952
PrefixQueryBenchmarks.LeanCorpus_PrefixQuery,Rowles.LeanCorpus.Benchmarks,PrefixQueryBenchmarks,LeanCorpus_PrefixQuery,DefaultJob,Default,Default,Default,Default,Default,Default,Default,Default,Default,Default,Default,Default,Default,Default,Default,Default,Default,Default,Default,Default,Default,Default,Default,Default,Default,Default,Default,Default,Default,Default,Default,Default,Default,Default,Default,Default,Default,Default,Default,Default,Default,DefaultJob,QueryPrefix=gov&DocumentCount=100000,1,Workload,Jitting,4,9877119,30,329237.3,5,0,0,11952
PrefixQueryBenchmarks.LeanCorpus_PrefixQuery,Rowles.LeanCorpus.Benchmarks,PrefixQueryBenchmarks,LeanCorpus_PrefixQuery,DefaultJob,Default,Default,Default,Default,Default,Default,Default,Default,Default,Default,Default,Default,Default,Default,Default,Default,Default,Default,Default,Default,Default,Default,Default,Default,Default,Default,Default,Default,Default,Default,Default,Default,Default,Default,Default,Default,Default,Default,Default,Default,Default,DefaultJob,QueryPrefix=gov&DocumentCount=100000,1,Workload,Jitting,5,701583,1,701583,5,0,0,11952
PrefixQueryBenchmarks.LeanCorpus_PrefixQuery,Rowles.LeanCorpus.Benchmarks,PrefixQueryBenchmarks,LeanCorpus_PrefixQuery,DefaultJob,Default,Default,Default,Default,Default,Default,Default,Default,Default,Default,Default,Default,Default,Default,Default,Default,Default,Default,Default,Default,Default,Default,Default,Default,Default,Default,Default,Default,Default,Default,Default,Default,Default,Default,Default,Default,Default,Default,Default,Default,Default,DefaultJob,QueryPrefix=gov&DocumentCount=100000,1,Workload,Pilot,1,691203,1,691203,5,0,0,11952
PrefixQueryBenchmarks.LeanCorpus_PrefixQuery,Rowles.LeanCorpus.Benchmarks,PrefixQueryBenchmarks,LeanCorpus_PrefixQuery,DefaultJob,Default,Default,Default,Default,Default,Default,Default,Default,Default,Default,Default,Default,Default,Default,Default,Default,Default,Default,Default,Default,Default,Default,Default,Default,Default,Default,Default,Default,Default,Default,Default,Default,Default,Default,Default,Default,Default,Default,Default,Default,Default,DefaultJob,QueryPrefix=gov&DocumentCount=100000,1,Workload,Pilot,1,9923143,16,620196.44,5,0,0,11952
PrefixQueryBenchmarks.LeanCorpus_PrefixQuery,Rowles.LeanCorpus.Benchmarks,PrefixQueryBenchmarks,LeanCorpus_PrefixQuery,DefaultJob,Default,Default,Default,Default,Default,Default,Default,Default,Default,Default,Default,Default,Default,Default,Default,Default,Default,Default,Default,Default,Default,Default,Default,Default,Default,Default,Default,Default,Default,Default,Default,Default,Default,Default,Default,Default,Default,Default,Default,Default,Default,DefaultJob,QueryPrefix=gov&DocumentCount=100000,1,Workload,Pilot,2,18834818,32,588588.06,5,0,0,11952
PrefixQueryBenchmarks.LeanCorpus_PrefixQuery,Rowles.LeanCorpus.Benchmarks,PrefixQueryBenchmarks,LeanCorpus_PrefixQuery,DefaultJob,Default,Default,Default,Default,Default,Default,Default,Default,Default,Default,Default,Default,Default,Default,Default,Default,Default,Default,Default,Default,Default,Default,Default,Default,Default,Default,Default,Default,Default,Default,Default,Default,Default,Default,Default,Default,Default,Default,Default,Default,Default,DefaultJob,QueryPrefix=gov&DocumentCount=100000,1,Workload,Pilot,3,30204936,64,471952.13,5,0,0,11952
PrefixQueryBenchmarks.LeanCorpus_PrefixQuery,Rowles.LeanCorpus.Benchmarks,PrefixQueryBenchmarks,LeanCorpus_PrefixQuery,DefaultJob,Default,Default,Default,Default,Default,Default,Default,Default,Default,Default,Default,Default,Default,Default,Default,Default,Default,Default,Default,Default,Default,Default,Default,Default,Default,Default,Default,Default,Default,Default,Default,Default,Default,Default,Default,Default,Default,Default,Default,Default,Default,DefaultJob,QueryPrefix=gov&DocumentCount=100000,1,Workload,Pilot,4,41679462,128,325620.8,5,0,0,11952
PrefixQueryBenchmarks.LeanCorpus_PrefixQuery,Rowles.LeanCorpus.Benchmarks,PrefixQueryBenchmarks,LeanCorpus_PrefixQuery,DefaultJob,Default,Default,Default,Default,Default,Default,Default,Default,Default,Default,Default,Default,Default,Default,Default,Default,Default,Default,Default,Default,Default,Default,Default,Default,Default,Default,Default,Default,Default,Default,Default,Default,Default,Default,Default,Default,Default,Default,Default,Default,Default,DefaultJob,QueryPrefix=gov&DocumentCount=100000,1,Workload,Pilot,5,68482101,256,267508.21,5,0,0,11952
PrefixQueryBenchmarks.LeanCorpus_PrefixQuery,Rowles.LeanCorpus.Benchmarks,PrefixQueryBenchmarks,LeanCorpus_PrefixQuery,DefaultJob,Default,Default,Default,Default,Default,Default,Default,Default,Default,Default,Default,Default,Default,Default,Default,Default,Default,Default,Default,Default,Default,Default,Default,Default,Default,Default,Default,Default,Default,Default,Default,Default,Default,Default,Default,Default,Default,Default,Default,Default,Default,DefaultJob,QueryPrefix=gov&DocumentCount=100000,1,Workload,Pilot,6,134657101,512,263002.15,5,0,0,11952
PrefixQueryBenchmarks.LeanCorpus_PrefixQuery,Rowles.LeanCorpus.Benchmarks,PrefixQueryBenchmarks,LeanCorpus_PrefixQuery,DefaultJob,Default,Default,Default,Default,Default,Default,Default,Default,Default,Default,Default,Default,Default,Default,Default,Default,Default,Default,Default,Default,Default,Default,Default,Default,Default,Default,Default,Default,Default,Default,Default,Default,Default,Default,Default,Default,Default,Default,Default,Default,Default,DefaultJob,QueryPrefix=gov&DocumentCount=100000,1,Workload,Pilot,7,264960038,1024,258750.04,5,0,0,11952
PrefixQueryBenchmarks.LeanCorpus_PrefixQuery,Rowles.LeanCorpus.Benchmarks,PrefixQueryBenchmarks,LeanCorpus_PrefixQuery,DefaultJob,Default,Default,Default,Default,Default,Default,Default,Default,Default,Default,Default,Default,Default,Default,Default,Default,Default,Default,Default,Default,Default,Default,Default,Default,Default,Default,Default,Default,Default,Default,Default,Default,Default,Default,Default,Default,Default,Default,Default,Default,Default,DefaultJob,QueryPrefix=gov&DocumentCount=100000,1,Workload,Pilot,8,527150172,2048,257397.54,5,0,0,11952
PrefixQueryBenchmarks.LeanCorpus_PrefixQuery,Rowles.LeanCorpus.Benchmarks,PrefixQueryBenchmarks,LeanCorpus_PrefixQuery,DefaultJob,Default,Default,Default,Default,Default,Default,Default,Default,Default,Default,Default,Default,Default,Default,Default,Default,Default,Default,Default,Default,Default,Default,Default,Default,Default,Default,Default,Default,Default,Default,Default,Default,Default,Default,Default,Default,Default,Default,Default,Default,Default,DefaultJob,QueryPrefix=gov&DocumentCount=100000,1,Workload,Warmup,1,531526348,2048,259534.35,5,0,0,11952
PrefixQueryBenchmarks.LeanCorpus_PrefixQuery,Rowles.LeanCorpus.Benchmarks,PrefixQueryBenchmarks,LeanCorpus_PrefixQuery,DefaultJob,Default,Default,Default,Default,Default,Default,Default,Default,Default,Default,Default,Default,Default,Default,Default,Default,Default,Default,Default,Default,Default,Default,Default,Default,Default,Default,Default,Default,Default,Default,Default,Default,Default,Default,Default,Default,Default,Default,Default,Default,Default,DefaultJob,QueryPrefix=gov&DocumentCount=100000,1,Workload,Warmup,2,535938585,2048,261688.76,5,0,0,11952
PrefixQueryBenchmarks.LeanCorpus_PrefixQuery,Rowles.LeanCorpus.Benchmarks,PrefixQueryBenchmarks,LeanCorpus_PrefixQuery,DefaultJob,Default,Default,Default,Default,Default,Default,Default,Default,Default,Default,Default,Default,Default,Default,Default,Default,Default,Default,Default,Default,Default,Default,Default,Default,Default,Default,Default,Default,Default,Default,Default,Default,Default,Default,Default,Default,Default,Default,Default,Default,Default,DefaultJob,QueryPrefix=gov&DocumentCount=100000,1,Workload,Warmup,3,534243384,2048,260861.03,5,0,0,11952
PrefixQueryBenchmarks.LeanCorpus_PrefixQuery,Rowles.LeanCorpus.Benchmarks,PrefixQueryBenchmarks,LeanCorpus_PrefixQuery,DefaultJob,Default,Default,Default,Default,Default,Default,Default,Default,Default,Default,Default,Default,Default,Default,Default,Default,Default,Default,Default,Default,Default,Default,Default,Default,Default,Default,Default,Default,Default,Default,Default,Default,Default,Default,Default,Default,Default,Default,Default,Default,Default,DefaultJob,QueryPrefix=gov&DocumentCount=100000,1,Workload,Warmup,4,535204013,2048,261330.08,5,0,0,11952
PrefixQueryBenchmarks.LeanCorpus_PrefixQuery,Rowles.LeanCorpus.Benchmarks,PrefixQueryBenchmarks,LeanCorpus_PrefixQuery,DefaultJob,Default,Default,Default,Default,Default,Default,Default,Default,Default,Default,Default,Default,Default,Default,Default,Default,Default,Default,Default,Default,Default,Default,Default,Default,Default,Default,Default,Default,Default,Default,Default,Default,Default,Default,Default,Default,Default,Default,Default,Default,Default,DefaultJob,QueryPrefix=gov&DocumentCount=100000,1,Workload,Warmup,5,534792875,2048,261129.33,5,0,0,11952
PrefixQueryBenchmarks.LeanCorpus_PrefixQuery,Rowles.LeanCorpus.Benchmarks,PrefixQueryBenchmarks,LeanCorpus_PrefixQuery,DefaultJob,Default,Default,Default,Default,Default,Default,Default,Default,Default,Default,Default,Default,Default,Default,Default,Default,Default,Default,Default,Default,Default,Default,Default,Default,Default,Default,Default,Default,Default,Default,Default,Default,Default,Default,Default,Default,Default,Default,Default,Default,Default,DefaultJob,QueryPrefix=gov&DocumentCount=100000,1,Workload,Warmup,6,535596067,2048,261521.52,5,0,0,11952
PrefixQueryBenchmarks.LeanCorpus_PrefixQuery,Rowles.LeanCorpus.Benchmarks,PrefixQueryBenchmarks,LeanCorpus_PrefixQuery,DefaultJob,Default,Default,Default,Default,Default,Default,Default,Default,Default,Default,Default,Default,Default,Default,Default,Default,Default,Default,Default,Default,Default,Default,Default,Default,Default,Default,Default,Default,Default,Default,Default,Default,Default,Default,Default,Default,Default,Default,Default,Default,Default,DefaultJob,QueryPrefix=gov&DocumentCount=100000,1,Workload,Actual,1,535236959,2048,261346.17,5,0,0,11952
PrefixQueryBenchmarks.LeanCorpus_PrefixQuery,Rowles.LeanCorpus.Benchmarks,PrefixQueryBenchmarks,LeanCorpus_PrefixQuery,DefaultJob,Default,Default,Default,Default,Default,Default,Default,Default,Default,Default,Default,Default,Default,Default,Default,Default,Default,Default,Default,Default,Default,Default,Default,Default,Default,Default,Default,Default,Default,Default,Default,Default,Default,Default,Default,Default,Default,Default,Default,Default,Default,DefaultJob,QueryPrefix=gov&DocumentCount=100000,1,Workload,Actual,2,535790992,2048,261616.7,5,0,0,11952
PrefixQueryBenchmarks.LeanCorpus_PrefixQuery,Rowles.LeanCorpus.Benchmarks,PrefixQueryBenchmarks,LeanCorpus_PrefixQuery,DefaultJob,Default,Default,Default,Default,Default,Default,Default,Default,Default,Default,Default,Default,Default,Default,Default,Default,Default,Default,Default,Default,Default,Default,Default,Default,Default,Default,Default,Default,Default,Default,Default,Default,Default,Default,Default,Default,Default,Default,Default,Default,Default,DefaultJob,QueryPrefix=gov&DocumentCount=100000,1,Workload,Actual,3,530863090,2048,259210.49,5,0,0,11952
PrefixQueryBenchmarks.LeanCorpus_PrefixQuery,Rowles.LeanCorpus.Benchmarks,PrefixQueryBenchmarks,LeanCorpus_PrefixQuery,DefaultJob,Default,Default,Default,Default,Default,Default,Default,Default,Default,Default,Default,Default,Default,Default,Default,Default,Default,Default,Default,Default,Default,Default,Default,Default,Default,Default,Default,Default,Default,Default,Default,Default,Default,Default,Default,Default,Default,Default,Default,Default,Default,DefaultJob,QueryPrefix=gov&DocumentCount=100000,1,Workload,Actual,4,535331215,2048,261392.19,5,0,0,11952
PrefixQueryBenchmarks.LeanCorpus_PrefixQuery,Rowles.LeanCorpus.Benchmarks,PrefixQueryBenchmarks,LeanCorpus_PrefixQuery,DefaultJob,Default,Default,Default,Default,Default,Default,Default,Default,Default,Default,Default,Default,Default,Default,Default,Default,Default,Default,Default,Default,Default,Default,Default,Default,Default,Default,Default,Default,Default,Default,Default,Default,Default,Default,Default,Default,Default,Default,Default,Default,Default,DefaultJob,QueryPrefix=gov&DocumentCount=100000,1,Workload,Actual,5,535621631,2048,261534,5,0,0,11952
PrefixQueryBenchmarks.LeanCorpus_PrefixQuery,Rowles.LeanCorpus.Benchmarks,PrefixQueryBenchmarks,LeanCorpus_PrefixQuery,DefaultJob,Default,Default,Default,Default,Default,Default,Default,Default,Default,Default,Default,Default,Default,Default,Default,Default,Default,Default,Default,Default,Default,Default,Default,Default,Default,Default,Default,Default,Default,Default,Default,Default,Default,Default,Default,Default,Default,Default,Default,Default,Default,DefaultJob,QueryPrefix=gov&DocumentCount=100000,1,Workload,Actual,6,536532904,2048,261978.96,5,0,0,11952
PrefixQueryBenchmarks.LeanCorpus_PrefixQuery,Rowles.LeanCorpus.Benchmarks,PrefixQueryBenchmarks,LeanCorpus_PrefixQuery,DefaultJob,Default,Default,Default,Default,Default,Default,Default,Default,Default,Default,Default,Default,Default,Default,Default,Default,Default,Default,Default,Default,Default,Default,Default,Default,Default,Default,Default,Default,Default,Default,Default,Default,Default,Default,Default,Default,Default,Default,Default,Default,Default,DefaultJob,QueryPrefix=gov&DocumentCount=100000,1,Workload,Actual,7,533151364,2048,260327.81,5,0,0,11952
PrefixQueryBenchmarks.LeanCorpus_PrefixQuery,Rowles.LeanCorpus.Benchmarks,PrefixQueryBenchmarks,LeanCorpus_PrefixQuery,DefaultJob,Default,Default,Default,Default,Default,Default,Default,Default,Default,Default,Default,Default,Default,Default,Default,Default,Default,Default,Default,Default,Default,Default,Default,Default,Default,Default,Default,Default,Default,Default,Default,Default,Default,Default,Default,Default,Default,Default,Default,Default,Default,DefaultJob,QueryPrefix=gov&DocumentCount=100000,1,Workload,Actual,8,525946769,2048,256809.95,5,0,0,11952
PrefixQueryBenchmarks.LeanCorpus_PrefixQuery,Rowles.LeanCorpus.Benchmarks,PrefixQueryBenchmarks,LeanCorpus_PrefixQuery,DefaultJob,Default,Default,Default,Default,Default,Default,Default,Default,Default,Default,Default,Default,Default,Default,Default,Default,Default,Default,Default,Default,Default,Default,Default,Default,Default,Default,Default,Default,Default,Default,Default,Default,Default,Default,Default,Default,Default,Default,Default,Default,Default,DefaultJob,QueryPrefix=gov&DocumentCount=100000,1,Workload,Actual,9,531798730,2048,259667.35,5,0,0,11952
PrefixQueryBenchmarks.LeanCorpus_PrefixQuery,Rowles.LeanCorpus.Benchmarks,PrefixQueryBenchmarks,LeanCorpus_PrefixQuery,DefaultJob,Default,Default,Default,Default,Default,Default,Default,Default,Default,Default,Default,Default,Default,Default,Default,Default,Default,Default,Default,Default,Default,Default,Default,Default,Default,Default,Default,Default,Default,Default,Default,Default,Default,Default,Default,Default,Default,Default,Default,Default,Default,DefaultJob,QueryPrefix=gov&DocumentCount=100000,1,Workload,Actual,10,534040093,2048,260761.76,5,0,0,11952
PrefixQueryBenchmarks.LeanCorpus_PrefixQuery,Rowles.LeanCorpus.Benchmarks,PrefixQueryBenchmarks,LeanCorpus_PrefixQuery,DefaultJob,Default,Default,Default,Default,Default,Default,Default,Default,Default,Default,Default,Default,Default,Default,Default,Default,Default,Default,Default,Default,Default,Default,Default,Default,Default,Default,Default,Default,Default,Default,Default,Default,Default,Default,Default,Default,Default,Default,Default,Default,Default,DefaultJob,QueryPrefix=gov&DocumentCount=100000,1,Workload,Actual,11,528227046,2048,257923.36,5,0,0,11952
PrefixQueryBenchmarks.LeanCorpus_PrefixQuery,Rowles.LeanCorpus.Benchmarks,PrefixQueryBenchmarks,LeanCorpus_PrefixQuery,DefaultJob,Default,Default,Default,Default,Default,Default,Default,Default,Default,Default,Default,Default,Default,Default,Default,Default,Default,Default,Default,Default,Default,Default,Default,Default,Default,Default,Default,Default,Default,Default,Default,Default,Default,Default,Default,Default,Default,Default,Default,Default,Default,DefaultJob,QueryPrefix=gov&DocumentCount=100000,1,Workload,Actual,12,532763065,2048,260138.22,5,0,0,11952
PrefixQueryBenchmarks.LeanCorpus_PrefixQuery,Rowles.LeanCorpus.Benchmarks,PrefixQueryBenchmarks,LeanCorpus_PrefixQuery,DefaultJob,Default,Default,Default,Default,Default,Default,Default,Default,Default,Default,Default,Default,Default,Default,Default,Default,Default,Default,Default,Default,Default,Default,Default,Default,Default,Default,Default,Default,Default,Default,Default,Default,Default,Default,Default,Default,Default,Default,Default,Default,Default,DefaultJob,QueryPrefix=gov&DocumentCount=100000,1,Workload,Actual,13,534727806,2048,261097.56,5,0,0,11952
PrefixQueryBenchmarks.LeanCorpus_PrefixQuery,Rowles.LeanCorpus.Benchmarks,PrefixQueryBenchmarks,LeanCorpus_PrefixQuery,DefaultJob,Default,Default,Default,Default,Default,Default,Default,Default,Default,Default,Default,Default,Default,Default,Default,Default,Default,Default,Default,Default,Default,Default,Default,Default,Default,Default,Default,Default,Default,Default,Default,Default,Default,Default,Default,Default,Default,Default,Default,Default,Default,DefaultJob,QueryPrefix=gov&DocumentCount=100000,1,Workload,Actual,14,528384737,2048,258000.36,5,0,0,11952
PrefixQueryBenchmarks.LeanCorpus_PrefixQuery,Rowles.LeanCorpus.Benchmarks,PrefixQueryBenchmarks,LeanCorpus_PrefixQuery,DefaultJob,Default,Default,Default,Default,Default,Default,Default,Default,Default,Default,Default,Default,Default,Default,Default,Default,Default,Default,Default,Default,Default,Default,Default,Default,Default,Default,Default,Default,Default,Default,Default,Default,Default,Default,Default,Default,Default,Default,Default,Default,Default,DefaultJob,QueryPrefix=gov&DocumentCount=100000,1,Workload,Actual,15,535062004,2048,261260.74,5,0,0,11952
PrefixQueryBenchmarks.LeanCorpus_PrefixQuery,Rowles.LeanCorpus.Benchmarks,PrefixQueryBenchmarks,LeanCorpus_PrefixQuery,DefaultJob,Default,Default,Default,Default,Default,Default,Default,Default,Default,Default,Default,Default,Default,Default,Default,Default,Default,Default,Default,Default,Default,Default,Default,Default,Default,Default,Default,Default,Default,Default,Default,Default,Default,Default,Default,Default,Default,Default,Default,Default,Default,DefaultJob,QueryPrefix=gov&DocumentCount=100000,1,Workload,Extra,1,524521190,2048,256113.86,5,0,0,11952
PrefixQueryBenchmarks.LeanCorpus_PrefixQuery,Rowles.LeanCorpus.Benchmarks,PrefixQueryBenchmarks,LeanCorpus_PrefixQuery,DefaultJob,Default,Default,Default,Default,Default,Default,Default,Default,Default,Default,Default,Default,Default,Default,Default,Default,Default,Default,Default,Default,Default,Default,Default,Default,Default,Default,Default,Default,Default,Default,Default,Default,Default,Default,Default,Default,Default,Default,Default,Default,Default,DefaultJob,QueryPrefix=gov&DocumentCount=100000,1,Workload,Result,1,535236959,2048,261346.17,5,0,0,11952
PrefixQueryBenchmarks.LeanCorpus_PrefixQuery,Rowles.LeanCorpus.Benchmarks,PrefixQueryBenchmarks,LeanCorpus_PrefixQuery,DefaultJob,Default,Default,Default,Default,Default,Default,Default,Default,Default,Default,Default,Default,Default,Default,Default,Default,Default,Default,Default,Default,Default,Default,Default,Default,Default,Default,Default,Default,Default,Default,Default,Default,Default,Default,Default,Default,Default,Default,Default,Default,Default,DefaultJob,QueryPrefix=gov&DocumentCount=100000,1,Workload,Result,2,535790992,2048,261616.7,5,0,0,11952
PrefixQueryBenchmarks.LeanCorpus_PrefixQuery,Rowles.LeanCorpus.Benchmarks,PrefixQueryBenchmarks,LeanCorpus_PrefixQuery,DefaultJob,Default,Default,Default,Default,Default,Default,Default,Default,Default,Default,Default,Default,Default,Default,Default,Default,Default,Default,Default,Default,Default,Default,Default,Default,Default,Default,Default,Default,Default,Default,Default,Default,Default,Default,Default,Default,Default,Default,Default,Default,Default,DefaultJob,QueryPrefix=gov&DocumentCount=100000,1,Workload,Result,3,530863090,2048,259210.49,5,0,0,11952
PrefixQueryBenchmarks.LeanCorpus_PrefixQuery,Rowles.LeanCorpus.Benchmarks,PrefixQueryBenchmarks,LeanCorpus_PrefixQuery,DefaultJob,Default,Default,Default,Default,Default,Default,Default,Default,Default,Default,Default,Default,Default,Default,Default,Default,Default,Default,Default,Default,Default,Default,Default,Default,Default,Default,Default,Default,Default,Default,Default,Default,Default,Default,Default,Default,Default,Default,Default,Default,Default,DefaultJob,QueryPrefix=gov&DocumentCount=100000,1,Workload,Result,4,535331215,2048,261392.19,5,0,0,11952
PrefixQueryBenchmarks.LeanCorpus_PrefixQuery,Rowles.LeanCorpus.Benchmarks,PrefixQueryBenchmarks,LeanCorpus_PrefixQuery,DefaultJob,Default,Default,Default,Default,Default,Default,Default,Default,Default,Default,Default,Default,Default,Default,Default,Default,Default,Default,Default,Default,Default,Default,Default,Default,Default,Default,Default,Default,Default,Default,Default,Default,Default,Default,Default,Default,Default,Default,Default,Default,Default,DefaultJob,QueryPrefix=gov&DocumentCount=100000,1,Workload,Result,5,535621631,2048,261534,5,0,0,11952
PrefixQueryBenchmarks.LeanCorpus_PrefixQuery,Rowles.LeanCorpus.Benchmarks,PrefixQueryBenchmarks,LeanCorpus_PrefixQuery,DefaultJob,Default,Default,Default,Default,Default,Default,Default,Default,Default,Default,Default,Default,Default,Default,Default,Default,Default,Default,Default,Default,Default,Default,Default,Default,Default,Default,Default,Default,Default,Default,Default,Default,Default,Default,Default,Default,Default,Default,Default,Default,Default,DefaultJob,QueryPrefix=gov&DocumentCount=100000,1,Workload,Result,6,536532904,2048,261978.96,5,0,0,11952
PrefixQueryBenchmarks.LeanCorpus_PrefixQuery,Rowles.LeanCorpus.Benchmarks,PrefixQueryBenchmarks,LeanCorpus_PrefixQuery,DefaultJob,Default,Default,Default,Default,Default,Default,Default,Default,Default,Default,Default,Default,Default,Default,Default,Default,Default,Default,Default,Default,Default,Default,Default,Default,Default,Default,Default,Default,Default,Default,Default,Default,Default,Default,Default,Default,Default,Default,Default,Default,Default,DefaultJob,QueryPrefix=gov&DocumentCount=100000,1,Workload,Result,7,533151364,2048,260327.81,5,0,0,11952
PrefixQueryBenchmarks.LeanCorpus_PrefixQuery,Rowles.LeanCorpus.Benchmarks,PrefixQueryBenchmarks,LeanCorpus_PrefixQuery,DefaultJob,Default,Default,Default,Default,Default,Default,Default,Default,Default,Default,Default,Default,Default,Default,Default,Default,Default,Default,Default,Default,Default,Default,Default,Default,Default,Default,Default,Default,Default,Default,Default,Default,Default,Default,Default,Default,Default,Default,Default,Default,Default,DefaultJob,QueryPrefix=gov&DocumentCount=100000,1,Workload,Result,8,525946769,2048,256809.95,5,0,0,11952
PrefixQueryBenchmarks.LeanCorpus_PrefixQuery,Rowles.LeanCorpus.Benchmarks,PrefixQueryBenchmarks,LeanCorpus_PrefixQuery,DefaultJob,Default,Default,Default,Default,Default,Default,Default,Default,Default,Default,Default,Default,Default,Default,Default,Default,Default,Default,Default,Default,Default,Default,Default,Default,Default,Default,Default,Default,Default,Default,Default,Default,Default,Default,Default,Default,Default,Default,Default,Default,Default,DefaultJob,QueryPrefix=gov&DocumentCount=100000,1,Workload,Result,9,531798730,2048,259667.35,5,0,0,11952
PrefixQueryBenchmarks.LeanCorpus_PrefixQuery,Rowles.LeanCorpus.Benchmarks,PrefixQueryBenchmarks,LeanCorpus_PrefixQuery,DefaultJob,Default,Default,Default,Default,Default,Default,Default,Default,Default,Default,Default,Default,Default,Default,Default,Default,Default,Default,Default,Default,Default,Default,Default,Default,Default,Default,Default,Default,Default,Default,Default,Default,Default,Default,Default,Default,Default,Default,Default,Default,Default,DefaultJob,QueryPrefix=gov&DocumentCount=100000,1,Workload,Result,10,534040093,2048,260761.76,5,0,0,11952
PrefixQueryBenchmarks.LeanCorpus_PrefixQuery,Rowles.LeanCorpus.Benchmarks,PrefixQueryBenchmarks,LeanCorpus_PrefixQuery,DefaultJob,Default,Default,Default,Default,Default,Default,Default,Default,Default,Default,Default,Default,Default,Default,Default,Default,Default,Default,Default,Default,Default,Default,Default,Default,Default,Default,Default,Default,Default,Default,Default,Default,Default,Default,Default,Default,Default,Default,Default,Default,Default,DefaultJob,QueryPrefix=gov&DocumentCount=100000,1,Workload,Result,11,528227046,2048,257923.36,5,0,0,11952
PrefixQueryBenchmarks.LeanCorpus_PrefixQuery,Rowles.LeanCorpus.Benchmarks,PrefixQueryBenchmarks,LeanCorpus_PrefixQuery,DefaultJob,Default,Default,Default,Default,Default,Default,Default,Default,Default,Default,Default,Default,Default,Default,Default,Default,Default,Default,Default,Default,Default,Default,Default,Default,Default,Default,Default,Default,Default,Default,Default,Default,Default,Default,Default,Default,Default,Default,Default,Default,Default,DefaultJob,QueryPrefix=gov&DocumentCount=100000,1,Workload,Result,12,532763065,2048,260138.22,5,0,0,11952
PrefixQueryBenchmarks.LeanCorpus_PrefixQuery,Rowles.LeanCorpus.Benchmarks,PrefixQueryBenchmarks,LeanCorpus_PrefixQuery,DefaultJob,Default,Default,Default,Default,Default,Default,Default,Default,Default,Default,Default,Default,Default,Default,Default,Default,Default,Default,Default,Default,Default,Default,Default,Default,Default,Default,Default,Default,Default,Default,Default,Default,Default,Default,Default,Default,Default,Default,Default,Default,Default,DefaultJob,QueryPrefix=gov&DocumentCount=100000,1,Workload,Result,13,534727806,2048,261097.56,5,0,0,11952
PrefixQueryBenchmarks.LeanCorpus_PrefixQuery,Rowles.LeanCorpus.Benchmarks,PrefixQueryBenchmarks,LeanCorpus_PrefixQuery,DefaultJob,Default,Default,Default,Default,Default,Default,Default,Default,Default,Default,Default,Default,Default,Default,Default,Default,Default,Default,Default,Default,Default,Default,Default,Default,Default,Default,Default,Default,Default,Default,Default,Default,Default,Default,Default,Default,Default,Default,Default,Default,Default,DefaultJob,QueryPrefix=gov&DocumentCount=100000,1,Workload,Result,14,528384737,2048,258000.36,5,0,0,11952
PrefixQueryBenchmarks.LeanCorpus_PrefixQuery,Rowles.LeanCorpus.Benchmarks,PrefixQueryBenchmarks,LeanCorpus_PrefixQuery,DefaultJob,Default,Default,Default,Default,Default,Default,Default,Default,Default,Default,Default,Default,Default,Default,Default,Default,Default,Default,Default,Default,Default,Default,Default,Default,Default,Default,Default,Default,Default,Default,Default,Default,Default,Default,Default,Default,Default,Default,Default,Default,Default,DefaultJob,QueryPrefix=gov&DocumentCount=100000,1,Workload,Result,15,535062004,2048,261260.74,5,0,0,11952
PrefixQueryBenchmarks.LuceneNet_PrefixQuery,Rowles.LeanCorpus.Benchmarks,PrefixQueryBenchmarks,LuceneNet_PrefixQuery,DefaultJob,Default,Default,Default,Default,Default,Default,Default,Default,Default,Default,Default,Default,Default,Default,Default,Default,Default,Default,Default,Default,Default,Default,Default,Default,Default,Default,Default,Default,Default,Default,Default,Default,Default,Default,Default,Default,Default,Default,Default,Default,Default,DefaultJob,QueryPrefix=gov&DocumentCount=100000,1,Workload,Jitting,1,36483959,1,36483959,50,2,0,103006
PrefixQueryBenchmarks.LuceneNet_PrefixQuery,Rowles.LeanCorpus.Benchmarks,PrefixQueryBenchmarks,LuceneNet_PrefixQuery,DefaultJob,Default,Default,Default,Default,Default,Default,Default,Default,Default,Default,Default,Default,Default,Default,Default,Default,Default,Default,Default,Default,Default,Default,Default,Default,Default,Default,Default,Default,Default,Default,Default,Default,Default,Default,Default,Default,Default,Default,Default,Default,Default,DefaultJob,QueryPrefix=gov&DocumentCount=100000,1,Workload,Jitting,2,67127827,30,2237594.23,50,2,0,103006
PrefixQueryBenchmarks.LuceneNet_PrefixQuery,Rowles.LeanCorpus.Benchmarks,PrefixQueryBenchmarks,LuceneNet_PrefixQuery,DefaultJob,Default,Default,Default,Default,Default,Default,Default,Default,Default,Default,Default,Default,Default,Default,Default,Default,Default,Default,Default,Default,Default,Default,Default,Default,Default,Default,Default,Default,Default,Default,Default,Default,Default,Default,Default,Default,Default,Default,Default,Default,Default,DefaultJob,QueryPrefix=gov&DocumentCount=100000,1,Workload,Jitting,3,26698831,30,889961.03,50,2,0,103006
PrefixQueryBenchmarks.LuceneNet_PrefixQuery,Rowles.LeanCorpus.Benchmarks,PrefixQueryBenchmarks,LuceneNet_PrefixQuery,DefaultJob,Default,Default,Default,Default,Default,Default,Default,Default,Default,Default,Default,Default,Default,Default,Default,Default,Default,Default,Default,Default,Default,Default,Default,Default,Default,Default,Default,Default,Default,Default,Default,Default,Default,Default,Default,Default,Default,Default,Default,Default,Default,DefaultJob,QueryPrefix=gov&DocumentCount=100000,1,Workload,Jitting,4,15059769,30,501992.3,50,2,0,103006
PrefixQueryBenchmarks.LuceneNet_PrefixQuery,Rowles.LeanCorpus.Benchmarks,PrefixQueryBenchmarks,LuceneNet_PrefixQuery,DefaultJob,Default,Default,Default,Default,Default,Default,Default,Default,Default,Default,Default,Default,Default,Default,Default,Default,Default,Default,Default,Default,Default,Default,Default,Default,Default,Default,Default,Default,Default,Default,Default,Default,Default,Default,Default,Default,Default,Default,Default,Default,Default,DefaultJob,QueryPrefix=gov&DocumentCount=100000,1,Workload,Jitting,5,403201,1,403201,50,2,0,103006
PrefixQueryBenchmarks.LuceneNet_PrefixQuery,Rowles.LeanCorpus.Benchmarks,PrefixQueryBenchmarks,LuceneNet_PrefixQuery,DefaultJob,Default,Default,Default,Default,Default,Default,Default,Default,Default,Default,Default,Default,Default,Default,Default,Default,Default,Default,Default,Default,Default,Default,Default,Default,Default,Default,Default,Default,Default,Default,Default,Default,Default,Default,Default,Default,Default,Default,Default,Default,Default,DefaultJob,QueryPrefix=gov&DocumentCount=100000,1,Workload,Pilot,1,475493,1,475493,50,2,0,103006
PrefixQueryBenchmarks.LuceneNet_PrefixQuery,Rowles.LeanCorpus.Benchmarks,PrefixQueryBenchmarks,LuceneNet_PrefixQuery,DefaultJob,Default,Default,Default,Default,Default,Default,Default,Default,Default,Default,Default,Default,Default,Default,Default,Default,Default,Default,Default,Default,Default,Default,Default,Default,Default,Default,Default,Default,Default,Default,Default,Default,Default,Default,Default,Default,Default,Default,Default,Default,Default,DefaultJob,QueryPrefix=gov&DocumentCount=100000,1,Workload,Pilot,1,9577151,16,598571.94,50,2,0,103006
PrefixQueryBenchmarks.LuceneNet_PrefixQuery,Rowles.LeanCorpus.Benchmarks,PrefixQueryBenchmarks,LuceneNet_PrefixQuery,DefaultJob,Default,Default,Default,Default,Default,Default,Default,Default,Default,Default,Default,Default,Default,Default,Default,Default,Default,Default,Default,Default,Default,Default,Default,Default,Default,Default,Default,Default,Default,Default,Default,Default,Default,Default,Default,Default,Default,Default,Default,Default,Default,DefaultJob,QueryPrefix=gov&DocumentCount=100000,1,Workload,Pilot,2,20922990,32,653843.44,50,2,0,103006
PrefixQueryBenchmarks.LuceneNet_PrefixQuery,Rowles.LeanCorpus.Benchmarks,PrefixQueryBenchmarks,LuceneNet_PrefixQuery,DefaultJob,Default,Default,Default,Default,Default,Default,Default,Default,Default,Default,Default,Default,Default,Default,Default,Default,Default,Default,Default,Default,Default,Default,Default,Default,Default,Default,Default,Default,Default,Default,Default,Default,Default,Default,Default,Default,Default,Default,Default,Default,Default,DefaultJob,QueryPrefix=gov&DocumentCount=100000,1,Workload,Pilot,3,28749151,64,449205.48,50,2,0,103006
PrefixQueryBenchmarks.LuceneNet_PrefixQuery,Rowles.LeanCorpus.Benchmarks,PrefixQueryBenchmarks,LuceneNet_PrefixQuery,DefaultJob,Default,Default,Default,Default,Default,Default,Default,Default,Default,Default,Default,Default,Default,Default,Default,Default,Default,Default,Default,Default,Default,Default,Default,Default,Default,Default,Default,Default,Default,Default,Default,Default,Default,Default,Default,Default,Default,Default,Default,Default,Default,DefaultJob,QueryPrefix=gov&DocumentCount=100000,1,Workload,Pilot,4,42696842,128,333569.08,50,2,0,103006
PrefixQueryBenchmarks.LuceneNet_PrefixQuery,Rowles.LeanCorpus.Benchmarks,PrefixQueryBenchmarks,LuceneNet_PrefixQuery,DefaultJob,Default,Default,Default,Default,Default,Default,Default,Default,Default,Default,Default,Default,Default,Default,Default,Default,Default,Default,Default,Default,Default,Default,Default,Default,Default,Default,Default,Default,Default,Default,Default,Default,Default,Default,Default,Default,Default,Default,Default,Default,Default,DefaultJob,QueryPrefix=gov&DocumentCount=100000,1,Workload,Pilot,5,66520088,256,259844.09,50,2,0,103006
PrefixQueryBenchmarks.LuceneNet_PrefixQuery,Rowles.LeanCorpus.Benchmarks,PrefixQueryBenchmarks,LuceneNet_PrefixQuery,DefaultJob,Default,Default,Default,Default,Default,Default,Default,Default,Default,Default,Default,Default,Default,Default,Default,Default,Default,Default,Default,Default,Default,Default,Default,Default,Default,Default,Default,Default,Default,Default,Default,Default,Default,Default,Default,Default,Default,Default,Default,Default,Default,DefaultJob,QueryPrefix=gov&DocumentCount=100000,1,Workload,Pilot,6,130437275,512,254760.3,50,2,0,103006
PrefixQueryBenchmarks.LuceneNet_PrefixQuery,Rowles.LeanCorpus.Benchmarks,PrefixQueryBenchmarks,LuceneNet_PrefixQuery,DefaultJob,Default,Default,Default,Default,Default,Default,Default,Default,Default,Default,Default,Default,Default,Default,Default,Default,Default,Default,Default,Default,Default,Default,Default,Default,Default,Default,Default,Default,Default,Default,Default,Default,Default,Default,Default,Default,Default,Default,Default,Default,Default,DefaultJob,QueryPrefix=gov&DocumentCount=100000,1,Workload,Pilot,7,258437409,1024,252380.28,50,2,0,103006
PrefixQueryBenchmarks.LuceneNet_PrefixQuery,Rowles.LeanCorpus.Benchmarks,PrefixQueryBenchmarks,LuceneNet_PrefixQuery,DefaultJob,Default,Default,Default,Default,Default,Default,Default,Default,Default,Default,Default,Default,Default,Default,Default,Default,Default,Default,Default,Default,Default,Default,Default,Default,Default,Default,Default,Default,Default,Default,Default,Default,Default,Default,Default,Default,Default,Default,Default,Default,Default,DefaultJob,QueryPrefix=gov&DocumentCount=100000,1,Workload,Pilot,8,524523076,2048,256114.78,50,2,0,103006
PrefixQueryBenchmarks.LuceneNet_PrefixQuery,Rowles.LeanCorpus.Benchmarks,PrefixQueryBenchmarks,LuceneNet_PrefixQuery,DefaultJob,Default,Default,Default,Default,Default,Default,Default,Default,Default,Default,Default,Default,Default,Default,Default,Default,Default,Default,Default,Default,Default,Default,Default,Default,Default,Default,Default,Default,Default,Default,Default,Default,Default,Default,Default,Default,Default,Default,Default,Default,Default,DefaultJob,QueryPrefix=gov&DocumentCount=100000,1,Workload,Warmup,1,522564174,2048,255158.29,50,2,0,103006
PrefixQueryBenchmarks.LuceneNet_PrefixQuery,Rowles.LeanCorpus.Benchmarks,PrefixQueryBenchmarks,LuceneNet_PrefixQuery,DefaultJob,Default,Default,Default,Default,Default,Default,Default,Default,Default,Default,Default,Default,Default,Default,Default,Default,Default,Default,Default,Default,Default,Default,Default,Default,Default,Default,Default,Default,Default,Default,Default,Default,Default,Default,Default,Default,Default,Default,Default,Default,Default,DefaultJob,QueryPrefix=gov&DocumentCount=100000,1,Workload,Warmup,2,525383422,2048,256534.87,50,2,0,103006
PrefixQueryBenchmarks.LuceneNet_PrefixQuery,Rowles.LeanCorpus.Benchmarks,PrefixQueryBenchmarks,LuceneNet_PrefixQuery,DefaultJob,Default,Default,Default,Default,Default,Default,Default,Default,Default,Default,Default,Default,Default,Default,Default,Default,Default,Default,Default,Default,Default,Default,Default,Default,Default,Default,Default,Default,Default,Default,Default,Default,Default,Default,Default,Default,Default,Default,Default,Default,Default,DefaultJob,QueryPrefix=gov&DocumentCount=100000,1,Workload,Warmup,3,523227185,2048,255482.02,50,2,0,103006
PrefixQueryBenchmarks.LuceneNet_PrefixQuery,Rowles.LeanCorpus.Benchmarks,PrefixQueryBenchmarks,LuceneNet_PrefixQuery,DefaultJob,Default,Default,Default,Default,Default,Default,Default,Default,Default,Default,Default,Default,Default,Default,Default,Default,Default,Default,Default,Default,Default,Default,Default,Default,Default,Default,Default,Default,Default,Default,Default,Default,Default,Default,Default,Default,Default,Default,Default,Default,Default,DefaultJob,QueryPrefix=gov&DocumentCount=100000,1,Workload,Warmup,4,523904405,2048,255812.7,50,2,0,103006
PrefixQueryBenchmarks.LuceneNet_PrefixQuery,Rowles.LeanCorpus.Benchmarks,PrefixQueryBenchmarks,LuceneNet_PrefixQuery,DefaultJob,Default,Default,Default,Default,Default,Default,Default,Default,Default,Default,Default,Default,Default,Default,Default,Default,Default,Default,Default,Default,Default,Default,Default,Default,Default,Default,Default,Default,Default,Default,Default,Default,Default,Default,Default,Default,Default,Default,Default,Default,Default,DefaultJob,QueryPrefix=gov&DocumentCount=100000,1,Workload,Warmup,5,525174479,2048,256432.85,50,2,0,103006
PrefixQueryBenchmarks.LuceneNet_PrefixQuery,Rowles.LeanCorpus.Benchmarks,PrefixQueryBenchmarks,LuceneNet_PrefixQuery,DefaultJob,Default,Default,Default,Default,Default,Default,Default,Default,Default,Default,Default,Default,Default,Default,Default,Default,Default,Default,Default,Default,Default,Default,Default,Default,Default,Default,Default,Default,Default,Default,Default,Default,Default,Default,Default,Default,Default,Default,Default,Default,Default,DefaultJob,QueryPrefix=gov&DocumentCount=100000,1,Workload,Warmup,6,524588341,2048,256146.65,50,2,0,103006
PrefixQueryBenchmarks.LuceneNet_PrefixQuery,Rowles.LeanCorpus.Benchmarks,PrefixQueryBenchmarks,LuceneNet_PrefixQuery,DefaultJob,Default,Default,Default,Default,Default,Default,Default,Default,Default,Default,Default,Default,Default,Default,Default,Default,Default,Default,Default,Default,Default,Default,Default,Default,Default,Default,Default,Default,Default,Default,Default,Default,Default,Default,Default,Default,Default,Default,Default,Default,Default,DefaultJob,QueryPrefix=gov&DocumentCount=100000,1,Workload,Actual,1,517293959,2048,252584.94,50,2,0,103006
PrefixQueryBenchmarks.LuceneNet_PrefixQuery,Rowles.LeanCorpus.Benchmarks,PrefixQueryBenchmarks,LuceneNet_PrefixQuery,DefaultJob,Default,Default,Default,Default,Default,Default,Default,Default,Default,Default,Default,Default,Default,Default,Default,Default,Default,Default,Default,Default,Default,Default,Default,Default,Default,Default,Default,Default,Default,Default,Default,Default,Default,Default,Default,Default,Default,Default,Default,Default,Default,DefaultJob,QueryPrefix=gov&DocumentCount=100000,1,Workload,Actual,2,516133318,2048,252018.22,50,2,0,103006
PrefixQueryBenchmarks.LuceneNet_PrefixQuery,Rowles.LeanCorpus.Benchmarks,PrefixQueryBenchmarks,LuceneNet_PrefixQuery,DefaultJob,Default,Default,Default,Default,Default,Default,Default,Default,Default,Default,Default,Default,Default,Default,Default,Default,Default,Default,Default,Default,Default,Default,Default,Default,Default,Default,Default,Default,Default,Default,Default,Default,Default,Default,Default,Default,Default,Default,Default,Default,Default,DefaultJob,QueryPrefix=gov&DocumentCount=100000,1,Workload,Actual,3,516591813,2048,252242.1,50,2,0,103006
PrefixQueryBenchmarks.LuceneNet_PrefixQuery,Rowles.LeanCorpus.Benchmarks,PrefixQueryBenchmarks,LuceneNet_PrefixQuery,DefaultJob,Default,Default,Default,Default,Default,Default,Default,Default,Default,Default,Default,Default,Default,Default,Default,Default,Default,Default,Default,Default,Default,Default,Default,Default,Default,Default,Default,Default,Default,Default,Default,Default,Default,Default,Default,Default,Default,Default,Default,Default,Default,DefaultJob,QueryPrefix=gov&DocumentCount=100000,1,Workload,Actual,4,524882303,2048,256290.19,50,2,0,103006
PrefixQueryBenchmarks.LuceneNet_PrefixQuery,Rowles.LeanCorpus.Benchmarks,PrefixQueryBenchmarks,LuceneNet_PrefixQuery,DefaultJob,Default,Default,Default,Default,Default,Default,Default,Default,Default,Default,Default,Default,Default,Default,Default,Default,Default,Default,Default,Default,Default,Default,Default,Default,Default,Default,Default,Default,Default,Default,Default,Default,Default,Default,Default,Default,Default,Default,Default,Default,Default,DefaultJob,QueryPrefix=gov&DocumentCount=100000,1,Workload,Actual,5,518612470,2048,253228.75,50,2,0,103006
PrefixQueryBenchmarks.LuceneNet_PrefixQuery,Rowles.LeanCorpus.Benchmarks,PrefixQueryBenchmarks,LuceneNet_PrefixQuery,DefaultJob,Default,Default,Default,Default,Default,Default,Default,Default,Default,Default,Default,Default,Default,Default,Default,Default,Default,Default,Default,Default,Default,Default,Default,Default,Default,Default,Default,Default,Default,Default,Default,Default,Default,Default,Default,Default,Default,Default,Default,Default,Default,DefaultJob,QueryPrefix=gov&DocumentCount=100000,1,Workload,Actual,6,520079624,2048,253945.13,50,2,0,103006
PrefixQueryBenchmarks.LuceneNet_PrefixQuery,Rowles.LeanCorpus.Benchmarks,PrefixQueryBenchmarks,LuceneNet_PrefixQuery,DefaultJob,Default,Default,Default,Default,Default,Default,Default,Default,Default,Default,Default,Default,Default,Default,Default,Default,Default,Default,Default,Default,Default,Default,Default,Default,Default,Default,Default,Default,Default,Default,Default,Default,Default,Default,Default,Default,Default,Default,Default,Default,Default,DefaultJob,QueryPrefix=gov&DocumentCount=100000,1,Workload,Actual,7,517183861,2048,252531.18,50,2,0,103006
PrefixQueryBenchmarks.LuceneNet_PrefixQuery,Rowles.LeanCorpus.Benchmarks,PrefixQueryBenchmarks,LuceneNet_PrefixQuery,DefaultJob,Default,Default,Default,Default,Default,Default,Default,Default,Default,Default,Default,Default,Default,Default,Default,Default,Default,Default,Default,Default,Default,Default,Default,Default,Default,Default,Default,Default,Default,Default,Default,Default,Default,Default,Default,Default,Default,Default,Default,Default,Default,DefaultJob,QueryPrefix=gov&DocumentCount=100000,1,Workload,Actual,8,541949108,2048,264623.59,50,2,0,103006
PrefixQueryBenchmarks.LuceneNet_PrefixQuery,Rowles.LeanCorpus.Benchmarks,PrefixQueryBenchmarks,LuceneNet_PrefixQuery,DefaultJob,Default,Default,Default,Default,Default,Default,Default,Default,Default,Default,Default,Default,Default,Default,Default,Default,Default,Default,Default,Default,Default,Default,Default,Default,Default,Default,Default,Default,Default,Default,Default,Default,Default,Default,Default,Default,Default,Default,Default,Default,Default,DefaultJob,QueryPrefix=gov&DocumentCount=100000,1,Workload,Actual,9,523267551,2048,255501.73,50,2,0,103006
PrefixQueryBenchmarks.LuceneNet_PrefixQuery,Rowles.LeanCorpus.Benchmarks,PrefixQueryBenchmarks,LuceneNet_PrefixQuery,DefaultJob,Default,Default,Default,Default,Default,Default,Default,Default,Default,Default,Default,Default,Default,Default,Default,Default,Default,Default,Default,Default,Default,Default,Default,Default,Default,Default,Default,Default,Default,Default,Default,Default,Default,Default,Default,Default,Default,Default,Default,Default,Default,DefaultJob,QueryPrefix=gov&DocumentCount=100000,1,Workload,Actual,10,524082698,2048,255899.75,50,2,0,103006
PrefixQueryBenchmarks.LuceneNet_PrefixQuery,Rowles.LeanCorpus.Benchmarks,PrefixQueryBenchmarks,LuceneNet_PrefixQuery,DefaultJob,Default,Default,Default,Default,Default,Default,Default,Default,Default,Default,Default,Default,Default,Default,Default,Default,Default,Default,Default,Default,Default,Default,Default,Default,Default,Default,Default,Default,Default,Default,Default,Default,Default,Default,Default,Default,Default,Default,Default,Default,Default,DefaultJob,QueryPrefix=gov&DocumentCount=100000,1,Workload,Actual,11,524458618,2048,256083.31,50,2,0,103006
PrefixQueryBenchmarks.LuceneNet_PrefixQuery,Rowles.LeanCorpus.Benchmarks,PrefixQueryBenchmarks,LuceneNet_PrefixQuery,DefaultJob,Default,Default,Default,Default,Default,Default,Default,Default,Default,Default,Default,Default,Default,Default,Default,Default,Default,Default,Default,Default,Default,Default,Default,Default,Default,Default,Default,Default,Default,Default,Default,Default,Default,Default,Default,Default,Default,Default,Default,Default,Default,DefaultJob,QueryPrefix=gov&DocumentCount=100000,1,Workload,Actual,12,526301291,2048,256983.05,50,2,0,103006
PrefixQueryBenchmarks.LuceneNet_PrefixQuery,Rowles.LeanCorpus.Benchmarks,PrefixQueryBenchmarks,LuceneNet_PrefixQuery,DefaultJob,Default,Default,Default,Default,Default,Default,Default,Default,Default,Default,Default,Default,Default,Default,Default,Default,Default,Default,Default,Default,Default,Default,Default,Default,Default,Default,Default,Default,Default,Default,Default,Default,Default,Default,Default,Default,Default,Default,Default,Default,Default,DefaultJob,QueryPrefix=gov&DocumentCount=100000,1,Workload,Actual,13,524211015,2048,255962.41,50,2,0,103006
PrefixQueryBenchmarks.LuceneNet_PrefixQuery,Rowles.LeanCorpus.Benchmarks,PrefixQueryBenchmarks,LuceneNet_PrefixQuery,DefaultJob,Default,Default,Default,Default,Default,Default,Default,Default,Default,Default,Default,Default,Default,Default,Default,Default,Default,Default,Default,Default,Default,Default,Default,Default,Default,Default,Default,Default,Default,Default,Default,Default,Default,Default,Default,Default,Default,Default,Default,Default,Default,DefaultJob,QueryPrefix=gov&DocumentCount=100000,1,Workload,Actual,14,525014338,2048,256354.66,50,2,0,103006
PrefixQueryBenchmarks.LuceneNet_PrefixQuery,Rowles.LeanCorpus.Benchmarks,PrefixQueryBenchmarks,LuceneNet_PrefixQuery,DefaultJob,Default,Default,Default,Default,Default,Default,Default,Default,Default,Default,Default,Default,Default,Default,Default,Default,Default,Default,Default,Default,Default,Default,Default,Default,Default,Default,Default,Default,Default,Default,Default,Default,Default,Default,Default,Default,Default,Default,Default,Default,Default,DefaultJob,QueryPrefix=gov&DocumentCount=100000,1,Workload,Actual,15,521272589,2048,254527.63,50,2,0,103006
PrefixQueryBenchmarks.LuceneNet_PrefixQuery,Rowles.LeanCorpus.Benchmarks,PrefixQueryBenchmarks,LuceneNet_PrefixQuery,DefaultJob,Default,Default,Default,Default,Default,Default,Default,Default,Default,Default,Default,Default,Default,Default,Default,Default,Default,Default,Default,Default,Default,Default,Default,Default,Default,Default,Default,Default,Default,Default,Default,Default,Default,Default,Default,Default,Default,Default,Default,Default,Default,DefaultJob,QueryPrefix=gov&DocumentCount=100000,1,Workload,Extra,1,517647112,2048,252757.38,50,2,0,103006
PrefixQueryBenchmarks.LuceneNet_PrefixQuery,Rowles.LeanCorpus.Benchmarks,PrefixQueryBenchmarks,LuceneNet_PrefixQuery,DefaultJob,Default,Default,Default,Default,Default,Default,Default,Default,Default,Default,Default,Default,Default,Default,Default,Default,Default,Default,Default,Default,Default,Default,Default,Default,Default,Default,Default,Default,Default,Default,Default,Default,Default,Default,Default,Default,Default,Default,Default,Default,Default,DefaultJob,QueryPrefix=gov&DocumentCount=100000,1,Workload,Result,1,517293959,2048,252584.94,50,2,0,103006
PrefixQueryBenchmarks.LuceneNet_PrefixQuery,Rowles.LeanCorpus.Benchmarks,PrefixQueryBenchmarks,LuceneNet_PrefixQuery,DefaultJob,Default,Default,Default,Default,Default,Default,Default,Default,Default,Default,Default,Default,Default,Default,Default,Default,Default,Default,Default,Default,Default,Default,Default,Default,Default,Default,Default,Default,Default,Default,Default,Default,Default,Default,Default,Default,Default,Default,Default,Default,Default,DefaultJob,QueryPrefix=gov&DocumentCount=100000,1,Workload,Result,2,516133318,2048,252018.22,50,2,0,103006
PrefixQueryBenchmarks.LuceneNet_PrefixQuery,Rowles.LeanCorpus.Benchmarks,PrefixQueryBenchmarks,LuceneNet_PrefixQuery,DefaultJob,Default,Default,Default,Default,Default,Default,Default,Default,Default,Default,Default,Default,Default,Default,Default,Default,Default,Default,Default,Default,Default,Default,Default,Default,Default,Default,Default,Default,Default,Default,Default,Default,Default,Default,Default,Default,Default,Default,Default,Default,Default,DefaultJob,QueryPrefix=gov&DocumentCount=100000,1,Workload,Result,3,516591813,2048,252242.1,50,2,0,103006
PrefixQueryBenchmarks.LuceneNet_PrefixQuery,Rowles.LeanCorpus.Benchmarks,PrefixQueryBenchmarks,LuceneNet_PrefixQuery,DefaultJob,Default,Default,Default,Default,Default,Default,Default,Default,Default,Default,Default,Default,Default,Default,Default,Default,Default,Default,Default,Default,Default,Default,Default,Default,Default,Default,Default,Default,Default,Default,Default,Default,Default,Default,Default,Default,Default,Default,Default,Default,Default,DefaultJob,QueryPrefix=gov&DocumentCount=100000,1,Workload,Result,4,524882303,2048,256290.19,50,2,0,103006
PrefixQueryBenchmarks.LuceneNet_PrefixQuery,Rowles.LeanCorpus.Benchmarks,PrefixQueryBenchmarks,LuceneNet_PrefixQuery,DefaultJob,Default,Default,Default,Default,Default,Default,Default,Default,Default,Default,Default,Default,Default,Default,Default,Default,Default,Default,Default,Default,Default,Default,Default,Default,Default,Default,Default,Default,Default,Default,Default,Default,Default,Default,Default,Default,Default,Default,Default,Default,Default,DefaultJob,QueryPrefix=gov&DocumentCount=100000,1,Workload,Result,5,518612470,2048,253228.75,50,2,0,103006
PrefixQueryBenchmarks.LuceneNet_PrefixQuery,Rowles.LeanCorpus.Benchmarks,PrefixQueryBenchmarks,LuceneNet_PrefixQuery,DefaultJob,Default,Default,Default,Default,Default,Default,Default,Default,Default,Default,Default,Default,Default,Default,Default,Default,Default,Default,Default,Default,Default,Default,Default,Default,Default,Default,Default,Default,Default,Default,Default,Default,Default,Default,Default,Default,Default,Default,Default,Default,Default,DefaultJob,QueryPrefix=gov&DocumentCount=100000,1,Workload,Result,6,520079624,2048,253945.13,50,2,0,103006
PrefixQueryBenchmarks.LuceneNet_PrefixQuery,Rowles.LeanCorpus.Benchmarks,PrefixQueryBenchmarks,LuceneNet_PrefixQuery,DefaultJob,Default,Default,Default,Default,Default,Default,Default,Default,Default,Default,Default,Default,Default,Default,Default,Default,Default,Default,Default,Default,Default,Default,Default,Default,Default,Default,Default,Default,Default,Default,Default,Default,Default,Default,Default,Default,Default,Default,Default,Default,Default,DefaultJob,QueryPrefix=gov&DocumentCount=100000,1,Workload,Result,7,517183861,2048,252531.18,50,2,0,103006
PrefixQueryBenchmarks.LuceneNet_PrefixQuery,Rowles.LeanCorpus.Benchmarks,PrefixQueryBenchmarks,LuceneNet_PrefixQuery,DefaultJob,Default,Default,Default,Default,Default,Default,Default,Default,Default,Default,Default,Default,Default,Default,Default,Default,Default,Default,Default,Default,Default,Default,Default,Default,Default,Default,Default,Default,Default,Default,Default,Default,Default,Default,Default,Default,Default,Default,Default,Default,Default,DefaultJob,QueryPrefix=gov&DocumentCount=100000,1,Workload,Result,8,523267551,2048,255501.73,50,2,0,103006
PrefixQueryBenchmarks.LuceneNet_PrefixQuery,Rowles.LeanCorpus.Benchmarks,PrefixQueryBenchmarks,LuceneNet_PrefixQuery,DefaultJob,Default,Default,Default,Default,Default,Default,Default,Default,Default,Default,Default,Default,Default,Default,Default,Default,Default,Default,Default,Default,Default,Default,Default,Default,Default,Default,Default,Default,Default,Default,Default,Default,Default,Default,Default,Default,Default,Default,Default,Default,Default,DefaultJob,QueryPrefix=gov&DocumentCount=100000,1,Workload,Result,9,524082698,2048,255899.75,50,2,0,103006
PrefixQueryBenchmarks.LuceneNet_PrefixQuery,Rowles.LeanCorpus.Benchmarks,PrefixQueryBenchmarks,LuceneNet_PrefixQuery,DefaultJob,Default,Default,Default,Default,Default,Default,Default,Default,Default,Default,Default,Default,Default,Default,Default,Default,Default,Default,Default,Default,Default,Default,Default,Default,Default,Default,Default,Default,Default,Default,Default,Default,Default,Default,Default,Default,Default,Default,Default,Default,Default,DefaultJob,QueryPrefix=gov&DocumentCount=100000,1,Workload,Result,10,524458618,2048,256083.31,50,2,0,103006
PrefixQueryBenchmarks.LuceneNet_PrefixQuery,Rowles.LeanCorpus.Benchmarks,PrefixQueryBenchmarks,LuceneNet_PrefixQuery,DefaultJob,Default,Default,Default,Default,Default,Default,Default,Default,Default,Default,Default,Default,Default,Default,Default,Default,Default,Default,Default,Default,Default,Default,Default,Default,Default,Default,Default,Default,Default,Default,Default,Default,Default,Default,Default,Default,Default,Default,Default,Default,Default,DefaultJob,QueryPrefix=gov&DocumentCount=100000,1,Workload,Result,11,526301291,2048,256983.05,50,2,0,103006
PrefixQueryBenchmarks.LuceneNet_PrefixQuery,Rowles.LeanCorpus.Benchmarks,PrefixQueryBenchmarks,LuceneNet_PrefixQuery,DefaultJob,Default,Default,Default,Default,Default,Default,Default,Default,Default,Default,Default,Default,Default,Default,Default,Default,Default,Default,Default,Default,Default,Default,Default,Default,Default,Default,Default,Default,Default,Default,Default,Default,Default,Default,Default,Default,Default,Default,Default,Default,Default,DefaultJob,QueryPrefix=gov&DocumentCount=100000,1,Workload,Result,12,524211015,2048,255962.41,50,2,0,103006
PrefixQueryBenchmarks.LuceneNet_PrefixQuery,Rowles.LeanCorpus.Benchmarks,PrefixQueryBenchmarks,LuceneNet_PrefixQuery,DefaultJob,Default,Default,Default,Default,Default,Default,Default,Default,Default,Default,Default,Default,Default,Default,Default,Default,Default,Default,Default,Default,Default,Default,Default,Default,Default,Default,Default,Default,Default,Default,Default,Default,Default,Default,Default,Default,Default,Default,Default,Default,Default,DefaultJob,QueryPrefix=gov&DocumentCount=100000,1,Workload,Result,13,525014338,2048,256354.66,50,2,0,103006
PrefixQueryBenchmarks.LuceneNet_PrefixQuery,Rowles.LeanCorpus.Benchmarks,PrefixQueryBenchmarks,LuceneNet_PrefixQuery,DefaultJob,Default,Default,Default,Default,Default,Default,Default,Default,Default,Default,Default,Default,Default,Default,Default,Default,Default,Default,Default,Default,Default,Default,Default,Default,Default,Default,Default,Default,Default,Default,Default,Default,Default,Default,Default,Default,Default,Default,Default,Default,Default,DefaultJob,QueryPrefix=gov&DocumentCount=100000,1,Workload,Result,14,521272589,2048,254527.63,50,2,0,103006
PrefixQueryBenchmarks.LeanCorpus_PrefixQuery,Rowles.LeanCorpus.Benchmarks,PrefixQueryBenchmarks,LeanCorpus_PrefixQuery,DefaultJob,Default,Default,Default,Default,Default,Default,Default,Default,Default,Default,Default,Default,Default,Default,Default,Default,Default,Default,Default,Default,Default,Default,Default,Default,Default,Default,Default,Default,Default,Default,Default,Default,Default,Default,Default,Default,Default,Default,Default,Default,Default,DefaultJob,QueryPrefix=mark&DocumentCount=100000,1,Workload,Jitting,1,72332912,1,72332912,9,0,0,19688
PrefixQueryBenchmarks.LeanCorpus_PrefixQuery,Rowles.LeanCorpus.Benchmarks,PrefixQueryBenchmarks,LeanCorpus_PrefixQuery,DefaultJob,Default,Default,Default,Default,Default,Default,Default,Default,Default,Default,Default,Default,Default,Default,Default,Default,Default,Default,Default,Default,Default,Default,Default,Default,Default,Default,Default,Default,Default,Default,Default,Default,Default,Default,Default,Default,Default,Default,Default,Default,Default,DefaultJob,QueryPrefix=mark&DocumentCount=100000,1,Workload,Jitting,2,87279514,30,2909317.13,9,0,0,19688
PrefixQueryBenchmarks.LeanCorpus_PrefixQuery,Rowles.LeanCorpus.Benchmarks,PrefixQueryBenchmarks,LeanCorpus_PrefixQuery,DefaultJob,Default,Default,Default,Default,Default,Default,Default,Default,Default,Default,Default,Default,Default,Default,Default,Default,Default,Default,Default,Default,Default,Default,Default,Default,Default,Default,Default,Default,Default,Default,Default,Default,Default,Default,Default,Default,Default,Default,Default,Default,Default,DefaultJob,QueryPrefix=mark&DocumentCount=100000,1,Workload,Jitting,3,20263467,30,675448.9,9,0,0,19688
PrefixQueryBenchmarks.LeanCorpus_PrefixQuery,Rowles.LeanCorpus.Benchmarks,PrefixQueryBenchmarks,LeanCorpus_PrefixQuery,DefaultJob,Default,Default,Default,Default,Default,Default,Default,Default,Default,Default,Default,Default,Default,Default,Default,Default,Default,Default,Default,Default,Default,Default,Default,Default,Default,Default,Default,Default,Default,Default,Default,Default,Default,Default,Default,Default,Default,Default,Default,Default,Default,DefaultJob,QueryPrefix=mark&DocumentCount=100000,1,Workload,Jitting,4,21349749,30,711658.3,9,0,0,19688
PrefixQueryBenchmarks.LeanCorpus_PrefixQuery,Rowles.LeanCorpus.Benchmarks,PrefixQueryBenchmarks,LeanCorpus_PrefixQuery,DefaultJob,Default,Default,Default,Default,Default,Default,Default,Default,Default,Default,Default,Default,Default,Default,Default,Default,Default,Default,Default,Default,Default,Default,Default,Default,Default,Default,Default,Default,Default,Default,Default,Default,Default,Default,Default,Default,Default,Default,Default,Default,Default,DefaultJob,QueryPrefix=mark&DocumentCount=100000,1,Workload,Jitting,5,1058233,1,1058233,9,0,0,19688
PrefixQueryBenchmarks.LeanCorpus_PrefixQuery,Rowles.LeanCorpus.Benchmarks,PrefixQueryBenchmarks,LeanCorpus_PrefixQuery,DefaultJob,Default,Default,Default,Default,Default,Default,Default,Default,Default,Default,Default,Default,Default,Default,Default,Default,Default,Default,Default,Default,Default,Default,Default,Default,Default,Default,Default,Default,Default,Default,Default,Default,Default,Default,Default,Default,Default,Default,Default,Default,Default,DefaultJob,QueryPrefix=mark&DocumentCount=100000,1,Workload,Pilot,1,1042422,1,1042422,9,0,0,19688
PrefixQueryBenchmarks.LeanCorpus_PrefixQuery,Rowles.LeanCorpus.Benchmarks,PrefixQueryBenchmarks,LeanCorpus_PrefixQuery,DefaultJob,Default,Default,Default,Default,Default,Default,Default,Default,Default,Default,Default,Default,Default,Default,Default,Default,Default,Default,Default,Default,Default,Default,Default,Default,Default,Default,Default,Default,Default,Default,Default,Default,Default,Default,Default,Default,Default,Default,Default,Default,Default,DefaultJob,QueryPrefix=mark&DocumentCount=100000,1,Workload,Pilot,1,14925809,16,932863.06,9,0,0,19688
PrefixQueryBenchmarks.LeanCorpus_PrefixQuery,Rowles.LeanCorpus.Benchmarks,PrefixQueryBenchmarks,LeanCorpus_PrefixQuery,DefaultJob,Default,Default,Default,Default,Default,Default,Default,Default,Default,Default,Default,Default,Default,Default,Default,Default,Default,Default,Default,Default,Default,Default,Default,Default,Default,Default,Default,Default,Default,Default,Default,Default,Default,Default,Default,Default,Default,Default,Default,Default,Default,DefaultJob,QueryPrefix=mark&DocumentCount=100000,1,Workload,Pilot,2,27388202,32,855881.31,9,0,0,19688
PrefixQueryBenchmarks.LeanCorpus_PrefixQuery,Rowles.LeanCorpus.Benchmarks,PrefixQueryBenchmarks,LeanCorpus_PrefixQuery,DefaultJob,Default,Default,Default,Default,Default,Default,Default,Default,Default,Default,Default,Default,Default,Default,Default,Default,Default,Default,Default,Default,Default,Default,Default,Default,Default,Default,Default,Default,Default,Default,Default,Default,Default,Default,Default,Default,Default,Default,Default,Default,Default,DefaultJob,QueryPrefix=mark&DocumentCount=100000,1,Workload,Pilot,3,40408900,64,631389.06,9,0,0,19688
PrefixQueryBenchmarks.LeanCorpus_PrefixQuery,Rowles.LeanCorpus.Benchmarks,PrefixQueryBenchmarks,LeanCorpus_PrefixQuery,DefaultJob,Default,Default,Default,Default,Default,Default,Default,Default,Default,Default,Default,Default,Default,Default,Default,Default,Default,Default,Default,Default,Default,Default,Default,Default,Default,Default,Default,Default,Default,Default,Default,Default,Default,Default,Default,Default,Default,Default,Default,Default,Default,DefaultJob,QueryPrefix=mark&DocumentCount=100000,1,Workload,Pilot,4,58549973,128,457421.66,9,0,0,19688
PrefixQueryBenchmarks.LeanCorpus_PrefixQuery,Rowles.LeanCorpus.Benchmarks,PrefixQueryBenchmarks,LeanCorpus_PrefixQuery,DefaultJob,Default,Default,Default,Default,Default,Default,Default,Default,Default,Default,Default,Default,Default,Default,Default,Default,Default,Default,Default,Default,Default,Default,Default,Default,Default,Default,Default,Default,Default,Default,Default,Default,Default,Default,Default,Default,Default,Default,Default,Default,Default,DefaultJob,QueryPrefix=mark&DocumentCount=100000,1,Workload,Pilot,5,107685177,256,420645.22,9,0,0,19688
PrefixQueryBenchmarks.LeanCorpus_PrefixQuery,Rowles.LeanCorpus.Benchmarks,PrefixQueryBenchmarks,LeanCorpus_PrefixQuery,DefaultJob,Default,Default,Default,Default,Default,Default,Default,Default,Default,Default,Default,Default,Default,Default,Default,Default,Default,Default,Default,Default,Default,Default,Default,Default,Default,Default,Default,Default,Default,Default,Default,Default,Default,Default,Default,Default,Default,Default,Default,Default,Default,DefaultJob,QueryPrefix=mark&DocumentCount=100000,1,Workload,Pilot,6,213058462,512,416129.81,9,0,0,19688
PrefixQueryBenchmarks.LeanCorpus_PrefixQuery,Rowles.LeanCorpus.Benchmarks,PrefixQueryBenchmarks,LeanCorpus_PrefixQuery,DefaultJob,Default,Default,Default,Default,Default,Default,Default,Default,Default,Default,Default,Default,Default,Default,Default,Default,Default,Default,Default,Default,Default,Default,Default,Default,Default,Default,Default,Default,Default,Default,Default,Default,Default,Default,Default,Default,Default,Default,Default,Default,Default,DefaultJob,QueryPrefix=mark&DocumentCount=100000,1,Workload,Pilot,7,418425813,1024,408618.96,9,0,0,19688
PrefixQueryBenchmarks.LeanCorpus_PrefixQuery,Rowles.LeanCorpus.Benchmarks,PrefixQueryBenchmarks,LeanCorpus_PrefixQuery,DefaultJob,Default,Default,Default,Default,Default,Default,Default,Default,Default,Default,Default,Default,Default,Default,Default,Default,Default,Default,Default,Default,Default,Default,Default,Default,Default,Default,Default,Default,Default,Default,Default,Default,Default,Default,Default,Default,Default,Default,Default,Default,Default,DefaultJob,QueryPrefix=mark&DocumentCount=100000,1,Workload,Pilot,8,837100143,2048,408740.3,9,0,0,19688
PrefixQueryBenchmarks.LeanCorpus_PrefixQuery,Rowles.LeanCorpus.Benchmarks,PrefixQueryBenchmarks,LeanCorpus_PrefixQuery,DefaultJob,Default,Default,Default,Default,Default,Default,Default,Default,Default,Default,Default,Default,Default,Default,Default,Default,Default,Default,Default,Default,Default,Default,Default,Default,Default,Default,Default,Default,Default,Default,Default,Default,Default,Default,Default,Default,Default,Default,Default,Default,Default,DefaultJob,QueryPrefix=mark&DocumentCount=100000,1,Workload,Warmup,1,838073790,2048,409215.72,9,0,0,19688
PrefixQueryBenchmarks.LeanCorpus_PrefixQuery,Rowles.LeanCorpus.Benchmarks,PrefixQueryBenchmarks,LeanCorpus_PrefixQuery,DefaultJob,Default,Default,Default,Default,Default,Default,Default,Default,Default,Default,Default,Default,Default,Default,Default,Default,Default,Default,Default,Default,Default,Default,Default,Default,Default,Default,Default,Default,Default,Default,Default,Default,Default,Default,Default,Default,Default,Default,Default,Default,Default,DefaultJob,QueryPrefix=mark&DocumentCount=100000,1,Workload,Warmup,2,836568208,2048,408480.57,9,0,0,19688
PrefixQueryBenchmarks.LeanCorpus_PrefixQuery,Rowles.LeanCorpus.Benchmarks,PrefixQueryBenchmarks,LeanCorpus_PrefixQuery,DefaultJob,Default,Default,Default,Default,Default,Default,Default,Default,Default,Default,Default,Default,Default,Default,Default,Default,Default,Default,Default,Default,Default,Default,Default,Default,Default,Default,Default,Default,Default,Default,Default,Default,Default,Default,Default,Default,Default,Default,Default,Default,Default,DefaultJob,QueryPrefix=mark&DocumentCount=100000,1,Workload,Warmup,3,837707180,2048,409036.71,9,0,0,19688
PrefixQueryBenchmarks.LeanCorpus_PrefixQuery,Rowles.LeanCorpus.Benchmarks,PrefixQueryBenchmarks,LeanCorpus_PrefixQuery,DefaultJob,Default,Default,Default,Default,Default,Default,Default,Default,Default,Default,Default,Default,Default,Default,Default,Default,Default,Default,Default,Default,Default,Default,Default,Default,Default,Default,Default,Default,Default,Default,Default,Default,Default,Default,Default,Default,Default,Default,Default,Default,Default,DefaultJob,QueryPrefix=mark&DocumentCount=100000,1,Workload,Warmup,4,836596227,2048,408494.25,9,0,0,19688
PrefixQueryBenchmarks.LeanCorpus_PrefixQuery,Rowles.LeanCorpus.Benchmarks,PrefixQueryBenchmarks,LeanCorpus_PrefixQuery,DefaultJob,Default,Default,Default,Default,Default,Default,Default,Default,Default,Default,Default,Default,Default,Default,Default,Default,Default,Default,Default,Default,Default,Default,Default,Default,Default,Default,Default,Default,Default,Default,Default,Default,Default,Default,Default,Default,Default,Default,Default,Default,Default,DefaultJob,QueryPrefix=mark&DocumentCount=100000,1,Workload,Warmup,5,837617363,2048,408992.85,9,0,0,19688
PrefixQueryBenchmarks.LeanCorpus_PrefixQuery,Rowles.LeanCorpus.Benchmarks,PrefixQueryBenchmarks,LeanCorpus_PrefixQuery,DefaultJob,Default,Default,Default,Default,Default,Default,Default,Default,Default,Default,Default,Default,Default,Default,Default,Default,Default,Default,Default,Default,Default,Default,Default,Default,Default,Default,Default,Default,Default,Default,Default,Default,Default,Default,Default,Default,Default,Default,Default,Default,Default,DefaultJob,QueryPrefix=mark&DocumentCount=100000,1,Workload,Warmup,6,837489790,2048,408930.56,9,0,0,19688
PrefixQueryBenchmarks.LeanCorpus_PrefixQuery,Rowles.LeanCorpus.Benchmarks,PrefixQueryBenchmarks,LeanCorpus_PrefixQuery,DefaultJob,Default,Default,Default,Default,Default,Default,Default,Default,Default,Default,Default,Default,Default,Default,Default,Default,Default,Default,Default,Default,Default,Default,Default,Default,Default,Default,Default,Default,Default,Default,Default,Default,Default,Default,Default,Default,Default,Default,Default,Default,Default,DefaultJob,QueryPrefix=mark&DocumentCount=100000,1,Workload,Actual,1,836708204,2048,408548.93,9,0,0,19688
PrefixQueryBenchmarks.LeanCorpus_PrefixQuery,Rowles.LeanCorpus.Benchmarks,PrefixQueryBenchmarks,LeanCorpus_PrefixQuery,DefaultJob,Default,Default,Default,Default,Default,Default,Default,Default,Default,Default,Default,Default,Default,Default,Default,Default,Default,Default,Default,Default,Default,Default,Default,Default,Default,Default,Default,Default,Default,Default,Default,Default,Default,Default,Default,Default,Default,Default,Default,Default,Default,DefaultJob,QueryPrefix=mark&DocumentCount=100000,1,Workload,Actual,2,833336085,2048,406902.39,9,0,0,19688
PrefixQueryBenchmarks.LeanCorpus_PrefixQuery,Rowles.LeanCorpus.Benchmarks,PrefixQueryBenchmarks,LeanCorpus_PrefixQuery,DefaultJob,Default,Default,Default,Default,Default,Default,Default,Default,Default,Default,Default,Default,Default,Default,Default,Default,Default,Default,Default,Default,Default,Default,Default,Default,Default,Default,Default,Default,Default,Default,Default,Default,Default,Default,Default,Default,Default,Default,Default,Default,Default,DefaultJob,QueryPrefix=mark&DocumentCount=100000,1,Workload,Actual,3,836533288,2048,408463.52,9,0,0,19688
PrefixQueryBenchmarks.LeanCorpus_PrefixQuery,Rowles.LeanCorpus.Benchmarks,PrefixQueryBenchmarks,LeanCorpus_PrefixQuery,DefaultJob,Default,Default,Default,Default,Default,Default,Default,Default,Default,Default,Default,Default,Default,Default,Default,Default,Default,Default,Default,Default,Default,Default,Default,Default,Default,Default,Default,Default,Default,Default,Default,Default,Default,Default,Default,Default,Default,Default,Default,Default,Default,DefaultJob,QueryPrefix=mark&DocumentCount=100000,1,Workload,Actual,4,834319064,2048,407382.36,9,0,0,19688
PrefixQueryBenchmarks.LeanCorpus_PrefixQuery,Rowles.LeanCorpus.Benchmarks,PrefixQueryBenchmarks,LeanCorpus_PrefixQuery,DefaultJob,Default,Default,Default,Default,Default,Default,Default,Default,Default,Default,Default,Default,Default,Default,Default,Default,Default,Default,Default,Default,Default,Default,Default,Default,Default,Default,Default,Default,Default,Default,Default,Default,Default,Default,Default,Default,Default,Default,Default,Default,Default,DefaultJob,QueryPrefix=mark&DocumentCount=100000,1,Workload,Actual,5,833965426,2048,407209.68,9,0,0,19688
PrefixQueryBenchmarks.LeanCorpus_PrefixQuery,Rowles.LeanCorpus.Benchmarks,PrefixQueryBenchmarks,LeanCorpus_PrefixQuery,DefaultJob,Default,Default,Default,Default,Default,Default,Default,Default,Default,Default,Default,Default,Default,Default,Default,Default,Default,Default,Default,Default,Default,Default,Default,Default,Default,Default,Default,Default,Default,Default,Default,Default,Default,Default,Default,Default,Default,Default,Default,Default,Default,DefaultJob,QueryPrefix=mark&DocumentCount=100000,1,Workload,Actual,6,828652107,2048,404615.29,9,0,0,19688
PrefixQueryBenchmarks.LeanCorpus_PrefixQuery,Rowles.LeanCorpus.Benchmarks,PrefixQueryBenchmarks,LeanCorpus_PrefixQuery,DefaultJob,Default,Default,Default,Default,Default,Default,Default,Default,Default,Default,Default,Default,Default,Default,Default,Default,Default,Default,Default,Default,Default,Default,Default,Default,Default,Default,Default,Default,Default,Default,Default,Default,Default,Default,Default,Default,Default,Default,Default,Default,Default,DefaultJob,QueryPrefix=mark&DocumentCount=100000,1,Workload,Actual,7,836730422,2048,408559.78,9,0,0,19688
PrefixQueryBenchmarks.LeanCorpus_PrefixQuery,Rowles.LeanCorpus.Benchmarks,PrefixQueryBenchmarks,LeanCorpus_PrefixQuery,DefaultJob,Default,Default,Default,Default,Default,Default,Default,Default,Default,Default,Default,Default,Default,Default,Default,Default,Default,Default,Default,Default,Default,Default,Default,Default,Default,Default,Default,Default,Default,Default,Default,Default,Default,Default,Default,Default,Default,Default,Default,Default,Default,DefaultJob,QueryPrefix=mark&DocumentCount=100000,1,Workload,Actual,8,837658105,2048,409012.75,9,0,0,19688
PrefixQueryBenchmarks.LeanCorpus_PrefixQuery,Rowles.LeanCorpus.Benchmarks,PrefixQueryBenchmarks,LeanCorpus_PrefixQuery,DefaultJob,Default,Default,Default,Default,Default,Default,Default,Default,Default,Default,Default,Default,Default,Default,Default,Default,Default,Default,Default,Default,Default,Default,Default,Default,Default,Default,Default,Default,Default,Default,Default,Default,Default,Default,Default,Default,Default,Default,Default,Default,Default,DefaultJob,QueryPrefix=mark&DocumentCount=100000,1,Workload,Actual,9,835173980,2048,407799.79,9,0,0,19688
PrefixQueryBenchmarks.LeanCorpus_PrefixQuery,Rowles.LeanCorpus.Benchmarks,PrefixQueryBenchmarks,LeanCorpus_PrefixQuery,DefaultJob,Default,Default,Default,Default,Default,Default,Default,Default,Default,Default,Default,Default,Default,Default,Default,Default,Default,Default,Default,Default,Default,Default,Default,Default,Default,Default,Default,Default,Default,Default,Default,Default,Default,Default,Default,Default,Default,Default,Default,Default,Default,DefaultJob,QueryPrefix=mark&DocumentCount=100000,1,Workload,Actual,10,836495970,2048,408445.3,9,0,0,19688
PrefixQueryBenchmarks.LeanCorpus_PrefixQuery,Rowles.LeanCorpus.Benchmarks,PrefixQueryBenchmarks,LeanCorpus_PrefixQuery,DefaultJob,Default,Default,Default,Default,Default,Default,Default,Default,Default,Default,Default,Default,Default,Default,Default,Default,Default,Default,Default,Default,Default,Default,Default,Default,Default,Default,Default,Default,Default,Default,Default,Default,Default,Default,Default,Default,Default,Default,Default,Default,Default,DefaultJob,QueryPrefix=mark&DocumentCount=100000,1,Workload,Actual,11,836525099,2048,408459.52,9,0,0,19688
PrefixQueryBenchmarks.LeanCorpus_PrefixQuery,Rowles.LeanCorpus.Benchmarks,PrefixQueryBenchmarks,LeanCorpus_PrefixQuery,DefaultJob,Default,Default,Default,Default,Default,Default,Default,Default,Default,Default,Default,Default,Default,Default,Default,Default,Default,Default,Default,Default,Default,Default,Default,Default,Default,Default,Default,Default,Default,Default,Default,Default,Default,Default,Default,Default,Default,Default,Default,Default,Default,DefaultJob,QueryPrefix=mark&DocumentCount=100000,1,Workload,Actual,12,830475660,2048,405505.69,9,0,0,19688
PrefixQueryBenchmarks.LeanCorpus_PrefixQuery,Rowles.LeanCorpus.Benchmarks,PrefixQueryBenchmarks,LeanCorpus_PrefixQuery,DefaultJob,Default,Default,Default,Default,Default,Default,Default,Default,Default,Default,Default,Default,Default,Default,Default,Default,Default,Default,Default,Default,Default,Default,Default,Default,Default,Default,Default,Default,Default,Default,Default,Default,Default,Default,Default,Default,Default,Default,Default,Default,Default,DefaultJob,QueryPrefix=mark&DocumentCount=100000,1,Workload,Actual,13,834487949,2048,407464.82,9,0,0,19688
PrefixQueryBenchmarks.LeanCorpus_PrefixQuery,Rowles.LeanCorpus.Benchmarks,PrefixQueryBenchmarks,LeanCorpus_PrefixQuery,DefaultJob,Default,Default,Default,Default,Default,Default,Default,Default,Default,Default,Default,Default,Default,Default,Default,Default,Default,Default,Default,Default,Default,Default,Default,Default,Default,Default,Default,Default,Default,Default,Default,Default,Default,Default,Default,Default,Default,Default,Default,Default,Default,DefaultJob,QueryPrefix=mark&DocumentCount=100000,1,Workload,Actual,14,833825915,2048,407141.56,9,0,0,19688
PrefixQueryBenchmarks.LeanCorpus_PrefixQuery,Rowles.LeanCorpus.Benchmarks,PrefixQueryBenchmarks,LeanCorpus_PrefixQuery,DefaultJob,Default,Default,Default,Default,Default,Default,Default,Default,Default,Default,Default,Default,Default,Default,Default,Default,Default,Default,Default,Default,Default,Default,Default,Default,Default,Default,Default,Default,Default,Default,Default,Default,Default,Default,Default,Default,Default,Default,Default,Default,Default,DefaultJob,QueryPrefix=mark&DocumentCount=100000,1,Workload,Actual,15,836771337,2048,408579.75,9,0,0,19688
PrefixQueryBenchmarks.LeanCorpus_PrefixQuery,Rowles.LeanCorpus.Benchmarks,PrefixQueryBenchmarks,LeanCorpus_PrefixQuery,DefaultJob,Default,Default,Default,Default,Default,Default,Default,Default,Default,Default,Default,Default,Default,Default,Default,Default,Default,Default,Default,Default,Default,Default,Default,Default,Default,Default,Default,Default,Default,Default,Default,Default,Default,Default,Default,Default,Default,Default,Default,Default,Default,DefaultJob,QueryPrefix=mark&DocumentCount=100000,1,Workload,Extra,1,835567083,2048,407991.74,9,0,0,19688
PrefixQueryBenchmarks.LeanCorpus_PrefixQuery,Rowles.LeanCorpus.Benchmarks,PrefixQueryBenchmarks,LeanCorpus_PrefixQuery,DefaultJob,Default,Default,Default,Default,Default,Default,Default,Default,Default,Default,Default,Default,Default,Default,Default,Default,Default,Default,Default,Default,Default,Default,Default,Default,Default,Default,Default,Default,Default,Default,Default,Default,Default,Default,Default,Default,Default,Default,Default,Default,Default,DefaultJob,QueryPrefix=mark&DocumentCount=100000,1,Workload,Result,1,836708204,2048,408548.93,9,0,0,19688
PrefixQueryBenchmarks.LeanCorpus_PrefixQuery,Rowles.LeanCorpus.Benchmarks,PrefixQueryBenchmarks,LeanCorpus_PrefixQuery,DefaultJob,Default,Default,Default,Default,Default,Default,Default,Default,Default,Default,Default,Default,Default,Default,Default,Default,Default,Default,Default,Default,Default,Default,Default,Default,Default,Default,Default,Default,Default,Default,Default,Default,Default,Default,Default,Default,Default,Default,Default,Default,Default,DefaultJob,QueryPrefix=mark&DocumentCount=100000,1,Workload,Result,2,833336085,2048,406902.39,9,0,0,19688
PrefixQueryBenchmarks.LeanCorpus_PrefixQuery,Rowles.LeanCorpus.Benchmarks,PrefixQueryBenchmarks,LeanCorpus_PrefixQuery,DefaultJob,Default,Default,Default,Default,Default,Default,Default,Default,Default,Default,Default,Default,Default,Default,Default,Default,Default,Default,Default,Default,Default,Default,Default,Default,Default,Default,Default,Default,Default,Default,Default,Default,Default,Default,Default,Default,Default,Default,Default,Default,Default,DefaultJob,QueryPrefix=mark&DocumentCount=100000,1,Workload,Result,3,836533288,2048,408463.52,9,0,0,19688
PrefixQueryBenchmarks.LeanCorpus_PrefixQuery,Rowles.LeanCorpus.Benchmarks,PrefixQueryBenchmarks,LeanCorpus_PrefixQuery,DefaultJob,Default,Default,Default,Default,Default,Default,Default,Default,Default,Default,Default,Default,Default,Default,Default,Default,Default,Default,Default,Default,Default,Default,Default,Default,Default,Default,Default,Default,Default,Default,Default,Default,Default,Default,Default,Default,Default,Default,Default,Default,Default,DefaultJob,QueryPrefix=mark&DocumentCount=100000,1,Workload,Result,4,834319064,2048,407382.36,9,0,0,19688
PrefixQueryBenchmarks.LeanCorpus_PrefixQuery,Rowles.LeanCorpus.Benchmarks,PrefixQueryBenchmarks,LeanCorpus_PrefixQuery,DefaultJob,Default,Default,Default,Default,Default,Default,Default,Default,Default,Default,Default,Default,Default,Default,Default,Default,Default,Default,Default,Default,Default,Default,Default,Default,Default,Default,Default,Default,Default,Default,Default,Default,Default,Default,Default,Default,Default,Default,Default,Default,Default,DefaultJob,QueryPrefix=mark&DocumentCount=100000,1,Workload,Result,5,833965426,2048,407209.68,9,0,0,19688
PrefixQueryBenchmarks.LeanCorpus_PrefixQuery,Rowles.LeanCorpus.Benchmarks,PrefixQueryBenchmarks,LeanCorpus_PrefixQuery,DefaultJob,Default,Default,Default,Default,Default,Default,Default,Default,Default,Default,Default,Default,Default,Default,Default,Default,Default,Default,Default,Default,Default,Default,Default,Default,Default,Default,Default,Default,Default,Default,Default,Default,Default,Default,Default,Default,Default,Default,Default,Default,Default,DefaultJob,QueryPrefix=mark&DocumentCount=100000,1,Workload,Result,6,828652107,2048,404615.29,9,0,0,19688
PrefixQueryBenchmarks.LeanCorpus_PrefixQuery,Rowles.LeanCorpus.Benchmarks,PrefixQueryBenchmarks,LeanCorpus_PrefixQuery,DefaultJob,Default,Default,Default,Default,Default,Default,Default,Default,Default,Default,Default,Default,Default,Default,Default,Default,Default,Default,Default,Default,Default,Default,Default,Default,Default,Default,Default,Default,Default,Default,Default,Default,Default,Default,Default,Default,Default,Default,Default,Default,Default,DefaultJob,QueryPrefix=mark&DocumentCount=100000,1,Workload,Result,7,836730422,2048,408559.78,9,0,0,19688
PrefixQueryBenchmarks.LeanCorpus_PrefixQuery,Rowles.LeanCorpus.Benchmarks,PrefixQueryBenchmarks,LeanCorpus_PrefixQuery,DefaultJob,Default,Default,Default,Default,Default,Default,Default,Default,Default,Default,Default,Default,Default,Default,Default,Default,Default,Default,Default,Default,Default,Default,Default,Default,Default,Default,Default,Default,Default,Default,Default,Default,Default,Default,Default,Default,Default,Default,Default,Default,Default,DefaultJob,QueryPrefix=mark&DocumentCount=100000,1,Workload,Result,8,837658105,2048,409012.75,9,0,0,19688
PrefixQueryBenchmarks.LeanCorpus_PrefixQuery,Rowles.LeanCorpus.Benchmarks,PrefixQueryBenchmarks,LeanCorpus_PrefixQuery,DefaultJob,Default,Default,Default,Default,Default,Default,Default,Default,Default,Default,Default,Default,Default,Default,Default,Default,Default,Default,Default,Default,Default,Default,Default,Default,Default,Default,Default,Default,Default,Default,Default,Default,Default,Default,Default,Default,Default,Default,Default,Default,Default,DefaultJob,QueryPrefix=mark&DocumentCount=100000,1,Workload,Result,9,835173980,2048,407799.79,9,0,0,19688
PrefixQueryBenchmarks.LeanCorpus_PrefixQuery,Rowles.LeanCorpus.Benchmarks,PrefixQueryBenchmarks,LeanCorpus_PrefixQuery,DefaultJob,Default,Default,Default,Default,Default,Default,Default,Default,Default,Default,Default,Default,Default,Default,Default,Default,Default,Default,Default,Default,Default,Default,Default,Default,Default,Default,Default,Default,Default,Default,Default,Default,Default,Default,Default,Default,Default,Default,Default,Default,Default,DefaultJob,QueryPrefix=mark&DocumentCount=100000,1,Workload,Result,10,836495970,2048,408445.3,9,0,0,19688
PrefixQueryBenchmarks.LeanCorpus_PrefixQuery,Rowles.LeanCorpus.Benchmarks,PrefixQueryBenchmarks,LeanCorpus_PrefixQuery,DefaultJob,Default,Default,Default,Default,Default,Default,Default,Default,Default,Default,Default,Default,Default,Default,Default,Default,Default,Default,Default,Default,Default,Default,Default,Default,Default,Default,Default,Default,Default,Default,Default,Default,Default,Default,Default,Default,Default,Default,Default,Default,Default,DefaultJob,QueryPrefix=mark&DocumentCount=100000,1,Workload,Result,11,836525099,2048,408459.52,9,0,0,19688
PrefixQueryBenchmarks.LeanCorpus_PrefixQuery,Rowles.LeanCorpus.Benchmarks,PrefixQueryBenchmarks,LeanCorpus_PrefixQuery,DefaultJob,Default,Default,Default,Default,Default,Default,Default,Default,Default,Default,Default,Default,Default,Default,Default,Default,Default,Default,Default,Default,Default,Default,Default,Default,Default,Default,Default,Default,Default,Default,Default,Default,Default,Default,Default,Default,Default,Default,Default,Default,Default,DefaultJob,QueryPrefix=mark&DocumentCount=100000,1,Workload,Result,12,830475660,2048,405505.69,9,0,0,19688
PrefixQueryBenchmarks.LeanCorpus_PrefixQuery,Rowles.LeanCorpus.Benchmarks,PrefixQueryBenchmarks,LeanCorpus_PrefixQuery,DefaultJob,Default,Default,Default,Default,Default,Default,Default,Default,Default,Default,Default,Default,Default,Default,Default,Default,Default,Default,Default,Default,Default,Default,Default,Default,Default,Default,Default,Default,Default,Default,Default,Default,Default,Default,Default,Default,Default,Default,Default,Default,Default,DefaultJob,QueryPrefix=mark&DocumentCount=100000,1,Workload,Result,13,834487949,2048,407464.82,9,0,0,19688
PrefixQueryBenchmarks.LeanCorpus_PrefixQuery,Rowles.LeanCorpus.Benchmarks,PrefixQueryBenchmarks,LeanCorpus_PrefixQuery,DefaultJob,Default,Default,Default,Default,Default,Default,Default,Default,Default,Default,Default,Default,Default,Default,Default,Default,Default,Default,Default,Default,Default,Default,Default,Default,Default,Default,Default,Default,Default,Default,Default,Default,Default,Default,Default,Default,Default,Default,Default,Default,Default,DefaultJob,QueryPrefix=mark&DocumentCount=100000,1,Workload,Result,14,833825915,2048,407141.56,9,0,0,19688
PrefixQueryBenchmarks.LeanCorpus_PrefixQuery,Rowles.LeanCorpus.Benchmarks,PrefixQueryBenchmarks,LeanCorpus_PrefixQuery,DefaultJob,Default,Default,Default,Default,Default,Default,Default,Default,Default,Default,Default,Default,Default,Default,Default,Default,Default,Default,Default,Default,Default,Default,Default,Default,Default,Default,Default,Default,Default,Default,Default,Default,Default,Default,Default,Default,Default,Default,Default,Default,Default,DefaultJob,QueryPrefix=mark&DocumentCount=100000,1,Workload,Result,15,836771337,2048,408579.75,9,0,0,19688
PrefixQueryBenchmarks.LuceneNet_PrefixQuery,Rowles.LeanCorpus.Benchmarks,PrefixQueryBenchmarks,LuceneNet_PrefixQuery,DefaultJob,Default,Default,Default,Default,Default,Default,Default,Default,Default,Default,Default,Default,Default,Default,Default,Default,Default,Default,Default,Default,Default,Default,Default,Default,Default,Default,Default,Default,Default,Default,Default,Default,Default,Default,Default,Default,Default,Default,Default,Default,Default,DefaultJob,QueryPrefix=mark&DocumentCount=100000,1,Workload,Jitting,1,37632286,1,37632286,57,1,0,118913
PrefixQueryBenchmarks.LuceneNet_PrefixQuery,Rowles.LeanCorpus.Benchmarks,PrefixQueryBenchmarks,LuceneNet_PrefixQuery,DefaultJob,Default,Default,Default,Default,Default,Default,Default,Default,Default,Default,Default,Default,Default,Default,Default,Default,Default,Default,Default,Default,Default,Default,Default,Default,Default,Default,Default,Default,Default,Default,Default,Default,Default,Default,Default,Default,Default,Default,Default,Default,Default,DefaultJob,QueryPrefix=mark&DocumentCount=100000,1,Workload,Jitting,2,81100297,30,2703343.23,57,1,0,118913
PrefixQueryBenchmarks.LuceneNet_PrefixQuery,Rowles.LeanCorpus.Benchmarks,PrefixQueryBenchmarks,LuceneNet_PrefixQuery,DefaultJob,Default,Default,Default,Default,Default,Default,Default,Default,Default,Default,Default,Default,Default,Default,Default,Default,Default,Default,Default,Default,Default,Default,Default,Default,Default,Default,Default,Default,Default,Default,Default,Default,Default,Default,Default,Default,Default,Default,Default,Default,Default,DefaultJob,QueryPrefix=mark&DocumentCount=100000,1,Workload,Jitting,3,30715640,30,1023854.67,57,1,0,118913
PrefixQueryBenchmarks.LuceneNet_PrefixQuery,Rowles.LeanCorpus.Benchmarks,PrefixQueryBenchmarks,LuceneNet_PrefixQuery,DefaultJob,Default,Default,Default,Default,Default,Default,Default,Default,Default,Default,Default,Default,Default,Default,Default,Default,Default,Default,Default,Default,Default,Default,Default,Default,Default,Default,Default,Default,Default,Default,Default,Default,Default,Default,Default,Default,Default,Default,Default,Default,Default,DefaultJob,QueryPrefix=mark&DocumentCount=100000,1,Workload,Jitting,4,17361857,30,578728.57,57,1,0,118913
PrefixQueryBenchmarks.LuceneNet_PrefixQuery,Rowles.LeanCorpus.Benchmarks,PrefixQueryBenchmarks,LuceneNet_PrefixQuery,DefaultJob,Default,Default,Default,Default,Default,Default,Default,Default,Default,Default,Default,Default,Default,Default,Default,Default,Default,Default,Default,Default,Default,Default,Default,Default,Default,Default,Default,Default,Default,Default,Default,Default,Default,Default,Default,Default,Default,Default,Default,Default,Default,DefaultJob,QueryPrefix=mark&DocumentCount=100000,1,Workload,Jitting,5,590506,1,590506,57,1,0,118913
PrefixQueryBenchmarks.LuceneNet_PrefixQuery,Rowles.LeanCorpus.Benchmarks,PrefixQueryBenchmarks,LuceneNet_PrefixQuery,DefaultJob,Default,Default,Default,Default,Default,Default,Default,Default,Default,Default,Default,Default,Default,Default,Default,Default,Default,Default,Default,Default,Default,Default,Default,Default,Default,Default,Default,Default,Default,Default,Default,Default,Default,Default,Default,Default,Default,Default,Default,Default,Default,DefaultJob,QueryPrefix=mark&DocumentCount=100000,1,Workload,Pilot,1,553181,1,553181,57,1,0,118913
PrefixQueryBenchmarks.LuceneNet_PrefixQuery,Rowles.LeanCorpus.Benchmarks,PrefixQueryBenchmarks,LuceneNet_PrefixQuery,DefaultJob,Default,Default,Default,Default,Default,Default,Default,Default,Default,Default,Default,Default,Default,Default,Default,Default,Default,Default,Default,Default,Default,Default,Default,Default,Default,Default,Default,Default,Default,Default,Default,Default,Default,Default,Default,Default,Default,Default,Default,Default,Default,DefaultJob,QueryPrefix=mark&DocumentCount=100000,1,Workload,Pilot,1,12870441,16,804402.56,57,1,0,118913
PrefixQueryBenchmarks.LuceneNet_PrefixQuery,Rowles.LeanCorpus.Benchmarks,PrefixQueryBenchmarks,LuceneNet_PrefixQuery,DefaultJob,Default,Default,Default,Default,Default,Default,Default,Default,Default,Default,Default,Default,Default,Default,Default,Default,Default,Default,Default,Default,Default,Default,Default,Default,Default,Default,Default,Default,Default,Default,Default,Default,Default,Default,Default,Default,Default,Default,Default,Default,Default,DefaultJob,QueryPrefix=mark&DocumentCount=100000,1,Workload,Pilot,2,24868142,32,777129.44,57,1,0,118913
PrefixQueryBenchmarks.LuceneNet_PrefixQuery,Rowles.LeanCorpus.Benchmarks,PrefixQueryBenchmarks,LuceneNet_PrefixQuery,DefaultJob,Default,Default,Default,Default,Default,Default,Default,Default,Default,Default,Default,Default,Default,Default,Default,Default,Default,Default,Default,Default,Default,Default,Default,Default,Default,Default,Default,Default,Default,Default,Default,Default,Default,Default,Default,Default,Default,Default,Default,Default,Default,DefaultJob,QueryPrefix=mark&DocumentCount=100000,1,Workload,Pilot,3,33473342,64,523020.97,57,1,0,118913
PrefixQueryBenchmarks.LuceneNet_PrefixQuery,Rowles.LeanCorpus.Benchmarks,PrefixQueryBenchmarks,LuceneNet_PrefixQuery,DefaultJob,Default,Default,Default,Default,Default,Default,Default,Default,Default,Default,Default,Default,Default,Default,Default,Default,Default,Default,Default,Default,Default,Default,Default,Default,Default,Default,Default,Default,Default,Default,Default,Default,Default,Default,Default,Default,Default,Default,Default,Default,Default,DefaultJob,QueryPrefix=mark&DocumentCount=100000,1,Workload,Pilot,4,52088904,128,406944.56,57,1,0,118913
PrefixQueryBenchmarks.LuceneNet_PrefixQuery,Rowles.LeanCorpus.Benchmarks,PrefixQueryBenchmarks,LuceneNet_PrefixQuery,DefaultJob,Default,Default,Default,Default,Default,Default,Default,Default,Default,Default,Default,Default,Default,Default,Default,Default,Default,Default,Default,Default,Default,Default,Default,Default,Default,Default,Default,Default,Default,Default,Default,Default,Default,Default,Default,Default,Default,Default,Default,Default,Default,DefaultJob,QueryPrefix=mark&DocumentCount=100000,1,Workload,Pilot,5,95716968,256,373894.41,57,1,0,118913
PrefixQueryBenchmarks.LuceneNet_PrefixQuery,Rowles.LeanCorpus.Benchmarks,PrefixQueryBenchmarks,LuceneNet_PrefixQuery,DefaultJob,Default,Default,Default,Default,Default,Default,Default,Default,Default,Default,Default,Default,Default,Default,Default,Default,Default,Default,Default,Default,Default,Default,Default,Default,Default,Default,Default,Default,Default,Default,Default,Default,Default,Default,Default,Default,Default,Default,Default,Default,Default,DefaultJob,QueryPrefix=mark&DocumentCount=100000,1,Workload,Pilot,6,187932143,512,367054.97,57,1,0,118913
PrefixQueryBenchmarks.LuceneNet_PrefixQuery,Rowles.LeanCorpus.Benchmarks,PrefixQueryBenchmarks,LuceneNet_PrefixQuery,DefaultJob,Default,Default,Default,Default,Default,Default,Default,Default,Default,Default,Default,Default,Default,Default,Default,Default,Default,Default,Default,Default,Default,Default,Default,Default,Default,Default,Default,Default,Default,Default,Default,Default,Default,Default,Default,Default,Default,Default,Default,Default,Default,DefaultJob,QueryPrefix=mark&DocumentCount=100000,1,Workload,Pilot,7,377734885,1024,368881.72,57,1,0,118913
PrefixQueryBenchmarks.LuceneNet_PrefixQuery,Rowles.LeanCorpus.Benchmarks,PrefixQueryBenchmarks,LuceneNet_PrefixQuery,DefaultJob,Default,Default,Default,Default,Default,Default,Default,Default,Default,Default,Default,Default,Default,Default,Default,Default,Default,Default,Default,Default,Default,Default,Default,Default,Default,Default,Default,Default,Default,Default,Default,Default,Default,Default,Default,Default,Default,Default,Default,Default,Default,DefaultJob,QueryPrefix=mark&DocumentCount=100000,1,Workload,Pilot,8,766931304,2048,374478.18,57,1,0,118913
PrefixQueryBenchmarks.LuceneNet_PrefixQuery,Rowles.LeanCorpus.Benchmarks,PrefixQueryBenchmarks,LuceneNet_PrefixQuery,DefaultJob,Default,Default,Default,Default,Default,Default,Default,Default,Default,Default,Default,Default,Default,Default,Default,Default,Default,Default,Default,Default,Default,Default,Default,Default,Default,Default,Default,Default,Default,Default,Default,Default,Default,Default,Default,Default,Default,Default,Default,Default,Default,DefaultJob,QueryPrefix=mark&DocumentCount=100000,1,Workload,Warmup,1,764951125,2048,373511.29,57,1,0,118913
PrefixQueryBenchmarks.LuceneNet_PrefixQuery,Rowles.LeanCorpus.Benchmarks,PrefixQueryBenchmarks,LuceneNet_PrefixQuery,DefaultJob,Default,Default,Default,Default,Default,Default,Default,Default,Default,Default,Default,Default,Default,Default,Default,Default,Default,Default,Default,Default,Default,Default,Default,Default,Default,Default,Default,Default,Default,Default,Default,Default,Default,Default,Default,Default,Default,Default,Default,Default,Default,DefaultJob,QueryPrefix=mark&DocumentCount=100000,1,Workload,Warmup,2,772582838,2048,377237.71,57,1,0,118913
PrefixQueryBenchmarks.LuceneNet_PrefixQuery,Rowles.LeanCorpus.Benchmarks,PrefixQueryBenchmarks,LuceneNet_PrefixQuery,DefaultJob,Default,Default,Default,Default,Default,Default,Default,Default,Default,Default,Default,Default,Default,Default,Default,Default,Default,Default,Default,Default,Default,Default,Default,Default,Default,Default,Default,Default,Default,Default,Default,Default,Default,Default,Default,Default,Default,Default,Default,Default,Default,DefaultJob,QueryPrefix=mark&DocumentCount=100000,1,Workload,Warmup,3,776722313,2048,379258.94,57,1,0,118913
PrefixQueryBenchmarks.LuceneNet_PrefixQuery,Rowles.LeanCorpus.Benchmarks,PrefixQueryBenchmarks,LuceneNet_PrefixQuery,DefaultJob,Default,Default,Default,Default,Default,Default,Default,Default,Default,Default,Default,Default,Default,Default,Default,Default,Default,Default,Default,Default,Default,Default,Default,Default,Default,Default,Default,Default,Default,Default,Default,Default,Default,Default,Default,Default,Default,Default,Default,Default,Default,DefaultJob,QueryPrefix=mark&DocumentCount=100000,1,Workload,Warmup,4,775545548,2048,378684.35,57,1,0,118913
PrefixQueryBenchmarks.LuceneNet_PrefixQuery,Rowles.LeanCorpus.Benchmarks,PrefixQueryBenchmarks,LuceneNet_PrefixQuery,DefaultJob,Default,Default,Default,Default,Default,Default,Default,Default,Default,Default,Default,Default,Default,Default,Default,Default,Default,Default,Default,Default,Default,Default,Default,Default,Default,Default,Default,Default,Default,Default,Default,Default,Default,Default,Default,Default,Default,Default,Default,Default,Default,DefaultJob,QueryPrefix=mark&DocumentCount=100000,1,Workload,Warmup,5,776172911,2048,378990.68,57,1,0,118913
PrefixQueryBenchmarks.LuceneNet_PrefixQuery,Rowles.LeanCorpus.Benchmarks,PrefixQueryBenchmarks,LuceneNet_PrefixQuery,DefaultJob,Default,Default,Default,Default,Default,Default,Default,Default,Default,Default,Default,Default,Default,Default,Default,Default,Default,Default,Default,Default,Default,Default,Default,Default,Default,Default,Default,Default,Default,Default,Default,Default,Default,Default,Default,Default,Default,Default,Default,Default,Default,DefaultJob,QueryPrefix=mark&DocumentCount=100000,1,Workload,Warmup,6,776181937,2048,378995.09,57,1,0,118913
PrefixQueryBenchmarks.LuceneNet_PrefixQuery,Rowles.LeanCorpus.Benchmarks,PrefixQueryBenchmarks,LuceneNet_PrefixQuery,DefaultJob,Default,Default,Default,Default,Default,Default,Default,Default,Default,Default,Default,Default,Default,Default,Default,Default,Default,Default,Default,Default,Default,Default,Default,Default,Default,Default,Default,Default,Default,Default,Default,Default,Default,Default,Default,Default,Default,Default,Default,Default,Default,DefaultJob,QueryPrefix=mark&DocumentCount=100000,1,Workload,Warmup,7,774956340,2048,378396.65,57,1,0,118913
PrefixQueryBenchmarks.LuceneNet_PrefixQuery,Rowles.LeanCorpus.Benchmarks,PrefixQueryBenchmarks,LuceneNet_PrefixQuery,DefaultJob,Default,Default,Default,Default,Default,Default,Default,Default,Default,Default,Default,Default,Default,Default,Default,Default,Default,Default,Default,Default,Default,Default,Default,Default,Default,Default,Default,Default,Default,Default,Default,Default,Default,Default,Default,Default,Default,Default,Default,Default,Default,DefaultJob,QueryPrefix=mark&DocumentCount=100000,1,Workload,Actual,1,776778365,2048,379286.31,57,1,0,118913
PrefixQueryBenchmarks.LuceneNet_PrefixQuery,Rowles.LeanCorpus.Benchmarks,PrefixQueryBenchmarks,LuceneNet_PrefixQuery,DefaultJob,Default,Default,Default,Default,Default,Default,Default,Default,Default,Default,Default,Default,Default,Default,Default,Default,Default,Default,Default,Default,Default,Default,Default,Default,Default,Default,Default,Default,Default,Default,Default,Default,Default,Default,Default,Default,Default,Default,Default,Default,Default,DefaultJob,QueryPrefix=mark&DocumentCount=100000,1,Workload,Actual,2,775863052,2048,378839.38,57,1,0,118913
PrefixQueryBenchmarks.LuceneNet_PrefixQuery,Rowles.LeanCorpus.Benchmarks,PrefixQueryBenchmarks,LuceneNet_PrefixQuery,DefaultJob,Default,Default,Default,Default,Default,Default,Default,Default,Default,Default,Default,Default,Default,Default,Default,Default,Default,Default,Default,Default,Default,Default,Default,Default,Default,Default,Default,Default,Default,Default,Default,Default,Default,Default,Default,Default,Default,Default,Default,Default,Default,DefaultJob,QueryPrefix=mark&DocumentCount=100000,1,Workload,Actual,3,775869344,2048,378842.45,57,1,0,118913
PrefixQueryBenchmarks.LuceneNet_PrefixQuery,Rowles.LeanCorpus.Benchmarks,PrefixQueryBenchmarks,LuceneNet_PrefixQuery,DefaultJob,Default,Default,Default,Default,Default,Default,Default,Default,Default,Default,Default,Default,Default,Default,Default,Default,Default,Default,Default,Default,Default,Default,Default,Default,Default,Default,Default,Default,Default,Default,Default,Default,Default,Default,Default,Default,Default,Default,Default,Default,Default,DefaultJob,QueryPrefix=mark&DocumentCount=100000,1,Workload,Actual,4,774948749,2048,378392.94,57,1,0,118913
PrefixQueryBenchmarks.LuceneNet_PrefixQuery,Rowles.LeanCorpus.Benchmarks,PrefixQueryBenchmarks,LuceneNet_PrefixQuery,DefaultJob,Default,Default,Default,Default,Default,Default,Default,Default,Default,Default,Default,Default,Default,Default,Default,Default,Default,Default,Default,Default,Default,Default,Default,Default,Default,Default,Default,Default,Default,Default,Default,Default,Default,Default,Default,Default,Default,Default,Default,Default,Default,DefaultJob,QueryPrefix=mark&DocumentCount=100000,1,Workload,Actual,5,766795283,2048,374411.76,57,1,0,118913
PrefixQueryBenchmarks.LuceneNet_PrefixQuery,Rowles.LeanCorpus.Benchmarks,PrefixQueryBenchmarks,LuceneNet_PrefixQuery,DefaultJob,Default,Default,Default,Default,Default,Default,Default,Default,Default,Default,Default,Default,Default,Default,Default,Default,Default,Default,Default,Default,Default,Default,Default,Default,Default,Default,Default,Default,Default,Default,Default,Default,Default,Default,Default,Default,Default,Default,Default,Default,Default,DefaultJob,QueryPrefix=mark&DocumentCount=100000,1,Workload,Actual,6,776046764,2048,378929.08,57,1,0,118913
PrefixQueryBenchmarks.LuceneNet_PrefixQuery,Rowles.LeanCorpus.Benchmarks,PrefixQueryBenchmarks,LuceneNet_PrefixQuery,DefaultJob,Default,Default,Default,Default,Default,Default,Default,Default,Default,Default,Default,Default,Default,Default,Default,Default,Default,Default,Default,Default,Default,Default,Default,Default,Default,Default,Default,Default,Default,Default,Default,Default,Default,Default,Default,Default,Default,Default,Default,Default,Default,DefaultJob,QueryPrefix=mark&DocumentCount=100000,1,Workload,Actual,7,776431234,2048,379116.81,57,1,0,118913
PrefixQueryBenchmarks.LuceneNet_PrefixQuery,Rowles.LeanCorpus.Benchmarks,PrefixQueryBenchmarks,LuceneNet_PrefixQuery,DefaultJob,Default,Default,Default,Default,Default,Default,Default,Default,Default,Default,Default,Default,Default,Default,Default,Default,Default,Default,Default,Default,Default,Default,Default,Default,Default,Default,Default,Default,Default,Default,Default,Default,Default,Default,Default,Default,Default,Default,Default,Default,Default,DefaultJob,QueryPrefix=mark&DocumentCount=100000,1,Workload,Actual,8,776465356,2048,379133.47,57,1,0,118913
PrefixQueryBenchmarks.LuceneNet_PrefixQuery,Rowles.LeanCorpus.Benchmarks,PrefixQueryBenchmarks,LuceneNet_PrefixQuery,DefaultJob,Default,Default,Default,Default,Default,Default,Default,Default,Default,Default,Default,Default,Default,Default,Default,Default,Default,Default,Default,Default,Default,Default,Default,Default,Default,Default,Default,Default,Default,Default,Default,Default,Default,Default,Default,Default,Default,Default,Default,Default,Default,DefaultJob,QueryPrefix=mark&DocumentCount=100000,1,Workload,Actual,9,776903311,2048,379347.32,57,1,0,118913
PrefixQueryBenchmarks.LuceneNet_PrefixQuery,Rowles.LeanCorpus.Benchmarks,PrefixQueryBenchmarks,LuceneNet_PrefixQuery,DefaultJob,Default,Default,Default,Default,Default,Default,Default,Default,Default,Default,Default,Default,Default,Default,Default,Default,Default,Default,Default,Default,Default,Default,Default,Default,Default,Default,Default,Default,Default,Default,Default,Default,Default,Default,Default,Default,Default,Default,Default,Default,Default,DefaultJob,QueryPrefix=mark&DocumentCount=100000,1,Workload,Actual,10,775995489,2048,378904.05,57,1,0,118913
PrefixQueryBenchmarks.LuceneNet_PrefixQuery,Rowles.LeanCorpus.Benchmarks,PrefixQueryBenchmarks,LuceneNet_PrefixQuery,DefaultJob,Default,Default,Default,Default,Default,Default,Default,Default,Default,Default,Default,Default,Default,Default,Default,Default,Default,Default,Default,Default,Default,Default,Default,Default,Default,Default,Default,Default,Default,Default,Default,Default,Default,Default,Default,Default,Default,Default,Default,Default,Default,DefaultJob,QueryPrefix=mark&DocumentCount=100000,1,Workload,Actual,11,777773895,2048,379772.41,57,1,0,118913
PrefixQueryBenchmarks.LuceneNet_PrefixQuery,Rowles.LeanCorpus.Benchmarks,PrefixQueryBenchmarks,LuceneNet_PrefixQuery,DefaultJob,Default,Default,Default,Default,Default,Default,Default,Default,Default,Default,Default,Default,Default,Default,Default,Default,Default,Default,Default,Default,Default,Default,Default,Default,Default,Default,Default,Default,Default,Default,Default,Default,Default,Default,Default,Default,Default,Default,Default,Default,Default,DefaultJob,QueryPrefix=mark&DocumentCount=100000,1,Workload,Actual,12,777110018,2048,379448.25,57,1,0,118913
PrefixQueryBenchmarks.LuceneNet_PrefixQuery,Rowles.LeanCorpus.Benchmarks,PrefixQueryBenchmarks,LuceneNet_PrefixQuery,DefaultJob,Default,Default,Default,Default,Default,Default,Default,Default,Default,Default,Default,Default,Default,Default,Default,Default,Default,Default,Default,Default,Default,Default,Default,Default,Default,Default,Default,Default,Default,Default,Default,Default,Default,Default,Default,Default,Default,Default,Default,Default,Default,DefaultJob,QueryPrefix=mark&DocumentCount=100000,1,Workload,Actual,13,775612703,2048,378717.14,57,1,0,118913
PrefixQueryBenchmarks.LuceneNet_PrefixQuery,Rowles.LeanCorpus.Benchmarks,PrefixQueryBenchmarks,LuceneNet_PrefixQuery,DefaultJob,Default,Default,Default,Default,Default,Default,Default,Default,Default,Default,Default,Default,Default,Default,Default,Default,Default,Default,Default,Default,Default,Default,Default,Default,Default,Default,Default,Default,Default,Default,Default,Default,Default,Default,Default,Default,Default,Default,Default,Default,Default,DefaultJob,QueryPrefix=mark&DocumentCount=100000,1,Workload,Actual,14,777346510,2048,379563.73,57,1,0,118913
PrefixQueryBenchmarks.LuceneNet_PrefixQuery,Rowles.LeanCorpus.Benchmarks,PrefixQueryBenchmarks,LuceneNet_PrefixQuery,DefaultJob,Default,Default,Default,Default,Default,Default,Default,Default,Default,Default,Default,Default,Default,Default,Default,Default,Default,Default,Default,Default,Default,Default,Default,Default,Default,Default,Default,Default,Default,Default,Default,Default,Default,Default,Default,Default,Default,Default,Default,Default,Default,DefaultJob,QueryPrefix=mark&DocumentCount=100000,1,Workload,Actual,15,775636197,2048,378728.61,57,1,0,118913
PrefixQueryBenchmarks.LuceneNet_PrefixQuery,Rowles.LeanCorpus.Benchmarks,PrefixQueryBenchmarks,LuceneNet_PrefixQuery,DefaultJob,Default,Default,Default,Default,Default,Default,Default,Default,Default,Default,Default,Default,Default,Default,Default,Default,Default,Default,Default,Default,Default,Default,Default,Default,Default,Default,Default,Default,Default,Default,Default,Default,Default,Default,Default,Default,Default,Default,Default,Default,Default,DefaultJob,QueryPrefix=mark&DocumentCount=100000,1,Workload,Extra,1,766467383,2048,374251.65,57,1,0,118913
PrefixQueryBenchmarks.LuceneNet_PrefixQuery,Rowles.LeanCorpus.Benchmarks,PrefixQueryBenchmarks,LuceneNet_PrefixQuery,DefaultJob,Default,Default,Default,Default,Default,Default,Default,Default,Default,Default,Default,Default,Default,Default,Default,Default,Default,Default,Default,Default,Default,Default,Default,Default,Default,Default,Default,Default,Default,Default,Default,Default,Default,Default,Default,Default,Default,Default,Default,Default,Default,DefaultJob,QueryPrefix=mark&DocumentCount=100000,1,Workload,Result,1,776778365,2048,379286.31,57,1,0,118913
PrefixQueryBenchmarks.LuceneNet_PrefixQuery,Rowles.LeanCorpus.Benchmarks,PrefixQueryBenchmarks,LuceneNet_PrefixQuery,DefaultJob,Default,Default,Default,Default,Default,Default,Default,Default,Default,Default,Default,Default,Default,Default,Default,Default,Default,Default,Default,Default,Default,Default,Default,Default,Default,Default,Default,Default,Default,Default,Default,Default,Default,Default,Default,Default,Default,Default,Default,Default,Default,DefaultJob,QueryPrefix=mark&DocumentCount=100000,1,Workload,Result,2,775863052,2048,378839.38,57,1,0,118913
PrefixQueryBenchmarks.LuceneNet_PrefixQuery,Rowles.LeanCorpus.Benchmarks,PrefixQueryBenchmarks,LuceneNet_PrefixQuery,DefaultJob,Default,Default,Default,Default,Default,Default,Default,Default,Default,Default,Default,Default,Default,Default,Default,Default,Default,Default,Default,Default,Default,Default,Default,Default,Default,Default,Default,Default,Default,Default,Default,Default,Default,Default,Default,Default,Default,Default,Default,Default,Default,DefaultJob,QueryPrefix=mark&DocumentCount=100000,1,Workload,Result,3,775869344,2048,378842.45,57,1,0,118913
PrefixQueryBenchmarks.LuceneNet_PrefixQuery,Rowles.LeanCorpus.Benchmarks,PrefixQueryBenchmarks,LuceneNet_PrefixQuery,DefaultJob,Default,Default,Default,Default,Default,Default,Default,Default,Default,Default,Default,Default,Default,Default,Default,Default,Default,Default,Default,Default,Default,Default,Default,Default,Default,Default,Default,Default,Default,Default,Default,Default,Default,Default,Default,Default,Default,Default,Default,Default,Default,DefaultJob,QueryPrefix=mark&DocumentCount=100000,1,Workload,Result,4,774948749,2048,378392.94,57,1,0,118913
PrefixQueryBenchmarks.LuceneNet_PrefixQuery,Rowles.LeanCorpus.Benchmarks,PrefixQueryBenchmarks,LuceneNet_PrefixQuery,DefaultJob,Default,Default,Default,Default,Default,Default,Default,Default,Default,Default,Default,Default,Default,Default,Default,Default,Default,Default,Default,Default,Default,Default,Default,Default,Default,Default,Default,Default,Default,Default,Default,Default,Default,Default,Default,Default,Default,Default,Default,Default,Default,DefaultJob,QueryPrefix=mark&DocumentCount=100000,1,Workload,Result,5,766795283,2048,374411.76,57,1,0,118913
PrefixQueryBenchmarks.LuceneNet_PrefixQuery,Rowles.LeanCorpus.Benchmarks,PrefixQueryBenchmarks,LuceneNet_PrefixQuery,DefaultJob,Default,Default,Default,Default,Default,Default,Default,Default,Default,Default,Default,Default,Default,Default,Default,Default,Default,Default,Default,Default,Default,Default,Default,Default,Default,Default,Default,Default,Default,Default,Default,Default,Default,Default,Default,Default,Default,Default,Default,Default,Default,DefaultJob,QueryPrefix=mark&DocumentCount=100000,1,Workload,Result,6,776046764,2048,378929.08,57,1,0,118913
PrefixQueryBenchmarks.LuceneNet_PrefixQuery,Rowles.LeanCorpus.Benchmarks,PrefixQueryBenchmarks,LuceneNet_PrefixQuery,DefaultJob,Default,Default,Default,Default,Default,Default,Default,Default,Default,Default,Default,Default,Default,Default,Default,Default,Default,Default,Default,Default,Default,Default,Default,Default,Default,Default,Default,Default,Default,Default,Default,Default,Default,Default,Default,Default,Default,Default,Default,Default,Default,DefaultJob,QueryPrefix=mark&DocumentCount=100000,1,Workload,Result,7,776431234,2048,379116.81,57,1,0,118913
PrefixQueryBenchmarks.LuceneNet_PrefixQuery,Rowles.LeanCorpus.Benchmarks,PrefixQueryBenchmarks,LuceneNet_PrefixQuery,DefaultJob,Default,Default,Default,Default,Default,Default,Default,Default,Default,Default,Default,Default,Default,Default,Default,Default,Default,Default,Default,Default,Default,Default,Default,Default,Default,Default,Default,Default,Default,Default,Default,Default,Default,Default,Default,Default,Default,Default,Default,Default,Default,DefaultJob,QueryPrefix=mark&DocumentCount=100000,1,Workload,Result,8,776465356,2048,379133.47,57,1,0,118913
PrefixQueryBenchmarks.LuceneNet_PrefixQuery,Rowles.LeanCorpus.Benchmarks,PrefixQueryBenchmarks,LuceneNet_PrefixQuery,DefaultJob,Default,Default,Default,Default,Default,Default,Default,Default,Default,Default,Default,Default,Default,Default,Default,Default,Default,Default,Default,Default,Default,Default,Default,Default,Default,Default,Default,Default,Default,Default,Default,Default,Default,Default,Default,Default,Default,Default,Default,Default,Default,DefaultJob,QueryPrefix=mark&DocumentCount=100000,1,Workload,Result,9,776903311,2048,379347.32,57,1,0,118913
PrefixQueryBenchmarks.LuceneNet_PrefixQuery,Rowles.LeanCorpus.Benchmarks,PrefixQueryBenchmarks,LuceneNet_PrefixQuery,DefaultJob,Default,Default,Default,Default,Default,Default,Default,Default,Default,Default,Default,Default,Default,Default,Default,Default,Default,Default,Default,Default,Default,Default,Default,Default,Default,Default,Default,Default,Default,Default,Default,Default,Default,Default,Default,Default,Default,Default,Default,Default,Default,DefaultJob,QueryPrefix=mark&DocumentCount=100000,1,Workload,Result,10,775995489,2048,378904.05,57,1,0,118913
PrefixQueryBenchmarks.LuceneNet_PrefixQuery,Rowles.LeanCorpus.Benchmarks,PrefixQueryBenchmarks,LuceneNet_PrefixQuery,DefaultJob,Default,Default,Default,Default,Default,Default,Default,Default,Default,Default,Default,Default,Default,Default,Default,Default,Default,Default,Default,Default,Default,Default,Default,Default,Default,Default,Default,Default,Default,Default,Default,Default,Default,Default,Default,Default,Default,Default,Default,Default,Default,DefaultJob,QueryPrefix=mark&DocumentCount=100000,1,Workload,Result,11,777773895,2048,379772.41,57,1,0,118913
PrefixQueryBenchmarks.LuceneNet_PrefixQuery,Rowles.LeanCorpus.Benchmarks,PrefixQueryBenchmarks,LuceneNet_PrefixQuery,DefaultJob,Default,Default,Default,Default,Default,Default,Default,Default,Default,Default,Default,Default,Default,Default,Default,Default,Default,Default,Default,Default,Default,Default,Default,Default,Default,Default,Default,Default,Default,Default,Default,Default,Default,Default,Default,Default,Default,Default,Default,Default,Default,DefaultJob,QueryPrefix=mark&DocumentCount=100000,1,Workload,Result,12,777110018,2048,379448.25,57,1,0,118913
PrefixQueryBenchmarks.LuceneNet_PrefixQuery,Rowles.LeanCorpus.Benchmarks,PrefixQueryBenchmarks,LuceneNet_PrefixQuery,DefaultJob,Default,Default,Default,Default,Default,Default,Default,Default,Default,Default,Default,Default,Default,Default,Default,Default,Default,Default,Default,Default,Default,Default,Default,Default,Default,Default,Default,Default,Default,Default,Default,Default,Default,Default,Default,Default,Default,Default,Default,Default,Default,DefaultJob,QueryPrefix=mark&DocumentCount=100000,1,Workload,Result,13,775612703,2048,378717.14,57,1,0,118913
PrefixQueryBenchmarks.LuceneNet_PrefixQuery,Rowles.LeanCorpus.Benchmarks,PrefixQueryBenchmarks,LuceneNet_PrefixQuery,DefaultJob,Default,Default,Default,Default,Default,Default,Default,Default,Default,Default,Default,Default,Default,Default,Default,Default,Default,Default,Default,Default,Default,Default,Default,Default,Default,Default,Default,Default,Default,Default,Default,Default,Default,Default,Default,Default,Default,Default,Default,Default,Default,DefaultJob,QueryPrefix=mark&DocumentCount=100000,1,Workload,Result,14,777346510,2048,379563.73,57,1,0,118913
PrefixQueryBenchmarks.LuceneNet_PrefixQuery,Rowles.LeanCorpus.Benchmarks,PrefixQueryBenchmarks,LuceneNet_PrefixQuery,DefaultJob,Default,Default,Default,Default,Default,Default,Default,Default,Default,Default,Default,Default,Default,Default,Default,Default,Default,Default,Default,Default,Default,Default,Default,Default,Default,Default,Default,Default,Default,Default,Default,Default,Default,Default,Default,Default,Default,Default,Default,Default,Default,DefaultJob,QueryPrefix=mark&DocumentCount=100000,1,Workload,Result,15,775636197,2048,378728.61,57,1,0,118913
PrefixQueryBenchmarks.LeanCorpus_PrefixQuery,Rowles.LeanCorpus.Benchmarks,PrefixQueryBenchmarks,LeanCorpus_PrefixQuery,DefaultJob,Default,Default,Default,Default,Default,Default,Default,Default,Default,Default,Default,Default,Default,Default,Default,Default,Default,Default,Default,Default,Default,Default,Default,Default,Default,Default,Default,Default,Default,Default,Default,Default,Default,Default,Default,Default,Default,Default,Default,Default,Default,DefaultJob,QueryPrefix=pres&DocumentCount=100000,1,Workload,Jitting,1,72225467,1,72225467,9,0,0,37984
PrefixQueryBenchmarks.LeanCorpus_PrefixQuery,Rowles.LeanCorpus.Benchmarks,PrefixQueryBenchmarks,LeanCorpus_PrefixQuery,DefaultJob,Default,Default,Default,Default,Default,Default,Default,Default,Default,Default,Default,Default,Default,Default,Default,Default,Default,Default,Default,Default,Default,Default,Default,Default,Default,Default,Default,Default,Default,Default,Default,Default,Default,Default,Default,Default,Default,Default,Default,Default,Default,DefaultJob,QueryPrefix=pres&DocumentCount=100000,1,Workload,Jitting,2,111091657,30,3703055.23,9,0,0,37984
PrefixQueryBenchmarks.LeanCorpus_PrefixQuery,Rowles.LeanCorpus.Benchmarks,PrefixQueryBenchmarks,LeanCorpus_PrefixQuery,DefaultJob,Default,Default,Default,Default,Default,Default,Default,Default,Default,Default,Default,Default,Default,Default,Default,Default,Default,Default,Default,Default,Default,Default,Default,Default,Default,Default,Default,Default,Default,Default,Default,Default,Default,Default,Default,Default,Default,Default,Default,Default,Default,DefaultJob,QueryPrefix=pres&DocumentCount=100000,1,Workload,Jitting,3,28639194,30,954639.8,9,0,0,37984
PrefixQueryBenchmarks.LeanCorpus_PrefixQuery,Rowles.LeanCorpus.Benchmarks,PrefixQueryBenchmarks,LeanCorpus_PrefixQuery,DefaultJob,Default,Default,Default,Default,Default,Default,Default,Default,Default,Default,Default,Default,Default,Default,Default,Default,Default,Default,Default,Default,Default,Default,Default,Default,Default,Default,Default,Default,Default,Default,Default,Default,Default,Default,Default,Default,Default,Default,Default,Default,Default,DefaultJob,QueryPrefix=pres&DocumentCount=100000,1,Workload,Jitting,4,33140030,30,1104667.67,9,0,0,37984
PrefixQueryBenchmarks.LeanCorpus_PrefixQuery,Rowles.LeanCorpus.Benchmarks,PrefixQueryBenchmarks,LeanCorpus_PrefixQuery,DefaultJob,Default,Default,Default,Default,Default,Default,Default,Default,Default,Default,Default,Default,Default,Default,Default,Default,Default,Default,Default,Default,Default,Default,Default,Default,Default,Default,Default,Default,Default,Default,Default,Default,Default,Default,Default,Default,Default,Default,Default,Default,Default,DefaultJob,QueryPrefix=pres&DocumentCount=100000,1,Workload,Jitting,5,1402817,1,1402817,9,0,0,37984
PrefixQueryBenchmarks.LeanCorpus_PrefixQuery,Rowles.LeanCorpus.Benchmarks,PrefixQueryBenchmarks,LeanCorpus_PrefixQuery,DefaultJob,Default,Default,Default,Default,Default,Default,Default,Default,Default,Default,Default,Default,Default,Default,Default,Default,Default,Default,Default,Default,Default,Default,Default,Default,Default,Default,Default,Default,Default,Default,Default,Default,Default,Default,Default,Default,Default,Default,Default,Default,Default,DefaultJob,QueryPrefix=pres&DocumentCount=100000,1,Workload,Pilot,1,1387654,1,1387654,9,0,0,37984
PrefixQueryBenchmarks.LeanCorpus_PrefixQuery,Rowles.LeanCorpus.Benchmarks,PrefixQueryBenchmarks,LeanCorpus_PrefixQuery,DefaultJob,Default,Default,Default,Default,Default,Default,Default,Default,Default,Default,Default,Default,Default,Default,Default,Default,Default,Default,Default,Default,Default,Default,Default,Default,Default,Default,Default,Default,Default,Default,Default,Default,Default,Default,Default,Default,Default,Default,Default,Default,Default,DefaultJob,QueryPrefix=pres&DocumentCount=100000,1,Workload,Pilot,1,20888654,16,1305540.88,9,0,0,37984
PrefixQueryBenchmarks.LeanCorpus_PrefixQuery,Rowles.LeanCorpus.Benchmarks,PrefixQueryBenchmarks,LeanCorpus_PrefixQuery,DefaultJob,Default,Default,Default,Default,Default,Default,Default,Default,Default,Default,Default,Default,Default,Default,Default,Default,Default,Default,Default,Default,Default,Default,Default,Default,Default,Default,Default,Default,Default,Default,Default,Default,Default,Default,Default,Default,Default,Default,Default,Default,Default,DefaultJob,QueryPrefix=pres&DocumentCount=100000,1,Workload,Pilot,2,36007735,32,1125241.72,9,0,0,37984
PrefixQueryBenchmarks.LeanCorpus_PrefixQuery,Rowles.LeanCorpus.Benchmarks,PrefixQueryBenchmarks,LeanCorpus_PrefixQuery,DefaultJob,Default,Default,Default,Default,Default,Default,Default,Default,Default,Default,Default,Default,Default,Default,Default,Default,Default,Default,Default,Default,Default,Default,Default,Default,Default,Default,Default,Default,Default,Default,Default,Default,Default,Default,Default,Default,Default,Default,Default,Default,Default,DefaultJob,QueryPrefix=pres&DocumentCount=100000,1,Workload,Pilot,3,49310581,64,770477.83,9,0,0,37984
PrefixQueryBenchmarks.LeanCorpus_PrefixQuery,Rowles.LeanCorpus.Benchmarks,PrefixQueryBenchmarks,LeanCorpus_PrefixQuery,DefaultJob,Default,Default,Default,Default,Default,Default,Default,Default,Default,Default,Default,Default,Default,Default,Default,Default,Default,Default,Default,Default,Default,Default,Default,Default,Default,Default,Default,Default,Default,Default,Default,Default,Default,Default,Default,Default,Default,Default,Default,Default,Default,DefaultJob,QueryPrefix=pres&DocumentCount=100000,1,Workload,Pilot,4,77163790,128,602842.11,9,0,0,37984
PrefixQueryBenchmarks.LeanCorpus_PrefixQuery,Rowles.LeanCorpus.Benchmarks,PrefixQueryBenchmarks,LeanCorpus_PrefixQuery,DefaultJob,Default,Default,Default,Default,Default,Default,Default,Default,Default,Default,Default,Default,Default,Default,Default,Default,Default,Default,Default,Default,Default,Default,Default,Default,Default,Default,Default,Default,Default,Default,Default,Default,Default,Default,Default,Default,Default,Default,Default,Default,Default,DefaultJob,QueryPrefix=pres&DocumentCount=100000,1,Workload,Pilot,5,148790689,256,581213.63,9,0,0,37984
PrefixQueryBenchmarks.LeanCorpus_PrefixQuery,Rowles.LeanCorpus.Benchmarks,PrefixQueryBenchmarks,LeanCorpus_PrefixQuery,DefaultJob,Default,Default,Default,Default,Default,Default,Default,Default,Default,Default,Default,Default,Default,Default,Default,Default,Default,Default,Default,Default,Default,Default,Default,Default,Default,Default,Default,Default,Default,Default,Default,Default,Default,Default,Default,Default,Default,Default,Default,Default,Default,DefaultJob,QueryPrefix=pres&DocumentCount=100000,1,Workload,Pilot,6,290714291,512,567801.35,9,0,0,37984
PrefixQueryBenchmarks.LeanCorpus_PrefixQuery,Rowles.LeanCorpus.Benchmarks,PrefixQueryBenchmarks,LeanCorpus_PrefixQuery,DefaultJob,Default,Default,Default,Default,Default,Default,Default,Default,Default,Default,Default,Default,Default,Default,Default,Default,Default,Default,Default,Default,Default,Default,Default,Default,Default,Default,Default,Default,Default,Default,Default,Default,Default,Default,Default,Default,Default,Default,Default,Default,Default,DefaultJob,QueryPrefix=pres&DocumentCount=100000,1,Workload,Pilot,7,582283686,1024,568636.41,9,0,0,37984
PrefixQueryBenchmarks.LeanCorpus_PrefixQuery,Rowles.LeanCorpus.Benchmarks,PrefixQueryBenchmarks,LeanCorpus_PrefixQuery,DefaultJob,Default,Default,Default,Default,Default,Default,Default,Default,Default,Default,Default,Default,Default,Default,Default,Default,Default,Default,Default,Default,Default,Default,Default,Default,Default,Default,Default,Default,Default,Default,Default,Default,Default,Default,Default,Default,Default,Default,Default,Default,Default,DefaultJob,QueryPrefix=pres&DocumentCount=100000,1,Workload,Warmup,1,580552454,1024,566945.76,9,0,0,37984
PrefixQueryBenchmarks.LeanCorpus_PrefixQuery,Rowles.LeanCorpus.Benchmarks,PrefixQueryBenchmarks,LeanCorpus_PrefixQuery,DefaultJob,Default,Default,Default,Default,Default,Default,Default,Default,Default,Default,Default,Default,Default,Default,Default,Default,Default,Default,Default,Default,Default,Default,Default,Default,Default,Default,Default,Default,Default,Default,Default,Default,Default,Default,Default,Default,Default,Default,Default,Default,Default,DefaultJob,QueryPrefix=pres&DocumentCount=100000,1,Workload,Warmup,2,581109358,1024,567489.61,9,0,0,37984
PrefixQueryBenchmarks.LeanCorpus_PrefixQuery,Rowles.LeanCorpus.Benchmarks,PrefixQueryBenchmarks,LeanCorpus_PrefixQuery,DefaultJob,Default,Default,Default,Default,Default,Default,Default,Default,Default,Default,Default,Default,Default,Default,Default,Default,Default,Default,Default,Default,Default,Default,Default,Default,Default,Default,Default,Default,Default,Default,Default,Default,Default,Default,Default,Default,Default,Default,Default,Default,Default,DefaultJob,QueryPrefix=pres&DocumentCount=100000,1,Workload,Warmup,3,587118621,1024,573358.03,9,0,0,37984
PrefixQueryBenchmarks.LeanCorpus_PrefixQuery,Rowles.LeanCorpus.Benchmarks,PrefixQueryBenchmarks,LeanCorpus_PrefixQuery,DefaultJob,Default,Default,Default,Default,Default,Default,Default,Default,Default,Default,Default,Default,Default,Default,Default,Default,Default,Default,Default,Default,Default,Default,Default,Default,Default,Default,Default,Default,Default,Default,Default,Default,Default,Default,Default,Default,Default,Default,Default,Default,Default,DefaultJob,QueryPrefix=pres&DocumentCount=100000,1,Workload,Warmup,4,589477307,1024,575661.43,9,0,0,37984
PrefixQueryBenchmarks.LeanCorpus_PrefixQuery,Rowles.LeanCorpus.Benchmarks,PrefixQueryBenchmarks,LeanCorpus_PrefixQuery,DefaultJob,Default,Default,Default,Default,Default,Default,Default,Default,Default,Default,Default,Default,Default,Default,Default,Default,Default,Default,Default,Default,Default,Default,Default,Default,Default,Default,Default,Default,Default,Default,Default,Default,Default,Default,Default,Default,Default,Default,Default,Default,Default,DefaultJob,QueryPrefix=pres&DocumentCount=100000,1,Workload,Warmup,5,588008474,1024,574227.03,9,0,0,37984
PrefixQueryBenchmarks.LeanCorpus_PrefixQuery,Rowles.LeanCorpus.Benchmarks,PrefixQueryBenchmarks,LeanCorpus_PrefixQuery,DefaultJob,Default,Default,Default,Default,Default,Default,Default,Default,Default,Default,Default,Default,Default,Default,Default,Default,Default,Default,Default,Default,Default,Default,Default,Default,Default,Default,Default,Default,Default,Default,Default,Default,Default,Default,Default,Default,Default,Default,Default,Default,Default,DefaultJob,QueryPrefix=pres&DocumentCount=100000,1,Workload,Warmup,6,589273204,1024,575462.11,9,0,0,37984
PrefixQueryBenchmarks.LeanCorpus_PrefixQuery,Rowles.LeanCorpus.Benchmarks,PrefixQueryBenchmarks,LeanCorpus_PrefixQuery,DefaultJob,Default,Default,Default,Default,Default,Default,Default,Default,Default,Default,Default,Default,Default,Default,Default,Default,Default,Default,Default,Default,Default,Default,Default,Default,Default,Default,Default,Default,Default,Default,Default,Default,Default,Default,Default,Default,Default,Default,Default,Default,Default,DefaultJob,QueryPrefix=pres&DocumentCount=100000,1,Workload,Warmup,7,589601190,1024,575782.41,9,0,0,37984
PrefixQueryBenchmarks.LeanCorpus_PrefixQuery,Rowles.LeanCorpus.Benchmarks,PrefixQueryBenchmarks,LeanCorpus_PrefixQuery,DefaultJob,Default,Default,Default,Default,Default,Default,Default,Default,Default,Default,Default,Default,Default,Default,Default,Default,Default,Default,Default,Default,Default,Default,Default,Default,Default,Default,Default,Default,Default,Default,Default,Default,Default,Default,Default,Default,Default,Default,Default,Default,Default,DefaultJob,QueryPrefix=pres&DocumentCount=100000,1,Workload,Warmup,8,586609540,1024,572860.88,9,0,0,37984
PrefixQueryBenchmarks.LeanCorpus_PrefixQuery,Rowles.LeanCorpus.Benchmarks,PrefixQueryBenchmarks,LeanCorpus_PrefixQuery,DefaultJob,Default,Default,Default,Default,Default,Default,Default,Default,Default,Default,Default,Default,Default,Default,Default,Default,Default,Default,Default,Default,Default,Default,Default,Default,Default,Default,Default,Default,Default,Default,Default,Default,Default,Default,Default,Default,Default,Default,Default,Default,Default,DefaultJob,QueryPrefix=pres&DocumentCount=100000,1,Workload,Actual,1,584523559,1024,570823.79,9,0,0,37984
PrefixQueryBenchmarks.LeanCorpus_PrefixQuery,Rowles.LeanCorpus.Benchmarks,PrefixQueryBenchmarks,LeanCorpus_PrefixQuery,DefaultJob,Default,Default,Default,Default,Default,Default,Default,Default,Default,Default,Default,Default,Default,Default,Default,Default,Default,Default,Default,Default,Default,Default,Default,Default,Default,Default,Default,Default,Default,Default,Default,Default,Default,Default,Default,Default,Default,Default,Default,Default,Default,DefaultJob,QueryPrefix=pres&DocumentCount=100000,1,Workload,Actual,2,586794660,1024,573041.66,9,0,0,37984
PrefixQueryBenchmarks.LeanCorpus_PrefixQuery,Rowles.LeanCorpus.Benchmarks,PrefixQueryBenchmarks,LeanCorpus_PrefixQuery,DefaultJob,Default,Default,Default,Default,Default,Default,Default,Default,Default,Default,Default,Default,Default,Default,Default,Default,Default,Default,Default,Default,Default,Default,Default,Default,Default,Default,Default,Default,Default,Default,Default,Default,Default,Default,Default,Default,Default,Default,Default,Default,Default,DefaultJob,QueryPrefix=pres&DocumentCount=100000,1,Workload,Actual,3,589457109,1024,575641.71,9,0,0,37984
PrefixQueryBenchmarks.LeanCorpus_PrefixQuery,Rowles.LeanCorpus.Benchmarks,PrefixQueryBenchmarks,LeanCorpus_PrefixQuery,DefaultJob,Default,Default,Default,Default,Default,Default,Default,Default,Default,Default,Default,Default,Default,Default,Default,Default,Default,Default,Default,Default,Default,Default,Default,Default,Default,Default,Default,Default,Default,Default,Default,Default,Default,Default,Default,Default,Default,Default,Default,Default,Default,DefaultJob,QueryPrefix=pres&DocumentCount=100000,1,Workload,Actual,4,583657576,1024,569978.1,9,0,0,37984
PrefixQueryBenchmarks.LeanCorpus_PrefixQuery,Rowles.LeanCorpus.Benchmarks,PrefixQueryBenchmarks,LeanCorpus_PrefixQuery,DefaultJob,Default,Default,Default,Default,Default,Default,Default,Default,Default,Default,Default,Default,Default,Default,Default,Default,Default,Default,Default,Default,Default,Default,Default,Default,Default,Default,Default,Default,Default,Default,Default,Default,Default,Default,Default,Default,Default,Default,Default,Default,Default,DefaultJob,QueryPrefix=pres&DocumentCount=100000,1,Workload,Actual,5,580153938,1024,566556.58,9,0,0,37984
PrefixQueryBenchmarks.LeanCorpus_PrefixQuery,Rowles.LeanCorpus.Benchmarks,PrefixQueryBenchmarks,LeanCorpus_PrefixQuery,DefaultJob,Default,Default,Default,Default,Default,Default,Default,Default,Default,Default,Default,Default,Default,Default,Default,Default,Default,Default,Default,Default,Default,Default,Default,Default,Default,Default,Default,Default,Default,Default,Default,Default,Default,Default,Default,Default,Default,Default,Default,Default,Default,DefaultJob,QueryPrefix=pres&DocumentCount=100000,1,Workload,Actual,6,588176920,1024,574391.52,9,0,0,37984
PrefixQueryBenchmarks.LeanCorpus_PrefixQuery,Rowles.LeanCorpus.Benchmarks,PrefixQueryBenchmarks,LeanCorpus_PrefixQuery,DefaultJob,Default,Default,Default,Default,Default,Default,Default,Default,Default,Default,Default,Default,Default,Default,Default,Default,Default,Default,Default,Default,Default,Default,Default,Default,Default,Default,Default,Default,Default,Default,Default,Default,Default,Default,Default,Default,Default,Default,Default,Default,Default,DefaultJob,QueryPrefix=pres&DocumentCount=100000,1,Workload,Actual,7,588935757,1024,575132.58,9,0,0,37984
PrefixQueryBenchmarks.LeanCorpus_PrefixQuery,Rowles.LeanCorpus.Benchmarks,PrefixQueryBenchmarks,LeanCorpus_PrefixQuery,DefaultJob,Default,Default,Default,Default,Default,Default,Default,Default,Default,Default,Default,Default,Default,Default,Default,Default,Default,Default,Default,Default,Default,Default,Default,Default,Default,Default,Default,Default,Default,Default,Default,Default,Default,Default,Default,Default,Default,Default,Default,Default,Default,DefaultJob,QueryPrefix=pres&DocumentCount=100000,1,Workload,Actual,8,589528993,1024,575711.91,9,0,0,37984
PrefixQueryBenchmarks.LeanCorpus_PrefixQuery,Rowles.LeanCorpus.Benchmarks,PrefixQueryBenchmarks,LeanCorpus_PrefixQuery,DefaultJob,Default,Default,Default,Default,Default,Default,Default,Default,Default,Default,Default,Default,Default,Default,Default,Default,Default,Default,Default,Default,Default,Default,Default,Default,Default,Default,Default,Default,Default,Default,Default,Default,Default,Default,Default,Default,Default,Default,Default,Default,Default,DefaultJob,QueryPrefix=pres&DocumentCount=100000,1,Workload,Actual,9,588778465,1024,574978.97,9,0,0,37984
PrefixQueryBenchmarks.LeanCorpus_PrefixQuery,Rowles.LeanCorpus.Benchmarks,PrefixQueryBenchmarks,LeanCorpus_PrefixQuery,DefaultJob,Default,Default,Default,Default,Default,Default,Default,Default,Default,Default,Default,Default,Default,Default,Default,Default,Default,Default,Default,Default,Default,Default,Default,Default,Default,Default,Default,Default,Default,Default,Default,Default,Default,Default,Default,Default,Default,Default,Default,Default,Default,DefaultJob,QueryPrefix=pres&DocumentCount=100000,1,Workload,Actual,10,589108389,1024,575301.16,9,0,0,37984
PrefixQueryBenchmarks.LeanCorpus_PrefixQuery,Rowles.LeanCorpus.Benchmarks,PrefixQueryBenchmarks,LeanCorpus_PrefixQuery,DefaultJob,Default,Default,Default,Default,Default,Default,Default,Default,Default,Default,Default,Default,Default,Default,Default,Default,Default,Default,Default,Default,Default,Default,Default,Default,Default,Default,Default,Default,Default,Default,Default,Default,Default,Default,Default,Default,Default,Default,Default,Default,Default,DefaultJob,QueryPrefix=pres&DocumentCount=100000,1,Workload,Actual,11,590435323,1024,576597,9,0,0,37984
PrefixQueryBenchmarks.LeanCorpus_PrefixQuery,Rowles.LeanCorpus.Benchmarks,PrefixQueryBenchmarks,LeanCorpus_PrefixQuery,DefaultJob,Default,Default,Default,Default,Default,Default,Default,Default,Default,Default,Default,Default,Default,Default,Default,Default,Default,Default,Default,Default,Default,Default,Default,Default,Default,Default,Default,Default,Default,Default,Default,Default,Default,Default,Default,Default,Default,Default,Default,Default,Default,DefaultJob,QueryPrefix=pres&DocumentCount=100000,1,Workload,Actual,12,589451542,1024,575636.27,9,0,0,37984
PrefixQueryBenchmarks.LeanCorpus_PrefixQuery,Rowles.LeanCorpus.Benchmarks,PrefixQueryBenchmarks,LeanCorpus_PrefixQuery,DefaultJob,Default,Default,Default,Default,Default,Default,Default,Default,Default,Default,Default,Default,Default,Default,Default,Default,Default,Default,Default,Default,Default,Default,Default,Default,Default,Default,Default,Default,Default,Default,Default,Default,Default,Default,Default,Default,Default,Default,Default,Default,Default,DefaultJob,QueryPrefix=pres&DocumentCount=100000,1,Workload,Actual,13,589018407,1024,575213.29,9,0,0,37984
PrefixQueryBenchmarks.LeanCorpus_PrefixQuery,Rowles.LeanCorpus.Benchmarks,PrefixQueryBenchmarks,LeanCorpus_PrefixQuery,DefaultJob,Default,Default,Default,Default,Default,Default,Default,Default,Default,Default,Default,Default,Default,Default,Default,Default,Default,Default,Default,Default,Default,Default,Default,Default,Default,Default,Default,Default,Default,Default,Default,Default,Default,Default,Default,Default,Default,Default,Default,Default,Default,DefaultJob,QueryPrefix=pres&DocumentCount=100000,1,Workload,Actual,14,589574669,1024,575756.51,9,0,0,37984
PrefixQueryBenchmarks.LeanCorpus_PrefixQuery,Rowles.LeanCorpus.Benchmarks,PrefixQueryBenchmarks,LeanCorpus_PrefixQuery,DefaultJob,Default,Default,Default,Default,Default,Default,Default,Default,Default,Default,Default,Default,Default,Default,Default,Default,Default,Default,Default,Default,Default,Default,Default,Default,Default,Default,Default,Default,Default,Default,Default,Default,Default,Default,Default,Default,Default,Default,Default,Default,Default,DefaultJob,QueryPrefix=pres&DocumentCount=100000,1,Workload,Actual,15,589376452,1024,575562.94,9,0,0,37984
PrefixQueryBenchmarks.LeanCorpus_PrefixQuery,Rowles.LeanCorpus.Benchmarks,PrefixQueryBenchmarks,LeanCorpus_PrefixQuery,DefaultJob,Default,Default,Default,Default,Default,Default,Default,Default,Default,Default,Default,Default,Default,Default,Default,Default,Default,Default,Default,Default,Default,Default,Default,Default,Default,Default,Default,Default,Default,Default,Default,Default,Default,Default,Default,Default,Default,Default,Default,Default,Default,DefaultJob,QueryPrefix=pres&DocumentCount=100000,1,Workload,Extra,1,588303657,1024,574515.29,9,0,0,37984
PrefixQueryBenchmarks.LeanCorpus_PrefixQuery,Rowles.LeanCorpus.Benchmarks,PrefixQueryBenchmarks,LeanCorpus_PrefixQuery,DefaultJob,Default,Default,Default,Default,Default,Default,Default,Default,Default,Default,Default,Default,Default,Default,Default,Default,Default,Default,Default,Default,Default,Default,Default,Default,Default,Default,Default,Default,Default,Default,Default,Default,Default,Default,Default,Default,Default,Default,Default,Default,Default,DefaultJob,QueryPrefix=pres&DocumentCount=100000,1,Workload,Result,1,584523559,1024,570823.79,9,0,0,37984
PrefixQueryBenchmarks.LeanCorpus_PrefixQuery,Rowles.LeanCorpus.Benchmarks,PrefixQueryBenchmarks,LeanCorpus_PrefixQuery,DefaultJob,Default,Default,Default,Default,Default,Default,Default,Default,Default,Default,Default,Default,Default,Default,Default,Default,Default,Default,Default,Default,Default,Default,Default,Default,Default,Default,Default,Default,Default,Default,Default,Default,Default,Default,Default,Default,Default,Default,Default,Default,Default,DefaultJob,QueryPrefix=pres&DocumentCount=100000,1,Workload,Result,2,586794660,1024,573041.66,9,0,0,37984
PrefixQueryBenchmarks.LeanCorpus_PrefixQuery,Rowles.LeanCorpus.Benchmarks,PrefixQueryBenchmarks,LeanCorpus_PrefixQuery,DefaultJob,Default,Default,Default,Default,Default,Default,Default,Default,Default,Default,Default,Default,Default,Default,Default,Default,Default,Default,Default,Default,Default,Default,Default,Default,Default,Default,Default,Default,Default,Default,Default,Default,Default,Default,Default,Default,Default,Default,Default,Default,Default,DefaultJob,QueryPrefix=pres&DocumentCount=100000,1,Workload,Result,3,589457109,1024,575641.71,9,0,0,37984
PrefixQueryBenchmarks.LeanCorpus_PrefixQuery,Rowles.LeanCorpus.Benchmarks,PrefixQueryBenchmarks,LeanCorpus_PrefixQuery,DefaultJob,Default,Default,Default,Default,Default,Default,Default,Default,Default,Default,Default,Default,Default,Default,Default,Default,Default,Default,Default,Default,Default,Default,Default,Default,Default,Default,Default,Default,Default,Default,Default,Default,Default,Default,Default,Default,Default,Default,Default,Default,Default,DefaultJob,QueryPrefix=pres&DocumentCount=100000,1,Workload,Result,4,583657576,1024,569978.1,9,0,0,37984
PrefixQueryBenchmarks.LeanCorpus_PrefixQuery,Rowles.LeanCorpus.Benchmarks,PrefixQueryBenchmarks,LeanCorpus_PrefixQuery,DefaultJob,Default,Default,Default,Default,Default,Default,Default,Default,Default,Default,Default,Default,Default,Default,Default,Default,Default,Default,Default,Default,Default,Default,Default,Default,Default,Default,Default,Default,Default,Default,Default,Default,Default,Default,Default,Default,Default,Default,Default,Default,Default,DefaultJob,QueryPrefix=pres&DocumentCount=100000,1,Workload,Result,5,580153938,1024,566556.58,9,0,0,37984
PrefixQueryBenchmarks.LeanCorpus_PrefixQuery,Rowles.LeanCorpus.Benchmarks,PrefixQueryBenchmarks,LeanCorpus_PrefixQuery,DefaultJob,Default,Default,Default,Default,Default,Default,Default,Default,Default,Default,Default,Default,Default,Default,Default,Default,Default,Default,Default,Default,Default,Default,Default,Default,Default,Default,Default,Default,Default,Default,Default,Default,Default,Default,Default,Default,Default,Default,Default,Default,Default,DefaultJob,QueryPrefix=pres&DocumentCount=100000,1,Workload,Result,6,588176920,1024,574391.52,9,0,0,37984
PrefixQueryBenchmarks.LeanCorpus_PrefixQuery,Rowles.LeanCorpus.Benchmarks,PrefixQueryBenchmarks,LeanCorpus_PrefixQuery,DefaultJob,Default,Default,Default,Default,Default,Default,Default,Default,Default,Default,Default,Default,Default,Default,Default,Default,Default,Default,Default,Default,Default,Default,Default,Default,Default,Default,Default,Default,Default,Default,Default,Default,Default,Default,Default,Default,Default,Default,Default,Default,Default,DefaultJob,QueryPrefix=pres&DocumentCount=100000,1,Workload,Result,7,588935757,1024,575132.58,9,0,0,37984
PrefixQueryBenchmarks.LeanCorpus_PrefixQuery,Rowles.LeanCorpus.Benchmarks,PrefixQueryBenchmarks,LeanCorpus_PrefixQuery,DefaultJob,Default,Default,Default,Default,Default,Default,Default,Default,Default,Default,Default,Default,Default,Default,Default,Default,Default,Default,Default,Default,Default,Default,Default,Default,Default,Default,Default,Default,Default,Default,Default,Default,Default,Default,Default,Default,Default,Default,Default,Default,Default,DefaultJob,QueryPrefix=pres&DocumentCount=100000,1,Workload,Result,8,589528993,1024,575711.91,9,0,0,37984
PrefixQueryBenchmarks.LeanCorpus_PrefixQuery,Rowles.LeanCorpus.Benchmarks,PrefixQueryBenchmarks,LeanCorpus_PrefixQuery,DefaultJob,Default,Default,Default,Default,Default,Default,Default,Default,Default,Default,Default,Default,Default,Default,Default,Default,Default,Default,Default,Default,Default,Default,Default,Default,Default,Default,Default,Default,Default,Default,Default,Default,Default,Default,Default,Default,Default,Default,Default,Default,Default,DefaultJob,QueryPrefix=pres&DocumentCount=100000,1,Workload,Result,9,588778465,1024,574978.97,9,0,0,37984
PrefixQueryBenchmarks.LeanCorpus_PrefixQuery,Rowles.LeanCorpus.Benchmarks,PrefixQueryBenchmarks,LeanCorpus_PrefixQuery,DefaultJob,Default,Default,Default,Default,Default,Default,Default,Default,Default,Default,Default,Default,Default,Default,Default,Default,Default,Default,Default,Default,Default,Default,Default,Default,Default,Default,Default,Default,Default,Default,Default,Default,Default,Default,Default,Default,Default,Default,Default,Default,Default,DefaultJob,QueryPrefix=pres&DocumentCount=100000,1,Workload,Result,10,589108389,1024,575301.16,9,0,0,37984
PrefixQueryBenchmarks.LeanCorpus_PrefixQuery,Rowles.LeanCorpus.Benchmarks,PrefixQueryBenchmarks,LeanCorpus_PrefixQuery,DefaultJob,Default,Default,Default,Default,Default,Default,Default,Default,Default,Default,Default,Default,Default,Default,Default,Default,Default,Default,Default,Default,Default,Default,Default,Default,Default,Default,Default,Default,Default,Default,Default,Default,Default,Default,Default,Default,Default,Default,Default,Default,Default,DefaultJob,QueryPrefix=pres&DocumentCount=100000,1,Workload,Result,11,590435323,1024,576597,9,0,0,37984
PrefixQueryBenchmarks.LeanCorpus_PrefixQuery,Rowles.LeanCorpus.Benchmarks,PrefixQueryBenchmarks,LeanCorpus_PrefixQuery,DefaultJob,Default,Default,Default,Default,Default,Default,Default,Default,Default,Default,Default,Default,Default,Default,Default,Default,Default,Default,Default,Default,Default,Default,Default,Default,Default,Default,Default,Default,Default,Default,Default,Default,Default,Default,Default,Default,Default,Default,Default,Default,Default,DefaultJob,QueryPrefix=pres&DocumentCount=100000,1,Workload,Result,12,589451542,1024,575636.27,9,0,0,37984
PrefixQueryBenchmarks.LeanCorpus_PrefixQuery,Rowles.LeanCorpus.Benchmarks,PrefixQueryBenchmarks,LeanCorpus_PrefixQuery,DefaultJob,Default,Default,Default,Default,Default,Default,Default,Default,Default,Default,Default,Default,Default,Default,Default,Default,Default,Default,Default,Default,Default,Default,Default,Default,Default,Default,Default,Default,Default,Default,Default,Default,Default,Default,Default,Default,Default,Default,Default,Default,Default,DefaultJob,QueryPrefix=pres&DocumentCount=100000,1,Workload,Result,13,589018407,1024,575213.29,9,0,0,37984
PrefixQueryBenchmarks.LeanCorpus_PrefixQuery,Rowles.LeanCorpus.Benchmarks,PrefixQueryBenchmarks,LeanCorpus_PrefixQuery,DefaultJob,Default,Default,Default,Default,Default,Default,Default,Default,Default,Default,Default,Default,Default,Default,Default,Default,Default,Default,Default,Default,Default,Default,Default,Default,Default,Default,Default,Default,Default,Default,Default,Default,Default,Default,Default,Default,Default,Default,Default,Default,Default,DefaultJob,QueryPrefix=pres&DocumentCount=100000,1,Workload,Result,14,589574669,1024,575756.51,9,0,0,37984
PrefixQueryBenchmarks.LeanCorpus_PrefixQuery,Rowles.LeanCorpus.Benchmarks,PrefixQueryBenchmarks,LeanCorpus_PrefixQuery,DefaultJob,Default,Default,Default,Default,Default,Default,Default,Default,Default,Default,Default,Default,Default,Default,Default,Default,Default,Default,Default,Default,Default,Default,Default,Default,Default,Default,Default,Default,Default,Default,Default,Default,Default,Default,Default,Default,Default,Default,Default,Default,Default,DefaultJob,QueryPrefix=pres&DocumentCount=100000,1,Workload,Result,15,589376452,1024,575562.94,9,0,0,37984
PrefixQueryBenchmarks.LuceneNet_PrefixQuery,Rowles.LeanCorpus.Benchmarks,PrefixQueryBenchmarks,LuceneNet_PrefixQuery,DefaultJob,Default,Default,Default,Default,Default,Default,Default,Default,Default,Default,Default,Default,Default,Default,Default,Default,Default,Default,Default,Default,Default,Default,Default,Default,Default,Default,Default,Default,Default,Default,Default,Default,Default,Default,Default,Default,Default,Default,Default,Default,Default,DefaultJob,QueryPrefix=pres&DocumentCount=100000,1,Workload,Jitting,1,40124657,1,40124657,30,1,0,125722
PrefixQueryBenchmarks.LuceneNet_PrefixQuery,Rowles.LeanCorpus.Benchmarks,PrefixQueryBenchmarks,LuceneNet_PrefixQuery,DefaultJob,Default,Default,Default,Default,Default,Default,Default,Default,Default,Default,Default,Default,Default,Default,Default,Default,Default,Default,Default,Default,Default,Default,Default,Default,Default,Default,Default,Default,Default,Default,Default,Default,Default,Default,Default,Default,Default,Default,Default,Default,Default,DefaultJob,QueryPrefix=pres&DocumentCount=100000,1,Workload,Jitting,2,97337542,30,3244584.73,30,1,0,125722
PrefixQueryBenchmarks.LuceneNet_PrefixQuery,Rowles.LeanCorpus.Benchmarks,PrefixQueryBenchmarks,LuceneNet_PrefixQuery,DefaultJob,Default,Default,Default,Default,Default,Default,Default,Default,Default,Default,Default,Default,Default,Default,Default,Default,Default,Default,Default,Default,Default,Default,Default,Default,Default,Default,Default,Default,Default,Default,Default,Default,Default,Default,Default,Default,Default,Default,Default,Default,Default,DefaultJob,QueryPrefix=pres&DocumentCount=100000,1,Workload,Jitting,3,34595238,30,1153174.6,30,1,0,125722
PrefixQueryBenchmarks.LuceneNet_PrefixQuery,Rowles.LeanCorpus.Benchmarks,PrefixQueryBenchmarks,LuceneNet_PrefixQuery,DefaultJob,Default,Default,Default,Default,Default,Default,Default,Default,Default,Default,Default,Default,Default,Default,Default,Default,Default,Default,Default,Default,Default,Default,Default,Default,Default,Default,Default,Default,Default,Default,Default,Default,Default,Default,Default,Default,Default,Default,Default,Default,Default,DefaultJob,QueryPrefix=pres&DocumentCount=100000,1,Workload,Jitting,4,24196427,30,806547.57,30,1,0,125722
PrefixQueryBenchmarks.LuceneNet_PrefixQuery,Rowles.LeanCorpus.Benchmarks,PrefixQueryBenchmarks,LuceneNet_PrefixQuery,DefaultJob,Default,Default,Default,Default,Default,Default,Default,Default,Default,Default,Default,Default,Default,Default,Default,Default,Default,Default,Default,Default,Default,Default,Default,Default,Default,Default,Default,Default,Default,Default,Default,Default,Default,Default,Default,Default,Default,Default,Default,Default,Default,DefaultJob,QueryPrefix=pres&DocumentCount=100000,1,Workload,Jitting,5,640191,1,640191,30,1,0,125722
PrefixQueryBenchmarks.LuceneNet_PrefixQuery,Rowles.LeanCorpus.Benchmarks,PrefixQueryBenchmarks,LuceneNet_PrefixQuery,DefaultJob,Default,Default,Default,Default,Default,Default,Default,Default,Default,Default,Default,Default,Default,Default,Default,Default,Default,Default,Default,Default,Default,Default,Default,Default,Default,Default,Default,Default,Default,Default,Default,Default,Default,Default,Default,Default,Default,Default,Default,Default,Default,DefaultJob,QueryPrefix=pres&DocumentCount=100000,1,Workload,Pilot,1,789266,1,789266,30,1,0,125722
PrefixQueryBenchmarks.LuceneNet_PrefixQuery,Rowles.LeanCorpus.Benchmarks,PrefixQueryBenchmarks,LuceneNet_PrefixQuery,DefaultJob,Default,Default,Default,Default,Default,Default,Default,Default,Default,Default,Default,Default,Default,Default,Default,Default,Default,Default,Default,Default,Default,Default,Default,Default,Default,Default,Default,Default,Default,Default,Default,Default,Default,Default,Default,Default,Default,Default,Default,Default,Default,DefaultJob,QueryPrefix=pres&DocumentCount=100000,1,Workload,Pilot,1,18112671,16,1132041.94,30,1,0,125722
PrefixQueryBenchmarks.LuceneNet_PrefixQuery,Rowles.LeanCorpus.Benchmarks,PrefixQueryBenchmarks,LuceneNet_PrefixQuery,DefaultJob,Default,Default,Default,Default,Default,Default,Default,Default,Default,Default,Default,Default,Default,Default,Default,Default,Default,Default,Default,Default,Default,Default,Default,Default,Default,Default,Default,Default,Default,Default,Default,Default,Default,Default,Default,Default,Default,Default,Default,Default,Default,DefaultJob,QueryPrefix=pres&DocumentCount=100000,1,Workload,Pilot,2,33329946,32,1041560.81,30,1,0,125722
PrefixQueryBenchmarks.LuceneNet_PrefixQuery,Rowles.LeanCorpus.Benchmarks,PrefixQueryBenchmarks,LuceneNet_PrefixQuery,DefaultJob,Default,Default,Default,Default,Default,Default,Default,Default,Default,Default,Default,Default,Default,Default,Default,Default,Default,Default,Default,Default,Default,Default,Default,Default,Default,Default,Default,Default,Default,Default,Default,Default,Default,Default,Default,Default,Default,Default,Default,Default,Default,DefaultJob,QueryPrefix=pres&DocumentCount=100000,1,Workload,Pilot,3,44166015,64,690093.98,30,1,0,125722
PrefixQueryBenchmarks.LuceneNet_PrefixQuery,Rowles.LeanCorpus.Benchmarks,PrefixQueryBenchmarks,LuceneNet_PrefixQuery,DefaultJob,Default,Default,Default,Default,Default,Default,Default,Default,Default,Default,Default,Default,Default,Default,Default,Default,Default,Default,Default,Default,Default,Default,Default,Default,Default,Default,Default,Default,Default,Default,Default,Default,Default,Default,Default,Default,Default,Default,Default,Default,Default,DefaultJob,QueryPrefix=pres&DocumentCount=100000,1,Workload,Pilot,4,68401532,128,534386.97,30,1,0,125722
PrefixQueryBenchmarks.LuceneNet_PrefixQuery,Rowles.LeanCorpus.Benchmarks,PrefixQueryBenchmarks,LuceneNet_PrefixQuery,DefaultJob,Default,Default,Default,Default,Default,Default,Default,Default,Default,Default,Default,Default,Default,Default,Default,Default,Default,Default,Default,Default,Default,Default,Default,Default,Default,Default,Default,Default,Default,Default,Default,Default,Default,Default,Default,Default,Default,Default,Default,Default,Default,DefaultJob,QueryPrefix=pres&DocumentCount=100000,1,Workload,Pilot,5,133748214,256,522453.96,30,1,0,125722
PrefixQueryBenchmarks.LuceneNet_PrefixQuery,Rowles.LeanCorpus.Benchmarks,PrefixQueryBenchmarks,LuceneNet_PrefixQuery,DefaultJob,Default,Default,Default,Default,Default,Default,Default,Default,Default,Default,Default,Default,Default,Default,Default,Default,Default,Default,Default,Default,Default,Default,Default,Default,Default,Default,Default,Default,Default,Default,Default,Default,Default,Default,Default,Default,Default,Default,Default,Default,Default,DefaultJob,QueryPrefix=pres&DocumentCount=100000,1,Workload,Pilot,6,268393152,512,524205.38,30,1,0,125722
PrefixQueryBenchmarks.LuceneNet_PrefixQuery,Rowles.LeanCorpus.Benchmarks,PrefixQueryBenchmarks,LuceneNet_PrefixQuery,DefaultJob,Default,Default,Default,Default,Default,Default,Default,Default,Default,Default,Default,Default,Default,Default,Default,Default,Default,Default,Default,Default,Default,Default,Default,Default,Default,Default,Default,Default,Default,Default,Default,Default,Default,Default,Default,Default,Default,Default,Default,Default,Default,DefaultJob,QueryPrefix=pres&DocumentCount=100000,1,Workload,Pilot,7,537996963,1024,525387.66,30,1,0,125722
PrefixQueryBenchmarks.LuceneNet_PrefixQuery,Rowles.LeanCorpus.Benchmarks,PrefixQueryBenchmarks,LuceneNet_PrefixQuery,DefaultJob,Default,Default,Default,Default,Default,Default,Default,Default,Default,Default,Default,Default,Default,Default,Default,Default,Default,Default,Default,Default,Default,Default,Default,Default,Default,Default,Default,Default,Default,Default,Default,Default,Default,Default,Default,Default,Default,Default,Default,Default,Default,DefaultJob,QueryPrefix=pres&DocumentCount=100000,1,Workload,Warmup,1,536949961,1024,524365.2,30,1,0,125722
PrefixQueryBenchmarks.LuceneNet_PrefixQuery,Rowles.LeanCorpus.Benchmarks,PrefixQueryBenchmarks,LuceneNet_PrefixQuery,DefaultJob,Default,Default,Default,Default,Default,Default,Default,Default,Default,Default,Default,Default,Default,Default,Default,Default,Default,Default,Default,Default,Default,Default,Default,Default,Default,Default,Default,Default,Default,Default,Default,Default,Default,Default,Default,Default,Default,Default,Default,Default,Default,DefaultJob,QueryPrefix=pres&DocumentCount=100000,1,Workload,Warmup,2,535872769,1024,523313.25,30,1,0,125722
PrefixQueryBenchmarks.LuceneNet_PrefixQuery,Rowles.LeanCorpus.Benchmarks,PrefixQueryBenchmarks,LuceneNet_PrefixQuery,DefaultJob,Default,Default,Default,Default,Default,Default,Default,Default,Default,Default,Default,Default,Default,Default,Default,Default,Default,Default,Default,Default,Default,Default,Default,Default,Default,Default,Default,Default,Default,Default,Default,Default,Default,Default,Default,Default,Default,Default,Default,Default,Default,DefaultJob,QueryPrefix=pres&DocumentCount=100000,1,Workload,Warmup,3,536832874,1024,524250.85,30,1,0,125722
PrefixQueryBenchmarks.LuceneNet_PrefixQuery,Rowles.LeanCorpus.Benchmarks,PrefixQueryBenchmarks,LuceneNet_PrefixQuery,DefaultJob,Default,Default,Default,Default,Default,Default,Default,Default,Default,Default,Default,Default,Default,Default,Default,Default,Default,Default,Default,Default,Default,Default,Default,Default,Default,Default,Default,Default,Default,Default,Default,Default,Default,Default,Default,Default,Default,Default,Default,Default,Default,DefaultJob,QueryPrefix=pres&DocumentCount=100000,1,Workload,Warmup,4,536760004,1024,524179.69,30,1,0,125722
PrefixQueryBenchmarks.LuceneNet_PrefixQuery,Rowles.LeanCorpus.Benchmarks,PrefixQueryBenchmarks,LuceneNet_PrefixQuery,DefaultJob,Default,Default,Default,Default,Default,Default,Default,Default,Default,Default,Default,Default,Default,Default,Default,Default,Default,Default,Default,Default,Default,Default,Default,Default,Default,Default,Default,Default,Default,Default,Default,Default,Default,Default,Default,Default,Default,Default,Default,Default,Default,DefaultJob,QueryPrefix=pres&DocumentCount=100000,1,Workload,Warmup,5,537430217,1024,524834.2,30,1,0,125722
PrefixQueryBenchmarks.LuceneNet_PrefixQuery,Rowles.LeanCorpus.Benchmarks,PrefixQueryBenchmarks,LuceneNet_PrefixQuery,DefaultJob,Default,Default,Default,Default,Default,Default,Default,Default,Default,Default,Default,Default,Default,Default,Default,Default,Default,Default,Default,Default,Default,Default,Default,Default,Default,Default,Default,Default,Default,Default,Default,Default,Default,Default,Default,Default,Default,Default,Default,Default,Default,DefaultJob,QueryPrefix=pres&DocumentCount=100000,1,Workload,Warmup,6,535904499,1024,523344.24,30,1,0,125722
PrefixQueryBenchmarks.LuceneNet_PrefixQuery,Rowles.LeanCorpus.Benchmarks,PrefixQueryBenchmarks,LuceneNet_PrefixQuery,DefaultJob,Default,Default,Default,Default,Default,Default,Default,Default,Default,Default,Default,Default,Default,Default,Default,Default,Default,Default,Default,Default,Default,Default,Default,Default,Default,Default,Default,Default,Default,Default,Default,Default,Default,Default,Default,Default,Default,Default,Default,Default,Default,DefaultJob,QueryPrefix=pres&DocumentCount=100000,1,Workload,Actual,1,535493216,1024,522942.59,30,1,0,125722
PrefixQueryBenchmarks.LuceneNet_PrefixQuery,Rowles.LeanCorpus.Benchmarks,PrefixQueryBenchmarks,LuceneNet_PrefixQuery,DefaultJob,Default,Default,Default,Default,Default,Default,Default,Default,Default,Default,Default,Default,Default,Default,Default,Default,Default,Default,Default,Default,Default,Default,Default,Default,Default,Default,Default,Default,Default,Default,Default,Default,Default,Default,Default,Default,Default,Default,Default,Default,Default,DefaultJob,QueryPrefix=pres&DocumentCount=100000,1,Workload,Actual,2,532630687,1024,520147.16,30,1,0,125722
PrefixQueryBenchmarks.LuceneNet_PrefixQuery,Rowles.LeanCorpus.Benchmarks,PrefixQueryBenchmarks,LuceneNet_PrefixQuery,DefaultJob,Default,Default,Default,Default,Default,Default,Default,Default,Default,Default,Default,Default,Default,Default,Default,Default,Default,Default,Default,Default,Default,Default,Default,Default,Default,Default,Default,Default,Default,Default,Default,Default,Default,Default,Default,Default,Default,Default,Default,Default,Default,DefaultJob,QueryPrefix=pres&DocumentCount=100000,1,Workload,Actual,3,539582939,1024,526936.46,30,1,0,125722
PrefixQueryBenchmarks.LuceneNet_PrefixQuery,Rowles.LeanCorpus.Benchmarks,PrefixQueryBenchmarks,LuceneNet_PrefixQuery,DefaultJob,Default,Default,Default,Default,Default,Default,Default,Default,Default,Default,Default,Default,Default,Default,Default,Default,Default,Default,Default,Default,Default,Default,Default,Default,Default,Default,Default,Default,Default,Default,Default,Default,Default,Default,Default,Default,Default,Default,Default,Default,Default,DefaultJob,QueryPrefix=pres&DocumentCount=100000,1,Workload,Actual,4,537457722,1024,524861.06,30,1,0,125722
PrefixQueryBenchmarks.LuceneNet_PrefixQuery,Rowles.LeanCorpus.Benchmarks,PrefixQueryBenchmarks,LuceneNet_PrefixQuery,DefaultJob,Default,Default,Default,Default,Default,Default,Default,Default,Default,Default,Default,Default,Default,Default,Default,Default,Default,Default,Default,Default,Default,Default,Default,Default,Default,Default,Default,Default,Default,Default,Default,Default,Default,Default,Default,Default,Default,Default,Default,Default,Default,DefaultJob,QueryPrefix=pres&DocumentCount=100000,1,Workload,Actual,5,538619398,1024,525995.51,30,1,0,125722
PrefixQueryBenchmarks.LuceneNet_PrefixQuery,Rowles.LeanCorpus.Benchmarks,PrefixQueryBenchmarks,LuceneNet_PrefixQuery,DefaultJob,Default,Default,Default,Default,Default,Default,Default,Default,Default,Default,Default,Default,Default,Default,Default,Default,Default,Default,Default,Default,Default,Default,Default,Default,Default,Default,Default,Default,Default,Default,Default,Default,Default,Default,Default,Default,Default,Default,Default,Default,Default,DefaultJob,QueryPrefix=pres&DocumentCount=100000,1,Workload,Actual,6,538210501,1024,525596.19,30,1,0,125722
PrefixQueryBenchmarks.LuceneNet_PrefixQuery,Rowles.LeanCorpus.Benchmarks,PrefixQueryBenchmarks,LuceneNet_PrefixQuery,DefaultJob,Default,Default,Default,Default,Default,Default,Default,Default,Default,Default,Default,Default,Default,Default,Default,Default,Default,Default,Default,Default,Default,Default,Default,Default,Default,Default,Default,Default,Default,Default,Default,Default,Default,Default,Default,Default,Default,Default,Default,Default,Default,DefaultJob,QueryPrefix=pres&DocumentCount=100000,1,Workload,Actual,7,538019976,1024,525410.13,30,1,0,125722
PrefixQueryBenchmarks.LuceneNet_PrefixQuery,Rowles.LeanCorpus.Benchmarks,PrefixQueryBenchmarks,LuceneNet_PrefixQuery,DefaultJob,Default,Default,Default,Default,Default,Default,Default,Default,Default,Default,Default,Default,Default,Default,Default,Default,Default,Default,Default,Default,Default,Default,Default,Default,Default,Default,Default,Default,Default,Default,Default,Default,Default,Default,Default,Default,Default,Default,Default,Default,Default,DefaultJob,QueryPrefix=pres&DocumentCount=100000,1,Workload,Actual,8,534549626,1024,522021.12,30,1,0,125722
PrefixQueryBenchmarks.LuceneNet_PrefixQuery,Rowles.LeanCorpus.Benchmarks,PrefixQueryBenchmarks,LuceneNet_PrefixQuery,DefaultJob,Default,Default,Default,Default,Default,Default,Default,Default,Default,Default,Default,Default,Default,Default,Default,Default,Default,Default,Default,Default,Default,Default,Default,Default,Default,Default,Default,Default,Default,Default,Default,Default,Default,Default,Default,Default,Default,Default,Default,Default,Default,DefaultJob,QueryPrefix=pres&DocumentCount=100000,1,Workload,Actual,9,540220072,1024,527558.66,30,1,0,125722
PrefixQueryBenchmarks.LuceneNet_PrefixQuery,Rowles.LeanCorpus.Benchmarks,PrefixQueryBenchmarks,LuceneNet_PrefixQuery,DefaultJob,Default,Default,Default,Default,Default,Default,Default,Default,Default,Default,Default,Default,Default,Default,Default,Default,Default,Default,Default,Default,Default,Default,Default,Default,Default,Default,Default,Default,Default,Default,Default,Default,Default,Default,Default,Default,Default,Default,Default,Default,Default,DefaultJob,QueryPrefix=pres&DocumentCount=100000,1,Workload,Actual,10,536714698,1024,524135.45,30,1,0,125722
PrefixQueryBenchmarks.LuceneNet_PrefixQuery,Rowles.LeanCorpus.Benchmarks,PrefixQueryBenchmarks,LuceneNet_PrefixQuery,DefaultJob,Default,Default,Default,Default,Default,Default,Default,Default,Default,Default,Default,Default,Default,Default,Default,Default,Default,Default,Default,Default,Default,Default,Default,Default,Default,Default,Default,Default,Default,Default,Default,Default,Default,Default,Default,Default,Default,Default,Default,Default,Default,DefaultJob,QueryPrefix=pres&DocumentCount=100000,1,Workload,Actual,11,538103756,1024,525491.95,30,1,0,125722
PrefixQueryBenchmarks.LuceneNet_PrefixQuery,Rowles.LeanCorpus.Benchmarks,PrefixQueryBenchmarks,LuceneNet_PrefixQuery,DefaultJob,Default,Default,Default,Default,Default,Default,Default,Default,Default,Default,Default,Default,Default,Default,Default,Default,Default,Default,Default,Default,Default,Default,Default,Default,Default,Default,Default,Default,Default,Default,Default,Default,Default,Default,Default,Default,Default,Default,Default,Default,Default,DefaultJob,QueryPrefix=pres&DocumentCount=100000,1,Workload,Actual,12,538545128,1024,525922.98,30,1,0,125722
PrefixQueryBenchmarks.LuceneNet_PrefixQuery,Rowles.LeanCorpus.Benchmarks,PrefixQueryBenchmarks,LuceneNet_PrefixQuery,DefaultJob,Default,Default,Default,Default,Default,Default,Default,Default,Default,Default,Default,Default,Default,Default,Default,Default,Default,Default,Default,Default,Default,Default,Default,Default,Default,Default,Default,Default,Default,Default,Default,Default,Default,Default,Default,Default,Default,Default,Default,Default,Default,DefaultJob,QueryPrefix=pres&DocumentCount=100000,1,Workload,Actual,13,539484064,1024,526839.91,30,1,0,125722
PrefixQueryBenchmarks.LuceneNet_PrefixQuery,Rowles.LeanCorpus.Benchmarks,PrefixQueryBenchmarks,LuceneNet_PrefixQuery,DefaultJob,Default,Default,Default,Default,Default,Default,Default,Default,Default,Default,Default,Default,Default,Default,Default,Default,Default,Default,Default,Default,Default,Default,Default,Default,Default,Default,Default,Default,Default,Default,Default,Default,Default,Default,Default,Default,Default,Default,Default,Default,Default,DefaultJob,QueryPrefix=pres&DocumentCount=100000,1,Workload,Actual,14,537716642,1024,525113.91,30,1,0,125722
PrefixQueryBenchmarks.LuceneNet_PrefixQuery,Rowles.LeanCorpus.Benchmarks,PrefixQueryBenchmarks,LuceneNet_PrefixQuery,DefaultJob,Default,Default,Default,Default,Default,Default,Default,Default,Default,Default,Default,Default,Default,Default,Default,Default,Default,Default,Default,Default,Default,Default,Default,Default,Default,Default,Default,Default,Default,Default,Default,Default,Default,Default,Default,Default,Default,Default,Default,Default,Default,DefaultJob,QueryPrefix=pres&DocumentCount=100000,1,Workload,Actual,15,538452399,1024,525832.42,30,1,0,125722
PrefixQueryBenchmarks.LuceneNet_PrefixQuery,Rowles.LeanCorpus.Benchmarks,PrefixQueryBenchmarks,LuceneNet_PrefixQuery,DefaultJob,Default,Default,Default,Default,Default,Default,Default,Default,Default,Default,Default,Default,Default,Default,Default,Default,Default,Default,Default,Default,Default,Default,Default,Default,Default,Default,Default,Default,Default,Default,Default,Default,Default,Default,Default,Default,Default,Default,Default,Default,Default,DefaultJob,QueryPrefix=pres&DocumentCount=100000,1,Workload,Extra,1,538850927,1024,526221.61,30,1,0,125722
PrefixQueryBenchmarks.LuceneNet_PrefixQuery,Rowles.LeanCorpus.Benchmarks,PrefixQueryBenchmarks,LuceneNet_PrefixQuery,DefaultJob,Default,Default,Default,Default,Default,Default,Default,Default,Default,Default,Default,Default,Default,Default,Default,Default,Default,Default,Default,Default,Default,Default,Default,Default,Default,Default,Default,Default,Default,Default,Default,Default,Default,Default,Default,Default,Default,Default,Default,Default,Default,DefaultJob,QueryPrefix=pres&DocumentCount=100000,1,Workload,Result,1,535493216,1024,522942.59,30,1,0,125722
PrefixQueryBenchmarks.LuceneNet_PrefixQuery,Rowles.LeanCorpus.Benchmarks,PrefixQueryBenchmarks,LuceneNet_PrefixQuery,DefaultJob,Default,Default,Default,Default,Default,Default,Default,Default,Default,Default,Default,Default,Default,Default,Default,Default,Default,Default,Default,Default,Default,Default,Default,Default,Default,Default,Default,Default,Default,Default,Default,Default,Default,Default,Default,Default,Default,Default,Default,Default,Default,DefaultJob,QueryPrefix=pres&DocumentCount=100000,1,Workload,Result,2,532630687,1024,520147.16,30,1,0,125722
PrefixQueryBenchmarks.LuceneNet_PrefixQuery,Rowles.LeanCorpus.Benchmarks,PrefixQueryBenchmarks,LuceneNet_PrefixQuery,DefaultJob,Default,Default,Default,Default,Default,Default,Default,Default,Default,Default,Default,Default,Default,Default,Default,Default,Default,Default,Default,Default,Default,Default,Default,Default,Default,Default,Default,Default,Default,Default,Default,Default,Default,Default,Default,Default,Default,Default,Default,Default,Default,DefaultJob,QueryPrefix=pres&DocumentCount=100000,1,Workload,Result,3,539582939,1024,526936.46,30,1,0,125722
PrefixQueryBenchmarks.LuceneNet_PrefixQuery,Rowles.LeanCorpus.Benchmarks,PrefixQueryBenchmarks,LuceneNet_PrefixQuery,DefaultJob,Default,Default,Default,Default,Default,Default,Default,Default,Default,Default,Default,Default,Default,Default,Default,Default,Default,Default,Default,Default,Default,Default,Default,Default,Default,Default,Default,Default,Default,Default,Default,Default,Default,Default,Default,Default,Default,Default,Default,Default,Default,DefaultJob,QueryPrefix=pres&DocumentCount=100000,1,Workload,Result,4,537457722,1024,524861.06,30,1,0,125722
PrefixQueryBenchmarks.LuceneNet_PrefixQuery,Rowles.LeanCorpus.Benchmarks,PrefixQueryBenchmarks,LuceneNet_PrefixQuery,DefaultJob,Default,Default,Default,Default,Default,Default,Default,Default,Default,Default,Default,Default,Default,Default,Default,Default,Default,Default,Default,Default,Default,Default,Default,Default,Default,Default,Default,Default,Default,Default,Default,Default,Default,Default,Default,Default,Default,Default,Default,Default,Default,DefaultJob,QueryPrefix=pres&DocumentCount=100000,1,Workload,Result,5,538619398,1024,525995.51,30,1,0,125722
PrefixQueryBenchmarks.LuceneNet_PrefixQuery,Rowles.LeanCorpus.Benchmarks,PrefixQueryBenchmarks,LuceneNet_PrefixQuery,DefaultJob,Default,Default,Default,Default,Default,Default,Default,Default,Default,Default,Default,Default,Default,Default,Default,Default,Default,Default,Default,Default,Default,Default,Default,Default,Default,Default,Default,Default,Default,Default,Default,Default,Default,Default,Default,Default,Default,Default,Default,Default,Default,DefaultJob,QueryPrefix=pres&DocumentCount=100000,1,Workload,Result,6,538210501,1024,525596.19,30,1,0,125722
PrefixQueryBenchmarks.LuceneNet_PrefixQuery,Rowles.LeanCorpus.Benchmarks,PrefixQueryBenchmarks,LuceneNet_PrefixQuery,DefaultJob,Default,Default,Default,Default,Default,Default,Default,Default,Default,Default,Default,Default,Default,Default,Default,Default,Default,Default,Default,Default,Default,Default,Default,Default,Default,Default,Default,Default,Default,Default,Default,Default,Default,Default,Default,Default,Default,Default,Default,Default,Default,DefaultJob,QueryPrefix=pres&DocumentCount=100000,1,Workload,Result,7,538019976,1024,525410.13,30,1,0,125722
PrefixQueryBenchmarks.LuceneNet_PrefixQuery,Rowles.LeanCorpus.Benchmarks,PrefixQueryBenchmarks,LuceneNet_PrefixQuery,DefaultJob,Default,Default,Default,Default,Default,Default,Default,Default,Default,Default,Default,Default,Default,Default,Default,Default,Default,Default,Default,Default,Default,Default,Default,Default,Default,Default,Default,Default,Default,Default,Default,Default,Default,Default,Default,Default,Default,Default,Default,Default,Default,DefaultJob,QueryPrefix=pres&DocumentCount=100000,1,Workload,Result,8,534549626,1024,522021.12,30,1,0,125722
PrefixQueryBenchmarks.LuceneNet_PrefixQuery,Rowles.LeanCorpus.Benchmarks,PrefixQueryBenchmarks,LuceneNet_PrefixQuery,DefaultJob,Default,Default,Default,Default,Default,Default,Default,Default,Default,Default,Default,Default,Default,Default,Default,Default,Default,Default,Default,Default,Default,Default,Default,Default,Default,Default,Default,Default,Default,Default,Default,Default,Default,Default,Default,Default,Default,Default,Default,Default,Default,DefaultJob,QueryPrefix=pres&DocumentCount=100000,1,Workload,Result,9,540220072,1024,527558.66,30,1,0,125722
PrefixQueryBenchmarks.LuceneNet_PrefixQuery,Rowles.LeanCorpus.Benchmarks,PrefixQueryBenchmarks,LuceneNet_PrefixQuery,DefaultJob,Default,Default,Default,Default,Default,Default,Default,Default,Default,Default,Default,Default,Default,Default,Default,Default,Default,Default,Default,Default,Default,Default,Default,Default,Default,Default,Default,Default,Default,Default,Default,Default,Default,Default,Default,Default,Default,Default,Default,Default,Default,DefaultJob,QueryPrefix=pres&DocumentCount=100000,1,Workload,Result,10,536714698,1024,524135.45,30,1,0,125722
PrefixQueryBenchmarks.LuceneNet_PrefixQuery,Rowles.LeanCorpus.Benchmarks,PrefixQueryBenchmarks,LuceneNet_PrefixQuery,DefaultJob,Default,Default,Default,Default,Default,Default,Default,Default,Default,Default,Default,Default,Default,Default,Default,Default,Default,Default,Default,Default,Default,Default,Default,Default,Default,Default,Default,Default,Default,Default,Default,Default,Default,Default,Default,Default,Default,Default,Default,Default,Default,DefaultJob,QueryPrefix=pres&DocumentCount=100000,1,Workload,Result,11,538103756,1024,525491.95,30,1,0,125722
PrefixQueryBenchmarks.LuceneNet_PrefixQuery,Rowles.LeanCorpus.Benchmarks,PrefixQueryBenchmarks,LuceneNet_PrefixQuery,DefaultJob,Default,Default,Default,Default,Default,Default,Default,Default,Default,Default,Default,Default,Default,Default,Default,Default,Default,Default,Default,Default,Default,Default,Default,Default,Default,Default,Default,Default,Default,Default,Default,Default,Default,Default,Default,Default,Default,Default,Default,Default,Default,DefaultJob,QueryPrefix=pres&DocumentCount=100000,1,Workload,Result,12,538545128,1024,525922.98,30,1,0,125722
PrefixQueryBenchmarks.LuceneNet_PrefixQuery,Rowles.LeanCorpus.Benchmarks,PrefixQueryBenchmarks,LuceneNet_PrefixQuery,DefaultJob,Default,Default,Default,Default,Default,Default,Default,Default,Default,Default,Default,Default,Default,Default,Default,Default,Default,Default,Default,Default,Default,Default,Default,Default,Default,Default,Default,Default,Default,Default,Default,Default,Default,Default,Default,Default,Default,Default,Default,Default,Default,DefaultJob,QueryPrefix=pres&DocumentCount=100000,1,Workload,Result,13,539484064,1024,526839.91,30,1,0,125722
PrefixQueryBenchmarks.LuceneNet_PrefixQuery,Rowles.LeanCorpus.Benchmarks,PrefixQueryBenchmarks,LuceneNet_PrefixQuery,DefaultJob,Default,Default,Default,Default,Default,Default,Default,Default,Default,Default,Default,Default,Default,Default,Default,Default,Default,Default,Default,Default,Default,Default,Default,Default,Default,Default,Default,Default,Default,Default,Default,Default,Default,Default,Default,Default,Default,Default,Default,Default,Default,DefaultJob,QueryPrefix=pres&DocumentCount=100000,1,Workload,Result,14,537716642,1024,525113.91,30,1,0,125722
PrefixQueryBenchmarks.LuceneNet_PrefixQuery,Rowles.LeanCorpus.Benchmarks,PrefixQueryBenchmarks,LuceneNet_PrefixQuery,DefaultJob,Default,Default,Default,Default,Default,Default,Default,Default,Default,Default,Default,Default,Default,Default,Default,Default,Default,Default,Default,Default,Default,Default,Default,Default,Default,Default,Default,Default,Default,Default,Default,Default,Default,Default,Default,Default,Default,Default,Default,Default,Default,DefaultJob,QueryPrefix=pres&DocumentCount=100000,1,Workload,Result,15,538452399,1024,525832.42,30,1,0,125722
